global_trial_index,trial_id,method_id,method_source,noise_profile_id,L,SNR,snr_db,profile_id,source_seed,noise_seed,element_trial_hash,applicable,fit_valid,fit_status,selected_source,selected_start_id,angles_hat_deg,RSS,loglik,effective_rank,joint_RMSE_deg,azimuth_RMSE_deg,elevation_RMSE_deg,center_error_deg,axis_error_deg,separation_true_deg,separation_hat_deg,separation_error_deg,separation_vector_error_deg,score_call_count,SVD_call_count,runtime_sec,full_manifold_used_flag,truth_used_in_fit_flag,single_cpi_flag,same_range_doppler_cell_flag,cross_cpi_data_used_flag,tracking_input_used_flag,K_estimated_inside_module_flag
1,VA1_K2_N1_L1_SM6_P1,CORE_LITE,FROZEN_CORE_LITE,WHITE,1,-6,-6,P1,3726074000,3726075000,c220e51b76b510438e4ee5f24ed3b1095d1cbb9a87ed60c0e10efb5bc7892c36,1,1,VALID_FOR_LRT,FIXED_GRID_CORE_LITE,K2_GROUPED_Q1_KQ2,[8 10;8.1999999999999993 10.199999999999999],14.183315668531,-31.3311900845357,2,0.141681308325435,0.100183813884297,0.100183813884297,0.141421356237309,0,0.299999999999999,0.282842712474618,0.0171572875253814,0.0171572875253814,170,386,0.2556974,0,0,1,1,0,0,0
1,VA1_K2_N1_L1_SM6_P1,TANGENT_PROFILE_SAFE,FROZEN_TANGENT_PROFILE,WHITE,1,-6,-6,P1,3726074000,3726075000,c220e51b76b510438e4ee5f24ed3b1095d1cbb9a87ed60c0e10efb5bc7892c36,1,1,KNOWN_K_FIT_VALID,FIXED_GRID_FALLBACK,K2_GROUPED_Q1_KQ2,[8 10;8.1999999999999993 10.199999999999999],14.183315668531,-31.3311900845357,2,0.141681308325435,0.100183813884297,0.100183813884297,0.141421356237309,0,0.299999999999999,0.282842712474618,0.0171572875253814,0.0171572875253814,423,918,5.0476123,0,0,1,1,0,0,0
1,VA1_K2_N1_L1_SM6_P1,VINCENT_ANCHORED_PROJECTOR_AML_SAFE,VINCENT_ANCHORED_AML,WHITE,1,-6,-6,P1,3726074000,3726075000,c220e51b76b510438e4ee5f24ed3b1095d1cbb9a87ed60c0e10efb5bc7892c36,1,1,KNOWN_K_FIT_VALID,FIXED_GRID_FALLBACK,K2_GROUPED_Q1_KQ2,[8 10;8.1999999999999993 10.199999999999999],14.183315668531,-31.3311900845357,2,0.141681308325435,0.100183813884297,0.100183813884297,0.141421356237309,0,0.299999999999999,0.282842712474618,0.0171572875253814,0.0171572875253814,379,895,4.6454229,1,0,1,1,0,0,0
1,VA1_K2_N1_L1_SM6_P1,FULL4D_BEAMSPACE_CML_MULTISTART,FROZEN_CLASSICAL_FULL4D,WHITE,1,-6,-6,P1,3726074000,3726075000,c220e51b76b510438e4ee5f24ed3b1095d1cbb9a87ed60c0e10efb5bc7892c36,1,1,FULL4D_CML_VALID,FULL4D_NUMERICAL_MULTISTART,GRID_PAIR_003_011,[8.0153036248084941 10.051180242428263;8.1093383775224002 10.198943655103559],13.5169125726337,-30.6093205390739,2,0.155070854974328,0.0858524849324383,0.129136830119817,0.139729732753595,12.5278444887203,0.299999999999999,0.175147254741304,0.124852745258695,0.134500138989937,5396,10792,5.3138813,1,0,1,1,0,0,0
2,VA1_K2_N1_L1_SM6_P2,CORE_LITE,FROZEN_CORE_LITE,WHITE,1,-6,-6,P2,3726074001,3726075001,1a1e738854f2670f481f5f4fdf0119e5ea3cb345d3a49b98d481be0da0d81a94,1,1,VALID_FOR_LRT,FIXED_GRID_CORE_LITE,K2_GROUPED_Q2_KQ1_PLUS_KQ1,[8.1999999999999993 10;7.7999999999999998 10.199999999999999],9.69539448620651,-25.624959934037,2,0.264575131106459,0.223606797749979,0.141421356237309,0.223606797749978,26.565051177078,0.199999999999999,0.447213595499957,0.247213595499958,0.282842712474619,148,344,0.1675725,0,0,1,1,0,0,0
2,VA1_K2_N1_L1_SM6_P2,TANGENT_PROFILE_SAFE,FROZEN_TANGENT_PROFILE,WHITE,1,-6,-6,P2,3726074001,3726075001,1a1e738854f2670f481f5f4fdf0119e5ea3cb345d3a49b98d481be0da0d81a94,1,1,KNOWN_K_FIT_VALID,TANGENT_PROFILE_UPGRADE,FISHER_TANGENT_PROFILE_1D,[8.0651212899794693 10.079565667027557;8.0660332265325749 10.079975998263402],9.00997540908907,-24.5251804060923,2,0.185315718663071,0.167267712813103,0.0797710964816448,0.156310137991498,24.225644215955,0.199999999999999,0.000999999999999937,0.198999999999999,0.199088486303848,413,900,4.842223,0,0,1,1,0,0,0
2,VA1_K2_N1_L1_SM6_P2,VINCENT_ANCHORED_PROJECTOR_AML_SAFE,VINCENT_ANCHORED_AML,WHITE,1,-6,-6,P2,3726074001,3726075001,1a1e738854f2670f481f5f4fdf0119e5ea3cb345d3a49b98d481be0da0d81a94,1,1,KNOWN_K_FIT_VALID,VINCENT_ANCHORED_AML_UPGRADE,VINCENT_ANCHORED_PROJECTOR_AML_1D,[7.5825633781662853 9.8624358857444001;7.8974188628679087 10.004106969888872],8.33562928339279,-23.358280455111,2,0.473683957044066,0.463579674699643,0.0973158587605223,0.464823484291345,24.2256442158542,0.199999999999999,0.345260296485657,0.145260296485658,0.182380038514951,390,919,4.7364208,1,0,1,1,0,0,0
2,VA1_K2_N1_L1_SM6_P2,FULL4D_BEAMSPACE_CML_MULTISTART,FROZEN_CLASSICAL_FULL4D,WHITE,1,-6,-6,P2,3726074001,3726075001,1a1e738854f2670f481f5f4fdf0119e5ea3cb345d3a49b98d481be0da0d81a94,1,1,FULL4D_CML_VALID,FULL4D_NUMERICAL_MULTISTART,GRID_PAIR_008_011,[7.4000000000000004 10.007538884119359;7.8920571587325004 10.067976415739956],8.15357505447071,-23.0270425921257,2,0.574932600228938,0.572894999865332,0.0483612855009897,0.555256674887555,7.0023526658446,0.199999999999999,0.495754922001074,0.295754922001075,0.298244998609016,5352,10704,5.4606159,1,0,1,1,0,0,0
3,VA1_K2_N1_L1_SM6_P3,CORE_LITE,FROZEN_CORE_LITE,WHITE,1,-6,-6,P3,3726074002,3726075002,0fe0810a5035505accb3aba4a9c5e7b17e70311f3fe0d23d243e50a4f0e5bcba,1,1,VALID_FOR_LRT,FIXED_GRID_CORE_LITE,K2_GROUPED_Q2_KQ1_PLUS_KQ1,[8 10;8 10.199999999999999],16.3949353681219,-33.5047822929896,2,0.103077640640441,0.0999999999999996,0.0250000000000004,0.0999999999999996,0,0.149999999999999,0.199999999999999,0.0500000000000007,0.0500000000000007,144,340,0.1670215,0,0,1,1,0,0,0
3,VA1_K2_N1_L1_SM6_P3,TANGENT_PROFILE_SAFE,FROZEN_TANGENT_PROFILE,WHITE,1,-6,-6,P3,3726074002,3726075002,0fe0810a5035505accb3aba4a9c5e7b17e70311f3fe0d23d243e50a4f0e5bcba,1,1,KNOWN_K_FIT_VALID,FIXED_GRID_FALLBACK,K2_GROUPED_Q2_KQ1_PLUS_KQ1,[8 10;8 10.199999999999999],16.3949353681219,-33.5047822929896,2,0.103077640640441,0.0999999999999996,0.0250000000000004,0.0999999999999996,0,0.149999999999999,0.199999999999999,0.0500000000000007,0.0500000000000007,325,728,4.8662997,0,0,1,1,0,0,0
3,VA1_K2_N1_L1_SM6_P3,VINCENT_ANCHORED_PROJECTOR_AML_SAFE,VINCENT_ANCHORED_AML,WHITE,1,-6,-6,P3,3726074002,3726075002,0fe0810a5035505accb3aba4a9c5e7b17e70311f3fe0d23d243e50a4f0e5bcba,1,1,KNOWN_K_FIT_VALID,FIXED_GRID_FALLBACK,K2_GROUPED_Q2_KQ1_PLUS_KQ1,[8 10;8 10.199999999999999],16.3949353681219,-33.5047822929896,2,0.103077640640441,0.0999999999999996,0.0250000000000004,0.0999999999999996,0,0.149999999999999,0.199999999999999,0.0500000000000007,0.0500000000000007,325,793,5.132307,1,0,1,1,0,0,0
3,VA1_K2_N1_L1_SM6_P3,FULL4D_BEAMSPACE_CML_MULTISTART,FROZEN_CLASSICAL_FULL4D,WHITE,1,-6,-6,P3,3726074002,3726075002,0fe0810a5035505accb3aba4a9c5e7b17e70311f3fe0d23d243e50a4f0e5bcba,1,1,FULL4D_CML_VALID,FULL4D_NUMERICAL_MULTISTART,GRID_PAIR_003_010,[7.8895377395791426 10;7.8932648793611611 10.199999999999999],12.2921235569576,-29.1845757117568,2,0.026503025705885,0.00879831640524383,0.0250000000000004,0.00859869052984852,1.06762331589317,0.149999999999999,0.200034725912664,0.0500347259126649,0.0501387232680966,670,1340,0.7617228,1,0,1,1,0,0,0
4,VA1_K2_N1_L1_SM6_P4,CORE_LITE,FROZEN_CORE_LITE,WHITE,1,-6,-6,P4,3726074003,3726075003,4576e8833804b8a64ee1576dd1b3cff8c3f384991590020034ef9a8c354b0d2b,1,1,VALID_FOR_LRT,FIXED_GRID_CORE_LITE,K2_GROUPED_Q1_KQ2,[7.7999999999999998 10;8.5999999999999996 10],13.7499929985054,-30.8657699949005,2,0.383034892343424,0.378108091360841,0.06123724356958,0.111803398874989,45,0.0999999999999998,0.8,0.7,0.732709297750583,130,306,0.1832252,0,0,1,1,0,0,0
4,VA1_K2_N1_L1_SM6_P4,TANGENT_PROFILE_SAFE,FROZEN_TANGENT_PROFILE,WHITE,1,-6,-6,P4,3726074003,3726075003,4576e8833804b8a64ee1576dd1b3cff8c3f384991590020034ef9a8c354b0d2b,1,1,KNOWN_K_FIT_VALID,FIXED_GRID_FALLBACK,K2_GROUPED_Q1_KQ2,[7.7999999999999998 10;8.5999999999999996 10],13.7499929985054,-30.8657699949005,2,0.383034892343424,0.378108091360841,0.06123724356958,0.111803398874989,45,0.0999999999999998,0.8,0.7,0.732709297750583,379,830,5.1129231,0,0,1,1,0,0,0
4,VA1_K2_N1_L1_SM6_P4,VINCENT_ANCHORED_PROJECTOR_AML_SAFE,VINCENT_ANCHORED_AML,WHITE,1,-6,-6,P4,3726074003,3726075003,4576e8833804b8a64ee1576dd1b3cff8c3f384991590020034ef9a8c354b0d2b,1,1,KNOWN_K_FIT_VALID,FIXED_GRID_FALLBACK,K2_GROUPED_Q1_KQ2,[7.7999999999999998 10;8.5999999999999996 10],13.7499929985054,-30.8657699949005,2,0.383034892343424,0.378108091360841,0.06123724356958,0.111803398874989,45,0.0999999999999998,0.8,0.7,0.732709297750583,339,815,5.1127773,1,0,1,1,0,0,0
4,VA1_K2_N1_L1_SM6_P4,FULL4D_BEAMSPACE_CML_MULTISTART,FROZEN_CLASSICAL_FULL4D,WHITE,1,-6,-6,P4,3726074003,3726075003,4576e8833804b8a64ee1576dd1b3cff8c3f384991590020034ef9a8c354b0d2b,1,1,FULL4D_CML_VALID,FULL4D_NUMERICAL_MULTISTART,GRID_PAIR_008_013,[8.5999999999999996 9.8896684745430292;7.8102428389426723 10.057917048499622],13.5494684857922,-30.6454050774411,2,0.378486432742603,0.374576392726887,0.0542633005071919,0.107780370812497,32.9735906203869,0.0999999999999998,0.807480003516964,0.707480003516964,0.725631783862151,2535,5070,3.3296537,1,0,1,1,0,0,0
5,VA1_K2_N1_L1_SP0_P1,CORE_LITE,FROZEN_CORE_LITE,WHITE,1,0,0,P1,3726074004,3726075004,963c4c2b4b6ded9974c4e9f049df7b9f051fb55c07dfa8e77bacc7b15904b220,1,1,VALID_FOR_LRT,FIXED_GRID_CORE_LITE,K2_GROUPED_Q2_KQ1_PLUS_KQ1,[7.7999999999999998 9.8000000000000007;8.1999999999999993 10.199999999999999],13.5749565909791,-30.6735952926622,2,0.132842712474619,0.0939339828220178,0.0939339828220174,0,0,0.299999999999999,0.565685424949237,0.265685424949237,0.265685424949237,150,346,0.178575,0,0,1,1,0,0,0
5,VA1_K2_N1_L1_SP0_P1,TANGENT_PROFILE_SAFE,FROZEN_TANGENT_PROFILE,WHITE,1,0,0,P1,3726074004,3726075004,963c4c2b4b6ded9974c4e9f049df7b9f051fb55c07dfa8e77bacc7b15904b220,1,1,KNOWN_K_FIT_VALID,FIXED_GRID_FALLBACK,K2_GROUPED_Q2_KQ1_PLUS_KQ1,[7.7999999999999998 9.8000000000000007;8.1999999999999993 10.199999999999999],13.5749565909791,-30.6735952926622,2,0.132842712474619,0.0939339828220178,0.0939339828220174,0,0,0.299999999999999,0.565685424949237,0.265685424949237,0.265685424949237,293,658,5.0037173,0,0,1,1,0,0,0
5,VA1_K2_N1_L1_SP0_P1,VINCENT_ANCHORED_PROJECTOR_AML_SAFE,VINCENT_ANCHORED_AML,WHITE,1,0,0,P1,3726074004,3726075004,963c4c2b4b6ded9974c4e9f049df7b9f051fb55c07dfa8e77bacc7b15904b220,1,1,KNOWN_K_FIT_VALID,FIXED_GRID_FALLBACK,K2_GROUPED_Q2_KQ1_PLUS_KQ1,[7.7999999999999998 9.8000000000000007;8.1999999999999993 10.199999999999999],13.5749565909791,-30.6735952926622,2,0.132842712474619,0.0939339828220178,0.0939339828220174,0,0,0.299999999999999,0.565685424949237,0.265685424949237,0.265685424949237,293,723,4.9736826,1,0,1,1,0,0,0
5,VA1_K2_N1_L1_SP0_P1,FULL4D_BEAMSPACE_CML_MULTISTART,FROZEN_CLASSICAL_FULL4D,WHITE,1,0,0,P1,3726074004,3726075004,963c4c2b4b6ded9974c4e9f049df7b9f051fb55c07dfa8e77bacc7b15904b220,1,1,FULL4D_CML_VALID,FULL4D_NUMERICAL_MULTISTART,GRID_PAIR_004_012,[7.9143685669944244 9.8532588320440784;8.1189401265922978 10.054617066625324],12.9952123257553,-30.0189103761273,2,0.0494205287673497,0.0170779817822677,0.0463759765599493,0.0489804019849376,0.453541767191135,0.299999999999999,0.287044703190953,0.0129552968090463,0.0131618972854765,3039,6078,3.0907394,1,0,1,1,0,0,0
6,VA1_K2_N1_L1_SP0_P2,CORE_LITE,FROZEN_CORE_LITE,WHITE,1,0,0,P2,3726074005,3726075005,fe464ee7654b4b7fb59f9177c4cc1f78456ae64582a51007eaa2936972d31694,1,1,VALID_FOR_LRT,FIXED_GRID_CORE_LITE,K2_GROUPED_Q1_KQ2,[8 10;8.4000000000000004 10],16.0583436940196,-33.1936238335491,2,0.100000000000001,0.100000000000001,0,0,0,0.199999999999999,0.4,0.200000000000001,0.200000000000001,146,342,0.1657443,0,0,1,1,0,0,0
6,VA1_K2_N1_L1_SP0_P2,TANGENT_PROFILE_SAFE,FROZEN_TANGENT_PROFILE,WHITE,1,0,0,P2,3726074005,3726075005,fe464ee7654b4b7fb59f9177c4cc1f78456ae64582a51007eaa2936972d31694,1,1,KNOWN_K_FIT_VALID,TANGENT_PROFILE_UPGRADE,FISHER_TANGENT_PROFILE_1D,[7.9357744717367202 9.969677695487448;8.4177925678669041 10.033969524974509],15.6636795979439,-32.8203647347414,2,0.146489733353533,0.142907510610941,0.0321975991181465,0.023287990618929,7.59730032909502,0.199999999999999,0.486286833397492,0.286286833397493,0.289253601332269,356,788,4.8170497,0,0,1,1,0,0,0
6,VA1_K2_N1_L1_SP0_P2,VINCENT_ANCHORED_PROJECTOR_AML_SAFE,VINCENT_ANCHORED_AML,WHITE,1,0,0,P2,3726074005,3726075005,fe464ee7654b4b7fb59f9177c4cc1f78456ae64582a51007eaa2936972d31694,1,1,KNOWN_K_FIT_VALID,FIXED_GRID_FALLBACK,K2_GROUPED_Q1_KQ2,[8 10;8.4000000000000004 10],16.0583436940196,-33.1936238335491,2,0.100000000000001,0.100000000000001,0,0,0,0.199999999999999,0.4,0.200000000000001,0.200000000000001,318,777,4.9477848,1,0,1,1,0,0,0
6,VA1_K2_N1_L1_SP0_P2,FULL4D_BEAMSPACE_CML_MULTISTART,FROZEN_CLASSICAL_FULL4D,WHITE,1,0,0,P2,3726074005,3726075005,fe464ee7654b4b7fb59f9177c4cc1f78456ae64582a51007eaa2936972d31694,1,1,FULL4D_CML_VALID,FULL4D_NUMERICAL_MULTISTART,GRID_PAIR_011_012,[7.9239835107087 9.8995669742296784;8.4633470612989665 10.122889108061525],15.2718525234022,-32.4403667168755,2,0.203534508723929,0.16979998076773,0.112224163052213,0.012891761298618,22.4918786152179,0.199999999999999,0.583768631535258,0.383768631535259,0.406251639908619,4690,9380,4.9480607,1,0,1,1,0,0,0
7,VA1_K2_N1_L1_SP0_P3,CORE_LITE,FROZEN_CORE_LITE,WHITE,1,0,0,P3,3726074006,3726075006,e09203064bfe6aafbaa31dda3c8ec2df0de04efe13f961c62b76cfef8bb60d47,1,1,VALID_FOR_LRT,FIXED_GRID_CORE_LITE,K2_GROUPED_Q2_KQ1_PLUS_KQ1,[7.7999999999999998 9.8000000000000007;8 10.199999999999999],9.64159039585729,-25.5414863787826,2,0.188745860881769,0.1,0.160078105935821,0.0999999999999996,26.5650511770781,0.149999999999999,0.447213595499957,0.297213595499958,0.320156211871643,171,387,0.1910751,0,0,1,1,0,0,0
7,VA1_K2_N1_L1_SP0_P3,TANGENT_PROFILE_SAFE,FROZEN_TANGENT_PROFILE,WHITE,1,0,0,P3,3726074006,3726075006,e09203064bfe6aafbaa31dda3c8ec2df0de04efe13f961c62b76cfef8bb60d47,1,1,KNOWN_K_FIT_VALID,TANGENT_PROFILE_UPGRADE,FISHER_TANGENT_PROFILE_1D,[7.8785313815502276 9.912405000727599;7.9286458895888261 10.199999999999999],8.01120282625425,-22.7628090019282,2,0.0853935665891442,0.0253129272159219,0.0815556063712118,0.0439442747082467,9.88475398413338,0.149999999999999,0.291928668551827,0.141928668551829,0.146437180185645,425,921,4.8568486,0,0,1,1,0,0,0
7,VA1_K2_N1_L1_SP0_P3,VINCENT_ANCHORED_PROJECTOR_AML_SAFE,VINCENT_ANCHORED_AML,WHITE,1,0,0,P3,3726074006,3726075006,e09203064bfe6aafbaa31dda3c8ec2df0de04efe13f961c62b76cfef8bb60d47,1,1,KNOWN_K_FIT_VALID,VINCENT_ANCHORED_AML_UPGRADE,VINCENT_ANCHORED_PROJECTOR_AML_1D,[7.9034869384110307 10.055618885052219;7.9273165952470448 10.192371502380849],8.06139318045916,-22.8564911625342,2,0.0316041162839751,0.0194724820628133,0.0248926215655249,0.028512869777525,9.88475398413338,0.149999999999999,0.13881329508067,0.0111867049193291,0.0272643667185552,386,908,4.9819843,1,0,1,1,0,0,0
7,VA1_K2_N1_L1_SP0_P3,FULL4D_BEAMSPACE_CML_MULTISTART,FROZEN_CLASSICAL_FULL4D,WHITE,1,0,0,P3,3726074006,3726075006,e09203064bfe6aafbaa31dda3c8ec2df0de04efe13f961c62b76cfef8bb60d47,1,1,FULL4D_CML_VALID,FULL4D_NUMERICAL_MULTISTART,GRID_PAIR_004_017,[7.8640001267496693 9.8546285421088697;7.9314260059934778 10.199999999999999],8.00346124223915,-22.7483068220792,2,0.126362609957794,0.0337904182183499,0.12176090025938,0.0727216972970859,11.046745461439,0.149999999999999,0.351891592848771,0.201891592848772,0.206679112999613,3940,7880,4.0102158,1,0,1,1,0,0,0
8,VA1_K2_N1_L1_SP0_P4,CORE_LITE,FROZEN_CORE_LITE,WHITE,1,0,0,P4,3726074007,3726075007,51f10c12d4c30475b2620149cbaa3de2f8b6ba4ace168f76f094ab91ef15132b,1,1,VALID_FOR_LRT,FIXED_GRID_CORE_LITE,K2_GROUPED_Q2_KQ1_PLUS_KQ1,[8.1999999999999993 9.8000000000000007;8 10.199999999999999],11.2259378858876,-27.8236000229039,2,0.183811850990091,0.0646446609406723,0.172069359202238,0.0500000000000007,18.434948822922,0.0999999999999998,0.447213595499956,0.347213595499957,0.35376148215657,187,423,0.1911639,0,0,1,1,0,0,0
8,VA1_K2_N1_L1_SP0_P4,TANGENT_PROFILE_SAFE,FROZEN_TANGENT_PROFILE,WHITE,1,0,0,P4,3726074007,3726075007,51f10c12d4c30475b2620149cbaa3de2f8b6ba4ace168f76f094ab91ef15132b,1,1,KNOWN_K_FIT_VALID,FIXED_GRID_FALLBACK,K2_GROUPED_Q2_KQ1_PLUS_KQ1,[8.1999999999999993 9.8000000000000007;8 10.199999999999999],11.2259378858876,-27.8236000229039,2,0.183811850990091,0.0646446609406723,0.172069359202238,0.0500000000000007,18.434948822922,0.0999999999999998,0.447213595499956,0.347213595499957,0.35376148215657,440,955,5.1782759,0,0,1,1,0,0,0
8,VA1_K2_N1_L1_SP0_P4,VINCENT_ANCHORED_PROJECTOR_AML_SAFE,VINCENT_ANCHORED_AML,WHITE,1,0,0,P4,3726074007,3726075007,51f10c12d4c30475b2620149cbaa3de2f8b6ba4ace168f76f094ab91ef15132b,1,1,KNOWN_K_FIT_VALID,FIXED_GRID_FALLBACK,K2_GROUPED_Q2_KQ1_PLUS_KQ1,[8.1999999999999993 9.8000000000000007;8 10.199999999999999],11.2259378858876,-27.8236000229039,2,0.183811850990091,0.0646446609406723,0.172069359202238,0.0500000000000007,18.434948822922,0.0999999999999998,0.447213595499956,0.347213595499957,0.35376148215657,398,936,5.0840408,1,0,1,1,0,0,0
8,VA1_K2_N1_L1_SP0_P4,FULL4D_BEAMSPACE_CML_MULTISTART,FROZEN_CLASSICAL_FULL4D,WHITE,1,0,0,P4,3726074007,3726075007,51f10c12d4c30475b2620149cbaa3de2f8b6ba4ace168f76f094ab91ef15132b,1,1,FULL4D_CML_VALID,FULL4D_NUMERICAL_MULTISTART,GRID_PAIR_005_017,[8.2643291279379589 9.8000000000000007;7.8521734641178433 10.199999999999999],10.9010812157594,-27.3831249475387,2,0.245961355145044,0.175753019457754,0.172069359202238,0.0651379634571882,0.857491076450108,0.0999999999999998,0.574345097671251,0.474345097671251,0.474358657310843,3431,6862,3.6566062,1,0,1,1,0,0,0
9,VA1_K2_N1_L1_SP6_P1,CORE_LITE,FROZEN_CORE_LITE,WHITE,1,6,6,P1,3726074008,3726075008,f2a4106f9b1e08e24ae0435cd0c188d9fee0e6099cd80260d00b80bf4ec2d33b,1,1,VALID_FOR_LRT,FIXED_GRID_CORE_LITE,K2_GROUPED_Q1_KQ2,[7.7999999999999998 10;8.1999999999999993 10],13.6172299276896,-30.7202337313224,2,0.141681308325435,0.0939339828220178,0.106066017177982,0,45,0.299999999999999,0.399999999999999,0.1,0.283362616650871,127,303,0.1336351,0,0,1,1,0,0,0
9,VA1_K2_N1_L1_SP6_P1,TANGENT_PROFILE_SAFE,FROZEN_TANGENT_PROFILE,WHITE,1,6,6,P1,3726074008,3726075008,f2a4106f9b1e08e24ae0435cd0c188d9fee0e6099cd80260d00b80bf4ec2d33b,1,1,KNOWN_K_FIT_VALID,FIXED_GRID_FALLBACK,K2_GROUPED_Q1_KQ2,[7.7999999999999998 10;8.1999999999999993 10],13.6172299276896,-30.7202337313224,2,0.141681308325435,0.0939339828220178,0.106066017177982,0,45,0.299999999999999,0.399999999999999,0.1,0.283362616650871,341,757,4.5977849,0,0,1,1,0,0,0
9,VA1_K2_N1_L1_SP6_P1,VINCENT_ANCHORED_PROJECTOR_AML_SAFE,VINCENT_ANCHORED_AML,WHITE,1,6,6,P1,3726074008,3726075008,f2a4106f9b1e08e24ae0435cd0c188d9fee0e6099cd80260d00b80bf4ec2d33b,1,1,KNOWN_K_FIT_VALID,FIXED_GRID_FALLBACK,K2_GROUPED_Q1_KQ2,[7.7999999999999998 10;8.1999999999999993 10],13.6172299276896,-30.7202337313224,2,0.141681308325435,0.0939339828220178,0.106066017177982,0,45,0.299999999999999,0.399999999999999,0.1,0.283362616650871,320,780,4.6022582,1,0,1,1,0,0,0
9,VA1_K2_N1_L1_SP6_P1,FULL4D_BEAMSPACE_CML_MULTISTART,FROZEN_CLASSICAL_FULL4D,WHITE,1,6,6,P1,3726074008,3726075008,f2a4106f9b1e08e24ae0435cd0c188d9fee0e6099cd80260d00b80bf4ec2d33b,1,1,FULL4D_CML_VALID,FULL4D_NUMERICAL_MULTISTART,GRID_PAIR_005_017,[8.2692536165695838 9.9398732381458608;7.7837817776374871 10.059013869037777],13.0271734242642,-30.0557568607892,2,0.21637364619754,0.139218714442795,0.165637267297289,0.0265235346867655,58.7885694952655,0.299999999999999,0.499877381290087,0.199877381290088,0.429483675482727,5066,10132,4.7051812,1,0,1,1,0,0,0
10,VA1_K2_N1_L1_SP6_P2,CORE_LITE,FROZEN_CORE_LITE,WHITE,1,6,6,P2,3726074009,3726075009,e6844047661deaf185b9261f2e8ca6fc1e7ca1c7ac1663acae1f05de49d34b59,1,1,VALID_FOR_LRT,FIXED_GRID_CORE_LITE,K2_GROUPED_Q1_KQ2,[8 10;8.4000000000000004 10],12.0763215539619,-28.9188948563968,2,0.100000000000001,0.100000000000001,0,0,0,0.199999999999999,0.4,0.200000000000001,0.200000000000001,127,303,0.1253758,0,0,1,1,0,0,0
10,VA1_K2_N1_L1_SP6_P2,TANGENT_PROFILE_SAFE,FROZEN_TANGENT_PROFILE,WHITE,1,6,6,P2,3726074009,3726075009,e6844047661deaf185b9261f2e8ca6fc1e7ca1c7ac1663acae1f05de49d34b59,1,1,KNOWN_K_FIT_VALID,TANGENT_PROFILE_UPGRADE,FISHER_TANGENT_PROFILE_1D,[8.0096637056597206 9.9714732239750727;8.2719069081706831 10.059790294116462],11.5666892075478,-28.2721354771402,2,0.0816655499723516,0.0668949470575465,0.0468436560321109,0.0612432181387596,18.6122615685766,0.199999999999999,0.276715381107673,0.0767153811076738,0.108046846956216,377,829,5.1743418,0,0,1,1,0,0,0
10,VA1_K2_N1_L1_SP6_P2,VINCENT_ANCHORED_PROJECTOR_AML_SAFE,VINCENT_ANCHORED_AML,WHITE,1,6,6,P2,3726074009,3726075009,e6844047661deaf185b9261f2e8ca6fc1e7ca1c7ac1663acae1f05de49d34b59,1,1,KNOWN_K_FIT_VALID,VINCENT_ANCHORED_AML_UPGRADE,VINCENT_ANCHORED_PROJECTOR_AML_1D,[8.0326122003327836 9.9792017133859492;8.3611999467493376 10.089861996550615],11.4884616513718,-28.1703432266388,2,0.0916359541235146,0.0643682725654136,0.0652217262503186,0.0346701801045768,18.6122615685766,0.199999999999999,0.346721221394356,0.146721221394356,0.169648185367755,346,832,5.1681309,1,0,1,1,0,0,0
10,VA1_K2_N1_L1_SP6_P2,FULL4D_BEAMSPACE_CML_MULTISTART,FROZEN_CLASSICAL_FULL4D,WHITE,1,6,6,P2,3726074009,3726075009,e6844047661deaf185b9261f2e8ca6fc1e7ca1c7ac1663acae1f05de49d34b59,1,1,FULL4D_CML_VALID,FULL4D_NUMERICAL_MULTISTART,GRID_PAIR_011_013,[8.0642169032809701 10.008300006286946;8.5846505350493079 10.053416867078981],11.2062219283625,-27.7972325717555,2,0.206432324149536,0.202862462169152,0.0382246765381796,0.128202939045036,4.95463568589123,0.199999999999999,0.522385581925181,0.322385581925181,0.323594257513904,4316,8632,5.2655223,1,0,1,1,0,0,0
11,VA1_K2_N1_L1_SP6_P3,CORE_LITE,FROZEN_CORE_LITE,WHITE,1,6,6,P3,3726074010,3726075010,38f22944e64f497318b868f4720a6d806b6c95fbf6b36f88018e43880c3191d5,1,1,VALID_FOR_LRT,FIXED_GRID_CORE_LITE,K2_GROUPED_Q2_KQ1_PLUS_KQ1,[8 10;8 10.199999999999999],64.6744682879762,-54.0906928724107,2,0.103077640640441,0.0999999999999996,0.0250000000000004,0.0999999999999996,0,0.149999999999999,0.199999999999999,0.0500000000000007,0.0500000000000007,145,341,0.2378621,0,0,1,1,0,0,0
11,VA1_K2_N1_L1_SP6_P3,TANGENT_PROFILE_SAFE,FROZEN_TANGENT_PROFILE,WHITE,1,6,6,P3,3726074010,3726075010,38f22944e64f497318b868f4720a6d806b6c95fbf6b36f88018e43880c3191d5,1,1,KNOWN_K_FIT_VALID,TANGENT_PROFILE_UPGRADE,FISHER_TANGENT_PROFILE_1D,[7.9000092683305381 10.074422286402765;7.8999994713153443 10.075422238410859],10.5820315452693,-26.9375566538342,2,0.0786075476101436,6.56435291639197e-06,0.0786075473360559,0.0250777379739111,0.56133660232896,0.149999999999999,0.00099999999999885,0.149,0.14900004831399,398,873,5.3981155,0,0,1,1,0,0,0
11,VA1_K2_N1_L1_SP6_P3,VINCENT_ANCHORED_PROJECTOR_AML_SAFE,VINCENT_ANCHORED_AML,WHITE,1,6,6,P3,3726074010,3726075010,38f22944e64f497318b868f4720a6d806b6c95fbf6b36f88018e43880c3191d5,1,1,KNOWN_K_FIT_VALID,VINCENT_ANCHORED_AML_UPGRADE,VINCENT_ANCHORED_PROJECTOR_AML_1D,[7.8996438564058495 10.111718787493675;7.8995980794564522 10.116391103660114],10.4581904316819,-26.7609769430213,2,0.0740116180505993,0.000379722519071954,0.0740106439458292,0.0140600554934428,0.561336602348439,0.149999999999999,0.0046725404105535,0.145327459589445,0.14532769104323,376,894,5.4777415,1,0,1,1,0,0,0
11,VA1_K2_N1_L1_SP6_P3,FULL4D_BEAMSPACE_CML_MULTISTART,FROZEN_CLASSICAL_FULL4D,WHITE,1,6,6,P3,3726074010,3726075010,38f22944e64f497318b868f4720a6d806b6c95fbf6b36f88018e43880c3191d5,1,1,FULL4D_CML_VALID,FULL4D_NUMERICAL_MULTISTART,GRID_PAIR_011_018,[7.8999257008387369 10.096812602942117;7.8995619688775234 10.13215109583413],10.4621319553935,-26.7666291366423,2,0.0591323765849453,0.000314158900576518,0.0591315420462631,0.0144841148255675,0.589713047741108,0.149999999999999,0.0353403647521987,0.1146596352478,0.114662084026126,2687,5374,3.6163429,1,0,1,1,0,0,0
12,VA1_K2_N1_L1_SP6_P4,CORE_LITE,FROZEN_CORE_LITE,WHITE,1,6,6,P4,3726074011,3726075011,e60c4b84eeb689b3552bbd42b40cee67763b5c570c02ce38196fe063fa05ef06,1,1,VALID_FOR_LRT,FIXED_GRID_CORE_LITE,K2_GROUPED_Q1_KQ2,[8.4000000000000004 9.8000000000000007;8 10],9.068574378005,-24.6224213488032,2,0.20925294875916,0.192634016664423,0.0817247342493959,0.111803398874989,18.4349488229221,0.0999999999999998,0.447213595499958,0.347213595499958,0.353761482156572,150,346,0.1766357,0,0,1,1,0,0,0
12,VA1_K2_N1_L1_SP6_P4,TANGENT_PROFILE_SAFE,FROZEN_TANGENT_PROFILE,WHITE,1,6,6,P4,3726074011,3726075011,e60c4b84eeb689b3552bbd42b40cee67763b5c570c02ce38196fe063fa05ef06,1,1,KNOWN_K_FIT_VALID,TANGENT_PROFILE_UPGRADE,FISHER_TANGENT_PROFILE_1D,[8.2667951157914512 9.8126931897078968;7.956459245135731 10.044429993858493],8.60041896433904,-23.8273590540546,2,0.146397432399695,0.120375452440019,0.0833184173102445,0.0243884536697852,8.25023491397422,0.0999999999999998,0.387311630361878,0.287311630361878,0.288703387862492,399,870,5.0161455,0,0,1,1,0,0,0
12,VA1_K2_N1_L1_SP6_P4,VINCENT_ANCHORED_PROJECTOR_AML_SAFE,VINCENT_ANCHORED_AML,WHITE,1,6,6,P4,3726074011,3726075011,e60c4b84eeb689b3552bbd42b40cee67763b5c570c02ce38196fe063fa05ef06,1,1,KNOWN_K_FIT_VALID,FIXED_GRID_FALLBACK,K2_GROUPED_Q1_KQ2,[8.4000000000000004 9.8000000000000007;8 10],9.068574378005,-24.6224213488032,2,0.20925294875916,0.192634016664423,0.0817247342493959,0.111803398874989,18.4349488229221,0.0999999999999998,0.447213595499958,0.347213595499958,0.353761482156572,364,865,5.0557257,1,0,1,1,0,0,0
12,VA1_K2_N1_L1_SP6_P4,FULL4D_BEAMSPACE_CML_MULTISTART,FROZEN_CLASSICAL_FULL4D,WHITE,1,6,6,P4,3726074011,3726075011,e60c4b84eeb689b3552bbd42b40cee67763b5c570c02ce38196fe063fa05ef06,1,1,FULL4D_CML_VALID,FULL4D_NUMERICAL_MULTISTART,GRID_PAIR_006_011,[8.3325384367156907 9.8000000000000007;7.9951595947236456 9.99725870460178],8.47967644143137,-23.6152796749722,2,0.168811191604678,0.147833264911088,0.081501804867864,0.0819490100818579,14.6860222029106,0.0999999999999998,0.390813868184159,0.290813868184159,0.295171666374635,5131,10262,5.9461747,1,0,1,1,0,0,0
13,VA1_K2_N1_L4_SM6_P1,CORE_LITE,FROZEN_CORE_LITE,WHITE,4,-6,-6,P1,3726074012,3726075012,a7f0404ac6eef167757f8bb46d0a4882a2d523a962ebe7131f4f6fd0cd88891c,1,1,VALID_FOR_LRT,FIXED_GRID_CORE_LITE,K2_GROUPED_Q1_KQ2,[8 10;8.4000000000000004 10.199999999999999],52.4273776016962,-120.588855109647,2,0.242611602552744,0.220960614428923,0.100183813884297,0.223606797749978,18.4349488229221,0.299999999999999,0.447213595499958,0.147213595499958,0.18825928602022,170,386,0.197982,0,0,1,1,0,0,0
13,VA1_K2_N1_L4_SM6_P1,TANGENT_PROFILE_SAFE,FROZEN_TANGENT_PROFILE,WHITE,4,-6,-6,P1,3726074012,3726075012,a7f0404ac6eef167757f8bb46d0a4882a2d523a962ebe7131f4f6fd0cd88891c,1,1,KNOWN_K_FIT_VALID,TANGENT_PROFILE_UPGRADE,FISHER_TANGENT_PROFILE_1D,[7.7279290032465102 9.8413602012434147;8.2501877115387945 10.182862454119874],48.4842114823641,-115.897411927569,2,0.168805229874167,0.155448891969831,0.0658091757904805,0.0163218810545566,11.8195359425874,0.299999999999999,0.624001560179798,0.324001560179799,0.33602858111602,418,908,5.118075,0,0,1,1,0,0,0
13,VA1_K2_N1_L4_SM6_P1,VINCENT_ANCHORED_PROJECTOR_AML_SAFE,VINCENT_ANCHORED_AML,WHITE,4,-6,-6,P1,3726074012,3726075012,a7f0404ac6eef167757f8bb46d0a4882a2d523a962ebe7131f4f6fd0cd88891c,1,1,KNOWN_K_FIT_VALID,VINCENT_ANCHORED_AML_UPGRADE,VINCENT_ANCHORED_PROJECTOR_AML_1D,[7.8746677021772209 9.937311873227701;8.1517521090023433 10.118495925624122],49.4615171668502,-117.094815592383,2,0.0474054456581464,0.0350600096696226,0.0319072405578019,0.0308727907527383,11.8195359425874,0.299999999999999,0.331064086467287,0.0310640864672873,0.0719485112892578,387,911,5.0757245,1,0,1,1,0,0,0
13,VA1_K2_N1_L4_SM6_P1,FULL4D_BEAMSPACE_CML_MULTISTART,FROZEN_CLASSICAL_FULL4D,WHITE,4,-6,-6,P1,3726074012,3726075012,a7f0404ac6eef167757f8bb46d0a4882a2d523a962ebe7131f4f6fd0cd88891c,1,1,FULL4D_CML_VALID,FULL4D_NUMERICAL_MULTISTART,GRID_PAIR_002_020,[7.6925940345179287 9.8000000000000007;8.2125217867063931 10.173251573275472],48.2201853960469,-115.569782470116,2,0.180565912793522,0.161044412583889,0.0816623905997615,0.0492911901717042,9.32576534623679,0.299999999999999,0.640032502649954,0.340032502649955,0.347415759195893,4792,9584,5.581645,1,0,1,1,0,0,0
14,VA1_K2_N1_L4_SM6_P2,CORE_LITE,FROZEN_CORE_LITE,WHITE,4,-6,-6,P2,3726074013,3726075013,4f19e8a3245f2697ac0960bbd2f23c4bef4adbba05147c77f142577db60b1de3,1,1,VALID_FOR_LRT,FIXED_GRID_CORE_LITE,K2_GROUPED_Q1_KQ2,[8 10;8.5999999999999996 10],52.1429532013112,-120.262462222183,2,0.223606797749979,0.223606797749979,0,0.100000000000001,0,0.199999999999999,0.6,0.4,0.4,145,341,0.1854112,0,0,1,1,0,0,0
14,VA1_K2_N1_L4_SM6_P2,TANGENT_PROFILE_SAFE,FROZEN_TANGENT_PROFILE,WHITE,4,-6,-6,P2,3726074013,3726075013,4f19e8a3245f2697ac0960bbd2f23c4bef4adbba05147c77f142577db60b1de3,1,1,KNOWN_K_FIT_VALID,TANGENT_PROFILE_UPGRADE,FISHER_TANGENT_PROFILE_1D,[7.8696557457779663 9.9983968857432117;8.4605967766974395 10.05381621029969],51.7174366004319,-119.770818796759,2,0.202173878882823,0.198557044874656,0.0380706873220118,0.0435629372845455,5.35761300238535,0.199999999999999,0.593533995284572,0.393533995284572,0.394849580461569,394,865,4.9616961,0,0,1,1,0,0,0
14,VA1_K2_N1_L4_SM6_P2,VINCENT_ANCHORED_PROJECTOR_AML_SAFE,VINCENT_ANCHORED_AML,WHITE,4,-6,-6,P2,3726074013,3726075013,4f19e8a3245f2697ac0960bbd2f23c4bef4adbba05147c77f142577db60b1de3,1,1,KNOWN_K_FIT_VALID,FIXED_GRID_FALLBACK,K2_GROUPED_Q1_KQ2,[8 10;8.5999999999999996 10],52.1429532013112,-120.262462222183,2,0.223606797749979,0.223606797749979,0,0.100000000000001,0,0.199999999999999,0.6,0.4,0.4,356,854,4.975658,1,0,1,1,0,0,0
14,VA1_K2_N1_L4_SM6_P2,FULL4D_BEAMSPACE_CML_MULTISTART,FROZEN_CLASSICAL_FULL4D,WHITE,4,-6,-6,P2,3726074013,3726075013,4f19e8a3245f2697ac0960bbd2f23c4bef4adbba05147c77f142577db60b1de3,1,1,FULL4D_CML_VALID,FULL4D_NUMERICAL_MULTISTART,GRID_PAIR_010_013,[7.9801952853550464 10.005336957445184;8.5999999999999996 10.081182917062833],51.4242848503718,-119.429751145,2,0.235555002906711,0.228421944711053,0.0575289020302079,0.099945021823338,6.97664060848864,0.199999999999999,0.624428133484098,0.424428133484098,0.426601228348505,4208,8416,5.0447309,1,0,1,1,0,0,0
15,VA1_K2_N1_L4_SM6_P3,CORE_LITE,FROZEN_CORE_LITE,WHITE,4,-6,-6,P3,3726074014,3726075014,80dd594f0d51a34293431b3b6a0986cbd62bf83695f815046de4cabc6a5a1469,1,1,VALID_FOR_LRT,FIXED_GRID_CORE_LITE,K2_GROUPED_Q2_KQ1_PLUS_KQ1,[7.5999999999999996 9.8000000000000007;7.7999999999999998 10],56.5205559340584,-125.099383047259,2,0.301039864469807,0.22360679774998,0.201556443707463,0.282842712474619,45.0000000000001,0.149999999999999,0.282842712474619,0.13284271247462,0.206155281280883,110,266,0.1456136,0,0,1,1,0,0,0
15,VA1_K2_N1_L4_SM6_P3,TANGENT_PROFILE_SAFE,FROZEN_TANGENT_PROFILE,WHITE,4,-6,-6,P3,3726074014,3726075014,80dd594f0d51a34293431b3b6a0986cbd62bf83695f815046de4cabc6a5a1469,1,1,KNOWN_K_FIT_VALID,TANGENT_PROFILE_UPGRADE,FISHER_TANGENT_PROFILE_1D,[7.8541483237077658 10.057605851530214;7.8542999326420988 10.058594292085347],54.5523826167337,-122.972802757171,2,0.0969646914202436,0.045775934590812,0.0854793261236936,0.0620567032951168,8.72017817815887,0.149999999999999,0.00100000000000086,0.148999999999998,0.149011636570637,363,798,4.8988656,0,0,1,1,0,0,0
15,VA1_K2_N1_L4_SM6_P3,VINCENT_ANCHORED_PROJECTOR_AML_SAFE,VINCENT_ANCHORED_AML,WHITE,4,-6,-6,P3,3726074014,3726075014,80dd594f0d51a34293431b3b6a0986cbd62bf83695f815046de4cabc6a5a1469,1,1,KNOWN_K_FIT_VALID,FIXED_GRID_FALLBACK,K2_GROUPED_Q2_KQ1_PLUS_KQ1,[7.5999999999999996 9.8000000000000007;7.7999999999999998 10],56.5205559340584,-125.099383047259,2,0.301039864469807,0.22360679774998,0.201556443707463,0.282842712474619,45.0000000000001,0.149999999999999,0.282842712474619,0.13284271247462,0.206155281280883,319,775,5.0205839,1,0,1,1,0,0,0
15,VA1_K2_N1_L4_SM6_P3,FULL4D_BEAMSPACE_CML_MULTISTART,FROZEN_CLASSICAL_FULL4D,WHITE,4,-6,-6,P3,3726074014,3726075014,80dd594f0d51a34293431b3b6a0986cbd62bf83695f815046de4cabc6a5a1469,1,1,FULL4D_CML_VALID,FULL4D_NUMERICAL_MULTISTART,GRID_PAIR_004_017,[7.8171759840944457 9.8000809979054697;7.8231247840860529 9.8410823810058492],53.0074786123041,-121.249099987047,2,0.295684925393958,0.0799049949394267,0.284683625958643,0.290603773940374,8.2553134910681,0.149999999999999,0.0414306847334706,0.108569315266528,0.109160829546912,5440,10880,6.5461961,1,0,1,1,0,0,0
16,VA1_K2_N1_L4_SM6_P4,CORE_LITE,FROZEN_CORE_LITE,WHITE,4,-6,-6,P4,3726074015,3726075015,4de244ec895a350cd9d9ab1d2d7c539cfb7796081f4f3405c76d179e969732d2,1,1,VALID_FOR_LRT,FIXED_GRID_CORE_LITE,K2_GROUPED_Q1_KQ2,[8.5999999999999996 9.8000000000000007;8 10],50.1384309852892,-117.910387391586,2,0.341636837522738,0.331717947305242,0.0817247342493959,0.206155281280884,26.565051177078,0.0999999999999998,0.632455532033675,0.532455532033675,0.544851277882462,170,386,0.2038583,0,0,1,1,0,0,0
16,VA1_K2_N1_L4_SM6_P4,TANGENT_PROFILE_SAFE,FROZEN_TANGENT_PROFILE,WHITE,4,-6,-6,P4,3726074015,3726075015,4de244ec895a350cd9d9ab1d2d7c539cfb7796081f4f3405c76d179e969732d2,1,1,KNOWN_K_FIT_VALID,TANGENT_PROFILE_UPGRADE,FISHER_TANGENT_PROFILE_1D,[8.3843900926261856 9.8055360423026752;7.8585777211282686 10.103510062534964],49.7566947048081,-117.451820706564,2,0.255291129407634,0.228562783680715,0.11372165435988,0.0219548686603399,15.4600897149578,0.0999999999999998,0.604373367012194,0.504373367012194,0.508690650577864,419,910,5.5080152,0,0,1,1,0,0,0
16,VA1_K2_N1_L4_SM6_P4,VINCENT_ANCHORED_PROJECTOR_AML_SAFE,VINCENT_ANCHORED_AML,WHITE,4,-6,-6,P4,3726074015,3726075015,4de244ec895a350cd9d9ab1d2d7c539cfb7796081f4f3405c76d179e969732d2,1,1,KNOWN_K_FIT_VALID,FIXED_GRID_FALLBACK,K2_GROUPED_Q1_KQ2,[8.5999999999999996 9.8000000000000007;8 10],50.1384309852892,-117.910387391586,2,0.341636837522738,0.331717947305242,0.0817247342493959,0.206155281280884,26.565051177078,0.0999999999999998,0.632455532033675,0.532455532033675,0.544851277882462,380,897,5.3457065,1,0,1,1,0,0,0
16,VA1_K2_N1_L4_SM6_P4,FULL4D_BEAMSPACE_CML_MULTISTART,FROZEN_CLASSICAL_FULL4D,WHITE,4,-6,-6,P4,3726074015,3726075015,4de244ec895a350cd9d9ab1d2d7c539cfb7796081f4f3405c76d179e969732d2,1,1,FULL4D_CML_VALID,FULL4D_NUMERICAL_MULTISTART,GRID_PAIR_006_016,[8.3205212453642439 9.8001226927228551;7.8243479724704628 10.189115854943029],49.6959379149166,-117.378511277724,2,0.270797470801654,0.214509803211264,0.165277991634814,0.05244740587406,6.90403192302956,0.0999999999999998,0.630478863236649,0.53047886323665,0.531339965783318,4309,8618,5.5772823,1,0,1,1,0,0,0
17,VA1_K2_N1_L4_SP0_P1,CORE_LITE,FROZEN_CORE_LITE,WHITE,4,0,0,P1,3726074016,3726075016,7b35d5f9c85ccc2c53607bd1b61c826b94f0867e68703055757a241d1ebe28a8,1,1,VALID_FOR_LRT,FIXED_GRID_CORE_LITE,K2_GROUPED_Q2_KQ1_PLUS_KQ1,[7.7999999999999998 9.8000000000000007;8.1999999999999993 10.199999999999999],47.6581529548093,-114.866342395613,2,0.132842712474619,0.0939339828220178,0.0939339828220174,0,0,0.299999999999999,0.565685424949237,0.265685424949237,0.265685424949237,171,387,0.1926645,0,0,1,1,0,0,0
17,VA1_K2_N1_L4_SP0_P1,TANGENT_PROFILE_SAFE,FROZEN_TANGENT_PROFILE,WHITE,4,0,0,P1,3726074016,3726075016,7b35d5f9c85ccc2c53607bd1b61c826b94f0867e68703055757a241d1ebe28a8,1,1,KNOWN_K_FIT_VALID,TANGENT_PROFILE_UPGRADE,FISHER_TANGENT_PROFILE_1D,[7.7956743135683748 9.8494277021715302;8.1296112507807567 10.164174164868536],43.3470986085576,-109.177505710136,2,0.0882233145846715,0.071446975538663,0.0517559940749244,0.0379712314838596,1.69452863394008,0.299999999999999,0.458889108407537,0.158889108407537,0.159267558729392,419,909,4.9022134,0,0,1,1,0,0,0
17,VA1_K2_N1_L4_SP0_P1,VINCENT_ANCHORED_PROJECTOR_AML_SAFE,VINCENT_ANCHORED_AML,WHITE,4,0,0,P1,3726074016,3726075016,7b35d5f9c85ccc2c53607bd1b61c826b94f0867e68703055757a241d1ebe28a8,1,1,KNOWN_K_FIT_VALID,VINCENT_ANCHORED_AML_UPGRADE,VINCENT_ANCHORED_PROJECTOR_AML_1D,[7.8756269377603214 9.924785660047732;8.1209291176364324 10.155990971003693],44.0852159286915,-110.19058860975,2,0.0447235209720118,0.0166742264307671,0.041498957831125,0.0404250073545083,1.6945286339403,0.299999999999999,0.337089090992596,0.0370890909925962,0.0382628858567637,391,918,4.9956484,1,0,1,1,0,0,0
17,VA1_K2_N1_L4_SP0_P1,FULL4D_BEAMSPACE_CML_MULTISTART,FROZEN_CLASSICAL_FULL4D,WHITE,4,0,0,P1,3726074016,3726075016,7b35d5f9c85ccc2c53607bd1b61c826b94f0867e68703055757a241d1ebe28a8,1,1,FULL4D_CML_VALID,FULL4D_NUMERICAL_MULTISTART,GRID_PAIR_002_019,[7.7728870528373211 9.8325755614554495;8.1124467958016488 10.145307809854351],43.2588316133624,-109.055204118736,2,0.0999946192542802,0.0857119408092139,0.0515013308811168,0.0583897926280159,2.35513609651719,0.299999999999999,0.461630023103603,0.161630023103603,0.162352160400356,4998,9996,5.9152029,1,0,1,1,0,0,0
18,VA1_K2_N1_L4_SP0_P2,CORE_LITE,FROZEN_CORE_LITE,WHITE,4,0,0,P2,3726074017,3726075017,8a634925a9a5bbebfb734a980b6ad6235855a6183175d73d2b3bdcfff6c23259,1,1,VALID_FOR_LRT,FIXED_GRID_CORE_LITE,K2_GROUPED_Q1_KQ2,[8 10;8.1999999999999993 10],57.9469973952455,-126.594844701372,2,0.0999999999999996,0.0999999999999996,0,0.0999999999999996,0,0.199999999999999,0.199999999999999,0,0,163,379,0.2022436,0,0,1,1,0,0,0
18,VA1_K2_N1_L4_SP0_P2,TANGENT_PROFILE_SAFE,FROZEN_TANGENT_PROFILE,WHITE,4,0,0,P2,3726074017,3726075017,8a634925a9a5bbebfb734a980b6ad6235855a6183175d73d2b3bdcfff6c23259,1,1,KNOWN_K_FIT_VALID,TANGENT_PROFILE_UPGRADE,FISHER_TANGENT_PROFILE_1D,[7.9894585358244168 9.9825012515394071;8.2946604311023098 10.038698654426412],56.7807835204376,-125.374996428582,2,0.0838203983234296,0.0782557547343799,0.0300315838085668,0.0589021430830159,10.4331178274603,0.199999999999999,0.31033263600927,0.110332636009271,0.119271064643967,373,825,4.9604579,0,0,1,1,0,0,0
18,VA1_K2_N1_L4_SP0_P2,VINCENT_ANCHORED_PROJECTOR_AML_SAFE,VINCENT_ANCHORED_AML,WHITE,4,0,0,P2,3726074017,3726075017,8a634925a9a5bbebfb734a980b6ad6235855a6183175d73d2b3bdcfff6c23259,1,1,KNOWN_K_FIT_VALID,VINCENT_ANCHORED_AML_UPGRADE,VINCENT_ANCHORED_PROJECTOR_AML_1D,[7.9803069918264606 9.9808161604143244;8.2913676053340879 10.038092340182638],56.7795962828623,-125.37374186683,2,0.0900554843558617,0.0848555668276953,0.0301582997020619,0.0648554940015354,10.4331178274601,0.199999999999999,0.316289844991257,0.116289844991258,0.124960076190529,350,850,5.4016339,1,0,1,1,0,0,0
18,VA1_K2_N1_L4_SP0_P2,FULL4D_BEAMSPACE_CML_MULTISTART,FROZEN_CLASSICAL_FULL4D,WHITE,4,0,0,P2,3726074017,3726075017,8a634925a9a5bbebfb734a980b6ad6235855a6183175d73d2b3bdcfff6c23259,1,1,FULL4D_CML_VALID,FULL4D_NUMERICAL_MULTISTART,GRID_PAIR_011_013,[7.9797518260565772 9.9819419072736348;8.2873678328493909 10.036518297579773],56.7780987360484,-125.372159361852,2,0.0902188332741212,0.0854961840775613,0.0288069502988331,0.0670782457516881,10.060573658186,0.199999999999999,0.31241989375519,0.112419893755191,0.120663943648793,3983,7966,5.8555346,1,0,1,1,0,0,0
19,VA1_K2_N1_L4_SP0_P3,CORE_LITE,FROZEN_CORE_LITE,WHITE,4,0,0,P3,3726074018,3726075018,4fc138ec7fe751c62dabf07a3e0aef96e07a6a3f92550aceaad0fc1a524b997d,1,1,VALID_FOR_LRT,FIXED_GRID_CORE_LITE,K2_GROUPED_Q1_KQ2,[8 10;7.7999999999999998 10.199999999999999],62.2664686687967,-130.908502854694,2,0.103077640640442,0.1,0.0250000000000004,0,45.0000000000001,0.149999999999999,0.282842712474619,0.13284271247462,0.206155281280883,151,347,0.2503259,0,0,1,1,0,0,0
19,VA1_K2_N1_L4_SP0_P3,TANGENT_PROFILE_SAFE,FROZEN_TANGENT_PROFILE,WHITE,4,0,0,P3,3726074018,3726075018,4fc138ec7fe751c62dabf07a3e0aef96e07a6a3f92550aceaad0fc1a524b997d,1,1,KNOWN_K_FIT_VALID,TANGENT_PROFILE_UPGRADE,FISHER_TANGENT_PROFILE_1D,[7.8957175647803792 10.090334393078214;7.8955742616305971 10.091324071918679],53.6771835681029,-122.002400871127,2,0.075193650897843,0.00435467630970776,0.075067449201264,0.0101518987574585,8.23903067538947,0.149999999999999,0.00100000000000112,0.148999999999997,0.1490103900668,405,881,5.7243818,0,0,1,1,0,0,0
19,VA1_K2_N1_L4_SP0_P3,VINCENT_ANCHORED_PROJECTOR_AML_SAFE,VINCENT_ANCHORED_AML,WHITE,4,0,0,P3,3726074018,3726075018,4fc138ec7fe751c62dabf07a3e0aef96e07a6a3f92550aceaad0fc1a524b997d,1,1,KNOWN_K_FIT_VALID,VINCENT_ANCHORED_AML_UPGRADE,VINCENT_ANCHORED_PROJECTOR_AML_1D,[7.9097721683802966 9.9932706243116503;7.8816303812403294 10.187623165115268],53.7863715705571,-122.124326530355,2,0.0282757470929444,0.0147128883674912,0.02414640324251,0.0104757271285665,8.23903067538303,0.149999999999999,0.196379403961446,0.0463794039614478,0.0525272125585195,394,924,5.1890089,1,0,1,1,0,0,0
19,VA1_K2_N1_L4_SP0_P3,FULL4D_BEAMSPACE_CML_MULTISTART,FROZEN_CLASSICAL_FULL4D,WHITE,4,0,0,P3,3726074018,3726075018,4fc138ec7fe751c62dabf07a3e0aef96e07a6a3f92550aceaad0fc1a524b997d,1,1,FULL4D_CML_VALID,FULL4D_NUMERICAL_MULTISTART,GRID_PAIR_010_018,[7.8954482754689375 10.094009507818615;7.879928497838276 10.198795990765124],53.5475917560107,-121.857368857994,2,0.0536290254484276,0.0145530648874178,0.0516166704944313,0.0480082385121057,8.42475084449124,0.149999999999999,0.105929554450135,0.0440704455498638,0.0478029875849975,5111,10222,6.5152957,1,0,1,1,0,0,0
20,VA1_K2_N1_L4_SP0_P4,CORE_LITE,FROZEN_CORE_LITE,WHITE,4,0,0,P4,3726074019,3726075019,94a366e43565b7d56c1f81f88726d90387c2d9c7bc1037d4b8612e6fe7fc0223,1,1,VALID_FOR_LRT,FIXED_GRID_CORE_LITE,K2_GROUPED_Q1_KQ2,[8.1999999999999993 9.8000000000000007;8 10],55.4185564754753,-123.917988943607,2,0.104201076655997,0.0646446609406723,0.0817247342493959,0.0499999999999989,0,0.0999999999999998,0.282842712474618,0.182842712474618,0.182842712474618,147,343,0.2248194,0,0,1,1,0,0,0
20,VA1_K2_N1_L4_SP0_P4,TANGENT_PROFILE_SAFE,FROZEN_TANGENT_PROFILE,WHITE,4,0,0,P4,3726074019,3726075019,94a366e43565b7d56c1f81f88726d90387c2d9c7bc1037d4b8612e6fe7fc0223,1,1,KNOWN_K_FIT_VALID,TANGENT_PROFILE_UPGRADE,FISHER_TANGENT_PROFILE_1D,[8.1681362854409993 9.8682048855223314;8.1674284339590546 9.868911246817639],52.6578739685356,-120.852066245037,2,0.116950788369444,0.0762859569041787,0.0886450206128256,0.10595865643012,0.0603737816322914,0.0999999999999998,0.000999999999999961,0.0989999999999999,0.0990000005607718,400,875,5.2258638,0,0,1,1,0,0,0
20,VA1_K2_N1_L4_SP0_P4,VINCENT_ANCHORED_PROJECTOR_AML_SAFE,VINCENT_ANCHORED_AML,WHITE,4,0,0,P4,3726074019,3726075019,94a366e43565b7d56c1f81f88726d90387c2d9c7bc1037d4b8612e6fe7fc0223,1,1,KNOWN_K_FIT_VALID,VINCENT_ANCHORED_AML_UPGRADE,VINCENT_ANCHORED_PROJECTOR_AML_1D,[8.0864340548707538 9.9497351145142598;8.0856199472899686 9.9505475082154131],52.452269842086,-120.617336030166,2,0.0513623388493589,0.0376381102348013,0.0349494278927325,0.0139737134545572,0.0603737815960706,0.0999999999999998,0.00115011072456766,0.0988498892754322,0.0988498899213614,382,904,4.9035062,1,0,1,1,0,0,0
20,VA1_K2_N1_L4_SP0_P4,FULL4D_BEAMSPACE_CML_MULTISTART,FROZEN_CLASSICAL_FULL4D,WHITE,4,0,0,P4,3726074019,3726075019,94a366e43565b7d56c1f81f88726d90387c2d9c7bc1037d4b8612e6fe7fc0223,1,1,FULL4D_CML_VALID,FULL4D_NUMERICAL_MULTISTART,GRID_PAIR_005_010,[8.1772690861032071 9.8599520839157115;8.0571699149362193 9.9817549129559779],52.6569100118741,-120.850967873137,2,0.0490758345259985,0.0301050993943672,0.0387571996521737,0.033853061184739,0.403513786425019,0.0999999999999998,0.171054786770817,0.0710547867708176,0.0710607566198251,4924,9848,5.0487647,1,0,1,1,0,0,0
21,VA1_K2_N1_L4_SP6_P1,CORE_LITE,FROZEN_CORE_LITE,WHITE,4,6,6,P1,3726074020,3726075020,4ea1d0a33e2a3c1ed19cbddfa4ce7c46eeeb37bf071a2c4bb2b64add00829637,1,1,VALID_FOR_LRT,FIXED_GRID_CORE_LITE,K2_GROUPED_Q1_KQ2,[7.7999999999999998 9.8000000000000007;8 10],59.0134217999293,-127.689013787755,2,0.141681308325435,0.100183813884298,0.100183813884297,0.141421356237309,0,0.299999999999999,0.282842712474619,0.0171572875253808,0.0171572875253808,171,387,0.1686183,0,0,1,1,0,0,0
21,VA1_K2_N1_L4_SP6_P1,TANGENT_PROFILE_SAFE,FROZEN_TANGENT_PROFILE,WHITE,4,6,6,P1,3726074020,3726075020,4ea1d0a33e2a3c1ed19cbddfa4ce7c46eeeb37bf071a2c4bb2b64add00829637,1,1,KNOWN_K_FIT_VALID,TANGENT_PROFILE_UPGRADE,FISHER_TANGENT_PROFILE_1D,[7.8841293475711787 9.8620488329176972;8.1161083618424428 10.121603287576885],54.5887103998466,-123.012744945893,2,0.0269726631483756,0.00992420169993104,0.0250805657419211,0.00817480382163654,3.21097553027785,0.299999999999999,0.348113168374447,0.0481131683744473,0.0514080592823148,419,909,4.8495751,0,0,1,1,0,0,0
21,VA1_K2_N1_L4_SP6_P1,VINCENT_ANCHORED_PROJECTOR_AML_SAFE,VINCENT_ANCHORED_AML,WHITE,4,6,6,P1,3726074020,3726075020,4ea1d0a33e2a3c1ed19cbddfa4ce7c46eeeb37bf071a2c4bb2b64add00829637,1,1,KNOWN_K_FIT_VALID,VINCENT_ANCHORED_AML_UPGRADE,VINCENT_ANCHORED_PROJECTOR_AML_1D,[7.8621261441120414 9.8374300996562756;8.0947532174879075 10.097709648471115],54.0527001303344,-122.420689357359,2,0.0469160726777115,0.0238717200912255,0.0403888456802926,0.0389430408706302,3.21097553027785,0.299999999999999,0.349085661118696,0.0490856611186966,0.0523280973569168,401,938,5.1892527,1,0,1,1,0,0,0
21,VA1_K2_N1_L4_SP6_P1,FULL4D_BEAMSPACE_CML_MULTISTART,FROZEN_CLASSICAL_FULL4D,WHITE,4,6,6,P1,3726074020,3726075020,4ea1d0a33e2a3c1ed19cbddfa4ce7c46eeeb37bf071a2c4bb2b64add00829637,1,1,FULL4D_CML_VALID,FULL4D_NUMERICAL_MULTISTART,GRID_PAIR_002_011,[7.8472426255979881 9.8197813784849259;8.0601130943348114 10.059954870497677],54.2221888854328,-122.608532239572,2,0.0771900269963624,0.0463236114592351,0.0617448239860879,0.0759050927770076,3.44880049509288,0.299999999999999,0.320931679218231,0.020931679218232,0.0280511788139504,5010,10020,5.2323309,1,0,1,1,0,0,0
22,VA1_K2_N1_L4_SP6_P2,CORE_LITE,FROZEN_CORE_LITE,WHITE,4,6,6,P2,3726074021,3726075021,7f355b99eae650e1c43354c6625fcfe910de011c95cda0ec05f8bb60c5b1b546,1,1,VALID_FOR_LRT,FIXED_GRID_CORE_LITE,K2_GROUPED_Q1_KQ2,[8 10;8.1999999999999993 10],52.2138839574545,-120.344025560816,2,0.0999999999999996,0.0999999999999996,0,0.0999999999999996,0,0.199999999999999,0.199999999999999,0,0,164,380,0.1763492,0,0,1,1,0,0,0
22,VA1_K2_N1_L4_SP6_P2,TANGENT_PROFILE_SAFE,FROZEN_TANGENT_PROFILE,WHITE,4,6,6,P2,3726074021,3726075021,7f355b99eae650e1c43354c6625fcfe910de011c95cda0ec05f8bb60c5b1b546,1,1,KNOWN_K_FIT_VALID,TANGENT_PROFILE_UPGRADE,FISHER_TANGENT_PROFILE_1D,[8.0399989868805815 9.9898394130878696;8.2343996750745898 10.00041294717988],51.2368058603133,-119.210607712363,2,0.0632729494233048,0.0628630424242887,0.00719055115315671,0.0629895082513761,3.11327362213921,0.199999999999999,0.194688025295597,0.00531197470440239,0.0119646109797026,374,826,5.0322711,0,0,1,1,0,0,0
22,VA1_K2_N1_L4_SP6_P2,VINCENT_ANCHORED_PROJECTOR_AML_SAFE,VINCENT_ANCHORED_AML,WHITE,4,6,6,P2,3726074021,3726075021,7f355b99eae650e1c43354c6625fcfe910de011c95cda0ec05f8bb60c5b1b546,1,1,KNOWN_K_FIT_VALID,VINCENT_ANCHORED_AML_UPGRADE,VINCENT_ANCHORED_PROJECTOR_AML_1D,[8.1018589761802922 9.9932040035729575;8.4133949867723867 10.010148576452231],50.5758565051183,-118.431578513016,2,0.0806568595625693,0.0801931381651476,0.00863652625316308,0.0576513568121399,3.11327362213909,0.199999999999999,0.311996481463652,0.111996481463652,0.112815779963891,359,868,4.8494415,1,0,1,1,0,0,0
22,VA1_K2_N1_L4_SP6_P2,FULL4D_BEAMSPACE_CML_MULTISTART,FROZEN_CLASSICAL_FULL4D,WHITE,4,6,6,P2,3726074021,3726075021,7f355b99eae650e1c43354c6625fcfe910de011c95cda0ec05f8bb60c5b1b546,1,1,FULL4D_CML_VALID,FULL4D_NUMERICAL_MULTISTART,GRID_PAIR_012_013,[8.1017761843270595 9.9939603724449526;8.428602990410015 9.9991980852614759],50.4906401936059,-118.33039800178,2,0.0910467026899216,0.0909447193991009,0.00430814160929918,0.0652792767769292,0.918141185073052,0.199999999999999,0.326868773072519,0.12686877307252,0.1269349139392,4256,8512,4.1213184,1,0,1,1,0,0,0
23,VA1_K2_N1_L4_SP6_P3,CORE_LITE,FROZEN_CORE_LITE,WHITE,4,6,6,P3,3726074022,3726075022,20825a62ba8780c752c62d3cd6fc46cbfa3986a36afb429c2710241a9f892c55,1,1,VALID_FOR_LRT,FIXED_GRID_CORE_LITE,K2_GROUPED_Q2_KQ1_PLUS_KQ1,[8 10;7.7999999999999998 10.199999999999999],58.6134168662029,-127.280937045889,2,0.103077640640442,0.1,0.0250000000000004,0,45.0000000000001,0.149999999999999,0.282842712474619,0.13284271247462,0.206155281280883,110,266,0.1205414,0,0,1,1,0,0,0
23,VA1_K2_N1_L4_SP6_P3,TANGENT_PROFILE_SAFE,FROZEN_TANGENT_PROFILE,WHITE,4,6,6,P3,3726074022,3726075022,20825a62ba8780c752c62d3cd6fc46cbfa3986a36afb429c2710241a9f892c55,1,1,KNOWN_K_FIT_VALID,TANGENT_PROFILE_UPGRADE,FISHER_TANGENT_PROFILE_1D,[7.8948163146135384 10.051851996067631;7.8986111168084223 10.161632820668141],51.3788416036696,-119.37670616332,2,0.0215465863515754,0.00379470622747449,0.0212097993402356,0.00750064897376231,1.97975933491871,0.149999999999999,0.109846392629281,0.0401536073707178,0.0403978043154968,359,790,4.9393733,0,0,1,1,0,0,0
23,VA1_K2_N1_L4_SP6_P3,VINCENT_ANCHORED_PROJECTOR_AML_SAFE,VINCENT_ANCHORED_AML,WHITE,4,6,6,P3,3726074022,3726075022,20825a62ba8780c752c62d3cd6fc46cbfa3986a36afb429c2710241a9f892c55,1,1,KNOWN_K_FIT_VALID,VINCENT_ANCHORED_AML_UPGRADE,VINCENT_ANCHORED_PROJECTOR_AML_1D,[7.8979632716231576 10.142891137966547;7.8997216013737042 10.193758318921287],51.3614853604595,-119.35643418963,2,0.0844228070727226,0.00145357632688486,0.0844102924405552,0.0683345335112138,1.97975933491871,0.149999999999999,0.0508975620417507,0.0991024379582479,0.0991484116633835,361,859,4.9892059,1,0,1,1,0,0,0
23,VA1_K2_N1_L4_SP6_P3,FULL4D_BEAMSPACE_CML_MULTISTART,FROZEN_CLASSICAL_FULL4D,WHITE,4,6,6,P3,3726074022,3726075022,20825a62ba8780c752c62d3cd6fc46cbfa3986a36afb429c2710241a9f892c55,1,1,FULL4D_CML_VALID,FULL4D_NUMERICAL_MULTISTART,GRID_PAIR_010_018,[7.8967394772124404 10.031830607080597;7.8968550617071536 10.199999999999999],51.3567380287423,-119.350888145436,2,0.0186034786908729,0.00320325191906692,0.0183256267708571,0.0162343576926525,0.0393799523623176,0.149999999999999,0.168169432640584,0.0181694326405852,0.0181697605607533,4069,8138,3.7276478,1,0,1,1,0,0,0
24,VA1_K2_N1_L4_SP6_P4,CORE_LITE,FROZEN_CORE_LITE,WHITE,4,6,6,P4,3726074023,3726075023,09e59c8b23393b192fca20c640c80590a905af91860dd9e10a47b2e2aae4bc8a,1,1,VALID_FOR_LRT,FIXED_GRID_CORE_LITE,K2_GROUPED_Q2_KQ1_PLUS_KQ1,[8 9.8000000000000007;8.1999999999999993 10],100.899751891411,-159.870767521713,2,0.158113883008418,0.135355339059327,0.0817247342493959,0.0499999999999989,90,0.0999999999999998,0.282842712474618,0.182842712474618,0.299999999999999,150,346,0.1848929,0,0,1,1,0,0,0
24,VA1_K2_N1_L4_SP6_P4,TANGENT_PROFILE_SAFE,FROZEN_TANGENT_PROFILE,WHITE,4,6,6,P4,3726074023,3726075023,09e59c8b23393b192fca20c640c80590a905af91860dd9e10a47b2e2aae4bc8a,1,1,KNOWN_K_FIT_VALID,TANGENT_PROFILE_UPGRADE,FISHER_TANGENT_PROFILE_1D,[8.1842632345078101 9.8535355212245435;8.0702712705068684 9.969194438850991],46.9288904314017,-113.941128605913,2,0.0566530785783053,0.0348112120760695,0.0446962059485428,0.0472881362159801,0.415882270364599,0.0999999999999998,0.162391973580326,0.0623919735803264,0.0623988296562859,399,870,5.0844635,0,0,1,1,0,0,0
24,VA1_K2_N1_L4_SP6_P4,VINCENT_ANCHORED_PROJECTOR_AML_SAFE,VINCENT_ANCHORED_AML,WHITE,4,6,6,P4,3726074023,3726075023,09e59c8b23393b192fca20c640c80590a905af91860dd9e10a47b2e2aae4bc8a,1,1,KNOWN_K_FIT_VALID,VINCENT_ANCHORED_AML_UPGRADE,VINCENT_ANCHORED_PROJECTOR_AML_1D,[8.2370271660181302 9.8000000000000007;8.0971332182286009 9.941939677288957],46.8093271273465,-113.788068257199,2,0.114936905998362,0.0754740576350306,0.0866842487686218,0.103660593183655,0.415882270365475,0.0999999999999998,0.199291717381914,0.099291717381914,0.0992970046132098,375,887,5.2103137,1,0,1,1,0,0,0
24,VA1_K2_N1_L4_SP6_P4,FULL4D_BEAMSPACE_CML_MULTISTART,FROZEN_CLASSICAL_FULL4D,WHITE,4,6,6,P4,3726074023,3726075023,09e59c8b23393b192fca20c640c80590a905af91860dd9e10a47b2e2aae4bc8a,1,1,FULL4D_CML_VALID,FULL4D_NUMERICAL_MULTISTART,GRID_PAIR_006_010,[8.2102065578697196 9.8274381666006985;8.076359534978268 9.9630787085943648],46.8636900944912,-113.857710049288,2,0.0831900359149409,0.0535721160265208,0.0636444063525629,0.0697858206371817,0.381314655169821,0.0999999999999998,0.190560704682892,0.0905607046828922,0.0905653645390833,4952,9904,6.0668705,1,0,1,1,0,0,0
25,VA1_K2_N1_L8_SM6_P1,CORE_LITE,FROZEN_CORE_LITE,WHITE,8,-6,-6,P1,3726074024,3726075024,816d74ce1b43e87dd45171d6f5b1f27e87aa15ae80bd32e6f254c614e1a8a1da,1,1,VALID_FOR_LRT,FIXED_GRID_CORE_LITE,K2_GROUPED_Q1_KQ2,[7.7999999999999998 9.8000000000000007;8 10],114.038876871272,-251.253307021509,2,0.141681308325435,0.100183813884298,0.100183813884297,0.141421356237309,0,0.299999999999999,0.282842712474619,0.0171572875253808,0.0171572875253808,171,387,0.2201009,0,0,1,1,0,0,0
25,VA1_K2_N1_L8_SM6_P1,TANGENT_PROFILE_SAFE,FROZEN_TANGENT_PROFILE,WHITE,8,-6,-6,P1,3726074024,3726075024,816d74ce1b43e87dd45171d6f5b1f27e87aa15ae80bd32e6f254c614e1a8a1da,1,1,KNOWN_K_FIT_VALID,TANGENT_PROFILE_UPGRADE,FISHER_TANGENT_PROFILE_1D,[8.0087841705454839 10.034002773216923;8.009415505057957 10.034778283844418],112.392645417126,-249.508397538503,2,0.153676761547912,0.106141149214568,0.111133269020868,0.0355740846774228,5.85135078404196,0.299999999999999,0.000999999999998611,0.299000000000001,0.299005227641373,425,921,5.0928795,0,0,1,1,0,0,0
25,VA1_K2_N1_L8_SM6_P1,VINCENT_ANCHORED_PROJECTOR_AML_SAFE,VINCENT_ANCHORED_AML,WHITE,8,-6,-6,P1,3726074024,3726075024,816d74ce1b43e87dd45171d6f5b1f27e87aa15ae80bd32e6f254c614e1a8a1da,1,1,KNOWN_K_FIT_VALID,VINCENT_ANCHORED_AML_UPGRADE,VINCENT_ANCHORED_PROJECTOR_AML_1D,[8.0163345591862303 10.04327742321137;8.0207065651513059 10.048647852076567],112.388327584365,-249.503787362432,2,0.154706893859852,0.10551809594706,0.113137767502592,0.0495537615346989,5.8513507839855,0.299999999999999,0.00692502291366573,0.293074977086334,0.293111908495889,420,976,5.5354493,1,0,1,1,0,0,0
25,VA1_K2_N1_L8_SM6_P1,FULL4D_BEAMSPACE_CML_MULTISTART,FROZEN_CLASSICAL_FULL4D,WHITE,8,-6,-6,P1,3726074024,3726075024,816d74ce1b43e87dd45171d6f5b1f27e87aa15ae80bd32e6f254c614e1a8a1da,1,1,FULL4D_CML_VALID,FULL4D_NUMERICAL_MULTISTART,GRID_PAIR_011_020,[7.9802651824952653 10.001067761380249;8.114179923921359 10.167121634648062],112.521507837245,-249.645903265755,2,0.106593495234182,0.0613144009171675,0.0871935632166065,0.0964462947220052,6.1154350955026,0.299999999999999,0.213323807387878,0.0866761926121212,0.0907807349746776,4974,9948,6.6775697,1,0,1,1,0,0,0
26,VA1_K2_N1_L8_SM6_P2,CORE_LITE,FROZEN_CORE_LITE,WHITE,8,-6,-6,P2,3726074025,3726075025,f144ea6dc6b1eaa0edb1ff27018bef3921412d755f56198fd15173c150e63927,1,1,VALID_FOR_LRT,FIXED_GRID_CORE_LITE,K2_GROUPED_Q1_KQ2,[8.1999999999999993 10;7.4000000000000004 10.199999999999999],87.6903539486966,-219.726005665651,2,0.519615242270662,0.499999999999999,0.141421356237309,0.412310562561765,14.0362434679264,0.199999999999999,0.824621125123531,0.624621125123532,0.632455532033675,148,344,0.2014823,0,0,1,1,0,0,0
26,VA1_K2_N1_L8_SM6_P2,TANGENT_PROFILE_SAFE,FROZEN_TANGENT_PROFILE,WHITE,8,-6,-6,P2,3726074025,3726075025,f144ea6dc6b1eaa0edb1ff27018bef3921412d755f56198fd15173c150e63927,1,1,KNOWN_K_FIT_VALID,TANGENT_PROFILE_UPGRADE,FISHER_TANGENT_PROFILE_1D,[8.2355056346383186 9.9371721404970845;8.0602803724529757 10.039482387419598],87.4930154717313,-219.45565320776,2,0.074977899483613,0.0535591821067136,0.0524699859256191,0.0533984255029313,30.2797330824554,0.199999999999999,0.202907070190439,0.00290707019044012,0.105267156602288,397,868,5.225549,0,0,1,1,0,0,0
26,VA1_K2_N1_L8_SM6_P2,VINCENT_ANCHORED_PROJECTOR_AML_SAFE,VINCENT_ANCHORED_AML,WHITE,8,-6,-6,P2,3726074025,3726075025,f144ea6dc6b1eaa0edb1ff27018bef3921412d755f56198fd15173c150e63927,1,1,KNOWN_K_FIT_VALID,VINCENT_ANCHORED_AML_UPGRADE,VINCENT_ANCHORED_PROJECTOR_AML_1D,[8.0855699057316652 10.024716375019166;7.8788596548913024 10.145410026956878],87.1218956227449,-218.945565625254,2,0.241493574134394,0.217811062118893,0.104295194361217,0.233807934162003,30.2797330824552,0.199999999999999,0.239366007236924,0.039366007236925,0.120880044194243,362,863,5.9311308,1,0,1,1,0,0,0
26,VA1_K2_N1_L8_SM6_P2,FULL4D_BEAMSPACE_CML_MULTISTART,FROZEN_CLASSICAL_FULL4D,WHITE,8,-6,-6,P2,3726074025,3726075025,f144ea6dc6b1eaa0edb1ff27018bef3921412d755f56198fd15173c150e63927,1,1,FULL4D_CML_VALID,FULL4D_NUMERICAL_MULTISTART,GRID_PAIR_012_015,[8.1561946925569266 9.9847555179132392;7.4476730383275402 10.199999999999999],86.5096964195027,-218.099357766965,2,0.493174829856367,0.472340148290201,0.141831580111929,0.40864446384554,16.8984560027735,0.199999999999999,0.740495186737054,0.540495186737054,0.552199655821144,4455,8910,6.2279063,1,0,1,1,0,0,0
27,VA1_K2_N1_L8_SM6_P3,CORE_LITE,FROZEN_CORE_LITE,WHITE,8,-6,-6,P3,3726074026,3726075026,6e415895bc0a16ffbb015c9679da3152faad7b8972fdb32ea101b4773dcbce07,1,1,VALID_FOR_LRT,FIXED_GRID_CORE_LITE,K2_GROUPED_Q1_KQ2,[7.7999999999999998 10;7.7999999999999998 10.199999999999999],132.998745154247,-269.709340357695,2,0.103077640640442,0.100000000000001,0.0250000000000004,0.100000000000001,0,0.149999999999999,0.199999999999999,0.0500000000000007,0.0500000000000007,163,379,0.1725312,0,0,1,1,0,0,0
27,VA1_K2_N1_L8_SM6_P3,TANGENT_PROFILE_SAFE,FROZEN_TANGENT_PROFILE,WHITE,8,-6,-6,P3,3726074026,3726075026,6e415895bc0a16ffbb015c9679da3152faad7b8972fdb32ea101b4773dcbce07,1,1,KNOWN_K_FIT_VALID,TANGENT_PROFILE_UPGRADE,FISHER_TANGENT_PROFILE_1D,[7.8936735475090298 9.9523696187482606;7.8910397120813869 10.199999999999999],109.436405435996,-246.309810160363,2,0.0548656679603832,0.00775598996598622,0.0543146954367466,0.0250116855216519,0.609383884729975,0.149999999999999,0.247644387798192,0.0976443877981935,0.0976659020969961,417,913,4.6179213,0,0,1,1,0,0,0
27,VA1_K2_N1_L8_SM6_P3,VINCENT_ANCHORED_PROJECTOR_AML_SAFE,VINCENT_ANCHORED_AML,WHITE,8,-6,-6,P3,3726074026,3726075026,6e415895bc0a16ffbb015c9679da3152faad7b8972fdb32ea101b4773dcbce07,1,1,KNOWN_K_FIT_VALID,VINCENT_ANCHORED_AML_UPGRADE,VINCENT_ANCHORED_PROJECTOR_AML_1D,[7.8928407121288977 10.030671907698236;7.8910451510304833 10.199488635841027],109.520997872602,-246.40253224004,2,0.019535973807056,0.00810693292460773,0.0177744735828065,0.0170976883868995,0.609383884729377,0.149999999999999,0.168826276806944,0.0188262768069453,0.0189022035132908,384,912,4.7216281,1,0,1,1,0,0,0
27,VA1_K2_N1_L8_SM6_P3,FULL4D_BEAMSPACE_CML_MULTISTART,FROZEN_CLASSICAL_FULL4D,WHITE,8,-6,-6,P3,3726074026,3726075026,6e415895bc0a16ffbb015c9679da3152faad7b8972fdb32ea101b4773dcbce07,1,1,FULL4D_CML_VALID,FULL4D_NUMERICAL_MULTISTART,GRID_PAIR_010_017,[7.8940914846450783 9.9860057247075211;7.8920076467083868 10.199999999999999],109.458031671804,-246.333521574318,2,0.0334988191614495,0.00702809593123613,0.0327532708716677,0.00986247801125459,0.557918407518785,0.149999999999999,0.214004421072321,0.0640044210723225,0.0640281941862806,973,1946,0.9672811,1,0,1,1,0,0,0
28,VA1_K2_N1_L8_SM6_P4,CORE_LITE,FROZEN_CORE_LITE,WHITE,8,-6,-6,P4,3726074027,3726075027,b3b525a109ca898364adcf49a868501a2a137621d86fd50e57b03f4c1eb3eede,1,1,VALID_FOR_LRT,FIXED_GRID_CORE_LITE,K2_GROUPED_Q1_KQ2,[7.7999999999999998 9.8000000000000007;8.1999999999999993 10],108.497339238641,-245.275655112121,2,0.240684299837223,0.192634016664423,0.144295072029038,0.111803398874989,71.5650511770779,0.0999999999999998,0.447213595499957,0.347213595499957,0.426281278913979,171,387,0.1641008,0,0,1,1,0,0,0
28,VA1_K2_N1_L8_SM6_P4,TANGENT_PROFILE_SAFE,FROZEN_TANGENT_PROFILE,WHITE,8,-6,-6,P4,3726074027,3726075027,b3b525a109ca898364adcf49a868501a2a137621d86fd50e57b03f4c1eb3eede,1,1,KNOWN_K_FIT_VALID,TANGENT_PROFILE_UPGRADE,FISHER_TANGENT_PROFILE_1D,[8.0333133325545685 9.8000000000000007;8.1994169618924193 10.112366709066382],106.835651066514,-243.423579045001,2,0.170075616401376,0.119532723961569,0.120986128116554,0.0174943395682658,73.0021883843629,0.0999999999999998,0.35378436456713,0.25378436456713,0.338346942515391,386,843,4.6456413,0,0,1,1,0,0,0
28,VA1_K2_N1_L8_SM6_P4,VINCENT_ANCHORED_PROJECTOR_AML_SAFE,VINCENT_ANCHORED_AML,WHITE,8,-6,-6,P4,3726074027,3726075027,b3b525a109ca898364adcf49a868501a2a137621d86fd50e57b03f4c1eb3eede,1,1,KNOWN_K_FIT_VALID,VINCENT_ANCHORED_AML_UPGRADE,VINCENT_ANCHORED_PROJECTOR_AML_1D,[8.1427464191151557 10.005794739393558;8.242353628709834 10.193111394570852],107.188447415002,-243.819194309485,2,0.203845555131389,0.12576785219199,0.160422746834225,0.17578886812478,73.0021883843625,0.0999999999999998,0.21215354229908,0.112153542299081,0.206410117874419,344,824,4.6682937,1,0,1,1,0,0,0
28,VA1_K2_N1_L8_SM6_P4,FULL4D_BEAMSPACE_CML_MULTISTART,FROZEN_CLASSICAL_FULL4D,WHITE,8,-6,-6,P4,3726074027,3726075027,b3b525a109ca898364adcf49a868501a2a137621d86fd50e57b03f4c1eb3eede,1,1,FULL4D_CML_VALID,FULL4D_NUMERICAL_MULTISTART,GRID_PAIR_004_020,[8.0467820973620636 9.81316398627499;8.2364222322275449 10.199999999999999],106.561638105177,-243.11540668199,2,0.216475646370344,0.136661540204218,0.167884867991339,0.0702300652358066,71.1156606456044,0.0999999999999998,0.430819547219545,0.330819547219545,0.409533605011519,4638,9276,4.6704515,1,0,1,1,0,0,0
29,VA1_K2_N1_L8_SP0_P1,CORE_LITE,FROZEN_CORE_LITE,WHITE,8,0,0,P1,3726074028,3726075028,a90abfe2a1a61d41fcca6644dd3588c4cf9313527ed526359dd0623ce4624aad,1,1,VALID_FOR_LRT,FIXED_GRID_CORE_LITE,K2_GROUPED_Q1_KQ2,[7.7999999999999998 9.8000000000000007;8 10],98.2899122091167,-233.419145095589,2,0.141681308325435,0.100183813884298,0.100183813884297,0.141421356237309,0,0.299999999999999,0.282842712474619,0.0171572875253808,0.0171572875253808,171,387,0.1529468,0,0,1,1,0,0,0
29,VA1_K2_N1_L8_SP0_P1,TANGENT_PROFILE_SAFE,FROZEN_TANGENT_PROFILE,WHITE,8,0,0,P1,3726074028,3726075028,a90abfe2a1a61d41fcca6644dd3588c4cf9313527ed526359dd0623ce4624aad,1,1,KNOWN_K_FIT_VALID,TANGENT_PROFILE_UPGRADE,FISHER_TANGENT_PROFILE_1D,[7.9088305185518335 9.891825412544538;8.1072711401797974 10.103218135998294],97.1205307606051,-231.982912243392,2,0.0108608377675911,0.0105678545173363,0.00250564321369742,0.00842362488714335,1.81013542306374,0.299999999999999,0.289940621233536,0.0100593787664635,0.013711358907802,381,833,4.3840564,0,0,1,1,0,0,0
29,VA1_K2_N1_L8_SP0_P1,VINCENT_ANCHORED_PROJECTOR_AML_SAFE,VINCENT_ANCHORED_AML,WHITE,8,0,0,P1,3726074028,3726075028,a90abfe2a1a61d41fcca6644dd3588c4cf9313527ed526359dd0623ce4624aad,1,1,KNOWN_K_FIT_VALID,VINCENT_ANCHORED_AML_UPGRADE,VINCENT_ANCHORED_PROJECTOR_AML_1D,[7.8522097806804663 9.8315090726520449;8.0782366607356337 10.072288593279611],96.5505041995657,-231.276524890611,2,0.0614539091485799,0.0354639403080393,0.0501885633134656,0.0593561003433543,1.81013542306415,0.299999999999999,0.33024676843402,0.0302467684340209,0.0318393656765693,369,880,4.3340009,1,0,1,1,0,0,0
29,VA1_K2_N1_L8_SP0_P1,FULL4D_BEAMSPACE_CML_MULTISTART,FROZEN_CLASSICAL_FULL4D,WHITE,8,0,0,P1,3726074028,3726075028,a90abfe2a1a61d41fcca6644dd3588c4cf9313527ed526359dd0623ce4624aad,1,1,FULL4D_CML_VALID,FULL4D_NUMERICAL_MULTISTART,GRID_PAIR_002_011,[7.8433986242413498 9.8229822308456534;8.0524852890890752 10.046016105458225],96.6059086881742,-231.345365875137,2,0.0838595847100385,0.0520803076479684,0.0657272508403712,0.0836683861959492,1.84864837911274,0.299999999999999,0.305714478953551,0.00571447895355198,0.011319204761038,4972,9944,4.1577007,1,0,1,1,0,0,0
30,VA1_K2_N1_L8_SP0_P2,CORE_LITE,FROZEN_CORE_LITE,WHITE,8,0,0,P2,3726074029,3726075029,cec4db0ea58de0dcec1a316d93c39ba4dd211fe19d5d51f3ea6702f90a651c77,1,1,VALID_FOR_LRT,FIXED_GRID_CORE_LITE,K2_GROUPED_Q1_KQ2,[8.1999999999999993 10;8.5999999999999996 10],113.926666711101,-251.135173200964,2,0.223606797749979,0.223606797749979,0,0.199999999999999,0,0.199999999999999,0.4,0.200000000000001,0.200000000000001,128,304,0.1664166,0,0,1,1,0,0,0
30,VA1_K2_N1_L8_SP0_P2,TANGENT_PROFILE_SAFE,FROZEN_TANGENT_PROFILE,WHITE,8,0,0,P2,3726074029,3726075029,cec4db0ea58de0dcec1a316d93c39ba4dd211fe19d5d51f3ea6702f90a651c77,1,1,KNOWN_K_FIT_VALID,FIXED_GRID_FALLBACK,K2_GROUPED_Q1_KQ2,[8.1999999999999993 10;8.5999999999999996 10],113.926666711101,-251.135173200964,2,0.223606797749979,0.223606797749979,0,0.199999999999999,0,0.199999999999999,0.4,0.200000000000001,0.200000000000001,344,762,4.6564977,0,0,1,1,0,0,0
30,VA1_K2_N1_L8_SP0_P2,VINCENT_ANCHORED_PROJECTOR_AML_SAFE,VINCENT_ANCHORED_AML,WHITE,8,0,0,P2,3726074029,3726075029,cec4db0ea58de0dcec1a316d93c39ba4dd211fe19d5d51f3ea6702f90a651c77,1,1,KNOWN_K_FIT_VALID,VINCENT_ANCHORED_AML_UPGRADE,VINCENT_ANCHORED_PROJECTOR_AML_1D,[8.2430503578592536 10.008166164103208;8.5169943428963499 10.035534384806907],113.883806374626,-251.0900195224,2,0.185579266719703,0.183779691115041,0.0257815703533148,0.181343544493069,5.7051721707589,0.199999999999999,0.275307694121489,0.0753076941214895,0.0788462581715376,321,781,4.6384784,1,0,1,1,0,0,0
30,VA1_K2_N1_L8_SP0_P2,FULL4D_BEAMSPACE_CML_MULTISTART,FROZEN_CLASSICAL_FULL4D,WHITE,8,0,0,P2,3726074029,3726075029,cec4db0ea58de0dcec1a316d93c39ba4dd211fe19d5d51f3ea6702f90a651c77,1,1,FULL4D_CML_VALID,FULL4D_NUMERICAL_MULTISTART,GRID_PAIR_012_014,[8.2179830441584638 10.000034622648656;8.5999999999999996 10.014964753586515],113.685583640301,-250.880969138837,2,0.228192839236392,0.227947360928898,0.0105817070606049,0.209126042431007,2.23811623296682,0.199999999999999,0.382308597026349,0.18230859702635,0.182628259104777,2648,5296,2.5259946,1,0,1,1,0,0,0
31,VA1_K2_N1_L8_SP0_P3,CORE_LITE,FROZEN_CORE_LITE,WHITE,8,0,0,P3,3726074030,3726075030,5ada8dd0ada79c4ce6d8912f058bba13c630168a08d803188b9f52223c3574d3,1,1,VALID_FOR_LRT,FIXED_GRID_CORE_LITE,K2_GROUPED_Q1_KQ2,[7.7999999999999998 9.8000000000000007;8 10.199999999999999],188.172090620381,-311.351407540421,2,0.188745860881769,0.1,0.160078105935821,0.0999999999999996,26.5650511770781,0.149999999999999,0.447213595499957,0.297213595499958,0.320156211871643,149,345,0.1412926,0,0,1,1,0,0,0
31,VA1_K2_N1_L8_SP0_P3,TANGENT_PROFILE_SAFE,FROZEN_TANGENT_PROFILE,WHITE,8,0,0,P3,3726074030,3726075030,5ada8dd0ada79c4ce6d8912f058bba13c630168a08d803188b9f52223c3574d3,1,1,KNOWN_K_FIT_VALID,TANGENT_PROFILE_UPGRADE,FISHER_TANGENT_PROFILE_1D,[7.9010348113047648 10.105001896119688;7.9010426440506016 10.106001865443265],116.111639109458,-253.414833296867,2,0.0747101194487979,0.0010387350607163,0.0747028980530694,0.00559907557744747,0.448787867526988,0.149999999999999,0.00100000000000046,0.148999999999998,0.149000030882301,403,879,4.6898605,0,0,1,1,0,0,0
31,VA1_K2_N1_L8_SP0_P3,VINCENT_ANCHORED_PROJECTOR_AML_SAFE,VINCENT_ANCHORED_AML,WHITE,8,0,0,P3,3726074030,3726075030,5ada8dd0ada79c4ce6d8912f058bba13c630168a08d803188b9f52223c3574d3,1,1,KNOWN_K_FIT_VALID,VINCENT_ANCHORED_AML_UPGRADE,VINCENT_ANCHORED_PROJECTOR_AML_1D,[7.9012339258456139 10.130421900403913;7.9012627698889775 10.134104281925451],116.088486391738,-253.39090285213,2,0.0799667243370343,0.0012484311725082,0.0799569785622414,0.0322872331409542,0.448787867511558,0.149999999999999,0.00368249448730041,0.146317505512698,0.146317621321519,413,964,5.0061309,1,0,1,1,0,0,0
31,VA1_K2_N1_L8_SP0_P3,FULL4D_BEAMSPACE_CML_MULTISTART,FROZEN_CLASSICAL_FULL4D,WHITE,8,0,0,P3,3726074030,3726075030,5ada8dd0ada79c4ce6d8912f058bba13c630168a08d803188b9f52223c3574d3,1,1,FULL4D_CML_VALID,FULL4D_NUMERICAL_MULTISTART,GRID_PAIR_010_017,[7.900107363186617 10.124155408692644;7.9002365545262538 10.143679106995886],116.077088304584,-253.379120136615,2,0.0735284329238629,0.000183691177974733,0.0735282034717981,0.0339176937530061,0.379129525590952,0.149999999999999,0.0195241257381288,0.13047587426187,0.130476365656257,3205,6410,3.1198346,1,0,1,1,0,0,0
32,VA1_K2_N1_L8_SP0_P4,CORE_LITE,FROZEN_CORE_LITE,WHITE,8,0,0,P4,3726074031,3726075031,ffb31fa37bb45c2969cdf09000cb7500b1190201360324a4d9cc5ddc9169503c,1,1,VALID_FOR_LRT,FIXED_GRID_CORE_LITE,K2_GROUPED_Q1_KQ2,[8.4000000000000004 9.8000000000000007;8 10],128.356319370112,-265.445794154795,2,0.20925294875916,0.192634016664423,0.0817247342493959,0.111803398874989,18.4349488229221,0.0999999999999998,0.447213595499958,0.347213595499958,0.353761482156572,170,386,0.1654521,0,0,1,1,0,0,0
32,VA1_K2_N1_L8_SP0_P4,TANGENT_PROFILE_SAFE,FROZEN_TANGENT_PROFILE,WHITE,8,0,0,P4,3726074031,3726075031,ffb31fa37bb45c2969cdf09000cb7500b1190201360324a4d9cc5ddc9169503c,1,1,KNOWN_K_FIT_VALID,TANGENT_PROFILE_UPGRADE,FISHER_TANGENT_PROFILE_1D,[8.1178352150989195 9.9394575879922478;8.1168663914443062 9.9397053393318267],125.941662771937,-263.166833871667,2,0.0535428226019593,0.0389490942152844,0.0367396504065265,0.0202384849629526,30.6555121525477,0.0999999999999998,0.00100000000000066,0.0989999999999991,0.0991410627054043,426,924,4.7308986,0,0,1,1,0,0,0
32,VA1_K2_N1_L8_SP0_P4,VINCENT_ANCHORED_PROJECTOR_AML_SAFE,VINCENT_ANCHORED_AML,WHITE,8,0,0,P4,3726074031,3726075031,ffb31fa37bb45c2969cdf09000cb7500b1190201360324a4d9cc5ddc9169503c,1,1,KNOWN_K_FIT_VALID,VINCENT_ANCHORED_AML_UPGRADE,VINCENT_ANCHORED_PROJECTOR_AML_1D,[8.4501211029568264 9.8544841529942122;8.1136284267029612 9.9405333642240308],125.738853840907,-262.973437280474,2,0.231414337903622,0.22525196495284,0.0530485444876292,0.189298073166857,30.6555121525671,0.0999999999999998,0.34732087171053,0.24732087171053,0.266224230923384,395,927,4.7626521,1,0,1,1,0,0,0
32,VA1_K2_N1_L8_SP0_P4,FULL4D_BEAMSPACE_CML_MULTISTART,FROZEN_CLASSICAL_FULL4D,WHITE,8,0,0,P4,3726074031,3726075031,ffb31fa37bb45c2969cdf09000cb7500b1190201360324a4d9cc5ddc9169503c,1,1,FULL4D_CML_VALID,FULL4D_NUMERICAL_MULTISTART,GRID_PAIR_012_021,[8.1039659650268465 9.9339134249858763;8.5999999999999996 10.171113882133438],125.465993145761,-262.712747276378,2,0.37806319434618,0.329727786132523,0.184963147603468,0.272037630930924,70.5568430015538,0.0999999999999998,0.549830720060965,0.449830720060966,0.525080208260518,4785,9570,4.3911108,1,0,1,1,0,0,0
33,VA1_K2_N1_L8_SP6_P1,CORE_LITE,FROZEN_CORE_LITE,WHITE,8,6,6,P1,3726074032,3726075032,ffb610624a3413d0084b88ae5efa98814d63d7cc4f667947e6bbeeb75e5d6d26,1,1,VALID_FOR_LRT,FIXED_GRID_CORE_LITE,K2_GROUPED_Q2_KQ1_PLUS_KQ1,[8 10;8.1999999999999993 10.199999999999999],115.06439003539,-252.327603370659,2,0.141681308325435,0.100183813884297,0.100183813884297,0.141421356237309,0,0.299999999999999,0.282842712474618,0.0171572875253814,0.0171572875253814,131,307,0.1340537,0,0,1,1,0,0,0
33,VA1_K2_N1_L8_SP6_P1,TANGENT_PROFILE_SAFE,FROZEN_TANGENT_PROFILE,WHITE,8,6,6,P1,3726074032,3726075032,ffb610624a3413d0084b88ae5efa98814d63d7cc4f667947e6bbeeb75e5d6d26,1,1,KNOWN_K_FIT_VALID,TANGENT_PROFILE_UPGRADE,FISHER_TANGENT_PROFILE_1D,[7.9012147320085386 9.9003802930025984;8.1031363148691948 10.099367792440219],111.112604540889,-248.133874258914,2,0.00860272032315829,0.00554943530168305,0.00657347433180618,0.00217916669144163,0.419316006988546,0.299999999999999,0.283493122592754,0.0165068774072459,0.016644281839646,341,753,4.7436706,0,0,1,1,0,0,0
33,VA1_K2_N1_L8_SP6_P1,VINCENT_ANCHORED_PROJECTOR_AML_SAFE,VINCENT_ANCHORED_AML,WHITE,8,6,6,P1,3726074032,3726075032,ffb610624a3413d0084b88ae5efa98814d63d7cc4f667947e6bbeeb75e5d6d26,1,1,KNOWN_K_FIT_VALID,VINCENT_ANCHORED_AML_UPGRADE,VINCENT_ANCHORED_PROJECTOR_AML_1D,[7.931347656666178 9.9300753619665922;8.1505907654501577 10.146132691588264],110.168870059919,-247.110301684184,2,0.0560971206212457,0.0411232063391086,0.0381545389486716,0.0559499160980943,0.419316006988546,0.299999999999999,0.3078121349663,0.00781213496630034,0.00812251946404362,327,796,4.9123053,1,0,1,1,0,0,0
33,VA1_K2_N1_L8_SP6_P1,FULL4D_BEAMSPACE_CML_MULTISTART,FROZEN_CLASSICAL_FULL4D,WHITE,8,6,6,P1,3726074032,3726075032,ffb610624a3413d0084b88ae5efa98814d63d7cc4f667947e6bbeeb75e5d6d26,1,1,FULL4D_CML_VALID,FULL4D_NUMERICAL_MULTISTART,GRID_PAIR_003_019,[7.9012679498150682 9.9013926942546462;8.1365700287568039 10.132546829400159],110.622050726597,-247.60291031298,2,0.0295054875102706,0.0221842488520127,0.0194533517957884,0.0254145818789161,0.509487068496744,0.299999999999999,0.329847392818517,0.0298473928185171,0.0299781801408026,4982,9964,5.028197,1,0,1,1,0,0,0
34,VA1_K2_N1_L8_SP6_P2,CORE_LITE,FROZEN_CORE_LITE,WHITE,8,6,6,P2,3726074033,3726075033,ff38a2d6d736283474a53a7200b786fd73dd85ae1fa79d9fa88cf9c8af329e97,1,1,VALID_FOR_LRT,FIXED_GRID_CORE_LITE,K2_GROUPED_Q1_KQ2,[8 10;8.1999999999999993 10],90.7425001684751,-223.831676403071,2,0.0999999999999996,0.0999999999999996,0,0.0999999999999996,0,0.199999999999999,0.199999999999999,0,0,145,341,0.1545602,0,0,1,1,0,0,0
34,VA1_K2_N1_L8_SP6_P2,TANGENT_PROFILE_SAFE,FROZEN_TANGENT_PROFILE,WHITE,8,6,6,P2,3726074033,3726075033,ff38a2d6d736283474a53a7200b786fd73dd85ae1fa79d9fa88cf9c8af329e97,1,1,KNOWN_K_FIT_VALID,TANGENT_PROFILE_UPGRADE,FISHER_TANGENT_PROFILE_1D,[8.010485458093294 10.004305541851826;8.2711885990771652 10.013675139474694],88.6872723208799,-221.082543693347,2,0.0672625347656248,0.0664941728119977,0.0101377297826033,0.0598421541379179,2.05830830536519,0.199999999999999,0.260871457002238,0.060871457002239,0.0614219886109387,356,789,4.7676143,0,0,1,1,0,0,0
34,VA1_K2_N1_L8_SP6_P2,VINCENT_ANCHORED_PROJECTOR_AML_SAFE,VINCENT_ANCHORED_AML,WHITE,8,6,6,P2,3726074033,3726075033,ff38a2d6d736283474a53a7200b786fd73dd85ae1fa79d9fa88cf9c8af329e97,1,1,KNOWN_K_FIT_VALID,VINCENT_ANCHORED_AML_UPGRADE,VINCENT_ANCHORED_PROJECTOR_AML_1D,[7.9561916384893472 10.002354237233179;8.2392488760248099 10.012527234804052],88.4482248824061,-220.758659316879,2,0.11075653016733,0.110389184036814,0.00901315829179604,0.102550038167018,2.05830830536537,0.199999999999999,0.283239985879085,0.0832399858790859,0.083677921739246,334,816,4.5830484,1,0,1,1,0,0,0
34,VA1_K2_N1_L8_SP6_P2,FULL4D_BEAMSPACE_CML_MULTISTART,FROZEN_CLASSICAL_FULL4D,WHITE,8,6,6,P2,3726074033,3726075033,ff38a2d6d736283474a53a7200b786fd73dd85ae1fa79d9fa88cf9c8af329e97,1,1,FULL4D_CML_VALID,FULL4D_NUMERICAL_MULTISTART,GRID_PAIR_010_012,[7.9546172654430114 10.000766633710022;8.2342430939551221 10.013108107251139],88.4329917677533,-220.737990375344,2,0.113208922799431,0.112827545838466,0.00928467024058185,0.10579751446776,2.52714759449045,0.199999999999999,0.279898045617061,0.0798980456170619,0.0805765755998991,4308,8616,3.75395,1,0,1,1,0,0,0
35,VA1_K2_N1_L8_SP6_P3,CORE_LITE,FROZEN_CORE_LITE,WHITE,8,6,6,P3,3726074034,3726075034,8a45abda1fdbd45ff2087d31640556519bf78b154e155366ed9729f4e5a1271f,1,1,VALID_FOR_LRT,FIXED_GRID_CORE_LITE,K2_GROUPED_Q1_KQ2,[7.7999999999999998 10;8 10.199999999999999],133.039237697449,-269.74586976729,2,0.103077640640442,0.1,0.0250000000000004,0,45.0000000000001,0.149999999999999,0.282842712474619,0.13284271247462,0.206155281280883,151,347,0.1552499,0,0,1,1,0,0,0
35,VA1_K2_N1_L8_SP6_P3,TANGENT_PROFILE_SAFE,FROZEN_TANGENT_PROFILE,WHITE,8,6,6,P3,3726074034,3726075034,8a45abda1fdbd45ff2087d31640556519bf78b154e155366ed9729f4e5a1271f,1,1,KNOWN_K_FIT_VALID,TANGENT_PROFILE_UPGRADE,FISHER_TANGENT_PROFILE_1D,[7.8979132379629542 10.102939145621495;7.8978695029440749 10.10393818878779],93.5466545753152,-227.483812119396,2,0.0746096006773681,0.00210874293176815,0.0745797942909743,0.00403370186164003,2.50663152623089,0.149999999999999,0.000999999999999178,0.148999999999999,0.149000963252292,405,881,4.6649805,0,0,1,1,0,0,0
35,VA1_K2_N1_L8_SP6_P3,VINCENT_ANCHORED_PROJECTOR_AML_SAFE,VINCENT_ANCHORED_AML,WHITE,8,6,6,P3,3726074034,3726075034,8a45abda1fdbd45ff2087d31640556519bf78b154e155366ed9729f4e5a1271f,1,1,KNOWN_K_FIT_VALID,VINCENT_ANCHORED_AML_UPGRADE,VINCENT_ANCHORED_PROJECTOR_AML_1D,[7.9043519189082572 9.9558597487631655;7.904169138540964 9.9600350179537767],92.7699826459575,-226.483352120073,2,0.159728893381228,0.00426150879136673,0.159672035509079,0.142116494467456,2.50663152622478,0.149999999999999,0.00417926805514252,0.145820731944856,0.145824845360086,390,916,4.780405,1,0,1,1,0,0,0
35,VA1_K2_N1_L8_SP6_P3,FULL4D_BEAMSPACE_CML_MULTISTART,FROZEN_CLASSICAL_FULL4D,WHITE,8,6,6,P3,3726074034,3726075034,8a45abda1fdbd45ff2087d31640556519bf78b154e155366ed9729f4e5a1271f,1,1,FULL4D_CML_VALID,FULL4D_NUMERICAL_MULTISTART,GRID_PAIR_010_018,[7.9042715245033772 9.9300511215696492;7.9023387717376359 9.9813919707501011],92.7888107024191,-226.507704151495,2,0.152517333900174,0.00344352833760024,0.152478455044001,0.144316306239439,2.15591113464956,0.149999999999999,0.0513772160380785,0.0986227839619201,0.0986780805127843,5087,10174,4.7273968,1,0,1,1,0,0,0
36,VA1_K2_N1_L8_SP6_P4,CORE_LITE,FROZEN_CORE_LITE,WHITE,8,6,6,P4,3726074035,3726075035,ebd929ff6028724403220dff1f8127a641156d6644ad8e96a2f5715080551e86,1,1,VALID_FOR_LRT,FIXED_GRID_CORE_LITE,K2_GROUPED_Q1_KQ2,[8.1999999999999993 9.8000000000000007;8 10.199999999999999],129.879145241008,-266.861101096352,2,0.183811850990091,0.0646446609406723,0.172069359202238,0.0500000000000007,18.434948822922,0.0999999999999998,0.447213595499956,0.347213595499957,0.35376148215657,151,347,0.1476086,0,0,1,1,0,0,0
36,VA1_K2_N1_L8_SP6_P4,TANGENT_PROFILE_SAFE,FROZEN_TANGENT_PROFILE,WHITE,8,6,6,P4,3726074035,3726075035,ebd929ff6028724403220dff1f8127a641156d6644ad8e96a2f5715080551e86,1,1,KNOWN_K_FIT_VALID,TANGENT_PROFILE_UPGRADE,FISHER_TANGENT_PROFILE_1D,[8.1675442702521792 9.8792561824614911;8.1668702985831736 9.8799949396539279],112.267742454351,-249.374966298404,2,0.109177301795499,0.0757832708543058,0.0785912150686595,0.0973107431645683,2.62565477611435,0.0999999999999998,0.000999999999999723,0.0990000000000001,0.099001060440882,404,879,4.5968995,0,0,1,1,0,0,0
36,VA1_K2_N1_L8_SP6_P4,VINCENT_ANCHORED_PROJECTOR_AML_SAFE,VINCENT_ANCHORED_AML,WHITE,8,6,6,P4,3726074035,3726075035,ebd929ff6028724403220dff1f8127a641156d6644ad8e96a2f5715080551e86,1,1,KNOWN_K_FIT_VALID,VINCENT_ANCHORED_AML_UPGRADE,VINCENT_ANCHORED_PROJECTOR_AML_1D,[8.1089484650702612 9.9434845091339685;8.1070868109093048 9.9455251147921686],111.524376639631,-248.5777601572,2,0.0495824701725256,0.0353458561067227,0.0347719974187887,0.00972006226813593,2.62565477617323,0.0999999999999998,0.00276221426889452,0.0972377857311053,0.0972407679507509,385,906,4.6601281,1,0,1,1,0,0,0
36,VA1_K2_N1_L8_SP6_P4,FULL4D_BEAMSPACE_CML_MULTISTART,FROZEN_CLASSICAL_FULL4D,WHITE,8,6,6,P4,3726074035,3726075035,ebd929ff6028724403220dff1f8127a641156d6644ad8e96a2f5715080551e86,1,1,FULL4D_CML_VALID,FULL4D_NUMERICAL_MULTISTART,GRID_PAIR_006_010,[8.182263719442453 9.8636095788004088;8.07459591029858 9.9820790054332686],112.300545227146,-249.410023187372,2,0.0495718543381421,0.0339073997377512,0.0361615401434497,0.0393152240767799,2.73469805852604,0.0999999999999998,0.160085483953293,0.0600854839532932,0.0603881411641248,4968,9936,4.6120223,1,0,1,1,0,0,0
37,VA1_K2_N2_L1_SM6_P1,CORE_LITE,FROZEN_CORE_LITE,STAGE5_TOEPLITZ_CORRELATED,1,-6,-6,P1,3726074036,3726075036,03bdcf3cdf252e2cf937ed50ce66a4d7af9387fb32ddc941b1fdc42996cf216a,1,1,VALID_FOR_LRT,FIXED_GRID_CORE_LITE,K2_GROUPED_Q2_KQ1_PLUS_KQ1,[7.7999999999999998 10;8 10.199999999999999],25.9567134467695,-40.3966495185721,2,0.141681308325435,0.100183813884298,0.100183813884297,0.141421356237309,0,0.299999999999999,0.282842712474619,0.0171572875253808,0.0171572875253808,131,307,0.1389849,0,0,1,1,0,0,0
37,VA1_K2_N2_L1_SM6_P1,TANGENT_PROFILE_SAFE,FROZEN_TANGENT_PROFILE,STAGE5_TOEPLITZ_CORRELATED,1,-6,-6,P1,3726074036,3726075036,03bdcf3cdf252e2cf937ed50ce66a4d7af9387fb32ddc941b1fdc42996cf216a,1,1,KNOWN_K_FIT_VALID,FIXED_GRID_FALLBACK,K2_GROUPED_Q2_KQ1_PLUS_KQ1,[7.7999999999999998 10;8 10.199999999999999],25.9567134467695,-40.3966495185721,2,0.141681308325435,0.100183813884298,0.100183813884297,0.141421356237309,0,0.299999999999999,0.282842712474619,0.0171572875253808,0.0171572875253808,284,639,4.6928962,0,0,1,1,0,0,0
37,VA1_K2_N2_L1_SM6_P1,VINCENT_ANCHORED_PROJECTOR_AML_SAFE,VINCENT_ANCHORED_AML,STAGE5_TOEPLITZ_CORRELATED,1,-6,-6,P1,3726074036,3726075036,03bdcf3cdf252e2cf937ed50ce66a4d7af9387fb32ddc941b1fdc42996cf216a,1,1,KNOWN_K_FIT_VALID,FIXED_GRID_FALLBACK,K2_GROUPED_Q2_KQ1_PLUS_KQ1,[7.7999999999999998 10;8 10.199999999999999],25.9567134467695,-40.3966495185721,2,0.141681308325435,0.100183813884298,0.100183813884297,0.141421356237309,0,0.299999999999999,0.282842712474619,0.0171572875253808,0.0171572875253808,288,712,4.6991608,1,0,1,1,0,0,0
37,VA1_K2_N2_L1_SM6_P1,FULL4D_BEAMSPACE_CML_MULTISTART,FROZEN_CLASSICAL_FULL4D,STAGE5_TOEPLITZ_CORRELATED,1,-6,-6,P1,3726074036,3726075036,03bdcf3cdf252e2cf937ed50ce66a4d7af9387fb32ddc941b1fdc42996cf216a,1,1,FULL4D_CML_VALID,FULL4D_NUMERICAL_MULTISTART,GRID_PAIR_004_020,[7.8735730443186558 9.8000000000000007;8.2558703497596984 10.199999999999999],19.0858482463958,-35.7844022350166,2,0.142307926930662,0.106901604003381,0.0939339828220174,0.0647216970391771,1.29633145731199,0.299999999999999,0.553309343629295,0.253309343629295,0.253477004871619,2221,4442,2.0869796,1,0,1,1,0,0,0
38,VA1_K2_N2_L1_SM6_P2,CORE_LITE,FROZEN_CORE_LITE,STAGE5_TOEPLITZ_CORRELATED,1,-6,-6,P2,3726074037,3726075037,2bef6472336ab93eeff887d33f79b1b22dc170854e2322c365d93edc2fa10895,1,1,VALID_FOR_LRT,FIXED_GRID_CORE_LITE,K2_GROUPED_Q1_KQ2,[8.4000000000000004 9.8000000000000007;8.1999999999999993 10],11.5442880584935,-28.2430568849909,2,0.173205080756888,0.100000000000001,0.141421356237309,0.14142135623731,44.9999999999997,0.199999999999999,0.282842712474619,0.0828427124746199,0.199999999999999,147,343,0.1363035,0,0,1,1,0,0,0
38,VA1_K2_N2_L1_SM6_P2,TANGENT_PROFILE_SAFE,FROZEN_TANGENT_PROFILE,STAGE5_TOEPLITZ_CORRELATED,1,-6,-6,P2,3726074037,3726075037,2bef6472336ab93eeff887d33f79b1b22dc170854e2322c365d93edc2fa10895,1,1,KNOWN_K_FIT_VALID,FIXED_GRID_FALLBACK,K2_GROUPED_Q1_KQ2,[8.4000000000000004 9.8000000000000007;8.1999999999999993 10],11.5442880584935,-28.2430568849909,2,0.173205080756888,0.100000000000001,0.141421356237309,0.14142135623731,44.9999999999997,0.199999999999999,0.282842712474619,0.0828427124746199,0.199999999999999,402,879,4.5427215,0,0,1,1,0,0,0
38,VA1_K2_N2_L1_SM6_P2,VINCENT_ANCHORED_PROJECTOR_AML_SAFE,VINCENT_ANCHORED_AML,STAGE5_TOEPLITZ_CORRELATED,1,-6,-6,P2,3726074037,3726075037,2bef6472336ab93eeff887d33f79b1b22dc170854e2322c365d93edc2fa10895,1,1,KNOWN_K_FIT_VALID,VINCENT_ANCHORED_AML_UPGRADE,VINCENT_ANCHORED_PROJECTOR_AML_1D,[7.8693512236006926 10.10739851381536;7.5326593879493364 10.163028984318441],10.8918163182093,-27.3703709324833,2,0.522229178232072,0.503653521131462,0.138045084116839,0.516989809185261,9.38202761124215,0.199999999999999,0.341256709007565,0.141256709007566,0.14757847804518,375,890,4.6228582,1,0,1,1,0,0,0
38,VA1_K2_N2_L1_SM6_P2,FULL4D_BEAMSPACE_CML_MULTISTART,FROZEN_CLASSICAL_FULL4D,STAGE5_TOEPLITZ_CORRELATED,1,-6,-6,P2,3726074037,3726075037,2bef6472336ab93eeff887d33f79b1b22dc170854e2322c365d93edc2fa10895,1,1,FULL4D_CML_VALID,FULL4D_NUMERICAL_MULTISTART,GRID_PAIR_012_018,[7.874907381157187 10.130181403305535;7.6308513359897843 10.199999999999999],10.8346108827371,-27.2913810914869,2,0.478409553261538,0.44766293320824,0.168741218685,0.476625437594197,15.9645588784811,0.199999999999999,0.253846389824905,0.0538463898249056,0.0825564749742656,5080,10160,4.8806555,1,0,1,1,0,0,0
39,VA1_K2_N2_L1_SM6_P3,CORE_LITE,FROZEN_CORE_LITE,STAGE5_TOEPLITZ_CORRELATED,1,-6,-6,P3,3726074038,3726075038,2bb5a601928c5347bd30f6ec323b3589bb61f6d0b20c22d229f4e56ec4212bbe,1,1,VALID_FOR_LRT,FIXED_GRID_CORE_LITE,K2_GROUPED_Q1_KQ2,[7.7999999999999998 10.199999999999999;8.5999999999999996 10.199999999999999],10.8462690108469,-27.3075125344319,2,0.515388203202207,0.5,0.124999999999999,0.316227766016837,90,0.149999999999999,0.8,0.650000000000001,0.813941029804985,128,304,0.1294931,0,0,1,1,0,0,0
39,VA1_K2_N2_L1_SM6_P3,TANGENT_PROFILE_SAFE,FROZEN_TANGENT_PROFILE,STAGE5_TOEPLITZ_CORRELATED,1,-6,-6,P3,3726074038,3726075038,2bb5a601928c5347bd30f6ec323b3589bb61f6d0b20c22d229f4e56ec4212bbe,1,1,KNOWN_K_FIT_VALID,TANGENT_PROFILE_UPGRADE,FISHER_TANGENT_PROFILE_1D,[7.9229392276140285 10.184637522667215;7.9231915697208528 10.18565683258082],10.5402308347734,-26.8781869267947,2,0.115459438318455,0.0230657437517778,0.113132017404405,0.0882159536196486,13.9046824447425,0.149999999999999,0.00105008058683638,0.148949919413162,0.148980903793596,377,828,4.5883268,0,0,1,1,0,0,0
39,VA1_K2_N2_L1_SM6_P3,VINCENT_ANCHORED_PROJECTOR_AML_SAFE,VINCENT_ANCHORED_AML,STAGE5_TOEPLITZ_CORRELATED,1,-6,-6,P3,3726074038,3726075038,2bb5a601928c5347bd30f6ec323b3589bb61f6d0b20c22d229f4e56ec4212bbe,1,1,KNOWN_K_FIT_VALID,VINCENT_ANCHORED_AML_UPGRADE,VINCENT_ANCHORED_PROJECTOR_AML_1D,[7.8910014458488469 10.055628147333081;7.8916066378179064 10.058072757871773],10.5368447376435,-26.8733673343222,2,0.0859112503293388,0.00870122133757804,0.0854694780631354,0.0440170776977641,13.9046824447015,0.149999999999999,0.00251840783140835,0.14748159216859,0.147556630540268,381,901,4.79457,1,0,1,1,0,0,0
39,VA1_K2_N2_L1_SM6_P3,FULL4D_BEAMSPACE_CML_MULTISTART,FROZEN_CLASSICAL_FULL4D,STAGE5_TOEPLITZ_CORRELATED,1,-6,-6,P3,3726074038,3726075038,2bb5a601928c5347bd30f6ec323b3589bb61f6d0b20c22d229f4e56ec4212bbe,1,1,FULL4D_CML_VALID,FULL4D_NUMERICAL_MULTISTART,GRID_PAIR_001_018,[7.4332719710388417 9.8000000000000007;7.954452648923418 10.199999999999999],10.5845837519089,-26.9411739633797,2,0.368815769723005,0.332265062858514,0.160078105935821,0.229112957395072,52.4941881501302,0.149999999999999,0.656985006678406,0.506985006678408,0.578039184658122,3320,6640,3.185704,1,0,1,1,0,0,0
40,VA1_K2_N2_L1_SM6_P4,CORE_LITE,FROZEN_CORE_LITE,STAGE5_TOEPLITZ_CORRELATED,1,-6,-6,P4,3726074039,3726075039,1a915e44ae25ee1fcc3650f79e759e47c7867b4522d11709aa839df3ac342756,1,1,VALID_FOR_LRT,FIXED_GRID_CORE_LITE,K2_GROUPED_Q1_KQ2,[8.5999999999999996 9.8000000000000007;8 10],8.51873555307134,-23.6842140796611,2,0.341636837522738,0.331717947305242,0.0817247342493959,0.206155281280884,26.565051177078,0.0999999999999998,0.632455532033675,0.532455532033675,0.544851277882462,170,386,0.1722689,0,0,1,1,0,0,0
40,VA1_K2_N2_L1_SM6_P4,TANGENT_PROFILE_SAFE,FROZEN_TANGENT_PROFILE,STAGE5_TOEPLITZ_CORRELATED,1,-6,-6,P4,3726074039,3726075039,1a915e44ae25ee1fcc3650f79e759e47c7867b4522d11709aa839df3ac342756,1,1,KNOWN_K_FIT_VALID,TANGENT_PROFILE_UPGRADE,FISHER_TANGENT_PROFILE_1D,[8.0952112667172766 9.9072734648970577;8.2059608781536912 9.982688471647128],8.51319900466535,-23.674462019056,2,0.0912310221022886,0.0544033985129061,0.0732350300339544,0.0508344509553688,79.2529268070419,0.0999999999999998,0.133988431129072,0.0339884311290718,0.151511821187582,380,832,4.8988182,0,0,1,1,0,0,0
40,VA1_K2_N2_L1_SM6_P4,VINCENT_ANCHORED_PROJECTOR_AML_SAFE,VINCENT_ANCHORED_AML,STAGE5_TOEPLITZ_CORRELATED,1,-6,-6,P4,3726074039,3726075039,1a915e44ae25ee1fcc3650f79e759e47c7867b4522d11709aa839df3ac342756,1,1,KNOWN_K_FIT_VALID,VINCENT_ANCHORED_AML_UPGRADE,VINCENT_ANCHORED_PROJECTOR_AML_1D,[7.9376763798722774 9.8000000000000007;8.1582130456544899 9.9501745597378672],8.49544985233865,-23.6431559013531,2,0.161651468559042,0.0912234047496954,0.133452192612817,0.0912231799858014,79.2529268070415,0.0999999999999998,0.266812329825286,0.166812329825286,0.266904692507068,358,853,4.9310983,1,0,1,1,0,0,0
40,VA1_K2_N2_L1_SM6_P4,FULL4D_BEAMSPACE_CML_MULTISTART,FROZEN_CLASSICAL_FULL4D,STAGE5_TOEPLITZ_CORRELATED,1,-6,-6,P4,3726074039,3726075039,1a915e44ae25ee1fcc3650f79e759e47c7867b4522d11709aa839df3ac342756,1,1,FULL4D_CML_VALID,FULL4D_NUMERICAL_MULTISTART,GRID_PAIR_007_011,[8.5343272793500464 9.8300419454831083;8.0510085177945161 9.9731678402949324],8.44508134578359,-23.5539580107026,2,0.288678634581925,0.282280493073152,0.0604406923724638,0.198652977658383,28.5043207393074,0.0999999999999998,0.504065518595804,0.404065518595804,0.418914542748483,4823,9646,4.7772725,1,0,1,1,0,0,0
41,VA1_K2_N2_L1_SP0_P1,CORE_LITE,FROZEN_CORE_LITE,STAGE5_TOEPLITZ_CORRELATED,1,0,0,P1,3726074040,3726075040,33eb906a6fe6035edb967aa93fd6b06929842b399a827052ead83eafa7dead36,1,1,VALID_FOR_LRT,FIXED_GRID_CORE_LITE,K2_GROUPED_Q1_KQ2,[7.7999999999999998 9.8000000000000007;8 10],15.2516328366778,-32.4204937998968,2,0.141681308325435,0.100183813884298,0.100183813884297,0.141421356237309,0,0.299999999999999,0.282842712474619,0.0171572875253808,0.0171572875253808,171,387,0.1902761,0,0,1,1,0,0,0
41,VA1_K2_N2_L1_SP0_P1,TANGENT_PROFILE_SAFE,FROZEN_TANGENT_PROFILE,STAGE5_TOEPLITZ_CORRELATED,1,0,0,P1,3726074040,3726075040,33eb906a6fe6035edb967aa93fd6b06929842b399a827052ead83eafa7dead36,1,1,KNOWN_K_FIT_VALID,TANGENT_PROFILE_UPGRADE,FISHER_TANGENT_PROFILE_1D,[7.9454639032604852 9.9388837929598299;8.0591646286211294 10.040702436444279],13.4208597471193,-30.5023481827895,2,0.0746590787068532,0.0492700362743707,0.056093150730533,0.0104659607456838,3.15565431038908,0.299999999999999,0.152626639576943,0.147373360423057,0.14784372423645,421,913,4.6106546,0,0,1,1,0,0,0
41,VA1_K2_N2_L1_SP0_P1,VINCENT_ANCHORED_PROJECTOR_AML_SAFE,VINCENT_ANCHORED_AML,STAGE5_TOEPLITZ_CORRELATED,1,0,0,P1,3726074040,3726075040,33eb906a6fe6035edb967aa93fd6b06929842b399a827052ead83eafa7dead36,1,1,KNOWN_K_FIT_VALID,VINCENT_ANCHORED_AML_UPGRADE,VINCENT_ANCHORED_PROJECTOR_AML_1D,[7.9546148028893437 9.9470783949196449;8.0755375503336673 10.05536433656286],13.4035121131151,-30.4829468303406,2,0.0707429790378797,0.048032016467704,0.051937409226877,0.0151255689312892,3.15565431038839,0.299999999999999,0.162321150830819,0.13767884916918,0.138214127319296,408,958,4.658591,1,0,1,1,0,0,0
41,VA1_K2_N2_L1_SP0_P1,FULL4D_BEAMSPACE_CML_MULTISTART,FROZEN_CLASSICAL_FULL4D,STAGE5_TOEPLITZ_CORRELATED,1,0,0,P1,3726074040,3726075040,33eb906a6fe6035edb967aa93fd6b06929842b399a827052ead83eafa7dead36,1,1,FULL4D_CML_VALID,FULL4D_NUMERICAL_MULTISTART,GRID_PAIR_011_020,[7.9199474029908847 9.9200825099382932;8.1315421897525315 10.110940170076585],13.4363469862574,-30.5196477191953,2,0.0318844494601974,0.0257461977574382,0.0188082805810305,0.0300565501853935,2.94966522071196,0.299999999999999,0.284954382696898,0.0150456173031009,0.0212811567667537,4996,9992,5.6877692,1,0,1,1,0,0,0
42,VA1_K2_N2_L1_SP0_P2,CORE_LITE,FROZEN_CORE_LITE,STAGE5_TOEPLITZ_CORRELATED,1,0,0,P2,3726074041,3726075041,57a6e7a449dcc394ed28981a7af973961a69341b2121f11bb28192aee0d17937,1,1,VALID_FOR_LRT,FIXED_GRID_CORE_LITE,K2_GROUPED_Q1_KQ2,[7.5999999999999996 10;7.7999999999999998 10],6.36989822348733,-19.3239476509366,2,0.5,0.5,0,0.5,0,0.199999999999999,0.2,8.88178419700125e-16,8.88178419700125e-16,145,341,0.1587632,0,0,1,1,0,0,0
42,VA1_K2_N2_L1_SP0_P2,TANGENT_PROFILE_SAFE,FROZEN_TANGENT_PROFILE,STAGE5_TOEPLITZ_CORRELATED,1,0,0,P2,3726074041,3726075041,57a6e7a449dcc394ed28981a7af973961a69341b2121f11bb28192aee0d17937,1,1,KNOWN_K_FIT_VALID,TANGENT_PROFILE_UPGRADE,FISHER_TANGENT_PROFILE_1D,[8.0087780580302237 10.042370022702672;8.0077785307562479 10.042400767272595],5.25944312280126,-16.4505725355343,2,0.220122764342143,0.216003494039012,0.0423853977752341,0.196351048148524,1.76181172635512,0.199999999999999,0.0010000000000006,0.198999999999999,0.199000475100964,401,879,4.6875609,0,0,1,1,0,0,0
42,VA1_K2_N2_L1_SP0_P2,VINCENT_ANCHORED_PROJECTOR_AML_SAFE,VINCENT_ANCHORED_AML,STAGE5_TOEPLITZ_CORRELATED,1,0,0,P2,3726074041,3726075041,57a6e7a449dcc394ed28981a7af973961a69341b2121f11bb28192aee0d17937,1,1,KNOWN_K_FIT_VALID,VINCENT_ANCHORED_AML_UPGRADE,VINCENT_ANCHORED_PROJECTOR_AML_1D,[7.8318903221598903 10.04781093212633;7.8201238408139506 10.048172858626906],4.95925171517274,-15.5690182533969,2,0.388628257147741,0.38565355888952,0.0479922365548657,0.377059577679404,1.76181172642526,0.199999999999999,0.0117720462985908,0.188227953701408,0.188233866601311,386,914,4.7188267,1,0,1,1,0,0,0
42,VA1_K2_N2_L1_SP0_P2,FULL4D_BEAMSPACE_CML_MULTISTART,FROZEN_CLASSICAL_FULL4D,STAGE5_TOEPLITZ_CORRELATED,1,0,0,P2,3726074041,3726075041,57a6e7a449dcc394ed28981a7af973961a69341b2121f11bb28192aee0d17937,1,1,FULL4D_CML_VALID,FULL4D_NUMERICAL_MULTISTART,GRID_PAIR_009_010,[7.7922430066272685 10.026011011780387;7.7932519438884622 10.026061154106159],4.75285569452853,-14.9313798149134,2,0.420037924376972,0.419230222755137,0.0260360950142721,0.408083933185162,2.84515395542625,0.199999999999999,0.00101018248344487,0.198989817516554,0.198991069056307,3813,7626,3.6615823,1,0,1,1,0,0,0
43,VA1_K2_N2_L1_SP0_P3,CORE_LITE,FROZEN_CORE_LITE,STAGE5_TOEPLITZ_CORRELATED,1,0,0,P3,3726074042,3726075042,619ac0eff06f1198c6cb9e6041672e58a99c2fea97b8a5d7f32dd3e105af6840,1,1,VALID_FOR_LRT,FIXED_GRID_CORE_LITE,K2_GROUPED_Q2_KQ1_PLUS_KQ1,[8.1999999999999993 9.8000000000000007;8 10],14.2686295313529,-31.4211460976454,2,0.301039864469806,0.223606797749978,0.201556443707463,0.282842712474618,45,0.149999999999999,0.282842712474618,0.132842712474619,0.206155281280883,110,266,0.1251023,0,0,1,1,0,0,0
43,VA1_K2_N2_L1_SP0_P3,TANGENT_PROFILE_SAFE,FROZEN_TANGENT_PROFILE,STAGE5_TOEPLITZ_CORRELATED,1,0,0,P3,3726074042,3726075042,619ac0eff06f1198c6cb9e6041672e58a99c2fea97b8a5d7f32dd3e105af6840,1,1,KNOWN_K_FIT_VALID,TANGENT_PROFILE_UPGRADE,FISHER_TANGENT_PROFILE_1D,[7.8505508082555906 10.106014433388079;7.9995964861345659 10.138617533069588],13.229905248093,-30.2873925142601,2,0.100627294835104,0.0786278659717028,0.0627973817811455,0.0335662165150147,77.6611483777561,0.149999999999999,0.15256990595542,0.00256990595542136,0.189727821625592,360,792,5.1556409,0,0,1,1,0,0,0
43,VA1_K2_N2_L1_SP0_P3,VINCENT_ANCHORED_PROJECTOR_AML_SAFE,VINCENT_ANCHORED_AML,STAGE5_TOEPLITZ_CORRELATED,1,0,0,P3,3726074042,3726075042,619ac0eff06f1198c6cb9e6041672e58a99c2fea97b8a5d7f32dd3e105af6840,1,1,KNOWN_K_FIT_VALID,VINCENT_ANCHORED_AML_UPGRADE,VINCENT_ANCHORED_PROJECTOR_AML_1D,[7.5923317105741654 10.049530118638522;7.9302187330227563 10.123441448579435],13.1630462136332,-30.211395885873,2,0.222298177105354,0.218601175824514,0.0403733262501798,0.139381484178243,77.6611483777559,0.149999999999999,0.345876458627656,0.195876458627658,0.346348272192218,338,813,5.2799173,1,0,1,1,0,0,0
43,VA1_K2_N2_L1_SP0_P3,FULL4D_BEAMSPACE_CML_MULTISTART,FROZEN_CLASSICAL_FULL4D,STAGE5_TOEPLITZ_CORRELATED,1,0,0,P3,3726074042,3726075042,619ac0eff06f1198c6cb9e6041672e58a99c2fea97b8a5d7f32dd3e105af6840,1,1,FULL4D_CML_VALID,FULL4D_NUMERICAL_MULTISTART,GRID_PAIR_005_011,[8.2548829766086502 9.8250990271845762;8.0289324107061137 10.030033098903656],12.6439375123946,-29.6078630551894,2,0.319015121086082,0.266988289646855,0.174607848257216,0.297073719579399,47.792401416851,0.149999999999999,0.305043655864267,0.155043655864269,0.232532600869886,4413,8826,5.6143449,1,0,1,1,0,0,0
44,VA1_K2_N2_L1_SP0_P4,CORE_LITE,FROZEN_CORE_LITE,STAGE5_TOEPLITZ_CORRELATED,1,0,0,P4,3726074043,3726075043,09783272dcd20c088fd51eb33a9db3aee1929e2c18879b036aa7d369ae289e18,1,1,VALID_FOR_LRT,FIXED_GRID_CORE_LITE,K2_GROUPED_Q1_KQ2,[8 10;7.7999999999999998 10.199999999999999],10.792941506938,-27.2335806155818,2,0.266191405526679,0.210187849763335,0.16333686720436,0.25,0,0.0999999999999998,0.282842712474619,0.182842712474619,0.182842712474619,151,347,0.189349,0,0,1,1,0,0,0
44,VA1_K2_N2_L1_SP0_P4,TANGENT_PROFILE_SAFE,FROZEN_TANGENT_PROFILE,STAGE5_TOEPLITZ_CORRELATED,1,0,0,P4,3726074043,3726075043,09783272dcd20c088fd51eb33a9db3aee1929e2c18879b036aa7d369ae289e18,1,1,KNOWN_K_FIT_VALID,TANGENT_PROFILE_UPGRADE,FISHER_TANGENT_PROFILE_1D,[8.1093321776834557 9.925286223886026;8.1092963460724299 9.9262855817276687],10.4565582735436,-26.7586357843997,2,0.0560065041144381,0.0365443423329813,0.0424410125535482,0.0259437463988976,42.9465603517696,0.0999999999999998,0.00100000000000077,0.098999999999999,0.0992703485621009,404,879,5.2671114,0,0,1,1,0,0,0
44,VA1_K2_N2_L1_SP0_P4,VINCENT_ANCHORED_PROJECTOR_AML_SAFE,VINCENT_ANCHORED_AML,STAGE5_TOEPLITZ_CORRELATED,1,0,0,P4,3726074043,3726075043,09783272dcd20c088fd51eb33a9db3aee1929e2c18879b036aa7d369ae289e18,1,1,KNOWN_K_FIT_VALID,VINCENT_ANCHORED_AML_UPGRADE,VINCENT_ANCHORED_PROJECTOR_AML_1D,[8.1051065370732616 10.04314101631525;8.0997148196981694 10.193518152161996],10.3512861966447,-26.6068570041732,2,0.176051095083551,0.0327483286357353,0.172978423659378,0.168346845233961,42.9465603518149,0.0999999999999998,0.150473763831851,0.0504737638318509,0.103020925639216,376,888,5.4460441,1,0,1,1,0,0,0
44,VA1_K2_N2_L1_SP0_P4,FULL4D_BEAMSPACE_CML_MULTISTART,FROZEN_CLASSICAL_FULL4D,STAGE5_TOEPLITZ_CORRELATED,1,0,0,P4,3726074043,3726075043,09783272dcd20c088fd51eb33a9db3aee1929e2c18879b036aa7d369ae289e18,1,1,FULL4D_CML_VALID,FULL4D_NUMERICAL_MULTISTART,GRID_PAIR_011_017,[8.0215207597046145 10.013082118899199;7.8432764716307828 10.199576893046693],10.1188869312646,-26.2662503329245,2,0.24242833375794,0.176014469142743,0.16670454001331,0.229192361277267,1.29582344912228,0.0999999999999998,0.257975438782982,0.157975438782982,0.158017195783268,5232,10464,5.4225108,1,0,1,1,0,0,0
45,VA1_K2_N2_L1_SP6_P1,CORE_LITE,FROZEN_CORE_LITE,STAGE5_TOEPLITZ_CORRELATED,1,6,6,P1,3726074044,3726075044,b3d5a68b11d1c50ea991b79d8e01ca46d36df3d12b73cc2c996b573e01f586cd,1,1,VALID_FOR_LRT,FIXED_GRID_CORE_LITE,K2_GROUPED_Q2_KQ1_PLUS_KQ1,[7.7999999999999998 9.8000000000000007;8.1999999999999993 10.199999999999999],7.54865505038833,-21.8707363967711,2,0.132842712474619,0.0939339828220178,0.0939339828220174,0,0,0.299999999999999,0.565685424949237,0.265685424949237,0.265685424949237,131,307,0.146001,0,0,1,1,0,0,0
45,VA1_K2_N2_L1_SP6_P1,TANGENT_PROFILE_SAFE,FROZEN_TANGENT_PROFILE,STAGE5_TOEPLITZ_CORRELATED,1,6,6,P1,3726074044,3726075044,b3d5a68b11d1c50ea991b79d8e01ca46d36df3d12b73cc2c996b573e01f586cd,1,1,KNOWN_K_FIT_VALID,TANGENT_PROFILE_UPGRADE,FISHER_TANGENT_PROFILE_1D,[7.821889382312003 9.8248423162790992;8.1780323412717628 10.199999999999999],6.67043123802796,-20.0154629394343,2,0.109468780436944,0.0720054729385856,0.0824537795206652,0.0124212198002863,1.48942582230024,0.299999999999999,0.517282413069925,0.217282413069925,0.217523582068932,385,841,4.2993974,0,0,1,1,0,0,0
45,VA1_K2_N2_L1_SP6_P1,VINCENT_ANCHORED_PROJECTOR_AML_SAFE,VINCENT_ANCHORED_AML,STAGE5_TOEPLITZ_CORRELATED,1,6,6,P1,3726074044,3726075044,b3d5a68b11d1c50ea991b79d8e01ca46d36df3d12b73cc2c996b573e01f586cd,1,1,KNOWN_K_FIT_VALID,FIXED_GRID_FALLBACK,K2_GROUPED_Q2_KQ1_PLUS_KQ1,[7.7999999999999998 9.8000000000000007;8.1999999999999993 10.199999999999999],7.54865505038833,-21.8707363967711,2,0.132842712474619,0.0939339828220178,0.0939339828220174,0,0,0.299999999999999,0.565685424949237,0.265685424949237,0.265685424949237,356,848,4.3033565,1,0,1,1,0,0,0
45,VA1_K2_N2_L1_SP6_P1,FULL4D_BEAMSPACE_CML_MULTISTART,FROZEN_CLASSICAL_FULL4D,STAGE5_TOEPLITZ_CORRELATED,1,6,6,P1,3726074044,3726075044,b3d5a68b11d1c50ea991b79d8e01ca46d36df3d12b73cc2c996b573e01f586cd,1,1,FULL4D_CML_VALID,FULL4D_NUMERICAL_MULTISTART,GRID_PAIR_002_020,[7.7980537166637207 9.8000000000000007;8.1768145956605238 10.199999999999999],6.41323136144092,-19.4256441181052,2,0.126185524236143,0.0842567112931852,0.0939339828220174,0.0125658438378782,1.56223873385018,0.299999999999999,0.550871857566195,0.250871857566195,0.251116595193486,2533,5066,2.1568206,1,0,1,1,0,0,0
46,VA1_K2_N2_L1_SP6_P2,CORE_LITE,FROZEN_CORE_LITE,STAGE5_TOEPLITZ_CORRELATED,1,6,6,P2,3726074045,3726075045,5a30d801d2c9b26e984a5821d8b8e0e3c61c5c31f4f4a6fe27ef0a39c4b36b32,1,1,VALID_FOR_LRT,FIXED_GRID_CORE_LITE,K2_GROUPED_Q1_KQ2,[8.4000000000000004 9.8000000000000007;8.1999999999999993 10],10.3906169220645,-26.6637429692655,2,0.173205080756888,0.100000000000001,0.141421356237309,0.14142135623731,44.9999999999997,0.199999999999999,0.282842712474619,0.0828427124746199,0.199999999999999,170,386,0.1390165,0,0,1,1,0,0,0
46,VA1_K2_N2_L1_SP6_P2,TANGENT_PROFILE_SAFE,FROZEN_TANGENT_PROFILE,STAGE5_TOEPLITZ_CORRELATED,1,6,6,P2,3726074045,3726075045,5a30d801d2c9b26e984a5821d8b8e0e3c61c5c31f4f4a6fe27ef0a39c4b36b32,1,1,KNOWN_K_FIT_VALID,TANGENT_PROFILE_UPGRADE,FISHER_TANGENT_PROFILE_1D,[8.165513483198426 10.034265499357602;8.1649652668318513 10.035101835901955],10.2885694223678,-26.5156979837877,2,0.11116063247811,0.105610390340992,0.0346861883889941,0.0491045603746847,56.7552658885568,0.199999999999999,0.00100000000000022,0.198999999999999,0.199453537079115,423,918,4.2436292,0,0,1,1,0,0,0
46,VA1_K2_N2_L1_SP6_P2,VINCENT_ANCHORED_PROJECTOR_AML_SAFE,VINCENT_ANCHORED_AML,STAGE5_TOEPLITZ_CORRELATED,1,6,6,P2,3726074045,3726075045,5a30d801d2c9b26e984a5821d8b8e0e3c61c5c31f4f4a6fe27ef0a39c4b36b32,1,1,KNOWN_K_FIT_VALID,VINCENT_ANCHORED_AML_UPGRADE,VINCENT_ANCHORED_PROJECTOR_AML_1D,[8.1473656105805485 10.061951154142768;8.0650725566892696 10.18749408301513],10.2550793390928,-26.4667921930042,2,0.178198147850894,0.110718524036569,0.13962803562556,0.156046761771805,56.7552658885062,0.199999999999999,0.150110538299627,0.0498894617003724,0.172092859096745,419,975,4.5128882,1,0,1,1,0,0,0
46,VA1_K2_N2_L1_SP6_P2,FULL4D_BEAMSPACE_CML_MULTISTART,FROZEN_CLASSICAL_FULL4D,STAGE5_TOEPLITZ_CORRELATED,1,6,6,P2,3726074045,3726075045,5a30d801d2c9b26e984a5821d8b8e0e3c61c5c31f4f4a6fe27ef0a39c4b36b32,1,1,FULL4D_CML_VALID,FULL4D_NUMERICAL_MULTISTART,GRID_PAIR_010_011,[7.8263566687424646 10.034544561206021;8.0528486173590945 10.034544561206021],9.77402440284641,-25.7461197045349,2,0.263012482689382,0.260734039476084,0.0345445612060207,0.262678720521964,0,0.199999999999999,0.22649194861663,0.0264919486166306,0.0264919486166306,4359,8718,4.5187265,1,0,1,1,0,0,0
47,VA1_K2_N2_L1_SP6_P3,CORE_LITE,FROZEN_CORE_LITE,STAGE5_TOEPLITZ_CORRELATED,1,6,6,P3,3726074046,3726075046,ce7762c8db27e7c46b2193fdc1cfe61a2e1b091606338d4930847e292b2f917b,1,1,VALID_FOR_LRT,FIXED_GRID_CORE_LITE,K2_GROUPED_Q2_KQ1_PLUS_KQ1,[7.7999999999999998 9.8000000000000007;8 10.199999999999999],70.9841571090128,-55.4870459636932,2,0.188745860881769,0.1,0.160078105935821,0.0999999999999996,26.5650511770781,0.149999999999999,0.447213595499957,0.297213595499958,0.320156211871643,150,346,0.142348,0,0,1,1,0,0,0
47,VA1_K2_N2_L1_SP6_P3,TANGENT_PROFILE_SAFE,FROZEN_TANGENT_PROFILE,STAGE5_TOEPLITZ_CORRELATED,1,6,6,P3,3726074046,3726075046,ce7762c8db27e7c46b2193fdc1cfe61a2e1b091606338d4930847e292b2f917b,1,1,KNOWN_K_FIT_VALID,TANGENT_PROFILE_UPGRADE,FISHER_TANGENT_PROFILE_1D,[7.8930733022165871 10.103416451434107;7.8931163763783516 10.104513134649679],11.7243544055091,-28.4752190429965,2,0.0748762360792096,0.00690519428934707,0.0745571527166636,0.00796246370119351,2.24923636295897,0.149999999999999,0.00109752879630938,0.148902471203689,0.148903323014588,404,880,4.9450695,0,0,1,1,0,0,0
47,VA1_K2_N2_L1_SP6_P3,VINCENT_ANCHORED_PROJECTOR_AML_SAFE,VINCENT_ANCHORED_AML,STAGE5_TOEPLITZ_CORRELATED,1,6,6,P3,3726074046,3726075046,ce7762c8db27e7c46b2193fdc1cfe61a2e1b091606338d4930847e292b2f917b,1,1,KNOWN_K_FIT_VALID,FIXED_GRID_FALLBACK,K2_GROUPED_Q2_KQ1_PLUS_KQ1,[7.7999999999999998 9.8000000000000007;8 10.199999999999999],70.9841571090128,-55.4870459636932,2,0.188745860881769,0.1,0.160078105935821,0.0999999999999996,26.5650511770781,0.149999999999999,0.447213595499957,0.297213595499958,0.320156211871643,361,859,5.1588318,1,0,1,1,0,0,0
47,VA1_K2_N2_L1_SP6_P3,FULL4D_BEAMSPACE_CML_MULTISTART,FROZEN_CLASSICAL_FULL4D,STAGE5_TOEPLITZ_CORRELATED,1,6,6,P3,3726074046,3726075046,ce7762c8db27e7c46b2193fdc1cfe61a2e1b091606338d4930847e292b2f917b,1,1,FULL4D_CML_VALID,FULL4D_NUMERICAL_MULTISTART,GRID_PAIR_011_017,[7.8941137501336041 10.107545163263895;7.8980732595556482 10.198668537911937],11.1207020082602,-27.6823215272433,2,0.0608780088840847,0.00437951288555889,0.060720275300561,0.0532503359967448,2.48806150680582,0.149999999999999,0.0912093587419113,0.0587906412580873,0.0590096155528734,5550,11100,5.6619504,1,0,1,1,0,0,0
48,VA1_K2_N2_L1_SP6_P4,CORE_LITE,FROZEN_CORE_LITE,STAGE5_TOEPLITZ_CORRELATED,1,6,6,P4,3726074047,3726075047,ce9fe2d9b737058a604a5dd7b0058c7678152f5f9d61ec4120313b368d9da97e,1,1,VALID_FOR_LRT,FIXED_GRID_CORE_LITE,K2_GROUPED_Q2_KQ1_PLUS_KQ1,[8 9.8000000000000007;8.5999999999999996 10],7.81722851917038,-22.3951465076,2,0.361742815237938,0.331717947305242,0.144295072029038,0.206155281280884,63.434948822922,0.0999999999999998,0.632455532033675,0.532455532033675,0.594501015562695,131,307,0.1605316,0,0,1,1,0,0,0
48,VA1_K2_N2_L1_SP6_P4,TANGENT_PROFILE_SAFE,FROZEN_TANGENT_PROFILE,STAGE5_TOEPLITZ_CORRELATED,1,6,6,P4,3726074047,3726075047,ce9fe2d9b737058a604a5dd7b0058c7678152f5f9d61ec4120313b368d9da97e,1,1,KNOWN_K_FIT_VALID,FIXED_GRID_FALLBACK,K2_GROUPED_Q2_KQ1_PLUS_KQ1,[8 9.8000000000000007;8.5999999999999996 10],7.81722851917038,-22.3951465076,2,0.361742815237938,0.331717947305242,0.144295072029038,0.206155281280884,63.434948822922,0.0999999999999998,0.632455532033675,0.532455532033675,0.594501015562695,380,831,4.9929639,0,0,1,1,0,0,0
48,VA1_K2_N2_L1_SP6_P4,VINCENT_ANCHORED_PROJECTOR_AML_SAFE,VINCENT_ANCHORED_AML,STAGE5_TOEPLITZ_CORRELATED,1,6,6,P4,3726074047,3726075047,ce9fe2d9b737058a604a5dd7b0058c7678152f5f9d61ec4120313b368d9da97e,1,1,KNOWN_K_FIT_VALID,FIXED_GRID_FALLBACK,K2_GROUPED_Q2_KQ1_PLUS_KQ1,[8 9.8000000000000007;8.5999999999999996 10],7.81722851917038,-22.3951465076,2,0.361742815237938,0.331717947305242,0.144295072029038,0.206155281280884,63.434948822922,0.0999999999999998,0.632455532033675,0.532455532033675,0.594501015562695,350,836,4.7495668,1,0,1,1,0,0,0
48,VA1_K2_N2_L1_SP6_P4,FULL4D_BEAMSPACE_CML_MULTISTART,FROZEN_CLASSICAL_FULL4D,STAGE5_TOEPLITZ_CORRELATED,1,6,6,P4,3726074047,3726075047,ce9fe2d9b737058a604a5dd7b0058c7678152f5f9d61ec4120313b368d9da97e,1,1,FULL4D_CML_VALID,FULL4D_NUMERICAL_MULTISTART,GRID_PAIR_005_012,[8.0573983024918778 9.8222776059497914;8.5999999999999996 9.9684786766219329],7.02266719369254,-20.7873415911994,2,0.350313872785504,0.328593343398372,0.121434032051388,0.235131557282301,60.0799084817532,0.0999999999999998,0.561953161041359,0.461953161041359,0.519357141997597,4974,9948,4.5262618,1,0,1,1,0,0,0
49,VA1_K2_N2_L4_SM6_P1,CORE_LITE,FROZEN_CORE_LITE,STAGE5_TOEPLITZ_CORRELATED,4,-6,-6,P1,3726074048,3726075048,a215a00d3d1dffc413694ee0d11c7f9a76e80ac27a1bdd630c9b89340057eeaf,1,1,VALID_FOR_LRT,FIXED_GRID_CORE_LITE,K2_GROUPED_Q2_KQ1_PLUS_KQ1,[7.7999999999999998 9.8000000000000007;8 10],46.4617620123845,-113.34089853683,2,0.141681308325435,0.100183813884298,0.100183813884297,0.141421356237309,0,0.299999999999999,0.282842712474619,0.0171572875253808,0.0171572875253808,130,306,0.1326361,0,0,1,1,0,0,0
49,VA1_K2_N2_L4_SM6_P1,TANGENT_PROFILE_SAFE,FROZEN_TANGENT_PROFILE,STAGE5_TOEPLITZ_CORRELATED,4,-6,-6,P1,3726074048,3726075048,a215a00d3d1dffc413694ee0d11c7f9a76e80ac27a1bdd630c9b89340057eeaf,1,1,KNOWN_K_FIT_VALID,TANGENT_PROFILE_UPGRADE,FISHER_TANGENT_PROFILE_1D,[7.9875332258669545 9.9646840977467228;8.0462288922799488 10.029336119626478],45.1877892319449,-111.672733453964,2,0.107783012935182,0.0785534843741762,0.0738005960007206,0.017143792039899,2.76461714862292,0.299999999999999,0.0873216192520838,0.212678380747916,0.212821693178851,340,752,4.5599187,0,0,1,1,0,0,0
49,VA1_K2_N2_L4_SM6_P1,VINCENT_ANCHORED_PROJECTOR_AML_SAFE,VINCENT_ANCHORED_AML,STAGE5_TOEPLITZ_CORRELATED,4,-6,-6,P1,3726074048,3726075048,a215a00d3d1dffc413694ee0d11c7f9a76e80ac27a1bdd630c9b89340057eeaf,1,1,KNOWN_K_FIT_VALID,VINCENT_ANCHORED_AML_UPGRADE,VINCENT_ANCHORED_PROJECTOR_AML_1D,[8.0362504687605529 10.018345099417894;8.1999527245113111 10.198659634840229],44.8608944239104,-111.237107438232,2,0.162973003819962,0.12055848369938,0.109662445632986,0.160376902328752,2.76461714862305,0.299999999999999,0.243540058763356,0.056459941236643,0.057946498549444,309,755,5.2411383,1,0,1,1,0,0,0
49,VA1_K2_N2_L4_SM6_P1,FULL4D_BEAMSPACE_CML_MULTISTART,FROZEN_CLASSICAL_FULL4D,STAGE5_TOEPLITZ_CORRELATED,4,-6,-6,P1,3726074048,3726075048,a215a00d3d1dffc413694ee0d11c7f9a76e80ac27a1bdd630c9b89340057eeaf,1,1,FULL4D_CML_VALID,FULL4D_NUMERICAL_MULTISTART,GRID_PAIR_011_020,[8.0153731784603774 9.9942895022076321;8.2048950063940875 10.199999999999999],44.8229412462765,-111.186324802164,2,0.147325270654311,0.110712798146305,0.0971977967856356,0.14685578293616,2.34551731637666,0.299999999999999,0.279705795730654,0.0202942042693455,0.0235044158892437,5299,10598,5.2981084,1,0,1,1,0,0,0
50,VA1_K2_N2_L4_SM6_P2,CORE_LITE,FROZEN_CORE_LITE,STAGE5_TOEPLITZ_CORRELATED,4,-6,-6,P2,3726074049,3726075049,614fa07a666780fb64923862bea91c9164d7cd2ada45c8c2b076cb57e7a6fde4,1,1,VALID_FOR_LRT,FIXED_GRID_CORE_LITE,K2_GROUPED_Q1_KQ2,[7.5999999999999996 10;8.1999999999999993 10],50.0660667000811,-117.823727451811,2,0.360555127546399,0.360555127546399,0,0.3,0,0.199999999999999,0.6,0.4,0.4,148,344,0.1768449,0,0,1,1,0,0,0
50,VA1_K2_N2_L4_SM6_P2,TANGENT_PROFILE_SAFE,FROZEN_TANGENT_PROFILE,STAGE5_TOEPLITZ_CORRELATED,4,-6,-6,P2,3726074049,3726075049,614fa07a666780fb64923862bea91c9164d7cd2ada45c8c2b076cb57e7a6fde4,1,1,KNOWN_K_FIT_VALID,TANGENT_PROFILE_UPGRADE,FISHER_TANGENT_PROFILE_1D,[7.9515724702217447 9.95654450738893;8.3142867491401802 10.028672732385179],49.8862729383463,-117.607871827457,2,0.111681126914023,0.10543918341174,0.0368137570787255,0.0674764385361439,11.2469410400768,0.199999999999999,0.369816344923301,0.169816344923302,0.177984317862715,357,788,4.4015628,0,0,1,1,0,0,0
50,VA1_K2_N2_L4_SM6_P2,VINCENT_ANCHORED_PROJECTOR_AML_SAFE,VINCENT_ANCHORED_AML,STAGE5_TOEPLITZ_CORRELATED,4,-6,-6,P2,3726074049,3726075049,614fa07a666780fb64923862bea91c9164d7cd2ada45c8c2b076cb57e7a6fde4,1,1,KNOWN_K_FIT_VALID,VINCENT_ANCHORED_AML_UPGRADE,VINCENT_ANCHORED_PROJECTOR_AML_1D,[7.924570901883583 9.9511750601144691;8.2601707765414236 10.017911399638278],49.8214553648786,-117.529862729826,2,0.132413044106463,0.1272040398479,0.0367742640431308,0.108733380313846,11.246941040077,0.199999999999999,0.342171031625115,0.142171031625116,0.151132607402438,327,793,5.0674099,1,0,1,1,0,0,0
50,VA1_K2_N2_L4_SM6_P2,FULL4D_BEAMSPACE_CML_MULTISTART,FROZEN_CLASSICAL_FULL4D,STAGE5_TOEPLITZ_CORRELATED,4,-6,-6,P2,3726074049,3726075049,614fa07a666780fb64923862bea91c9164d7cd2ada45c8c2b076cb57e7a6fde4,1,1,FULL4D_CML_VALID,FULL4D_NUMERICAL_MULTISTART,GRID_PAIR_008_012,[7.7357275129383654 9.9309582517593551;8.2381868076373852 10.009764760995216],49.7213319976595,-117.409162793282,2,0.265873493543023,0.261261665366473,0.0493057479276924,0.215094611408164,8.91374335692015,0.199999999999999,0.508601817463699,0.3086018174637,0.312557340095815,4773,9546,4.9674623,1,0,1,1,0,0,0
51,VA1_K2_N2_L4_SM6_P3,CORE_LITE,FROZEN_CORE_LITE,STAGE5_TOEPLITZ_CORRELATED,4,-6,-6,P3,3726074050,3726075050,1acff87a4000feda7a10c8a54c36829b0f2db821c268dd70a6741bc69bd94048,1,1,VALID_FOR_LRT,FIXED_GRID_CORE_LITE,K2_GROUPED_Q2_KQ1_PLUS_KQ1,[7.7999999999999998 10;7.7999999999999998 10.199999999999999],65.6062713341976,-134.04339687688,2,0.103077640640442,0.100000000000001,0.0250000000000004,0.100000000000001,0,0.149999999999999,0.199999999999999,0.0500000000000007,0.0500000000000007,108,264,0.1045626,0,0,1,1,0,0,0
51,VA1_K2_N2_L4_SM6_P3,TANGENT_PROFILE_SAFE,FROZEN_TANGENT_PROFILE,STAGE5_TOEPLITZ_CORRELATED,4,-6,-6,P3,3726074050,3726075050,1acff87a4000feda7a10c8a54c36829b0f2db821c268dd70a6741bc69bd94048,1,1,KNOWN_K_FIT_VALID,TANGENT_PROFILE_UPGRADE,FISHER_TANGENT_PROFILE_1D,[7.8902922640285578 9.9402033447277098;7.8962162747635016 10.199999999999999],45.0841487213361,-111.534962325755,2,0.06294453693421,0.00736738469053156,0.0625118898505224,0.0306498756411771,1.30626009486195,0.149999999999999,0.259864187593936,0.109864187593938,0.109956352304767,361,796,4.2220274,0,0,1,1,0,0,0
51,VA1_K2_N2_L4_SM6_P3,VINCENT_ANCHORED_PROJECTOR_AML_SAFE,VINCENT_ANCHORED_AML,STAGE5_TOEPLITZ_CORRELATED,4,-6,-6,P3,3726074050,3726075050,1acff87a4000feda7a10c8a54c36829b0f2db821c268dd70a6741bc69bd94048,1,1,KNOWN_K_FIT_VALID,VINCENT_ANCHORED_AML_UPGRADE,VINCENT_ANCHORED_PROJECTOR_AML_1D,[7.895056203250042 10.149125227391014;7.8961408336303966 10.19669153974773],44.9147612390025,-111.309109347202,2,0.08921022716839,0.00443476557290119,0.0890999297740978,0.0730411215317764,1.30626009486167,0.149999999999999,0.0475786768865916,0.102421323113407,0.102439429846439,321,781,4.6174132,1,0,1,1,0,0,0
51,VA1_K2_N2_L4_SM6_P3,FULL4D_BEAMSPACE_CML_MULTISTART,FROZEN_CLASSICAL_FULL4D,STAGE5_TOEPLITZ_CORRELATED,4,-6,-6,P3,3726074050,3726075050,1acff87a4000feda7a10c8a54c36829b0f2db821c268dd70a6741bc69bd94048,1,1,FULL4D_CML_VALID,FULL4D_NUMERICAL_MULTISTART,GRID_PAIR_010_017,[7.8903735211481258 10;7.8946821178021356 10.199999999999999],44.9849475329024,-111.402795490285,2,0.0261815676207135,0.00777653413018789,0.0250000000000004,0.00747218052486964,1.23413112297984,0.149999999999999,0.200046404629343,0.050046404629344,0.0501852967025902,2348,4696,1.9953182,1,0,1,1,0,0,0
52,VA1_K2_N2_L4_SM6_P4,CORE_LITE,FROZEN_CORE_LITE,STAGE5_TOEPLITZ_CORRELATED,4,-6,-6,P4,3726074051,3726075051,20fabfbd95ed04c4ce912c080470c749af713bd5365a7d9abb8e5ec881a739e6,1,1,VALID_FOR_LRT,FIXED_GRID_CORE_LITE,K2_GROUPED_Q1_KQ2,[8.1999999999999993 9.8000000000000007;7.7999999999999998 10.199999999999999],48.2715531778376,-115.633664979523,2,0.258293880594446,0.192634016664423,0.172069359202238,0.111803398874989,0,0.0999999999999998,0.565685424949237,0.465685424949237,0.465685424949237,151,347,0.1335467,0,0,1,1,0,0,0
52,VA1_K2_N2_L4_SM6_P4,TANGENT_PROFILE_SAFE,FROZEN_TANGENT_PROFILE,STAGE5_TOEPLITZ_CORRELATED,4,-6,-6,P4,3726074051,3726075051,20fabfbd95ed04c4ce912c080470c749af713bd5365a7d9abb8e5ec881a739e6,1,1,KNOWN_K_FIT_VALID,TANGENT_PROFILE_UPGRADE,FISHER_TANGENT_PROFILE_1D,[8.1732426009595667 9.8637041377168195;8.1725562930934625 9.8644314488695777],46.9885860261129,-114.01740272017,2,0.123081048689713,0.0808713947208049,0.0927834148028146,0.112688391266678,1.66144959375838,0.0999999999999998,0.00100000000000139,0.0989999999999984,0.09900042465136,404,879,4.431736,0,0,1,1,0,0,0
52,VA1_K2_N2_L4_SM6_P4,VINCENT_ANCHORED_PROJECTOR_AML_SAFE,VINCENT_ANCHORED_AML,STAGE5_TOEPLITZ_CORRELATED,4,-6,-6,P4,3726074051,3726075051,20fabfbd95ed04c4ce912c080470c749af713bd5365a7d9abb8e5ec881a739e6,1,1,KNOWN_K_FIT_VALID,VINCENT_ANCHORED_AML_UPGRADE,VINCENT_ANCHORED_PROJECTOR_AML_1D,[8.044973781808439 9.9996363444236209;8.042481597005315 10.002277424165772],46.3551349196518,-113.203043715353,2,0.0899165460850055,0.065802839202037,0.0612778231728884,0.0759155912610317,1.6614495937608,0.0999999999999998,0.00363129278595436,0.0963687072140455,0.0963702913421951,394,924,4.8943805,1,0,1,1,0,0,0
52,VA1_K2_N2_L4_SM6_P4,FULL4D_BEAMSPACE_CML_MULTISTART,FROZEN_CLASSICAL_FULL4D,STAGE5_TOEPLITZ_CORRELATED,4,-6,-6,P4,3726074051,3726075051,20fabfbd95ed04c4ce912c080470c749af713bd5365a7d9abb8e5ec881a739e6,1,1,FULL4D_CML_VALID,FULL4D_NUMERICAL_MULTISTART,GRID_PAIR_011_017,[8.1063168472221232 9.922800792268081;7.8865486926276382 10.130036581363154],46.4202799366631,-113.287305298427,2,0.163646864147079,0.127595861879484,0.102467517664889,0.128708922923223,1.68112166684515,0.0999999999999998,0.302067399855931,0.202067399855931,0.202131732344197,4871,9742,4.4300984,1,0,1,1,0,0,0
53,VA1_K2_N2_L4_SP0_P1,CORE_LITE,FROZEN_CORE_LITE,STAGE5_TOEPLITZ_CORRELATED,4,0,0,P1,3726074052,3726075052,33f21e4165c9cf85ba1fcb1f06627cf862289f5617a36215cfc818b2b524fb69,1,1,VALID_FOR_LRT,FIXED_GRID_CORE_LITE,K2_GROUPED_Q2_KQ1_PLUS_KQ1,[7.7999999999999998 9.8000000000000007;8 10],56.0491111644624,-124.596816906924,2,0.141681308325435,0.100183813884298,0.100183813884297,0.141421356237309,0,0.299999999999999,0.282842712474619,0.0171572875253808,0.0171572875253808,130,306,0.13172,0,0,1,1,0,0,0
53,VA1_K2_N2_L4_SP0_P1,TANGENT_PROFILE_SAFE,FROZEN_TANGENT_PROFILE,STAGE5_TOEPLITZ_CORRELATED,4,0,0,P1,3726074052,3726075052,33f21e4165c9cf85ba1fcb1f06627cf862289f5617a36215cfc818b2b524fb69,1,1,KNOWN_K_FIT_VALID,TANGENT_PROFILE_UPGRADE,FISHER_TANGENT_PROFILE_1D,[8.0068435438074985 10.001101595333798;8.007799008666872 10.002040190268184],54.2057761523265,-122.590367848244,2,0.14951796507343,0.105841801580605,0.105608403632813,0.0074879095836809,0.510305929797111,0.299999999999999,0.00133935564670194,0.298660644353297,0.298660697714085,344,760,4.6446041,0,0,1,1,0,0,0
53,VA1_K2_N2_L4_SP0_P1,VINCENT_ANCHORED_PROJECTOR_AML_SAFE,VINCENT_ANCHORED_AML,STAGE5_TOEPLITZ_CORRELATED,4,0,0,P1,3726074052,3726075052,33f21e4165c9cf85ba1fcb1f06627cf862289f5617a36215cfc818b2b524fb69,1,1,KNOWN_K_FIT_VALID,VINCENT_ANCHORED_AML_UPGRADE,VINCENT_ANCHORED_PROJECTOR_AML_1D,[7.9990142721304789 9.9934105592230384;8.0067873116852581 10.001046356059879],54.2035726998092,-122.587928812267,2,0.144607826619602,0.102220664656078,0.102285674641734,0.00401198713083045,0.510305929719976,0.299999999999999,0.0108961248732596,0.28910387512674,0.289104323585152,332,801,4.7245321,1,0,1,1,0,0,0
53,VA1_K2_N2_L4_SP0_P1,FULL4D_BEAMSPACE_CML_MULTISTART,FROZEN_CLASSICAL_FULL4D,STAGE5_TOEPLITZ_CORRELATED,4,0,0,P1,3726074052,3726075052,33f21e4165c9cf85ba1fcb1f06627cf862289f5617a36215cfc818b2b524fb69,1,1,FULL4D_CML_VALID,FULL4D_NUMERICAL_MULTISTART,GRID_PAIR_003_019,[7.910651050925952 9.9081574339837051;8.0960443886894478 10.087826861464867],54.608107648326,-123.034061224916,2,0.0213876923443122,0.013782115286736,0.0163550200867523,0.00390367758299178,0.898281232442672,0.299999999999999,0.258170085134777,0.0418299148652221,0.0420568512916979,5003,10006,4.8380745,1,0,1,1,0,0,0
54,VA1_K2_N2_L4_SP0_P2,CORE_LITE,FROZEN_CORE_LITE,STAGE5_TOEPLITZ_CORRELATED,4,0,0,P2,3726074053,3726075053,e9a2dc0b39ed97e37560800200336ee68d48118ce46344622e5bd13090fde435,1,1,VALID_FOR_LRT,FIXED_GRID_CORE_LITE,K2_GROUPED_Q1_KQ2,[8 10;8.5999999999999996 10],49.8794777679032,-117.599698476897,2,0.223606797749979,0.223606797749979,0,0.100000000000001,0,0.199999999999999,0.6,0.4,0.4,127,303,0.1298205,0,0,1,1,0,0,0
54,VA1_K2_N2_L4_SP0_P2,TANGENT_PROFILE_SAFE,FROZEN_TANGENT_PROFILE,STAGE5_TOEPLITZ_CORRELATED,4,0,0,P2,3726074053,3726075053,e9a2dc0b39ed97e37560800200336ee68d48118ce46344622e5bd13090fde435,1,1,KNOWN_K_FIT_VALID,FIXED_GRID_FALLBACK,K2_GROUPED_Q1_KQ2,[8 10;8.5999999999999996 10],49.8794777679032,-117.599698476897,2,0.223606797749979,0.223606797749979,0,0.100000000000001,0,0.199999999999999,0.6,0.4,0.4,336,747,4.6944636,0,0,1,1,0,0,0
54,VA1_K2_N2_L4_SP0_P2,VINCENT_ANCHORED_PROJECTOR_AML_SAFE,VINCENT_ANCHORED_AML,STAGE5_TOEPLITZ_CORRELATED,4,0,0,P2,3726074053,3726075053,e9a2dc0b39ed97e37560800200336ee68d48118ce46344622e5bd13090fde435,1,1,KNOWN_K_FIT_VALID,VINCENT_ANCHORED_AML_UPGRADE,VINCENT_ANCHORED_PROJECTOR_AML_1D,[8.3939218714925943 9.9908240216674766;8.0663268842122982 9.9929169074373156],49.6194190300703,-117.286055606407,2,0.0710266339133921,0.0705520966078385,0.00819660840258008,0.0312020430034775,0.366037011856681,0.199999999999999,0.327601672556815,0.127601672556816,0.127612150479117,305,750,4.691235,1,0,1,1,0,0,0
54,VA1_K2_N2_L4_SP0_P2,FULL4D_BEAMSPACE_CML_MULTISTART,FROZEN_CLASSICAL_FULL4D,STAGE5_TOEPLITZ_CORRELATED,4,0,0,P2,3726074053,3726075053,e9a2dc0b39ed97e37560800200336ee68d48118ce46344622e5bd13090fde435,1,1,FULL4D_CML_VALID,FULL4D_NUMERICAL_MULTISTART,GRID_PAIR_011_014,[8.0785080111403413 9.992133337375865;8.5999999999999996 9.992133337375865],48.9448786005087,-116.464803720776,2,0.212821138925188,0.212675698641316,0.00786666262413505,0.139476028220548,0,0.199999999999999,0.521491988859658,0.321491988859659,0.321491988859659,1259,2518,1.1702351,1,0,1,1,0,0,0
55,VA1_K2_N2_L4_SP0_P3,CORE_LITE,FROZEN_CORE_LITE,STAGE5_TOEPLITZ_CORRELATED,4,0,0,P3,3726074054,3726075054,2e0ad64d9d1a3ed0928487f8af502ab93f754798216fde3b28ca1a2a83d52098,1,1,VALID_FOR_LRT,FIXED_GRID_CORE_LITE,K2_GROUPED_Q1_KQ2,[8.1999999999999993 9.8000000000000007;8 10],50.8645068386813,-118.773041539901,2,0.301039864469806,0.223606797749978,0.201556443707463,0.282842712474618,45,0.149999999999999,0.282842712474618,0.132842712474619,0.206155281280883,130,306,0.1341827,0,0,1,1,0,0,0
55,VA1_K2_N2_L4_SP0_P3,TANGENT_PROFILE_SAFE,FROZEN_TANGENT_PROFILE,STAGE5_TOEPLITZ_CORRELATED,4,0,0,P3,3726074054,3726075054,2e0ad64d9d1a3ed0928487f8af502ab93f754798216fde3b28ca1a2a83d52098,1,1,KNOWN_K_FIT_VALID,TANGENT_PROFILE_UPGRADE,FISHER_TANGENT_PROFILE_1D,[7.8994628222390286 10.087251835363126;7.8992694956697722 10.088232969827722],42.2700090884409,-107.667789192913,2,0.0755136766669389,0.000641169448494183,0.07551095460592,0.0122739744420357,11.1469829808231,0.149999999999999,0.000999999999998636,0.149,0.14901899093948,395,862,4.7138092,0,0,1,1,0,0,0
55,VA1_K2_N2_L4_SP0_P3,VINCENT_ANCHORED_PROJECTOR_AML_SAFE,VINCENT_ANCHORED_AML,STAGE5_TOEPLITZ_CORRELATED,4,0,0,P3,3726074054,3726075054,2e0ad64d9d1a3ed0928487f8af502ab93f754798216fde3b28ca1a2a83d52098,1,1,KNOWN_K_FIT_VALID,VINCENT_ANCHORED_AML_UPGRADE,VINCENT_ANCHORED_PROJECTOR_AML_1D,[7.9560640464819512 9.8000000000000007;7.9044197644950334 10.062095298912332],41.9467910187668,-107.207235494015,2,0.182394055760895,0.0397662647612389,0.17800628012474,0.171637611268221,11.1469829807568,0.149999999999999,0.267134942629917,0.117134942629918,0.123419965565502,379,895,4.8703761,1,0,1,1,0,0,0
55,VA1_K2_N2_L4_SP0_P3,FULL4D_BEAMSPACE_CML_MULTISTART,FROZEN_CLASSICAL_FULL4D,STAGE5_TOEPLITZ_CORRELATED,4,0,0,P3,3726074054,3726075054,2e0ad64d9d1a3ed0928487f8af502ab93f754798216fde3b28ca1a2a83d52098,1,1,FULL4D_CML_VALID,FULL4D_NUMERICAL_MULTISTART,GRID_PAIR_004_017,[7.9493431280380467 9.8381032507325035;7.8993216207197232 10.088033413328484],42.0005566883374,-107.284091778423,2,0.149881263950967,0.034894157698868,0.145762790320527,0.139076763464733,11.3177519690757,0.149999999999999,0.254886714776683,0.104886714776685,0.111750564163482,5020,10040,4.8815463,1,0,1,1,0,0,0
56,VA1_K2_N2_L4_SP0_P4,CORE_LITE,FROZEN_CORE_LITE,STAGE5_TOEPLITZ_CORRELATED,4,0,0,P4,3726074055,3726075055,5e65ea2a880e8bfbc7fda0727a8827c02926d1335872406eab6de06c2ae42386,1,1,VALID_FOR_LRT,FIXED_GRID_CORE_LITE,K2_GROUPED_Q1_KQ2,[8.4000000000000004 9.8000000000000007;8 10],43.1651700678249,-108.925154715259,2,0.20925294875916,0.192634016664423,0.0817247342493959,0.111803398874989,18.4349488229221,0.0999999999999998,0.447213595499958,0.347213595499958,0.353761482156572,170,386,0.1602809,0,0,1,1,0,0,0
56,VA1_K2_N2_L4_SP0_P4,TANGENT_PROFILE_SAFE,FROZEN_TANGENT_PROFILE,STAGE5_TOEPLITZ_CORRELATED,4,0,0,P4,3726074055,3726075055,5e65ea2a880e8bfbc7fda0727a8827c02926d1335872406eab6de06c2ae42386,1,1,KNOWN_K_FIT_VALID,TANGENT_PROFILE_UPGRADE,FISHER_TANGENT_PROFILE_1D,[8.1266986417857581 9.9369438555225855;8.1259803742743912 9.9376396225684509],38.7902339960492,-102.513230246504,2,0.0574937032077515,0.0438007313742725,0.037242742106615,0.0292449923876477,0.911627593184637,0.0999999999999998,0.000999999999998671,0.0990000000000011,0.0990001278542091,423,918,4.7287419,0,0,1,1,0,0,0
56,VA1_K2_N2_L4_SP0_P4,VINCENT_ANCHORED_PROJECTOR_AML_SAFE,VINCENT_ANCHORED_AML,STAGE5_TOEPLITZ_CORRELATED,4,0,0,P4,3726074055,3726075055,5e65ea2a880e8bfbc7fda0727a8827c02926d1335872406eab6de06c2ae42386,1,1,KNOWN_K_FIT_VALID,VINCENT_ANCHORED_AML_UPGRADE,VINCENT_ANCHORED_PROJECTOR_AML_1D,[8.2551893428501995 9.8124782572798175;8.2472524444002282 9.8201665242562122],37.8112210939289,-100.979474192223,2,0.20667741726857,0.154443826429811,0.137341396842049,0.20183523448295,0.91162759324301,0.0999999999999998,0.0110500590996373,0.0889499409003625,0.0889515133096478,398,933,4.7224321,1,0,1,1,0,0,0
56,VA1_K2_N2_L4_SP0_P4,FULL4D_BEAMSPACE_CML_MULTISTART,FROZEN_CLASSICAL_FULL4D,STAGE5_TOEPLITZ_CORRELATED,4,0,0,P4,3726074055,3726075055,5e65ea2a880e8bfbc7fda0727a8827c02926d1335872406eab6de06c2ae42386,1,1,FULL4D_CML_VALID,FULL4D_NUMERICAL_MULTISTART,GRID_PAIR_006_011,[8.2668868152984913 9.8169385061948251;8.1628945990644581 9.9071282270814915],38.3100313146224,-101.765825984416,2,0.145978685612992,0.116089576584165,0.0885041629631401,0.14469970000548,4.06575869516889,0.0999999999999998,0.137653793230992,0.0376537932309922,0.0385628563060808,4828,9656,4.0714766,1,0,1,1,0,0,0
57,VA1_K2_N2_L4_SP6_P1,CORE_LITE,FROZEN_CORE_LITE,STAGE5_TOEPLITZ_CORRELATED,4,6,6,P1,3726074056,3726075056,cf3b69a2f8b8e812503bec0b34077c3ad0f300439a68275443aebcc9b33e532b,1,1,VALID_FOR_LRT,FIXED_GRID_CORE_LITE,K2_GROUPED_Q2_KQ1_PLUS_KQ1,[7.7999999999999998 9.8000000000000007;8.1999999999999993 10.199999999999999],51.1460430578081,-119.104227207533,2,0.132842712474619,0.0939339828220178,0.0939339828220174,0,0,0.299999999999999,0.565685424949237,0.265685424949237,0.265685424949237,151,347,0.2174006,0,0,1,1,0,0,0
57,VA1_K2_N2_L4_SP6_P1,TANGENT_PROFILE_SAFE,FROZEN_TANGENT_PROFILE,STAGE5_TOEPLITZ_CORRELATED,4,6,6,P1,3726074056,3726075056,cf3b69a2f8b8e812503bec0b34077c3ad0f300439a68275443aebcc9b33e532b,1,1,KNOWN_K_FIT_VALID,TANGENT_PROFILE_UPGRADE,FISHER_TANGENT_PROFILE_1D,[7.8557527708974684 9.8726318045361037;8.137642859200902 10.142454550816433],43.0382465751391,-108.748469953545,2,0.0460044023776498,0.0350349960480077,0.0298153331365053,0.00823431569137019,1.25300246465161,0.299999999999999,0.390213193387892,0.090213193387893,0.0905229492055924,399,869,5.4312402,0,0,1,1,0,0,0
57,VA1_K2_N2_L4_SP6_P1,VINCENT_ANCHORED_PROJECTOR_AML_SAFE,VINCENT_ANCHORED_AML,STAGE5_TOEPLITZ_CORRELATED,4,6,6,P1,3726074056,3726075056,cf3b69a2f8b8e812503bec0b34077c3ad0f300439a68275443aebcc9b33e532b,1,1,KNOWN_K_FIT_VALID,VINCENT_ANCHORED_AML_UPGRADE,VINCENT_ANCHORED_PROJECTOR_AML_1D,[7.877646127515062 9.8935879354997969;8.1273324708220134 10.132585536533767],43.5277389037219,-109.427024066439,2,0.0266548394921558,0.0189414397696437,0.0187537283707946,0.013321383934239,1.25300246465132,0.299999999999999,0.345634378113621,0.0456343781136218,0.0461745037192242,377,890,5.0522093,1,0,1,1,0,0,0
57,VA1_K2_N2_L4_SP6_P1,FULL4D_BEAMSPACE_CML_MULTISTART,FROZEN_CLASSICAL_FULL4D,STAGE5_TOEPLITZ_CORRELATED,4,6,6,P1,3726074056,3726075056,cf3b69a2f8b8e812503bec0b34077c3ad0f300439a68275443aebcc9b33e532b,1,1,FULL4D_CML_VALID,FULL4D_NUMERICAL_MULTISTART,GRID_PAIR_003_019,[7.8349514780289073 9.8507954275828116;8.1224135518356793 10.128564459344316],42.6108441665856,-108.14964614456,2,0.0552869451547646,0.043279196856307,0.034402869415486,0.0236841452564186,0.982458259172049,0.299999999999999,0.399737512479144,0.0997375124791445,0.0999141144787626,5051,10102,6.1274626,1,0,1,1,0,0,0
58,VA1_K2_N2_L4_SP6_P2,CORE_LITE,FROZEN_CORE_LITE,STAGE5_TOEPLITZ_CORRELATED,4,6,6,P2,3726074057,3726075057,ac048b87478fa910962f9c7b3898142503eb5f315ec5baa28a3e84081c6a9284,1,1,VALID_FOR_LRT,FIXED_GRID_CORE_LITE,K2_GROUPED_Q1_KQ2,[8.1999999999999993 10;8.4000000000000004 10],47.6980243095823,-114.916518094648,2,0.100000000000001,0.100000000000001,0,0.100000000000001,0,0.199999999999999,0.200000000000001,1.77635683940025e-15,1.77635683940025e-15,146,342,0.1898408,0,0,1,1,0,0,0
58,VA1_K2_N2_L4_SP6_P2,TANGENT_PROFILE_SAFE,FROZEN_TANGENT_PROFILE,STAGE5_TOEPLITZ_CORRELATED,4,6,6,P2,3726074057,3726075057,ac048b87478fa910962f9c7b3898142503eb5f315ec5baa28a3e84081c6a9284,1,1,KNOWN_K_FIT_VALID,TANGENT_PROFILE_UPGRADE,FISHER_TANGENT_PROFILE_1D,[8.1374481210333656 10.001468345076114;8.1364530941409576 10.001567951719379],46.9944382296744,-114.024874967779,2,0.117806103275445,0.117796310273354,0.00151896508466313,0.0630676672962111,5.71651970518697,0.199999999999999,0.000999999999998671,0.199000000000001,0.199004998035317,362,800,5.0421065,0,0,1,1,0,0,0
58,VA1_K2_N2_L4_SP6_P2,VINCENT_ANCHORED_PROJECTOR_AML_SAFE,VINCENT_ANCHORED_AML,STAGE5_TOEPLITZ_CORRELATED,4,6,6,P2,3726074057,3726075057,ac048b87478fa910962f9c7b3898142503eb5f315ec5baa28a3e84081c6a9284,1,1,KNOWN_K_FIT_VALID,VINCENT_ANCHORED_AML_UPGRADE,VINCENT_ANCHORED_PROJECTOR_AML_1D,[8.2253109459038782 9.992672883245028;8.2209778755062199 9.9931066429761781],46.6047467344324,-113.525263249519,2,0.100785182876181,0.100533828047508,0.00711354380737427,0.0242119643050165,5.71651970518761,0.199999999999999,0.00435472692317555,0.195645273076824,0.195667410386891,331,803,4.741625,1,0,1,1,0,0,0
58,VA1_K2_N2_L4_SP6_P2,FULL4D_BEAMSPACE_CML_MULTISTART,FROZEN_CLASSICAL_FULL4D,STAGE5_TOEPLITZ_CORRELATED,4,6,6,P2,3726074057,3726075057,ac048b87478fa910962f9c7b3898142503eb5f315ec5baa28a3e84081c6a9284,1,1,FULL4D_CML_VALID,FULL4D_NUMERICAL_MULTISTART,GRID_PAIR_012_013,[8.2370695568679633 10.001694401762448;8.238119191142518 10.001694401762448],47.3572464553363,-114.48631030736,2,0.106355629657064,0.106342131643192,0.00169440176244784,0.0376325385029837,0,0.199999999999999,0.00104963427455473,0.198950365725445,0.198950365725445,2023,4046,1.9199805,1,0,1,1,0,0,0
59,VA1_K2_N2_L4_SP6_P3,CORE_LITE,FROZEN_CORE_LITE,STAGE5_TOEPLITZ_CORRELATED,4,6,6,P3,3726074058,3726075058,0f84e490e9e908fb0e0b397374d4ddbe2923d9ab673cb20a49e8be9f83ef5b84,1,1,VALID_FOR_LRT,FIXED_GRID_CORE_LITE,K2_GROUPED_Q1_KQ2,[7.7999999999999998 10;7.7999999999999998 10.199999999999999],415.41191246271,-244.779354704819,2,0.103077640640442,0.100000000000001,0.0250000000000004,0.100000000000001,0,0.149999999999999,0.199999999999999,0.0500000000000007,0.0500000000000007,145,341,0.14033,0,0,1,1,0,0,0
59,VA1_K2_N2_L4_SP6_P3,TANGENT_PROFILE_SAFE,FROZEN_TANGENT_PROFILE,STAGE5_TOEPLITZ_CORRELATED,4,6,6,P3,3726074058,3726075058,0f84e490e9e908fb0e0b397374d4ddbe2923d9ab673cb20a49e8be9f83ef5b84,1,1,KNOWN_K_FIT_VALID,TANGENT_PROFILE_UPGRADE,FISHER_TANGENT_PROFILE_1D,[7.8983388315071279 9.9914324859193577;7.8981290945824467 10.199999999999999],44.966236375556,-111.377833740852,2,0.0296482526415749,0.00176914779528785,0.0295954219563952,0.00463351496249651,0.0576170099889756,0.149999999999999,0.208567619537061,0.0585676195370623,0.0585678896253219,399,875,4.551844,0,0,1,1,0,0,0
59,VA1_K2_N2_L4_SP6_P3,VINCENT_ANCHORED_PROJECTOR_AML_SAFE,VINCENT_ANCHORED_AML,STAGE5_TOEPLITZ_CORRELATED,4,6,6,P3,3726074058,3726075058,0f84e490e9e908fb0e0b397374d4ddbe2923d9ab673cb20a49e8be9f83ef5b84,1,1,KNOWN_K_FIT_VALID,VINCENT_ANCHORED_AML_UPGRADE,VINCENT_ANCHORED_PROJECTOR_AML_1D,[7.8984122200535678 9.9184531251501067;7.898132897604075 10.196218182524643],44.2308763783658,-110.388505765655,2,0.0768389709927298,0.00173307768365466,0.0768194240082806,0.0426993031147378,0.0576170099826499,0.149999999999999,0.277765197818787,0.127765197818789,0.127765362704254,379,900,4.6717674,1,0,1,1,0,0,0
59,VA1_K2_N2_L4_SP6_P3,FULL4D_BEAMSPACE_CML_MULTISTART,FROZEN_CLASSICAL_FULL4D,STAGE5_TOEPLITZ_CORRELATED,4,6,6,P3,3726074058,3726075058,0f84e490e9e908fb0e0b397374d4ddbe2923d9ab673cb20a49e8be9f83ef5b84,1,1,FULL4D_CML_VALID,FULL4D_NUMERICAL_MULTISTART,GRID_PAIR_003_010,[7.8977032756983769 9.9128239689131625;7.897666052651469 10.199999999999999],44.2053286454757,-110.353839782065,2,0.081299397916401,0.00231541062701456,0.0812664197267088,0.0436494659646163,0.00742653719694913,0.149999999999999,0.287176033499216,0.137176033499218,0.13717603613712,1355,2710,1.3453339,1,0,1,1,0,0,0
60,VA1_K2_N2_L4_SP6_P4,CORE_LITE,FROZEN_CORE_LITE,STAGE5_TOEPLITZ_CORRELATED,4,6,6,P4,3726074059,3726075059,04c67c8d31cc03b83b13740f70c1c082fa3eaa907e903b7838a978c9293eb1bd,1,1,VALID_FOR_LRT,FIXED_GRID_CORE_LITE,K2_GROUPED_Q2_KQ1_PLUS_KQ1,[8.4000000000000004 9.8000000000000007;8 10],45.1212954901639,-111.584378550577,2,0.20925294875916,0.192634016664423,0.0817247342493959,0.111803398874989,18.4349488229221,0.0999999999999998,0.447213595499958,0.347213595499958,0.353761482156572,151,347,0.1393236,0,0,1,1,0,0,0
60,VA1_K2_N2_L4_SP6_P4,TANGENT_PROFILE_SAFE,FROZEN_TANGENT_PROFILE,STAGE5_TOEPLITZ_CORRELATED,4,6,6,P4,3726074059,3726075059,04c67c8d31cc03b83b13740f70c1c082fa3eaa907e903b7838a978c9293eb1bd,1,1,KNOWN_K_FIT_VALID,TANGENT_PROFILE_UPGRADE,FISHER_TANGENT_PROFILE_1D,[8.1170435619530164 9.8000000000000007;8.111801357224719 10.067964962545719],38.6724813874243,-102.330815728126,2,0.106129221612104,0.0357706247164976,0.0999193379050449,0.0215538452895715,43.8792643053419,0.0999999999999998,0.268016234326471,0.168016234326471,0.207834967541309,405,881,4.5551429,0,0,1,1,0,0,0
60,VA1_K2_N2_L4_SP6_P4,VINCENT_ANCHORED_PROJECTOR_AML_SAFE,VINCENT_ANCHORED_AML,STAGE5_TOEPLITZ_CORRELATED,4,6,6,P4,3726074059,3726075059,04c67c8d31cc03b83b13740f70c1c082fa3eaa907e903b7838a978c9293eb1bd,1,1,KNOWN_K_FIT_VALID,FIXED_GRID_FALLBACK,K2_GROUPED_Q2_KQ1_PLUS_KQ1,[8.4000000000000004 9.8000000000000007;8 10],45.1212954901639,-111.584378550577,2,0.20925294875916,0.192634016664423,0.0817247342493959,0.111803398874989,18.4349488229221,0.0999999999999998,0.447213595499958,0.347213595499958,0.353761482156572,361,858,4.604744,1,0,1,1,0,0,0
60,VA1_K2_N2_L4_SP6_P4,FULL4D_BEAMSPACE_CML_MULTISTART,FROZEN_CLASSICAL_FULL4D,STAGE5_TOEPLITZ_CORRELATED,4,6,6,P4,3726074059,3726075059,04c67c8d31cc03b83b13740f70c1c082fa3eaa907e903b7838a978c9293eb1bd,1,1,FULL4D_CML_VALID,FULL4D_NUMERICAL_MULTISTART,GRID_PAIR_005_018,[8.1470400672645216 9.8523334094910897;8.0226944604599826 10.155461935944162],38.6073415466162,-102.229666651284,2,0.131748431782986,0.0307924681829773,0.128099465964837,0.0559817722780467,22.6961917149142,0.0999999999999998,0.327641165730437,0.227641165730438,0.238526228745478,4975,9950,4.4757178,1,0,1,1,0,0,0
61,VA1_K2_N2_L8_SM6_P1,CORE_LITE,FROZEN_CORE_LITE,STAGE5_TOEPLITZ_CORRELATED,8,-6,-6,P1,3726074060,3726075060,cfa345f05fb3e734e83c77e599045b43e1cfb67bf12e2003f2c051a64d4c9009,1,1,VALID_FOR_LRT,FIXED_GRID_CORE_LITE,K2_GROUPED_Q1_KQ2,[8 10;8.1999999999999993 10.199999999999999],95.9427069399444,-230.518722440238,2,0.141681308325435,0.100183813884297,0.100183813884297,0.141421356237309,0,0.299999999999999,0.282842712474618,0.0171572875253814,0.0171572875253814,189,425,0.1773695,0,0,1,1,0,0,0
61,VA1_K2_N2_L8_SM6_P1,TANGENT_PROFILE_SAFE,FROZEN_TANGENT_PROFILE,STAGE5_TOEPLITZ_CORRELATED,8,-6,-6,P1,3726074060,3726075060,cfa345f05fb3e734e83c77e599045b43e1cfb67bf12e2003f2c051a64d4c9009,1,1,KNOWN_K_FIT_VALID,TANGENT_PROFILE_UPGRADE,FISHER_TANGENT_PROFILE_1D,[7.9050967750458669 9.8927994534524721;8.1185906766891911 10.132511721909601],94.9109537018694,-229.221271877512,2,0.0221600708679701,0.0118632842439297,0.0187171372763354,0.0173331399918646,3.31091984835644,0.299999999999999,0.321000962129013,0.0210009621290139,0.0276138370311602,436,945,4.6327306,0,0,1,1,0,0,0
61,VA1_K2_N2_L8_SM6_P1,VINCENT_ANCHORED_PROJECTOR_AML_SAFE,VINCENT_ANCHORED_AML,STAGE5_TOEPLITZ_CORRELATED,8,-6,-6,P1,3726074060,3726075060,cfa345f05fb3e734e83c77e599045b43e1cfb67bf12e2003f2c051a64d4c9009,1,1,KNOWN_K_FIT_VALID,VINCENT_ANCHORED_AML_UPGRADE,VINCENT_ANCHORED_PROJECTOR_AML_1D,[7.8873380349372031 9.8728598306172479;8.1118984945050538 10.124997698511557],94.8909580139862,-229.195987805996,2,0.0209768058762034,0.00622592644792739,0.0200315806823356,0.00113721905612568,3.31091984835644,0.299999999999999,0.337640199661729,0.0376401996617295,0.041891914140383,425,994,4.7970404,1,0,1,1,0,0,0
61,VA1_K2_N2_L8_SM6_P1,FULL4D_BEAMSPACE_CML_MULTISTART,FROZEN_CLASSICAL_FULL4D,STAGE5_TOEPLITZ_CORRELATED,8,-6,-6,P1,3726074060,3726075060,cfa345f05fb3e734e83c77e599045b43e1cfb67bf12e2003f2c051a64d4c9009,1,1,FULL4D_CML_VALID,FULL4D_NUMERICAL_MULTISTART,GRID_PAIR_003_019,[7.8828092456374392 9.8674965943906123;8.1112875562976736 10.122612386499579],94.8894366197601,-229.194063821092,2,0.0237038192387234,0.00868977123417015,0.0220535467079529,0.00575934037941595,3.15279800872853,0.299999999999999,0.34247102917698,0.042471029176981,0.0459870001150804,4942,9884,4.3922609,1,0,1,1,0,0,0
62,VA1_K2_N2_L8_SM6_P2,CORE_LITE,FROZEN_CORE_LITE,STAGE5_TOEPLITZ_CORRELATED,8,-6,-6,P2,3726074061,3726075061,4cbc6c2f37d9c56ffc4969146c608c033f1ed78112da0093857df3db866aa402,1,1,VALID_FOR_LRT,FIXED_GRID_CORE_LITE,K2_GROUPED_Q1_KQ2,[7.7999999999999998 10;8.4000000000000004 10],131.629249338674,-268.467287601002,2,0.223606797749979,0.223606797749979,0,0.0999999999999996,0,0.199999999999999,0.600000000000001,0.400000000000001,0.400000000000001,166,382,0.1547208,0,0,1,1,0,0,0
62,VA1_K2_N2_L8_SM6_P2,TANGENT_PROFILE_SAFE,FROZEN_TANGENT_PROFILE,STAGE5_TOEPLITZ_CORRELATED,8,-6,-6,P2,3726074061,3726075061,4cbc6c2f37d9c56ffc4969146c608c033f1ed78112da0093857df3db866aa402,1,1,KNOWN_K_FIT_VALID,TANGENT_PROFILE_UPGRADE,FISHER_TANGENT_PROFILE_1D,[7.9648943170824866 9.9336906743545708;8.3039255795832911 10.022101387174123],131.089725835413,-267.974419422275,2,0.107597290194141,0.095574462414581,0.0494236683309327,0.0692144517688672,14.6157748580012,0.199999999999999,0.350369306723849,0.15036930672385,0.164760875494849,414,904,4.5949588,0,0,1,1,0,0,0
62,VA1_K2_N2_L8_SM6_P2,VINCENT_ANCHORED_PROJECTOR_AML_SAFE,VINCENT_ANCHORED_AML,STAGE5_TOEPLITZ_CORRELATED,8,-6,-6,P2,3726074061,3726075061,4cbc6c2f37d9c56ffc4969146c608c033f1ed78112da0093857df3db866aa402,1,1,KNOWN_K_FIT_VALID,VINCENT_ANCHORED_AML_UPGRADE,VINCENT_ANCHORED_PROJECTOR_AML_1D,[8.1510613610277414 9.9822382948226682;8.3683358519920574 10.038897944679043],131.283151898093,-268.151351824185,2,0.0674743637559712,0.0603201925456389,0.0302368010135029,0.0606267991427258,14.6157748580009,0.199999999999999,0.224540687505961,0.0245406875059617,0.059234482861955,377,895,4.9063145,1,0,1,1,0,0,0
62,VA1_K2_N2_L8_SM6_P2,FULL4D_BEAMSPACE_CML_MULTISTART,FROZEN_CLASSICAL_FULL4D,STAGE5_TOEPLITZ_CORRELATED,8,-6,-6,P2,3726074061,3726075061,4cbc6c2f37d9c56ffc4969146c608c033f1ed78112da0093857df3db866aa402,1,1,FULL4D_CML_VALID,FULL4D_NUMERICAL_MULTISTART,GRID_PAIR_010_012,[8.2550513770851648 9.9740510932916298;7.5715482317389551 10.004438756202413],130.53228979547,-267.46305247283,2,0.375482821442039,0.37502109945986,0.0186151593598358,0.286901853939391,2.54561968801124,0.199999999999999,0.68417830991295,0.484178309912951,0.484457120514146,4995,9990,4.6916861,1,0,1,1,0,0,0
63,VA1_K2_N2_L8_SM6_P3,CORE_LITE,FROZEN_CORE_LITE,STAGE5_TOEPLITZ_CORRELATED,8,-6,-6,P3,3726074062,3726075062,6b4818a3961b22aa42a1e7174a5d2cf7d27f7302ece4ecf599e8b19f1e1334b0,1,1,VALID_FOR_LRT,FIXED_GRID_CORE_LITE,K2_GROUPED_Q1_KQ2,[7.7999999999999998 9.8000000000000007;7.7999999999999998 10],129.649183281972,-266.648442675105,2,0.225,0.100000000000001,0.201556443707463,0.223606797749979,0,0.149999999999999,0.199999999999999,0.0500000000000007,0.0500000000000007,144,340,0.1517261,0,0,1,1,0,0,0
63,VA1_K2_N2_L8_SM6_P3,TANGENT_PROFILE_SAFE,FROZEN_TANGENT_PROFILE,STAGE5_TOEPLITZ_CORRELATED,8,-6,-6,P3,3726074062,3726075062,6b4818a3961b22aa42a1e7174a5d2cf7d27f7302ece4ecf599e8b19f1e1334b0,1,1,KNOWN_K_FIT_VALID,TANGENT_PROFILE_UPGRADE,FISHER_TANGENT_PROFILE_1D,[7.8901218507040145 10.129150995879442;7.8901584221992476 10.130150326918557],93.128002483666,-226.945567281921,2,0.0807878629662705,0.00985988050439902,0.0801839233206749,0.0312470579509591,2.09585969756847,0.149999999999999,0.00100000000000066,0.148999999999998,0.149000673449033,397,872,4.7959561,0,0,1,1,0,0,0
63,VA1_K2_N2_L8_SM6_P3,VINCENT_ANCHORED_PROJECTOR_AML_SAFE,VINCENT_ANCHORED_AML,STAGE5_TOEPLITZ_CORRELATED,8,-6,-6,P3,3726074062,3726075062,6b4818a3961b22aa42a1e7174a5d2cf7d27f7302ece4ecf599e8b19f1e1334b0,1,1,KNOWN_K_FIT_VALID,VINCENT_ANCHORED_AML_UPGRADE,VINCENT_ANCHORED_PROJECTOR_AML_1D,[7.8780762485904958 9.8000000000000007;7.8831567929262096 9.9388279483209203],89.3110627485721,-221.923620748762,2,0.231480649833524,0.0195492263324709,0.230653677614628,0.231399296844187,2.09585969758603,0.149999999999999,0.138920880956547,0.0110791190434517,0.0122730057226079,367,877,4.7214362,1,0,1,1,0,0,0
63,VA1_K2_N2_L8_SM6_P3,FULL4D_BEAMSPACE_CML_MULTISTART,FROZEN_CLASSICAL_FULL4D,STAGE5_TOEPLITZ_CORRELATED,8,-6,-6,P3,3726074062,3726075062,6b4818a3961b22aa42a1e7174a5d2cf7d27f7302ece4ecf599e8b19f1e1334b0,1,1,FULL4D_CML_VALID,FULL4D_NUMERICAL_MULTISTART,GRID_PAIR_003_010,[7.8824368112746086 9.8004595711542759;7.8868321886271673 9.9555142908823502],89.2651353954534,-221.861896033452,2,0.222569357221129,0.0155218693228979,0.222027454037895,0.222544156046449,1.62374385457066,0.149999999999999,0.155117005682881,0.00511700568288279,0.00669847248264732,2782,5564,2.783554,1,0,1,1,0,0,0
64,VA1_K2_N2_L8_SM6_P4,CORE_LITE,FROZEN_CORE_LITE,STAGE5_TOEPLITZ_CORRELATED,8,-6,-6,P4,3726074063,3726075063,fcd067fc95491c529cf6f7b6c251fc72d6c71908523d2b82aa19f0bef27e2e50,1,1,VALID_FOR_LRT,FIXED_GRID_CORE_LITE,K2_GROUPED_Q2_KQ1_PLUS_KQ1,[8.1999999999999993 10;8.5999999999999996 10.199999999999999],114.966128822188,-252.225083527988,2,0.397402732990268,0.342210263399959,0.20204224264214,0.335410196624968,71.5650511770779,0.0999999999999998,0.447213595499958,0.347213595499958,0.426281278913979,168,384,0.1635539,0,0,1,1,0,0,0
64,VA1_K2_N2_L8_SM6_P4,TANGENT_PROFILE_SAFE,FROZEN_TANGENT_PROFILE,STAGE5_TOEPLITZ_CORRELATED,8,-6,-6,P4,3726074063,3726075063,fcd067fc95491c529cf6f7b6c251fc72d6c71908523d2b82aa19f0bef27e2e50,1,1,KNOWN_K_FIT_VALID,TANGENT_PROFILE_UPGRADE,FISHER_TANGENT_PROFILE_1D,[8.1209852564994733 9.9644613104125579;8.1208867964986275 9.9655269780960847],105.666942483999,-242.103628623814,2,0.0558772742176539,0.0410467848003739,0.0379134703179053,0.0257515352452698,39.7212700497944,0.0999999999999998,0.00107020651440733,0.0989297934855925,0.0991791955302425,422,918,4.9762108,0,0,1,1,0,0,0
64,VA1_K2_N2_L8_SM6_P4,VINCENT_ANCHORED_PROJECTOR_AML_SAFE,VINCENT_ANCHORED_AML,STAGE5_TOEPLITZ_CORRELATED,8,-6,-6,P4,3726074063,3726075063,fcd067fc95491c529cf6f7b6c251fc72d6c71908523d2b82aa19f0bef27e2e50,1,1,KNOWN_K_FIT_VALID,VINCENT_ANCHORED_AML_UPGRADE,VINCENT_ANCHORED_PROJECTOR_AML_1D,[8.1016192523486588 10.174066476012007;8.1007557387844038 10.183412591102323],105.354709768045,-241.748518587878,2,0.233418601134651,0.0349437654638546,0.230788163931482,0.228742615963161,39.7212700497025,0.0999999999999998,0.00938592152945557,0.0906140784705442,0.092974383525508,383,905,4.7965835,1,0,1,1,0,0,0
64,VA1_K2_N2_L8_SM6_P4,FULL4D_BEAMSPACE_CML_MULTISTART,FROZEN_CLASSICAL_FULL4D,STAGE5_TOEPLITZ_CORRELATED,8,-6,-6,P4,3726074063,3726075063,fcd067fc95491c529cf6f7b6c251fc72d6c71908523d2b82aa19f0bef27e2e50,1,1,FULL4D_CML_VALID,FULL4D_NUMERICAL_MULTISTART,GRID_PAIR_005_018,[8.1147684786180587 10.11734901803819;8.1114497962665677 10.198116562978591],105.253986471926,-241.633738935646,2,0.210915782133112,0.0361561856098209,0.207793641372807,0.208146010619672,42.6470797692306,0.0999999999999998,0.080835697363539,0.0191643026364609,0.0681382540409697,5192,10384,5.0455187,1,0,1,1,0,0,0
65,VA1_K2_N2_L8_SP0_P1,CORE_LITE,FROZEN_CORE_LITE,STAGE5_TOEPLITZ_CORRELATED,8,0,0,P1,3726074064,3726075064,18ccd122188c179bdd177a944466de5dd6bf8cfb1ce01a4d57550f28018bed1d,1,1,VALID_FOR_LRT,FIXED_GRID_CORE_LITE,K2_GROUPED_Q1_KQ2,[8 10;8.1999999999999993 10.199999999999999],90.7521867300566,-223.844485454517,2,0.141681308325435,0.100183813884297,0.100183813884297,0.141421356237309,0,0.299999999999999,0.282842712474618,0.0171572875253814,0.0171572875253814,150,346,0.1509317,0,0,1,1,0,0,0
65,VA1_K2_N2_L8_SP0_P1,TANGENT_PROFILE_SAFE,FROZEN_TANGENT_PROFILE,STAGE5_TOEPLITZ_CORRELATED,8,0,0,P1,3726074064,3726075064,18ccd122188c179bdd177a944466de5dd6bf8cfb1ce01a4d57550f28018bed1d,1,1,KNOWN_K_FIT_VALID,TANGENT_PROFILE_UPGRADE,FISHER_TANGENT_PROFILE_1D,[7.938426795599816 9.9246723599099926;8.0746990565119798 10.074779390235319],86.390640087513,-217.934097682625,2,0.0494327698078642,0.0384934839310675,0.0310137135107348,0.00656864848282883,2.76576603475076,0.299999999999999,0.202736897596864,0.0972631024031354,0.0979888072789196,361,794,5.0669484,0,0,1,1,0,0,0
65,VA1_K2_N2_L8_SP0_P1,VINCENT_ANCHORED_PROJECTOR_AML_SAFE,VINCENT_ANCHORED_AML,STAGE5_TOEPLITZ_CORRELATED,8,0,0,P1,3726074064,3726075064,18ccd122188c179bdd177a944466de5dd6bf8cfb1ce01a4d57550f28018bed1d,1,1,KNOWN_K_FIT_VALID,VINCENT_ANCHORED_AML_UPGRADE,VINCENT_ANCHORED_PROJECTOR_AML_1D,[7.9382779334787266 9.9245083848590543;8.0760334630691233 10.076249269755911],86.3910227432061,-217.93462920527,2,0.0484364158092856,0.037870438775819,0.030197950979776,0.00716571893925143,2.76576603475076,0.299999999999999,0.204943607077683,0.0950563929223165,0.0958068650678785,354,851,4.9549313,1,0,1,1,0,0,0
65,VA1_K2_N2_L8_SP0_P1,FULL4D_BEAMSPACE_CML_MULTISTART,FROZEN_CLASSICAL_FULL4D,STAGE5_TOEPLITZ_CORRELATED,8,0,0,P1,3726074064,3726075064,18ccd122188c179bdd177a944466de5dd6bf8cfb1ce01a4d57550f28018bed1d,1,1,FULL4D_CML_VALID,FULL4D_NUMERICAL_MULTISTART,GRID_PAIR_003_019,[7.904303873139944 9.8875816419820186;8.1073100237218245 10.110029413669883],86.6876436536004,-218.345939794107,2,0.00908688404752908,0.00738519388665377,0.00529437181823964,0.00592852543669347,2.6163784259637,0.299999999999999,0.301155289349149,0.00115528934914927,0.0137730240455336,5038,10076,4.9499862,1,0,1,1,0,0,0
66,VA1_K2_N2_L8_SP0_P2,CORE_LITE,FROZEN_CORE_LITE,STAGE5_TOEPLITZ_CORRELATED,8,0,0,P2,3726074065,3726075065,d362ee4adbb26e86a31ed83f2d5163f4477048e6917c367e0cac3e79d0d049c9,1,1,VALID_FOR_LRT,FIXED_GRID_CORE_LITE,K2_GROUPED_Q1_KQ2,[8 10;8.4000000000000004 10],101.831106297894,-237.666451602796,2,0.100000000000001,0.100000000000001,0,0,0,0.199999999999999,0.4,0.200000000000001,0.200000000000001,145,341,0.1717888,0,0,1,1,0,0,0
66,VA1_K2_N2_L8_SP0_P2,TANGENT_PROFILE_SAFE,FROZEN_TANGENT_PROFILE,STAGE5_TOEPLITZ_CORRELATED,8,0,0,P2,3726074065,3726075065,d362ee4adbb26e86a31ed83f2d5163f4477048e6917c367e0cac3e79d0d049c9,1,1,KNOWN_K_FIT_VALID,TANGENT_PROFILE_UPGRADE,FISHER_TANGENT_PROFILE_1D,[8.2795940462796338 9.9732704885832391;8.0048984763977984 10.021675036204542],100.860536301039,-236.517225238028,2,0.0729553860717105,0.0687775498934708,0.0243338650346276,0.0578090067314215,9.99358873862922,0.199999999999999,0.278927690169207,0.078927690169208,0.0890080243034032,355,787,5.1118,0,0,1,1,0,0,0
66,VA1_K2_N2_L8_SP0_P2,VINCENT_ANCHORED_PROJECTOR_AML_SAFE,VINCENT_ANCHORED_AML,STAGE5_TOEPLITZ_CORRELATED,8,0,0,P2,3726074065,3726075065,d362ee4adbb26e86a31ed83f2d5163f4477048e6917c367e0cac3e79d0d049c9,1,1,KNOWN_K_FIT_VALID,VINCENT_ANCHORED_AML_UPGRADE,VINCENT_ANCHORED_PROJECTOR_AML_1D,[8.255871088283989 9.97745074911861;7.97193130564707 10.027484234318765],100.840223099716,-236.493054935702,2,0.0990272769844353,0.0957834832382481,0.0251381368780647,0.086134153501096,9.99358873862907,0.199999999999999,0.288314324661774,0.0883143246617749,0.0977201962257927,334,816,5.0499352,1,0,1,1,0,0,0
66,VA1_K2_N2_L8_SP0_P2,FULL4D_BEAMSPACE_CML_MULTISTART,FROZEN_CLASSICAL_FULL4D,STAGE5_TOEPLITZ_CORRELATED,8,0,0,P2,3726074065,3726075065,d362ee4adbb26e86a31ed83f2d5163f4477048e6917c367e0cac3e79d0d049c9,1,1,FULL4D_CML_VALID,FULL4D_NUMERICAL_MULTISTART,GRID_PAIR_010_012,[7.9458926573114352 9.9976138667524292;8.3102679243971309 9.9976138667524292],101.644765643123,-237.446662547609,2,0.109238021324322,0.109211957545765,0.00238613324757075,0.0719592815103063,0,0.199999999999999,0.364375267085696,0.164375267085696,0.164375267085696,1504,3008,1.6584805,1,0,1,1,0,0,0
67,VA1_K2_N2_L8_SP0_P3,CORE_LITE,FROZEN_CORE_LITE,STAGE5_TOEPLITZ_CORRELATED,8,0,0,P3,3726074066,3726075066,c338aeac18944231f0bd3361514a27fd441f540ede7aa95636cc1ffc983a3145,1,1,VALID_FOR_LRT,FIXED_GRID_CORE_LITE,K2_GROUPED_Q1_KQ2,[8 10;7.7999999999999998 10.199999999999999],122.622539768709,-259.961879724404,2,0.103077640640442,0.1,0.0250000000000004,0,45.0000000000001,0.149999999999999,0.282842712474619,0.13284271247462,0.206155281280883,131,307,0.1342014,0,0,1,1,0,0,0
67,VA1_K2_N2_L8_SP0_P3,TANGENT_PROFILE_SAFE,FROZEN_TANGENT_PROFILE,STAGE5_TOEPLITZ_CORRELATED,8,0,0,P3,3726074066,3726075066,c338aeac18944231f0bd3361514a27fd441f540ede7aa95636cc1ffc983a3145,1,1,KNOWN_K_FIT_VALID,TANGENT_PROFILE_UPGRADE,FISHER_TANGENT_PROFILE_1D,[7.8982204250943333 9.9986496901770074;7.8841375334282215 10.199999999999999],94.6779132037409,-228.92626643425,2,0.0280546213693343,0.0112868226836803,0.0256840303278879,0.00884682095599869,4.00087965243097,0.149999999999999,0.201842203474631,0.0518422034746322,0.0532464285806742,385,841,4.8216076,0,0,1,1,0,0,0
67,VA1_K2_N2_L8_SP0_P3,VINCENT_ANCHORED_PROJECTOR_AML_SAFE,VINCENT_ANCHORED_AML,STAGE5_TOEPLITZ_CORRELATED,8,0,0,P3,3726074066,3726075066,c338aeac18944231f0bd3361514a27fd441f540ede7aa95636cc1ffc983a3145,1,1,KNOWN_K_FIT_VALID,VINCENT_ANCHORED_AML_UPGRADE,VINCENT_ANCHORED_PROJECTOR_AML_1D,[7.8924922327012013 10.080548588530261;7.8857285053897206 10.177253059601512],94.999206247423,-229.332801521125,2,0.0409314310371404,0.0114026779359973,0.039311079642209,0.0308843276438624,4.00087965243033,0.149999999999999,0.0969407176181111,0.0530592823818874,0.0537230063468074,344,824,4.9013147,1,0,1,1,0,0,0
67,VA1_K2_N2_L8_SP0_P3,FULL4D_BEAMSPACE_CML_MULTISTART,FROZEN_CLASSICAL_FULL4D,STAGE5_TOEPLITZ_CORRELATED,8,0,0,P3,3726074066,3726075066,c338aeac18944231f0bd3361514a27fd441f540ede7aa95636cc1ffc983a3145,1,1,FULL4D_CML_VALID,FULL4D_NUMERICAL_MULTISTART,GRID_PAIR_004_017,[7.9075216661264642 9.8014609388008331;7.8858324790785295 10.199999999999999],94.2493808195359,-228.381887978388,2,0.159455332291183,0.0113422685204131,0.15905142546014,0.099325130515649,3.1150628159939,0.149999999999999,0.399128806447634,0.249128806447636,0.249483638294306,5036,10072,5.1818311,1,0,1,1,0,0,0
68,VA1_K2_N2_L8_SP0_P4,CORE_LITE,FROZEN_CORE_LITE,STAGE5_TOEPLITZ_CORRELATED,8,0,0,P4,3726074067,3726075067,7afa7dc977ed8c827c2edc4b80ed6d8b2d03b3b5692abdeeb8e0e815b54be021,1,1,VALID_FOR_LRT,FIXED_GRID_CORE_LITE,K2_GROUPED_Q1_KQ2,[8.1999999999999993 9.8000000000000007;8 10.199999999999999],102.099674771256,-237.982521940649,2,0.183811850990091,0.0646446609406723,0.172069359202238,0.0500000000000007,18.434948822922,0.0999999999999998,0.447213595499956,0.347213595499957,0.35376148215657,149,345,0.1587847,0,0,1,1,0,0,0
68,VA1_K2_N2_L8_SP0_P4,TANGENT_PROFILE_SAFE,FROZEN_TANGENT_PROFILE,STAGE5_TOEPLITZ_CORRELATED,8,0,0,P4,3726074067,3726075067,7afa7dc977ed8c827c2edc4b80ed6d8b2d03b3b5692abdeeb8e0e815b54be021,1,1,KNOWN_K_FIT_VALID,TANGENT_PROFILE_UPGRADE,FISHER_TANGENT_PROFILE_1D,[8.2519351964619343 9.8000000000000007;8.1078312684328235 9.9253508115218381],95.5924851159871,-230.079882295394,2,0.126885554390348,0.0879088909573241,0.0914984743238889,0.118350815735516,3.98116823638199,0.0999999999999998,0.190994157037859,0.0909941570378592,0.0914992530610839,402,877,4.6438273,0,0,1,1,0,0,0
68,VA1_K2_N2_L8_SP0_P4,VINCENT_ANCHORED_PROJECTOR_AML_SAFE,VINCENT_ANCHORED_AML,STAGE5_TOEPLITZ_CORRELATED,8,0,0,P4,3726074067,3726075067,7afa7dc977ed8c827c2edc4b80ed6d8b2d03b3b5692abdeeb8e0e815b54be021,1,1,KNOWN_K_FIT_VALID,VINCENT_ANCHORED_AML_UPGRADE,VINCENT_ANCHORED_PROJECTOR_AML_1D,[8.1730295267730444 9.8686371972260076;7.9515097174645328 10.061329292748731],96.3834621516726,-231.068733062817,2,0.105137025380913,0.0843174354900506,0.0628041732556678,0.0405965398206607,3.98116823638153,0.0999999999999998,0.293600527235592,0.193600527235592,0.193966131688357,362,862,4.887051,1,0,1,1,0,0,0
68,VA1_K2_N2_L8_SP0_P4,FULL4D_BEAMSPACE_CML_MULTISTART,FROZEN_CLASSICAL_FULL4D,STAGE5_TOEPLITZ_CORRELATED,8,0,0,P4,3726074067,3726075067,7afa7dc977ed8c827c2edc4b80ed6d8b2d03b3b5692abdeeb8e0e815b54be021,1,1,FULL4D_CML_VALID,FULL4D_NUMERICAL_MULTISTART,GRID_PAIR_005_017,[8.2449115491309435 9.8002710558963422;7.8423668514319909 10.194429028167328],92.3500355793512,-225.93890819747,2,0.243108120774789,0.175228404896629,0.168512802196251,0.0736109110480856,0.603118629760864,0.0999999999999998,0.5633850732406,0.4633850732406,0.463391808996752,4903,9806,4.5358963,1,0,1,1,0,0,0
69,VA1_K2_N2_L8_SP6_P1,CORE_LITE,FROZEN_CORE_LITE,STAGE5_TOEPLITZ_CORRELATED,8,6,6,P1,3726074068,3726075068,c14ca658bd88252503082cc8dd9dc02435c589bd4914c5352a9e7141696538ad,1,1,VALID_FOR_LRT,FIXED_GRID_CORE_LITE,K2_GROUPED_Q1_KQ2,[7.7999999999999998 9.8000000000000007;8 10],105.367648716128,-241.763255265876,2,0.141681308325435,0.100183813884298,0.100183813884297,0.141421356237309,0,0.299999999999999,0.282842712474619,0.0171572875253808,0.0171572875253808,169,385,0.1694127,0,0,1,1,0,0,0
69,VA1_K2_N2_L8_SP6_P1,TANGENT_PROFILE_SAFE,FROZEN_TANGENT_PROFILE,STAGE5_TOEPLITZ_CORRELATED,8,6,6,P1,3726074068,3726075068,c14ca658bd88252503082cc8dd9dc02435c589bd4914c5352a9e7141696538ad,1,1,KNOWN_K_FIT_VALID,TANGENT_PROFILE_UPGRADE,FISHER_TANGENT_PROFILE_1D,[7.8989436970686313 9.8957681167786777;8.1075988724196471 10.108450145390622],94.3477200565248,-228.507029981667,2,0.00427170906838801,0.00370451629937161,0.00212698315758223,0.00389226641039298,0.547577260922293,0.299999999999999,0.29794400060289,0.00205599939710949,0.00352009122351961,379,831,4.7616172,0,0,1,1,0,0,0
69,VA1_K2_N2_L8_SP6_P1,VINCENT_ANCHORED_PROJECTOR_AML_SAFE,VINCENT_ANCHORED_AML,STAGE5_TOEPLITZ_CORRELATED,8,6,6,P1,3726074068,3726075068,c14ca658bd88252503082cc8dd9dc02435c589bd4914c5352a9e7141696538ad,1,1,KNOWN_K_FIT_VALID,VINCENT_ANCHORED_AML_UPGRADE,VINCENT_ANCHORED_PROJECTOR_AML_1D,[7.8684300818202102 9.8646656167788525;8.0894952585587312 10.089997148408067],93.2009996379347,-227.039590851635,2,0.0319365370845759,0.0215062666161225,0.0236098051070047,0.0309262907682301,0.547577260922293,0.299999999999999,0.315664555363444,0.015664555363445,0.0159382483696792,368,880,5.0449527,1,0,1,1,0,0,0
69,VA1_K2_N2_L8_SP6_P1,FULL4D_BEAMSPACE_CML_MULTISTART,FROZEN_CLASSICAL_FULL4D,STAGE5_TOEPLITZ_CORRELATED,8,6,6,P1,3726074068,3726075068,c14ca658bd88252503082cc8dd9dc02435c589bd4914c5352a9e7141696538ad,1,1,FULL4D_CML_VALID,FULL4D_NUMERICAL_MULTISTART,GRID_PAIR_003_019,[7.8677993281331045 9.8640575401048363;8.1044747182072197 10.10502537771829],93.5993121643114,-227.551341342241,2,0.0281001527401651,0.0185142162691687,0.0211386465971466,0.0207641185502182,0.514887457983414,0.299999999999999,0.337758403345999,0.0377584033459993,0.0378666061248215,5029,10058,4.8594711,1,0,1,1,0,0,0
70,VA1_K2_N2_L8_SP6_P2,CORE_LITE,FROZEN_CORE_LITE,STAGE5_TOEPLITZ_CORRELATED,8,6,6,P2,3726074069,3726075069,883233102d3fea1df2b8f09bc0380d3979d57d53b96d4bb2aa8e8ab3d1f93cdc,1,1,VALID_FOR_LRT,FIXED_GRID_CORE_LITE,K2_GROUPED_Q1_KQ2,[8 10;8.1999999999999993 10],107.370460658407,-244.022789626446,2,0.0999999999999996,0.0999999999999996,0,0.0999999999999996,0,0.199999999999999,0.199999999999999,0,0,163,379,0.1633535,0,0,1,1,0,0,0
70,VA1_K2_N2_L8_SP6_P2,TANGENT_PROFILE_SAFE,FROZEN_TANGENT_PROFILE,STAGE5_TOEPLITZ_CORRELATED,8,6,6,P2,3726074069,3726075069,883233102d3fea1df2b8f09bc0380d3979d57d53b96d4bb2aa8e8ab3d1f93cdc,1,1,KNOWN_K_FIT_VALID,TANGENT_PROFILE_UPGRADE,FISHER_TANGENT_PROFILE_1D,[8.0295132669500457 9.9887142894497352;8.2547619608493807 9.9990227310550317],105.105167920163,-241.463950943843,2,0.0597627895912812,0.0592235583287948,0.00801006608010067,0.0581863462656292,2.62029654485953,0.199999999999999,0.225484451951096,0.0254844519510967,0.0272719730117232,373,825,4.8544391,0,0,1,1,0,0,0
70,VA1_K2_N2_L8_SP6_P2,VINCENT_ANCHORED_PROJECTOR_AML_SAFE,VINCENT_ANCHORED_AML,STAGE5_TOEPLITZ_CORRELATED,8,6,6,P2,3726074069,3726075069,883233102d3fea1df2b8f09bc0380d3979d57d53b96d4bb2aa8e8ab3d1f93cdc,1,1,KNOWN_K_FIT_VALID,VINCENT_ANCHORED_AML_UPGRADE,VINCENT_ANCHORED_PROJECTOR_AML_1D,[8.0813641658474094 9.9910872309048564;8.3567873979292422 10.003691895799944],104.574387802117,-240.856416747249,2,0.0428087048722457,0.0422617018004308,0.00682156681199391,0.0192535667901329,2.62029654485939,0.199999999999999,0.275711505649512,0.0757115056495122,0.0764692193943915,355,860,4.833016,1,0,1,1,0,0,0
70,VA1_K2_N2_L8_SP6_P2,FULL4D_BEAMSPACE_CML_MULTISTART,FROZEN_CLASSICAL_FULL4D,STAGE5_TOEPLITZ_CORRELATED,8,6,6,P2,3726074069,3726075069,883233102d3fea1df2b8f09bc0380d3979d57d53b96d4bb2aa8e8ab3d1f93cdc,1,1,FULL4D_CML_VALID,FULL4D_NUMERICAL_MULTISTART,GRID_PAIR_012_013,[8.0808945319149519 9.9913840849591864;8.3544991936367321 10.00235454642506],104.568047304521,-240.849140751717,2,0.0413216583564914,0.04083614218926,0.00631576918744986,0.0179716481253833,2.29610350093697,0.199999999999999,0.273824509386329,0.0738245093863301,0.074417721356892,4209,8418,4.1425895,1,0,1,1,0,0,0
71,VA1_K2_N2_L8_SP6_P3,CORE_LITE,FROZEN_CORE_LITE,STAGE5_TOEPLITZ_CORRELATED,8,6,6,P3,3726074070,3726075070,193a558a9c0b75927a1cee09dea6018641a3a9d650205d0541e717dff7e3d2ce,1,1,VALID_FOR_LRT,FIXED_GRID_CORE_LITE,K2_GROUPED_Q1_KQ2,[7.7999999999999998 10;8 10.199999999999999],293.463232787442,-364.678860347439,2,0.103077640640442,0.1,0.0250000000000004,0,45.0000000000001,0.149999999999999,0.282842712474619,0.13284271247462,0.206155281280883,130,306,0.1338468,0,0,1,1,0,0,0
71,VA1_K2_N2_L8_SP6_P3,TANGENT_PROFILE_SAFE,FROZEN_TANGENT_PROFILE,STAGE5_TOEPLITZ_CORRELATED,8,6,6,P3,3726074070,3726075070,193a558a9c0b75927a1cee09dea6018641a3a9d650205d0541e717dff7e3d2ce,1,1,KNOWN_K_FIT_VALID,TANGENT_PROFILE_UPGRADE,FISHER_TANGENT_PROFILE_1D,[7.8946333918321603 10.000996057334831;7.8971121719647392 10.199999999999999],94.2021041354019,-228.321679355288,2,0.024883019284857,0.00430929425708942,0.024507032291495,0.00415715790069784,0.713635587894466,0.149999999999999,0.199019379828265,0.0490193798282666,0.0490665950283584,384,840,4.7471726,0,0,1,1,0,0,0
71,VA1_K2_N2_L8_SP6_P3,VINCENT_ANCHORED_PROJECTOR_AML_SAFE,VINCENT_ANCHORED_AML,STAGE5_TOEPLITZ_CORRELATED,8,6,6,P3,3726074070,3726075070,193a558a9c0b75927a1cee09dea6018641a3a9d650205d0541e717dff7e3d2ce,1,1,KNOWN_K_FIT_VALID,VINCENT_ANCHORED_AML_UPGRADE,VINCENT_ANCHORED_PROJECTOR_AML_1D,[7.8963231671606486 10.136656315446421;7.8968894764603332 10.182121333470413],94.2321719089086,-228.359975284534,2,0.0791866170065588,0.00340547033604453,0.0791133559187938,0.059485708554297,0.713635587894977,0.149999999999999,0.0454685448430534,0.104531455156945,0.104536515930784,343,823,4.6190204,1,0,1,1,0,0,0
71,VA1_K2_N2_L8_SP6_P3,FULL4D_BEAMSPACE_CML_MULTISTART,FROZEN_CLASSICAL_FULL4D,STAGE5_TOEPLITZ_CORRELATED,8,6,6,P3,3726074070,3726075070,193a558a9c0b75927a1cee09dea6018641a3a9d650205d0541e717dff7e3d2ce,1,1,FULL4D_CML_VALID,FULL4D_NUMERICAL_MULTISTART,GRID_PAIR_010_018,[7.8945616831035519 10;7.8975205582021832 10.199999999999999],94.2006228511309,-228.319792396269,2,0.0253547127995467,0.00422628218975967,0.0250000000000004,0.00395887934713279,0.847593441304316,0.149999999999999,0.200021886157113,0.0500218861571143,0.0500874729034054,3697,7394,3.433159,1,0,1,1,0,0,0
72,VA1_K2_N2_L8_SP6_P4,CORE_LITE,FROZEN_CORE_LITE,STAGE5_TOEPLITZ_CORRELATED,8,6,6,P4,3726074071,3726075071,001f5b6950d19e93ac3d30e078ce4045b5059f09de0d5d5cddcea3ae9b763149,1,1,VALID_FOR_LRT,FIXED_GRID_CORE_LITE,K2_GROUPED_Q2_KQ1_PLUS_KQ1,[7.7999999999999998 9.8000000000000007;8.4000000000000004 10],231.425442955719,-336.179508486543,2,0.301426383012949,0.264644660940673,0.144295072029038,0.0499999999999989,63.4349488229219,0.0999999999999998,0.632455532033676,0.532455532033676,0.594501015562696,170,386,0.1799768,0,0,1,1,0,0,0
72,VA1_K2_N2_L8_SP6_P4,TANGENT_PROFILE_SAFE,FROZEN_TANGENT_PROFILE,STAGE5_TOEPLITZ_CORRELATED,8,6,6,P4,3726074071,3726075071,001f5b6950d19e93ac3d30e078ce4045b5059f09de0d5d5cddcea3ae9b763149,1,1,KNOWN_K_FIT_VALID,TANGENT_PROFILE_UPGRADE,FISHER_TANGENT_PROFILE_1D,[8.1390933024031753 9.9056893618622208;8.1383406959082052 9.9063478324110914],103.056296584706,-239.101626091947,2,0.0767054803395794,0.0521779548271863,0.0562244763797558,0.0585949641304561,3.8166677902445,0.0999999999999998,0.00100000000000056,0.0989999999999993,0.0990022402307376,424,920,4.6608169,0,0,1,1,0,0,0
72,VA1_K2_N2_L8_SP6_P4,VINCENT_ANCHORED_PROJECTOR_AML_SAFE,VINCENT_ANCHORED_AML,STAGE5_TOEPLITZ_CORRELATED,8,6,6,P4,3726074071,3726075071,001f5b6950d19e93ac3d30e078ce4045b5059f09de0d5d5cddcea3ae9b763149,1,1,KNOWN_K_FIT_VALID,VINCENT_ANCHORED_AML_UPGRADE,VINCENT_ANCHORED_PROJECTOR_AML_1D,[8.1330411689576074 9.9109844950538193;8.0061723410138654 10.021984582521496],102.232477271085,-238.138506224709,2,0.0488848947621486,0.0413785426331242,0.0260297742107969,0.0345758493972143,3.81666779033309,0.0999999999999998,0.168572592439135,0.0685725924391349,0.0691156588442157,411,966,4.8938688,1,0,1,1,0,0,0
72,VA1_K2_N2_L8_SP6_P4,FULL4D_BEAMSPACE_CML_MULTISTART,FROZEN_CLASSICAL_FULL4D,STAGE5_TOEPLITZ_CORRELATED,8,6,6,P4,3726074071,3726075071,001f5b6950d19e93ac3d30e078ce4045b5059f09de0d5d5cddcea3ae9b763149,1,1,FULL4D_CML_VALID,FULL4D_NUMERICAL_MULTISTART,GRID_PAIR_005_017,[8.1435834920785979 9.9015121921798102;7.8644518064736033 10.139398196394213],103.07859527634,-239.127588149922,2,0.178950475150854,0.141677241435916,0.1093198601162,0.119065301631106,4.56117700303314,0.0999999999999998,0.366748209143249,0.266748209143249,0.267183281694122,4986,9972,4.7582474,1,0,1,1,0,0,0
