global_trial_index,trial_id,K,noise_profile_id,noise_index,L,L_index,profile_id,profile_index,center_az_deg,center_el_deg,separation_deg,direction_deg,secondary_power_db,correlation_magnitude,source_correlation_contract,white_beamspace_snr_target_db,snr_db,snr_index,replicate_id,base_realization_index,base_realization_id,paired_original_trial_id,source_seed,noise_seed,snr_control_domain,protocol_id,cpi_id,range_doppler_cell_id,single_cpi_flag,same_range_doppler_cell_flag,cross_cpi_data_used_flag,tracking_input_used_flag,K_estimated_inside_module_flag,measurement_hash,element_trial_hash,resulting_element_snr_expected_db,resulting_raw_beamspace_snr_expected_db,resulting_white_beamspace_snr_expected_db
1,MC1_K2_N1_L1_SM6_P1_R01,2,WHITE,1,1,1,P1,1,8,10,0.3,45,0,1,L1_FULLY_COHERENT_BY_CONTRACT,-6,-6,1,1,0,MC1_BASE_N1_L1_P1_R01,MC1_BASE_N1_L1_P1_R01,430100000,430200000,WHITENED_SEQUENTIAL_BEAMSPACE_EXPECTED_TOTAL_SNR,STAGE8_K2_TANGENT_WHITE_SNR_MONTE_CARLO_AND_CLOSURE_V1,ONE_SYNTHETIC_CPI,ONE_SELECTED_RANGE_DOPPLER_CELL,1,1,0,0,0,31a85cf10323dcb0ff906b98f8f0dab39e853ab81d2695b1979df50869258a07,09dede20a1672ff4f90b4bc1188c4d3252e65551578e344d7322002addf46344,-27.419719888473,3.79888137371853,-6.00000000000001
2,MC1_K2_N1_L1_SP0_P1_R01,2,WHITE,1,1,1,P1,1,8,10,0.3,45,0,1,L1_FULLY_COHERENT_BY_CONTRACT,0,0,2,1,0,MC1_BASE_N1_L1_P1_R01,MC1_BASE_N1_L1_P1_R01,430100000,430200000,WHITENED_SEQUENTIAL_BEAMSPACE_EXPECTED_TOTAL_SNR,STAGE8_K2_TANGENT_WHITE_SNR_MONTE_CARLO_AND_CLOSURE_V1,ONE_SYNTHETIC_CPI,ONE_SELECTED_RANGE_DOPPLER_CELL,1,1,0,0,0,31a85cf10323dcb0ff906b98f8f0dab39e853ab81d2695b1979df50869258a07,0b8d70d678c03c2ab07f508a16dd4e298c18f86c722b0dfefcfbaee5d3c555f5,-21.419719888473,9.79888137371853,-1.06076021320862e-14
3,MC1_K2_N1_L1_SP6_P1_R01,2,WHITE,1,1,1,P1,1,8,10,0.3,45,0,1,L1_FULLY_COHERENT_BY_CONTRACT,6,6,3,1,0,MC1_BASE_N1_L1_P1_R01,MC1_BASE_N1_L1_P1_R01,430100000,430200000,WHITENED_SEQUENTIAL_BEAMSPACE_EXPECTED_TOTAL_SNR,STAGE8_K2_TANGENT_WHITE_SNR_MONTE_CARLO_AND_CLOSURE_V1,ONE_SYNTHETIC_CPI,ONE_SELECTED_RANGE_DOPPLER_CELL,1,1,0,0,0,31a85cf10323dcb0ff906b98f8f0dab39e853ab81d2695b1979df50869258a07,d9508cb6d9cedd4c8845c02118997f2cd4e377fb725d8a85efe1d41be2dcaf4f,-15.419719888473,15.7988813737185,5.99999999999999
4,MC1_K2_N1_L1_SP10_P1_R01,2,WHITE,1,1,1,P1,1,8,10,0.3,45,0,1,L1_FULLY_COHERENT_BY_CONTRACT,10,10,4,1,0,MC1_BASE_N1_L1_P1_R01,MC1_BASE_N1_L1_P1_R01,430100000,430200000,WHITENED_SEQUENTIAL_BEAMSPACE_EXPECTED_TOTAL_SNR,STAGE8_K2_TANGENT_WHITE_SNR_MONTE_CARLO_AND_CLOSURE_V1,ONE_SYNTHETIC_CPI,ONE_SELECTED_RANGE_DOPPLER_CELL,1,1,0,0,0,31a85cf10323dcb0ff906b98f8f0dab39e853ab81d2695b1979df50869258a07,e4ab91178c3994a83804c29636c0306f1574dedd82297390c97d94707a1d5308,-11.419719888473,19.7988813737185,9.99999999999999
5,MC1_K2_N1_L1_SP14_P1_R01,2,WHITE,1,1,1,P1,1,8,10,0.3,45,0,1,L1_FULLY_COHERENT_BY_CONTRACT,14,14,5,1,0,MC1_BASE_N1_L1_P1_R01,MC1_BASE_N1_L1_P1_R01,430100000,430200000,WHITENED_SEQUENTIAL_BEAMSPACE_EXPECTED_TOTAL_SNR,STAGE8_K2_TANGENT_WHITE_SNR_MONTE_CARLO_AND_CLOSURE_V1,ONE_SYNTHETIC_CPI,ONE_SELECTED_RANGE_DOPPLER_CELL,1,1,0,0,0,31a85cf10323dcb0ff906b98f8f0dab39e853ab81d2695b1979df50869258a07,ad0c428b9977b63ed23d63ccb11986768752282f110ea1293f82d02d13a98e52,-7.41971988847302,23.7988813737185,14
6,MC1_K2_N1_L1_SP18_P1_R01,2,WHITE,1,1,1,P1,1,8,10,0.3,45,0,1,L1_FULLY_COHERENT_BY_CONTRACT,18,18,6,1,0,MC1_BASE_N1_L1_P1_R01,MC1_BASE_N1_L1_P1_R01,430100000,430200000,WHITENED_SEQUENTIAL_BEAMSPACE_EXPECTED_TOTAL_SNR,STAGE8_K2_TANGENT_WHITE_SNR_MONTE_CARLO_AND_CLOSURE_V1,ONE_SYNTHETIC_CPI,ONE_SELECTED_RANGE_DOPPLER_CELL,1,1,0,0,0,31a85cf10323dcb0ff906b98f8f0dab39e853ab81d2695b1979df50869258a07,73aa26cb0940e82f2ab2eff29ca1cfdbaf7e0ebddbb5f0700fe455e90fb33083,-3.41971988847301,27.7988813737185,18
7,MC1_K2_N1_L1_SP22_P1_R01,2,WHITE,1,1,1,P1,1,8,10,0.3,45,0,1,L1_FULLY_COHERENT_BY_CONTRACT,22,22,7,1,0,MC1_BASE_N1_L1_P1_R01,MC1_BASE_N1_L1_P1_R01,430100000,430200000,WHITENED_SEQUENTIAL_BEAMSPACE_EXPECTED_TOTAL_SNR,STAGE8_K2_TANGENT_WHITE_SNR_MONTE_CARLO_AND_CLOSURE_V1,ONE_SYNTHETIC_CPI,ONE_SELECTED_RANGE_DOPPLER_CELL,1,1,0,0,0,31a85cf10323dcb0ff906b98f8f0dab39e853ab81d2695b1979df50869258a07,397bb5a88b26d751af582ada7cd3609e6af5c3cae017d31057d2e5da9f955a23,0.580280111526986,31.7988813737185,22
8,MC1_K2_N1_L1_SM6_P1_R02,2,WHITE,1,1,1,P1,1,8,10,0.3,45,0,1,L1_FULLY_COHERENT_BY_CONTRACT,-6,-6,1,2,1,MC1_BASE_N1_L1_P1_R02,MC1_BASE_N1_L1_P1_R02,430100001,430200001,WHITENED_SEQUENTIAL_BEAMSPACE_EXPECTED_TOTAL_SNR,STAGE8_K2_TANGENT_WHITE_SNR_MONTE_CARLO_AND_CLOSURE_V1,ONE_SYNTHETIC_CPI,ONE_SELECTED_RANGE_DOPPLER_CELL,1,1,0,0,0,31a85cf10323dcb0ff906b98f8f0dab39e853ab81d2695b1979df50869258a07,8364cc992f0feb462ae746eb499697f7f56e9c174320c47daa7dc269b0e495b2,-27.4197204329465,3.82426457373075,-6
9,MC1_K2_N1_L1_SP0_P1_R02,2,WHITE,1,1,1,P1,1,8,10,0.3,45,0,1,L1_FULLY_COHERENT_BY_CONTRACT,0,0,2,2,1,MC1_BASE_N1_L1_P1_R02,MC1_BASE_N1_L1_P1_R02,430100001,430200001,WHITENED_SEQUENTIAL_BEAMSPACE_EXPECTED_TOTAL_SNR,STAGE8_K2_TANGENT_WHITE_SNR_MONTE_CARLO_AND_CLOSURE_V1,ONE_SYNTHETIC_CPI,ONE_SELECTED_RANGE_DOPPLER_CELL,1,1,0,0,0,31a85cf10323dcb0ff906b98f8f0dab39e853ab81d2695b1979df50869258a07,86e2d6abb8b45df7884aeead1f2ca1a49eb096acd34001519f3160cc2150872c,-21.4197204329465,9.82426457373075,-6.75029226587301e-15
10,MC1_K2_N1_L1_SP6_P1_R02,2,WHITE,1,1,1,P1,1,8,10,0.3,45,0,1,L1_FULLY_COHERENT_BY_CONTRACT,6,6,3,2,1,MC1_BASE_N1_L1_P1_R02,MC1_BASE_N1_L1_P1_R02,430100001,430200001,WHITENED_SEQUENTIAL_BEAMSPACE_EXPECTED_TOTAL_SNR,STAGE8_K2_TANGENT_WHITE_SNR_MONTE_CARLO_AND_CLOSURE_V1,ONE_SYNTHETIC_CPI,ONE_SELECTED_RANGE_DOPPLER_CELL,1,1,0,0,0,31a85cf10323dcb0ff906b98f8f0dab39e853ab81d2695b1979df50869258a07,8aa07ffd783457d9fa1ffd1a5787806d4f1d32ec0dbe8a4f48073374c8982abe,-15.4197204329465,15.8242645737308,5.99999999999999
11,MC1_K2_N1_L1_SP10_P1_R02,2,WHITE,1,1,1,P1,1,8,10,0.3,45,0,1,L1_FULLY_COHERENT_BY_CONTRACT,10,10,4,2,1,MC1_BASE_N1_L1_P1_R02,MC1_BASE_N1_L1_P1_R02,430100001,430200001,WHITENED_SEQUENTIAL_BEAMSPACE_EXPECTED_TOTAL_SNR,STAGE8_K2_TANGENT_WHITE_SNR_MONTE_CARLO_AND_CLOSURE_V1,ONE_SYNTHETIC_CPI,ONE_SELECTED_RANGE_DOPPLER_CELL,1,1,0,0,0,31a85cf10323dcb0ff906b98f8f0dab39e853ab81d2695b1979df50869258a07,ca9be2ce5251246659f747d64e8319128b64f080abcec1b62bffb46b1dadba43,-11.4197204329465,19.8242645737308,10
12,MC1_K2_N1_L1_SP14_P1_R02,2,WHITE,1,1,1,P1,1,8,10,0.3,45,0,1,L1_FULLY_COHERENT_BY_CONTRACT,14,14,5,2,1,MC1_BASE_N1_L1_P1_R02,MC1_BASE_N1_L1_P1_R02,430100001,430200001,WHITENED_SEQUENTIAL_BEAMSPACE_EXPECTED_TOTAL_SNR,STAGE8_K2_TANGENT_WHITE_SNR_MONTE_CARLO_AND_CLOSURE_V1,ONE_SYNTHETIC_CPI,ONE_SELECTED_RANGE_DOPPLER_CELL,1,1,0,0,0,31a85cf10323dcb0ff906b98f8f0dab39e853ab81d2695b1979df50869258a07,1dd8a3f65fe402573afe1eebf924eff530f3ae1703fdaaf33d97fd99252204fa,-7.41972043294654,23.8242645737308,14
13,MC1_K2_N1_L1_SP18_P1_R02,2,WHITE,1,1,1,P1,1,8,10,0.3,45,0,1,L1_FULLY_COHERENT_BY_CONTRACT,18,18,6,2,1,MC1_BASE_N1_L1_P1_R02,MC1_BASE_N1_L1_P1_R02,430100001,430200001,WHITENED_SEQUENTIAL_BEAMSPACE_EXPECTED_TOTAL_SNR,STAGE8_K2_TANGENT_WHITE_SNR_MONTE_CARLO_AND_CLOSURE_V1,ONE_SYNTHETIC_CPI,ONE_SELECTED_RANGE_DOPPLER_CELL,1,1,0,0,0,31a85cf10323dcb0ff906b98f8f0dab39e853ab81d2695b1979df50869258a07,bace1c45c8db3c8bb3b567a0c34279f4c44e04646ea4520576caa9bbca6f90a2,-3.41972043294654,27.8242645737308,18
14,MC1_K2_N1_L1_SP22_P1_R02,2,WHITE,1,1,1,P1,1,8,10,0.3,45,0,1,L1_FULLY_COHERENT_BY_CONTRACT,22,22,7,2,1,MC1_BASE_N1_L1_P1_R02,MC1_BASE_N1_L1_P1_R02,430100001,430200001,WHITENED_SEQUENTIAL_BEAMSPACE_EXPECTED_TOTAL_SNR,STAGE8_K2_TANGENT_WHITE_SNR_MONTE_CARLO_AND_CLOSURE_V1,ONE_SYNTHETIC_CPI,ONE_SELECTED_RANGE_DOPPLER_CELL,1,1,0,0,0,31a85cf10323dcb0ff906b98f8f0dab39e853ab81d2695b1979df50869258a07,d7fc9b467790b16e6a4d28be626c85f59f9acaeecbe8b38b00219e4833466172,0.580279567053466,31.8242645737308,22
15,MC1_K2_N1_L1_SM6_P1_R03,2,WHITE,1,1,1,P1,1,8,10,0.3,45,0,1,L1_FULLY_COHERENT_BY_CONTRACT,-6,-6,1,3,2,MC1_BASE_N1_L1_P1_R03,MC1_BASE_N1_L1_P1_R03,430100002,430200002,WHITENED_SEQUENTIAL_BEAMSPACE_EXPECTED_TOTAL_SNR,STAGE8_K2_TANGENT_WHITE_SNR_MONTE_CARLO_AND_CLOSURE_V1,ONE_SYNTHETIC_CPI,ONE_SELECTED_RANGE_DOPPLER_CELL,1,1,0,0,0,31a85cf10323dcb0ff906b98f8f0dab39e853ab81d2695b1979df50869258a07,d868b9f3627662cbc4ea7cf898451698b3e048a6603e4332fac399a1ae49774e,-27.4197087381451,3.13615935627318,-6.00000000000001
16,MC1_K2_N1_L1_SP0_P1_R03,2,WHITE,1,1,1,P1,1,8,10,0.3,45,0,1,L1_FULLY_COHERENT_BY_CONTRACT,0,0,2,3,2,MC1_BASE_N1_L1_P1_R03,MC1_BASE_N1_L1_P1_R03,430100002,430200002,WHITENED_SEQUENTIAL_BEAMSPACE_EXPECTED_TOTAL_SNR,STAGE8_K2_TANGENT_WHITE_SNR_MONTE_CARLO_AND_CLOSURE_V1,ONE_SYNTHETIC_CPI,ONE_SELECTED_RANGE_DOPPLER_CELL,1,1,0,0,0,31a85cf10323dcb0ff906b98f8f0dab39e853ab81d2695b1979df50869258a07,fbc8a64a7008be052a90b0a3c05335a60bd80a7e9b6d1b2634332c67f493092a,-21.4197087381451,9.13615935627318,-8.67894719897959e-15
17,MC1_K2_N1_L1_SP6_P1_R03,2,WHITE,1,1,1,P1,1,8,10,0.3,45,0,1,L1_FULLY_COHERENT_BY_CONTRACT,6,6,3,3,2,MC1_BASE_N1_L1_P1_R03,MC1_BASE_N1_L1_P1_R03,430100002,430200002,WHITENED_SEQUENTIAL_BEAMSPACE_EXPECTED_TOTAL_SNR,STAGE8_K2_TANGENT_WHITE_SNR_MONTE_CARLO_AND_CLOSURE_V1,ONE_SYNTHETIC_CPI,ONE_SELECTED_RANGE_DOPPLER_CELL,1,1,0,0,0,31a85cf10323dcb0ff906b98f8f0dab39e853ab81d2695b1979df50869258a07,e3baddfc5e574cf21cd16341abe26c5ccc944e7b792be23991a974195ae4a237,-15.4197087381451,15.1361593562732,5.99999999999997
18,MC1_K2_N1_L1_SP10_P1_R03,2,WHITE,1,1,1,P1,1,8,10,0.3,45,0,1,L1_FULLY_COHERENT_BY_CONTRACT,10,10,4,3,2,MC1_BASE_N1_L1_P1_R03,MC1_BASE_N1_L1_P1_R03,430100002,430200002,WHITENED_SEQUENTIAL_BEAMSPACE_EXPECTED_TOTAL_SNR,STAGE8_K2_TANGENT_WHITE_SNR_MONTE_CARLO_AND_CLOSURE_V1,ONE_SYNTHETIC_CPI,ONE_SELECTED_RANGE_DOPPLER_CELL,1,1,0,0,0,31a85cf10323dcb0ff906b98f8f0dab39e853ab81d2695b1979df50869258a07,057802cda7bc64e00d0ed5e6fc6ce4bb6eab22c6dd68d92ce36575279d891a13,-11.4197087381451,19.1361593562732,9.99999999999998
19,MC1_K2_N1_L1_SP14_P1_R03,2,WHITE,1,1,1,P1,1,8,10,0.3,45,0,1,L1_FULLY_COHERENT_BY_CONTRACT,14,14,5,3,2,MC1_BASE_N1_L1_P1_R03,MC1_BASE_N1_L1_P1_R03,430100002,430200002,WHITENED_SEQUENTIAL_BEAMSPACE_EXPECTED_TOTAL_SNR,STAGE8_K2_TANGENT_WHITE_SNR_MONTE_CARLO_AND_CLOSURE_V1,ONE_SYNTHETIC_CPI,ONE_SELECTED_RANGE_DOPPLER_CELL,1,1,0,0,0,31a85cf10323dcb0ff906b98f8f0dab39e853ab81d2695b1979df50869258a07,70df56cfb51c2fd042462ab1dac3aff5b3c036221509756736bc1cd67ab6754d,-7.41970873814507,23.1361593562732,14
20,MC1_K2_N1_L1_SP18_P1_R03,2,WHITE,1,1,1,P1,1,8,10,0.3,45,0,1,L1_FULLY_COHERENT_BY_CONTRACT,18,18,6,3,2,MC1_BASE_N1_L1_P1_R03,MC1_BASE_N1_L1_P1_R03,430100002,430200002,WHITENED_SEQUENTIAL_BEAMSPACE_EXPECTED_TOTAL_SNR,STAGE8_K2_TANGENT_WHITE_SNR_MONTE_CARLO_AND_CLOSURE_V1,ONE_SYNTHETIC_CPI,ONE_SELECTED_RANGE_DOPPLER_CELL,1,1,0,0,0,31a85cf10323dcb0ff906b98f8f0dab39e853ab81d2695b1979df50869258a07,dad16bc15b41e0d8e8bb68b87c954276d79360164763a76e105a4da8f1c10f2f,-3.41970873814507,27.1361593562732,18
21,MC1_K2_N1_L1_SP22_P1_R03,2,WHITE,1,1,1,P1,1,8,10,0.3,45,0,1,L1_FULLY_COHERENT_BY_CONTRACT,22,22,7,3,2,MC1_BASE_N1_L1_P1_R03,MC1_BASE_N1_L1_P1_R03,430100002,430200002,WHITENED_SEQUENTIAL_BEAMSPACE_EXPECTED_TOTAL_SNR,STAGE8_K2_TANGENT_WHITE_SNR_MONTE_CARLO_AND_CLOSURE_V1,ONE_SYNTHETIC_CPI,ONE_SELECTED_RANGE_DOPPLER_CELL,1,1,0,0,0,31a85cf10323dcb0ff906b98f8f0dab39e853ab81d2695b1979df50869258a07,1d4f657909508fcea79e9e96c8a54418d5130664d46dea810cbec8d962da9bbb,0.580291261854934,31.1361593562732,22
22,MC1_K2_N1_L1_SM6_P1_R04,2,WHITE,1,1,1,P1,1,8,10,0.3,45,0,1,L1_FULLY_COHERENT_BY_CONTRACT,-6,-6,1,4,3,MC1_BASE_N1_L1_P1_R04,MC1_BASE_N1_L1_P1_R04,430100003,430200003,WHITENED_SEQUENTIAL_BEAMSPACE_EXPECTED_TOTAL_SNR,STAGE8_K2_TANGENT_WHITE_SNR_MONTE_CARLO_AND_CLOSURE_V1,ONE_SYNTHETIC_CPI,ONE_SELECTED_RANGE_DOPPLER_CELL,1,1,0,0,0,31a85cf10323dcb0ff906b98f8f0dab39e853ab81d2695b1979df50869258a07,e04d5825e1797e5978882b4e4c93948c291525f781c54fb63d0e90177fdd49b1,-27.419720742674,3.83673126411885,-6.00000000000001
23,MC1_K2_N1_L1_SP0_P1_R04,2,WHITE,1,1,1,P1,1,8,10,0.3,45,0,1,L1_FULLY_COHERENT_BY_CONTRACT,0,0,2,4,3,MC1_BASE_N1_L1_P1_R04,MC1_BASE_N1_L1_P1_R04,430100003,430200003,WHITENED_SEQUENTIAL_BEAMSPACE_EXPECTED_TOTAL_SNR,STAGE8_K2_TANGENT_WHITE_SNR_MONTE_CARLO_AND_CLOSURE_V1,ONE_SYNTHETIC_CPI,ONE_SELECTED_RANGE_DOPPLER_CELL,1,1,0,0,0,31a85cf10323dcb0ff906b98f8f0dab39e853ab81d2695b1979df50869258a07,84700d9504a6d5339b5c94e29f2cf091101a96da5ea43a10e70eab59e0428101,-21.419720742674,9.83673126411885,1.92865493310657e-15
24,MC1_K2_N1_L1_SP6_P1_R04,2,WHITE,1,1,1,P1,1,8,10,0.3,45,0,1,L1_FULLY_COHERENT_BY_CONTRACT,6,6,3,4,3,MC1_BASE_N1_L1_P1_R04,MC1_BASE_N1_L1_P1_R04,430100003,430200003,WHITENED_SEQUENTIAL_BEAMSPACE_EXPECTED_TOTAL_SNR,STAGE8_K2_TANGENT_WHITE_SNR_MONTE_CARLO_AND_CLOSURE_V1,ONE_SYNTHETIC_CPI,ONE_SELECTED_RANGE_DOPPLER_CELL,1,1,0,0,0,31a85cf10323dcb0ff906b98f8f0dab39e853ab81d2695b1979df50869258a07,a0d433bb78c97a3ac7c4c63850d75ece8a2235c08c01918cc41c617a08a2acc2,-15.419720742674,15.8367312641188,6
25,MC1_K2_N1_L1_SP10_P1_R04,2,WHITE,1,1,1,P1,1,8,10,0.3,45,0,1,L1_FULLY_COHERENT_BY_CONTRACT,10,10,4,4,3,MC1_BASE_N1_L1_P1_R04,MC1_BASE_N1_L1_P1_R04,430100003,430200003,WHITENED_SEQUENTIAL_BEAMSPACE_EXPECTED_TOTAL_SNR,STAGE8_K2_TANGENT_WHITE_SNR_MONTE_CARLO_AND_CLOSURE_V1,ONE_SYNTHETIC_CPI,ONE_SELECTED_RANGE_DOPPLER_CELL,1,1,0,0,0,31a85cf10323dcb0ff906b98f8f0dab39e853ab81d2695b1979df50869258a07,5ad70c05e4e47590662a40d0f844319c1735f54a592910141b2a1fd1ffaf84f6,-11.419720742674,19.8367312641188,10
26,MC1_K2_N1_L1_SP14_P1_R04,2,WHITE,1,1,1,P1,1,8,10,0.3,45,0,1,L1_FULLY_COHERENT_BY_CONTRACT,14,14,5,4,3,MC1_BASE_N1_L1_P1_R04,MC1_BASE_N1_L1_P1_R04,430100003,430200003,WHITENED_SEQUENTIAL_BEAMSPACE_EXPECTED_TOTAL_SNR,STAGE8_K2_TANGENT_WHITE_SNR_MONTE_CARLO_AND_CLOSURE_V1,ONE_SYNTHETIC_CPI,ONE_SELECTED_RANGE_DOPPLER_CELL,1,1,0,0,0,31a85cf10323dcb0ff906b98f8f0dab39e853ab81d2695b1979df50869258a07,f2b8060eedcc460224fc2e021c57e51842ba1a939d1a0691b6a1de1888c16d79,-7.41972074267402,23.8367312641188,14
27,MC1_K2_N1_L1_SP18_P1_R04,2,WHITE,1,1,1,P1,1,8,10,0.3,45,0,1,L1_FULLY_COHERENT_BY_CONTRACT,18,18,6,4,3,MC1_BASE_N1_L1_P1_R04,MC1_BASE_N1_L1_P1_R04,430100003,430200003,WHITENED_SEQUENTIAL_BEAMSPACE_EXPECTED_TOTAL_SNR,STAGE8_K2_TANGENT_WHITE_SNR_MONTE_CARLO_AND_CLOSURE_V1,ONE_SYNTHETIC_CPI,ONE_SELECTED_RANGE_DOPPLER_CELL,1,1,0,0,0,31a85cf10323dcb0ff906b98f8f0dab39e853ab81d2695b1979df50869258a07,200249da2b32d29017a1cfba13176657b5aeb6d268e9dee8df0a5f567d42f489,-3.41972074267402,27.8367312641188,18
28,MC1_K2_N1_L1_SP22_P1_R04,2,WHITE,1,1,1,P1,1,8,10,0.3,45,0,1,L1_FULLY_COHERENT_BY_CONTRACT,22,22,7,4,3,MC1_BASE_N1_L1_P1_R04,MC1_BASE_N1_L1_P1_R04,430100003,430200003,WHITENED_SEQUENTIAL_BEAMSPACE_EXPECTED_TOTAL_SNR,STAGE8_K2_TANGENT_WHITE_SNR_MONTE_CARLO_AND_CLOSURE_V1,ONE_SYNTHETIC_CPI,ONE_SELECTED_RANGE_DOPPLER_CELL,1,1,0,0,0,31a85cf10323dcb0ff906b98f8f0dab39e853ab81d2695b1979df50869258a07,dd17d2cb3c91cdf7715899db61d3204ff23b0a7784e66c87a14b8e80a4a67516,0.58027925732598,31.8367312641189,22
29,MC1_K2_N1_L1_SM6_P1_R05,2,WHITE,1,1,1,P1,1,8,10,0.3,45,0,1,L1_FULLY_COHERENT_BY_CONTRACT,-6,-6,1,5,4,MC1_BASE_N1_L1_P1_R05,MC1_BASE_N1_L1_P1_R05,430100004,430200004,WHITENED_SEQUENTIAL_BEAMSPACE_EXPECTED_TOTAL_SNR,STAGE8_K2_TANGENT_WHITE_SNR_MONTE_CARLO_AND_CLOSURE_V1,ONE_SYNTHETIC_CPI,ONE_SELECTED_RANGE_DOPPLER_CELL,1,1,0,0,0,31a85cf10323dcb0ff906b98f8f0dab39e853ab81d2695b1979df50869258a07,2b571a0d3fc67b910492f47d33ccb6f88521e9fd55882dabc8130c2da7c32d90,-27.4197146865893,3.48997654475121,-6
30,MC1_K2_N1_L1_SP0_P1_R05,2,WHITE,1,1,1,P1,1,8,10,0.3,45,0,1,L1_FULLY_COHERENT_BY_CONTRACT,0,0,2,5,4,MC1_BASE_N1_L1_P1_R05,MC1_BASE_N1_L1_P1_R05,430100004,430200004,WHITENED_SEQUENTIAL_BEAMSPACE_EXPECTED_TOTAL_SNR,STAGE8_K2_TANGENT_WHITE_SNR_MONTE_CARLO_AND_CLOSURE_V1,ONE_SYNTHETIC_CPI,ONE_SELECTED_RANGE_DOPPLER_CELL,1,1,0,0,0,31a85cf10323dcb0ff906b98f8f0dab39e853ab81d2695b1979df50869258a07,3b91c902feeb05719575da880bf2e940ddcae7e541148f817732ca2e914164fd,-21.4197146865893,9.48997654475122,3.85730986621315e-15
31,MC1_K2_N1_L1_SP6_P1_R05,2,WHITE,1,1,1,P1,1,8,10,0.3,45,0,1,L1_FULLY_COHERENT_BY_CONTRACT,6,6,3,5,4,MC1_BASE_N1_L1_P1_R05,MC1_BASE_N1_L1_P1_R05,430100004,430200004,WHITENED_SEQUENTIAL_BEAMSPACE_EXPECTED_TOTAL_SNR,STAGE8_K2_TANGENT_WHITE_SNR_MONTE_CARLO_AND_CLOSURE_V1,ONE_SYNTHETIC_CPI,ONE_SELECTED_RANGE_DOPPLER_CELL,1,1,0,0,0,31a85cf10323dcb0ff906b98f8f0dab39e853ab81d2695b1979df50869258a07,55ad8ac46dff8b54e7ef1e43ef48d3d97a1e725e2fc2129d9b49a8c663eed40b,-15.4197146865893,15.4899765447512,6.00000000000001
32,MC1_K2_N1_L1_SP10_P1_R05,2,WHITE,1,1,1,P1,1,8,10,0.3,45,0,1,L1_FULLY_COHERENT_BY_CONTRACT,10,10,4,5,4,MC1_BASE_N1_L1_P1_R05,MC1_BASE_N1_L1_P1_R05,430100004,430200004,WHITENED_SEQUENTIAL_BEAMSPACE_EXPECTED_TOTAL_SNR,STAGE8_K2_TANGENT_WHITE_SNR_MONTE_CARLO_AND_CLOSURE_V1,ONE_SYNTHETIC_CPI,ONE_SELECTED_RANGE_DOPPLER_CELL,1,1,0,0,0,31a85cf10323dcb0ff906b98f8f0dab39e853ab81d2695b1979df50869258a07,8afae059f7e27cba0aac9229d007bf5cbf5088d3765d1ef8f7337ad7e7a967ea,-11.4197146865893,19.4899765447512,10
33,MC1_K2_N1_L1_SP14_P1_R05,2,WHITE,1,1,1,P1,1,8,10,0.3,45,0,1,L1_FULLY_COHERENT_BY_CONTRACT,14,14,5,5,4,MC1_BASE_N1_L1_P1_R05,MC1_BASE_N1_L1_P1_R05,430100004,430200004,WHITENED_SEQUENTIAL_BEAMSPACE_EXPECTED_TOTAL_SNR,STAGE8_K2_TANGENT_WHITE_SNR_MONTE_CARLO_AND_CLOSURE_V1,ONE_SYNTHETIC_CPI,ONE_SELECTED_RANGE_DOPPLER_CELL,1,1,0,0,0,31a85cf10323dcb0ff906b98f8f0dab39e853ab81d2695b1979df50869258a07,27e5ad6b371560d29ce8123a00ad08ff77e2305c02ea1aaf5a54a54d89e7d4be,-7.41971468658933,23.4899765447512,14
34,MC1_K2_N1_L1_SP18_P1_R05,2,WHITE,1,1,1,P1,1,8,10,0.3,45,0,1,L1_FULLY_COHERENT_BY_CONTRACT,18,18,6,5,4,MC1_BASE_N1_L1_P1_R05,MC1_BASE_N1_L1_P1_R05,430100004,430200004,WHITENED_SEQUENTIAL_BEAMSPACE_EXPECTED_TOTAL_SNR,STAGE8_K2_TANGENT_WHITE_SNR_MONTE_CARLO_AND_CLOSURE_V1,ONE_SYNTHETIC_CPI,ONE_SELECTED_RANGE_DOPPLER_CELL,1,1,0,0,0,31a85cf10323dcb0ff906b98f8f0dab39e853ab81d2695b1979df50869258a07,dcea58675025d6607156ee334b3f9f94e73af656ecd523662671281ab52c5700,-3.41971468658933,27.4899765447512,18
35,MC1_K2_N1_L1_SP22_P1_R05,2,WHITE,1,1,1,P1,1,8,10,0.3,45,0,1,L1_FULLY_COHERENT_BY_CONTRACT,22,22,7,5,4,MC1_BASE_N1_L1_P1_R05,MC1_BASE_N1_L1_P1_R05,430100004,430200004,WHITENED_SEQUENTIAL_BEAMSPACE_EXPECTED_TOTAL_SNR,STAGE8_K2_TANGENT_WHITE_SNR_MONTE_CARLO_AND_CLOSURE_V1,ONE_SYNTHETIC_CPI,ONE_SELECTED_RANGE_DOPPLER_CELL,1,1,0,0,0,31a85cf10323dcb0ff906b98f8f0dab39e853ab81d2695b1979df50869258a07,947c6d6c37d7a3369782af9572729b8523a9f54069701eaa4b4608822003466d,0.580285313410677,31.4899765447512,22
36,MC1_K2_N1_L1_SM6_P1_R06,2,WHITE,1,1,1,P1,1,8,10,0.3,45,0,1,L1_FULLY_COHERENT_BY_CONTRACT,-6,-6,1,6,5,MC1_BASE_N1_L1_P1_R06,MC1_BASE_N1_L1_P1_R06,430100005,430200005,WHITENED_SEQUENTIAL_BEAMSPACE_EXPECTED_TOTAL_SNR,STAGE8_K2_TANGENT_WHITE_SNR_MONTE_CARLO_AND_CLOSURE_V1,ONE_SYNTHETIC_CPI,ONE_SELECTED_RANGE_DOPPLER_CELL,1,1,0,0,0,31a85cf10323dcb0ff906b98f8f0dab39e853ab81d2695b1979df50869258a07,b886cd852e20f7ad56b7db59987b2c10b1e4353507f1f57719857aa207e3cf2e,-27.4197197136257,3.77367341218134,-5.99999999999999
37,MC1_K2_N1_L1_SP0_P1_R06,2,WHITE,1,1,1,P1,1,8,10,0.3,45,0,1,L1_FULLY_COHERENT_BY_CONTRACT,0,0,2,6,5,MC1_BASE_N1_L1_P1_R06,MC1_BASE_N1_L1_P1_R06,430100005,430200005,WHITENED_SEQUENTIAL_BEAMSPACE_EXPECTED_TOTAL_SNR,STAGE8_K2_TANGENT_WHITE_SNR_MONTE_CARLO_AND_CLOSURE_V1,ONE_SYNTHETIC_CPI,ONE_SELECTED_RANGE_DOPPLER_CELL,1,1,0,0,0,31a85cf10323dcb0ff906b98f8f0dab39e853ab81d2695b1979df50869258a07,df602269f5bc1dc2af50e0cddd08ad095ac4837050f1f1bede77292ef3f95f39,-21.4197197136257,9.77367341218133,1.92865493310657e-15
38,MC1_K2_N1_L1_SP6_P1_R06,2,WHITE,1,1,1,P1,1,8,10,0.3,45,0,1,L1_FULLY_COHERENT_BY_CONTRACT,6,6,3,6,5,MC1_BASE_N1_L1_P1_R06,MC1_BASE_N1_L1_P1_R06,430100005,430200005,WHITENED_SEQUENTIAL_BEAMSPACE_EXPECTED_TOTAL_SNR,STAGE8_K2_TANGENT_WHITE_SNR_MONTE_CARLO_AND_CLOSURE_V1,ONE_SYNTHETIC_CPI,ONE_SELECTED_RANGE_DOPPLER_CELL,1,1,0,0,0,31a85cf10323dcb0ff906b98f8f0dab39e853ab81d2695b1979df50869258a07,739c40be2c9006d39310891ecaa4f47e8d84b021535a78012fc430756f0121d3,-15.4197197136257,15.7736734121813,5.99999999999999
39,MC1_K2_N1_L1_SP10_P1_R06,2,WHITE,1,1,1,P1,1,8,10,0.3,45,0,1,L1_FULLY_COHERENT_BY_CONTRACT,10,10,4,6,5,MC1_BASE_N1_L1_P1_R06,MC1_BASE_N1_L1_P1_R06,430100005,430200005,WHITENED_SEQUENTIAL_BEAMSPACE_EXPECTED_TOTAL_SNR,STAGE8_K2_TANGENT_WHITE_SNR_MONTE_CARLO_AND_CLOSURE_V1,ONE_SYNTHETIC_CPI,ONE_SELECTED_RANGE_DOPPLER_CELL,1,1,0,0,0,31a85cf10323dcb0ff906b98f8f0dab39e853ab81d2695b1979df50869258a07,bad67807e8708be392eaa45abc67640c04b9e2cb59b98f9eb53db5ba2e4fb074,-11.4197197136257,19.7736734121813,10
40,MC1_K2_N1_L1_SP14_P1_R06,2,WHITE,1,1,1,P1,1,8,10,0.3,45,0,1,L1_FULLY_COHERENT_BY_CONTRACT,14,14,5,6,5,MC1_BASE_N1_L1_P1_R06,MC1_BASE_N1_L1_P1_R06,430100005,430200005,WHITENED_SEQUENTIAL_BEAMSPACE_EXPECTED_TOTAL_SNR,STAGE8_K2_TANGENT_WHITE_SNR_MONTE_CARLO_AND_CLOSURE_V1,ONE_SYNTHETIC_CPI,ONE_SELECTED_RANGE_DOPPLER_CELL,1,1,0,0,0,31a85cf10323dcb0ff906b98f8f0dab39e853ab81d2695b1979df50869258a07,500c2bbe55168305117213ccda887ce7b8de051b19383526dbb2006dedde0d09,-7.41971971362569,23.7736734121813,14
41,MC1_K2_N1_L1_SP18_P1_R06,2,WHITE,1,1,1,P1,1,8,10,0.3,45,0,1,L1_FULLY_COHERENT_BY_CONTRACT,18,18,6,6,5,MC1_BASE_N1_L1_P1_R06,MC1_BASE_N1_L1_P1_R06,430100005,430200005,WHITENED_SEQUENTIAL_BEAMSPACE_EXPECTED_TOTAL_SNR,STAGE8_K2_TANGENT_WHITE_SNR_MONTE_CARLO_AND_CLOSURE_V1,ONE_SYNTHETIC_CPI,ONE_SELECTED_RANGE_DOPPLER_CELL,1,1,0,0,0,31a85cf10323dcb0ff906b98f8f0dab39e853ab81d2695b1979df50869258a07,1084636cc499d4bb65e502a202cb6a9b9ca2fd6805a75568700109f001821bd5,-3.41971971362569,27.7736734121813,18
42,MC1_K2_N1_L1_SP22_P1_R06,2,WHITE,1,1,1,P1,1,8,10,0.3,45,0,1,L1_FULLY_COHERENT_BY_CONTRACT,22,22,7,6,5,MC1_BASE_N1_L1_P1_R06,MC1_BASE_N1_L1_P1_R06,430100005,430200005,WHITENED_SEQUENTIAL_BEAMSPACE_EXPECTED_TOTAL_SNR,STAGE8_K2_TANGENT_WHITE_SNR_MONTE_CARLO_AND_CLOSURE_V1,ONE_SYNTHETIC_CPI,ONE_SELECTED_RANGE_DOPPLER_CELL,1,1,0,0,0,31a85cf10323dcb0ff906b98f8f0dab39e853ab81d2695b1979df50869258a07,42e1e07258aaa9d6c29fe175daaaff13f3d6b2bb243b234b2862e33c2c9597c6,0.580280286374313,31.7736734121813,22
43,MC1_K2_N1_L1_SM6_P1_R07,2,WHITE,1,1,1,P1,1,8,10,0.3,45,0,1,L1_FULLY_COHERENT_BY_CONTRACT,-6,-6,1,7,6,MC1_BASE_N1_L1_P1_R07,MC1_BASE_N1_L1_P1_R07,430100006,430200006,WHITENED_SEQUENTIAL_BEAMSPACE_EXPECTED_TOTAL_SNR,STAGE8_K2_TANGENT_WHITE_SNR_MONTE_CARLO_AND_CLOSURE_V1,ONE_SYNTHETIC_CPI,ONE_SELECTED_RANGE_DOPPLER_CELL,1,1,0,0,0,31a85cf10323dcb0ff906b98f8f0dab39e853ab81d2695b1979df50869258a07,ffee7cb2eb2d640deb1f3d075e7ff39ea4224645cc1654ccc628201226544f7d,-27.4197197934573,3.77817997264514,-6
44,MC1_K2_N1_L1_SP0_P1_R07,2,WHITE,1,1,1,P1,1,8,10,0.3,45,0,1,L1_FULLY_COHERENT_BY_CONTRACT,0,0,2,7,6,MC1_BASE_N1_L1_P1_R07,MC1_BASE_N1_L1_P1_R07,430100006,430200006,WHITENED_SEQUENTIAL_BEAMSPACE_EXPECTED_TOTAL_SNR,STAGE8_K2_TANGENT_WHITE_SNR_MONTE_CARLO_AND_CLOSURE_V1,ONE_SYNTHETIC_CPI,ONE_SELECTED_RANGE_DOPPLER_CELL,1,1,0,0,0,31a85cf10323dcb0ff906b98f8f0dab39e853ab81d2695b1979df50869258a07,bbcb3d2dd2a38a0b146fbe1873c97217976d9cdab4c6cb62517f31b5e55bd7d7,-21.4197197934573,9.77817997264514,-5.78596479931973e-15
45,MC1_K2_N1_L1_SP6_P1_R07,2,WHITE,1,1,1,P1,1,8,10,0.3,45,0,1,L1_FULLY_COHERENT_BY_CONTRACT,6,6,3,7,6,MC1_BASE_N1_L1_P1_R07,MC1_BASE_N1_L1_P1_R07,430100006,430200006,WHITENED_SEQUENTIAL_BEAMSPACE_EXPECTED_TOTAL_SNR,STAGE8_K2_TANGENT_WHITE_SNR_MONTE_CARLO_AND_CLOSURE_V1,ONE_SYNTHETIC_CPI,ONE_SELECTED_RANGE_DOPPLER_CELL,1,1,0,0,0,31a85cf10323dcb0ff906b98f8f0dab39e853ab81d2695b1979df50869258a07,6f317a80a53e6649374b56b5f82024497e177ddc32287dd7548924f21b6e39a7,-15.4197197934573,15.7781799726451,6
46,MC1_K2_N1_L1_SP10_P1_R07,2,WHITE,1,1,1,P1,1,8,10,0.3,45,0,1,L1_FULLY_COHERENT_BY_CONTRACT,10,10,4,7,6,MC1_BASE_N1_L1_P1_R07,MC1_BASE_N1_L1_P1_R07,430100006,430200006,WHITENED_SEQUENTIAL_BEAMSPACE_EXPECTED_TOTAL_SNR,STAGE8_K2_TANGENT_WHITE_SNR_MONTE_CARLO_AND_CLOSURE_V1,ONE_SYNTHETIC_CPI,ONE_SELECTED_RANGE_DOPPLER_CELL,1,1,0,0,0,31a85cf10323dcb0ff906b98f8f0dab39e853ab81d2695b1979df50869258a07,2e277285f1533b67ec21c25a178c6455a5b13dcd913822916d63db7a560911c8,-11.4197197934573,19.7781799726451,10
47,MC1_K2_N1_L1_SP14_P1_R07,2,WHITE,1,1,1,P1,1,8,10,0.3,45,0,1,L1_FULLY_COHERENT_BY_CONTRACT,14,14,5,7,6,MC1_BASE_N1_L1_P1_R07,MC1_BASE_N1_L1_P1_R07,430100006,430200006,WHITENED_SEQUENTIAL_BEAMSPACE_EXPECTED_TOTAL_SNR,STAGE8_K2_TANGENT_WHITE_SNR_MONTE_CARLO_AND_CLOSURE_V1,ONE_SYNTHETIC_CPI,ONE_SELECTED_RANGE_DOPPLER_CELL,1,1,0,0,0,31a85cf10323dcb0ff906b98f8f0dab39e853ab81d2695b1979df50869258a07,d8e65615ff4eb88e2d41f80c577bc9ee7937596ee994897e0790b5f4e79193b0,-7.41971979345732,23.7781799726451,14
48,MC1_K2_N1_L1_SP18_P1_R07,2,WHITE,1,1,1,P1,1,8,10,0.3,45,0,1,L1_FULLY_COHERENT_BY_CONTRACT,18,18,6,7,6,MC1_BASE_N1_L1_P1_R07,MC1_BASE_N1_L1_P1_R07,430100006,430200006,WHITENED_SEQUENTIAL_BEAMSPACE_EXPECTED_TOTAL_SNR,STAGE8_K2_TANGENT_WHITE_SNR_MONTE_CARLO_AND_CLOSURE_V1,ONE_SYNTHETIC_CPI,ONE_SELECTED_RANGE_DOPPLER_CELL,1,1,0,0,0,31a85cf10323dcb0ff906b98f8f0dab39e853ab81d2695b1979df50869258a07,c69ad205323c71adf74fba76b28fc965f8550a8608e1701b4ba55724446be4a8,-3.41971979345732,27.7781799726451,18
49,MC1_K2_N1_L1_SP22_P1_R07,2,WHITE,1,1,1,P1,1,8,10,0.3,45,0,1,L1_FULLY_COHERENT_BY_CONTRACT,22,22,7,7,6,MC1_BASE_N1_L1_P1_R07,MC1_BASE_N1_L1_P1_R07,430100006,430200006,WHITENED_SEQUENTIAL_BEAMSPACE_EXPECTED_TOTAL_SNR,STAGE8_K2_TANGENT_WHITE_SNR_MONTE_CARLO_AND_CLOSURE_V1,ONE_SYNTHETIC_CPI,ONE_SELECTED_RANGE_DOPPLER_CELL,1,1,0,0,0,31a85cf10323dcb0ff906b98f8f0dab39e853ab81d2695b1979df50869258a07,3e44f131eda3caf129bd51a08575ce07f3d97469285403657ad7bc73328f374e,0.580280206542683,31.7781799726451,22
50,MC1_K2_N1_L1_SM6_P1_R08,2,WHITE,1,1,1,P1,1,8,10,0.3,45,0,1,L1_FULLY_COHERENT_BY_CONTRACT,-6,-6,1,8,7,MC1_BASE_N1_L1_P1_R08,MC1_BASE_N1_L1_P1_R08,430100007,430200007,WHITENED_SEQUENTIAL_BEAMSPACE_EXPECTED_TOTAL_SNR,STAGE8_K2_TANGENT_WHITE_SNR_MONTE_CARLO_AND_CLOSURE_V1,ONE_SYNTHETIC_CPI,ONE_SELECTED_RANGE_DOPPLER_CELL,1,1,0,0,0,31a85cf10323dcb0ff906b98f8f0dab39e853ab81d2695b1979df50869258a07,7f937e14bfd71c34b1475bc4f062284e74e53c7d6c06292d0c8e6dc16f616654,-27.4197197452338,3.79199977573294,-5.99999999999999
51,MC1_K2_N1_L1_SP0_P1_R08,2,WHITE,1,1,1,P1,1,8,10,0.3,45,0,1,L1_FULLY_COHERENT_BY_CONTRACT,0,0,2,8,7,MC1_BASE_N1_L1_P1_R08,MC1_BASE_N1_L1_P1_R08,430100007,430200007,WHITENED_SEQUENTIAL_BEAMSPACE_EXPECTED_TOTAL_SNR,STAGE8_K2_TANGENT_WHITE_SNR_MONTE_CARLO_AND_CLOSURE_V1,ONE_SYNTHETIC_CPI,ONE_SELECTED_RANGE_DOPPLER_CELL,1,1,0,0,0,31a85cf10323dcb0ff906b98f8f0dab39e853ab81d2695b1979df50869258a07,898c011347a55e37c27ab0b93023bf65ad259c09dcc749f2e4da29b25af3f6c7,-21.4197197452338,9.79199977573294,-4.82163733276644e-15
52,MC1_K2_N1_L1_SP6_P1_R08,2,WHITE,1,1,1,P1,1,8,10,0.3,45,0,1,L1_FULLY_COHERENT_BY_CONTRACT,6,6,3,8,7,MC1_BASE_N1_L1_P1_R08,MC1_BASE_N1_L1_P1_R08,430100007,430200007,WHITENED_SEQUENTIAL_BEAMSPACE_EXPECTED_TOTAL_SNR,STAGE8_K2_TANGENT_WHITE_SNR_MONTE_CARLO_AND_CLOSURE_V1,ONE_SYNTHETIC_CPI,ONE_SELECTED_RANGE_DOPPLER_CELL,1,1,0,0,0,31a85cf10323dcb0ff906b98f8f0dab39e853ab81d2695b1979df50869258a07,75796d2cb3f36382ca42406f13da046cb00f7e26a3e0415a8e6ead95ff6aeb57,-15.4197197452338,15.7919997757329,5.99999999999999
53,MC1_K2_N1_L1_SP10_P1_R08,2,WHITE,1,1,1,P1,1,8,10,0.3,45,0,1,L1_FULLY_COHERENT_BY_CONTRACT,10,10,4,8,7,MC1_BASE_N1_L1_P1_R08,MC1_BASE_N1_L1_P1_R08,430100007,430200007,WHITENED_SEQUENTIAL_BEAMSPACE_EXPECTED_TOTAL_SNR,STAGE8_K2_TANGENT_WHITE_SNR_MONTE_CARLO_AND_CLOSURE_V1,ONE_SYNTHETIC_CPI,ONE_SELECTED_RANGE_DOPPLER_CELL,1,1,0,0,0,31a85cf10323dcb0ff906b98f8f0dab39e853ab81d2695b1979df50869258a07,382c4110766abefc6a904ede662ad919b1ba625dfda4bdfbf633d8fc2ba9805c,-11.4197197452338,19.7919997757329,10
54,MC1_K2_N1_L1_SP14_P1_R08,2,WHITE,1,1,1,P1,1,8,10,0.3,45,0,1,L1_FULLY_COHERENT_BY_CONTRACT,14,14,5,8,7,MC1_BASE_N1_L1_P1_R08,MC1_BASE_N1_L1_P1_R08,430100007,430200007,WHITENED_SEQUENTIAL_BEAMSPACE_EXPECTED_TOTAL_SNR,STAGE8_K2_TANGENT_WHITE_SNR_MONTE_CARLO_AND_CLOSURE_V1,ONE_SYNTHETIC_CPI,ONE_SELECTED_RANGE_DOPPLER_CELL,1,1,0,0,0,31a85cf10323dcb0ff906b98f8f0dab39e853ab81d2695b1979df50869258a07,ec143de57cc6b14c13c53d23dbcfaab55790a83ec5a750b8d7989fc637db1a5a,-7.41971974523384,23.7919997757329,14
55,MC1_K2_N1_L1_SP18_P1_R08,2,WHITE,1,1,1,P1,1,8,10,0.3,45,0,1,L1_FULLY_COHERENT_BY_CONTRACT,18,18,6,8,7,MC1_BASE_N1_L1_P1_R08,MC1_BASE_N1_L1_P1_R08,430100007,430200007,WHITENED_SEQUENTIAL_BEAMSPACE_EXPECTED_TOTAL_SNR,STAGE8_K2_TANGENT_WHITE_SNR_MONTE_CARLO_AND_CLOSURE_V1,ONE_SYNTHETIC_CPI,ONE_SELECTED_RANGE_DOPPLER_CELL,1,1,0,0,0,31a85cf10323dcb0ff906b98f8f0dab39e853ab81d2695b1979df50869258a07,30a2a8617b822bb5cb7ea2bbf0fff3e5d95312b4f8d327ec221a854ef3703104,-3.41971974523384,27.7919997757329,18
56,MC1_K2_N1_L1_SP22_P1_R08,2,WHITE,1,1,1,P1,1,8,10,0.3,45,0,1,L1_FULLY_COHERENT_BY_CONTRACT,22,22,7,8,7,MC1_BASE_N1_L1_P1_R08,MC1_BASE_N1_L1_P1_R08,430100007,430200007,WHITENED_SEQUENTIAL_BEAMSPACE_EXPECTED_TOTAL_SNR,STAGE8_K2_TANGENT_WHITE_SNR_MONTE_CARLO_AND_CLOSURE_V1,ONE_SYNTHETIC_CPI,ONE_SELECTED_RANGE_DOPPLER_CELL,1,1,0,0,0,31a85cf10323dcb0ff906b98f8f0dab39e853ab81d2695b1979df50869258a07,97670a2ac8f0405deaf5f745d27c5b2111d31212727010359cb8608a6dee3286,0.580280254766162,31.7919997757329,22
57,MC1_K2_N1_L1_SM6_P1_R09,2,WHITE,1,1,1,P1,1,8,10,0.3,45,0,1,L1_FULLY_COHERENT_BY_CONTRACT,-6,-6,1,9,8,MC1_BASE_N1_L1_P1_R09,MC1_BASE_N1_L1_P1_R09,430100008,430200008,WHITENED_SEQUENTIAL_BEAMSPACE_EXPECTED_TOTAL_SNR,STAGE8_K2_TANGENT_WHITE_SNR_MONTE_CARLO_AND_CLOSURE_V1,ONE_SYNTHETIC_CPI,ONE_SELECTED_RANGE_DOPPLER_CELL,1,1,0,0,0,31a85cf10323dcb0ff906b98f8f0dab39e853ab81d2695b1979df50869258a07,42434e38c16cd8b5acb39d4de661b8980f8ddb42b8376fdbff95e0ddcd49f5a6,-27.4197048669639,2.89122188242601,-6
58,MC1_K2_N1_L1_SP0_P1_R09,2,WHITE,1,1,1,P1,1,8,10,0.3,45,0,1,L1_FULLY_COHERENT_BY_CONTRACT,0,0,2,9,8,MC1_BASE_N1_L1_P1_R09,MC1_BASE_N1_L1_P1_R09,430100008,430200008,WHITENED_SEQUENTIAL_BEAMSPACE_EXPECTED_TOTAL_SNR,STAGE8_K2_TANGENT_WHITE_SNR_MONTE_CARLO_AND_CLOSURE_V1,ONE_SYNTHETIC_CPI,ONE_SELECTED_RANGE_DOPPLER_CELL,1,1,0,0,0,31a85cf10323dcb0ff906b98f8f0dab39e853ab81d2695b1979df50869258a07,3f0e308edaa2247c02f01d3a0b6760f7e06956dd1ee77b58537b3958d9f8e430,-21.4197048669639,8.89122188242601,1.63935669314058e-14
59,MC1_K2_N1_L1_SP6_P1_R09,2,WHITE,1,1,1,P1,1,8,10,0.3,45,0,1,L1_FULLY_COHERENT_BY_CONTRACT,6,6,3,9,8,MC1_BASE_N1_L1_P1_R09,MC1_BASE_N1_L1_P1_R09,430100008,430200008,WHITENED_SEQUENTIAL_BEAMSPACE_EXPECTED_TOTAL_SNR,STAGE8_K2_TANGENT_WHITE_SNR_MONTE_CARLO_AND_CLOSURE_V1,ONE_SYNTHETIC_CPI,ONE_SELECTED_RANGE_DOPPLER_CELL,1,1,0,0,0,31a85cf10323dcb0ff906b98f8f0dab39e853ab81d2695b1979df50869258a07,d272f0be2817a512fe34874863e5b48a90e5ad1bc740237cd2181b212c4fa4cc,-15.4197048669639,14.891221882426,6.00000000000001
60,MC1_K2_N1_L1_SP10_P1_R09,2,WHITE,1,1,1,P1,1,8,10,0.3,45,0,1,L1_FULLY_COHERENT_BY_CONTRACT,10,10,4,9,8,MC1_BASE_N1_L1_P1_R09,MC1_BASE_N1_L1_P1_R09,430100008,430200008,WHITENED_SEQUENTIAL_BEAMSPACE_EXPECTED_TOTAL_SNR,STAGE8_K2_TANGENT_WHITE_SNR_MONTE_CARLO_AND_CLOSURE_V1,ONE_SYNTHETIC_CPI,ONE_SELECTED_RANGE_DOPPLER_CELL,1,1,0,0,0,31a85cf10323dcb0ff906b98f8f0dab39e853ab81d2695b1979df50869258a07,b35cd68775fa046a049b18c74af0b055000fc32813e9b2c6bbe666702148880b,-11.4197048669639,18.891221882426,10
61,MC1_K2_N1_L1_SP14_P1_R09,2,WHITE,1,1,1,P1,1,8,10,0.3,45,0,1,L1_FULLY_COHERENT_BY_CONTRACT,14,14,5,9,8,MC1_BASE_N1_L1_P1_R09,MC1_BASE_N1_L1_P1_R09,430100008,430200008,WHITENED_SEQUENTIAL_BEAMSPACE_EXPECTED_TOTAL_SNR,STAGE8_K2_TANGENT_WHITE_SNR_MONTE_CARLO_AND_CLOSURE_V1,ONE_SYNTHETIC_CPI,ONE_SELECTED_RANGE_DOPPLER_CELL,1,1,0,0,0,31a85cf10323dcb0ff906b98f8f0dab39e853ab81d2695b1979df50869258a07,2385901c968d9bbf69a9b0dafade98e8bc41b2cdcc2ab14b96ec4befaaac532d,-7.41970486696391,22.891221882426,14
62,MC1_K2_N1_L1_SP18_P1_R09,2,WHITE,1,1,1,P1,1,8,10,0.3,45,0,1,L1_FULLY_COHERENT_BY_CONTRACT,18,18,6,9,8,MC1_BASE_N1_L1_P1_R09,MC1_BASE_N1_L1_P1_R09,430100008,430200008,WHITENED_SEQUENTIAL_BEAMSPACE_EXPECTED_TOTAL_SNR,STAGE8_K2_TANGENT_WHITE_SNR_MONTE_CARLO_AND_CLOSURE_V1,ONE_SYNTHETIC_CPI,ONE_SELECTED_RANGE_DOPPLER_CELL,1,1,0,0,0,31a85cf10323dcb0ff906b98f8f0dab39e853ab81d2695b1979df50869258a07,5b55fc2b87088928ff899a33cdb4b4b50176d55e498c15c282b8b53e37f24e3a,-3.41970486696391,26.891221882426,18
63,MC1_K2_N1_L1_SP22_P1_R09,2,WHITE,1,1,1,P1,1,8,10,0.3,45,0,1,L1_FULLY_COHERENT_BY_CONTRACT,22,22,7,9,8,MC1_BASE_N1_L1_P1_R09,MC1_BASE_N1_L1_P1_R09,430100008,430200008,WHITENED_SEQUENTIAL_BEAMSPACE_EXPECTED_TOTAL_SNR,STAGE8_K2_TANGENT_WHITE_SNR_MONTE_CARLO_AND_CLOSURE_V1,ONE_SYNTHETIC_CPI,ONE_SELECTED_RANGE_DOPPLER_CELL,1,1,0,0,0,31a85cf10323dcb0ff906b98f8f0dab39e853ab81d2695b1979df50869258a07,06009ced7b1a5518e9898326f83dad0243398b1a4107fb6569c59dacdc54f539,0.580295133036089,30.891221882426,22
64,MC1_K2_N1_L1_SM6_P1_R10,2,WHITE,1,1,1,P1,1,8,10,0.3,45,0,1,L1_FULLY_COHERENT_BY_CONTRACT,-6,-6,1,10,9,MC1_BASE_N1_L1_P1_R10,MC1_BASE_N1_L1_P1_R10,430100009,430200009,WHITENED_SEQUENTIAL_BEAMSPACE_EXPECTED_TOTAL_SNR,STAGE8_K2_TANGENT_WHITE_SNR_MONTE_CARLO_AND_CLOSURE_V1,ONE_SYNTHETIC_CPI,ONE_SELECTED_RANGE_DOPPLER_CELL,1,1,0,0,0,31a85cf10323dcb0ff906b98f8f0dab39e853ab81d2695b1979df50869258a07,aeacc0c642999577f7944809bd51ff9366f7605f943a45f24f0b3a6d4c255bf8,-27.4197202730678,3.8169901745704,-6
65,MC1_K2_N1_L1_SP0_P1_R10,2,WHITE,1,1,1,P1,1,8,10,0.3,45,0,1,L1_FULLY_COHERENT_BY_CONTRACT,0,0,2,10,9,MC1_BASE_N1_L1_P1_R10,MC1_BASE_N1_L1_P1_R10,430100009,430200009,WHITENED_SEQUENTIAL_BEAMSPACE_EXPECTED_TOTAL_SNR,STAGE8_K2_TANGENT_WHITE_SNR_MONTE_CARLO_AND_CLOSURE_V1,ONE_SYNTHETIC_CPI,ONE_SELECTED_RANGE_DOPPLER_CELL,1,1,0,0,0,31a85cf10323dcb0ff906b98f8f0dab39e853ab81d2695b1979df50869258a07,ac98e263a554212c64ccc0c01ff8bab75b2c3c30f0a70becc93e0a6035fe0047,-21.4197202730678,9.8169901745704,9.64327466553287e-16
66,MC1_K2_N1_L1_SP6_P1_R10,2,WHITE,1,1,1,P1,1,8,10,0.3,45,0,1,L1_FULLY_COHERENT_BY_CONTRACT,6,6,3,10,9,MC1_BASE_N1_L1_P1_R10,MC1_BASE_N1_L1_P1_R10,430100009,430200009,WHITENED_SEQUENTIAL_BEAMSPACE_EXPECTED_TOTAL_SNR,STAGE8_K2_TANGENT_WHITE_SNR_MONTE_CARLO_AND_CLOSURE_V1,ONE_SYNTHETIC_CPI,ONE_SELECTED_RANGE_DOPPLER_CELL,1,1,0,0,0,31a85cf10323dcb0ff906b98f8f0dab39e853ab81d2695b1979df50869258a07,43f2be322fe2ac16ffb91baa194f4606fc590e75ddf36930278152bd820bb524,-15.4197202730678,15.8169901745704,6.00000000000001
67,MC1_K2_N1_L1_SP10_P1_R10,2,WHITE,1,1,1,P1,1,8,10,0.3,45,0,1,L1_FULLY_COHERENT_BY_CONTRACT,10,10,4,10,9,MC1_BASE_N1_L1_P1_R10,MC1_BASE_N1_L1_P1_R10,430100009,430200009,WHITENED_SEQUENTIAL_BEAMSPACE_EXPECTED_TOTAL_SNR,STAGE8_K2_TANGENT_WHITE_SNR_MONTE_CARLO_AND_CLOSURE_V1,ONE_SYNTHETIC_CPI,ONE_SELECTED_RANGE_DOPPLER_CELL,1,1,0,0,0,31a85cf10323dcb0ff906b98f8f0dab39e853ab81d2695b1979df50869258a07,3e3d3641a22499e462ee06cb9d6bcd03395a343d87eda0dc2669c0307070e9e3,-11.4197202730678,19.8169901745704,10
68,MC1_K2_N1_L1_SP14_P1_R10,2,WHITE,1,1,1,P1,1,8,10,0.3,45,0,1,L1_FULLY_COHERENT_BY_CONTRACT,14,14,5,10,9,MC1_BASE_N1_L1_P1_R10,MC1_BASE_N1_L1_P1_R10,430100009,430200009,WHITENED_SEQUENTIAL_BEAMSPACE_EXPECTED_TOTAL_SNR,STAGE8_K2_TANGENT_WHITE_SNR_MONTE_CARLO_AND_CLOSURE_V1,ONE_SYNTHETIC_CPI,ONE_SELECTED_RANGE_DOPPLER_CELL,1,1,0,0,0,31a85cf10323dcb0ff906b98f8f0dab39e853ab81d2695b1979df50869258a07,b166e3af6cd82a3e366f75dd17407c20613c16834790f3bd0fe5dd4400b88f57,-7.41972027306777,23.8169901745704,14
69,MC1_K2_N1_L1_SP18_P1_R10,2,WHITE,1,1,1,P1,1,8,10,0.3,45,0,1,L1_FULLY_COHERENT_BY_CONTRACT,18,18,6,10,9,MC1_BASE_N1_L1_P1_R10,MC1_BASE_N1_L1_P1_R10,430100009,430200009,WHITENED_SEQUENTIAL_BEAMSPACE_EXPECTED_TOTAL_SNR,STAGE8_K2_TANGENT_WHITE_SNR_MONTE_CARLO_AND_CLOSURE_V1,ONE_SYNTHETIC_CPI,ONE_SELECTED_RANGE_DOPPLER_CELL,1,1,0,0,0,31a85cf10323dcb0ff906b98f8f0dab39e853ab81d2695b1979df50869258a07,2774d16fd87554912fc3e3eeba40cf9113019ddec9ab97048522413cb751eec2,-3.41972027306777,27.8169901745704,18
70,MC1_K2_N1_L1_SP22_P1_R10,2,WHITE,1,1,1,P1,1,8,10,0.3,45,0,1,L1_FULLY_COHERENT_BY_CONTRACT,22,22,7,10,9,MC1_BASE_N1_L1_P1_R10,MC1_BASE_N1_L1_P1_R10,430100009,430200009,WHITENED_SEQUENTIAL_BEAMSPACE_EXPECTED_TOTAL_SNR,STAGE8_K2_TANGENT_WHITE_SNR_MONTE_CARLO_AND_CLOSURE_V1,ONE_SYNTHETIC_CPI,ONE_SELECTED_RANGE_DOPPLER_CELL,1,1,0,0,0,31a85cf10323dcb0ff906b98f8f0dab39e853ab81d2695b1979df50869258a07,877da74753fb853325319b90df551ab47179085346d260d6dc66095679f5c2ca,0.580279726932232,31.8169901745704,22
71,MC1_K2_N1_L1_SM6_P2_R01,2,WHITE,1,1,1,P2,2,8.2,10,0.2,0,-6,1,L1_FULLY_COHERENT_BY_CONTRACT,-6,-6,1,1,10,MC1_BASE_N1_L1_P2_R01,MC1_BASE_N1_L1_P2_R01,430100010,430200010,WHITENED_SEQUENTIAL_BEAMSPACE_EXPECTED_TOTAL_SNR,STAGE8_K2_TANGENT_WHITE_SNR_MONTE_CARLO_AND_CLOSURE_V1,ONE_SYNTHETIC_CPI,ONE_SELECTED_RANGE_DOPPLER_CELL,1,1,0,0,0,31a85cf10323dcb0ff906b98f8f0dab39e853ab81d2695b1979df50869258a07,0041c3a473413333ae863fdfe5808a7be3b8454ba640d9d9456f86183f18be0d,-27.4197207426074,3.80120732052685,-6.00000000000001
72,MC1_K2_N1_L1_SP0_P2_R01,2,WHITE,1,1,1,P2,2,8.2,10,0.2,0,-6,1,L1_FULLY_COHERENT_BY_CONTRACT,0,0,2,1,10,MC1_BASE_N1_L1_P2_R01,MC1_BASE_N1_L1_P2_R01,430100010,430200010,WHITENED_SEQUENTIAL_BEAMSPACE_EXPECTED_TOTAL_SNR,STAGE8_K2_TANGENT_WHITE_SNR_MONTE_CARLO_AND_CLOSURE_V1,ONE_SYNTHETIC_CPI,ONE_SELECTED_RANGE_DOPPLER_CELL,1,1,0,0,0,31a85cf10323dcb0ff906b98f8f0dab39e853ab81d2695b1979df50869258a07,ba183a5459df7f9c54fefa8944a25d3f348fe8bb39d742a69f59cd19eae244d2,-21.4197207426074,9.80120732052685,-4.82163733276644e-15
73,MC1_K2_N1_L1_SP6_P2_R01,2,WHITE,1,1,1,P2,2,8.2,10,0.2,0,-6,1,L1_FULLY_COHERENT_BY_CONTRACT,6,6,3,1,10,MC1_BASE_N1_L1_P2_R01,MC1_BASE_N1_L1_P2_R01,430100010,430200010,WHITENED_SEQUENTIAL_BEAMSPACE_EXPECTED_TOTAL_SNR,STAGE8_K2_TANGENT_WHITE_SNR_MONTE_CARLO_AND_CLOSURE_V1,ONE_SYNTHETIC_CPI,ONE_SELECTED_RANGE_DOPPLER_CELL,1,1,0,0,0,31a85cf10323dcb0ff906b98f8f0dab39e853ab81d2695b1979df50869258a07,475fc9cdea6498dc6b017e65047ea2c8e931d4f5296272730c95e4502cd61596,-15.4197207426074,15.8012073205268,6
74,MC1_K2_N1_L1_SP10_P2_R01,2,WHITE,1,1,1,P2,2,8.2,10,0.2,0,-6,1,L1_FULLY_COHERENT_BY_CONTRACT,10,10,4,1,10,MC1_BASE_N1_L1_P2_R01,MC1_BASE_N1_L1_P2_R01,430100010,430200010,WHITENED_SEQUENTIAL_BEAMSPACE_EXPECTED_TOTAL_SNR,STAGE8_K2_TANGENT_WHITE_SNR_MONTE_CARLO_AND_CLOSURE_V1,ONE_SYNTHETIC_CPI,ONE_SELECTED_RANGE_DOPPLER_CELL,1,1,0,0,0,31a85cf10323dcb0ff906b98f8f0dab39e853ab81d2695b1979df50869258a07,19735ce04a2b47caf66c8976196857789cbd134450b95c42c96a39fc060a1413,-11.4197207426075,19.8012073205268,10
75,MC1_K2_N1_L1_SP14_P2_R01,2,WHITE,1,1,1,P2,2,8.2,10,0.2,0,-6,1,L1_FULLY_COHERENT_BY_CONTRACT,14,14,5,1,10,MC1_BASE_N1_L1_P2_R01,MC1_BASE_N1_L1_P2_R01,430100010,430200010,WHITENED_SEQUENTIAL_BEAMSPACE_EXPECTED_TOTAL_SNR,STAGE8_K2_TANGENT_WHITE_SNR_MONTE_CARLO_AND_CLOSURE_V1,ONE_SYNTHETIC_CPI,ONE_SELECTED_RANGE_DOPPLER_CELL,1,1,0,0,0,31a85cf10323dcb0ff906b98f8f0dab39e853ab81d2695b1979df50869258a07,27017713ed65ef21ed3311895ef7bab3a8892dee1842780d002a8adbaf4cc4c4,-7.41972074260745,23.8012073205268,14
76,MC1_K2_N1_L1_SP18_P2_R01,2,WHITE,1,1,1,P2,2,8.2,10,0.2,0,-6,1,L1_FULLY_COHERENT_BY_CONTRACT,18,18,6,1,10,MC1_BASE_N1_L1_P2_R01,MC1_BASE_N1_L1_P2_R01,430100010,430200010,WHITENED_SEQUENTIAL_BEAMSPACE_EXPECTED_TOTAL_SNR,STAGE8_K2_TANGENT_WHITE_SNR_MONTE_CARLO_AND_CLOSURE_V1,ONE_SYNTHETIC_CPI,ONE_SELECTED_RANGE_DOPPLER_CELL,1,1,0,0,0,31a85cf10323dcb0ff906b98f8f0dab39e853ab81d2695b1979df50869258a07,49066aed1ae08d42e25ca0c151f040d49926d84f30e2b59cbc3752b844a0de90,-3.41972074260744,27.8012073205268,18
77,MC1_K2_N1_L1_SP22_P2_R01,2,WHITE,1,1,1,P2,2,8.2,10,0.2,0,-6,1,L1_FULLY_COHERENT_BY_CONTRACT,22,22,7,1,10,MC1_BASE_N1_L1_P2_R01,MC1_BASE_N1_L1_P2_R01,430100010,430200010,WHITENED_SEQUENTIAL_BEAMSPACE_EXPECTED_TOTAL_SNR,STAGE8_K2_TANGENT_WHITE_SNR_MONTE_CARLO_AND_CLOSURE_V1,ONE_SYNTHETIC_CPI,ONE_SELECTED_RANGE_DOPPLER_CELL,1,1,0,0,0,31a85cf10323dcb0ff906b98f8f0dab39e853ab81d2695b1979df50869258a07,52c2ae4cf58d6a8a9bfe9d5e9f1e08e58915a555019d21e31df43cb5fa1e3421,0.580279257392558,31.8012073205269,22
78,MC1_K2_N1_L1_SM6_P2_R02,2,WHITE,1,1,1,P2,2,8.2,10,0.2,0,-6,1,L1_FULLY_COHERENT_BY_CONTRACT,-6,-6,1,2,11,MC1_BASE_N1_L1_P2_R02,MC1_BASE_N1_L1_P2_R02,430100011,430200011,WHITENED_SEQUENTIAL_BEAMSPACE_EXPECTED_TOTAL_SNR,STAGE8_K2_TANGENT_WHITE_SNR_MONTE_CARLO_AND_CLOSURE_V1,ONE_SYNTHETIC_CPI,ONE_SELECTED_RANGE_DOPPLER_CELL,1,1,0,0,0,31a85cf10323dcb0ff906b98f8f0dab39e853ab81d2695b1979df50869258a07,5c639f84da133aee45474d678ab9758bc13c505ef3114bf9742ed5ba84724bd0,-27.4197207509853,3.80065121515291,-5.99999999999999
79,MC1_K2_N1_L1_SP0_P2_R02,2,WHITE,1,1,1,P2,2,8.2,10,0.2,0,-6,1,L1_FULLY_COHERENT_BY_CONTRACT,0,0,2,2,11,MC1_BASE_N1_L1_P2_R02,MC1_BASE_N1_L1_P2_R02,430100011,430200011,WHITENED_SEQUENTIAL_BEAMSPACE_EXPECTED_TOTAL_SNR,STAGE8_K2_TANGENT_WHITE_SNR_MONTE_CARLO_AND_CLOSURE_V1,ONE_SYNTHETIC_CPI,ONE_SELECTED_RANGE_DOPPLER_CELL,1,1,0,0,0,31a85cf10323dcb0ff906b98f8f0dab39e853ab81d2695b1979df50869258a07,78e01da53281db9bddfdde3d1f8f937ca7d59c8c9c1e912dd5089a2a9a2a89e5,-21.4197207509853,9.80065121515291,-1.20540933319161e-14
80,MC1_K2_N1_L1_SP6_P2_R02,2,WHITE,1,1,1,P2,2,8.2,10,0.2,0,-6,1,L1_FULLY_COHERENT_BY_CONTRACT,6,6,3,2,11,MC1_BASE_N1_L1_P2_R02,MC1_BASE_N1_L1_P2_R02,430100011,430200011,WHITENED_SEQUENTIAL_BEAMSPACE_EXPECTED_TOTAL_SNR,STAGE8_K2_TANGENT_WHITE_SNR_MONTE_CARLO_AND_CLOSURE_V1,ONE_SYNTHETIC_CPI,ONE_SELECTED_RANGE_DOPPLER_CELL,1,1,0,0,0,31a85cf10323dcb0ff906b98f8f0dab39e853ab81d2695b1979df50869258a07,e5ebd71f594f9078a6b491bbff9883e81508dcb1926ec358b7a6a463e2911a67,-15.4197207509853,15.8006512151529,6
81,MC1_K2_N1_L1_SP10_P2_R02,2,WHITE,1,1,1,P2,2,8.2,10,0.2,0,-6,1,L1_FULLY_COHERENT_BY_CONTRACT,10,10,4,2,11,MC1_BASE_N1_L1_P2_R02,MC1_BASE_N1_L1_P2_R02,430100011,430200011,WHITENED_SEQUENTIAL_BEAMSPACE_EXPECTED_TOTAL_SNR,STAGE8_K2_TANGENT_WHITE_SNR_MONTE_CARLO_AND_CLOSURE_V1,ONE_SYNTHETIC_CPI,ONE_SELECTED_RANGE_DOPPLER_CELL,1,1,0,0,0,31a85cf10323dcb0ff906b98f8f0dab39e853ab81d2695b1979df50869258a07,7b8b48847ba38c435902042999b03e61811e2e895a75803fee530b81d1184614,-11.4197207509853,19.8006512151529,9.99999999999999
82,MC1_K2_N1_L1_SP14_P2_R02,2,WHITE,1,1,1,P2,2,8.2,10,0.2,0,-6,1,L1_FULLY_COHERENT_BY_CONTRACT,14,14,5,2,11,MC1_BASE_N1_L1_P2_R02,MC1_BASE_N1_L1_P2_R02,430100011,430200011,WHITENED_SEQUENTIAL_BEAMSPACE_EXPECTED_TOTAL_SNR,STAGE8_K2_TANGENT_WHITE_SNR_MONTE_CARLO_AND_CLOSURE_V1,ONE_SYNTHETIC_CPI,ONE_SELECTED_RANGE_DOPPLER_CELL,1,1,0,0,0,31a85cf10323dcb0ff906b98f8f0dab39e853ab81d2695b1979df50869258a07,9c2daba6eae53d26c748fe04e98db0cc3c910cca5025ff82aa6cb6746002916f,-7.41972075098529,23.8006512151529,14
83,MC1_K2_N1_L1_SP18_P2_R02,2,WHITE,1,1,1,P2,2,8.2,10,0.2,0,-6,1,L1_FULLY_COHERENT_BY_CONTRACT,18,18,6,2,11,MC1_BASE_N1_L1_P2_R02,MC1_BASE_N1_L1_P2_R02,430100011,430200011,WHITENED_SEQUENTIAL_BEAMSPACE_EXPECTED_TOTAL_SNR,STAGE8_K2_TANGENT_WHITE_SNR_MONTE_CARLO_AND_CLOSURE_V1,ONE_SYNTHETIC_CPI,ONE_SELECTED_RANGE_DOPPLER_CELL,1,1,0,0,0,31a85cf10323dcb0ff906b98f8f0dab39e853ab81d2695b1979df50869258a07,fa5b4b954a5dc40b7702c5b382e09c13e4c9572af907eebbf5464b220a8d4385,-3.41972075098528,27.8006512151529,18
84,MC1_K2_N1_L1_SP22_P2_R02,2,WHITE,1,1,1,P2,2,8.2,10,0.2,0,-6,1,L1_FULLY_COHERENT_BY_CONTRACT,22,22,7,2,11,MC1_BASE_N1_L1_P2_R02,MC1_BASE_N1_L1_P2_R02,430100011,430200011,WHITENED_SEQUENTIAL_BEAMSPACE_EXPECTED_TOTAL_SNR,STAGE8_K2_TANGENT_WHITE_SNR_MONTE_CARLO_AND_CLOSURE_V1,ONE_SYNTHETIC_CPI,ONE_SELECTED_RANGE_DOPPLER_CELL,1,1,0,0,0,31a85cf10323dcb0ff906b98f8f0dab39e853ab81d2695b1979df50869258a07,1fa068337d8070611a3dfbbaa31814fc5b93b122322ff5906cdd685b97baa35a,0.58027924901472,31.8006512151529,22
85,MC1_K2_N1_L1_SM6_P2_R03,2,WHITE,1,1,1,P2,2,8.2,10,0.2,0,-6,1,L1_FULLY_COHERENT_BY_CONTRACT,-6,-6,1,3,12,MC1_BASE_N1_L1_P2_R03,MC1_BASE_N1_L1_P2_R03,430100012,430200012,WHITENED_SEQUENTIAL_BEAMSPACE_EXPECTED_TOTAL_SNR,STAGE8_K2_TANGENT_WHITE_SNR_MONTE_CARLO_AND_CLOSURE_V1,ONE_SYNTHETIC_CPI,ONE_SELECTED_RANGE_DOPPLER_CELL,1,1,0,0,0,31a85cf10323dcb0ff906b98f8f0dab39e853ab81d2695b1979df50869258a07,eca4b4e13c6ca0244e5ec397c8b497878820b2e18f906a07bfdcabe862675bf6,-27.4197207390271,3.80320083914087,-5.99999999999999
86,MC1_K2_N1_L1_SP0_P2_R03,2,WHITE,1,1,1,P2,2,8.2,10,0.2,0,-6,1,L1_FULLY_COHERENT_BY_CONTRACT,0,0,2,3,12,MC1_BASE_N1_L1_P2_R03,MC1_BASE_N1_L1_P2_R03,430100012,430200012,WHITENED_SEQUENTIAL_BEAMSPACE_EXPECTED_TOTAL_SNR,STAGE8_K2_TANGENT_WHITE_SNR_MONTE_CARLO_AND_CLOSURE_V1,ONE_SYNTHETIC_CPI,ONE_SELECTED_RANGE_DOPPLER_CELL,1,1,0,0,0,31a85cf10323dcb0ff906b98f8f0dab39e853ab81d2695b1979df50869258a07,ab52743977a1e30a91168a77bf3dc9ba540e4eac737de4cbce4581966a2eb859,-21.4197207390271,9.80320083914087,9.64327466553287e-16
87,MC1_K2_N1_L1_SP6_P2_R03,2,WHITE,1,1,1,P2,2,8.2,10,0.2,0,-6,1,L1_FULLY_COHERENT_BY_CONTRACT,6,6,3,3,12,MC1_BASE_N1_L1_P2_R03,MC1_BASE_N1_L1_P2_R03,430100012,430200012,WHITENED_SEQUENTIAL_BEAMSPACE_EXPECTED_TOTAL_SNR,STAGE8_K2_TANGENT_WHITE_SNR_MONTE_CARLO_AND_CLOSURE_V1,ONE_SYNTHETIC_CPI,ONE_SELECTED_RANGE_DOPPLER_CELL,1,1,0,0,0,31a85cf10323dcb0ff906b98f8f0dab39e853ab81d2695b1979df50869258a07,24822dd936ea3385ebea19730cef5be05f59c68f3b84278805a9b72ae42c0bfa,-15.4197207390271,15.8032008391409,5.99999999999999
88,MC1_K2_N1_L1_SP10_P2_R03,2,WHITE,1,1,1,P2,2,8.2,10,0.2,0,-6,1,L1_FULLY_COHERENT_BY_CONTRACT,10,10,4,3,12,MC1_BASE_N1_L1_P2_R03,MC1_BASE_N1_L1_P2_R03,430100012,430200012,WHITENED_SEQUENTIAL_BEAMSPACE_EXPECTED_TOTAL_SNR,STAGE8_K2_TANGENT_WHITE_SNR_MONTE_CARLO_AND_CLOSURE_V1,ONE_SYNTHETIC_CPI,ONE_SELECTED_RANGE_DOPPLER_CELL,1,1,0,0,0,31a85cf10323dcb0ff906b98f8f0dab39e853ab81d2695b1979df50869258a07,39d2c6a658a94e313a31d8a5737e51dd48c258f953f6681c817ab212e62fa88c,-11.4197207390271,19.8032008391409,10
89,MC1_K2_N1_L1_SP14_P2_R03,2,WHITE,1,1,1,P2,2,8.2,10,0.2,0,-6,1,L1_FULLY_COHERENT_BY_CONTRACT,14,14,5,3,12,MC1_BASE_N1_L1_P2_R03,MC1_BASE_N1_L1_P2_R03,430100012,430200012,WHITENED_SEQUENTIAL_BEAMSPACE_EXPECTED_TOTAL_SNR,STAGE8_K2_TANGENT_WHITE_SNR_MONTE_CARLO_AND_CLOSURE_V1,ONE_SYNTHETIC_CPI,ONE_SELECTED_RANGE_DOPPLER_CELL,1,1,0,0,0,31a85cf10323dcb0ff906b98f8f0dab39e853ab81d2695b1979df50869258a07,cd03b61b9797de7974ae66c65021026177188e08392a6b7774f40a10f0842388,-7.41972073902708,23.8032008391409,14
90,MC1_K2_N1_L1_SP18_P2_R03,2,WHITE,1,1,1,P2,2,8.2,10,0.2,0,-6,1,L1_FULLY_COHERENT_BY_CONTRACT,18,18,6,3,12,MC1_BASE_N1_L1_P2_R03,MC1_BASE_N1_L1_P2_R03,430100012,430200012,WHITENED_SEQUENTIAL_BEAMSPACE_EXPECTED_TOTAL_SNR,STAGE8_K2_TANGENT_WHITE_SNR_MONTE_CARLO_AND_CLOSURE_V1,ONE_SYNTHETIC_CPI,ONE_SELECTED_RANGE_DOPPLER_CELL,1,1,0,0,0,31a85cf10323dcb0ff906b98f8f0dab39e853ab81d2695b1979df50869258a07,de6052ca7fa045a9f803b5b294ab1932981b664d8f8f04e058cf09ba9137667f,-3.41972073902708,27.8032008391409,18
91,MC1_K2_N1_L1_SP22_P2_R03,2,WHITE,1,1,1,P2,2,8.2,10,0.2,0,-6,1,L1_FULLY_COHERENT_BY_CONTRACT,22,22,7,3,12,MC1_BASE_N1_L1_P2_R03,MC1_BASE_N1_L1_P2_R03,430100012,430200012,WHITENED_SEQUENTIAL_BEAMSPACE_EXPECTED_TOTAL_SNR,STAGE8_K2_TANGENT_WHITE_SNR_MONTE_CARLO_AND_CLOSURE_V1,ONE_SYNTHETIC_CPI,ONE_SELECTED_RANGE_DOPPLER_CELL,1,1,0,0,0,31a85cf10323dcb0ff906b98f8f0dab39e853ab81d2695b1979df50869258a07,d9857dab23ae55141a3f935e4df14fb42ae08fd8c4dbfea2200c0c9d4f485916,0.580279260972924,31.8032008391409,22
92,MC1_K2_N1_L1_SM6_P2_R04,2,WHITE,1,1,1,P2,2,8.2,10,0.2,0,-6,1,L1_FULLY_COHERENT_BY_CONTRACT,-6,-6,1,4,13,MC1_BASE_N1_L1_P2_R04,MC1_BASE_N1_L1_P2_R04,430100013,430200013,WHITENED_SEQUENTIAL_BEAMSPACE_EXPECTED_TOTAL_SNR,STAGE8_K2_TANGENT_WHITE_SNR_MONTE_CARLO_AND_CLOSURE_V1,ONE_SYNTHETIC_CPI,ONE_SELECTED_RANGE_DOPPLER_CELL,1,1,0,0,0,31a85cf10323dcb0ff906b98f8f0dab39e853ab81d2695b1979df50869258a07,113471d28fdfe0d2067f62945622cfcfb1e34f10c95f36f317e3bbf4357edffd,-27.4197207455708,3.79999972664481,-5.99999999999999
93,MC1_K2_N1_L1_SP0_P2_R04,2,WHITE,1,1,1,P2,2,8.2,10,0.2,0,-6,1,L1_FULLY_COHERENT_BY_CONTRACT,0,0,2,4,13,MC1_BASE_N1_L1_P2_R04,MC1_BASE_N1_L1_P2_R04,430100013,430200013,WHITENED_SEQUENTIAL_BEAMSPACE_EXPECTED_TOTAL_SNR,STAGE8_K2_TANGENT_WHITE_SNR_MONTE_CARLO_AND_CLOSURE_V1,ONE_SYNTHETIC_CPI,ONE_SELECTED_RANGE_DOPPLER_CELL,1,1,0,0,0,31a85cf10323dcb0ff906b98f8f0dab39e853ab81d2695b1979df50869258a07,a78e4d7947d394b8d73b148d468c28b19fedabbe6b0b971ea4c2718a7b79a0d5,-21.4197207455708,9.79999972664481,1.06076021320861e-14
94,MC1_K2_N1_L1_SP6_P2_R04,2,WHITE,1,1,1,P2,2,8.2,10,0.2,0,-6,1,L1_FULLY_COHERENT_BY_CONTRACT,6,6,3,4,13,MC1_BASE_N1_L1_P2_R04,MC1_BASE_N1_L1_P2_R04,430100013,430200013,WHITENED_SEQUENTIAL_BEAMSPACE_EXPECTED_TOTAL_SNR,STAGE8_K2_TANGENT_WHITE_SNR_MONTE_CARLO_AND_CLOSURE_V1,ONE_SYNTHETIC_CPI,ONE_SELECTED_RANGE_DOPPLER_CELL,1,1,0,0,0,31a85cf10323dcb0ff906b98f8f0dab39e853ab81d2695b1979df50869258a07,4ada3e3cff3fb04c0199c931900d069e685fe25b16225f9c4bd4c72ac4d781e8,-15.4197207455708,15.7999997266448,6
95,MC1_K2_N1_L1_SP10_P2_R04,2,WHITE,1,1,1,P2,2,8.2,10,0.2,0,-6,1,L1_FULLY_COHERENT_BY_CONTRACT,10,10,4,4,13,MC1_BASE_N1_L1_P2_R04,MC1_BASE_N1_L1_P2_R04,430100013,430200013,WHITENED_SEQUENTIAL_BEAMSPACE_EXPECTED_TOTAL_SNR,STAGE8_K2_TANGENT_WHITE_SNR_MONTE_CARLO_AND_CLOSURE_V1,ONE_SYNTHETIC_CPI,ONE_SELECTED_RANGE_DOPPLER_CELL,1,1,0,0,0,31a85cf10323dcb0ff906b98f8f0dab39e853ab81d2695b1979df50869258a07,dcde6b4eb4f6365d21c5786b5336abd726fb85f7d76f0de4a3d14a07d12271bf,-11.4197207455708,19.7999997266448,10
96,MC1_K2_N1_L1_SP14_P2_R04,2,WHITE,1,1,1,P2,2,8.2,10,0.2,0,-6,1,L1_FULLY_COHERENT_BY_CONTRACT,14,14,5,4,13,MC1_BASE_N1_L1_P2_R04,MC1_BASE_N1_L1_P2_R04,430100013,430200013,WHITENED_SEQUENTIAL_BEAMSPACE_EXPECTED_TOTAL_SNR,STAGE8_K2_TANGENT_WHITE_SNR_MONTE_CARLO_AND_CLOSURE_V1,ONE_SYNTHETIC_CPI,ONE_SELECTED_RANGE_DOPPLER_CELL,1,1,0,0,0,31a85cf10323dcb0ff906b98f8f0dab39e853ab81d2695b1979df50869258a07,848748114bdcfa79481db2c51ecb9d1c74ab18591fc8550d69ba4a88693bdbad,-7.41972074557076,23.7999997266448,14
97,MC1_K2_N1_L1_SP18_P2_R04,2,WHITE,1,1,1,P2,2,8.2,10,0.2,0,-6,1,L1_FULLY_COHERENT_BY_CONTRACT,18,18,6,4,13,MC1_BASE_N1_L1_P2_R04,MC1_BASE_N1_L1_P2_R04,430100013,430200013,WHITENED_SEQUENTIAL_BEAMSPACE_EXPECTED_TOTAL_SNR,STAGE8_K2_TANGENT_WHITE_SNR_MONTE_CARLO_AND_CLOSURE_V1,ONE_SYNTHETIC_CPI,ONE_SELECTED_RANGE_DOPPLER_CELL,1,1,0,0,0,31a85cf10323dcb0ff906b98f8f0dab39e853ab81d2695b1979df50869258a07,c70bbbc28cf304579b837b59c58ba8d0512767080f8657c99c2d3ef3009aece6,-3.41972074557076,27.7999997266448,18
98,MC1_K2_N1_L1_SP22_P2_R04,2,WHITE,1,1,1,P2,2,8.2,10,0.2,0,-6,1,L1_FULLY_COHERENT_BY_CONTRACT,22,22,7,4,13,MC1_BASE_N1_L1_P2_R04,MC1_BASE_N1_L1_P2_R04,430100013,430200013,WHITENED_SEQUENTIAL_BEAMSPACE_EXPECTED_TOTAL_SNR,STAGE8_K2_TANGENT_WHITE_SNR_MONTE_CARLO_AND_CLOSURE_V1,ONE_SYNTHETIC_CPI,ONE_SELECTED_RANGE_DOPPLER_CELL,1,1,0,0,0,31a85cf10323dcb0ff906b98f8f0dab39e853ab81d2695b1979df50869258a07,05000970a38ccd10b477247bd3da91a37dc81a264a008e9a3f21261f44e041aa,0.580279254429242,31.7999997266448,22
99,MC1_K2_N1_L1_SM6_P2_R05,2,WHITE,1,1,1,P2,2,8.2,10,0.2,0,-6,1,L1_FULLY_COHERENT_BY_CONTRACT,-6,-6,1,5,14,MC1_BASE_N1_L1_P2_R05,MC1_BASE_N1_L1_P2_R05,430100014,430200014,WHITENED_SEQUENTIAL_BEAMSPACE_EXPECTED_TOTAL_SNR,STAGE8_K2_TANGENT_WHITE_SNR_MONTE_CARLO_AND_CLOSURE_V1,ONE_SYNTHETIC_CPI,ONE_SELECTED_RANGE_DOPPLER_CELL,1,1,0,0,0,31a85cf10323dcb0ff906b98f8f0dab39e853ab81d2695b1979df50869258a07,a375e1fb1c690bd63615c463bc4e76f2f6e6ffd3565a84081d4e317056d15633,-27.4197207416903,3.80320518351843,-5.99999999999999
100,MC1_K2_N1_L1_SP0_P2_R05,2,WHITE,1,1,1,P2,2,8.2,10,0.2,0,-6,1,L1_FULLY_COHERENT_BY_CONTRACT,0,0,2,5,14,MC1_BASE_N1_L1_P2_R05,MC1_BASE_N1_L1_P2_R05,430100014,430200014,WHITENED_SEQUENTIAL_BEAMSPACE_EXPECTED_TOTAL_SNR,STAGE8_K2_TANGENT_WHITE_SNR_MONTE_CARLO_AND_CLOSURE_V1,ONE_SYNTHETIC_CPI,ONE_SELECTED_RANGE_DOPPLER_CELL,1,1,0,0,0,31a85cf10323dcb0ff906b98f8f0dab39e853ab81d2695b1979df50869258a07,9cbaafd7db04bd111f7d83ebfea0a1ccfdc26fd863ff023f57c5e1bb884cfa2e,-21.4197207416903,9.80320518351843,-1.44649119982993e-15
101,MC1_K2_N1_L1_SP6_P2_R05,2,WHITE,1,1,1,P2,2,8.2,10,0.2,0,-6,1,L1_FULLY_COHERENT_BY_CONTRACT,6,6,3,5,14,MC1_BASE_N1_L1_P2_R05,MC1_BASE_N1_L1_P2_R05,430100014,430200014,WHITENED_SEQUENTIAL_BEAMSPACE_EXPECTED_TOTAL_SNR,STAGE8_K2_TANGENT_WHITE_SNR_MONTE_CARLO_AND_CLOSURE_V1,ONE_SYNTHETIC_CPI,ONE_SELECTED_RANGE_DOPPLER_CELL,1,1,0,0,0,31a85cf10323dcb0ff906b98f8f0dab39e853ab81d2695b1979df50869258a07,d1dba9bfdc5dfeeddc65e76d7bc82a898b981f57cc47efbc4d08a69c968e19f9,-15.4197207416903,15.8032051835184,6.00000000000001
102,MC1_K2_N1_L1_SP10_P2_R05,2,WHITE,1,1,1,P2,2,8.2,10,0.2,0,-6,1,L1_FULLY_COHERENT_BY_CONTRACT,10,10,4,5,14,MC1_BASE_N1_L1_P2_R05,MC1_BASE_N1_L1_P2_R05,430100014,430200014,WHITENED_SEQUENTIAL_BEAMSPACE_EXPECTED_TOTAL_SNR,STAGE8_K2_TANGENT_WHITE_SNR_MONTE_CARLO_AND_CLOSURE_V1,ONE_SYNTHETIC_CPI,ONE_SELECTED_RANGE_DOPPLER_CELL,1,1,0,0,0,31a85cf10323dcb0ff906b98f8f0dab39e853ab81d2695b1979df50869258a07,b7075225940bdc6e6dea6e31fe085852a05166dc19332cea68547700cb4077c7,-11.4197207416903,19.8032051835184,10
103,MC1_K2_N1_L1_SP14_P2_R05,2,WHITE,1,1,1,P2,2,8.2,10,0.2,0,-6,1,L1_FULLY_COHERENT_BY_CONTRACT,14,14,5,5,14,MC1_BASE_N1_L1_P2_R05,MC1_BASE_N1_L1_P2_R05,430100014,430200014,WHITENED_SEQUENTIAL_BEAMSPACE_EXPECTED_TOTAL_SNR,STAGE8_K2_TANGENT_WHITE_SNR_MONTE_CARLO_AND_CLOSURE_V1,ONE_SYNTHETIC_CPI,ONE_SELECTED_RANGE_DOPPLER_CELL,1,1,0,0,0,31a85cf10323dcb0ff906b98f8f0dab39e853ab81d2695b1979df50869258a07,7c0e5daf43905ed326ec1ee459637ee1f203459279f3fea2ed852a9b75b74335,-7.41972074169026,23.8032051835184,14
104,MC1_K2_N1_L1_SP18_P2_R05,2,WHITE,1,1,1,P2,2,8.2,10,0.2,0,-6,1,L1_FULLY_COHERENT_BY_CONTRACT,18,18,6,5,14,MC1_BASE_N1_L1_P2_R05,MC1_BASE_N1_L1_P2_R05,430100014,430200014,WHITENED_SEQUENTIAL_BEAMSPACE_EXPECTED_TOTAL_SNR,STAGE8_K2_TANGENT_WHITE_SNR_MONTE_CARLO_AND_CLOSURE_V1,ONE_SYNTHETIC_CPI,ONE_SELECTED_RANGE_DOPPLER_CELL,1,1,0,0,0,31a85cf10323dcb0ff906b98f8f0dab39e853ab81d2695b1979df50869258a07,c7190502dccaf4752ccfb11a6e2438107b7579e0b79d8a6a63d9e69d6e3b6f93,-3.41972074169026,27.8032051835184,18
105,MC1_K2_N1_L1_SP22_P2_R05,2,WHITE,1,1,1,P2,2,8.2,10,0.2,0,-6,1,L1_FULLY_COHERENT_BY_CONTRACT,22,22,7,5,14,MC1_BASE_N1_L1_P2_R05,MC1_BASE_N1_L1_P2_R05,430100014,430200014,WHITENED_SEQUENTIAL_BEAMSPACE_EXPECTED_TOTAL_SNR,STAGE8_K2_TANGENT_WHITE_SNR_MONTE_CARLO_AND_CLOSURE_V1,ONE_SYNTHETIC_CPI,ONE_SELECTED_RANGE_DOPPLER_CELL,1,1,0,0,0,31a85cf10323dcb0ff906b98f8f0dab39e853ab81d2695b1979df50869258a07,2dc4e80febbc0791b72be2c8db4ea7f669e34fedccb9f8a481ed8ce3ab1e253d,0.580279258309744,31.8032051835184,22
106,MC1_K2_N1_L1_SM6_P2_R06,2,WHITE,1,1,1,P2,2,8.2,10,0.2,0,-6,1,L1_FULLY_COHERENT_BY_CONTRACT,-6,-6,1,6,15,MC1_BASE_N1_L1_P2_R06,MC1_BASE_N1_L1_P2_R06,430100015,430200015,WHITENED_SEQUENTIAL_BEAMSPACE_EXPECTED_TOTAL_SNR,STAGE8_K2_TANGENT_WHITE_SNR_MONTE_CARLO_AND_CLOSURE_V1,ONE_SYNTHETIC_CPI,ONE_SELECTED_RANGE_DOPPLER_CELL,1,1,0,0,0,31a85cf10323dcb0ff906b98f8f0dab39e853ab81d2695b1979df50869258a07,93dee6731bb64c2724af1e7815ee53e25d14698335e260eb526b2f1c33272fef,-27.4197207532721,3.79729807370604,-6.00000000000001
107,MC1_K2_N1_L1_SP0_P2_R06,2,WHITE,1,1,1,P2,2,8.2,10,0.2,0,-6,1,L1_FULLY_COHERENT_BY_CONTRACT,0,0,2,6,15,MC1_BASE_N1_L1_P2_R06,MC1_BASE_N1_L1_P2_R06,430100015,430200015,WHITENED_SEQUENTIAL_BEAMSPACE_EXPECTED_TOTAL_SNR,STAGE8_K2_TANGENT_WHITE_SNR_MONTE_CARLO_AND_CLOSURE_V1,ONE_SYNTHETIC_CPI,ONE_SELECTED_RANGE_DOPPLER_CELL,1,1,0,0,0,31a85cf10323dcb0ff906b98f8f0dab39e853ab81d2695b1979df50869258a07,54109b6e3be25df5c3395398239189d3ca68184311637bf948c16f785f1850a2,-21.4197207532721,9.79729807370604,-7.7146197324263e-15
108,MC1_K2_N1_L1_SP6_P2_R06,2,WHITE,1,1,1,P2,2,8.2,10,0.2,0,-6,1,L1_FULLY_COHERENT_BY_CONTRACT,6,6,3,6,15,MC1_BASE_N1_L1_P2_R06,MC1_BASE_N1_L1_P2_R06,430100015,430200015,WHITENED_SEQUENTIAL_BEAMSPACE_EXPECTED_TOTAL_SNR,STAGE8_K2_TANGENT_WHITE_SNR_MONTE_CARLO_AND_CLOSURE_V1,ONE_SYNTHETIC_CPI,ONE_SELECTED_RANGE_DOPPLER_CELL,1,1,0,0,0,31a85cf10323dcb0ff906b98f8f0dab39e853ab81d2695b1979df50869258a07,ba9514cc5984ae2b68acbc99e6dfe4c648a07a1dc6ac2c1a799421f347fde429,-15.4197207532721,15.797298073706,6
109,MC1_K2_N1_L1_SP10_P2_R06,2,WHITE,1,1,1,P2,2,8.2,10,0.2,0,-6,1,L1_FULLY_COHERENT_BY_CONTRACT,10,10,4,6,15,MC1_BASE_N1_L1_P2_R06,MC1_BASE_N1_L1_P2_R06,430100015,430200015,WHITENED_SEQUENTIAL_BEAMSPACE_EXPECTED_TOTAL_SNR,STAGE8_K2_TANGENT_WHITE_SNR_MONTE_CARLO_AND_CLOSURE_V1,ONE_SYNTHETIC_CPI,ONE_SELECTED_RANGE_DOPPLER_CELL,1,1,0,0,0,31a85cf10323dcb0ff906b98f8f0dab39e853ab81d2695b1979df50869258a07,b9d48484001472bca9d7755f44839c0a97bbefa5f8df238f2dec2bff535565e4,-11.4197207532721,19.797298073706,9.99999999999998
110,MC1_K2_N1_L1_SP14_P2_R06,2,WHITE,1,1,1,P2,2,8.2,10,0.2,0,-6,1,L1_FULLY_COHERENT_BY_CONTRACT,14,14,5,6,15,MC1_BASE_N1_L1_P2_R06,MC1_BASE_N1_L1_P2_R06,430100015,430200015,WHITENED_SEQUENTIAL_BEAMSPACE_EXPECTED_TOTAL_SNR,STAGE8_K2_TANGENT_WHITE_SNR_MONTE_CARLO_AND_CLOSURE_V1,ONE_SYNTHETIC_CPI,ONE_SELECTED_RANGE_DOPPLER_CELL,1,1,0,0,0,31a85cf10323dcb0ff906b98f8f0dab39e853ab81d2695b1979df50869258a07,9f950cd69196aa53e6a4e753830e7794506046c75bf50644f8ab8b21160f59b5,-7.41972075327207,23.797298073706,14
111,MC1_K2_N1_L1_SP18_P2_R06,2,WHITE,1,1,1,P2,2,8.2,10,0.2,0,-6,1,L1_FULLY_COHERENT_BY_CONTRACT,18,18,6,6,15,MC1_BASE_N1_L1_P2_R06,MC1_BASE_N1_L1_P2_R06,430100015,430200015,WHITENED_SEQUENTIAL_BEAMSPACE_EXPECTED_TOTAL_SNR,STAGE8_K2_TANGENT_WHITE_SNR_MONTE_CARLO_AND_CLOSURE_V1,ONE_SYNTHETIC_CPI,ONE_SELECTED_RANGE_DOPPLER_CELL,1,1,0,0,0,31a85cf10323dcb0ff906b98f8f0dab39e853ab81d2695b1979df50869258a07,202fb101dfbf6cdff1f4de3e22a6ad570d9dac1eb46372164e2f62084e482bc1,-3.41972075327207,27.797298073706,18
112,MC1_K2_N1_L1_SP22_P2_R06,2,WHITE,1,1,1,P2,2,8.2,10,0.2,0,-6,1,L1_FULLY_COHERENT_BY_CONTRACT,22,22,7,6,15,MC1_BASE_N1_L1_P2_R06,MC1_BASE_N1_L1_P2_R06,430100015,430200015,WHITENED_SEQUENTIAL_BEAMSPACE_EXPECTED_TOTAL_SNR,STAGE8_K2_TANGENT_WHITE_SNR_MONTE_CARLO_AND_CLOSURE_V1,ONE_SYNTHETIC_CPI,ONE_SELECTED_RANGE_DOPPLER_CELL,1,1,0,0,0,31a85cf10323dcb0ff906b98f8f0dab39e853ab81d2695b1979df50869258a07,a011c63fa0489ae9934ae4d9f319c2c8a67c1a58afe536c04a4132221d8f9b43,0.580279246727928,31.797298073706,22
113,MC1_K2_N1_L1_SM6_P2_R07,2,WHITE,1,1,1,P2,2,8.2,10,0.2,0,-6,1,L1_FULLY_COHERENT_BY_CONTRACT,-6,-6,1,7,16,MC1_BASE_N1_L1_P2_R07,MC1_BASE_N1_L1_P2_R07,430100016,430200016,WHITENED_SEQUENTIAL_BEAMSPACE_EXPECTED_TOTAL_SNR,STAGE8_K2_TANGENT_WHITE_SNR_MONTE_CARLO_AND_CLOSURE_V1,ONE_SYNTHETIC_CPI,ONE_SELECTED_RANGE_DOPPLER_CELL,1,1,0,0,0,31a85cf10323dcb0ff906b98f8f0dab39e853ab81d2695b1979df50869258a07,b0ce4d9e5419152e33ed4669947ade7957f8e009ca3e682dc5244763824f25c9,-27.4197207390532,3.80315925714741,-6
114,MC1_K2_N1_L1_SP0_P2_R07,2,WHITE,1,1,1,P2,2,8.2,10,0.2,0,-6,1,L1_FULLY_COHERENT_BY_CONTRACT,0,0,2,7,16,MC1_BASE_N1_L1_P2_R07,MC1_BASE_N1_L1_P2_R07,430100016,430200016,WHITENED_SEQUENTIAL_BEAMSPACE_EXPECTED_TOTAL_SNR,STAGE8_K2_TANGENT_WHITE_SNR_MONTE_CARLO_AND_CLOSURE_V1,ONE_SYNTHETIC_CPI,ONE_SELECTED_RANGE_DOPPLER_CELL,1,1,0,0,0,31a85cf10323dcb0ff906b98f8f0dab39e853ab81d2695b1979df50869258a07,3cd3b1856ad59507fa69e50205d0967242fe769fc47c252356f710dfef5d1c9a,-21.4197207390532,9.80315925714741,-8.67894719897959e-15
115,MC1_K2_N1_L1_SP6_P2_R07,2,WHITE,1,1,1,P2,2,8.2,10,0.2,0,-6,1,L1_FULLY_COHERENT_BY_CONTRACT,6,6,3,7,16,MC1_BASE_N1_L1_P2_R07,MC1_BASE_N1_L1_P2_R07,430100016,430200016,WHITENED_SEQUENTIAL_BEAMSPACE_EXPECTED_TOTAL_SNR,STAGE8_K2_TANGENT_WHITE_SNR_MONTE_CARLO_AND_CLOSURE_V1,ONE_SYNTHETIC_CPI,ONE_SELECTED_RANGE_DOPPLER_CELL,1,1,0,0,0,31a85cf10323dcb0ff906b98f8f0dab39e853ab81d2695b1979df50869258a07,587cef18cd4da3e11c2d492cb5f433511f4e23b963e8c3a583fc0c4b53e3c4fa,-15.4197207390532,15.8031592571474,6
116,MC1_K2_N1_L1_SP10_P2_R07,2,WHITE,1,1,1,P2,2,8.2,10,0.2,0,-6,1,L1_FULLY_COHERENT_BY_CONTRACT,10,10,4,7,16,MC1_BASE_N1_L1_P2_R07,MC1_BASE_N1_L1_P2_R07,430100016,430200016,WHITENED_SEQUENTIAL_BEAMSPACE_EXPECTED_TOTAL_SNR,STAGE8_K2_TANGENT_WHITE_SNR_MONTE_CARLO_AND_CLOSURE_V1,ONE_SYNTHETIC_CPI,ONE_SELECTED_RANGE_DOPPLER_CELL,1,1,0,0,0,31a85cf10323dcb0ff906b98f8f0dab39e853ab81d2695b1979df50869258a07,09307ba50d6a1516b22048c8f7d5629434af78faa6f6bb4632fcd17c9cb970b4,-11.4197207390532,19.8031592571474,10
117,MC1_K2_N1_L1_SP14_P2_R07,2,WHITE,1,1,1,P2,2,8.2,10,0.2,0,-6,1,L1_FULLY_COHERENT_BY_CONTRACT,14,14,5,7,16,MC1_BASE_N1_L1_P2_R07,MC1_BASE_N1_L1_P2_R07,430100016,430200016,WHITENED_SEQUENTIAL_BEAMSPACE_EXPECTED_TOTAL_SNR,STAGE8_K2_TANGENT_WHITE_SNR_MONTE_CARLO_AND_CLOSURE_V1,ONE_SYNTHETIC_CPI,ONE_SELECTED_RANGE_DOPPLER_CELL,1,1,0,0,0,31a85cf10323dcb0ff906b98f8f0dab39e853ab81d2695b1979df50869258a07,cec4d1dbd94d8e22f66ffa4595e396e9526e50e32d1d8ad13e7078f19b84d7b6,-7.41972073905318,23.8031592571474,14
118,MC1_K2_N1_L1_SP18_P2_R07,2,WHITE,1,1,1,P2,2,8.2,10,0.2,0,-6,1,L1_FULLY_COHERENT_BY_CONTRACT,18,18,6,7,16,MC1_BASE_N1_L1_P2_R07,MC1_BASE_N1_L1_P2_R07,430100016,430200016,WHITENED_SEQUENTIAL_BEAMSPACE_EXPECTED_TOTAL_SNR,STAGE8_K2_TANGENT_WHITE_SNR_MONTE_CARLO_AND_CLOSURE_V1,ONE_SYNTHETIC_CPI,ONE_SELECTED_RANGE_DOPPLER_CELL,1,1,0,0,0,31a85cf10323dcb0ff906b98f8f0dab39e853ab81d2695b1979df50869258a07,353b36f606b38376aa01a95bfed58f1e4ba6dd90ce535f544e86cd2fe520fb4e,-3.41972073905318,27.8031592571474,18
119,MC1_K2_N1_L1_SP22_P2_R07,2,WHITE,1,1,1,P2,2,8.2,10,0.2,0,-6,1,L1_FULLY_COHERENT_BY_CONTRACT,22,22,7,7,16,MC1_BASE_N1_L1_P2_R07,MC1_BASE_N1_L1_P2_R07,430100016,430200016,WHITENED_SEQUENTIAL_BEAMSPACE_EXPECTED_TOTAL_SNR,STAGE8_K2_TANGENT_WHITE_SNR_MONTE_CARLO_AND_CLOSURE_V1,ONE_SYNTHETIC_CPI,ONE_SELECTED_RANGE_DOPPLER_CELL,1,1,0,0,0,31a85cf10323dcb0ff906b98f8f0dab39e853ab81d2695b1979df50869258a07,df77d7b7796bbb2b5b68793f5621c00730036b35a4713820ac131ba0c9c6023d,0.580279260946824,31.8031592571474,22
120,MC1_K2_N1_L1_SM6_P2_R08,2,WHITE,1,1,1,P2,2,8.2,10,0.2,0,-6,1,L1_FULLY_COHERENT_BY_CONTRACT,-6,-6,1,8,17,MC1_BASE_N1_L1_P2_R08,MC1_BASE_N1_L1_P2_R08,430100017,430200017,WHITENED_SEQUENTIAL_BEAMSPACE_EXPECTED_TOTAL_SNR,STAGE8_K2_TANGENT_WHITE_SNR_MONTE_CARLO_AND_CLOSURE_V1,ONE_SYNTHETIC_CPI,ONE_SELECTED_RANGE_DOPPLER_CELL,1,1,0,0,0,31a85cf10323dcb0ff906b98f8f0dab39e853ab81d2695b1979df50869258a07,8be328e5429cccf7814867384684e521b84de6e57d27c9f97ac7f6ee297898c0,-27.4197207401706,3.8034519487049,-6
121,MC1_K2_N1_L1_SP0_P2_R08,2,WHITE,1,1,1,P2,2,8.2,10,0.2,0,-6,1,L1_FULLY_COHERENT_BY_CONTRACT,0,0,2,8,17,MC1_BASE_N1_L1_P2_R08,MC1_BASE_N1_L1_P2_R08,430100017,430200017,WHITENED_SEQUENTIAL_BEAMSPACE_EXPECTED_TOTAL_SNR,STAGE8_K2_TANGENT_WHITE_SNR_MONTE_CARLO_AND_CLOSURE_V1,ONE_SYNTHETIC_CPI,ONE_SELECTED_RANGE_DOPPLER_CELL,1,1,0,0,0,31a85cf10323dcb0ff906b98f8f0dab39e853ab81d2695b1979df50869258a07,72ba90ad26b5e428dd4fca29b2b5f409a433388c641771b1878628ae35bddc45,-21.4197207401706,9.8034519487049,-4.82163733276644e-15
122,MC1_K2_N1_L1_SP6_P2_R08,2,WHITE,1,1,1,P2,2,8.2,10,0.2,0,-6,1,L1_FULLY_COHERENT_BY_CONTRACT,6,6,3,8,17,MC1_BASE_N1_L1_P2_R08,MC1_BASE_N1_L1_P2_R08,430100017,430200017,WHITENED_SEQUENTIAL_BEAMSPACE_EXPECTED_TOTAL_SNR,STAGE8_K2_TANGENT_WHITE_SNR_MONTE_CARLO_AND_CLOSURE_V1,ONE_SYNTHETIC_CPI,ONE_SELECTED_RANGE_DOPPLER_CELL,1,1,0,0,0,31a85cf10323dcb0ff906b98f8f0dab39e853ab81d2695b1979df50869258a07,302a6c30dabe7a5a99ec92d901bb2f38f1fa737a20f5f6ba72b33f1419cc9d97,-15.4197207401706,15.8034519487049,5.99999999999999
123,MC1_K2_N1_L1_SP10_P2_R08,2,WHITE,1,1,1,P2,2,8.2,10,0.2,0,-6,1,L1_FULLY_COHERENT_BY_CONTRACT,10,10,4,8,17,MC1_BASE_N1_L1_P2_R08,MC1_BASE_N1_L1_P2_R08,430100017,430200017,WHITENED_SEQUENTIAL_BEAMSPACE_EXPECTED_TOTAL_SNR,STAGE8_K2_TANGENT_WHITE_SNR_MONTE_CARLO_AND_CLOSURE_V1,ONE_SYNTHETIC_CPI,ONE_SELECTED_RANGE_DOPPLER_CELL,1,1,0,0,0,31a85cf10323dcb0ff906b98f8f0dab39e853ab81d2695b1979df50869258a07,d73ade7c3300988caf08ad17029c3f11a21279d0624bd43852c7d15791d84ec8,-11.4197207401706,19.8034519487049,10
124,MC1_K2_N1_L1_SP14_P2_R08,2,WHITE,1,1,1,P2,2,8.2,10,0.2,0,-6,1,L1_FULLY_COHERENT_BY_CONTRACT,14,14,5,8,17,MC1_BASE_N1_L1_P2_R08,MC1_BASE_N1_L1_P2_R08,430100017,430200017,WHITENED_SEQUENTIAL_BEAMSPACE_EXPECTED_TOTAL_SNR,STAGE8_K2_TANGENT_WHITE_SNR_MONTE_CARLO_AND_CLOSURE_V1,ONE_SYNTHETIC_CPI,ONE_SELECTED_RANGE_DOPPLER_CELL,1,1,0,0,0,31a85cf10323dcb0ff906b98f8f0dab39e853ab81d2695b1979df50869258a07,9d4840cb0acf2cc16b08d9302ee7ae2264f95671e1272152ef3c79376e23cf07,-7.41972074017056,23.8034519487049,14
125,MC1_K2_N1_L1_SP18_P2_R08,2,WHITE,1,1,1,P2,2,8.2,10,0.2,0,-6,1,L1_FULLY_COHERENT_BY_CONTRACT,18,18,6,8,17,MC1_BASE_N1_L1_P2_R08,MC1_BASE_N1_L1_P2_R08,430100017,430200017,WHITENED_SEQUENTIAL_BEAMSPACE_EXPECTED_TOTAL_SNR,STAGE8_K2_TANGENT_WHITE_SNR_MONTE_CARLO_AND_CLOSURE_V1,ONE_SYNTHETIC_CPI,ONE_SELECTED_RANGE_DOPPLER_CELL,1,1,0,0,0,31a85cf10323dcb0ff906b98f8f0dab39e853ab81d2695b1979df50869258a07,1ec6fb5214820a58d0be7bb472adf5bf8bae39172bd65a63a090dae862de5a5a,-3.41972074017056,27.8034519487049,18
126,MC1_K2_N1_L1_SP22_P2_R08,2,WHITE,1,1,1,P2,2,8.2,10,0.2,0,-6,1,L1_FULLY_COHERENT_BY_CONTRACT,22,22,7,8,17,MC1_BASE_N1_L1_P2_R08,MC1_BASE_N1_L1_P2_R08,430100017,430200017,WHITENED_SEQUENTIAL_BEAMSPACE_EXPECTED_TOTAL_SNR,STAGE8_K2_TANGENT_WHITE_SNR_MONTE_CARLO_AND_CLOSURE_V1,ONE_SYNTHETIC_CPI,ONE_SELECTED_RANGE_DOPPLER_CELL,1,1,0,0,0,31a85cf10323dcb0ff906b98f8f0dab39e853ab81d2695b1979df50869258a07,260eb0deb206ea9821f2dab28c06361e2efcf66e1e4f39be42bf580ff59ddeb4,0.580279259829441,31.8034519487049,22
127,MC1_K2_N1_L1_SM6_P2_R09,2,WHITE,1,1,1,P2,2,8.2,10,0.2,0,-6,1,L1_FULLY_COHERENT_BY_CONTRACT,-6,-6,1,9,18,MC1_BASE_N1_L1_P2_R09,MC1_BASE_N1_L1_P2_R09,430100018,430200018,WHITENED_SEQUENTIAL_BEAMSPACE_EXPECTED_TOTAL_SNR,STAGE8_K2_TANGENT_WHITE_SNR_MONTE_CARLO_AND_CLOSURE_V1,ONE_SYNTHETIC_CPI,ONE_SELECTED_RANGE_DOPPLER_CELL,1,1,0,0,0,31a85cf10323dcb0ff906b98f8f0dab39e853ab81d2695b1979df50869258a07,10999f61686c6d1f4293337b9be8d4fb440422d0fcda1dd73f2a01901ea26fd0,-27.4197207391303,3.80343858259412,-5.99999999999999
128,MC1_K2_N1_L1_SP0_P2_R09,2,WHITE,1,1,1,P2,2,8.2,10,0.2,0,-6,1,L1_FULLY_COHERENT_BY_CONTRACT,0,0,2,9,18,MC1_BASE_N1_L1_P2_R09,MC1_BASE_N1_L1_P2_R09,430100018,430200018,WHITENED_SEQUENTIAL_BEAMSPACE_EXPECTED_TOTAL_SNR,STAGE8_K2_TANGENT_WHITE_SNR_MONTE_CARLO_AND_CLOSURE_V1,ONE_SYNTHETIC_CPI,ONE_SELECTED_RANGE_DOPPLER_CELL,1,1,0,0,0,31a85cf10323dcb0ff906b98f8f0dab39e853ab81d2695b1979df50869258a07,808cb84c677f0a7ad5941e716e5f68d94b3f5da27badc3efb5dd958b762aa922,-21.4197207391303,9.80343858259412,3.85730986621315e-15
129,MC1_K2_N1_L1_SP6_P2_R09,2,WHITE,1,1,1,P2,2,8.2,10,0.2,0,-6,1,L1_FULLY_COHERENT_BY_CONTRACT,6,6,3,9,18,MC1_BASE_N1_L1_P2_R09,MC1_BASE_N1_L1_P2_R09,430100018,430200018,WHITENED_SEQUENTIAL_BEAMSPACE_EXPECTED_TOTAL_SNR,STAGE8_K2_TANGENT_WHITE_SNR_MONTE_CARLO_AND_CLOSURE_V1,ONE_SYNTHETIC_CPI,ONE_SELECTED_RANGE_DOPPLER_CELL,1,1,0,0,0,31a85cf10323dcb0ff906b98f8f0dab39e853ab81d2695b1979df50869258a07,6a7a8ccebfcc53c48c0e371ddd2d4be838b06ac6c6e3bf04e7863a7797b5e8bd,-15.4197207391303,15.8034385825941,6
130,MC1_K2_N1_L1_SP10_P2_R09,2,WHITE,1,1,1,P2,2,8.2,10,0.2,0,-6,1,L1_FULLY_COHERENT_BY_CONTRACT,10,10,4,9,18,MC1_BASE_N1_L1_P2_R09,MC1_BASE_N1_L1_P2_R09,430100018,430200018,WHITENED_SEQUENTIAL_BEAMSPACE_EXPECTED_TOTAL_SNR,STAGE8_K2_TANGENT_WHITE_SNR_MONTE_CARLO_AND_CLOSURE_V1,ONE_SYNTHETIC_CPI,ONE_SELECTED_RANGE_DOPPLER_CELL,1,1,0,0,0,31a85cf10323dcb0ff906b98f8f0dab39e853ab81d2695b1979df50869258a07,954c40c23c4943bcf0a76aba82b2ef68293cdca3209571cc69f39c87507a1239,-11.4197207391303,19.8034385825941,10
131,MC1_K2_N1_L1_SP14_P2_R09,2,WHITE,1,1,1,P2,2,8.2,10,0.2,0,-6,1,L1_FULLY_COHERENT_BY_CONTRACT,14,14,5,9,18,MC1_BASE_N1_L1_P2_R09,MC1_BASE_N1_L1_P2_R09,430100018,430200018,WHITENED_SEQUENTIAL_BEAMSPACE_EXPECTED_TOTAL_SNR,STAGE8_K2_TANGENT_WHITE_SNR_MONTE_CARLO_AND_CLOSURE_V1,ONE_SYNTHETIC_CPI,ONE_SELECTED_RANGE_DOPPLER_CELL,1,1,0,0,0,31a85cf10323dcb0ff906b98f8f0dab39e853ab81d2695b1979df50869258a07,c9c56643a5d6aabcbf8fc37ba8ce7b671aba2cbafe4051cb7d40a92231e5eb9c,-7.41972073913034,23.8034385825941,14
132,MC1_K2_N1_L1_SP18_P2_R09,2,WHITE,1,1,1,P2,2,8.2,10,0.2,0,-6,1,L1_FULLY_COHERENT_BY_CONTRACT,18,18,6,9,18,MC1_BASE_N1_L1_P2_R09,MC1_BASE_N1_L1_P2_R09,430100018,430200018,WHITENED_SEQUENTIAL_BEAMSPACE_EXPECTED_TOTAL_SNR,STAGE8_K2_TANGENT_WHITE_SNR_MONTE_CARLO_AND_CLOSURE_V1,ONE_SYNTHETIC_CPI,ONE_SELECTED_RANGE_DOPPLER_CELL,1,1,0,0,0,31a85cf10323dcb0ff906b98f8f0dab39e853ab81d2695b1979df50869258a07,87bebb5ee1aec1eaae06cfc1d4e66a50dd07b01cca5da6f0bf31e71fc568d952,-3.41972073913034,27.8034385825941,18
133,MC1_K2_N1_L1_SP22_P2_R09,2,WHITE,1,1,1,P2,2,8.2,10,0.2,0,-6,1,L1_FULLY_COHERENT_BY_CONTRACT,22,22,7,9,18,MC1_BASE_N1_L1_P2_R09,MC1_BASE_N1_L1_P2_R09,430100018,430200018,WHITENED_SEQUENTIAL_BEAMSPACE_EXPECTED_TOTAL_SNR,STAGE8_K2_TANGENT_WHITE_SNR_MONTE_CARLO_AND_CLOSURE_V1,ONE_SYNTHETIC_CPI,ONE_SELECTED_RANGE_DOPPLER_CELL,1,1,0,0,0,31a85cf10323dcb0ff906b98f8f0dab39e853ab81d2695b1979df50869258a07,167751ee30852f3e6142bb528eec0f67fe7b5532ea784e6bc581337a984b5cf1,0.58027926086966,31.8034385825941,22
134,MC1_K2_N1_L1_SM6_P2_R10,2,WHITE,1,1,1,P2,2,8.2,10,0.2,0,-6,1,L1_FULLY_COHERENT_BY_CONTRACT,-6,-6,1,10,19,MC1_BASE_N1_L1_P2_R10,MC1_BASE_N1_L1_P2_R10,430100019,430200019,WHITENED_SEQUENTIAL_BEAMSPACE_EXPECTED_TOTAL_SNR,STAGE8_K2_TANGENT_WHITE_SNR_MONTE_CARLO_AND_CLOSURE_V1,ONE_SYNTHETIC_CPI,ONE_SELECTED_RANGE_DOPPLER_CELL,1,1,0,0,0,31a85cf10323dcb0ff906b98f8f0dab39e853ab81d2695b1979df50869258a07,2f50c975c7164aef7326d54e3dd9a244c28099679f2397b9047908d556d675e8,-27.4197207398021,3.80348349647021,-6.00000000000001
135,MC1_K2_N1_L1_SP0_P2_R10,2,WHITE,1,1,1,P2,2,8.2,10,0.2,0,-6,1,L1_FULLY_COHERENT_BY_CONTRACT,0,0,2,10,19,MC1_BASE_N1_L1_P2_R10,MC1_BASE_N1_L1_P2_R10,430100019,430200019,WHITENED_SEQUENTIAL_BEAMSPACE_EXPECTED_TOTAL_SNR,STAGE8_K2_TANGENT_WHITE_SNR_MONTE_CARLO_AND_CLOSURE_V1,ONE_SYNTHETIC_CPI,ONE_SELECTED_RANGE_DOPPLER_CELL,1,1,0,0,0,31a85cf10323dcb0ff906b98f8f0dab39e853ab81d2695b1979df50869258a07,27669835042b367a9220bd8f74800fca9a36f1fa9b9edfd88820a1e6dffdc76e,-21.4197207398021,9.80348349647022,1.92865493310657e-15
136,MC1_K2_N1_L1_SP6_P2_R10,2,WHITE,1,1,1,P2,2,8.2,10,0.2,0,-6,1,L1_FULLY_COHERENT_BY_CONTRACT,6,6,3,10,19,MC1_BASE_N1_L1_P2_R10,MC1_BASE_N1_L1_P2_R10,430100019,430200019,WHITENED_SEQUENTIAL_BEAMSPACE_EXPECTED_TOTAL_SNR,STAGE8_K2_TANGENT_WHITE_SNR_MONTE_CARLO_AND_CLOSURE_V1,ONE_SYNTHETIC_CPI,ONE_SELECTED_RANGE_DOPPLER_CELL,1,1,0,0,0,31a85cf10323dcb0ff906b98f8f0dab39e853ab81d2695b1979df50869258a07,cdf499ea428ed85da7b6f3016b324f33e8103c5eaed5692ae1908aa5f4683aed,-15.4197207398021,15.8034834964702,6.00000000000001
137,MC1_K2_N1_L1_SP10_P2_R10,2,WHITE,1,1,1,P2,2,8.2,10,0.2,0,-6,1,L1_FULLY_COHERENT_BY_CONTRACT,10,10,4,10,19,MC1_BASE_N1_L1_P2_R10,MC1_BASE_N1_L1_P2_R10,430100019,430200019,WHITENED_SEQUENTIAL_BEAMSPACE_EXPECTED_TOTAL_SNR,STAGE8_K2_TANGENT_WHITE_SNR_MONTE_CARLO_AND_CLOSURE_V1,ONE_SYNTHETIC_CPI,ONE_SELECTED_RANGE_DOPPLER_CELL,1,1,0,0,0,31a85cf10323dcb0ff906b98f8f0dab39e853ab81d2695b1979df50869258a07,2c20b1346d6db5720caabb4eaf31974132c5c5ad9100b135034029f1fb1d801d,-11.4197207398021,19.8034834964702,10
138,MC1_K2_N1_L1_SP14_P2_R10,2,WHITE,1,1,1,P2,2,8.2,10,0.2,0,-6,1,L1_FULLY_COHERENT_BY_CONTRACT,14,14,5,10,19,MC1_BASE_N1_L1_P2_R10,MC1_BASE_N1_L1_P2_R10,430100019,430200019,WHITENED_SEQUENTIAL_BEAMSPACE_EXPECTED_TOTAL_SNR,STAGE8_K2_TANGENT_WHITE_SNR_MONTE_CARLO_AND_CLOSURE_V1,ONE_SYNTHETIC_CPI,ONE_SELECTED_RANGE_DOPPLER_CELL,1,1,0,0,0,31a85cf10323dcb0ff906b98f8f0dab39e853ab81d2695b1979df50869258a07,954051460ee48ba8264fe4e3024c19fc091dca8072accbd02e2d2bba6e8969dc,-7.41972073980208,23.8034834964702,14
139,MC1_K2_N1_L1_SP18_P2_R10,2,WHITE,1,1,1,P2,2,8.2,10,0.2,0,-6,1,L1_FULLY_COHERENT_BY_CONTRACT,18,18,6,10,19,MC1_BASE_N1_L1_P2_R10,MC1_BASE_N1_L1_P2_R10,430100019,430200019,WHITENED_SEQUENTIAL_BEAMSPACE_EXPECTED_TOTAL_SNR,STAGE8_K2_TANGENT_WHITE_SNR_MONTE_CARLO_AND_CLOSURE_V1,ONE_SYNTHETIC_CPI,ONE_SELECTED_RANGE_DOPPLER_CELL,1,1,0,0,0,31a85cf10323dcb0ff906b98f8f0dab39e853ab81d2695b1979df50869258a07,60e8905199036ad202cc267a297869e70e067f234519c554297c1dcf296fc64a,-3.41972073980208,27.8034834964702,18
140,MC1_K2_N1_L1_SP22_P2_R10,2,WHITE,1,1,1,P2,2,8.2,10,0.2,0,-6,1,L1_FULLY_COHERENT_BY_CONTRACT,22,22,7,10,19,MC1_BASE_N1_L1_P2_R10,MC1_BASE_N1_L1_P2_R10,430100019,430200019,WHITENED_SEQUENTIAL_BEAMSPACE_EXPECTED_TOTAL_SNR,STAGE8_K2_TANGENT_WHITE_SNR_MONTE_CARLO_AND_CLOSURE_V1,ONE_SYNTHETIC_CPI,ONE_SELECTED_RANGE_DOPPLER_CELL,1,1,0,0,0,31a85cf10323dcb0ff906b98f8f0dab39e853ab81d2695b1979df50869258a07,2bb3697487f1015a2e1d280930980514f13fbb0ca4d91f04f860715a6215dddc,0.580279260197922,31.8034834964702,22
141,MC1_K2_N1_L1_SM6_P3_R01,2,WHITE,1,1,1,P3,3,7.9,10.1,0.15,90,0,1,L1_FULLY_COHERENT_BY_CONTRACT,-6,-6,1,1,20,MC1_BASE_N1_L1_P3_R01,MC1_BASE_N1_L1_P3_R01,430100020,430200020,WHITENED_SEQUENTIAL_BEAMSPACE_EXPECTED_TOTAL_SNR,STAGE8_K2_TANGENT_WHITE_SNR_MONTE_CARLO_AND_CLOSURE_V1,ONE_SYNTHETIC_CPI,ONE_SELECTED_RANGE_DOPPLER_CELL,1,1,0,0,0,31a85cf10323dcb0ff906b98f8f0dab39e853ab81d2695b1979df50869258a07,a10c74ba2bd12b73b4f2b5e31919aaf8ed428bda3ea4afa46ede1f3f1da02df1,-27.4197197441346,3.78033541479984,-6.00000000000002
142,MC1_K2_N1_L1_SP0_P3_R01,2,WHITE,1,1,1,P3,3,7.9,10.1,0.15,90,0,1,L1_FULLY_COHERENT_BY_CONTRACT,0,0,2,1,20,MC1_BASE_N1_L1_P3_R01,MC1_BASE_N1_L1_P3_R01,430100020,430200020,WHITENED_SEQUENTIAL_BEAMSPACE_EXPECTED_TOTAL_SNR,STAGE8_K2_TANGENT_WHITE_SNR_MONTE_CARLO_AND_CLOSURE_V1,ONE_SYNTHETIC_CPI,ONE_SELECTED_RANGE_DOPPLER_CELL,1,1,0,0,0,31a85cf10323dcb0ff906b98f8f0dab39e853ab81d2695b1979df50869258a07,7e72d5f935baa7f4cb83e8e2f294d214e04be8acc8448f2a8e3f5dc18bd56cd3,-21.4197197441346,9.78033541479985,-5.78596479931973e-15
143,MC1_K2_N1_L1_SP6_P3_R01,2,WHITE,1,1,1,P3,3,7.9,10.1,0.15,90,0,1,L1_FULLY_COHERENT_BY_CONTRACT,6,6,3,1,20,MC1_BASE_N1_L1_P3_R01,MC1_BASE_N1_L1_P3_R01,430100020,430200020,WHITENED_SEQUENTIAL_BEAMSPACE_EXPECTED_TOTAL_SNR,STAGE8_K2_TANGENT_WHITE_SNR_MONTE_CARLO_AND_CLOSURE_V1,ONE_SYNTHETIC_CPI,ONE_SELECTED_RANGE_DOPPLER_CELL,1,1,0,0,0,31a85cf10323dcb0ff906b98f8f0dab39e853ab81d2695b1979df50869258a07,58edf1d77364617d10e123faf7bedbdbe4d7feb1a8cc99eef39e163a5bb1f99c,-15.4197197441346,15.7803354147998,5.99999999999998
144,MC1_K2_N1_L1_SP10_P3_R01,2,WHITE,1,1,1,P3,3,7.9,10.1,0.15,90,0,1,L1_FULLY_COHERENT_BY_CONTRACT,10,10,4,1,20,MC1_BASE_N1_L1_P3_R01,MC1_BASE_N1_L1_P3_R01,430100020,430200020,WHITENED_SEQUENTIAL_BEAMSPACE_EXPECTED_TOTAL_SNR,STAGE8_K2_TANGENT_WHITE_SNR_MONTE_CARLO_AND_CLOSURE_V1,ONE_SYNTHETIC_CPI,ONE_SELECTED_RANGE_DOPPLER_CELL,1,1,0,0,0,31a85cf10323dcb0ff906b98f8f0dab39e853ab81d2695b1979df50869258a07,62b5973ec752f38df6f1792b29b393ce96e587cde1daf8bcb1b1b2bdee0f5918,-11.4197197441346,19.7803354147998,9.99999999999998
145,MC1_K2_N1_L1_SP14_P3_R01,2,WHITE,1,1,1,P3,3,7.9,10.1,0.15,90,0,1,L1_FULLY_COHERENT_BY_CONTRACT,14,14,5,1,20,MC1_BASE_N1_L1_P3_R01,MC1_BASE_N1_L1_P3_R01,430100020,430200020,WHITENED_SEQUENTIAL_BEAMSPACE_EXPECTED_TOTAL_SNR,STAGE8_K2_TANGENT_WHITE_SNR_MONTE_CARLO_AND_CLOSURE_V1,ONE_SYNTHETIC_CPI,ONE_SELECTED_RANGE_DOPPLER_CELL,1,1,0,0,0,31a85cf10323dcb0ff906b98f8f0dab39e853ab81d2695b1979df50869258a07,052db1708eec4de9ccbf01e90b58882cf1b5f8de1d25eeac206bb74db8d7f7b5,-7.41971974413457,23.7803354147998,14
146,MC1_K2_N1_L1_SP18_P3_R01,2,WHITE,1,1,1,P3,3,7.9,10.1,0.15,90,0,1,L1_FULLY_COHERENT_BY_CONTRACT,18,18,6,1,20,MC1_BASE_N1_L1_P3_R01,MC1_BASE_N1_L1_P3_R01,430100020,430200020,WHITENED_SEQUENTIAL_BEAMSPACE_EXPECTED_TOTAL_SNR,STAGE8_K2_TANGENT_WHITE_SNR_MONTE_CARLO_AND_CLOSURE_V1,ONE_SYNTHETIC_CPI,ONE_SELECTED_RANGE_DOPPLER_CELL,1,1,0,0,0,31a85cf10323dcb0ff906b98f8f0dab39e853ab81d2695b1979df50869258a07,4f9f5040feb3962fbfe6a0e9418ec3989b3805d879318a47f8457548e57caf22,-3.41971974413457,27.7803354147998,18
147,MC1_K2_N1_L1_SP22_P3_R01,2,WHITE,1,1,1,P3,3,7.9,10.1,0.15,90,0,1,L1_FULLY_COHERENT_BY_CONTRACT,22,22,7,1,20,MC1_BASE_N1_L1_P3_R01,MC1_BASE_N1_L1_P3_R01,430100020,430200020,WHITENED_SEQUENTIAL_BEAMSPACE_EXPECTED_TOTAL_SNR,STAGE8_K2_TANGENT_WHITE_SNR_MONTE_CARLO_AND_CLOSURE_V1,ONE_SYNTHETIC_CPI,ONE_SELECTED_RANGE_DOPPLER_CELL,1,1,0,0,0,31a85cf10323dcb0ff906b98f8f0dab39e853ab81d2695b1979df50869258a07,377ff52548b73f8f7f2fadcbd444257d158b879d57a3cbcf873038c194513ede,0.580280255865435,31.7803354147998,22
148,MC1_K2_N1_L1_SM6_P3_R02,2,WHITE,1,1,1,P3,3,7.9,10.1,0.15,90,0,1,L1_FULLY_COHERENT_BY_CONTRACT,-6,-6,1,2,21,MC1_BASE_N1_L1_P3_R02,MC1_BASE_N1_L1_P3_R02,430100021,430200021,WHITENED_SEQUENTIAL_BEAMSPACE_EXPECTED_TOTAL_SNR,STAGE8_K2_TANGENT_WHITE_SNR_MONTE_CARLO_AND_CLOSURE_V1,ONE_SYNTHETIC_CPI,ONE_SELECTED_RANGE_DOPPLER_CELL,1,1,0,0,0,31a85cf10323dcb0ff906b98f8f0dab39e853ab81d2695b1979df50869258a07,ce129e7a6fddb15959ec6378bea664196006ccbef2e8b0e9d5f773a3f8dcf1a4,-27.4197201487572,3.79797046344332,-6
149,MC1_K2_N1_L1_SP0_P3_R02,2,WHITE,1,1,1,P3,3,7.9,10.1,0.15,90,0,1,L1_FULLY_COHERENT_BY_CONTRACT,0,0,2,2,21,MC1_BASE_N1_L1_P3_R02,MC1_BASE_N1_L1_P3_R02,430100021,430200021,WHITENED_SEQUENTIAL_BEAMSPACE_EXPECTED_TOTAL_SNR,STAGE8_K2_TANGENT_WHITE_SNR_MONTE_CARLO_AND_CLOSURE_V1,ONE_SYNTHETIC_CPI,ONE_SELECTED_RANGE_DOPPLER_CELL,1,1,0,0,0,31a85cf10323dcb0ff906b98f8f0dab39e853ab81d2695b1979df50869258a07,27715ab83854ddf1467a70d471ec504a179fd8548752088e0385cab1bdcd68e4,-21.4197201487572,9.79797046344332,9.64327466553287e-16
150,MC1_K2_N1_L1_SP6_P3_R02,2,WHITE,1,1,1,P3,3,7.9,10.1,0.15,90,0,1,L1_FULLY_COHERENT_BY_CONTRACT,6,6,3,2,21,MC1_BASE_N1_L1_P3_R02,MC1_BASE_N1_L1_P3_R02,430100021,430200021,WHITENED_SEQUENTIAL_BEAMSPACE_EXPECTED_TOTAL_SNR,STAGE8_K2_TANGENT_WHITE_SNR_MONTE_CARLO_AND_CLOSURE_V1,ONE_SYNTHETIC_CPI,ONE_SELECTED_RANGE_DOPPLER_CELL,1,1,0,0,0,31a85cf10323dcb0ff906b98f8f0dab39e853ab81d2695b1979df50869258a07,4d2e999741f98108a6d2a88f50e7a8758b757adae7d5e5babfe4ad366ba10d4c,-15.4197201487572,15.7979704634433,5.99999999999999
151,MC1_K2_N1_L1_SP10_P3_R02,2,WHITE,1,1,1,P3,3,7.9,10.1,0.15,90,0,1,L1_FULLY_COHERENT_BY_CONTRACT,10,10,4,2,21,MC1_BASE_N1_L1_P3_R02,MC1_BASE_N1_L1_P3_R02,430100021,430200021,WHITENED_SEQUENTIAL_BEAMSPACE_EXPECTED_TOTAL_SNR,STAGE8_K2_TANGENT_WHITE_SNR_MONTE_CARLO_AND_CLOSURE_V1,ONE_SYNTHETIC_CPI,ONE_SELECTED_RANGE_DOPPLER_CELL,1,1,0,0,0,31a85cf10323dcb0ff906b98f8f0dab39e853ab81d2695b1979df50869258a07,395be42ff3ab00336b3ad260f8d260d650c5c4855d3ed979d87e188c38cbdb26,-11.4197201487572,19.7979704634433,9.99999999999999
152,MC1_K2_N1_L1_SP14_P3_R02,2,WHITE,1,1,1,P3,3,7.9,10.1,0.15,90,0,1,L1_FULLY_COHERENT_BY_CONTRACT,14,14,5,2,21,MC1_BASE_N1_L1_P3_R02,MC1_BASE_N1_L1_P3_R02,430100021,430200021,WHITENED_SEQUENTIAL_BEAMSPACE_EXPECTED_TOTAL_SNR,STAGE8_K2_TANGENT_WHITE_SNR_MONTE_CARLO_AND_CLOSURE_V1,ONE_SYNTHETIC_CPI,ONE_SELECTED_RANGE_DOPPLER_CELL,1,1,0,0,0,31a85cf10323dcb0ff906b98f8f0dab39e853ab81d2695b1979df50869258a07,69a688ca0fb5f1a0f89eef91992693a0829567bdecc252d1fa3b422db25dca51,-7.41972014875721,23.7979704634433,14
153,MC1_K2_N1_L1_SP18_P3_R02,2,WHITE,1,1,1,P3,3,7.9,10.1,0.15,90,0,1,L1_FULLY_COHERENT_BY_CONTRACT,18,18,6,2,21,MC1_BASE_N1_L1_P3_R02,MC1_BASE_N1_L1_P3_R02,430100021,430200021,WHITENED_SEQUENTIAL_BEAMSPACE_EXPECTED_TOTAL_SNR,STAGE8_K2_TANGENT_WHITE_SNR_MONTE_CARLO_AND_CLOSURE_V1,ONE_SYNTHETIC_CPI,ONE_SELECTED_RANGE_DOPPLER_CELL,1,1,0,0,0,31a85cf10323dcb0ff906b98f8f0dab39e853ab81d2695b1979df50869258a07,d37ba2495edfd6bbf57175bf60060c4b1c060a1484ad75bf608cc304d258cff4,-3.41972014875721,27.7979704634433,18
154,MC1_K2_N1_L1_SP22_P3_R02,2,WHITE,1,1,1,P3,3,7.9,10.1,0.15,90,0,1,L1_FULLY_COHERENT_BY_CONTRACT,22,22,7,2,21,MC1_BASE_N1_L1_P3_R02,MC1_BASE_N1_L1_P3_R02,430100021,430200021,WHITENED_SEQUENTIAL_BEAMSPACE_EXPECTED_TOTAL_SNR,STAGE8_K2_TANGENT_WHITE_SNR_MONTE_CARLO_AND_CLOSURE_V1,ONE_SYNTHETIC_CPI,ONE_SELECTED_RANGE_DOPPLER_CELL,1,1,0,0,0,31a85cf10323dcb0ff906b98f8f0dab39e853ab81d2695b1979df50869258a07,f0317127bcb90e04da8858826bbcac4cab98a893516e2ab382677ddb4717bb53,0.580279851242793,31.7979704634433,22
155,MC1_K2_N1_L1_SM6_P3_R03,2,WHITE,1,1,1,P3,3,7.9,10.1,0.15,90,0,1,L1_FULLY_COHERENT_BY_CONTRACT,-6,-6,1,3,22,MC1_BASE_N1_L1_P3_R03,MC1_BASE_N1_L1_P3_R03,430100022,430200022,WHITENED_SEQUENTIAL_BEAMSPACE_EXPECTED_TOTAL_SNR,STAGE8_K2_TANGENT_WHITE_SNR_MONTE_CARLO_AND_CLOSURE_V1,ONE_SYNTHETIC_CPI,ONE_SELECTED_RANGE_DOPPLER_CELL,1,1,0,0,0,31a85cf10323dcb0ff906b98f8f0dab39e853ab81d2695b1979df50869258a07,93fbc427f66e4439ec03ddc38050893ee99f205d4a86c9e85fa093159979260b,-27.4197119361172,3.52196530328182,-6
156,MC1_K2_N1_L1_SP0_P3_R03,2,WHITE,1,1,1,P3,3,7.9,10.1,0.15,90,0,1,L1_FULLY_COHERENT_BY_CONTRACT,0,0,2,3,22,MC1_BASE_N1_L1_P3_R03,MC1_BASE_N1_L1_P3_R03,430100022,430200022,WHITENED_SEQUENTIAL_BEAMSPACE_EXPECTED_TOTAL_SNR,STAGE8_K2_TANGENT_WHITE_SNR_MONTE_CARLO_AND_CLOSURE_V1,ONE_SYNTHETIC_CPI,ONE_SELECTED_RANGE_DOPPLER_CELL,1,1,0,0,0,31a85cf10323dcb0ff906b98f8f0dab39e853ab81d2695b1979df50869258a07,02a7ee55b4b30da527f170231b4e5557751dbda55d1590e1bf6a7975b2995798,-21.4197119361172,9.52196530328182,-1.06076021320862e-14
157,MC1_K2_N1_L1_SP6_P3_R03,2,WHITE,1,1,1,P3,3,7.9,10.1,0.15,90,0,1,L1_FULLY_COHERENT_BY_CONTRACT,6,6,3,3,22,MC1_BASE_N1_L1_P3_R03,MC1_BASE_N1_L1_P3_R03,430100022,430200022,WHITENED_SEQUENTIAL_BEAMSPACE_EXPECTED_TOTAL_SNR,STAGE8_K2_TANGENT_WHITE_SNR_MONTE_CARLO_AND_CLOSURE_V1,ONE_SYNTHETIC_CPI,ONE_SELECTED_RANGE_DOPPLER_CELL,1,1,0,0,0,31a85cf10323dcb0ff906b98f8f0dab39e853ab81d2695b1979df50869258a07,53a8a922b7d716fa8c74c18a6a65df7eb4287bf46dcb909dbcecb630fa177af0,-15.4197119361172,15.5219653032818,6
158,MC1_K2_N1_L1_SP10_P3_R03,2,WHITE,1,1,1,P3,3,7.9,10.1,0.15,90,0,1,L1_FULLY_COHERENT_BY_CONTRACT,10,10,4,3,22,MC1_BASE_N1_L1_P3_R03,MC1_BASE_N1_L1_P3_R03,430100022,430200022,WHITENED_SEQUENTIAL_BEAMSPACE_EXPECTED_TOTAL_SNR,STAGE8_K2_TANGENT_WHITE_SNR_MONTE_CARLO_AND_CLOSURE_V1,ONE_SYNTHETIC_CPI,ONE_SELECTED_RANGE_DOPPLER_CELL,1,1,0,0,0,31a85cf10323dcb0ff906b98f8f0dab39e853ab81d2695b1979df50869258a07,f4cf183e0b154b964b814ae1f433c026414ae822784558f47aaa8355d10d422b,-11.4197119361172,19.5219653032818,10
159,MC1_K2_N1_L1_SP14_P3_R03,2,WHITE,1,1,1,P3,3,7.9,10.1,0.15,90,0,1,L1_FULLY_COHERENT_BY_CONTRACT,14,14,5,3,22,MC1_BASE_N1_L1_P3_R03,MC1_BASE_N1_L1_P3_R03,430100022,430200022,WHITENED_SEQUENTIAL_BEAMSPACE_EXPECTED_TOTAL_SNR,STAGE8_K2_TANGENT_WHITE_SNR_MONTE_CARLO_AND_CLOSURE_V1,ONE_SYNTHETIC_CPI,ONE_SELECTED_RANGE_DOPPLER_CELL,1,1,0,0,0,31a85cf10323dcb0ff906b98f8f0dab39e853ab81d2695b1979df50869258a07,c6be7f6eeeedf9e974636b9b6c2c4b34cb61cbe48fe0ece8a17ebcf5829b7a76,-7.41971193611717,23.5219653032818,14
160,MC1_K2_N1_L1_SP18_P3_R03,2,WHITE,1,1,1,P3,3,7.9,10.1,0.15,90,0,1,L1_FULLY_COHERENT_BY_CONTRACT,18,18,6,3,22,MC1_BASE_N1_L1_P3_R03,MC1_BASE_N1_L1_P3_R03,430100022,430200022,WHITENED_SEQUENTIAL_BEAMSPACE_EXPECTED_TOTAL_SNR,STAGE8_K2_TANGENT_WHITE_SNR_MONTE_CARLO_AND_CLOSURE_V1,ONE_SYNTHETIC_CPI,ONE_SELECTED_RANGE_DOPPLER_CELL,1,1,0,0,0,31a85cf10323dcb0ff906b98f8f0dab39e853ab81d2695b1979df50869258a07,a46f0c6d83b896af7125aea423b3f067f947aabd2142a3d49ac40a90dfbccc14,-3.41971193611717,27.5219653032818,18
161,MC1_K2_N1_L1_SP22_P3_R03,2,WHITE,1,1,1,P3,3,7.9,10.1,0.15,90,0,1,L1_FULLY_COHERENT_BY_CONTRACT,22,22,7,3,22,MC1_BASE_N1_L1_P3_R03,MC1_BASE_N1_L1_P3_R03,430100022,430200022,WHITENED_SEQUENTIAL_BEAMSPACE_EXPECTED_TOTAL_SNR,STAGE8_K2_TANGENT_WHITE_SNR_MONTE_CARLO_AND_CLOSURE_V1,ONE_SYNTHETIC_CPI,ONE_SELECTED_RANGE_DOPPLER_CELL,1,1,0,0,0,31a85cf10323dcb0ff906b98f8f0dab39e853ab81d2695b1979df50869258a07,16cff86967eeac2c5ad13ab10b1592ea4e3d11b0bafef3813b61a2b4ad34efe4,0.580288063882831,31.5219653032818,22
162,MC1_K2_N1_L1_SM6_P3_R04,2,WHITE,1,1,1,P3,3,7.9,10.1,0.15,90,0,1,L1_FULLY_COHERENT_BY_CONTRACT,-6,-6,1,4,23,MC1_BASE_N1_L1_P3_R04,MC1_BASE_N1_L1_P3_R04,430100023,430200023,WHITENED_SEQUENTIAL_BEAMSPACE_EXPECTED_TOTAL_SNR,STAGE8_K2_TANGENT_WHITE_SNR_MONTE_CARLO_AND_CLOSURE_V1,ONE_SYNTHETIC_CPI,ONE_SELECTED_RANGE_DOPPLER_CELL,1,1,0,0,0,31a85cf10323dcb0ff906b98f8f0dab39e853ab81d2695b1979df50869258a07,0d311b5f006ff224482ce8a529035afed958a85744a27ba2ce47da76df064598,-27.4197203056953,3.80842427666942,-6
163,MC1_K2_N1_L1_SP0_P3_R04,2,WHITE,1,1,1,P3,3,7.9,10.1,0.15,90,0,1,L1_FULLY_COHERENT_BY_CONTRACT,0,0,2,4,23,MC1_BASE_N1_L1_P3_R04,MC1_BASE_N1_L1_P3_R04,430100023,430200023,WHITENED_SEQUENTIAL_BEAMSPACE_EXPECTED_TOTAL_SNR,STAGE8_K2_TANGENT_WHITE_SNR_MONTE_CARLO_AND_CLOSURE_V1,ONE_SYNTHETIC_CPI,ONE_SELECTED_RANGE_DOPPLER_CELL,1,1,0,0,0,31a85cf10323dcb0ff906b98f8f0dab39e853ab81d2695b1979df50869258a07,4d9ff0c4b1e9142dc7db285411efef5d4042a72678b0167b4a4d7068a7ec2683,-21.4197203056953,9.80842427666942,4.82163733276643e-15
164,MC1_K2_N1_L1_SP6_P3_R04,2,WHITE,1,1,1,P3,3,7.9,10.1,0.15,90,0,1,L1_FULLY_COHERENT_BY_CONTRACT,6,6,3,4,23,MC1_BASE_N1_L1_P3_R04,MC1_BASE_N1_L1_P3_R04,430100023,430200023,WHITENED_SEQUENTIAL_BEAMSPACE_EXPECTED_TOTAL_SNR,STAGE8_K2_TANGENT_WHITE_SNR_MONTE_CARLO_AND_CLOSURE_V1,ONE_SYNTHETIC_CPI,ONE_SELECTED_RANGE_DOPPLER_CELL,1,1,0,0,0,31a85cf10323dcb0ff906b98f8f0dab39e853ab81d2695b1979df50869258a07,5fdddab592efccc533aa4bbd38f87d9663d67082909ca995321b546746f9f9a5,-15.4197203056953,15.8084242766694,6
165,MC1_K2_N1_L1_SP10_P3_R04,2,WHITE,1,1,1,P3,3,7.9,10.1,0.15,90,0,1,L1_FULLY_COHERENT_BY_CONTRACT,10,10,4,4,23,MC1_BASE_N1_L1_P3_R04,MC1_BASE_N1_L1_P3_R04,430100023,430200023,WHITENED_SEQUENTIAL_BEAMSPACE_EXPECTED_TOTAL_SNR,STAGE8_K2_TANGENT_WHITE_SNR_MONTE_CARLO_AND_CLOSURE_V1,ONE_SYNTHETIC_CPI,ONE_SELECTED_RANGE_DOPPLER_CELL,1,1,0,0,0,31a85cf10323dcb0ff906b98f8f0dab39e853ab81d2695b1979df50869258a07,d3784f7a26628275f6df3e59fa41b4d2dccb1e4bb0833cc143068b09b227e5ba,-11.4197203056953,19.8084242766694,9.99999999999999
166,MC1_K2_N1_L1_SP14_P3_R04,2,WHITE,1,1,1,P3,3,7.9,10.1,0.15,90,0,1,L1_FULLY_COHERENT_BY_CONTRACT,14,14,5,4,23,MC1_BASE_N1_L1_P3_R04,MC1_BASE_N1_L1_P3_R04,430100023,430200023,WHITENED_SEQUENTIAL_BEAMSPACE_EXPECTED_TOTAL_SNR,STAGE8_K2_TANGENT_WHITE_SNR_MONTE_CARLO_AND_CLOSURE_V1,ONE_SYNTHETIC_CPI,ONE_SELECTED_RANGE_DOPPLER_CELL,1,1,0,0,0,31a85cf10323dcb0ff906b98f8f0dab39e853ab81d2695b1979df50869258a07,c7fb2a526d4bfa8b7a3d71280be130b7c1b401d2bff4b289de2ae95daca02da6,-7.4197203056953,23.8084242766694,14
167,MC1_K2_N1_L1_SP18_P3_R04,2,WHITE,1,1,1,P3,3,7.9,10.1,0.15,90,0,1,L1_FULLY_COHERENT_BY_CONTRACT,18,18,6,4,23,MC1_BASE_N1_L1_P3_R04,MC1_BASE_N1_L1_P3_R04,430100023,430200023,WHITENED_SEQUENTIAL_BEAMSPACE_EXPECTED_TOTAL_SNR,STAGE8_K2_TANGENT_WHITE_SNR_MONTE_CARLO_AND_CLOSURE_V1,ONE_SYNTHETIC_CPI,ONE_SELECTED_RANGE_DOPPLER_CELL,1,1,0,0,0,31a85cf10323dcb0ff906b98f8f0dab39e853ab81d2695b1979df50869258a07,0c528bc5f7866d516089339065559012733a74addd89c13ab7cfbaad19df46cf,-3.41972030569529,27.8084242766694,18
168,MC1_K2_N1_L1_SP22_P3_R04,2,WHITE,1,1,1,P3,3,7.9,10.1,0.15,90,0,1,L1_FULLY_COHERENT_BY_CONTRACT,22,22,7,4,23,MC1_BASE_N1_L1_P3_R04,MC1_BASE_N1_L1_P3_R04,430100023,430200023,WHITENED_SEQUENTIAL_BEAMSPACE_EXPECTED_TOTAL_SNR,STAGE8_K2_TANGENT_WHITE_SNR_MONTE_CARLO_AND_CLOSURE_V1,ONE_SYNTHETIC_CPI,ONE_SELECTED_RANGE_DOPPLER_CELL,1,1,0,0,0,31a85cf10323dcb0ff906b98f8f0dab39e853ab81d2695b1979df50869258a07,2cb186a2802e0c895e0d580111bd8458822c50dd7d3dba8b2865ffd83b00eadc,0.580279694304709,31.8084242766694,22
169,MC1_K2_N1_L1_SM6_P3_R05,2,WHITE,1,1,1,P3,3,7.9,10.1,0.15,90,0,1,L1_FULLY_COHERENT_BY_CONTRACT,-6,-6,1,5,24,MC1_BASE_N1_L1_P3_R05,MC1_BASE_N1_L1_P3_R05,430100024,430200024,WHITENED_SEQUENTIAL_BEAMSPACE_EXPECTED_TOTAL_SNR,STAGE8_K2_TANGENT_WHITE_SNR_MONTE_CARLO_AND_CLOSURE_V1,ONE_SYNTHETIC_CPI,ONE_SELECTED_RANGE_DOPPLER_CELL,1,1,0,0,0,31a85cf10323dcb0ff906b98f8f0dab39e853ab81d2695b1979df50869258a07,8072ce03781eb4cebc9adf9859863abef9a7c8af7eb88a3993946954cb47e354,-27.4197203175493,3.80711982567624,-6
170,MC1_K2_N1_L1_SP0_P3_R05,2,WHITE,1,1,1,P3,3,7.9,10.1,0.15,90,0,1,L1_FULLY_COHERENT_BY_CONTRACT,0,0,2,5,24,MC1_BASE_N1_L1_P3_R05,MC1_BASE_N1_L1_P3_R05,430100024,430200024,WHITENED_SEQUENTIAL_BEAMSPACE_EXPECTED_TOTAL_SNR,STAGE8_K2_TANGENT_WHITE_SNR_MONTE_CARLO_AND_CLOSURE_V1,ONE_SYNTHETIC_CPI,ONE_SELECTED_RANGE_DOPPLER_CELL,1,1,0,0,0,31a85cf10323dcb0ff906b98f8f0dab39e853ab81d2695b1979df50869258a07,4ca6d8cdc7bbff9c3a66a8be51dfda731d4304947f9f39d93fc180c8183e7a44,-21.4197203175493,9.80711982567624,-1.20540933319161e-14
171,MC1_K2_N1_L1_SP6_P3_R05,2,WHITE,1,1,1,P3,3,7.9,10.1,0.15,90,0,1,L1_FULLY_COHERENT_BY_CONTRACT,6,6,3,5,24,MC1_BASE_N1_L1_P3_R05,MC1_BASE_N1_L1_P3_R05,430100024,430200024,WHITENED_SEQUENTIAL_BEAMSPACE_EXPECTED_TOTAL_SNR,STAGE8_K2_TANGENT_WHITE_SNR_MONTE_CARLO_AND_CLOSURE_V1,ONE_SYNTHETIC_CPI,ONE_SELECTED_RANGE_DOPPLER_CELL,1,1,0,0,0,31a85cf10323dcb0ff906b98f8f0dab39e853ab81d2695b1979df50869258a07,14cfb59070c4269b2a3e83825591447b2cee7f4002b2e16d3732130685d7c805,-15.4197203175493,15.8071198256762,6
172,MC1_K2_N1_L1_SP10_P3_R05,2,WHITE,1,1,1,P3,3,7.9,10.1,0.15,90,0,1,L1_FULLY_COHERENT_BY_CONTRACT,10,10,4,5,24,MC1_BASE_N1_L1_P3_R05,MC1_BASE_N1_L1_P3_R05,430100024,430200024,WHITENED_SEQUENTIAL_BEAMSPACE_EXPECTED_TOTAL_SNR,STAGE8_K2_TANGENT_WHITE_SNR_MONTE_CARLO_AND_CLOSURE_V1,ONE_SYNTHETIC_CPI,ONE_SELECTED_RANGE_DOPPLER_CELL,1,1,0,0,0,31a85cf10323dcb0ff906b98f8f0dab39e853ab81d2695b1979df50869258a07,bfe92cafed5f33e53e08bce280dc579c32ad04a76e76f7531f1496934454edce,-11.4197203175493,19.8071198256762,10
173,MC1_K2_N1_L1_SP14_P3_R05,2,WHITE,1,1,1,P3,3,7.9,10.1,0.15,90,0,1,L1_FULLY_COHERENT_BY_CONTRACT,14,14,5,5,24,MC1_BASE_N1_L1_P3_R05,MC1_BASE_N1_L1_P3_R05,430100024,430200024,WHITENED_SEQUENTIAL_BEAMSPACE_EXPECTED_TOTAL_SNR,STAGE8_K2_TANGENT_WHITE_SNR_MONTE_CARLO_AND_CLOSURE_V1,ONE_SYNTHETIC_CPI,ONE_SELECTED_RANGE_DOPPLER_CELL,1,1,0,0,0,31a85cf10323dcb0ff906b98f8f0dab39e853ab81d2695b1979df50869258a07,60eaa576f8c3ee7725efa20fcceb4b22861e52108b712161b13acf06e6d5efdc,-7.41972031754926,23.8071198256762,14
174,MC1_K2_N1_L1_SP18_P3_R05,2,WHITE,1,1,1,P3,3,7.9,10.1,0.15,90,0,1,L1_FULLY_COHERENT_BY_CONTRACT,18,18,6,5,24,MC1_BASE_N1_L1_P3_R05,MC1_BASE_N1_L1_P3_R05,430100024,430200024,WHITENED_SEQUENTIAL_BEAMSPACE_EXPECTED_TOTAL_SNR,STAGE8_K2_TANGENT_WHITE_SNR_MONTE_CARLO_AND_CLOSURE_V1,ONE_SYNTHETIC_CPI,ONE_SELECTED_RANGE_DOPPLER_CELL,1,1,0,0,0,31a85cf10323dcb0ff906b98f8f0dab39e853ab81d2695b1979df50869258a07,4b01893c453cd2929be637bffef8908eec477d59da00bcd05e74be5e043407a4,-3.41972031754926,27.8071198256762,18
175,MC1_K2_N1_L1_SP22_P3_R05,2,WHITE,1,1,1,P3,3,7.9,10.1,0.15,90,0,1,L1_FULLY_COHERENT_BY_CONTRACT,22,22,7,5,24,MC1_BASE_N1_L1_P3_R05,MC1_BASE_N1_L1_P3_R05,430100024,430200024,WHITENED_SEQUENTIAL_BEAMSPACE_EXPECTED_TOTAL_SNR,STAGE8_K2_TANGENT_WHITE_SNR_MONTE_CARLO_AND_CLOSURE_V1,ONE_SYNTHETIC_CPI,ONE_SELECTED_RANGE_DOPPLER_CELL,1,1,0,0,0,31a85cf10323dcb0ff906b98f8f0dab39e853ab81d2695b1979df50869258a07,2d0be4c9091f44676304444db556411f1ba6d8a94848b5cf082b4e9b1fde0c4b,0.580279682450747,31.8071198256762,22
176,MC1_K2_N1_L1_SM6_P3_R06,2,WHITE,1,1,1,P3,3,7.9,10.1,0.15,90,0,1,L1_FULLY_COHERENT_BY_CONTRACT,-6,-6,1,6,25,MC1_BASE_N1_L1_P3_R06,MC1_BASE_N1_L1_P3_R06,430100025,430200025,WHITENED_SEQUENTIAL_BEAMSPACE_EXPECTED_TOTAL_SNR,STAGE8_K2_TANGENT_WHITE_SNR_MONTE_CARLO_AND_CLOSURE_V1,ONE_SYNTHETIC_CPI,ONE_SELECTED_RANGE_DOPPLER_CELL,1,1,0,0,0,31a85cf10323dcb0ff906b98f8f0dab39e853ab81d2695b1979df50869258a07,409f4691b603dd2b3dc679534ee0be066f3fd2972ed46dc2a08635db5997d618,-27.4197181241838,3.74135805237899,-6.00000000000001
177,MC1_K2_N1_L1_SP0_P3_R06,2,WHITE,1,1,1,P3,3,7.9,10.1,0.15,90,0,1,L1_FULLY_COHERENT_BY_CONTRACT,0,0,2,6,25,MC1_BASE_N1_L1_P3_R06,MC1_BASE_N1_L1_P3_R06,430100025,430200025,WHITENED_SEQUENTIAL_BEAMSPACE_EXPECTED_TOTAL_SNR,STAGE8_K2_TANGENT_WHITE_SNR_MONTE_CARLO_AND_CLOSURE_V1,ONE_SYNTHETIC_CPI,ONE_SELECTED_RANGE_DOPPLER_CELL,1,1,0,0,0,31a85cf10323dcb0ff906b98f8f0dab39e853ab81d2695b1979df50869258a07,aeabff636e862ded0e9636e7a4c31aef52ab880fcc46e0cbdcac21ded2737ba3,-21.4197181241838,9.74135805237899,5.78596479931972e-15
178,MC1_K2_N1_L1_SP6_P3_R06,2,WHITE,1,1,1,P3,3,7.9,10.1,0.15,90,0,1,L1_FULLY_COHERENT_BY_CONTRACT,6,6,3,6,25,MC1_BASE_N1_L1_P3_R06,MC1_BASE_N1_L1_P3_R06,430100025,430200025,WHITENED_SEQUENTIAL_BEAMSPACE_EXPECTED_TOTAL_SNR,STAGE8_K2_TANGENT_WHITE_SNR_MONTE_CARLO_AND_CLOSURE_V1,ONE_SYNTHETIC_CPI,ONE_SELECTED_RANGE_DOPPLER_CELL,1,1,0,0,0,31a85cf10323dcb0ff906b98f8f0dab39e853ab81d2695b1979df50869258a07,7c4b42298f2fd8026cf641da1d546f6b52c3c3da9d6ce63c4892e1aee2aea228,-15.4197181241838,15.741358052379,5.99999999999999
179,MC1_K2_N1_L1_SP10_P3_R06,2,WHITE,1,1,1,P3,3,7.9,10.1,0.15,90,0,1,L1_FULLY_COHERENT_BY_CONTRACT,10,10,4,6,25,MC1_BASE_N1_L1_P3_R06,MC1_BASE_N1_L1_P3_R06,430100025,430200025,WHITENED_SEQUENTIAL_BEAMSPACE_EXPECTED_TOTAL_SNR,STAGE8_K2_TANGENT_WHITE_SNR_MONTE_CARLO_AND_CLOSURE_V1,ONE_SYNTHETIC_CPI,ONE_SELECTED_RANGE_DOPPLER_CELL,1,1,0,0,0,31a85cf10323dcb0ff906b98f8f0dab39e853ab81d2695b1979df50869258a07,1c58cce648cdc52f5aaca4b54f09bcb4c3b41dc073f96693107cc58d6ba2f66f,-11.4197181241838,19.741358052379,10
180,MC1_K2_N1_L1_SP14_P3_R06,2,WHITE,1,1,1,P3,3,7.9,10.1,0.15,90,0,1,L1_FULLY_COHERENT_BY_CONTRACT,14,14,5,6,25,MC1_BASE_N1_L1_P3_R06,MC1_BASE_N1_L1_P3_R06,430100025,430200025,WHITENED_SEQUENTIAL_BEAMSPACE_EXPECTED_TOTAL_SNR,STAGE8_K2_TANGENT_WHITE_SNR_MONTE_CARLO_AND_CLOSURE_V1,ONE_SYNTHETIC_CPI,ONE_SELECTED_RANGE_DOPPLER_CELL,1,1,0,0,0,31a85cf10323dcb0ff906b98f8f0dab39e853ab81d2695b1979df50869258a07,0d14e971bbefbd87b9614346dbec0f74afd9fb5f852b5d39fbd76695e5eaad60,-7.41971812418376,23.741358052379,14
181,MC1_K2_N1_L1_SP18_P3_R06,2,WHITE,1,1,1,P3,3,7.9,10.1,0.15,90,0,1,L1_FULLY_COHERENT_BY_CONTRACT,18,18,6,6,25,MC1_BASE_N1_L1_P3_R06,MC1_BASE_N1_L1_P3_R06,430100025,430200025,WHITENED_SEQUENTIAL_BEAMSPACE_EXPECTED_TOTAL_SNR,STAGE8_K2_TANGENT_WHITE_SNR_MONTE_CARLO_AND_CLOSURE_V1,ONE_SYNTHETIC_CPI,ONE_SELECTED_RANGE_DOPPLER_CELL,1,1,0,0,0,31a85cf10323dcb0ff906b98f8f0dab39e853ab81d2695b1979df50869258a07,b3c4bffeacdcf195d54f71f57a7f263d3ad2ccbe7ecd4bdb226af111e2d759f3,-3.41971812418375,27.741358052379,18
182,MC1_K2_N1_L1_SP22_P3_R06,2,WHITE,1,1,1,P3,3,7.9,10.1,0.15,90,0,1,L1_FULLY_COHERENT_BY_CONTRACT,22,22,7,6,25,MC1_BASE_N1_L1_P3_R06,MC1_BASE_N1_L1_P3_R06,430100025,430200025,WHITENED_SEQUENTIAL_BEAMSPACE_EXPECTED_TOTAL_SNR,STAGE8_K2_TANGENT_WHITE_SNR_MONTE_CARLO_AND_CLOSURE_V1,ONE_SYNTHETIC_CPI,ONE_SELECTED_RANGE_DOPPLER_CELL,1,1,0,0,0,31a85cf10323dcb0ff906b98f8f0dab39e853ab81d2695b1979df50869258a07,b263cb4612d5ddd1d70fc58fe7220cedfa8556437b9388e6a730454ee8106bc5,0.580281875816248,31.741358052379,22
183,MC1_K2_N1_L1_SM6_P3_R07,2,WHITE,1,1,1,P3,3,7.9,10.1,0.15,90,0,1,L1_FULLY_COHERENT_BY_CONTRACT,-6,-6,1,7,26,MC1_BASE_N1_L1_P3_R07,MC1_BASE_N1_L1_P3_R07,430100026,430200026,WHITENED_SEQUENTIAL_BEAMSPACE_EXPECTED_TOTAL_SNR,STAGE8_K2_TANGENT_WHITE_SNR_MONTE_CARLO_AND_CLOSURE_V1,ONE_SYNTHETIC_CPI,ONE_SELECTED_RANGE_DOPPLER_CELL,1,1,0,0,0,31a85cf10323dcb0ff906b98f8f0dab39e853ab81d2695b1979df50869258a07,19202d48956774f5795801643ee2de10bbe79d67eb3047933792975175325a15,-27.4197203215461,3.80764517133245,-6
184,MC1_K2_N1_L1_SP0_P3_R07,2,WHITE,1,1,1,P3,3,7.9,10.1,0.15,90,0,1,L1_FULLY_COHERENT_BY_CONTRACT,0,0,2,7,26,MC1_BASE_N1_L1_P3_R07,MC1_BASE_N1_L1_P3_R07,430100026,430200026,WHITENED_SEQUENTIAL_BEAMSPACE_EXPECTED_TOTAL_SNR,STAGE8_K2_TANGENT_WHITE_SNR_MONTE_CARLO_AND_CLOSURE_V1,ONE_SYNTHETIC_CPI,ONE_SELECTED_RANGE_DOPPLER_CELL,1,1,0,0,0,31a85cf10323dcb0ff906b98f8f0dab39e853ab81d2695b1979df50869258a07,e37d8b43117f794981eb150858f667dc6d6a1cb09b3f10df4a3c491344bc1c26,-21.4197203215461,9.80764517133245,9.64327466553287e-16
185,MC1_K2_N1_L1_SP6_P3_R07,2,WHITE,1,1,1,P3,3,7.9,10.1,0.15,90,0,1,L1_FULLY_COHERENT_BY_CONTRACT,6,6,3,7,26,MC1_BASE_N1_L1_P3_R07,MC1_BASE_N1_L1_P3_R07,430100026,430200026,WHITENED_SEQUENTIAL_BEAMSPACE_EXPECTED_TOTAL_SNR,STAGE8_K2_TANGENT_WHITE_SNR_MONTE_CARLO_AND_CLOSURE_V1,ONE_SYNTHETIC_CPI,ONE_SELECTED_RANGE_DOPPLER_CELL,1,1,0,0,0,31a85cf10323dcb0ff906b98f8f0dab39e853ab81d2695b1979df50869258a07,2d8c6aea0ec6b3aacba26b0d830f474e0db616cf4d867b9b959339586f607e80,-15.4197203215461,15.8076451713325,5.99999999999999
186,MC1_K2_N1_L1_SP10_P3_R07,2,WHITE,1,1,1,P3,3,7.9,10.1,0.15,90,0,1,L1_FULLY_COHERENT_BY_CONTRACT,10,10,4,7,26,MC1_BASE_N1_L1_P3_R07,MC1_BASE_N1_L1_P3_R07,430100026,430200026,WHITENED_SEQUENTIAL_BEAMSPACE_EXPECTED_TOTAL_SNR,STAGE8_K2_TANGENT_WHITE_SNR_MONTE_CARLO_AND_CLOSURE_V1,ONE_SYNTHETIC_CPI,ONE_SELECTED_RANGE_DOPPLER_CELL,1,1,0,0,0,31a85cf10323dcb0ff906b98f8f0dab39e853ab81d2695b1979df50869258a07,97957c7a86800bf2940f85513dd2cbf875fec2b90733c7e3138a7a06cfd6decf,-11.4197203215461,19.8076451713325,9.99999999999999
187,MC1_K2_N1_L1_SP14_P3_R07,2,WHITE,1,1,1,P3,3,7.9,10.1,0.15,90,0,1,L1_FULLY_COHERENT_BY_CONTRACT,14,14,5,7,26,MC1_BASE_N1_L1_P3_R07,MC1_BASE_N1_L1_P3_R07,430100026,430200026,WHITENED_SEQUENTIAL_BEAMSPACE_EXPECTED_TOTAL_SNR,STAGE8_K2_TANGENT_WHITE_SNR_MONTE_CARLO_AND_CLOSURE_V1,ONE_SYNTHETIC_CPI,ONE_SELECTED_RANGE_DOPPLER_CELL,1,1,0,0,0,31a85cf10323dcb0ff906b98f8f0dab39e853ab81d2695b1979df50869258a07,5ee087bd9e1ca71b92c53db76bb7ec94aea96fbf61945ca9cc39f7f8d8854afa,-7.41972032154611,23.8076451713325,14
188,MC1_K2_N1_L1_SP18_P3_R07,2,WHITE,1,1,1,P3,3,7.9,10.1,0.15,90,0,1,L1_FULLY_COHERENT_BY_CONTRACT,18,18,6,7,26,MC1_BASE_N1_L1_P3_R07,MC1_BASE_N1_L1_P3_R07,430100026,430200026,WHITENED_SEQUENTIAL_BEAMSPACE_EXPECTED_TOTAL_SNR,STAGE8_K2_TANGENT_WHITE_SNR_MONTE_CARLO_AND_CLOSURE_V1,ONE_SYNTHETIC_CPI,ONE_SELECTED_RANGE_DOPPLER_CELL,1,1,0,0,0,31a85cf10323dcb0ff906b98f8f0dab39e853ab81d2695b1979df50869258a07,e4b60c35f8167d983b1d13f6722fc50deb555ff4c25711faff4118c5d3c232dd,-3.41972032154611,27.8076451713325,18
189,MC1_K2_N1_L1_SP22_P3_R07,2,WHITE,1,1,1,P3,3,7.9,10.1,0.15,90,0,1,L1_FULLY_COHERENT_BY_CONTRACT,22,22,7,7,26,MC1_BASE_N1_L1_P3_R07,MC1_BASE_N1_L1_P3_R07,430100026,430200026,WHITENED_SEQUENTIAL_BEAMSPACE_EXPECTED_TOTAL_SNR,STAGE8_K2_TANGENT_WHITE_SNR_MONTE_CARLO_AND_CLOSURE_V1,ONE_SYNTHETIC_CPI,ONE_SELECTED_RANGE_DOPPLER_CELL,1,1,0,0,0,31a85cf10323dcb0ff906b98f8f0dab39e853ab81d2695b1979df50869258a07,96e3a3aff042e06aa0815518b7483d98bac063e400665ee31177f9d3a309d037,0.580279678453888,31.8076451713325,22
190,MC1_K2_N1_L1_SM6_P3_R08,2,WHITE,1,1,1,P3,3,7.9,10.1,0.15,90,0,1,L1_FULLY_COHERENT_BY_CONTRACT,-6,-6,1,8,27,MC1_BASE_N1_L1_P3_R08,MC1_BASE_N1_L1_P3_R08,430100027,430200027,WHITENED_SEQUENTIAL_BEAMSPACE_EXPECTED_TOTAL_SNR,STAGE8_K2_TANGENT_WHITE_SNR_MONTE_CARLO_AND_CLOSURE_V1,ONE_SYNTHETIC_CPI,ONE_SELECTED_RANGE_DOPPLER_CELL,1,1,0,0,0,31a85cf10323dcb0ff906b98f8f0dab39e853ab81d2695b1979df50869258a07,1fd7fa72ffef2f72b652b57e6c429185a64bcd05a1946a718e22ce40c2e2da0d,-27.4197203012606,3.80585741331786,-6
191,MC1_K2_N1_L1_SP0_P3_R08,2,WHITE,1,1,1,P3,3,7.9,10.1,0.15,90,0,1,L1_FULLY_COHERENT_BY_CONTRACT,0,0,2,8,27,MC1_BASE_N1_L1_P3_R08,MC1_BASE_N1_L1_P3_R08,430100027,430200027,WHITENED_SEQUENTIAL_BEAMSPACE_EXPECTED_TOTAL_SNR,STAGE8_K2_TANGENT_WHITE_SNR_MONTE_CARLO_AND_CLOSURE_V1,ONE_SYNTHETIC_CPI,ONE_SELECTED_RANGE_DOPPLER_CELL,1,1,0,0,0,31a85cf10323dcb0ff906b98f8f0dab39e853ab81d2695b1979df50869258a07,2ebcd74f11b19732193747a80910f74a117dfef2440dae35c00ab56244d363e1,-21.4197203012606,9.80585741331786,9.64327466553286e-15
192,MC1_K2_N1_L1_SP6_P3_R08,2,WHITE,1,1,1,P3,3,7.9,10.1,0.15,90,0,1,L1_FULLY_COHERENT_BY_CONTRACT,6,6,3,8,27,MC1_BASE_N1_L1_P3_R08,MC1_BASE_N1_L1_P3_R08,430100027,430200027,WHITENED_SEQUENTIAL_BEAMSPACE_EXPECTED_TOTAL_SNR,STAGE8_K2_TANGENT_WHITE_SNR_MONTE_CARLO_AND_CLOSURE_V1,ONE_SYNTHETIC_CPI,ONE_SELECTED_RANGE_DOPPLER_CELL,1,1,0,0,0,31a85cf10323dcb0ff906b98f8f0dab39e853ab81d2695b1979df50869258a07,af10838479543d254e1c2ea3de8f27339ec8e2a520f33a11850d30f0d7f7fde0,-15.4197203012606,15.8058574133179,6
193,MC1_K2_N1_L1_SP10_P3_R08,2,WHITE,1,1,1,P3,3,7.9,10.1,0.15,90,0,1,L1_FULLY_COHERENT_BY_CONTRACT,10,10,4,8,27,MC1_BASE_N1_L1_P3_R08,MC1_BASE_N1_L1_P3_R08,430100027,430200027,WHITENED_SEQUENTIAL_BEAMSPACE_EXPECTED_TOTAL_SNR,STAGE8_K2_TANGENT_WHITE_SNR_MONTE_CARLO_AND_CLOSURE_V1,ONE_SYNTHETIC_CPI,ONE_SELECTED_RANGE_DOPPLER_CELL,1,1,0,0,0,31a85cf10323dcb0ff906b98f8f0dab39e853ab81d2695b1979df50869258a07,8ee714f521868c5db61e289cb72d00752fcd2034684c793a1f15efb13f0ebf98,-11.4197203012606,19.8058574133179,10
194,MC1_K2_N1_L1_SP14_P3_R08,2,WHITE,1,1,1,P3,3,7.9,10.1,0.15,90,0,1,L1_FULLY_COHERENT_BY_CONTRACT,14,14,5,8,27,MC1_BASE_N1_L1_P3_R08,MC1_BASE_N1_L1_P3_R08,430100027,430200027,WHITENED_SEQUENTIAL_BEAMSPACE_EXPECTED_TOTAL_SNR,STAGE8_K2_TANGENT_WHITE_SNR_MONTE_CARLO_AND_CLOSURE_V1,ONE_SYNTHETIC_CPI,ONE_SELECTED_RANGE_DOPPLER_CELL,1,1,0,0,0,31a85cf10323dcb0ff906b98f8f0dab39e853ab81d2695b1979df50869258a07,00c513a658edff4dea57bc78f842aff554d1a1941a08d94c10646f85f97a927e,-7.41972030126064,23.8058574133179,14
195,MC1_K2_N1_L1_SP18_P3_R08,2,WHITE,1,1,1,P3,3,7.9,10.1,0.15,90,0,1,L1_FULLY_COHERENT_BY_CONTRACT,18,18,6,8,27,MC1_BASE_N1_L1_P3_R08,MC1_BASE_N1_L1_P3_R08,430100027,430200027,WHITENED_SEQUENTIAL_BEAMSPACE_EXPECTED_TOTAL_SNR,STAGE8_K2_TANGENT_WHITE_SNR_MONTE_CARLO_AND_CLOSURE_V1,ONE_SYNTHETIC_CPI,ONE_SELECTED_RANGE_DOPPLER_CELL,1,1,0,0,0,31a85cf10323dcb0ff906b98f8f0dab39e853ab81d2695b1979df50869258a07,2fc5af5bbbda66f1b3c91b55f286ce063810c223361fbbce0482bc19a03761e8,-3.41972030126064,27.8058574133179,18
196,MC1_K2_N1_L1_SP22_P3_R08,2,WHITE,1,1,1,P3,3,7.9,10.1,0.15,90,0,1,L1_FULLY_COHERENT_BY_CONTRACT,22,22,7,8,27,MC1_BASE_N1_L1_P3_R08,MC1_BASE_N1_L1_P3_R08,430100027,430200027,WHITENED_SEQUENTIAL_BEAMSPACE_EXPECTED_TOTAL_SNR,STAGE8_K2_TANGENT_WHITE_SNR_MONTE_CARLO_AND_CLOSURE_V1,ONE_SYNTHETIC_CPI,ONE_SELECTED_RANGE_DOPPLER_CELL,1,1,0,0,0,31a85cf10323dcb0ff906b98f8f0dab39e853ab81d2695b1979df50869258a07,722e0a180199afc03d67fa51a7db845db51c73d39654d7a617719a1a400531c7,0.580279698739366,31.8058574133179,22
197,MC1_K2_N1_L1_SM6_P3_R09,2,WHITE,1,1,1,P3,3,7.9,10.1,0.15,90,0,1,L1_FULLY_COHERENT_BY_CONTRACT,-6,-6,1,9,28,MC1_BASE_N1_L1_P3_R09,MC1_BASE_N1_L1_P3_R09,430100028,430200028,WHITENED_SEQUENTIAL_BEAMSPACE_EXPECTED_TOTAL_SNR,STAGE8_K2_TANGENT_WHITE_SNR_MONTE_CARLO_AND_CLOSURE_V1,ONE_SYNTHETIC_CPI,ONE_SELECTED_RANGE_DOPPLER_CELL,1,1,0,0,0,31a85cf10323dcb0ff906b98f8f0dab39e853ab81d2695b1979df50869258a07,28c11a24993be54cbb8da1268463a42dbf2400fbb5ebb2074955a20c268e0604,-27.4197202835087,3.80822955381094,-6
198,MC1_K2_N1_L1_SP0_P3_R09,2,WHITE,1,1,1,P3,3,7.9,10.1,0.15,90,0,1,L1_FULLY_COHERENT_BY_CONTRACT,0,0,2,9,28,MC1_BASE_N1_L1_P3_R09,MC1_BASE_N1_L1_P3_R09,430100028,430200028,WHITENED_SEQUENTIAL_BEAMSPACE_EXPECTED_TOTAL_SNR,STAGE8_K2_TANGENT_WHITE_SNR_MONTE_CARLO_AND_CLOSURE_V1,ONE_SYNTHETIC_CPI,ONE_SELECTED_RANGE_DOPPLER_CELL,1,1,0,0,0,31a85cf10323dcb0ff906b98f8f0dab39e853ab81d2695b1979df50869258a07,316623ea2ecc086c9623d70e7c1fff32331aa8ee204ef04562e2615279c016a2,-21.4197202835087,9.80822955381094,3.85730986621315e-15
199,MC1_K2_N1_L1_SP6_P3_R09,2,WHITE,1,1,1,P3,3,7.9,10.1,0.15,90,0,1,L1_FULLY_COHERENT_BY_CONTRACT,6,6,3,9,28,MC1_BASE_N1_L1_P3_R09,MC1_BASE_N1_L1_P3_R09,430100028,430200028,WHITENED_SEQUENTIAL_BEAMSPACE_EXPECTED_TOTAL_SNR,STAGE8_K2_TANGENT_WHITE_SNR_MONTE_CARLO_AND_CLOSURE_V1,ONE_SYNTHETIC_CPI,ONE_SELECTED_RANGE_DOPPLER_CELL,1,1,0,0,0,31a85cf10323dcb0ff906b98f8f0dab39e853ab81d2695b1979df50869258a07,0f2683658d211fce854084275c26ea3b35dab5c47dc2f74ae96a8c48a81df40a,-15.4197202835087,15.8082295538109,6
200,MC1_K2_N1_L1_SP10_P3_R09,2,WHITE,1,1,1,P3,3,7.9,10.1,0.15,90,0,1,L1_FULLY_COHERENT_BY_CONTRACT,10,10,4,9,28,MC1_BASE_N1_L1_P3_R09,MC1_BASE_N1_L1_P3_R09,430100028,430200028,WHITENED_SEQUENTIAL_BEAMSPACE_EXPECTED_TOTAL_SNR,STAGE8_K2_TANGENT_WHITE_SNR_MONTE_CARLO_AND_CLOSURE_V1,ONE_SYNTHETIC_CPI,ONE_SELECTED_RANGE_DOPPLER_CELL,1,1,0,0,0,31a85cf10323dcb0ff906b98f8f0dab39e853ab81d2695b1979df50869258a07,b8814cb47eabc87976cbe6fc31debb1689a1aadac41bf16d299cac48699bed6a,-11.4197202835087,19.8082295538109,9.99999999999999
201,MC1_K2_N1_L1_SP14_P3_R09,2,WHITE,1,1,1,P3,3,7.9,10.1,0.15,90,0,1,L1_FULLY_COHERENT_BY_CONTRACT,14,14,5,9,28,MC1_BASE_N1_L1_P3_R09,MC1_BASE_N1_L1_P3_R09,430100028,430200028,WHITENED_SEQUENTIAL_BEAMSPACE_EXPECTED_TOTAL_SNR,STAGE8_K2_TANGENT_WHITE_SNR_MONTE_CARLO_AND_CLOSURE_V1,ONE_SYNTHETIC_CPI,ONE_SELECTED_RANGE_DOPPLER_CELL,1,1,0,0,0,31a85cf10323dcb0ff906b98f8f0dab39e853ab81d2695b1979df50869258a07,608bcbca88d41fffad81019abbd4c408f52aec0a19641d7da008eb3ea7b7c857,-7.41972028350874,23.8082295538109,14
202,MC1_K2_N1_L1_SP18_P3_R09,2,WHITE,1,1,1,P3,3,7.9,10.1,0.15,90,0,1,L1_FULLY_COHERENT_BY_CONTRACT,18,18,6,9,28,MC1_BASE_N1_L1_P3_R09,MC1_BASE_N1_L1_P3_R09,430100028,430200028,WHITENED_SEQUENTIAL_BEAMSPACE_EXPECTED_TOTAL_SNR,STAGE8_K2_TANGENT_WHITE_SNR_MONTE_CARLO_AND_CLOSURE_V1,ONE_SYNTHETIC_CPI,ONE_SELECTED_RANGE_DOPPLER_CELL,1,1,0,0,0,31a85cf10323dcb0ff906b98f8f0dab39e853ab81d2695b1979df50869258a07,29f8861ae237f32fa11af0109442c7136b753b22334ecce0ae79633e4a825378,-3.41972028350874,27.8082295538109,18
203,MC1_K2_N1_L1_SP22_P3_R09,2,WHITE,1,1,1,P3,3,7.9,10.1,0.15,90,0,1,L1_FULLY_COHERENT_BY_CONTRACT,22,22,7,9,28,MC1_BASE_N1_L1_P3_R09,MC1_BASE_N1_L1_P3_R09,430100028,430200028,WHITENED_SEQUENTIAL_BEAMSPACE_EXPECTED_TOTAL_SNR,STAGE8_K2_TANGENT_WHITE_SNR_MONTE_CARLO_AND_CLOSURE_V1,ONE_SYNTHETIC_CPI,ONE_SELECTED_RANGE_DOPPLER_CELL,1,1,0,0,0,31a85cf10323dcb0ff906b98f8f0dab39e853ab81d2695b1979df50869258a07,b717c7d2199eca3cd551914e873569c9a1c1148f56775dc34f20666bb9bfad59,0.580279716491263,31.8082295538109,22
204,MC1_K2_N1_L1_SM6_P3_R10,2,WHITE,1,1,1,P3,3,7.9,10.1,0.15,90,0,1,L1_FULLY_COHERENT_BY_CONTRACT,-6,-6,1,10,29,MC1_BASE_N1_L1_P3_R10,MC1_BASE_N1_L1_P3_R10,430100029,430200029,WHITENED_SEQUENTIAL_BEAMSPACE_EXPECTED_TOTAL_SNR,STAGE8_K2_TANGENT_WHITE_SNR_MONTE_CARLO_AND_CLOSURE_V1,ONE_SYNTHETIC_CPI,ONE_SELECTED_RANGE_DOPPLER_CELL,1,1,0,0,0,31a85cf10323dcb0ff906b98f8f0dab39e853ab81d2695b1979df50869258a07,dcb744542c4a052e56565440827f55707cc4f2c248b1986df395ecb4b8429663,-27.4197197887665,3.79512933163179,-6.00000000000001
205,MC1_K2_N1_L1_SP0_P3_R10,2,WHITE,1,1,1,P3,3,7.9,10.1,0.15,90,0,1,L1_FULLY_COHERENT_BY_CONTRACT,0,0,2,10,29,MC1_BASE_N1_L1_P3_R10,MC1_BASE_N1_L1_P3_R10,430100029,430200029,WHITENED_SEQUENTIAL_BEAMSPACE_EXPECTED_TOTAL_SNR,STAGE8_K2_TANGENT_WHITE_SNR_MONTE_CARLO_AND_CLOSURE_V1,ONE_SYNTHETIC_CPI,ONE_SELECTED_RANGE_DOPPLER_CELL,1,1,0,0,0,31a85cf10323dcb0ff906b98f8f0dab39e853ab81d2695b1979df50869258a07,7470a81aae7cacca727daebcdefa3f58752b61125a32664b32e5b4cdae9a04aa,-21.4197197887665,9.79512933163179,9.64327466553287e-16
206,MC1_K2_N1_L1_SP6_P3_R10,2,WHITE,1,1,1,P3,3,7.9,10.1,0.15,90,0,1,L1_FULLY_COHERENT_BY_CONTRACT,6,6,3,10,29,MC1_BASE_N1_L1_P3_R10,MC1_BASE_N1_L1_P3_R10,430100029,430200029,WHITENED_SEQUENTIAL_BEAMSPACE_EXPECTED_TOTAL_SNR,STAGE8_K2_TANGENT_WHITE_SNR_MONTE_CARLO_AND_CLOSURE_V1,ONE_SYNTHETIC_CPI,ONE_SELECTED_RANGE_DOPPLER_CELL,1,1,0,0,0,31a85cf10323dcb0ff906b98f8f0dab39e853ab81d2695b1979df50869258a07,d78951f488db47be314c7e1f9254ab24cfb414d3d89642d30669748f4ec5de91,-15.4197197887665,15.7951293316318,6
207,MC1_K2_N1_L1_SP10_P3_R10,2,WHITE,1,1,1,P3,3,7.9,10.1,0.15,90,0,1,L1_FULLY_COHERENT_BY_CONTRACT,10,10,4,10,29,MC1_BASE_N1_L1_P3_R10,MC1_BASE_N1_L1_P3_R10,430100029,430200029,WHITENED_SEQUENTIAL_BEAMSPACE_EXPECTED_TOTAL_SNR,STAGE8_K2_TANGENT_WHITE_SNR_MONTE_CARLO_AND_CLOSURE_V1,ONE_SYNTHETIC_CPI,ONE_SELECTED_RANGE_DOPPLER_CELL,1,1,0,0,0,31a85cf10323dcb0ff906b98f8f0dab39e853ab81d2695b1979df50869258a07,10add4c441da2d289356b8236d5e7ec3d56e4bbdf4a33499e586c49b3a4a453c,-11.4197197887665,19.7951293316318,10
208,MC1_K2_N1_L1_SP14_P3_R10,2,WHITE,1,1,1,P3,3,7.9,10.1,0.15,90,0,1,L1_FULLY_COHERENT_BY_CONTRACT,14,14,5,10,29,MC1_BASE_N1_L1_P3_R10,MC1_BASE_N1_L1_P3_R10,430100029,430200029,WHITENED_SEQUENTIAL_BEAMSPACE_EXPECTED_TOTAL_SNR,STAGE8_K2_TANGENT_WHITE_SNR_MONTE_CARLO_AND_CLOSURE_V1,ONE_SYNTHETIC_CPI,ONE_SELECTED_RANGE_DOPPLER_CELL,1,1,0,0,0,31a85cf10323dcb0ff906b98f8f0dab39e853ab81d2695b1979df50869258a07,4d660f5b35bea916a1002d6d9f35182ecae1209df27491c72d0f679abdfdf4de,-7.41971978876652,23.7951293316318,14
209,MC1_K2_N1_L1_SP18_P3_R10,2,WHITE,1,1,1,P3,3,7.9,10.1,0.15,90,0,1,L1_FULLY_COHERENT_BY_CONTRACT,18,18,6,10,29,MC1_BASE_N1_L1_P3_R10,MC1_BASE_N1_L1_P3_R10,430100029,430200029,WHITENED_SEQUENTIAL_BEAMSPACE_EXPECTED_TOTAL_SNR,STAGE8_K2_TANGENT_WHITE_SNR_MONTE_CARLO_AND_CLOSURE_V1,ONE_SYNTHETIC_CPI,ONE_SELECTED_RANGE_DOPPLER_CELL,1,1,0,0,0,31a85cf10323dcb0ff906b98f8f0dab39e853ab81d2695b1979df50869258a07,ec0f0d20456e6ecbb6f98fd1b25f6d6dcc0742ff162f38517ee2418a0a6f36d2,-3.41971978876651,27.7951293316318,18
210,MC1_K2_N1_L1_SP22_P3_R10,2,WHITE,1,1,1,P3,3,7.9,10.1,0.15,90,0,1,L1_FULLY_COHERENT_BY_CONTRACT,22,22,7,10,29,MC1_BASE_N1_L1_P3_R10,MC1_BASE_N1_L1_P3_R10,430100029,430200029,WHITENED_SEQUENTIAL_BEAMSPACE_EXPECTED_TOTAL_SNR,STAGE8_K2_TANGENT_WHITE_SNR_MONTE_CARLO_AND_CLOSURE_V1,ONE_SYNTHETIC_CPI,ONE_SELECTED_RANGE_DOPPLER_CELL,1,1,0,0,0,31a85cf10323dcb0ff906b98f8f0dab39e853ab81d2695b1979df50869258a07,8e2089973c44356073d85fd9991c0e3d9f2c1ff98c688c106770319c7679c480,0.580280211233485,31.7951293316318,22
211,MC1_K2_N1_L1_SM6_P4_R01,2,WHITE,1,1,1,P4,4,8.1,9.95,0.1,135,-6,1,L1_FULLY_COHERENT_BY_CONTRACT,-6,-6,1,1,30,MC1_BASE_N1_L1_P4_R01,MC1_BASE_N1_L1_P4_R01,430100030,430200030,WHITENED_SEQUENTIAL_BEAMSPACE_EXPECTED_TOTAL_SNR,STAGE8_K2_TANGENT_WHITE_SNR_MONTE_CARLO_AND_CLOSURE_V1,ONE_SYNTHETIC_CPI,ONE_SELECTED_RANGE_DOPPLER_CELL,1,1,0,0,0,31a85cf10323dcb0ff906b98f8f0dab39e853ab81d2695b1979df50869258a07,4c6feaed678ed79ff59901a96dba4500b3e459ffe011e0a418b0825dfdb373db,-27.4197205269736,3.81340141185541,-6
212,MC1_K2_N1_L1_SP0_P4_R01,2,WHITE,1,1,1,P4,4,8.1,9.95,0.1,135,-6,1,L1_FULLY_COHERENT_BY_CONTRACT,0,0,2,1,30,MC1_BASE_N1_L1_P4_R01,MC1_BASE_N1_L1_P4_R01,430100030,430200030,WHITENED_SEQUENTIAL_BEAMSPACE_EXPECTED_TOTAL_SNR,STAGE8_K2_TANGENT_WHITE_SNR_MONTE_CARLO_AND_CLOSURE_V1,ONE_SYNTHETIC_CPI,ONE_SELECTED_RANGE_DOPPLER_CELL,1,1,0,0,0,31a85cf10323dcb0ff906b98f8f0dab39e853ab81d2695b1979df50869258a07,bb11f718e26fd58564739540e84c4a6ffdb13cd76b9edb03199d2c4bc50354c6,-21.4197205269736,9.81340141185541,1.92865493310657e-15
213,MC1_K2_N1_L1_SP6_P4_R01,2,WHITE,1,1,1,P4,4,8.1,9.95,0.1,135,-6,1,L1_FULLY_COHERENT_BY_CONTRACT,6,6,3,1,30,MC1_BASE_N1_L1_P4_R01,MC1_BASE_N1_L1_P4_R01,430100030,430200030,WHITENED_SEQUENTIAL_BEAMSPACE_EXPECTED_TOTAL_SNR,STAGE8_K2_TANGENT_WHITE_SNR_MONTE_CARLO_AND_CLOSURE_V1,ONE_SYNTHETIC_CPI,ONE_SELECTED_RANGE_DOPPLER_CELL,1,1,0,0,0,31a85cf10323dcb0ff906b98f8f0dab39e853ab81d2695b1979df50869258a07,13d07a3ae72581b84cc6e0a08c5aa8dbb9929c57fbed865c479ddbe5be5cd448,-15.4197205269736,15.8134014118554,6
214,MC1_K2_N1_L1_SP10_P4_R01,2,WHITE,1,1,1,P4,4,8.1,9.95,0.1,135,-6,1,L1_FULLY_COHERENT_BY_CONTRACT,10,10,4,1,30,MC1_BASE_N1_L1_P4_R01,MC1_BASE_N1_L1_P4_R01,430100030,430200030,WHITENED_SEQUENTIAL_BEAMSPACE_EXPECTED_TOTAL_SNR,STAGE8_K2_TANGENT_WHITE_SNR_MONTE_CARLO_AND_CLOSURE_V1,ONE_SYNTHETIC_CPI,ONE_SELECTED_RANGE_DOPPLER_CELL,1,1,0,0,0,31a85cf10323dcb0ff906b98f8f0dab39e853ab81d2695b1979df50869258a07,7eda43d29747ecf5b4e65f9fe526c137d7fd9818da372487c1387d5194503a6f,-11.4197205269736,19.8134014118554,9.99999999999999
215,MC1_K2_N1_L1_SP14_P4_R01,2,WHITE,1,1,1,P4,4,8.1,9.95,0.1,135,-6,1,L1_FULLY_COHERENT_BY_CONTRACT,14,14,5,1,30,MC1_BASE_N1_L1_P4_R01,MC1_BASE_N1_L1_P4_R01,430100030,430200030,WHITENED_SEQUENTIAL_BEAMSPACE_EXPECTED_TOTAL_SNR,STAGE8_K2_TANGENT_WHITE_SNR_MONTE_CARLO_AND_CLOSURE_V1,ONE_SYNTHETIC_CPI,ONE_SELECTED_RANGE_DOPPLER_CELL,1,1,0,0,0,31a85cf10323dcb0ff906b98f8f0dab39e853ab81d2695b1979df50869258a07,384935fe4ba2985af7e63ea24dd04ce43a3d02b690b8a9e9c55c4d595ce47b95,-7.41972052697361,23.8134014118554,14
216,MC1_K2_N1_L1_SP18_P4_R01,2,WHITE,1,1,1,P4,4,8.1,9.95,0.1,135,-6,1,L1_FULLY_COHERENT_BY_CONTRACT,18,18,6,1,30,MC1_BASE_N1_L1_P4_R01,MC1_BASE_N1_L1_P4_R01,430100030,430200030,WHITENED_SEQUENTIAL_BEAMSPACE_EXPECTED_TOTAL_SNR,STAGE8_K2_TANGENT_WHITE_SNR_MONTE_CARLO_AND_CLOSURE_V1,ONE_SYNTHETIC_CPI,ONE_SELECTED_RANGE_DOPPLER_CELL,1,1,0,0,0,31a85cf10323dcb0ff906b98f8f0dab39e853ab81d2695b1979df50869258a07,f4e8c52c91d5bab9ebfa194c109287d446f49b6c85a5bf787ccc90b270389735,-3.41972052697361,27.8134014118554,18
217,MC1_K2_N1_L1_SP22_P4_R01,2,WHITE,1,1,1,P4,4,8.1,9.95,0.1,135,-6,1,L1_FULLY_COHERENT_BY_CONTRACT,22,22,7,1,30,MC1_BASE_N1_L1_P4_R01,MC1_BASE_N1_L1_P4_R01,430100030,430200030,WHITENED_SEQUENTIAL_BEAMSPACE_EXPECTED_TOTAL_SNR,STAGE8_K2_TANGENT_WHITE_SNR_MONTE_CARLO_AND_CLOSURE_V1,ONE_SYNTHETIC_CPI,ONE_SELECTED_RANGE_DOPPLER_CELL,1,1,0,0,0,31a85cf10323dcb0ff906b98f8f0dab39e853ab81d2695b1979df50869258a07,4d3f44cfe2d38d492be0886546c7b8c97696ad35e5e399677bdb5c98b07d39bf,0.580279473026393,31.8134014118554,22
218,MC1_K2_N1_L1_SM6_P4_R02,2,WHITE,1,1,1,P4,4,8.1,9.95,0.1,135,-6,1,L1_FULLY_COHERENT_BY_CONTRACT,-6,-6,1,2,31,MC1_BASE_N1_L1_P4_R02,MC1_BASE_N1_L1_P4_R02,430100031,430200031,WHITENED_SEQUENTIAL_BEAMSPACE_EXPECTED_TOTAL_SNR,STAGE8_K2_TANGENT_WHITE_SNR_MONTE_CARLO_AND_CLOSURE_V1,ONE_SYNTHETIC_CPI,ONE_SELECTED_RANGE_DOPPLER_CELL,1,1,0,0,0,31a85cf10323dcb0ff906b98f8f0dab39e853ab81d2695b1979df50869258a07,0c8b2716a5c4226de41917f720fa9ce7e7e54aaa26c6555ded1c71fbcce91f27,-27.4197194944715,3.75646876626644,-5.99999999999999
219,MC1_K2_N1_L1_SP0_P4_R02,2,WHITE,1,1,1,P4,4,8.1,9.95,0.1,135,-6,1,L1_FULLY_COHERENT_BY_CONTRACT,0,0,2,2,31,MC1_BASE_N1_L1_P4_R02,MC1_BASE_N1_L1_P4_R02,430100031,430200031,WHITENED_SEQUENTIAL_BEAMSPACE_EXPECTED_TOTAL_SNR,STAGE8_K2_TANGENT_WHITE_SNR_MONTE_CARLO_AND_CLOSURE_V1,ONE_SYNTHETIC_CPI,ONE_SELECTED_RANGE_DOPPLER_CELL,1,1,0,0,0,31a85cf10323dcb0ff906b98f8f0dab39e853ab81d2695b1979df50869258a07,e01a1605779684c408cb11fd7909550bfa399021f5f111418959d71e1f23b9bb,-21.4197194944715,9.75646876626644,2.89298239965986e-15
220,MC1_K2_N1_L1_SP6_P4_R02,2,WHITE,1,1,1,P4,4,8.1,9.95,0.1,135,-6,1,L1_FULLY_COHERENT_BY_CONTRACT,6,6,3,2,31,MC1_BASE_N1_L1_P4_R02,MC1_BASE_N1_L1_P4_R02,430100031,430200031,WHITENED_SEQUENTIAL_BEAMSPACE_EXPECTED_TOTAL_SNR,STAGE8_K2_TANGENT_WHITE_SNR_MONTE_CARLO_AND_CLOSURE_V1,ONE_SYNTHETIC_CPI,ONE_SELECTED_RANGE_DOPPLER_CELL,1,1,0,0,0,31a85cf10323dcb0ff906b98f8f0dab39e853ab81d2695b1979df50869258a07,d74df8144fc21fbcbd8a1bc9a6cb6783665ca1d03097fcdd789cf111a7074c02,-15.4197194944715,15.7564687662664,6
221,MC1_K2_N1_L1_SP10_P4_R02,2,WHITE,1,1,1,P4,4,8.1,9.95,0.1,135,-6,1,L1_FULLY_COHERENT_BY_CONTRACT,10,10,4,2,31,MC1_BASE_N1_L1_P4_R02,MC1_BASE_N1_L1_P4_R02,430100031,430200031,WHITENED_SEQUENTIAL_BEAMSPACE_EXPECTED_TOTAL_SNR,STAGE8_K2_TANGENT_WHITE_SNR_MONTE_CARLO_AND_CLOSURE_V1,ONE_SYNTHETIC_CPI,ONE_SELECTED_RANGE_DOPPLER_CELL,1,1,0,0,0,31a85cf10323dcb0ff906b98f8f0dab39e853ab81d2695b1979df50869258a07,7561fd078ae21d6fa52cb26277fc2a9102e9510c7275ff8fb6ffecd2b75cdedb,-11.4197194944715,19.7564687662664,10
222,MC1_K2_N1_L1_SP14_P4_R02,2,WHITE,1,1,1,P4,4,8.1,9.95,0.1,135,-6,1,L1_FULLY_COHERENT_BY_CONTRACT,14,14,5,2,31,MC1_BASE_N1_L1_P4_R02,MC1_BASE_N1_L1_P4_R02,430100031,430200031,WHITENED_SEQUENTIAL_BEAMSPACE_EXPECTED_TOTAL_SNR,STAGE8_K2_TANGENT_WHITE_SNR_MONTE_CARLO_AND_CLOSURE_V1,ONE_SYNTHETIC_CPI,ONE_SELECTED_RANGE_DOPPLER_CELL,1,1,0,0,0,31a85cf10323dcb0ff906b98f8f0dab39e853ab81d2695b1979df50869258a07,ebf3d8408def24eff3edfd19410705e5dc54f91e469ea48983641ea338660da4,-7.41971949447155,23.7564687662664,14
223,MC1_K2_N1_L1_SP18_P4_R02,2,WHITE,1,1,1,P4,4,8.1,9.95,0.1,135,-6,1,L1_FULLY_COHERENT_BY_CONTRACT,18,18,6,2,31,MC1_BASE_N1_L1_P4_R02,MC1_BASE_N1_L1_P4_R02,430100031,430200031,WHITENED_SEQUENTIAL_BEAMSPACE_EXPECTED_TOTAL_SNR,STAGE8_K2_TANGENT_WHITE_SNR_MONTE_CARLO_AND_CLOSURE_V1,ONE_SYNTHETIC_CPI,ONE_SELECTED_RANGE_DOPPLER_CELL,1,1,0,0,0,31a85cf10323dcb0ff906b98f8f0dab39e853ab81d2695b1979df50869258a07,d8eaffa051d55023f76a3c73944e79ca4f6c9f52be3194c9164a62b0293d5cd4,-3.41971949447154,27.7564687662664,18
224,MC1_K2_N1_L1_SP22_P4_R02,2,WHITE,1,1,1,P4,4,8.1,9.95,0.1,135,-6,1,L1_FULLY_COHERENT_BY_CONTRACT,22,22,7,2,31,MC1_BASE_N1_L1_P4_R02,MC1_BASE_N1_L1_P4_R02,430100031,430200031,WHITENED_SEQUENTIAL_BEAMSPACE_EXPECTED_TOTAL_SNR,STAGE8_K2_TANGENT_WHITE_SNR_MONTE_CARLO_AND_CLOSURE_V1,ONE_SYNTHETIC_CPI,ONE_SELECTED_RANGE_DOPPLER_CELL,1,1,0,0,0,31a85cf10323dcb0ff906b98f8f0dab39e853ab81d2695b1979df50869258a07,191d743ead8dda2df1ddb0bc0731dddcc6538473a0479af50bff8915dff7831d,0.580280505528456,31.7564687662664,22
225,MC1_K2_N1_L1_SM6_P4_R03,2,WHITE,1,1,1,P4,4,8.1,9.95,0.1,135,-6,1,L1_FULLY_COHERENT_BY_CONTRACT,-6,-6,1,3,32,MC1_BASE_N1_L1_P4_R03,MC1_BASE_N1_L1_P4_R03,430100032,430200032,WHITENED_SEQUENTIAL_BEAMSPACE_EXPECTED_TOTAL_SNR,STAGE8_K2_TANGENT_WHITE_SNR_MONTE_CARLO_AND_CLOSURE_V1,ONE_SYNTHETIC_CPI,ONE_SELECTED_RANGE_DOPPLER_CELL,1,1,0,0,0,31a85cf10323dcb0ff906b98f8f0dab39e853ab81d2695b1979df50869258a07,04bbdaeccb081ffbb27fde185ae61d54644c704952c300e45930de822f04603c,-27.4197203126747,3.80277870864836,-6
226,MC1_K2_N1_L1_SP0_P4_R03,2,WHITE,1,1,1,P4,4,8.1,9.95,0.1,135,-6,1,L1_FULLY_COHERENT_BY_CONTRACT,0,0,2,3,32,MC1_BASE_N1_L1_P4_R03,MC1_BASE_N1_L1_P4_R03,430100032,430200032,WHITENED_SEQUENTIAL_BEAMSPACE_EXPECTED_TOTAL_SNR,STAGE8_K2_TANGENT_WHITE_SNR_MONTE_CARLO_AND_CLOSURE_V1,ONE_SYNTHETIC_CPI,ONE_SELECTED_RANGE_DOPPLER_CELL,1,1,0,0,0,31a85cf10323dcb0ff906b98f8f0dab39e853ab81d2695b1979df50869258a07,dbfcc52212d6e3e31a0dcf2425ec83d66d372ff6b4d625960d288cb6fdc22154,-21.4197203126747,9.80277870864836,9.64327466553286e-15
227,MC1_K2_N1_L1_SP6_P4_R03,2,WHITE,1,1,1,P4,4,8.1,9.95,0.1,135,-6,1,L1_FULLY_COHERENT_BY_CONTRACT,6,6,3,3,32,MC1_BASE_N1_L1_P4_R03,MC1_BASE_N1_L1_P4_R03,430100032,430200032,WHITENED_SEQUENTIAL_BEAMSPACE_EXPECTED_TOTAL_SNR,STAGE8_K2_TANGENT_WHITE_SNR_MONTE_CARLO_AND_CLOSURE_V1,ONE_SYNTHETIC_CPI,ONE_SELECTED_RANGE_DOPPLER_CELL,1,1,0,0,0,31a85cf10323dcb0ff906b98f8f0dab39e853ab81d2695b1979df50869258a07,1315b0000bf6c5016512e90c064a66e52a01c6753f7aaa77cb84bf1a78785a91,-15.4197203126747,15.8027787086484,6.00000000000001
228,MC1_K2_N1_L1_SP10_P4_R03,2,WHITE,1,1,1,P4,4,8.1,9.95,0.1,135,-6,1,L1_FULLY_COHERENT_BY_CONTRACT,10,10,4,3,32,MC1_BASE_N1_L1_P4_R03,MC1_BASE_N1_L1_P4_R03,430100032,430200032,WHITENED_SEQUENTIAL_BEAMSPACE_EXPECTED_TOTAL_SNR,STAGE8_K2_TANGENT_WHITE_SNR_MONTE_CARLO_AND_CLOSURE_V1,ONE_SYNTHETIC_CPI,ONE_SELECTED_RANGE_DOPPLER_CELL,1,1,0,0,0,31a85cf10323dcb0ff906b98f8f0dab39e853ab81d2695b1979df50869258a07,2db106b21b0eeedfe77bb4f9b8dc4c84899b60e163e492beebd37d03e690c033,-11.4197203126747,19.8027787086484,10
229,MC1_K2_N1_L1_SP14_P4_R03,2,WHITE,1,1,1,P4,4,8.1,9.95,0.1,135,-6,1,L1_FULLY_COHERENT_BY_CONTRACT,14,14,5,3,32,MC1_BASE_N1_L1_P4_R03,MC1_BASE_N1_L1_P4_R03,430100032,430200032,WHITENED_SEQUENTIAL_BEAMSPACE_EXPECTED_TOTAL_SNR,STAGE8_K2_TANGENT_WHITE_SNR_MONTE_CARLO_AND_CLOSURE_V1,ONE_SYNTHETIC_CPI,ONE_SELECTED_RANGE_DOPPLER_CELL,1,1,0,0,0,31a85cf10323dcb0ff906b98f8f0dab39e853ab81d2695b1979df50869258a07,89760f6a22847d9e75c8b15a750d881c0388ad50b3ffacc85abb987abef6476d,-7.41972031267474,23.8027787086484,14
230,MC1_K2_N1_L1_SP18_P4_R03,2,WHITE,1,1,1,P4,4,8.1,9.95,0.1,135,-6,1,L1_FULLY_COHERENT_BY_CONTRACT,18,18,6,3,32,MC1_BASE_N1_L1_P4_R03,MC1_BASE_N1_L1_P4_R03,430100032,430200032,WHITENED_SEQUENTIAL_BEAMSPACE_EXPECTED_TOTAL_SNR,STAGE8_K2_TANGENT_WHITE_SNR_MONTE_CARLO_AND_CLOSURE_V1,ONE_SYNTHETIC_CPI,ONE_SELECTED_RANGE_DOPPLER_CELL,1,1,0,0,0,31a85cf10323dcb0ff906b98f8f0dab39e853ab81d2695b1979df50869258a07,34f6b3078b6158317f6195f1b36788f71e7f24a6df3fbfc0aa904e15040a258a,-3.41972031267475,27.8027787086484,18
231,MC1_K2_N1_L1_SP22_P4_R03,2,WHITE,1,1,1,P4,4,8.1,9.95,0.1,135,-6,1,L1_FULLY_COHERENT_BY_CONTRACT,22,22,7,3,32,MC1_BASE_N1_L1_P4_R03,MC1_BASE_N1_L1_P4_R03,430100032,430200032,WHITENED_SEQUENTIAL_BEAMSPACE_EXPECTED_TOTAL_SNR,STAGE8_K2_TANGENT_WHITE_SNR_MONTE_CARLO_AND_CLOSURE_V1,ONE_SYNTHETIC_CPI,ONE_SELECTED_RANGE_DOPPLER_CELL,1,1,0,0,0,31a85cf10323dcb0ff906b98f8f0dab39e853ab81d2695b1979df50869258a07,c6a2f5a25ba7fb9af9b99a0ff8e352751a518d72c5e4b7e02254b9a1271bf567,0.580279687325259,31.8027787086484,22
232,MC1_K2_N1_L1_SM6_P4_R04,2,WHITE,1,1,1,P4,4,8.1,9.95,0.1,135,-6,1,L1_FULLY_COHERENT_BY_CONTRACT,-6,-6,1,4,33,MC1_BASE_N1_L1_P4_R04,MC1_BASE_N1_L1_P4_R04,430100033,430200033,WHITENED_SEQUENTIAL_BEAMSPACE_EXPECTED_TOTAL_SNR,STAGE8_K2_TANGENT_WHITE_SNR_MONTE_CARLO_AND_CLOSURE_V1,ONE_SYNTHETIC_CPI,ONE_SELECTED_RANGE_DOPPLER_CELL,1,1,0,0,0,31a85cf10323dcb0ff906b98f8f0dab39e853ab81d2695b1979df50869258a07,8ffeca904d2ad81e66869a362dc5cf8637042d98cbfdc25aa0021da08c845bf8,-27.4197205221121,3.81324439371387,-6
233,MC1_K2_N1_L1_SP0_P4_R04,2,WHITE,1,1,1,P4,4,8.1,9.95,0.1,135,-6,1,L1_FULLY_COHERENT_BY_CONTRACT,0,0,2,4,33,MC1_BASE_N1_L1_P4_R04,MC1_BASE_N1_L1_P4_R04,430100033,430200033,WHITENED_SEQUENTIAL_BEAMSPACE_EXPECTED_TOTAL_SNR,STAGE8_K2_TANGENT_WHITE_SNR_MONTE_CARLO_AND_CLOSURE_V1,ONE_SYNTHETIC_CPI,ONE_SELECTED_RANGE_DOPPLER_CELL,1,1,0,0,0,31a85cf10323dcb0ff906b98f8f0dab39e853ab81d2695b1979df50869258a07,01bbe38754f32cb9e23a8faac39dc7053b3de43f114b6073551f8eabfcb6066c,-21.4197205221121,9.81324439371388,8.67894719897957e-15
234,MC1_K2_N1_L1_SP6_P4_R04,2,WHITE,1,1,1,P4,4,8.1,9.95,0.1,135,-6,1,L1_FULLY_COHERENT_BY_CONTRACT,6,6,3,4,33,MC1_BASE_N1_L1_P4_R04,MC1_BASE_N1_L1_P4_R04,430100033,430200033,WHITENED_SEQUENTIAL_BEAMSPACE_EXPECTED_TOTAL_SNR,STAGE8_K2_TANGENT_WHITE_SNR_MONTE_CARLO_AND_CLOSURE_V1,ONE_SYNTHETIC_CPI,ONE_SELECTED_RANGE_DOPPLER_CELL,1,1,0,0,0,31a85cf10323dcb0ff906b98f8f0dab39e853ab81d2695b1979df50869258a07,3eb0e8922bb458a3ab1bfcf044b016d77d35c7422ece3c7eeb6396baa6094dca,-15.4197205221121,15.8132443937139,6.00000000000001
235,MC1_K2_N1_L1_SP10_P4_R04,2,WHITE,1,1,1,P4,4,8.1,9.95,0.1,135,-6,1,L1_FULLY_COHERENT_BY_CONTRACT,10,10,4,4,33,MC1_BASE_N1_L1_P4_R04,MC1_BASE_N1_L1_P4_R04,430100033,430200033,WHITENED_SEQUENTIAL_BEAMSPACE_EXPECTED_TOTAL_SNR,STAGE8_K2_TANGENT_WHITE_SNR_MONTE_CARLO_AND_CLOSURE_V1,ONE_SYNTHETIC_CPI,ONE_SELECTED_RANGE_DOPPLER_CELL,1,1,0,0,0,31a85cf10323dcb0ff906b98f8f0dab39e853ab81d2695b1979df50869258a07,4717bdde2f2936aff9f543c9b1bd74e7053dc2a687cb11bdd762acc9a3ad70a6,-11.4197205221121,19.8132443937139,10
236,MC1_K2_N1_L1_SP14_P4_R04,2,WHITE,1,1,1,P4,4,8.1,9.95,0.1,135,-6,1,L1_FULLY_COHERENT_BY_CONTRACT,14,14,5,4,33,MC1_BASE_N1_L1_P4_R04,MC1_BASE_N1_L1_P4_R04,430100033,430200033,WHITENED_SEQUENTIAL_BEAMSPACE_EXPECTED_TOTAL_SNR,STAGE8_K2_TANGENT_WHITE_SNR_MONTE_CARLO_AND_CLOSURE_V1,ONE_SYNTHETIC_CPI,ONE_SELECTED_RANGE_DOPPLER_CELL,1,1,0,0,0,31a85cf10323dcb0ff906b98f8f0dab39e853ab81d2695b1979df50869258a07,d15c6c7f4d78e60e50541977742dd15811f89a46d0009cd6b4eb1f84da03505e,-7.41972052211207,23.8132443937139,14
237,MC1_K2_N1_L1_SP18_P4_R04,2,WHITE,1,1,1,P4,4,8.1,9.95,0.1,135,-6,1,L1_FULLY_COHERENT_BY_CONTRACT,18,18,6,4,33,MC1_BASE_N1_L1_P4_R04,MC1_BASE_N1_L1_P4_R04,430100033,430200033,WHITENED_SEQUENTIAL_BEAMSPACE_EXPECTED_TOTAL_SNR,STAGE8_K2_TANGENT_WHITE_SNR_MONTE_CARLO_AND_CLOSURE_V1,ONE_SYNTHETIC_CPI,ONE_SELECTED_RANGE_DOPPLER_CELL,1,1,0,0,0,31a85cf10323dcb0ff906b98f8f0dab39e853ab81d2695b1979df50869258a07,0ccd1878c589b92251071c702bd4b324efbbe82932dfddf078cae3289cf6dfb7,-3.41972052211207,27.8132443937139,18
238,MC1_K2_N1_L1_SP22_P4_R04,2,WHITE,1,1,1,P4,4,8.1,9.95,0.1,135,-6,1,L1_FULLY_COHERENT_BY_CONTRACT,22,22,7,4,33,MC1_BASE_N1_L1_P4_R04,MC1_BASE_N1_L1_P4_R04,430100033,430200033,WHITENED_SEQUENTIAL_BEAMSPACE_EXPECTED_TOTAL_SNR,STAGE8_K2_TANGENT_WHITE_SNR_MONTE_CARLO_AND_CLOSURE_V1,ONE_SYNTHETIC_CPI,ONE_SELECTED_RANGE_DOPPLER_CELL,1,1,0,0,0,31a85cf10323dcb0ff906b98f8f0dab39e853ab81d2695b1979df50869258a07,ac5cfc5126fe420dae32463e28c89e0fe72af59ac15cf68d7d6ef6793eeffa26,0.58027947788793,31.8132443937139,22
239,MC1_K2_N1_L1_SM6_P4_R05,2,WHITE,1,1,1,P4,4,8.1,9.95,0.1,135,-6,1,L1_FULLY_COHERENT_BY_CONTRACT,-6,-6,1,5,34,MC1_BASE_N1_L1_P4_R05,MC1_BASE_N1_L1_P4_R05,430100034,430200034,WHITENED_SEQUENTIAL_BEAMSPACE_EXPECTED_TOTAL_SNR,STAGE8_K2_TANGENT_WHITE_SNR_MONTE_CARLO_AND_CLOSURE_V1,ONE_SYNTHETIC_CPI,ONE_SELECTED_RANGE_DOPPLER_CELL,1,1,0,0,0,31a85cf10323dcb0ff906b98f8f0dab39e853ab81d2695b1979df50869258a07,e72571c8802b85d657e1ca6efec9d2f14a715d725e1c991e881bc8f44cd13823,-27.419720526603,3.81339128257621,-6
240,MC1_K2_N1_L1_SP0_P4_R05,2,WHITE,1,1,1,P4,4,8.1,9.95,0.1,135,-6,1,L1_FULLY_COHERENT_BY_CONTRACT,0,0,2,5,34,MC1_BASE_N1_L1_P4_R05,MC1_BASE_N1_L1_P4_R05,430100034,430200034,WHITENED_SEQUENTIAL_BEAMSPACE_EXPECTED_TOTAL_SNR,STAGE8_K2_TANGENT_WHITE_SNR_MONTE_CARLO_AND_CLOSURE_V1,ONE_SYNTHETIC_CPI,ONE_SELECTED_RANGE_DOPPLER_CELL,1,1,0,0,0,31a85cf10323dcb0ff906b98f8f0dab39e853ab81d2695b1979df50869258a07,998b2be8c11960e72043b8753d927bd23a8c57297e4b0d1f51ad9422e599c34a,-21.419720526603,9.81339128257622,-2.41081866638322e-15
241,MC1_K2_N1_L1_SP6_P4_R05,2,WHITE,1,1,1,P4,4,8.1,9.95,0.1,135,-6,1,L1_FULLY_COHERENT_BY_CONTRACT,6,6,3,5,34,MC1_BASE_N1_L1_P4_R05,MC1_BASE_N1_L1_P4_R05,430100034,430200034,WHITENED_SEQUENTIAL_BEAMSPACE_EXPECTED_TOTAL_SNR,STAGE8_K2_TANGENT_WHITE_SNR_MONTE_CARLO_AND_CLOSURE_V1,ONE_SYNTHETIC_CPI,ONE_SELECTED_RANGE_DOPPLER_CELL,1,1,0,0,0,31a85cf10323dcb0ff906b98f8f0dab39e853ab81d2695b1979df50869258a07,790d5428b860891e4fa8e835d3124362ccd7fe1d69ad81b9ca6e2f5df165d0f7,-15.419720526603,15.8133912825762,6.00000000000002
242,MC1_K2_N1_L1_SP10_P4_R05,2,WHITE,1,1,1,P4,4,8.1,9.95,0.1,135,-6,1,L1_FULLY_COHERENT_BY_CONTRACT,10,10,4,5,34,MC1_BASE_N1_L1_P4_R05,MC1_BASE_N1_L1_P4_R05,430100034,430200034,WHITENED_SEQUENTIAL_BEAMSPACE_EXPECTED_TOTAL_SNR,STAGE8_K2_TANGENT_WHITE_SNR_MONTE_CARLO_AND_CLOSURE_V1,ONE_SYNTHETIC_CPI,ONE_SELECTED_RANGE_DOPPLER_CELL,1,1,0,0,0,31a85cf10323dcb0ff906b98f8f0dab39e853ab81d2695b1979df50869258a07,86cccac3a56429d58c4fa2d945ec3dc82f1479b950be13984192796336c27c4c,-11.419720526603,19.8133912825762,10
243,MC1_K2_N1_L1_SP14_P4_R05,2,WHITE,1,1,1,P4,4,8.1,9.95,0.1,135,-6,1,L1_FULLY_COHERENT_BY_CONTRACT,14,14,5,5,34,MC1_BASE_N1_L1_P4_R05,MC1_BASE_N1_L1_P4_R05,430100034,430200034,WHITENED_SEQUENTIAL_BEAMSPACE_EXPECTED_TOTAL_SNR,STAGE8_K2_TANGENT_WHITE_SNR_MONTE_CARLO_AND_CLOSURE_V1,ONE_SYNTHETIC_CPI,ONE_SELECTED_RANGE_DOPPLER_CELL,1,1,0,0,0,31a85cf10323dcb0ff906b98f8f0dab39e853ab81d2695b1979df50869258a07,116783cd4e48a3928c97506c523a27036fe4d01b1d29e681e5709478a9783ea6,-7.41972052660298,23.8133912825762,14
244,MC1_K2_N1_L1_SP18_P4_R05,2,WHITE,1,1,1,P4,4,8.1,9.95,0.1,135,-6,1,L1_FULLY_COHERENT_BY_CONTRACT,18,18,6,5,34,MC1_BASE_N1_L1_P4_R05,MC1_BASE_N1_L1_P4_R05,430100034,430200034,WHITENED_SEQUENTIAL_BEAMSPACE_EXPECTED_TOTAL_SNR,STAGE8_K2_TANGENT_WHITE_SNR_MONTE_CARLO_AND_CLOSURE_V1,ONE_SYNTHETIC_CPI,ONE_SELECTED_RANGE_DOPPLER_CELL,1,1,0,0,0,31a85cf10323dcb0ff906b98f8f0dab39e853ab81d2695b1979df50869258a07,8d6e7aa0dbd478793ce45ca8e71c965501301f3a215c110821b471137f0e2289,-3.41972052660298,27.8133912825762,18
245,MC1_K2_N1_L1_SP22_P4_R05,2,WHITE,1,1,1,P4,4,8.1,9.95,0.1,135,-6,1,L1_FULLY_COHERENT_BY_CONTRACT,22,22,7,5,34,MC1_BASE_N1_L1_P4_R05,MC1_BASE_N1_L1_P4_R05,430100034,430200034,WHITENED_SEQUENTIAL_BEAMSPACE_EXPECTED_TOTAL_SNR,STAGE8_K2_TANGENT_WHITE_SNR_MONTE_CARLO_AND_CLOSURE_V1,ONE_SYNTHETIC_CPI,ONE_SELECTED_RANGE_DOPPLER_CELL,1,1,0,0,0,31a85cf10323dcb0ff906b98f8f0dab39e853ab81d2695b1979df50869258a07,feaad748c0ece6ec5e9d2382753f007ea62dd372bd7b37c9c76d9a4ed485d141,0.58027947339702,31.8133912825762,22
246,MC1_K2_N1_L1_SM6_P4_R06,2,WHITE,1,1,1,P4,4,8.1,9.95,0.1,135,-6,1,L1_FULLY_COHERENT_BY_CONTRACT,-6,-6,1,6,35,MC1_BASE_N1_L1_P4_R06,MC1_BASE_N1_L1_P4_R06,430100035,430200035,WHITENED_SEQUENTIAL_BEAMSPACE_EXPECTED_TOTAL_SNR,STAGE8_K2_TANGENT_WHITE_SNR_MONTE_CARLO_AND_CLOSURE_V1,ONE_SYNTHETIC_CPI,ONE_SELECTED_RANGE_DOPPLER_CELL,1,1,0,0,0,31a85cf10323dcb0ff906b98f8f0dab39e853ab81d2695b1979df50869258a07,dd848578a9c0c8536a8caf22433f4857e86925bfc621d9e482d1b7570c44901a,-27.4197203083832,3.79930572256366,-6
247,MC1_K2_N1_L1_SP0_P4_R06,2,WHITE,1,1,1,P4,4,8.1,9.95,0.1,135,-6,1,L1_FULLY_COHERENT_BY_CONTRACT,0,0,2,6,35,MC1_BASE_N1_L1_P4_R06,MC1_BASE_N1_L1_P4_R06,430100035,430200035,WHITENED_SEQUENTIAL_BEAMSPACE_EXPECTED_TOTAL_SNR,STAGE8_K2_TANGENT_WHITE_SNR_MONTE_CARLO_AND_CLOSURE_V1,ONE_SYNTHETIC_CPI,ONE_SELECTED_RANGE_DOPPLER_CELL,1,1,0,0,0,31a85cf10323dcb0ff906b98f8f0dab39e853ab81d2695b1979df50869258a07,1f4edccb74a0d8c906379b17c1670f7c02717a82dfb4f326e1758be4dcfd7165,-21.4197203083832,9.79930572256366,4.82163733276643e-15
248,MC1_K2_N1_L1_SP6_P4_R06,2,WHITE,1,1,1,P4,4,8.1,9.95,0.1,135,-6,1,L1_FULLY_COHERENT_BY_CONTRACT,6,6,3,6,35,MC1_BASE_N1_L1_P4_R06,MC1_BASE_N1_L1_P4_R06,430100035,430200035,WHITENED_SEQUENTIAL_BEAMSPACE_EXPECTED_TOTAL_SNR,STAGE8_K2_TANGENT_WHITE_SNR_MONTE_CARLO_AND_CLOSURE_V1,ONE_SYNTHETIC_CPI,ONE_SELECTED_RANGE_DOPPLER_CELL,1,1,0,0,0,31a85cf10323dcb0ff906b98f8f0dab39e853ab81d2695b1979df50869258a07,0d64300acf7456b3fd81ebf9c35feeb3e126fe785c23dbb5a0064a6f62183d82,-15.4197203083832,15.7993057225637,5.99999999999999
249,MC1_K2_N1_L1_SP10_P4_R06,2,WHITE,1,1,1,P4,4,8.1,9.95,0.1,135,-6,1,L1_FULLY_COHERENT_BY_CONTRACT,10,10,4,6,35,MC1_BASE_N1_L1_P4_R06,MC1_BASE_N1_L1_P4_R06,430100035,430200035,WHITENED_SEQUENTIAL_BEAMSPACE_EXPECTED_TOTAL_SNR,STAGE8_K2_TANGENT_WHITE_SNR_MONTE_CARLO_AND_CLOSURE_V1,ONE_SYNTHETIC_CPI,ONE_SELECTED_RANGE_DOPPLER_CELL,1,1,0,0,0,31a85cf10323dcb0ff906b98f8f0dab39e853ab81d2695b1979df50869258a07,845914de67783c2aae5313bc379a74d03adbc23a98f5ce1909c09cbf1ebab492,-11.4197203083832,19.7993057225637,9.99999999999999
250,MC1_K2_N1_L1_SP14_P4_R06,2,WHITE,1,1,1,P4,4,8.1,9.95,0.1,135,-6,1,L1_FULLY_COHERENT_BY_CONTRACT,14,14,5,6,35,MC1_BASE_N1_L1_P4_R06,MC1_BASE_N1_L1_P4_R06,430100035,430200035,WHITENED_SEQUENTIAL_BEAMSPACE_EXPECTED_TOTAL_SNR,STAGE8_K2_TANGENT_WHITE_SNR_MONTE_CARLO_AND_CLOSURE_V1,ONE_SYNTHETIC_CPI,ONE_SELECTED_RANGE_DOPPLER_CELL,1,1,0,0,0,31a85cf10323dcb0ff906b98f8f0dab39e853ab81d2695b1979df50869258a07,5466e0bd464e839e5f8bc158ea84ced6b736551df8d1f8fbf37cd229349c9799,-7.41972030838316,23.7993057225637,14
251,MC1_K2_N1_L1_SP18_P4_R06,2,WHITE,1,1,1,P4,4,8.1,9.95,0.1,135,-6,1,L1_FULLY_COHERENT_BY_CONTRACT,18,18,6,6,35,MC1_BASE_N1_L1_P4_R06,MC1_BASE_N1_L1_P4_R06,430100035,430200035,WHITENED_SEQUENTIAL_BEAMSPACE_EXPECTED_TOTAL_SNR,STAGE8_K2_TANGENT_WHITE_SNR_MONTE_CARLO_AND_CLOSURE_V1,ONE_SYNTHETIC_CPI,ONE_SELECTED_RANGE_DOPPLER_CELL,1,1,0,0,0,31a85cf10323dcb0ff906b98f8f0dab39e853ab81d2695b1979df50869258a07,f009975d91a59d3bd158b5513e271016d449d6e120651589dffcd2c2f3c0fad5,-3.41972030838316,27.7993057225637,18
252,MC1_K2_N1_L1_SP22_P4_R06,2,WHITE,1,1,1,P4,4,8.1,9.95,0.1,135,-6,1,L1_FULLY_COHERENT_BY_CONTRACT,22,22,7,6,35,MC1_BASE_N1_L1_P4_R06,MC1_BASE_N1_L1_P4_R06,430100035,430200035,WHITENED_SEQUENTIAL_BEAMSPACE_EXPECTED_TOTAL_SNR,STAGE8_K2_TANGENT_WHITE_SNR_MONTE_CARLO_AND_CLOSURE_V1,ONE_SYNTHETIC_CPI,ONE_SELECTED_RANGE_DOPPLER_CELL,1,1,0,0,0,31a85cf10323dcb0ff906b98f8f0dab39e853ab81d2695b1979df50869258a07,42a13d907490e2f2783626533acd5aeb3d50a1b19d0e8eecf6f97d36dfb94d6d,0.580279691616846,31.7993057225637,22
253,MC1_K2_N1_L1_SM6_P4_R07,2,WHITE,1,1,1,P4,4,8.1,9.95,0.1,135,-6,1,L1_FULLY_COHERENT_BY_CONTRACT,-6,-6,1,7,36,MC1_BASE_N1_L1_P4_R07,MC1_BASE_N1_L1_P4_R07,430100036,430200036,WHITENED_SEQUENTIAL_BEAMSPACE_EXPECTED_TOTAL_SNR,STAGE8_K2_TANGENT_WHITE_SNR_MONTE_CARLO_AND_CLOSURE_V1,ONE_SYNTHETIC_CPI,ONE_SELECTED_RANGE_DOPPLER_CELL,1,1,0,0,0,31a85cf10323dcb0ff906b98f8f0dab39e853ab81d2695b1979df50869258a07,45ad0a97e87539270db2b48f5d506f2cac17fc02dd29151e16121675bd7efaca,-27.4197205293296,3.81312230748528,-6
254,MC1_K2_N1_L1_SP0_P4_R07,2,WHITE,1,1,1,P4,4,8.1,9.95,0.1,135,-6,1,L1_FULLY_COHERENT_BY_CONTRACT,0,0,2,7,36,MC1_BASE_N1_L1_P4_R07,MC1_BASE_N1_L1_P4_R07,430100036,430200036,WHITENED_SEQUENTIAL_BEAMSPACE_EXPECTED_TOTAL_SNR,STAGE8_K2_TANGENT_WHITE_SNR_MONTE_CARLO_AND_CLOSURE_V1,ONE_SYNTHETIC_CPI,ONE_SELECTED_RANGE_DOPPLER_CELL,1,1,0,0,0,31a85cf10323dcb0ff906b98f8f0dab39e853ab81d2695b1979df50869258a07,84f49737a9bb6f8e8decd24cdf6f3f141bc2b2bac0cb8a8c611c4bb4257a4686,-21.4197205293296,9.81312230748528,-4.82163733276644e-15
255,MC1_K2_N1_L1_SP6_P4_R07,2,WHITE,1,1,1,P4,4,8.1,9.95,0.1,135,-6,1,L1_FULLY_COHERENT_BY_CONTRACT,6,6,3,7,36,MC1_BASE_N1_L1_P4_R07,MC1_BASE_N1_L1_P4_R07,430100036,430200036,WHITENED_SEQUENTIAL_BEAMSPACE_EXPECTED_TOTAL_SNR,STAGE8_K2_TANGENT_WHITE_SNR_MONTE_CARLO_AND_CLOSURE_V1,ONE_SYNTHETIC_CPI,ONE_SELECTED_RANGE_DOPPLER_CELL,1,1,0,0,0,31a85cf10323dcb0ff906b98f8f0dab39e853ab81d2695b1979df50869258a07,44b53f687ffbbf3a81c13962641f5d63fda32ccbc511eddba13b4b42389f8da3,-15.4197205293296,15.8131223074853,5.99999999999999
256,MC1_K2_N1_L1_SP10_P4_R07,2,WHITE,1,1,1,P4,4,8.1,9.95,0.1,135,-6,1,L1_FULLY_COHERENT_BY_CONTRACT,10,10,4,7,36,MC1_BASE_N1_L1_P4_R07,MC1_BASE_N1_L1_P4_R07,430100036,430200036,WHITENED_SEQUENTIAL_BEAMSPACE_EXPECTED_TOTAL_SNR,STAGE8_K2_TANGENT_WHITE_SNR_MONTE_CARLO_AND_CLOSURE_V1,ONE_SYNTHETIC_CPI,ONE_SELECTED_RANGE_DOPPLER_CELL,1,1,0,0,0,31a85cf10323dcb0ff906b98f8f0dab39e853ab81d2695b1979df50869258a07,9a3188b4e9668ef6cbb7585646f5ed73c21b50dacc617f8789358cedf7b76f9a,-11.4197205293296,19.8131223074853,9.99999999999998
257,MC1_K2_N1_L1_SP14_P4_R07,2,WHITE,1,1,1,P4,4,8.1,9.95,0.1,135,-6,1,L1_FULLY_COHERENT_BY_CONTRACT,14,14,5,7,36,MC1_BASE_N1_L1_P4_R07,MC1_BASE_N1_L1_P4_R07,430100036,430200036,WHITENED_SEQUENTIAL_BEAMSPACE_EXPECTED_TOTAL_SNR,STAGE8_K2_TANGENT_WHITE_SNR_MONTE_CARLO_AND_CLOSURE_V1,ONE_SYNTHETIC_CPI,ONE_SELECTED_RANGE_DOPPLER_CELL,1,1,0,0,0,31a85cf10323dcb0ff906b98f8f0dab39e853ab81d2695b1979df50869258a07,2c062e4acd63a9eb8ba7f25fb7a85aeb92c0be044a60f6585e4e228dcba8cbb8,-7.41972052932961,23.8131223074853,14
258,MC1_K2_N1_L1_SP18_P4_R07,2,WHITE,1,1,1,P4,4,8.1,9.95,0.1,135,-6,1,L1_FULLY_COHERENT_BY_CONTRACT,18,18,6,7,36,MC1_BASE_N1_L1_P4_R07,MC1_BASE_N1_L1_P4_R07,430100036,430200036,WHITENED_SEQUENTIAL_BEAMSPACE_EXPECTED_TOTAL_SNR,STAGE8_K2_TANGENT_WHITE_SNR_MONTE_CARLO_AND_CLOSURE_V1,ONE_SYNTHETIC_CPI,ONE_SELECTED_RANGE_DOPPLER_CELL,1,1,0,0,0,31a85cf10323dcb0ff906b98f8f0dab39e853ab81d2695b1979df50869258a07,c10ac07b2ef00619c99d8cd15088527a34a08f8468fd45e6b0a7aeab0dfb7ebd,-3.41972052932961,27.8131223074853,18
259,MC1_K2_N1_L1_SP22_P4_R07,2,WHITE,1,1,1,P4,4,8.1,9.95,0.1,135,-6,1,L1_FULLY_COHERENT_BY_CONTRACT,22,22,7,7,36,MC1_BASE_N1_L1_P4_R07,MC1_BASE_N1_L1_P4_R07,430100036,430200036,WHITENED_SEQUENTIAL_BEAMSPACE_EXPECTED_TOTAL_SNR,STAGE8_K2_TANGENT_WHITE_SNR_MONTE_CARLO_AND_CLOSURE_V1,ONE_SYNTHETIC_CPI,ONE_SELECTED_RANGE_DOPPLER_CELL,1,1,0,0,0,31a85cf10323dcb0ff906b98f8f0dab39e853ab81d2695b1979df50869258a07,f0f3429efcb6132d9d9d9ef827c5355e8fc2da00484c6f9662503490d699431e,0.58027947067039,31.8131223074853,22
260,MC1_K2_N1_L1_SM6_P4_R08,2,WHITE,1,1,1,P4,4,8.1,9.95,0.1,135,-6,1,L1_FULLY_COHERENT_BY_CONTRACT,-6,-6,1,8,37,MC1_BASE_N1_L1_P4_R08,MC1_BASE_N1_L1_P4_R08,430100037,430200037,WHITENED_SEQUENTIAL_BEAMSPACE_EXPECTED_TOTAL_SNR,STAGE8_K2_TANGENT_WHITE_SNR_MONTE_CARLO_AND_CLOSURE_V1,ONE_SYNTHETIC_CPI,ONE_SELECTED_RANGE_DOPPLER_CELL,1,1,0,0,0,31a85cf10323dcb0ff906b98f8f0dab39e853ab81d2695b1979df50869258a07,474e03a9f28672e61e7bc5b0ef3e238933827f128e560b5e1d61f511dc84c5cb,-27.4197203450674,3.80449267282378,-6
261,MC1_K2_N1_L1_SP0_P4_R08,2,WHITE,1,1,1,P4,4,8.1,9.95,0.1,135,-6,1,L1_FULLY_COHERENT_BY_CONTRACT,0,0,2,8,37,MC1_BASE_N1_L1_P4_R08,MC1_BASE_N1_L1_P4_R08,430100037,430200037,WHITENED_SEQUENTIAL_BEAMSPACE_EXPECTED_TOTAL_SNR,STAGE8_K2_TANGENT_WHITE_SNR_MONTE_CARLO_AND_CLOSURE_V1,ONE_SYNTHETIC_CPI,ONE_SELECTED_RANGE_DOPPLER_CELL,1,1,0,0,0,31a85cf10323dcb0ff906b98f8f0dab39e853ab81d2695b1979df50869258a07,bb55b8d062c9927c877eba75fb10bf8c5547e0f9a8f4c5b363a91bc68e925cf9,-21.4197203450674,9.80449267282378,-1.44649119982993e-15
262,MC1_K2_N1_L1_SP6_P4_R08,2,WHITE,1,1,1,P4,4,8.1,9.95,0.1,135,-6,1,L1_FULLY_COHERENT_BY_CONTRACT,6,6,3,8,37,MC1_BASE_N1_L1_P4_R08,MC1_BASE_N1_L1_P4_R08,430100037,430200037,WHITENED_SEQUENTIAL_BEAMSPACE_EXPECTED_TOTAL_SNR,STAGE8_K2_TANGENT_WHITE_SNR_MONTE_CARLO_AND_CLOSURE_V1,ONE_SYNTHETIC_CPI,ONE_SELECTED_RANGE_DOPPLER_CELL,1,1,0,0,0,31a85cf10323dcb0ff906b98f8f0dab39e853ab81d2695b1979df50869258a07,455d6326a9f6e5e1dc8e88266a92f9922887e8286dfdb2e613a047e1688cd8bd,-15.4197203450674,15.8044926728238,6
263,MC1_K2_N1_L1_SP10_P4_R08,2,WHITE,1,1,1,P4,4,8.1,9.95,0.1,135,-6,1,L1_FULLY_COHERENT_BY_CONTRACT,10,10,4,8,37,MC1_BASE_N1_L1_P4_R08,MC1_BASE_N1_L1_P4_R08,430100037,430200037,WHITENED_SEQUENTIAL_BEAMSPACE_EXPECTED_TOTAL_SNR,STAGE8_K2_TANGENT_WHITE_SNR_MONTE_CARLO_AND_CLOSURE_V1,ONE_SYNTHETIC_CPI,ONE_SELECTED_RANGE_DOPPLER_CELL,1,1,0,0,0,31a85cf10323dcb0ff906b98f8f0dab39e853ab81d2695b1979df50869258a07,e3cbe32b3a38ba51a2f84c027412913f08ae38ed81c7f6041d70fc6dbbe1e8a9,-11.4197203450674,19.8044926728238,9.99999999999999
264,MC1_K2_N1_L1_SP14_P4_R08,2,WHITE,1,1,1,P4,4,8.1,9.95,0.1,135,-6,1,L1_FULLY_COHERENT_BY_CONTRACT,14,14,5,8,37,MC1_BASE_N1_L1_P4_R08,MC1_BASE_N1_L1_P4_R08,430100037,430200037,WHITENED_SEQUENTIAL_BEAMSPACE_EXPECTED_TOTAL_SNR,STAGE8_K2_TANGENT_WHITE_SNR_MONTE_CARLO_AND_CLOSURE_V1,ONE_SYNTHETIC_CPI,ONE_SELECTED_RANGE_DOPPLER_CELL,1,1,0,0,0,31a85cf10323dcb0ff906b98f8f0dab39e853ab81d2695b1979df50869258a07,fab2492dbbd4b748e4958dcb92cb20ac0fb1af528997381067803c7fb1cdd35d,-7.41972034506739,23.8044926728238,14
265,MC1_K2_N1_L1_SP18_P4_R08,2,WHITE,1,1,1,P4,4,8.1,9.95,0.1,135,-6,1,L1_FULLY_COHERENT_BY_CONTRACT,18,18,6,8,37,MC1_BASE_N1_L1_P4_R08,MC1_BASE_N1_L1_P4_R08,430100037,430200037,WHITENED_SEQUENTIAL_BEAMSPACE_EXPECTED_TOTAL_SNR,STAGE8_K2_TANGENT_WHITE_SNR_MONTE_CARLO_AND_CLOSURE_V1,ONE_SYNTHETIC_CPI,ONE_SELECTED_RANGE_DOPPLER_CELL,1,1,0,0,0,31a85cf10323dcb0ff906b98f8f0dab39e853ab81d2695b1979df50869258a07,b3efa14cdef3f00b2292048ce6ceea2f3ad1deffc3803d16490b8b2c6814b9f6,-3.41972034506738,27.8044926728238,18
266,MC1_K2_N1_L1_SP22_P4_R08,2,WHITE,1,1,1,P4,4,8.1,9.95,0.1,135,-6,1,L1_FULLY_COHERENT_BY_CONTRACT,22,22,7,8,37,MC1_BASE_N1_L1_P4_R08,MC1_BASE_N1_L1_P4_R08,430100037,430200037,WHITENED_SEQUENTIAL_BEAMSPACE_EXPECTED_TOTAL_SNR,STAGE8_K2_TANGENT_WHITE_SNR_MONTE_CARLO_AND_CLOSURE_V1,ONE_SYNTHETIC_CPI,ONE_SELECTED_RANGE_DOPPLER_CELL,1,1,0,0,0,31a85cf10323dcb0ff906b98f8f0dab39e853ab81d2695b1979df50869258a07,d832f2fee6f67de251649847b5a797f951b8f202114f04a22168dc7f27dcc89d,0.580279654932621,31.8044926728238,22
267,MC1_K2_N1_L1_SM6_P4_R09,2,WHITE,1,1,1,P4,4,8.1,9.95,0.1,135,-6,1,L1_FULLY_COHERENT_BY_CONTRACT,-6,-6,1,9,38,MC1_BASE_N1_L1_P4_R09,MC1_BASE_N1_L1_P4_R09,430100038,430200038,WHITENED_SEQUENTIAL_BEAMSPACE_EXPECTED_TOTAL_SNR,STAGE8_K2_TANGENT_WHITE_SNR_MONTE_CARLO_AND_CLOSURE_V1,ONE_SYNTHETIC_CPI,ONE_SELECTED_RANGE_DOPPLER_CELL,1,1,0,0,0,31a85cf10323dcb0ff906b98f8f0dab39e853ab81d2695b1979df50869258a07,261d322e62b23ef4f19bedec0c2d2018b8ad78821eee557c8fa36575dac8dba9,-27.4197197456582,3.77126448807357,-5.99999999999998
268,MC1_K2_N1_L1_SP0_P4_R09,2,WHITE,1,1,1,P4,4,8.1,9.95,0.1,135,-6,1,L1_FULLY_COHERENT_BY_CONTRACT,0,0,2,9,38,MC1_BASE_N1_L1_P4_R09,MC1_BASE_N1_L1_P4_R09,430100038,430200038,WHITENED_SEQUENTIAL_BEAMSPACE_EXPECTED_TOTAL_SNR,STAGE8_K2_TANGENT_WHITE_SNR_MONTE_CARLO_AND_CLOSURE_V1,ONE_SYNTHETIC_CPI,ONE_SELECTED_RANGE_DOPPLER_CELL,1,1,0,0,0,31a85cf10323dcb0ff906b98f8f0dab39e853ab81d2695b1979df50869258a07,440af724b429a3ff0e961ea76daf691075a5b949f4e5cfcc3367df3807b871fd,-21.4197197456582,9.77126448807357,1.3500584531746e-14
269,MC1_K2_N1_L1_SP6_P4_R09,2,WHITE,1,1,1,P4,4,8.1,9.95,0.1,135,-6,1,L1_FULLY_COHERENT_BY_CONTRACT,6,6,3,9,38,MC1_BASE_N1_L1_P4_R09,MC1_BASE_N1_L1_P4_R09,430100038,430200038,WHITENED_SEQUENTIAL_BEAMSPACE_EXPECTED_TOTAL_SNR,STAGE8_K2_TANGENT_WHITE_SNR_MONTE_CARLO_AND_CLOSURE_V1,ONE_SYNTHETIC_CPI,ONE_SELECTED_RANGE_DOPPLER_CELL,1,1,0,0,0,31a85cf10323dcb0ff906b98f8f0dab39e853ab81d2695b1979df50869258a07,c9cc7879d45c967c88272df3f510127b1180f07dca6c7ad94f68480043c59f9d,-15.4197197456582,15.7712644880736,6.00000000000002
270,MC1_K2_N1_L1_SP10_P4_R09,2,WHITE,1,1,1,P4,4,8.1,9.95,0.1,135,-6,1,L1_FULLY_COHERENT_BY_CONTRACT,10,10,4,9,38,MC1_BASE_N1_L1_P4_R09,MC1_BASE_N1_L1_P4_R09,430100038,430200038,WHITENED_SEQUENTIAL_BEAMSPACE_EXPECTED_TOTAL_SNR,STAGE8_K2_TANGENT_WHITE_SNR_MONTE_CARLO_AND_CLOSURE_V1,ONE_SYNTHETIC_CPI,ONE_SELECTED_RANGE_DOPPLER_CELL,1,1,0,0,0,31a85cf10323dcb0ff906b98f8f0dab39e853ab81d2695b1979df50869258a07,9e2d6661bbb8788c18f40b04e7e5ea8fb652d5c07f8db7893fac04e45b06b33b,-11.4197197456582,19.7712644880736,10
271,MC1_K2_N1_L1_SP14_P4_R09,2,WHITE,1,1,1,P4,4,8.1,9.95,0.1,135,-6,1,L1_FULLY_COHERENT_BY_CONTRACT,14,14,5,9,38,MC1_BASE_N1_L1_P4_R09,MC1_BASE_N1_L1_P4_R09,430100038,430200038,WHITENED_SEQUENTIAL_BEAMSPACE_EXPECTED_TOTAL_SNR,STAGE8_K2_TANGENT_WHITE_SNR_MONTE_CARLO_AND_CLOSURE_V1,ONE_SYNTHETIC_CPI,ONE_SELECTED_RANGE_DOPPLER_CELL,1,1,0,0,0,31a85cf10323dcb0ff906b98f8f0dab39e853ab81d2695b1979df50869258a07,eb0cccfb08159a45a587427e5b96ef224125c1080af51a9d4b066fad6729b674,-7.41971974565817,23.7712644880736,14
272,MC1_K2_N1_L1_SP18_P4_R09,2,WHITE,1,1,1,P4,4,8.1,9.95,0.1,135,-6,1,L1_FULLY_COHERENT_BY_CONTRACT,18,18,6,9,38,MC1_BASE_N1_L1_P4_R09,MC1_BASE_N1_L1_P4_R09,430100038,430200038,WHITENED_SEQUENTIAL_BEAMSPACE_EXPECTED_TOTAL_SNR,STAGE8_K2_TANGENT_WHITE_SNR_MONTE_CARLO_AND_CLOSURE_V1,ONE_SYNTHETIC_CPI,ONE_SELECTED_RANGE_DOPPLER_CELL,1,1,0,0,0,31a85cf10323dcb0ff906b98f8f0dab39e853ab81d2695b1979df50869258a07,81685312cc2af5195897e0aa5f9cb5d23ef6ebde65215c77d12588bf73ccb0a6,-3.41971974565817,27.7712644880736,18
273,MC1_K2_N1_L1_SP22_P4_R09,2,WHITE,1,1,1,P4,4,8.1,9.95,0.1,135,-6,1,L1_FULLY_COHERENT_BY_CONTRACT,22,22,7,9,38,MC1_BASE_N1_L1_P4_R09,MC1_BASE_N1_L1_P4_R09,430100038,430200038,WHITENED_SEQUENTIAL_BEAMSPACE_EXPECTED_TOTAL_SNR,STAGE8_K2_TANGENT_WHITE_SNR_MONTE_CARLO_AND_CLOSURE_V1,ONE_SYNTHETIC_CPI,ONE_SELECTED_RANGE_DOPPLER_CELL,1,1,0,0,0,31a85cf10323dcb0ff906b98f8f0dab39e853ab81d2695b1979df50869258a07,37060b35215d38cc88394060136260c348c535525a93b30b6e8f5fa5b2778c97,0.580280254341831,31.7712644880736,22
274,MC1_K2_N1_L1_SM6_P4_R10,2,WHITE,1,1,1,P4,4,8.1,9.95,0.1,135,-6,1,L1_FULLY_COHERENT_BY_CONTRACT,-6,-6,1,10,39,MC1_BASE_N1_L1_P4_R10,MC1_BASE_N1_L1_P4_R10,430100039,430200039,WHITENED_SEQUENTIAL_BEAMSPACE_EXPECTED_TOTAL_SNR,STAGE8_K2_TANGENT_WHITE_SNR_MONTE_CARLO_AND_CLOSURE_V1,ONE_SYNTHETIC_CPI,ONE_SELECTED_RANGE_DOPPLER_CELL,1,1,0,0,0,31a85cf10323dcb0ff906b98f8f0dab39e853ab81d2695b1979df50869258a07,e541a9a8ce9e5b718739f22e5e15b4c1ed4abff7a61ac8fc564ac5c974b6c717,-27.4197205201137,3.81237290234272,-6
275,MC1_K2_N1_L1_SP0_P4_R10,2,WHITE,1,1,1,P4,4,8.1,9.95,0.1,135,-6,1,L1_FULLY_COHERENT_BY_CONTRACT,0,0,2,10,39,MC1_BASE_N1_L1_P4_R10,MC1_BASE_N1_L1_P4_R10,430100039,430200039,WHITENED_SEQUENTIAL_BEAMSPACE_EXPECTED_TOTAL_SNR,STAGE8_K2_TANGENT_WHITE_SNR_MONTE_CARLO_AND_CLOSURE_V1,ONE_SYNTHETIC_CPI,ONE_SELECTED_RANGE_DOPPLER_CELL,1,1,0,0,0,31a85cf10323dcb0ff906b98f8f0dab39e853ab81d2695b1979df50869258a07,a8ebcb755a5511048e46f52851619107491ad52defe0a1a7f8b6a7c43f049817,-21.4197205201137,9.81237290234272,-4.82163733276644e-15
276,MC1_K2_N1_L1_SP6_P4_R10,2,WHITE,1,1,1,P4,4,8.1,9.95,0.1,135,-6,1,L1_FULLY_COHERENT_BY_CONTRACT,6,6,3,10,39,MC1_BASE_N1_L1_P4_R10,MC1_BASE_N1_L1_P4_R10,430100039,430200039,WHITENED_SEQUENTIAL_BEAMSPACE_EXPECTED_TOTAL_SNR,STAGE8_K2_TANGENT_WHITE_SNR_MONTE_CARLO_AND_CLOSURE_V1,ONE_SYNTHETIC_CPI,ONE_SELECTED_RANGE_DOPPLER_CELL,1,1,0,0,0,31a85cf10323dcb0ff906b98f8f0dab39e853ab81d2695b1979df50869258a07,36998bf3e563c91077235812d353dd1eec734b6619851fdbc487ca3bd30a1d7f,-15.4197205201137,15.8123729023427,5.99999999999998
277,MC1_K2_N1_L1_SP10_P4_R10,2,WHITE,1,1,1,P4,4,8.1,9.95,0.1,135,-6,1,L1_FULLY_COHERENT_BY_CONTRACT,10,10,4,10,39,MC1_BASE_N1_L1_P4_R10,MC1_BASE_N1_L1_P4_R10,430100039,430200039,WHITENED_SEQUENTIAL_BEAMSPACE_EXPECTED_TOTAL_SNR,STAGE8_K2_TANGENT_WHITE_SNR_MONTE_CARLO_AND_CLOSURE_V1,ONE_SYNTHETIC_CPI,ONE_SELECTED_RANGE_DOPPLER_CELL,1,1,0,0,0,31a85cf10323dcb0ff906b98f8f0dab39e853ab81d2695b1979df50869258a07,8a0b0c6c59f4fd9e1a3f28fe6b305d322e3b41b9f0790b17805121bf277588b2,-11.4197205201137,19.8123729023427,9.99999999999999
278,MC1_K2_N1_L1_SP14_P4_R10,2,WHITE,1,1,1,P4,4,8.1,9.95,0.1,135,-6,1,L1_FULLY_COHERENT_BY_CONTRACT,14,14,5,10,39,MC1_BASE_N1_L1_P4_R10,MC1_BASE_N1_L1_P4_R10,430100039,430200039,WHITENED_SEQUENTIAL_BEAMSPACE_EXPECTED_TOTAL_SNR,STAGE8_K2_TANGENT_WHITE_SNR_MONTE_CARLO_AND_CLOSURE_V1,ONE_SYNTHETIC_CPI,ONE_SELECTED_RANGE_DOPPLER_CELL,1,1,0,0,0,31a85cf10323dcb0ff906b98f8f0dab39e853ab81d2695b1979df50869258a07,c3f0b793660e4eb8f70bd000a0d0fb63a762fdd673286fd9e045d70b1ec91256,-7.41972052011368,23.8123729023427,14
279,MC1_K2_N1_L1_SP18_P4_R10,2,WHITE,1,1,1,P4,4,8.1,9.95,0.1,135,-6,1,L1_FULLY_COHERENT_BY_CONTRACT,18,18,6,10,39,MC1_BASE_N1_L1_P4_R10,MC1_BASE_N1_L1_P4_R10,430100039,430200039,WHITENED_SEQUENTIAL_BEAMSPACE_EXPECTED_TOTAL_SNR,STAGE8_K2_TANGENT_WHITE_SNR_MONTE_CARLO_AND_CLOSURE_V1,ONE_SYNTHETIC_CPI,ONE_SELECTED_RANGE_DOPPLER_CELL,1,1,0,0,0,31a85cf10323dcb0ff906b98f8f0dab39e853ab81d2695b1979df50869258a07,137d071e34077efc54474222a4dac7c4ef76deafd16bf494e9b20778595ad1ca,-3.41972052011368,27.8123729023427,18
280,MC1_K2_N1_L1_SP22_P4_R10,2,WHITE,1,1,1,P4,4,8.1,9.95,0.1,135,-6,1,L1_FULLY_COHERENT_BY_CONTRACT,22,22,7,10,39,MC1_BASE_N1_L1_P4_R10,MC1_BASE_N1_L1_P4_R10,430100039,430200039,WHITENED_SEQUENTIAL_BEAMSPACE_EXPECTED_TOTAL_SNR,STAGE8_K2_TANGENT_WHITE_SNR_MONTE_CARLO_AND_CLOSURE_V1,ONE_SYNTHETIC_CPI,ONE_SELECTED_RANGE_DOPPLER_CELL,1,1,0,0,0,31a85cf10323dcb0ff906b98f8f0dab39e853ab81d2695b1979df50869258a07,0f4147edd9c0496fbfff79f42f97a3249e813d8f1e52af15f1a6ee0e5632b4f9,0.580279479886324,31.8123729023427,22
281,MC1_K2_N1_L4_SM6_P1_R01,2,WHITE,1,4,2,P1,1,8,10,0.3,45,0,0,SPECIFIED_CORRELATION,-6,-6,1,1,40,MC1_BASE_N1_L4_P1_R01,MC1_BASE_N1_L4_P1_R01,430100040,430200040,WHITENED_SEQUENTIAL_BEAMSPACE_EXPECTED_TOTAL_SNR,STAGE8_K2_TANGENT_WHITE_SNR_MONTE_CARLO_AND_CLOSURE_V1,ONE_SYNTHETIC_CPI,ONE_SELECTED_RANGE_DOPPLER_CELL,1,1,0,0,0,31a85cf10323dcb0ff906b98f8f0dab39e853ab81d2695b1979df50869258a07,70ce1c7319deaab52e28cbc94658a86d94dcd7dc26ada697bea5b64dcd4d79d2,-27.4197201460617,3.80466293293078,-6
282,MC1_K2_N1_L4_SP0_P1_R01,2,WHITE,1,4,2,P1,1,8,10,0.3,45,0,0,SPECIFIED_CORRELATION,0,0,2,1,40,MC1_BASE_N1_L4_P1_R01,MC1_BASE_N1_L4_P1_R01,430100040,430200040,WHITENED_SEQUENTIAL_BEAMSPACE_EXPECTED_TOTAL_SNR,STAGE8_K2_TANGENT_WHITE_SNR_MONTE_CARLO_AND_CLOSURE_V1,ONE_SYNTHETIC_CPI,ONE_SELECTED_RANGE_DOPPLER_CELL,1,1,0,0,0,31a85cf10323dcb0ff906b98f8f0dab39e853ab81d2695b1979df50869258a07,fd1adb059f8be11282e57be14e89ad9bd1d17a9bd543e8dee3bf62642cbea84f,-21.4197201460617,9.80466293293078,9.64327466553287e-16
283,MC1_K2_N1_L4_SP6_P1_R01,2,WHITE,1,4,2,P1,1,8,10,0.3,45,0,0,SPECIFIED_CORRELATION,6,6,3,1,40,MC1_BASE_N1_L4_P1_R01,MC1_BASE_N1_L4_P1_R01,430100040,430200040,WHITENED_SEQUENTIAL_BEAMSPACE_EXPECTED_TOTAL_SNR,STAGE8_K2_TANGENT_WHITE_SNR_MONTE_CARLO_AND_CLOSURE_V1,ONE_SYNTHETIC_CPI,ONE_SELECTED_RANGE_DOPPLER_CELL,1,1,0,0,0,31a85cf10323dcb0ff906b98f8f0dab39e853ab81d2695b1979df50869258a07,6548337004fea6c2b7c24419efcd15baa729e32a85c3cb46187080bd0b2854d4,-15.4197201460617,15.8046629329308,6
284,MC1_K2_N1_L4_SP10_P1_R01,2,WHITE,1,4,2,P1,1,8,10,0.3,45,0,0,SPECIFIED_CORRELATION,10,10,4,1,40,MC1_BASE_N1_L4_P1_R01,MC1_BASE_N1_L4_P1_R01,430100040,430200040,WHITENED_SEQUENTIAL_BEAMSPACE_EXPECTED_TOTAL_SNR,STAGE8_K2_TANGENT_WHITE_SNR_MONTE_CARLO_AND_CLOSURE_V1,ONE_SYNTHETIC_CPI,ONE_SELECTED_RANGE_DOPPLER_CELL,1,1,0,0,0,31a85cf10323dcb0ff906b98f8f0dab39e853ab81d2695b1979df50869258a07,17158d6bef72109c23f0f1e9b89e84f13141505e10a425a26dc84eaea9edeb75,-11.4197201460617,19.8046629329308,10
285,MC1_K2_N1_L4_SP14_P1_R01,2,WHITE,1,4,2,P1,1,8,10,0.3,45,0,0,SPECIFIED_CORRELATION,14,14,5,1,40,MC1_BASE_N1_L4_P1_R01,MC1_BASE_N1_L4_P1_R01,430100040,430200040,WHITENED_SEQUENTIAL_BEAMSPACE_EXPECTED_TOTAL_SNR,STAGE8_K2_TANGENT_WHITE_SNR_MONTE_CARLO_AND_CLOSURE_V1,ONE_SYNTHETIC_CPI,ONE_SELECTED_RANGE_DOPPLER_CELL,1,1,0,0,0,31a85cf10323dcb0ff906b98f8f0dab39e853ab81d2695b1979df50869258a07,c7a4edc609afe687aac6237b67733764829ae2c6a31ec17c5b1cee74440d7bd3,-7.41972014606171,23.8046629329308,14
286,MC1_K2_N1_L4_SP18_P1_R01,2,WHITE,1,4,2,P1,1,8,10,0.3,45,0,0,SPECIFIED_CORRELATION,18,18,6,1,40,MC1_BASE_N1_L4_P1_R01,MC1_BASE_N1_L4_P1_R01,430100040,430200040,WHITENED_SEQUENTIAL_BEAMSPACE_EXPECTED_TOTAL_SNR,STAGE8_K2_TANGENT_WHITE_SNR_MONTE_CARLO_AND_CLOSURE_V1,ONE_SYNTHETIC_CPI,ONE_SELECTED_RANGE_DOPPLER_CELL,1,1,0,0,0,31a85cf10323dcb0ff906b98f8f0dab39e853ab81d2695b1979df50869258a07,3b81cebb21094a85963598ba77fe4887f18f1c92bb6a45a4386e6ed1480246e9,-3.41972014606171,27.8046629329308,18
287,MC1_K2_N1_L4_SP22_P1_R01,2,WHITE,1,4,2,P1,1,8,10,0.3,45,0,0,SPECIFIED_CORRELATION,22,22,7,1,40,MC1_BASE_N1_L4_P1_R01,MC1_BASE_N1_L4_P1_R01,430100040,430200040,WHITENED_SEQUENTIAL_BEAMSPACE_EXPECTED_TOTAL_SNR,STAGE8_K2_TANGENT_WHITE_SNR_MONTE_CARLO_AND_CLOSURE_V1,ONE_SYNTHETIC_CPI,ONE_SELECTED_RANGE_DOPPLER_CELL,1,1,0,0,0,31a85cf10323dcb0ff906b98f8f0dab39e853ab81d2695b1979df50869258a07,2daacedca0b57a2854bf257f3a3a48dabc87a7ccff59d1f9ab62ffd804e52de3,0.58027985393829,31.8046629329308,22
288,MC1_K2_N1_L4_SM6_P1_R02,2,WHITE,1,4,2,P1,1,8,10,0.3,45,0,0,SPECIFIED_CORRELATION,-6,-6,1,2,41,MC1_BASE_N1_L4_P1_R02,MC1_BASE_N1_L4_P1_R02,430100041,430200041,WHITENED_SEQUENTIAL_BEAMSPACE_EXPECTED_TOTAL_SNR,STAGE8_K2_TANGENT_WHITE_SNR_MONTE_CARLO_AND_CLOSURE_V1,ONE_SYNTHETIC_CPI,ONE_SELECTED_RANGE_DOPPLER_CELL,1,1,0,0,0,31a85cf10323dcb0ff906b98f8f0dab39e853ab81d2695b1979df50869258a07,0d965fab2b5b85563bd82f9be47e04f861f7456c9474ceccdbf2817ebab149a7,-27.4197201460617,3.80466293293078,-6
289,MC1_K2_N1_L4_SP0_P1_R02,2,WHITE,1,4,2,P1,1,8,10,0.3,45,0,0,SPECIFIED_CORRELATION,0,0,2,2,41,MC1_BASE_N1_L4_P1_R02,MC1_BASE_N1_L4_P1_R02,430100041,430200041,WHITENED_SEQUENTIAL_BEAMSPACE_EXPECTED_TOTAL_SNR,STAGE8_K2_TANGENT_WHITE_SNR_MONTE_CARLO_AND_CLOSURE_V1,ONE_SYNTHETIC_CPI,ONE_SELECTED_RANGE_DOPPLER_CELL,1,1,0,0,0,31a85cf10323dcb0ff906b98f8f0dab39e853ab81d2695b1979df50869258a07,a2a7368a3b7d5b711aa61e03c3a494b19586329e7907d0c538b3e7aa54b9cbd5,-21.4197201460617,9.80466293293078,9.64327466553287e-16
290,MC1_K2_N1_L4_SP6_P1_R02,2,WHITE,1,4,2,P1,1,8,10,0.3,45,0,0,SPECIFIED_CORRELATION,6,6,3,2,41,MC1_BASE_N1_L4_P1_R02,MC1_BASE_N1_L4_P1_R02,430100041,430200041,WHITENED_SEQUENTIAL_BEAMSPACE_EXPECTED_TOTAL_SNR,STAGE8_K2_TANGENT_WHITE_SNR_MONTE_CARLO_AND_CLOSURE_V1,ONE_SYNTHETIC_CPI,ONE_SELECTED_RANGE_DOPPLER_CELL,1,1,0,0,0,31a85cf10323dcb0ff906b98f8f0dab39e853ab81d2695b1979df50869258a07,76973cff3a46fdc336a04a41245b2b6347a9a99c06d34fd2b17929f89b79f2e6,-15.4197201460617,15.8046629329308,6
291,MC1_K2_N1_L4_SP10_P1_R02,2,WHITE,1,4,2,P1,1,8,10,0.3,45,0,0,SPECIFIED_CORRELATION,10,10,4,2,41,MC1_BASE_N1_L4_P1_R02,MC1_BASE_N1_L4_P1_R02,430100041,430200041,WHITENED_SEQUENTIAL_BEAMSPACE_EXPECTED_TOTAL_SNR,STAGE8_K2_TANGENT_WHITE_SNR_MONTE_CARLO_AND_CLOSURE_V1,ONE_SYNTHETIC_CPI,ONE_SELECTED_RANGE_DOPPLER_CELL,1,1,0,0,0,31a85cf10323dcb0ff906b98f8f0dab39e853ab81d2695b1979df50869258a07,01f7170c1cd8479ac4a91c7273700d047cfbce05e52d35746a8b58e124c814c7,-11.4197201460617,19.8046629329308,10
292,MC1_K2_N1_L4_SP14_P1_R02,2,WHITE,1,4,2,P1,1,8,10,0.3,45,0,0,SPECIFIED_CORRELATION,14,14,5,2,41,MC1_BASE_N1_L4_P1_R02,MC1_BASE_N1_L4_P1_R02,430100041,430200041,WHITENED_SEQUENTIAL_BEAMSPACE_EXPECTED_TOTAL_SNR,STAGE8_K2_TANGENT_WHITE_SNR_MONTE_CARLO_AND_CLOSURE_V1,ONE_SYNTHETIC_CPI,ONE_SELECTED_RANGE_DOPPLER_CELL,1,1,0,0,0,31a85cf10323dcb0ff906b98f8f0dab39e853ab81d2695b1979df50869258a07,12dadf0ebf03fb24b7cdadfa803eb326825892d40d6abb559f0d5a5ad581d95d,-7.41972014606171,23.8046629329308,14
293,MC1_K2_N1_L4_SP18_P1_R02,2,WHITE,1,4,2,P1,1,8,10,0.3,45,0,0,SPECIFIED_CORRELATION,18,18,6,2,41,MC1_BASE_N1_L4_P1_R02,MC1_BASE_N1_L4_P1_R02,430100041,430200041,WHITENED_SEQUENTIAL_BEAMSPACE_EXPECTED_TOTAL_SNR,STAGE8_K2_TANGENT_WHITE_SNR_MONTE_CARLO_AND_CLOSURE_V1,ONE_SYNTHETIC_CPI,ONE_SELECTED_RANGE_DOPPLER_CELL,1,1,0,0,0,31a85cf10323dcb0ff906b98f8f0dab39e853ab81d2695b1979df50869258a07,509adee249e6440d622db2ffd797981fb7a41d8011a8c1fd8defd72e40a86e50,-3.41972014606171,27.8046629329308,18
294,MC1_K2_N1_L4_SP22_P1_R02,2,WHITE,1,4,2,P1,1,8,10,0.3,45,0,0,SPECIFIED_CORRELATION,22,22,7,2,41,MC1_BASE_N1_L4_P1_R02,MC1_BASE_N1_L4_P1_R02,430100041,430200041,WHITENED_SEQUENTIAL_BEAMSPACE_EXPECTED_TOTAL_SNR,STAGE8_K2_TANGENT_WHITE_SNR_MONTE_CARLO_AND_CLOSURE_V1,ONE_SYNTHETIC_CPI,ONE_SELECTED_RANGE_DOPPLER_CELL,1,1,0,0,0,31a85cf10323dcb0ff906b98f8f0dab39e853ab81d2695b1979df50869258a07,538e4789572068a1120ab1a935e0ba98a228297086ba90330791e0d9067644af,0.58027985393829,31.8046629329308,22
295,MC1_K2_N1_L4_SM6_P1_R03,2,WHITE,1,4,2,P1,1,8,10,0.3,45,0,0,SPECIFIED_CORRELATION,-6,-6,1,3,42,MC1_BASE_N1_L4_P1_R03,MC1_BASE_N1_L4_P1_R03,430100042,430200042,WHITENED_SEQUENTIAL_BEAMSPACE_EXPECTED_TOTAL_SNR,STAGE8_K2_TANGENT_WHITE_SNR_MONTE_CARLO_AND_CLOSURE_V1,ONE_SYNTHETIC_CPI,ONE_SELECTED_RANGE_DOPPLER_CELL,1,1,0,0,0,31a85cf10323dcb0ff906b98f8f0dab39e853ab81d2695b1979df50869258a07,adf9a428d5c585c46671ec4fc483c8d0d0b1d4b2b3f4e0b6d77dccf6033cbd02,-27.4197201460617,3.80466293293078,-6
296,MC1_K2_N1_L4_SP0_P1_R03,2,WHITE,1,4,2,P1,1,8,10,0.3,45,0,0,SPECIFIED_CORRELATION,0,0,2,3,42,MC1_BASE_N1_L4_P1_R03,MC1_BASE_N1_L4_P1_R03,430100042,430200042,WHITENED_SEQUENTIAL_BEAMSPACE_EXPECTED_TOTAL_SNR,STAGE8_K2_TANGENT_WHITE_SNR_MONTE_CARLO_AND_CLOSURE_V1,ONE_SYNTHETIC_CPI,ONE_SELECTED_RANGE_DOPPLER_CELL,1,1,0,0,0,31a85cf10323dcb0ff906b98f8f0dab39e853ab81d2695b1979df50869258a07,ecff08d838ea7cb279b262015aec494aceb7c1e53d3d1da4d7315ae2d1afcf87,-21.4197201460617,9.80466293293078,9.64327466553287e-16
297,MC1_K2_N1_L4_SP6_P1_R03,2,WHITE,1,4,2,P1,1,8,10,0.3,45,0,0,SPECIFIED_CORRELATION,6,6,3,3,42,MC1_BASE_N1_L4_P1_R03,MC1_BASE_N1_L4_P1_R03,430100042,430200042,WHITENED_SEQUENTIAL_BEAMSPACE_EXPECTED_TOTAL_SNR,STAGE8_K2_TANGENT_WHITE_SNR_MONTE_CARLO_AND_CLOSURE_V1,ONE_SYNTHETIC_CPI,ONE_SELECTED_RANGE_DOPPLER_CELL,1,1,0,0,0,31a85cf10323dcb0ff906b98f8f0dab39e853ab81d2695b1979df50869258a07,bb212ad8d8fa7c0584e488c8c2e0aa5089cbd2811a648d7a4cf35bc3a7b2d5a7,-15.4197201460617,15.8046629329308,6
298,MC1_K2_N1_L4_SP10_P1_R03,2,WHITE,1,4,2,P1,1,8,10,0.3,45,0,0,SPECIFIED_CORRELATION,10,10,4,3,42,MC1_BASE_N1_L4_P1_R03,MC1_BASE_N1_L4_P1_R03,430100042,430200042,WHITENED_SEQUENTIAL_BEAMSPACE_EXPECTED_TOTAL_SNR,STAGE8_K2_TANGENT_WHITE_SNR_MONTE_CARLO_AND_CLOSURE_V1,ONE_SYNTHETIC_CPI,ONE_SELECTED_RANGE_DOPPLER_CELL,1,1,0,0,0,31a85cf10323dcb0ff906b98f8f0dab39e853ab81d2695b1979df50869258a07,22e6f31c5c4e2c3cde7bf3c66911ddb8b196a313c5a379364a6eafcf4cd9ea4d,-11.4197201460617,19.8046629329308,10
299,MC1_K2_N1_L4_SP14_P1_R03,2,WHITE,1,4,2,P1,1,8,10,0.3,45,0,0,SPECIFIED_CORRELATION,14,14,5,3,42,MC1_BASE_N1_L4_P1_R03,MC1_BASE_N1_L4_P1_R03,430100042,430200042,WHITENED_SEQUENTIAL_BEAMSPACE_EXPECTED_TOTAL_SNR,STAGE8_K2_TANGENT_WHITE_SNR_MONTE_CARLO_AND_CLOSURE_V1,ONE_SYNTHETIC_CPI,ONE_SELECTED_RANGE_DOPPLER_CELL,1,1,0,0,0,31a85cf10323dcb0ff906b98f8f0dab39e853ab81d2695b1979df50869258a07,c05a7c3414b3744e8a1ffb62e07ef6cfd2229b2978a658576e9862ab4994d784,-7.41972014606171,23.8046629329308,14
300,MC1_K2_N1_L4_SP18_P1_R03,2,WHITE,1,4,2,P1,1,8,10,0.3,45,0,0,SPECIFIED_CORRELATION,18,18,6,3,42,MC1_BASE_N1_L4_P1_R03,MC1_BASE_N1_L4_P1_R03,430100042,430200042,WHITENED_SEQUENTIAL_BEAMSPACE_EXPECTED_TOTAL_SNR,STAGE8_K2_TANGENT_WHITE_SNR_MONTE_CARLO_AND_CLOSURE_V1,ONE_SYNTHETIC_CPI,ONE_SELECTED_RANGE_DOPPLER_CELL,1,1,0,0,0,31a85cf10323dcb0ff906b98f8f0dab39e853ab81d2695b1979df50869258a07,a7e79156e2dabc00dfea7fdcad7d86d9c3e70481ae011813f9714c267256486e,-3.41972014606171,27.8046629329308,18
301,MC1_K2_N1_L4_SP22_P1_R03,2,WHITE,1,4,2,P1,1,8,10,0.3,45,0,0,SPECIFIED_CORRELATION,22,22,7,3,42,MC1_BASE_N1_L4_P1_R03,MC1_BASE_N1_L4_P1_R03,430100042,430200042,WHITENED_SEQUENTIAL_BEAMSPACE_EXPECTED_TOTAL_SNR,STAGE8_K2_TANGENT_WHITE_SNR_MONTE_CARLO_AND_CLOSURE_V1,ONE_SYNTHETIC_CPI,ONE_SELECTED_RANGE_DOPPLER_CELL,1,1,0,0,0,31a85cf10323dcb0ff906b98f8f0dab39e853ab81d2695b1979df50869258a07,2dea227ef79f4f5defc0c41ff63ef0af0ddd2325c7041b1ee2b3d687b79d5b63,0.58027985393829,31.8046629329308,22
302,MC1_K2_N1_L4_SM6_P1_R04,2,WHITE,1,4,2,P1,1,8,10,0.3,45,0,0,SPECIFIED_CORRELATION,-6,-6,1,4,43,MC1_BASE_N1_L4_P1_R04,MC1_BASE_N1_L4_P1_R04,430100043,430200043,WHITENED_SEQUENTIAL_BEAMSPACE_EXPECTED_TOTAL_SNR,STAGE8_K2_TANGENT_WHITE_SNR_MONTE_CARLO_AND_CLOSURE_V1,ONE_SYNTHETIC_CPI,ONE_SELECTED_RANGE_DOPPLER_CELL,1,1,0,0,0,31a85cf10323dcb0ff906b98f8f0dab39e853ab81d2695b1979df50869258a07,0c1a72b7474cf6cfe4daaee30c0e2a36680e5dcf1cb705961bf30f76713a02fb,-27.4197201460617,3.80466293293078,-6
303,MC1_K2_N1_L4_SP0_P1_R04,2,WHITE,1,4,2,P1,1,8,10,0.3,45,0,0,SPECIFIED_CORRELATION,0,0,2,4,43,MC1_BASE_N1_L4_P1_R04,MC1_BASE_N1_L4_P1_R04,430100043,430200043,WHITENED_SEQUENTIAL_BEAMSPACE_EXPECTED_TOTAL_SNR,STAGE8_K2_TANGENT_WHITE_SNR_MONTE_CARLO_AND_CLOSURE_V1,ONE_SYNTHETIC_CPI,ONE_SELECTED_RANGE_DOPPLER_CELL,1,1,0,0,0,31a85cf10323dcb0ff906b98f8f0dab39e853ab81d2695b1979df50869258a07,dfbb71a7bd785195d169b2718c930a363c6d167e530850170e2bb488ae6d8d9d,-21.4197201460617,9.80466293293078,9.64327466553287e-16
304,MC1_K2_N1_L4_SP6_P1_R04,2,WHITE,1,4,2,P1,1,8,10,0.3,45,0,0,SPECIFIED_CORRELATION,6,6,3,4,43,MC1_BASE_N1_L4_P1_R04,MC1_BASE_N1_L4_P1_R04,430100043,430200043,WHITENED_SEQUENTIAL_BEAMSPACE_EXPECTED_TOTAL_SNR,STAGE8_K2_TANGENT_WHITE_SNR_MONTE_CARLO_AND_CLOSURE_V1,ONE_SYNTHETIC_CPI,ONE_SELECTED_RANGE_DOPPLER_CELL,1,1,0,0,0,31a85cf10323dcb0ff906b98f8f0dab39e853ab81d2695b1979df50869258a07,dab0f4e061df0e44cb464b90adbdac5b596a00349ccbe4890edf3ec93a96deaa,-15.4197201460617,15.8046629329308,6
305,MC1_K2_N1_L4_SP10_P1_R04,2,WHITE,1,4,2,P1,1,8,10,0.3,45,0,0,SPECIFIED_CORRELATION,10,10,4,4,43,MC1_BASE_N1_L4_P1_R04,MC1_BASE_N1_L4_P1_R04,430100043,430200043,WHITENED_SEQUENTIAL_BEAMSPACE_EXPECTED_TOTAL_SNR,STAGE8_K2_TANGENT_WHITE_SNR_MONTE_CARLO_AND_CLOSURE_V1,ONE_SYNTHETIC_CPI,ONE_SELECTED_RANGE_DOPPLER_CELL,1,1,0,0,0,31a85cf10323dcb0ff906b98f8f0dab39e853ab81d2695b1979df50869258a07,884d8816e52ea6d78d7c11acf02caffa484e3216e34da4c7707a9061dc81a2a2,-11.4197201460617,19.8046629329308,10
306,MC1_K2_N1_L4_SP14_P1_R04,2,WHITE,1,4,2,P1,1,8,10,0.3,45,0,0,SPECIFIED_CORRELATION,14,14,5,4,43,MC1_BASE_N1_L4_P1_R04,MC1_BASE_N1_L4_P1_R04,430100043,430200043,WHITENED_SEQUENTIAL_BEAMSPACE_EXPECTED_TOTAL_SNR,STAGE8_K2_TANGENT_WHITE_SNR_MONTE_CARLO_AND_CLOSURE_V1,ONE_SYNTHETIC_CPI,ONE_SELECTED_RANGE_DOPPLER_CELL,1,1,0,0,0,31a85cf10323dcb0ff906b98f8f0dab39e853ab81d2695b1979df50869258a07,364eec457754931cd0f207f67c32174ee4a3756f0e34735a84a5c1c1fd91dfec,-7.41972014606171,23.8046629329308,14
307,MC1_K2_N1_L4_SP18_P1_R04,2,WHITE,1,4,2,P1,1,8,10,0.3,45,0,0,SPECIFIED_CORRELATION,18,18,6,4,43,MC1_BASE_N1_L4_P1_R04,MC1_BASE_N1_L4_P1_R04,430100043,430200043,WHITENED_SEQUENTIAL_BEAMSPACE_EXPECTED_TOTAL_SNR,STAGE8_K2_TANGENT_WHITE_SNR_MONTE_CARLO_AND_CLOSURE_V1,ONE_SYNTHETIC_CPI,ONE_SELECTED_RANGE_DOPPLER_CELL,1,1,0,0,0,31a85cf10323dcb0ff906b98f8f0dab39e853ab81d2695b1979df50869258a07,7349c24c7c3627b1f666bc7ada52ef2a5fda7e5603d9e2d44d9479506871775f,-3.41972014606171,27.8046629329308,18
308,MC1_K2_N1_L4_SP22_P1_R04,2,WHITE,1,4,2,P1,1,8,10,0.3,45,0,0,SPECIFIED_CORRELATION,22,22,7,4,43,MC1_BASE_N1_L4_P1_R04,MC1_BASE_N1_L4_P1_R04,430100043,430200043,WHITENED_SEQUENTIAL_BEAMSPACE_EXPECTED_TOTAL_SNR,STAGE8_K2_TANGENT_WHITE_SNR_MONTE_CARLO_AND_CLOSURE_V1,ONE_SYNTHETIC_CPI,ONE_SELECTED_RANGE_DOPPLER_CELL,1,1,0,0,0,31a85cf10323dcb0ff906b98f8f0dab39e853ab81d2695b1979df50869258a07,7980c14c16ce0ee74fa7c12680410ac95884598c71b56266130ff30ef22e308c,0.58027985393829,31.8046629329308,22
309,MC1_K2_N1_L4_SM6_P1_R05,2,WHITE,1,4,2,P1,1,8,10,0.3,45,0,0,SPECIFIED_CORRELATION,-6,-6,1,5,44,MC1_BASE_N1_L4_P1_R05,MC1_BASE_N1_L4_P1_R05,430100044,430200044,WHITENED_SEQUENTIAL_BEAMSPACE_EXPECTED_TOTAL_SNR,STAGE8_K2_TANGENT_WHITE_SNR_MONTE_CARLO_AND_CLOSURE_V1,ONE_SYNTHETIC_CPI,ONE_SELECTED_RANGE_DOPPLER_CELL,1,1,0,0,0,31a85cf10323dcb0ff906b98f8f0dab39e853ab81d2695b1979df50869258a07,19160ae3370fff7be46369b64d1e1a497555dfc800c546f4dc905115fc8abf96,-27.4197201460617,3.80466293293078,-6
310,MC1_K2_N1_L4_SP0_P1_R05,2,WHITE,1,4,2,P1,1,8,10,0.3,45,0,0,SPECIFIED_CORRELATION,0,0,2,5,44,MC1_BASE_N1_L4_P1_R05,MC1_BASE_N1_L4_P1_R05,430100044,430200044,WHITENED_SEQUENTIAL_BEAMSPACE_EXPECTED_TOTAL_SNR,STAGE8_K2_TANGENT_WHITE_SNR_MONTE_CARLO_AND_CLOSURE_V1,ONE_SYNTHETIC_CPI,ONE_SELECTED_RANGE_DOPPLER_CELL,1,1,0,0,0,31a85cf10323dcb0ff906b98f8f0dab39e853ab81d2695b1979df50869258a07,86bbb5a10f67dd5e988487afd84cf2e317722f50d48b275d56e2135d7814962e,-21.4197201460617,9.80466293293078,9.64327466553287e-16
311,MC1_K2_N1_L4_SP6_P1_R05,2,WHITE,1,4,2,P1,1,8,10,0.3,45,0,0,SPECIFIED_CORRELATION,6,6,3,5,44,MC1_BASE_N1_L4_P1_R05,MC1_BASE_N1_L4_P1_R05,430100044,430200044,WHITENED_SEQUENTIAL_BEAMSPACE_EXPECTED_TOTAL_SNR,STAGE8_K2_TANGENT_WHITE_SNR_MONTE_CARLO_AND_CLOSURE_V1,ONE_SYNTHETIC_CPI,ONE_SELECTED_RANGE_DOPPLER_CELL,1,1,0,0,0,31a85cf10323dcb0ff906b98f8f0dab39e853ab81d2695b1979df50869258a07,4a53f44cf716c8a180d56ccd6bc3e2d86dc2f8ade09fc6d2bec2f263ad730069,-15.4197201460617,15.8046629329308,6
312,MC1_K2_N1_L4_SP10_P1_R05,2,WHITE,1,4,2,P1,1,8,10,0.3,45,0,0,SPECIFIED_CORRELATION,10,10,4,5,44,MC1_BASE_N1_L4_P1_R05,MC1_BASE_N1_L4_P1_R05,430100044,430200044,WHITENED_SEQUENTIAL_BEAMSPACE_EXPECTED_TOTAL_SNR,STAGE8_K2_TANGENT_WHITE_SNR_MONTE_CARLO_AND_CLOSURE_V1,ONE_SYNTHETIC_CPI,ONE_SELECTED_RANGE_DOPPLER_CELL,1,1,0,0,0,31a85cf10323dcb0ff906b98f8f0dab39e853ab81d2695b1979df50869258a07,b2ee787e739797c5dd9a3f8e815aba61f92926918b87d53ca0be1d81d1839b69,-11.4197201460617,19.8046629329308,10
313,MC1_K2_N1_L4_SP14_P1_R05,2,WHITE,1,4,2,P1,1,8,10,0.3,45,0,0,SPECIFIED_CORRELATION,14,14,5,5,44,MC1_BASE_N1_L4_P1_R05,MC1_BASE_N1_L4_P1_R05,430100044,430200044,WHITENED_SEQUENTIAL_BEAMSPACE_EXPECTED_TOTAL_SNR,STAGE8_K2_TANGENT_WHITE_SNR_MONTE_CARLO_AND_CLOSURE_V1,ONE_SYNTHETIC_CPI,ONE_SELECTED_RANGE_DOPPLER_CELL,1,1,0,0,0,31a85cf10323dcb0ff906b98f8f0dab39e853ab81d2695b1979df50869258a07,d0202a65dfe2c11db00172a850a66a9f0667410e9ebfcf68850e99e8601c6c8f,-7.41972014606171,23.8046629329308,14
314,MC1_K2_N1_L4_SP18_P1_R05,2,WHITE,1,4,2,P1,1,8,10,0.3,45,0,0,SPECIFIED_CORRELATION,18,18,6,5,44,MC1_BASE_N1_L4_P1_R05,MC1_BASE_N1_L4_P1_R05,430100044,430200044,WHITENED_SEQUENTIAL_BEAMSPACE_EXPECTED_TOTAL_SNR,STAGE8_K2_TANGENT_WHITE_SNR_MONTE_CARLO_AND_CLOSURE_V1,ONE_SYNTHETIC_CPI,ONE_SELECTED_RANGE_DOPPLER_CELL,1,1,0,0,0,31a85cf10323dcb0ff906b98f8f0dab39e853ab81d2695b1979df50869258a07,9dbc8093af5448c2c2c4f90bade7aa79295770819353c760e75d45af8d3c326f,-3.41972014606171,27.8046629329308,18
315,MC1_K2_N1_L4_SP22_P1_R05,2,WHITE,1,4,2,P1,1,8,10,0.3,45,0,0,SPECIFIED_CORRELATION,22,22,7,5,44,MC1_BASE_N1_L4_P1_R05,MC1_BASE_N1_L4_P1_R05,430100044,430200044,WHITENED_SEQUENTIAL_BEAMSPACE_EXPECTED_TOTAL_SNR,STAGE8_K2_TANGENT_WHITE_SNR_MONTE_CARLO_AND_CLOSURE_V1,ONE_SYNTHETIC_CPI,ONE_SELECTED_RANGE_DOPPLER_CELL,1,1,0,0,0,31a85cf10323dcb0ff906b98f8f0dab39e853ab81d2695b1979df50869258a07,1a1c1e2bf36c6ddb42fed0dec369cdbf2d3fe898815bd1219dcf1cd44ee7b5f6,0.58027985393829,31.8046629329308,22
316,MC1_K2_N1_L4_SM6_P1_R06,2,WHITE,1,4,2,P1,1,8,10,0.3,45,0,0,SPECIFIED_CORRELATION,-6,-6,1,6,45,MC1_BASE_N1_L4_P1_R06,MC1_BASE_N1_L4_P1_R06,430100045,430200045,WHITENED_SEQUENTIAL_BEAMSPACE_EXPECTED_TOTAL_SNR,STAGE8_K2_TANGENT_WHITE_SNR_MONTE_CARLO_AND_CLOSURE_V1,ONE_SYNTHETIC_CPI,ONE_SELECTED_RANGE_DOPPLER_CELL,1,1,0,0,0,31a85cf10323dcb0ff906b98f8f0dab39e853ab81d2695b1979df50869258a07,60c0ddc81c0ae13e6fabbd71b79326d63535dcf4745c6d652dbca95c735c0661,-27.4197201460617,3.80466293293078,-6
317,MC1_K2_N1_L4_SP0_P1_R06,2,WHITE,1,4,2,P1,1,8,10,0.3,45,0,0,SPECIFIED_CORRELATION,0,0,2,6,45,MC1_BASE_N1_L4_P1_R06,MC1_BASE_N1_L4_P1_R06,430100045,430200045,WHITENED_SEQUENTIAL_BEAMSPACE_EXPECTED_TOTAL_SNR,STAGE8_K2_TANGENT_WHITE_SNR_MONTE_CARLO_AND_CLOSURE_V1,ONE_SYNTHETIC_CPI,ONE_SELECTED_RANGE_DOPPLER_CELL,1,1,0,0,0,31a85cf10323dcb0ff906b98f8f0dab39e853ab81d2695b1979df50869258a07,c87adaf3ec5d26d3496d73056ec2e1f8c321222ebe49b8ed26f462012ab68869,-21.4197201460617,9.80466293293078,9.64327466553287e-16
318,MC1_K2_N1_L4_SP6_P1_R06,2,WHITE,1,4,2,P1,1,8,10,0.3,45,0,0,SPECIFIED_CORRELATION,6,6,3,6,45,MC1_BASE_N1_L4_P1_R06,MC1_BASE_N1_L4_P1_R06,430100045,430200045,WHITENED_SEQUENTIAL_BEAMSPACE_EXPECTED_TOTAL_SNR,STAGE8_K2_TANGENT_WHITE_SNR_MONTE_CARLO_AND_CLOSURE_V1,ONE_SYNTHETIC_CPI,ONE_SELECTED_RANGE_DOPPLER_CELL,1,1,0,0,0,31a85cf10323dcb0ff906b98f8f0dab39e853ab81d2695b1979df50869258a07,033632411944fa612f7dd23af8a0c46462aaa84c3a863749ba85e8951c40a5f3,-15.4197201460617,15.8046629329308,6
319,MC1_K2_N1_L4_SP10_P1_R06,2,WHITE,1,4,2,P1,1,8,10,0.3,45,0,0,SPECIFIED_CORRELATION,10,10,4,6,45,MC1_BASE_N1_L4_P1_R06,MC1_BASE_N1_L4_P1_R06,430100045,430200045,WHITENED_SEQUENTIAL_BEAMSPACE_EXPECTED_TOTAL_SNR,STAGE8_K2_TANGENT_WHITE_SNR_MONTE_CARLO_AND_CLOSURE_V1,ONE_SYNTHETIC_CPI,ONE_SELECTED_RANGE_DOPPLER_CELL,1,1,0,0,0,31a85cf10323dcb0ff906b98f8f0dab39e853ab81d2695b1979df50869258a07,12407207fbbb37104fef45df72e756444080af12f0b5890f521b61bd4069db12,-11.4197201460617,19.8046629329308,10
320,MC1_K2_N1_L4_SP14_P1_R06,2,WHITE,1,4,2,P1,1,8,10,0.3,45,0,0,SPECIFIED_CORRELATION,14,14,5,6,45,MC1_BASE_N1_L4_P1_R06,MC1_BASE_N1_L4_P1_R06,430100045,430200045,WHITENED_SEQUENTIAL_BEAMSPACE_EXPECTED_TOTAL_SNR,STAGE8_K2_TANGENT_WHITE_SNR_MONTE_CARLO_AND_CLOSURE_V1,ONE_SYNTHETIC_CPI,ONE_SELECTED_RANGE_DOPPLER_CELL,1,1,0,0,0,31a85cf10323dcb0ff906b98f8f0dab39e853ab81d2695b1979df50869258a07,40d778cd583ce1db8e06d8ef5d35db1440734ae2ec570e7e6ddbc99293f2b17d,-7.41972014606171,23.8046629329308,14
321,MC1_K2_N1_L4_SP18_P1_R06,2,WHITE,1,4,2,P1,1,8,10,0.3,45,0,0,SPECIFIED_CORRELATION,18,18,6,6,45,MC1_BASE_N1_L4_P1_R06,MC1_BASE_N1_L4_P1_R06,430100045,430200045,WHITENED_SEQUENTIAL_BEAMSPACE_EXPECTED_TOTAL_SNR,STAGE8_K2_TANGENT_WHITE_SNR_MONTE_CARLO_AND_CLOSURE_V1,ONE_SYNTHETIC_CPI,ONE_SELECTED_RANGE_DOPPLER_CELL,1,1,0,0,0,31a85cf10323dcb0ff906b98f8f0dab39e853ab81d2695b1979df50869258a07,1e486eadafb5a4c65d5cb2b035cec076e41ce473d746752e7b447e9f80de991e,-3.41972014606171,27.8046629329308,18
322,MC1_K2_N1_L4_SP22_P1_R06,2,WHITE,1,4,2,P1,1,8,10,0.3,45,0,0,SPECIFIED_CORRELATION,22,22,7,6,45,MC1_BASE_N1_L4_P1_R06,MC1_BASE_N1_L4_P1_R06,430100045,430200045,WHITENED_SEQUENTIAL_BEAMSPACE_EXPECTED_TOTAL_SNR,STAGE8_K2_TANGENT_WHITE_SNR_MONTE_CARLO_AND_CLOSURE_V1,ONE_SYNTHETIC_CPI,ONE_SELECTED_RANGE_DOPPLER_CELL,1,1,0,0,0,31a85cf10323dcb0ff906b98f8f0dab39e853ab81d2695b1979df50869258a07,a11f865f64d614feb1498945010f54ab7342dc522048204a531dad116ed7c394,0.58027985393829,31.8046629329308,22
323,MC1_K2_N1_L4_SM6_P1_R07,2,WHITE,1,4,2,P1,1,8,10,0.3,45,0,0,SPECIFIED_CORRELATION,-6,-6,1,7,46,MC1_BASE_N1_L4_P1_R07,MC1_BASE_N1_L4_P1_R07,430100046,430200046,WHITENED_SEQUENTIAL_BEAMSPACE_EXPECTED_TOTAL_SNR,STAGE8_K2_TANGENT_WHITE_SNR_MONTE_CARLO_AND_CLOSURE_V1,ONE_SYNTHETIC_CPI,ONE_SELECTED_RANGE_DOPPLER_CELL,1,1,0,0,0,31a85cf10323dcb0ff906b98f8f0dab39e853ab81d2695b1979df50869258a07,73071fc9a963bdec25cead94ce1e5943f62d92a87003b30ffb3f7489631e83b2,-27.4197201460617,3.80466293293078,-6
324,MC1_K2_N1_L4_SP0_P1_R07,2,WHITE,1,4,2,P1,1,8,10,0.3,45,0,0,SPECIFIED_CORRELATION,0,0,2,7,46,MC1_BASE_N1_L4_P1_R07,MC1_BASE_N1_L4_P1_R07,430100046,430200046,WHITENED_SEQUENTIAL_BEAMSPACE_EXPECTED_TOTAL_SNR,STAGE8_K2_TANGENT_WHITE_SNR_MONTE_CARLO_AND_CLOSURE_V1,ONE_SYNTHETIC_CPI,ONE_SELECTED_RANGE_DOPPLER_CELL,1,1,0,0,0,31a85cf10323dcb0ff906b98f8f0dab39e853ab81d2695b1979df50869258a07,2999b035de6571f8a5e935746d65850e05dcd1ba874e261181744d6aee3d95b4,-21.4197201460617,9.80466293293078,9.64327466553287e-16
325,MC1_K2_N1_L4_SP6_P1_R07,2,WHITE,1,4,2,P1,1,8,10,0.3,45,0,0,SPECIFIED_CORRELATION,6,6,3,7,46,MC1_BASE_N1_L4_P1_R07,MC1_BASE_N1_L4_P1_R07,430100046,430200046,WHITENED_SEQUENTIAL_BEAMSPACE_EXPECTED_TOTAL_SNR,STAGE8_K2_TANGENT_WHITE_SNR_MONTE_CARLO_AND_CLOSURE_V1,ONE_SYNTHETIC_CPI,ONE_SELECTED_RANGE_DOPPLER_CELL,1,1,0,0,0,31a85cf10323dcb0ff906b98f8f0dab39e853ab81d2695b1979df50869258a07,5ed2e85ad03ddeb6af37f3d3ddcaaa8da3ec81ce7f7b4ef5077b236d3ce0299e,-15.4197201460617,15.8046629329308,6
326,MC1_K2_N1_L4_SP10_P1_R07,2,WHITE,1,4,2,P1,1,8,10,0.3,45,0,0,SPECIFIED_CORRELATION,10,10,4,7,46,MC1_BASE_N1_L4_P1_R07,MC1_BASE_N1_L4_P1_R07,430100046,430200046,WHITENED_SEQUENTIAL_BEAMSPACE_EXPECTED_TOTAL_SNR,STAGE8_K2_TANGENT_WHITE_SNR_MONTE_CARLO_AND_CLOSURE_V1,ONE_SYNTHETIC_CPI,ONE_SELECTED_RANGE_DOPPLER_CELL,1,1,0,0,0,31a85cf10323dcb0ff906b98f8f0dab39e853ab81d2695b1979df50869258a07,1365a4274c3bee60fdddd81d6a47b31fc38deb3f872de9956efe1a72994e4b50,-11.4197201460617,19.8046629329308,10
327,MC1_K2_N1_L4_SP14_P1_R07,2,WHITE,1,4,2,P1,1,8,10,0.3,45,0,0,SPECIFIED_CORRELATION,14,14,5,7,46,MC1_BASE_N1_L4_P1_R07,MC1_BASE_N1_L4_P1_R07,430100046,430200046,WHITENED_SEQUENTIAL_BEAMSPACE_EXPECTED_TOTAL_SNR,STAGE8_K2_TANGENT_WHITE_SNR_MONTE_CARLO_AND_CLOSURE_V1,ONE_SYNTHETIC_CPI,ONE_SELECTED_RANGE_DOPPLER_CELL,1,1,0,0,0,31a85cf10323dcb0ff906b98f8f0dab39e853ab81d2695b1979df50869258a07,1ef31dd43883e9993b8ede1acfe50f4bc3bd583ff64bb452f2979679af03b4b5,-7.41972014606171,23.8046629329308,14
328,MC1_K2_N1_L4_SP18_P1_R07,2,WHITE,1,4,2,P1,1,8,10,0.3,45,0,0,SPECIFIED_CORRELATION,18,18,6,7,46,MC1_BASE_N1_L4_P1_R07,MC1_BASE_N1_L4_P1_R07,430100046,430200046,WHITENED_SEQUENTIAL_BEAMSPACE_EXPECTED_TOTAL_SNR,STAGE8_K2_TANGENT_WHITE_SNR_MONTE_CARLO_AND_CLOSURE_V1,ONE_SYNTHETIC_CPI,ONE_SELECTED_RANGE_DOPPLER_CELL,1,1,0,0,0,31a85cf10323dcb0ff906b98f8f0dab39e853ab81d2695b1979df50869258a07,558ccfa61825878b19510ea560727e5e5ceaa090aa55b05dd8cdaaef07c3d017,-3.41972014606171,27.8046629329308,18
329,MC1_K2_N1_L4_SP22_P1_R07,2,WHITE,1,4,2,P1,1,8,10,0.3,45,0,0,SPECIFIED_CORRELATION,22,22,7,7,46,MC1_BASE_N1_L4_P1_R07,MC1_BASE_N1_L4_P1_R07,430100046,430200046,WHITENED_SEQUENTIAL_BEAMSPACE_EXPECTED_TOTAL_SNR,STAGE8_K2_TANGENT_WHITE_SNR_MONTE_CARLO_AND_CLOSURE_V1,ONE_SYNTHETIC_CPI,ONE_SELECTED_RANGE_DOPPLER_CELL,1,1,0,0,0,31a85cf10323dcb0ff906b98f8f0dab39e853ab81d2695b1979df50869258a07,66fcfac323b0226a5a6ac20be83ef7dbb84498b2d030bb3faaa91c5fa44e9292,0.58027985393829,31.8046629329308,22
330,MC1_K2_N1_L4_SM6_P1_R08,2,WHITE,1,4,2,P1,1,8,10,0.3,45,0,0,SPECIFIED_CORRELATION,-6,-6,1,8,47,MC1_BASE_N1_L4_P1_R08,MC1_BASE_N1_L4_P1_R08,430100047,430200047,WHITENED_SEQUENTIAL_BEAMSPACE_EXPECTED_TOTAL_SNR,STAGE8_K2_TANGENT_WHITE_SNR_MONTE_CARLO_AND_CLOSURE_V1,ONE_SYNTHETIC_CPI,ONE_SELECTED_RANGE_DOPPLER_CELL,1,1,0,0,0,31a85cf10323dcb0ff906b98f8f0dab39e853ab81d2695b1979df50869258a07,b69dfc4437ec3cdde88023f9a7759e9f32978210d57b62a2dbd60fe672e7bdf3,-27.4197201460617,3.80466293293078,-6
331,MC1_K2_N1_L4_SP0_P1_R08,2,WHITE,1,4,2,P1,1,8,10,0.3,45,0,0,SPECIFIED_CORRELATION,0,0,2,8,47,MC1_BASE_N1_L4_P1_R08,MC1_BASE_N1_L4_P1_R08,430100047,430200047,WHITENED_SEQUENTIAL_BEAMSPACE_EXPECTED_TOTAL_SNR,STAGE8_K2_TANGENT_WHITE_SNR_MONTE_CARLO_AND_CLOSURE_V1,ONE_SYNTHETIC_CPI,ONE_SELECTED_RANGE_DOPPLER_CELL,1,1,0,0,0,31a85cf10323dcb0ff906b98f8f0dab39e853ab81d2695b1979df50869258a07,57cd2e4269ed706aa9b5b436510d9241a24c6c224b633e3a2bb93ff2c326868d,-21.4197201460617,9.80466293293078,9.64327466553287e-16
332,MC1_K2_N1_L4_SP6_P1_R08,2,WHITE,1,4,2,P1,1,8,10,0.3,45,0,0,SPECIFIED_CORRELATION,6,6,3,8,47,MC1_BASE_N1_L4_P1_R08,MC1_BASE_N1_L4_P1_R08,430100047,430200047,WHITENED_SEQUENTIAL_BEAMSPACE_EXPECTED_TOTAL_SNR,STAGE8_K2_TANGENT_WHITE_SNR_MONTE_CARLO_AND_CLOSURE_V1,ONE_SYNTHETIC_CPI,ONE_SELECTED_RANGE_DOPPLER_CELL,1,1,0,0,0,31a85cf10323dcb0ff906b98f8f0dab39e853ab81d2695b1979df50869258a07,6cebb66a99d583d2651f2bba918db8ecf318ea8802e3f82fe2da819f8b9894d6,-15.4197201460617,15.8046629329308,6
333,MC1_K2_N1_L4_SP10_P1_R08,2,WHITE,1,4,2,P1,1,8,10,0.3,45,0,0,SPECIFIED_CORRELATION,10,10,4,8,47,MC1_BASE_N1_L4_P1_R08,MC1_BASE_N1_L4_P1_R08,430100047,430200047,WHITENED_SEQUENTIAL_BEAMSPACE_EXPECTED_TOTAL_SNR,STAGE8_K2_TANGENT_WHITE_SNR_MONTE_CARLO_AND_CLOSURE_V1,ONE_SYNTHETIC_CPI,ONE_SELECTED_RANGE_DOPPLER_CELL,1,1,0,0,0,31a85cf10323dcb0ff906b98f8f0dab39e853ab81d2695b1979df50869258a07,1792ce076cfc1f4f0aadf4499d68e504c5276d6e4f8146ce9c325eb11a15b0fb,-11.4197201460617,19.8046629329308,10
334,MC1_K2_N1_L4_SP14_P1_R08,2,WHITE,1,4,2,P1,1,8,10,0.3,45,0,0,SPECIFIED_CORRELATION,14,14,5,8,47,MC1_BASE_N1_L4_P1_R08,MC1_BASE_N1_L4_P1_R08,430100047,430200047,WHITENED_SEQUENTIAL_BEAMSPACE_EXPECTED_TOTAL_SNR,STAGE8_K2_TANGENT_WHITE_SNR_MONTE_CARLO_AND_CLOSURE_V1,ONE_SYNTHETIC_CPI,ONE_SELECTED_RANGE_DOPPLER_CELL,1,1,0,0,0,31a85cf10323dcb0ff906b98f8f0dab39e853ab81d2695b1979df50869258a07,808c1fec344401ee0f606eb48c462479bb7813f4bc7a81012cf23fdb2ae665dd,-7.41972014606171,23.8046629329308,14
335,MC1_K2_N1_L4_SP18_P1_R08,2,WHITE,1,4,2,P1,1,8,10,0.3,45,0,0,SPECIFIED_CORRELATION,18,18,6,8,47,MC1_BASE_N1_L4_P1_R08,MC1_BASE_N1_L4_P1_R08,430100047,430200047,WHITENED_SEQUENTIAL_BEAMSPACE_EXPECTED_TOTAL_SNR,STAGE8_K2_TANGENT_WHITE_SNR_MONTE_CARLO_AND_CLOSURE_V1,ONE_SYNTHETIC_CPI,ONE_SELECTED_RANGE_DOPPLER_CELL,1,1,0,0,0,31a85cf10323dcb0ff906b98f8f0dab39e853ab81d2695b1979df50869258a07,8a1e33ae90305830d0370b3be68b6136d1f537e31051d551b7f15bc7b7aca630,-3.41972014606171,27.8046629329308,18
336,MC1_K2_N1_L4_SP22_P1_R08,2,WHITE,1,4,2,P1,1,8,10,0.3,45,0,0,SPECIFIED_CORRELATION,22,22,7,8,47,MC1_BASE_N1_L4_P1_R08,MC1_BASE_N1_L4_P1_R08,430100047,430200047,WHITENED_SEQUENTIAL_BEAMSPACE_EXPECTED_TOTAL_SNR,STAGE8_K2_TANGENT_WHITE_SNR_MONTE_CARLO_AND_CLOSURE_V1,ONE_SYNTHETIC_CPI,ONE_SELECTED_RANGE_DOPPLER_CELL,1,1,0,0,0,31a85cf10323dcb0ff906b98f8f0dab39e853ab81d2695b1979df50869258a07,fa93760d2cc2d427dcd754e6df07a76a1e22088e9d25f4698b1ed6b56a55515f,0.58027985393829,31.8046629329308,22
337,MC1_K2_N1_L4_SM6_P1_R09,2,WHITE,1,4,2,P1,1,8,10,0.3,45,0,0,SPECIFIED_CORRELATION,-6,-6,1,9,48,MC1_BASE_N1_L4_P1_R09,MC1_BASE_N1_L4_P1_R09,430100048,430200048,WHITENED_SEQUENTIAL_BEAMSPACE_EXPECTED_TOTAL_SNR,STAGE8_K2_TANGENT_WHITE_SNR_MONTE_CARLO_AND_CLOSURE_V1,ONE_SYNTHETIC_CPI,ONE_SELECTED_RANGE_DOPPLER_CELL,1,1,0,0,0,31a85cf10323dcb0ff906b98f8f0dab39e853ab81d2695b1979df50869258a07,32560a5a36989ca19ec5320f5c16ce03dbd8df6848825cb62214bc1e98e5d801,-27.4197201460617,3.80466293293078,-6
338,MC1_K2_N1_L4_SP0_P1_R09,2,WHITE,1,4,2,P1,1,8,10,0.3,45,0,0,SPECIFIED_CORRELATION,0,0,2,9,48,MC1_BASE_N1_L4_P1_R09,MC1_BASE_N1_L4_P1_R09,430100048,430200048,WHITENED_SEQUENTIAL_BEAMSPACE_EXPECTED_TOTAL_SNR,STAGE8_K2_TANGENT_WHITE_SNR_MONTE_CARLO_AND_CLOSURE_V1,ONE_SYNTHETIC_CPI,ONE_SELECTED_RANGE_DOPPLER_CELL,1,1,0,0,0,31a85cf10323dcb0ff906b98f8f0dab39e853ab81d2695b1979df50869258a07,2f84753d0f2fe7cb0d04e59d45d8482cb787c9bda6339a37791509e1c5364ce7,-21.4197201460617,9.80466293293078,9.64327466553287e-16
339,MC1_K2_N1_L4_SP6_P1_R09,2,WHITE,1,4,2,P1,1,8,10,0.3,45,0,0,SPECIFIED_CORRELATION,6,6,3,9,48,MC1_BASE_N1_L4_P1_R09,MC1_BASE_N1_L4_P1_R09,430100048,430200048,WHITENED_SEQUENTIAL_BEAMSPACE_EXPECTED_TOTAL_SNR,STAGE8_K2_TANGENT_WHITE_SNR_MONTE_CARLO_AND_CLOSURE_V1,ONE_SYNTHETIC_CPI,ONE_SELECTED_RANGE_DOPPLER_CELL,1,1,0,0,0,31a85cf10323dcb0ff906b98f8f0dab39e853ab81d2695b1979df50869258a07,5b24b7ca9fbf8ddb1c44b2e62af7da9ee9b9208bb24a6df18a6b1f9ba4eb8e7c,-15.4197201460617,15.8046629329308,6
340,MC1_K2_N1_L4_SP10_P1_R09,2,WHITE,1,4,2,P1,1,8,10,0.3,45,0,0,SPECIFIED_CORRELATION,10,10,4,9,48,MC1_BASE_N1_L4_P1_R09,MC1_BASE_N1_L4_P1_R09,430100048,430200048,WHITENED_SEQUENTIAL_BEAMSPACE_EXPECTED_TOTAL_SNR,STAGE8_K2_TANGENT_WHITE_SNR_MONTE_CARLO_AND_CLOSURE_V1,ONE_SYNTHETIC_CPI,ONE_SELECTED_RANGE_DOPPLER_CELL,1,1,0,0,0,31a85cf10323dcb0ff906b98f8f0dab39e853ab81d2695b1979df50869258a07,1aa006509513917c3ea79274f4602a7359571ce6910e6f084d8b21207385c13b,-11.4197201460617,19.8046629329308,10
341,MC1_K2_N1_L4_SP14_P1_R09,2,WHITE,1,4,2,P1,1,8,10,0.3,45,0,0,SPECIFIED_CORRELATION,14,14,5,9,48,MC1_BASE_N1_L4_P1_R09,MC1_BASE_N1_L4_P1_R09,430100048,430200048,WHITENED_SEQUENTIAL_BEAMSPACE_EXPECTED_TOTAL_SNR,STAGE8_K2_TANGENT_WHITE_SNR_MONTE_CARLO_AND_CLOSURE_V1,ONE_SYNTHETIC_CPI,ONE_SELECTED_RANGE_DOPPLER_CELL,1,1,0,0,0,31a85cf10323dcb0ff906b98f8f0dab39e853ab81d2695b1979df50869258a07,46846dc8eee49da1db17fb14b4cf03191eaabb1976aef9fb48eb875a1b3a00bc,-7.41972014606171,23.8046629329308,14
342,MC1_K2_N1_L4_SP18_P1_R09,2,WHITE,1,4,2,P1,1,8,10,0.3,45,0,0,SPECIFIED_CORRELATION,18,18,6,9,48,MC1_BASE_N1_L4_P1_R09,MC1_BASE_N1_L4_P1_R09,430100048,430200048,WHITENED_SEQUENTIAL_BEAMSPACE_EXPECTED_TOTAL_SNR,STAGE8_K2_TANGENT_WHITE_SNR_MONTE_CARLO_AND_CLOSURE_V1,ONE_SYNTHETIC_CPI,ONE_SELECTED_RANGE_DOPPLER_CELL,1,1,0,0,0,31a85cf10323dcb0ff906b98f8f0dab39e853ab81d2695b1979df50869258a07,02117d4100b3ce9a05db86a359f13d4e2a4e269cef57ac1fe98f7eff060ee31d,-3.41972014606171,27.8046629329308,18
343,MC1_K2_N1_L4_SP22_P1_R09,2,WHITE,1,4,2,P1,1,8,10,0.3,45,0,0,SPECIFIED_CORRELATION,22,22,7,9,48,MC1_BASE_N1_L4_P1_R09,MC1_BASE_N1_L4_P1_R09,430100048,430200048,WHITENED_SEQUENTIAL_BEAMSPACE_EXPECTED_TOTAL_SNR,STAGE8_K2_TANGENT_WHITE_SNR_MONTE_CARLO_AND_CLOSURE_V1,ONE_SYNTHETIC_CPI,ONE_SELECTED_RANGE_DOPPLER_CELL,1,1,0,0,0,31a85cf10323dcb0ff906b98f8f0dab39e853ab81d2695b1979df50869258a07,9cda002c800b71bb7b81c25f99d3bbec5c1fe7eb63f1b81c86e5c6563959d67f,0.58027985393829,31.8046629329308,22
344,MC1_K2_N1_L4_SM6_P1_R10,2,WHITE,1,4,2,P1,1,8,10,0.3,45,0,0,SPECIFIED_CORRELATION,-6,-6,1,10,49,MC1_BASE_N1_L4_P1_R10,MC1_BASE_N1_L4_P1_R10,430100049,430200049,WHITENED_SEQUENTIAL_BEAMSPACE_EXPECTED_TOTAL_SNR,STAGE8_K2_TANGENT_WHITE_SNR_MONTE_CARLO_AND_CLOSURE_V1,ONE_SYNTHETIC_CPI,ONE_SELECTED_RANGE_DOPPLER_CELL,1,1,0,0,0,31a85cf10323dcb0ff906b98f8f0dab39e853ab81d2695b1979df50869258a07,f77d2064cc8ac27a8809dbffd21bd889d7bf7fcac1dbb67ea66f93c7e1061df2,-27.4197201460617,3.80466293293078,-6
345,MC1_K2_N1_L4_SP0_P1_R10,2,WHITE,1,4,2,P1,1,8,10,0.3,45,0,0,SPECIFIED_CORRELATION,0,0,2,10,49,MC1_BASE_N1_L4_P1_R10,MC1_BASE_N1_L4_P1_R10,430100049,430200049,WHITENED_SEQUENTIAL_BEAMSPACE_EXPECTED_TOTAL_SNR,STAGE8_K2_TANGENT_WHITE_SNR_MONTE_CARLO_AND_CLOSURE_V1,ONE_SYNTHETIC_CPI,ONE_SELECTED_RANGE_DOPPLER_CELL,1,1,0,0,0,31a85cf10323dcb0ff906b98f8f0dab39e853ab81d2695b1979df50869258a07,c0c88b107236db9daa7fa0f2783541cc68ccfd6dd466273b5f0d128dd45c6054,-21.4197201460617,9.80466293293078,9.64327466553287e-16
346,MC1_K2_N1_L4_SP6_P1_R10,2,WHITE,1,4,2,P1,1,8,10,0.3,45,0,0,SPECIFIED_CORRELATION,6,6,3,10,49,MC1_BASE_N1_L4_P1_R10,MC1_BASE_N1_L4_P1_R10,430100049,430200049,WHITENED_SEQUENTIAL_BEAMSPACE_EXPECTED_TOTAL_SNR,STAGE8_K2_TANGENT_WHITE_SNR_MONTE_CARLO_AND_CLOSURE_V1,ONE_SYNTHETIC_CPI,ONE_SELECTED_RANGE_DOPPLER_CELL,1,1,0,0,0,31a85cf10323dcb0ff906b98f8f0dab39e853ab81d2695b1979df50869258a07,57e0629fa97e8775198c9c5e5ca1ee0cbbd82623e240b0e2ad2c8335d9a5a7a5,-15.4197201460617,15.8046629329308,6
347,MC1_K2_N1_L4_SP10_P1_R10,2,WHITE,1,4,2,P1,1,8,10,0.3,45,0,0,SPECIFIED_CORRELATION,10,10,4,10,49,MC1_BASE_N1_L4_P1_R10,MC1_BASE_N1_L4_P1_R10,430100049,430200049,WHITENED_SEQUENTIAL_BEAMSPACE_EXPECTED_TOTAL_SNR,STAGE8_K2_TANGENT_WHITE_SNR_MONTE_CARLO_AND_CLOSURE_V1,ONE_SYNTHETIC_CPI,ONE_SELECTED_RANGE_DOPPLER_CELL,1,1,0,0,0,31a85cf10323dcb0ff906b98f8f0dab39e853ab81d2695b1979df50869258a07,cfa4ec65048840e660526c31baad6001eb436957cf68d0a127715ae716754d4e,-11.4197201460617,19.8046629329308,10
348,MC1_K2_N1_L4_SP14_P1_R10,2,WHITE,1,4,2,P1,1,8,10,0.3,45,0,0,SPECIFIED_CORRELATION,14,14,5,10,49,MC1_BASE_N1_L4_P1_R10,MC1_BASE_N1_L4_P1_R10,430100049,430200049,WHITENED_SEQUENTIAL_BEAMSPACE_EXPECTED_TOTAL_SNR,STAGE8_K2_TANGENT_WHITE_SNR_MONTE_CARLO_AND_CLOSURE_V1,ONE_SYNTHETIC_CPI,ONE_SELECTED_RANGE_DOPPLER_CELL,1,1,0,0,0,31a85cf10323dcb0ff906b98f8f0dab39e853ab81d2695b1979df50869258a07,9467780a72a9a1545be56b92a2f39f069f8055b3eee350a75340131291a76584,-7.41972014606171,23.8046629329308,14
349,MC1_K2_N1_L4_SP18_P1_R10,2,WHITE,1,4,2,P1,1,8,10,0.3,45,0,0,SPECIFIED_CORRELATION,18,18,6,10,49,MC1_BASE_N1_L4_P1_R10,MC1_BASE_N1_L4_P1_R10,430100049,430200049,WHITENED_SEQUENTIAL_BEAMSPACE_EXPECTED_TOTAL_SNR,STAGE8_K2_TANGENT_WHITE_SNR_MONTE_CARLO_AND_CLOSURE_V1,ONE_SYNTHETIC_CPI,ONE_SELECTED_RANGE_DOPPLER_CELL,1,1,0,0,0,31a85cf10323dcb0ff906b98f8f0dab39e853ab81d2695b1979df50869258a07,17958ab2aae25ddcd3976cf7b8cd7b9046af7936251a98254339ca2d3abb6a70,-3.41972014606171,27.8046629329308,18
350,MC1_K2_N1_L4_SP22_P1_R10,2,WHITE,1,4,2,P1,1,8,10,0.3,45,0,0,SPECIFIED_CORRELATION,22,22,7,10,49,MC1_BASE_N1_L4_P1_R10,MC1_BASE_N1_L4_P1_R10,430100049,430200049,WHITENED_SEQUENTIAL_BEAMSPACE_EXPECTED_TOTAL_SNR,STAGE8_K2_TANGENT_WHITE_SNR_MONTE_CARLO_AND_CLOSURE_V1,ONE_SYNTHETIC_CPI,ONE_SELECTED_RANGE_DOPPLER_CELL,1,1,0,0,0,31a85cf10323dcb0ff906b98f8f0dab39e853ab81d2695b1979df50869258a07,c27de10bca4118915f33b15f53bd26b68e9adae49010eee78edf6f0428d1fe1b,0.58027985393829,31.8046629329308,22
351,MC1_K2_N1_L4_SM6_P2_R01,2,WHITE,1,4,2,P2,2,8.2,10,0.2,0,-6,0,SPECIFIED_CORRELATION,-6,-6,1,1,50,MC1_BASE_N1_L4_P2_R01,MC1_BASE_N1_L4_P2_R01,430100050,430200050,WHITENED_SEQUENTIAL_BEAMSPACE_EXPECTED_TOTAL_SNR,STAGE8_K2_TANGENT_WHITE_SNR_MONTE_CARLO_AND_CLOSURE_V1,ONE_SYNTHETIC_CPI,ONE_SELECTED_RANGE_DOPPLER_CELL,1,1,0,0,0,31a85cf10323dcb0ff906b98f8f0dab39e853ab81d2695b1979df50869258a07,ef713d5bca1943864bf9658ec74c4169c9dbcd5494e341c1a622319c9a4b00a7,-27.4197207417143,3.80240599493617,-6
352,MC1_K2_N1_L4_SP0_P2_R01,2,WHITE,1,4,2,P2,2,8.2,10,0.2,0,-6,0,SPECIFIED_CORRELATION,0,0,2,1,50,MC1_BASE_N1_L4_P2_R01,MC1_BASE_N1_L4_P2_R01,430100050,430200050,WHITENED_SEQUENTIAL_BEAMSPACE_EXPECTED_TOTAL_SNR,STAGE8_K2_TANGENT_WHITE_SNR_MONTE_CARLO_AND_CLOSURE_V1,ONE_SYNTHETIC_CPI,ONE_SELECTED_RANGE_DOPPLER_CELL,1,1,0,0,0,31a85cf10323dcb0ff906b98f8f0dab39e853ab81d2695b1979df50869258a07,2231e895bb2662bb7ce1acbcdceac3d72996b6ff5ff1a336d14582734d3c2f10,-21.4197207417143,9.80240599493617,2.89298239965986e-15
353,MC1_K2_N1_L4_SP6_P2_R01,2,WHITE,1,4,2,P2,2,8.2,10,0.2,0,-6,0,SPECIFIED_CORRELATION,6,6,3,1,50,MC1_BASE_N1_L4_P2_R01,MC1_BASE_N1_L4_P2_R01,430100050,430200050,WHITENED_SEQUENTIAL_BEAMSPACE_EXPECTED_TOTAL_SNR,STAGE8_K2_TANGENT_WHITE_SNR_MONTE_CARLO_AND_CLOSURE_V1,ONE_SYNTHETIC_CPI,ONE_SELECTED_RANGE_DOPPLER_CELL,1,1,0,0,0,31a85cf10323dcb0ff906b98f8f0dab39e853ab81d2695b1979df50869258a07,e0522d7c579f98b59085a6163fc5f49480ff23019133dad7a1657332f6ed6263,-15.4197207417143,15.8024059949362,6
354,MC1_K2_N1_L4_SP10_P2_R01,2,WHITE,1,4,2,P2,2,8.2,10,0.2,0,-6,0,SPECIFIED_CORRELATION,10,10,4,1,50,MC1_BASE_N1_L4_P2_R01,MC1_BASE_N1_L4_P2_R01,430100050,430200050,WHITENED_SEQUENTIAL_BEAMSPACE_EXPECTED_TOTAL_SNR,STAGE8_K2_TANGENT_WHITE_SNR_MONTE_CARLO_AND_CLOSURE_V1,ONE_SYNTHETIC_CPI,ONE_SELECTED_RANGE_DOPPLER_CELL,1,1,0,0,0,31a85cf10323dcb0ff906b98f8f0dab39e853ab81d2695b1979df50869258a07,1f92d8a23c6c1726fb1e4a148bb6486159b3d7066394b69d0fdf228573438b1d,-11.4197207417143,19.8024059949362,10
355,MC1_K2_N1_L4_SP14_P2_R01,2,WHITE,1,4,2,P2,2,8.2,10,0.2,0,-6,0,SPECIFIED_CORRELATION,14,14,5,1,50,MC1_BASE_N1_L4_P2_R01,MC1_BASE_N1_L4_P2_R01,430100050,430200050,WHITENED_SEQUENTIAL_BEAMSPACE_EXPECTED_TOTAL_SNR,STAGE8_K2_TANGENT_WHITE_SNR_MONTE_CARLO_AND_CLOSURE_V1,ONE_SYNTHETIC_CPI,ONE_SELECTED_RANGE_DOPPLER_CELL,1,1,0,0,0,31a85cf10323dcb0ff906b98f8f0dab39e853ab81d2695b1979df50869258a07,e1851707b1b4a652524d0178de48bf4d2c7e960cb186148554e5bdaa0a29c72e,-7.41972074171433,23.8024059949362,14
356,MC1_K2_N1_L4_SP18_P2_R01,2,WHITE,1,4,2,P2,2,8.2,10,0.2,0,-6,0,SPECIFIED_CORRELATION,18,18,6,1,50,MC1_BASE_N1_L4_P2_R01,MC1_BASE_N1_L4_P2_R01,430100050,430200050,WHITENED_SEQUENTIAL_BEAMSPACE_EXPECTED_TOTAL_SNR,STAGE8_K2_TANGENT_WHITE_SNR_MONTE_CARLO_AND_CLOSURE_V1,ONE_SYNTHETIC_CPI,ONE_SELECTED_RANGE_DOPPLER_CELL,1,1,0,0,0,31a85cf10323dcb0ff906b98f8f0dab39e853ab81d2695b1979df50869258a07,2cd60628ae4987830c1539eaa7b9d1b34b182ac44b82c3bda53c94cc0e25d83a,-3.41972074171433,27.8024059949362,18
357,MC1_K2_N1_L4_SP22_P2_R01,2,WHITE,1,4,2,P2,2,8.2,10,0.2,0,-6,0,SPECIFIED_CORRELATION,22,22,7,1,50,MC1_BASE_N1_L4_P2_R01,MC1_BASE_N1_L4_P2_R01,430100050,430200050,WHITENED_SEQUENTIAL_BEAMSPACE_EXPECTED_TOTAL_SNR,STAGE8_K2_TANGENT_WHITE_SNR_MONTE_CARLO_AND_CLOSURE_V1,ONE_SYNTHETIC_CPI,ONE_SELECTED_RANGE_DOPPLER_CELL,1,1,0,0,0,31a85cf10323dcb0ff906b98f8f0dab39e853ab81d2695b1979df50869258a07,6229fb59d7a18e8726fc00b43c40ae1a836819c9b8e9a5aa0bf46fcb29a87ebc,0.580279258285675,31.8024059949362,22
358,MC1_K2_N1_L4_SM6_P2_R02,2,WHITE,1,4,2,P2,2,8.2,10,0.2,0,-6,0,SPECIFIED_CORRELATION,-6,-6,1,2,51,MC1_BASE_N1_L4_P2_R02,MC1_BASE_N1_L4_P2_R02,430100051,430200051,WHITENED_SEQUENTIAL_BEAMSPACE_EXPECTED_TOTAL_SNR,STAGE8_K2_TANGENT_WHITE_SNR_MONTE_CARLO_AND_CLOSURE_V1,ONE_SYNTHETIC_CPI,ONE_SELECTED_RANGE_DOPPLER_CELL,1,1,0,0,0,31a85cf10323dcb0ff906b98f8f0dab39e853ab81d2695b1979df50869258a07,60dd1cbf6cb727ac4c2af553d56c21d89bdfc02cc09759f51b1b083425363058,-27.4197207417143,3.80240599493617,-6
359,MC1_K2_N1_L4_SP0_P2_R02,2,WHITE,1,4,2,P2,2,8.2,10,0.2,0,-6,0,SPECIFIED_CORRELATION,0,0,2,2,51,MC1_BASE_N1_L4_P2_R02,MC1_BASE_N1_L4_P2_R02,430100051,430200051,WHITENED_SEQUENTIAL_BEAMSPACE_EXPECTED_TOTAL_SNR,STAGE8_K2_TANGENT_WHITE_SNR_MONTE_CARLO_AND_CLOSURE_V1,ONE_SYNTHETIC_CPI,ONE_SELECTED_RANGE_DOPPLER_CELL,1,1,0,0,0,31a85cf10323dcb0ff906b98f8f0dab39e853ab81d2695b1979df50869258a07,8616fc343052df934d2932096934b69ef20c7c60966c19c6479112b9c7364b16,-21.4197207417143,9.80240599493617,2.89298239965986e-15
360,MC1_K2_N1_L4_SP6_P2_R02,2,WHITE,1,4,2,P2,2,8.2,10,0.2,0,-6,0,SPECIFIED_CORRELATION,6,6,3,2,51,MC1_BASE_N1_L4_P2_R02,MC1_BASE_N1_L4_P2_R02,430100051,430200051,WHITENED_SEQUENTIAL_BEAMSPACE_EXPECTED_TOTAL_SNR,STAGE8_K2_TANGENT_WHITE_SNR_MONTE_CARLO_AND_CLOSURE_V1,ONE_SYNTHETIC_CPI,ONE_SELECTED_RANGE_DOPPLER_CELL,1,1,0,0,0,31a85cf10323dcb0ff906b98f8f0dab39e853ab81d2695b1979df50869258a07,69496f72e2645b8a0a37dd951bfaa8b53083c9116878eb8f95e91b0c1379bdea,-15.4197207417143,15.8024059949362,6
361,MC1_K2_N1_L4_SP10_P2_R02,2,WHITE,1,4,2,P2,2,8.2,10,0.2,0,-6,0,SPECIFIED_CORRELATION,10,10,4,2,51,MC1_BASE_N1_L4_P2_R02,MC1_BASE_N1_L4_P2_R02,430100051,430200051,WHITENED_SEQUENTIAL_BEAMSPACE_EXPECTED_TOTAL_SNR,STAGE8_K2_TANGENT_WHITE_SNR_MONTE_CARLO_AND_CLOSURE_V1,ONE_SYNTHETIC_CPI,ONE_SELECTED_RANGE_DOPPLER_CELL,1,1,0,0,0,31a85cf10323dcb0ff906b98f8f0dab39e853ab81d2695b1979df50869258a07,d16c55704d38eadc0a97cf778b686c513dd12e51bf9107d860efc11e9e6ab29b,-11.4197207417143,19.8024059949362,10
362,MC1_K2_N1_L4_SP14_P2_R02,2,WHITE,1,4,2,P2,2,8.2,10,0.2,0,-6,0,SPECIFIED_CORRELATION,14,14,5,2,51,MC1_BASE_N1_L4_P2_R02,MC1_BASE_N1_L4_P2_R02,430100051,430200051,WHITENED_SEQUENTIAL_BEAMSPACE_EXPECTED_TOTAL_SNR,STAGE8_K2_TANGENT_WHITE_SNR_MONTE_CARLO_AND_CLOSURE_V1,ONE_SYNTHETIC_CPI,ONE_SELECTED_RANGE_DOPPLER_CELL,1,1,0,0,0,31a85cf10323dcb0ff906b98f8f0dab39e853ab81d2695b1979df50869258a07,232173c4ce0932542758008a8079acc82863e89417007bcd19eec831682e12fe,-7.41972074171433,23.8024059949362,14
363,MC1_K2_N1_L4_SP18_P2_R02,2,WHITE,1,4,2,P2,2,8.2,10,0.2,0,-6,0,SPECIFIED_CORRELATION,18,18,6,2,51,MC1_BASE_N1_L4_P2_R02,MC1_BASE_N1_L4_P2_R02,430100051,430200051,WHITENED_SEQUENTIAL_BEAMSPACE_EXPECTED_TOTAL_SNR,STAGE8_K2_TANGENT_WHITE_SNR_MONTE_CARLO_AND_CLOSURE_V1,ONE_SYNTHETIC_CPI,ONE_SELECTED_RANGE_DOPPLER_CELL,1,1,0,0,0,31a85cf10323dcb0ff906b98f8f0dab39e853ab81d2695b1979df50869258a07,3111742f151c9884118587da5ce96c7d415147549e861a026cd0db82edc3289a,-3.41972074171433,27.8024059949362,18
364,MC1_K2_N1_L4_SP22_P2_R02,2,WHITE,1,4,2,P2,2,8.2,10,0.2,0,-6,0,SPECIFIED_CORRELATION,22,22,7,2,51,MC1_BASE_N1_L4_P2_R02,MC1_BASE_N1_L4_P2_R02,430100051,430200051,WHITENED_SEQUENTIAL_BEAMSPACE_EXPECTED_TOTAL_SNR,STAGE8_K2_TANGENT_WHITE_SNR_MONTE_CARLO_AND_CLOSURE_V1,ONE_SYNTHETIC_CPI,ONE_SELECTED_RANGE_DOPPLER_CELL,1,1,0,0,0,31a85cf10323dcb0ff906b98f8f0dab39e853ab81d2695b1979df50869258a07,ed656b76c632fc3250325926a0d5cd8640551220b7f9edd62b102c5d19a656bb,0.580279258285675,31.8024059949362,22
365,MC1_K2_N1_L4_SM6_P2_R03,2,WHITE,1,4,2,P2,2,8.2,10,0.2,0,-6,0,SPECIFIED_CORRELATION,-6,-6,1,3,52,MC1_BASE_N1_L4_P2_R03,MC1_BASE_N1_L4_P2_R03,430100052,430200052,WHITENED_SEQUENTIAL_BEAMSPACE_EXPECTED_TOTAL_SNR,STAGE8_K2_TANGENT_WHITE_SNR_MONTE_CARLO_AND_CLOSURE_V1,ONE_SYNTHETIC_CPI,ONE_SELECTED_RANGE_DOPPLER_CELL,1,1,0,0,0,31a85cf10323dcb0ff906b98f8f0dab39e853ab81d2695b1979df50869258a07,28fe0e40237da2eacb2b028b2750dbd8d986c797bcf639fd1e5347fe5de46e9e,-27.4197207417143,3.80240599493617,-6
366,MC1_K2_N1_L4_SP0_P2_R03,2,WHITE,1,4,2,P2,2,8.2,10,0.2,0,-6,0,SPECIFIED_CORRELATION,0,0,2,3,52,MC1_BASE_N1_L4_P2_R03,MC1_BASE_N1_L4_P2_R03,430100052,430200052,WHITENED_SEQUENTIAL_BEAMSPACE_EXPECTED_TOTAL_SNR,STAGE8_K2_TANGENT_WHITE_SNR_MONTE_CARLO_AND_CLOSURE_V1,ONE_SYNTHETIC_CPI,ONE_SELECTED_RANGE_DOPPLER_CELL,1,1,0,0,0,31a85cf10323dcb0ff906b98f8f0dab39e853ab81d2695b1979df50869258a07,646002e5b4e43132cd1148dda11b0e7fa25d83524ff34f1ae5a79db147306a77,-21.4197207417143,9.80240599493617,2.89298239965986e-15
367,MC1_K2_N1_L4_SP6_P2_R03,2,WHITE,1,4,2,P2,2,8.2,10,0.2,0,-6,0,SPECIFIED_CORRELATION,6,6,3,3,52,MC1_BASE_N1_L4_P2_R03,MC1_BASE_N1_L4_P2_R03,430100052,430200052,WHITENED_SEQUENTIAL_BEAMSPACE_EXPECTED_TOTAL_SNR,STAGE8_K2_TANGENT_WHITE_SNR_MONTE_CARLO_AND_CLOSURE_V1,ONE_SYNTHETIC_CPI,ONE_SELECTED_RANGE_DOPPLER_CELL,1,1,0,0,0,31a85cf10323dcb0ff906b98f8f0dab39e853ab81d2695b1979df50869258a07,7b52acbbd7a8c1ae615e5a91e477dc365b04dcd2ac45cbd0d02c5c03d78a5359,-15.4197207417143,15.8024059949362,6
368,MC1_K2_N1_L4_SP10_P2_R03,2,WHITE,1,4,2,P2,2,8.2,10,0.2,0,-6,0,SPECIFIED_CORRELATION,10,10,4,3,52,MC1_BASE_N1_L4_P2_R03,MC1_BASE_N1_L4_P2_R03,430100052,430200052,WHITENED_SEQUENTIAL_BEAMSPACE_EXPECTED_TOTAL_SNR,STAGE8_K2_TANGENT_WHITE_SNR_MONTE_CARLO_AND_CLOSURE_V1,ONE_SYNTHETIC_CPI,ONE_SELECTED_RANGE_DOPPLER_CELL,1,1,0,0,0,31a85cf10323dcb0ff906b98f8f0dab39e853ab81d2695b1979df50869258a07,886bdcd1bfca879f3f86ad7a5ff4c4d6593434461b6b410de8dbdeb154968778,-11.4197207417143,19.8024059949362,10
369,MC1_K2_N1_L4_SP14_P2_R03,2,WHITE,1,4,2,P2,2,8.2,10,0.2,0,-6,0,SPECIFIED_CORRELATION,14,14,5,3,52,MC1_BASE_N1_L4_P2_R03,MC1_BASE_N1_L4_P2_R03,430100052,430200052,WHITENED_SEQUENTIAL_BEAMSPACE_EXPECTED_TOTAL_SNR,STAGE8_K2_TANGENT_WHITE_SNR_MONTE_CARLO_AND_CLOSURE_V1,ONE_SYNTHETIC_CPI,ONE_SELECTED_RANGE_DOPPLER_CELL,1,1,0,0,0,31a85cf10323dcb0ff906b98f8f0dab39e853ab81d2695b1979df50869258a07,171c2718dc738ff7e5c02acdb463e7e75e055a75f34cb9bd721cd552d824be6c,-7.41972074171433,23.8024059949362,14
370,MC1_K2_N1_L4_SP18_P2_R03,2,WHITE,1,4,2,P2,2,8.2,10,0.2,0,-6,0,SPECIFIED_CORRELATION,18,18,6,3,52,MC1_BASE_N1_L4_P2_R03,MC1_BASE_N1_L4_P2_R03,430100052,430200052,WHITENED_SEQUENTIAL_BEAMSPACE_EXPECTED_TOTAL_SNR,STAGE8_K2_TANGENT_WHITE_SNR_MONTE_CARLO_AND_CLOSURE_V1,ONE_SYNTHETIC_CPI,ONE_SELECTED_RANGE_DOPPLER_CELL,1,1,0,0,0,31a85cf10323dcb0ff906b98f8f0dab39e853ab81d2695b1979df50869258a07,9da9fc898a5537859129f5a0f80e3824988b30fa3495b057564ea27faa346e35,-3.41972074171433,27.8024059949362,18
371,MC1_K2_N1_L4_SP22_P2_R03,2,WHITE,1,4,2,P2,2,8.2,10,0.2,0,-6,0,SPECIFIED_CORRELATION,22,22,7,3,52,MC1_BASE_N1_L4_P2_R03,MC1_BASE_N1_L4_P2_R03,430100052,430200052,WHITENED_SEQUENTIAL_BEAMSPACE_EXPECTED_TOTAL_SNR,STAGE8_K2_TANGENT_WHITE_SNR_MONTE_CARLO_AND_CLOSURE_V1,ONE_SYNTHETIC_CPI,ONE_SELECTED_RANGE_DOPPLER_CELL,1,1,0,0,0,31a85cf10323dcb0ff906b98f8f0dab39e853ab81d2695b1979df50869258a07,51b012ca5d9472efc5aa83aa9731a11e777e2ccb87f6767a12884da53730c337,0.580279258285675,31.8024059949362,22
372,MC1_K2_N1_L4_SM6_P2_R04,2,WHITE,1,4,2,P2,2,8.2,10,0.2,0,-6,0,SPECIFIED_CORRELATION,-6,-6,1,4,53,MC1_BASE_N1_L4_P2_R04,MC1_BASE_N1_L4_P2_R04,430100053,430200053,WHITENED_SEQUENTIAL_BEAMSPACE_EXPECTED_TOTAL_SNR,STAGE8_K2_TANGENT_WHITE_SNR_MONTE_CARLO_AND_CLOSURE_V1,ONE_SYNTHETIC_CPI,ONE_SELECTED_RANGE_DOPPLER_CELL,1,1,0,0,0,31a85cf10323dcb0ff906b98f8f0dab39e853ab81d2695b1979df50869258a07,14277c7992753324543fb6fb51b59f9df17dc22cf3169d5aac348e0f28a53b3c,-27.4197207417143,3.80240599493617,-6
373,MC1_K2_N1_L4_SP0_P2_R04,2,WHITE,1,4,2,P2,2,8.2,10,0.2,0,-6,0,SPECIFIED_CORRELATION,0,0,2,4,53,MC1_BASE_N1_L4_P2_R04,MC1_BASE_N1_L4_P2_R04,430100053,430200053,WHITENED_SEQUENTIAL_BEAMSPACE_EXPECTED_TOTAL_SNR,STAGE8_K2_TANGENT_WHITE_SNR_MONTE_CARLO_AND_CLOSURE_V1,ONE_SYNTHETIC_CPI,ONE_SELECTED_RANGE_DOPPLER_CELL,1,1,0,0,0,31a85cf10323dcb0ff906b98f8f0dab39e853ab81d2695b1979df50869258a07,fbf664ec6e6b58647297baecd407eb4bdba91182b392bfce8ad3cc462221ff43,-21.4197207417143,9.80240599493617,2.89298239965986e-15
374,MC1_K2_N1_L4_SP6_P2_R04,2,WHITE,1,4,2,P2,2,8.2,10,0.2,0,-6,0,SPECIFIED_CORRELATION,6,6,3,4,53,MC1_BASE_N1_L4_P2_R04,MC1_BASE_N1_L4_P2_R04,430100053,430200053,WHITENED_SEQUENTIAL_BEAMSPACE_EXPECTED_TOTAL_SNR,STAGE8_K2_TANGENT_WHITE_SNR_MONTE_CARLO_AND_CLOSURE_V1,ONE_SYNTHETIC_CPI,ONE_SELECTED_RANGE_DOPPLER_CELL,1,1,0,0,0,31a85cf10323dcb0ff906b98f8f0dab39e853ab81d2695b1979df50869258a07,f6c4464fff119e28e47f694f5c3a702d58cd22720508c3a3a5fa9a07c43c11ab,-15.4197207417143,15.8024059949362,6
375,MC1_K2_N1_L4_SP10_P2_R04,2,WHITE,1,4,2,P2,2,8.2,10,0.2,0,-6,0,SPECIFIED_CORRELATION,10,10,4,4,53,MC1_BASE_N1_L4_P2_R04,MC1_BASE_N1_L4_P2_R04,430100053,430200053,WHITENED_SEQUENTIAL_BEAMSPACE_EXPECTED_TOTAL_SNR,STAGE8_K2_TANGENT_WHITE_SNR_MONTE_CARLO_AND_CLOSURE_V1,ONE_SYNTHETIC_CPI,ONE_SELECTED_RANGE_DOPPLER_CELL,1,1,0,0,0,31a85cf10323dcb0ff906b98f8f0dab39e853ab81d2695b1979df50869258a07,f8feaf3a190d3075274c184189fce372beb825deba8e6658f2075e531cf24d61,-11.4197207417143,19.8024059949362,10
376,MC1_K2_N1_L4_SP14_P2_R04,2,WHITE,1,4,2,P2,2,8.2,10,0.2,0,-6,0,SPECIFIED_CORRELATION,14,14,5,4,53,MC1_BASE_N1_L4_P2_R04,MC1_BASE_N1_L4_P2_R04,430100053,430200053,WHITENED_SEQUENTIAL_BEAMSPACE_EXPECTED_TOTAL_SNR,STAGE8_K2_TANGENT_WHITE_SNR_MONTE_CARLO_AND_CLOSURE_V1,ONE_SYNTHETIC_CPI,ONE_SELECTED_RANGE_DOPPLER_CELL,1,1,0,0,0,31a85cf10323dcb0ff906b98f8f0dab39e853ab81d2695b1979df50869258a07,b467fa0f8e2c9a047403194900dd775ef31ad34bb5bfee6af44515dc6406e8bb,-7.41972074171433,23.8024059949362,14
377,MC1_K2_N1_L4_SP18_P2_R04,2,WHITE,1,4,2,P2,2,8.2,10,0.2,0,-6,0,SPECIFIED_CORRELATION,18,18,6,4,53,MC1_BASE_N1_L4_P2_R04,MC1_BASE_N1_L4_P2_R04,430100053,430200053,WHITENED_SEQUENTIAL_BEAMSPACE_EXPECTED_TOTAL_SNR,STAGE8_K2_TANGENT_WHITE_SNR_MONTE_CARLO_AND_CLOSURE_V1,ONE_SYNTHETIC_CPI,ONE_SELECTED_RANGE_DOPPLER_CELL,1,1,0,0,0,31a85cf10323dcb0ff906b98f8f0dab39e853ab81d2695b1979df50869258a07,ce719a5bfd4353d86f6262d0cf7ceca54dd94d11babeb1177701d9c890d351c2,-3.41972074171433,27.8024059949362,18
378,MC1_K2_N1_L4_SP22_P2_R04,2,WHITE,1,4,2,P2,2,8.2,10,0.2,0,-6,0,SPECIFIED_CORRELATION,22,22,7,4,53,MC1_BASE_N1_L4_P2_R04,MC1_BASE_N1_L4_P2_R04,430100053,430200053,WHITENED_SEQUENTIAL_BEAMSPACE_EXPECTED_TOTAL_SNR,STAGE8_K2_TANGENT_WHITE_SNR_MONTE_CARLO_AND_CLOSURE_V1,ONE_SYNTHETIC_CPI,ONE_SELECTED_RANGE_DOPPLER_CELL,1,1,0,0,0,31a85cf10323dcb0ff906b98f8f0dab39e853ab81d2695b1979df50869258a07,234d387d9fc8b130be1d3a82b4f529fc001579d170405ecca0b812460bf539eb,0.580279258285675,31.8024059949362,22
379,MC1_K2_N1_L4_SM6_P2_R05,2,WHITE,1,4,2,P2,2,8.2,10,0.2,0,-6,0,SPECIFIED_CORRELATION,-6,-6,1,5,54,MC1_BASE_N1_L4_P2_R05,MC1_BASE_N1_L4_P2_R05,430100054,430200054,WHITENED_SEQUENTIAL_BEAMSPACE_EXPECTED_TOTAL_SNR,STAGE8_K2_TANGENT_WHITE_SNR_MONTE_CARLO_AND_CLOSURE_V1,ONE_SYNTHETIC_CPI,ONE_SELECTED_RANGE_DOPPLER_CELL,1,1,0,0,0,31a85cf10323dcb0ff906b98f8f0dab39e853ab81d2695b1979df50869258a07,987b78b37c9b589436b1c41647d79553ef2fb02627214cad935bca61a4f483c9,-27.4197207417143,3.80240599493617,-6
380,MC1_K2_N1_L4_SP0_P2_R05,2,WHITE,1,4,2,P2,2,8.2,10,0.2,0,-6,0,SPECIFIED_CORRELATION,0,0,2,5,54,MC1_BASE_N1_L4_P2_R05,MC1_BASE_N1_L4_P2_R05,430100054,430200054,WHITENED_SEQUENTIAL_BEAMSPACE_EXPECTED_TOTAL_SNR,STAGE8_K2_TANGENT_WHITE_SNR_MONTE_CARLO_AND_CLOSURE_V1,ONE_SYNTHETIC_CPI,ONE_SELECTED_RANGE_DOPPLER_CELL,1,1,0,0,0,31a85cf10323dcb0ff906b98f8f0dab39e853ab81d2695b1979df50869258a07,eb12bafabb0f16a63570d2c472552b25a219972785f926b5cc3cc0ad11b9d239,-21.4197207417143,9.80240599493617,2.89298239965986e-15
381,MC1_K2_N1_L4_SP6_P2_R05,2,WHITE,1,4,2,P2,2,8.2,10,0.2,0,-6,0,SPECIFIED_CORRELATION,6,6,3,5,54,MC1_BASE_N1_L4_P2_R05,MC1_BASE_N1_L4_P2_R05,430100054,430200054,WHITENED_SEQUENTIAL_BEAMSPACE_EXPECTED_TOTAL_SNR,STAGE8_K2_TANGENT_WHITE_SNR_MONTE_CARLO_AND_CLOSURE_V1,ONE_SYNTHETIC_CPI,ONE_SELECTED_RANGE_DOPPLER_CELL,1,1,0,0,0,31a85cf10323dcb0ff906b98f8f0dab39e853ab81d2695b1979df50869258a07,0247ce6fe20cc41cf993a40e3b81a710b68677f630b1e83c576f68f8ea0561b7,-15.4197207417143,15.8024059949362,6
382,MC1_K2_N1_L4_SP10_P2_R05,2,WHITE,1,4,2,P2,2,8.2,10,0.2,0,-6,0,SPECIFIED_CORRELATION,10,10,4,5,54,MC1_BASE_N1_L4_P2_R05,MC1_BASE_N1_L4_P2_R05,430100054,430200054,WHITENED_SEQUENTIAL_BEAMSPACE_EXPECTED_TOTAL_SNR,STAGE8_K2_TANGENT_WHITE_SNR_MONTE_CARLO_AND_CLOSURE_V1,ONE_SYNTHETIC_CPI,ONE_SELECTED_RANGE_DOPPLER_CELL,1,1,0,0,0,31a85cf10323dcb0ff906b98f8f0dab39e853ab81d2695b1979df50869258a07,1a01570b384f488afd9b1fad385a695b8f17e0a8d309ef0be46d353ace755856,-11.4197207417143,19.8024059949362,10
383,MC1_K2_N1_L4_SP14_P2_R05,2,WHITE,1,4,2,P2,2,8.2,10,0.2,0,-6,0,SPECIFIED_CORRELATION,14,14,5,5,54,MC1_BASE_N1_L4_P2_R05,MC1_BASE_N1_L4_P2_R05,430100054,430200054,WHITENED_SEQUENTIAL_BEAMSPACE_EXPECTED_TOTAL_SNR,STAGE8_K2_TANGENT_WHITE_SNR_MONTE_CARLO_AND_CLOSURE_V1,ONE_SYNTHETIC_CPI,ONE_SELECTED_RANGE_DOPPLER_CELL,1,1,0,0,0,31a85cf10323dcb0ff906b98f8f0dab39e853ab81d2695b1979df50869258a07,616ee0c41e6d2fb62d64e2a387507573cd116707fb47a7c3da5d6237e21a4836,-7.41972074171433,23.8024059949362,14
384,MC1_K2_N1_L4_SP18_P2_R05,2,WHITE,1,4,2,P2,2,8.2,10,0.2,0,-6,0,SPECIFIED_CORRELATION,18,18,6,5,54,MC1_BASE_N1_L4_P2_R05,MC1_BASE_N1_L4_P2_R05,430100054,430200054,WHITENED_SEQUENTIAL_BEAMSPACE_EXPECTED_TOTAL_SNR,STAGE8_K2_TANGENT_WHITE_SNR_MONTE_CARLO_AND_CLOSURE_V1,ONE_SYNTHETIC_CPI,ONE_SELECTED_RANGE_DOPPLER_CELL,1,1,0,0,0,31a85cf10323dcb0ff906b98f8f0dab39e853ab81d2695b1979df50869258a07,186add89bda4a5247d3a4e736f4b3db1f9a475920f67b45d9f153af13c4433aa,-3.41972074171433,27.8024059949362,18
385,MC1_K2_N1_L4_SP22_P2_R05,2,WHITE,1,4,2,P2,2,8.2,10,0.2,0,-6,0,SPECIFIED_CORRELATION,22,22,7,5,54,MC1_BASE_N1_L4_P2_R05,MC1_BASE_N1_L4_P2_R05,430100054,430200054,WHITENED_SEQUENTIAL_BEAMSPACE_EXPECTED_TOTAL_SNR,STAGE8_K2_TANGENT_WHITE_SNR_MONTE_CARLO_AND_CLOSURE_V1,ONE_SYNTHETIC_CPI,ONE_SELECTED_RANGE_DOPPLER_CELL,1,1,0,0,0,31a85cf10323dcb0ff906b98f8f0dab39e853ab81d2695b1979df50869258a07,07e0bd6c04a89cfbe46ea883dc0a2bca18016ed2a5f6a76faf2b50b6e23c6bba,0.580279258285675,31.8024059949362,22
386,MC1_K2_N1_L4_SM6_P2_R06,2,WHITE,1,4,2,P2,2,8.2,10,0.2,0,-6,0,SPECIFIED_CORRELATION,-6,-6,1,6,55,MC1_BASE_N1_L4_P2_R06,MC1_BASE_N1_L4_P2_R06,430100055,430200055,WHITENED_SEQUENTIAL_BEAMSPACE_EXPECTED_TOTAL_SNR,STAGE8_K2_TANGENT_WHITE_SNR_MONTE_CARLO_AND_CLOSURE_V1,ONE_SYNTHETIC_CPI,ONE_SELECTED_RANGE_DOPPLER_CELL,1,1,0,0,0,31a85cf10323dcb0ff906b98f8f0dab39e853ab81d2695b1979df50869258a07,6ec11e32e534e2d6d3077d8018a161672f254a1dbb9c69cbcbf6c0d6ab8ae148,-27.4197207417143,3.80240599493617,-6
387,MC1_K2_N1_L4_SP0_P2_R06,2,WHITE,1,4,2,P2,2,8.2,10,0.2,0,-6,0,SPECIFIED_CORRELATION,0,0,2,6,55,MC1_BASE_N1_L4_P2_R06,MC1_BASE_N1_L4_P2_R06,430100055,430200055,WHITENED_SEQUENTIAL_BEAMSPACE_EXPECTED_TOTAL_SNR,STAGE8_K2_TANGENT_WHITE_SNR_MONTE_CARLO_AND_CLOSURE_V1,ONE_SYNTHETIC_CPI,ONE_SELECTED_RANGE_DOPPLER_CELL,1,1,0,0,0,31a85cf10323dcb0ff906b98f8f0dab39e853ab81d2695b1979df50869258a07,6e43264ae6e8c6c14ffba85c05b3334cda996238ddf405eb6d96b8f3727c1e79,-21.4197207417143,9.80240599493617,2.89298239965986e-15
388,MC1_K2_N1_L4_SP6_P2_R06,2,WHITE,1,4,2,P2,2,8.2,10,0.2,0,-6,0,SPECIFIED_CORRELATION,6,6,3,6,55,MC1_BASE_N1_L4_P2_R06,MC1_BASE_N1_L4_P2_R06,430100055,430200055,WHITENED_SEQUENTIAL_BEAMSPACE_EXPECTED_TOTAL_SNR,STAGE8_K2_TANGENT_WHITE_SNR_MONTE_CARLO_AND_CLOSURE_V1,ONE_SYNTHETIC_CPI,ONE_SELECTED_RANGE_DOPPLER_CELL,1,1,0,0,0,31a85cf10323dcb0ff906b98f8f0dab39e853ab81d2695b1979df50869258a07,496d42c627f4c20dd48c864960a0dd7ded63fa7d6fd42aa898d768d2d6825d9b,-15.4197207417143,15.8024059949362,6
389,MC1_K2_N1_L4_SP10_P2_R06,2,WHITE,1,4,2,P2,2,8.2,10,0.2,0,-6,0,SPECIFIED_CORRELATION,10,10,4,6,55,MC1_BASE_N1_L4_P2_R06,MC1_BASE_N1_L4_P2_R06,430100055,430200055,WHITENED_SEQUENTIAL_BEAMSPACE_EXPECTED_TOTAL_SNR,STAGE8_K2_TANGENT_WHITE_SNR_MONTE_CARLO_AND_CLOSURE_V1,ONE_SYNTHETIC_CPI,ONE_SELECTED_RANGE_DOPPLER_CELL,1,1,0,0,0,31a85cf10323dcb0ff906b98f8f0dab39e853ab81d2695b1979df50869258a07,718052918a883e3a24eab08f795803d0a16d2e1155fc201b8fe21abbedee747c,-11.4197207417143,19.8024059949362,10
390,MC1_K2_N1_L4_SP14_P2_R06,2,WHITE,1,4,2,P2,2,8.2,10,0.2,0,-6,0,SPECIFIED_CORRELATION,14,14,5,6,55,MC1_BASE_N1_L4_P2_R06,MC1_BASE_N1_L4_P2_R06,430100055,430200055,WHITENED_SEQUENTIAL_BEAMSPACE_EXPECTED_TOTAL_SNR,STAGE8_K2_TANGENT_WHITE_SNR_MONTE_CARLO_AND_CLOSURE_V1,ONE_SYNTHETIC_CPI,ONE_SELECTED_RANGE_DOPPLER_CELL,1,1,0,0,0,31a85cf10323dcb0ff906b98f8f0dab39e853ab81d2695b1979df50869258a07,1085f7e16d3dde9b64c5e842d8c1bce3f5c8fe5518232f564fb80f9afc46f80c,-7.41972074171433,23.8024059949362,14
391,MC1_K2_N1_L4_SP18_P2_R06,2,WHITE,1,4,2,P2,2,8.2,10,0.2,0,-6,0,SPECIFIED_CORRELATION,18,18,6,6,55,MC1_BASE_N1_L4_P2_R06,MC1_BASE_N1_L4_P2_R06,430100055,430200055,WHITENED_SEQUENTIAL_BEAMSPACE_EXPECTED_TOTAL_SNR,STAGE8_K2_TANGENT_WHITE_SNR_MONTE_CARLO_AND_CLOSURE_V1,ONE_SYNTHETIC_CPI,ONE_SELECTED_RANGE_DOPPLER_CELL,1,1,0,0,0,31a85cf10323dcb0ff906b98f8f0dab39e853ab81d2695b1979df50869258a07,3cc02d299e3ae3884636be7b3759ae7a32278d05c32145f6a5cff0795842267e,-3.41972074171433,27.8024059949362,18
392,MC1_K2_N1_L4_SP22_P2_R06,2,WHITE,1,4,2,P2,2,8.2,10,0.2,0,-6,0,SPECIFIED_CORRELATION,22,22,7,6,55,MC1_BASE_N1_L4_P2_R06,MC1_BASE_N1_L4_P2_R06,430100055,430200055,WHITENED_SEQUENTIAL_BEAMSPACE_EXPECTED_TOTAL_SNR,STAGE8_K2_TANGENT_WHITE_SNR_MONTE_CARLO_AND_CLOSURE_V1,ONE_SYNTHETIC_CPI,ONE_SELECTED_RANGE_DOPPLER_CELL,1,1,0,0,0,31a85cf10323dcb0ff906b98f8f0dab39e853ab81d2695b1979df50869258a07,5887230e5a65508f1449706051e0bf25970012783799c9cd7c13aea68e0ed7bf,0.580279258285675,31.8024059949362,22
393,MC1_K2_N1_L4_SM6_P2_R07,2,WHITE,1,4,2,P2,2,8.2,10,0.2,0,-6,0,SPECIFIED_CORRELATION,-6,-6,1,7,56,MC1_BASE_N1_L4_P2_R07,MC1_BASE_N1_L4_P2_R07,430100056,430200056,WHITENED_SEQUENTIAL_BEAMSPACE_EXPECTED_TOTAL_SNR,STAGE8_K2_TANGENT_WHITE_SNR_MONTE_CARLO_AND_CLOSURE_V1,ONE_SYNTHETIC_CPI,ONE_SELECTED_RANGE_DOPPLER_CELL,1,1,0,0,0,31a85cf10323dcb0ff906b98f8f0dab39e853ab81d2695b1979df50869258a07,ec58ca023191494b2d7ac432b50348ffb897b5f02068b1b6470dd45f85308e8c,-27.4197207417143,3.80240599493617,-6
394,MC1_K2_N1_L4_SP0_P2_R07,2,WHITE,1,4,2,P2,2,8.2,10,0.2,0,-6,0,SPECIFIED_CORRELATION,0,0,2,7,56,MC1_BASE_N1_L4_P2_R07,MC1_BASE_N1_L4_P2_R07,430100056,430200056,WHITENED_SEQUENTIAL_BEAMSPACE_EXPECTED_TOTAL_SNR,STAGE8_K2_TANGENT_WHITE_SNR_MONTE_CARLO_AND_CLOSURE_V1,ONE_SYNTHETIC_CPI,ONE_SELECTED_RANGE_DOPPLER_CELL,1,1,0,0,0,31a85cf10323dcb0ff906b98f8f0dab39e853ab81d2695b1979df50869258a07,bb4b5946471a6b4170a57160c6e719e0922744e867ccea6fd550193d345bcb73,-21.4197207417143,9.80240599493617,2.89298239965986e-15
395,MC1_K2_N1_L4_SP6_P2_R07,2,WHITE,1,4,2,P2,2,8.2,10,0.2,0,-6,0,SPECIFIED_CORRELATION,6,6,3,7,56,MC1_BASE_N1_L4_P2_R07,MC1_BASE_N1_L4_P2_R07,430100056,430200056,WHITENED_SEQUENTIAL_BEAMSPACE_EXPECTED_TOTAL_SNR,STAGE8_K2_TANGENT_WHITE_SNR_MONTE_CARLO_AND_CLOSURE_V1,ONE_SYNTHETIC_CPI,ONE_SELECTED_RANGE_DOPPLER_CELL,1,1,0,0,0,31a85cf10323dcb0ff906b98f8f0dab39e853ab81d2695b1979df50869258a07,6ce88da88aa264a64d751609355f356d281aca58741080a9f0830afb9e2141b9,-15.4197207417143,15.8024059949362,6
396,MC1_K2_N1_L4_SP10_P2_R07,2,WHITE,1,4,2,P2,2,8.2,10,0.2,0,-6,0,SPECIFIED_CORRELATION,10,10,4,7,56,MC1_BASE_N1_L4_P2_R07,MC1_BASE_N1_L4_P2_R07,430100056,430200056,WHITENED_SEQUENTIAL_BEAMSPACE_EXPECTED_TOTAL_SNR,STAGE8_K2_TANGENT_WHITE_SNR_MONTE_CARLO_AND_CLOSURE_V1,ONE_SYNTHETIC_CPI,ONE_SELECTED_RANGE_DOPPLER_CELL,1,1,0,0,0,31a85cf10323dcb0ff906b98f8f0dab39e853ab81d2695b1979df50869258a07,6c7f005431c4231247959f8c64ea2ff8141193ffdae2fae1593762569ea0e533,-11.4197207417143,19.8024059949362,10
397,MC1_K2_N1_L4_SP14_P2_R07,2,WHITE,1,4,2,P2,2,8.2,10,0.2,0,-6,0,SPECIFIED_CORRELATION,14,14,5,7,56,MC1_BASE_N1_L4_P2_R07,MC1_BASE_N1_L4_P2_R07,430100056,430200056,WHITENED_SEQUENTIAL_BEAMSPACE_EXPECTED_TOTAL_SNR,STAGE8_K2_TANGENT_WHITE_SNR_MONTE_CARLO_AND_CLOSURE_V1,ONE_SYNTHETIC_CPI,ONE_SELECTED_RANGE_DOPPLER_CELL,1,1,0,0,0,31a85cf10323dcb0ff906b98f8f0dab39e853ab81d2695b1979df50869258a07,fe6388b7d8c6339ad583a487058a37bcc278ebdce75b9a883050e805bcbff396,-7.41972074171433,23.8024059949362,14
398,MC1_K2_N1_L4_SP18_P2_R07,2,WHITE,1,4,2,P2,2,8.2,10,0.2,0,-6,0,SPECIFIED_CORRELATION,18,18,6,7,56,MC1_BASE_N1_L4_P2_R07,MC1_BASE_N1_L4_P2_R07,430100056,430200056,WHITENED_SEQUENTIAL_BEAMSPACE_EXPECTED_TOTAL_SNR,STAGE8_K2_TANGENT_WHITE_SNR_MONTE_CARLO_AND_CLOSURE_V1,ONE_SYNTHETIC_CPI,ONE_SELECTED_RANGE_DOPPLER_CELL,1,1,0,0,0,31a85cf10323dcb0ff906b98f8f0dab39e853ab81d2695b1979df50869258a07,ff452b5311d1c8d43147709dbd84cb794a04a6992182ca51003ecebce38ae160,-3.41972074171433,27.8024059949362,18
399,MC1_K2_N1_L4_SP22_P2_R07,2,WHITE,1,4,2,P2,2,8.2,10,0.2,0,-6,0,SPECIFIED_CORRELATION,22,22,7,7,56,MC1_BASE_N1_L4_P2_R07,MC1_BASE_N1_L4_P2_R07,430100056,430200056,WHITENED_SEQUENTIAL_BEAMSPACE_EXPECTED_TOTAL_SNR,STAGE8_K2_TANGENT_WHITE_SNR_MONTE_CARLO_AND_CLOSURE_V1,ONE_SYNTHETIC_CPI,ONE_SELECTED_RANGE_DOPPLER_CELL,1,1,0,0,0,31a85cf10323dcb0ff906b98f8f0dab39e853ab81d2695b1979df50869258a07,25de2ec6663494b1d7933aee52344ffbf489c180bec2899edae1d6bd2a16258f,0.580279258285675,31.8024059949362,22
400,MC1_K2_N1_L4_SM6_P2_R08,2,WHITE,1,4,2,P2,2,8.2,10,0.2,0,-6,0,SPECIFIED_CORRELATION,-6,-6,1,8,57,MC1_BASE_N1_L4_P2_R08,MC1_BASE_N1_L4_P2_R08,430100057,430200057,WHITENED_SEQUENTIAL_BEAMSPACE_EXPECTED_TOTAL_SNR,STAGE8_K2_TANGENT_WHITE_SNR_MONTE_CARLO_AND_CLOSURE_V1,ONE_SYNTHETIC_CPI,ONE_SELECTED_RANGE_DOPPLER_CELL,1,1,0,0,0,31a85cf10323dcb0ff906b98f8f0dab39e853ab81d2695b1979df50869258a07,4761b3925249a27393479e63d344867391ce77b113957edeca5ef1a2003e2497,-27.4197207417143,3.80240599493617,-6
401,MC1_K2_N1_L4_SP0_P2_R08,2,WHITE,1,4,2,P2,2,8.2,10,0.2,0,-6,0,SPECIFIED_CORRELATION,0,0,2,8,57,MC1_BASE_N1_L4_P2_R08,MC1_BASE_N1_L4_P2_R08,430100057,430200057,WHITENED_SEQUENTIAL_BEAMSPACE_EXPECTED_TOTAL_SNR,STAGE8_K2_TANGENT_WHITE_SNR_MONTE_CARLO_AND_CLOSURE_V1,ONE_SYNTHETIC_CPI,ONE_SELECTED_RANGE_DOPPLER_CELL,1,1,0,0,0,31a85cf10323dcb0ff906b98f8f0dab39e853ab81d2695b1979df50869258a07,99278dd692ae8227c224b1403a5b6c9be2eeddc1bd104cb9bf64fe3dd6a60002,-21.4197207417143,9.80240599493617,2.89298239965986e-15
402,MC1_K2_N1_L4_SP6_P2_R08,2,WHITE,1,4,2,P2,2,8.2,10,0.2,0,-6,0,SPECIFIED_CORRELATION,6,6,3,8,57,MC1_BASE_N1_L4_P2_R08,MC1_BASE_N1_L4_P2_R08,430100057,430200057,WHITENED_SEQUENTIAL_BEAMSPACE_EXPECTED_TOTAL_SNR,STAGE8_K2_TANGENT_WHITE_SNR_MONTE_CARLO_AND_CLOSURE_V1,ONE_SYNTHETIC_CPI,ONE_SELECTED_RANGE_DOPPLER_CELL,1,1,0,0,0,31a85cf10323dcb0ff906b98f8f0dab39e853ab81d2695b1979df50869258a07,d83d4cda576f400ed2cef65f6f42f14121a2c3a0e9e7c47ae03359087ea31c28,-15.4197207417143,15.8024059949362,6
403,MC1_K2_N1_L4_SP10_P2_R08,2,WHITE,1,4,2,P2,2,8.2,10,0.2,0,-6,0,SPECIFIED_CORRELATION,10,10,4,8,57,MC1_BASE_N1_L4_P2_R08,MC1_BASE_N1_L4_P2_R08,430100057,430200057,WHITENED_SEQUENTIAL_BEAMSPACE_EXPECTED_TOTAL_SNR,STAGE8_K2_TANGENT_WHITE_SNR_MONTE_CARLO_AND_CLOSURE_V1,ONE_SYNTHETIC_CPI,ONE_SELECTED_RANGE_DOPPLER_CELL,1,1,0,0,0,31a85cf10323dcb0ff906b98f8f0dab39e853ab81d2695b1979df50869258a07,476471f78b43de0cf382305f20b4c1e01977b6e9a7b3ae227ffca55b2a47b12d,-11.4197207417143,19.8024059949362,10
404,MC1_K2_N1_L4_SP14_P2_R08,2,WHITE,1,4,2,P2,2,8.2,10,0.2,0,-6,0,SPECIFIED_CORRELATION,14,14,5,8,57,MC1_BASE_N1_L4_P2_R08,MC1_BASE_N1_L4_P2_R08,430100057,430200057,WHITENED_SEQUENTIAL_BEAMSPACE_EXPECTED_TOTAL_SNR,STAGE8_K2_TANGENT_WHITE_SNR_MONTE_CARLO_AND_CLOSURE_V1,ONE_SYNTHETIC_CPI,ONE_SELECTED_RANGE_DOPPLER_CELL,1,1,0,0,0,31a85cf10323dcb0ff906b98f8f0dab39e853ab81d2695b1979df50869258a07,05a7bff0b09f19a758c44cd4f219a735a6f110bc8def8b80910883c5bc9c27ac,-7.41972074171433,23.8024059949362,14
405,MC1_K2_N1_L4_SP18_P2_R08,2,WHITE,1,4,2,P2,2,8.2,10,0.2,0,-6,0,SPECIFIED_CORRELATION,18,18,6,8,57,MC1_BASE_N1_L4_P2_R08,MC1_BASE_N1_L4_P2_R08,430100057,430200057,WHITENED_SEQUENTIAL_BEAMSPACE_EXPECTED_TOTAL_SNR,STAGE8_K2_TANGENT_WHITE_SNR_MONTE_CARLO_AND_CLOSURE_V1,ONE_SYNTHETIC_CPI,ONE_SELECTED_RANGE_DOPPLER_CELL,1,1,0,0,0,31a85cf10323dcb0ff906b98f8f0dab39e853ab81d2695b1979df50869258a07,e4dbb675f517a09dfecb804660426e69e7fa9bcc2fdbc86145927a9caaafaaef,-3.41972074171433,27.8024059949362,18
406,MC1_K2_N1_L4_SP22_P2_R08,2,WHITE,1,4,2,P2,2,8.2,10,0.2,0,-6,0,SPECIFIED_CORRELATION,22,22,7,8,57,MC1_BASE_N1_L4_P2_R08,MC1_BASE_N1_L4_P2_R08,430100057,430200057,WHITENED_SEQUENTIAL_BEAMSPACE_EXPECTED_TOTAL_SNR,STAGE8_K2_TANGENT_WHITE_SNR_MONTE_CARLO_AND_CLOSURE_V1,ONE_SYNTHETIC_CPI,ONE_SELECTED_RANGE_DOPPLER_CELL,1,1,0,0,0,31a85cf10323dcb0ff906b98f8f0dab39e853ab81d2695b1979df50869258a07,5efe312368fedabd3e89c1fb546b535c81ce81a84e77d3d6b3d3fbadc3452c6f,0.580279258285675,31.8024059949362,22
407,MC1_K2_N1_L4_SM6_P2_R09,2,WHITE,1,4,2,P2,2,8.2,10,0.2,0,-6,0,SPECIFIED_CORRELATION,-6,-6,1,9,58,MC1_BASE_N1_L4_P2_R09,MC1_BASE_N1_L4_P2_R09,430100058,430200058,WHITENED_SEQUENTIAL_BEAMSPACE_EXPECTED_TOTAL_SNR,STAGE8_K2_TANGENT_WHITE_SNR_MONTE_CARLO_AND_CLOSURE_V1,ONE_SYNTHETIC_CPI,ONE_SELECTED_RANGE_DOPPLER_CELL,1,1,0,0,0,31a85cf10323dcb0ff906b98f8f0dab39e853ab81d2695b1979df50869258a07,64f58740e3d2923287643efa6e8ba77f7faebbf141771938759093c082b7fdb2,-27.4197207417143,3.80240599493617,-6
408,MC1_K2_N1_L4_SP0_P2_R09,2,WHITE,1,4,2,P2,2,8.2,10,0.2,0,-6,0,SPECIFIED_CORRELATION,0,0,2,9,58,MC1_BASE_N1_L4_P2_R09,MC1_BASE_N1_L4_P2_R09,430100058,430200058,WHITENED_SEQUENTIAL_BEAMSPACE_EXPECTED_TOTAL_SNR,STAGE8_K2_TANGENT_WHITE_SNR_MONTE_CARLO_AND_CLOSURE_V1,ONE_SYNTHETIC_CPI,ONE_SELECTED_RANGE_DOPPLER_CELL,1,1,0,0,0,31a85cf10323dcb0ff906b98f8f0dab39e853ab81d2695b1979df50869258a07,53e71a3f3dd6743766c251c31dcd1ca748b0e14acf52cdb64234785d89cbc815,-21.4197207417143,9.80240599493617,2.89298239965986e-15
409,MC1_K2_N1_L4_SP6_P2_R09,2,WHITE,1,4,2,P2,2,8.2,10,0.2,0,-6,0,SPECIFIED_CORRELATION,6,6,3,9,58,MC1_BASE_N1_L4_P2_R09,MC1_BASE_N1_L4_P2_R09,430100058,430200058,WHITENED_SEQUENTIAL_BEAMSPACE_EXPECTED_TOTAL_SNR,STAGE8_K2_TANGENT_WHITE_SNR_MONTE_CARLO_AND_CLOSURE_V1,ONE_SYNTHETIC_CPI,ONE_SELECTED_RANGE_DOPPLER_CELL,1,1,0,0,0,31a85cf10323dcb0ff906b98f8f0dab39e853ab81d2695b1979df50869258a07,0eea382c1ebec2f3c4338d2255d2dae42809c86b0320a8f0e14b7d02a73031c7,-15.4197207417143,15.8024059949362,6
410,MC1_K2_N1_L4_SP10_P2_R09,2,WHITE,1,4,2,P2,2,8.2,10,0.2,0,-6,0,SPECIFIED_CORRELATION,10,10,4,9,58,MC1_BASE_N1_L4_P2_R09,MC1_BASE_N1_L4_P2_R09,430100058,430200058,WHITENED_SEQUENTIAL_BEAMSPACE_EXPECTED_TOTAL_SNR,STAGE8_K2_TANGENT_WHITE_SNR_MONTE_CARLO_AND_CLOSURE_V1,ONE_SYNTHETIC_CPI,ONE_SELECTED_RANGE_DOPPLER_CELL,1,1,0,0,0,31a85cf10323dcb0ff906b98f8f0dab39e853ab81d2695b1979df50869258a07,e3fff0aa953ace31f2a76c95daaeedd5a1dd325bdea1c489620fb434ba08b591,-11.4197207417143,19.8024059949362,10
411,MC1_K2_N1_L4_SP14_P2_R09,2,WHITE,1,4,2,P2,2,8.2,10,0.2,0,-6,0,SPECIFIED_CORRELATION,14,14,5,9,58,MC1_BASE_N1_L4_P2_R09,MC1_BASE_N1_L4_P2_R09,430100058,430200058,WHITENED_SEQUENTIAL_BEAMSPACE_EXPECTED_TOTAL_SNR,STAGE8_K2_TANGENT_WHITE_SNR_MONTE_CARLO_AND_CLOSURE_V1,ONE_SYNTHETIC_CPI,ONE_SELECTED_RANGE_DOPPLER_CELL,1,1,0,0,0,31a85cf10323dcb0ff906b98f8f0dab39e853ab81d2695b1979df50869258a07,9192194dc3ee21dfb12f2c217db183febf1626b54fe7d3f3e3584459fe0bb371,-7.41972074171433,23.8024059949362,14
412,MC1_K2_N1_L4_SP18_P2_R09,2,WHITE,1,4,2,P2,2,8.2,10,0.2,0,-6,0,SPECIFIED_CORRELATION,18,18,6,9,58,MC1_BASE_N1_L4_P2_R09,MC1_BASE_N1_L4_P2_R09,430100058,430200058,WHITENED_SEQUENTIAL_BEAMSPACE_EXPECTED_TOTAL_SNR,STAGE8_K2_TANGENT_WHITE_SNR_MONTE_CARLO_AND_CLOSURE_V1,ONE_SYNTHETIC_CPI,ONE_SELECTED_RANGE_DOPPLER_CELL,1,1,0,0,0,31a85cf10323dcb0ff906b98f8f0dab39e853ab81d2695b1979df50869258a07,6a1b1b8231fbc39cd2378301aade170170c5fe431eebe610314ffdbd9f3e1318,-3.41972074171433,27.8024059949362,18
413,MC1_K2_N1_L4_SP22_P2_R09,2,WHITE,1,4,2,P2,2,8.2,10,0.2,0,-6,0,SPECIFIED_CORRELATION,22,22,7,9,58,MC1_BASE_N1_L4_P2_R09,MC1_BASE_N1_L4_P2_R09,430100058,430200058,WHITENED_SEQUENTIAL_BEAMSPACE_EXPECTED_TOTAL_SNR,STAGE8_K2_TANGENT_WHITE_SNR_MONTE_CARLO_AND_CLOSURE_V1,ONE_SYNTHETIC_CPI,ONE_SELECTED_RANGE_DOPPLER_CELL,1,1,0,0,0,31a85cf10323dcb0ff906b98f8f0dab39e853ab81d2695b1979df50869258a07,d8a4056725e4733a23afc170b981d55c95edde16274940982ed3635dab7dd68e,0.580279258285675,31.8024059949362,22
414,MC1_K2_N1_L4_SM6_P2_R10,2,WHITE,1,4,2,P2,2,8.2,10,0.2,0,-6,0,SPECIFIED_CORRELATION,-6,-6,1,10,59,MC1_BASE_N1_L4_P2_R10,MC1_BASE_N1_L4_P2_R10,430100059,430200059,WHITENED_SEQUENTIAL_BEAMSPACE_EXPECTED_TOTAL_SNR,STAGE8_K2_TANGENT_WHITE_SNR_MONTE_CARLO_AND_CLOSURE_V1,ONE_SYNTHETIC_CPI,ONE_SELECTED_RANGE_DOPPLER_CELL,1,1,0,0,0,31a85cf10323dcb0ff906b98f8f0dab39e853ab81d2695b1979df50869258a07,322d8f2e22575be9dd58c652b24ba03d35698c687f510aac4aa1312f25a32339,-27.4197207417143,3.80240599493617,-6
415,MC1_K2_N1_L4_SP0_P2_R10,2,WHITE,1,4,2,P2,2,8.2,10,0.2,0,-6,0,SPECIFIED_CORRELATION,0,0,2,10,59,MC1_BASE_N1_L4_P2_R10,MC1_BASE_N1_L4_P2_R10,430100059,430200059,WHITENED_SEQUENTIAL_BEAMSPACE_EXPECTED_TOTAL_SNR,STAGE8_K2_TANGENT_WHITE_SNR_MONTE_CARLO_AND_CLOSURE_V1,ONE_SYNTHETIC_CPI,ONE_SELECTED_RANGE_DOPPLER_CELL,1,1,0,0,0,31a85cf10323dcb0ff906b98f8f0dab39e853ab81d2695b1979df50869258a07,1aad16b9c2d1b53cbaf5198a8d05962d1dd57a0928c1b6529aa898fb9e266c20,-21.4197207417143,9.80240599493617,2.89298239965986e-15
416,MC1_K2_N1_L4_SP6_P2_R10,2,WHITE,1,4,2,P2,2,8.2,10,0.2,0,-6,0,SPECIFIED_CORRELATION,6,6,3,10,59,MC1_BASE_N1_L4_P2_R10,MC1_BASE_N1_L4_P2_R10,430100059,430200059,WHITENED_SEQUENTIAL_BEAMSPACE_EXPECTED_TOTAL_SNR,STAGE8_K2_TANGENT_WHITE_SNR_MONTE_CARLO_AND_CLOSURE_V1,ONE_SYNTHETIC_CPI,ONE_SELECTED_RANGE_DOPPLER_CELL,1,1,0,0,0,31a85cf10323dcb0ff906b98f8f0dab39e853ab81d2695b1979df50869258a07,e825425f984414bf6d12bb14f57f95f6d9690b741c6548286baad0da788b84fc,-15.4197207417143,15.8024059949362,6
417,MC1_K2_N1_L4_SP10_P2_R10,2,WHITE,1,4,2,P2,2,8.2,10,0.2,0,-6,0,SPECIFIED_CORRELATION,10,10,4,10,59,MC1_BASE_N1_L4_P2_R10,MC1_BASE_N1_L4_P2_R10,430100059,430200059,WHITENED_SEQUENTIAL_BEAMSPACE_EXPECTED_TOTAL_SNR,STAGE8_K2_TANGENT_WHITE_SNR_MONTE_CARLO_AND_CLOSURE_V1,ONE_SYNTHETIC_CPI,ONE_SELECTED_RANGE_DOPPLER_CELL,1,1,0,0,0,31a85cf10323dcb0ff906b98f8f0dab39e853ab81d2695b1979df50869258a07,ec1d14ba25448c954b11151bcf64e1b1ca8a2567d140906d93a11c158e7f249d,-11.4197207417143,19.8024059949362,10
418,MC1_K2_N1_L4_SP14_P2_R10,2,WHITE,1,4,2,P2,2,8.2,10,0.2,0,-6,0,SPECIFIED_CORRELATION,14,14,5,10,59,MC1_BASE_N1_L4_P2_R10,MC1_BASE_N1_L4_P2_R10,430100059,430200059,WHITENED_SEQUENTIAL_BEAMSPACE_EXPECTED_TOTAL_SNR,STAGE8_K2_TANGENT_WHITE_SNR_MONTE_CARLO_AND_CLOSURE_V1,ONE_SYNTHETIC_CPI,ONE_SELECTED_RANGE_DOPPLER_CELL,1,1,0,0,0,31a85cf10323dcb0ff906b98f8f0dab39e853ab81d2695b1979df50869258a07,83db71c31cb4f8d6f941e1087f5bc04d3a9775112c57852f3f442722a4b52064,-7.41972074171433,23.8024059949362,14
419,MC1_K2_N1_L4_SP18_P2_R10,2,WHITE,1,4,2,P2,2,8.2,10,0.2,0,-6,0,SPECIFIED_CORRELATION,18,18,6,10,59,MC1_BASE_N1_L4_P2_R10,MC1_BASE_N1_L4_P2_R10,430100059,430200059,WHITENED_SEQUENTIAL_BEAMSPACE_EXPECTED_TOTAL_SNR,STAGE8_K2_TANGENT_WHITE_SNR_MONTE_CARLO_AND_CLOSURE_V1,ONE_SYNTHETIC_CPI,ONE_SELECTED_RANGE_DOPPLER_CELL,1,1,0,0,0,31a85cf10323dcb0ff906b98f8f0dab39e853ab81d2695b1979df50869258a07,cfb2f8ee68f6f6ad8b64fa082106846b48f842b20c66b661a71861723c89562a,-3.41972074171433,27.8024059949362,18
420,MC1_K2_N1_L4_SP22_P2_R10,2,WHITE,1,4,2,P2,2,8.2,10,0.2,0,-6,0,SPECIFIED_CORRELATION,22,22,7,10,59,MC1_BASE_N1_L4_P2_R10,MC1_BASE_N1_L4_P2_R10,430100059,430200059,WHITENED_SEQUENTIAL_BEAMSPACE_EXPECTED_TOTAL_SNR,STAGE8_K2_TANGENT_WHITE_SNR_MONTE_CARLO_AND_CLOSURE_V1,ONE_SYNTHETIC_CPI,ONE_SELECTED_RANGE_DOPPLER_CELL,1,1,0,0,0,31a85cf10323dcb0ff906b98f8f0dab39e853ab81d2695b1979df50869258a07,48b2899ee3c5e664e38ea3ea2a5c4c31517ab1262e7cdf79d5c266e921c54eeb,0.580279258285675,31.8024059949362,22
421,MC1_K2_N1_L4_SM6_P3_R01,2,WHITE,1,4,2,P3,3,7.9,10.1,0.15,90,0,0.9,SPECIFIED_CORRELATION,-6,-6,1,1,60,MC1_BASE_N1_L4_P3_R01,MC1_BASE_N1_L4_P3_R01,430100060,430200060,WHITENED_SEQUENTIAL_BEAMSPACE_EXPECTED_TOTAL_SNR,STAGE8_K2_TANGENT_WHITE_SNR_MONTE_CARLO_AND_CLOSURE_V1,ONE_SYNTHETIC_CPI,ONE_SELECTED_RANGE_DOPPLER_CELL,1,1,0,0,0,31a85cf10323dcb0ff906b98f8f0dab39e853ab81d2695b1979df50869258a07,981f18b1c41e0e6aee31ff98c4b9e41919a3b808963fe6bd2eb60e30eab2f8eb,-27.41972000628,3.79207002282313,-6
422,MC1_K2_N1_L4_SP0_P3_R01,2,WHITE,1,4,2,P3,3,7.9,10.1,0.15,90,0,0.9,SPECIFIED_CORRELATION,0,0,2,1,60,MC1_BASE_N1_L4_P3_R01,MC1_BASE_N1_L4_P3_R01,430100060,430200060,WHITENED_SEQUENTIAL_BEAMSPACE_EXPECTED_TOTAL_SNR,STAGE8_K2_TANGENT_WHITE_SNR_MONTE_CARLO_AND_CLOSURE_V1,ONE_SYNTHETIC_CPI,ONE_SELECTED_RANGE_DOPPLER_CELL,1,1,0,0,0,31a85cf10323dcb0ff906b98f8f0dab39e853ab81d2695b1979df50869258a07,b4999f5a244f7b3aa3e05733217777f15adc243e6a494c7a505c608b6db4869f,-21.41972000628,9.79207002282313,-4.82163733276644e-16
423,MC1_K2_N1_L4_SP6_P3_R01,2,WHITE,1,4,2,P3,3,7.9,10.1,0.15,90,0,0.9,SPECIFIED_CORRELATION,6,6,3,1,60,MC1_BASE_N1_L4_P3_R01,MC1_BASE_N1_L4_P3_R01,430100060,430200060,WHITENED_SEQUENTIAL_BEAMSPACE_EXPECTED_TOTAL_SNR,STAGE8_K2_TANGENT_WHITE_SNR_MONTE_CARLO_AND_CLOSURE_V1,ONE_SYNTHETIC_CPI,ONE_SELECTED_RANGE_DOPPLER_CELL,1,1,0,0,0,31a85cf10323dcb0ff906b98f8f0dab39e853ab81d2695b1979df50869258a07,ebf19aa51d00af1e85e2a09b8c5454d240d7ee5d73142c774fddf109ad42010d,-15.41972000628,15.7920700228231,6
424,MC1_K2_N1_L4_SP10_P3_R01,2,WHITE,1,4,2,P3,3,7.9,10.1,0.15,90,0,0.9,SPECIFIED_CORRELATION,10,10,4,1,60,MC1_BASE_N1_L4_P3_R01,MC1_BASE_N1_L4_P3_R01,430100060,430200060,WHITENED_SEQUENTIAL_BEAMSPACE_EXPECTED_TOTAL_SNR,STAGE8_K2_TANGENT_WHITE_SNR_MONTE_CARLO_AND_CLOSURE_V1,ONE_SYNTHETIC_CPI,ONE_SELECTED_RANGE_DOPPLER_CELL,1,1,0,0,0,31a85cf10323dcb0ff906b98f8f0dab39e853ab81d2695b1979df50869258a07,142df10cc1ceddb376633c71fcacc4bbacbf5256dd0e8e6ce20b38e703ab8044,-11.41972000628,19.7920700228231,10
425,MC1_K2_N1_L4_SP14_P3_R01,2,WHITE,1,4,2,P3,3,7.9,10.1,0.15,90,0,0.9,SPECIFIED_CORRELATION,14,14,5,1,60,MC1_BASE_N1_L4_P3_R01,MC1_BASE_N1_L4_P3_R01,430100060,430200060,WHITENED_SEQUENTIAL_BEAMSPACE_EXPECTED_TOTAL_SNR,STAGE8_K2_TANGENT_WHITE_SNR_MONTE_CARLO_AND_CLOSURE_V1,ONE_SYNTHETIC_CPI,ONE_SELECTED_RANGE_DOPPLER_CELL,1,1,0,0,0,31a85cf10323dcb0ff906b98f8f0dab39e853ab81d2695b1979df50869258a07,2c4050a154a1d97eeef4cbf9655490209d2d560e4e83a3737c760b1274d49727,-7.41972000627996,23.7920700228231,14
426,MC1_K2_N1_L4_SP18_P3_R01,2,WHITE,1,4,2,P3,3,7.9,10.1,0.15,90,0,0.9,SPECIFIED_CORRELATION,18,18,6,1,60,MC1_BASE_N1_L4_P3_R01,MC1_BASE_N1_L4_P3_R01,430100060,430200060,WHITENED_SEQUENTIAL_BEAMSPACE_EXPECTED_TOTAL_SNR,STAGE8_K2_TANGENT_WHITE_SNR_MONTE_CARLO_AND_CLOSURE_V1,ONE_SYNTHETIC_CPI,ONE_SELECTED_RANGE_DOPPLER_CELL,1,1,0,0,0,31a85cf10323dcb0ff906b98f8f0dab39e853ab81d2695b1979df50869258a07,ca36b65742b11de432c55bc235617dfeb82eace622f639440dc891e66991da7f,-3.41972000627996,27.7920700228231,18
427,MC1_K2_N1_L4_SP22_P3_R01,2,WHITE,1,4,2,P3,3,7.9,10.1,0.15,90,0,0.9,SPECIFIED_CORRELATION,22,22,7,1,60,MC1_BASE_N1_L4_P3_R01,MC1_BASE_N1_L4_P3_R01,430100060,430200060,WHITENED_SEQUENTIAL_BEAMSPACE_EXPECTED_TOTAL_SNR,STAGE8_K2_TANGENT_WHITE_SNR_MONTE_CARLO_AND_CLOSURE_V1,ONE_SYNTHETIC_CPI,ONE_SELECTED_RANGE_DOPPLER_CELL,1,1,0,0,0,31a85cf10323dcb0ff906b98f8f0dab39e853ab81d2695b1979df50869258a07,19798ccc91c03d005e57ead52034b22e22d651c380a22fab5ddea4540a26d35c,0.580279993720044,31.7920700228231,22
428,MC1_K2_N1_L4_SM6_P3_R02,2,WHITE,1,4,2,P3,3,7.9,10.1,0.15,90,0,0.9,SPECIFIED_CORRELATION,-6,-6,1,2,61,MC1_BASE_N1_L4_P3_R02,MC1_BASE_N1_L4_P3_R02,430100061,430200061,WHITENED_SEQUENTIAL_BEAMSPACE_EXPECTED_TOTAL_SNR,STAGE8_K2_TANGENT_WHITE_SNR_MONTE_CARLO_AND_CLOSURE_V1,ONE_SYNTHETIC_CPI,ONE_SELECTED_RANGE_DOPPLER_CELL,1,1,0,0,0,31a85cf10323dcb0ff906b98f8f0dab39e853ab81d2695b1979df50869258a07,3629ab1fb9c0870b6628b73ffeb65b689f8f657e795a511c80f7a8fd6c327a4c,-27.4197188634538,3.74709204088222,-6
429,MC1_K2_N1_L4_SP0_P3_R02,2,WHITE,1,4,2,P3,3,7.9,10.1,0.15,90,0,0.9,SPECIFIED_CORRELATION,0,0,2,2,61,MC1_BASE_N1_L4_P3_R02,MC1_BASE_N1_L4_P3_R02,430100061,430200061,WHITENED_SEQUENTIAL_BEAMSPACE_EXPECTED_TOTAL_SNR,STAGE8_K2_TANGENT_WHITE_SNR_MONTE_CARLO_AND_CLOSURE_V1,ONE_SYNTHETIC_CPI,ONE_SELECTED_RANGE_DOPPLER_CELL,1,1,0,0,0,31a85cf10323dcb0ff906b98f8f0dab39e853ab81d2695b1979df50869258a07,b26c3ddf23c798ae5ed53d4987bb59e22f6e6e1a2d10046fc2d4a2c2a7d68310,-21.4197188634538,9.74709204088222,-4.82163733276644e-16
430,MC1_K2_N1_L4_SP6_P3_R02,2,WHITE,1,4,2,P3,3,7.9,10.1,0.15,90,0,0.9,SPECIFIED_CORRELATION,6,6,3,2,61,MC1_BASE_N1_L4_P3_R02,MC1_BASE_N1_L4_P3_R02,430100061,430200061,WHITENED_SEQUENTIAL_BEAMSPACE_EXPECTED_TOTAL_SNR,STAGE8_K2_TANGENT_WHITE_SNR_MONTE_CARLO_AND_CLOSURE_V1,ONE_SYNTHETIC_CPI,ONE_SELECTED_RANGE_DOPPLER_CELL,1,1,0,0,0,31a85cf10323dcb0ff906b98f8f0dab39e853ab81d2695b1979df50869258a07,e6e88c2acc2ea818ca7b8181357feb225ab5aa2555493c3215b4d576d4c7d56d,-15.4197188634538,15.7470920408822,6
431,MC1_K2_N1_L4_SP10_P3_R02,2,WHITE,1,4,2,P3,3,7.9,10.1,0.15,90,0,0.9,SPECIFIED_CORRELATION,10,10,4,2,61,MC1_BASE_N1_L4_P3_R02,MC1_BASE_N1_L4_P3_R02,430100061,430200061,WHITENED_SEQUENTIAL_BEAMSPACE_EXPECTED_TOTAL_SNR,STAGE8_K2_TANGENT_WHITE_SNR_MONTE_CARLO_AND_CLOSURE_V1,ONE_SYNTHETIC_CPI,ONE_SELECTED_RANGE_DOPPLER_CELL,1,1,0,0,0,31a85cf10323dcb0ff906b98f8f0dab39e853ab81d2695b1979df50869258a07,ad27907d11af3e18997a1d165385c1fdbb23387e1879fb547ba88046bf95c0c2,-11.4197188634538,19.7470920408822,10
432,MC1_K2_N1_L4_SP14_P3_R02,2,WHITE,1,4,2,P3,3,7.9,10.1,0.15,90,0,0.9,SPECIFIED_CORRELATION,14,14,5,2,61,MC1_BASE_N1_L4_P3_R02,MC1_BASE_N1_L4_P3_R02,430100061,430200061,WHITENED_SEQUENTIAL_BEAMSPACE_EXPECTED_TOTAL_SNR,STAGE8_K2_TANGENT_WHITE_SNR_MONTE_CARLO_AND_CLOSURE_V1,ONE_SYNTHETIC_CPI,ONE_SELECTED_RANGE_DOPPLER_CELL,1,1,0,0,0,31a85cf10323dcb0ff906b98f8f0dab39e853ab81d2695b1979df50869258a07,108cddca2462838dfecba94ddd9bf1ecab54aa28004d0278ef386e4cc53d5c39,-7.4197188634538,23.7470920408822,14
433,MC1_K2_N1_L4_SP18_P3_R02,2,WHITE,1,4,2,P3,3,7.9,10.1,0.15,90,0,0.9,SPECIFIED_CORRELATION,18,18,6,2,61,MC1_BASE_N1_L4_P3_R02,MC1_BASE_N1_L4_P3_R02,430100061,430200061,WHITENED_SEQUENTIAL_BEAMSPACE_EXPECTED_TOTAL_SNR,STAGE8_K2_TANGENT_WHITE_SNR_MONTE_CARLO_AND_CLOSURE_V1,ONE_SYNTHETIC_CPI,ONE_SELECTED_RANGE_DOPPLER_CELL,1,1,0,0,0,31a85cf10323dcb0ff906b98f8f0dab39e853ab81d2695b1979df50869258a07,9848245cdca35b75d89c8d0cc7896ae404cdeb3c6d583ee62c452b04f6839bb4,-3.4197188634538,27.7470920408822,18
434,MC1_K2_N1_L4_SP22_P3_R02,2,WHITE,1,4,2,P3,3,7.9,10.1,0.15,90,0,0.9,SPECIFIED_CORRELATION,22,22,7,2,61,MC1_BASE_N1_L4_P3_R02,MC1_BASE_N1_L4_P3_R02,430100061,430200061,WHITENED_SEQUENTIAL_BEAMSPACE_EXPECTED_TOTAL_SNR,STAGE8_K2_TANGENT_WHITE_SNR_MONTE_CARLO_AND_CLOSURE_V1,ONE_SYNTHETIC_CPI,ONE_SELECTED_RANGE_DOPPLER_CELL,1,1,0,0,0,31a85cf10323dcb0ff906b98f8f0dab39e853ab81d2695b1979df50869258a07,146d2eebc42b4238ef0e46bd4bdd5c4a7634db6666ae7b2db43a1a0ecad45fcf,0.580281136546203,31.7470920408822,22
435,MC1_K2_N1_L4_SM6_P3_R03,2,WHITE,1,4,2,P3,3,7.9,10.1,0.15,90,0,0.9,SPECIFIED_CORRELATION,-6,-6,1,3,62,MC1_BASE_N1_L4_P3_R03,MC1_BASE_N1_L4_P3_R03,430100062,430200062,WHITENED_SEQUENTIAL_BEAMSPACE_EXPECTED_TOTAL_SNR,STAGE8_K2_TANGENT_WHITE_SNR_MONTE_CARLO_AND_CLOSURE_V1,ONE_SYNTHETIC_CPI,ONE_SELECTED_RANGE_DOPPLER_CELL,1,1,0,0,0,31a85cf10323dcb0ff906b98f8f0dab39e853ab81d2695b1979df50869258a07,3b2f13a0cc2529c10f7a4a1b63fe0519a3fb82a6dad49b8800e6945c28b6c0e9,-27.4197203070874,3.80681219319892,-6
436,MC1_K2_N1_L4_SP0_P3_R03,2,WHITE,1,4,2,P3,3,7.9,10.1,0.15,90,0,0.9,SPECIFIED_CORRELATION,0,0,2,3,62,MC1_BASE_N1_L4_P3_R03,MC1_BASE_N1_L4_P3_R03,430100062,430200062,WHITENED_SEQUENTIAL_BEAMSPACE_EXPECTED_TOTAL_SNR,STAGE8_K2_TANGENT_WHITE_SNR_MONTE_CARLO_AND_CLOSURE_V1,ONE_SYNTHETIC_CPI,ONE_SELECTED_RANGE_DOPPLER_CELL,1,1,0,0,0,31a85cf10323dcb0ff906b98f8f0dab39e853ab81d2695b1979df50869258a07,ca56d840fdae053d11691aa727c1a57f6eeb7321d9a5a3f2116bef862fd2b8be,-21.4197203070874,9.80681219319892,-3.37514613293651e-15
437,MC1_K2_N1_L4_SP6_P3_R03,2,WHITE,1,4,2,P3,3,7.9,10.1,0.15,90,0,0.9,SPECIFIED_CORRELATION,6,6,3,3,62,MC1_BASE_N1_L4_P3_R03,MC1_BASE_N1_L4_P3_R03,430100062,430200062,WHITENED_SEQUENTIAL_BEAMSPACE_EXPECTED_TOTAL_SNR,STAGE8_K2_TANGENT_WHITE_SNR_MONTE_CARLO_AND_CLOSURE_V1,ONE_SYNTHETIC_CPI,ONE_SELECTED_RANGE_DOPPLER_CELL,1,1,0,0,0,31a85cf10323dcb0ff906b98f8f0dab39e853ab81d2695b1979df50869258a07,42026ccc2833eb6e11f31a49fed1a3ce24dd14f254850eb28804d996e5a74c79,-15.4197203070874,15.8068121931989,6
438,MC1_K2_N1_L4_SP10_P3_R03,2,WHITE,1,4,2,P3,3,7.9,10.1,0.15,90,0,0.9,SPECIFIED_CORRELATION,10,10,4,3,62,MC1_BASE_N1_L4_P3_R03,MC1_BASE_N1_L4_P3_R03,430100062,430200062,WHITENED_SEQUENTIAL_BEAMSPACE_EXPECTED_TOTAL_SNR,STAGE8_K2_TANGENT_WHITE_SNR_MONTE_CARLO_AND_CLOSURE_V1,ONE_SYNTHETIC_CPI,ONE_SELECTED_RANGE_DOPPLER_CELL,1,1,0,0,0,31a85cf10323dcb0ff906b98f8f0dab39e853ab81d2695b1979df50869258a07,536b0345f86fce8ed6fbec027c726694b365e5f8a5fa53f26d89b131aface4cb,-11.4197203070874,19.8068121931989,10
439,MC1_K2_N1_L4_SP14_P3_R03,2,WHITE,1,4,2,P3,3,7.9,10.1,0.15,90,0,0.9,SPECIFIED_CORRELATION,14,14,5,3,62,MC1_BASE_N1_L4_P3_R03,MC1_BASE_N1_L4_P3_R03,430100062,430200062,WHITENED_SEQUENTIAL_BEAMSPACE_EXPECTED_TOTAL_SNR,STAGE8_K2_TANGENT_WHITE_SNR_MONTE_CARLO_AND_CLOSURE_V1,ONE_SYNTHETIC_CPI,ONE_SELECTED_RANGE_DOPPLER_CELL,1,1,0,0,0,31a85cf10323dcb0ff906b98f8f0dab39e853ab81d2695b1979df50869258a07,1bc99c0089c0eb4981618a6df64af4a4247b212bb3425a959f59b70131c045af,-7.41972030708741,23.8068121931989,14
440,MC1_K2_N1_L4_SP18_P3_R03,2,WHITE,1,4,2,P3,3,7.9,10.1,0.15,90,0,0.9,SPECIFIED_CORRELATION,18,18,6,3,62,MC1_BASE_N1_L4_P3_R03,MC1_BASE_N1_L4_P3_R03,430100062,430200062,WHITENED_SEQUENTIAL_BEAMSPACE_EXPECTED_TOTAL_SNR,STAGE8_K2_TANGENT_WHITE_SNR_MONTE_CARLO_AND_CLOSURE_V1,ONE_SYNTHETIC_CPI,ONE_SELECTED_RANGE_DOPPLER_CELL,1,1,0,0,0,31a85cf10323dcb0ff906b98f8f0dab39e853ab81d2695b1979df50869258a07,f5d7429b8a86cff15c9a3b61b3153c45bddb5801ac96eb8687b3e0fabe3d84b4,-3.41972030708741,27.8068121931989,18
441,MC1_K2_N1_L4_SP22_P3_R03,2,WHITE,1,4,2,P3,3,7.9,10.1,0.15,90,0,0.9,SPECIFIED_CORRELATION,22,22,7,3,62,MC1_BASE_N1_L4_P3_R03,MC1_BASE_N1_L4_P3_R03,430100062,430200062,WHITENED_SEQUENTIAL_BEAMSPACE_EXPECTED_TOTAL_SNR,STAGE8_K2_TANGENT_WHITE_SNR_MONTE_CARLO_AND_CLOSURE_V1,ONE_SYNTHETIC_CPI,ONE_SELECTED_RANGE_DOPPLER_CELL,1,1,0,0,0,31a85cf10323dcb0ff906b98f8f0dab39e853ab81d2695b1979df50869258a07,647a431b7460390d9187957870993b227152db2672e3c8eeeb097f846a9c067b,0.580279692912594,31.8068121931989,22
442,MC1_K2_N1_L4_SM6_P3_R04,2,WHITE,1,4,2,P3,3,7.9,10.1,0.15,90,0,0.9,SPECIFIED_CORRELATION,-6,-6,1,4,63,MC1_BASE_N1_L4_P3_R04,MC1_BASE_N1_L4_P3_R04,430100063,430200063,WHITENED_SEQUENTIAL_BEAMSPACE_EXPECTED_TOTAL_SNR,STAGE8_K2_TANGENT_WHITE_SNR_MONTE_CARLO_AND_CLOSURE_V1,ONE_SYNTHETIC_CPI,ONE_SELECTED_RANGE_DOPPLER_CELL,1,1,0,0,0,31a85cf10323dcb0ff906b98f8f0dab39e853ab81d2695b1979df50869258a07,6f0f9149e4d11d261bb555a7802f319a4ab6f0a396f0d3451350da131dde0a7e,-27.4197201217457,3.80423301284069,-6
443,MC1_K2_N1_L4_SP0_P3_R04,2,WHITE,1,4,2,P3,3,7.9,10.1,0.15,90,0,0.9,SPECIFIED_CORRELATION,0,0,2,4,63,MC1_BASE_N1_L4_P3_R04,MC1_BASE_N1_L4_P3_R04,430100063,430200063,WHITENED_SEQUENTIAL_BEAMSPACE_EXPECTED_TOTAL_SNR,STAGE8_K2_TANGENT_WHITE_SNR_MONTE_CARLO_AND_CLOSURE_V1,ONE_SYNTHETIC_CPI,ONE_SELECTED_RANGE_DOPPLER_CELL,1,1,0,0,0,31a85cf10323dcb0ff906b98f8f0dab39e853ab81d2695b1979df50869258a07,a2a03241e148ff8f9944fd487181528322ef34ecd124a4d2bd1be399f90e0f51,-21.4197201217457,9.80423301284069,-4.82163733276644e-16
444,MC1_K2_N1_L4_SP6_P3_R04,2,WHITE,1,4,2,P3,3,7.9,10.1,0.15,90,0,0.9,SPECIFIED_CORRELATION,6,6,3,4,63,MC1_BASE_N1_L4_P3_R04,MC1_BASE_N1_L4_P3_R04,430100063,430200063,WHITENED_SEQUENTIAL_BEAMSPACE_EXPECTED_TOTAL_SNR,STAGE8_K2_TANGENT_WHITE_SNR_MONTE_CARLO_AND_CLOSURE_V1,ONE_SYNTHETIC_CPI,ONE_SELECTED_RANGE_DOPPLER_CELL,1,1,0,0,0,31a85cf10323dcb0ff906b98f8f0dab39e853ab81d2695b1979df50869258a07,56800b446d8faeb0e17dd0eff6b7b0a8babb08f468196c30a5cc65532c280c7e,-15.4197201217457,15.8042330128407,6
445,MC1_K2_N1_L4_SP10_P3_R04,2,WHITE,1,4,2,P3,3,7.9,10.1,0.15,90,0,0.9,SPECIFIED_CORRELATION,10,10,4,4,63,MC1_BASE_N1_L4_P3_R04,MC1_BASE_N1_L4_P3_R04,430100063,430200063,WHITENED_SEQUENTIAL_BEAMSPACE_EXPECTED_TOTAL_SNR,STAGE8_K2_TANGENT_WHITE_SNR_MONTE_CARLO_AND_CLOSURE_V1,ONE_SYNTHETIC_CPI,ONE_SELECTED_RANGE_DOPPLER_CELL,1,1,0,0,0,31a85cf10323dcb0ff906b98f8f0dab39e853ab81d2695b1979df50869258a07,5e89af73492a94e350bb18dfdea8592efea877132d5d3e39c9c7192833fc0462,-11.4197201217457,19.8042330128407,10
446,MC1_K2_N1_L4_SP14_P3_R04,2,WHITE,1,4,2,P3,3,7.9,10.1,0.15,90,0,0.9,SPECIFIED_CORRELATION,14,14,5,4,63,MC1_BASE_N1_L4_P3_R04,MC1_BASE_N1_L4_P3_R04,430100063,430200063,WHITENED_SEQUENTIAL_BEAMSPACE_EXPECTED_TOTAL_SNR,STAGE8_K2_TANGENT_WHITE_SNR_MONTE_CARLO_AND_CLOSURE_V1,ONE_SYNTHETIC_CPI,ONE_SELECTED_RANGE_DOPPLER_CELL,1,1,0,0,0,31a85cf10323dcb0ff906b98f8f0dab39e853ab81d2695b1979df50869258a07,278ae00acaf9250b4c1683f9192c6f6297efb369f142e8bc3133f6b690724ea5,-7.41972012174571,23.8042330128407,14
447,MC1_K2_N1_L4_SP18_P3_R04,2,WHITE,1,4,2,P3,3,7.9,10.1,0.15,90,0,0.9,SPECIFIED_CORRELATION,18,18,6,4,63,MC1_BASE_N1_L4_P3_R04,MC1_BASE_N1_L4_P3_R04,430100063,430200063,WHITENED_SEQUENTIAL_BEAMSPACE_EXPECTED_TOTAL_SNR,STAGE8_K2_TANGENT_WHITE_SNR_MONTE_CARLO_AND_CLOSURE_V1,ONE_SYNTHETIC_CPI,ONE_SELECTED_RANGE_DOPPLER_CELL,1,1,0,0,0,31a85cf10323dcb0ff906b98f8f0dab39e853ab81d2695b1979df50869258a07,55c5e346457d5dd73d84309f2f43084e45f9d38c382bc9bd0a68b7a82024b2b0,-3.41972012174571,27.8042330128407,18
448,MC1_K2_N1_L4_SP22_P3_R04,2,WHITE,1,4,2,P3,3,7.9,10.1,0.15,90,0,0.9,SPECIFIED_CORRELATION,22,22,7,4,63,MC1_BASE_N1_L4_P3_R04,MC1_BASE_N1_L4_P3_R04,430100063,430200063,WHITENED_SEQUENTIAL_BEAMSPACE_EXPECTED_TOTAL_SNR,STAGE8_K2_TANGENT_WHITE_SNR_MONTE_CARLO_AND_CLOSURE_V1,ONE_SYNTHETIC_CPI,ONE_SELECTED_RANGE_DOPPLER_CELL,1,1,0,0,0,31a85cf10323dcb0ff906b98f8f0dab39e853ab81d2695b1979df50869258a07,4fffab308b1453ce8d9041d8ffaa2f27e71cb5e2d9856657f524712ed63b7936,0.580279878254297,31.8042330128407,22
449,MC1_K2_N1_L4_SM6_P3_R05,2,WHITE,1,4,2,P3,3,7.9,10.1,0.15,90,0,0.9,SPECIFIED_CORRELATION,-6,-6,1,5,64,MC1_BASE_N1_L4_P3_R05,MC1_BASE_N1_L4_P3_R05,430100064,430200064,WHITENED_SEQUENTIAL_BEAMSPACE_EXPECTED_TOTAL_SNR,STAGE8_K2_TANGENT_WHITE_SNR_MONTE_CARLO_AND_CLOSURE_V1,ONE_SYNTHETIC_CPI,ONE_SELECTED_RANGE_DOPPLER_CELL,1,1,0,0,0,31a85cf10323dcb0ff906b98f8f0dab39e853ab81d2695b1979df50869258a07,e0a8acdd6fb41dd63f3664488c83e445997d1513b983ad424d5e8f489eca50e6,-27.4197203108201,3.80761666564723,-6
450,MC1_K2_N1_L4_SP0_P3_R05,2,WHITE,1,4,2,P3,3,7.9,10.1,0.15,90,0,0.9,SPECIFIED_CORRELATION,0,0,2,5,64,MC1_BASE_N1_L4_P3_R05,MC1_BASE_N1_L4_P3_R05,430100064,430200064,WHITENED_SEQUENTIAL_BEAMSPACE_EXPECTED_TOTAL_SNR,STAGE8_K2_TANGENT_WHITE_SNR_MONTE_CARLO_AND_CLOSURE_V1,ONE_SYNTHETIC_CPI,ONE_SELECTED_RANGE_DOPPLER_CELL,1,1,0,0,0,31a85cf10323dcb0ff906b98f8f0dab39e853ab81d2695b1979df50869258a07,e3b154c1f631b457159499313741b79e23a47cc7f3794de9bf5ffc9cc65f7466,-21.4197203108201,9.80761666564723,-2.41081866638322e-15
451,MC1_K2_N1_L4_SP6_P3_R05,2,WHITE,1,4,2,P3,3,7.9,10.1,0.15,90,0,0.9,SPECIFIED_CORRELATION,6,6,3,5,64,MC1_BASE_N1_L4_P3_R05,MC1_BASE_N1_L4_P3_R05,430100064,430200064,WHITENED_SEQUENTIAL_BEAMSPACE_EXPECTED_TOTAL_SNR,STAGE8_K2_TANGENT_WHITE_SNR_MONTE_CARLO_AND_CLOSURE_V1,ONE_SYNTHETIC_CPI,ONE_SELECTED_RANGE_DOPPLER_CELL,1,1,0,0,0,31a85cf10323dcb0ff906b98f8f0dab39e853ab81d2695b1979df50869258a07,dd25862226e5d7fa8df9db128a405a3e29132b2c04fabd26645ee8961690e743,-15.4197203108201,15.8076166656472,6
452,MC1_K2_N1_L4_SP10_P3_R05,2,WHITE,1,4,2,P3,3,7.9,10.1,0.15,90,0,0.9,SPECIFIED_CORRELATION,10,10,4,5,64,MC1_BASE_N1_L4_P3_R05,MC1_BASE_N1_L4_P3_R05,430100064,430200064,WHITENED_SEQUENTIAL_BEAMSPACE_EXPECTED_TOTAL_SNR,STAGE8_K2_TANGENT_WHITE_SNR_MONTE_CARLO_AND_CLOSURE_V1,ONE_SYNTHETIC_CPI,ONE_SELECTED_RANGE_DOPPLER_CELL,1,1,0,0,0,31a85cf10323dcb0ff906b98f8f0dab39e853ab81d2695b1979df50869258a07,a0f96d31437a307c7a6c5eb2948e20058cf030601bacb2a5f3e60ab4a3436667,-11.4197203108201,19.8076166656472,10
453,MC1_K2_N1_L4_SP14_P3_R05,2,WHITE,1,4,2,P3,3,7.9,10.1,0.15,90,0,0.9,SPECIFIED_CORRELATION,14,14,5,5,64,MC1_BASE_N1_L4_P3_R05,MC1_BASE_N1_L4_P3_R05,430100064,430200064,WHITENED_SEQUENTIAL_BEAMSPACE_EXPECTED_TOTAL_SNR,STAGE8_K2_TANGENT_WHITE_SNR_MONTE_CARLO_AND_CLOSURE_V1,ONE_SYNTHETIC_CPI,ONE_SELECTED_RANGE_DOPPLER_CELL,1,1,0,0,0,31a85cf10323dcb0ff906b98f8f0dab39e853ab81d2695b1979df50869258a07,3daaaf60ee760dee038ade0b9edcc8a1899a3d05bc42a88e0554e13afad03e35,-7.41972031082009,23.8076166656472,14
454,MC1_K2_N1_L4_SP18_P3_R05,2,WHITE,1,4,2,P3,3,7.9,10.1,0.15,90,0,0.9,SPECIFIED_CORRELATION,18,18,6,5,64,MC1_BASE_N1_L4_P3_R05,MC1_BASE_N1_L4_P3_R05,430100064,430200064,WHITENED_SEQUENTIAL_BEAMSPACE_EXPECTED_TOTAL_SNR,STAGE8_K2_TANGENT_WHITE_SNR_MONTE_CARLO_AND_CLOSURE_V1,ONE_SYNTHETIC_CPI,ONE_SELECTED_RANGE_DOPPLER_CELL,1,1,0,0,0,31a85cf10323dcb0ff906b98f8f0dab39e853ab81d2695b1979df50869258a07,d7963288c7991f11480ac32b7d0b8d5bb7fcb07271ac7bc4aaf113448674cec6,-3.41972031082009,27.8076166656472,18
455,MC1_K2_N1_L4_SP22_P3_R05,2,WHITE,1,4,2,P3,3,7.9,10.1,0.15,90,0,0.9,SPECIFIED_CORRELATION,22,22,7,5,64,MC1_BASE_N1_L4_P3_R05,MC1_BASE_N1_L4_P3_R05,430100064,430200064,WHITENED_SEQUENTIAL_BEAMSPACE_EXPECTED_TOTAL_SNR,STAGE8_K2_TANGENT_WHITE_SNR_MONTE_CARLO_AND_CLOSURE_V1,ONE_SYNTHETIC_CPI,ONE_SELECTED_RANGE_DOPPLER_CELL,1,1,0,0,0,31a85cf10323dcb0ff906b98f8f0dab39e853ab81d2695b1979df50869258a07,ce58ae87c9f71569d4bd87a9be2254fa194f79f0022ad4ab2907e8215759e584,0.580279689179908,31.8076166656472,22
456,MC1_K2_N1_L4_SM6_P3_R06,2,WHITE,1,4,2,P3,3,7.9,10.1,0.15,90,0,0.9,SPECIFIED_CORRELATION,-6,-6,1,6,65,MC1_BASE_N1_L4_P3_R06,MC1_BASE_N1_L4_P3_R06,430100065,430200065,WHITENED_SEQUENTIAL_BEAMSPACE_EXPECTED_TOTAL_SNR,STAGE8_K2_TANGENT_WHITE_SNR_MONTE_CARLO_AND_CLOSURE_V1,ONE_SYNTHETIC_CPI,ONE_SELECTED_RANGE_DOPPLER_CELL,1,1,0,0,0,31a85cf10323dcb0ff906b98f8f0dab39e853ab81d2695b1979df50869258a07,64ecfe164d1f1563634123f79a71e16d10802d04661e920b16d5d7d13fb7bf35,-27.4197196606403,3.77785631347841,-6
457,MC1_K2_N1_L4_SP0_P3_R06,2,WHITE,1,4,2,P3,3,7.9,10.1,0.15,90,0,0.9,SPECIFIED_CORRELATION,0,0,2,6,65,MC1_BASE_N1_L4_P3_R06,MC1_BASE_N1_L4_P3_R06,430100065,430200065,WHITENED_SEQUENTIAL_BEAMSPACE_EXPECTED_TOTAL_SNR,STAGE8_K2_TANGENT_WHITE_SNR_MONTE_CARLO_AND_CLOSURE_V1,ONE_SYNTHETIC_CPI,ONE_SELECTED_RANGE_DOPPLER_CELL,1,1,0,0,0,31a85cf10323dcb0ff906b98f8f0dab39e853ab81d2695b1979df50869258a07,6a7d8690f440e721384cf7575bad9c9ad7f7c6605c57e1db78256b7fc0ae93c6,-21.4197196606403,9.77785631347841,-4.82163733276644e-16
458,MC1_K2_N1_L4_SP6_P3_R06,2,WHITE,1,4,2,P3,3,7.9,10.1,0.15,90,0,0.9,SPECIFIED_CORRELATION,6,6,3,6,65,MC1_BASE_N1_L4_P3_R06,MC1_BASE_N1_L4_P3_R06,430100065,430200065,WHITENED_SEQUENTIAL_BEAMSPACE_EXPECTED_TOTAL_SNR,STAGE8_K2_TANGENT_WHITE_SNR_MONTE_CARLO_AND_CLOSURE_V1,ONE_SYNTHETIC_CPI,ONE_SELECTED_RANGE_DOPPLER_CELL,1,1,0,0,0,31a85cf10323dcb0ff906b98f8f0dab39e853ab81d2695b1979df50869258a07,863d4f4568c3590dc05431e7f04bfda5294aa8eda285e166da9a72ad051b13ac,-15.4197196606403,15.7778563134784,6
459,MC1_K2_N1_L4_SP10_P3_R06,2,WHITE,1,4,2,P3,3,7.9,10.1,0.15,90,0,0.9,SPECIFIED_CORRELATION,10,10,4,6,65,MC1_BASE_N1_L4_P3_R06,MC1_BASE_N1_L4_P3_R06,430100065,430200065,WHITENED_SEQUENTIAL_BEAMSPACE_EXPECTED_TOTAL_SNR,STAGE8_K2_TANGENT_WHITE_SNR_MONTE_CARLO_AND_CLOSURE_V1,ONE_SYNTHETIC_CPI,ONE_SELECTED_RANGE_DOPPLER_CELL,1,1,0,0,0,31a85cf10323dcb0ff906b98f8f0dab39e853ab81d2695b1979df50869258a07,34af4a3b5cc3fdd89fb1c0d4aa28aca4c43c8c96cf6842f87a77c996e15b86fc,-11.4197196606403,19.7778563134784,10
460,MC1_K2_N1_L4_SP14_P3_R06,2,WHITE,1,4,2,P3,3,7.9,10.1,0.15,90,0,0.9,SPECIFIED_CORRELATION,14,14,5,6,65,MC1_BASE_N1_L4_P3_R06,MC1_BASE_N1_L4_P3_R06,430100065,430200065,WHITENED_SEQUENTIAL_BEAMSPACE_EXPECTED_TOTAL_SNR,STAGE8_K2_TANGENT_WHITE_SNR_MONTE_CARLO_AND_CLOSURE_V1,ONE_SYNTHETIC_CPI,ONE_SELECTED_RANGE_DOPPLER_CELL,1,1,0,0,0,31a85cf10323dcb0ff906b98f8f0dab39e853ab81d2695b1979df50869258a07,ab93020e6fd5e5c3b575529060c08ee743f34ca3abca67e9f6d9029b374cf868,-7.41971966064028,23.7778563134784,14
461,MC1_K2_N1_L4_SP18_P3_R06,2,WHITE,1,4,2,P3,3,7.9,10.1,0.15,90,0,0.9,SPECIFIED_CORRELATION,18,18,6,6,65,MC1_BASE_N1_L4_P3_R06,MC1_BASE_N1_L4_P3_R06,430100065,430200065,WHITENED_SEQUENTIAL_BEAMSPACE_EXPECTED_TOTAL_SNR,STAGE8_K2_TANGENT_WHITE_SNR_MONTE_CARLO_AND_CLOSURE_V1,ONE_SYNTHETIC_CPI,ONE_SELECTED_RANGE_DOPPLER_CELL,1,1,0,0,0,31a85cf10323dcb0ff906b98f8f0dab39e853ab81d2695b1979df50869258a07,aa39a45e2539b1946238d385fc55bbd413835b2b736510839923a7fc95234dbc,-3.41971966064028,27.7778563134784,18
462,MC1_K2_N1_L4_SP22_P3_R06,2,WHITE,1,4,2,P3,3,7.9,10.1,0.15,90,0,0.9,SPECIFIED_CORRELATION,22,22,7,6,65,MC1_BASE_N1_L4_P3_R06,MC1_BASE_N1_L4_P3_R06,430100065,430200065,WHITENED_SEQUENTIAL_BEAMSPACE_EXPECTED_TOTAL_SNR,STAGE8_K2_TANGENT_WHITE_SNR_MONTE_CARLO_AND_CLOSURE_V1,ONE_SYNTHETIC_CPI,ONE_SELECTED_RANGE_DOPPLER_CELL,1,1,0,0,0,31a85cf10323dcb0ff906b98f8f0dab39e853ab81d2695b1979df50869258a07,1060e1c6d4642f29937120c568cd975a98119b8fc56c7998a270761f027d88a9,0.580280339359727,31.7778563134784,22
463,MC1_K2_N1_L4_SM6_P3_R07,2,WHITE,1,4,2,P3,3,7.9,10.1,0.15,90,0,0.9,SPECIFIED_CORRELATION,-6,-6,1,7,66,MC1_BASE_N1_L4_P3_R07,MC1_BASE_N1_L4_P3_R07,430100066,430200066,WHITENED_SEQUENTIAL_BEAMSPACE_EXPECTED_TOTAL_SNR,STAGE8_K2_TANGENT_WHITE_SNR_MONTE_CARLO_AND_CLOSURE_V1,ONE_SYNTHETIC_CPI,ONE_SELECTED_RANGE_DOPPLER_CELL,1,1,0,0,0,31a85cf10323dcb0ff906b98f8f0dab39e853ab81d2695b1979df50869258a07,218be89535d6ba47e3b5efb7b4adb540af4c10f1cb263fbd560112fbeba73dbf,-27.4197164664109,3.66738137713559,-6
464,MC1_K2_N1_L4_SP0_P3_R07,2,WHITE,1,4,2,P3,3,7.9,10.1,0.15,90,0,0.9,SPECIFIED_CORRELATION,0,0,2,7,66,MC1_BASE_N1_L4_P3_R07,MC1_BASE_N1_L4_P3_R07,430100066,430200066,WHITENED_SEQUENTIAL_BEAMSPACE_EXPECTED_TOTAL_SNR,STAGE8_K2_TANGENT_WHITE_SNR_MONTE_CARLO_AND_CLOSURE_V1,ONE_SYNTHETIC_CPI,ONE_SELECTED_RANGE_DOPPLER_CELL,1,1,0,0,0,31a85cf10323dcb0ff906b98f8f0dab39e853ab81d2695b1979df50869258a07,9dd54dce7bcf9583267821da4a35719f17412802099fb4cd9e959c5f3c8e4650,-21.4197164664109,9.66738137713559,-1.44649119982993e-15
465,MC1_K2_N1_L4_SP6_P3_R07,2,WHITE,1,4,2,P3,3,7.9,10.1,0.15,90,0,0.9,SPECIFIED_CORRELATION,6,6,3,7,66,MC1_BASE_N1_L4_P3_R07,MC1_BASE_N1_L4_P3_R07,430100066,430200066,WHITENED_SEQUENTIAL_BEAMSPACE_EXPECTED_TOTAL_SNR,STAGE8_K2_TANGENT_WHITE_SNR_MONTE_CARLO_AND_CLOSURE_V1,ONE_SYNTHETIC_CPI,ONE_SELECTED_RANGE_DOPPLER_CELL,1,1,0,0,0,31a85cf10323dcb0ff906b98f8f0dab39e853ab81d2695b1979df50869258a07,5ea08b7ab2936b78bb2cd17b956ef1e91c60b0bf5461b6f33776581a0cb89812,-15.4197164664109,15.6673813771356,6
466,MC1_K2_N1_L4_SP10_P3_R07,2,WHITE,1,4,2,P3,3,7.9,10.1,0.15,90,0,0.9,SPECIFIED_CORRELATION,10,10,4,7,66,MC1_BASE_N1_L4_P3_R07,MC1_BASE_N1_L4_P3_R07,430100066,430200066,WHITENED_SEQUENTIAL_BEAMSPACE_EXPECTED_TOTAL_SNR,STAGE8_K2_TANGENT_WHITE_SNR_MONTE_CARLO_AND_CLOSURE_V1,ONE_SYNTHETIC_CPI,ONE_SELECTED_RANGE_DOPPLER_CELL,1,1,0,0,0,31a85cf10323dcb0ff906b98f8f0dab39e853ab81d2695b1979df50869258a07,216b978d97db1c14a2b2a5161744e51daf41775cb95d80ea7bd9a2602eb66e26,-11.4197164664109,19.6673813771356,10
467,MC1_K2_N1_L4_SP14_P3_R07,2,WHITE,1,4,2,P3,3,7.9,10.1,0.15,90,0,0.9,SPECIFIED_CORRELATION,14,14,5,7,66,MC1_BASE_N1_L4_P3_R07,MC1_BASE_N1_L4_P3_R07,430100066,430200066,WHITENED_SEQUENTIAL_BEAMSPACE_EXPECTED_TOTAL_SNR,STAGE8_K2_TANGENT_WHITE_SNR_MONTE_CARLO_AND_CLOSURE_V1,ONE_SYNTHETIC_CPI,ONE_SELECTED_RANGE_DOPPLER_CELL,1,1,0,0,0,31a85cf10323dcb0ff906b98f8f0dab39e853ab81d2695b1979df50869258a07,bc9cb224a46e3c365ae7ed1b109d8b6822aa5c863ab072461213239f1f32cefa,-7.41971646641088,23.6673813771356,14
468,MC1_K2_N1_L4_SP18_P3_R07,2,WHITE,1,4,2,P3,3,7.9,10.1,0.15,90,0,0.9,SPECIFIED_CORRELATION,18,18,6,7,66,MC1_BASE_N1_L4_P3_R07,MC1_BASE_N1_L4_P3_R07,430100066,430200066,WHITENED_SEQUENTIAL_BEAMSPACE_EXPECTED_TOTAL_SNR,STAGE8_K2_TANGENT_WHITE_SNR_MONTE_CARLO_AND_CLOSURE_V1,ONE_SYNTHETIC_CPI,ONE_SELECTED_RANGE_DOPPLER_CELL,1,1,0,0,0,31a85cf10323dcb0ff906b98f8f0dab39e853ab81d2695b1979df50869258a07,a1489de89e43cc007b62c961daa37f3d3a603ae242e5cfbfaf45362d3677214a,-3.41971646641088,27.6673813771356,18
469,MC1_K2_N1_L4_SP22_P3_R07,2,WHITE,1,4,2,P3,3,7.9,10.1,0.15,90,0,0.9,SPECIFIED_CORRELATION,22,22,7,7,66,MC1_BASE_N1_L4_P3_R07,MC1_BASE_N1_L4_P3_R07,430100066,430200066,WHITENED_SEQUENTIAL_BEAMSPACE_EXPECTED_TOTAL_SNR,STAGE8_K2_TANGENT_WHITE_SNR_MONTE_CARLO_AND_CLOSURE_V1,ONE_SYNTHETIC_CPI,ONE_SELECTED_RANGE_DOPPLER_CELL,1,1,0,0,0,31a85cf10323dcb0ff906b98f8f0dab39e853ab81d2695b1979df50869258a07,9809bdc0655d8b2e2693565950c05e7bb34faf8909ede73475f0b91081881889,0.580283533589124,31.6673813771356,22
470,MC1_K2_N1_L4_SM6_P3_R08,2,WHITE,1,4,2,P3,3,7.9,10.1,0.15,90,0,0.9,SPECIFIED_CORRELATION,-6,-6,1,8,67,MC1_BASE_N1_L4_P3_R08,MC1_BASE_N1_L4_P3_R08,430100067,430200067,WHITENED_SEQUENTIAL_BEAMSPACE_EXPECTED_TOTAL_SNR,STAGE8_K2_TANGENT_WHITE_SNR_MONTE_CARLO_AND_CLOSURE_V1,ONE_SYNTHETIC_CPI,ONE_SELECTED_RANGE_DOPPLER_CELL,1,1,0,0,0,31a85cf10323dcb0ff906b98f8f0dab39e853ab81d2695b1979df50869258a07,bb7927b5fcd91bf9a22eb0c23dadfe15520a72ebdb1db1552faadeb4005622f2,-27.419720291658,3.80562305822383,-6
471,MC1_K2_N1_L4_SP0_P3_R08,2,WHITE,1,4,2,P3,3,7.9,10.1,0.15,90,0,0.9,SPECIFIED_CORRELATION,0,0,2,8,67,MC1_BASE_N1_L4_P3_R08,MC1_BASE_N1_L4_P3_R08,430100067,430200067,WHITENED_SEQUENTIAL_BEAMSPACE_EXPECTED_TOTAL_SNR,STAGE8_K2_TANGENT_WHITE_SNR_MONTE_CARLO_AND_CLOSURE_V1,ONE_SYNTHETIC_CPI,ONE_SELECTED_RANGE_DOPPLER_CELL,1,1,0,0,0,31a85cf10323dcb0ff906b98f8f0dab39e853ab81d2695b1979df50869258a07,bebaac71ee0869149294f1c46e0920a3fc950dd5c13a3f7e459a7717ec37ed1b,-21.419720291658,9.80562305822384,-1.44649119982993e-15
472,MC1_K2_N1_L4_SP6_P3_R08,2,WHITE,1,4,2,P3,3,7.9,10.1,0.15,90,0,0.9,SPECIFIED_CORRELATION,6,6,3,8,67,MC1_BASE_N1_L4_P3_R08,MC1_BASE_N1_L4_P3_R08,430100067,430200067,WHITENED_SEQUENTIAL_BEAMSPACE_EXPECTED_TOTAL_SNR,STAGE8_K2_TANGENT_WHITE_SNR_MONTE_CARLO_AND_CLOSURE_V1,ONE_SYNTHETIC_CPI,ONE_SELECTED_RANGE_DOPPLER_CELL,1,1,0,0,0,31a85cf10323dcb0ff906b98f8f0dab39e853ab81d2695b1979df50869258a07,49d73a3a4463ba5a7d385ac955664a013f1bec41eacb6ebb0e9b0fa82b54c037,-15.419720291658,15.8056230582238,6
473,MC1_K2_N1_L4_SP10_P3_R08,2,WHITE,1,4,2,P3,3,7.9,10.1,0.15,90,0,0.9,SPECIFIED_CORRELATION,10,10,4,8,67,MC1_BASE_N1_L4_P3_R08,MC1_BASE_N1_L4_P3_R08,430100067,430200067,WHITENED_SEQUENTIAL_BEAMSPACE_EXPECTED_TOTAL_SNR,STAGE8_K2_TANGENT_WHITE_SNR_MONTE_CARLO_AND_CLOSURE_V1,ONE_SYNTHETIC_CPI,ONE_SELECTED_RANGE_DOPPLER_CELL,1,1,0,0,0,31a85cf10323dcb0ff906b98f8f0dab39e853ab81d2695b1979df50869258a07,f2b9b7f851e38c022d551d2d2851fc12fff81eff9b67b9e012509947e58d081d,-11.419720291658,19.8056230582238,10
474,MC1_K2_N1_L4_SP14_P3_R08,2,WHITE,1,4,2,P3,3,7.9,10.1,0.15,90,0,0.9,SPECIFIED_CORRELATION,14,14,5,8,67,MC1_BASE_N1_L4_P3_R08,MC1_BASE_N1_L4_P3_R08,430100067,430200067,WHITENED_SEQUENTIAL_BEAMSPACE_EXPECTED_TOTAL_SNR,STAGE8_K2_TANGENT_WHITE_SNR_MONTE_CARLO_AND_CLOSURE_V1,ONE_SYNTHETIC_CPI,ONE_SELECTED_RANGE_DOPPLER_CELL,1,1,0,0,0,31a85cf10323dcb0ff906b98f8f0dab39e853ab81d2695b1979df50869258a07,01ad56bd3157c6f14202435b3f0194e3c9d6f2d60e77dc6c71597c1849099671,-7.41972029165804,23.8056230582238,14
475,MC1_K2_N1_L4_SP18_P3_R08,2,WHITE,1,4,2,P3,3,7.9,10.1,0.15,90,0,0.9,SPECIFIED_CORRELATION,18,18,6,8,67,MC1_BASE_N1_L4_P3_R08,MC1_BASE_N1_L4_P3_R08,430100067,430200067,WHITENED_SEQUENTIAL_BEAMSPACE_EXPECTED_TOTAL_SNR,STAGE8_K2_TANGENT_WHITE_SNR_MONTE_CARLO_AND_CLOSURE_V1,ONE_SYNTHETIC_CPI,ONE_SELECTED_RANGE_DOPPLER_CELL,1,1,0,0,0,31a85cf10323dcb0ff906b98f8f0dab39e853ab81d2695b1979df50869258a07,cae5deb8ebad0fd3df5db8c9be8638d78a72e2d2c361b85fbee9a5fcc182a153,-3.41972029165804,27.8056230582238,18
476,MC1_K2_N1_L4_SP22_P3_R08,2,WHITE,1,4,2,P3,3,7.9,10.1,0.15,90,0,0.9,SPECIFIED_CORRELATION,22,22,7,8,67,MC1_BASE_N1_L4_P3_R08,MC1_BASE_N1_L4_P3_R08,430100067,430200067,WHITENED_SEQUENTIAL_BEAMSPACE_EXPECTED_TOTAL_SNR,STAGE8_K2_TANGENT_WHITE_SNR_MONTE_CARLO_AND_CLOSURE_V1,ONE_SYNTHETIC_CPI,ONE_SELECTED_RANGE_DOPPLER_CELL,1,1,0,0,0,31a85cf10323dcb0ff906b98f8f0dab39e853ab81d2695b1979df50869258a07,5485b29dcf6e954b30094eb3b3d236f95ac9df99f515f56373eb6339e99f4349,0.580279708341964,31.8056230582238,22
477,MC1_K2_N1_L4_SM6_P3_R09,2,WHITE,1,4,2,P3,3,7.9,10.1,0.15,90,0,0.9,SPECIFIED_CORRELATION,-6,-6,1,9,68,MC1_BASE_N1_L4_P3_R09,MC1_BASE_N1_L4_P3_R09,430100068,430200068,WHITENED_SEQUENTIAL_BEAMSPACE_EXPECTED_TOTAL_SNR,STAGE8_K2_TANGENT_WHITE_SNR_MONTE_CARLO_AND_CLOSURE_V1,ONE_SYNTHETIC_CPI,ONE_SELECTED_RANGE_DOPPLER_CELL,1,1,0,0,0,31a85cf10323dcb0ff906b98f8f0dab39e853ab81d2695b1979df50869258a07,b12e810ba2d93ef37145ec70a1034aa5c084a290b7a957f410906a03f237f01b,-27.4197189561799,3.7505826417882,-6
478,MC1_K2_N1_L4_SP0_P3_R09,2,WHITE,1,4,2,P3,3,7.9,10.1,0.15,90,0,0.9,SPECIFIED_CORRELATION,0,0,2,9,68,MC1_BASE_N1_L4_P3_R09,MC1_BASE_N1_L4_P3_R09,430100068,430200068,WHITENED_SEQUENTIAL_BEAMSPACE_EXPECTED_TOTAL_SNR,STAGE8_K2_TANGENT_WHITE_SNR_MONTE_CARLO_AND_CLOSURE_V1,ONE_SYNTHETIC_CPI,ONE_SELECTED_RANGE_DOPPLER_CELL,1,1,0,0,0,31a85cf10323dcb0ff906b98f8f0dab39e853ab81d2695b1979df50869258a07,a2c8a6c6d62881154d79016d799e4d89e5855298f848f7a0b94424862aea1837,-21.4197189561799,9.75058264178821,9.64327466553287e-16
479,MC1_K2_N1_L4_SP6_P3_R09,2,WHITE,1,4,2,P3,3,7.9,10.1,0.15,90,0,0.9,SPECIFIED_CORRELATION,6,6,3,9,68,MC1_BASE_N1_L4_P3_R09,MC1_BASE_N1_L4_P3_R09,430100068,430200068,WHITENED_SEQUENTIAL_BEAMSPACE_EXPECTED_TOTAL_SNR,STAGE8_K2_TANGENT_WHITE_SNR_MONTE_CARLO_AND_CLOSURE_V1,ONE_SYNTHETIC_CPI,ONE_SELECTED_RANGE_DOPPLER_CELL,1,1,0,0,0,31a85cf10323dcb0ff906b98f8f0dab39e853ab81d2695b1979df50869258a07,43835507024c224a9bfefcfd92364ab60a9364558bb996d2fac85a13d0befc34,-15.4197189561799,15.7505826417882,6
480,MC1_K2_N1_L4_SP10_P3_R09,2,WHITE,1,4,2,P3,3,7.9,10.1,0.15,90,0,0.9,SPECIFIED_CORRELATION,10,10,4,9,68,MC1_BASE_N1_L4_P3_R09,MC1_BASE_N1_L4_P3_R09,430100068,430200068,WHITENED_SEQUENTIAL_BEAMSPACE_EXPECTED_TOTAL_SNR,STAGE8_K2_TANGENT_WHITE_SNR_MONTE_CARLO_AND_CLOSURE_V1,ONE_SYNTHETIC_CPI,ONE_SELECTED_RANGE_DOPPLER_CELL,1,1,0,0,0,31a85cf10323dcb0ff906b98f8f0dab39e853ab81d2695b1979df50869258a07,a8a1d7908a0831d1a65bf7afdd0ce9ac477eee6f79089b8a9cbb5e936a1ecf15,-11.4197189561799,19.7505826417882,10
481,MC1_K2_N1_L4_SP14_P3_R09,2,WHITE,1,4,2,P3,3,7.9,10.1,0.15,90,0,0.9,SPECIFIED_CORRELATION,14,14,5,9,68,MC1_BASE_N1_L4_P3_R09,MC1_BASE_N1_L4_P3_R09,430100068,430200068,WHITENED_SEQUENTIAL_BEAMSPACE_EXPECTED_TOTAL_SNR,STAGE8_K2_TANGENT_WHITE_SNR_MONTE_CARLO_AND_CLOSURE_V1,ONE_SYNTHETIC_CPI,ONE_SELECTED_RANGE_DOPPLER_CELL,1,1,0,0,0,31a85cf10323dcb0ff906b98f8f0dab39e853ab81d2695b1979df50869258a07,d67b22cd3c8a2ed01c8575c12b45ab7fb1bb19e3273b6481a5b828db714695fb,-7.4197189561799,23.7505826417882,14
482,MC1_K2_N1_L4_SP18_P3_R09,2,WHITE,1,4,2,P3,3,7.9,10.1,0.15,90,0,0.9,SPECIFIED_CORRELATION,18,18,6,9,68,MC1_BASE_N1_L4_P3_R09,MC1_BASE_N1_L4_P3_R09,430100068,430200068,WHITENED_SEQUENTIAL_BEAMSPACE_EXPECTED_TOTAL_SNR,STAGE8_K2_TANGENT_WHITE_SNR_MONTE_CARLO_AND_CLOSURE_V1,ONE_SYNTHETIC_CPI,ONE_SELECTED_RANGE_DOPPLER_CELL,1,1,0,0,0,31a85cf10323dcb0ff906b98f8f0dab39e853ab81d2695b1979df50869258a07,2c0b73fc47a327bea6b9972af47c686ae545a8c4bc9af11eb7b6d69ee3e6ae4e,-3.4197189561799,27.7505826417882,18
483,MC1_K2_N1_L4_SP22_P3_R09,2,WHITE,1,4,2,P3,3,7.9,10.1,0.15,90,0,0.9,SPECIFIED_CORRELATION,22,22,7,9,68,MC1_BASE_N1_L4_P3_R09,MC1_BASE_N1_L4_P3_R09,430100068,430200068,WHITENED_SEQUENTIAL_BEAMSPACE_EXPECTED_TOTAL_SNR,STAGE8_K2_TANGENT_WHITE_SNR_MONTE_CARLO_AND_CLOSURE_V1,ONE_SYNTHETIC_CPI,ONE_SELECTED_RANGE_DOPPLER_CELL,1,1,0,0,0,31a85cf10323dcb0ff906b98f8f0dab39e853ab81d2695b1979df50869258a07,7fd8d13e1e6b7c5dd24e0d703bb978d796f865c5d960abf4a7a95e8bd34075c5,0.5802810438201,31.7505826417882,22
484,MC1_K2_N1_L4_SM6_P3_R10,2,WHITE,1,4,2,P3,3,7.9,10.1,0.15,90,0,0.9,SPECIFIED_CORRELATION,-6,-6,1,10,69,MC1_BASE_N1_L4_P3_R10,MC1_BASE_N1_L4_P3_R10,430100069,430200069,WHITENED_SEQUENTIAL_BEAMSPACE_EXPECTED_TOTAL_SNR,STAGE8_K2_TANGENT_WHITE_SNR_MONTE_CARLO_AND_CLOSURE_V1,ONE_SYNTHETIC_CPI,ONE_SELECTED_RANGE_DOPPLER_CELL,1,1,0,0,0,31a85cf10323dcb0ff906b98f8f0dab39e853ab81d2695b1979df50869258a07,cf3e83eae1a360fe793f505e5be6be50450f5fcde350fe7b8e8baa67c192384e,-27.419719775085,3.78246631376506,-6
485,MC1_K2_N1_L4_SP0_P3_R10,2,WHITE,1,4,2,P3,3,7.9,10.1,0.15,90,0,0.9,SPECIFIED_CORRELATION,0,0,2,10,69,MC1_BASE_N1_L4_P3_R10,MC1_BASE_N1_L4_P3_R10,430100069,430200069,WHITENED_SEQUENTIAL_BEAMSPACE_EXPECTED_TOTAL_SNR,STAGE8_K2_TANGENT_WHITE_SNR_MONTE_CARLO_AND_CLOSURE_V1,ONE_SYNTHETIC_CPI,ONE_SELECTED_RANGE_DOPPLER_CELL,1,1,0,0,0,31a85cf10323dcb0ff906b98f8f0dab39e853ab81d2695b1979df50869258a07,22d45ab6f047d888ac8b46fbbe4f95abc9f7d627964e4ceb2f96a17c3eef3049,-21.419719775085,9.78246631376506,-4.82163733276644e-16
486,MC1_K2_N1_L4_SP6_P3_R10,2,WHITE,1,4,2,P3,3,7.9,10.1,0.15,90,0,0.9,SPECIFIED_CORRELATION,6,6,3,10,69,MC1_BASE_N1_L4_P3_R10,MC1_BASE_N1_L4_P3_R10,430100069,430200069,WHITENED_SEQUENTIAL_BEAMSPACE_EXPECTED_TOTAL_SNR,STAGE8_K2_TANGENT_WHITE_SNR_MONTE_CARLO_AND_CLOSURE_V1,ONE_SYNTHETIC_CPI,ONE_SELECTED_RANGE_DOPPLER_CELL,1,1,0,0,0,31a85cf10323dcb0ff906b98f8f0dab39e853ab81d2695b1979df50869258a07,9641c8f32d687ef0c8b48fab09f0a404d3b06415faa3ac7df311ddb26e65c5d6,-15.419719775085,15.7824663137651,6
487,MC1_K2_N1_L4_SP10_P3_R10,2,WHITE,1,4,2,P3,3,7.9,10.1,0.15,90,0,0.9,SPECIFIED_CORRELATION,10,10,4,10,69,MC1_BASE_N1_L4_P3_R10,MC1_BASE_N1_L4_P3_R10,430100069,430200069,WHITENED_SEQUENTIAL_BEAMSPACE_EXPECTED_TOTAL_SNR,STAGE8_K2_TANGENT_WHITE_SNR_MONTE_CARLO_AND_CLOSURE_V1,ONE_SYNTHETIC_CPI,ONE_SELECTED_RANGE_DOPPLER_CELL,1,1,0,0,0,31a85cf10323dcb0ff906b98f8f0dab39e853ab81d2695b1979df50869258a07,a4eb540736ab5b7b968fb6d8f7a96aa99381dd2fa64ccef6d1db9503263be3d0,-11.419719775085,19.7824663137651,10
488,MC1_K2_N1_L4_SP14_P3_R10,2,WHITE,1,4,2,P3,3,7.9,10.1,0.15,90,0,0.9,SPECIFIED_CORRELATION,14,14,5,10,69,MC1_BASE_N1_L4_P3_R10,MC1_BASE_N1_L4_P3_R10,430100069,430200069,WHITENED_SEQUENTIAL_BEAMSPACE_EXPECTED_TOTAL_SNR,STAGE8_K2_TANGENT_WHITE_SNR_MONTE_CARLO_AND_CLOSURE_V1,ONE_SYNTHETIC_CPI,ONE_SELECTED_RANGE_DOPPLER_CELL,1,1,0,0,0,31a85cf10323dcb0ff906b98f8f0dab39e853ab81d2695b1979df50869258a07,00c12db64e2f51ad9f2867eb9e55d7012d82b26424e5da9c4aa2e578c41bb2e5,-7.41971977508499,23.7824663137651,14
489,MC1_K2_N1_L4_SP18_P3_R10,2,WHITE,1,4,2,P3,3,7.9,10.1,0.15,90,0,0.9,SPECIFIED_CORRELATION,18,18,6,10,69,MC1_BASE_N1_L4_P3_R10,MC1_BASE_N1_L4_P3_R10,430100069,430200069,WHITENED_SEQUENTIAL_BEAMSPACE_EXPECTED_TOTAL_SNR,STAGE8_K2_TANGENT_WHITE_SNR_MONTE_CARLO_AND_CLOSURE_V1,ONE_SYNTHETIC_CPI,ONE_SELECTED_RANGE_DOPPLER_CELL,1,1,0,0,0,31a85cf10323dcb0ff906b98f8f0dab39e853ab81d2695b1979df50869258a07,47c6d241529d4a90098fab0af13e86897d972c0d88819ec2582cf0f1f3ec67a1,-3.41971977508499,27.7824663137651,18
490,MC1_K2_N1_L4_SP22_P3_R10,2,WHITE,1,4,2,P3,3,7.9,10.1,0.15,90,0,0.9,SPECIFIED_CORRELATION,22,22,7,10,69,MC1_BASE_N1_L4_P3_R10,MC1_BASE_N1_L4_P3_R10,430100069,430200069,WHITENED_SEQUENTIAL_BEAMSPACE_EXPECTED_TOTAL_SNR,STAGE8_K2_TANGENT_WHITE_SNR_MONTE_CARLO_AND_CLOSURE_V1,ONE_SYNTHETIC_CPI,ONE_SELECTED_RANGE_DOPPLER_CELL,1,1,0,0,0,31a85cf10323dcb0ff906b98f8f0dab39e853ab81d2695b1979df50869258a07,f4360b77404cb6865bf6daff2b2e9771933a100394c3137c153d170c4eac24d8,0.580280224915011,31.7824663137651,22
491,MC1_K2_N1_L4_SM6_P4_R01,2,WHITE,1,4,2,P4,4,8.1,9.95,0.1,135,-6,0.9,SPECIFIED_CORRELATION,-6,-6,1,1,70,MC1_BASE_N1_L4_P4_R01,MC1_BASE_N1_L4_P4_R01,430100070,430200070,WHITENED_SEQUENTIAL_BEAMSPACE_EXPECTED_TOTAL_SNR,STAGE8_K2_TANGENT_WHITE_SNR_MONTE_CARLO_AND_CLOSURE_V1,ONE_SYNTHETIC_CPI,ONE_SELECTED_RANGE_DOPPLER_CELL,1,1,0,0,0,31a85cf10323dcb0ff906b98f8f0dab39e853ab81d2695b1979df50869258a07,bbd0a897645b5cba6aae235d95c8d42c72c91590a4a21809d861377ddcfb745d,-27.4197205242596,3.81298034668104,-6
492,MC1_K2_N1_L4_SP0_P4_R01,2,WHITE,1,4,2,P4,4,8.1,9.95,0.1,135,-6,0.9,SPECIFIED_CORRELATION,0,0,2,1,70,MC1_BASE_N1_L4_P4_R01,MC1_BASE_N1_L4_P4_R01,430100070,430200070,WHITENED_SEQUENTIAL_BEAMSPACE_EXPECTED_TOTAL_SNR,STAGE8_K2_TANGENT_WHITE_SNR_MONTE_CARLO_AND_CLOSURE_V1,ONE_SYNTHETIC_CPI,ONE_SELECTED_RANGE_DOPPLER_CELL,1,1,0,0,0,31a85cf10323dcb0ff906b98f8f0dab39e853ab81d2695b1979df50869258a07,fb81905a25fc693e8b83f64bb08f9b5730ae9f23b929625bd8e138a686e43cc1,-21.4197205242596,9.81298034668104,9.64327466553287e-16
493,MC1_K2_N1_L4_SP6_P4_R01,2,WHITE,1,4,2,P4,4,8.1,9.95,0.1,135,-6,0.9,SPECIFIED_CORRELATION,6,6,3,1,70,MC1_BASE_N1_L4_P4_R01,MC1_BASE_N1_L4_P4_R01,430100070,430200070,WHITENED_SEQUENTIAL_BEAMSPACE_EXPECTED_TOTAL_SNR,STAGE8_K2_TANGENT_WHITE_SNR_MONTE_CARLO_AND_CLOSURE_V1,ONE_SYNTHETIC_CPI,ONE_SELECTED_RANGE_DOPPLER_CELL,1,1,0,0,0,31a85cf10323dcb0ff906b98f8f0dab39e853ab81d2695b1979df50869258a07,e910251b1fb920939d85631e67295574909897962d35add6eeef06594c54fd58,-15.4197205242596,15.812980346681,6
494,MC1_K2_N1_L4_SP10_P4_R01,2,WHITE,1,4,2,P4,4,8.1,9.95,0.1,135,-6,0.9,SPECIFIED_CORRELATION,10,10,4,1,70,MC1_BASE_N1_L4_P4_R01,MC1_BASE_N1_L4_P4_R01,430100070,430200070,WHITENED_SEQUENTIAL_BEAMSPACE_EXPECTED_TOTAL_SNR,STAGE8_K2_TANGENT_WHITE_SNR_MONTE_CARLO_AND_CLOSURE_V1,ONE_SYNTHETIC_CPI,ONE_SELECTED_RANGE_DOPPLER_CELL,1,1,0,0,0,31a85cf10323dcb0ff906b98f8f0dab39e853ab81d2695b1979df50869258a07,408642dc671c22a01f0793a12fe605d31c076f17c3e0d3ca1f4ca03bf62a50d5,-11.4197205242596,19.812980346681,10
495,MC1_K2_N1_L4_SP14_P4_R01,2,WHITE,1,4,2,P4,4,8.1,9.95,0.1,135,-6,0.9,SPECIFIED_CORRELATION,14,14,5,1,70,MC1_BASE_N1_L4_P4_R01,MC1_BASE_N1_L4_P4_R01,430100070,430200070,WHITENED_SEQUENTIAL_BEAMSPACE_EXPECTED_TOTAL_SNR,STAGE8_K2_TANGENT_WHITE_SNR_MONTE_CARLO_AND_CLOSURE_V1,ONE_SYNTHETIC_CPI,ONE_SELECTED_RANGE_DOPPLER_CELL,1,1,0,0,0,31a85cf10323dcb0ff906b98f8f0dab39e853ab81d2695b1979df50869258a07,395a707a1902269d70ef9b75bd0c92a2ade2db1eb91ad4bdc8a901fc16e88d5e,-7.41972052425958,23.812980346681,14
496,MC1_K2_N1_L4_SP18_P4_R01,2,WHITE,1,4,2,P4,4,8.1,9.95,0.1,135,-6,0.9,SPECIFIED_CORRELATION,18,18,6,1,70,MC1_BASE_N1_L4_P4_R01,MC1_BASE_N1_L4_P4_R01,430100070,430200070,WHITENED_SEQUENTIAL_BEAMSPACE_EXPECTED_TOTAL_SNR,STAGE8_K2_TANGENT_WHITE_SNR_MONTE_CARLO_AND_CLOSURE_V1,ONE_SYNTHETIC_CPI,ONE_SELECTED_RANGE_DOPPLER_CELL,1,1,0,0,0,31a85cf10323dcb0ff906b98f8f0dab39e853ab81d2695b1979df50869258a07,79dce84e524c707dd384b0039d49680eb8028eab31e4b0797effb96c0ea5c937,-3.41972052425958,27.812980346681,18
497,MC1_K2_N1_L4_SP22_P4_R01,2,WHITE,1,4,2,P4,4,8.1,9.95,0.1,135,-6,0.9,SPECIFIED_CORRELATION,22,22,7,1,70,MC1_BASE_N1_L4_P4_R01,MC1_BASE_N1_L4_P4_R01,430100070,430200070,WHITENED_SEQUENTIAL_BEAMSPACE_EXPECTED_TOTAL_SNR,STAGE8_K2_TANGENT_WHITE_SNR_MONTE_CARLO_AND_CLOSURE_V1,ONE_SYNTHETIC_CPI,ONE_SELECTED_RANGE_DOPPLER_CELL,1,1,0,0,0,31a85cf10323dcb0ff906b98f8f0dab39e853ab81d2695b1979df50869258a07,a471d2e38fd51c912a7046de9ddfb729b36b0b38170f5ea873c40c0beffe7682,0.580279475740421,31.812980346681,22
498,MC1_K2_N1_L4_SM6_P4_R02,2,WHITE,1,4,2,P4,4,8.1,9.95,0.1,135,-6,0.9,SPECIFIED_CORRELATION,-6,-6,1,2,71,MC1_BASE_N1_L4_P4_R02,MC1_BASE_N1_L4_P4_R02,430100071,430200071,WHITENED_SEQUENTIAL_BEAMSPACE_EXPECTED_TOTAL_SNR,STAGE8_K2_TANGENT_WHITE_SNR_MONTE_CARLO_AND_CLOSURE_V1,ONE_SYNTHETIC_CPI,ONE_SELECTED_RANGE_DOPPLER_CELL,1,1,0,0,0,31a85cf10323dcb0ff906b98f8f0dab39e853ab81d2695b1979df50869258a07,7a84d700ef999c748fb5b0f3a4ce62392f1fc44639592101a2f0b3a44e90f82d,-27.4197197297724,3.76830761649004,-6
499,MC1_K2_N1_L4_SP0_P4_R02,2,WHITE,1,4,2,P4,4,8.1,9.95,0.1,135,-6,0.9,SPECIFIED_CORRELATION,0,0,2,2,71,MC1_BASE_N1_L4_P4_R02,MC1_BASE_N1_L4_P4_R02,430100071,430200071,WHITENED_SEQUENTIAL_BEAMSPACE_EXPECTED_TOTAL_SNR,STAGE8_K2_TANGENT_WHITE_SNR_MONTE_CARLO_AND_CLOSURE_V1,ONE_SYNTHETIC_CPI,ONE_SELECTED_RANGE_DOPPLER_CELL,1,1,0,0,0,31a85cf10323dcb0ff906b98f8f0dab39e853ab81d2695b1979df50869258a07,d4938b1c80e252359a97e5afbc3fb87636d6449eb56358739107a87cc6323ff8,-21.4197197297724,9.76830761649004,9.64327466553287e-16
500,MC1_K2_N1_L4_SP6_P4_R02,2,WHITE,1,4,2,P4,4,8.1,9.95,0.1,135,-6,0.9,SPECIFIED_CORRELATION,6,6,3,2,71,MC1_BASE_N1_L4_P4_R02,MC1_BASE_N1_L4_P4_R02,430100071,430200071,WHITENED_SEQUENTIAL_BEAMSPACE_EXPECTED_TOTAL_SNR,STAGE8_K2_TANGENT_WHITE_SNR_MONTE_CARLO_AND_CLOSURE_V1,ONE_SYNTHETIC_CPI,ONE_SELECTED_RANGE_DOPPLER_CELL,1,1,0,0,0,31a85cf10323dcb0ff906b98f8f0dab39e853ab81d2695b1979df50869258a07,6c4bafb46ae71e72a27e98dfcf0d1ccb4c7df2948d7586a5c06ff248446d0d44,-15.4197197297724,15.76830761649,6
501,MC1_K2_N1_L4_SP10_P4_R02,2,WHITE,1,4,2,P4,4,8.1,9.95,0.1,135,-6,0.9,SPECIFIED_CORRELATION,10,10,4,2,71,MC1_BASE_N1_L4_P4_R02,MC1_BASE_N1_L4_P4_R02,430100071,430200071,WHITENED_SEQUENTIAL_BEAMSPACE_EXPECTED_TOTAL_SNR,STAGE8_K2_TANGENT_WHITE_SNR_MONTE_CARLO_AND_CLOSURE_V1,ONE_SYNTHETIC_CPI,ONE_SELECTED_RANGE_DOPPLER_CELL,1,1,0,0,0,31a85cf10323dcb0ff906b98f8f0dab39e853ab81d2695b1979df50869258a07,c703f39b9188aeeae1215ec6cdb3ebde6c506972c11e3a50fc309404faff0984,-11.4197197297724,19.76830761649,10
502,MC1_K2_N1_L4_SP14_P4_R02,2,WHITE,1,4,2,P4,4,8.1,9.95,0.1,135,-6,0.9,SPECIFIED_CORRELATION,14,14,5,2,71,MC1_BASE_N1_L4_P4_R02,MC1_BASE_N1_L4_P4_R02,430100071,430200071,WHITENED_SEQUENTIAL_BEAMSPACE_EXPECTED_TOTAL_SNR,STAGE8_K2_TANGENT_WHITE_SNR_MONTE_CARLO_AND_CLOSURE_V1,ONE_SYNTHETIC_CPI,ONE_SELECTED_RANGE_DOPPLER_CELL,1,1,0,0,0,31a85cf10323dcb0ff906b98f8f0dab39e853ab81d2695b1979df50869258a07,2e20e8f053a748f7dd2ff13c647bb886a1c2f38f7f9af19ed57a577eae8c266c,-7.41971972977239,23.76830761649,14
503,MC1_K2_N1_L4_SP18_P4_R02,2,WHITE,1,4,2,P4,4,8.1,9.95,0.1,135,-6,0.9,SPECIFIED_CORRELATION,18,18,6,2,71,MC1_BASE_N1_L4_P4_R02,MC1_BASE_N1_L4_P4_R02,430100071,430200071,WHITENED_SEQUENTIAL_BEAMSPACE_EXPECTED_TOTAL_SNR,STAGE8_K2_TANGENT_WHITE_SNR_MONTE_CARLO_AND_CLOSURE_V1,ONE_SYNTHETIC_CPI,ONE_SELECTED_RANGE_DOPPLER_CELL,1,1,0,0,0,31a85cf10323dcb0ff906b98f8f0dab39e853ab81d2695b1979df50869258a07,e31e8148aa7f9f6eb0ed6fc6cfdafd67bdf7eac5cc8e2e9f2c1518a4f8754998,-3.41971972977239,27.76830761649,18
504,MC1_K2_N1_L4_SP22_P4_R02,2,WHITE,1,4,2,P4,4,8.1,9.95,0.1,135,-6,0.9,SPECIFIED_CORRELATION,22,22,7,2,71,MC1_BASE_N1_L4_P4_R02,MC1_BASE_N1_L4_P4_R02,430100071,430200071,WHITENED_SEQUENTIAL_BEAMSPACE_EXPECTED_TOTAL_SNR,STAGE8_K2_TANGENT_WHITE_SNR_MONTE_CARLO_AND_CLOSURE_V1,ONE_SYNTHETIC_CPI,ONE_SELECTED_RANGE_DOPPLER_CELL,1,1,0,0,0,31a85cf10323dcb0ff906b98f8f0dab39e853ab81d2695b1979df50869258a07,f3a4019d2a4d943fffed197f9d1dabc39cade863ad872414ee7e9435cf7e5484,0.580280270227617,31.76830761649,22
505,MC1_K2_N1_L4_SM6_P4_R03,2,WHITE,1,4,2,P4,4,8.1,9.95,0.1,135,-6,0.9,SPECIFIED_CORRELATION,-6,-6,1,3,72,MC1_BASE_N1_L4_P4_R03,MC1_BASE_N1_L4_P4_R03,430100072,430200072,WHITENED_SEQUENTIAL_BEAMSPACE_EXPECTED_TOTAL_SNR,STAGE8_K2_TANGENT_WHITE_SNR_MONTE_CARLO_AND_CLOSURE_V1,ONE_SYNTHETIC_CPI,ONE_SELECTED_RANGE_DOPPLER_CELL,1,1,0,0,0,31a85cf10323dcb0ff906b98f8f0dab39e853ab81d2695b1979df50869258a07,77e96ec71709cbcc9d86ad79d772674e358d55459dbc5631c524300467905132,-27.4197198463072,3.77381816515891,-6
506,MC1_K2_N1_L4_SP0_P4_R03,2,WHITE,1,4,2,P4,4,8.1,9.95,0.1,135,-6,0.9,SPECIFIED_CORRELATION,0,0,2,3,72,MC1_BASE_N1_L4_P4_R03,MC1_BASE_N1_L4_P4_R03,430100072,430200072,WHITENED_SEQUENTIAL_BEAMSPACE_EXPECTED_TOTAL_SNR,STAGE8_K2_TANGENT_WHITE_SNR_MONTE_CARLO_AND_CLOSURE_V1,ONE_SYNTHETIC_CPI,ONE_SELECTED_RANGE_DOPPLER_CELL,1,1,0,0,0,31a85cf10323dcb0ff906b98f8f0dab39e853ab81d2695b1979df50869258a07,35c7a262c30a0b7f3d3dfbc0ec5d26b9e8fd8a5c6755c6e1532c4a02c9e1f3b2,-21.4197198463072,9.77381816515891,9.64327466553287e-16
507,MC1_K2_N1_L4_SP6_P4_R03,2,WHITE,1,4,2,P4,4,8.1,9.95,0.1,135,-6,0.9,SPECIFIED_CORRELATION,6,6,3,3,72,MC1_BASE_N1_L4_P4_R03,MC1_BASE_N1_L4_P4_R03,430100072,430200072,WHITENED_SEQUENTIAL_BEAMSPACE_EXPECTED_TOTAL_SNR,STAGE8_K2_TANGENT_WHITE_SNR_MONTE_CARLO_AND_CLOSURE_V1,ONE_SYNTHETIC_CPI,ONE_SELECTED_RANGE_DOPPLER_CELL,1,1,0,0,0,31a85cf10323dcb0ff906b98f8f0dab39e853ab81d2695b1979df50869258a07,ae2fbab27350f7ad3684ddbef42e524444adf8b3624a229a8c2de370c3aa52c2,-15.4197198463072,15.7738181651589,6
508,MC1_K2_N1_L4_SP10_P4_R03,2,WHITE,1,4,2,P4,4,8.1,9.95,0.1,135,-6,0.9,SPECIFIED_CORRELATION,10,10,4,3,72,MC1_BASE_N1_L4_P4_R03,MC1_BASE_N1_L4_P4_R03,430100072,430200072,WHITENED_SEQUENTIAL_BEAMSPACE_EXPECTED_TOTAL_SNR,STAGE8_K2_TANGENT_WHITE_SNR_MONTE_CARLO_AND_CLOSURE_V1,ONE_SYNTHETIC_CPI,ONE_SELECTED_RANGE_DOPPLER_CELL,1,1,0,0,0,31a85cf10323dcb0ff906b98f8f0dab39e853ab81d2695b1979df50869258a07,c102e2f70ac789ace5c76e2149aba251b3bb65c1d9caa554f16c1e67c5b83a23,-11.4197198463072,19.7738181651589,10
509,MC1_K2_N1_L4_SP14_P4_R03,2,WHITE,1,4,2,P4,4,8.1,9.95,0.1,135,-6,0.9,SPECIFIED_CORRELATION,14,14,5,3,72,MC1_BASE_N1_L4_P4_R03,MC1_BASE_N1_L4_P4_R03,430100072,430200072,WHITENED_SEQUENTIAL_BEAMSPACE_EXPECTED_TOTAL_SNR,STAGE8_K2_TANGENT_WHITE_SNR_MONTE_CARLO_AND_CLOSURE_V1,ONE_SYNTHETIC_CPI,ONE_SELECTED_RANGE_DOPPLER_CELL,1,1,0,0,0,31a85cf10323dcb0ff906b98f8f0dab39e853ab81d2695b1979df50869258a07,452198bdf1f08be47baacc00e569706ad40233c65b82b0a2703268c0a6c90515,-7.4197198463072,23.7738181651589,14
510,MC1_K2_N1_L4_SP18_P4_R03,2,WHITE,1,4,2,P4,4,8.1,9.95,0.1,135,-6,0.9,SPECIFIED_CORRELATION,18,18,6,3,72,MC1_BASE_N1_L4_P4_R03,MC1_BASE_N1_L4_P4_R03,430100072,430200072,WHITENED_SEQUENTIAL_BEAMSPACE_EXPECTED_TOTAL_SNR,STAGE8_K2_TANGENT_WHITE_SNR_MONTE_CARLO_AND_CLOSURE_V1,ONE_SYNTHETIC_CPI,ONE_SELECTED_RANGE_DOPPLER_CELL,1,1,0,0,0,31a85cf10323dcb0ff906b98f8f0dab39e853ab81d2695b1979df50869258a07,67a03ea3567b9b35087b6e86334a6a70a67f12641973985a51d75b4a76484d6d,-3.4197198463072,27.7738181651589,18
511,MC1_K2_N1_L4_SP22_P4_R03,2,WHITE,1,4,2,P4,4,8.1,9.95,0.1,135,-6,0.9,SPECIFIED_CORRELATION,22,22,7,3,72,MC1_BASE_N1_L4_P4_R03,MC1_BASE_N1_L4_P4_R03,430100072,430200072,WHITENED_SEQUENTIAL_BEAMSPACE_EXPECTED_TOTAL_SNR,STAGE8_K2_TANGENT_WHITE_SNR_MONTE_CARLO_AND_CLOSURE_V1,ONE_SYNTHETIC_CPI,ONE_SELECTED_RANGE_DOPPLER_CELL,1,1,0,0,0,31a85cf10323dcb0ff906b98f8f0dab39e853ab81d2695b1979df50869258a07,85c5e704741a718bccc54ff708c8ac6b9361a54d8a896baab83a6abebf96c340,0.580280153692806,31.7738181651589,22
512,MC1_K2_N1_L4_SM6_P4_R04,2,WHITE,1,4,2,P4,4,8.1,9.95,0.1,135,-6,0.9,SPECIFIED_CORRELATION,-6,-6,1,4,73,MC1_BASE_N1_L4_P4_R04,MC1_BASE_N1_L4_P4_R04,430100073,430200073,WHITENED_SEQUENTIAL_BEAMSPACE_EXPECTED_TOTAL_SNR,STAGE8_K2_TANGENT_WHITE_SNR_MONTE_CARLO_AND_CLOSURE_V1,ONE_SYNTHETIC_CPI,ONE_SELECTED_RANGE_DOPPLER_CELL,1,1,0,0,0,31a85cf10323dcb0ff906b98f8f0dab39e853ab81d2695b1979df50869258a07,e067d22c85a77692ee0eccce2f6d4945693cbf36a5a0aef36026a08b4b4045b8,-27.4197204592243,3.80848570417716,-6
513,MC1_K2_N1_L4_SP0_P4_R04,2,WHITE,1,4,2,P4,4,8.1,9.95,0.1,135,-6,0.9,SPECIFIED_CORRELATION,0,0,2,4,73,MC1_BASE_N1_L4_P4_R04,MC1_BASE_N1_L4_P4_R04,430100073,430200073,WHITENED_SEQUENTIAL_BEAMSPACE_EXPECTED_TOTAL_SNR,STAGE8_K2_TANGENT_WHITE_SNR_MONTE_CARLO_AND_CLOSURE_V1,ONE_SYNTHETIC_CPI,ONE_SELECTED_RANGE_DOPPLER_CELL,1,1,0,0,0,31a85cf10323dcb0ff906b98f8f0dab39e853ab81d2695b1979df50869258a07,4ce6c76ac6af140fa5c47611d07f4717a9bc8b83e070c9d3c87f678b1358bcbb,-21.4197204592243,9.80848570417716,-2.41081866638322e-15
514,MC1_K2_N1_L4_SP6_P4_R04,2,WHITE,1,4,2,P4,4,8.1,9.95,0.1,135,-6,0.9,SPECIFIED_CORRELATION,6,6,3,4,73,MC1_BASE_N1_L4_P4_R04,MC1_BASE_N1_L4_P4_R04,430100073,430200073,WHITENED_SEQUENTIAL_BEAMSPACE_EXPECTED_TOTAL_SNR,STAGE8_K2_TANGENT_WHITE_SNR_MONTE_CARLO_AND_CLOSURE_V1,ONE_SYNTHETIC_CPI,ONE_SELECTED_RANGE_DOPPLER_CELL,1,1,0,0,0,31a85cf10323dcb0ff906b98f8f0dab39e853ab81d2695b1979df50869258a07,cf2819b17ed950704d1c6ef0a8c08ca6b6a26f1305218dda61297e681948245d,-15.4197204592243,15.8084857041772,6
515,MC1_K2_N1_L4_SP10_P4_R04,2,WHITE,1,4,2,P4,4,8.1,9.95,0.1,135,-6,0.9,SPECIFIED_CORRELATION,10,10,4,4,73,MC1_BASE_N1_L4_P4_R04,MC1_BASE_N1_L4_P4_R04,430100073,430200073,WHITENED_SEQUENTIAL_BEAMSPACE_EXPECTED_TOTAL_SNR,STAGE8_K2_TANGENT_WHITE_SNR_MONTE_CARLO_AND_CLOSURE_V1,ONE_SYNTHETIC_CPI,ONE_SELECTED_RANGE_DOPPLER_CELL,1,1,0,0,0,31a85cf10323dcb0ff906b98f8f0dab39e853ab81d2695b1979df50869258a07,384b68e73e19b41ff3bb62871116f6e66475c45c2fa6182f1591d8fcf4b5eb52,-11.4197204592243,19.8084857041772,10
516,MC1_K2_N1_L4_SP14_P4_R04,2,WHITE,1,4,2,P4,4,8.1,9.95,0.1,135,-6,0.9,SPECIFIED_CORRELATION,14,14,5,4,73,MC1_BASE_N1_L4_P4_R04,MC1_BASE_N1_L4_P4_R04,430100073,430200073,WHITENED_SEQUENTIAL_BEAMSPACE_EXPECTED_TOTAL_SNR,STAGE8_K2_TANGENT_WHITE_SNR_MONTE_CARLO_AND_CLOSURE_V1,ONE_SYNTHETIC_CPI,ONE_SELECTED_RANGE_DOPPLER_CELL,1,1,0,0,0,31a85cf10323dcb0ff906b98f8f0dab39e853ab81d2695b1979df50869258a07,b73d9ce2bc2b261b8ce18bd647f2536b17d6dced711d3f3a100e9c95a7bdf679,-7.4197204592243,23.8084857041772,14
517,MC1_K2_N1_L4_SP18_P4_R04,2,WHITE,1,4,2,P4,4,8.1,9.95,0.1,135,-6,0.9,SPECIFIED_CORRELATION,18,18,6,4,73,MC1_BASE_N1_L4_P4_R04,MC1_BASE_N1_L4_P4_R04,430100073,430200073,WHITENED_SEQUENTIAL_BEAMSPACE_EXPECTED_TOTAL_SNR,STAGE8_K2_TANGENT_WHITE_SNR_MONTE_CARLO_AND_CLOSURE_V1,ONE_SYNTHETIC_CPI,ONE_SELECTED_RANGE_DOPPLER_CELL,1,1,0,0,0,31a85cf10323dcb0ff906b98f8f0dab39e853ab81d2695b1979df50869258a07,796753f8cf1933fea49a5a40eb0781d8ed0f726747e1a7a75f674e33a033c169,-3.4197204592243,27.8084857041772,18
518,MC1_K2_N1_L4_SP22_P4_R04,2,WHITE,1,4,2,P4,4,8.1,9.95,0.1,135,-6,0.9,SPECIFIED_CORRELATION,22,22,7,4,73,MC1_BASE_N1_L4_P4_R04,MC1_BASE_N1_L4_P4_R04,430100073,430200073,WHITENED_SEQUENTIAL_BEAMSPACE_EXPECTED_TOTAL_SNR,STAGE8_K2_TANGENT_WHITE_SNR_MONTE_CARLO_AND_CLOSURE_V1,ONE_SYNTHETIC_CPI,ONE_SELECTED_RANGE_DOPPLER_CELL,1,1,0,0,0,31a85cf10323dcb0ff906b98f8f0dab39e853ab81d2695b1979df50869258a07,338afcb3bc9520a56227989aedffcee5a31f0233d590ec06aafbaea14e5a8674,0.580279540775701,31.8084857041772,22
519,MC1_K2_N1_L4_SM6_P4_R05,2,WHITE,1,4,2,P4,4,8.1,9.95,0.1,135,-6,0.9,SPECIFIED_CORRELATION,-6,-6,1,5,74,MC1_BASE_N1_L4_P4_R05,MC1_BASE_N1_L4_P4_R05,430100074,430200074,WHITENED_SEQUENTIAL_BEAMSPACE_EXPECTED_TOTAL_SNR,STAGE8_K2_TANGENT_WHITE_SNR_MONTE_CARLO_AND_CLOSURE_V1,ONE_SYNTHETIC_CPI,ONE_SELECTED_RANGE_DOPPLER_CELL,1,1,0,0,0,31a85cf10323dcb0ff906b98f8f0dab39e853ab81d2695b1979df50869258a07,543f80465063d725e7db0e2de05cfc064979abbec62abd92d3d63f33239b812c,-27.4197205156312,3.81218682479108,-6
520,MC1_K2_N1_L4_SP0_P4_R05,2,WHITE,1,4,2,P4,4,8.1,9.95,0.1,135,-6,0.9,SPECIFIED_CORRELATION,0,0,2,5,74,MC1_BASE_N1_L4_P4_R05,MC1_BASE_N1_L4_P4_R05,430100074,430200074,WHITENED_SEQUENTIAL_BEAMSPACE_EXPECTED_TOTAL_SNR,STAGE8_K2_TANGENT_WHITE_SNR_MONTE_CARLO_AND_CLOSURE_V1,ONE_SYNTHETIC_CPI,ONE_SELECTED_RANGE_DOPPLER_CELL,1,1,0,0,0,31a85cf10323dcb0ff906b98f8f0dab39e853ab81d2695b1979df50869258a07,d8a3c728673c1e2fcb08683313d29429930786bf34736056f39c4452f7a3320a,-21.4197205156312,9.81218682479108,9.64327466553287e-16
521,MC1_K2_N1_L4_SP6_P4_R05,2,WHITE,1,4,2,P4,4,8.1,9.95,0.1,135,-6,0.9,SPECIFIED_CORRELATION,6,6,3,5,74,MC1_BASE_N1_L4_P4_R05,MC1_BASE_N1_L4_P4_R05,430100074,430200074,WHITENED_SEQUENTIAL_BEAMSPACE_EXPECTED_TOTAL_SNR,STAGE8_K2_TANGENT_WHITE_SNR_MONTE_CARLO_AND_CLOSURE_V1,ONE_SYNTHETIC_CPI,ONE_SELECTED_RANGE_DOPPLER_CELL,1,1,0,0,0,31a85cf10323dcb0ff906b98f8f0dab39e853ab81d2695b1979df50869258a07,57b3d93c355eafcbe33df73a1d8fc25c5463cd0e1ceb377486e9dc57bdac9af8,-15.4197205156312,15.8121868247911,6
522,MC1_K2_N1_L4_SP10_P4_R05,2,WHITE,1,4,2,P4,4,8.1,9.95,0.1,135,-6,0.9,SPECIFIED_CORRELATION,10,10,4,5,74,MC1_BASE_N1_L4_P4_R05,MC1_BASE_N1_L4_P4_R05,430100074,430200074,WHITENED_SEQUENTIAL_BEAMSPACE_EXPECTED_TOTAL_SNR,STAGE8_K2_TANGENT_WHITE_SNR_MONTE_CARLO_AND_CLOSURE_V1,ONE_SYNTHETIC_CPI,ONE_SELECTED_RANGE_DOPPLER_CELL,1,1,0,0,0,31a85cf10323dcb0ff906b98f8f0dab39e853ab81d2695b1979df50869258a07,74680b6e06986ba4e6e7fd862659aef9f1040ea9fa890f2b8283e7de820f8719,-11.4197205156312,19.8121868247911,10
523,MC1_K2_N1_L4_SP14_P4_R05,2,WHITE,1,4,2,P4,4,8.1,9.95,0.1,135,-6,0.9,SPECIFIED_CORRELATION,14,14,5,5,74,MC1_BASE_N1_L4_P4_R05,MC1_BASE_N1_L4_P4_R05,430100074,430200074,WHITENED_SEQUENTIAL_BEAMSPACE_EXPECTED_TOTAL_SNR,STAGE8_K2_TANGENT_WHITE_SNR_MONTE_CARLO_AND_CLOSURE_V1,ONE_SYNTHETIC_CPI,ONE_SELECTED_RANGE_DOPPLER_CELL,1,1,0,0,0,31a85cf10323dcb0ff906b98f8f0dab39e853ab81d2695b1979df50869258a07,63ccf4e461e636a33a468809e8137ba56b4e2e79420a6bf6ae1179439ac967ca,-7.41972051563125,23.8121868247911,14
524,MC1_K2_N1_L4_SP18_P4_R05,2,WHITE,1,4,2,P4,4,8.1,9.95,0.1,135,-6,0.9,SPECIFIED_CORRELATION,18,18,6,5,74,MC1_BASE_N1_L4_P4_R05,MC1_BASE_N1_L4_P4_R05,430100074,430200074,WHITENED_SEQUENTIAL_BEAMSPACE_EXPECTED_TOTAL_SNR,STAGE8_K2_TANGENT_WHITE_SNR_MONTE_CARLO_AND_CLOSURE_V1,ONE_SYNTHETIC_CPI,ONE_SELECTED_RANGE_DOPPLER_CELL,1,1,0,0,0,31a85cf10323dcb0ff906b98f8f0dab39e853ab81d2695b1979df50869258a07,03c5e4c071af879c7504e9574196b3d3380d657e1f8bf2d83d1561bb86a8007f,-3.41972051563125,27.8121868247911,18
525,MC1_K2_N1_L4_SP22_P4_R05,2,WHITE,1,4,2,P4,4,8.1,9.95,0.1,135,-6,0.9,SPECIFIED_CORRELATION,22,22,7,5,74,MC1_BASE_N1_L4_P4_R05,MC1_BASE_N1_L4_P4_R05,430100074,430200074,WHITENED_SEQUENTIAL_BEAMSPACE_EXPECTED_TOTAL_SNR,STAGE8_K2_TANGENT_WHITE_SNR_MONTE_CARLO_AND_CLOSURE_V1,ONE_SYNTHETIC_CPI,ONE_SELECTED_RANGE_DOPPLER_CELL,1,1,0,0,0,31a85cf10323dcb0ff906b98f8f0dab39e853ab81d2695b1979df50869258a07,c95ca18118292f6ac146403655881e0f26a6a31da8101738ca62e73e5aa5484e,0.580279484368754,31.8121868247911,22
526,MC1_K2_N1_L4_SM6_P4_R06,2,WHITE,1,4,2,P4,4,8.1,9.95,0.1,135,-6,0.9,SPECIFIED_CORRELATION,-6,-6,1,6,75,MC1_BASE_N1_L4_P4_R06,MC1_BASE_N1_L4_P4_R06,430100075,430200075,WHITENED_SEQUENTIAL_BEAMSPACE_EXPECTED_TOTAL_SNR,STAGE8_K2_TANGENT_WHITE_SNR_MONTE_CARLO_AND_CLOSURE_V1,ONE_SYNTHETIC_CPI,ONE_SELECTED_RANGE_DOPPLER_CELL,1,1,0,0,0,31a85cf10323dcb0ff906b98f8f0dab39e853ab81d2695b1979df50869258a07,3fc748fc2c690580fed123d266523d88283ec0100464650eac6995f1eab6ee01,-27.4197204651662,3.81054634969514,-6
527,MC1_K2_N1_L4_SP0_P4_R06,2,WHITE,1,4,2,P4,4,8.1,9.95,0.1,135,-6,0.9,SPECIFIED_CORRELATION,0,0,2,6,75,MC1_BASE_N1_L4_P4_R06,MC1_BASE_N1_L4_P4_R06,430100075,430200075,WHITENED_SEQUENTIAL_BEAMSPACE_EXPECTED_TOTAL_SNR,STAGE8_K2_TANGENT_WHITE_SNR_MONTE_CARLO_AND_CLOSURE_V1,ONE_SYNTHETIC_CPI,ONE_SELECTED_RANGE_DOPPLER_CELL,1,1,0,0,0,31a85cf10323dcb0ff906b98f8f0dab39e853ab81d2695b1979df50869258a07,f02e972f8a1c6cbe379c86e0161b629176a8be33bf82a7d1636f59a325b1c372,-21.4197204651662,9.81054634969514,-2.41081866638322e-15
528,MC1_K2_N1_L4_SP6_P4_R06,2,WHITE,1,4,2,P4,4,8.1,9.95,0.1,135,-6,0.9,SPECIFIED_CORRELATION,6,6,3,6,75,MC1_BASE_N1_L4_P4_R06,MC1_BASE_N1_L4_P4_R06,430100075,430200075,WHITENED_SEQUENTIAL_BEAMSPACE_EXPECTED_TOTAL_SNR,STAGE8_K2_TANGENT_WHITE_SNR_MONTE_CARLO_AND_CLOSURE_V1,ONE_SYNTHETIC_CPI,ONE_SELECTED_RANGE_DOPPLER_CELL,1,1,0,0,0,31a85cf10323dcb0ff906b98f8f0dab39e853ab81d2695b1979df50869258a07,c90c4d6cd3c4085b4d46875ee8d25472e8000ac7855f7b6a3e31141e6fb414ba,-15.4197204651662,15.8105463496951,6
529,MC1_K2_N1_L4_SP10_P4_R06,2,WHITE,1,4,2,P4,4,8.1,9.95,0.1,135,-6,0.9,SPECIFIED_CORRELATION,10,10,4,6,75,MC1_BASE_N1_L4_P4_R06,MC1_BASE_N1_L4_P4_R06,430100075,430200075,WHITENED_SEQUENTIAL_BEAMSPACE_EXPECTED_TOTAL_SNR,STAGE8_K2_TANGENT_WHITE_SNR_MONTE_CARLO_AND_CLOSURE_V1,ONE_SYNTHETIC_CPI,ONE_SELECTED_RANGE_DOPPLER_CELL,1,1,0,0,0,31a85cf10323dcb0ff906b98f8f0dab39e853ab81d2695b1979df50869258a07,21970c89b8bec881d05cc03875ac6337f08a1afc87a34e71f6739635d042e925,-11.4197204651662,19.8105463496951,10
530,MC1_K2_N1_L4_SP14_P4_R06,2,WHITE,1,4,2,P4,4,8.1,9.95,0.1,135,-6,0.9,SPECIFIED_CORRELATION,14,14,5,6,75,MC1_BASE_N1_L4_P4_R06,MC1_BASE_N1_L4_P4_R06,430100075,430200075,WHITENED_SEQUENTIAL_BEAMSPACE_EXPECTED_TOTAL_SNR,STAGE8_K2_TANGENT_WHITE_SNR_MONTE_CARLO_AND_CLOSURE_V1,ONE_SYNTHETIC_CPI,ONE_SELECTED_RANGE_DOPPLER_CELL,1,1,0,0,0,31a85cf10323dcb0ff906b98f8f0dab39e853ab81d2695b1979df50869258a07,1459311ec86a727f298d699373503166fe4a58fc56601b8bc5e46665ef78b913,-7.41972046516616,23.8105463496951,14
531,MC1_K2_N1_L4_SP18_P4_R06,2,WHITE,1,4,2,P4,4,8.1,9.95,0.1,135,-6,0.9,SPECIFIED_CORRELATION,18,18,6,6,75,MC1_BASE_N1_L4_P4_R06,MC1_BASE_N1_L4_P4_R06,430100075,430200075,WHITENED_SEQUENTIAL_BEAMSPACE_EXPECTED_TOTAL_SNR,STAGE8_K2_TANGENT_WHITE_SNR_MONTE_CARLO_AND_CLOSURE_V1,ONE_SYNTHETIC_CPI,ONE_SELECTED_RANGE_DOPPLER_CELL,1,1,0,0,0,31a85cf10323dcb0ff906b98f8f0dab39e853ab81d2695b1979df50869258a07,06d42a63736e93416cbccc39df315d7ecabf75310100f31d18bd27d187ae5d96,-3.41972046516616,27.8105463496951,18
532,MC1_K2_N1_L4_SP22_P4_R06,2,WHITE,1,4,2,P4,4,8.1,9.95,0.1,135,-6,0.9,SPECIFIED_CORRELATION,22,22,7,6,75,MC1_BASE_N1_L4_P4_R06,MC1_BASE_N1_L4_P4_R06,430100075,430200075,WHITENED_SEQUENTIAL_BEAMSPACE_EXPECTED_TOTAL_SNR,STAGE8_K2_TANGENT_WHITE_SNR_MONTE_CARLO_AND_CLOSURE_V1,ONE_SYNTHETIC_CPI,ONE_SELECTED_RANGE_DOPPLER_CELL,1,1,0,0,0,31a85cf10323dcb0ff906b98f8f0dab39e853ab81d2695b1979df50869258a07,350e24a27b1460a9a28ba96f05dfea3d9deaf48171e477c1ea8a691adfe99fc8,0.580279534833841,31.8105463496951,22
533,MC1_K2_N1_L4_SM6_P4_R07,2,WHITE,1,4,2,P4,4,8.1,9.95,0.1,135,-6,0.9,SPECIFIED_CORRELATION,-6,-6,1,7,76,MC1_BASE_N1_L4_P4_R07,MC1_BASE_N1_L4_P4_R07,430100076,430200076,WHITENED_SEQUENTIAL_BEAMSPACE_EXPECTED_TOTAL_SNR,STAGE8_K2_TANGENT_WHITE_SNR_MONTE_CARLO_AND_CLOSURE_V1,ONE_SYNTHETIC_CPI,ONE_SELECTED_RANGE_DOPPLER_CELL,1,1,0,0,0,31a85cf10323dcb0ff906b98f8f0dab39e853ab81d2695b1979df50869258a07,88e08a9476a25a6b6b183788692b0a6b4fb9cbbffa3c343b5f59c7ecae81e6c0,-27.4197204810564,3.80985879444931,-6
534,MC1_K2_N1_L4_SP0_P4_R07,2,WHITE,1,4,2,P4,4,8.1,9.95,0.1,135,-6,0.9,SPECIFIED_CORRELATION,0,0,2,7,76,MC1_BASE_N1_L4_P4_R07,MC1_BASE_N1_L4_P4_R07,430100076,430200076,WHITENED_SEQUENTIAL_BEAMSPACE_EXPECTED_TOTAL_SNR,STAGE8_K2_TANGENT_WHITE_SNR_MONTE_CARLO_AND_CLOSURE_V1,ONE_SYNTHETIC_CPI,ONE_SELECTED_RANGE_DOPPLER_CELL,1,1,0,0,0,31a85cf10323dcb0ff906b98f8f0dab39e853ab81d2695b1979df50869258a07,2061dfa6d686bf5addd42b78e33f27c76d1e3e1bc3cf56cbb2d482ee9e8c12f4,-21.4197204810564,9.80985879444931,-1.44649119982993e-15
535,MC1_K2_N1_L4_SP6_P4_R07,2,WHITE,1,4,2,P4,4,8.1,9.95,0.1,135,-6,0.9,SPECIFIED_CORRELATION,6,6,3,7,76,MC1_BASE_N1_L4_P4_R07,MC1_BASE_N1_L4_P4_R07,430100076,430200076,WHITENED_SEQUENTIAL_BEAMSPACE_EXPECTED_TOTAL_SNR,STAGE8_K2_TANGENT_WHITE_SNR_MONTE_CARLO_AND_CLOSURE_V1,ONE_SYNTHETIC_CPI,ONE_SELECTED_RANGE_DOPPLER_CELL,1,1,0,0,0,31a85cf10323dcb0ff906b98f8f0dab39e853ab81d2695b1979df50869258a07,efc2a1f7d428db6029ab9150ff0cf2ba14e9455f2bf12a5ff837627b09dfba8b,-15.4197204810564,15.8098587944493,6
536,MC1_K2_N1_L4_SP10_P4_R07,2,WHITE,1,4,2,P4,4,8.1,9.95,0.1,135,-6,0.9,SPECIFIED_CORRELATION,10,10,4,7,76,MC1_BASE_N1_L4_P4_R07,MC1_BASE_N1_L4_P4_R07,430100076,430200076,WHITENED_SEQUENTIAL_BEAMSPACE_EXPECTED_TOTAL_SNR,STAGE8_K2_TANGENT_WHITE_SNR_MONTE_CARLO_AND_CLOSURE_V1,ONE_SYNTHETIC_CPI,ONE_SELECTED_RANGE_DOPPLER_CELL,1,1,0,0,0,31a85cf10323dcb0ff906b98f8f0dab39e853ab81d2695b1979df50869258a07,89c5dbd1953111956c0f9dc32963c89158a683e00360797f673c02ff8735f07a,-11.4197204810564,19.8098587944493,10
537,MC1_K2_N1_L4_SP14_P4_R07,2,WHITE,1,4,2,P4,4,8.1,9.95,0.1,135,-6,0.9,SPECIFIED_CORRELATION,14,14,5,7,76,MC1_BASE_N1_L4_P4_R07,MC1_BASE_N1_L4_P4_R07,430100076,430200076,WHITENED_SEQUENTIAL_BEAMSPACE_EXPECTED_TOTAL_SNR,STAGE8_K2_TANGENT_WHITE_SNR_MONTE_CARLO_AND_CLOSURE_V1,ONE_SYNTHETIC_CPI,ONE_SELECTED_RANGE_DOPPLER_CELL,1,1,0,0,0,31a85cf10323dcb0ff906b98f8f0dab39e853ab81d2695b1979df50869258a07,69b26b94920c7f065b512285eacf1ee8517e47f5972881e106ba20b14387c329,-7.41972048105643,23.8098587944493,14
538,MC1_K2_N1_L4_SP18_P4_R07,2,WHITE,1,4,2,P4,4,8.1,9.95,0.1,135,-6,0.9,SPECIFIED_CORRELATION,18,18,6,7,76,MC1_BASE_N1_L4_P4_R07,MC1_BASE_N1_L4_P4_R07,430100076,430200076,WHITENED_SEQUENTIAL_BEAMSPACE_EXPECTED_TOTAL_SNR,STAGE8_K2_TANGENT_WHITE_SNR_MONTE_CARLO_AND_CLOSURE_V1,ONE_SYNTHETIC_CPI,ONE_SELECTED_RANGE_DOPPLER_CELL,1,1,0,0,0,31a85cf10323dcb0ff906b98f8f0dab39e853ab81d2695b1979df50869258a07,c17e964ce76f6d80a7b2eeed368050b9a005089722cf7d3e62da3e01121b34fd,-3.41972048105642,27.8098587944493,18
539,MC1_K2_N1_L4_SP22_P4_R07,2,WHITE,1,4,2,P4,4,8.1,9.95,0.1,135,-6,0.9,SPECIFIED_CORRELATION,22,22,7,7,76,MC1_BASE_N1_L4_P4_R07,MC1_BASE_N1_L4_P4_R07,430100076,430200076,WHITENED_SEQUENTIAL_BEAMSPACE_EXPECTED_TOTAL_SNR,STAGE8_K2_TANGENT_WHITE_SNR_MONTE_CARLO_AND_CLOSURE_V1,ONE_SYNTHETIC_CPI,ONE_SELECTED_RANGE_DOPPLER_CELL,1,1,0,0,0,31a85cf10323dcb0ff906b98f8f0dab39e853ab81d2695b1979df50869258a07,5ccfd5df3d8f976eb5db912941530a86e74d062b1f43cc7dc4e00072b2672cbb,0.580279518943579,31.8098587944493,22
540,MC1_K2_N1_L4_SM6_P4_R08,2,WHITE,1,4,2,P4,4,8.1,9.95,0.1,135,-6,0.9,SPECIFIED_CORRELATION,-6,-6,1,8,77,MC1_BASE_N1_L4_P4_R08,MC1_BASE_N1_L4_P4_R08,430100077,430200077,WHITENED_SEQUENTIAL_BEAMSPACE_EXPECTED_TOTAL_SNR,STAGE8_K2_TANGENT_WHITE_SNR_MONTE_CARLO_AND_CLOSURE_V1,ONE_SYNTHETIC_CPI,ONE_SELECTED_RANGE_DOPPLER_CELL,1,1,0,0,0,31a85cf10323dcb0ff906b98f8f0dab39e853ab81d2695b1979df50869258a07,b5eb3cef006511d85ca1a624c4ac189e4a057fbd8e904b4f60f6915e6bf1b4e8,-27.4197200455918,3.78459823142405,-6
541,MC1_K2_N1_L4_SP0_P4_R08,2,WHITE,1,4,2,P4,4,8.1,9.95,0.1,135,-6,0.9,SPECIFIED_CORRELATION,0,0,2,8,77,MC1_BASE_N1_L4_P4_R08,MC1_BASE_N1_L4_P4_R08,430100077,430200077,WHITENED_SEQUENTIAL_BEAMSPACE_EXPECTED_TOTAL_SNR,STAGE8_K2_TANGENT_WHITE_SNR_MONTE_CARLO_AND_CLOSURE_V1,ONE_SYNTHETIC_CPI,ONE_SELECTED_RANGE_DOPPLER_CELL,1,1,0,0,0,31a85cf10323dcb0ff906b98f8f0dab39e853ab81d2695b1979df50869258a07,ee2972850f33bce6067dc04f09b105b3f00468539b17d27d36136b839f0e30a8,-21.4197200455918,9.78459823142405,9.64327466553287e-16
542,MC1_K2_N1_L4_SP6_P4_R08,2,WHITE,1,4,2,P4,4,8.1,9.95,0.1,135,-6,0.9,SPECIFIED_CORRELATION,6,6,3,8,77,MC1_BASE_N1_L4_P4_R08,MC1_BASE_N1_L4_P4_R08,430100077,430200077,WHITENED_SEQUENTIAL_BEAMSPACE_EXPECTED_TOTAL_SNR,STAGE8_K2_TANGENT_WHITE_SNR_MONTE_CARLO_AND_CLOSURE_V1,ONE_SYNTHETIC_CPI,ONE_SELECTED_RANGE_DOPPLER_CELL,1,1,0,0,0,31a85cf10323dcb0ff906b98f8f0dab39e853ab81d2695b1979df50869258a07,ea8be5191b92cad533ab84493e8cc5c959d8dadfd08a0c5c2a1832dce93568bc,-15.4197200455918,15.784598231424,6
543,MC1_K2_N1_L4_SP10_P4_R08,2,WHITE,1,4,2,P4,4,8.1,9.95,0.1,135,-6,0.9,SPECIFIED_CORRELATION,10,10,4,8,77,MC1_BASE_N1_L4_P4_R08,MC1_BASE_N1_L4_P4_R08,430100077,430200077,WHITENED_SEQUENTIAL_BEAMSPACE_EXPECTED_TOTAL_SNR,STAGE8_K2_TANGENT_WHITE_SNR_MONTE_CARLO_AND_CLOSURE_V1,ONE_SYNTHETIC_CPI,ONE_SELECTED_RANGE_DOPPLER_CELL,1,1,0,0,0,31a85cf10323dcb0ff906b98f8f0dab39e853ab81d2695b1979df50869258a07,3772886227f0ce8ac20771492eb4ffd0d5919310f85b615d73ac9d05ab190b80,-11.4197200455918,19.784598231424,10
544,MC1_K2_N1_L4_SP14_P4_R08,2,WHITE,1,4,2,P4,4,8.1,9.95,0.1,135,-6,0.9,SPECIFIED_CORRELATION,14,14,5,8,77,MC1_BASE_N1_L4_P4_R08,MC1_BASE_N1_L4_P4_R08,430100077,430200077,WHITENED_SEQUENTIAL_BEAMSPACE_EXPECTED_TOTAL_SNR,STAGE8_K2_TANGENT_WHITE_SNR_MONTE_CARLO_AND_CLOSURE_V1,ONE_SYNTHETIC_CPI,ONE_SELECTED_RANGE_DOPPLER_CELL,1,1,0,0,0,31a85cf10323dcb0ff906b98f8f0dab39e853ab81d2695b1979df50869258a07,ebde3ff5c46f85cec13ec5f006902dc931d4ff69f5a026029cc03825e21c7cb0,-7.41972004559184,23.784598231424,14
545,MC1_K2_N1_L4_SP18_P4_R08,2,WHITE,1,4,2,P4,4,8.1,9.95,0.1,135,-6,0.9,SPECIFIED_CORRELATION,18,18,6,8,77,MC1_BASE_N1_L4_P4_R08,MC1_BASE_N1_L4_P4_R08,430100077,430200077,WHITENED_SEQUENTIAL_BEAMSPACE_EXPECTED_TOTAL_SNR,STAGE8_K2_TANGENT_WHITE_SNR_MONTE_CARLO_AND_CLOSURE_V1,ONE_SYNTHETIC_CPI,ONE_SELECTED_RANGE_DOPPLER_CELL,1,1,0,0,0,31a85cf10323dcb0ff906b98f8f0dab39e853ab81d2695b1979df50869258a07,53d3e27e188bc78c3e8ff8d4d525681f98c8005aebe53e3fe352a02279485752,-3.41972004559185,27.784598231424,18
546,MC1_K2_N1_L4_SP22_P4_R08,2,WHITE,1,4,2,P4,4,8.1,9.95,0.1,135,-6,0.9,SPECIFIED_CORRELATION,22,22,7,8,77,MC1_BASE_N1_L4_P4_R08,MC1_BASE_N1_L4_P4_R08,430100077,430200077,WHITENED_SEQUENTIAL_BEAMSPACE_EXPECTED_TOTAL_SNR,STAGE8_K2_TANGENT_WHITE_SNR_MONTE_CARLO_AND_CLOSURE_V1,ONE_SYNTHETIC_CPI,ONE_SELECTED_RANGE_DOPPLER_CELL,1,1,0,0,0,31a85cf10323dcb0ff906b98f8f0dab39e853ab81d2695b1979df50869258a07,432c281aadf266337d4d8d9844650ee009fb121823ded47b47ce386111f234be,0.580279954408158,31.784598231424,22
547,MC1_K2_N1_L4_SM6_P4_R09,2,WHITE,1,4,2,P4,4,8.1,9.95,0.1,135,-6,0.9,SPECIFIED_CORRELATION,-6,-6,1,9,78,MC1_BASE_N1_L4_P4_R09,MC1_BASE_N1_L4_P4_R09,430100078,430200078,WHITENED_SEQUENTIAL_BEAMSPACE_EXPECTED_TOTAL_SNR,STAGE8_K2_TANGENT_WHITE_SNR_MONTE_CARLO_AND_CLOSURE_V1,ONE_SYNTHETIC_CPI,ONE_SELECTED_RANGE_DOPPLER_CELL,1,1,0,0,0,31a85cf10323dcb0ff906b98f8f0dab39e853ab81d2695b1979df50869258a07,5e9018168069ad3671785cf5fcce0b265539e499c70c18fbe9283611716ee19c,-27.4197197934442,3.77287548043619,-5.99999999999999
548,MC1_K2_N1_L4_SP0_P4_R09,2,WHITE,1,4,2,P4,4,8.1,9.95,0.1,135,-6,0.9,SPECIFIED_CORRELATION,0,0,2,9,78,MC1_BASE_N1_L4_P4_R09,MC1_BASE_N1_L4_P4_R09,430100078,430200078,WHITENED_SEQUENTIAL_BEAMSPACE_EXPECTED_TOTAL_SNR,STAGE8_K2_TANGENT_WHITE_SNR_MONTE_CARLO_AND_CLOSURE_V1,ONE_SYNTHETIC_CPI,ONE_SELECTED_RANGE_DOPPLER_CELL,1,1,0,0,0,31a85cf10323dcb0ff906b98f8f0dab39e853ab81d2695b1979df50869258a07,67ef682b5ac0f025401d09c2f474f1d940ed3053ccb3e1d9b10420dede1cc4d3,-21.4197197934442,9.77287548043619,1.92865493310657e-15
549,MC1_K2_N1_L4_SP6_P4_R09,2,WHITE,1,4,2,P4,4,8.1,9.95,0.1,135,-6,0.9,SPECIFIED_CORRELATION,6,6,3,9,78,MC1_BASE_N1_L4_P4_R09,MC1_BASE_N1_L4_P4_R09,430100078,430200078,WHITENED_SEQUENTIAL_BEAMSPACE_EXPECTED_TOTAL_SNR,STAGE8_K2_TANGENT_WHITE_SNR_MONTE_CARLO_AND_CLOSURE_V1,ONE_SYNTHETIC_CPI,ONE_SELECTED_RANGE_DOPPLER_CELL,1,1,0,0,0,31a85cf10323dcb0ff906b98f8f0dab39e853ab81d2695b1979df50869258a07,29dd49a0aa988f2e862e0aa52f68d208c8edd520dd3e9169ecfcc2da5869ae66,-15.4197197934442,15.7728754804362,6
550,MC1_K2_N1_L4_SP10_P4_R09,2,WHITE,1,4,2,P4,4,8.1,9.95,0.1,135,-6,0.9,SPECIFIED_CORRELATION,10,10,4,9,78,MC1_BASE_N1_L4_P4_R09,MC1_BASE_N1_L4_P4_R09,430100078,430200078,WHITENED_SEQUENTIAL_BEAMSPACE_EXPECTED_TOTAL_SNR,STAGE8_K2_TANGENT_WHITE_SNR_MONTE_CARLO_AND_CLOSURE_V1,ONE_SYNTHETIC_CPI,ONE_SELECTED_RANGE_DOPPLER_CELL,1,1,0,0,0,31a85cf10323dcb0ff906b98f8f0dab39e853ab81d2695b1979df50869258a07,4a576a8b913620a603dfd98c0dbb0da912235acb02a12a4cb8c15ced3fe02ecb,-11.4197197934442,19.7728754804362,10
551,MC1_K2_N1_L4_SP14_P4_R09,2,WHITE,1,4,2,P4,4,8.1,9.95,0.1,135,-6,0.9,SPECIFIED_CORRELATION,14,14,5,9,78,MC1_BASE_N1_L4_P4_R09,MC1_BASE_N1_L4_P4_R09,430100078,430200078,WHITENED_SEQUENTIAL_BEAMSPACE_EXPECTED_TOTAL_SNR,STAGE8_K2_TANGENT_WHITE_SNR_MONTE_CARLO_AND_CLOSURE_V1,ONE_SYNTHETIC_CPI,ONE_SELECTED_RANGE_DOPPLER_CELL,1,1,0,0,0,31a85cf10323dcb0ff906b98f8f0dab39e853ab81d2695b1979df50869258a07,b0b03c79743fc022329022d0f30ac16ce8129dad593d21d1528ec8a306f6e93c,-7.41971979344419,23.7728754804362,14
552,MC1_K2_N1_L4_SP18_P4_R09,2,WHITE,1,4,2,P4,4,8.1,9.95,0.1,135,-6,0.9,SPECIFIED_CORRELATION,18,18,6,9,78,MC1_BASE_N1_L4_P4_R09,MC1_BASE_N1_L4_P4_R09,430100078,430200078,WHITENED_SEQUENTIAL_BEAMSPACE_EXPECTED_TOTAL_SNR,STAGE8_K2_TANGENT_WHITE_SNR_MONTE_CARLO_AND_CLOSURE_V1,ONE_SYNTHETIC_CPI,ONE_SELECTED_RANGE_DOPPLER_CELL,1,1,0,0,0,31a85cf10323dcb0ff906b98f8f0dab39e853ab81d2695b1979df50869258a07,074b26c84d62849487cb68c66830b63d11c474931872b3b2308d6d069a28997a,-3.41971979344419,27.7728754804362,18
553,MC1_K2_N1_L4_SP22_P4_R09,2,WHITE,1,4,2,P4,4,8.1,9.95,0.1,135,-6,0.9,SPECIFIED_CORRELATION,22,22,7,9,78,MC1_BASE_N1_L4_P4_R09,MC1_BASE_N1_L4_P4_R09,430100078,430200078,WHITENED_SEQUENTIAL_BEAMSPACE_EXPECTED_TOTAL_SNR,STAGE8_K2_TANGENT_WHITE_SNR_MONTE_CARLO_AND_CLOSURE_V1,ONE_SYNTHETIC_CPI,ONE_SELECTED_RANGE_DOPPLER_CELL,1,1,0,0,0,31a85cf10323dcb0ff906b98f8f0dab39e853ab81d2695b1979df50869258a07,32781436c5d7595316ffb1328f5afb754854df050bb010aca93a48d37271e1b8,0.58028020655581,31.7728754804362,22
554,MC1_K2_N1_L4_SM6_P4_R10,2,WHITE,1,4,2,P4,4,8.1,9.95,0.1,135,-6,0.9,SPECIFIED_CORRELATION,-6,-6,1,10,79,MC1_BASE_N1_L4_P4_R10,MC1_BASE_N1_L4_P4_R10,430100079,430200079,WHITENED_SEQUENTIAL_BEAMSPACE_EXPECTED_TOTAL_SNR,STAGE8_K2_TANGENT_WHITE_SNR_MONTE_CARLO_AND_CLOSURE_V1,ONE_SYNTHETIC_CPI,ONE_SELECTED_RANGE_DOPPLER_CELL,1,1,0,0,0,31a85cf10323dcb0ff906b98f8f0dab39e853ab81d2695b1979df50869258a07,c2bfc07c86a12c9697fe448dd483f874da4120e422f41bea3167d90b0d48fe5a,-27.4197205219536,3.81304892765359,-6
555,MC1_K2_N1_L4_SP0_P4_R10,2,WHITE,1,4,2,P4,4,8.1,9.95,0.1,135,-6,0.9,SPECIFIED_CORRELATION,0,0,2,10,79,MC1_BASE_N1_L4_P4_R10,MC1_BASE_N1_L4_P4_R10,430100079,430200079,WHITENED_SEQUENTIAL_BEAMSPACE_EXPECTED_TOTAL_SNR,STAGE8_K2_TANGENT_WHITE_SNR_MONTE_CARLO_AND_CLOSURE_V1,ONE_SYNTHETIC_CPI,ONE_SELECTED_RANGE_DOPPLER_CELL,1,1,0,0,0,31a85cf10323dcb0ff906b98f8f0dab39e853ab81d2695b1979df50869258a07,174dd3a5064c51958ec9caf8c0d5c1f414c719c7fc6de36036ed6fa3d4853e8d,-21.4197205219536,9.8130489276536,-4.82163733276644e-16
556,MC1_K2_N1_L4_SP6_P4_R10,2,WHITE,1,4,2,P4,4,8.1,9.95,0.1,135,-6,0.9,SPECIFIED_CORRELATION,6,6,3,10,79,MC1_BASE_N1_L4_P4_R10,MC1_BASE_N1_L4_P4_R10,430100079,430200079,WHITENED_SEQUENTIAL_BEAMSPACE_EXPECTED_TOTAL_SNR,STAGE8_K2_TANGENT_WHITE_SNR_MONTE_CARLO_AND_CLOSURE_V1,ONE_SYNTHETIC_CPI,ONE_SELECTED_RANGE_DOPPLER_CELL,1,1,0,0,0,31a85cf10323dcb0ff906b98f8f0dab39e853ab81d2695b1979df50869258a07,2ada2e17ed0947c30122dbfcc6eef0e1aa0cf6ed60802c87d4f159b40075419c,-15.4197205219536,15.8130489276536,6
557,MC1_K2_N1_L4_SP10_P4_R10,2,WHITE,1,4,2,P4,4,8.1,9.95,0.1,135,-6,0.9,SPECIFIED_CORRELATION,10,10,4,10,79,MC1_BASE_N1_L4_P4_R10,MC1_BASE_N1_L4_P4_R10,430100079,430200079,WHITENED_SEQUENTIAL_BEAMSPACE_EXPECTED_TOTAL_SNR,STAGE8_K2_TANGENT_WHITE_SNR_MONTE_CARLO_AND_CLOSURE_V1,ONE_SYNTHETIC_CPI,ONE_SELECTED_RANGE_DOPPLER_CELL,1,1,0,0,0,31a85cf10323dcb0ff906b98f8f0dab39e853ab81d2695b1979df50869258a07,d6f6cae3c0512ef189480c1908d2ab6a9514b119442e7eef4dc1c185f2c4f4cc,-11.4197205219536,19.8130489276536,10
558,MC1_K2_N1_L4_SP14_P4_R10,2,WHITE,1,4,2,P4,4,8.1,9.95,0.1,135,-6,0.9,SPECIFIED_CORRELATION,14,14,5,10,79,MC1_BASE_N1_L4_P4_R10,MC1_BASE_N1_L4_P4_R10,430100079,430200079,WHITENED_SEQUENTIAL_BEAMSPACE_EXPECTED_TOTAL_SNR,STAGE8_K2_TANGENT_WHITE_SNR_MONTE_CARLO_AND_CLOSURE_V1,ONE_SYNTHETIC_CPI,ONE_SELECTED_RANGE_DOPPLER_CELL,1,1,0,0,0,31a85cf10323dcb0ff906b98f8f0dab39e853ab81d2695b1979df50869258a07,3ebea37fe43a7e0341f6a9a2b057761a960e630b0b674319eedee9ed00608d63,-7.41972052195363,23.8130489276536,14
559,MC1_K2_N1_L4_SP18_P4_R10,2,WHITE,1,4,2,P4,4,8.1,9.95,0.1,135,-6,0.9,SPECIFIED_CORRELATION,18,18,6,10,79,MC1_BASE_N1_L4_P4_R10,MC1_BASE_N1_L4_P4_R10,430100079,430200079,WHITENED_SEQUENTIAL_BEAMSPACE_EXPECTED_TOTAL_SNR,STAGE8_K2_TANGENT_WHITE_SNR_MONTE_CARLO_AND_CLOSURE_V1,ONE_SYNTHETIC_CPI,ONE_SELECTED_RANGE_DOPPLER_CELL,1,1,0,0,0,31a85cf10323dcb0ff906b98f8f0dab39e853ab81d2695b1979df50869258a07,d34cc2a89e97c9f780acc6b15348f84eea988ac33cb4d6c57689f16a43546bef,-3.41972052195363,27.8130489276536,18
560,MC1_K2_N1_L4_SP22_P4_R10,2,WHITE,1,4,2,P4,4,8.1,9.95,0.1,135,-6,0.9,SPECIFIED_CORRELATION,22,22,7,10,79,MC1_BASE_N1_L4_P4_R10,MC1_BASE_N1_L4_P4_R10,430100079,430200079,WHITENED_SEQUENTIAL_BEAMSPACE_EXPECTED_TOTAL_SNR,STAGE8_K2_TANGENT_WHITE_SNR_MONTE_CARLO_AND_CLOSURE_V1,ONE_SYNTHETIC_CPI,ONE_SELECTED_RANGE_DOPPLER_CELL,1,1,0,0,0,31a85cf10323dcb0ff906b98f8f0dab39e853ab81d2695b1979df50869258a07,be31ad4c09db298e27853d62b635cbd3d384f7ddf3f98a4bc2558f1b340c8f35,0.580279478046372,31.8130489276536,22
561,MC1_K2_N1_L8_SM6_P1_R01,2,WHITE,1,8,3,P1,1,8,10,0.3,45,0,0,SPECIFIED_CORRELATION,-6,-6,1,1,80,MC1_BASE_N1_L8_P1_R01,MC1_BASE_N1_L8_P1_R01,430100080,430200080,WHITENED_SEQUENTIAL_BEAMSPACE_EXPECTED_TOTAL_SNR,STAGE8_K2_TANGENT_WHITE_SNR_MONTE_CARLO_AND_CLOSURE_V1,ONE_SYNTHETIC_CPI,ONE_SELECTED_RANGE_DOPPLER_CELL,1,1,0,0,0,31a85cf10323dcb0ff906b98f8f0dab39e853ab81d2695b1979df50869258a07,d0b494972cbb9e92d8fac99ed33c732346c78b77a7c466b484f1eb98247f1375,-27.4197201460617,3.80466293293079,-6
562,MC1_K2_N1_L8_SP0_P1_R01,2,WHITE,1,8,3,P1,1,8,10,0.3,45,0,0,SPECIFIED_CORRELATION,0,0,2,1,80,MC1_BASE_N1_L8_P1_R01,MC1_BASE_N1_L8_P1_R01,430100080,430200080,WHITENED_SEQUENTIAL_BEAMSPACE_EXPECTED_TOTAL_SNR,STAGE8_K2_TANGENT_WHITE_SNR_MONTE_CARLO_AND_CLOSURE_V1,ONE_SYNTHETIC_CPI,ONE_SELECTED_RANGE_DOPPLER_CELL,1,1,0,0,0,31a85cf10323dcb0ff906b98f8f0dab39e853ab81d2695b1979df50869258a07,e98b9635f58ac8a9e9613cbbf756481620d11a7d2ac3c4f9ffb85875b356a6c0,-21.4197201460617,9.80466293293078,9.64327466553287e-16
563,MC1_K2_N1_L8_SP6_P1_R01,2,WHITE,1,8,3,P1,1,8,10,0.3,45,0,0,SPECIFIED_CORRELATION,6,6,3,1,80,MC1_BASE_N1_L8_P1_R01,MC1_BASE_N1_L8_P1_R01,430100080,430200080,WHITENED_SEQUENTIAL_BEAMSPACE_EXPECTED_TOTAL_SNR,STAGE8_K2_TANGENT_WHITE_SNR_MONTE_CARLO_AND_CLOSURE_V1,ONE_SYNTHETIC_CPI,ONE_SELECTED_RANGE_DOPPLER_CELL,1,1,0,0,0,31a85cf10323dcb0ff906b98f8f0dab39e853ab81d2695b1979df50869258a07,05bd7f2039b9bd904cc0619116a0352daa21aef232886542b3a6c18e67b0d0b2,-15.4197201460617,15.8046629329308,6
564,MC1_K2_N1_L8_SP10_P1_R01,2,WHITE,1,8,3,P1,1,8,10,0.3,45,0,0,SPECIFIED_CORRELATION,10,10,4,1,80,MC1_BASE_N1_L8_P1_R01,MC1_BASE_N1_L8_P1_R01,430100080,430200080,WHITENED_SEQUENTIAL_BEAMSPACE_EXPECTED_TOTAL_SNR,STAGE8_K2_TANGENT_WHITE_SNR_MONTE_CARLO_AND_CLOSURE_V1,ONE_SYNTHETIC_CPI,ONE_SELECTED_RANGE_DOPPLER_CELL,1,1,0,0,0,31a85cf10323dcb0ff906b98f8f0dab39e853ab81d2695b1979df50869258a07,ae1ca3c9d5f9160e043bc9a83a00dcda233466227469bbf56aa50af2031f5db8,-11.4197201460617,19.8046629329308,10
565,MC1_K2_N1_L8_SP14_P1_R01,2,WHITE,1,8,3,P1,1,8,10,0.3,45,0,0,SPECIFIED_CORRELATION,14,14,5,1,80,MC1_BASE_N1_L8_P1_R01,MC1_BASE_N1_L8_P1_R01,430100080,430200080,WHITENED_SEQUENTIAL_BEAMSPACE_EXPECTED_TOTAL_SNR,STAGE8_K2_TANGENT_WHITE_SNR_MONTE_CARLO_AND_CLOSURE_V1,ONE_SYNTHETIC_CPI,ONE_SELECTED_RANGE_DOPPLER_CELL,1,1,0,0,0,31a85cf10323dcb0ff906b98f8f0dab39e853ab81d2695b1979df50869258a07,4f90f9346304da6fdcd7aadb5ad2296981825000368455924982d72e5a145296,-7.41972014606174,23.8046629329308,14
566,MC1_K2_N1_L8_SP18_P1_R01,2,WHITE,1,8,3,P1,1,8,10,0.3,45,0,0,SPECIFIED_CORRELATION,18,18,6,1,80,MC1_BASE_N1_L8_P1_R01,MC1_BASE_N1_L8_P1_R01,430100080,430200080,WHITENED_SEQUENTIAL_BEAMSPACE_EXPECTED_TOTAL_SNR,STAGE8_K2_TANGENT_WHITE_SNR_MONTE_CARLO_AND_CLOSURE_V1,ONE_SYNTHETIC_CPI,ONE_SELECTED_RANGE_DOPPLER_CELL,1,1,0,0,0,31a85cf10323dcb0ff906b98f8f0dab39e853ab81d2695b1979df50869258a07,727092a2d3f12416b8e1fed7a9b5f41121b8100c71d08be09638a835c7930cad,-3.41972014606174,27.8046629329308,18
567,MC1_K2_N1_L8_SP22_P1_R01,2,WHITE,1,8,3,P1,1,8,10,0.3,45,0,0,SPECIFIED_CORRELATION,22,22,7,1,80,MC1_BASE_N1_L8_P1_R01,MC1_BASE_N1_L8_P1_R01,430100080,430200080,WHITENED_SEQUENTIAL_BEAMSPACE_EXPECTED_TOTAL_SNR,STAGE8_K2_TANGENT_WHITE_SNR_MONTE_CARLO_AND_CLOSURE_V1,ONE_SYNTHETIC_CPI,ONE_SELECTED_RANGE_DOPPLER_CELL,1,1,0,0,0,31a85cf10323dcb0ff906b98f8f0dab39e853ab81d2695b1979df50869258a07,7d4e02af089a639ea44911ed0a7f997863db355779f1ee4473286cec930c04f8,0.580279853938259,31.8046629329308,22
568,MC1_K2_N1_L8_SM6_P1_R02,2,WHITE,1,8,3,P1,1,8,10,0.3,45,0,0,SPECIFIED_CORRELATION,-6,-6,1,2,81,MC1_BASE_N1_L8_P1_R02,MC1_BASE_N1_L8_P1_R02,430100081,430200081,WHITENED_SEQUENTIAL_BEAMSPACE_EXPECTED_TOTAL_SNR,STAGE8_K2_TANGENT_WHITE_SNR_MONTE_CARLO_AND_CLOSURE_V1,ONE_SYNTHETIC_CPI,ONE_SELECTED_RANGE_DOPPLER_CELL,1,1,0,0,0,31a85cf10323dcb0ff906b98f8f0dab39e853ab81d2695b1979df50869258a07,28f106cd0367605d7cb735808aef614baf0552ea7bfd27a0b0ac1db2135dd03c,-27.4197201460617,3.80466293293079,-6
569,MC1_K2_N1_L8_SP0_P1_R02,2,WHITE,1,8,3,P1,1,8,10,0.3,45,0,0,SPECIFIED_CORRELATION,0,0,2,2,81,MC1_BASE_N1_L8_P1_R02,MC1_BASE_N1_L8_P1_R02,430100081,430200081,WHITENED_SEQUENTIAL_BEAMSPACE_EXPECTED_TOTAL_SNR,STAGE8_K2_TANGENT_WHITE_SNR_MONTE_CARLO_AND_CLOSURE_V1,ONE_SYNTHETIC_CPI,ONE_SELECTED_RANGE_DOPPLER_CELL,1,1,0,0,0,31a85cf10323dcb0ff906b98f8f0dab39e853ab81d2695b1979df50869258a07,1a88b922058b2bb108fcf628c73c013b42edbed6ca69013490681b034db2923c,-21.4197201460617,9.80466293293078,9.64327466553287e-16
570,MC1_K2_N1_L8_SP6_P1_R02,2,WHITE,1,8,3,P1,1,8,10,0.3,45,0,0,SPECIFIED_CORRELATION,6,6,3,2,81,MC1_BASE_N1_L8_P1_R02,MC1_BASE_N1_L8_P1_R02,430100081,430200081,WHITENED_SEQUENTIAL_BEAMSPACE_EXPECTED_TOTAL_SNR,STAGE8_K2_TANGENT_WHITE_SNR_MONTE_CARLO_AND_CLOSURE_V1,ONE_SYNTHETIC_CPI,ONE_SELECTED_RANGE_DOPPLER_CELL,1,1,0,0,0,31a85cf10323dcb0ff906b98f8f0dab39e853ab81d2695b1979df50869258a07,e4d19fd61eb6684bd50d7b3e7f3c644fac20b7603322161829e5e8d7204a0480,-15.4197201460617,15.8046629329308,6
571,MC1_K2_N1_L8_SP10_P1_R02,2,WHITE,1,8,3,P1,1,8,10,0.3,45,0,0,SPECIFIED_CORRELATION,10,10,4,2,81,MC1_BASE_N1_L8_P1_R02,MC1_BASE_N1_L8_P1_R02,430100081,430200081,WHITENED_SEQUENTIAL_BEAMSPACE_EXPECTED_TOTAL_SNR,STAGE8_K2_TANGENT_WHITE_SNR_MONTE_CARLO_AND_CLOSURE_V1,ONE_SYNTHETIC_CPI,ONE_SELECTED_RANGE_DOPPLER_CELL,1,1,0,0,0,31a85cf10323dcb0ff906b98f8f0dab39e853ab81d2695b1979df50869258a07,c8142491619c4ee088ca8500bc257e26bab5dc7f9a77ae5f53377dd97bf86b90,-11.4197201460617,19.8046629329308,10
572,MC1_K2_N1_L8_SP14_P1_R02,2,WHITE,1,8,3,P1,1,8,10,0.3,45,0,0,SPECIFIED_CORRELATION,14,14,5,2,81,MC1_BASE_N1_L8_P1_R02,MC1_BASE_N1_L8_P1_R02,430100081,430200081,WHITENED_SEQUENTIAL_BEAMSPACE_EXPECTED_TOTAL_SNR,STAGE8_K2_TANGENT_WHITE_SNR_MONTE_CARLO_AND_CLOSURE_V1,ONE_SYNTHETIC_CPI,ONE_SELECTED_RANGE_DOPPLER_CELL,1,1,0,0,0,31a85cf10323dcb0ff906b98f8f0dab39e853ab81d2695b1979df50869258a07,45a7feb5cecec5ea7b02722d904390323abb2468c7fb9e63f9b577d628a4a940,-7.41972014606174,23.8046629329308,14
573,MC1_K2_N1_L8_SP18_P1_R02,2,WHITE,1,8,3,P1,1,8,10,0.3,45,0,0,SPECIFIED_CORRELATION,18,18,6,2,81,MC1_BASE_N1_L8_P1_R02,MC1_BASE_N1_L8_P1_R02,430100081,430200081,WHITENED_SEQUENTIAL_BEAMSPACE_EXPECTED_TOTAL_SNR,STAGE8_K2_TANGENT_WHITE_SNR_MONTE_CARLO_AND_CLOSURE_V1,ONE_SYNTHETIC_CPI,ONE_SELECTED_RANGE_DOPPLER_CELL,1,1,0,0,0,31a85cf10323dcb0ff906b98f8f0dab39e853ab81d2695b1979df50869258a07,f961010c07a97a66c36b9af7892d4ccad57637947aa8db03397dedeb37555afc,-3.41972014606174,27.8046629329308,18
574,MC1_K2_N1_L8_SP22_P1_R02,2,WHITE,1,8,3,P1,1,8,10,0.3,45,0,0,SPECIFIED_CORRELATION,22,22,7,2,81,MC1_BASE_N1_L8_P1_R02,MC1_BASE_N1_L8_P1_R02,430100081,430200081,WHITENED_SEQUENTIAL_BEAMSPACE_EXPECTED_TOTAL_SNR,STAGE8_K2_TANGENT_WHITE_SNR_MONTE_CARLO_AND_CLOSURE_V1,ONE_SYNTHETIC_CPI,ONE_SELECTED_RANGE_DOPPLER_CELL,1,1,0,0,0,31a85cf10323dcb0ff906b98f8f0dab39e853ab81d2695b1979df50869258a07,cbe1a1b94cc7dcb36c9194026147416cb5dae4a3ba18c4e6cd0101627c6455e2,0.580279853938259,31.8046629329308,22
575,MC1_K2_N1_L8_SM6_P1_R03,2,WHITE,1,8,3,P1,1,8,10,0.3,45,0,0,SPECIFIED_CORRELATION,-6,-6,1,3,82,MC1_BASE_N1_L8_P1_R03,MC1_BASE_N1_L8_P1_R03,430100082,430200082,WHITENED_SEQUENTIAL_BEAMSPACE_EXPECTED_TOTAL_SNR,STAGE8_K2_TANGENT_WHITE_SNR_MONTE_CARLO_AND_CLOSURE_V1,ONE_SYNTHETIC_CPI,ONE_SELECTED_RANGE_DOPPLER_CELL,1,1,0,0,0,31a85cf10323dcb0ff906b98f8f0dab39e853ab81d2695b1979df50869258a07,dd87607bd57c10f32d722afcb8003913c64468bcb96e717a9fdb10d0c7789df2,-27.4197201460617,3.80466293293079,-6
576,MC1_K2_N1_L8_SP0_P1_R03,2,WHITE,1,8,3,P1,1,8,10,0.3,45,0,0,SPECIFIED_CORRELATION,0,0,2,3,82,MC1_BASE_N1_L8_P1_R03,MC1_BASE_N1_L8_P1_R03,430100082,430200082,WHITENED_SEQUENTIAL_BEAMSPACE_EXPECTED_TOTAL_SNR,STAGE8_K2_TANGENT_WHITE_SNR_MONTE_CARLO_AND_CLOSURE_V1,ONE_SYNTHETIC_CPI,ONE_SELECTED_RANGE_DOPPLER_CELL,1,1,0,0,0,31a85cf10323dcb0ff906b98f8f0dab39e853ab81d2695b1979df50869258a07,5d5523df61948d81571dbe014a6fd7aa1909af02d7eb6dfa8192b3251b014a60,-21.4197201460617,9.80466293293078,9.64327466553287e-16
577,MC1_K2_N1_L8_SP6_P1_R03,2,WHITE,1,8,3,P1,1,8,10,0.3,45,0,0,SPECIFIED_CORRELATION,6,6,3,3,82,MC1_BASE_N1_L8_P1_R03,MC1_BASE_N1_L8_P1_R03,430100082,430200082,WHITENED_SEQUENTIAL_BEAMSPACE_EXPECTED_TOTAL_SNR,STAGE8_K2_TANGENT_WHITE_SNR_MONTE_CARLO_AND_CLOSURE_V1,ONE_SYNTHETIC_CPI,ONE_SELECTED_RANGE_DOPPLER_CELL,1,1,0,0,0,31a85cf10323dcb0ff906b98f8f0dab39e853ab81d2695b1979df50869258a07,04171febd859b0a410560fa92a22bd5a234a423e2f14777b7985ca26e155a63c,-15.4197201460617,15.8046629329308,6
578,MC1_K2_N1_L8_SP10_P1_R03,2,WHITE,1,8,3,P1,1,8,10,0.3,45,0,0,SPECIFIED_CORRELATION,10,10,4,3,82,MC1_BASE_N1_L8_P1_R03,MC1_BASE_N1_L8_P1_R03,430100082,430200082,WHITENED_SEQUENTIAL_BEAMSPACE_EXPECTED_TOTAL_SNR,STAGE8_K2_TANGENT_WHITE_SNR_MONTE_CARLO_AND_CLOSURE_V1,ONE_SYNTHETIC_CPI,ONE_SELECTED_RANGE_DOPPLER_CELL,1,1,0,0,0,31a85cf10323dcb0ff906b98f8f0dab39e853ab81d2695b1979df50869258a07,93159cf67bf7d5ad785850b72963b2f5289e66e9a6897d854e674215c4deb6f8,-11.4197201460617,19.8046629329308,10
579,MC1_K2_N1_L8_SP14_P1_R03,2,WHITE,1,8,3,P1,1,8,10,0.3,45,0,0,SPECIFIED_CORRELATION,14,14,5,3,82,MC1_BASE_N1_L8_P1_R03,MC1_BASE_N1_L8_P1_R03,430100082,430200082,WHITENED_SEQUENTIAL_BEAMSPACE_EXPECTED_TOTAL_SNR,STAGE8_K2_TANGENT_WHITE_SNR_MONTE_CARLO_AND_CLOSURE_V1,ONE_SYNTHETIC_CPI,ONE_SELECTED_RANGE_DOPPLER_CELL,1,1,0,0,0,31a85cf10323dcb0ff906b98f8f0dab39e853ab81d2695b1979df50869258a07,9880486b6e33f3486b12b2d6fcf248aaf511941ee2095b0c6835946b614a44af,-7.41972014606174,23.8046629329308,14
580,MC1_K2_N1_L8_SP18_P1_R03,2,WHITE,1,8,3,P1,1,8,10,0.3,45,0,0,SPECIFIED_CORRELATION,18,18,6,3,82,MC1_BASE_N1_L8_P1_R03,MC1_BASE_N1_L8_P1_R03,430100082,430200082,WHITENED_SEQUENTIAL_BEAMSPACE_EXPECTED_TOTAL_SNR,STAGE8_K2_TANGENT_WHITE_SNR_MONTE_CARLO_AND_CLOSURE_V1,ONE_SYNTHETIC_CPI,ONE_SELECTED_RANGE_DOPPLER_CELL,1,1,0,0,0,31a85cf10323dcb0ff906b98f8f0dab39e853ab81d2695b1979df50869258a07,e8ae37058cc792c670fd5637ac1c525d280e1cdb4252e65f3279252de2eb0ec7,-3.41972014606174,27.8046629329308,18
581,MC1_K2_N1_L8_SP22_P1_R03,2,WHITE,1,8,3,P1,1,8,10,0.3,45,0,0,SPECIFIED_CORRELATION,22,22,7,3,82,MC1_BASE_N1_L8_P1_R03,MC1_BASE_N1_L8_P1_R03,430100082,430200082,WHITENED_SEQUENTIAL_BEAMSPACE_EXPECTED_TOTAL_SNR,STAGE8_K2_TANGENT_WHITE_SNR_MONTE_CARLO_AND_CLOSURE_V1,ONE_SYNTHETIC_CPI,ONE_SELECTED_RANGE_DOPPLER_CELL,1,1,0,0,0,31a85cf10323dcb0ff906b98f8f0dab39e853ab81d2695b1979df50869258a07,c3aa3cb91b2e0c971063c1a0f2352765867c7b8d445cd424f17671e60704f90b,0.580279853938259,31.8046629329308,22
582,MC1_K2_N1_L8_SM6_P1_R04,2,WHITE,1,8,3,P1,1,8,10,0.3,45,0,0,SPECIFIED_CORRELATION,-6,-6,1,4,83,MC1_BASE_N1_L8_P1_R04,MC1_BASE_N1_L8_P1_R04,430100083,430200083,WHITENED_SEQUENTIAL_BEAMSPACE_EXPECTED_TOTAL_SNR,STAGE8_K2_TANGENT_WHITE_SNR_MONTE_CARLO_AND_CLOSURE_V1,ONE_SYNTHETIC_CPI,ONE_SELECTED_RANGE_DOPPLER_CELL,1,1,0,0,0,31a85cf10323dcb0ff906b98f8f0dab39e853ab81d2695b1979df50869258a07,fddbfd3a9fffb9c8ae61a53e37129b9ceef827aeb41c9be059fc2dda83128711,-27.4197201460617,3.80466293293079,-6
583,MC1_K2_N1_L8_SP0_P1_R04,2,WHITE,1,8,3,P1,1,8,10,0.3,45,0,0,SPECIFIED_CORRELATION,0,0,2,4,83,MC1_BASE_N1_L8_P1_R04,MC1_BASE_N1_L8_P1_R04,430100083,430200083,WHITENED_SEQUENTIAL_BEAMSPACE_EXPECTED_TOTAL_SNR,STAGE8_K2_TANGENT_WHITE_SNR_MONTE_CARLO_AND_CLOSURE_V1,ONE_SYNTHETIC_CPI,ONE_SELECTED_RANGE_DOPPLER_CELL,1,1,0,0,0,31a85cf10323dcb0ff906b98f8f0dab39e853ab81d2695b1979df50869258a07,75d8f03d27465ec87cf7031737802fdc400ae0ca41ee12abd9316d368ec862da,-21.4197201460617,9.80466293293078,9.64327466553287e-16
584,MC1_K2_N1_L8_SP6_P1_R04,2,WHITE,1,8,3,P1,1,8,10,0.3,45,0,0,SPECIFIED_CORRELATION,6,6,3,4,83,MC1_BASE_N1_L8_P1_R04,MC1_BASE_N1_L8_P1_R04,430100083,430200083,WHITENED_SEQUENTIAL_BEAMSPACE_EXPECTED_TOTAL_SNR,STAGE8_K2_TANGENT_WHITE_SNR_MONTE_CARLO_AND_CLOSURE_V1,ONE_SYNTHETIC_CPI,ONE_SELECTED_RANGE_DOPPLER_CELL,1,1,0,0,0,31a85cf10323dcb0ff906b98f8f0dab39e853ab81d2695b1979df50869258a07,8519bfb6a6953af9006352364b2e580e66834159fdabddcadb6a7c1b070f7fc9,-15.4197201460617,15.8046629329308,6
585,MC1_K2_N1_L8_SP10_P1_R04,2,WHITE,1,8,3,P1,1,8,10,0.3,45,0,0,SPECIFIED_CORRELATION,10,10,4,4,83,MC1_BASE_N1_L8_P1_R04,MC1_BASE_N1_L8_P1_R04,430100083,430200083,WHITENED_SEQUENTIAL_BEAMSPACE_EXPECTED_TOTAL_SNR,STAGE8_K2_TANGENT_WHITE_SNR_MONTE_CARLO_AND_CLOSURE_V1,ONE_SYNTHETIC_CPI,ONE_SELECTED_RANGE_DOPPLER_CELL,1,1,0,0,0,31a85cf10323dcb0ff906b98f8f0dab39e853ab81d2695b1979df50869258a07,f9e3438c941059ed143ec70169eb031f53144e5af71b0b2a45421a303dba623a,-11.4197201460617,19.8046629329308,10
586,MC1_K2_N1_L8_SP14_P1_R04,2,WHITE,1,8,3,P1,1,8,10,0.3,45,0,0,SPECIFIED_CORRELATION,14,14,5,4,83,MC1_BASE_N1_L8_P1_R04,MC1_BASE_N1_L8_P1_R04,430100083,430200083,WHITENED_SEQUENTIAL_BEAMSPACE_EXPECTED_TOTAL_SNR,STAGE8_K2_TANGENT_WHITE_SNR_MONTE_CARLO_AND_CLOSURE_V1,ONE_SYNTHETIC_CPI,ONE_SELECTED_RANGE_DOPPLER_CELL,1,1,0,0,0,31a85cf10323dcb0ff906b98f8f0dab39e853ab81d2695b1979df50869258a07,2598d7b68904526de4933e9a722e604ebb002e354fd76008b1464ea101045331,-7.41972014606174,23.8046629329308,14
587,MC1_K2_N1_L8_SP18_P1_R04,2,WHITE,1,8,3,P1,1,8,10,0.3,45,0,0,SPECIFIED_CORRELATION,18,18,6,4,83,MC1_BASE_N1_L8_P1_R04,MC1_BASE_N1_L8_P1_R04,430100083,430200083,WHITENED_SEQUENTIAL_BEAMSPACE_EXPECTED_TOTAL_SNR,STAGE8_K2_TANGENT_WHITE_SNR_MONTE_CARLO_AND_CLOSURE_V1,ONE_SYNTHETIC_CPI,ONE_SELECTED_RANGE_DOPPLER_CELL,1,1,0,0,0,31a85cf10323dcb0ff906b98f8f0dab39e853ab81d2695b1979df50869258a07,2a5ac0fa05ba351f4ac2b7e952af682f31804b6912860e7b2d55ee8522a7f338,-3.41972014606174,27.8046629329308,18
588,MC1_K2_N1_L8_SP22_P1_R04,2,WHITE,1,8,3,P1,1,8,10,0.3,45,0,0,SPECIFIED_CORRELATION,22,22,7,4,83,MC1_BASE_N1_L8_P1_R04,MC1_BASE_N1_L8_P1_R04,430100083,430200083,WHITENED_SEQUENTIAL_BEAMSPACE_EXPECTED_TOTAL_SNR,STAGE8_K2_TANGENT_WHITE_SNR_MONTE_CARLO_AND_CLOSURE_V1,ONE_SYNTHETIC_CPI,ONE_SELECTED_RANGE_DOPPLER_CELL,1,1,0,0,0,31a85cf10323dcb0ff906b98f8f0dab39e853ab81d2695b1979df50869258a07,b80509e295f3a239fe83b8574df7112b762eca91b240487b09158e0d69679d35,0.580279853938259,31.8046629329308,22
589,MC1_K2_N1_L8_SM6_P1_R05,2,WHITE,1,8,3,P1,1,8,10,0.3,45,0,0,SPECIFIED_CORRELATION,-6,-6,1,5,84,MC1_BASE_N1_L8_P1_R05,MC1_BASE_N1_L8_P1_R05,430100084,430200084,WHITENED_SEQUENTIAL_BEAMSPACE_EXPECTED_TOTAL_SNR,STAGE8_K2_TANGENT_WHITE_SNR_MONTE_CARLO_AND_CLOSURE_V1,ONE_SYNTHETIC_CPI,ONE_SELECTED_RANGE_DOPPLER_CELL,1,1,0,0,0,31a85cf10323dcb0ff906b98f8f0dab39e853ab81d2695b1979df50869258a07,fa6aa4241ddde20b551be7471d408ddadfdb709c8b4d3d9118acf7e86fe8543f,-27.4197201460617,3.80466293293079,-6
590,MC1_K2_N1_L8_SP0_P1_R05,2,WHITE,1,8,3,P1,1,8,10,0.3,45,0,0,SPECIFIED_CORRELATION,0,0,2,5,84,MC1_BASE_N1_L8_P1_R05,MC1_BASE_N1_L8_P1_R05,430100084,430200084,WHITENED_SEQUENTIAL_BEAMSPACE_EXPECTED_TOTAL_SNR,STAGE8_K2_TANGENT_WHITE_SNR_MONTE_CARLO_AND_CLOSURE_V1,ONE_SYNTHETIC_CPI,ONE_SELECTED_RANGE_DOPPLER_CELL,1,1,0,0,0,31a85cf10323dcb0ff906b98f8f0dab39e853ab81d2695b1979df50869258a07,3dd9fa291c451ce33d2092a97cb7f06814cdbcb8f8deabbeef50e4609e58c44b,-21.4197201460617,9.80466293293078,9.64327466553287e-16
591,MC1_K2_N1_L8_SP6_P1_R05,2,WHITE,1,8,3,P1,1,8,10,0.3,45,0,0,SPECIFIED_CORRELATION,6,6,3,5,84,MC1_BASE_N1_L8_P1_R05,MC1_BASE_N1_L8_P1_R05,430100084,430200084,WHITENED_SEQUENTIAL_BEAMSPACE_EXPECTED_TOTAL_SNR,STAGE8_K2_TANGENT_WHITE_SNR_MONTE_CARLO_AND_CLOSURE_V1,ONE_SYNTHETIC_CPI,ONE_SELECTED_RANGE_DOPPLER_CELL,1,1,0,0,0,31a85cf10323dcb0ff906b98f8f0dab39e853ab81d2695b1979df50869258a07,e08d7bcbbb0c543baa6bfe6caeb8f298175010f6ce5866ff61d0e57fd1010ad8,-15.4197201460617,15.8046629329308,6
592,MC1_K2_N1_L8_SP10_P1_R05,2,WHITE,1,8,3,P1,1,8,10,0.3,45,0,0,SPECIFIED_CORRELATION,10,10,4,5,84,MC1_BASE_N1_L8_P1_R05,MC1_BASE_N1_L8_P1_R05,430100084,430200084,WHITENED_SEQUENTIAL_BEAMSPACE_EXPECTED_TOTAL_SNR,STAGE8_K2_TANGENT_WHITE_SNR_MONTE_CARLO_AND_CLOSURE_V1,ONE_SYNTHETIC_CPI,ONE_SELECTED_RANGE_DOPPLER_CELL,1,1,0,0,0,31a85cf10323dcb0ff906b98f8f0dab39e853ab81d2695b1979df50869258a07,5f2547d228216ec36f80db8703a55933295613b084441d200e8509e9929dae42,-11.4197201460617,19.8046629329308,10
593,MC1_K2_N1_L8_SP14_P1_R05,2,WHITE,1,8,3,P1,1,8,10,0.3,45,0,0,SPECIFIED_CORRELATION,14,14,5,5,84,MC1_BASE_N1_L8_P1_R05,MC1_BASE_N1_L8_P1_R05,430100084,430200084,WHITENED_SEQUENTIAL_BEAMSPACE_EXPECTED_TOTAL_SNR,STAGE8_K2_TANGENT_WHITE_SNR_MONTE_CARLO_AND_CLOSURE_V1,ONE_SYNTHETIC_CPI,ONE_SELECTED_RANGE_DOPPLER_CELL,1,1,0,0,0,31a85cf10323dcb0ff906b98f8f0dab39e853ab81d2695b1979df50869258a07,a4d50b18d79f212d90af02b5d0626e881221f832f454655495cb25a51811f5cf,-7.41972014606174,23.8046629329308,14
594,MC1_K2_N1_L8_SP18_P1_R05,2,WHITE,1,8,3,P1,1,8,10,0.3,45,0,0,SPECIFIED_CORRELATION,18,18,6,5,84,MC1_BASE_N1_L8_P1_R05,MC1_BASE_N1_L8_P1_R05,430100084,430200084,WHITENED_SEQUENTIAL_BEAMSPACE_EXPECTED_TOTAL_SNR,STAGE8_K2_TANGENT_WHITE_SNR_MONTE_CARLO_AND_CLOSURE_V1,ONE_SYNTHETIC_CPI,ONE_SELECTED_RANGE_DOPPLER_CELL,1,1,0,0,0,31a85cf10323dcb0ff906b98f8f0dab39e853ab81d2695b1979df50869258a07,77059ef9431bfc3af296f6d716a62b7c484abd92df09a57eeaaf097467c21dfa,-3.41972014606174,27.8046629329308,18
595,MC1_K2_N1_L8_SP22_P1_R05,2,WHITE,1,8,3,P1,1,8,10,0.3,45,0,0,SPECIFIED_CORRELATION,22,22,7,5,84,MC1_BASE_N1_L8_P1_R05,MC1_BASE_N1_L8_P1_R05,430100084,430200084,WHITENED_SEQUENTIAL_BEAMSPACE_EXPECTED_TOTAL_SNR,STAGE8_K2_TANGENT_WHITE_SNR_MONTE_CARLO_AND_CLOSURE_V1,ONE_SYNTHETIC_CPI,ONE_SELECTED_RANGE_DOPPLER_CELL,1,1,0,0,0,31a85cf10323dcb0ff906b98f8f0dab39e853ab81d2695b1979df50869258a07,14da3f509aab12e23cd841acce7ae174dc08d01c244a234acfc425d8e569be71,0.580279853938259,31.8046629329308,22
596,MC1_K2_N1_L8_SM6_P1_R06,2,WHITE,1,8,3,P1,1,8,10,0.3,45,0,0,SPECIFIED_CORRELATION,-6,-6,1,6,85,MC1_BASE_N1_L8_P1_R06,MC1_BASE_N1_L8_P1_R06,430100085,430200085,WHITENED_SEQUENTIAL_BEAMSPACE_EXPECTED_TOTAL_SNR,STAGE8_K2_TANGENT_WHITE_SNR_MONTE_CARLO_AND_CLOSURE_V1,ONE_SYNTHETIC_CPI,ONE_SELECTED_RANGE_DOPPLER_CELL,1,1,0,0,0,31a85cf10323dcb0ff906b98f8f0dab39e853ab81d2695b1979df50869258a07,1101b0372e1188bc7afee3550a6da274700e6099b824bdbad58660c57f687613,-27.4197201460617,3.80466293293079,-6
597,MC1_K2_N1_L8_SP0_P1_R06,2,WHITE,1,8,3,P1,1,8,10,0.3,45,0,0,SPECIFIED_CORRELATION,0,0,2,6,85,MC1_BASE_N1_L8_P1_R06,MC1_BASE_N1_L8_P1_R06,430100085,430200085,WHITENED_SEQUENTIAL_BEAMSPACE_EXPECTED_TOTAL_SNR,STAGE8_K2_TANGENT_WHITE_SNR_MONTE_CARLO_AND_CLOSURE_V1,ONE_SYNTHETIC_CPI,ONE_SELECTED_RANGE_DOPPLER_CELL,1,1,0,0,0,31a85cf10323dcb0ff906b98f8f0dab39e853ab81d2695b1979df50869258a07,14b183255e6fa83babe5d090b2bae3717fff919ba1b342937bae1218f1161ed4,-21.4197201460617,9.80466293293078,9.64327466553287e-16
598,MC1_K2_N1_L8_SP6_P1_R06,2,WHITE,1,8,3,P1,1,8,10,0.3,45,0,0,SPECIFIED_CORRELATION,6,6,3,6,85,MC1_BASE_N1_L8_P1_R06,MC1_BASE_N1_L8_P1_R06,430100085,430200085,WHITENED_SEQUENTIAL_BEAMSPACE_EXPECTED_TOTAL_SNR,STAGE8_K2_TANGENT_WHITE_SNR_MONTE_CARLO_AND_CLOSURE_V1,ONE_SYNTHETIC_CPI,ONE_SELECTED_RANGE_DOPPLER_CELL,1,1,0,0,0,31a85cf10323dcb0ff906b98f8f0dab39e853ab81d2695b1979df50869258a07,7e2f8e05aac962f676089ac647713baa00434dbd72a00a63b6a82d5fcea2eb2f,-15.4197201460617,15.8046629329308,6
599,MC1_K2_N1_L8_SP10_P1_R06,2,WHITE,1,8,3,P1,1,8,10,0.3,45,0,0,SPECIFIED_CORRELATION,10,10,4,6,85,MC1_BASE_N1_L8_P1_R06,MC1_BASE_N1_L8_P1_R06,430100085,430200085,WHITENED_SEQUENTIAL_BEAMSPACE_EXPECTED_TOTAL_SNR,STAGE8_K2_TANGENT_WHITE_SNR_MONTE_CARLO_AND_CLOSURE_V1,ONE_SYNTHETIC_CPI,ONE_SELECTED_RANGE_DOPPLER_CELL,1,1,0,0,0,31a85cf10323dcb0ff906b98f8f0dab39e853ab81d2695b1979df50869258a07,3f479d3ccf4cf88ab1383ec73a6405ec9d865192cb709121cda7a88b29bf2fbf,-11.4197201460617,19.8046629329308,10
600,MC1_K2_N1_L8_SP14_P1_R06,2,WHITE,1,8,3,P1,1,8,10,0.3,45,0,0,SPECIFIED_CORRELATION,14,14,5,6,85,MC1_BASE_N1_L8_P1_R06,MC1_BASE_N1_L8_P1_R06,430100085,430200085,WHITENED_SEQUENTIAL_BEAMSPACE_EXPECTED_TOTAL_SNR,STAGE8_K2_TANGENT_WHITE_SNR_MONTE_CARLO_AND_CLOSURE_V1,ONE_SYNTHETIC_CPI,ONE_SELECTED_RANGE_DOPPLER_CELL,1,1,0,0,0,31a85cf10323dcb0ff906b98f8f0dab39e853ab81d2695b1979df50869258a07,b25dc1c661a5a9fd74ef1743e8a00733851c85826bcb1d9133c0fcf1f4191422,-7.41972014606174,23.8046629329308,14
601,MC1_K2_N1_L8_SP18_P1_R06,2,WHITE,1,8,3,P1,1,8,10,0.3,45,0,0,SPECIFIED_CORRELATION,18,18,6,6,85,MC1_BASE_N1_L8_P1_R06,MC1_BASE_N1_L8_P1_R06,430100085,430200085,WHITENED_SEQUENTIAL_BEAMSPACE_EXPECTED_TOTAL_SNR,STAGE8_K2_TANGENT_WHITE_SNR_MONTE_CARLO_AND_CLOSURE_V1,ONE_SYNTHETIC_CPI,ONE_SELECTED_RANGE_DOPPLER_CELL,1,1,0,0,0,31a85cf10323dcb0ff906b98f8f0dab39e853ab81d2695b1979df50869258a07,60e58323ad7b3ef2d3fa3fcac57caad5403a084c8ad6480b1deeca38953cbe08,-3.41972014606174,27.8046629329308,18
602,MC1_K2_N1_L8_SP22_P1_R06,2,WHITE,1,8,3,P1,1,8,10,0.3,45,0,0,SPECIFIED_CORRELATION,22,22,7,6,85,MC1_BASE_N1_L8_P1_R06,MC1_BASE_N1_L8_P1_R06,430100085,430200085,WHITENED_SEQUENTIAL_BEAMSPACE_EXPECTED_TOTAL_SNR,STAGE8_K2_TANGENT_WHITE_SNR_MONTE_CARLO_AND_CLOSURE_V1,ONE_SYNTHETIC_CPI,ONE_SELECTED_RANGE_DOPPLER_CELL,1,1,0,0,0,31a85cf10323dcb0ff906b98f8f0dab39e853ab81d2695b1979df50869258a07,e138bdf0d3abb5e642c975e99b999b57d6625202aa039241150fe6fd9092737b,0.580279853938259,31.8046629329308,22
603,MC1_K2_N1_L8_SM6_P1_R07,2,WHITE,1,8,3,P1,1,8,10,0.3,45,0,0,SPECIFIED_CORRELATION,-6,-6,1,7,86,MC1_BASE_N1_L8_P1_R07,MC1_BASE_N1_L8_P1_R07,430100086,430200086,WHITENED_SEQUENTIAL_BEAMSPACE_EXPECTED_TOTAL_SNR,STAGE8_K2_TANGENT_WHITE_SNR_MONTE_CARLO_AND_CLOSURE_V1,ONE_SYNTHETIC_CPI,ONE_SELECTED_RANGE_DOPPLER_CELL,1,1,0,0,0,31a85cf10323dcb0ff906b98f8f0dab39e853ab81d2695b1979df50869258a07,173a888b52b20f7fe2ae01358c89ba83a66385ad26feaf7e506fb2e15487d127,-27.4197201460617,3.80466293293079,-6
604,MC1_K2_N1_L8_SP0_P1_R07,2,WHITE,1,8,3,P1,1,8,10,0.3,45,0,0,SPECIFIED_CORRELATION,0,0,2,7,86,MC1_BASE_N1_L8_P1_R07,MC1_BASE_N1_L8_P1_R07,430100086,430200086,WHITENED_SEQUENTIAL_BEAMSPACE_EXPECTED_TOTAL_SNR,STAGE8_K2_TANGENT_WHITE_SNR_MONTE_CARLO_AND_CLOSURE_V1,ONE_SYNTHETIC_CPI,ONE_SELECTED_RANGE_DOPPLER_CELL,1,1,0,0,0,31a85cf10323dcb0ff906b98f8f0dab39e853ab81d2695b1979df50869258a07,5efc96565c04dccfd3176303d5325425995fbfcc33bcb696cde0c2d5770daa68,-21.4197201460617,9.80466293293078,9.64327466553287e-16
605,MC1_K2_N1_L8_SP6_P1_R07,2,WHITE,1,8,3,P1,1,8,10,0.3,45,0,0,SPECIFIED_CORRELATION,6,6,3,7,86,MC1_BASE_N1_L8_P1_R07,MC1_BASE_N1_L8_P1_R07,430100086,430200086,WHITENED_SEQUENTIAL_BEAMSPACE_EXPECTED_TOTAL_SNR,STAGE8_K2_TANGENT_WHITE_SNR_MONTE_CARLO_AND_CLOSURE_V1,ONE_SYNTHETIC_CPI,ONE_SELECTED_RANGE_DOPPLER_CELL,1,1,0,0,0,31a85cf10323dcb0ff906b98f8f0dab39e853ab81d2695b1979df50869258a07,294d14aac90bd3d8b14618313a68be5a3a37b2ded2046ee04c81c74046bf4e2d,-15.4197201460617,15.8046629329308,6
606,MC1_K2_N1_L8_SP10_P1_R07,2,WHITE,1,8,3,P1,1,8,10,0.3,45,0,0,SPECIFIED_CORRELATION,10,10,4,7,86,MC1_BASE_N1_L8_P1_R07,MC1_BASE_N1_L8_P1_R07,430100086,430200086,WHITENED_SEQUENTIAL_BEAMSPACE_EXPECTED_TOTAL_SNR,STAGE8_K2_TANGENT_WHITE_SNR_MONTE_CARLO_AND_CLOSURE_V1,ONE_SYNTHETIC_CPI,ONE_SELECTED_RANGE_DOPPLER_CELL,1,1,0,0,0,31a85cf10323dcb0ff906b98f8f0dab39e853ab81d2695b1979df50869258a07,b7af2d6b409eb512c738da9c128de44026eef2523c1e4b026e509088400c0ed3,-11.4197201460617,19.8046629329308,10
607,MC1_K2_N1_L8_SP14_P1_R07,2,WHITE,1,8,3,P1,1,8,10,0.3,45,0,0,SPECIFIED_CORRELATION,14,14,5,7,86,MC1_BASE_N1_L8_P1_R07,MC1_BASE_N1_L8_P1_R07,430100086,430200086,WHITENED_SEQUENTIAL_BEAMSPACE_EXPECTED_TOTAL_SNR,STAGE8_K2_TANGENT_WHITE_SNR_MONTE_CARLO_AND_CLOSURE_V1,ONE_SYNTHETIC_CPI,ONE_SELECTED_RANGE_DOPPLER_CELL,1,1,0,0,0,31a85cf10323dcb0ff906b98f8f0dab39e853ab81d2695b1979df50869258a07,20dd49ee7a7b429056f5ce2d1fdee30e5c5e2f43f75a0aae94980978c5a21a5b,-7.41972014606174,23.8046629329308,14
608,MC1_K2_N1_L8_SP18_P1_R07,2,WHITE,1,8,3,P1,1,8,10,0.3,45,0,0,SPECIFIED_CORRELATION,18,18,6,7,86,MC1_BASE_N1_L8_P1_R07,MC1_BASE_N1_L8_P1_R07,430100086,430200086,WHITENED_SEQUENTIAL_BEAMSPACE_EXPECTED_TOTAL_SNR,STAGE8_K2_TANGENT_WHITE_SNR_MONTE_CARLO_AND_CLOSURE_V1,ONE_SYNTHETIC_CPI,ONE_SELECTED_RANGE_DOPPLER_CELL,1,1,0,0,0,31a85cf10323dcb0ff906b98f8f0dab39e853ab81d2695b1979df50869258a07,11aff563cc3ef594f42cdcebbb41c0fb07917b77ffcf857e8ce7268974a64c68,-3.41972014606174,27.8046629329308,18
609,MC1_K2_N1_L8_SP22_P1_R07,2,WHITE,1,8,3,P1,1,8,10,0.3,45,0,0,SPECIFIED_CORRELATION,22,22,7,7,86,MC1_BASE_N1_L8_P1_R07,MC1_BASE_N1_L8_P1_R07,430100086,430200086,WHITENED_SEQUENTIAL_BEAMSPACE_EXPECTED_TOTAL_SNR,STAGE8_K2_TANGENT_WHITE_SNR_MONTE_CARLO_AND_CLOSURE_V1,ONE_SYNTHETIC_CPI,ONE_SELECTED_RANGE_DOPPLER_CELL,1,1,0,0,0,31a85cf10323dcb0ff906b98f8f0dab39e853ab81d2695b1979df50869258a07,c29cfe9546f70b14742ac82d8a480702d6a444ae0e42c7e4f5eeb10f320af0fa,0.580279853938259,31.8046629329308,22
610,MC1_K2_N1_L8_SM6_P1_R08,2,WHITE,1,8,3,P1,1,8,10,0.3,45,0,0,SPECIFIED_CORRELATION,-6,-6,1,8,87,MC1_BASE_N1_L8_P1_R08,MC1_BASE_N1_L8_P1_R08,430100087,430200087,WHITENED_SEQUENTIAL_BEAMSPACE_EXPECTED_TOTAL_SNR,STAGE8_K2_TANGENT_WHITE_SNR_MONTE_CARLO_AND_CLOSURE_V1,ONE_SYNTHETIC_CPI,ONE_SELECTED_RANGE_DOPPLER_CELL,1,1,0,0,0,31a85cf10323dcb0ff906b98f8f0dab39e853ab81d2695b1979df50869258a07,ac38fe1969e209053a4d5f062fddc2f302842a6f966d4548e498680488352e28,-27.4197201460617,3.80466293293079,-6
611,MC1_K2_N1_L8_SP0_P1_R08,2,WHITE,1,8,3,P1,1,8,10,0.3,45,0,0,SPECIFIED_CORRELATION,0,0,2,8,87,MC1_BASE_N1_L8_P1_R08,MC1_BASE_N1_L8_P1_R08,430100087,430200087,WHITENED_SEQUENTIAL_BEAMSPACE_EXPECTED_TOTAL_SNR,STAGE8_K2_TANGENT_WHITE_SNR_MONTE_CARLO_AND_CLOSURE_V1,ONE_SYNTHETIC_CPI,ONE_SELECTED_RANGE_DOPPLER_CELL,1,1,0,0,0,31a85cf10323dcb0ff906b98f8f0dab39e853ab81d2695b1979df50869258a07,bfb675b5204b6959b806238dacaab4fb6be54c6fa1da561cae5fe141dd54710b,-21.4197201460617,9.80466293293078,9.64327466553287e-16
612,MC1_K2_N1_L8_SP6_P1_R08,2,WHITE,1,8,3,P1,1,8,10,0.3,45,0,0,SPECIFIED_CORRELATION,6,6,3,8,87,MC1_BASE_N1_L8_P1_R08,MC1_BASE_N1_L8_P1_R08,430100087,430200087,WHITENED_SEQUENTIAL_BEAMSPACE_EXPECTED_TOTAL_SNR,STAGE8_K2_TANGENT_WHITE_SNR_MONTE_CARLO_AND_CLOSURE_V1,ONE_SYNTHETIC_CPI,ONE_SELECTED_RANGE_DOPPLER_CELL,1,1,0,0,0,31a85cf10323dcb0ff906b98f8f0dab39e853ab81d2695b1979df50869258a07,919d45d5b73bf2e3486c0b69b2dcbcdd4b23cd50912b635ab51dd97afd0ebc3b,-15.4197201460617,15.8046629329308,6
613,MC1_K2_N1_L8_SP10_P1_R08,2,WHITE,1,8,3,P1,1,8,10,0.3,45,0,0,SPECIFIED_CORRELATION,10,10,4,8,87,MC1_BASE_N1_L8_P1_R08,MC1_BASE_N1_L8_P1_R08,430100087,430200087,WHITENED_SEQUENTIAL_BEAMSPACE_EXPECTED_TOTAL_SNR,STAGE8_K2_TANGENT_WHITE_SNR_MONTE_CARLO_AND_CLOSURE_V1,ONE_SYNTHETIC_CPI,ONE_SELECTED_RANGE_DOPPLER_CELL,1,1,0,0,0,31a85cf10323dcb0ff906b98f8f0dab39e853ab81d2695b1979df50869258a07,cd6f38b7537089cf073ba7a45f8b2e5a3ee4d98b5a9dcdd7fe20e3f95a977518,-11.4197201460617,19.8046629329308,10
614,MC1_K2_N1_L8_SP14_P1_R08,2,WHITE,1,8,3,P1,1,8,10,0.3,45,0,0,SPECIFIED_CORRELATION,14,14,5,8,87,MC1_BASE_N1_L8_P1_R08,MC1_BASE_N1_L8_P1_R08,430100087,430200087,WHITENED_SEQUENTIAL_BEAMSPACE_EXPECTED_TOTAL_SNR,STAGE8_K2_TANGENT_WHITE_SNR_MONTE_CARLO_AND_CLOSURE_V1,ONE_SYNTHETIC_CPI,ONE_SELECTED_RANGE_DOPPLER_CELL,1,1,0,0,0,31a85cf10323dcb0ff906b98f8f0dab39e853ab81d2695b1979df50869258a07,20777c5d4cea4dea5209bd2512eb4d3d96994d71523d2287a6731d4b9fbf79b4,-7.41972014606174,23.8046629329308,14
615,MC1_K2_N1_L8_SP18_P1_R08,2,WHITE,1,8,3,P1,1,8,10,0.3,45,0,0,SPECIFIED_CORRELATION,18,18,6,8,87,MC1_BASE_N1_L8_P1_R08,MC1_BASE_N1_L8_P1_R08,430100087,430200087,WHITENED_SEQUENTIAL_BEAMSPACE_EXPECTED_TOTAL_SNR,STAGE8_K2_TANGENT_WHITE_SNR_MONTE_CARLO_AND_CLOSURE_V1,ONE_SYNTHETIC_CPI,ONE_SELECTED_RANGE_DOPPLER_CELL,1,1,0,0,0,31a85cf10323dcb0ff906b98f8f0dab39e853ab81d2695b1979df50869258a07,687f68d7d5b375e4ad6554c5c82e3c239ec0ecef5d9b4ed1b776d53ec686ca55,-3.41972014606174,27.8046629329308,18
616,MC1_K2_N1_L8_SP22_P1_R08,2,WHITE,1,8,3,P1,1,8,10,0.3,45,0,0,SPECIFIED_CORRELATION,22,22,7,8,87,MC1_BASE_N1_L8_P1_R08,MC1_BASE_N1_L8_P1_R08,430100087,430200087,WHITENED_SEQUENTIAL_BEAMSPACE_EXPECTED_TOTAL_SNR,STAGE8_K2_TANGENT_WHITE_SNR_MONTE_CARLO_AND_CLOSURE_V1,ONE_SYNTHETIC_CPI,ONE_SELECTED_RANGE_DOPPLER_CELL,1,1,0,0,0,31a85cf10323dcb0ff906b98f8f0dab39e853ab81d2695b1979df50869258a07,061c41da76c74eccc50891d124a273424bf0c09202521720498de96ca0795843,0.580279853938259,31.8046629329308,22
617,MC1_K2_N1_L8_SM6_P1_R09,2,WHITE,1,8,3,P1,1,8,10,0.3,45,0,0,SPECIFIED_CORRELATION,-6,-6,1,9,88,MC1_BASE_N1_L8_P1_R09,MC1_BASE_N1_L8_P1_R09,430100088,430200088,WHITENED_SEQUENTIAL_BEAMSPACE_EXPECTED_TOTAL_SNR,STAGE8_K2_TANGENT_WHITE_SNR_MONTE_CARLO_AND_CLOSURE_V1,ONE_SYNTHETIC_CPI,ONE_SELECTED_RANGE_DOPPLER_CELL,1,1,0,0,0,31a85cf10323dcb0ff906b98f8f0dab39e853ab81d2695b1979df50869258a07,a4373849343a77106b276ee37caec7236f5a0b7f954054272428374953309f14,-27.4197201460617,3.80466293293079,-6
618,MC1_K2_N1_L8_SP0_P1_R09,2,WHITE,1,8,3,P1,1,8,10,0.3,45,0,0,SPECIFIED_CORRELATION,0,0,2,9,88,MC1_BASE_N1_L8_P1_R09,MC1_BASE_N1_L8_P1_R09,430100088,430200088,WHITENED_SEQUENTIAL_BEAMSPACE_EXPECTED_TOTAL_SNR,STAGE8_K2_TANGENT_WHITE_SNR_MONTE_CARLO_AND_CLOSURE_V1,ONE_SYNTHETIC_CPI,ONE_SELECTED_RANGE_DOPPLER_CELL,1,1,0,0,0,31a85cf10323dcb0ff906b98f8f0dab39e853ab81d2695b1979df50869258a07,029885a6ac2c13366ebb7c98e3e052f85ed7720d23b695cb4864473399568650,-21.4197201460617,9.80466293293078,9.64327466553287e-16
619,MC1_K2_N1_L8_SP6_P1_R09,2,WHITE,1,8,3,P1,1,8,10,0.3,45,0,0,SPECIFIED_CORRELATION,6,6,3,9,88,MC1_BASE_N1_L8_P1_R09,MC1_BASE_N1_L8_P1_R09,430100088,430200088,WHITENED_SEQUENTIAL_BEAMSPACE_EXPECTED_TOTAL_SNR,STAGE8_K2_TANGENT_WHITE_SNR_MONTE_CARLO_AND_CLOSURE_V1,ONE_SYNTHETIC_CPI,ONE_SELECTED_RANGE_DOPPLER_CELL,1,1,0,0,0,31a85cf10323dcb0ff906b98f8f0dab39e853ab81d2695b1979df50869258a07,b7427de805ce49520236de261658515505cb408e9260ae5ebc7a924702013d57,-15.4197201460617,15.8046629329308,6
620,MC1_K2_N1_L8_SP10_P1_R09,2,WHITE,1,8,3,P1,1,8,10,0.3,45,0,0,SPECIFIED_CORRELATION,10,10,4,9,88,MC1_BASE_N1_L8_P1_R09,MC1_BASE_N1_L8_P1_R09,430100088,430200088,WHITENED_SEQUENTIAL_BEAMSPACE_EXPECTED_TOTAL_SNR,STAGE8_K2_TANGENT_WHITE_SNR_MONTE_CARLO_AND_CLOSURE_V1,ONE_SYNTHETIC_CPI,ONE_SELECTED_RANGE_DOPPLER_CELL,1,1,0,0,0,31a85cf10323dcb0ff906b98f8f0dab39e853ab81d2695b1979df50869258a07,b6905d21038aaf0dc6d3ab751524528349dd5e2edaaa3bce2b1811387aed7234,-11.4197201460617,19.8046629329308,10
621,MC1_K2_N1_L8_SP14_P1_R09,2,WHITE,1,8,3,P1,1,8,10,0.3,45,0,0,SPECIFIED_CORRELATION,14,14,5,9,88,MC1_BASE_N1_L8_P1_R09,MC1_BASE_N1_L8_P1_R09,430100088,430200088,WHITENED_SEQUENTIAL_BEAMSPACE_EXPECTED_TOTAL_SNR,STAGE8_K2_TANGENT_WHITE_SNR_MONTE_CARLO_AND_CLOSURE_V1,ONE_SYNTHETIC_CPI,ONE_SELECTED_RANGE_DOPPLER_CELL,1,1,0,0,0,31a85cf10323dcb0ff906b98f8f0dab39e853ab81d2695b1979df50869258a07,e6a3835efa02fc97db79ec2f8aefb9911308e28574bb6ba4746ec30ba07f2591,-7.41972014606174,23.8046629329308,14
622,MC1_K2_N1_L8_SP18_P1_R09,2,WHITE,1,8,3,P1,1,8,10,0.3,45,0,0,SPECIFIED_CORRELATION,18,18,6,9,88,MC1_BASE_N1_L8_P1_R09,MC1_BASE_N1_L8_P1_R09,430100088,430200088,WHITENED_SEQUENTIAL_BEAMSPACE_EXPECTED_TOTAL_SNR,STAGE8_K2_TANGENT_WHITE_SNR_MONTE_CARLO_AND_CLOSURE_V1,ONE_SYNTHETIC_CPI,ONE_SELECTED_RANGE_DOPPLER_CELL,1,1,0,0,0,31a85cf10323dcb0ff906b98f8f0dab39e853ab81d2695b1979df50869258a07,c014454fe3be6f2eba235b46aa8aaa77acbc01276aec8d53764cbaa778d0b7f6,-3.41972014606174,27.8046629329308,18
623,MC1_K2_N1_L8_SP22_P1_R09,2,WHITE,1,8,3,P1,1,8,10,0.3,45,0,0,SPECIFIED_CORRELATION,22,22,7,9,88,MC1_BASE_N1_L8_P1_R09,MC1_BASE_N1_L8_P1_R09,430100088,430200088,WHITENED_SEQUENTIAL_BEAMSPACE_EXPECTED_TOTAL_SNR,STAGE8_K2_TANGENT_WHITE_SNR_MONTE_CARLO_AND_CLOSURE_V1,ONE_SYNTHETIC_CPI,ONE_SELECTED_RANGE_DOPPLER_CELL,1,1,0,0,0,31a85cf10323dcb0ff906b98f8f0dab39e853ab81d2695b1979df50869258a07,277833cfcc5f8304c1728ca610f0655208546ba511c3f5953db73288d5126aba,0.580279853938259,31.8046629329308,22
624,MC1_K2_N1_L8_SM6_P1_R10,2,WHITE,1,8,3,P1,1,8,10,0.3,45,0,0,SPECIFIED_CORRELATION,-6,-6,1,10,89,MC1_BASE_N1_L8_P1_R10,MC1_BASE_N1_L8_P1_R10,430100089,430200089,WHITENED_SEQUENTIAL_BEAMSPACE_EXPECTED_TOTAL_SNR,STAGE8_K2_TANGENT_WHITE_SNR_MONTE_CARLO_AND_CLOSURE_V1,ONE_SYNTHETIC_CPI,ONE_SELECTED_RANGE_DOPPLER_CELL,1,1,0,0,0,31a85cf10323dcb0ff906b98f8f0dab39e853ab81d2695b1979df50869258a07,79730eec90bc80caba4a002791f93000af99970a942baae711dc4b12b6a43b2b,-27.4197201460617,3.80466293293079,-6
625,MC1_K2_N1_L8_SP0_P1_R10,2,WHITE,1,8,3,P1,1,8,10,0.3,45,0,0,SPECIFIED_CORRELATION,0,0,2,10,89,MC1_BASE_N1_L8_P1_R10,MC1_BASE_N1_L8_P1_R10,430100089,430200089,WHITENED_SEQUENTIAL_BEAMSPACE_EXPECTED_TOTAL_SNR,STAGE8_K2_TANGENT_WHITE_SNR_MONTE_CARLO_AND_CLOSURE_V1,ONE_SYNTHETIC_CPI,ONE_SELECTED_RANGE_DOPPLER_CELL,1,1,0,0,0,31a85cf10323dcb0ff906b98f8f0dab39e853ab81d2695b1979df50869258a07,f60ede1f9e3a7dabb5419462303ca2d8c397c0a5bc0aa39079274972be644e2a,-21.4197201460617,9.80466293293078,9.64327466553287e-16
626,MC1_K2_N1_L8_SP6_P1_R10,2,WHITE,1,8,3,P1,1,8,10,0.3,45,0,0,SPECIFIED_CORRELATION,6,6,3,10,89,MC1_BASE_N1_L8_P1_R10,MC1_BASE_N1_L8_P1_R10,430100089,430200089,WHITENED_SEQUENTIAL_BEAMSPACE_EXPECTED_TOTAL_SNR,STAGE8_K2_TANGENT_WHITE_SNR_MONTE_CARLO_AND_CLOSURE_V1,ONE_SYNTHETIC_CPI,ONE_SELECTED_RANGE_DOPPLER_CELL,1,1,0,0,0,31a85cf10323dcb0ff906b98f8f0dab39e853ab81d2695b1979df50869258a07,f999644cdcf4eef42fb0a9878112847c655f0492392444487e62b6bc56637d1f,-15.4197201460617,15.8046629329308,6
627,MC1_K2_N1_L8_SP10_P1_R10,2,WHITE,1,8,3,P1,1,8,10,0.3,45,0,0,SPECIFIED_CORRELATION,10,10,4,10,89,MC1_BASE_N1_L8_P1_R10,MC1_BASE_N1_L8_P1_R10,430100089,430200089,WHITENED_SEQUENTIAL_BEAMSPACE_EXPECTED_TOTAL_SNR,STAGE8_K2_TANGENT_WHITE_SNR_MONTE_CARLO_AND_CLOSURE_V1,ONE_SYNTHETIC_CPI,ONE_SELECTED_RANGE_DOPPLER_CELL,1,1,0,0,0,31a85cf10323dcb0ff906b98f8f0dab39e853ab81d2695b1979df50869258a07,a04b9209129dd484574c3a6d0be611db95b3d8e4a57cc7c708924696c2f5ffca,-11.4197201460617,19.8046629329308,10
628,MC1_K2_N1_L8_SP14_P1_R10,2,WHITE,1,8,3,P1,1,8,10,0.3,45,0,0,SPECIFIED_CORRELATION,14,14,5,10,89,MC1_BASE_N1_L8_P1_R10,MC1_BASE_N1_L8_P1_R10,430100089,430200089,WHITENED_SEQUENTIAL_BEAMSPACE_EXPECTED_TOTAL_SNR,STAGE8_K2_TANGENT_WHITE_SNR_MONTE_CARLO_AND_CLOSURE_V1,ONE_SYNTHETIC_CPI,ONE_SELECTED_RANGE_DOPPLER_CELL,1,1,0,0,0,31a85cf10323dcb0ff906b98f8f0dab39e853ab81d2695b1979df50869258a07,cff7abb6bbf574217f66784f2dc6dc059cc55b5af1b89d2c9a429885345dcfcc,-7.41972014606174,23.8046629329308,14
629,MC1_K2_N1_L8_SP18_P1_R10,2,WHITE,1,8,3,P1,1,8,10,0.3,45,0,0,SPECIFIED_CORRELATION,18,18,6,10,89,MC1_BASE_N1_L8_P1_R10,MC1_BASE_N1_L8_P1_R10,430100089,430200089,WHITENED_SEQUENTIAL_BEAMSPACE_EXPECTED_TOTAL_SNR,STAGE8_K2_TANGENT_WHITE_SNR_MONTE_CARLO_AND_CLOSURE_V1,ONE_SYNTHETIC_CPI,ONE_SELECTED_RANGE_DOPPLER_CELL,1,1,0,0,0,31a85cf10323dcb0ff906b98f8f0dab39e853ab81d2695b1979df50869258a07,ecc908486fb3754958ca8d78f00a35a8fa710b9cde1dc00506c1f32c0c82ad0c,-3.41972014606174,27.8046629329308,18
630,MC1_K2_N1_L8_SP22_P1_R10,2,WHITE,1,8,3,P1,1,8,10,0.3,45,0,0,SPECIFIED_CORRELATION,22,22,7,10,89,MC1_BASE_N1_L8_P1_R10,MC1_BASE_N1_L8_P1_R10,430100089,430200089,WHITENED_SEQUENTIAL_BEAMSPACE_EXPECTED_TOTAL_SNR,STAGE8_K2_TANGENT_WHITE_SNR_MONTE_CARLO_AND_CLOSURE_V1,ONE_SYNTHETIC_CPI,ONE_SELECTED_RANGE_DOPPLER_CELL,1,1,0,0,0,31a85cf10323dcb0ff906b98f8f0dab39e853ab81d2695b1979df50869258a07,f20780c9a44ea83fa174f9cdc515a1b9ab4d37d33d8f615c1d58602d3ee1685b,0.580279853938259,31.8046629329308,22
631,MC1_K2_N1_L8_SM6_P2_R01,2,WHITE,1,8,3,P2,2,8.2,10,0.2,0,-6,0,SPECIFIED_CORRELATION,-6,-6,1,1,90,MC1_BASE_N1_L8_P2_R01,MC1_BASE_N1_L8_P2_R01,430100090,430200090,WHITENED_SEQUENTIAL_BEAMSPACE_EXPECTED_TOTAL_SNR,STAGE8_K2_TANGENT_WHITE_SNR_MONTE_CARLO_AND_CLOSURE_V1,ONE_SYNTHETIC_CPI,ONE_SELECTED_RANGE_DOPPLER_CELL,1,1,0,0,0,31a85cf10323dcb0ff906b98f8f0dab39e853ab81d2695b1979df50869258a07,01694e4b408f496aa344d921eec1c327132bfa3b3e9a30ed5da3a129df430b36,-27.4197207417143,3.80240599493617,-6
632,MC1_K2_N1_L8_SP0_P2_R01,2,WHITE,1,8,3,P2,2,8.2,10,0.2,0,-6,0,SPECIFIED_CORRELATION,0,0,2,1,90,MC1_BASE_N1_L8_P2_R01,MC1_BASE_N1_L8_P2_R01,430100090,430200090,WHITENED_SEQUENTIAL_BEAMSPACE_EXPECTED_TOTAL_SNR,STAGE8_K2_TANGENT_WHITE_SNR_MONTE_CARLO_AND_CLOSURE_V1,ONE_SYNTHETIC_CPI,ONE_SELECTED_RANGE_DOPPLER_CELL,1,1,0,0,0,31a85cf10323dcb0ff906b98f8f0dab39e853ab81d2695b1979df50869258a07,444a6641a126d836117fe1c6a77db85c8822de34237ff8a293e465f514b8dfb2,-21.4197207417143,9.80240599493617,1.92865493310657e-15
633,MC1_K2_N1_L8_SP6_P2_R01,2,WHITE,1,8,3,P2,2,8.2,10,0.2,0,-6,0,SPECIFIED_CORRELATION,6,6,3,1,90,MC1_BASE_N1_L8_P2_R01,MC1_BASE_N1_L8_P2_R01,430100090,430200090,WHITENED_SEQUENTIAL_BEAMSPACE_EXPECTED_TOTAL_SNR,STAGE8_K2_TANGENT_WHITE_SNR_MONTE_CARLO_AND_CLOSURE_V1,ONE_SYNTHETIC_CPI,ONE_SELECTED_RANGE_DOPPLER_CELL,1,1,0,0,0,31a85cf10323dcb0ff906b98f8f0dab39e853ab81d2695b1979df50869258a07,aa84bb1fbc7e261d9216e885ef443272ba5d0e0e096890a3f387590799e4b8c0,-15.4197207417143,15.8024059949362,6
634,MC1_K2_N1_L8_SP10_P2_R01,2,WHITE,1,8,3,P2,2,8.2,10,0.2,0,-6,0,SPECIFIED_CORRELATION,10,10,4,1,90,MC1_BASE_N1_L8_P2_R01,MC1_BASE_N1_L8_P2_R01,430100090,430200090,WHITENED_SEQUENTIAL_BEAMSPACE_EXPECTED_TOTAL_SNR,STAGE8_K2_TANGENT_WHITE_SNR_MONTE_CARLO_AND_CLOSURE_V1,ONE_SYNTHETIC_CPI,ONE_SELECTED_RANGE_DOPPLER_CELL,1,1,0,0,0,31a85cf10323dcb0ff906b98f8f0dab39e853ab81d2695b1979df50869258a07,8c7e1f9f32e005532c84fc734b67194a8d45c2d4e1456be33ed51e936e53f4e1,-11.4197207417143,19.8024059949362,10
635,MC1_K2_N1_L8_SP14_P2_R01,2,WHITE,1,8,3,P2,2,8.2,10,0.2,0,-6,0,SPECIFIED_CORRELATION,14,14,5,1,90,MC1_BASE_N1_L8_P2_R01,MC1_BASE_N1_L8_P2_R01,430100090,430200090,WHITENED_SEQUENTIAL_BEAMSPACE_EXPECTED_TOTAL_SNR,STAGE8_K2_TANGENT_WHITE_SNR_MONTE_CARLO_AND_CLOSURE_V1,ONE_SYNTHETIC_CPI,ONE_SELECTED_RANGE_DOPPLER_CELL,1,1,0,0,0,31a85cf10323dcb0ff906b98f8f0dab39e853ab81d2695b1979df50869258a07,2e41a6146fd91df29dfa3ed9dd53a9773360907ff170cbca078611ad9d9ea5f2,-7.41972074171432,23.8024059949362,14
636,MC1_K2_N1_L8_SP18_P2_R01,2,WHITE,1,8,3,P2,2,8.2,10,0.2,0,-6,0,SPECIFIED_CORRELATION,18,18,6,1,90,MC1_BASE_N1_L8_P2_R01,MC1_BASE_N1_L8_P2_R01,430100090,430200090,WHITENED_SEQUENTIAL_BEAMSPACE_EXPECTED_TOTAL_SNR,STAGE8_K2_TANGENT_WHITE_SNR_MONTE_CARLO_AND_CLOSURE_V1,ONE_SYNTHETIC_CPI,ONE_SELECTED_RANGE_DOPPLER_CELL,1,1,0,0,0,31a85cf10323dcb0ff906b98f8f0dab39e853ab81d2695b1979df50869258a07,5eb22567e96b826d21a549f1ec84049851cf51555be67968b6398d5324fb97e3,-3.41972074171432,27.8024059949362,18
637,MC1_K2_N1_L8_SP22_P2_R01,2,WHITE,1,8,3,P2,2,8.2,10,0.2,0,-6,0,SPECIFIED_CORRELATION,22,22,7,1,90,MC1_BASE_N1_L8_P2_R01,MC1_BASE_N1_L8_P2_R01,430100090,430200090,WHITENED_SEQUENTIAL_BEAMSPACE_EXPECTED_TOTAL_SNR,STAGE8_K2_TANGENT_WHITE_SNR_MONTE_CARLO_AND_CLOSURE_V1,ONE_SYNTHETIC_CPI,ONE_SELECTED_RANGE_DOPPLER_CELL,1,1,0,0,0,31a85cf10323dcb0ff906b98f8f0dab39e853ab81d2695b1979df50869258a07,656c7615b6974b7079331cc6e07acc0e485fd39fc3d7ff5b272f381e0490bc71,0.58027925828568,31.8024059949362,22
638,MC1_K2_N1_L8_SM6_P2_R02,2,WHITE,1,8,3,P2,2,8.2,10,0.2,0,-6,0,SPECIFIED_CORRELATION,-6,-6,1,2,91,MC1_BASE_N1_L8_P2_R02,MC1_BASE_N1_L8_P2_R02,430100091,430200091,WHITENED_SEQUENTIAL_BEAMSPACE_EXPECTED_TOTAL_SNR,STAGE8_K2_TANGENT_WHITE_SNR_MONTE_CARLO_AND_CLOSURE_V1,ONE_SYNTHETIC_CPI,ONE_SELECTED_RANGE_DOPPLER_CELL,1,1,0,0,0,31a85cf10323dcb0ff906b98f8f0dab39e853ab81d2695b1979df50869258a07,4a2500f6e6b6256c025ae1dac556b3965bcc86a45e2ea982aab752a4ceda78b3,-27.4197207417143,3.80240599493617,-6
639,MC1_K2_N1_L8_SP0_P2_R02,2,WHITE,1,8,3,P2,2,8.2,10,0.2,0,-6,0,SPECIFIED_CORRELATION,0,0,2,2,91,MC1_BASE_N1_L8_P2_R02,MC1_BASE_N1_L8_P2_R02,430100091,430200091,WHITENED_SEQUENTIAL_BEAMSPACE_EXPECTED_TOTAL_SNR,STAGE8_K2_TANGENT_WHITE_SNR_MONTE_CARLO_AND_CLOSURE_V1,ONE_SYNTHETIC_CPI,ONE_SELECTED_RANGE_DOPPLER_CELL,1,1,0,0,0,31a85cf10323dcb0ff906b98f8f0dab39e853ab81d2695b1979df50869258a07,c0f77de57db9e035e1f630031011b7c1d3c1f5d21b132ea974e8d6c6af47989e,-21.4197207417143,9.80240599493617,1.92865493310657e-15
640,MC1_K2_N1_L8_SP6_P2_R02,2,WHITE,1,8,3,P2,2,8.2,10,0.2,0,-6,0,SPECIFIED_CORRELATION,6,6,3,2,91,MC1_BASE_N1_L8_P2_R02,MC1_BASE_N1_L8_P2_R02,430100091,430200091,WHITENED_SEQUENTIAL_BEAMSPACE_EXPECTED_TOTAL_SNR,STAGE8_K2_TANGENT_WHITE_SNR_MONTE_CARLO_AND_CLOSURE_V1,ONE_SYNTHETIC_CPI,ONE_SELECTED_RANGE_DOPPLER_CELL,1,1,0,0,0,31a85cf10323dcb0ff906b98f8f0dab39e853ab81d2695b1979df50869258a07,9eaa29275846955c0508f4f80e6323d137110c8f4625c8df90bf8f056f209f3c,-15.4197207417143,15.8024059949362,6
641,MC1_K2_N1_L8_SP10_P2_R02,2,WHITE,1,8,3,P2,2,8.2,10,0.2,0,-6,0,SPECIFIED_CORRELATION,10,10,4,2,91,MC1_BASE_N1_L8_P2_R02,MC1_BASE_N1_L8_P2_R02,430100091,430200091,WHITENED_SEQUENTIAL_BEAMSPACE_EXPECTED_TOTAL_SNR,STAGE8_K2_TANGENT_WHITE_SNR_MONTE_CARLO_AND_CLOSURE_V1,ONE_SYNTHETIC_CPI,ONE_SELECTED_RANGE_DOPPLER_CELL,1,1,0,0,0,31a85cf10323dcb0ff906b98f8f0dab39e853ab81d2695b1979df50869258a07,cd4d9d346bfacf179be4f192e84a22780536321bfc2745bc4100ccff51d7a87f,-11.4197207417143,19.8024059949362,10
642,MC1_K2_N1_L8_SP14_P2_R02,2,WHITE,1,8,3,P2,2,8.2,10,0.2,0,-6,0,SPECIFIED_CORRELATION,14,14,5,2,91,MC1_BASE_N1_L8_P2_R02,MC1_BASE_N1_L8_P2_R02,430100091,430200091,WHITENED_SEQUENTIAL_BEAMSPACE_EXPECTED_TOTAL_SNR,STAGE8_K2_TANGENT_WHITE_SNR_MONTE_CARLO_AND_CLOSURE_V1,ONE_SYNTHETIC_CPI,ONE_SELECTED_RANGE_DOPPLER_CELL,1,1,0,0,0,31a85cf10323dcb0ff906b98f8f0dab39e853ab81d2695b1979df50869258a07,4ce3b593b31ac397cb94e1cf6089a610fa433b3aacf2a2677975dea6b1ae564d,-7.41972074171432,23.8024059949362,14
643,MC1_K2_N1_L8_SP18_P2_R02,2,WHITE,1,8,3,P2,2,8.2,10,0.2,0,-6,0,SPECIFIED_CORRELATION,18,18,6,2,91,MC1_BASE_N1_L8_P2_R02,MC1_BASE_N1_L8_P2_R02,430100091,430200091,WHITENED_SEQUENTIAL_BEAMSPACE_EXPECTED_TOTAL_SNR,STAGE8_K2_TANGENT_WHITE_SNR_MONTE_CARLO_AND_CLOSURE_V1,ONE_SYNTHETIC_CPI,ONE_SELECTED_RANGE_DOPPLER_CELL,1,1,0,0,0,31a85cf10323dcb0ff906b98f8f0dab39e853ab81d2695b1979df50869258a07,83679e4ac3f33d7b36fedce4582b355cc99aa38c4a4c457ecbc5b7336aa16c14,-3.41972074171432,27.8024059949362,18
644,MC1_K2_N1_L8_SP22_P2_R02,2,WHITE,1,8,3,P2,2,8.2,10,0.2,0,-6,0,SPECIFIED_CORRELATION,22,22,7,2,91,MC1_BASE_N1_L8_P2_R02,MC1_BASE_N1_L8_P2_R02,430100091,430200091,WHITENED_SEQUENTIAL_BEAMSPACE_EXPECTED_TOTAL_SNR,STAGE8_K2_TANGENT_WHITE_SNR_MONTE_CARLO_AND_CLOSURE_V1,ONE_SYNTHETIC_CPI,ONE_SELECTED_RANGE_DOPPLER_CELL,1,1,0,0,0,31a85cf10323dcb0ff906b98f8f0dab39e853ab81d2695b1979df50869258a07,a5b1427bdebfd09afb27f61ab0a7b8514260f97ee30b7043efc7b15afa523658,0.58027925828568,31.8024059949362,22
645,MC1_K2_N1_L8_SM6_P2_R03,2,WHITE,1,8,3,P2,2,8.2,10,0.2,0,-6,0,SPECIFIED_CORRELATION,-6,-6,1,3,92,MC1_BASE_N1_L8_P2_R03,MC1_BASE_N1_L8_P2_R03,430100092,430200092,WHITENED_SEQUENTIAL_BEAMSPACE_EXPECTED_TOTAL_SNR,STAGE8_K2_TANGENT_WHITE_SNR_MONTE_CARLO_AND_CLOSURE_V1,ONE_SYNTHETIC_CPI,ONE_SELECTED_RANGE_DOPPLER_CELL,1,1,0,0,0,31a85cf10323dcb0ff906b98f8f0dab39e853ab81d2695b1979df50869258a07,3eaa736e17caadf1df39a0c4abe255cf06e96a07fd6988fac8d5d53f26c4b730,-27.4197207417143,3.80240599493617,-6
646,MC1_K2_N1_L8_SP0_P2_R03,2,WHITE,1,8,3,P2,2,8.2,10,0.2,0,-6,0,SPECIFIED_CORRELATION,0,0,2,3,92,MC1_BASE_N1_L8_P2_R03,MC1_BASE_N1_L8_P2_R03,430100092,430200092,WHITENED_SEQUENTIAL_BEAMSPACE_EXPECTED_TOTAL_SNR,STAGE8_K2_TANGENT_WHITE_SNR_MONTE_CARLO_AND_CLOSURE_V1,ONE_SYNTHETIC_CPI,ONE_SELECTED_RANGE_DOPPLER_CELL,1,1,0,0,0,31a85cf10323dcb0ff906b98f8f0dab39e853ab81d2695b1979df50869258a07,37653ae0cdd8684558b99356bba1fc770f838d3edce415b02c08f63ac1802957,-21.4197207417143,9.80240599493617,1.92865493310657e-15
647,MC1_K2_N1_L8_SP6_P2_R03,2,WHITE,1,8,3,P2,2,8.2,10,0.2,0,-6,0,SPECIFIED_CORRELATION,6,6,3,3,92,MC1_BASE_N1_L8_P2_R03,MC1_BASE_N1_L8_P2_R03,430100092,430200092,WHITENED_SEQUENTIAL_BEAMSPACE_EXPECTED_TOTAL_SNR,STAGE8_K2_TANGENT_WHITE_SNR_MONTE_CARLO_AND_CLOSURE_V1,ONE_SYNTHETIC_CPI,ONE_SELECTED_RANGE_DOPPLER_CELL,1,1,0,0,0,31a85cf10323dcb0ff906b98f8f0dab39e853ab81d2695b1979df50869258a07,b51d141ffd4bb37aa00cb7606367cf4b23d99a8198831d79f2f9642829ac5955,-15.4197207417143,15.8024059949362,6
648,MC1_K2_N1_L8_SP10_P2_R03,2,WHITE,1,8,3,P2,2,8.2,10,0.2,0,-6,0,SPECIFIED_CORRELATION,10,10,4,3,92,MC1_BASE_N1_L8_P2_R03,MC1_BASE_N1_L8_P2_R03,430100092,430200092,WHITENED_SEQUENTIAL_BEAMSPACE_EXPECTED_TOTAL_SNR,STAGE8_K2_TANGENT_WHITE_SNR_MONTE_CARLO_AND_CLOSURE_V1,ONE_SYNTHETIC_CPI,ONE_SELECTED_RANGE_DOPPLER_CELL,1,1,0,0,0,31a85cf10323dcb0ff906b98f8f0dab39e853ab81d2695b1979df50869258a07,59eeafae5a0dadfe7e2fe77d6501cee948f7c861f3f60afa5567c44e5486ca35,-11.4197207417143,19.8024059949362,10
649,MC1_K2_N1_L8_SP14_P2_R03,2,WHITE,1,8,3,P2,2,8.2,10,0.2,0,-6,0,SPECIFIED_CORRELATION,14,14,5,3,92,MC1_BASE_N1_L8_P2_R03,MC1_BASE_N1_L8_P2_R03,430100092,430200092,WHITENED_SEQUENTIAL_BEAMSPACE_EXPECTED_TOTAL_SNR,STAGE8_K2_TANGENT_WHITE_SNR_MONTE_CARLO_AND_CLOSURE_V1,ONE_SYNTHETIC_CPI,ONE_SELECTED_RANGE_DOPPLER_CELL,1,1,0,0,0,31a85cf10323dcb0ff906b98f8f0dab39e853ab81d2695b1979df50869258a07,7ad4f505e96073e45117b32e718274b3f527cbd1044b6534925adc591f5ced46,-7.41972074171432,23.8024059949362,14
650,MC1_K2_N1_L8_SP18_P2_R03,2,WHITE,1,8,3,P2,2,8.2,10,0.2,0,-6,0,SPECIFIED_CORRELATION,18,18,6,3,92,MC1_BASE_N1_L8_P2_R03,MC1_BASE_N1_L8_P2_R03,430100092,430200092,WHITENED_SEQUENTIAL_BEAMSPACE_EXPECTED_TOTAL_SNR,STAGE8_K2_TANGENT_WHITE_SNR_MONTE_CARLO_AND_CLOSURE_V1,ONE_SYNTHETIC_CPI,ONE_SELECTED_RANGE_DOPPLER_CELL,1,1,0,0,0,31a85cf10323dcb0ff906b98f8f0dab39e853ab81d2695b1979df50869258a07,4144b8d683b5c1d3d0a31f065bdb181ef4bd599d26f0c68a9f35a4526a4dfff8,-3.41972074171432,27.8024059949362,18
651,MC1_K2_N1_L8_SP22_P2_R03,2,WHITE,1,8,3,P2,2,8.2,10,0.2,0,-6,0,SPECIFIED_CORRELATION,22,22,7,3,92,MC1_BASE_N1_L8_P2_R03,MC1_BASE_N1_L8_P2_R03,430100092,430200092,WHITENED_SEQUENTIAL_BEAMSPACE_EXPECTED_TOTAL_SNR,STAGE8_K2_TANGENT_WHITE_SNR_MONTE_CARLO_AND_CLOSURE_V1,ONE_SYNTHETIC_CPI,ONE_SELECTED_RANGE_DOPPLER_CELL,1,1,0,0,0,31a85cf10323dcb0ff906b98f8f0dab39e853ab81d2695b1979df50869258a07,78efd9948000ea5f9a01bc4d109b14b52272039b61ba94d4b6b80edad0aaaf24,0.58027925828568,31.8024059949362,22
652,MC1_K2_N1_L8_SM6_P2_R04,2,WHITE,1,8,3,P2,2,8.2,10,0.2,0,-6,0,SPECIFIED_CORRELATION,-6,-6,1,4,93,MC1_BASE_N1_L8_P2_R04,MC1_BASE_N1_L8_P2_R04,430100093,430200093,WHITENED_SEQUENTIAL_BEAMSPACE_EXPECTED_TOTAL_SNR,STAGE8_K2_TANGENT_WHITE_SNR_MONTE_CARLO_AND_CLOSURE_V1,ONE_SYNTHETIC_CPI,ONE_SELECTED_RANGE_DOPPLER_CELL,1,1,0,0,0,31a85cf10323dcb0ff906b98f8f0dab39e853ab81d2695b1979df50869258a07,b861e552ba69b162bc395b5326e3f214de5825b5c1faf7438728dc891e9d34d1,-27.4197207417143,3.80240599493617,-6
653,MC1_K2_N1_L8_SP0_P2_R04,2,WHITE,1,8,3,P2,2,8.2,10,0.2,0,-6,0,SPECIFIED_CORRELATION,0,0,2,4,93,MC1_BASE_N1_L8_P2_R04,MC1_BASE_N1_L8_P2_R04,430100093,430200093,WHITENED_SEQUENTIAL_BEAMSPACE_EXPECTED_TOTAL_SNR,STAGE8_K2_TANGENT_WHITE_SNR_MONTE_CARLO_AND_CLOSURE_V1,ONE_SYNTHETIC_CPI,ONE_SELECTED_RANGE_DOPPLER_CELL,1,1,0,0,0,31a85cf10323dcb0ff906b98f8f0dab39e853ab81d2695b1979df50869258a07,6e74f1ecf2b345b8edd6f2a06ccf5235a46b8b84a42a7e3c2fca1b1fc0c1f9df,-21.4197207417143,9.80240599493617,1.92865493310657e-15
654,MC1_K2_N1_L8_SP6_P2_R04,2,WHITE,1,8,3,P2,2,8.2,10,0.2,0,-6,0,SPECIFIED_CORRELATION,6,6,3,4,93,MC1_BASE_N1_L8_P2_R04,MC1_BASE_N1_L8_P2_R04,430100093,430200093,WHITENED_SEQUENTIAL_BEAMSPACE_EXPECTED_TOTAL_SNR,STAGE8_K2_TANGENT_WHITE_SNR_MONTE_CARLO_AND_CLOSURE_V1,ONE_SYNTHETIC_CPI,ONE_SELECTED_RANGE_DOPPLER_CELL,1,1,0,0,0,31a85cf10323dcb0ff906b98f8f0dab39e853ab81d2695b1979df50869258a07,3aeb215da9254139f990128e4b53ba4237652fda70d2e19384a4831c212584f4,-15.4197207417143,15.8024059949362,6
655,MC1_K2_N1_L8_SP10_P2_R04,2,WHITE,1,8,3,P2,2,8.2,10,0.2,0,-6,0,SPECIFIED_CORRELATION,10,10,4,4,93,MC1_BASE_N1_L8_P2_R04,MC1_BASE_N1_L8_P2_R04,430100093,430200093,WHITENED_SEQUENTIAL_BEAMSPACE_EXPECTED_TOTAL_SNR,STAGE8_K2_TANGENT_WHITE_SNR_MONTE_CARLO_AND_CLOSURE_V1,ONE_SYNTHETIC_CPI,ONE_SELECTED_RANGE_DOPPLER_CELL,1,1,0,0,0,31a85cf10323dcb0ff906b98f8f0dab39e853ab81d2695b1979df50869258a07,a562a3261527877e56850a0b5f41f152065d1f72585e8ea4af4b11e7dc0967e5,-11.4197207417143,19.8024059949362,10
656,MC1_K2_N1_L8_SP14_P2_R04,2,WHITE,1,8,3,P2,2,8.2,10,0.2,0,-6,0,SPECIFIED_CORRELATION,14,14,5,4,93,MC1_BASE_N1_L8_P2_R04,MC1_BASE_N1_L8_P2_R04,430100093,430200093,WHITENED_SEQUENTIAL_BEAMSPACE_EXPECTED_TOTAL_SNR,STAGE8_K2_TANGENT_WHITE_SNR_MONTE_CARLO_AND_CLOSURE_V1,ONE_SYNTHETIC_CPI,ONE_SELECTED_RANGE_DOPPLER_CELL,1,1,0,0,0,31a85cf10323dcb0ff906b98f8f0dab39e853ab81d2695b1979df50869258a07,2186a4071a28bb4253e9b6b694288a963adb8338c9785ded88e2683ff85e379e,-7.41972074171432,23.8024059949362,14
657,MC1_K2_N1_L8_SP18_P2_R04,2,WHITE,1,8,3,P2,2,8.2,10,0.2,0,-6,0,SPECIFIED_CORRELATION,18,18,6,4,93,MC1_BASE_N1_L8_P2_R04,MC1_BASE_N1_L8_P2_R04,430100093,430200093,WHITENED_SEQUENTIAL_BEAMSPACE_EXPECTED_TOTAL_SNR,STAGE8_K2_TANGENT_WHITE_SNR_MONTE_CARLO_AND_CLOSURE_V1,ONE_SYNTHETIC_CPI,ONE_SELECTED_RANGE_DOPPLER_CELL,1,1,0,0,0,31a85cf10323dcb0ff906b98f8f0dab39e853ab81d2695b1979df50869258a07,bdc47e0f6f0c0f2358abf7301bcf9bb980359b2acff6220afa2daaebc07bdff4,-3.41972074171432,27.8024059949362,18
658,MC1_K2_N1_L8_SP22_P2_R04,2,WHITE,1,8,3,P2,2,8.2,10,0.2,0,-6,0,SPECIFIED_CORRELATION,22,22,7,4,93,MC1_BASE_N1_L8_P2_R04,MC1_BASE_N1_L8_P2_R04,430100093,430200093,WHITENED_SEQUENTIAL_BEAMSPACE_EXPECTED_TOTAL_SNR,STAGE8_K2_TANGENT_WHITE_SNR_MONTE_CARLO_AND_CLOSURE_V1,ONE_SYNTHETIC_CPI,ONE_SELECTED_RANGE_DOPPLER_CELL,1,1,0,0,0,31a85cf10323dcb0ff906b98f8f0dab39e853ab81d2695b1979df50869258a07,08873ae6069f49b248f841f1c2916fa1777cd88b5a29763c3bc5adedccc84fa5,0.58027925828568,31.8024059949362,22
659,MC1_K2_N1_L8_SM6_P2_R05,2,WHITE,1,8,3,P2,2,8.2,10,0.2,0,-6,0,SPECIFIED_CORRELATION,-6,-6,1,5,94,MC1_BASE_N1_L8_P2_R05,MC1_BASE_N1_L8_P2_R05,430100094,430200094,WHITENED_SEQUENTIAL_BEAMSPACE_EXPECTED_TOTAL_SNR,STAGE8_K2_TANGENT_WHITE_SNR_MONTE_CARLO_AND_CLOSURE_V1,ONE_SYNTHETIC_CPI,ONE_SELECTED_RANGE_DOPPLER_CELL,1,1,0,0,0,31a85cf10323dcb0ff906b98f8f0dab39e853ab81d2695b1979df50869258a07,8ce5b359ba013be5f7520e1fddff3643c6a5191091d82cf1f6ee966740877e8f,-27.4197207417143,3.80240599493617,-6
660,MC1_K2_N1_L8_SP0_P2_R05,2,WHITE,1,8,3,P2,2,8.2,10,0.2,0,-6,0,SPECIFIED_CORRELATION,0,0,2,5,94,MC1_BASE_N1_L8_P2_R05,MC1_BASE_N1_L8_P2_R05,430100094,430200094,WHITENED_SEQUENTIAL_BEAMSPACE_EXPECTED_TOTAL_SNR,STAGE8_K2_TANGENT_WHITE_SNR_MONTE_CARLO_AND_CLOSURE_V1,ONE_SYNTHETIC_CPI,ONE_SELECTED_RANGE_DOPPLER_CELL,1,1,0,0,0,31a85cf10323dcb0ff906b98f8f0dab39e853ab81d2695b1979df50869258a07,5d53e3c77d374385b25ed8ccfffb72c3f5c6904d078997fc7501fd5d539c7d16,-21.4197207417143,9.80240599493617,1.92865493310657e-15
661,MC1_K2_N1_L8_SP6_P2_R05,2,WHITE,1,8,3,P2,2,8.2,10,0.2,0,-6,0,SPECIFIED_CORRELATION,6,6,3,5,94,MC1_BASE_N1_L8_P2_R05,MC1_BASE_N1_L8_P2_R05,430100094,430200094,WHITENED_SEQUENTIAL_BEAMSPACE_EXPECTED_TOTAL_SNR,STAGE8_K2_TANGENT_WHITE_SNR_MONTE_CARLO_AND_CLOSURE_V1,ONE_SYNTHETIC_CPI,ONE_SELECTED_RANGE_DOPPLER_CELL,1,1,0,0,0,31a85cf10323dcb0ff906b98f8f0dab39e853ab81d2695b1979df50869258a07,22a32a39f4727a5f353d76adae20a2a307f493c91f84ba5ded6633a2fe35f402,-15.4197207417143,15.8024059949362,6
662,MC1_K2_N1_L8_SP10_P2_R05,2,WHITE,1,8,3,P2,2,8.2,10,0.2,0,-6,0,SPECIFIED_CORRELATION,10,10,4,5,94,MC1_BASE_N1_L8_P2_R05,MC1_BASE_N1_L8_P2_R05,430100094,430200094,WHITENED_SEQUENTIAL_BEAMSPACE_EXPECTED_TOTAL_SNR,STAGE8_K2_TANGENT_WHITE_SNR_MONTE_CARLO_AND_CLOSURE_V1,ONE_SYNTHETIC_CPI,ONE_SELECTED_RANGE_DOPPLER_CELL,1,1,0,0,0,31a85cf10323dcb0ff906b98f8f0dab39e853ab81d2695b1979df50869258a07,b2f6409c70ac6204fb810361427e116f0d499e02615c0e7311ad318fa4a6149a,-11.4197207417143,19.8024059949362,10
663,MC1_K2_N1_L8_SP14_P2_R05,2,WHITE,1,8,3,P2,2,8.2,10,0.2,0,-6,0,SPECIFIED_CORRELATION,14,14,5,5,94,MC1_BASE_N1_L8_P2_R05,MC1_BASE_N1_L8_P2_R05,430100094,430200094,WHITENED_SEQUENTIAL_BEAMSPACE_EXPECTED_TOTAL_SNR,STAGE8_K2_TANGENT_WHITE_SNR_MONTE_CARLO_AND_CLOSURE_V1,ONE_SYNTHETIC_CPI,ONE_SELECTED_RANGE_DOPPLER_CELL,1,1,0,0,0,31a85cf10323dcb0ff906b98f8f0dab39e853ab81d2695b1979df50869258a07,13ced7116be9d183e4d4cc906222bcd80fe2cbe2b0f954f2631227c9150dcdaa,-7.41972074171432,23.8024059949362,14
664,MC1_K2_N1_L8_SP18_P2_R05,2,WHITE,1,8,3,P2,2,8.2,10,0.2,0,-6,0,SPECIFIED_CORRELATION,18,18,6,5,94,MC1_BASE_N1_L8_P2_R05,MC1_BASE_N1_L8_P2_R05,430100094,430200094,WHITENED_SEQUENTIAL_BEAMSPACE_EXPECTED_TOTAL_SNR,STAGE8_K2_TANGENT_WHITE_SNR_MONTE_CARLO_AND_CLOSURE_V1,ONE_SYNTHETIC_CPI,ONE_SELECTED_RANGE_DOPPLER_CELL,1,1,0,0,0,31a85cf10323dcb0ff906b98f8f0dab39e853ab81d2695b1979df50869258a07,3d2c2c036411bbb37c2923d2a84bc87fbfa2be9982299187a0447ea3c9c251a7,-3.41972074171432,27.8024059949362,18
665,MC1_K2_N1_L8_SP22_P2_R05,2,WHITE,1,8,3,P2,2,8.2,10,0.2,0,-6,0,SPECIFIED_CORRELATION,22,22,7,5,94,MC1_BASE_N1_L8_P2_R05,MC1_BASE_N1_L8_P2_R05,430100094,430200094,WHITENED_SEQUENTIAL_BEAMSPACE_EXPECTED_TOTAL_SNR,STAGE8_K2_TANGENT_WHITE_SNR_MONTE_CARLO_AND_CLOSURE_V1,ONE_SYNTHETIC_CPI,ONE_SELECTED_RANGE_DOPPLER_CELL,1,1,0,0,0,31a85cf10323dcb0ff906b98f8f0dab39e853ab81d2695b1979df50869258a07,eef26c4d97f1b5b0b99449182829e1c41c9b7f005ea115fd5fa679e43b072ef9,0.58027925828568,31.8024059949362,22
666,MC1_K2_N1_L8_SM6_P2_R06,2,WHITE,1,8,3,P2,2,8.2,10,0.2,0,-6,0,SPECIFIED_CORRELATION,-6,-6,1,6,95,MC1_BASE_N1_L8_P2_R06,MC1_BASE_N1_L8_P2_R06,430100095,430200095,WHITENED_SEQUENTIAL_BEAMSPACE_EXPECTED_TOTAL_SNR,STAGE8_K2_TANGENT_WHITE_SNR_MONTE_CARLO_AND_CLOSURE_V1,ONE_SYNTHETIC_CPI,ONE_SELECTED_RANGE_DOPPLER_CELL,1,1,0,0,0,31a85cf10323dcb0ff906b98f8f0dab39e853ab81d2695b1979df50869258a07,5f7b50470129d00803df92927c5069dab2f40c5f328d775813df9603a83a55d6,-27.4197207417143,3.80240599493617,-6
667,MC1_K2_N1_L8_SP0_P2_R06,2,WHITE,1,8,3,P2,2,8.2,10,0.2,0,-6,0,SPECIFIED_CORRELATION,0,0,2,6,95,MC1_BASE_N1_L8_P2_R06,MC1_BASE_N1_L8_P2_R06,430100095,430200095,WHITENED_SEQUENTIAL_BEAMSPACE_EXPECTED_TOTAL_SNR,STAGE8_K2_TANGENT_WHITE_SNR_MONTE_CARLO_AND_CLOSURE_V1,ONE_SYNTHETIC_CPI,ONE_SELECTED_RANGE_DOPPLER_CELL,1,1,0,0,0,31a85cf10323dcb0ff906b98f8f0dab39e853ab81d2695b1979df50869258a07,0705d3f35173533e712fc4b5008f37160604b82d3000ac70a48cac369b2ab845,-21.4197207417143,9.80240599493617,1.92865493310657e-15
668,MC1_K2_N1_L8_SP6_P2_R06,2,WHITE,1,8,3,P2,2,8.2,10,0.2,0,-6,0,SPECIFIED_CORRELATION,6,6,3,6,95,MC1_BASE_N1_L8_P2_R06,MC1_BASE_N1_L8_P2_R06,430100095,430200095,WHITENED_SEQUENTIAL_BEAMSPACE_EXPECTED_TOTAL_SNR,STAGE8_K2_TANGENT_WHITE_SNR_MONTE_CARLO_AND_CLOSURE_V1,ONE_SYNTHETIC_CPI,ONE_SELECTED_RANGE_DOPPLER_CELL,1,1,0,0,0,31a85cf10323dcb0ff906b98f8f0dab39e853ab81d2695b1979df50869258a07,9e0d0a2c36ade9a8c05ba17c15c43df43558f2fff8d6219216b3c5ddb26d6b0c,-15.4197207417143,15.8024059949362,6
669,MC1_K2_N1_L8_SP10_P2_R06,2,WHITE,1,8,3,P2,2,8.2,10,0.2,0,-6,0,SPECIFIED_CORRELATION,10,10,4,6,95,MC1_BASE_N1_L8_P2_R06,MC1_BASE_N1_L8_P2_R06,430100095,430200095,WHITENED_SEQUENTIAL_BEAMSPACE_EXPECTED_TOTAL_SNR,STAGE8_K2_TANGENT_WHITE_SNR_MONTE_CARLO_AND_CLOSURE_V1,ONE_SYNTHETIC_CPI,ONE_SELECTED_RANGE_DOPPLER_CELL,1,1,0,0,0,31a85cf10323dcb0ff906b98f8f0dab39e853ab81d2695b1979df50869258a07,94e7858943c55689c48ebee2bb1a595686251758b15ef2f4715b69b2aa216f12,-11.4197207417143,19.8024059949362,10
670,MC1_K2_N1_L8_SP14_P2_R06,2,WHITE,1,8,3,P2,2,8.2,10,0.2,0,-6,0,SPECIFIED_CORRELATION,14,14,5,6,95,MC1_BASE_N1_L8_P2_R06,MC1_BASE_N1_L8_P2_R06,430100095,430200095,WHITENED_SEQUENTIAL_BEAMSPACE_EXPECTED_TOTAL_SNR,STAGE8_K2_TANGENT_WHITE_SNR_MONTE_CARLO_AND_CLOSURE_V1,ONE_SYNTHETIC_CPI,ONE_SELECTED_RANGE_DOPPLER_CELL,1,1,0,0,0,31a85cf10323dcb0ff906b98f8f0dab39e853ab81d2695b1979df50869258a07,941e155b72893a3ff2c79a5213547ba60c4955aa812aac50644630e6ad1f669a,-7.41972074171432,23.8024059949362,14
671,MC1_K2_N1_L8_SP18_P2_R06,2,WHITE,1,8,3,P2,2,8.2,10,0.2,0,-6,0,SPECIFIED_CORRELATION,18,18,6,6,95,MC1_BASE_N1_L8_P2_R06,MC1_BASE_N1_L8_P2_R06,430100095,430200095,WHITENED_SEQUENTIAL_BEAMSPACE_EXPECTED_TOTAL_SNR,STAGE8_K2_TANGENT_WHITE_SNR_MONTE_CARLO_AND_CLOSURE_V1,ONE_SYNTHETIC_CPI,ONE_SELECTED_RANGE_DOPPLER_CELL,1,1,0,0,0,31a85cf10323dcb0ff906b98f8f0dab39e853ab81d2695b1979df50869258a07,4c45f0800ea1e1e09cdd848fb975d460943d452d7b28f5f5922375ec69ded474,-3.41972074171432,27.8024059949362,18
672,MC1_K2_N1_L8_SP22_P2_R06,2,WHITE,1,8,3,P2,2,8.2,10,0.2,0,-6,0,SPECIFIED_CORRELATION,22,22,7,6,95,MC1_BASE_N1_L8_P2_R06,MC1_BASE_N1_L8_P2_R06,430100095,430200095,WHITENED_SEQUENTIAL_BEAMSPACE_EXPECTED_TOTAL_SNR,STAGE8_K2_TANGENT_WHITE_SNR_MONTE_CARLO_AND_CLOSURE_V1,ONE_SYNTHETIC_CPI,ONE_SELECTED_RANGE_DOPPLER_CELL,1,1,0,0,0,31a85cf10323dcb0ff906b98f8f0dab39e853ab81d2695b1979df50869258a07,2e33ac372aa093467e0879bc91b0046e3df161e531126ac0d791f5098dbcabcb,0.58027925828568,31.8024059949362,22
673,MC1_K2_N1_L8_SM6_P2_R07,2,WHITE,1,8,3,P2,2,8.2,10,0.2,0,-6,0,SPECIFIED_CORRELATION,-6,-6,1,7,96,MC1_BASE_N1_L8_P2_R07,MC1_BASE_N1_L8_P2_R07,430100096,430200096,WHITENED_SEQUENTIAL_BEAMSPACE_EXPECTED_TOTAL_SNR,STAGE8_K2_TANGENT_WHITE_SNR_MONTE_CARLO_AND_CLOSURE_V1,ONE_SYNTHETIC_CPI,ONE_SELECTED_RANGE_DOPPLER_CELL,1,1,0,0,0,31a85cf10323dcb0ff906b98f8f0dab39e853ab81d2695b1979df50869258a07,f20caebe4bd87e4441267309bf467d67d6a1a26129b109f5448a359b96fbca14,-27.4197207417143,3.80240599493617,-6
674,MC1_K2_N1_L8_SP0_P2_R07,2,WHITE,1,8,3,P2,2,8.2,10,0.2,0,-6,0,SPECIFIED_CORRELATION,0,0,2,7,96,MC1_BASE_N1_L8_P2_R07,MC1_BASE_N1_L8_P2_R07,430100096,430200096,WHITENED_SEQUENTIAL_BEAMSPACE_EXPECTED_TOTAL_SNR,STAGE8_K2_TANGENT_WHITE_SNR_MONTE_CARLO_AND_CLOSURE_V1,ONE_SYNTHETIC_CPI,ONE_SELECTED_RANGE_DOPPLER_CELL,1,1,0,0,0,31a85cf10323dcb0ff906b98f8f0dab39e853ab81d2695b1979df50869258a07,2533034842685d2be509635cc98703e08f20213b6fc368a974e741bef380c7b9,-21.4197207417143,9.80240599493617,1.92865493310657e-15
675,MC1_K2_N1_L8_SP6_P2_R07,2,WHITE,1,8,3,P2,2,8.2,10,0.2,0,-6,0,SPECIFIED_CORRELATION,6,6,3,7,96,MC1_BASE_N1_L8_P2_R07,MC1_BASE_N1_L8_P2_R07,430100096,430200096,WHITENED_SEQUENTIAL_BEAMSPACE_EXPECTED_TOTAL_SNR,STAGE8_K2_TANGENT_WHITE_SNR_MONTE_CARLO_AND_CLOSURE_V1,ONE_SYNTHETIC_CPI,ONE_SELECTED_RANGE_DOPPLER_CELL,1,1,0,0,0,31a85cf10323dcb0ff906b98f8f0dab39e853ab81d2695b1979df50869258a07,0bd0aa9d1a7c0a7f8985bba96adb1fedc39976b6070bc2ca787eac05c235405a,-15.4197207417143,15.8024059949362,6
676,MC1_K2_N1_L8_SP10_P2_R07,2,WHITE,1,8,3,P2,2,8.2,10,0.2,0,-6,0,SPECIFIED_CORRELATION,10,10,4,7,96,MC1_BASE_N1_L8_P2_R07,MC1_BASE_N1_L8_P2_R07,430100096,430200096,WHITENED_SEQUENTIAL_BEAMSPACE_EXPECTED_TOTAL_SNR,STAGE8_K2_TANGENT_WHITE_SNR_MONTE_CARLO_AND_CLOSURE_V1,ONE_SYNTHETIC_CPI,ONE_SELECTED_RANGE_DOPPLER_CELL,1,1,0,0,0,31a85cf10323dcb0ff906b98f8f0dab39e853ab81d2695b1979df50869258a07,38b87e69edb39ba8333af11f7151c803079a8fc90acc32206abde783297d0621,-11.4197207417143,19.8024059949362,10
677,MC1_K2_N1_L8_SP14_P2_R07,2,WHITE,1,8,3,P2,2,8.2,10,0.2,0,-6,0,SPECIFIED_CORRELATION,14,14,5,7,96,MC1_BASE_N1_L8_P2_R07,MC1_BASE_N1_L8_P2_R07,430100096,430200096,WHITENED_SEQUENTIAL_BEAMSPACE_EXPECTED_TOTAL_SNR,STAGE8_K2_TANGENT_WHITE_SNR_MONTE_CARLO_AND_CLOSURE_V1,ONE_SYNTHETIC_CPI,ONE_SELECTED_RANGE_DOPPLER_CELL,1,1,0,0,0,31a85cf10323dcb0ff906b98f8f0dab39e853ab81d2695b1979df50869258a07,b6436e0bfd28c820ba7e62be4301c2e3470c4aec5a752b7af82d68992c98505a,-7.41972074171432,23.8024059949362,14
678,MC1_K2_N1_L8_SP18_P2_R07,2,WHITE,1,8,3,P2,2,8.2,10,0.2,0,-6,0,SPECIFIED_CORRELATION,18,18,6,7,96,MC1_BASE_N1_L8_P2_R07,MC1_BASE_N1_L8_P2_R07,430100096,430200096,WHITENED_SEQUENTIAL_BEAMSPACE_EXPECTED_TOTAL_SNR,STAGE8_K2_TANGENT_WHITE_SNR_MONTE_CARLO_AND_CLOSURE_V1,ONE_SYNTHETIC_CPI,ONE_SELECTED_RANGE_DOPPLER_CELL,1,1,0,0,0,31a85cf10323dcb0ff906b98f8f0dab39e853ab81d2695b1979df50869258a07,409f5af5a93b8edcaeb21a788fd1752f99bff58fb35296b4571b4389957bf873,-3.41972074171432,27.8024059949362,18
679,MC1_K2_N1_L8_SP22_P2_R07,2,WHITE,1,8,3,P2,2,8.2,10,0.2,0,-6,0,SPECIFIED_CORRELATION,22,22,7,7,96,MC1_BASE_N1_L8_P2_R07,MC1_BASE_N1_L8_P2_R07,430100096,430200096,WHITENED_SEQUENTIAL_BEAMSPACE_EXPECTED_TOTAL_SNR,STAGE8_K2_TANGENT_WHITE_SNR_MONTE_CARLO_AND_CLOSURE_V1,ONE_SYNTHETIC_CPI,ONE_SELECTED_RANGE_DOPPLER_CELL,1,1,0,0,0,31a85cf10323dcb0ff906b98f8f0dab39e853ab81d2695b1979df50869258a07,eaae113c18582a59414341f8c8a99daddbaacdddca8ad3d5de505f4b2e5a3ad8,0.58027925828568,31.8024059949362,22
680,MC1_K2_N1_L8_SM6_P2_R08,2,WHITE,1,8,3,P2,2,8.2,10,0.2,0,-6,0,SPECIFIED_CORRELATION,-6,-6,1,8,97,MC1_BASE_N1_L8_P2_R08,MC1_BASE_N1_L8_P2_R08,430100097,430200097,WHITENED_SEQUENTIAL_BEAMSPACE_EXPECTED_TOTAL_SNR,STAGE8_K2_TANGENT_WHITE_SNR_MONTE_CARLO_AND_CLOSURE_V1,ONE_SYNTHETIC_CPI,ONE_SELECTED_RANGE_DOPPLER_CELL,1,1,0,0,0,31a85cf10323dcb0ff906b98f8f0dab39e853ab81d2695b1979df50869258a07,741ef69c0a88a3a855ce14d0ceb30d415c7f0e918c2d4538f702b65e06b04fd8,-27.4197207417143,3.80240599493617,-6
681,MC1_K2_N1_L8_SP0_P2_R08,2,WHITE,1,8,3,P2,2,8.2,10,0.2,0,-6,0,SPECIFIED_CORRELATION,0,0,2,8,97,MC1_BASE_N1_L8_P2_R08,MC1_BASE_N1_L8_P2_R08,430100097,430200097,WHITENED_SEQUENTIAL_BEAMSPACE_EXPECTED_TOTAL_SNR,STAGE8_K2_TANGENT_WHITE_SNR_MONTE_CARLO_AND_CLOSURE_V1,ONE_SYNTHETIC_CPI,ONE_SELECTED_RANGE_DOPPLER_CELL,1,1,0,0,0,31a85cf10323dcb0ff906b98f8f0dab39e853ab81d2695b1979df50869258a07,b078c796cb08800fb18eb3c73d57a6789bc3b117c845fdb151113f27e2e563e5,-21.4197207417143,9.80240599493617,1.92865493310657e-15
682,MC1_K2_N1_L8_SP6_P2_R08,2,WHITE,1,8,3,P2,2,8.2,10,0.2,0,-6,0,SPECIFIED_CORRELATION,6,6,3,8,97,MC1_BASE_N1_L8_P2_R08,MC1_BASE_N1_L8_P2_R08,430100097,430200097,WHITENED_SEQUENTIAL_BEAMSPACE_EXPECTED_TOTAL_SNR,STAGE8_K2_TANGENT_WHITE_SNR_MONTE_CARLO_AND_CLOSURE_V1,ONE_SYNTHETIC_CPI,ONE_SELECTED_RANGE_DOPPLER_CELL,1,1,0,0,0,31a85cf10323dcb0ff906b98f8f0dab39e853ab81d2695b1979df50869258a07,04acf0ce56e97c2daff9c5cb88ebc76ffb144afee6c7b848c40fb79d5f5fca22,-15.4197207417143,15.8024059949362,6
683,MC1_K2_N1_L8_SP10_P2_R08,2,WHITE,1,8,3,P2,2,8.2,10,0.2,0,-6,0,SPECIFIED_CORRELATION,10,10,4,8,97,MC1_BASE_N1_L8_P2_R08,MC1_BASE_N1_L8_P2_R08,430100097,430200097,WHITENED_SEQUENTIAL_BEAMSPACE_EXPECTED_TOTAL_SNR,STAGE8_K2_TANGENT_WHITE_SNR_MONTE_CARLO_AND_CLOSURE_V1,ONE_SYNTHETIC_CPI,ONE_SELECTED_RANGE_DOPPLER_CELL,1,1,0,0,0,31a85cf10323dcb0ff906b98f8f0dab39e853ab81d2695b1979df50869258a07,cb1cc4883c6c751d80896a6ca560585d26d38aa80b8156e5473310fd9fd50995,-11.4197207417143,19.8024059949362,10
684,MC1_K2_N1_L8_SP14_P2_R08,2,WHITE,1,8,3,P2,2,8.2,10,0.2,0,-6,0,SPECIFIED_CORRELATION,14,14,5,8,97,MC1_BASE_N1_L8_P2_R08,MC1_BASE_N1_L8_P2_R08,430100097,430200097,WHITENED_SEQUENTIAL_BEAMSPACE_EXPECTED_TOTAL_SNR,STAGE8_K2_TANGENT_WHITE_SNR_MONTE_CARLO_AND_CLOSURE_V1,ONE_SYNTHETIC_CPI,ONE_SELECTED_RANGE_DOPPLER_CELL,1,1,0,0,0,31a85cf10323dcb0ff906b98f8f0dab39e853ab81d2695b1979df50869258a07,a8a5b02f3e288d5acbe7b127b211375bd4741b6e3532109638bc8a20615a41a2,-7.41972074171432,23.8024059949362,14
685,MC1_K2_N1_L8_SP18_P2_R08,2,WHITE,1,8,3,P2,2,8.2,10,0.2,0,-6,0,SPECIFIED_CORRELATION,18,18,6,8,97,MC1_BASE_N1_L8_P2_R08,MC1_BASE_N1_L8_P2_R08,430100097,430200097,WHITENED_SEQUENTIAL_BEAMSPACE_EXPECTED_TOTAL_SNR,STAGE8_K2_TANGENT_WHITE_SNR_MONTE_CARLO_AND_CLOSURE_V1,ONE_SYNTHETIC_CPI,ONE_SELECTED_RANGE_DOPPLER_CELL,1,1,0,0,0,31a85cf10323dcb0ff906b98f8f0dab39e853ab81d2695b1979df50869258a07,c407a329a3e32de1ee74a6543504e43ba375f2cc6cdf60a5552fabf072b5659e,-3.41972074171432,27.8024059949362,18
686,MC1_K2_N1_L8_SP22_P2_R08,2,WHITE,1,8,3,P2,2,8.2,10,0.2,0,-6,0,SPECIFIED_CORRELATION,22,22,7,8,97,MC1_BASE_N1_L8_P2_R08,MC1_BASE_N1_L8_P2_R08,430100097,430200097,WHITENED_SEQUENTIAL_BEAMSPACE_EXPECTED_TOTAL_SNR,STAGE8_K2_TANGENT_WHITE_SNR_MONTE_CARLO_AND_CLOSURE_V1,ONE_SYNTHETIC_CPI,ONE_SELECTED_RANGE_DOPPLER_CELL,1,1,0,0,0,31a85cf10323dcb0ff906b98f8f0dab39e853ab81d2695b1979df50869258a07,7edbb42334e08c975cec2b1501b58b1511538356dea3e02444e2616ee7cf24f2,0.58027925828568,31.8024059949362,22
687,MC1_K2_N1_L8_SM6_P2_R09,2,WHITE,1,8,3,P2,2,8.2,10,0.2,0,-6,0,SPECIFIED_CORRELATION,-6,-6,1,9,98,MC1_BASE_N1_L8_P2_R09,MC1_BASE_N1_L8_P2_R09,430100098,430200098,WHITENED_SEQUENTIAL_BEAMSPACE_EXPECTED_TOTAL_SNR,STAGE8_K2_TANGENT_WHITE_SNR_MONTE_CARLO_AND_CLOSURE_V1,ONE_SYNTHETIC_CPI,ONE_SELECTED_RANGE_DOPPLER_CELL,1,1,0,0,0,31a85cf10323dcb0ff906b98f8f0dab39e853ab81d2695b1979df50869258a07,a7ccb525786383422c4279454117c9601969730dbd4c56eb9e15fb0a625b56bc,-27.4197207417143,3.80240599493617,-6
688,MC1_K2_N1_L8_SP0_P2_R09,2,WHITE,1,8,3,P2,2,8.2,10,0.2,0,-6,0,SPECIFIED_CORRELATION,0,0,2,9,98,MC1_BASE_N1_L8_P2_R09,MC1_BASE_N1_L8_P2_R09,430100098,430200098,WHITENED_SEQUENTIAL_BEAMSPACE_EXPECTED_TOTAL_SNR,STAGE8_K2_TANGENT_WHITE_SNR_MONTE_CARLO_AND_CLOSURE_V1,ONE_SYNTHETIC_CPI,ONE_SELECTED_RANGE_DOPPLER_CELL,1,1,0,0,0,31a85cf10323dcb0ff906b98f8f0dab39e853ab81d2695b1979df50869258a07,d9c0043bce151f98e5d70b42fa59fdb77d6b264e8c2b3c077ca8abd9a6130d8b,-21.4197207417143,9.80240599493617,1.92865493310657e-15
689,MC1_K2_N1_L8_SP6_P2_R09,2,WHITE,1,8,3,P2,2,8.2,10,0.2,0,-6,0,SPECIFIED_CORRELATION,6,6,3,9,98,MC1_BASE_N1_L8_P2_R09,MC1_BASE_N1_L8_P2_R09,430100098,430200098,WHITENED_SEQUENTIAL_BEAMSPACE_EXPECTED_TOTAL_SNR,STAGE8_K2_TANGENT_WHITE_SNR_MONTE_CARLO_AND_CLOSURE_V1,ONE_SYNTHETIC_CPI,ONE_SELECTED_RANGE_DOPPLER_CELL,1,1,0,0,0,31a85cf10323dcb0ff906b98f8f0dab39e853ab81d2695b1979df50869258a07,b2e538718ba697358e60e974cb0a3822ac8b812d74547577d75daf7d66c1aa3c,-15.4197207417143,15.8024059949362,6
690,MC1_K2_N1_L8_SP10_P2_R09,2,WHITE,1,8,3,P2,2,8.2,10,0.2,0,-6,0,SPECIFIED_CORRELATION,10,10,4,9,98,MC1_BASE_N1_L8_P2_R09,MC1_BASE_N1_L8_P2_R09,430100098,430200098,WHITENED_SEQUENTIAL_BEAMSPACE_EXPECTED_TOTAL_SNR,STAGE8_K2_TANGENT_WHITE_SNR_MONTE_CARLO_AND_CLOSURE_V1,ONE_SYNTHETIC_CPI,ONE_SELECTED_RANGE_DOPPLER_CELL,1,1,0,0,0,31a85cf10323dcb0ff906b98f8f0dab39e853ab81d2695b1979df50869258a07,1399a9a494271d55d9b3e402edb6a74f1e086ed6031e172e3119097b97528c0d,-11.4197207417143,19.8024059949362,10
691,MC1_K2_N1_L8_SP14_P2_R09,2,WHITE,1,8,3,P2,2,8.2,10,0.2,0,-6,0,SPECIFIED_CORRELATION,14,14,5,9,98,MC1_BASE_N1_L8_P2_R09,MC1_BASE_N1_L8_P2_R09,430100098,430200098,WHITENED_SEQUENTIAL_BEAMSPACE_EXPECTED_TOTAL_SNR,STAGE8_K2_TANGENT_WHITE_SNR_MONTE_CARLO_AND_CLOSURE_V1,ONE_SYNTHETIC_CPI,ONE_SELECTED_RANGE_DOPPLER_CELL,1,1,0,0,0,31a85cf10323dcb0ff906b98f8f0dab39e853ab81d2695b1979df50869258a07,ce4eb3922e138e2ddcbda92d21173b3f7b7f0d3d370a8ff733bec3154fd98ee5,-7.41972074171432,23.8024059949362,14
692,MC1_K2_N1_L8_SP18_P2_R09,2,WHITE,1,8,3,P2,2,8.2,10,0.2,0,-6,0,SPECIFIED_CORRELATION,18,18,6,9,98,MC1_BASE_N1_L8_P2_R09,MC1_BASE_N1_L8_P2_R09,430100098,430200098,WHITENED_SEQUENTIAL_BEAMSPACE_EXPECTED_TOTAL_SNR,STAGE8_K2_TANGENT_WHITE_SNR_MONTE_CARLO_AND_CLOSURE_V1,ONE_SYNTHETIC_CPI,ONE_SELECTED_RANGE_DOPPLER_CELL,1,1,0,0,0,31a85cf10323dcb0ff906b98f8f0dab39e853ab81d2695b1979df50869258a07,5effc78e6b07a5316d0ed421fcd8987334c6c9efca5d18e04cf0b3b408d66eef,-3.41972074171432,27.8024059949362,18
693,MC1_K2_N1_L8_SP22_P2_R09,2,WHITE,1,8,3,P2,2,8.2,10,0.2,0,-6,0,SPECIFIED_CORRELATION,22,22,7,9,98,MC1_BASE_N1_L8_P2_R09,MC1_BASE_N1_L8_P2_R09,430100098,430200098,WHITENED_SEQUENTIAL_BEAMSPACE_EXPECTED_TOTAL_SNR,STAGE8_K2_TANGENT_WHITE_SNR_MONTE_CARLO_AND_CLOSURE_V1,ONE_SYNTHETIC_CPI,ONE_SELECTED_RANGE_DOPPLER_CELL,1,1,0,0,0,31a85cf10323dcb0ff906b98f8f0dab39e853ab81d2695b1979df50869258a07,0676a4cca1f0572167c0b0ab58ac0dc88097d6a8646cd28903f4489d3e9b189e,0.58027925828568,31.8024059949362,22
694,MC1_K2_N1_L8_SM6_P2_R10,2,WHITE,1,8,3,P2,2,8.2,10,0.2,0,-6,0,SPECIFIED_CORRELATION,-6,-6,1,10,99,MC1_BASE_N1_L8_P2_R10,MC1_BASE_N1_L8_P2_R10,430100099,430200099,WHITENED_SEQUENTIAL_BEAMSPACE_EXPECTED_TOTAL_SNR,STAGE8_K2_TANGENT_WHITE_SNR_MONTE_CARLO_AND_CLOSURE_V1,ONE_SYNTHETIC_CPI,ONE_SELECTED_RANGE_DOPPLER_CELL,1,1,0,0,0,31a85cf10323dcb0ff906b98f8f0dab39e853ab81d2695b1979df50869258a07,5511ea04badc2b383aa283066008729ebc0a82f4ef3bad882668d1d62756dde5,-27.4197207417143,3.80240599493617,-6
695,MC1_K2_N1_L8_SP0_P2_R10,2,WHITE,1,8,3,P2,2,8.2,10,0.2,0,-6,0,SPECIFIED_CORRELATION,0,0,2,10,99,MC1_BASE_N1_L8_P2_R10,MC1_BASE_N1_L8_P2_R10,430100099,430200099,WHITENED_SEQUENTIAL_BEAMSPACE_EXPECTED_TOTAL_SNR,STAGE8_K2_TANGENT_WHITE_SNR_MONTE_CARLO_AND_CLOSURE_V1,ONE_SYNTHETIC_CPI,ONE_SELECTED_RANGE_DOPPLER_CELL,1,1,0,0,0,31a85cf10323dcb0ff906b98f8f0dab39e853ab81d2695b1979df50869258a07,1b7cc1d1dfbaa686abd3b3ee21f5c23a2bf4bccf5c46ea5f2a9dadf79bac4a69,-21.4197207417143,9.80240599493617,1.92865493310657e-15
696,MC1_K2_N1_L8_SP6_P2_R10,2,WHITE,1,8,3,P2,2,8.2,10,0.2,0,-6,0,SPECIFIED_CORRELATION,6,6,3,10,99,MC1_BASE_N1_L8_P2_R10,MC1_BASE_N1_L8_P2_R10,430100099,430200099,WHITENED_SEQUENTIAL_BEAMSPACE_EXPECTED_TOTAL_SNR,STAGE8_K2_TANGENT_WHITE_SNR_MONTE_CARLO_AND_CLOSURE_V1,ONE_SYNTHETIC_CPI,ONE_SELECTED_RANGE_DOPPLER_CELL,1,1,0,0,0,31a85cf10323dcb0ff906b98f8f0dab39e853ab81d2695b1979df50869258a07,7fde1316414d788b4793e68b263e3cbe93955ee7b3724e7904f494943c847e18,-15.4197207417143,15.8024059949362,6
697,MC1_K2_N1_L8_SP10_P2_R10,2,WHITE,1,8,3,P2,2,8.2,10,0.2,0,-6,0,SPECIFIED_CORRELATION,10,10,4,10,99,MC1_BASE_N1_L8_P2_R10,MC1_BASE_N1_L8_P2_R10,430100099,430200099,WHITENED_SEQUENTIAL_BEAMSPACE_EXPECTED_TOTAL_SNR,STAGE8_K2_TANGENT_WHITE_SNR_MONTE_CARLO_AND_CLOSURE_V1,ONE_SYNTHETIC_CPI,ONE_SELECTED_RANGE_DOPPLER_CELL,1,1,0,0,0,31a85cf10323dcb0ff906b98f8f0dab39e853ab81d2695b1979df50869258a07,8d9677aafac4dfc6e8c25252b1ed84844ec3fd6846699d4a1a14676e18086ea6,-11.4197207417143,19.8024059949362,10
698,MC1_K2_N1_L8_SP14_P2_R10,2,WHITE,1,8,3,P2,2,8.2,10,0.2,0,-6,0,SPECIFIED_CORRELATION,14,14,5,10,99,MC1_BASE_N1_L8_P2_R10,MC1_BASE_N1_L8_P2_R10,430100099,430200099,WHITENED_SEQUENTIAL_BEAMSPACE_EXPECTED_TOTAL_SNR,STAGE8_K2_TANGENT_WHITE_SNR_MONTE_CARLO_AND_CLOSURE_V1,ONE_SYNTHETIC_CPI,ONE_SELECTED_RANGE_DOPPLER_CELL,1,1,0,0,0,31a85cf10323dcb0ff906b98f8f0dab39e853ab81d2695b1979df50869258a07,a2e1b42a10bd06975d7cd28eed0b2d2cc4bd339fcb4279b75903507ed2bae88a,-7.41972074171432,23.8024059949362,14
699,MC1_K2_N1_L8_SP18_P2_R10,2,WHITE,1,8,3,P2,2,8.2,10,0.2,0,-6,0,SPECIFIED_CORRELATION,18,18,6,10,99,MC1_BASE_N1_L8_P2_R10,MC1_BASE_N1_L8_P2_R10,430100099,430200099,WHITENED_SEQUENTIAL_BEAMSPACE_EXPECTED_TOTAL_SNR,STAGE8_K2_TANGENT_WHITE_SNR_MONTE_CARLO_AND_CLOSURE_V1,ONE_SYNTHETIC_CPI,ONE_SELECTED_RANGE_DOPPLER_CELL,1,1,0,0,0,31a85cf10323dcb0ff906b98f8f0dab39e853ab81d2695b1979df50869258a07,471a495eade0fea238e5cef6603fb399ee063f006ef0d6841860e2f3cfb185f3,-3.41972074171432,27.8024059949362,18
700,MC1_K2_N1_L8_SP22_P2_R10,2,WHITE,1,8,3,P2,2,8.2,10,0.2,0,-6,0,SPECIFIED_CORRELATION,22,22,7,10,99,MC1_BASE_N1_L8_P2_R10,MC1_BASE_N1_L8_P2_R10,430100099,430200099,WHITENED_SEQUENTIAL_BEAMSPACE_EXPECTED_TOTAL_SNR,STAGE8_K2_TANGENT_WHITE_SNR_MONTE_CARLO_AND_CLOSURE_V1,ONE_SYNTHETIC_CPI,ONE_SELECTED_RANGE_DOPPLER_CELL,1,1,0,0,0,31a85cf10323dcb0ff906b98f8f0dab39e853ab81d2695b1979df50869258a07,4121525b29868f0904b9addd02603c9e1194dc8d2ab02e0b1addf1a5313d3daa,0.58027925828568,31.8024059949362,22
701,MC1_K2_N1_L8_SM6_P3_R01,2,WHITE,1,8,3,P3,3,7.9,10.1,0.15,90,0,0.9,SPECIFIED_CORRELATION,-6,-6,1,1,100,MC1_BASE_N1_L8_P3_R01,MC1_BASE_N1_L8_P3_R01,430100100,430200100,WHITENED_SEQUENTIAL_BEAMSPACE_EXPECTED_TOTAL_SNR,STAGE8_K2_TANGENT_WHITE_SNR_MONTE_CARLO_AND_CLOSURE_V1,ONE_SYNTHETIC_CPI,ONE_SELECTED_RANGE_DOPPLER_CELL,1,1,0,0,0,31a85cf10323dcb0ff906b98f8f0dab39e853ab81d2695b1979df50869258a07,115b693c0d4d7bec9f82ef94e75d47846f057ef6dfd3e732a039cd03dfde2b8f,-27.4197202948241,3.80583549932824,-6
702,MC1_K2_N1_L8_SP0_P3_R01,2,WHITE,1,8,3,P3,3,7.9,10.1,0.15,90,0,0.9,SPECIFIED_CORRELATION,0,0,2,1,100,MC1_BASE_N1_L8_P3_R01,MC1_BASE_N1_L8_P3_R01,430100100,430200100,WHITENED_SEQUENTIAL_BEAMSPACE_EXPECTED_TOTAL_SNR,STAGE8_K2_TANGENT_WHITE_SNR_MONTE_CARLO_AND_CLOSURE_V1,ONE_SYNTHETIC_CPI,ONE_SELECTED_RANGE_DOPPLER_CELL,1,1,0,0,0,31a85cf10323dcb0ff906b98f8f0dab39e853ab81d2695b1979df50869258a07,379e41ef4ccdbcccefaa403353815845537603ee42c8adec89d6d906861eb7fe,-21.4197202948241,9.80583549932824,9.64327466553287e-16
703,MC1_K2_N1_L8_SP6_P3_R01,2,WHITE,1,8,3,P3,3,7.9,10.1,0.15,90,0,0.9,SPECIFIED_CORRELATION,6,6,3,1,100,MC1_BASE_N1_L8_P3_R01,MC1_BASE_N1_L8_P3_R01,430100100,430200100,WHITENED_SEQUENTIAL_BEAMSPACE_EXPECTED_TOTAL_SNR,STAGE8_K2_TANGENT_WHITE_SNR_MONTE_CARLO_AND_CLOSURE_V1,ONE_SYNTHETIC_CPI,ONE_SELECTED_RANGE_DOPPLER_CELL,1,1,0,0,0,31a85cf10323dcb0ff906b98f8f0dab39e853ab81d2695b1979df50869258a07,ba860d309eb328b7422dae3182ceee1df0496c71e237a340dc6aa984a1997dce,-15.4197202948241,15.8058354993282,6
704,MC1_K2_N1_L8_SP10_P3_R01,2,WHITE,1,8,3,P3,3,7.9,10.1,0.15,90,0,0.9,SPECIFIED_CORRELATION,10,10,4,1,100,MC1_BASE_N1_L8_P3_R01,MC1_BASE_N1_L8_P3_R01,430100100,430200100,WHITENED_SEQUENTIAL_BEAMSPACE_EXPECTED_TOTAL_SNR,STAGE8_K2_TANGENT_WHITE_SNR_MONTE_CARLO_AND_CLOSURE_V1,ONE_SYNTHETIC_CPI,ONE_SELECTED_RANGE_DOPPLER_CELL,1,1,0,0,0,31a85cf10323dcb0ff906b98f8f0dab39e853ab81d2695b1979df50869258a07,81f6be3be43cb8c11169f8c8acaa7686748fbe3cebdf67eeb87ae0df86d8ff9a,-11.4197202948241,19.8058354993282,10
705,MC1_K2_N1_L8_SP14_P3_R01,2,WHITE,1,8,3,P3,3,7.9,10.1,0.15,90,0,0.9,SPECIFIED_CORRELATION,14,14,5,1,100,MC1_BASE_N1_L8_P3_R01,MC1_BASE_N1_L8_P3_R01,430100100,430200100,WHITENED_SEQUENTIAL_BEAMSPACE_EXPECTED_TOTAL_SNR,STAGE8_K2_TANGENT_WHITE_SNR_MONTE_CARLO_AND_CLOSURE_V1,ONE_SYNTHETIC_CPI,ONE_SELECTED_RANGE_DOPPLER_CELL,1,1,0,0,0,31a85cf10323dcb0ff906b98f8f0dab39e853ab81d2695b1979df50869258a07,0b5fc2381f753706fb9b19fbcf131a3b0d7ede1afd62ae23bb4183f46020bbd2,-7.41972029482413,23.8058354993282,14
706,MC1_K2_N1_L8_SP18_P3_R01,2,WHITE,1,8,3,P3,3,7.9,10.1,0.15,90,0,0.9,SPECIFIED_CORRELATION,18,18,6,1,100,MC1_BASE_N1_L8_P3_R01,MC1_BASE_N1_L8_P3_R01,430100100,430200100,WHITENED_SEQUENTIAL_BEAMSPACE_EXPECTED_TOTAL_SNR,STAGE8_K2_TANGENT_WHITE_SNR_MONTE_CARLO_AND_CLOSURE_V1,ONE_SYNTHETIC_CPI,ONE_SELECTED_RANGE_DOPPLER_CELL,1,1,0,0,0,31a85cf10323dcb0ff906b98f8f0dab39e853ab81d2695b1979df50869258a07,dd6aa230473440bff86cd4d5df0db7e369547a4cfac4ce5a9357fd3bb5739e4b,-3.41972029482413,27.8058354993282,18
707,MC1_K2_N1_L8_SP22_P3_R01,2,WHITE,1,8,3,P3,3,7.9,10.1,0.15,90,0,0.9,SPECIFIED_CORRELATION,22,22,7,1,100,MC1_BASE_N1_L8_P3_R01,MC1_BASE_N1_L8_P3_R01,430100100,430200100,WHITENED_SEQUENTIAL_BEAMSPACE_EXPECTED_TOTAL_SNR,STAGE8_K2_TANGENT_WHITE_SNR_MONTE_CARLO_AND_CLOSURE_V1,ONE_SYNTHETIC_CPI,ONE_SELECTED_RANGE_DOPPLER_CELL,1,1,0,0,0,31a85cf10323dcb0ff906b98f8f0dab39e853ab81d2695b1979df50869258a07,7cf7b8f7a5d43d2f38baf8b45a0aad6995351e42aef8ff35ef5fda0def1d5b11,0.580279705175866,31.8058354993282,22
708,MC1_K2_N1_L8_SM6_P3_R02,2,WHITE,1,8,3,P3,3,7.9,10.1,0.15,90,0,0.9,SPECIFIED_CORRELATION,-6,-6,1,2,101,MC1_BASE_N1_L8_P3_R02,MC1_BASE_N1_L8_P3_R02,430100101,430200101,WHITENED_SEQUENTIAL_BEAMSPACE_EXPECTED_TOTAL_SNR,STAGE8_K2_TANGENT_WHITE_SNR_MONTE_CARLO_AND_CLOSURE_V1,ONE_SYNTHETIC_CPI,ONE_SELECTED_RANGE_DOPPLER_CELL,1,1,0,0,0,31a85cf10323dcb0ff906b98f8f0dab39e853ab81d2695b1979df50869258a07,fbd2b5f1c7420d4392310ce35aeee7feb51914754eb6cc5e4d251b54ecc3c26b,-27.4197202505771,3.80326617785535,-6
709,MC1_K2_N1_L8_SP0_P3_R02,2,WHITE,1,8,3,P3,3,7.9,10.1,0.15,90,0,0.9,SPECIFIED_CORRELATION,0,0,2,2,101,MC1_BASE_N1_L8_P3_R02,MC1_BASE_N1_L8_P3_R02,430100101,430200101,WHITENED_SEQUENTIAL_BEAMSPACE_EXPECTED_TOTAL_SNR,STAGE8_K2_TANGENT_WHITE_SNR_MONTE_CARLO_AND_CLOSURE_V1,ONE_SYNTHETIC_CPI,ONE_SELECTED_RANGE_DOPPLER_CELL,1,1,0,0,0,31a85cf10323dcb0ff906b98f8f0dab39e853ab81d2695b1979df50869258a07,dfdb36a7c6c2e5e20e35965ab71cf83352da87a6def75ea9da2ce72cc7941924,-21.4197202505771,9.80326617785535,-9.64327466553287e-16
710,MC1_K2_N1_L8_SP6_P3_R02,2,WHITE,1,8,3,P3,3,7.9,10.1,0.15,90,0,0.9,SPECIFIED_CORRELATION,6,6,3,2,101,MC1_BASE_N1_L8_P3_R02,MC1_BASE_N1_L8_P3_R02,430100101,430200101,WHITENED_SEQUENTIAL_BEAMSPACE_EXPECTED_TOTAL_SNR,STAGE8_K2_TANGENT_WHITE_SNR_MONTE_CARLO_AND_CLOSURE_V1,ONE_SYNTHETIC_CPI,ONE_SELECTED_RANGE_DOPPLER_CELL,1,1,0,0,0,31a85cf10323dcb0ff906b98f8f0dab39e853ab81d2695b1979df50869258a07,78914dfe552c733cef3b644b2f4dd4ff0b3018aeba5be30b8f8ac990b48b12e1,-15.4197202505771,15.8032661778554,6
711,MC1_K2_N1_L8_SP10_P3_R02,2,WHITE,1,8,3,P3,3,7.9,10.1,0.15,90,0,0.9,SPECIFIED_CORRELATION,10,10,4,2,101,MC1_BASE_N1_L8_P3_R02,MC1_BASE_N1_L8_P3_R02,430100101,430200101,WHITENED_SEQUENTIAL_BEAMSPACE_EXPECTED_TOTAL_SNR,STAGE8_K2_TANGENT_WHITE_SNR_MONTE_CARLO_AND_CLOSURE_V1,ONE_SYNTHETIC_CPI,ONE_SELECTED_RANGE_DOPPLER_CELL,1,1,0,0,0,31a85cf10323dcb0ff906b98f8f0dab39e853ab81d2695b1979df50869258a07,6d60df7be202d35fe70c54bfdf2ad06b5880f203e1cf3b85ee73824a412360fb,-11.4197202505771,19.8032661778554,10
712,MC1_K2_N1_L8_SP14_P3_R02,2,WHITE,1,8,3,P3,3,7.9,10.1,0.15,90,0,0.9,SPECIFIED_CORRELATION,14,14,5,2,101,MC1_BASE_N1_L8_P3_R02,MC1_BASE_N1_L8_P3_R02,430100101,430200101,WHITENED_SEQUENTIAL_BEAMSPACE_EXPECTED_TOTAL_SNR,STAGE8_K2_TANGENT_WHITE_SNR_MONTE_CARLO_AND_CLOSURE_V1,ONE_SYNTHETIC_CPI,ONE_SELECTED_RANGE_DOPPLER_CELL,1,1,0,0,0,31a85cf10323dcb0ff906b98f8f0dab39e853ab81d2695b1979df50869258a07,e780510ef7545580be6420ee20de6ea18d6b6a6eee278cd1d00f643a688faa33,-7.41972025057714,23.8032661778554,14
713,MC1_K2_N1_L8_SP18_P3_R02,2,WHITE,1,8,3,P3,3,7.9,10.1,0.15,90,0,0.9,SPECIFIED_CORRELATION,18,18,6,2,101,MC1_BASE_N1_L8_P3_R02,MC1_BASE_N1_L8_P3_R02,430100101,430200101,WHITENED_SEQUENTIAL_BEAMSPACE_EXPECTED_TOTAL_SNR,STAGE8_K2_TANGENT_WHITE_SNR_MONTE_CARLO_AND_CLOSURE_V1,ONE_SYNTHETIC_CPI,ONE_SELECTED_RANGE_DOPPLER_CELL,1,1,0,0,0,31a85cf10323dcb0ff906b98f8f0dab39e853ab81d2695b1979df50869258a07,030c6fb0aa545da9157c17ee10f30528b1e526cf7dec179615c29911884c07eb,-3.41972025057714,27.8032661778554,18
714,MC1_K2_N1_L8_SP22_P3_R02,2,WHITE,1,8,3,P3,3,7.9,10.1,0.15,90,0,0.9,SPECIFIED_CORRELATION,22,22,7,2,101,MC1_BASE_N1_L8_P3_R02,MC1_BASE_N1_L8_P3_R02,430100101,430200101,WHITENED_SEQUENTIAL_BEAMSPACE_EXPECTED_TOTAL_SNR,STAGE8_K2_TANGENT_WHITE_SNR_MONTE_CARLO_AND_CLOSURE_V1,ONE_SYNTHETIC_CPI,ONE_SELECTED_RANGE_DOPPLER_CELL,1,1,0,0,0,31a85cf10323dcb0ff906b98f8f0dab39e853ab81d2695b1979df50869258a07,ccf2bd1746ad2d1e12cc252a66f683f70870bd1e68c588a87fd92e96d22e8020,0.580279749422868,31.8032661778554,22
715,MC1_K2_N1_L8_SM6_P3_R03,2,WHITE,1,8,3,P3,3,7.9,10.1,0.15,90,0,0.9,SPECIFIED_CORRELATION,-6,-6,1,3,102,MC1_BASE_N1_L8_P3_R03,MC1_BASE_N1_L8_P3_R03,430100102,430200102,WHITENED_SEQUENTIAL_BEAMSPACE_EXPECTED_TOTAL_SNR,STAGE8_K2_TANGENT_WHITE_SNR_MONTE_CARLO_AND_CLOSURE_V1,ONE_SYNTHETIC_CPI,ONE_SELECTED_RANGE_DOPPLER_CELL,1,1,0,0,0,31a85cf10323dcb0ff906b98f8f0dab39e853ab81d2695b1979df50869258a07,3cc61982b220229ab15cb9d9029415e21f2d52cc0fcc49e0dcf08b013bdf6c92,-27.4197203110116,3.80756228265351,-6
716,MC1_K2_N1_L8_SP0_P3_R03,2,WHITE,1,8,3,P3,3,7.9,10.1,0.15,90,0,0.9,SPECIFIED_CORRELATION,0,0,2,3,102,MC1_BASE_N1_L8_P3_R03,MC1_BASE_N1_L8_P3_R03,430100102,430200102,WHITENED_SEQUENTIAL_BEAMSPACE_EXPECTED_TOTAL_SNR,STAGE8_K2_TANGENT_WHITE_SNR_MONTE_CARLO_AND_CLOSURE_V1,ONE_SYNTHETIC_CPI,ONE_SELECTED_RANGE_DOPPLER_CELL,1,1,0,0,0,31a85cf10323dcb0ff906b98f8f0dab39e853ab81d2695b1979df50869258a07,b67148644240fedebaa38d0376c02ba8a7c96437ee87e62a6515e8fb75c0b667,-21.4197203110116,9.80756228265351,1.92865493310657e-15
717,MC1_K2_N1_L8_SP6_P3_R03,2,WHITE,1,8,3,P3,3,7.9,10.1,0.15,90,0,0.9,SPECIFIED_CORRELATION,6,6,3,3,102,MC1_BASE_N1_L8_P3_R03,MC1_BASE_N1_L8_P3_R03,430100102,430200102,WHITENED_SEQUENTIAL_BEAMSPACE_EXPECTED_TOTAL_SNR,STAGE8_K2_TANGENT_WHITE_SNR_MONTE_CARLO_AND_CLOSURE_V1,ONE_SYNTHETIC_CPI,ONE_SELECTED_RANGE_DOPPLER_CELL,1,1,0,0,0,31a85cf10323dcb0ff906b98f8f0dab39e853ab81d2695b1979df50869258a07,13d62336a2164a955ef02999b9c072cec51bcc71ec1c569ae6c266252f204bc7,-15.4197203110116,15.8075622826535,6
718,MC1_K2_N1_L8_SP10_P3_R03,2,WHITE,1,8,3,P3,3,7.9,10.1,0.15,90,0,0.9,SPECIFIED_CORRELATION,10,10,4,3,102,MC1_BASE_N1_L8_P3_R03,MC1_BASE_N1_L8_P3_R03,430100102,430200102,WHITENED_SEQUENTIAL_BEAMSPACE_EXPECTED_TOTAL_SNR,STAGE8_K2_TANGENT_WHITE_SNR_MONTE_CARLO_AND_CLOSURE_V1,ONE_SYNTHETIC_CPI,ONE_SELECTED_RANGE_DOPPLER_CELL,1,1,0,0,0,31a85cf10323dcb0ff906b98f8f0dab39e853ab81d2695b1979df50869258a07,b25afff7b5db5013520ece62f65b18ad063a374c9a302020a41abf6e2eaa275c,-11.4197203110116,19.8075622826535,10
719,MC1_K2_N1_L8_SP14_P3_R03,2,WHITE,1,8,3,P3,3,7.9,10.1,0.15,90,0,0.9,SPECIFIED_CORRELATION,14,14,5,3,102,MC1_BASE_N1_L8_P3_R03,MC1_BASE_N1_L8_P3_R03,430100102,430200102,WHITENED_SEQUENTIAL_BEAMSPACE_EXPECTED_TOTAL_SNR,STAGE8_K2_TANGENT_WHITE_SNR_MONTE_CARLO_AND_CLOSURE_V1,ONE_SYNTHETIC_CPI,ONE_SELECTED_RANGE_DOPPLER_CELL,1,1,0,0,0,31a85cf10323dcb0ff906b98f8f0dab39e853ab81d2695b1979df50869258a07,d442eabd8070cc029512c827cdafc86887c9930808ce4be4f462144063dd9c52,-7.41972031101163,23.8075622826535,14
720,MC1_K2_N1_L8_SP18_P3_R03,2,WHITE,1,8,3,P3,3,7.9,10.1,0.15,90,0,0.9,SPECIFIED_CORRELATION,18,18,6,3,102,MC1_BASE_N1_L8_P3_R03,MC1_BASE_N1_L8_P3_R03,430100102,430200102,WHITENED_SEQUENTIAL_BEAMSPACE_EXPECTED_TOTAL_SNR,STAGE8_K2_TANGENT_WHITE_SNR_MONTE_CARLO_AND_CLOSURE_V1,ONE_SYNTHETIC_CPI,ONE_SELECTED_RANGE_DOPPLER_CELL,1,1,0,0,0,31a85cf10323dcb0ff906b98f8f0dab39e853ab81d2695b1979df50869258a07,c3ea4d20e9524156d8c776dd7f0b036bde1a1baa6c042fd890c216dcdbbbd3eb,-3.41972031101163,27.8075622826535,18
721,MC1_K2_N1_L8_SP22_P3_R03,2,WHITE,1,8,3,P3,3,7.9,10.1,0.15,90,0,0.9,SPECIFIED_CORRELATION,22,22,7,3,102,MC1_BASE_N1_L8_P3_R03,MC1_BASE_N1_L8_P3_R03,430100102,430200102,WHITENED_SEQUENTIAL_BEAMSPACE_EXPECTED_TOTAL_SNR,STAGE8_K2_TANGENT_WHITE_SNR_MONTE_CARLO_AND_CLOSURE_V1,ONE_SYNTHETIC_CPI,ONE_SELECTED_RANGE_DOPPLER_CELL,1,1,0,0,0,31a85cf10323dcb0ff906b98f8f0dab39e853ab81d2695b1979df50869258a07,bd553bc8c1cc247a26992b4edb13d7686a1fdf6576bd29ba5946d6c01553e919,0.580279688988376,31.8075622826535,22
722,MC1_K2_N1_L8_SM6_P3_R04,2,WHITE,1,8,3,P3,3,7.9,10.1,0.15,90,0,0.9,SPECIFIED_CORRELATION,-6,-6,1,4,103,MC1_BASE_N1_L8_P3_R04,MC1_BASE_N1_L8_P3_R04,430100103,430200103,WHITENED_SEQUENTIAL_BEAMSPACE_EXPECTED_TOTAL_SNR,STAGE8_K2_TANGENT_WHITE_SNR_MONTE_CARLO_AND_CLOSURE_V1,ONE_SYNTHETIC_CPI,ONE_SELECTED_RANGE_DOPPLER_CELL,1,1,0,0,0,31a85cf10323dcb0ff906b98f8f0dab39e853ab81d2695b1979df50869258a07,993e037de6f27b38fbb0c81b0026c1d1b66b51faca46e283ca42243a8bc3c64c,-27.419720269616,3.80429863506204,-6
723,MC1_K2_N1_L8_SP0_P3_R04,2,WHITE,1,8,3,P3,3,7.9,10.1,0.15,90,0,0.9,SPECIFIED_CORRELATION,0,0,2,4,103,MC1_BASE_N1_L8_P3_R04,MC1_BASE_N1_L8_P3_R04,430100103,430200103,WHITENED_SEQUENTIAL_BEAMSPACE_EXPECTED_TOTAL_SNR,STAGE8_K2_TANGENT_WHITE_SNR_MONTE_CARLO_AND_CLOSURE_V1,ONE_SYNTHETIC_CPI,ONE_SELECTED_RANGE_DOPPLER_CELL,1,1,0,0,0,31a85cf10323dcb0ff906b98f8f0dab39e853ab81d2695b1979df50869258a07,3158b9b248b1c7dab460ba70802299d11100a7076e388b1772afc0b45d238a7f,-21.419720269616,9.80429863506204,1.92865493310657e-15
724,MC1_K2_N1_L8_SP6_P3_R04,2,WHITE,1,8,3,P3,3,7.9,10.1,0.15,90,0,0.9,SPECIFIED_CORRELATION,6,6,3,4,103,MC1_BASE_N1_L8_P3_R04,MC1_BASE_N1_L8_P3_R04,430100103,430200103,WHITENED_SEQUENTIAL_BEAMSPACE_EXPECTED_TOTAL_SNR,STAGE8_K2_TANGENT_WHITE_SNR_MONTE_CARLO_AND_CLOSURE_V1,ONE_SYNTHETIC_CPI,ONE_SELECTED_RANGE_DOPPLER_CELL,1,1,0,0,0,31a85cf10323dcb0ff906b98f8f0dab39e853ab81d2695b1979df50869258a07,93d2017fde180a819caa6b041339ff5048aee24a87450aec21c020489d0cf0e2,-15.419720269616,15.804298635062,6
725,MC1_K2_N1_L8_SP10_P3_R04,2,WHITE,1,8,3,P3,3,7.9,10.1,0.15,90,0,0.9,SPECIFIED_CORRELATION,10,10,4,4,103,MC1_BASE_N1_L8_P3_R04,MC1_BASE_N1_L8_P3_R04,430100103,430200103,WHITENED_SEQUENTIAL_BEAMSPACE_EXPECTED_TOTAL_SNR,STAGE8_K2_TANGENT_WHITE_SNR_MONTE_CARLO_AND_CLOSURE_V1,ONE_SYNTHETIC_CPI,ONE_SELECTED_RANGE_DOPPLER_CELL,1,1,0,0,0,31a85cf10323dcb0ff906b98f8f0dab39e853ab81d2695b1979df50869258a07,1954265e207bf74b859d838fcc9f99c7b2d48c195fee36ddcfbc892788db8582,-11.419720269616,19.804298635062,10
726,MC1_K2_N1_L8_SP14_P3_R04,2,WHITE,1,8,3,P3,3,7.9,10.1,0.15,90,0,0.9,SPECIFIED_CORRELATION,14,14,5,4,103,MC1_BASE_N1_L8_P3_R04,MC1_BASE_N1_L8_P3_R04,430100103,430200103,WHITENED_SEQUENTIAL_BEAMSPACE_EXPECTED_TOTAL_SNR,STAGE8_K2_TANGENT_WHITE_SNR_MONTE_CARLO_AND_CLOSURE_V1,ONE_SYNTHETIC_CPI,ONE_SELECTED_RANGE_DOPPLER_CELL,1,1,0,0,0,31a85cf10323dcb0ff906b98f8f0dab39e853ab81d2695b1979df50869258a07,e9300d065dc8a00cfb14bf500bc96afb9e69204143b61f4d1651cc22921e55eb,-7.41972026961605,23.804298635062,14
727,MC1_K2_N1_L8_SP18_P3_R04,2,WHITE,1,8,3,P3,3,7.9,10.1,0.15,90,0,0.9,SPECIFIED_CORRELATION,18,18,6,4,103,MC1_BASE_N1_L8_P3_R04,MC1_BASE_N1_L8_P3_R04,430100103,430200103,WHITENED_SEQUENTIAL_BEAMSPACE_EXPECTED_TOTAL_SNR,STAGE8_K2_TANGENT_WHITE_SNR_MONTE_CARLO_AND_CLOSURE_V1,ONE_SYNTHETIC_CPI,ONE_SELECTED_RANGE_DOPPLER_CELL,1,1,0,0,0,31a85cf10323dcb0ff906b98f8f0dab39e853ab81d2695b1979df50869258a07,817caa7b851834fd2488741039e90aee475313ab09613c8a8a47940eba570574,-3.41972026961604,27.804298635062,18
728,MC1_K2_N1_L8_SP22_P3_R04,2,WHITE,1,8,3,P3,3,7.9,10.1,0.15,90,0,0.9,SPECIFIED_CORRELATION,22,22,7,4,103,MC1_BASE_N1_L8_P3_R04,MC1_BASE_N1_L8_P3_R04,430100103,430200103,WHITENED_SEQUENTIAL_BEAMSPACE_EXPECTED_TOTAL_SNR,STAGE8_K2_TANGENT_WHITE_SNR_MONTE_CARLO_AND_CLOSURE_V1,ONE_SYNTHETIC_CPI,ONE_SELECTED_RANGE_DOPPLER_CELL,1,1,0,0,0,31a85cf10323dcb0ff906b98f8f0dab39e853ab81d2695b1979df50869258a07,df75b2a829fdd53ae8de569c3d6fb9365336fc2fd4796722033aa60a13961ee3,0.580279730383954,31.804298635062,22
729,MC1_K2_N1_L8_SM6_P3_R05,2,WHITE,1,8,3,P3,3,7.9,10.1,0.15,90,0,0.9,SPECIFIED_CORRELATION,-6,-6,1,5,104,MC1_BASE_N1_L8_P3_R05,MC1_BASE_N1_L8_P3_R05,430100104,430200104,WHITENED_SEQUENTIAL_BEAMSPACE_EXPECTED_TOTAL_SNR,STAGE8_K2_TANGENT_WHITE_SNR_MONTE_CARLO_AND_CLOSURE_V1,ONE_SYNTHETIC_CPI,ONE_SELECTED_RANGE_DOPPLER_CELL,1,1,0,0,0,31a85cf10323dcb0ff906b98f8f0dab39e853ab81d2695b1979df50869258a07,276ce833e7dc47b47058338b70f37a7b49d0c6b742153e55c835df4d78945280,-27.4197165658435,3.6734729406669,-6
730,MC1_K2_N1_L8_SP0_P3_R05,2,WHITE,1,8,3,P3,3,7.9,10.1,0.15,90,0,0.9,SPECIFIED_CORRELATION,0,0,2,5,104,MC1_BASE_N1_L8_P3_R05,MC1_BASE_N1_L8_P3_R05,430100104,430200104,WHITENED_SEQUENTIAL_BEAMSPACE_EXPECTED_TOTAL_SNR,STAGE8_K2_TANGENT_WHITE_SNR_MONTE_CARLO_AND_CLOSURE_V1,ONE_SYNTHETIC_CPI,ONE_SELECTED_RANGE_DOPPLER_CELL,1,1,0,0,0,31a85cf10323dcb0ff906b98f8f0dab39e853ab81d2695b1979df50869258a07,e6d44c738dac4d354a090db85708b8dcd863888cda5ef3487b5fe7dd0e9e6124,-21.4197165658435,9.6734729406669,9.64327466553287e-16
731,MC1_K2_N1_L8_SP6_P3_R05,2,WHITE,1,8,3,P3,3,7.9,10.1,0.15,90,0,0.9,SPECIFIED_CORRELATION,6,6,3,5,104,MC1_BASE_N1_L8_P3_R05,MC1_BASE_N1_L8_P3_R05,430100104,430200104,WHITENED_SEQUENTIAL_BEAMSPACE_EXPECTED_TOTAL_SNR,STAGE8_K2_TANGENT_WHITE_SNR_MONTE_CARLO_AND_CLOSURE_V1,ONE_SYNTHETIC_CPI,ONE_SELECTED_RANGE_DOPPLER_CELL,1,1,0,0,0,31a85cf10323dcb0ff906b98f8f0dab39e853ab81d2695b1979df50869258a07,7784aa5f8329bf66e4bb6da792d76555d6d7bdee439f682f26169f60cfe126db,-15.4197165658435,15.6734729406669,6
732,MC1_K2_N1_L8_SP10_P3_R05,2,WHITE,1,8,3,P3,3,7.9,10.1,0.15,90,0,0.9,SPECIFIED_CORRELATION,10,10,4,5,104,MC1_BASE_N1_L8_P3_R05,MC1_BASE_N1_L8_P3_R05,430100104,430200104,WHITENED_SEQUENTIAL_BEAMSPACE_EXPECTED_TOTAL_SNR,STAGE8_K2_TANGENT_WHITE_SNR_MONTE_CARLO_AND_CLOSURE_V1,ONE_SYNTHETIC_CPI,ONE_SELECTED_RANGE_DOPPLER_CELL,1,1,0,0,0,31a85cf10323dcb0ff906b98f8f0dab39e853ab81d2695b1979df50869258a07,0bdaae19940728ed8f5b3a3289b40caa10316944a8da7e77d9ca28bdbbe73fde,-11.4197165658435,19.6734729406669,10
733,MC1_K2_N1_L8_SP14_P3_R05,2,WHITE,1,8,3,P3,3,7.9,10.1,0.15,90,0,0.9,SPECIFIED_CORRELATION,14,14,5,5,104,MC1_BASE_N1_L8_P3_R05,MC1_BASE_N1_L8_P3_R05,430100104,430200104,WHITENED_SEQUENTIAL_BEAMSPACE_EXPECTED_TOTAL_SNR,STAGE8_K2_TANGENT_WHITE_SNR_MONTE_CARLO_AND_CLOSURE_V1,ONE_SYNTHETIC_CPI,ONE_SELECTED_RANGE_DOPPLER_CELL,1,1,0,0,0,31a85cf10323dcb0ff906b98f8f0dab39e853ab81d2695b1979df50869258a07,9fcac07265cf18ea3dacf0c9102bcc76ccf02aa179c06f4e0dd0435d7f5d97fd,-7.41971656584355,23.6734729406669,14
734,MC1_K2_N1_L8_SP18_P3_R05,2,WHITE,1,8,3,P3,3,7.9,10.1,0.15,90,0,0.9,SPECIFIED_CORRELATION,18,18,6,5,104,MC1_BASE_N1_L8_P3_R05,MC1_BASE_N1_L8_P3_R05,430100104,430200104,WHITENED_SEQUENTIAL_BEAMSPACE_EXPECTED_TOTAL_SNR,STAGE8_K2_TANGENT_WHITE_SNR_MONTE_CARLO_AND_CLOSURE_V1,ONE_SYNTHETIC_CPI,ONE_SELECTED_RANGE_DOPPLER_CELL,1,1,0,0,0,31a85cf10323dcb0ff906b98f8f0dab39e853ab81d2695b1979df50869258a07,1b419a8c6bba54c0d99aaac99329ec839660896bc746c7103982e829ba8ee93a,-3.41971656584355,27.6734729406669,18
735,MC1_K2_N1_L8_SP22_P3_R05,2,WHITE,1,8,3,P3,3,7.9,10.1,0.15,90,0,0.9,SPECIFIED_CORRELATION,22,22,7,5,104,MC1_BASE_N1_L8_P3_R05,MC1_BASE_N1_L8_P3_R05,430100104,430200104,WHITENED_SEQUENTIAL_BEAMSPACE_EXPECTED_TOTAL_SNR,STAGE8_K2_TANGENT_WHITE_SNR_MONTE_CARLO_AND_CLOSURE_V1,ONE_SYNTHETIC_CPI,ONE_SELECTED_RANGE_DOPPLER_CELL,1,1,0,0,0,31a85cf10323dcb0ff906b98f8f0dab39e853ab81d2695b1979df50869258a07,91896b795b1edd3057735565d3a386ce504f865a48cd1549cf336365fbd07997,0.580283434156454,31.6734729406669,22
736,MC1_K2_N1_L8_SM6_P3_R06,2,WHITE,1,8,3,P3,3,7.9,10.1,0.15,90,0,0.9,SPECIFIED_CORRELATION,-6,-6,1,6,105,MC1_BASE_N1_L8_P3_R06,MC1_BASE_N1_L8_P3_R06,430100105,430200105,WHITENED_SEQUENTIAL_BEAMSPACE_EXPECTED_TOTAL_SNR,STAGE8_K2_TANGENT_WHITE_SNR_MONTE_CARLO_AND_CLOSURE_V1,ONE_SYNTHETIC_CPI,ONE_SELECTED_RANGE_DOPPLER_CELL,1,1,0,0,0,31a85cf10323dcb0ff906b98f8f0dab39e853ab81d2695b1979df50869258a07,44d4486eaedcdfb487a836b6f64a81efbcbbf7b0671b5212946c61e10ccbb203,-27.4197165387064,3.67208233134691,-6
737,MC1_K2_N1_L8_SP0_P3_R06,2,WHITE,1,8,3,P3,3,7.9,10.1,0.15,90,0,0.9,SPECIFIED_CORRELATION,0,0,2,6,105,MC1_BASE_N1_L8_P3_R06,MC1_BASE_N1_L8_P3_R06,430100105,430200105,WHITENED_SEQUENTIAL_BEAMSPACE_EXPECTED_TOTAL_SNR,STAGE8_K2_TANGENT_WHITE_SNR_MONTE_CARLO_AND_CLOSURE_V1,ONE_SYNTHETIC_CPI,ONE_SELECTED_RANGE_DOPPLER_CELL,1,1,0,0,0,31a85cf10323dcb0ff906b98f8f0dab39e853ab81d2695b1979df50869258a07,f880e6e3338e968a524062360879fe18295af7951ecad33da376dcbd2dd44330,-21.4197165387064,9.67208233134691,9.64327466553287e-16
738,MC1_K2_N1_L8_SP6_P3_R06,2,WHITE,1,8,3,P3,3,7.9,10.1,0.15,90,0,0.9,SPECIFIED_CORRELATION,6,6,3,6,105,MC1_BASE_N1_L8_P3_R06,MC1_BASE_N1_L8_P3_R06,430100105,430200105,WHITENED_SEQUENTIAL_BEAMSPACE_EXPECTED_TOTAL_SNR,STAGE8_K2_TANGENT_WHITE_SNR_MONTE_CARLO_AND_CLOSURE_V1,ONE_SYNTHETIC_CPI,ONE_SELECTED_RANGE_DOPPLER_CELL,1,1,0,0,0,31a85cf10323dcb0ff906b98f8f0dab39e853ab81d2695b1979df50869258a07,0b9497b853eb271d154b5980801e276df0f6e34617db58df93dc13c6a0bb8384,-15.4197165387064,15.6720823313469,6
739,MC1_K2_N1_L8_SP10_P3_R06,2,WHITE,1,8,3,P3,3,7.9,10.1,0.15,90,0,0.9,SPECIFIED_CORRELATION,10,10,4,6,105,MC1_BASE_N1_L8_P3_R06,MC1_BASE_N1_L8_P3_R06,430100105,430200105,WHITENED_SEQUENTIAL_BEAMSPACE_EXPECTED_TOTAL_SNR,STAGE8_K2_TANGENT_WHITE_SNR_MONTE_CARLO_AND_CLOSURE_V1,ONE_SYNTHETIC_CPI,ONE_SELECTED_RANGE_DOPPLER_CELL,1,1,0,0,0,31a85cf10323dcb0ff906b98f8f0dab39e853ab81d2695b1979df50869258a07,7120bd0b7ccdec45018d22ef39f8ce4574e2ec4939fe32a529ce2f3fb7a0b56a,-11.4197165387064,19.6720823313469,10
740,MC1_K2_N1_L8_SP14_P3_R06,2,WHITE,1,8,3,P3,3,7.9,10.1,0.15,90,0,0.9,SPECIFIED_CORRELATION,14,14,5,6,105,MC1_BASE_N1_L8_P3_R06,MC1_BASE_N1_L8_P3_R06,430100105,430200105,WHITENED_SEQUENTIAL_BEAMSPACE_EXPECTED_TOTAL_SNR,STAGE8_K2_TANGENT_WHITE_SNR_MONTE_CARLO_AND_CLOSURE_V1,ONE_SYNTHETIC_CPI,ONE_SELECTED_RANGE_DOPPLER_CELL,1,1,0,0,0,31a85cf10323dcb0ff906b98f8f0dab39e853ab81d2695b1979df50869258a07,19d39c1392daada94e33b28c0f389127f2d789576adef61319522c9641e0d4e3,-7.41971653870639,23.6720823313469,14
741,MC1_K2_N1_L8_SP18_P3_R06,2,WHITE,1,8,3,P3,3,7.9,10.1,0.15,90,0,0.9,SPECIFIED_CORRELATION,18,18,6,6,105,MC1_BASE_N1_L8_P3_R06,MC1_BASE_N1_L8_P3_R06,430100105,430200105,WHITENED_SEQUENTIAL_BEAMSPACE_EXPECTED_TOTAL_SNR,STAGE8_K2_TANGENT_WHITE_SNR_MONTE_CARLO_AND_CLOSURE_V1,ONE_SYNTHETIC_CPI,ONE_SELECTED_RANGE_DOPPLER_CELL,1,1,0,0,0,31a85cf10323dcb0ff906b98f8f0dab39e853ab81d2695b1979df50869258a07,6f9dc7c381526731a1fb7180911a72fe7da27bbd41aaee1f16870cf17e3a8ccf,-3.41971653870639,27.6720823313469,18
742,MC1_K2_N1_L8_SP22_P3_R06,2,WHITE,1,8,3,P3,3,7.9,10.1,0.15,90,0,0.9,SPECIFIED_CORRELATION,22,22,7,6,105,MC1_BASE_N1_L8_P3_R06,MC1_BASE_N1_L8_P3_R06,430100105,430200105,WHITENED_SEQUENTIAL_BEAMSPACE_EXPECTED_TOTAL_SNR,STAGE8_K2_TANGENT_WHITE_SNR_MONTE_CARLO_AND_CLOSURE_V1,ONE_SYNTHETIC_CPI,ONE_SELECTED_RANGE_DOPPLER_CELL,1,1,0,0,0,31a85cf10323dcb0ff906b98f8f0dab39e853ab81d2695b1979df50869258a07,465a440b1428e47e9ef8ca3e26195f005e05eb1b6a2d71c8b2f6af2e46c2a61e,0.580283461293614,31.6720823313469,22
743,MC1_K2_N1_L8_SM6_P3_R07,2,WHITE,1,8,3,P3,3,7.9,10.1,0.15,90,0,0.9,SPECIFIED_CORRELATION,-6,-6,1,7,106,MC1_BASE_N1_L8_P3_R07,MC1_BASE_N1_L8_P3_R07,430100106,430200106,WHITENED_SEQUENTIAL_BEAMSPACE_EXPECTED_TOTAL_SNR,STAGE8_K2_TANGENT_WHITE_SNR_MONTE_CARLO_AND_CLOSURE_V1,ONE_SYNTHETIC_CPI,ONE_SELECTED_RANGE_DOPPLER_CELL,1,1,0,0,0,31a85cf10323dcb0ff906b98f8f0dab39e853ab81d2695b1979df50869258a07,01d6db8d546a2e61e747916b142b8496c6d1c19019c79a30f0435ba9aa78888c,-27.4197202919782,3.80795417918838,-6
744,MC1_K2_N1_L8_SP0_P3_R07,2,WHITE,1,8,3,P3,3,7.9,10.1,0.15,90,0,0.9,SPECIFIED_CORRELATION,0,0,2,7,106,MC1_BASE_N1_L8_P3_R07,MC1_BASE_N1_L8_P3_R07,430100106,430200106,WHITENED_SEQUENTIAL_BEAMSPACE_EXPECTED_TOTAL_SNR,STAGE8_K2_TANGENT_WHITE_SNR_MONTE_CARLO_AND_CLOSURE_V1,ONE_SYNTHETIC_CPI,ONE_SELECTED_RANGE_DOPPLER_CELL,1,1,0,0,0,31a85cf10323dcb0ff906b98f8f0dab39e853ab81d2695b1979df50869258a07,487c35ca18885dc9079f645b9453f7ae6dbf0e2afd18fbd76d3bc0fdc4e2bef5,-21.4197202919782,9.80795417918838,-9.64327466553287e-16
745,MC1_K2_N1_L8_SP6_P3_R07,2,WHITE,1,8,3,P3,3,7.9,10.1,0.15,90,0,0.9,SPECIFIED_CORRELATION,6,6,3,7,106,MC1_BASE_N1_L8_P3_R07,MC1_BASE_N1_L8_P3_R07,430100106,430200106,WHITENED_SEQUENTIAL_BEAMSPACE_EXPECTED_TOTAL_SNR,STAGE8_K2_TANGENT_WHITE_SNR_MONTE_CARLO_AND_CLOSURE_V1,ONE_SYNTHETIC_CPI,ONE_SELECTED_RANGE_DOPPLER_CELL,1,1,0,0,0,31a85cf10323dcb0ff906b98f8f0dab39e853ab81d2695b1979df50869258a07,9d55b3e408b5b434594455a9a3a50caa3ccac27e2b5ef4c4194656382f4209b5,-15.4197202919782,15.8079541791884,6
746,MC1_K2_N1_L8_SP10_P3_R07,2,WHITE,1,8,3,P3,3,7.9,10.1,0.15,90,0,0.9,SPECIFIED_CORRELATION,10,10,4,7,106,MC1_BASE_N1_L8_P3_R07,MC1_BASE_N1_L8_P3_R07,430100106,430200106,WHITENED_SEQUENTIAL_BEAMSPACE_EXPECTED_TOTAL_SNR,STAGE8_K2_TANGENT_WHITE_SNR_MONTE_CARLO_AND_CLOSURE_V1,ONE_SYNTHETIC_CPI,ONE_SELECTED_RANGE_DOPPLER_CELL,1,1,0,0,0,31a85cf10323dcb0ff906b98f8f0dab39e853ab81d2695b1979df50869258a07,7acb6f0cafd86463af163094308b871221d16f6341a8a5f531e231e5d8879a55,-11.4197202919782,19.8079541791884,10
747,MC1_K2_N1_L8_SP14_P3_R07,2,WHITE,1,8,3,P3,3,7.9,10.1,0.15,90,0,0.9,SPECIFIED_CORRELATION,14,14,5,7,106,MC1_BASE_N1_L8_P3_R07,MC1_BASE_N1_L8_P3_R07,430100106,430200106,WHITENED_SEQUENTIAL_BEAMSPACE_EXPECTED_TOTAL_SNR,STAGE8_K2_TANGENT_WHITE_SNR_MONTE_CARLO_AND_CLOSURE_V1,ONE_SYNTHETIC_CPI,ONE_SELECTED_RANGE_DOPPLER_CELL,1,1,0,0,0,31a85cf10323dcb0ff906b98f8f0dab39e853ab81d2695b1979df50869258a07,33a2e28db0916bcbcefbf6dc15cf8803ebce36c4ca266fc7fa3aa4a051685d4a,-7.4197202919782,23.8079541791884,14
748,MC1_K2_N1_L8_SP18_P3_R07,2,WHITE,1,8,3,P3,3,7.9,10.1,0.15,90,0,0.9,SPECIFIED_CORRELATION,18,18,6,7,106,MC1_BASE_N1_L8_P3_R07,MC1_BASE_N1_L8_P3_R07,430100106,430200106,WHITENED_SEQUENTIAL_BEAMSPACE_EXPECTED_TOTAL_SNR,STAGE8_K2_TANGENT_WHITE_SNR_MONTE_CARLO_AND_CLOSURE_V1,ONE_SYNTHETIC_CPI,ONE_SELECTED_RANGE_DOPPLER_CELL,1,1,0,0,0,31a85cf10323dcb0ff906b98f8f0dab39e853ab81d2695b1979df50869258a07,c2566aae3af25e13ba685aafe1d644d8bbc57b0260cbe5fbfd6084b7f42699d0,-3.41972029197819,27.8079541791884,18
749,MC1_K2_N1_L8_SP22_P3_R07,2,WHITE,1,8,3,P3,3,7.9,10.1,0.15,90,0,0.9,SPECIFIED_CORRELATION,22,22,7,7,106,MC1_BASE_N1_L8_P3_R07,MC1_BASE_N1_L8_P3_R07,430100106,430200106,WHITENED_SEQUENTIAL_BEAMSPACE_EXPECTED_TOTAL_SNR,STAGE8_K2_TANGENT_WHITE_SNR_MONTE_CARLO_AND_CLOSURE_V1,ONE_SYNTHETIC_CPI,ONE_SELECTED_RANGE_DOPPLER_CELL,1,1,0,0,0,31a85cf10323dcb0ff906b98f8f0dab39e853ab81d2695b1979df50869258a07,010833868d41578a061a431b38f898c74ddf9606ac07fe30a2e197b93e41e15b,0.580279708021806,31.8079541791884,22
750,MC1_K2_N1_L8_SM6_P3_R08,2,WHITE,1,8,3,P3,3,7.9,10.1,0.15,90,0,0.9,SPECIFIED_CORRELATION,-6,-6,1,8,107,MC1_BASE_N1_L8_P3_R08,MC1_BASE_N1_L8_P3_R08,430100107,430200107,WHITENED_SEQUENTIAL_BEAMSPACE_EXPECTED_TOTAL_SNR,STAGE8_K2_TANGENT_WHITE_SNR_MONTE_CARLO_AND_CLOSURE_V1,ONE_SYNTHETIC_CPI,ONE_SELECTED_RANGE_DOPPLER_CELL,1,1,0,0,0,31a85cf10323dcb0ff906b98f8f0dab39e853ab81d2695b1979df50869258a07,4b8719a600482fbb25f224448bf77c78024fc5eec4fb7eaf83d7fe1248d5c6e7,-27.4197181061259,3.73578116272247,-6
751,MC1_K2_N1_L8_SP0_P3_R08,2,WHITE,1,8,3,P3,3,7.9,10.1,0.15,90,0,0.9,SPECIFIED_CORRELATION,0,0,2,8,107,MC1_BASE_N1_L8_P3_R08,MC1_BASE_N1_L8_P3_R08,430100107,430200107,WHITENED_SEQUENTIAL_BEAMSPACE_EXPECTED_TOTAL_SNR,STAGE8_K2_TANGENT_WHITE_SNR_MONTE_CARLO_AND_CLOSURE_V1,ONE_SYNTHETIC_CPI,ONE_SELECTED_RANGE_DOPPLER_CELL,1,1,0,0,0,31a85cf10323dcb0ff906b98f8f0dab39e853ab81d2695b1979df50869258a07,aafc62e381c13348e154775183212a26346d399153aa627a4d53338fb1526b60,-21.4197181061259,9.73578116272247,-9.64327466553287e-16
752,MC1_K2_N1_L8_SP6_P3_R08,2,WHITE,1,8,3,P3,3,7.9,10.1,0.15,90,0,0.9,SPECIFIED_CORRELATION,6,6,3,8,107,MC1_BASE_N1_L8_P3_R08,MC1_BASE_N1_L8_P3_R08,430100107,430200107,WHITENED_SEQUENTIAL_BEAMSPACE_EXPECTED_TOTAL_SNR,STAGE8_K2_TANGENT_WHITE_SNR_MONTE_CARLO_AND_CLOSURE_V1,ONE_SYNTHETIC_CPI,ONE_SELECTED_RANGE_DOPPLER_CELL,1,1,0,0,0,31a85cf10323dcb0ff906b98f8f0dab39e853ab81d2695b1979df50869258a07,9f19ae5f715ca3428e018c2d7ca093b134c688923e7496fd7135f40e017267ba,-15.4197181061259,15.7357811627225,6
753,MC1_K2_N1_L8_SP10_P3_R08,2,WHITE,1,8,3,P3,3,7.9,10.1,0.15,90,0,0.9,SPECIFIED_CORRELATION,10,10,4,8,107,MC1_BASE_N1_L8_P3_R08,MC1_BASE_N1_L8_P3_R08,430100107,430200107,WHITENED_SEQUENTIAL_BEAMSPACE_EXPECTED_TOTAL_SNR,STAGE8_K2_TANGENT_WHITE_SNR_MONTE_CARLO_AND_CLOSURE_V1,ONE_SYNTHETIC_CPI,ONE_SELECTED_RANGE_DOPPLER_CELL,1,1,0,0,0,31a85cf10323dcb0ff906b98f8f0dab39e853ab81d2695b1979df50869258a07,ed09a2515af7ef86a71588db4b45b065b07a812af259825225adfdc58606f399,-11.4197181061259,19.7357811627225,10
754,MC1_K2_N1_L8_SP14_P3_R08,2,WHITE,1,8,3,P3,3,7.9,10.1,0.15,90,0,0.9,SPECIFIED_CORRELATION,14,14,5,8,107,MC1_BASE_N1_L8_P3_R08,MC1_BASE_N1_L8_P3_R08,430100107,430200107,WHITENED_SEQUENTIAL_BEAMSPACE_EXPECTED_TOTAL_SNR,STAGE8_K2_TANGENT_WHITE_SNR_MONTE_CARLO_AND_CLOSURE_V1,ONE_SYNTHETIC_CPI,ONE_SELECTED_RANGE_DOPPLER_CELL,1,1,0,0,0,31a85cf10323dcb0ff906b98f8f0dab39e853ab81d2695b1979df50869258a07,c2f3cccc447d3bb34ac49ea01861c5548bbf0c58a8cb188fee82e5efbbcc0dd4,-7.41971810612593,23.7357811627225,14
755,MC1_K2_N1_L8_SP18_P3_R08,2,WHITE,1,8,3,P3,3,7.9,10.1,0.15,90,0,0.9,SPECIFIED_CORRELATION,18,18,6,8,107,MC1_BASE_N1_L8_P3_R08,MC1_BASE_N1_L8_P3_R08,430100107,430200107,WHITENED_SEQUENTIAL_BEAMSPACE_EXPECTED_TOTAL_SNR,STAGE8_K2_TANGENT_WHITE_SNR_MONTE_CARLO_AND_CLOSURE_V1,ONE_SYNTHETIC_CPI,ONE_SELECTED_RANGE_DOPPLER_CELL,1,1,0,0,0,31a85cf10323dcb0ff906b98f8f0dab39e853ab81d2695b1979df50869258a07,e3da04f3d59dfbb4010e95e909f52fdbc3a86d1eec8549897739eac62036b29a,-3.41971810612593,27.7357811627225,18
756,MC1_K2_N1_L8_SP22_P3_R08,2,WHITE,1,8,3,P3,3,7.9,10.1,0.15,90,0,0.9,SPECIFIED_CORRELATION,22,22,7,8,107,MC1_BASE_N1_L8_P3_R08,MC1_BASE_N1_L8_P3_R08,430100107,430200107,WHITENED_SEQUENTIAL_BEAMSPACE_EXPECTED_TOTAL_SNR,STAGE8_K2_TANGENT_WHITE_SNR_MONTE_CARLO_AND_CLOSURE_V1,ONE_SYNTHETIC_CPI,ONE_SELECTED_RANGE_DOPPLER_CELL,1,1,0,0,0,31a85cf10323dcb0ff906b98f8f0dab39e853ab81d2695b1979df50869258a07,2e4ccfb7b16e951fedbf0a0c96726648f24d1f37b34d88fccddd1db19bce015b,0.580281893874076,31.7357811627225,22
757,MC1_K2_N1_L8_SM6_P3_R09,2,WHITE,1,8,3,P3,3,7.9,10.1,0.15,90,0,0.9,SPECIFIED_CORRELATION,-6,-6,1,9,108,MC1_BASE_N1_L8_P3_R09,MC1_BASE_N1_L8_P3_R09,430100108,430200108,WHITENED_SEQUENTIAL_BEAMSPACE_EXPECTED_TOTAL_SNR,STAGE8_K2_TANGENT_WHITE_SNR_MONTE_CARLO_AND_CLOSURE_V1,ONE_SYNTHETIC_CPI,ONE_SELECTED_RANGE_DOPPLER_CELL,1,1,0,0,0,31a85cf10323dcb0ff906b98f8f0dab39e853ab81d2695b1979df50869258a07,c7a663b0888617eb9fa8ce815fd08c15712896e48387253b22797bdfd5c2cd90,-27.4197196610429,3.77787240760821,-6
758,MC1_K2_N1_L8_SP0_P3_R09,2,WHITE,1,8,3,P3,3,7.9,10.1,0.15,90,0,0.9,SPECIFIED_CORRELATION,0,0,2,9,108,MC1_BASE_N1_L8_P3_R09,MC1_BASE_N1_L8_P3_R09,430100108,430200108,WHITENED_SEQUENTIAL_BEAMSPACE_EXPECTED_TOTAL_SNR,STAGE8_K2_TANGENT_WHITE_SNR_MONTE_CARLO_AND_CLOSURE_V1,ONE_SYNTHETIC_CPI,ONE_SELECTED_RANGE_DOPPLER_CELL,1,1,0,0,0,31a85cf10323dcb0ff906b98f8f0dab39e853ab81d2695b1979df50869258a07,f9bd44433c37387cd2d54cd11193a694208f56ca8e8e3e416f3e012e8bdee575,-21.4197196610429,9.77787240760821,9.64327466553287e-16
759,MC1_K2_N1_L8_SP6_P3_R09,2,WHITE,1,8,3,P3,3,7.9,10.1,0.15,90,0,0.9,SPECIFIED_CORRELATION,6,6,3,9,108,MC1_BASE_N1_L8_P3_R09,MC1_BASE_N1_L8_P3_R09,430100108,430200108,WHITENED_SEQUENTIAL_BEAMSPACE_EXPECTED_TOTAL_SNR,STAGE8_K2_TANGENT_WHITE_SNR_MONTE_CARLO_AND_CLOSURE_V1,ONE_SYNTHETIC_CPI,ONE_SELECTED_RANGE_DOPPLER_CELL,1,1,0,0,0,31a85cf10323dcb0ff906b98f8f0dab39e853ab81d2695b1979df50869258a07,d4d9747d23c1bd0e3efd5b4f41029b6798f6ce0351f8a4ddce42a6c711b53c47,-15.4197196610429,15.7778724076082,6
760,MC1_K2_N1_L8_SP10_P3_R09,2,WHITE,1,8,3,P3,3,7.9,10.1,0.15,90,0,0.9,SPECIFIED_CORRELATION,10,10,4,9,108,MC1_BASE_N1_L8_P3_R09,MC1_BASE_N1_L8_P3_R09,430100108,430200108,WHITENED_SEQUENTIAL_BEAMSPACE_EXPECTED_TOTAL_SNR,STAGE8_K2_TANGENT_WHITE_SNR_MONTE_CARLO_AND_CLOSURE_V1,ONE_SYNTHETIC_CPI,ONE_SELECTED_RANGE_DOPPLER_CELL,1,1,0,0,0,31a85cf10323dcb0ff906b98f8f0dab39e853ab81d2695b1979df50869258a07,963fc65390e7c8aba7255bfa8564da3a3e8b20737ad9469406fae46b5f5fe517,-11.4197196610429,19.7778724076082,10
761,MC1_K2_N1_L8_SP14_P3_R09,2,WHITE,1,8,3,P3,3,7.9,10.1,0.15,90,0,0.9,SPECIFIED_CORRELATION,14,14,5,9,108,MC1_BASE_N1_L8_P3_R09,MC1_BASE_N1_L8_P3_R09,430100108,430200108,WHITENED_SEQUENTIAL_BEAMSPACE_EXPECTED_TOTAL_SNR,STAGE8_K2_TANGENT_WHITE_SNR_MONTE_CARLO_AND_CLOSURE_V1,ONE_SYNTHETIC_CPI,ONE_SELECTED_RANGE_DOPPLER_CELL,1,1,0,0,0,31a85cf10323dcb0ff906b98f8f0dab39e853ab81d2695b1979df50869258a07,b38b9007eb25e393e7ab80795ac64893ab14bd0b93bd7aee651547a8a6b7456a,-7.41971966104288,23.7778724076082,14
762,MC1_K2_N1_L8_SP18_P3_R09,2,WHITE,1,8,3,P3,3,7.9,10.1,0.15,90,0,0.9,SPECIFIED_CORRELATION,18,18,6,9,108,MC1_BASE_N1_L8_P3_R09,MC1_BASE_N1_L8_P3_R09,430100108,430200108,WHITENED_SEQUENTIAL_BEAMSPACE_EXPECTED_TOTAL_SNR,STAGE8_K2_TANGENT_WHITE_SNR_MONTE_CARLO_AND_CLOSURE_V1,ONE_SYNTHETIC_CPI,ONE_SELECTED_RANGE_DOPPLER_CELL,1,1,0,0,0,31a85cf10323dcb0ff906b98f8f0dab39e853ab81d2695b1979df50869258a07,3d0b5033880bb249c4ff9f8f172308a5ae06af9c7c34366fa7d7e3a87129287a,-3.41971966104288,27.7778724076082,18
763,MC1_K2_N1_L8_SP22_P3_R09,2,WHITE,1,8,3,P3,3,7.9,10.1,0.15,90,0,0.9,SPECIFIED_CORRELATION,22,22,7,9,108,MC1_BASE_N1_L8_P3_R09,MC1_BASE_N1_L8_P3_R09,430100108,430200108,WHITENED_SEQUENTIAL_BEAMSPACE_EXPECTED_TOTAL_SNR,STAGE8_K2_TANGENT_WHITE_SNR_MONTE_CARLO_AND_CLOSURE_V1,ONE_SYNTHETIC_CPI,ONE_SELECTED_RANGE_DOPPLER_CELL,1,1,0,0,0,31a85cf10323dcb0ff906b98f8f0dab39e853ab81d2695b1979df50869258a07,6cee8316d0e8fea3b9700e8ee6450470b818df4a6efc18eb3a9e8a5e8b7b8058,0.580280338957123,31.7778724076082,22
764,MC1_K2_N1_L8_SM6_P3_R10,2,WHITE,1,8,3,P3,3,7.9,10.1,0.15,90,0,0.9,SPECIFIED_CORRELATION,-6,-6,1,10,109,MC1_BASE_N1_L8_P3_R10,MC1_BASE_N1_L8_P3_R10,430100109,430200109,WHITENED_SEQUENTIAL_BEAMSPACE_EXPECTED_TOTAL_SNR,STAGE8_K2_TANGENT_WHITE_SNR_MONTE_CARLO_AND_CLOSURE_V1,ONE_SYNTHETIC_CPI,ONE_SELECTED_RANGE_DOPPLER_CELL,1,1,0,0,0,31a85cf10323dcb0ff906b98f8f0dab39e853ab81d2695b1979df50869258a07,817cea1b0beb91ed88d69d3f3537d16a65beef680e506fdedac7304f28c9ec68,-27.419720163974,3.79904202039594,-6
765,MC1_K2_N1_L8_SP0_P3_R10,2,WHITE,1,8,3,P3,3,7.9,10.1,0.15,90,0,0.9,SPECIFIED_CORRELATION,0,0,2,10,109,MC1_BASE_N1_L8_P3_R10,MC1_BASE_N1_L8_P3_R10,430100109,430200109,WHITENED_SEQUENTIAL_BEAMSPACE_EXPECTED_TOTAL_SNR,STAGE8_K2_TANGENT_WHITE_SNR_MONTE_CARLO_AND_CLOSURE_V1,ONE_SYNTHETIC_CPI,ONE_SELECTED_RANGE_DOPPLER_CELL,1,1,0,0,0,31a85cf10323dcb0ff906b98f8f0dab39e853ab81d2695b1979df50869258a07,954e7488f86dc310a090b92fa4f5718552098f7fe43a104cd5c3ba4550711363,-21.419720163974,9.79904202039594,-9.64327466553287e-16
766,MC1_K2_N1_L8_SP6_P3_R10,2,WHITE,1,8,3,P3,3,7.9,10.1,0.15,90,0,0.9,SPECIFIED_CORRELATION,6,6,3,10,109,MC1_BASE_N1_L8_P3_R10,MC1_BASE_N1_L8_P3_R10,430100109,430200109,WHITENED_SEQUENTIAL_BEAMSPACE_EXPECTED_TOTAL_SNR,STAGE8_K2_TANGENT_WHITE_SNR_MONTE_CARLO_AND_CLOSURE_V1,ONE_SYNTHETIC_CPI,ONE_SELECTED_RANGE_DOPPLER_CELL,1,1,0,0,0,31a85cf10323dcb0ff906b98f8f0dab39e853ab81d2695b1979df50869258a07,73e5f8b8a28a635d0156c4dd6eaa7f809a00a4d95539b7a551c0bdde5c3075d9,-15.419720163974,15.7990420203959,6
767,MC1_K2_N1_L8_SP10_P3_R10,2,WHITE,1,8,3,P3,3,7.9,10.1,0.15,90,0,0.9,SPECIFIED_CORRELATION,10,10,4,10,109,MC1_BASE_N1_L8_P3_R10,MC1_BASE_N1_L8_P3_R10,430100109,430200109,WHITENED_SEQUENTIAL_BEAMSPACE_EXPECTED_TOTAL_SNR,STAGE8_K2_TANGENT_WHITE_SNR_MONTE_CARLO_AND_CLOSURE_V1,ONE_SYNTHETIC_CPI,ONE_SELECTED_RANGE_DOPPLER_CELL,1,1,0,0,0,31a85cf10323dcb0ff906b98f8f0dab39e853ab81d2695b1979df50869258a07,f1ab4ed056059049ee27ceca0e2fc475cca018dcd94eda0aefa28d037e28b1f9,-11.419720163974,19.7990420203959,10
768,MC1_K2_N1_L8_SP14_P3_R10,2,WHITE,1,8,3,P3,3,7.9,10.1,0.15,90,0,0.9,SPECIFIED_CORRELATION,14,14,5,10,109,MC1_BASE_N1_L8_P3_R10,MC1_BASE_N1_L8_P3_R10,430100109,430200109,WHITENED_SEQUENTIAL_BEAMSPACE_EXPECTED_TOTAL_SNR,STAGE8_K2_TANGENT_WHITE_SNR_MONTE_CARLO_AND_CLOSURE_V1,ONE_SYNTHETIC_CPI,ONE_SELECTED_RANGE_DOPPLER_CELL,1,1,0,0,0,31a85cf10323dcb0ff906b98f8f0dab39e853ab81d2695b1979df50869258a07,126bde2b9ae595ca7c8a369a8c69862807efa5bbbf3879223579bbf6d1974456,-7.41972016397405,23.7990420203959,14
769,MC1_K2_N1_L8_SP18_P3_R10,2,WHITE,1,8,3,P3,3,7.9,10.1,0.15,90,0,0.9,SPECIFIED_CORRELATION,18,18,6,10,109,MC1_BASE_N1_L8_P3_R10,MC1_BASE_N1_L8_P3_R10,430100109,430200109,WHITENED_SEQUENTIAL_BEAMSPACE_EXPECTED_TOTAL_SNR,STAGE8_K2_TANGENT_WHITE_SNR_MONTE_CARLO_AND_CLOSURE_V1,ONE_SYNTHETIC_CPI,ONE_SELECTED_RANGE_DOPPLER_CELL,1,1,0,0,0,31a85cf10323dcb0ff906b98f8f0dab39e853ab81d2695b1979df50869258a07,364fb19b97aa0b0aeee18c1070facbf2dde2202c8c266af576e5801f170908c4,-3.41972016397405,27.7990420203959,18
770,MC1_K2_N1_L8_SP22_P3_R10,2,WHITE,1,8,3,P3,3,7.9,10.1,0.15,90,0,0.9,SPECIFIED_CORRELATION,22,22,7,10,109,MC1_BASE_N1_L8_P3_R10,MC1_BASE_N1_L8_P3_R10,430100109,430200109,WHITENED_SEQUENTIAL_BEAMSPACE_EXPECTED_TOTAL_SNR,STAGE8_K2_TANGENT_WHITE_SNR_MONTE_CARLO_AND_CLOSURE_V1,ONE_SYNTHETIC_CPI,ONE_SELECTED_RANGE_DOPPLER_CELL,1,1,0,0,0,31a85cf10323dcb0ff906b98f8f0dab39e853ab81d2695b1979df50869258a07,60627e308a05f251310d1ace3afc9e50d85dd881930e6a14328d1513c5075714,0.580279836025956,31.7990420203959,22
771,MC1_K2_N1_L8_SM6_P4_R01,2,WHITE,1,8,3,P4,4,8.1,9.95,0.1,135,-6,0.9,SPECIFIED_CORRELATION,-6,-6,1,1,110,MC1_BASE_N1_L8_P4_R01,MC1_BASE_N1_L8_P4_R01,430100110,430200110,WHITENED_SEQUENTIAL_BEAMSPACE_EXPECTED_TOTAL_SNR,STAGE8_K2_TANGENT_WHITE_SNR_MONTE_CARLO_AND_CLOSURE_V1,ONE_SYNTHETIC_CPI,ONE_SELECTED_RANGE_DOPPLER_CELL,1,1,0,0,0,31a85cf10323dcb0ff906b98f8f0dab39e853ab81d2695b1979df50869258a07,d19d4f0f7daee35100048613374a2d28ce2960684ce45a68f6c82995a8c3155a,-27.4197198389682,3.77567621869823,-6
772,MC1_K2_N1_L8_SP0_P4_R01,2,WHITE,1,8,3,P4,4,8.1,9.95,0.1,135,-6,0.9,SPECIFIED_CORRELATION,0,0,2,1,110,MC1_BASE_N1_L8_P4_R01,MC1_BASE_N1_L8_P4_R01,430100110,430200110,WHITENED_SEQUENTIAL_BEAMSPACE_EXPECTED_TOTAL_SNR,STAGE8_K2_TANGENT_WHITE_SNR_MONTE_CARLO_AND_CLOSURE_V1,ONE_SYNTHETIC_CPI,ONE_SELECTED_RANGE_DOPPLER_CELL,1,1,0,0,0,31a85cf10323dcb0ff906b98f8f0dab39e853ab81d2695b1979df50869258a07,056895bc764c1f92f8102de20f4d4c64e8fc52de66cf473b2961383a049cdef5,-21.4197198389682,9.77567621869823,-9.64327466553287e-16
773,MC1_K2_N1_L8_SP6_P4_R01,2,WHITE,1,8,3,P4,4,8.1,9.95,0.1,135,-6,0.9,SPECIFIED_CORRELATION,6,6,3,1,110,MC1_BASE_N1_L8_P4_R01,MC1_BASE_N1_L8_P4_R01,430100110,430200110,WHITENED_SEQUENTIAL_BEAMSPACE_EXPECTED_TOTAL_SNR,STAGE8_K2_TANGENT_WHITE_SNR_MONTE_CARLO_AND_CLOSURE_V1,ONE_SYNTHETIC_CPI,ONE_SELECTED_RANGE_DOPPLER_CELL,1,1,0,0,0,31a85cf10323dcb0ff906b98f8f0dab39e853ab81d2695b1979df50869258a07,cbd262f2d2891cce44993fd2487576e9480b2d06f7bfe3d84e8947fda1ff35f2,-15.4197198389682,15.7756762186982,6
774,MC1_K2_N1_L8_SP10_P4_R01,2,WHITE,1,8,3,P4,4,8.1,9.95,0.1,135,-6,0.9,SPECIFIED_CORRELATION,10,10,4,1,110,MC1_BASE_N1_L8_P4_R01,MC1_BASE_N1_L8_P4_R01,430100110,430200110,WHITENED_SEQUENTIAL_BEAMSPACE_EXPECTED_TOTAL_SNR,STAGE8_K2_TANGENT_WHITE_SNR_MONTE_CARLO_AND_CLOSURE_V1,ONE_SYNTHETIC_CPI,ONE_SELECTED_RANGE_DOPPLER_CELL,1,1,0,0,0,31a85cf10323dcb0ff906b98f8f0dab39e853ab81d2695b1979df50869258a07,c514f6166c6c549ca2b48be735504e0c713ddc1d270867fc3a3ab63c49457463,-11.4197198389682,19.7756762186982,10
775,MC1_K2_N1_L8_SP14_P4_R01,2,WHITE,1,8,3,P4,4,8.1,9.95,0.1,135,-6,0.9,SPECIFIED_CORRELATION,14,14,5,1,110,MC1_BASE_N1_L8_P4_R01,MC1_BASE_N1_L8_P4_R01,430100110,430200110,WHITENED_SEQUENTIAL_BEAMSPACE_EXPECTED_TOTAL_SNR,STAGE8_K2_TANGENT_WHITE_SNR_MONTE_CARLO_AND_CLOSURE_V1,ONE_SYNTHETIC_CPI,ONE_SELECTED_RANGE_DOPPLER_CELL,1,1,0,0,0,31a85cf10323dcb0ff906b98f8f0dab39e853ab81d2695b1979df50869258a07,fab65f60ab0e20f874451ecc82bb4e3073e6702d574f1571473200fb0e50daa4,-7.41971983896824,23.7756762186982,14
776,MC1_K2_N1_L8_SP18_P4_R01,2,WHITE,1,8,3,P4,4,8.1,9.95,0.1,135,-6,0.9,SPECIFIED_CORRELATION,18,18,6,1,110,MC1_BASE_N1_L8_P4_R01,MC1_BASE_N1_L8_P4_R01,430100110,430200110,WHITENED_SEQUENTIAL_BEAMSPACE_EXPECTED_TOTAL_SNR,STAGE8_K2_TANGENT_WHITE_SNR_MONTE_CARLO_AND_CLOSURE_V1,ONE_SYNTHETIC_CPI,ONE_SELECTED_RANGE_DOPPLER_CELL,1,1,0,0,0,31a85cf10323dcb0ff906b98f8f0dab39e853ab81d2695b1979df50869258a07,d509903fa6b707e39ee8affb98135bd9f0e31121a96f9c3a73d62bf70322209d,-3.41971983896824,27.7756762186982,18
777,MC1_K2_N1_L8_SP22_P4_R01,2,WHITE,1,8,3,P4,4,8.1,9.95,0.1,135,-6,0.9,SPECIFIED_CORRELATION,22,22,7,1,110,MC1_BASE_N1_L8_P4_R01,MC1_BASE_N1_L8_P4_R01,430100110,430200110,WHITENED_SEQUENTIAL_BEAMSPACE_EXPECTED_TOTAL_SNR,STAGE8_K2_TANGENT_WHITE_SNR_MONTE_CARLO_AND_CLOSURE_V1,ONE_SYNTHETIC_CPI,ONE_SELECTED_RANGE_DOPPLER_CELL,1,1,0,0,0,31a85cf10323dcb0ff906b98f8f0dab39e853ab81d2695b1979df50869258a07,782ac42453ee3785f89c542c027ae53b459cb46c888f34655d4d047fa5ba704a,0.580280161031763,31.7756762186982,22
778,MC1_K2_N1_L8_SM6_P4_R02,2,WHITE,1,8,3,P4,4,8.1,9.95,0.1,135,-6,0.9,SPECIFIED_CORRELATION,-6,-6,1,2,111,MC1_BASE_N1_L8_P4_R02,MC1_BASE_N1_L8_P4_R02,430100111,430200111,WHITENED_SEQUENTIAL_BEAMSPACE_EXPECTED_TOTAL_SNR,STAGE8_K2_TANGENT_WHITE_SNR_MONTE_CARLO_AND_CLOSURE_V1,ONE_SYNTHETIC_CPI,ONE_SELECTED_RANGE_DOPPLER_CELL,1,1,0,0,0,31a85cf10323dcb0ff906b98f8f0dab39e853ab81d2695b1979df50869258a07,42dc30c93baa36507fd8ffb089f965a1e8f9cbf6266a3ba3eb85d23b7dbd9cb2,-27.4197202534012,3.79631631011558,-6
779,MC1_K2_N1_L8_SP0_P4_R02,2,WHITE,1,8,3,P4,4,8.1,9.95,0.1,135,-6,0.9,SPECIFIED_CORRELATION,0,0,2,2,111,MC1_BASE_N1_L8_P4_R02,MC1_BASE_N1_L8_P4_R02,430100111,430200111,WHITENED_SEQUENTIAL_BEAMSPACE_EXPECTED_TOTAL_SNR,STAGE8_K2_TANGENT_WHITE_SNR_MONTE_CARLO_AND_CLOSURE_V1,ONE_SYNTHETIC_CPI,ONE_SELECTED_RANGE_DOPPLER_CELL,1,1,0,0,0,31a85cf10323dcb0ff906b98f8f0dab39e853ab81d2695b1979df50869258a07,13dd7376fe0042061514bf40633ffce1bf2f6c266b72888e80376bdf3e3adbad,-21.4197202534012,9.79631631011558,9.64327466553287e-16
780,MC1_K2_N1_L8_SP6_P4_R02,2,WHITE,1,8,3,P4,4,8.1,9.95,0.1,135,-6,0.9,SPECIFIED_CORRELATION,6,6,3,2,111,MC1_BASE_N1_L8_P4_R02,MC1_BASE_N1_L8_P4_R02,430100111,430200111,WHITENED_SEQUENTIAL_BEAMSPACE_EXPECTED_TOTAL_SNR,STAGE8_K2_TANGENT_WHITE_SNR_MONTE_CARLO_AND_CLOSURE_V1,ONE_SYNTHETIC_CPI,ONE_SELECTED_RANGE_DOPPLER_CELL,1,1,0,0,0,31a85cf10323dcb0ff906b98f8f0dab39e853ab81d2695b1979df50869258a07,db7cc9bfebe84690728dc789e6f2eecb1bda9ed4e903f34c87f67c4653b3512f,-15.4197202534012,15.7963163101156,6
781,MC1_K2_N1_L8_SP10_P4_R02,2,WHITE,1,8,3,P4,4,8.1,9.95,0.1,135,-6,0.9,SPECIFIED_CORRELATION,10,10,4,2,111,MC1_BASE_N1_L8_P4_R02,MC1_BASE_N1_L8_P4_R02,430100111,430200111,WHITENED_SEQUENTIAL_BEAMSPACE_EXPECTED_TOTAL_SNR,STAGE8_K2_TANGENT_WHITE_SNR_MONTE_CARLO_AND_CLOSURE_V1,ONE_SYNTHETIC_CPI,ONE_SELECTED_RANGE_DOPPLER_CELL,1,1,0,0,0,31a85cf10323dcb0ff906b98f8f0dab39e853ab81d2695b1979df50869258a07,008a836d9f89d21669c75c92c83ec3c44e094661e513734bd33d9d2033ca5e88,-11.4197202534012,19.7963163101156,10
782,MC1_K2_N1_L8_SP14_P4_R02,2,WHITE,1,8,3,P4,4,8.1,9.95,0.1,135,-6,0.9,SPECIFIED_CORRELATION,14,14,5,2,111,MC1_BASE_N1_L8_P4_R02,MC1_BASE_N1_L8_P4_R02,430100111,430200111,WHITENED_SEQUENTIAL_BEAMSPACE_EXPECTED_TOTAL_SNR,STAGE8_K2_TANGENT_WHITE_SNR_MONTE_CARLO_AND_CLOSURE_V1,ONE_SYNTHETIC_CPI,ONE_SELECTED_RANGE_DOPPLER_CELL,1,1,0,0,0,31a85cf10323dcb0ff906b98f8f0dab39e853ab81d2695b1979df50869258a07,049e23e8c1e957889049199e1aa926718afeb2e661f5b91c4164602c2578b590,-7.41972025340119,23.7963163101156,14
783,MC1_K2_N1_L8_SP18_P4_R02,2,WHITE,1,8,3,P4,4,8.1,9.95,0.1,135,-6,0.9,SPECIFIED_CORRELATION,18,18,6,2,111,MC1_BASE_N1_L8_P4_R02,MC1_BASE_N1_L8_P4_R02,430100111,430200111,WHITENED_SEQUENTIAL_BEAMSPACE_EXPECTED_TOTAL_SNR,STAGE8_K2_TANGENT_WHITE_SNR_MONTE_CARLO_AND_CLOSURE_V1,ONE_SYNTHETIC_CPI,ONE_SELECTED_RANGE_DOPPLER_CELL,1,1,0,0,0,31a85cf10323dcb0ff906b98f8f0dab39e853ab81d2695b1979df50869258a07,871a519e0f63d821e5a53331d9ec8d569f30bf477f2dd4a0a0c1236811c430fd,-3.41972025340119,27.7963163101156,18
784,MC1_K2_N1_L8_SP22_P4_R02,2,WHITE,1,8,3,P4,4,8.1,9.95,0.1,135,-6,0.9,SPECIFIED_CORRELATION,22,22,7,2,111,MC1_BASE_N1_L8_P4_R02,MC1_BASE_N1_L8_P4_R02,430100111,430200111,WHITENED_SEQUENTIAL_BEAMSPACE_EXPECTED_TOTAL_SNR,STAGE8_K2_TANGENT_WHITE_SNR_MONTE_CARLO_AND_CLOSURE_V1,ONE_SYNTHETIC_CPI,ONE_SELECTED_RANGE_DOPPLER_CELL,1,1,0,0,0,31a85cf10323dcb0ff906b98f8f0dab39e853ab81d2695b1979df50869258a07,55f0bcc94d14ac239638adb0c25e71fd85f1b2d61a8502e1d83b7a5bc9cfda5f,0.580279746598818,31.7963163101156,22
785,MC1_K2_N1_L8_SM6_P4_R03,2,WHITE,1,8,3,P4,4,8.1,9.95,0.1,135,-6,0.9,SPECIFIED_CORRELATION,-6,-6,1,3,112,MC1_BASE_N1_L8_P4_R03,MC1_BASE_N1_L8_P4_R03,430100112,430200112,WHITENED_SEQUENTIAL_BEAMSPACE_EXPECTED_TOTAL_SNR,STAGE8_K2_TANGENT_WHITE_SNR_MONTE_CARLO_AND_CLOSURE_V1,ONE_SYNTHETIC_CPI,ONE_SELECTED_RANGE_DOPPLER_CELL,1,1,0,0,0,31a85cf10323dcb0ff906b98f8f0dab39e853ab81d2695b1979df50869258a07,029579abd5bf496e74f26894958a098077c5ef35a46825fdc5b6598c4f0f577a,-27.4197205219027,3.81269499789342,-6
786,MC1_K2_N1_L8_SP0_P4_R03,2,WHITE,1,8,3,P4,4,8.1,9.95,0.1,135,-6,0.9,SPECIFIED_CORRELATION,0,0,2,3,112,MC1_BASE_N1_L8_P4_R03,MC1_BASE_N1_L8_P4_R03,430100112,430200112,WHITENED_SEQUENTIAL_BEAMSPACE_EXPECTED_TOTAL_SNR,STAGE8_K2_TANGENT_WHITE_SNR_MONTE_CARLO_AND_CLOSURE_V1,ONE_SYNTHETIC_CPI,ONE_SELECTED_RANGE_DOPPLER_CELL,1,1,0,0,0,31a85cf10323dcb0ff906b98f8f0dab39e853ab81d2695b1979df50869258a07,59d67ed58c2c5a57a0e2be44aeee14e0fa3ad6aa560eb4e9e2695b48cdcf71cc,-21.4197205219027,9.81269499789342,1.92865493310657e-15
787,MC1_K2_N1_L8_SP6_P4_R03,2,WHITE,1,8,3,P4,4,8.1,9.95,0.1,135,-6,0.9,SPECIFIED_CORRELATION,6,6,3,3,112,MC1_BASE_N1_L8_P4_R03,MC1_BASE_N1_L8_P4_R03,430100112,430200112,WHITENED_SEQUENTIAL_BEAMSPACE_EXPECTED_TOTAL_SNR,STAGE8_K2_TANGENT_WHITE_SNR_MONTE_CARLO_AND_CLOSURE_V1,ONE_SYNTHETIC_CPI,ONE_SELECTED_RANGE_DOPPLER_CELL,1,1,0,0,0,31a85cf10323dcb0ff906b98f8f0dab39e853ab81d2695b1979df50869258a07,05bf31af0386861fd6767b76e85b0a4a9cb25e38d8dfd8279f5f1f3f8e3c1e56,-15.4197205219027,15.8126949978934,6
788,MC1_K2_N1_L8_SP10_P4_R03,2,WHITE,1,8,3,P4,4,8.1,9.95,0.1,135,-6,0.9,SPECIFIED_CORRELATION,10,10,4,3,112,MC1_BASE_N1_L8_P4_R03,MC1_BASE_N1_L8_P4_R03,430100112,430200112,WHITENED_SEQUENTIAL_BEAMSPACE_EXPECTED_TOTAL_SNR,STAGE8_K2_TANGENT_WHITE_SNR_MONTE_CARLO_AND_CLOSURE_V1,ONE_SYNTHETIC_CPI,ONE_SELECTED_RANGE_DOPPLER_CELL,1,1,0,0,0,31a85cf10323dcb0ff906b98f8f0dab39e853ab81d2695b1979df50869258a07,9f49ae0c9d45893f941f46a36a28ef76b9e31f620f44830b93233f57fbdde7ae,-11.4197205219027,19.8126949978934,10
789,MC1_K2_N1_L8_SP14_P4_R03,2,WHITE,1,8,3,P4,4,8.1,9.95,0.1,135,-6,0.9,SPECIFIED_CORRELATION,14,14,5,3,112,MC1_BASE_N1_L8_P4_R03,MC1_BASE_N1_L8_P4_R03,430100112,430200112,WHITENED_SEQUENTIAL_BEAMSPACE_EXPECTED_TOTAL_SNR,STAGE8_K2_TANGENT_WHITE_SNR_MONTE_CARLO_AND_CLOSURE_V1,ONE_SYNTHETIC_CPI,ONE_SELECTED_RANGE_DOPPLER_CELL,1,1,0,0,0,31a85cf10323dcb0ff906b98f8f0dab39e853ab81d2695b1979df50869258a07,edf9825197053f61e90f1893c61457996c1783bd3b0c07d213b19493f0972107,-7.4197205219027,23.8126949978934,14
790,MC1_K2_N1_L8_SP18_P4_R03,2,WHITE,1,8,3,P4,4,8.1,9.95,0.1,135,-6,0.9,SPECIFIED_CORRELATION,18,18,6,3,112,MC1_BASE_N1_L8_P4_R03,MC1_BASE_N1_L8_P4_R03,430100112,430200112,WHITENED_SEQUENTIAL_BEAMSPACE_EXPECTED_TOTAL_SNR,STAGE8_K2_TANGENT_WHITE_SNR_MONTE_CARLO_AND_CLOSURE_V1,ONE_SYNTHETIC_CPI,ONE_SELECTED_RANGE_DOPPLER_CELL,1,1,0,0,0,31a85cf10323dcb0ff906b98f8f0dab39e853ab81d2695b1979df50869258a07,b10a092657b8e70094a1d7fa290dfca71508d9d3baad653e0090e425e0d91c5d,-3.4197205219027,27.8126949978934,18
791,MC1_K2_N1_L8_SP22_P4_R03,2,WHITE,1,8,3,P4,4,8.1,9.95,0.1,135,-6,0.9,SPECIFIED_CORRELATION,22,22,7,3,112,MC1_BASE_N1_L8_P4_R03,MC1_BASE_N1_L8_P4_R03,430100112,430200112,WHITENED_SEQUENTIAL_BEAMSPACE_EXPECTED_TOTAL_SNR,STAGE8_K2_TANGENT_WHITE_SNR_MONTE_CARLO_AND_CLOSURE_V1,ONE_SYNTHETIC_CPI,ONE_SELECTED_RANGE_DOPPLER_CELL,1,1,0,0,0,31a85cf10323dcb0ff906b98f8f0dab39e853ab81d2695b1979df50869258a07,151c188e37668d097c6c07e5e3ea2729f8efe8c5af12328ae96874a612f78f6c,0.580279478097305,31.8126949978934,22
792,MC1_K2_N1_L8_SM6_P4_R04,2,WHITE,1,8,3,P4,4,8.1,9.95,0.1,135,-6,0.9,SPECIFIED_CORRELATION,-6,-6,1,4,113,MC1_BASE_N1_L8_P4_R04,MC1_BASE_N1_L8_P4_R04,430100113,430200113,WHITENED_SEQUENTIAL_BEAMSPACE_EXPECTED_TOTAL_SNR,STAGE8_K2_TANGENT_WHITE_SNR_MONTE_CARLO_AND_CLOSURE_V1,ONE_SYNTHETIC_CPI,ONE_SELECTED_RANGE_DOPPLER_CELL,1,1,0,0,0,31a85cf10323dcb0ff906b98f8f0dab39e853ab81d2695b1979df50869258a07,4e4156b4941c608ab7d0f48976eb63666eb5ee517c7872af3b14c50d9d2c8646,-27.4197200218358,3.78641110731027,-6
793,MC1_K2_N1_L8_SP0_P4_R04,2,WHITE,1,8,3,P4,4,8.1,9.95,0.1,135,-6,0.9,SPECIFIED_CORRELATION,0,0,2,4,113,MC1_BASE_N1_L8_P4_R04,MC1_BASE_N1_L8_P4_R04,430100113,430200113,WHITENED_SEQUENTIAL_BEAMSPACE_EXPECTED_TOTAL_SNR,STAGE8_K2_TANGENT_WHITE_SNR_MONTE_CARLO_AND_CLOSURE_V1,ONE_SYNTHETIC_CPI,ONE_SELECTED_RANGE_DOPPLER_CELL,1,1,0,0,0,31a85cf10323dcb0ff906b98f8f0dab39e853ab81d2695b1979df50869258a07,ef3b032a25f96768e227aa7d7e9864030a4fb1d31c193214a9e4cd39c465b550,-21.4197200218358,9.78641110731027,1.92865493310657e-15
794,MC1_K2_N1_L8_SP6_P4_R04,2,WHITE,1,8,3,P4,4,8.1,9.95,0.1,135,-6,0.9,SPECIFIED_CORRELATION,6,6,3,4,113,MC1_BASE_N1_L8_P4_R04,MC1_BASE_N1_L8_P4_R04,430100113,430200113,WHITENED_SEQUENTIAL_BEAMSPACE_EXPECTED_TOTAL_SNR,STAGE8_K2_TANGENT_WHITE_SNR_MONTE_CARLO_AND_CLOSURE_V1,ONE_SYNTHETIC_CPI,ONE_SELECTED_RANGE_DOPPLER_CELL,1,1,0,0,0,31a85cf10323dcb0ff906b98f8f0dab39e853ab81d2695b1979df50869258a07,be1abb251e596bbe689a76156702e61c7136863cc92ff08dea143b9b0709398d,-15.4197200218358,15.7864111073103,6
795,MC1_K2_N1_L8_SP10_P4_R04,2,WHITE,1,8,3,P4,4,8.1,9.95,0.1,135,-6,0.9,SPECIFIED_CORRELATION,10,10,4,4,113,MC1_BASE_N1_L8_P4_R04,MC1_BASE_N1_L8_P4_R04,430100113,430200113,WHITENED_SEQUENTIAL_BEAMSPACE_EXPECTED_TOTAL_SNR,STAGE8_K2_TANGENT_WHITE_SNR_MONTE_CARLO_AND_CLOSURE_V1,ONE_SYNTHETIC_CPI,ONE_SELECTED_RANGE_DOPPLER_CELL,1,1,0,0,0,31a85cf10323dcb0ff906b98f8f0dab39e853ab81d2695b1979df50869258a07,1a89051daf527e2c8e650dc93e9306a167b10f77795e574f4599dac95cee1528,-11.4197200218358,19.7864111073103,10
796,MC1_K2_N1_L8_SP14_P4_R04,2,WHITE,1,8,3,P4,4,8.1,9.95,0.1,135,-6,0.9,SPECIFIED_CORRELATION,14,14,5,4,113,MC1_BASE_N1_L8_P4_R04,MC1_BASE_N1_L8_P4_R04,430100113,430200113,WHITENED_SEQUENTIAL_BEAMSPACE_EXPECTED_TOTAL_SNR,STAGE8_K2_TANGENT_WHITE_SNR_MONTE_CARLO_AND_CLOSURE_V1,ONE_SYNTHETIC_CPI,ONE_SELECTED_RANGE_DOPPLER_CELL,1,1,0,0,0,31a85cf10323dcb0ff906b98f8f0dab39e853ab81d2695b1979df50869258a07,b85be25c913dbaaf665cc5d187d66c6ef2ace99b04eebedfc45352ca12594cef,-7.41972002183584,23.7864111073103,14
797,MC1_K2_N1_L8_SP18_P4_R04,2,WHITE,1,8,3,P4,4,8.1,9.95,0.1,135,-6,0.9,SPECIFIED_CORRELATION,18,18,6,4,113,MC1_BASE_N1_L8_P4_R04,MC1_BASE_N1_L8_P4_R04,430100113,430200113,WHITENED_SEQUENTIAL_BEAMSPACE_EXPECTED_TOTAL_SNR,STAGE8_K2_TANGENT_WHITE_SNR_MONTE_CARLO_AND_CLOSURE_V1,ONE_SYNTHETIC_CPI,ONE_SELECTED_RANGE_DOPPLER_CELL,1,1,0,0,0,31a85cf10323dcb0ff906b98f8f0dab39e853ab81d2695b1979df50869258a07,5f29f3d3d0adfad1072ce23f91e756af8663f794ec17fe58aeb03cdf63f1d731,-3.41972002183584,27.7864111073103,18
798,MC1_K2_N1_L8_SP22_P4_R04,2,WHITE,1,8,3,P4,4,8.1,9.95,0.1,135,-6,0.9,SPECIFIED_CORRELATION,22,22,7,4,113,MC1_BASE_N1_L8_P4_R04,MC1_BASE_N1_L8_P4_R04,430100113,430200113,WHITENED_SEQUENTIAL_BEAMSPACE_EXPECTED_TOTAL_SNR,STAGE8_K2_TANGENT_WHITE_SNR_MONTE_CARLO_AND_CLOSURE_V1,ONE_SYNTHETIC_CPI,ONE_SELECTED_RANGE_DOPPLER_CELL,1,1,0,0,0,31a85cf10323dcb0ff906b98f8f0dab39e853ab81d2695b1979df50869258a07,ad7d23cf81d93f1d1df85b31da390da31fbe9ce0cc7f6f97694e8013efbe2602,0.580279978164165,31.7864111073103,22
799,MC1_K2_N1_L8_SM6_P4_R05,2,WHITE,1,8,3,P4,4,8.1,9.95,0.1,135,-6,0.9,SPECIFIED_CORRELATION,-6,-6,1,5,114,MC1_BASE_N1_L8_P4_R05,MC1_BASE_N1_L8_P4_R05,430100114,430200114,WHITENED_SEQUENTIAL_BEAMSPACE_EXPECTED_TOTAL_SNR,STAGE8_K2_TANGENT_WHITE_SNR_MONTE_CARLO_AND_CLOSURE_V1,ONE_SYNTHETIC_CPI,ONE_SELECTED_RANGE_DOPPLER_CELL,1,1,0,0,0,31a85cf10323dcb0ff906b98f8f0dab39e853ab81d2695b1979df50869258a07,bd56a659a07f08673ec5f9626113c8dcc4d0ef31c34f62d597fc26d4032735bf,-27.4197197331148,3.76835773911408,-6
800,MC1_K2_N1_L8_SP0_P4_R05,2,WHITE,1,8,3,P4,4,8.1,9.95,0.1,135,-6,0.9,SPECIFIED_CORRELATION,0,0,2,5,114,MC1_BASE_N1_L8_P4_R05,MC1_BASE_N1_L8_P4_R05,430100114,430200114,WHITENED_SEQUENTIAL_BEAMSPACE_EXPECTED_TOTAL_SNR,STAGE8_K2_TANGENT_WHITE_SNR_MONTE_CARLO_AND_CLOSURE_V1,ONE_SYNTHETIC_CPI,ONE_SELECTED_RANGE_DOPPLER_CELL,1,1,0,0,0,31a85cf10323dcb0ff906b98f8f0dab39e853ab81d2695b1979df50869258a07,f77076d8955db73196e12b130960c3fcc8f21f52adf3525e0524537b21f5e27d,-21.4197197331148,9.76835773911408,2.89298239965986e-15
801,MC1_K2_N1_L8_SP6_P4_R05,2,WHITE,1,8,3,P4,4,8.1,9.95,0.1,135,-6,0.9,SPECIFIED_CORRELATION,6,6,3,5,114,MC1_BASE_N1_L8_P4_R05,MC1_BASE_N1_L8_P4_R05,430100114,430200114,WHITENED_SEQUENTIAL_BEAMSPACE_EXPECTED_TOTAL_SNR,STAGE8_K2_TANGENT_WHITE_SNR_MONTE_CARLO_AND_CLOSURE_V1,ONE_SYNTHETIC_CPI,ONE_SELECTED_RANGE_DOPPLER_CELL,1,1,0,0,0,31a85cf10323dcb0ff906b98f8f0dab39e853ab81d2695b1979df50869258a07,5b51ab6cf45a3eeaa11037f4a0e25bbbb125baa3b7997550ba35c9aa096185d0,-15.4197197331148,15.7683577391141,6
802,MC1_K2_N1_L8_SP10_P4_R05,2,WHITE,1,8,3,P4,4,8.1,9.95,0.1,135,-6,0.9,SPECIFIED_CORRELATION,10,10,4,5,114,MC1_BASE_N1_L8_P4_R05,MC1_BASE_N1_L8_P4_R05,430100114,430200114,WHITENED_SEQUENTIAL_BEAMSPACE_EXPECTED_TOTAL_SNR,STAGE8_K2_TANGENT_WHITE_SNR_MONTE_CARLO_AND_CLOSURE_V1,ONE_SYNTHETIC_CPI,ONE_SELECTED_RANGE_DOPPLER_CELL,1,1,0,0,0,31a85cf10323dcb0ff906b98f8f0dab39e853ab81d2695b1979df50869258a07,69135e558d2d8ef2a0874bad992ef2b7126029bd7941944e2b79e9b3bd0c5d30,-11.4197197331148,19.7683577391141,10
803,MC1_K2_N1_L8_SP14_P4_R05,2,WHITE,1,8,3,P4,4,8.1,9.95,0.1,135,-6,0.9,SPECIFIED_CORRELATION,14,14,5,5,114,MC1_BASE_N1_L8_P4_R05,MC1_BASE_N1_L8_P4_R05,430100114,430200114,WHITENED_SEQUENTIAL_BEAMSPACE_EXPECTED_TOTAL_SNR,STAGE8_K2_TANGENT_WHITE_SNR_MONTE_CARLO_AND_CLOSURE_V1,ONE_SYNTHETIC_CPI,ONE_SELECTED_RANGE_DOPPLER_CELL,1,1,0,0,0,31a85cf10323dcb0ff906b98f8f0dab39e853ab81d2695b1979df50869258a07,a8dcf08fd6502c8d4b1799f4033c99c1f4704c3d99d5483860068ebaf5549fbe,-7.41971973311476,23.7683577391141,14
804,MC1_K2_N1_L8_SP18_P4_R05,2,WHITE,1,8,3,P4,4,8.1,9.95,0.1,135,-6,0.9,SPECIFIED_CORRELATION,18,18,6,5,114,MC1_BASE_N1_L8_P4_R05,MC1_BASE_N1_L8_P4_R05,430100114,430200114,WHITENED_SEQUENTIAL_BEAMSPACE_EXPECTED_TOTAL_SNR,STAGE8_K2_TANGENT_WHITE_SNR_MONTE_CARLO_AND_CLOSURE_V1,ONE_SYNTHETIC_CPI,ONE_SELECTED_RANGE_DOPPLER_CELL,1,1,0,0,0,31a85cf10323dcb0ff906b98f8f0dab39e853ab81d2695b1979df50869258a07,c37a7ac83b90916e1427010a6eee40fc671710338cfe3c294d2e6306b4d81433,-3.41971973311476,27.7683577391141,18
805,MC1_K2_N1_L8_SP22_P4_R05,2,WHITE,1,8,3,P4,4,8.1,9.95,0.1,135,-6,0.9,SPECIFIED_CORRELATION,22,22,7,5,114,MC1_BASE_N1_L8_P4_R05,MC1_BASE_N1_L8_P4_R05,430100114,430200114,WHITENED_SEQUENTIAL_BEAMSPACE_EXPECTED_TOTAL_SNR,STAGE8_K2_TANGENT_WHITE_SNR_MONTE_CARLO_AND_CLOSURE_V1,ONE_SYNTHETIC_CPI,ONE_SELECTED_RANGE_DOPPLER_CELL,1,1,0,0,0,31a85cf10323dcb0ff906b98f8f0dab39e853ab81d2695b1979df50869258a07,da8aca8300fa00005c2a7c2edacb9cd587c6e407d0d3be40f78e6ad0159c8c94,0.580280266885245,31.7683577391141,22
806,MC1_K2_N1_L8_SM6_P4_R06,2,WHITE,1,8,3,P4,4,8.1,9.95,0.1,135,-6,0.9,SPECIFIED_CORRELATION,-6,-6,1,6,115,MC1_BASE_N1_L8_P4_R06,MC1_BASE_N1_L8_P4_R06,430100115,430200115,WHITENED_SEQUENTIAL_BEAMSPACE_EXPECTED_TOTAL_SNR,STAGE8_K2_TANGENT_WHITE_SNR_MONTE_CARLO_AND_CLOSURE_V1,ONE_SYNTHETIC_CPI,ONE_SELECTED_RANGE_DOPPLER_CELL,1,1,0,0,0,31a85cf10323dcb0ff906b98f8f0dab39e853ab81d2695b1979df50869258a07,38bd2d9a8052780c7d480b1b2dc50932a0f3aea17e1f0de697fd15f39ea19d64,-27.4197198355748,3.77325858434885,-6
807,MC1_K2_N1_L8_SP0_P4_R06,2,WHITE,1,8,3,P4,4,8.1,9.95,0.1,135,-6,0.9,SPECIFIED_CORRELATION,0,0,2,6,115,MC1_BASE_N1_L8_P4_R06,MC1_BASE_N1_L8_P4_R06,430100115,430200115,WHITENED_SEQUENTIAL_BEAMSPACE_EXPECTED_TOTAL_SNR,STAGE8_K2_TANGENT_WHITE_SNR_MONTE_CARLO_AND_CLOSURE_V1,ONE_SYNTHETIC_CPI,ONE_SELECTED_RANGE_DOPPLER_CELL,1,1,0,0,0,31a85cf10323dcb0ff906b98f8f0dab39e853ab81d2695b1979df50869258a07,af4d041781cc5aea5c90947db55e9b14f12501e2a1591ad0ff58de00868356b5,-21.4197198355748,9.77325858434885,-9.64327466553287e-16
808,MC1_K2_N1_L8_SP6_P4_R06,2,WHITE,1,8,3,P4,4,8.1,9.95,0.1,135,-6,0.9,SPECIFIED_CORRELATION,6,6,3,6,115,MC1_BASE_N1_L8_P4_R06,MC1_BASE_N1_L8_P4_R06,430100115,430200115,WHITENED_SEQUENTIAL_BEAMSPACE_EXPECTED_TOTAL_SNR,STAGE8_K2_TANGENT_WHITE_SNR_MONTE_CARLO_AND_CLOSURE_V1,ONE_SYNTHETIC_CPI,ONE_SELECTED_RANGE_DOPPLER_CELL,1,1,0,0,0,31a85cf10323dcb0ff906b98f8f0dab39e853ab81d2695b1979df50869258a07,708580835be8fcf3023fbec23062bd0506887e31f70afb4020180be7a731cfdc,-15.4197198355748,15.7732585843489,6
809,MC1_K2_N1_L8_SP10_P4_R06,2,WHITE,1,8,3,P4,4,8.1,9.95,0.1,135,-6,0.9,SPECIFIED_CORRELATION,10,10,4,6,115,MC1_BASE_N1_L8_P4_R06,MC1_BASE_N1_L8_P4_R06,430100115,430200115,WHITENED_SEQUENTIAL_BEAMSPACE_EXPECTED_TOTAL_SNR,STAGE8_K2_TANGENT_WHITE_SNR_MONTE_CARLO_AND_CLOSURE_V1,ONE_SYNTHETIC_CPI,ONE_SELECTED_RANGE_DOPPLER_CELL,1,1,0,0,0,31a85cf10323dcb0ff906b98f8f0dab39e853ab81d2695b1979df50869258a07,1cb21f10f730989529fd675c8617344d588a0c66e2a8ccb86226363687407980,-11.4197198355748,19.7732585843488,10
810,MC1_K2_N1_L8_SP14_P4_R06,2,WHITE,1,8,3,P4,4,8.1,9.95,0.1,135,-6,0.9,SPECIFIED_CORRELATION,14,14,5,6,115,MC1_BASE_N1_L8_P4_R06,MC1_BASE_N1_L8_P4_R06,430100115,430200115,WHITENED_SEQUENTIAL_BEAMSPACE_EXPECTED_TOTAL_SNR,STAGE8_K2_TANGENT_WHITE_SNR_MONTE_CARLO_AND_CLOSURE_V1,ONE_SYNTHETIC_CPI,ONE_SELECTED_RANGE_DOPPLER_CELL,1,1,0,0,0,31a85cf10323dcb0ff906b98f8f0dab39e853ab81d2695b1979df50869258a07,2bbcf01201864c64535b3b396f41577bb497bfc8c10de641a3d57441b4c4e0d0,-7.41971983557482,23.7732585843488,14
811,MC1_K2_N1_L8_SP18_P4_R06,2,WHITE,1,8,3,P4,4,8.1,9.95,0.1,135,-6,0.9,SPECIFIED_CORRELATION,18,18,6,6,115,MC1_BASE_N1_L8_P4_R06,MC1_BASE_N1_L8_P4_R06,430100115,430200115,WHITENED_SEQUENTIAL_BEAMSPACE_EXPECTED_TOTAL_SNR,STAGE8_K2_TANGENT_WHITE_SNR_MONTE_CARLO_AND_CLOSURE_V1,ONE_SYNTHETIC_CPI,ONE_SELECTED_RANGE_DOPPLER_CELL,1,1,0,0,0,31a85cf10323dcb0ff906b98f8f0dab39e853ab81d2695b1979df50869258a07,2739229cc83b47e4dd4eeb3ad7426fcaa7fb436a0475c2f76a3b18d0d884a60c,-3.41971983557482,27.7732585843488,18
812,MC1_K2_N1_L8_SP22_P4_R06,2,WHITE,1,8,3,P4,4,8.1,9.95,0.1,135,-6,0.9,SPECIFIED_CORRELATION,22,22,7,6,115,MC1_BASE_N1_L8_P4_R06,MC1_BASE_N1_L8_P4_R06,430100115,430200115,WHITENED_SEQUENTIAL_BEAMSPACE_EXPECTED_TOTAL_SNR,STAGE8_K2_TANGENT_WHITE_SNR_MONTE_CARLO_AND_CLOSURE_V1,ONE_SYNTHETIC_CPI,ONE_SELECTED_RANGE_DOPPLER_CELL,1,1,0,0,0,31a85cf10323dcb0ff906b98f8f0dab39e853ab81d2695b1979df50869258a07,80d6f2726a34c08aeffdff385a9b7b836192a99462fd4b8d7d3db0e73a19985e,0.580280164425186,31.7732585843488,22
813,MC1_K2_N1_L8_SM6_P4_R07,2,WHITE,1,8,3,P4,4,8.1,9.95,0.1,135,-6,0.9,SPECIFIED_CORRELATION,-6,-6,1,7,116,MC1_BASE_N1_L8_P4_R07,MC1_BASE_N1_L8_P4_R07,430100116,430200116,WHITENED_SEQUENTIAL_BEAMSPACE_EXPECTED_TOTAL_SNR,STAGE8_K2_TANGENT_WHITE_SNR_MONTE_CARLO_AND_CLOSURE_V1,ONE_SYNTHETIC_CPI,ONE_SELECTED_RANGE_DOPPLER_CELL,1,1,0,0,0,31a85cf10323dcb0ff906b98f8f0dab39e853ab81d2695b1979df50869258a07,2e2da949cdd99130e33cdcf28533523a2c32b671c63dae49af02bd730baf8318,-27.4197204852927,3.81152166110238,-6
814,MC1_K2_N1_L8_SP0_P4_R07,2,WHITE,1,8,3,P4,4,8.1,9.95,0.1,135,-6,0.9,SPECIFIED_CORRELATION,0,0,2,7,116,MC1_BASE_N1_L8_P4_R07,MC1_BASE_N1_L8_P4_R07,430100116,430200116,WHITENED_SEQUENTIAL_BEAMSPACE_EXPECTED_TOTAL_SNR,STAGE8_K2_TANGENT_WHITE_SNR_MONTE_CARLO_AND_CLOSURE_V1,ONE_SYNTHETIC_CPI,ONE_SELECTED_RANGE_DOPPLER_CELL,1,1,0,0,0,31a85cf10323dcb0ff906b98f8f0dab39e853ab81d2695b1979df50869258a07,ddfe8c7339117f0956d1e440fed8e6d60c272595de8943fb5c92430afd8b076c,-21.4197204852927,9.81152166110238,9.64327466553287e-16
815,MC1_K2_N1_L8_SP6_P4_R07,2,WHITE,1,8,3,P4,4,8.1,9.95,0.1,135,-6,0.9,SPECIFIED_CORRELATION,6,6,3,7,116,MC1_BASE_N1_L8_P4_R07,MC1_BASE_N1_L8_P4_R07,430100116,430200116,WHITENED_SEQUENTIAL_BEAMSPACE_EXPECTED_TOTAL_SNR,STAGE8_K2_TANGENT_WHITE_SNR_MONTE_CARLO_AND_CLOSURE_V1,ONE_SYNTHETIC_CPI,ONE_SELECTED_RANGE_DOPPLER_CELL,1,1,0,0,0,31a85cf10323dcb0ff906b98f8f0dab39e853ab81d2695b1979df50869258a07,6aa569988f1843ef138348c3ff2a2ff95037ab366c8fad30235f65172223786b,-15.4197204852927,15.8115216611024,6
816,MC1_K2_N1_L8_SP10_P4_R07,2,WHITE,1,8,3,P4,4,8.1,9.95,0.1,135,-6,0.9,SPECIFIED_CORRELATION,10,10,4,7,116,MC1_BASE_N1_L8_P4_R07,MC1_BASE_N1_L8_P4_R07,430100116,430200116,WHITENED_SEQUENTIAL_BEAMSPACE_EXPECTED_TOTAL_SNR,STAGE8_K2_TANGENT_WHITE_SNR_MONTE_CARLO_AND_CLOSURE_V1,ONE_SYNTHETIC_CPI,ONE_SELECTED_RANGE_DOPPLER_CELL,1,1,0,0,0,31a85cf10323dcb0ff906b98f8f0dab39e853ab81d2695b1979df50869258a07,5c83260530f0396980ad2263bf25935263b704deb127c6c87727fdef9694b3b6,-11.4197204852927,19.8115216611024,10
817,MC1_K2_N1_L8_SP14_P4_R07,2,WHITE,1,8,3,P4,4,8.1,9.95,0.1,135,-6,0.9,SPECIFIED_CORRELATION,14,14,5,7,116,MC1_BASE_N1_L8_P4_R07,MC1_BASE_N1_L8_P4_R07,430100116,430200116,WHITENED_SEQUENTIAL_BEAMSPACE_EXPECTED_TOTAL_SNR,STAGE8_K2_TANGENT_WHITE_SNR_MONTE_CARLO_AND_CLOSURE_V1,ONE_SYNTHETIC_CPI,ONE_SELECTED_RANGE_DOPPLER_CELL,1,1,0,0,0,31a85cf10323dcb0ff906b98f8f0dab39e853ab81d2695b1979df50869258a07,64056d79f0ba4e64c621c45b93955a961a269d6d95bb9ab9e6e19a8f1223efbc,-7.41972048529273,23.8115216611024,14
818,MC1_K2_N1_L8_SP18_P4_R07,2,WHITE,1,8,3,P4,4,8.1,9.95,0.1,135,-6,0.9,SPECIFIED_CORRELATION,18,18,6,7,116,MC1_BASE_N1_L8_P4_R07,MC1_BASE_N1_L8_P4_R07,430100116,430200116,WHITENED_SEQUENTIAL_BEAMSPACE_EXPECTED_TOTAL_SNR,STAGE8_K2_TANGENT_WHITE_SNR_MONTE_CARLO_AND_CLOSURE_V1,ONE_SYNTHETIC_CPI,ONE_SELECTED_RANGE_DOPPLER_CELL,1,1,0,0,0,31a85cf10323dcb0ff906b98f8f0dab39e853ab81d2695b1979df50869258a07,b8ea4a4e8e5ebf970921828cbdc5d6a50c1e973c9156cb5431566a215f22cabd,-3.41972048529273,27.8115216611024,18
819,MC1_K2_N1_L8_SP22_P4_R07,2,WHITE,1,8,3,P4,4,8.1,9.95,0.1,135,-6,0.9,SPECIFIED_CORRELATION,22,22,7,7,116,MC1_BASE_N1_L8_P4_R07,MC1_BASE_N1_L8_P4_R07,430100116,430200116,WHITENED_SEQUENTIAL_BEAMSPACE_EXPECTED_TOTAL_SNR,STAGE8_K2_TANGENT_WHITE_SNR_MONTE_CARLO_AND_CLOSURE_V1,ONE_SYNTHETIC_CPI,ONE_SELECTED_RANGE_DOPPLER_CELL,1,1,0,0,0,31a85cf10323dcb0ff906b98f8f0dab39e853ab81d2695b1979df50869258a07,6dbf03076267d384beaac525c25b1b74564143384764ec5054e5bbbe0b9f9070,0.580279514707268,31.8115216611024,22
820,MC1_K2_N1_L8_SM6_P4_R08,2,WHITE,1,8,3,P4,4,8.1,9.95,0.1,135,-6,0.9,SPECIFIED_CORRELATION,-6,-6,1,8,117,MC1_BASE_N1_L8_P4_R08,MC1_BASE_N1_L8_P4_R08,430100117,430200117,WHITENED_SEQUENTIAL_BEAMSPACE_EXPECTED_TOTAL_SNR,STAGE8_K2_TANGENT_WHITE_SNR_MONTE_CARLO_AND_CLOSURE_V1,ONE_SYNTHETIC_CPI,ONE_SELECTED_RANGE_DOPPLER_CELL,1,1,0,0,0,31a85cf10323dcb0ff906b98f8f0dab39e853ab81d2695b1979df50869258a07,4b40cdf3ecb5f58dd9f4ade2d1c3fbb41bcb160efbce6733dce7988ed6add5ee,-27.4197203575265,3.80236643810483,-6
821,MC1_K2_N1_L8_SP0_P4_R08,2,WHITE,1,8,3,P4,4,8.1,9.95,0.1,135,-6,0.9,SPECIFIED_CORRELATION,0,0,2,8,117,MC1_BASE_N1_L8_P4_R08,MC1_BASE_N1_L8_P4_R08,430100117,430200117,WHITENED_SEQUENTIAL_BEAMSPACE_EXPECTED_TOTAL_SNR,STAGE8_K2_TANGENT_WHITE_SNR_MONTE_CARLO_AND_CLOSURE_V1,ONE_SYNTHETIC_CPI,ONE_SELECTED_RANGE_DOPPLER_CELL,1,1,0,0,0,31a85cf10323dcb0ff906b98f8f0dab39e853ab81d2695b1979df50869258a07,018aa5a372f2a138bf5620ef7ca15ac486832f6f161c4d32f21cc63ac92a412d,-21.4197203575265,9.80236643810483,1.92865493310657e-15
822,MC1_K2_N1_L8_SP6_P4_R08,2,WHITE,1,8,3,P4,4,8.1,9.95,0.1,135,-6,0.9,SPECIFIED_CORRELATION,6,6,3,8,117,MC1_BASE_N1_L8_P4_R08,MC1_BASE_N1_L8_P4_R08,430100117,430200117,WHITENED_SEQUENTIAL_BEAMSPACE_EXPECTED_TOTAL_SNR,STAGE8_K2_TANGENT_WHITE_SNR_MONTE_CARLO_AND_CLOSURE_V1,ONE_SYNTHETIC_CPI,ONE_SELECTED_RANGE_DOPPLER_CELL,1,1,0,0,0,31a85cf10323dcb0ff906b98f8f0dab39e853ab81d2695b1979df50869258a07,fe144beb669e081c122c924147311425d1eecc434be8d12663df4865fcd8ecc0,-15.4197203575265,15.8023664381048,6
823,MC1_K2_N1_L8_SP10_P4_R08,2,WHITE,1,8,3,P4,4,8.1,9.95,0.1,135,-6,0.9,SPECIFIED_CORRELATION,10,10,4,8,117,MC1_BASE_N1_L8_P4_R08,MC1_BASE_N1_L8_P4_R08,430100117,430200117,WHITENED_SEQUENTIAL_BEAMSPACE_EXPECTED_TOTAL_SNR,STAGE8_K2_TANGENT_WHITE_SNR_MONTE_CARLO_AND_CLOSURE_V1,ONE_SYNTHETIC_CPI,ONE_SELECTED_RANGE_DOPPLER_CELL,1,1,0,0,0,31a85cf10323dcb0ff906b98f8f0dab39e853ab81d2695b1979df50869258a07,906d277d79347279e0aa7fa0535c93788de87b393865e78b09e13488af3d83e0,-11.4197203575265,19.8023664381048,10
824,MC1_K2_N1_L8_SP14_P4_R08,2,WHITE,1,8,3,P4,4,8.1,9.95,0.1,135,-6,0.9,SPECIFIED_CORRELATION,14,14,5,8,117,MC1_BASE_N1_L8_P4_R08,MC1_BASE_N1_L8_P4_R08,430100117,430200117,WHITENED_SEQUENTIAL_BEAMSPACE_EXPECTED_TOTAL_SNR,STAGE8_K2_TANGENT_WHITE_SNR_MONTE_CARLO_AND_CLOSURE_V1,ONE_SYNTHETIC_CPI,ONE_SELECTED_RANGE_DOPPLER_CELL,1,1,0,0,0,31a85cf10323dcb0ff906b98f8f0dab39e853ab81d2695b1979df50869258a07,932d6852a74add4ac8ffd4afd7de4dd493c0160b45c7e58138ee933956bdd0b0,-7.41972035752646,23.8023664381048,14
825,MC1_K2_N1_L8_SP18_P4_R08,2,WHITE,1,8,3,P4,4,8.1,9.95,0.1,135,-6,0.9,SPECIFIED_CORRELATION,18,18,6,8,117,MC1_BASE_N1_L8_P4_R08,MC1_BASE_N1_L8_P4_R08,430100117,430200117,WHITENED_SEQUENTIAL_BEAMSPACE_EXPECTED_TOTAL_SNR,STAGE8_K2_TANGENT_WHITE_SNR_MONTE_CARLO_AND_CLOSURE_V1,ONE_SYNTHETIC_CPI,ONE_SELECTED_RANGE_DOPPLER_CELL,1,1,0,0,0,31a85cf10323dcb0ff906b98f8f0dab39e853ab81d2695b1979df50869258a07,a08f66d0022f992d7900513db9f070fff05cf0a948f63802ce7fbf57dd40291f,-3.41972035752646,27.8023664381048,18
826,MC1_K2_N1_L8_SP22_P4_R08,2,WHITE,1,8,3,P4,4,8.1,9.95,0.1,135,-6,0.9,SPECIFIED_CORRELATION,22,22,7,8,117,MC1_BASE_N1_L8_P4_R08,MC1_BASE_N1_L8_P4_R08,430100117,430200117,WHITENED_SEQUENTIAL_BEAMSPACE_EXPECTED_TOTAL_SNR,STAGE8_K2_TANGENT_WHITE_SNR_MONTE_CARLO_AND_CLOSURE_V1,ONE_SYNTHETIC_CPI,ONE_SELECTED_RANGE_DOPPLER_CELL,1,1,0,0,0,31a85cf10323dcb0ff906b98f8f0dab39e853ab81d2695b1979df50869258a07,5b140bd39e6d77a81888d123b51ed81b8ed568a7f680676d90999d22fc4e6495,0.580279642473547,31.8023664381048,22
827,MC1_K2_N1_L8_SM6_P4_R09,2,WHITE,1,8,3,P4,4,8.1,9.95,0.1,135,-6,0.9,SPECIFIED_CORRELATION,-6,-6,1,9,118,MC1_BASE_N1_L8_P4_R09,MC1_BASE_N1_L8_P4_R09,430100118,430200118,WHITENED_SEQUENTIAL_BEAMSPACE_EXPECTED_TOTAL_SNR,STAGE8_K2_TANGENT_WHITE_SNR_MONTE_CARLO_AND_CLOSURE_V1,ONE_SYNTHETIC_CPI,ONE_SELECTED_RANGE_DOPPLER_CELL,1,1,0,0,0,31a85cf10323dcb0ff906b98f8f0dab39e853ab81d2695b1979df50869258a07,8046a95b326f14e4022c1b50adc058f4c21cc010fac682265405fca476544215,-27.4197204139678,3.80795261600027,-6
828,MC1_K2_N1_L8_SP0_P4_R09,2,WHITE,1,8,3,P4,4,8.1,9.95,0.1,135,-6,0.9,SPECIFIED_CORRELATION,0,0,2,9,118,MC1_BASE_N1_L8_P4_R09,MC1_BASE_N1_L8_P4_R09,430100118,430200118,WHITENED_SEQUENTIAL_BEAMSPACE_EXPECTED_TOTAL_SNR,STAGE8_K2_TANGENT_WHITE_SNR_MONTE_CARLO_AND_CLOSURE_V1,ONE_SYNTHETIC_CPI,ONE_SELECTED_RANGE_DOPPLER_CELL,1,1,0,0,0,31a85cf10323dcb0ff906b98f8f0dab39e853ab81d2695b1979df50869258a07,a5ccdbd85097eb667a4370b079e204408a886c1c7db1ee71a03afca8d8cfb7c1,-21.4197204139678,9.80795261600028,-9.64327466553287e-16
829,MC1_K2_N1_L8_SP6_P4_R09,2,WHITE,1,8,3,P4,4,8.1,9.95,0.1,135,-6,0.9,SPECIFIED_CORRELATION,6,6,3,9,118,MC1_BASE_N1_L8_P4_R09,MC1_BASE_N1_L8_P4_R09,430100118,430200118,WHITENED_SEQUENTIAL_BEAMSPACE_EXPECTED_TOTAL_SNR,STAGE8_K2_TANGENT_WHITE_SNR_MONTE_CARLO_AND_CLOSURE_V1,ONE_SYNTHETIC_CPI,ONE_SELECTED_RANGE_DOPPLER_CELL,1,1,0,0,0,31a85cf10323dcb0ff906b98f8f0dab39e853ab81d2695b1979df50869258a07,b61473ec26ed36c48401ed580a0d9a84bb7acf9622c3c9f8888866119af85ad5,-15.4197204139678,15.8079526160003,6
830,MC1_K2_N1_L8_SP10_P4_R09,2,WHITE,1,8,3,P4,4,8.1,9.95,0.1,135,-6,0.9,SPECIFIED_CORRELATION,10,10,4,9,118,MC1_BASE_N1_L8_P4_R09,MC1_BASE_N1_L8_P4_R09,430100118,430200118,WHITENED_SEQUENTIAL_BEAMSPACE_EXPECTED_TOTAL_SNR,STAGE8_K2_TANGENT_WHITE_SNR_MONTE_CARLO_AND_CLOSURE_V1,ONE_SYNTHETIC_CPI,ONE_SELECTED_RANGE_DOPPLER_CELL,1,1,0,0,0,31a85cf10323dcb0ff906b98f8f0dab39e853ab81d2695b1979df50869258a07,a8976ec29315f5f5842044ef3fb7eebd6bacf6cecaf66f4b5d5c961f75434d78,-11.4197204139678,19.8079526160003,10
831,MC1_K2_N1_L8_SP14_P4_R09,2,WHITE,1,8,3,P4,4,8.1,9.95,0.1,135,-6,0.9,SPECIFIED_CORRELATION,14,14,5,9,118,MC1_BASE_N1_L8_P4_R09,MC1_BASE_N1_L8_P4_R09,430100118,430200118,WHITENED_SEQUENTIAL_BEAMSPACE_EXPECTED_TOTAL_SNR,STAGE8_K2_TANGENT_WHITE_SNR_MONTE_CARLO_AND_CLOSURE_V1,ONE_SYNTHETIC_CPI,ONE_SELECTED_RANGE_DOPPLER_CELL,1,1,0,0,0,31a85cf10323dcb0ff906b98f8f0dab39e853ab81d2695b1979df50869258a07,fd45515b7ae88d65e6e2218d55174618bcfd3d556e48f8fc3f37524960fcdb5e,-7.41972041396782,23.8079526160003,14
832,MC1_K2_N1_L8_SP18_P4_R09,2,WHITE,1,8,3,P4,4,8.1,9.95,0.1,135,-6,0.9,SPECIFIED_CORRELATION,18,18,6,9,118,MC1_BASE_N1_L8_P4_R09,MC1_BASE_N1_L8_P4_R09,430100118,430200118,WHITENED_SEQUENTIAL_BEAMSPACE_EXPECTED_TOTAL_SNR,STAGE8_K2_TANGENT_WHITE_SNR_MONTE_CARLO_AND_CLOSURE_V1,ONE_SYNTHETIC_CPI,ONE_SELECTED_RANGE_DOPPLER_CELL,1,1,0,0,0,31a85cf10323dcb0ff906b98f8f0dab39e853ab81d2695b1979df50869258a07,a04991d74b493db27225c034e6260b3ac730c98ed2d02c831fa63cfe91541744,-3.41972041396781,27.8079526160003,18
833,MC1_K2_N1_L8_SP22_P4_R09,2,WHITE,1,8,3,P4,4,8.1,9.95,0.1,135,-6,0.9,SPECIFIED_CORRELATION,22,22,7,9,118,MC1_BASE_N1_L8_P4_R09,MC1_BASE_N1_L8_P4_R09,430100118,430200118,WHITENED_SEQUENTIAL_BEAMSPACE_EXPECTED_TOTAL_SNR,STAGE8_K2_TANGENT_WHITE_SNR_MONTE_CARLO_AND_CLOSURE_V1,ONE_SYNTHETIC_CPI,ONE_SELECTED_RANGE_DOPPLER_CELL,1,1,0,0,0,31a85cf10323dcb0ff906b98f8f0dab39e853ab81d2695b1979df50869258a07,37d6e1c9a0bfbf846dbd11ef14fd4150f5c83ad7a76b0cc090a8cc59a5808dfe,0.580279586032187,31.8079526160003,22
834,MC1_K2_N1_L8_SM6_P4_R10,2,WHITE,1,8,3,P4,4,8.1,9.95,0.1,135,-6,0.9,SPECIFIED_CORRELATION,-6,-6,1,10,119,MC1_BASE_N1_L8_P4_R10,MC1_BASE_N1_L8_P4_R10,430100119,430200119,WHITENED_SEQUENTIAL_BEAMSPACE_EXPECTED_TOTAL_SNR,STAGE8_K2_TANGENT_WHITE_SNR_MONTE_CARLO_AND_CLOSURE_V1,ONE_SYNTHETIC_CPI,ONE_SELECTED_RANGE_DOPPLER_CELL,1,1,0,0,0,31a85cf10323dcb0ff906b98f8f0dab39e853ab81d2695b1979df50869258a07,1f8b67472274a7d59b2610915b94d0a5004e5d3b04f48487faba220adcfa3198,-27.4197204445678,3.80951742225502,-6
835,MC1_K2_N1_L8_SP0_P4_R10,2,WHITE,1,8,3,P4,4,8.1,9.95,0.1,135,-6,0.9,SPECIFIED_CORRELATION,0,0,2,10,119,MC1_BASE_N1_L8_P4_R10,MC1_BASE_N1_L8_P4_R10,430100119,430200119,WHITENED_SEQUENTIAL_BEAMSPACE_EXPECTED_TOTAL_SNR,STAGE8_K2_TANGENT_WHITE_SNR_MONTE_CARLO_AND_CLOSURE_V1,ONE_SYNTHETIC_CPI,ONE_SELECTED_RANGE_DOPPLER_CELL,1,1,0,0,0,31a85cf10323dcb0ff906b98f8f0dab39e853ab81d2695b1979df50869258a07,5a42cf13c82059192658cb5a99f567bf534a1939960120e3d8880efb7979a037,-21.4197204445678,9.80951742225502,-9.64327466553287e-16
836,MC1_K2_N1_L8_SP6_P4_R10,2,WHITE,1,8,3,P4,4,8.1,9.95,0.1,135,-6,0.9,SPECIFIED_CORRELATION,6,6,3,10,119,MC1_BASE_N1_L8_P4_R10,MC1_BASE_N1_L8_P4_R10,430100119,430200119,WHITENED_SEQUENTIAL_BEAMSPACE_EXPECTED_TOTAL_SNR,STAGE8_K2_TANGENT_WHITE_SNR_MONTE_CARLO_AND_CLOSURE_V1,ONE_SYNTHETIC_CPI,ONE_SELECTED_RANGE_DOPPLER_CELL,1,1,0,0,0,31a85cf10323dcb0ff906b98f8f0dab39e853ab81d2695b1979df50869258a07,cac255b7eb7e3846918e2100fa81feb04813ae4065fc9043c65b67d388820fc2,-15.4197204445678,15.809517422255,6
837,MC1_K2_N1_L8_SP10_P4_R10,2,WHITE,1,8,3,P4,4,8.1,9.95,0.1,135,-6,0.9,SPECIFIED_CORRELATION,10,10,4,10,119,MC1_BASE_N1_L8_P4_R10,MC1_BASE_N1_L8_P4_R10,430100119,430200119,WHITENED_SEQUENTIAL_BEAMSPACE_EXPECTED_TOTAL_SNR,STAGE8_K2_TANGENT_WHITE_SNR_MONTE_CARLO_AND_CLOSURE_V1,ONE_SYNTHETIC_CPI,ONE_SELECTED_RANGE_DOPPLER_CELL,1,1,0,0,0,31a85cf10323dcb0ff906b98f8f0dab39e853ab81d2695b1979df50869258a07,2c0e6b139c105286b308640e6a47cb7f5f6db18ae246c47bdf991e9b143b78cb,-11.4197204445678,19.809517422255,10
838,MC1_K2_N1_L8_SP14_P4_R10,2,WHITE,1,8,3,P4,4,8.1,9.95,0.1,135,-6,0.9,SPECIFIED_CORRELATION,14,14,5,10,119,MC1_BASE_N1_L8_P4_R10,MC1_BASE_N1_L8_P4_R10,430100119,430200119,WHITENED_SEQUENTIAL_BEAMSPACE_EXPECTED_TOTAL_SNR,STAGE8_K2_TANGENT_WHITE_SNR_MONTE_CARLO_AND_CLOSURE_V1,ONE_SYNTHETIC_CPI,ONE_SELECTED_RANGE_DOPPLER_CELL,1,1,0,0,0,31a85cf10323dcb0ff906b98f8f0dab39e853ab81d2695b1979df50869258a07,f66a5a3c4fd528bcfa24ac559323e651af6bc74e11b657c905575e6d40a8d089,-7.41972044456785,23.809517422255,14
839,MC1_K2_N1_L8_SP18_P4_R10,2,WHITE,1,8,3,P4,4,8.1,9.95,0.1,135,-6,0.9,SPECIFIED_CORRELATION,18,18,6,10,119,MC1_BASE_N1_L8_P4_R10,MC1_BASE_N1_L8_P4_R10,430100119,430200119,WHITENED_SEQUENTIAL_BEAMSPACE_EXPECTED_TOTAL_SNR,STAGE8_K2_TANGENT_WHITE_SNR_MONTE_CARLO_AND_CLOSURE_V1,ONE_SYNTHETIC_CPI,ONE_SELECTED_RANGE_DOPPLER_CELL,1,1,0,0,0,31a85cf10323dcb0ff906b98f8f0dab39e853ab81d2695b1979df50869258a07,3ada4607cf8633510a025edcb4dc616dcf757a1dbb236b0ce53d0d3869b20aaa,-3.41972044456784,27.809517422255,18
840,MC1_K2_N1_L8_SP22_P4_R10,2,WHITE,1,8,3,P4,4,8.1,9.95,0.1,135,-6,0.9,SPECIFIED_CORRELATION,22,22,7,10,119,MC1_BASE_N1_L8_P4_R10,MC1_BASE_N1_L8_P4_R10,430100119,430200119,WHITENED_SEQUENTIAL_BEAMSPACE_EXPECTED_TOTAL_SNR,STAGE8_K2_TANGENT_WHITE_SNR_MONTE_CARLO_AND_CLOSURE_V1,ONE_SYNTHETIC_CPI,ONE_SELECTED_RANGE_DOPPLER_CELL,1,1,0,0,0,31a85cf10323dcb0ff906b98f8f0dab39e853ab81d2695b1979df50869258a07,020879bfb91017d461b374bed0d94de2aa7b1bab61b0f09c90238b779450839f,0.580279555432156,31.809517422255,22
841,MC1_K2_N2_L1_SM6_P1_R01,2,STAGE5_TOEPLITZ_CORRELATED,2,1,1,P1,1,8,10,0.3,45,0,1,L1_FULLY_COHERENT_BY_CONTRACT,-6,-6,1,1,120,MC1_BASE_N2_L1_P1_R01,MC1_BASE_N2_L1_P1_R01,430100120,430200120,WHITENED_SEQUENTIAL_BEAMSPACE_EXPECTED_TOTAL_SNR,STAGE8_K2_TANGENT_WHITE_SNR_MONTE_CARLO_AND_CLOSURE_V1,ONE_SYNTHETIC_CPI,ONE_SELECTED_RANGE_DOPPLER_CELL,1,1,0,0,0,7ac5f2ed7f8b920df52a4e1cde4f3ee8f80b69a8208c8d8579b1925f9a445627,2f263c5cd6441133f3db24947fb9e3fcf464f83d3c0dee373c5e69859bcdf867,-29.644449956244,-5.55874326390847,-5.99999999999979
842,MC1_K2_N2_L1_SP0_P1_R01,2,STAGE5_TOEPLITZ_CORRELATED,2,1,1,P1,1,8,10,0.3,45,0,1,L1_FULLY_COHERENT_BY_CONTRACT,0,0,2,1,120,MC1_BASE_N2_L1_P1_R01,MC1_BASE_N2_L1_P1_R01,430100120,430200120,WHITENED_SEQUENTIAL_BEAMSPACE_EXPECTED_TOTAL_SNR,STAGE8_K2_TANGENT_WHITE_SNR_MONTE_CARLO_AND_CLOSURE_V1,ONE_SYNTHETIC_CPI,ONE_SELECTED_RANGE_DOPPLER_CELL,1,1,0,0,0,7ac5f2ed7f8b920df52a4e1cde4f3ee8f80b69a8208c8d8579b1925f9a445627,95370bb9c0be73264bf1386314f1c899fd9e2eefe0642d401599540405e66898,-23.644449956244,0.441256736091534,8.4571518816715e-13
843,MC1_K2_N2_L1_SP6_P1_R01,2,STAGE5_TOEPLITZ_CORRELATED,2,1,1,P1,1,8,10,0.3,45,0,1,L1_FULLY_COHERENT_BY_CONTRACT,6,6,3,1,120,MC1_BASE_N2_L1_P1_R01,MC1_BASE_N2_L1_P1_R01,430100120,430200120,WHITENED_SEQUENTIAL_BEAMSPACE_EXPECTED_TOTAL_SNR,STAGE8_K2_TANGENT_WHITE_SNR_MONTE_CARLO_AND_CLOSURE_V1,ONE_SYNTHETIC_CPI,ONE_SELECTED_RANGE_DOPPLER_CELL,1,1,0,0,0,7ac5f2ed7f8b920df52a4e1cde4f3ee8f80b69a8208c8d8579b1925f9a445627,2a7d5ce87ebf261517ff4fa9a209ab084a2a92cb98f444d2c8d1f058de675af4,-17.644449956244,6.44125673609153,5.99999999999928
844,MC1_K2_N2_L1_SP10_P1_R01,2,STAGE5_TOEPLITZ_CORRELATED,2,1,1,P1,1,8,10,0.3,45,0,1,L1_FULLY_COHERENT_BY_CONTRACT,10,10,4,1,120,MC1_BASE_N2_L1_P1_R01,MC1_BASE_N2_L1_P1_R01,430100120,430200120,WHITENED_SEQUENTIAL_BEAMSPACE_EXPECTED_TOTAL_SNR,STAGE8_K2_TANGENT_WHITE_SNR_MONTE_CARLO_AND_CLOSURE_V1,ONE_SYNTHETIC_CPI,ONE_SELECTED_RANGE_DOPPLER_CELL,1,1,0,0,0,7ac5f2ed7f8b920df52a4e1cde4f3ee8f80b69a8208c8d8579b1925f9a445627,c7d206b4cbd25dbea3ba6a19f4c091dc9840523c1cf351bb25673c6986b296cf,-13.644449956244,10.4412567360915,10.0000000000006
845,MC1_K2_N2_L1_SP14_P1_R01,2,STAGE5_TOEPLITZ_CORRELATED,2,1,1,P1,1,8,10,0.3,45,0,1,L1_FULLY_COHERENT_BY_CONTRACT,14,14,5,1,120,MC1_BASE_N2_L1_P1_R01,MC1_BASE_N2_L1_P1_R01,430100120,430200120,WHITENED_SEQUENTIAL_BEAMSPACE_EXPECTED_TOTAL_SNR,STAGE8_K2_TANGENT_WHITE_SNR_MONTE_CARLO_AND_CLOSURE_V1,ONE_SYNTHETIC_CPI,ONE_SELECTED_RANGE_DOPPLER_CELL,1,1,0,0,0,7ac5f2ed7f8b920df52a4e1cde4f3ee8f80b69a8208c8d8579b1925f9a445627,690c3e0bc0a21edad229b2dd0564ee8a8d47a49552bb239f7dc1ecb9532fd72a,-9.644449956244,14.4412567360915,14.0000000000003
846,MC1_K2_N2_L1_SP18_P1_R01,2,STAGE5_TOEPLITZ_CORRELATED,2,1,1,P1,1,8,10,0.3,45,0,1,L1_FULLY_COHERENT_BY_CONTRACT,18,18,6,1,120,MC1_BASE_N2_L1_P1_R01,MC1_BASE_N2_L1_P1_R01,430100120,430200120,WHITENED_SEQUENTIAL_BEAMSPACE_EXPECTED_TOTAL_SNR,STAGE8_K2_TANGENT_WHITE_SNR_MONTE_CARLO_AND_CLOSURE_V1,ONE_SYNTHETIC_CPI,ONE_SELECTED_RANGE_DOPPLER_CELL,1,1,0,0,0,7ac5f2ed7f8b920df52a4e1cde4f3ee8f80b69a8208c8d8579b1925f9a445627,aaa9c329326136c6219f22d1341f77b6d087f39546dc483fb28d7bf66afa0e2f,-5.644449956244,18.4412567360915,18.0000000000008
847,MC1_K2_N2_L1_SP22_P1_R01,2,STAGE5_TOEPLITZ_CORRELATED,2,1,1,P1,1,8,10,0.3,45,0,1,L1_FULLY_COHERENT_BY_CONTRACT,22,22,7,1,120,MC1_BASE_N2_L1_P1_R01,MC1_BASE_N2_L1_P1_R01,430100120,430200120,WHITENED_SEQUENTIAL_BEAMSPACE_EXPECTED_TOTAL_SNR,STAGE8_K2_TANGENT_WHITE_SNR_MONTE_CARLO_AND_CLOSURE_V1,ONE_SYNTHETIC_CPI,ONE_SELECTED_RANGE_DOPPLER_CELL,1,1,0,0,0,7ac5f2ed7f8b920df52a4e1cde4f3ee8f80b69a8208c8d8579b1925f9a445627,7ccbd3acf22babb47b10084e14c79f61b2b0c9b174fb618643b8c5082cd276a6,-1.64444995624399,22.4412567360915,22
848,MC1_K2_N2_L1_SM6_P1_R02,2,STAGE5_TOEPLITZ_CORRELATED,2,1,1,P1,1,8,10,0.3,45,0,1,L1_FULLY_COHERENT_BY_CONTRACT,-6,-6,1,2,121,MC1_BASE_N2_L1_P1_R02,MC1_BASE_N2_L1_P1_R02,430100121,430200121,WHITENED_SEQUENTIAL_BEAMSPACE_EXPECTED_TOTAL_SNR,STAGE8_K2_TANGENT_WHITE_SNR_MONTE_CARLO_AND_CLOSURE_V1,ONE_SYNTHETIC_CPI,ONE_SELECTED_RANGE_DOPPLER_CELL,1,1,0,0,0,7ac5f2ed7f8b920df52a4e1cde4f3ee8f80b69a8208c8d8579b1925f9a445627,793621d201e70da299a8fd9b9613ef668d0fff720a82544340e7fd8d01797eb4,-28.6630938173102,-0.192364600342121,-6.00000000000017
849,MC1_K2_N2_L1_SP0_P1_R02,2,STAGE5_TOEPLITZ_CORRELATED,2,1,1,P1,1,8,10,0.3,45,0,1,L1_FULLY_COHERENT_BY_CONTRACT,0,0,2,2,121,MC1_BASE_N2_L1_P1_R02,MC1_BASE_N2_L1_P1_R02,430100121,430200121,WHITENED_SEQUENTIAL_BEAMSPACE_EXPECTED_TOTAL_SNR,STAGE8_K2_TANGENT_WHITE_SNR_MONTE_CARLO_AND_CLOSURE_V1,ONE_SYNTHETIC_CPI,ONE_SELECTED_RANGE_DOPPLER_CELL,1,1,0,0,0,7ac5f2ed7f8b920df52a4e1cde4f3ee8f80b69a8208c8d8579b1925f9a445627,d3f000d21c6c30e8b2e5b5dab1ea01234aacfeb9dde3bb9eb3a3da270b942ed6,-22.6630938173102,5.80763539965788,-4.64323675145433e-13
850,MC1_K2_N2_L1_SP6_P1_R02,2,STAGE5_TOEPLITZ_CORRELATED,2,1,1,P1,1,8,10,0.3,45,0,1,L1_FULLY_COHERENT_BY_CONTRACT,6,6,3,2,121,MC1_BASE_N2_L1_P1_R02,MC1_BASE_N2_L1_P1_R02,430100121,430200121,WHITENED_SEQUENTIAL_BEAMSPACE_EXPECTED_TOTAL_SNR,STAGE8_K2_TANGENT_WHITE_SNR_MONTE_CARLO_AND_CLOSURE_V1,ONE_SYNTHETIC_CPI,ONE_SELECTED_RANGE_DOPPLER_CELL,1,1,0,0,0,7ac5f2ed7f8b920df52a4e1cde4f3ee8f80b69a8208c8d8579b1925f9a445627,1adb31cc1185c42ce3f8e6cadbf60aa322a16d3ecd04904821fe8aae45394f23,-16.6630938173102,11.8076353996579,6.00000000000021
851,MC1_K2_N2_L1_SP10_P1_R02,2,STAGE5_TOEPLITZ_CORRELATED,2,1,1,P1,1,8,10,0.3,45,0,1,L1_FULLY_COHERENT_BY_CONTRACT,10,10,4,2,121,MC1_BASE_N2_L1_P1_R02,MC1_BASE_N2_L1_P1_R02,430100121,430200121,WHITENED_SEQUENTIAL_BEAMSPACE_EXPECTED_TOTAL_SNR,STAGE8_K2_TANGENT_WHITE_SNR_MONTE_CARLO_AND_CLOSURE_V1,ONE_SYNTHETIC_CPI,ONE_SELECTED_RANGE_DOPPLER_CELL,1,1,0,0,0,7ac5f2ed7f8b920df52a4e1cde4f3ee8f80b69a8208c8d8579b1925f9a445627,eee378dd8d5b9581d11c0f0315adc8a0663822f0508ad22dd796dce73d5daed8,-12.6630938173102,15.8076353996579,9.9999999999995
852,MC1_K2_N2_L1_SP14_P1_R02,2,STAGE5_TOEPLITZ_CORRELATED,2,1,1,P1,1,8,10,0.3,45,0,1,L1_FULLY_COHERENT_BY_CONTRACT,14,14,5,2,121,MC1_BASE_N2_L1_P1_R02,MC1_BASE_N2_L1_P1_R02,430100121,430200121,WHITENED_SEQUENTIAL_BEAMSPACE_EXPECTED_TOTAL_SNR,STAGE8_K2_TANGENT_WHITE_SNR_MONTE_CARLO_AND_CLOSURE_V1,ONE_SYNTHETIC_CPI,ONE_SELECTED_RANGE_DOPPLER_CELL,1,1,0,0,0,7ac5f2ed7f8b920df52a4e1cde4f3ee8f80b69a8208c8d8579b1925f9a445627,d0c186e8dab8786563440a69509ef0936eda4f6a8c4e7c0be08e77775f0638b1,-8.66309381731022,19.8076353996579,14.0000000000001
853,MC1_K2_N2_L1_SP18_P1_R02,2,STAGE5_TOEPLITZ_CORRELATED,2,1,1,P1,1,8,10,0.3,45,0,1,L1_FULLY_COHERENT_BY_CONTRACT,18,18,6,2,121,MC1_BASE_N2_L1_P1_R02,MC1_BASE_N2_L1_P1_R02,430100121,430200121,WHITENED_SEQUENTIAL_BEAMSPACE_EXPECTED_TOTAL_SNR,STAGE8_K2_TANGENT_WHITE_SNR_MONTE_CARLO_AND_CLOSURE_V1,ONE_SYNTHETIC_CPI,ONE_SELECTED_RANGE_DOPPLER_CELL,1,1,0,0,0,7ac5f2ed7f8b920df52a4e1cde4f3ee8f80b69a8208c8d8579b1925f9a445627,77bdb2540d01af72a59ab6c14854b0a5fd3e85de2a10142c0cf53a77a9309cc5,-4.66309381731021,23.8076353996579,17.9999999999997
854,MC1_K2_N2_L1_SP22_P1_R02,2,STAGE5_TOEPLITZ_CORRELATED,2,1,1,P1,1,8,10,0.3,45,0,1,L1_FULLY_COHERENT_BY_CONTRACT,22,22,7,2,121,MC1_BASE_N2_L1_P1_R02,MC1_BASE_N2_L1_P1_R02,430100121,430200121,WHITENED_SEQUENTIAL_BEAMSPACE_EXPECTED_TOTAL_SNR,STAGE8_K2_TANGENT_WHITE_SNR_MONTE_CARLO_AND_CLOSURE_V1,ONE_SYNTHETIC_CPI,ONE_SELECTED_RANGE_DOPPLER_CELL,1,1,0,0,0,7ac5f2ed7f8b920df52a4e1cde4f3ee8f80b69a8208c8d8579b1925f9a445627,8f956d50e72c2fa75d96332cfd336e2614ed53c3ae65db33ffeec3303f69bcee,-0.66309381731021,27.8076353996579,21.9999999999999
855,MC1_K2_N2_L1_SM6_P1_R03,2,STAGE5_TOEPLITZ_CORRELATED,2,1,1,P1,1,8,10,0.3,45,0,1,L1_FULLY_COHERENT_BY_CONTRACT,-6,-6,1,3,122,MC1_BASE_N2_L1_P1_R03,MC1_BASE_N2_L1_P1_R03,430100122,430200122,WHITENED_SEQUENTIAL_BEAMSPACE_EXPECTED_TOTAL_SNR,STAGE8_K2_TANGENT_WHITE_SNR_MONTE_CARLO_AND_CLOSURE_V1,ONE_SYNTHETIC_CPI,ONE_SELECTED_RANGE_DOPPLER_CELL,1,1,0,0,0,7ac5f2ed7f8b920df52a4e1cde4f3ee8f80b69a8208c8d8579b1925f9a445627,9d9707e3a25aebd727b5e4f0dde05443875321aad649fea50643711a2f2bd427,-28.7329463741927,-0.377169319164708,-6.00000000000013
856,MC1_K2_N2_L1_SP0_P1_R03,2,STAGE5_TOEPLITZ_CORRELATED,2,1,1,P1,1,8,10,0.3,45,0,1,L1_FULLY_COHERENT_BY_CONTRACT,0,0,2,3,122,MC1_BASE_N2_L1_P1_R03,MC1_BASE_N2_L1_P1_R03,430100122,430200122,WHITENED_SEQUENTIAL_BEAMSPACE_EXPECTED_TOTAL_SNR,STAGE8_K2_TANGENT_WHITE_SNR_MONTE_CARLO_AND_CLOSURE_V1,ONE_SYNTHETIC_CPI,ONE_SELECTED_RANGE_DOPPLER_CELL,1,1,0,0,0,7ac5f2ed7f8b920df52a4e1cde4f3ee8f80b69a8208c8d8579b1925f9a445627,aa1a2086e150f735617b078a97ebe4adb9ca2ca5bb5410ba89ffa49c37755a9f,-22.7329463741927,5.62283068083529,-5.09164902340165e-13
857,MC1_K2_N2_L1_SP6_P1_R03,2,STAGE5_TOEPLITZ_CORRELATED,2,1,1,P1,1,8,10,0.3,45,0,1,L1_FULLY_COHERENT_BY_CONTRACT,6,6,3,3,122,MC1_BASE_N2_L1_P1_R03,MC1_BASE_N2_L1_P1_R03,430100122,430200122,WHITENED_SEQUENTIAL_BEAMSPACE_EXPECTED_TOTAL_SNR,STAGE8_K2_TANGENT_WHITE_SNR_MONTE_CARLO_AND_CLOSURE_V1,ONE_SYNTHETIC_CPI,ONE_SELECTED_RANGE_DOPPLER_CELL,1,1,0,0,0,7ac5f2ed7f8b920df52a4e1cde4f3ee8f80b69a8208c8d8579b1925f9a445627,04abf01121feb3b1a0ab8db956c5a2af5c0d01551c333e7d89fea63f98a82059,-16.7329463741927,11.6228306808353,5.99999999999987
858,MC1_K2_N2_L1_SP10_P1_R03,2,STAGE5_TOEPLITZ_CORRELATED,2,1,1,P1,1,8,10,0.3,45,0,1,L1_FULLY_COHERENT_BY_CONTRACT,10,10,4,3,122,MC1_BASE_N2_L1_P1_R03,MC1_BASE_N2_L1_P1_R03,430100122,430200122,WHITENED_SEQUENTIAL_BEAMSPACE_EXPECTED_TOTAL_SNR,STAGE8_K2_TANGENT_WHITE_SNR_MONTE_CARLO_AND_CLOSURE_V1,ONE_SYNTHETIC_CPI,ONE_SELECTED_RANGE_DOPPLER_CELL,1,1,0,0,0,7ac5f2ed7f8b920df52a4e1cde4f3ee8f80b69a8208c8d8579b1925f9a445627,047e953a43bd1f3d27295ac70cf8cfe167d6f601c9d4b23765790c37f9182759,-12.7329463741927,15.6228306808353,9.99999999999989
859,MC1_K2_N2_L1_SP14_P1_R03,2,STAGE5_TOEPLITZ_CORRELATED,2,1,1,P1,1,8,10,0.3,45,0,1,L1_FULLY_COHERENT_BY_CONTRACT,14,14,5,3,122,MC1_BASE_N2_L1_P1_R03,MC1_BASE_N2_L1_P1_R03,430100122,430200122,WHITENED_SEQUENTIAL_BEAMSPACE_EXPECTED_TOTAL_SNR,STAGE8_K2_TANGENT_WHITE_SNR_MONTE_CARLO_AND_CLOSURE_V1,ONE_SYNTHETIC_CPI,ONE_SELECTED_RANGE_DOPPLER_CELL,1,1,0,0,0,7ac5f2ed7f8b920df52a4e1cde4f3ee8f80b69a8208c8d8579b1925f9a445627,a5e8743e86d4125d81b9b11cdbf9f906aff1d296ecd00aadeb3eecf8d0acb410,-8.73294637419274,19.6228306808353,14.0000000000011
860,MC1_K2_N2_L1_SP18_P1_R03,2,STAGE5_TOEPLITZ_CORRELATED,2,1,1,P1,1,8,10,0.3,45,0,1,L1_FULLY_COHERENT_BY_CONTRACT,18,18,6,3,122,MC1_BASE_N2_L1_P1_R03,MC1_BASE_N2_L1_P1_R03,430100122,430200122,WHITENED_SEQUENTIAL_BEAMSPACE_EXPECTED_TOTAL_SNR,STAGE8_K2_TANGENT_WHITE_SNR_MONTE_CARLO_AND_CLOSURE_V1,ONE_SYNTHETIC_CPI,ONE_SELECTED_RANGE_DOPPLER_CELL,1,1,0,0,0,7ac5f2ed7f8b920df52a4e1cde4f3ee8f80b69a8208c8d8579b1925f9a445627,c08d3c46158a1aac1a18858c4a072482c4926caaf45745c2f10688e64ee51c0b,-4.73294637419273,23.6228306808353,17.9999999999999
861,MC1_K2_N2_L1_SP22_P1_R03,2,STAGE5_TOEPLITZ_CORRELATED,2,1,1,P1,1,8,10,0.3,45,0,1,L1_FULLY_COHERENT_BY_CONTRACT,22,22,7,3,122,MC1_BASE_N2_L1_P1_R03,MC1_BASE_N2_L1_P1_R03,430100122,430200122,WHITENED_SEQUENTIAL_BEAMSPACE_EXPECTED_TOTAL_SNR,STAGE8_K2_TANGENT_WHITE_SNR_MONTE_CARLO_AND_CLOSURE_V1,ONE_SYNTHETIC_CPI,ONE_SELECTED_RANGE_DOPPLER_CELL,1,1,0,0,0,7ac5f2ed7f8b920df52a4e1cde4f3ee8f80b69a8208c8d8579b1925f9a445627,10cab2f54285bd32b2257a3efda3a8872fc65d8dcda7b716aab3c3336222882b,-0.732946374192732,27.6228306808353,22.0000000000004
862,MC1_K2_N2_L1_SM6_P1_R04,2,STAGE5_TOEPLITZ_CORRELATED,2,1,1,P1,1,8,10,0.3,45,0,1,L1_FULLY_COHERENT_BY_CONTRACT,-6,-6,1,4,123,MC1_BASE_N2_L1_P1_R04,MC1_BASE_N2_L1_P1_R04,430100123,430200123,WHITENED_SEQUENTIAL_BEAMSPACE_EXPECTED_TOTAL_SNR,STAGE8_K2_TANGENT_WHITE_SNR_MONTE_CARLO_AND_CLOSURE_V1,ONE_SYNTHETIC_CPI,ONE_SELECTED_RANGE_DOPPLER_CELL,1,1,0,0,0,7ac5f2ed7f8b920df52a4e1cde4f3ee8f80b69a8208c8d8579b1925f9a445627,95309ee8e15a0aa5c60b64cb8afd98c96548fd7511c000fc19782b966be880ae,-28.8100202239402,-0.644160285158541,-6.00000000000002
863,MC1_K2_N2_L1_SP0_P1_R04,2,STAGE5_TOEPLITZ_CORRELATED,2,1,1,P1,1,8,10,0.3,45,0,1,L1_FULLY_COHERENT_BY_CONTRACT,0,0,2,4,123,MC1_BASE_N2_L1_P1_R04,MC1_BASE_N2_L1_P1_R04,430100123,430200123,WHITENED_SEQUENTIAL_BEAMSPACE_EXPECTED_TOTAL_SNR,STAGE8_K2_TANGENT_WHITE_SNR_MONTE_CARLO_AND_CLOSURE_V1,ONE_SYNTHETIC_CPI,ONE_SELECTED_RANGE_DOPPLER_CELL,1,1,0,0,0,7ac5f2ed7f8b920df52a4e1cde4f3ee8f80b69a8208c8d8579b1925f9a445627,6e05b778bdb02b9e6cd26751344eef99d1418b2d74ffd054f26e63080fdf1172,-22.8100202239402,5.35583971484146,6.13312268727847e-13
864,MC1_K2_N2_L1_SP6_P1_R04,2,STAGE5_TOEPLITZ_CORRELATED,2,1,1,P1,1,8,10,0.3,45,0,1,L1_FULLY_COHERENT_BY_CONTRACT,6,6,3,4,123,MC1_BASE_N2_L1_P1_R04,MC1_BASE_N2_L1_P1_R04,430100123,430200123,WHITENED_SEQUENTIAL_BEAMSPACE_EXPECTED_TOTAL_SNR,STAGE8_K2_TANGENT_WHITE_SNR_MONTE_CARLO_AND_CLOSURE_V1,ONE_SYNTHETIC_CPI,ONE_SELECTED_RANGE_DOPPLER_CELL,1,1,0,0,0,7ac5f2ed7f8b920df52a4e1cde4f3ee8f80b69a8208c8d8579b1925f9a445627,cc7a08d53a0dcc7998af186b0ea4b6ae690e2a652f9ff61e15fdc48fd73f4957,-16.8100202239402,11.3558397148415,6.00000000000029
865,MC1_K2_N2_L1_SP10_P1_R04,2,STAGE5_TOEPLITZ_CORRELATED,2,1,1,P1,1,8,10,0.3,45,0,1,L1_FULLY_COHERENT_BY_CONTRACT,10,10,4,4,123,MC1_BASE_N2_L1_P1_R04,MC1_BASE_N2_L1_P1_R04,430100123,430200123,WHITENED_SEQUENTIAL_BEAMSPACE_EXPECTED_TOTAL_SNR,STAGE8_K2_TANGENT_WHITE_SNR_MONTE_CARLO_AND_CLOSURE_V1,ONE_SYNTHETIC_CPI,ONE_SELECTED_RANGE_DOPPLER_CELL,1,1,0,0,0,7ac5f2ed7f8b920df52a4e1cde4f3ee8f80b69a8208c8d8579b1925f9a445627,7b95163c1562b661d2b6b7f9993527cb9368197786535d2d0a9a8c422e093cd2,-12.8100202239402,15.3558397148415,10.0000000000009
866,MC1_K2_N2_L1_SP14_P1_R04,2,STAGE5_TOEPLITZ_CORRELATED,2,1,1,P1,1,8,10,0.3,45,0,1,L1_FULLY_COHERENT_BY_CONTRACT,14,14,5,4,123,MC1_BASE_N2_L1_P1_R04,MC1_BASE_N2_L1_P1_R04,430100123,430200123,WHITENED_SEQUENTIAL_BEAMSPACE_EXPECTED_TOTAL_SNR,STAGE8_K2_TANGENT_WHITE_SNR_MONTE_CARLO_AND_CLOSURE_V1,ONE_SYNTHETIC_CPI,ONE_SELECTED_RANGE_DOPPLER_CELL,1,1,0,0,0,7ac5f2ed7f8b920df52a4e1cde4f3ee8f80b69a8208c8d8579b1925f9a445627,102ad1eabc1b22624be886628b9bf09153853e7ebf16c8b87b3d08826b7b80af,-8.8100202239402,19.3558397148415,14.0000000000001
867,MC1_K2_N2_L1_SP18_P1_R04,2,STAGE5_TOEPLITZ_CORRELATED,2,1,1,P1,1,8,10,0.3,45,0,1,L1_FULLY_COHERENT_BY_CONTRACT,18,18,6,4,123,MC1_BASE_N2_L1_P1_R04,MC1_BASE_N2_L1_P1_R04,430100123,430200123,WHITENED_SEQUENTIAL_BEAMSPACE_EXPECTED_TOTAL_SNR,STAGE8_K2_TANGENT_WHITE_SNR_MONTE_CARLO_AND_CLOSURE_V1,ONE_SYNTHETIC_CPI,ONE_SELECTED_RANGE_DOPPLER_CELL,1,1,0,0,0,7ac5f2ed7f8b920df52a4e1cde4f3ee8f80b69a8208c8d8579b1925f9a445627,266db962f1a24b12b3e73de0d48b0ec9b887662d5e837333187077182c705641,-4.81002022394019,23.3558397148415,18.0000000000008
868,MC1_K2_N2_L1_SP22_P1_R04,2,STAGE5_TOEPLITZ_CORRELATED,2,1,1,P1,1,8,10,0.3,45,0,1,L1_FULLY_COHERENT_BY_CONTRACT,22,22,7,4,123,MC1_BASE_N2_L1_P1_R04,MC1_BASE_N2_L1_P1_R04,430100123,430200123,WHITENED_SEQUENTIAL_BEAMSPACE_EXPECTED_TOTAL_SNR,STAGE8_K2_TANGENT_WHITE_SNR_MONTE_CARLO_AND_CLOSURE_V1,ONE_SYNTHETIC_CPI,ONE_SELECTED_RANGE_DOPPLER_CELL,1,1,0,0,0,7ac5f2ed7f8b920df52a4e1cde4f3ee8f80b69a8208c8d8579b1925f9a445627,26391c08719773bdd6081fc3b753f9c063ef0daf2f23e84ee23c09f6b7d1a341,-0.81002022394019,27.3558397148415,21.9999999999993
869,MC1_K2_N2_L1_SM6_P1_R05,2,STAGE5_TOEPLITZ_CORRELATED,2,1,1,P1,1,8,10,0.3,45,0,1,L1_FULLY_COHERENT_BY_CONTRACT,-6,-6,1,5,124,MC1_BASE_N2_L1_P1_R05,MC1_BASE_N2_L1_P1_R05,430100124,430200124,WHITENED_SEQUENTIAL_BEAMSPACE_EXPECTED_TOTAL_SNR,STAGE8_K2_TANGENT_WHITE_SNR_MONTE_CARLO_AND_CLOSURE_V1,ONE_SYNTHETIC_CPI,ONE_SELECTED_RANGE_DOPPLER_CELL,1,1,0,0,0,7ac5f2ed7f8b920df52a4e1cde4f3ee8f80b69a8208c8d8579b1925f9a445627,c4d59866a9017a1d1314c8aeb70cafccfb69384e0d804a279d4db12ac689df1c,-28.7294272581046,-0.365446444443809,-5.99999999999941
870,MC1_K2_N2_L1_SP0_P1_R05,2,STAGE5_TOEPLITZ_CORRELATED,2,1,1,P1,1,8,10,0.3,45,0,1,L1_FULLY_COHERENT_BY_CONTRACT,0,0,2,5,124,MC1_BASE_N2_L1_P1_R05,MC1_BASE_N2_L1_P1_R05,430100124,430200124,WHITENED_SEQUENTIAL_BEAMSPACE_EXPECTED_TOTAL_SNR,STAGE8_K2_TANGENT_WHITE_SNR_MONTE_CARLO_AND_CLOSURE_V1,ONE_SYNTHETIC_CPI,ONE_SELECTED_RANGE_DOPPLER_CELL,1,1,0,0,0,7ac5f2ed7f8b920df52a4e1cde4f3ee8f80b69a8208c8d8579b1925f9a445627,45a8ed863e6b0f5459675f4c644fe8fdbe4364b9431e43645373207f0c72d94c,-22.7294272581046,5.6345535555562,-5.50148819668685e-13
871,MC1_K2_N2_L1_SP6_P1_R05,2,STAGE5_TOEPLITZ_CORRELATED,2,1,1,P1,1,8,10,0.3,45,0,1,L1_FULLY_COHERENT_BY_CONTRACT,6,6,3,5,124,MC1_BASE_N2_L1_P1_R05,MC1_BASE_N2_L1_P1_R05,430100124,430200124,WHITENED_SEQUENTIAL_BEAMSPACE_EXPECTED_TOTAL_SNR,STAGE8_K2_TANGENT_WHITE_SNR_MONTE_CARLO_AND_CLOSURE_V1,ONE_SYNTHETIC_CPI,ONE_SELECTED_RANGE_DOPPLER_CELL,1,1,0,0,0,7ac5f2ed7f8b920df52a4e1cde4f3ee8f80b69a8208c8d8579b1925f9a445627,af8674be5b7af88d95e9a95eae85b535903d2634d50814ada69b5f6ca8ad0873,-16.7294272581046,11.6345535555562,6.00000000000112
872,MC1_K2_N2_L1_SP10_P1_R05,2,STAGE5_TOEPLITZ_CORRELATED,2,1,1,P1,1,8,10,0.3,45,0,1,L1_FULLY_COHERENT_BY_CONTRACT,10,10,4,5,124,MC1_BASE_N2_L1_P1_R05,MC1_BASE_N2_L1_P1_R05,430100124,430200124,WHITENED_SEQUENTIAL_BEAMSPACE_EXPECTED_TOTAL_SNR,STAGE8_K2_TANGENT_WHITE_SNR_MONTE_CARLO_AND_CLOSURE_V1,ONE_SYNTHETIC_CPI,ONE_SELECTED_RANGE_DOPPLER_CELL,1,1,0,0,0,7ac5f2ed7f8b920df52a4e1cde4f3ee8f80b69a8208c8d8579b1925f9a445627,8bb9c409c4037d6dab5ca07d1b7c841bf2841810c5abfff01238475135e70706,-12.7294272581046,15.6345535555562,9.99999999999909
873,MC1_K2_N2_L1_SP14_P1_R05,2,STAGE5_TOEPLITZ_CORRELATED,2,1,1,P1,1,8,10,0.3,45,0,1,L1_FULLY_COHERENT_BY_CONTRACT,14,14,5,5,124,MC1_BASE_N2_L1_P1_R05,MC1_BASE_N2_L1_P1_R05,430100124,430200124,WHITENED_SEQUENTIAL_BEAMSPACE_EXPECTED_TOTAL_SNR,STAGE8_K2_TANGENT_WHITE_SNR_MONTE_CARLO_AND_CLOSURE_V1,ONE_SYNTHETIC_CPI,ONE_SELECTED_RANGE_DOPPLER_CELL,1,1,0,0,0,7ac5f2ed7f8b920df52a4e1cde4f3ee8f80b69a8208c8d8579b1925f9a445627,c6a7f6e4d8be6b69e7eec205ba26574675aa4f70e2e03eb982242d7f10fe6c42,-8.72942725810457,19.6345535555562,13.9999999999991
874,MC1_K2_N2_L1_SP18_P1_R05,2,STAGE5_TOEPLITZ_CORRELATED,2,1,1,P1,1,8,10,0.3,45,0,1,L1_FULLY_COHERENT_BY_CONTRACT,18,18,6,5,124,MC1_BASE_N2_L1_P1_R05,MC1_BASE_N2_L1_P1_R05,430100124,430200124,WHITENED_SEQUENTIAL_BEAMSPACE_EXPECTED_TOTAL_SNR,STAGE8_K2_TANGENT_WHITE_SNR_MONTE_CARLO_AND_CLOSURE_V1,ONE_SYNTHETIC_CPI,ONE_SELECTED_RANGE_DOPPLER_CELL,1,1,0,0,0,7ac5f2ed7f8b920df52a4e1cde4f3ee8f80b69a8208c8d8579b1925f9a445627,efb4b875227f40b7af6b058d63dd50975af6e27f3132f3ed418e75bed9a490bf,-4.72942725810457,23.6345535555562,18.0000000000006
875,MC1_K2_N2_L1_SP22_P1_R05,2,STAGE5_TOEPLITZ_CORRELATED,2,1,1,P1,1,8,10,0.3,45,0,1,L1_FULLY_COHERENT_BY_CONTRACT,22,22,7,5,124,MC1_BASE_N2_L1_P1_R05,MC1_BASE_N2_L1_P1_R05,430100124,430200124,WHITENED_SEQUENTIAL_BEAMSPACE_EXPECTED_TOTAL_SNR,STAGE8_K2_TANGENT_WHITE_SNR_MONTE_CARLO_AND_CLOSURE_V1,ONE_SYNTHETIC_CPI,ONE_SELECTED_RANGE_DOPPLER_CELL,1,1,0,0,0,7ac5f2ed7f8b920df52a4e1cde4f3ee8f80b69a8208c8d8579b1925f9a445627,c1584a579b9000ac42f7125a7750b768ed07789c036bd9768e26192c3e821a2d,-0.729427258104568,27.6345535555562,22
876,MC1_K2_N2_L1_SM6_P1_R06,2,STAGE5_TOEPLITZ_CORRELATED,2,1,1,P1,1,8,10,0.3,45,0,1,L1_FULLY_COHERENT_BY_CONTRACT,-6,-6,1,6,125,MC1_BASE_N2_L1_P1_R06,MC1_BASE_N2_L1_P1_R06,430100125,430200125,WHITENED_SEQUENTIAL_BEAMSPACE_EXPECTED_TOTAL_SNR,STAGE8_K2_TANGENT_WHITE_SNR_MONTE_CARLO_AND_CLOSURE_V1,ONE_SYNTHETIC_CPI,ONE_SELECTED_RANGE_DOPPLER_CELL,1,1,0,0,0,7ac5f2ed7f8b920df52a4e1cde4f3ee8f80b69a8208c8d8579b1925f9a445627,fc86d61e1b1671cfdc9e2c21ab689b381b1cbdf3d3c8fbf98af9e7d56509be6e,-28.6579971498921,-0.142692508895537,-5.99999999999936
877,MC1_K2_N2_L1_SP0_P1_R06,2,STAGE5_TOEPLITZ_CORRELATED,2,1,1,P1,1,8,10,0.3,45,0,1,L1_FULLY_COHERENT_BY_CONTRACT,0,0,2,6,125,MC1_BASE_N2_L1_P1_R06,MC1_BASE_N2_L1_P1_R06,430100125,430200125,WHITENED_SEQUENTIAL_BEAMSPACE_EXPECTED_TOTAL_SNR,STAGE8_K2_TANGENT_WHITE_SNR_MONTE_CARLO_AND_CLOSURE_V1,ONE_SYNTHETIC_CPI,ONE_SELECTED_RANGE_DOPPLER_CELL,1,1,0,0,0,7ac5f2ed7f8b920df52a4e1cde4f3ee8f80b69a8208c8d8579b1925f9a445627,9a2560cfc348588c17af9a88fcb8907caebef055be7a1a68a20465aa4035a05c,-22.6579971498921,5.85730749110446,4.18518120484106e-13
878,MC1_K2_N2_L1_SP6_P1_R06,2,STAGE5_TOEPLITZ_CORRELATED,2,1,1,P1,1,8,10,0.3,45,0,1,L1_FULLY_COHERENT_BY_CONTRACT,6,6,3,6,125,MC1_BASE_N2_L1_P1_R06,MC1_BASE_N2_L1_P1_R06,430100125,430200125,WHITENED_SEQUENTIAL_BEAMSPACE_EXPECTED_TOTAL_SNR,STAGE8_K2_TANGENT_WHITE_SNR_MONTE_CARLO_AND_CLOSURE_V1,ONE_SYNTHETIC_CPI,ONE_SELECTED_RANGE_DOPPLER_CELL,1,1,0,0,0,7ac5f2ed7f8b920df52a4e1cde4f3ee8f80b69a8208c8d8579b1925f9a445627,fe919a52abaf1d7fdd2820a81d9f349ee50940776d4f7b35227d1cd5926c104b,-16.6579971498921,11.8573074911045,5.99999999999987
879,MC1_K2_N2_L1_SP10_P1_R06,2,STAGE5_TOEPLITZ_CORRELATED,2,1,1,P1,1,8,10,0.3,45,0,1,L1_FULLY_COHERENT_BY_CONTRACT,10,10,4,6,125,MC1_BASE_N2_L1_P1_R06,MC1_BASE_N2_L1_P1_R06,430100125,430200125,WHITENED_SEQUENTIAL_BEAMSPACE_EXPECTED_TOTAL_SNR,STAGE8_K2_TANGENT_WHITE_SNR_MONTE_CARLO_AND_CLOSURE_V1,ONE_SYNTHETIC_CPI,ONE_SELECTED_RANGE_DOPPLER_CELL,1,1,0,0,0,7ac5f2ed7f8b920df52a4e1cde4f3ee8f80b69a8208c8d8579b1925f9a445627,07336f06f9f5025a59c0fddda1b0bdf26b1e2fd23de1c2710dbad2016efe7c68,-12.6579971498921,15.8573074911045,10.0000000000002
880,MC1_K2_N2_L1_SP14_P1_R06,2,STAGE5_TOEPLITZ_CORRELATED,2,1,1,P1,1,8,10,0.3,45,0,1,L1_FULLY_COHERENT_BY_CONTRACT,14,14,5,6,125,MC1_BASE_N2_L1_P1_R06,MC1_BASE_N2_L1_P1_R06,430100125,430200125,WHITENED_SEQUENTIAL_BEAMSPACE_EXPECTED_TOTAL_SNR,STAGE8_K2_TANGENT_WHITE_SNR_MONTE_CARLO_AND_CLOSURE_V1,ONE_SYNTHETIC_CPI,ONE_SELECTED_RANGE_DOPPLER_CELL,1,1,0,0,0,7ac5f2ed7f8b920df52a4e1cde4f3ee8f80b69a8208c8d8579b1925f9a445627,9968c718d343a2a2dfddd97da3872ffeb329270aedf5efaaf26dc2153ad9d542,-8.65799714989209,19.8573074911045,13.9999999999999
881,MC1_K2_N2_L1_SP18_P1_R06,2,STAGE5_TOEPLITZ_CORRELATED,2,1,1,P1,1,8,10,0.3,45,0,1,L1_FULLY_COHERENT_BY_CONTRACT,18,18,6,6,125,MC1_BASE_N2_L1_P1_R06,MC1_BASE_N2_L1_P1_R06,430100125,430200125,WHITENED_SEQUENTIAL_BEAMSPACE_EXPECTED_TOTAL_SNR,STAGE8_K2_TANGENT_WHITE_SNR_MONTE_CARLO_AND_CLOSURE_V1,ONE_SYNTHETIC_CPI,ONE_SELECTED_RANGE_DOPPLER_CELL,1,1,0,0,0,7ac5f2ed7f8b920df52a4e1cde4f3ee8f80b69a8208c8d8579b1925f9a445627,c5210541b0ec715e747c1d261e97b7146ffd0b933346c20b6cf0c0a49f1c46c5,-4.65799714989209,23.8573074911045,18
882,MC1_K2_N2_L1_SP22_P1_R06,2,STAGE5_TOEPLITZ_CORRELATED,2,1,1,P1,1,8,10,0.3,45,0,1,L1_FULLY_COHERENT_BY_CONTRACT,22,22,7,6,125,MC1_BASE_N2_L1_P1_R06,MC1_BASE_N2_L1_P1_R06,430100125,430200125,WHITENED_SEQUENTIAL_BEAMSPACE_EXPECTED_TOTAL_SNR,STAGE8_K2_TANGENT_WHITE_SNR_MONTE_CARLO_AND_CLOSURE_V1,ONE_SYNTHETIC_CPI,ONE_SELECTED_RANGE_DOPPLER_CELL,1,1,0,0,0,7ac5f2ed7f8b920df52a4e1cde4f3ee8f80b69a8208c8d8579b1925f9a445627,d084b9247fb45375e3d588d8059cc27bbdb761fa8a6fee9c020a9fb5ecdcb66e,-0.657997149892087,27.8573074911045,22.0000000000003
883,MC1_K2_N2_L1_SM6_P1_R07,2,STAGE5_TOEPLITZ_CORRELATED,2,1,1,P1,1,8,10,0.3,45,0,1,L1_FULLY_COHERENT_BY_CONTRACT,-6,-6,1,7,126,MC1_BASE_N2_L1_P1_R07,MC1_BASE_N2_L1_P1_R07,430100126,430200126,WHITENED_SEQUENTIAL_BEAMSPACE_EXPECTED_TOTAL_SNR,STAGE8_K2_TANGENT_WHITE_SNR_MONTE_CARLO_AND_CLOSURE_V1,ONE_SYNTHETIC_CPI,ONE_SELECTED_RANGE_DOPPLER_CELL,1,1,0,0,0,7ac5f2ed7f8b920df52a4e1cde4f3ee8f80b69a8208c8d8579b1925f9a445627,7272adff5e4882a4adb925b75f373c3c7d30df3d9adbaa1adfca35ddaf4a1f38,-28.7469423723485,-0.424231385824417,-5.99999999999964
884,MC1_K2_N2_L1_SP0_P1_R07,2,STAGE5_TOEPLITZ_CORRELATED,2,1,1,P1,1,8,10,0.3,45,0,1,L1_FULLY_COHERENT_BY_CONTRACT,0,0,2,7,126,MC1_BASE_N2_L1_P1_R07,MC1_BASE_N2_L1_P1_R07,430100126,430200126,WHITENED_SEQUENTIAL_BEAMSPACE_EXPECTED_TOTAL_SNR,STAGE8_K2_TANGENT_WHITE_SNR_MONTE_CARLO_AND_CLOSURE_V1,ONE_SYNTHETIC_CPI,ONE_SELECTED_RANGE_DOPPLER_CELL,1,1,0,0,0,7ac5f2ed7f8b920df52a4e1cde4f3ee8f80b69a8208c8d8579b1925f9a445627,8e9369f28d4a8f3071306549d8a2a0ea5573a92ec9c8f23affe773cad1bf166b,-22.7469423723485,5.57576861417558,-2.20830989840708e-13
885,MC1_K2_N2_L1_SP6_P1_R07,2,STAGE5_TOEPLITZ_CORRELATED,2,1,1,P1,1,8,10,0.3,45,0,1,L1_FULLY_COHERENT_BY_CONTRACT,6,6,3,7,126,MC1_BASE_N2_L1_P1_R07,MC1_BASE_N2_L1_P1_R07,430100126,430200126,WHITENED_SEQUENTIAL_BEAMSPACE_EXPECTED_TOTAL_SNR,STAGE8_K2_TANGENT_WHITE_SNR_MONTE_CARLO_AND_CLOSURE_V1,ONE_SYNTHETIC_CPI,ONE_SELECTED_RANGE_DOPPLER_CELL,1,1,0,0,0,7ac5f2ed7f8b920df52a4e1cde4f3ee8f80b69a8208c8d8579b1925f9a445627,193702775588d7efb84789d502cd993aeb66bbc1a9935d21d46a8549a931c223,-16.7469423723485,11.5757686141756,6.00000000000012
886,MC1_K2_N2_L1_SP10_P1_R07,2,STAGE5_TOEPLITZ_CORRELATED,2,1,1,P1,1,8,10,0.3,45,0,1,L1_FULLY_COHERENT_BY_CONTRACT,10,10,4,7,126,MC1_BASE_N2_L1_P1_R07,MC1_BASE_N2_L1_P1_R07,430100126,430200126,WHITENED_SEQUENTIAL_BEAMSPACE_EXPECTED_TOTAL_SNR,STAGE8_K2_TANGENT_WHITE_SNR_MONTE_CARLO_AND_CLOSURE_V1,ONE_SYNTHETIC_CPI,ONE_SELECTED_RANGE_DOPPLER_CELL,1,1,0,0,0,7ac5f2ed7f8b920df52a4e1cde4f3ee8f80b69a8208c8d8579b1925f9a445627,e06d1fc5b80a34f35c52e99606671716975fd573c8909acaa378bdc0d347c703,-12.7469423723485,15.5757686141756,9.99999999999991
887,MC1_K2_N2_L1_SP14_P1_R07,2,STAGE5_TOEPLITZ_CORRELATED,2,1,1,P1,1,8,10,0.3,45,0,1,L1_FULLY_COHERENT_BY_CONTRACT,14,14,5,7,126,MC1_BASE_N2_L1_P1_R07,MC1_BASE_N2_L1_P1_R07,430100126,430200126,WHITENED_SEQUENTIAL_BEAMSPACE_EXPECTED_TOTAL_SNR,STAGE8_K2_TANGENT_WHITE_SNR_MONTE_CARLO_AND_CLOSURE_V1,ONE_SYNTHETIC_CPI,ONE_SELECTED_RANGE_DOPPLER_CELL,1,1,0,0,0,7ac5f2ed7f8b920df52a4e1cde4f3ee8f80b69a8208c8d8579b1925f9a445627,bbe5c07d8a742c3eeefb035eed0ffbade2e796eaeae8f216f88b2937e5678380,-8.74694237234854,19.5757686141756,14.0000000000006
888,MC1_K2_N2_L1_SP18_P1_R07,2,STAGE5_TOEPLITZ_CORRELATED,2,1,1,P1,1,8,10,0.3,45,0,1,L1_FULLY_COHERENT_BY_CONTRACT,18,18,6,7,126,MC1_BASE_N2_L1_P1_R07,MC1_BASE_N2_L1_P1_R07,430100126,430200126,WHITENED_SEQUENTIAL_BEAMSPACE_EXPECTED_TOTAL_SNR,STAGE8_K2_TANGENT_WHITE_SNR_MONTE_CARLO_AND_CLOSURE_V1,ONE_SYNTHETIC_CPI,ONE_SELECTED_RANGE_DOPPLER_CELL,1,1,0,0,0,7ac5f2ed7f8b920df52a4e1cde4f3ee8f80b69a8208c8d8579b1925f9a445627,d595579c1430403ba8bab33b9d6c37e6fdc0531ed3adfaae75733be1a56aa41d,-4.74694237234854,23.5757686141756,18.0000000000005
889,MC1_K2_N2_L1_SP22_P1_R07,2,STAGE5_TOEPLITZ_CORRELATED,2,1,1,P1,1,8,10,0.3,45,0,1,L1_FULLY_COHERENT_BY_CONTRACT,22,22,7,7,126,MC1_BASE_N2_L1_P1_R07,MC1_BASE_N2_L1_P1_R07,430100126,430200126,WHITENED_SEQUENTIAL_BEAMSPACE_EXPECTED_TOTAL_SNR,STAGE8_K2_TANGENT_WHITE_SNR_MONTE_CARLO_AND_CLOSURE_V1,ONE_SYNTHETIC_CPI,ONE_SELECTED_RANGE_DOPPLER_CELL,1,1,0,0,0,7ac5f2ed7f8b920df52a4e1cde4f3ee8f80b69a8208c8d8579b1925f9a445627,9c6056f5b93f8712ebf53c6d9b9e6ba4dba9da2619025509fb1f79a8050e16d7,-0.74694237234854,27.5757686141756,22.0000000000009
890,MC1_K2_N2_L1_SM6_P1_R08,2,STAGE5_TOEPLITZ_CORRELATED,2,1,1,P1,1,8,10,0.3,45,0,1,L1_FULLY_COHERENT_BY_CONTRACT,-6,-6,1,8,127,MC1_BASE_N2_L1_P1_R08,MC1_BASE_N2_L1_P1_R08,430100127,430200127,WHITENED_SEQUENTIAL_BEAMSPACE_EXPECTED_TOTAL_SNR,STAGE8_K2_TANGENT_WHITE_SNR_MONTE_CARLO_AND_CLOSURE_V1,ONE_SYNTHETIC_CPI,ONE_SELECTED_RANGE_DOPPLER_CELL,1,1,0,0,0,7ac5f2ed7f8b920df52a4e1cde4f3ee8f80b69a8208c8d8579b1925f9a445627,8083d82b7234ef35b9e85cb7dd5746434d06756eaf9c9b1625207030148b6152,-28.6694738132118,-0.175049061055691,-5.99999999999983
891,MC1_K2_N2_L1_SP0_P1_R08,2,STAGE5_TOEPLITZ_CORRELATED,2,1,1,P1,1,8,10,0.3,45,0,1,L1_FULLY_COHERENT_BY_CONTRACT,0,0,2,8,127,MC1_BASE_N2_L1_P1_R08,MC1_BASE_N2_L1_P1_R08,430100127,430200127,WHITENED_SEQUENTIAL_BEAMSPACE_EXPECTED_TOTAL_SNR,STAGE8_K2_TANGENT_WHITE_SNR_MONTE_CARLO_AND_CLOSURE_V1,ONE_SYNTHETIC_CPI,ONE_SELECTED_RANGE_DOPPLER_CELL,1,1,0,0,0,7ac5f2ed7f8b920df52a4e1cde4f3ee8f80b69a8208c8d8579b1925f9a445627,b91d9564a46caac0f63ca40d623a4bdc4c8609efb99263dca234f2d427b27a8a,-22.6694738132118,5.82495093894431,-6.036689940624e-13
892,MC1_K2_N2_L1_SP6_P1_R08,2,STAGE5_TOEPLITZ_CORRELATED,2,1,1,P1,1,8,10,0.3,45,0,1,L1_FULLY_COHERENT_BY_CONTRACT,6,6,3,8,127,MC1_BASE_N2_L1_P1_R08,MC1_BASE_N2_L1_P1_R08,430100127,430200127,WHITENED_SEQUENTIAL_BEAMSPACE_EXPECTED_TOTAL_SNR,STAGE8_K2_TANGENT_WHITE_SNR_MONTE_CARLO_AND_CLOSURE_V1,ONE_SYNTHETIC_CPI,ONE_SELECTED_RANGE_DOPPLER_CELL,1,1,0,0,0,7ac5f2ed7f8b920df52a4e1cde4f3ee8f80b69a8208c8d8579b1925f9a445627,c89053aefa48681fd7a8dd3df765625406d5d0841e9c0195f32794d1e86761be,-16.6694738132118,11.8249509389443,5.9999999999996
893,MC1_K2_N2_L1_SP10_P1_R08,2,STAGE5_TOEPLITZ_CORRELATED,2,1,1,P1,1,8,10,0.3,45,0,1,L1_FULLY_COHERENT_BY_CONTRACT,10,10,4,8,127,MC1_BASE_N2_L1_P1_R08,MC1_BASE_N2_L1_P1_R08,430100127,430200127,WHITENED_SEQUENTIAL_BEAMSPACE_EXPECTED_TOTAL_SNR,STAGE8_K2_TANGENT_WHITE_SNR_MONTE_CARLO_AND_CLOSURE_V1,ONE_SYNTHETIC_CPI,ONE_SELECTED_RANGE_DOPPLER_CELL,1,1,0,0,0,7ac5f2ed7f8b920df52a4e1cde4f3ee8f80b69a8208c8d8579b1925f9a445627,6d53f9e9c8b9913f4a01c91f6e664e62f75b0594c164a8f974ffc1a47b08bc6c,-12.6694738132118,15.8249509389443,9.99999999999932
894,MC1_K2_N2_L1_SP14_P1_R08,2,STAGE5_TOEPLITZ_CORRELATED,2,1,1,P1,1,8,10,0.3,45,0,1,L1_FULLY_COHERENT_BY_CONTRACT,14,14,5,8,127,MC1_BASE_N2_L1_P1_R08,MC1_BASE_N2_L1_P1_R08,430100127,430200127,WHITENED_SEQUENTIAL_BEAMSPACE_EXPECTED_TOTAL_SNR,STAGE8_K2_TANGENT_WHITE_SNR_MONTE_CARLO_AND_CLOSURE_V1,ONE_SYNTHETIC_CPI,ONE_SELECTED_RANGE_DOPPLER_CELL,1,1,0,0,0,7ac5f2ed7f8b920df52a4e1cde4f3ee8f80b69a8208c8d8579b1925f9a445627,6c56fceadb124a531af9b0486cfe6084cea5efecc32ce8c1acd914573514f9a7,-8.66947381321184,19.8249509389443,14
895,MC1_K2_N2_L1_SP18_P1_R08,2,STAGE5_TOEPLITZ_CORRELATED,2,1,1,P1,1,8,10,0.3,45,0,1,L1_FULLY_COHERENT_BY_CONTRACT,18,18,6,8,127,MC1_BASE_N2_L1_P1_R08,MC1_BASE_N2_L1_P1_R08,430100127,430200127,WHITENED_SEQUENTIAL_BEAMSPACE_EXPECTED_TOTAL_SNR,STAGE8_K2_TANGENT_WHITE_SNR_MONTE_CARLO_AND_CLOSURE_V1,ONE_SYNTHETIC_CPI,ONE_SELECTED_RANGE_DOPPLER_CELL,1,1,0,0,0,7ac5f2ed7f8b920df52a4e1cde4f3ee8f80b69a8208c8d8579b1925f9a445627,d67a12cf666b5d0be41955ae1c34c34cb6d862fe09c253e01b9defbac44d67a0,-4.66947381321184,23.8249509389443,17.9999999999987
896,MC1_K2_N2_L1_SP22_P1_R08,2,STAGE5_TOEPLITZ_CORRELATED,2,1,1,P1,1,8,10,0.3,45,0,1,L1_FULLY_COHERENT_BY_CONTRACT,22,22,7,8,127,MC1_BASE_N2_L1_P1_R08,MC1_BASE_N2_L1_P1_R08,430100127,430200127,WHITENED_SEQUENTIAL_BEAMSPACE_EXPECTED_TOTAL_SNR,STAGE8_K2_TANGENT_WHITE_SNR_MONTE_CARLO_AND_CLOSURE_V1,ONE_SYNTHETIC_CPI,ONE_SELECTED_RANGE_DOPPLER_CELL,1,1,0,0,0,7ac5f2ed7f8b920df52a4e1cde4f3ee8f80b69a8208c8d8579b1925f9a445627,6c38778bd18179300fbe94159fa6d3db6da8dd3aa3cb047f654144c973b4490b,-0.669473813211836,27.8249509389443,21.9999999999994
897,MC1_K2_N2_L1_SM6_P1_R09,2,STAGE5_TOEPLITZ_CORRELATED,2,1,1,P1,1,8,10,0.3,45,0,1,L1_FULLY_COHERENT_BY_CONTRACT,-6,-6,1,9,128,MC1_BASE_N2_L1_P1_R09,MC1_BASE_N2_L1_P1_R09,430100128,430200128,WHITENED_SEQUENTIAL_BEAMSPACE_EXPECTED_TOTAL_SNR,STAGE8_K2_TANGENT_WHITE_SNR_MONTE_CARLO_AND_CLOSURE_V1,ONE_SYNTHETIC_CPI,ONE_SELECTED_RANGE_DOPPLER_CELL,1,1,0,0,0,7ac5f2ed7f8b920df52a4e1cde4f3ee8f80b69a8208c8d8579b1925f9a445627,54403f4c3aa4a99a78d414789e19e46923fd1a9e82b5aeb5d584a2b0fbb7abac,-28.7061158474324,-0.289035444568592,-6.00000000000056
898,MC1_K2_N2_L1_SP0_P1_R09,2,STAGE5_TOEPLITZ_CORRELATED,2,1,1,P1,1,8,10,0.3,45,0,1,L1_FULLY_COHERENT_BY_CONTRACT,0,0,2,9,128,MC1_BASE_N2_L1_P1_R09,MC1_BASE_N2_L1_P1_R09,430100128,430200128,WHITENED_SEQUENTIAL_BEAMSPACE_EXPECTED_TOTAL_SNR,STAGE8_K2_TANGENT_WHITE_SNR_MONTE_CARLO_AND_CLOSURE_V1,ONE_SYNTHETIC_CPI,ONE_SELECTED_RANGE_DOPPLER_CELL,1,1,0,0,0,7ac5f2ed7f8b920df52a4e1cde4f3ee8f80b69a8208c8d8579b1925f9a445627,1200ffc768247b189ecbfdff3e9f8684abada7f90f661ba3df1fb3efebc93530,-22.7061158474324,5.7109645554314,3.23049701295339e-13
899,MC1_K2_N2_L1_SP6_P1_R09,2,STAGE5_TOEPLITZ_CORRELATED,2,1,1,P1,1,8,10,0.3,45,0,1,L1_FULLY_COHERENT_BY_CONTRACT,6,6,3,9,128,MC1_BASE_N2_L1_P1_R09,MC1_BASE_N2_L1_P1_R09,430100128,430200128,WHITENED_SEQUENTIAL_BEAMSPACE_EXPECTED_TOTAL_SNR,STAGE8_K2_TANGENT_WHITE_SNR_MONTE_CARLO_AND_CLOSURE_V1,ONE_SYNTHETIC_CPI,ONE_SELECTED_RANGE_DOPPLER_CELL,1,1,0,0,0,7ac5f2ed7f8b920df52a4e1cde4f3ee8f80b69a8208c8d8579b1925f9a445627,1648cdc25310c1ab86c6220114b642398bff29ec4fd70143f688e721203ab143,-16.7061158474324,11.7109645554314,6.00000000000042
900,MC1_K2_N2_L1_SP10_P1_R09,2,STAGE5_TOEPLITZ_CORRELATED,2,1,1,P1,1,8,10,0.3,45,0,1,L1_FULLY_COHERENT_BY_CONTRACT,10,10,4,9,128,MC1_BASE_N2_L1_P1_R09,MC1_BASE_N2_L1_P1_R09,430100128,430200128,WHITENED_SEQUENTIAL_BEAMSPACE_EXPECTED_TOTAL_SNR,STAGE8_K2_TANGENT_WHITE_SNR_MONTE_CARLO_AND_CLOSURE_V1,ONE_SYNTHETIC_CPI,ONE_SELECTED_RANGE_DOPPLER_CELL,1,1,0,0,0,7ac5f2ed7f8b920df52a4e1cde4f3ee8f80b69a8208c8d8579b1925f9a445627,3291e352966e9e88ca22977147e28a9316aad0c80a71c0ce15367f1d71316c9f,-12.7061158474324,15.7109645554314,9.9999999999995
901,MC1_K2_N2_L1_SP14_P1_R09,2,STAGE5_TOEPLITZ_CORRELATED,2,1,1,P1,1,8,10,0.3,45,0,1,L1_FULLY_COHERENT_BY_CONTRACT,14,14,5,9,128,MC1_BASE_N2_L1_P1_R09,MC1_BASE_N2_L1_P1_R09,430100128,430200128,WHITENED_SEQUENTIAL_BEAMSPACE_EXPECTED_TOTAL_SNR,STAGE8_K2_TANGENT_WHITE_SNR_MONTE_CARLO_AND_CLOSURE_V1,ONE_SYNTHETIC_CPI,ONE_SELECTED_RANGE_DOPPLER_CELL,1,1,0,0,0,7ac5f2ed7f8b920df52a4e1cde4f3ee8f80b69a8208c8d8579b1925f9a445627,45e8c67d40aa903e3bf3669119c76816b7b6051d82169ce17cb1775d569ee690,-8.70611584743237,19.7109645554314,14.0000000000005
902,MC1_K2_N2_L1_SP18_P1_R09,2,STAGE5_TOEPLITZ_CORRELATED,2,1,1,P1,1,8,10,0.3,45,0,1,L1_FULLY_COHERENT_BY_CONTRACT,18,18,6,9,128,MC1_BASE_N2_L1_P1_R09,MC1_BASE_N2_L1_P1_R09,430100128,430200128,WHITENED_SEQUENTIAL_BEAMSPACE_EXPECTED_TOTAL_SNR,STAGE8_K2_TANGENT_WHITE_SNR_MONTE_CARLO_AND_CLOSURE_V1,ONE_SYNTHETIC_CPI,ONE_SELECTED_RANGE_DOPPLER_CELL,1,1,0,0,0,7ac5f2ed7f8b920df52a4e1cde4f3ee8f80b69a8208c8d8579b1925f9a445627,fa0686ddc3690db7fca33edf1c11bc31ad18491897c7ab8c9965c047154bc942,-4.70611584743236,23.7109645554314,18.0000000000003
903,MC1_K2_N2_L1_SP22_P1_R09,2,STAGE5_TOEPLITZ_CORRELATED,2,1,1,P1,1,8,10,0.3,45,0,1,L1_FULLY_COHERENT_BY_CONTRACT,22,22,7,9,128,MC1_BASE_N2_L1_P1_R09,MC1_BASE_N2_L1_P1_R09,430100128,430200128,WHITENED_SEQUENTIAL_BEAMSPACE_EXPECTED_TOTAL_SNR,STAGE8_K2_TANGENT_WHITE_SNR_MONTE_CARLO_AND_CLOSURE_V1,ONE_SYNTHETIC_CPI,ONE_SELECTED_RANGE_DOPPLER_CELL,1,1,0,0,0,7ac5f2ed7f8b920df52a4e1cde4f3ee8f80b69a8208c8d8579b1925f9a445627,88c0b2157bd1279f6f8c852a530563b6cfc86f7597e88653cb77094a84f208ea,-0.706115847432366,27.7109645554314,22.0000000000006
904,MC1_K2_N2_L1_SM6_P1_R10,2,STAGE5_TOEPLITZ_CORRELATED,2,1,1,P1,1,8,10,0.3,45,0,1,L1_FULLY_COHERENT_BY_CONTRACT,-6,-6,1,10,129,MC1_BASE_N2_L1_P1_R10,MC1_BASE_N2_L1_P1_R10,430100129,430200129,WHITENED_SEQUENTIAL_BEAMSPACE_EXPECTED_TOTAL_SNR,STAGE8_K2_TANGENT_WHITE_SNR_MONTE_CARLO_AND_CLOSURE_V1,ONE_SYNTHETIC_CPI,ONE_SELECTED_RANGE_DOPPLER_CELL,1,1,0,0,0,7ac5f2ed7f8b920df52a4e1cde4f3ee8f80b69a8208c8d8579b1925f9a445627,94e7b46a71fd101117cc24a23e1be7e541b39e640463166718b84fc36b2950f6,-28.670962941421,-0.224303359221555,-6.00000000000015
905,MC1_K2_N2_L1_SP0_P1_R10,2,STAGE5_TOEPLITZ_CORRELATED,2,1,1,P1,1,8,10,0.3,45,0,1,L1_FULLY_COHERENT_BY_CONTRACT,0,0,2,10,129,MC1_BASE_N2_L1_P1_R10,MC1_BASE_N2_L1_P1_R10,430100129,430200129,WHITENED_SEQUENTIAL_BEAMSPACE_EXPECTED_TOTAL_SNR,STAGE8_K2_TANGENT_WHITE_SNR_MONTE_CARLO_AND_CLOSURE_V1,ONE_SYNTHETIC_CPI,ONE_SELECTED_RANGE_DOPPLER_CELL,1,1,0,0,0,7ac5f2ed7f8b920df52a4e1cde4f3ee8f80b69a8208c8d8579b1925f9a445627,a43ccef47878c907a5509d5a90eb6c9c57386c7c07d2aa1fa807630561fbc2c7,-22.670962941421,5.77569664077845,-4.72520458611136e-13
906,MC1_K2_N2_L1_SP6_P1_R10,2,STAGE5_TOEPLITZ_CORRELATED,2,1,1,P1,1,8,10,0.3,45,0,1,L1_FULLY_COHERENT_BY_CONTRACT,6,6,3,10,129,MC1_BASE_N2_L1_P1_R10,MC1_BASE_N2_L1_P1_R10,430100129,430200129,WHITENED_SEQUENTIAL_BEAMSPACE_EXPECTED_TOTAL_SNR,STAGE8_K2_TANGENT_WHITE_SNR_MONTE_CARLO_AND_CLOSURE_V1,ONE_SYNTHETIC_CPI,ONE_SELECTED_RANGE_DOPPLER_CELL,1,1,0,0,0,7ac5f2ed7f8b920df52a4e1cde4f3ee8f80b69a8208c8d8579b1925f9a445627,16192f0da7fc5eafad1396d378429c9062d2b24a9a3b442852ae9adb32b7584e,-16.670962941421,11.7756966407785,5.99999999999964
907,MC1_K2_N2_L1_SP10_P1_R10,2,STAGE5_TOEPLITZ_CORRELATED,2,1,1,P1,1,8,10,0.3,45,0,1,L1_FULLY_COHERENT_BY_CONTRACT,10,10,4,10,129,MC1_BASE_N2_L1_P1_R10,MC1_BASE_N2_L1_P1_R10,430100129,430200129,WHITENED_SEQUENTIAL_BEAMSPACE_EXPECTED_TOTAL_SNR,STAGE8_K2_TANGENT_WHITE_SNR_MONTE_CARLO_AND_CLOSURE_V1,ONE_SYNTHETIC_CPI,ONE_SELECTED_RANGE_DOPPLER_CELL,1,1,0,0,0,7ac5f2ed7f8b920df52a4e1cde4f3ee8f80b69a8208c8d8579b1925f9a445627,5e62a02dbc5cd1ff9535b0114d6694310ae125c722e3d4f49df3a6dd8e9bd196,-12.670962941421,15.7756966407785,9.99999999999975
908,MC1_K2_N2_L1_SP14_P1_R10,2,STAGE5_TOEPLITZ_CORRELATED,2,1,1,P1,1,8,10,0.3,45,0,1,L1_FULLY_COHERENT_BY_CONTRACT,14,14,5,10,129,MC1_BASE_N2_L1_P1_R10,MC1_BASE_N2_L1_P1_R10,430100129,430200129,WHITENED_SEQUENTIAL_BEAMSPACE_EXPECTED_TOTAL_SNR,STAGE8_K2_TANGENT_WHITE_SNR_MONTE_CARLO_AND_CLOSURE_V1,ONE_SYNTHETIC_CPI,ONE_SELECTED_RANGE_DOPPLER_CELL,1,1,0,0,0,7ac5f2ed7f8b920df52a4e1cde4f3ee8f80b69a8208c8d8579b1925f9a445627,5997ae287be615cbb3091c20be9f7b7d34eba5114362a76f76b0f021d787a2ba,-8.67096294142102,19.7756966407784,13.9999999999993
909,MC1_K2_N2_L1_SP18_P1_R10,2,STAGE5_TOEPLITZ_CORRELATED,2,1,1,P1,1,8,10,0.3,45,0,1,L1_FULLY_COHERENT_BY_CONTRACT,18,18,6,10,129,MC1_BASE_N2_L1_P1_R10,MC1_BASE_N2_L1_P1_R10,430100129,430200129,WHITENED_SEQUENTIAL_BEAMSPACE_EXPECTED_TOTAL_SNR,STAGE8_K2_TANGENT_WHITE_SNR_MONTE_CARLO_AND_CLOSURE_V1,ONE_SYNTHETIC_CPI,ONE_SELECTED_RANGE_DOPPLER_CELL,1,1,0,0,0,7ac5f2ed7f8b920df52a4e1cde4f3ee8f80b69a8208c8d8579b1925f9a445627,22cef06090e86de6b64cb89e72ab5d6f51c75b3706e2decb8f66d3297871b5ba,-4.67096294142101,23.7756966407784,17.9999999999993
910,MC1_K2_N2_L1_SP22_P1_R10,2,STAGE5_TOEPLITZ_CORRELATED,2,1,1,P1,1,8,10,0.3,45,0,1,L1_FULLY_COHERENT_BY_CONTRACT,22,22,7,10,129,MC1_BASE_N2_L1_P1_R10,MC1_BASE_N2_L1_P1_R10,430100129,430200129,WHITENED_SEQUENTIAL_BEAMSPACE_EXPECTED_TOTAL_SNR,STAGE8_K2_TANGENT_WHITE_SNR_MONTE_CARLO_AND_CLOSURE_V1,ONE_SYNTHETIC_CPI,ONE_SELECTED_RANGE_DOPPLER_CELL,1,1,0,0,0,7ac5f2ed7f8b920df52a4e1cde4f3ee8f80b69a8208c8d8579b1925f9a445627,2aab0ca9cd24a2ef5e4ab0ce7012f9331c751805e5efbdedc330833bf6c469e1,-0.670962941421011,27.7756966407784,21.9999999999995
911,MC1_K2_N2_L1_SM6_P2_R01,2,STAGE5_TOEPLITZ_CORRELATED,2,1,1,P2,2,8.2,10,0.2,0,-6,1,L1_FULLY_COHERENT_BY_CONTRACT,-6,-6,1,1,130,MC1_BASE_N2_L1_P2_R01,MC1_BASE_N2_L1_P2_R01,430100130,430200130,WHITENED_SEQUENTIAL_BEAMSPACE_EXPECTED_TOTAL_SNR,STAGE8_K2_TANGENT_WHITE_SNR_MONTE_CARLO_AND_CLOSURE_V1,ONE_SYNTHETIC_CPI,ONE_SELECTED_RANGE_DOPPLER_CELL,1,1,0,0,0,7ac5f2ed7f8b920df52a4e1cde4f3ee8f80b69a8208c8d8579b1925f9a445627,ba0a81ef9f0a1661a7ee8fe572cd260e4bb597753bfb6f9c63dbfbe055c88b0d,-28.6570624632665,-0.168514743557767,-5.99999999999955
912,MC1_K2_N2_L1_SP0_P2_R01,2,STAGE5_TOEPLITZ_CORRELATED,2,1,1,P2,2,8.2,10,0.2,0,-6,1,L1_FULLY_COHERENT_BY_CONTRACT,0,0,2,1,130,MC1_BASE_N2_L1_P2_R01,MC1_BASE_N2_L1_P2_R01,430100130,430200130,WHITENED_SEQUENTIAL_BEAMSPACE_EXPECTED_TOTAL_SNR,STAGE8_K2_TANGENT_WHITE_SNR_MONTE_CARLO_AND_CLOSURE_V1,ONE_SYNTHETIC_CPI,ONE_SELECTED_RANGE_DOPPLER_CELL,1,1,0,0,0,7ac5f2ed7f8b920df52a4e1cde4f3ee8f80b69a8208c8d8579b1925f9a445627,70bf09081af66105b124b448e3ba27ae6295bfaa2b92edaa116ad670498b6328,-22.6570624632665,5.83148525644223,2.79654965300444e-13
913,MC1_K2_N2_L1_SP6_P2_R01,2,STAGE5_TOEPLITZ_CORRELATED,2,1,1,P2,2,8.2,10,0.2,0,-6,1,L1_FULLY_COHERENT_BY_CONTRACT,6,6,3,1,130,MC1_BASE_N2_L1_P2_R01,MC1_BASE_N2_L1_P2_R01,430100130,430200130,WHITENED_SEQUENTIAL_BEAMSPACE_EXPECTED_TOTAL_SNR,STAGE8_K2_TANGENT_WHITE_SNR_MONTE_CARLO_AND_CLOSURE_V1,ONE_SYNTHETIC_CPI,ONE_SELECTED_RANGE_DOPPLER_CELL,1,1,0,0,0,7ac5f2ed7f8b920df52a4e1cde4f3ee8f80b69a8208c8d8579b1925f9a445627,37d2a1fbfc97dedd1f170aed294e8acf835571b4b0c8307ccaf6671bd98709b4,-16.6570624632665,11.8314852564422,5.99999999999983
914,MC1_K2_N2_L1_SP10_P2_R01,2,STAGE5_TOEPLITZ_CORRELATED,2,1,1,P2,2,8.2,10,0.2,0,-6,1,L1_FULLY_COHERENT_BY_CONTRACT,10,10,4,1,130,MC1_BASE_N2_L1_P2_R01,MC1_BASE_N2_L1_P2_R01,430100130,430200130,WHITENED_SEQUENTIAL_BEAMSPACE_EXPECTED_TOTAL_SNR,STAGE8_K2_TANGENT_WHITE_SNR_MONTE_CARLO_AND_CLOSURE_V1,ONE_SYNTHETIC_CPI,ONE_SELECTED_RANGE_DOPPLER_CELL,1,1,0,0,0,7ac5f2ed7f8b920df52a4e1cde4f3ee8f80b69a8208c8d8579b1925f9a445627,4d4ffb0879adf897c8a31d5f0ad70d54ce8fdf8842c9d654fe47d36d72f997a9,-12.6570624632665,15.8314852564422,10.0000000000006
915,MC1_K2_N2_L1_SP14_P2_R01,2,STAGE5_TOEPLITZ_CORRELATED,2,1,1,P2,2,8.2,10,0.2,0,-6,1,L1_FULLY_COHERENT_BY_CONTRACT,14,14,5,1,130,MC1_BASE_N2_L1_P2_R01,MC1_BASE_N2_L1_P2_R01,430100130,430200130,WHITENED_SEQUENTIAL_BEAMSPACE_EXPECTED_TOTAL_SNR,STAGE8_K2_TANGENT_WHITE_SNR_MONTE_CARLO_AND_CLOSURE_V1,ONE_SYNTHETIC_CPI,ONE_SELECTED_RANGE_DOPPLER_CELL,1,1,0,0,0,7ac5f2ed7f8b920df52a4e1cde4f3ee8f80b69a8208c8d8579b1925f9a445627,39aff64852fe5b5770e9d064b2dca4e81212554c8d81f18f34b2593ece93e417,-8.65706246326653,19.8314852564422,14.0000000000003
916,MC1_K2_N2_L1_SP18_P2_R01,2,STAGE5_TOEPLITZ_CORRELATED,2,1,1,P2,2,8.2,10,0.2,0,-6,1,L1_FULLY_COHERENT_BY_CONTRACT,18,18,6,1,130,MC1_BASE_N2_L1_P2_R01,MC1_BASE_N2_L1_P2_R01,430100130,430200130,WHITENED_SEQUENTIAL_BEAMSPACE_EXPECTED_TOTAL_SNR,STAGE8_K2_TANGENT_WHITE_SNR_MONTE_CARLO_AND_CLOSURE_V1,ONE_SYNTHETIC_CPI,ONE_SELECTED_RANGE_DOPPLER_CELL,1,1,0,0,0,7ac5f2ed7f8b920df52a4e1cde4f3ee8f80b69a8208c8d8579b1925f9a445627,a6a32e4d2a61cd58655a62155433ce9536913a49b6fcc26a3b272cdfdc3a0687,-4.65706246326653,23.8314852564422,18.0000000000001
917,MC1_K2_N2_L1_SP22_P2_R01,2,STAGE5_TOEPLITZ_CORRELATED,2,1,1,P2,2,8.2,10,0.2,0,-6,1,L1_FULLY_COHERENT_BY_CONTRACT,22,22,7,1,130,MC1_BASE_N2_L1_P2_R01,MC1_BASE_N2_L1_P2_R01,430100130,430200130,WHITENED_SEQUENTIAL_BEAMSPACE_EXPECTED_TOTAL_SNR,STAGE8_K2_TANGENT_WHITE_SNR_MONTE_CARLO_AND_CLOSURE_V1,ONE_SYNTHETIC_CPI,ONE_SELECTED_RANGE_DOPPLER_CELL,1,1,0,0,0,7ac5f2ed7f8b920df52a4e1cde4f3ee8f80b69a8208c8d8579b1925f9a445627,c3ebc1945b5fb2d865cdab42cd9faf2ee620995da8656f2de68735cd04c8ce30,-0.657062463266529,27.8314852564422,22.0000000000003
918,MC1_K2_N2_L1_SM6_P2_R02,2,STAGE5_TOEPLITZ_CORRELATED,2,1,1,P2,2,8.2,10,0.2,0,-6,1,L1_FULLY_COHERENT_BY_CONTRACT,-6,-6,1,2,131,MC1_BASE_N2_L1_P2_R02,MC1_BASE_N2_L1_P2_R02,430100131,430200131,WHITENED_SEQUENTIAL_BEAMSPACE_EXPECTED_TOTAL_SNR,STAGE8_K2_TANGENT_WHITE_SNR_MONTE_CARLO_AND_CLOSURE_V1,ONE_SYNTHETIC_CPI,ONE_SELECTED_RANGE_DOPPLER_CELL,1,1,0,0,0,7ac5f2ed7f8b920df52a4e1cde4f3ee8f80b69a8208c8d8579b1925f9a445627,0685b7b15b38378371df5cac993b5823c1cbaf0f1fcc00cfa4667906f24ead5f,-28.701736925481,-0.212127608923608,-5.99999999999936
919,MC1_K2_N2_L1_SP0_P2_R02,2,STAGE5_TOEPLITZ_CORRELATED,2,1,1,P2,2,8.2,10,0.2,0,-6,1,L1_FULLY_COHERENT_BY_CONTRACT,0,0,2,2,131,MC1_BASE_N2_L1_P2_R02,MC1_BASE_N2_L1_P2_R02,430100131,430200131,WHITENED_SEQUENTIAL_BEAMSPACE_EXPECTED_TOTAL_SNR,STAGE8_K2_TANGENT_WHITE_SNR_MONTE_CARLO_AND_CLOSURE_V1,ONE_SYNTHETIC_CPI,ONE_SELECTED_RANGE_DOPPLER_CELL,1,1,0,0,0,7ac5f2ed7f8b920df52a4e1cde4f3ee8f80b69a8208c8d8579b1925f9a445627,d605510545ce1b13a5e2c56ca18154ddfc4f450aa33580af475c7d30c4a85caa,-22.701736925481,5.78787239107639,2.68083035701806e-13
920,MC1_K2_N2_L1_SP6_P2_R02,2,STAGE5_TOEPLITZ_CORRELATED,2,1,1,P2,2,8.2,10,0.2,0,-6,1,L1_FULLY_COHERENT_BY_CONTRACT,6,6,3,2,131,MC1_BASE_N2_L1_P2_R02,MC1_BASE_N2_L1_P2_R02,430100131,430200131,WHITENED_SEQUENTIAL_BEAMSPACE_EXPECTED_TOTAL_SNR,STAGE8_K2_TANGENT_WHITE_SNR_MONTE_CARLO_AND_CLOSURE_V1,ONE_SYNTHETIC_CPI,ONE_SELECTED_RANGE_DOPPLER_CELL,1,1,0,0,0,7ac5f2ed7f8b920df52a4e1cde4f3ee8f80b69a8208c8d8579b1925f9a445627,aba165a0aef4bcf05834e146d3aae6ac850573193c81568fd21e014e2f3cd2ef,-16.701736925481,11.7878723910764,6.00000000000046
921,MC1_K2_N2_L1_SP10_P2_R02,2,STAGE5_TOEPLITZ_CORRELATED,2,1,1,P2,2,8.2,10,0.2,0,-6,1,L1_FULLY_COHERENT_BY_CONTRACT,10,10,4,2,131,MC1_BASE_N2_L1_P2_R02,MC1_BASE_N2_L1_P2_R02,430100131,430200131,WHITENED_SEQUENTIAL_BEAMSPACE_EXPECTED_TOTAL_SNR,STAGE8_K2_TANGENT_WHITE_SNR_MONTE_CARLO_AND_CLOSURE_V1,ONE_SYNTHETIC_CPI,ONE_SELECTED_RANGE_DOPPLER_CELL,1,1,0,0,0,7ac5f2ed7f8b920df52a4e1cde4f3ee8f80b69a8208c8d8579b1925f9a445627,e6f7563aba3f04ec0318c64f412813e1184845557bc66a415836c66d1efb4828,-12.701736925481,15.7878723910764,9.99999999999977
922,MC1_K2_N2_L1_SP14_P2_R02,2,STAGE5_TOEPLITZ_CORRELATED,2,1,1,P2,2,8.2,10,0.2,0,-6,1,L1_FULLY_COHERENT_BY_CONTRACT,14,14,5,2,131,MC1_BASE_N2_L1_P2_R02,MC1_BASE_N2_L1_P2_R02,430100131,430200131,WHITENED_SEQUENTIAL_BEAMSPACE_EXPECTED_TOTAL_SNR,STAGE8_K2_TANGENT_WHITE_SNR_MONTE_CARLO_AND_CLOSURE_V1,ONE_SYNTHETIC_CPI,ONE_SELECTED_RANGE_DOPPLER_CELL,1,1,0,0,0,7ac5f2ed7f8b920df52a4e1cde4f3ee8f80b69a8208c8d8579b1925f9a445627,9f7f59cc7d538d23e2a8ae2351a2806d35b2cba5504e1d0c740b54419119168e,-8.701736925481,19.7878723910764,14.0000000000009
923,MC1_K2_N2_L1_SP18_P2_R02,2,STAGE5_TOEPLITZ_CORRELATED,2,1,1,P2,2,8.2,10,0.2,0,-6,1,L1_FULLY_COHERENT_BY_CONTRACT,18,18,6,2,131,MC1_BASE_N2_L1_P2_R02,MC1_BASE_N2_L1_P2_R02,430100131,430200131,WHITENED_SEQUENTIAL_BEAMSPACE_EXPECTED_TOTAL_SNR,STAGE8_K2_TANGENT_WHITE_SNR_MONTE_CARLO_AND_CLOSURE_V1,ONE_SYNTHETIC_CPI,ONE_SELECTED_RANGE_DOPPLER_CELL,1,1,0,0,0,7ac5f2ed7f8b920df52a4e1cde4f3ee8f80b69a8208c8d8579b1925f9a445627,b81b7fa1397109788be8f370f8dbcedd73e1a80752fdd1b25e388a13e9d37ff2,-4.701736925481,23.7878723910764,18.0000000000009
924,MC1_K2_N2_L1_SP22_P2_R02,2,STAGE5_TOEPLITZ_CORRELATED,2,1,1,P2,2,8.2,10,0.2,0,-6,1,L1_FULLY_COHERENT_BY_CONTRACT,22,22,7,2,131,MC1_BASE_N2_L1_P2_R02,MC1_BASE_N2_L1_P2_R02,430100131,430200131,WHITENED_SEQUENTIAL_BEAMSPACE_EXPECTED_TOTAL_SNR,STAGE8_K2_TANGENT_WHITE_SNR_MONTE_CARLO_AND_CLOSURE_V1,ONE_SYNTHETIC_CPI,ONE_SELECTED_RANGE_DOPPLER_CELL,1,1,0,0,0,7ac5f2ed7f8b920df52a4e1cde4f3ee8f80b69a8208c8d8579b1925f9a445627,d1b280be32b94466e4f42bf27f9f197e88446a7de7b9a8c21125f9d9d365005b,-0.701736925480995,27.7878723910764,21.9999999999997
925,MC1_K2_N2_L1_SM6_P2_R03,2,STAGE5_TOEPLITZ_CORRELATED,2,1,1,P2,2,8.2,10,0.2,0,-6,1,L1_FULLY_COHERENT_BY_CONTRACT,-6,-6,1,3,132,MC1_BASE_N2_L1_P2_R03,MC1_BASE_N2_L1_P2_R03,430100132,430200132,WHITENED_SEQUENTIAL_BEAMSPACE_EXPECTED_TOTAL_SNR,STAGE8_K2_TANGENT_WHITE_SNR_MONTE_CARLO_AND_CLOSURE_V1,ONE_SYNTHETIC_CPI,ONE_SELECTED_RANGE_DOPPLER_CELL,1,1,0,0,0,7ac5f2ed7f8b920df52a4e1cde4f3ee8f80b69a8208c8d8579b1925f9a445627,271a06d0942d57a3fcc596a3ac8f10fc9a73c9d29d209500950c5ca0eaa50ff9,-28.6669678540018,-0.179608946551124,-6.00000000000137
926,MC1_K2_N2_L1_SP0_P2_R03,2,STAGE5_TOEPLITZ_CORRELATED,2,1,1,P2,2,8.2,10,0.2,0,-6,1,L1_FULLY_COHERENT_BY_CONTRACT,0,0,2,3,132,MC1_BASE_N2_L1_P2_R03,MC1_BASE_N2_L1_P2_R03,430100132,430200132,WHITENED_SEQUENTIAL_BEAMSPACE_EXPECTED_TOTAL_SNR,STAGE8_K2_TANGENT_WHITE_SNR_MONTE_CARLO_AND_CLOSURE_V1,ONE_SYNTHETIC_CPI,ONE_SELECTED_RANGE_DOPPLER_CELL,1,1,0,0,0,7ac5f2ed7f8b920df52a4e1cde4f3ee8f80b69a8208c8d8579b1925f9a445627,d15ed84c35bef93d98c08c7a59d1b73c00d22ff6f398737e788b0811be0c07b0,-22.6669678540018,5.82039105344888,-2.80137129033739e-13
927,MC1_K2_N2_L1_SP6_P2_R03,2,STAGE5_TOEPLITZ_CORRELATED,2,1,1,P2,2,8.2,10,0.2,0,-6,1,L1_FULLY_COHERENT_BY_CONTRACT,6,6,3,3,132,MC1_BASE_N2_L1_P2_R03,MC1_BASE_N2_L1_P2_R03,430100132,430200132,WHITENED_SEQUENTIAL_BEAMSPACE_EXPECTED_TOTAL_SNR,STAGE8_K2_TANGENT_WHITE_SNR_MONTE_CARLO_AND_CLOSURE_V1,ONE_SYNTHETIC_CPI,ONE_SELECTED_RANGE_DOPPLER_CELL,1,1,0,0,0,7ac5f2ed7f8b920df52a4e1cde4f3ee8f80b69a8208c8d8579b1925f9a445627,ec043854a19b928f55bf3e76f6b80045bf230a06d63e35d8c19c733a75be2a5c,-16.6669678540018,11.8203910534489,5.99999999999923
928,MC1_K2_N2_L1_SP10_P2_R03,2,STAGE5_TOEPLITZ_CORRELATED,2,1,1,P2,2,8.2,10,0.2,0,-6,1,L1_FULLY_COHERENT_BY_CONTRACT,10,10,4,3,132,MC1_BASE_N2_L1_P2_R03,MC1_BASE_N2_L1_P2_R03,430100132,430200132,WHITENED_SEQUENTIAL_BEAMSPACE_EXPECTED_TOTAL_SNR,STAGE8_K2_TANGENT_WHITE_SNR_MONTE_CARLO_AND_CLOSURE_V1,ONE_SYNTHETIC_CPI,ONE_SELECTED_RANGE_DOPPLER_CELL,1,1,0,0,0,7ac5f2ed7f8b920df52a4e1cde4f3ee8f80b69a8208c8d8579b1925f9a445627,1a1321d3f88ba94fe42cec7bdb29af324158320d72366fa696b888ddd9d53524,-12.6669678540018,15.8203910534489,9.99999999999863
929,MC1_K2_N2_L1_SP14_P2_R03,2,STAGE5_TOEPLITZ_CORRELATED,2,1,1,P2,2,8.2,10,0.2,0,-6,1,L1_FULLY_COHERENT_BY_CONTRACT,14,14,5,3,132,MC1_BASE_N2_L1_P2_R03,MC1_BASE_N2_L1_P2_R03,430100132,430200132,WHITENED_SEQUENTIAL_BEAMSPACE_EXPECTED_TOTAL_SNR,STAGE8_K2_TANGENT_WHITE_SNR_MONTE_CARLO_AND_CLOSURE_V1,ONE_SYNTHETIC_CPI,ONE_SELECTED_RANGE_DOPPLER_CELL,1,1,0,0,0,7ac5f2ed7f8b920df52a4e1cde4f3ee8f80b69a8208c8d8579b1925f9a445627,6ce3f841bf8325df7bdbe9cb01e535cf78a414508c4b80028e4f08e0c246934e,-8.66696785400175,19.8203910534489,13.9999999999981
930,MC1_K2_N2_L1_SP18_P2_R03,2,STAGE5_TOEPLITZ_CORRELATED,2,1,1,P2,2,8.2,10,0.2,0,-6,1,L1_FULLY_COHERENT_BY_CONTRACT,18,18,6,3,132,MC1_BASE_N2_L1_P2_R03,MC1_BASE_N2_L1_P2_R03,430100132,430200132,WHITENED_SEQUENTIAL_BEAMSPACE_EXPECTED_TOTAL_SNR,STAGE8_K2_TANGENT_WHITE_SNR_MONTE_CARLO_AND_CLOSURE_V1,ONE_SYNTHETIC_CPI,ONE_SELECTED_RANGE_DOPPLER_CELL,1,1,0,0,0,7ac5f2ed7f8b920df52a4e1cde4f3ee8f80b69a8208c8d8579b1925f9a445627,715c0238fb6cbc2fc25c00023a3e0856070a09cc2435cd560c6e7af99f56d7d1,-4.66696785400175,23.8203910534489,17.9999999999983
931,MC1_K2_N2_L1_SP22_P2_R03,2,STAGE5_TOEPLITZ_CORRELATED,2,1,1,P2,2,8.2,10,0.2,0,-6,1,L1_FULLY_COHERENT_BY_CONTRACT,22,22,7,3,132,MC1_BASE_N2_L1_P2_R03,MC1_BASE_N2_L1_P2_R03,430100132,430200132,WHITENED_SEQUENTIAL_BEAMSPACE_EXPECTED_TOTAL_SNR,STAGE8_K2_TANGENT_WHITE_SNR_MONTE_CARLO_AND_CLOSURE_V1,ONE_SYNTHETIC_CPI,ONE_SELECTED_RANGE_DOPPLER_CELL,1,1,0,0,0,7ac5f2ed7f8b920df52a4e1cde4f3ee8f80b69a8208c8d8579b1925f9a445627,4974f8b15c97ace9715d1c08400df0d98a57384d80af13cf91c70f9599b64ea1,-0.666967854001758,27.8203910534489,21.9999999999991
932,MC1_K2_N2_L1_SM6_P2_R04,2,STAGE5_TOEPLITZ_CORRELATED,2,1,1,P2,2,8.2,10,0.2,0,-6,1,L1_FULLY_COHERENT_BY_CONTRACT,-6,-6,1,4,133,MC1_BASE_N2_L1_P2_R04,MC1_BASE_N2_L1_P2_R04,430100133,430200133,WHITENED_SEQUENTIAL_BEAMSPACE_EXPECTED_TOTAL_SNR,STAGE8_K2_TANGENT_WHITE_SNR_MONTE_CARLO_AND_CLOSURE_V1,ONE_SYNTHETIC_CPI,ONE_SELECTED_RANGE_DOPPLER_CELL,1,1,0,0,0,7ac5f2ed7f8b920df52a4e1cde4f3ee8f80b69a8208c8d8579b1925f9a445627,1ac018e0322759494c9b464a8f72516eddd643621cba6e974f7d97da5906c0a2,-28.6720045993705,-0.185161414011498,-5.99999999999967
933,MC1_K2_N2_L1_SP0_P2_R04,2,STAGE5_TOEPLITZ_CORRELATED,2,1,1,P2,2,8.2,10,0.2,0,-6,1,L1_FULLY_COHERENT_BY_CONTRACT,0,0,2,4,133,MC1_BASE_N2_L1_P2_R04,MC1_BASE_N2_L1_P2_R04,430100133,430200133,WHITENED_SEQUENTIAL_BEAMSPACE_EXPECTED_TOTAL_SNR,STAGE8_K2_TANGENT_WHITE_SNR_MONTE_CARLO_AND_CLOSURE_V1,ONE_SYNTHETIC_CPI,ONE_SELECTED_RANGE_DOPPLER_CELL,1,1,0,0,0,7ac5f2ed7f8b920df52a4e1cde4f3ee8f80b69a8208c8d8579b1925f9a445627,07b45d8f79e11b765010487950c7b9d38d487ff047d62209efc1c0e524d72ba1,-22.6720045993705,5.8148385859885,-3.65480109823711e-13
934,MC1_K2_N2_L1_SP6_P2_R04,2,STAGE5_TOEPLITZ_CORRELATED,2,1,1,P2,2,8.2,10,0.2,0,-6,1,L1_FULLY_COHERENT_BY_CONTRACT,6,6,3,4,133,MC1_BASE_N2_L1_P2_R04,MC1_BASE_N2_L1_P2_R04,430100133,430200133,WHITENED_SEQUENTIAL_BEAMSPACE_EXPECTED_TOTAL_SNR,STAGE8_K2_TANGENT_WHITE_SNR_MONTE_CARLO_AND_CLOSURE_V1,ONE_SYNTHETIC_CPI,ONE_SELECTED_RANGE_DOPPLER_CELL,1,1,0,0,0,7ac5f2ed7f8b920df52a4e1cde4f3ee8f80b69a8208c8d8579b1925f9a445627,2ff640852f52ab6a1afd9a5b22d81f5ccc842a2dbaf91c1521aca42742fb60e9,-16.6720045993705,11.8148385859885,5.99999999999982
935,MC1_K2_N2_L1_SP10_P2_R04,2,STAGE5_TOEPLITZ_CORRELATED,2,1,1,P2,2,8.2,10,0.2,0,-6,1,L1_FULLY_COHERENT_BY_CONTRACT,10,10,4,4,133,MC1_BASE_N2_L1_P2_R04,MC1_BASE_N2_L1_P2_R04,430100133,430200133,WHITENED_SEQUENTIAL_BEAMSPACE_EXPECTED_TOTAL_SNR,STAGE8_K2_TANGENT_WHITE_SNR_MONTE_CARLO_AND_CLOSURE_V1,ONE_SYNTHETIC_CPI,ONE_SELECTED_RANGE_DOPPLER_CELL,1,1,0,0,0,7ac5f2ed7f8b920df52a4e1cde4f3ee8f80b69a8208c8d8579b1925f9a445627,6e2cf82db8728bc5acf2990a17a63b204587922c9efc5b451ad17f9621369c7e,-12.6720045993705,15.8148385859885,9.99999999999988
936,MC1_K2_N2_L1_SP14_P2_R04,2,STAGE5_TOEPLITZ_CORRELATED,2,1,1,P2,2,8.2,10,0.2,0,-6,1,L1_FULLY_COHERENT_BY_CONTRACT,14,14,5,4,133,MC1_BASE_N2_L1_P2_R04,MC1_BASE_N2_L1_P2_R04,430100133,430200133,WHITENED_SEQUENTIAL_BEAMSPACE_EXPECTED_TOTAL_SNR,STAGE8_K2_TANGENT_WHITE_SNR_MONTE_CARLO_AND_CLOSURE_V1,ONE_SYNTHETIC_CPI,ONE_SELECTED_RANGE_DOPPLER_CELL,1,1,0,0,0,7ac5f2ed7f8b920df52a4e1cde4f3ee8f80b69a8208c8d8579b1925f9a445627,90176b69e6340f32280751feaa744db08b4bd616e969fb939381fdba6973a64c,-8.67200459937047,19.8148385859885,13.9999999999999
937,MC1_K2_N2_L1_SP18_P2_R04,2,STAGE5_TOEPLITZ_CORRELATED,2,1,1,P2,2,8.2,10,0.2,0,-6,1,L1_FULLY_COHERENT_BY_CONTRACT,18,18,6,4,133,MC1_BASE_N2_L1_P2_R04,MC1_BASE_N2_L1_P2_R04,430100133,430200133,WHITENED_SEQUENTIAL_BEAMSPACE_EXPECTED_TOTAL_SNR,STAGE8_K2_TANGENT_WHITE_SNR_MONTE_CARLO_AND_CLOSURE_V1,ONE_SYNTHETIC_CPI,ONE_SELECTED_RANGE_DOPPLER_CELL,1,1,0,0,0,7ac5f2ed7f8b920df52a4e1cde4f3ee8f80b69a8208c8d8579b1925f9a445627,b73b6cc763e3236110a173a2c80be2e3a4e261df6a9f3ab23acb8ddbecaeaf79,-4.67200459937047,23.8148385859885,17.9999999999996
938,MC1_K2_N2_L1_SP22_P2_R04,2,STAGE5_TOEPLITZ_CORRELATED,2,1,1,P2,2,8.2,10,0.2,0,-6,1,L1_FULLY_COHERENT_BY_CONTRACT,22,22,7,4,133,MC1_BASE_N2_L1_P2_R04,MC1_BASE_N2_L1_P2_R04,430100133,430200133,WHITENED_SEQUENTIAL_BEAMSPACE_EXPECTED_TOTAL_SNR,STAGE8_K2_TANGENT_WHITE_SNR_MONTE_CARLO_AND_CLOSURE_V1,ONE_SYNTHETIC_CPI,ONE_SELECTED_RANGE_DOPPLER_CELL,1,1,0,0,0,7ac5f2ed7f8b920df52a4e1cde4f3ee8f80b69a8208c8d8579b1925f9a445627,0d858c2fd3011f75d5b9121449544ab7ca7cc89c72a236bc3811be94f6f7e898,-0.672004599370469,27.8148385859885,21.9999999999997
939,MC1_K2_N2_L1_SM6_P2_R05,2,STAGE5_TOEPLITZ_CORRELATED,2,1,1,P2,2,8.2,10,0.2,0,-6,1,L1_FULLY_COHERENT_BY_CONTRACT,-6,-6,1,5,134,MC1_BASE_N2_L1_P2_R05,MC1_BASE_N2_L1_P2_R05,430100134,430200134,WHITENED_SEQUENTIAL_BEAMSPACE_EXPECTED_TOTAL_SNR,STAGE8_K2_TANGENT_WHITE_SNR_MONTE_CARLO_AND_CLOSURE_V1,ONE_SYNTHETIC_CPI,ONE_SELECTED_RANGE_DOPPLER_CELL,1,1,0,0,0,7ac5f2ed7f8b920df52a4e1cde4f3ee8f80b69a8208c8d8579b1925f9a445627,0237804a4c7bba9ffec009576b9ae5079156da9fa7da620c2f3d2563a8008ba9,-28.6802846785754,-0.189517364311282,-5.99999999999854
940,MC1_K2_N2_L1_SP0_P2_R05,2,STAGE5_TOEPLITZ_CORRELATED,2,1,1,P2,2,8.2,10,0.2,0,-6,1,L1_FULLY_COHERENT_BY_CONTRACT,0,0,2,5,134,MC1_BASE_N2_L1_P2_R05,MC1_BASE_N2_L1_P2_R05,430100134,430200134,WHITENED_SEQUENTIAL_BEAMSPACE_EXPECTED_TOTAL_SNR,STAGE8_K2_TANGENT_WHITE_SNR_MONTE_CARLO_AND_CLOSURE_V1,ONE_SYNTHETIC_CPI,ONE_SELECTED_RANGE_DOPPLER_CELL,1,1,0,0,0,7ac5f2ed7f8b920df52a4e1cde4f3ee8f80b69a8208c8d8579b1925f9a445627,b3b17904ef418f1ac4986b34e1f160e44a22e291eea45e25fb5771d326b90889,-22.6802846785754,5.81048263568872,-2.66636544501992e-13
941,MC1_K2_N2_L1_SP6_P2_R05,2,STAGE5_TOEPLITZ_CORRELATED,2,1,1,P2,2,8.2,10,0.2,0,-6,1,L1_FULLY_COHERENT_BY_CONTRACT,6,6,3,5,134,MC1_BASE_N2_L1_P2_R05,MC1_BASE_N2_L1_P2_R05,430100134,430200134,WHITENED_SEQUENTIAL_BEAMSPACE_EXPECTED_TOTAL_SNR,STAGE8_K2_TANGENT_WHITE_SNR_MONTE_CARLO_AND_CLOSURE_V1,ONE_SYNTHETIC_CPI,ONE_SELECTED_RANGE_DOPPLER_CELL,1,1,0,0,0,7ac5f2ed7f8b920df52a4e1cde4f3ee8f80b69a8208c8d8579b1925f9a445627,98bee03492b9247f5c3d85e753d794e36e8092a43e371298942af7188f814af2,-16.6802846785754,11.8104826356887,6.00000000000065
942,MC1_K2_N2_L1_SP10_P2_R05,2,STAGE5_TOEPLITZ_CORRELATED,2,1,1,P2,2,8.2,10,0.2,0,-6,1,L1_FULLY_COHERENT_BY_CONTRACT,10,10,4,5,134,MC1_BASE_N2_L1_P2_R05,MC1_BASE_N2_L1_P2_R05,430100134,430200134,WHITENED_SEQUENTIAL_BEAMSPACE_EXPECTED_TOTAL_SNR,STAGE8_K2_TANGENT_WHITE_SNR_MONTE_CARLO_AND_CLOSURE_V1,ONE_SYNTHETIC_CPI,ONE_SELECTED_RANGE_DOPPLER_CELL,1,1,0,0,0,7ac5f2ed7f8b920df52a4e1cde4f3ee8f80b69a8208c8d8579b1925f9a445627,60659e4c082d54ed3266ac3a538bd97723d428529539cb31fc8b8a91782f1625,-12.6802846785754,15.8104826356887,10.0000000000009
943,MC1_K2_N2_L1_SP14_P2_R05,2,STAGE5_TOEPLITZ_CORRELATED,2,1,1,P2,2,8.2,10,0.2,0,-6,1,L1_FULLY_COHERENT_BY_CONTRACT,14,14,5,5,134,MC1_BASE_N2_L1_P2_R05,MC1_BASE_N2_L1_P2_R05,430100134,430200134,WHITENED_SEQUENTIAL_BEAMSPACE_EXPECTED_TOTAL_SNR,STAGE8_K2_TANGENT_WHITE_SNR_MONTE_CARLO_AND_CLOSURE_V1,ONE_SYNTHETIC_CPI,ONE_SELECTED_RANGE_DOPPLER_CELL,1,1,0,0,0,7ac5f2ed7f8b920df52a4e1cde4f3ee8f80b69a8208c8d8579b1925f9a445627,163a0100d88367a08dc21460268762173a6658d8b794c92bfcf2bee2b8f56a55,-8.68028467857543,19.8104826356887,14.0000000000003
944,MC1_K2_N2_L1_SP18_P2_R05,2,STAGE5_TOEPLITZ_CORRELATED,2,1,1,P2,2,8.2,10,0.2,0,-6,1,L1_FULLY_COHERENT_BY_CONTRACT,18,18,6,5,134,MC1_BASE_N2_L1_P2_R05,MC1_BASE_N2_L1_P2_R05,430100134,430200134,WHITENED_SEQUENTIAL_BEAMSPACE_EXPECTED_TOTAL_SNR,STAGE8_K2_TANGENT_WHITE_SNR_MONTE_CARLO_AND_CLOSURE_V1,ONE_SYNTHETIC_CPI,ONE_SELECTED_RANGE_DOPPLER_CELL,1,1,0,0,0,7ac5f2ed7f8b920df52a4e1cde4f3ee8f80b69a8208c8d8579b1925f9a445627,2da0e8e34c63007c939b47bd718769c038a9932994983c929aa3026c96505613,-4.68028467857543,23.8104826356887,18.0000000000014
945,MC1_K2_N2_L1_SP22_P2_R05,2,STAGE5_TOEPLITZ_CORRELATED,2,1,1,P2,2,8.2,10,0.2,0,-6,1,L1_FULLY_COHERENT_BY_CONTRACT,22,22,7,5,134,MC1_BASE_N2_L1_P2_R05,MC1_BASE_N2_L1_P2_R05,430100134,430200134,WHITENED_SEQUENTIAL_BEAMSPACE_EXPECTED_TOTAL_SNR,STAGE8_K2_TANGENT_WHITE_SNR_MONTE_CARLO_AND_CLOSURE_V1,ONE_SYNTHETIC_CPI,ONE_SELECTED_RANGE_DOPPLER_CELL,1,1,0,0,0,7ac5f2ed7f8b920df52a4e1cde4f3ee8f80b69a8208c8d8579b1925f9a445627,72c9c462fb834977d4154dd60c1779c3e43c01dde2f323a2df3a0e29332ebf35,-0.680284678575426,27.8104826356887,22.0000000000011
946,MC1_K2_N2_L1_SM6_P2_R06,2,STAGE5_TOEPLITZ_CORRELATED,2,1,1,P2,2,8.2,10,0.2,0,-6,1,L1_FULLY_COHERENT_BY_CONTRACT,-6,-6,1,6,135,MC1_BASE_N2_L1_P2_R06,MC1_BASE_N2_L1_P2_R06,430100135,430200135,WHITENED_SEQUENTIAL_BEAMSPACE_EXPECTED_TOTAL_SNR,STAGE8_K2_TANGENT_WHITE_SNR_MONTE_CARLO_AND_CLOSURE_V1,ONE_SYNTHETIC_CPI,ONE_SELECTED_RANGE_DOPPLER_CELL,1,1,0,0,0,7ac5f2ed7f8b920df52a4e1cde4f3ee8f80b69a8208c8d8579b1925f9a445627,385e6482941ac381d296f615b04489e9091eebe05db88853c2f4d08ea9211409,-28.7080924209725,-0.218905486630541,-5.99999999999899
947,MC1_K2_N2_L1_SP0_P2_R06,2,STAGE5_TOEPLITZ_CORRELATED,2,1,1,P2,2,8.2,10,0.2,0,-6,1,L1_FULLY_COHERENT_BY_CONTRACT,0,0,2,6,135,MC1_BASE_N2_L1_P2_R06,MC1_BASE_N2_L1_P2_R06,430100135,430200135,WHITENED_SEQUENTIAL_BEAMSPACE_EXPECTED_TOTAL_SNR,STAGE8_K2_TANGENT_WHITE_SNR_MONTE_CARLO_AND_CLOSURE_V1,ONE_SYNTHETIC_CPI,ONE_SELECTED_RANGE_DOPPLER_CELL,1,1,0,0,0,7ac5f2ed7f8b920df52a4e1cde4f3ee8f80b69a8208c8d8579b1925f9a445627,022582a6cd0e6e642bf5d71e753b79f6ee6537edd83f74b6275955f400a14530,-22.7080924209725,5.78109451336946,8.00391797239154e-13
948,MC1_K2_N2_L1_SP6_P2_R06,2,STAGE5_TOEPLITZ_CORRELATED,2,1,1,P2,2,8.2,10,0.2,0,-6,1,L1_FULLY_COHERENT_BY_CONTRACT,6,6,3,6,135,MC1_BASE_N2_L1_P2_R06,MC1_BASE_N2_L1_P2_R06,430100135,430200135,WHITENED_SEQUENTIAL_BEAMSPACE_EXPECTED_TOTAL_SNR,STAGE8_K2_TANGENT_WHITE_SNR_MONTE_CARLO_AND_CLOSURE_V1,ONE_SYNTHETIC_CPI,ONE_SELECTED_RANGE_DOPPLER_CELL,1,1,0,0,0,7ac5f2ed7f8b920df52a4e1cde4f3ee8f80b69a8208c8d8579b1925f9a445627,0c80629516ff36cd3fc26d437e7558c7d58d0b63fa952ce4ca7e5ef27d2fb8c3,-16.7080924209725,11.7810945133695,6.00000000000069
949,MC1_K2_N2_L1_SP10_P2_R06,2,STAGE5_TOEPLITZ_CORRELATED,2,1,1,P2,2,8.2,10,0.2,0,-6,1,L1_FULLY_COHERENT_BY_CONTRACT,10,10,4,6,135,MC1_BASE_N2_L1_P2_R06,MC1_BASE_N2_L1_P2_R06,430100135,430200135,WHITENED_SEQUENTIAL_BEAMSPACE_EXPECTED_TOTAL_SNR,STAGE8_K2_TANGENT_WHITE_SNR_MONTE_CARLO_AND_CLOSURE_V1,ONE_SYNTHETIC_CPI,ONE_SELECTED_RANGE_DOPPLER_CELL,1,1,0,0,0,7ac5f2ed7f8b920df52a4e1cde4f3ee8f80b69a8208c8d8579b1925f9a445627,61bffc98f5920dfd358aa6b926a4fbec3a80a84b67f01867299dfd485afbbb22,-12.7080924209725,15.7810945133695,10.0000000000004
950,MC1_K2_N2_L1_SP14_P2_R06,2,STAGE5_TOEPLITZ_CORRELATED,2,1,1,P2,2,8.2,10,0.2,0,-6,1,L1_FULLY_COHERENT_BY_CONTRACT,14,14,5,6,135,MC1_BASE_N2_L1_P2_R06,MC1_BASE_N2_L1_P2_R06,430100135,430200135,WHITENED_SEQUENTIAL_BEAMSPACE_EXPECTED_TOTAL_SNR,STAGE8_K2_TANGENT_WHITE_SNR_MONTE_CARLO_AND_CLOSURE_V1,ONE_SYNTHETIC_CPI,ONE_SELECTED_RANGE_DOPPLER_CELL,1,1,0,0,0,7ac5f2ed7f8b920df52a4e1cde4f3ee8f80b69a8208c8d8579b1925f9a445627,cd2614d2d7d24b734f7fc9c621aa850fed920ff68faeeb7d95a3776ebe4c703d,-8.70809242097253,19.7810945133695,13.9999999999999
951,MC1_K2_N2_L1_SP18_P2_R06,2,STAGE5_TOEPLITZ_CORRELATED,2,1,1,P2,2,8.2,10,0.2,0,-6,1,L1_FULLY_COHERENT_BY_CONTRACT,18,18,6,6,135,MC1_BASE_N2_L1_P2_R06,MC1_BASE_N2_L1_P2_R06,430100135,430200135,WHITENED_SEQUENTIAL_BEAMSPACE_EXPECTED_TOTAL_SNR,STAGE8_K2_TANGENT_WHITE_SNR_MONTE_CARLO_AND_CLOSURE_V1,ONE_SYNTHETIC_CPI,ONE_SELECTED_RANGE_DOPPLER_CELL,1,1,0,0,0,7ac5f2ed7f8b920df52a4e1cde4f3ee8f80b69a8208c8d8579b1925f9a445627,b8bb3c652462b7fdbe11649c5cfb6c005045e50b9396e3a8188bedb043a01502,-4.70809242097253,23.7810945133695,18.0000000000008
952,MC1_K2_N2_L1_SP22_P2_R06,2,STAGE5_TOEPLITZ_CORRELATED,2,1,1,P2,2,8.2,10,0.2,0,-6,1,L1_FULLY_COHERENT_BY_CONTRACT,22,22,7,6,135,MC1_BASE_N2_L1_P2_R06,MC1_BASE_N2_L1_P2_R06,430100135,430200135,WHITENED_SEQUENTIAL_BEAMSPACE_EXPECTED_TOTAL_SNR,STAGE8_K2_TANGENT_WHITE_SNR_MONTE_CARLO_AND_CLOSURE_V1,ONE_SYNTHETIC_CPI,ONE_SELECTED_RANGE_DOPPLER_CELL,1,1,0,0,0,7ac5f2ed7f8b920df52a4e1cde4f3ee8f80b69a8208c8d8579b1925f9a445627,f923679a4279e3ea22b7c6ad6d1b445386b5a0fa397e824daf2fb8d410b970c9,-0.70809242097253,27.7810945133695,22.0000000000006
953,MC1_K2_N2_L1_SM6_P2_R07,2,STAGE5_TOEPLITZ_CORRELATED,2,1,1,P2,2,8.2,10,0.2,0,-6,1,L1_FULLY_COHERENT_BY_CONTRACT,-6,-6,1,7,136,MC1_BASE_N2_L1_P2_R07,MC1_BASE_N2_L1_P2_R07,430100136,430200136,WHITENED_SEQUENTIAL_BEAMSPACE_EXPECTED_TOTAL_SNR,STAGE8_K2_TANGENT_WHITE_SNR_MONTE_CARLO_AND_CLOSURE_V1,ONE_SYNTHETIC_CPI,ONE_SELECTED_RANGE_DOPPLER_CELL,1,1,0,0,0,7ac5f2ed7f8b920df52a4e1cde4f3ee8f80b69a8208c8d8579b1925f9a445627,c85004d5ffdde63940b50379f4f29c0d122fd6d77553f6327d2f18d2795f3498,-28.654514735813,-0.163228692976284,-6.00000000000058
954,MC1_K2_N2_L1_SP0_P2_R07,2,STAGE5_TOEPLITZ_CORRELATED,2,1,1,P2,2,8.2,10,0.2,0,-6,1,L1_FULLY_COHERENT_BY_CONTRACT,0,0,2,7,136,MC1_BASE_N2_L1_P2_R07,MC1_BASE_N2_L1_P2_R07,430100136,430200136,WHITENED_SEQUENTIAL_BEAMSPACE_EXPECTED_TOTAL_SNR,STAGE8_K2_TANGENT_WHITE_SNR_MONTE_CARLO_AND_CLOSURE_V1,ONE_SYNTHETIC_CPI,ONE_SELECTED_RANGE_DOPPLER_CELL,1,1,0,0,0,7ac5f2ed7f8b920df52a4e1cde4f3ee8f80b69a8208c8d8579b1925f9a445627,1e5c5bbd59dd5e462b7633b657204e257eac887c960329eaeac9c10322b6a2ca,-22.654514735813,5.83677130702372,5.82453789798146e-13
955,MC1_K2_N2_L1_SP6_P2_R07,2,STAGE5_TOEPLITZ_CORRELATED,2,1,1,P2,2,8.2,10,0.2,0,-6,1,L1_FULLY_COHERENT_BY_CONTRACT,6,6,3,7,136,MC1_BASE_N2_L1_P2_R07,MC1_BASE_N2_L1_P2_R07,430100136,430200136,WHITENED_SEQUENTIAL_BEAMSPACE_EXPECTED_TOTAL_SNR,STAGE8_K2_TANGENT_WHITE_SNR_MONTE_CARLO_AND_CLOSURE_V1,ONE_SYNTHETIC_CPI,ONE_SELECTED_RANGE_DOPPLER_CELL,1,1,0,0,0,7ac5f2ed7f8b920df52a4e1cde4f3ee8f80b69a8208c8d8579b1925f9a445627,9f6caa746eee68cd7c53fe78f58f4a384776c8cb21db7b890a1c25d8e80b12eb,-16.654514735813,11.8367713070237,6.00000000000115
956,MC1_K2_N2_L1_SP10_P2_R07,2,STAGE5_TOEPLITZ_CORRELATED,2,1,1,P2,2,8.2,10,0.2,0,-6,1,L1_FULLY_COHERENT_BY_CONTRACT,10,10,4,7,136,MC1_BASE_N2_L1_P2_R07,MC1_BASE_N2_L1_P2_R07,430100136,430200136,WHITENED_SEQUENTIAL_BEAMSPACE_EXPECTED_TOTAL_SNR,STAGE8_K2_TANGENT_WHITE_SNR_MONTE_CARLO_AND_CLOSURE_V1,ONE_SYNTHETIC_CPI,ONE_SELECTED_RANGE_DOPPLER_CELL,1,1,0,0,0,7ac5f2ed7f8b920df52a4e1cde4f3ee8f80b69a8208c8d8579b1925f9a445627,02c2d15e4f2a7da4796a825ab257a8295a0efdce324b52917097abe94deb6610,-12.654514735813,15.8367713070237,10.0000000000004
957,MC1_K2_N2_L1_SP14_P2_R07,2,STAGE5_TOEPLITZ_CORRELATED,2,1,1,P2,2,8.2,10,0.2,0,-6,1,L1_FULLY_COHERENT_BY_CONTRACT,14,14,5,7,136,MC1_BASE_N2_L1_P2_R07,MC1_BASE_N2_L1_P2_R07,430100136,430200136,WHITENED_SEQUENTIAL_BEAMSPACE_EXPECTED_TOTAL_SNR,STAGE8_K2_TANGENT_WHITE_SNR_MONTE_CARLO_AND_CLOSURE_V1,ONE_SYNTHETIC_CPI,ONE_SELECTED_RANGE_DOPPLER_CELL,1,1,0,0,0,7ac5f2ed7f8b920df52a4e1cde4f3ee8f80b69a8208c8d8579b1925f9a445627,9983cb753937102a0177ac49f6b56b6189d8c64b05068faf33269dd9c4d7f130,-8.65451473581301,19.8367713070237,14.0000000000012
958,MC1_K2_N2_L1_SP18_P2_R07,2,STAGE5_TOEPLITZ_CORRELATED,2,1,1,P2,2,8.2,10,0.2,0,-6,1,L1_FULLY_COHERENT_BY_CONTRACT,18,18,6,7,136,MC1_BASE_N2_L1_P2_R07,MC1_BASE_N2_L1_P2_R07,430100136,430200136,WHITENED_SEQUENTIAL_BEAMSPACE_EXPECTED_TOTAL_SNR,STAGE8_K2_TANGENT_WHITE_SNR_MONTE_CARLO_AND_CLOSURE_V1,ONE_SYNTHETIC_CPI,ONE_SELECTED_RANGE_DOPPLER_CELL,1,1,0,0,0,7ac5f2ed7f8b920df52a4e1cde4f3ee8f80b69a8208c8d8579b1925f9a445627,d28d70f2eff40134daf63bf236436d8f3ef4b81ee6ae283ee2a57f1ea80e99d0,-4.65451473581301,23.8367713070237,18.000000000001
959,MC1_K2_N2_L1_SP22_P2_R07,2,STAGE5_TOEPLITZ_CORRELATED,2,1,1,P2,2,8.2,10,0.2,0,-6,1,L1_FULLY_COHERENT_BY_CONTRACT,22,22,7,7,136,MC1_BASE_N2_L1_P2_R07,MC1_BASE_N2_L1_P2_R07,430100136,430200136,WHITENED_SEQUENTIAL_BEAMSPACE_EXPECTED_TOTAL_SNR,STAGE8_K2_TANGENT_WHITE_SNR_MONTE_CARLO_AND_CLOSURE_V1,ONE_SYNTHETIC_CPI,ONE_SELECTED_RANGE_DOPPLER_CELL,1,1,0,0,0,7ac5f2ed7f8b920df52a4e1cde4f3ee8f80b69a8208c8d8579b1925f9a445627,cfbd02188cdae4eb779a1f0c041dc27e4d778e9a3d36a11f5a7f787401cd476c,-0.654514735813004,27.8367713070237,21.9999999999999
960,MC1_K2_N2_L1_SM6_P2_R08,2,STAGE5_TOEPLITZ_CORRELATED,2,1,1,P2,2,8.2,10,0.2,0,-6,1,L1_FULLY_COHERENT_BY_CONTRACT,-6,-6,1,8,137,MC1_BASE_N2_L1_P2_R08,MC1_BASE_N2_L1_P2_R08,430100137,430200137,WHITENED_SEQUENTIAL_BEAMSPACE_EXPECTED_TOTAL_SNR,STAGE8_K2_TANGENT_WHITE_SNR_MONTE_CARLO_AND_CLOSURE_V1,ONE_SYNTHETIC_CPI,ONE_SELECTED_RANGE_DOPPLER_CELL,1,1,0,0,0,7ac5f2ed7f8b920df52a4e1cde4f3ee8f80b69a8208c8d8579b1925f9a445627,1ff7bcf4d1267b3cca2616d153a56607b52cdfc0a712d3fd0f514a4daa6cf810,-28.6610670999451,-0.16974406954292,-6.00000000000064
961,MC1_K2_N2_L1_SP0_P2_R08,2,STAGE5_TOEPLITZ_CORRELATED,2,1,1,P2,2,8.2,10,0.2,0,-6,1,L1_FULLY_COHERENT_BY_CONTRACT,0,0,2,8,137,MC1_BASE_N2_L1_P2_R08,MC1_BASE_N2_L1_P2_R08,430100137,430200137,WHITENED_SEQUENTIAL_BEAMSPACE_EXPECTED_TOTAL_SNR,STAGE8_K2_TANGENT_WHITE_SNR_MONTE_CARLO_AND_CLOSURE_V1,ONE_SYNTHETIC_CPI,ONE_SELECTED_RANGE_DOPPLER_CELL,1,1,0,0,0,7ac5f2ed7f8b920df52a4e1cde4f3ee8f80b69a8208c8d8579b1925f9a445627,c52fca2da96e874ae8e05638c6af3f6151c80a4296765c5b147ffe4c69d8ec69,-22.6610670999451,5.83025593045708,-2.69529526901652e-13
962,MC1_K2_N2_L1_SP6_P2_R08,2,STAGE5_TOEPLITZ_CORRELATED,2,1,1,P2,2,8.2,10,0.2,0,-6,1,L1_FULLY_COHERENT_BY_CONTRACT,6,6,3,8,137,MC1_BASE_N2_L1_P2_R08,MC1_BASE_N2_L1_P2_R08,430100137,430200137,WHITENED_SEQUENTIAL_BEAMSPACE_EXPECTED_TOTAL_SNR,STAGE8_K2_TANGENT_WHITE_SNR_MONTE_CARLO_AND_CLOSURE_V1,ONE_SYNTHETIC_CPI,ONE_SELECTED_RANGE_DOPPLER_CELL,1,1,0,0,0,7ac5f2ed7f8b920df52a4e1cde4f3ee8f80b69a8208c8d8579b1925f9a445627,08ba78049753601672b5dcf97c3b19d2f1acb594e097570f4590e8c4e316324c,-16.6610670999451,11.8302559304571,5.99999999999954
963,MC1_K2_N2_L1_SP10_P2_R08,2,STAGE5_TOEPLITZ_CORRELATED,2,1,1,P2,2,8.2,10,0.2,0,-6,1,L1_FULLY_COHERENT_BY_CONTRACT,10,10,4,8,137,MC1_BASE_N2_L1_P2_R08,MC1_BASE_N2_L1_P2_R08,430100137,430200137,WHITENED_SEQUENTIAL_BEAMSPACE_EXPECTED_TOTAL_SNR,STAGE8_K2_TANGENT_WHITE_SNR_MONTE_CARLO_AND_CLOSURE_V1,ONE_SYNTHETIC_CPI,ONE_SELECTED_RANGE_DOPPLER_CELL,1,1,0,0,0,7ac5f2ed7f8b920df52a4e1cde4f3ee8f80b69a8208c8d8579b1925f9a445627,5750b684830afcfe1d1e8a266b1d3e96eb4ae5c0f9fad8e92254b87983330b6f,-12.6610670999451,15.8302559304571,9.99999999999868
964,MC1_K2_N2_L1_SP14_P2_R08,2,STAGE5_TOEPLITZ_CORRELATED,2,1,1,P2,2,8.2,10,0.2,0,-6,1,L1_FULLY_COHERENT_BY_CONTRACT,14,14,5,8,137,MC1_BASE_N2_L1_P2_R08,MC1_BASE_N2_L1_P2_R08,430100137,430200137,WHITENED_SEQUENTIAL_BEAMSPACE_EXPECTED_TOTAL_SNR,STAGE8_K2_TANGENT_WHITE_SNR_MONTE_CARLO_AND_CLOSURE_V1,ONE_SYNTHETIC_CPI,ONE_SELECTED_RANGE_DOPPLER_CELL,1,1,0,0,0,7ac5f2ed7f8b920df52a4e1cde4f3ee8f80b69a8208c8d8579b1925f9a445627,2b77f0cf3a2a4ed3ee081987b4984e3c0a99dad194d1880903acca8a441a0c94,-8.66106709994512,19.8302559304571,13.9999999999988
965,MC1_K2_N2_L1_SP18_P2_R08,2,STAGE5_TOEPLITZ_CORRELATED,2,1,1,P2,2,8.2,10,0.2,0,-6,1,L1_FULLY_COHERENT_BY_CONTRACT,18,18,6,8,137,MC1_BASE_N2_L1_P2_R08,MC1_BASE_N2_L1_P2_R08,430100137,430200137,WHITENED_SEQUENTIAL_BEAMSPACE_EXPECTED_TOTAL_SNR,STAGE8_K2_TANGENT_WHITE_SNR_MONTE_CARLO_AND_CLOSURE_V1,ONE_SYNTHETIC_CPI,ONE_SELECTED_RANGE_DOPPLER_CELL,1,1,0,0,0,7ac5f2ed7f8b920df52a4e1cde4f3ee8f80b69a8208c8d8579b1925f9a445627,3dc58f35bfceb1e23d11350f303fec814b18a4fd890b7675c9bc7430c8e78a3a,-4.66106709994512,23.8302559304571,17.9999999999999
966,MC1_K2_N2_L1_SP22_P2_R08,2,STAGE5_TOEPLITZ_CORRELATED,2,1,1,P2,2,8.2,10,0.2,0,-6,1,L1_FULLY_COHERENT_BY_CONTRACT,22,22,7,8,137,MC1_BASE_N2_L1_P2_R08,MC1_BASE_N2_L1_P2_R08,430100137,430200137,WHITENED_SEQUENTIAL_BEAMSPACE_EXPECTED_TOTAL_SNR,STAGE8_K2_TANGENT_WHITE_SNR_MONTE_CARLO_AND_CLOSURE_V1,ONE_SYNTHETIC_CPI,ONE_SELECTED_RANGE_DOPPLER_CELL,1,1,0,0,0,7ac5f2ed7f8b920df52a4e1cde4f3ee8f80b69a8208c8d8579b1925f9a445627,7b4ba66c19a802ec08c2c45b4e6e8b213e910339310b04e04f1c1c9bdccac73a,-0.661067099945117,27.8302559304571,21.9999999999994
967,MC1_K2_N2_L1_SM6_P2_R09,2,STAGE5_TOEPLITZ_CORRELATED,2,1,1,P2,2,8.2,10,0.2,0,-6,1,L1_FULLY_COHERENT_BY_CONTRACT,-6,-6,1,9,138,MC1_BASE_N2_L1_P2_R09,MC1_BASE_N2_L1_P2_R09,430100138,430200138,WHITENED_SEQUENTIAL_BEAMSPACE_EXPECTED_TOTAL_SNR,STAGE8_K2_TANGENT_WHITE_SNR_MONTE_CARLO_AND_CLOSURE_V1,ONE_SYNTHETIC_CPI,ONE_SELECTED_RANGE_DOPPLER_CELL,1,1,0,0,0,7ac5f2ed7f8b920df52a4e1cde4f3ee8f80b69a8208c8d8579b1925f9a445627,e0bf9db92b04f81239e6d94fc0dfe2f3b42e9d39b1a34dfb812be2e83f04eea6,-28.6536018597231,-0.162342934610394,-5.99999999999912
968,MC1_K2_N2_L1_SP0_P2_R09,2,STAGE5_TOEPLITZ_CORRELATED,2,1,1,P2,2,8.2,10,0.2,0,-6,1,L1_FULLY_COHERENT_BY_CONTRACT,0,0,2,9,138,MC1_BASE_N2_L1_P2_R09,MC1_BASE_N2_L1_P2_R09,430100138,430200138,WHITENED_SEQUENTIAL_BEAMSPACE_EXPECTED_TOTAL_SNR,STAGE8_K2_TANGENT_WHITE_SNR_MONTE_CARLO_AND_CLOSURE_V1,ONE_SYNTHETIC_CPI,ONE_SELECTED_RANGE_DOPPLER_CELL,1,1,0,0,0,7ac5f2ed7f8b920df52a4e1cde4f3ee8f80b69a8208c8d8579b1925f9a445627,112e37b98ece9bb538eed3519305d86e5adb5a8615c5a023fb5059464e60f292,-22.6536018597231,5.8376570653896,1.29798476998053e-12
969,MC1_K2_N2_L1_SP6_P2_R09,2,STAGE5_TOEPLITZ_CORRELATED,2,1,1,P2,2,8.2,10,0.2,0,-6,1,L1_FULLY_COHERENT_BY_CONTRACT,6,6,3,9,138,MC1_BASE_N2_L1_P2_R09,MC1_BASE_N2_L1_P2_R09,430100138,430200138,WHITENED_SEQUENTIAL_BEAMSPACE_EXPECTED_TOTAL_SNR,STAGE8_K2_TANGENT_WHITE_SNR_MONTE_CARLO_AND_CLOSURE_V1,ONE_SYNTHETIC_CPI,ONE_SELECTED_RANGE_DOPPLER_CELL,1,1,0,0,0,7ac5f2ed7f8b920df52a4e1cde4f3ee8f80b69a8208c8d8579b1925f9a445627,c4918ef8eef1a56b4e061d87baa14bc5d264fbe62e38dbd1b55a56f8ba9dafe8,-16.6536018597231,11.8376570653896,6.00000000000106
970,MC1_K2_N2_L1_SP10_P2_R09,2,STAGE5_TOEPLITZ_CORRELATED,2,1,1,P2,2,8.2,10,0.2,0,-6,1,L1_FULLY_COHERENT_BY_CONTRACT,10,10,4,9,138,MC1_BASE_N2_L1_P2_R09,MC1_BASE_N2_L1_P2_R09,430100138,430200138,WHITENED_SEQUENTIAL_BEAMSPACE_EXPECTED_TOTAL_SNR,STAGE8_K2_TANGENT_WHITE_SNR_MONTE_CARLO_AND_CLOSURE_V1,ONE_SYNTHETIC_CPI,ONE_SELECTED_RANGE_DOPPLER_CELL,1,1,0,0,0,7ac5f2ed7f8b920df52a4e1cde4f3ee8f80b69a8208c8d8579b1925f9a445627,f5b7a3ec4d5f39b1cd3648b4bee0661740eedc4a6fbc9b9dabad84f08faab65c,-12.6536018597231,15.8376570653896,10.0000000000003
971,MC1_K2_N2_L1_SP14_P2_R09,2,STAGE5_TOEPLITZ_CORRELATED,2,1,1,P2,2,8.2,10,0.2,0,-6,1,L1_FULLY_COHERENT_BY_CONTRACT,14,14,5,9,138,MC1_BASE_N2_L1_P2_R09,MC1_BASE_N2_L1_P2_R09,430100138,430200138,WHITENED_SEQUENTIAL_BEAMSPACE_EXPECTED_TOTAL_SNR,STAGE8_K2_TANGENT_WHITE_SNR_MONTE_CARLO_AND_CLOSURE_V1,ONE_SYNTHETIC_CPI,ONE_SELECTED_RANGE_DOPPLER_CELL,1,1,0,0,0,7ac5f2ed7f8b920df52a4e1cde4f3ee8f80b69a8208c8d8579b1925f9a445627,f95439220d46a2ee659a068ea8634ee1f65e17eab6734c420781fe153bdac8d6,-8.65360185972311,19.8376570653896,14.0000000000001
972,MC1_K2_N2_L1_SP18_P2_R09,2,STAGE5_TOEPLITZ_CORRELATED,2,1,1,P2,2,8.2,10,0.2,0,-6,1,L1_FULLY_COHERENT_BY_CONTRACT,18,18,6,9,138,MC1_BASE_N2_L1_P2_R09,MC1_BASE_N2_L1_P2_R09,430100138,430200138,WHITENED_SEQUENTIAL_BEAMSPACE_EXPECTED_TOTAL_SNR,STAGE8_K2_TANGENT_WHITE_SNR_MONTE_CARLO_AND_CLOSURE_V1,ONE_SYNTHETIC_CPI,ONE_SELECTED_RANGE_DOPPLER_CELL,1,1,0,0,0,7ac5f2ed7f8b920df52a4e1cde4f3ee8f80b69a8208c8d8579b1925f9a445627,f501b2816620b034d930eb64f49e3a337244c1a00396f18f30cd56a238bac39c,-4.6536018597231,23.8376570653896,18
973,MC1_K2_N2_L1_SP22_P2_R09,2,STAGE5_TOEPLITZ_CORRELATED,2,1,1,P2,2,8.2,10,0.2,0,-6,1,L1_FULLY_COHERENT_BY_CONTRACT,22,22,7,9,138,MC1_BASE_N2_L1_P2_R09,MC1_BASE_N2_L1_P2_R09,430100138,430200138,WHITENED_SEQUENTIAL_BEAMSPACE_EXPECTED_TOTAL_SNR,STAGE8_K2_TANGENT_WHITE_SNR_MONTE_CARLO_AND_CLOSURE_V1,ONE_SYNTHETIC_CPI,ONE_SELECTED_RANGE_DOPPLER_CELL,1,1,0,0,0,7ac5f2ed7f8b920df52a4e1cde4f3ee8f80b69a8208c8d8579b1925f9a445627,9e551fbe495251bdced86fbca5ba23bb4ced5d2a564733eb1e1979157d71da50,-0.6536018597231,27.8376570653896,22.0000000000002
974,MC1_K2_N2_L1_SM6_P2_R10,2,STAGE5_TOEPLITZ_CORRELATED,2,1,1,P2,2,8.2,10,0.2,0,-6,1,L1_FULLY_COHERENT_BY_CONTRACT,-6,-6,1,10,139,MC1_BASE_N2_L1_P2_R10,MC1_BASE_N2_L1_P2_R10,430100139,430200139,WHITENED_SEQUENTIAL_BEAMSPACE_EXPECTED_TOTAL_SNR,STAGE8_K2_TANGENT_WHITE_SNR_MONTE_CARLO_AND_CLOSURE_V1,ONE_SYNTHETIC_CPI,ONE_SELECTED_RANGE_DOPPLER_CELL,1,1,0,0,0,7ac5f2ed7f8b920df52a4e1cde4f3ee8f80b69a8208c8d8579b1925f9a445627,822a0f734a6fb7e4a22f7d17b34982bb6c87386d4daec832deef13fa9dc22c66,-28.6495390255316,-0.158581319725647,-5.99999999999978
975,MC1_K2_N2_L1_SP0_P2_R10,2,STAGE5_TOEPLITZ_CORRELATED,2,1,1,P2,2,8.2,10,0.2,0,-6,1,L1_FULLY_COHERENT_BY_CONTRACT,0,0,2,10,139,MC1_BASE_N2_L1_P2_R10,MC1_BASE_N2_L1_P2_R10,430100139,430200139,WHITENED_SEQUENTIAL_BEAMSPACE_EXPECTED_TOTAL_SNR,STAGE8_K2_TANGENT_WHITE_SNR_MONTE_CARLO_AND_CLOSURE_V1,ONE_SYNTHETIC_CPI,ONE_SELECTED_RANGE_DOPPLER_CELL,1,1,0,0,0,7ac5f2ed7f8b920df52a4e1cde4f3ee8f80b69a8208c8d8579b1925f9a445627,4502b3ec7adada03314d109a92c7faf33e2a649edcf624370f06cd7162c7f486,-22.6495390255316,5.84141868027436,-3.14370754096383e-13
976,MC1_K2_N2_L1_SP6_P2_R10,2,STAGE5_TOEPLITZ_CORRELATED,2,1,1,P2,2,8.2,10,0.2,0,-6,1,L1_FULLY_COHERENT_BY_CONTRACT,6,6,3,10,139,MC1_BASE_N2_L1_P2_R10,MC1_BASE_N2_L1_P2_R10,430100139,430200139,WHITENED_SEQUENTIAL_BEAMSPACE_EXPECTED_TOTAL_SNR,STAGE8_K2_TANGENT_WHITE_SNR_MONTE_CARLO_AND_CLOSURE_V1,ONE_SYNTHETIC_CPI,ONE_SELECTED_RANGE_DOPPLER_CELL,1,1,0,0,0,7ac5f2ed7f8b920df52a4e1cde4f3ee8f80b69a8208c8d8579b1925f9a445627,e3e26bfdff493e42691f7dbb1c99b33852eebd66dfebd48d6168b198675e7cb8,-16.6495390255316,11.8414186802744,6.00000000000106
977,MC1_K2_N2_L1_SP10_P2_R10,2,STAGE5_TOEPLITZ_CORRELATED,2,1,1,P2,2,8.2,10,0.2,0,-6,1,L1_FULLY_COHERENT_BY_CONTRACT,10,10,4,10,139,MC1_BASE_N2_L1_P2_R10,MC1_BASE_N2_L1_P2_R10,430100139,430200139,WHITENED_SEQUENTIAL_BEAMSPACE_EXPECTED_TOTAL_SNR,STAGE8_K2_TANGENT_WHITE_SNR_MONTE_CARLO_AND_CLOSURE_V1,ONE_SYNTHETIC_CPI,ONE_SELECTED_RANGE_DOPPLER_CELL,1,1,0,0,0,7ac5f2ed7f8b920df52a4e1cde4f3ee8f80b69a8208c8d8579b1925f9a445627,a09f12fedb7d31b0725b0a0d1e588bc2e2a09ef92b97c4d519ad7e4655c82e12,-12.6495390255316,15.8414186802744,10.0000000000016
978,MC1_K2_N2_L1_SP14_P2_R10,2,STAGE5_TOEPLITZ_CORRELATED,2,1,1,P2,2,8.2,10,0.2,0,-6,1,L1_FULLY_COHERENT_BY_CONTRACT,14,14,5,10,139,MC1_BASE_N2_L1_P2_R10,MC1_BASE_N2_L1_P2_R10,430100139,430200139,WHITENED_SEQUENTIAL_BEAMSPACE_EXPECTED_TOTAL_SNR,STAGE8_K2_TANGENT_WHITE_SNR_MONTE_CARLO_AND_CLOSURE_V1,ONE_SYNTHETIC_CPI,ONE_SELECTED_RANGE_DOPPLER_CELL,1,1,0,0,0,7ac5f2ed7f8b920df52a4e1cde4f3ee8f80b69a8208c8d8579b1925f9a445627,329e4569149c47e4d4955a95dea1c6ad219d5605c1dcb4ca36aa58fbc124c52d,-8.64953902553165,19.8414186802744,14.0000000000007
979,MC1_K2_N2_L1_SP18_P2_R10,2,STAGE5_TOEPLITZ_CORRELATED,2,1,1,P2,2,8.2,10,0.2,0,-6,1,L1_FULLY_COHERENT_BY_CONTRACT,18,18,6,10,139,MC1_BASE_N2_L1_P2_R10,MC1_BASE_N2_L1_P2_R10,430100139,430200139,WHITENED_SEQUENTIAL_BEAMSPACE_EXPECTED_TOTAL_SNR,STAGE8_K2_TANGENT_WHITE_SNR_MONTE_CARLO_AND_CLOSURE_V1,ONE_SYNTHETIC_CPI,ONE_SELECTED_RANGE_DOPPLER_CELL,1,1,0,0,0,7ac5f2ed7f8b920df52a4e1cde4f3ee8f80b69a8208c8d8579b1925f9a445627,2addc07a7c75153fbf377bfc6a88be8237427e5d3480c19bdd658e7b60f5965f,-4.64953902553165,23.8414186802744,18.000000000001
980,MC1_K2_N2_L1_SP22_P2_R10,2,STAGE5_TOEPLITZ_CORRELATED,2,1,1,P2,2,8.2,10,0.2,0,-6,1,L1_FULLY_COHERENT_BY_CONTRACT,22,22,7,10,139,MC1_BASE_N2_L1_P2_R10,MC1_BASE_N2_L1_P2_R10,430100139,430200139,WHITENED_SEQUENTIAL_BEAMSPACE_EXPECTED_TOTAL_SNR,STAGE8_K2_TANGENT_WHITE_SNR_MONTE_CARLO_AND_CLOSURE_V1,ONE_SYNTHETIC_CPI,ONE_SELECTED_RANGE_DOPPLER_CELL,1,1,0,0,0,7ac5f2ed7f8b920df52a4e1cde4f3ee8f80b69a8208c8d8579b1925f9a445627,d47a5a106fbb401c991ad2d65d74a1b921b7309ad6889a3f11ab9fb71dc794e1,-0.649539025531646,27.8414186802744,21.9999999999998
981,MC1_K2_N2_L1_SM6_P3_R01,2,STAGE5_TOEPLITZ_CORRELATED,2,1,1,P3,3,7.9,10.1,0.15,90,0,1,L1_FULLY_COHERENT_BY_CONTRACT,-6,-6,1,1,140,MC1_BASE_N2_L1_P3_R01,MC1_BASE_N2_L1_P3_R01,430100140,430200140,WHITENED_SEQUENTIAL_BEAMSPACE_EXPECTED_TOTAL_SNR,STAGE8_K2_TANGENT_WHITE_SNR_MONTE_CARLO_AND_CLOSURE_V1,ONE_SYNTHETIC_CPI,ONE_SELECTED_RANGE_DOPPLER_CELL,1,1,0,0,0,7ac5f2ed7f8b920df52a4e1cde4f3ee8f80b69a8208c8d8579b1925f9a445627,eb01b3b309f04c7a318a0ff1980b54d7a7153984e75d0f1aba86005c11800e9c,-28.6717885702094,-0.183058580839241,-6.00000000000038
982,MC1_K2_N2_L1_SP0_P3_R01,2,STAGE5_TOEPLITZ_CORRELATED,2,1,1,P3,3,7.9,10.1,0.15,90,0,1,L1_FULLY_COHERENT_BY_CONTRACT,0,0,2,1,140,MC1_BASE_N2_L1_P3_R01,MC1_BASE_N2_L1_P3_R01,430100140,430200140,WHITENED_SEQUENTIAL_BEAMSPACE_EXPECTED_TOTAL_SNR,STAGE8_K2_TANGENT_WHITE_SNR_MONTE_CARLO_AND_CLOSURE_V1,ONE_SYNTHETIC_CPI,ONE_SELECTED_RANGE_DOPPLER_CELL,1,1,0,0,0,7ac5f2ed7f8b920df52a4e1cde4f3ee8f80b69a8208c8d8579b1925f9a445627,729347b650af7ed045a0437c4b9c54928d9df2efc1d412b72fae3084776c0f4f,-22.6717885702094,5.81694141916076,7.06852032983502e-13
983,MC1_K2_N2_L1_SP6_P3_R01,2,STAGE5_TOEPLITZ_CORRELATED,2,1,1,P3,3,7.9,10.1,0.15,90,0,1,L1_FULLY_COHERENT_BY_CONTRACT,6,6,3,1,140,MC1_BASE_N2_L1_P3_R01,MC1_BASE_N2_L1_P3_R01,430100140,430200140,WHITENED_SEQUENTIAL_BEAMSPACE_EXPECTED_TOTAL_SNR,STAGE8_K2_TANGENT_WHITE_SNR_MONTE_CARLO_AND_CLOSURE_V1,ONE_SYNTHETIC_CPI,ONE_SELECTED_RANGE_DOPPLER_CELL,1,1,0,0,0,7ac5f2ed7f8b920df52a4e1cde4f3ee8f80b69a8208c8d8579b1925f9a445627,f2ddf0a58f19a9351abefaef0d48349547433519c2d8e283f05ac33ab5d8abfc,-16.6717885702094,11.8169414191608,6.00000000000001
984,MC1_K2_N2_L1_SP10_P3_R01,2,STAGE5_TOEPLITZ_CORRELATED,2,1,1,P3,3,7.9,10.1,0.15,90,0,1,L1_FULLY_COHERENT_BY_CONTRACT,10,10,4,1,140,MC1_BASE_N2_L1_P3_R01,MC1_BASE_N2_L1_P3_R01,430100140,430200140,WHITENED_SEQUENTIAL_BEAMSPACE_EXPECTED_TOTAL_SNR,STAGE8_K2_TANGENT_WHITE_SNR_MONTE_CARLO_AND_CLOSURE_V1,ONE_SYNTHETIC_CPI,ONE_SELECTED_RANGE_DOPPLER_CELL,1,1,0,0,0,7ac5f2ed7f8b920df52a4e1cde4f3ee8f80b69a8208c8d8579b1925f9a445627,64da19f294d100d46e919f50f54bfe72ab37b7d2aeb46382516c8dd25d163484,-12.6717885702094,15.8169414191608,9.99999999999972
985,MC1_K2_N2_L1_SP14_P3_R01,2,STAGE5_TOEPLITZ_CORRELATED,2,1,1,P3,3,7.9,10.1,0.15,90,0,1,L1_FULLY_COHERENT_BY_CONTRACT,14,14,5,1,140,MC1_BASE_N2_L1_P3_R01,MC1_BASE_N2_L1_P3_R01,430100140,430200140,WHITENED_SEQUENTIAL_BEAMSPACE_EXPECTED_TOTAL_SNR,STAGE8_K2_TANGENT_WHITE_SNR_MONTE_CARLO_AND_CLOSURE_V1,ONE_SYNTHETIC_CPI,ONE_SELECTED_RANGE_DOPPLER_CELL,1,1,0,0,0,7ac5f2ed7f8b920df52a4e1cde4f3ee8f80b69a8208c8d8579b1925f9a445627,4941fa05cf1d910cafc2046c14d41924c620d24767e96486c70830f64c4fb8e4,-8.67178857020942,19.8169414191608,14
986,MC1_K2_N2_L1_SP18_P3_R01,2,STAGE5_TOEPLITZ_CORRELATED,2,1,1,P3,3,7.9,10.1,0.15,90,0,1,L1_FULLY_COHERENT_BY_CONTRACT,18,18,6,1,140,MC1_BASE_N2_L1_P3_R01,MC1_BASE_N2_L1_P3_R01,430100140,430200140,WHITENED_SEQUENTIAL_BEAMSPACE_EXPECTED_TOTAL_SNR,STAGE8_K2_TANGENT_WHITE_SNR_MONTE_CARLO_AND_CLOSURE_V1,ONE_SYNTHETIC_CPI,ONE_SELECTED_RANGE_DOPPLER_CELL,1,1,0,0,0,7ac5f2ed7f8b920df52a4e1cde4f3ee8f80b69a8208c8d8579b1925f9a445627,96b702168f353547417f22c3efb8734868a89ce98798c67cb87fc8b4125df232,-4.67178857020942,23.8169414191608,18.0000000000004
987,MC1_K2_N2_L1_SP22_P3_R01,2,STAGE5_TOEPLITZ_CORRELATED,2,1,1,P3,3,7.9,10.1,0.15,90,0,1,L1_FULLY_COHERENT_BY_CONTRACT,22,22,7,1,140,MC1_BASE_N2_L1_P3_R01,MC1_BASE_N2_L1_P3_R01,430100140,430200140,WHITENED_SEQUENTIAL_BEAMSPACE_EXPECTED_TOTAL_SNR,STAGE8_K2_TANGENT_WHITE_SNR_MONTE_CARLO_AND_CLOSURE_V1,ONE_SYNTHETIC_CPI,ONE_SELECTED_RANGE_DOPPLER_CELL,1,1,0,0,0,7ac5f2ed7f8b920df52a4e1cde4f3ee8f80b69a8208c8d8579b1925f9a445627,b1cbc1deee4bd641d1d873136159bd96dbfd02047f07cd6e798f28fd065f4efd,-0.67178857020942,27.8169414191608,22.0000000000001
988,MC1_K2_N2_L1_SM6_P3_R02,2,STAGE5_TOEPLITZ_CORRELATED,2,1,1,P3,3,7.9,10.1,0.15,90,0,1,L1_FULLY_COHERENT_BY_CONTRACT,-6,-6,1,2,141,MC1_BASE_N2_L1_P3_R02,MC1_BASE_N2_L1_P3_R02,430100141,430200141,WHITENED_SEQUENTIAL_BEAMSPACE_EXPECTED_TOTAL_SNR,STAGE8_K2_TANGENT_WHITE_SNR_MONTE_CARLO_AND_CLOSURE_V1,ONE_SYNTHETIC_CPI,ONE_SELECTED_RANGE_DOPPLER_CELL,1,1,0,0,0,7ac5f2ed7f8b920df52a4e1cde4f3ee8f80b69a8208c8d8579b1925f9a445627,4bf6a05410d8c31ea60a2a5f7617b131d8908ba4f15e04839ae1ab9f03578f59,-28.6828209609451,-0.186888122756713,-6.00000000000024
989,MC1_K2_N2_L1_SP0_P3_R02,2,STAGE5_TOEPLITZ_CORRELATED,2,1,1,P3,3,7.9,10.1,0.15,90,0,1,L1_FULLY_COHERENT_BY_CONTRACT,0,0,2,2,141,MC1_BASE_N2_L1_P3_R02,MC1_BASE_N2_L1_P3_R02,430100141,430200141,WHITENED_SEQUENTIAL_BEAMSPACE_EXPECTED_TOTAL_SNR,STAGE8_K2_TANGENT_WHITE_SNR_MONTE_CARLO_AND_CLOSURE_V1,ONE_SYNTHETIC_CPI,ONE_SELECTED_RANGE_DOPPLER_CELL,1,1,0,0,0,7ac5f2ed7f8b920df52a4e1cde4f3ee8f80b69a8208c8d8579b1925f9a445627,b3aedfaddd54115d6ea8da86235ad2ac851d2ab5e122341e293a974bb9ff2b7e,-22.6828209609451,5.81311187724329,-2.59404088502842e-13
990,MC1_K2_N2_L1_SP6_P3_R02,2,STAGE5_TOEPLITZ_CORRELATED,2,1,1,P3,3,7.9,10.1,0.15,90,0,1,L1_FULLY_COHERENT_BY_CONTRACT,6,6,3,2,141,MC1_BASE_N2_L1_P3_R02,MC1_BASE_N2_L1_P3_R02,430100141,430200141,WHITENED_SEQUENTIAL_BEAMSPACE_EXPECTED_TOTAL_SNR,STAGE8_K2_TANGENT_WHITE_SNR_MONTE_CARLO_AND_CLOSURE_V1,ONE_SYNTHETIC_CPI,ONE_SELECTED_RANGE_DOPPLER_CELL,1,1,0,0,0,7ac5f2ed7f8b920df52a4e1cde4f3ee8f80b69a8208c8d8579b1925f9a445627,f60f6557764e6a740fb8e7b25fed0731b53cc365a908c110a4ec96b53f85bf34,-16.6828209609451,11.8131118772433,5.99999999999933
991,MC1_K2_N2_L1_SP10_P3_R02,2,STAGE5_TOEPLITZ_CORRELATED,2,1,1,P3,3,7.9,10.1,0.15,90,0,1,L1_FULLY_COHERENT_BY_CONTRACT,10,10,4,2,141,MC1_BASE_N2_L1_P3_R02,MC1_BASE_N2_L1_P3_R02,430100141,430200141,WHITENED_SEQUENTIAL_BEAMSPACE_EXPECTED_TOTAL_SNR,STAGE8_K2_TANGENT_WHITE_SNR_MONTE_CARLO_AND_CLOSURE_V1,ONE_SYNTHETIC_CPI,ONE_SELECTED_RANGE_DOPPLER_CELL,1,1,0,0,0,7ac5f2ed7f8b920df52a4e1cde4f3ee8f80b69a8208c8d8579b1925f9a445627,3a438ac29e223069dff24bd3ea621a521267737af5010bc87c2210dd93885b9b,-12.6828209609451,15.8131118772433,9.99999999999994
992,MC1_K2_N2_L1_SP14_P3_R02,2,STAGE5_TOEPLITZ_CORRELATED,2,1,1,P3,3,7.9,10.1,0.15,90,0,1,L1_FULLY_COHERENT_BY_CONTRACT,14,14,5,2,141,MC1_BASE_N2_L1_P3_R02,MC1_BASE_N2_L1_P3_R02,430100141,430200141,WHITENED_SEQUENTIAL_BEAMSPACE_EXPECTED_TOTAL_SNR,STAGE8_K2_TANGENT_WHITE_SNR_MONTE_CARLO_AND_CLOSURE_V1,ONE_SYNTHETIC_CPI,ONE_SELECTED_RANGE_DOPPLER_CELL,1,1,0,0,0,7ac5f2ed7f8b920df52a4e1cde4f3ee8f80b69a8208c8d8579b1925f9a445627,46efbcf049a66e6426ef2a48b0bf0623353a584ebb9a2f5ebd6825599e0bdbbe,-8.68282096094513,19.8131118772433,13.9999999999998
993,MC1_K2_N2_L1_SP18_P3_R02,2,STAGE5_TOEPLITZ_CORRELATED,2,1,1,P3,3,7.9,10.1,0.15,90,0,1,L1_FULLY_COHERENT_BY_CONTRACT,18,18,6,2,141,MC1_BASE_N2_L1_P3_R02,MC1_BASE_N2_L1_P3_R02,430100141,430200141,WHITENED_SEQUENTIAL_BEAMSPACE_EXPECTED_TOTAL_SNR,STAGE8_K2_TANGENT_WHITE_SNR_MONTE_CARLO_AND_CLOSURE_V1,ONE_SYNTHETIC_CPI,ONE_SELECTED_RANGE_DOPPLER_CELL,1,1,0,0,0,7ac5f2ed7f8b920df52a4e1cde4f3ee8f80b69a8208c8d8579b1925f9a445627,7030ff5ac6e66f5be213569597b2516190db3b52aeeb5cedffe1dc67a46ea75a,-4.68282096094513,23.8131118772433,18.0000000000006
994,MC1_K2_N2_L1_SP22_P3_R02,2,STAGE5_TOEPLITZ_CORRELATED,2,1,1,P3,3,7.9,10.1,0.15,90,0,1,L1_FULLY_COHERENT_BY_CONTRACT,22,22,7,2,141,MC1_BASE_N2_L1_P3_R02,MC1_BASE_N2_L1_P3_R02,430100141,430200141,WHITENED_SEQUENTIAL_BEAMSPACE_EXPECTED_TOTAL_SNR,STAGE8_K2_TANGENT_WHITE_SNR_MONTE_CARLO_AND_CLOSURE_V1,ONE_SYNTHETIC_CPI,ONE_SELECTED_RANGE_DOPPLER_CELL,1,1,0,0,0,7ac5f2ed7f8b920df52a4e1cde4f3ee8f80b69a8208c8d8579b1925f9a445627,ccb6bd200ed1b4baddafd51abf988c77b3cb293ce6877a08f591bf57f0b7c754,-0.682820960945131,27.8131118772433,21.9999999999997
995,MC1_K2_N2_L1_SM6_P3_R03,2,STAGE5_TOEPLITZ_CORRELATED,2,1,1,P3,3,7.9,10.1,0.15,90,0,1,L1_FULLY_COHERENT_BY_CONTRACT,-6,-6,1,3,142,MC1_BASE_N2_L1_P3_R03,MC1_BASE_N2_L1_P3_R03,430100142,430200142,WHITENED_SEQUENTIAL_BEAMSPACE_EXPECTED_TOTAL_SNR,STAGE8_K2_TANGENT_WHITE_SNR_MONTE_CARLO_AND_CLOSURE_V1,ONE_SYNTHETIC_CPI,ONE_SELECTED_RANGE_DOPPLER_CELL,1,1,0,0,0,7ac5f2ed7f8b920df52a4e1cde4f3ee8f80b69a8208c8d8579b1925f9a445627,5c67bccdd185851c0b83a852525b6832822e7b867e5aa9e907cf7f391711ed91,-28.6676498253496,-0.184160157252614,-5.99999999999999
996,MC1_K2_N2_L1_SP0_P3_R03,2,STAGE5_TOEPLITZ_CORRELATED,2,1,1,P3,3,7.9,10.1,0.15,90,0,1,L1_FULLY_COHERENT_BY_CONTRACT,0,0,2,3,142,MC1_BASE_N2_L1_P3_R03,MC1_BASE_N2_L1_P3_R03,430100142,430200142,WHITENED_SEQUENTIAL_BEAMSPACE_EXPECTED_TOTAL_SNR,STAGE8_K2_TANGENT_WHITE_SNR_MONTE_CARLO_AND_CLOSURE_V1,ONE_SYNTHETIC_CPI,ONE_SELECTED_RANGE_DOPPLER_CELL,1,1,0,0,0,7ac5f2ed7f8b920df52a4e1cde4f3ee8f80b69a8208c8d8579b1925f9a445627,40905c2af155e792c35f9d7408dec716fd271cac6731edf590e8d55cc14eec47,-22.6676498253496,5.81583984274739,-5.51113147135239e-13
997,MC1_K2_N2_L1_SP6_P3_R03,2,STAGE5_TOEPLITZ_CORRELATED,2,1,1,P3,3,7.9,10.1,0.15,90,0,1,L1_FULLY_COHERENT_BY_CONTRACT,6,6,3,3,142,MC1_BASE_N2_L1_P3_R03,MC1_BASE_N2_L1_P3_R03,430100142,430200142,WHITENED_SEQUENTIAL_BEAMSPACE_EXPECTED_TOTAL_SNR,STAGE8_K2_TANGENT_WHITE_SNR_MONTE_CARLO_AND_CLOSURE_V1,ONE_SYNTHETIC_CPI,ONE_SELECTED_RANGE_DOPPLER_CELL,1,1,0,0,0,7ac5f2ed7f8b920df52a4e1cde4f3ee8f80b69a8208c8d8579b1925f9a445627,40e35cdd987354a21771d1a884dfb77a3170c0e2bfb63c2708428803a2864303,-16.6676498253496,11.8158398427474,5.99999999999957
998,MC1_K2_N2_L1_SP10_P3_R03,2,STAGE5_TOEPLITZ_CORRELATED,2,1,1,P3,3,7.9,10.1,0.15,90,0,1,L1_FULLY_COHERENT_BY_CONTRACT,10,10,4,3,142,MC1_BASE_N2_L1_P3_R03,MC1_BASE_N2_L1_P3_R03,430100142,430200142,WHITENED_SEQUENTIAL_BEAMSPACE_EXPECTED_TOTAL_SNR,STAGE8_K2_TANGENT_WHITE_SNR_MONTE_CARLO_AND_CLOSURE_V1,ONE_SYNTHETIC_CPI,ONE_SELECTED_RANGE_DOPPLER_CELL,1,1,0,0,0,7ac5f2ed7f8b920df52a4e1cde4f3ee8f80b69a8208c8d8579b1925f9a445627,be0d8638024024675e36c02bd8cc8a86d32b2d48de675373f6a94d5299a6400b,-12.6676498253496,15.8158398427474,9.99999999999941
999,MC1_K2_N2_L1_SP14_P3_R03,2,STAGE5_TOEPLITZ_CORRELATED,2,1,1,P3,3,7.9,10.1,0.15,90,0,1,L1_FULLY_COHERENT_BY_CONTRACT,14,14,5,3,142,MC1_BASE_N2_L1_P3_R03,MC1_BASE_N2_L1_P3_R03,430100142,430200142,WHITENED_SEQUENTIAL_BEAMSPACE_EXPECTED_TOTAL_SNR,STAGE8_K2_TANGENT_WHITE_SNR_MONTE_CARLO_AND_CLOSURE_V1,ONE_SYNTHETIC_CPI,ONE_SELECTED_RANGE_DOPPLER_CELL,1,1,0,0,0,7ac5f2ed7f8b920df52a4e1cde4f3ee8f80b69a8208c8d8579b1925f9a445627,d67d9c50062d2a8d3ecc7b36278e50335b8d8e6028906745a8c15ae965627afb,-8.66764982534965,19.8158398427474,14
1000,MC1_K2_N2_L1_SP18_P3_R03,2,STAGE5_TOEPLITZ_CORRELATED,2,1,1,P3,3,7.9,10.1,0.15,90,0,1,L1_FULLY_COHERENT_BY_CONTRACT,18,18,6,3,142,MC1_BASE_N2_L1_P3_R03,MC1_BASE_N2_L1_P3_R03,430100142,430200142,WHITENED_SEQUENTIAL_BEAMSPACE_EXPECTED_TOTAL_SNR,STAGE8_K2_TANGENT_WHITE_SNR_MONTE_CARLO_AND_CLOSURE_V1,ONE_SYNTHETIC_CPI,ONE_SELECTED_RANGE_DOPPLER_CELL,1,1,0,0,0,7ac5f2ed7f8b920df52a4e1cde4f3ee8f80b69a8208c8d8579b1925f9a445627,fb3741cdadb1b6145d1be8ce3600ccc53505a389ccb970a95a34c6ce87e982b5,-4.66764982534965,23.8158398427474,17.9999999999994
1001,MC1_K2_N2_L1_SP22_P3_R03,2,STAGE5_TOEPLITZ_CORRELATED,2,1,1,P3,3,7.9,10.1,0.15,90,0,1,L1_FULLY_COHERENT_BY_CONTRACT,22,22,7,3,142,MC1_BASE_N2_L1_P3_R03,MC1_BASE_N2_L1_P3_R03,430100142,430200142,WHITENED_SEQUENTIAL_BEAMSPACE_EXPECTED_TOTAL_SNR,STAGE8_K2_TANGENT_WHITE_SNR_MONTE_CARLO_AND_CLOSURE_V1,ONE_SYNTHETIC_CPI,ONE_SELECTED_RANGE_DOPPLER_CELL,1,1,0,0,0,7ac5f2ed7f8b920df52a4e1cde4f3ee8f80b69a8208c8d8579b1925f9a445627,359652a5fd39ce8d84a6e1a8c38a49ac0ab251e6538b73ab7aa49694553374c2,-0.667649825349644,27.8158398427474,21.9999999999996
1002,MC1_K2_N2_L1_SM6_P3_R04,2,STAGE5_TOEPLITZ_CORRELATED,2,1,1,P3,3,7.9,10.1,0.15,90,0,1,L1_FULLY_COHERENT_BY_CONTRACT,-6,-6,1,4,143,MC1_BASE_N2_L1_P3_R04,MC1_BASE_N2_L1_P3_R04,430100143,430200143,WHITENED_SEQUENTIAL_BEAMSPACE_EXPECTED_TOTAL_SNR,STAGE8_K2_TANGENT_WHITE_SNR_MONTE_CARLO_AND_CLOSURE_V1,ONE_SYNTHETIC_CPI,ONE_SELECTED_RANGE_DOPPLER_CELL,1,1,0,0,0,7ac5f2ed7f8b920df52a4e1cde4f3ee8f80b69a8208c8d8579b1925f9a445627,832f57075eaabaffef59eaf8b3ee90237191808efbca38160bc3324eddff4962,-28.6904622718004,-0.194990470301928,-5.99999999999841
1003,MC1_K2_N2_L1_SP0_P3_R04,2,STAGE5_TOEPLITZ_CORRELATED,2,1,1,P3,3,7.9,10.1,0.15,90,0,1,L1_FULLY_COHERENT_BY_CONTRACT,0,0,2,4,143,MC1_BASE_N2_L1_P3_R04,MC1_BASE_N2_L1_P3_R04,430100143,430200143,WHITENED_SEQUENTIAL_BEAMSPACE_EXPECTED_TOTAL_SNR,STAGE8_K2_TANGENT_WHITE_SNR_MONTE_CARLO_AND_CLOSURE_V1,ONE_SYNTHETIC_CPI,ONE_SELECTED_RANGE_DOPPLER_CELL,1,1,0,0,0,7ac5f2ed7f8b920df52a4e1cde4f3ee8f80b69a8208c8d8579b1925f9a445627,b5983a1cfb2fd1f199a624dee585404da834f29bbfff18e5e30595fbb172b24f,-22.6904622718004,5.80500952969807,9.5179120948799e-13
1004,MC1_K2_N2_L1_SP6_P3_R04,2,STAGE5_TOEPLITZ_CORRELATED,2,1,1,P3,3,7.9,10.1,0.15,90,0,1,L1_FULLY_COHERENT_BY_CONTRACT,6,6,3,4,143,MC1_BASE_N2_L1_P3_R04,MC1_BASE_N2_L1_P3_R04,430100143,430200143,WHITENED_SEQUENTIAL_BEAMSPACE_EXPECTED_TOTAL_SNR,STAGE8_K2_TANGENT_WHITE_SNR_MONTE_CARLO_AND_CLOSURE_V1,ONE_SYNTHETIC_CPI,ONE_SELECTED_RANGE_DOPPLER_CELL,1,1,0,0,0,7ac5f2ed7f8b920df52a4e1cde4f3ee8f80b69a8208c8d8579b1925f9a445627,31452c024577b375ec9cf8721f53dacdc2f12e8f827aa2065b818229e303e971,-16.6904622718004,11.8050095296981,6.00000000000031
1005,MC1_K2_N2_L1_SP10_P3_R04,2,STAGE5_TOEPLITZ_CORRELATED,2,1,1,P3,3,7.9,10.1,0.15,90,0,1,L1_FULLY_COHERENT_BY_CONTRACT,10,10,4,4,143,MC1_BASE_N2_L1_P3_R04,MC1_BASE_N2_L1_P3_R04,430100143,430200143,WHITENED_SEQUENTIAL_BEAMSPACE_EXPECTED_TOTAL_SNR,STAGE8_K2_TANGENT_WHITE_SNR_MONTE_CARLO_AND_CLOSURE_V1,ONE_SYNTHETIC_CPI,ONE_SELECTED_RANGE_DOPPLER_CELL,1,1,0,0,0,7ac5f2ed7f8b920df52a4e1cde4f3ee8f80b69a8208c8d8579b1925f9a445627,678a0e62537a86801fc886391aca6bbf99191e37d01fd6b03ae9e2f38841fd4a,-12.6904622718004,15.8050095296981,10.0000000000012
1006,MC1_K2_N2_L1_SP14_P3_R04,2,STAGE5_TOEPLITZ_CORRELATED,2,1,1,P3,3,7.9,10.1,0.15,90,0,1,L1_FULLY_COHERENT_BY_CONTRACT,14,14,5,4,143,MC1_BASE_N2_L1_P3_R04,MC1_BASE_N2_L1_P3_R04,430100143,430200143,WHITENED_SEQUENTIAL_BEAMSPACE_EXPECTED_TOTAL_SNR,STAGE8_K2_TANGENT_WHITE_SNR_MONTE_CARLO_AND_CLOSURE_V1,ONE_SYNTHETIC_CPI,ONE_SELECTED_RANGE_DOPPLER_CELL,1,1,0,0,0,7ac5f2ed7f8b920df52a4e1cde4f3ee8f80b69a8208c8d8579b1925f9a445627,d0ebf45df086b0d607d35b8b7a73bf089bcc8209c2acb0d412ef2baedcfb8e71,-8.69046227180044,19.8050095296981,14.0000000000008
1007,MC1_K2_N2_L1_SP18_P3_R04,2,STAGE5_TOEPLITZ_CORRELATED,2,1,1,P3,3,7.9,10.1,0.15,90,0,1,L1_FULLY_COHERENT_BY_CONTRACT,18,18,6,4,143,MC1_BASE_N2_L1_P3_R04,MC1_BASE_N2_L1_P3_R04,430100143,430200143,WHITENED_SEQUENTIAL_BEAMSPACE_EXPECTED_TOTAL_SNR,STAGE8_K2_TANGENT_WHITE_SNR_MONTE_CARLO_AND_CLOSURE_V1,ONE_SYNTHETIC_CPI,ONE_SELECTED_RANGE_DOPPLER_CELL,1,1,0,0,0,7ac5f2ed7f8b920df52a4e1cde4f3ee8f80b69a8208c8d8579b1925f9a445627,4b3f998a20bffdc7995e22f5a0bbd80691baba2b0c7431352bf781f241b6c210,-4.69046227180044,23.8050095296981,18.0000000000007
1008,MC1_K2_N2_L1_SP22_P3_R04,2,STAGE5_TOEPLITZ_CORRELATED,2,1,1,P3,3,7.9,10.1,0.15,90,0,1,L1_FULLY_COHERENT_BY_CONTRACT,22,22,7,4,143,MC1_BASE_N2_L1_P3_R04,MC1_BASE_N2_L1_P3_R04,430100143,430200143,WHITENED_SEQUENTIAL_BEAMSPACE_EXPECTED_TOTAL_SNR,STAGE8_K2_TANGENT_WHITE_SNR_MONTE_CARLO_AND_CLOSURE_V1,ONE_SYNTHETIC_CPI,ONE_SELECTED_RANGE_DOPPLER_CELL,1,1,0,0,0,7ac5f2ed7f8b920df52a4e1cde4f3ee8f80b69a8208c8d8579b1925f9a445627,b16c9ffefb1229cc96ef8123f12b84874e089e57a35e9cf4c71e441ffbf20bc8,-0.690462271800441,27.8050095296981,22.0000000000012
1009,MC1_K2_N2_L1_SM6_P3_R05,2,STAGE5_TOEPLITZ_CORRELATED,2,1,1,P3,3,7.9,10.1,0.15,90,0,1,L1_FULLY_COHERENT_BY_CONTRACT,-6,-6,1,5,144,MC1_BASE_N2_L1_P3_R05,MC1_BASE_N2_L1_P3_R05,430100144,430200144,WHITENED_SEQUENTIAL_BEAMSPACE_EXPECTED_TOTAL_SNR,STAGE8_K2_TANGENT_WHITE_SNR_MONTE_CARLO_AND_CLOSURE_V1,ONE_SYNTHETIC_CPI,ONE_SELECTED_RANGE_DOPPLER_CELL,1,1,0,0,0,7ac5f2ed7f8b920df52a4e1cde4f3ee8f80b69a8208c8d8579b1925f9a445627,d34c6d0f105ca90dd4067948fe6b3d8c8b2fc51ab3bd198fd13e8996f454c168,-28.6751806502272,-0.183210023119358,-5.99999999999944
1010,MC1_K2_N2_L1_SP0_P3_R05,2,STAGE5_TOEPLITZ_CORRELATED,2,1,1,P3,3,7.9,10.1,0.15,90,0,1,L1_FULLY_COHERENT_BY_CONTRACT,0,0,2,5,144,MC1_BASE_N2_L1_P3_R05,MC1_BASE_N2_L1_P3_R05,430100144,430200144,WHITENED_SEQUENTIAL_BEAMSPACE_EXPECTED_TOTAL_SNR,STAGE8_K2_TANGENT_WHITE_SNR_MONTE_CARLO_AND_CLOSURE_V1,ONE_SYNTHETIC_CPI,ONE_SELECTED_RANGE_DOPPLER_CELL,1,1,0,0,0,7ac5f2ed7f8b920df52a4e1cde4f3ee8f80b69a8208c8d8579b1925f9a445627,6fe7f39c2cb2a1313d40f258a13c5d30d6d43f788a7910de774d472bc80ed120,-22.6751806502272,5.81678997688064,1.95758475710313e-13
1011,MC1_K2_N2_L1_SP6_P3_R05,2,STAGE5_TOEPLITZ_CORRELATED,2,1,1,P3,3,7.9,10.1,0.15,90,0,1,L1_FULLY_COHERENT_BY_CONTRACT,6,6,3,5,144,MC1_BASE_N2_L1_P3_R05,MC1_BASE_N2_L1_P3_R05,430100144,430200144,WHITENED_SEQUENTIAL_BEAMSPACE_EXPECTED_TOTAL_SNR,STAGE8_K2_TANGENT_WHITE_SNR_MONTE_CARLO_AND_CLOSURE_V1,ONE_SYNTHETIC_CPI,ONE_SELECTED_RANGE_DOPPLER_CELL,1,1,0,0,0,7ac5f2ed7f8b920df52a4e1cde4f3ee8f80b69a8208c8d8579b1925f9a445627,1b575ea9008c9dbb3fc68dea51458b28785affe4a7d00ddf79330b311d62fd20,-16.6751806502272,11.8167899768806,5.99999999999977
1012,MC1_K2_N2_L1_SP10_P3_R05,2,STAGE5_TOEPLITZ_CORRELATED,2,1,1,P3,3,7.9,10.1,0.15,90,0,1,L1_FULLY_COHERENT_BY_CONTRACT,10,10,4,5,144,MC1_BASE_N2_L1_P3_R05,MC1_BASE_N2_L1_P3_R05,430100144,430200144,WHITENED_SEQUENTIAL_BEAMSPACE_EXPECTED_TOTAL_SNR,STAGE8_K2_TANGENT_WHITE_SNR_MONTE_CARLO_AND_CLOSURE_V1,ONE_SYNTHETIC_CPI,ONE_SELECTED_RANGE_DOPPLER_CELL,1,1,0,0,0,7ac5f2ed7f8b920df52a4e1cde4f3ee8f80b69a8208c8d8579b1925f9a445627,81a8426b30dffb699c190553cefd7d791b1867aee391cdacca923735cc732dc3,-12.6751806502272,15.8167899768806,10.0000000000005
1013,MC1_K2_N2_L1_SP14_P3_R05,2,STAGE5_TOEPLITZ_CORRELATED,2,1,1,P3,3,7.9,10.1,0.15,90,0,1,L1_FULLY_COHERENT_BY_CONTRACT,14,14,5,5,144,MC1_BASE_N2_L1_P3_R05,MC1_BASE_N2_L1_P3_R05,430100144,430200144,WHITENED_SEQUENTIAL_BEAMSPACE_EXPECTED_TOTAL_SNR,STAGE8_K2_TANGENT_WHITE_SNR_MONTE_CARLO_AND_CLOSURE_V1,ONE_SYNTHETIC_CPI,ONE_SELECTED_RANGE_DOPPLER_CELL,1,1,0,0,0,7ac5f2ed7f8b920df52a4e1cde4f3ee8f80b69a8208c8d8579b1925f9a445627,b194faae1c8b10f964ef7b37cce615b89346fda84cb1fc0db4ca8c2e4204c1df,-8.67518065022723,19.8167899768806,14.0000000000008
1014,MC1_K2_N2_L1_SP18_P3_R05,2,STAGE5_TOEPLITZ_CORRELATED,2,1,1,P3,3,7.9,10.1,0.15,90,0,1,L1_FULLY_COHERENT_BY_CONTRACT,18,18,6,5,144,MC1_BASE_N2_L1_P3_R05,MC1_BASE_N2_L1_P3_R05,430100144,430200144,WHITENED_SEQUENTIAL_BEAMSPACE_EXPECTED_TOTAL_SNR,STAGE8_K2_TANGENT_WHITE_SNR_MONTE_CARLO_AND_CLOSURE_V1,ONE_SYNTHETIC_CPI,ONE_SELECTED_RANGE_DOPPLER_CELL,1,1,0,0,0,7ac5f2ed7f8b920df52a4e1cde4f3ee8f80b69a8208c8d8579b1925f9a445627,e8acdaaa4f7d1d5f8d0c39bf54302b428a667b62f19409a29166d25830013800,-4.67518065022723,23.8167899768806,18
1015,MC1_K2_N2_L1_SP22_P3_R05,2,STAGE5_TOEPLITZ_CORRELATED,2,1,1,P3,3,7.9,10.1,0.15,90,0,1,L1_FULLY_COHERENT_BY_CONTRACT,22,22,7,5,144,MC1_BASE_N2_L1_P3_R05,MC1_BASE_N2_L1_P3_R05,430100144,430200144,WHITENED_SEQUENTIAL_BEAMSPACE_EXPECTED_TOTAL_SNR,STAGE8_K2_TANGENT_WHITE_SNR_MONTE_CARLO_AND_CLOSURE_V1,ONE_SYNTHETIC_CPI,ONE_SELECTED_RANGE_DOPPLER_CELL,1,1,0,0,0,7ac5f2ed7f8b920df52a4e1cde4f3ee8f80b69a8208c8d8579b1925f9a445627,ddf0e1c0cf467ea5cae9b6148c5df0d50a87c913323570b0fa3d293b380e8ec9,-0.67518065022723,27.8167899768806,22
1016,MC1_K2_N2_L1_SM6_P3_R06,2,STAGE5_TOEPLITZ_CORRELATED,2,1,1,P3,3,7.9,10.1,0.15,90,0,1,L1_FULLY_COHERENT_BY_CONTRACT,-6,-6,1,6,145,MC1_BASE_N2_L1_P3_R06,MC1_BASE_N2_L1_P3_R06,430100145,430200145,WHITENED_SEQUENTIAL_BEAMSPACE_EXPECTED_TOTAL_SNR,STAGE8_K2_TANGENT_WHITE_SNR_MONTE_CARLO_AND_CLOSURE_V1,ONE_SYNTHETIC_CPI,ONE_SELECTED_RANGE_DOPPLER_CELL,1,1,0,0,0,7ac5f2ed7f8b920df52a4e1cde4f3ee8f80b69a8208c8d8579b1925f9a445627,6939fd99a8b5c775eb960d6794e0a2cbe2cb65dd4acc550d5da086002b7cc84a,-28.6987180759176,-0.208495141618324,-5.99999999999974
1017,MC1_K2_N2_L1_SP0_P3_R06,2,STAGE5_TOEPLITZ_CORRELATED,2,1,1,P3,3,7.9,10.1,0.15,90,0,1,L1_FULLY_COHERENT_BY_CONTRACT,0,0,2,6,145,MC1_BASE_N2_L1_P3_R06,MC1_BASE_N2_L1_P3_R06,430100145,430200145,WHITENED_SEQUENTIAL_BEAMSPACE_EXPECTED_TOTAL_SNR,STAGE8_K2_TANGENT_WHITE_SNR_MONTE_CARLO_AND_CLOSURE_V1,ONE_SYNTHETIC_CPI,ONE_SELECTED_RANGE_DOPPLER_CELL,1,1,0,0,0,7ac5f2ed7f8b920df52a4e1cde4f3ee8f80b69a8208c8d8579b1925f9a445627,7fc9399c23c5ac99434647d454ea3acdee49f11453e4424229fe3bb919b0eec2,-22.6987180759176,5.79150485838168,-2.27099118373305e-13
1018,MC1_K2_N2_L1_SP6_P3_R06,2,STAGE5_TOEPLITZ_CORRELATED,2,1,1,P3,3,7.9,10.1,0.15,90,0,1,L1_FULLY_COHERENT_BY_CONTRACT,6,6,3,6,145,MC1_BASE_N2_L1_P3_R06,MC1_BASE_N2_L1_P3_R06,430100145,430200145,WHITENED_SEQUENTIAL_BEAMSPACE_EXPECTED_TOTAL_SNR,STAGE8_K2_TANGENT_WHITE_SNR_MONTE_CARLO_AND_CLOSURE_V1,ONE_SYNTHETIC_CPI,ONE_SELECTED_RANGE_DOPPLER_CELL,1,1,0,0,0,7ac5f2ed7f8b920df52a4e1cde4f3ee8f80b69a8208c8d8579b1925f9a445627,f7b64fc5d900949689485af99fdbde569c8eee13c9dc9f10f1a5b02ed4406017,-16.6987180759176,11.7915048583817,6.00000000000005
1019,MC1_K2_N2_L1_SP10_P3_R06,2,STAGE5_TOEPLITZ_CORRELATED,2,1,1,P3,3,7.9,10.1,0.15,90,0,1,L1_FULLY_COHERENT_BY_CONTRACT,10,10,4,6,145,MC1_BASE_N2_L1_P3_R06,MC1_BASE_N2_L1_P3_R06,430100145,430200145,WHITENED_SEQUENTIAL_BEAMSPACE_EXPECTED_TOTAL_SNR,STAGE8_K2_TANGENT_WHITE_SNR_MONTE_CARLO_AND_CLOSURE_V1,ONE_SYNTHETIC_CPI,ONE_SELECTED_RANGE_DOPPLER_CELL,1,1,0,0,0,7ac5f2ed7f8b920df52a4e1cde4f3ee8f80b69a8208c8d8579b1925f9a445627,6695283348094d3deb938186559ff7e5f261475e5bcccba6aa155e0361adbb3d,-12.6987180759176,15.7915048583817,10.0000000000001
1020,MC1_K2_N2_L1_SP14_P3_R06,2,STAGE5_TOEPLITZ_CORRELATED,2,1,1,P3,3,7.9,10.1,0.15,90,0,1,L1_FULLY_COHERENT_BY_CONTRACT,14,14,5,6,145,MC1_BASE_N2_L1_P3_R06,MC1_BASE_N2_L1_P3_R06,430100145,430200145,WHITENED_SEQUENTIAL_BEAMSPACE_EXPECTED_TOTAL_SNR,STAGE8_K2_TANGENT_WHITE_SNR_MONTE_CARLO_AND_CLOSURE_V1,ONE_SYNTHETIC_CPI,ONE_SELECTED_RANGE_DOPPLER_CELL,1,1,0,0,0,7ac5f2ed7f8b920df52a4e1cde4f3ee8f80b69a8208c8d8579b1925f9a445627,7d0fd97dbdfa24a47bda206eee9caf9660e44e262ee956ee5a4107b3d605d3f9,-8.69871807591761,19.7915048583817,14
1021,MC1_K2_N2_L1_SP18_P3_R06,2,STAGE5_TOEPLITZ_CORRELATED,2,1,1,P3,3,7.9,10.1,0.15,90,0,1,L1_FULLY_COHERENT_BY_CONTRACT,18,18,6,6,145,MC1_BASE_N2_L1_P3_R06,MC1_BASE_N2_L1_P3_R06,430100145,430200145,WHITENED_SEQUENTIAL_BEAMSPACE_EXPECTED_TOTAL_SNR,STAGE8_K2_TANGENT_WHITE_SNR_MONTE_CARLO_AND_CLOSURE_V1,ONE_SYNTHETIC_CPI,ONE_SELECTED_RANGE_DOPPLER_CELL,1,1,0,0,0,7ac5f2ed7f8b920df52a4e1cde4f3ee8f80b69a8208c8d8579b1925f9a445627,042a2edc06d65f0f18167dc684cc62a2782fbd9e233d28ff3b86c96ee3dea626,-4.69871807591761,23.7915048583817,17.9999999999998
1022,MC1_K2_N2_L1_SP22_P3_R06,2,STAGE5_TOEPLITZ_CORRELATED,2,1,1,P3,3,7.9,10.1,0.15,90,0,1,L1_FULLY_COHERENT_BY_CONTRACT,22,22,7,6,145,MC1_BASE_N2_L1_P3_R06,MC1_BASE_N2_L1_P3_R06,430100145,430200145,WHITENED_SEQUENTIAL_BEAMSPACE_EXPECTED_TOTAL_SNR,STAGE8_K2_TANGENT_WHITE_SNR_MONTE_CARLO_AND_CLOSURE_V1,ONE_SYNTHETIC_CPI,ONE_SELECTED_RANGE_DOPPLER_CELL,1,1,0,0,0,7ac5f2ed7f8b920df52a4e1cde4f3ee8f80b69a8208c8d8579b1925f9a445627,5a32a9d3f74b660d3d2f4077b3a06332241ccf177eb5b2f3eac93ceba1af16a7,-0.698718075917605,27.7915048583817,21.9999999999994
1023,MC1_K2_N2_L1_SM6_P3_R07,2,STAGE5_TOEPLITZ_CORRELATED,2,1,1,P3,3,7.9,10.1,0.15,90,0,1,L1_FULLY_COHERENT_BY_CONTRACT,-6,-6,1,7,146,MC1_BASE_N2_L1_P3_R07,MC1_BASE_N2_L1_P3_R07,430100146,430200146,WHITENED_SEQUENTIAL_BEAMSPACE_EXPECTED_TOTAL_SNR,STAGE8_K2_TANGENT_WHITE_SNR_MONTE_CARLO_AND_CLOSURE_V1,ONE_SYNTHETIC_CPI,ONE_SELECTED_RANGE_DOPPLER_CELL,1,1,0,0,0,7ac5f2ed7f8b920df52a4e1cde4f3ee8f80b69a8208c8d8579b1925f9a445627,6b6f8e36386e8b4a71d54b074c451c6fdc16160f4aa82610fc1e787deba6c2e5,-28.7071264600292,-0.227145138806059,-5.99999999999975
1024,MC1_K2_N2_L1_SP0_P3_R07,2,STAGE5_TOEPLITZ_CORRELATED,2,1,1,P3,3,7.9,10.1,0.15,90,0,1,L1_FULLY_COHERENT_BY_CONTRACT,0,0,2,7,146,MC1_BASE_N2_L1_P3_R07,MC1_BASE_N2_L1_P3_R07,430100146,430200146,WHITENED_SEQUENTIAL_BEAMSPACE_EXPECTED_TOTAL_SNR,STAGE8_K2_TANGENT_WHITE_SNR_MONTE_CARLO_AND_CLOSURE_V1,ONE_SYNTHETIC_CPI,ONE_SELECTED_RANGE_DOPPLER_CELL,1,1,0,0,0,7ac5f2ed7f8b920df52a4e1cde4f3ee8f80b69a8208c8d8579b1925f9a445627,75bd904b917b66b15be008a02f3ef719de4f3871ae9d3813ecbc85b4c931cd74,-22.7071264600292,5.77285486119394,2.15045025041378e-13
1025,MC1_K2_N2_L1_SP6_P3_R07,2,STAGE5_TOEPLITZ_CORRELATED,2,1,1,P3,3,7.9,10.1,0.15,90,0,1,L1_FULLY_COHERENT_BY_CONTRACT,6,6,3,7,146,MC1_BASE_N2_L1_P3_R07,MC1_BASE_N2_L1_P3_R07,430100146,430200146,WHITENED_SEQUENTIAL_BEAMSPACE_EXPECTED_TOTAL_SNR,STAGE8_K2_TANGENT_WHITE_SNR_MONTE_CARLO_AND_CLOSURE_V1,ONE_SYNTHETIC_CPI,ONE_SELECTED_RANGE_DOPPLER_CELL,1,1,0,0,0,7ac5f2ed7f8b920df52a4e1cde4f3ee8f80b69a8208c8d8579b1925f9a445627,aed5ff521def9dbdecf80bd90a93da6cb731a2e22776c64f2b4041081ad0094b,-16.7071264600292,11.7728548611939,6.00000000000002
1026,MC1_K2_N2_L1_SP10_P3_R07,2,STAGE5_TOEPLITZ_CORRELATED,2,1,1,P3,3,7.9,10.1,0.15,90,0,1,L1_FULLY_COHERENT_BY_CONTRACT,10,10,4,7,146,MC1_BASE_N2_L1_P3_R07,MC1_BASE_N2_L1_P3_R07,430100146,430200146,WHITENED_SEQUENTIAL_BEAMSPACE_EXPECTED_TOTAL_SNR,STAGE8_K2_TANGENT_WHITE_SNR_MONTE_CARLO_AND_CLOSURE_V1,ONE_SYNTHETIC_CPI,ONE_SELECTED_RANGE_DOPPLER_CELL,1,1,0,0,0,7ac5f2ed7f8b920df52a4e1cde4f3ee8f80b69a8208c8d8579b1925f9a445627,3752c4444873b7ea5b01107243b7a4c9c6ff69cb592f60eede2f401b3bbcb122,-12.7071264600292,15.7728548611939,9.99999999999972
1027,MC1_K2_N2_L1_SP14_P3_R07,2,STAGE5_TOEPLITZ_CORRELATED,2,1,1,P3,3,7.9,10.1,0.15,90,0,1,L1_FULLY_COHERENT_BY_CONTRACT,14,14,5,7,146,MC1_BASE_N2_L1_P3_R07,MC1_BASE_N2_L1_P3_R07,430100146,430200146,WHITENED_SEQUENTIAL_BEAMSPACE_EXPECTED_TOTAL_SNR,STAGE8_K2_TANGENT_WHITE_SNR_MONTE_CARLO_AND_CLOSURE_V1,ONE_SYNTHETIC_CPI,ONE_SELECTED_RANGE_DOPPLER_CELL,1,1,0,0,0,7ac5f2ed7f8b920df52a4e1cde4f3ee8f80b69a8208c8d8579b1925f9a445627,45ce690bc3945953b915732f5fefa3c802b12e32a76ce3fb950f747b22a4401d,-8.70712646002918,19.7728548611939,13.9999999999997
1028,MC1_K2_N2_L1_SP18_P3_R07,2,STAGE5_TOEPLITZ_CORRELATED,2,1,1,P3,3,7.9,10.1,0.15,90,0,1,L1_FULLY_COHERENT_BY_CONTRACT,18,18,6,7,146,MC1_BASE_N2_L1_P3_R07,MC1_BASE_N2_L1_P3_R07,430100146,430200146,WHITENED_SEQUENTIAL_BEAMSPACE_EXPECTED_TOTAL_SNR,STAGE8_K2_TANGENT_WHITE_SNR_MONTE_CARLO_AND_CLOSURE_V1,ONE_SYNTHETIC_CPI,ONE_SELECTED_RANGE_DOPPLER_CELL,1,1,0,0,0,7ac5f2ed7f8b920df52a4e1cde4f3ee8f80b69a8208c8d8579b1925f9a445627,d031c21986d22cd6705efc1c12b8a3c8f8bcdcf2c555228d290f92fc10f09ea2,-4.70712646002918,23.7728548611939,18.0000000000001
1029,MC1_K2_N2_L1_SP22_P3_R07,2,STAGE5_TOEPLITZ_CORRELATED,2,1,1,P3,3,7.9,10.1,0.15,90,0,1,L1_FULLY_COHERENT_BY_CONTRACT,22,22,7,7,146,MC1_BASE_N2_L1_P3_R07,MC1_BASE_N2_L1_P3_R07,430100146,430200146,WHITENED_SEQUENTIAL_BEAMSPACE_EXPECTED_TOTAL_SNR,STAGE8_K2_TANGENT_WHITE_SNR_MONTE_CARLO_AND_CLOSURE_V1,ONE_SYNTHETIC_CPI,ONE_SELECTED_RANGE_DOPPLER_CELL,1,1,0,0,0,7ac5f2ed7f8b920df52a4e1cde4f3ee8f80b69a8208c8d8579b1925f9a445627,b464cc3b0b8a7a1ac602eaa8b972caed5e5a86606d9030f6d33b509632f29a7e,-0.707126460029179,27.7728548611939,22
1030,MC1_K2_N2_L1_SM6_P3_R08,2,STAGE5_TOEPLITZ_CORRELATED,2,1,1,P3,3,7.9,10.1,0.15,90,0,1,L1_FULLY_COHERENT_BY_CONTRACT,-6,-6,1,8,147,MC1_BASE_N2_L1_P3_R08,MC1_BASE_N2_L1_P3_R08,430100147,430200147,WHITENED_SEQUENTIAL_BEAMSPACE_EXPECTED_TOTAL_SNR,STAGE8_K2_TANGENT_WHITE_SNR_MONTE_CARLO_AND_CLOSURE_V1,ONE_SYNTHETIC_CPI,ONE_SELECTED_RANGE_DOPPLER_CELL,1,1,0,0,0,7ac5f2ed7f8b920df52a4e1cde4f3ee8f80b69a8208c8d8579b1925f9a445627,42f5346a9b65241fced216670538f7797c42621cce472036618021806b89d4f0,-28.6881523138007,-0.192087172114122,-5.99999999999978
1031,MC1_K2_N2_L1_SP0_P3_R08,2,STAGE5_TOEPLITZ_CORRELATED,2,1,1,P3,3,7.9,10.1,0.15,90,0,1,L1_FULLY_COHERENT_BY_CONTRACT,0,0,2,8,147,MC1_BASE_N2_L1_P3_R08,MC1_BASE_N2_L1_P3_R08,430100147,430200147,WHITENED_SEQUENTIAL_BEAMSPACE_EXPECTED_TOTAL_SNR,STAGE8_K2_TANGENT_WHITE_SNR_MONTE_CARLO_AND_CLOSURE_V1,ONE_SYNTHETIC_CPI,ONE_SELECTED_RANGE_DOPPLER_CELL,1,1,0,0,0,7ac5f2ed7f8b920df52a4e1cde4f3ee8f80b69a8208c8d8579b1925f9a445627,ab472e44453c3e29e2259c73f5345f7053ac95b475e413af49641107dc232ed1,-22.6881523138007,5.80791282788588,-3.88623969020992e-13
1032,MC1_K2_N2_L1_SP6_P3_R08,2,STAGE5_TOEPLITZ_CORRELATED,2,1,1,P3,3,7.9,10.1,0.15,90,0,1,L1_FULLY_COHERENT_BY_CONTRACT,6,6,3,8,147,MC1_BASE_N2_L1_P3_R08,MC1_BASE_N2_L1_P3_R08,430100147,430200147,WHITENED_SEQUENTIAL_BEAMSPACE_EXPECTED_TOTAL_SNR,STAGE8_K2_TANGENT_WHITE_SNR_MONTE_CARLO_AND_CLOSURE_V1,ONE_SYNTHETIC_CPI,ONE_SELECTED_RANGE_DOPPLER_CELL,1,1,0,0,0,7ac5f2ed7f8b920df52a4e1cde4f3ee8f80b69a8208c8d8579b1925f9a445627,1bda2920cb59a13da5500322e9c594cd5dad9d65b6ad593474ed525b3dc2319b,-16.6881523138007,11.8079128278859,6.00000000000043
1033,MC1_K2_N2_L1_SP10_P3_R08,2,STAGE5_TOEPLITZ_CORRELATED,2,1,1,P3,3,7.9,10.1,0.15,90,0,1,L1_FULLY_COHERENT_BY_CONTRACT,10,10,4,8,147,MC1_BASE_N2_L1_P3_R08,MC1_BASE_N2_L1_P3_R08,430100147,430200147,WHITENED_SEQUENTIAL_BEAMSPACE_EXPECTED_TOTAL_SNR,STAGE8_K2_TANGENT_WHITE_SNR_MONTE_CARLO_AND_CLOSURE_V1,ONE_SYNTHETIC_CPI,ONE_SELECTED_RANGE_DOPPLER_CELL,1,1,0,0,0,7ac5f2ed7f8b920df52a4e1cde4f3ee8f80b69a8208c8d8579b1925f9a445627,66719beb3fede6db4b33543fa949db44fcea1860224465db3fc6a67be6214793,-12.6881523138007,15.8079128278859,9.99999999999972
1034,MC1_K2_N2_L1_SP14_P3_R08,2,STAGE5_TOEPLITZ_CORRELATED,2,1,1,P3,3,7.9,10.1,0.15,90,0,1,L1_FULLY_COHERENT_BY_CONTRACT,14,14,5,8,147,MC1_BASE_N2_L1_P3_R08,MC1_BASE_N2_L1_P3_R08,430100147,430200147,WHITENED_SEQUENTIAL_BEAMSPACE_EXPECTED_TOTAL_SNR,STAGE8_K2_TANGENT_WHITE_SNR_MONTE_CARLO_AND_CLOSURE_V1,ONE_SYNTHETIC_CPI,ONE_SELECTED_RANGE_DOPPLER_CELL,1,1,0,0,0,7ac5f2ed7f8b920df52a4e1cde4f3ee8f80b69a8208c8d8579b1925f9a445627,d2ce66911e3ca6b18b102712b3b350e9312cb09aef296469571b04212b71b51d,-8.68815231380071,19.8079128278859,13.9999999999997
1035,MC1_K2_N2_L1_SP18_P3_R08,2,STAGE5_TOEPLITZ_CORRELATED,2,1,1,P3,3,7.9,10.1,0.15,90,0,1,L1_FULLY_COHERENT_BY_CONTRACT,18,18,6,8,147,MC1_BASE_N2_L1_P3_R08,MC1_BASE_N2_L1_P3_R08,430100147,430200147,WHITENED_SEQUENTIAL_BEAMSPACE_EXPECTED_TOTAL_SNR,STAGE8_K2_TANGENT_WHITE_SNR_MONTE_CARLO_AND_CLOSURE_V1,ONE_SYNTHETIC_CPI,ONE_SELECTED_RANGE_DOPPLER_CELL,1,1,0,0,0,7ac5f2ed7f8b920df52a4e1cde4f3ee8f80b69a8208c8d8579b1925f9a445627,a5db5ff99baf4827b1bf1273da16f2abdc05c5193c896722f833e28df85a89ac,-4.68815231380071,23.8079128278859,18.0000000000007
1036,MC1_K2_N2_L1_SP22_P3_R08,2,STAGE5_TOEPLITZ_CORRELATED,2,1,1,P3,3,7.9,10.1,0.15,90,0,1,L1_FULLY_COHERENT_BY_CONTRACT,22,22,7,8,147,MC1_BASE_N2_L1_P3_R08,MC1_BASE_N2_L1_P3_R08,430100147,430200147,WHITENED_SEQUENTIAL_BEAMSPACE_EXPECTED_TOTAL_SNR,STAGE8_K2_TANGENT_WHITE_SNR_MONTE_CARLO_AND_CLOSURE_V1,ONE_SYNTHETIC_CPI,ONE_SELECTED_RANGE_DOPPLER_CELL,1,1,0,0,0,7ac5f2ed7f8b920df52a4e1cde4f3ee8f80b69a8208c8d8579b1925f9a445627,62ab392de69642136ccfd89dd3350d6be470461b1e15142965df33c190335c92,-0.688152313800704,27.8079128278859,21.9999999999992
1037,MC1_K2_N2_L1_SM6_P3_R09,2,STAGE5_TOEPLITZ_CORRELATED,2,1,1,P3,3,7.9,10.1,0.15,90,0,1,L1_FULLY_COHERENT_BY_CONTRACT,-6,-6,1,9,148,MC1_BASE_N2_L1_P3_R09,MC1_BASE_N2_L1_P3_R09,430100148,430200148,WHITENED_SEQUENTIAL_BEAMSPACE_EXPECTED_TOTAL_SNR,STAGE8_K2_TANGENT_WHITE_SNR_MONTE_CARLO_AND_CLOSURE_V1,ONE_SYNTHETIC_CPI,ONE_SELECTED_RANGE_DOPPLER_CELL,1,1,0,0,0,7ac5f2ed7f8b920df52a4e1cde4f3ee8f80b69a8208c8d8579b1925f9a445627,155951343f81963fbab03d73651bdb2c30180656ebbb48176d13a475fa29b885,-28.7029780207224,-0.217335319114264,-6.00000000000057
1038,MC1_K2_N2_L1_SP0_P3_R09,2,STAGE5_TOEPLITZ_CORRELATED,2,1,1,P3,3,7.9,10.1,0.15,90,0,1,L1_FULLY_COHERENT_BY_CONTRACT,0,0,2,9,148,MC1_BASE_N2_L1_P3_R09,MC1_BASE_N2_L1_P3_R09,430100148,430200148,WHITENED_SEQUENTIAL_BEAMSPACE_EXPECTED_TOTAL_SNR,STAGE8_K2_TANGENT_WHITE_SNR_MONTE_CARLO_AND_CLOSURE_V1,ONE_SYNTHETIC_CPI,ONE_SELECTED_RANGE_DOPPLER_CELL,1,1,0,0,0,7ac5f2ed7f8b920df52a4e1cde4f3ee8f80b69a8208c8d8579b1925f9a445627,0445b21c835ade9375e03cfc6ed89804f1eceb50aa89af1cdb6d494e75cbfa67,-22.7029780207224,5.78266468088573,2.85440930099764e-13
1039,MC1_K2_N2_L1_SP6_P3_R09,2,STAGE5_TOEPLITZ_CORRELATED,2,1,1,P3,3,7.9,10.1,0.15,90,0,1,L1_FULLY_COHERENT_BY_CONTRACT,6,6,3,9,148,MC1_BASE_N2_L1_P3_R09,MC1_BASE_N2_L1_P3_R09,430100148,430200148,WHITENED_SEQUENTIAL_BEAMSPACE_EXPECTED_TOTAL_SNR,STAGE8_K2_TANGENT_WHITE_SNR_MONTE_CARLO_AND_CLOSURE_V1,ONE_SYNTHETIC_CPI,ONE_SELECTED_RANGE_DOPPLER_CELL,1,1,0,0,0,7ac5f2ed7f8b920df52a4e1cde4f3ee8f80b69a8208c8d8579b1925f9a445627,f976589774861a059741cacc00f99f7d404404e144e17e6612728e665e90159b,-16.7029780207224,11.7826646808857,5.99999999999998
1040,MC1_K2_N2_L1_SP10_P3_R09,2,STAGE5_TOEPLITZ_CORRELATED,2,1,1,P3,3,7.9,10.1,0.15,90,0,1,L1_FULLY_COHERENT_BY_CONTRACT,10,10,4,9,148,MC1_BASE_N2_L1_P3_R09,MC1_BASE_N2_L1_P3_R09,430100148,430200148,WHITENED_SEQUENTIAL_BEAMSPACE_EXPECTED_TOTAL_SNR,STAGE8_K2_TANGENT_WHITE_SNR_MONTE_CARLO_AND_CLOSURE_V1,ONE_SYNTHETIC_CPI,ONE_SELECTED_RANGE_DOPPLER_CELL,1,1,0,0,0,7ac5f2ed7f8b920df52a4e1cde4f3ee8f80b69a8208c8d8579b1925f9a445627,e976e20c8deebc24351d7e276d5bd645af667814f97a85dee5c348f4abf7852c,-12.7029780207224,15.7826646808857,9.99999999999998
1041,MC1_K2_N2_L1_SP14_P3_R09,2,STAGE5_TOEPLITZ_CORRELATED,2,1,1,P3,3,7.9,10.1,0.15,90,0,1,L1_FULLY_COHERENT_BY_CONTRACT,14,14,5,9,148,MC1_BASE_N2_L1_P3_R09,MC1_BASE_N2_L1_P3_R09,430100148,430200148,WHITENED_SEQUENTIAL_BEAMSPACE_EXPECTED_TOTAL_SNR,STAGE8_K2_TANGENT_WHITE_SNR_MONTE_CARLO_AND_CLOSURE_V1,ONE_SYNTHETIC_CPI,ONE_SELECTED_RANGE_DOPPLER_CELL,1,1,0,0,0,7ac5f2ed7f8b920df52a4e1cde4f3ee8f80b69a8208c8d8579b1925f9a445627,4c77565bca37a5f82fe734cfe745849fc34d35f1c6c42b587572aa7dedb1710e,-8.7029780207224,19.7826646808857,14
1042,MC1_K2_N2_L1_SP18_P3_R09,2,STAGE5_TOEPLITZ_CORRELATED,2,1,1,P3,3,7.9,10.1,0.15,90,0,1,L1_FULLY_COHERENT_BY_CONTRACT,18,18,6,9,148,MC1_BASE_N2_L1_P3_R09,MC1_BASE_N2_L1_P3_R09,430100148,430200148,WHITENED_SEQUENTIAL_BEAMSPACE_EXPECTED_TOTAL_SNR,STAGE8_K2_TANGENT_WHITE_SNR_MONTE_CARLO_AND_CLOSURE_V1,ONE_SYNTHETIC_CPI,ONE_SELECTED_RANGE_DOPPLER_CELL,1,1,0,0,0,7ac5f2ed7f8b920df52a4e1cde4f3ee8f80b69a8208c8d8579b1925f9a445627,a29d58408d63a15e124e3d7efcb19d46d2705325abf91f34e49ed9c59370a451,-4.7029780207224,23.7826646808857,18.0000000000003
1043,MC1_K2_N2_L1_SP22_P3_R09,2,STAGE5_TOEPLITZ_CORRELATED,2,1,1,P3,3,7.9,10.1,0.15,90,0,1,L1_FULLY_COHERENT_BY_CONTRACT,22,22,7,9,148,MC1_BASE_N2_L1_P3_R09,MC1_BASE_N2_L1_P3_R09,430100148,430200148,WHITENED_SEQUENTIAL_BEAMSPACE_EXPECTED_TOTAL_SNR,STAGE8_K2_TANGENT_WHITE_SNR_MONTE_CARLO_AND_CLOSURE_V1,ONE_SYNTHETIC_CPI,ONE_SELECTED_RANGE_DOPPLER_CELL,1,1,0,0,0,7ac5f2ed7f8b920df52a4e1cde4f3ee8f80b69a8208c8d8579b1925f9a445627,7b61fde726f28e00417ed815a178f1845e9669dc573342ed1f3a5e84ab6ebeb0,-0.702978020722397,27.7826646808857,21.9999999999992
1044,MC1_K2_N2_L1_SM6_P3_R10,2,STAGE5_TOEPLITZ_CORRELATED,2,1,1,P3,3,7.9,10.1,0.15,90,0,1,L1_FULLY_COHERENT_BY_CONTRACT,-6,-6,1,10,149,MC1_BASE_N2_L1_P3_R10,MC1_BASE_N2_L1_P3_R10,430100149,430200149,WHITENED_SEQUENTIAL_BEAMSPACE_EXPECTED_TOTAL_SNR,STAGE8_K2_TANGENT_WHITE_SNR_MONTE_CARLO_AND_CLOSURE_V1,ONE_SYNTHETIC_CPI,ONE_SELECTED_RANGE_DOPPLER_CELL,1,1,0,0,0,7ac5f2ed7f8b920df52a4e1cde4f3ee8f80b69a8208c8d8579b1925f9a445627,f94ccb19f7ef2355aea0f9d45352a1acb76b4e9274ff54da89867dcc0e736e6e,-28.6584449776087,-0.191959216155451,-5.99999999999953
1045,MC1_K2_N2_L1_SP0_P3_R10,2,STAGE5_TOEPLITZ_CORRELATED,2,1,1,P3,3,7.9,10.1,0.15,90,0,1,L1_FULLY_COHERENT_BY_CONTRACT,0,0,2,10,149,MC1_BASE_N2_L1_P3_R10,MC1_BASE_N2_L1_P3_R10,430100149,430200149,WHITENED_SEQUENTIAL_BEAMSPACE_EXPECTED_TOTAL_SNR,STAGE8_K2_TANGENT_WHITE_SNR_MONTE_CARLO_AND_CLOSURE_V1,ONE_SYNTHETIC_CPI,ONE_SELECTED_RANGE_DOPPLER_CELL,1,1,0,0,0,7ac5f2ed7f8b920df52a4e1cde4f3ee8f80b69a8208c8d8579b1925f9a445627,09a167f725a3e2d9e7f302256afa3d9e3cf37286a5c2199edd7aad8099b276eb,-22.6584449776087,5.80804078384455,1.66828651713715e-13
1046,MC1_K2_N2_L1_SP6_P3_R10,2,STAGE5_TOEPLITZ_CORRELATED,2,1,1,P3,3,7.9,10.1,0.15,90,0,1,L1_FULLY_COHERENT_BY_CONTRACT,6,6,3,10,149,MC1_BASE_N2_L1_P3_R10,MC1_BASE_N2_L1_P3_R10,430100149,430200149,WHITENED_SEQUENTIAL_BEAMSPACE_EXPECTED_TOTAL_SNR,STAGE8_K2_TANGENT_WHITE_SNR_MONTE_CARLO_AND_CLOSURE_V1,ONE_SYNTHETIC_CPI,ONE_SELECTED_RANGE_DOPPLER_CELL,1,1,0,0,0,7ac5f2ed7f8b920df52a4e1cde4f3ee8f80b69a8208c8d8579b1925f9a445627,9e46608bf954cdc1c3f06c7b7ca197a867e14c9cc62a13f76d18c7f8ce7b4872,-16.6584449776087,11.8080407838446,6.00000000000059
1047,MC1_K2_N2_L1_SP10_P3_R10,2,STAGE5_TOEPLITZ_CORRELATED,2,1,1,P3,3,7.9,10.1,0.15,90,0,1,L1_FULLY_COHERENT_BY_CONTRACT,10,10,4,10,149,MC1_BASE_N2_L1_P3_R10,MC1_BASE_N2_L1_P3_R10,430100149,430200149,WHITENED_SEQUENTIAL_BEAMSPACE_EXPECTED_TOTAL_SNR,STAGE8_K2_TANGENT_WHITE_SNR_MONTE_CARLO_AND_CLOSURE_V1,ONE_SYNTHETIC_CPI,ONE_SELECTED_RANGE_DOPPLER_CELL,1,1,0,0,0,7ac5f2ed7f8b920df52a4e1cde4f3ee8f80b69a8208c8d8579b1925f9a445627,f0a2a8335f5e8135fb6825edbc454dacc638a0e59bccb9454e50e2156466301a,-12.6584449776087,15.8080407838446,10.0000000000005
1048,MC1_K2_N2_L1_SP14_P3_R10,2,STAGE5_TOEPLITZ_CORRELATED,2,1,1,P3,3,7.9,10.1,0.15,90,0,1,L1_FULLY_COHERENT_BY_CONTRACT,14,14,5,10,149,MC1_BASE_N2_L1_P3_R10,MC1_BASE_N2_L1_P3_R10,430100149,430200149,WHITENED_SEQUENTIAL_BEAMSPACE_EXPECTED_TOTAL_SNR,STAGE8_K2_TANGENT_WHITE_SNR_MONTE_CARLO_AND_CLOSURE_V1,ONE_SYNTHETIC_CPI,ONE_SELECTED_RANGE_DOPPLER_CELL,1,1,0,0,0,7ac5f2ed7f8b920df52a4e1cde4f3ee8f80b69a8208c8d8579b1925f9a445627,d2075db13e71effed90a795d9bfa18bdf2b3a9449a8b92355019c43f645681a2,-8.65844497760875,19.8080407838446,14.0000000000001
1049,MC1_K2_N2_L1_SP18_P3_R10,2,STAGE5_TOEPLITZ_CORRELATED,2,1,1,P3,3,7.9,10.1,0.15,90,0,1,L1_FULLY_COHERENT_BY_CONTRACT,18,18,6,10,149,MC1_BASE_N2_L1_P3_R10,MC1_BASE_N2_L1_P3_R10,430100149,430200149,WHITENED_SEQUENTIAL_BEAMSPACE_EXPECTED_TOTAL_SNR,STAGE8_K2_TANGENT_WHITE_SNR_MONTE_CARLO_AND_CLOSURE_V1,ONE_SYNTHETIC_CPI,ONE_SELECTED_RANGE_DOPPLER_CELL,1,1,0,0,0,7ac5f2ed7f8b920df52a4e1cde4f3ee8f80b69a8208c8d8579b1925f9a445627,179e3ead21c2ae29c00531337dec5cc138576bda1443076327fb9ddc1cc241c9,-4.65844497760875,23.8080407838445,18.0000000000004
1050,MC1_K2_N2_L1_SP22_P3_R10,2,STAGE5_TOEPLITZ_CORRELATED,2,1,1,P3,3,7.9,10.1,0.15,90,0,1,L1_FULLY_COHERENT_BY_CONTRACT,22,22,7,10,149,MC1_BASE_N2_L1_P3_R10,MC1_BASE_N2_L1_P3_R10,430100149,430200149,WHITENED_SEQUENTIAL_BEAMSPACE_EXPECTED_TOTAL_SNR,STAGE8_K2_TANGENT_WHITE_SNR_MONTE_CARLO_AND_CLOSURE_V1,ONE_SYNTHETIC_CPI,ONE_SELECTED_RANGE_DOPPLER_CELL,1,1,0,0,0,7ac5f2ed7f8b920df52a4e1cde4f3ee8f80b69a8208c8d8579b1925f9a445627,7a44b8e9b013deffa9e91db733363e9478d7cc3a9c34f7db84f3349292c02f64,-0.658444977608744,27.8080407838446,22.0000000000004
1051,MC1_K2_N2_L1_SM6_P4_R01,2,STAGE5_TOEPLITZ_CORRELATED,2,1,1,P4,4,8.1,9.95,0.1,135,-6,1,L1_FULLY_COHERENT_BY_CONTRACT,-6,-6,1,1,150,MC1_BASE_N2_L1_P4_R01,MC1_BASE_N2_L1_P4_R01,430100150,430200150,WHITENED_SEQUENTIAL_BEAMSPACE_EXPECTED_TOTAL_SNR,STAGE8_K2_TANGENT_WHITE_SNR_MONTE_CARLO_AND_CLOSURE_V1,ONE_SYNTHETIC_CPI,ONE_SELECTED_RANGE_DOPPLER_CELL,1,1,0,0,0,7ac5f2ed7f8b920df52a4e1cde4f3ee8f80b69a8208c8d8579b1925f9a445627,6819eda0a462a438f24035979caf956eb79a16460c9d831719c8e963e0f54505,-28.6506317273447,-0.151515007012488,-5.99999999999861
1052,MC1_K2_N2_L1_SP0_P4_R01,2,STAGE5_TOEPLITZ_CORRELATED,2,1,1,P4,4,8.1,9.95,0.1,135,-6,1,L1_FULLY_COHERENT_BY_CONTRACT,0,0,2,1,150,MC1_BASE_N2_L1_P4_R01,MC1_BASE_N2_L1_P4_R01,430100150,430200150,WHITENED_SEQUENTIAL_BEAMSPACE_EXPECTED_TOTAL_SNR,STAGE8_K2_TANGENT_WHITE_SNR_MONTE_CARLO_AND_CLOSURE_V1,ONE_SYNTHETIC_CPI,ONE_SELECTED_RANGE_DOPPLER_CELL,1,1,0,0,0,7ac5f2ed7f8b920df52a4e1cde4f3ee8f80b69a8208c8d8579b1925f9a445627,ea0d31f2c803d34347d076f1da6a5ab4c1be166ecd47c2cf12ad5566902ceb1d,-22.6506317273447,5.84848499298751,3.43300578092957e-13
1053,MC1_K2_N2_L1_SP6_P4_R01,2,STAGE5_TOEPLITZ_CORRELATED,2,1,1,P4,4,8.1,9.95,0.1,135,-6,1,L1_FULLY_COHERENT_BY_CONTRACT,6,6,3,1,150,MC1_BASE_N2_L1_P4_R01,MC1_BASE_N2_L1_P4_R01,430100150,430200150,WHITENED_SEQUENTIAL_BEAMSPACE_EXPECTED_TOTAL_SNR,STAGE8_K2_TANGENT_WHITE_SNR_MONTE_CARLO_AND_CLOSURE_V1,ONE_SYNTHETIC_CPI,ONE_SELECTED_RANGE_DOPPLER_CELL,1,1,0,0,0,7ac5f2ed7f8b920df52a4e1cde4f3ee8f80b69a8208c8d8579b1925f9a445627,925a838176374f6925a5d1c46f8f760b41f429f2579d950d1b39a46798d549be,-16.6506317273447,11.8484849929875,6.00000000000111
1054,MC1_K2_N2_L1_SP10_P4_R01,2,STAGE5_TOEPLITZ_CORRELATED,2,1,1,P4,4,8.1,9.95,0.1,135,-6,1,L1_FULLY_COHERENT_BY_CONTRACT,10,10,4,1,150,MC1_BASE_N2_L1_P4_R01,MC1_BASE_N2_L1_P4_R01,430100150,430200150,WHITENED_SEQUENTIAL_BEAMSPACE_EXPECTED_TOTAL_SNR,STAGE8_K2_TANGENT_WHITE_SNR_MONTE_CARLO_AND_CLOSURE_V1,ONE_SYNTHETIC_CPI,ONE_SELECTED_RANGE_DOPPLER_CELL,1,1,0,0,0,7ac5f2ed7f8b920df52a4e1cde4f3ee8f80b69a8208c8d8579b1925f9a445627,c7c4d2f7a0b763d33a7dfbd40e325c06096b27201683dd6e9da8ab5cd5b13fbc,-12.6506317273447,15.8484849929875,9.99999999999977
1055,MC1_K2_N2_L1_SP14_P4_R01,2,STAGE5_TOEPLITZ_CORRELATED,2,1,1,P4,4,8.1,9.95,0.1,135,-6,1,L1_FULLY_COHERENT_BY_CONTRACT,14,14,5,1,150,MC1_BASE_N2_L1_P4_R01,MC1_BASE_N2_L1_P4_R01,430100150,430200150,WHITENED_SEQUENTIAL_BEAMSPACE_EXPECTED_TOTAL_SNR,STAGE8_K2_TANGENT_WHITE_SNR_MONTE_CARLO_AND_CLOSURE_V1,ONE_SYNTHETIC_CPI,ONE_SELECTED_RANGE_DOPPLER_CELL,1,1,0,0,0,7ac5f2ed7f8b920df52a4e1cde4f3ee8f80b69a8208c8d8579b1925f9a445627,73b73a243139bdca025a806c78f7e9bfcf0c6cd9ff6c6aa02e63aea834388a76,-8.65063172734467,19.8484849929875,14.000000000001
1056,MC1_K2_N2_L1_SP18_P4_R01,2,STAGE5_TOEPLITZ_CORRELATED,2,1,1,P4,4,8.1,9.95,0.1,135,-6,1,L1_FULLY_COHERENT_BY_CONTRACT,18,18,6,1,150,MC1_BASE_N2_L1_P4_R01,MC1_BASE_N2_L1_P4_R01,430100150,430200150,WHITENED_SEQUENTIAL_BEAMSPACE_EXPECTED_TOTAL_SNR,STAGE8_K2_TANGENT_WHITE_SNR_MONTE_CARLO_AND_CLOSURE_V1,ONE_SYNTHETIC_CPI,ONE_SELECTED_RANGE_DOPPLER_CELL,1,1,0,0,0,7ac5f2ed7f8b920df52a4e1cde4f3ee8f80b69a8208c8d8579b1925f9a445627,6fa07c44005a8d402181deebbc9eea40f3fb4fd2b906d4e63e7c4e36b84aa203,-4.65063172734467,23.8484849929875,17.9999999999998
1057,MC1_K2_N2_L1_SP22_P4_R01,2,STAGE5_TOEPLITZ_CORRELATED,2,1,1,P4,4,8.1,9.95,0.1,135,-6,1,L1_FULLY_COHERENT_BY_CONTRACT,22,22,7,1,150,MC1_BASE_N2_L1_P4_R01,MC1_BASE_N2_L1_P4_R01,430100150,430200150,WHITENED_SEQUENTIAL_BEAMSPACE_EXPECTED_TOTAL_SNR,STAGE8_K2_TANGENT_WHITE_SNR_MONTE_CARLO_AND_CLOSURE_V1,ONE_SYNTHETIC_CPI,ONE_SELECTED_RANGE_DOPPLER_CELL,1,1,0,0,0,7ac5f2ed7f8b920df52a4e1cde4f3ee8f80b69a8208c8d8579b1925f9a445627,295cedd56c459af0711069d1b46773071dba254168cb0b151e675b4d9d7745ec,-0.650631727344667,27.8484849929875,21.9999999999999
1058,MC1_K2_N2_L1_SM6_P4_R02,2,STAGE5_TOEPLITZ_CORRELATED,2,1,1,P4,4,8.1,9.95,0.1,135,-6,1,L1_FULLY_COHERENT_BY_CONTRACT,-6,-6,1,2,151,MC1_BASE_N2_L1_P4_R02,MC1_BASE_N2_L1_P4_R02,430100151,430200151,WHITENED_SEQUENTIAL_BEAMSPACE_EXPECTED_TOTAL_SNR,STAGE8_K2_TANGENT_WHITE_SNR_MONTE_CARLO_AND_CLOSURE_V1,ONE_SYNTHETIC_CPI,ONE_SELECTED_RANGE_DOPPLER_CELL,1,1,0,0,0,7ac5f2ed7f8b920df52a4e1cde4f3ee8f80b69a8208c8d8579b1925f9a445627,08b03d0a5660d0670c50b7a04f05cfe0f5d4ae92b2cacf017ec56454d2207e11,-28.6324084964094,-0.142874487224431,-5.99999999999977
1059,MC1_K2_N2_L1_SP0_P4_R02,2,STAGE5_TOEPLITZ_CORRELATED,2,1,1,P4,4,8.1,9.95,0.1,135,-6,1,L1_FULLY_COHERENT_BY_CONTRACT,0,0,2,2,151,MC1_BASE_N2_L1_P4_R02,MC1_BASE_N2_L1_P4_R02,430100151,430200151,WHITENED_SEQUENTIAL_BEAMSPACE_EXPECTED_TOTAL_SNR,STAGE8_K2_TANGENT_WHITE_SNR_MONTE_CARLO_AND_CLOSURE_V1,ONE_SYNTHETIC_CPI,ONE_SELECTED_RANGE_DOPPLER_CELL,1,1,0,0,0,7ac5f2ed7f8b920df52a4e1cde4f3ee8f80b69a8208c8d8579b1925f9a445627,ae3152f1f84bf026f68b6cd8b8ce6b2bcf80a4ace7f6f1ebf08efc2c353e4955,-22.6324084964094,5.85712551277557,-7.18423962582205e-14
1060,MC1_K2_N2_L1_SP6_P4_R02,2,STAGE5_TOEPLITZ_CORRELATED,2,1,1,P4,4,8.1,9.95,0.1,135,-6,1,L1_FULLY_COHERENT_BY_CONTRACT,6,6,3,2,151,MC1_BASE_N2_L1_P4_R02,MC1_BASE_N2_L1_P4_R02,430100151,430200151,WHITENED_SEQUENTIAL_BEAMSPACE_EXPECTED_TOTAL_SNR,STAGE8_K2_TANGENT_WHITE_SNR_MONTE_CARLO_AND_CLOSURE_V1,ONE_SYNTHETIC_CPI,ONE_SELECTED_RANGE_DOPPLER_CELL,1,1,0,0,0,7ac5f2ed7f8b920df52a4e1cde4f3ee8f80b69a8208c8d8579b1925f9a445627,099344651d5e23e8ca02a5f9f82ae37f74aa58c746926e8463f284fb3caa55ce,-16.6324084964094,11.8571255127756,6.00000000000068
1061,MC1_K2_N2_L1_SP10_P4_R02,2,STAGE5_TOEPLITZ_CORRELATED,2,1,1,P4,4,8.1,9.95,0.1,135,-6,1,L1_FULLY_COHERENT_BY_CONTRACT,10,10,4,2,151,MC1_BASE_N2_L1_P4_R02,MC1_BASE_N2_L1_P4_R02,430100151,430200151,WHITENED_SEQUENTIAL_BEAMSPACE_EXPECTED_TOTAL_SNR,STAGE8_K2_TANGENT_WHITE_SNR_MONTE_CARLO_AND_CLOSURE_V1,ONE_SYNTHETIC_CPI,ONE_SELECTED_RANGE_DOPPLER_CELL,1,1,0,0,0,7ac5f2ed7f8b920df52a4e1cde4f3ee8f80b69a8208c8d8579b1925f9a445627,d262d6982e00502ea7d3a8af4931483577e2a7687e78f5227d7e525778a89713,-12.6324084964094,15.8571255127756,9.99999999999957
1062,MC1_K2_N2_L1_SP14_P4_R02,2,STAGE5_TOEPLITZ_CORRELATED,2,1,1,P4,4,8.1,9.95,0.1,135,-6,1,L1_FULLY_COHERENT_BY_CONTRACT,14,14,5,2,151,MC1_BASE_N2_L1_P4_R02,MC1_BASE_N2_L1_P4_R02,430100151,430200151,WHITENED_SEQUENTIAL_BEAMSPACE_EXPECTED_TOTAL_SNR,STAGE8_K2_TANGENT_WHITE_SNR_MONTE_CARLO_AND_CLOSURE_V1,ONE_SYNTHETIC_CPI,ONE_SELECTED_RANGE_DOPPLER_CELL,1,1,0,0,0,7ac5f2ed7f8b920df52a4e1cde4f3ee8f80b69a8208c8d8579b1925f9a445627,24a0b1c71b974003fe1e9b442cc183270ac2c921b656b82c5189a621e647e06f,-8.63240849640943,19.8571255127756,14.0000000000007
1063,MC1_K2_N2_L1_SP18_P4_R02,2,STAGE5_TOEPLITZ_CORRELATED,2,1,1,P4,4,8.1,9.95,0.1,135,-6,1,L1_FULLY_COHERENT_BY_CONTRACT,18,18,6,2,151,MC1_BASE_N2_L1_P4_R02,MC1_BASE_N2_L1_P4_R02,430100151,430200151,WHITENED_SEQUENTIAL_BEAMSPACE_EXPECTED_TOTAL_SNR,STAGE8_K2_TANGENT_WHITE_SNR_MONTE_CARLO_AND_CLOSURE_V1,ONE_SYNTHETIC_CPI,ONE_SELECTED_RANGE_DOPPLER_CELL,1,1,0,0,0,7ac5f2ed7f8b920df52a4e1cde4f3ee8f80b69a8208c8d8579b1925f9a445627,0bd272f39b2b97a82db5c2da4e5346d24b04eb53771a431aac04e7684e4753c1,-4.63240849640943,23.8571255127756,17.9999999999999
1064,MC1_K2_N2_L1_SP22_P4_R02,2,STAGE5_TOEPLITZ_CORRELATED,2,1,1,P4,4,8.1,9.95,0.1,135,-6,1,L1_FULLY_COHERENT_BY_CONTRACT,22,22,7,2,151,MC1_BASE_N2_L1_P4_R02,MC1_BASE_N2_L1_P4_R02,430100151,430200151,WHITENED_SEQUENTIAL_BEAMSPACE_EXPECTED_TOTAL_SNR,STAGE8_K2_TANGENT_WHITE_SNR_MONTE_CARLO_AND_CLOSURE_V1,ONE_SYNTHETIC_CPI,ONE_SELECTED_RANGE_DOPPLER_CELL,1,1,0,0,0,7ac5f2ed7f8b920df52a4e1cde4f3ee8f80b69a8208c8d8579b1925f9a445627,deadefdf2dfddb8f9764587061fdcab6c02dc4d6d48c353ceb1d955dac5ec2da,-0.632408496409427,27.8571255127756,21.9999999999992
1065,MC1_K2_N2_L1_SM6_P4_R03,2,STAGE5_TOEPLITZ_CORRELATED,2,1,1,P4,4,8.1,9.95,0.1,135,-6,1,L1_FULLY_COHERENT_BY_CONTRACT,-6,-6,1,3,152,MC1_BASE_N2_L1_P4_R03,MC1_BASE_N2_L1_P4_R03,430100152,430200152,WHITENED_SEQUENTIAL_BEAMSPACE_EXPECTED_TOTAL_SNR,STAGE8_K2_TANGENT_WHITE_SNR_MONTE_CARLO_AND_CLOSURE_V1,ONE_SYNTHETIC_CPI,ONE_SELECTED_RANGE_DOPPLER_CELL,1,1,0,0,0,7ac5f2ed7f8b920df52a4e1cde4f3ee8f80b69a8208c8d8579b1925f9a445627,1601173eb4547935e63c0b38f2b704f547a723dde2addf2e61c4b9f86391e289,-28.6502877166854,-0.150844450494611,-6.00000000000046
1066,MC1_K2_N2_L1_SP0_P4_R03,2,STAGE5_TOEPLITZ_CORRELATED,2,1,1,P4,4,8.1,9.95,0.1,135,-6,1,L1_FULLY_COHERENT_BY_CONTRACT,0,0,2,3,152,MC1_BASE_N2_L1_P4_R03,MC1_BASE_N2_L1_P4_R03,430100152,430200152,WHITENED_SEQUENTIAL_BEAMSPACE_EXPECTED_TOTAL_SNR,STAGE8_K2_TANGENT_WHITE_SNR_MONTE_CARLO_AND_CLOSURE_V1,ONE_SYNTHETIC_CPI,ONE_SELECTED_RANGE_DOPPLER_CELL,1,1,0,0,0,7ac5f2ed7f8b920df52a4e1cde4f3ee8f80b69a8208c8d8579b1925f9a445627,59ba0922f75e9d4a09afea3aa1252c529e0e7cbaa4712e81ffd61220465893e1,-22.6502877166854,5.84915554950538,1.10897658653627e-13
1067,MC1_K2_N2_L1_SP6_P4_R03,2,STAGE5_TOEPLITZ_CORRELATED,2,1,1,P4,4,8.1,9.95,0.1,135,-6,1,L1_FULLY_COHERENT_BY_CONTRACT,6,6,3,3,152,MC1_BASE_N2_L1_P4_R03,MC1_BASE_N2_L1_P4_R03,430100152,430200152,WHITENED_SEQUENTIAL_BEAMSPACE_EXPECTED_TOTAL_SNR,STAGE8_K2_TANGENT_WHITE_SNR_MONTE_CARLO_AND_CLOSURE_V1,ONE_SYNTHETIC_CPI,ONE_SELECTED_RANGE_DOPPLER_CELL,1,1,0,0,0,7ac5f2ed7f8b920df52a4e1cde4f3ee8f80b69a8208c8d8579b1925f9a445627,da997080e7e4050249f4944427daeefae06e83325d2f726f2700d2cd6c327ff0,-16.6502877166854,11.8491555495054,5.99999999999927
1068,MC1_K2_N2_L1_SP10_P4_R03,2,STAGE5_TOEPLITZ_CORRELATED,2,1,1,P4,4,8.1,9.95,0.1,135,-6,1,L1_FULLY_COHERENT_BY_CONTRACT,10,10,4,3,152,MC1_BASE_N2_L1_P4_R03,MC1_BASE_N2_L1_P4_R03,430100152,430200152,WHITENED_SEQUENTIAL_BEAMSPACE_EXPECTED_TOTAL_SNR,STAGE8_K2_TANGENT_WHITE_SNR_MONTE_CARLO_AND_CLOSURE_V1,ONE_SYNTHETIC_CPI,ONE_SELECTED_RANGE_DOPPLER_CELL,1,1,0,0,0,7ac5f2ed7f8b920df52a4e1cde4f3ee8f80b69a8208c8d8579b1925f9a445627,86779f2cebb0a7c5e69a7d7e9ada7d9675b0b8a78d8aa5ce02bc88228724a2df,-12.6502877166854,15.8491555495054,9.99999999999988
1069,MC1_K2_N2_L1_SP14_P4_R03,2,STAGE5_TOEPLITZ_CORRELATED,2,1,1,P4,4,8.1,9.95,0.1,135,-6,1,L1_FULLY_COHERENT_BY_CONTRACT,14,14,5,3,152,MC1_BASE_N2_L1_P4_R03,MC1_BASE_N2_L1_P4_R03,430100152,430200152,WHITENED_SEQUENTIAL_BEAMSPACE_EXPECTED_TOTAL_SNR,STAGE8_K2_TANGENT_WHITE_SNR_MONTE_CARLO_AND_CLOSURE_V1,ONE_SYNTHETIC_CPI,ONE_SELECTED_RANGE_DOPPLER_CELL,1,1,0,0,0,7ac5f2ed7f8b920df52a4e1cde4f3ee8f80b69a8208c8d8579b1925f9a445627,4d13127b4475176c1a59600fade610371e8f3c733258d45c6160f7c50ac6d4aa,-8.65028771668545,19.8491555495054,13.9999999999988
1070,MC1_K2_N2_L1_SP18_P4_R03,2,STAGE5_TOEPLITZ_CORRELATED,2,1,1,P4,4,8.1,9.95,0.1,135,-6,1,L1_FULLY_COHERENT_BY_CONTRACT,18,18,6,3,152,MC1_BASE_N2_L1_P4_R03,MC1_BASE_N2_L1_P4_R03,430100152,430200152,WHITENED_SEQUENTIAL_BEAMSPACE_EXPECTED_TOTAL_SNR,STAGE8_K2_TANGENT_WHITE_SNR_MONTE_CARLO_AND_CLOSURE_V1,ONE_SYNTHETIC_CPI,ONE_SELECTED_RANGE_DOPPLER_CELL,1,1,0,0,0,7ac5f2ed7f8b920df52a4e1cde4f3ee8f80b69a8208c8d8579b1925f9a445627,28ddfdcd1092a487b9be2a0298da4a2492eef68fba5b3461dc44e2180a3038bd,-4.65028771668545,23.8491555495054,18.0000000000002
1071,MC1_K2_N2_L1_SP22_P4_R03,2,STAGE5_TOEPLITZ_CORRELATED,2,1,1,P4,4,8.1,9.95,0.1,135,-6,1,L1_FULLY_COHERENT_BY_CONTRACT,22,22,7,3,152,MC1_BASE_N2_L1_P4_R03,MC1_BASE_N2_L1_P4_R03,430100152,430200152,WHITENED_SEQUENTIAL_BEAMSPACE_EXPECTED_TOTAL_SNR,STAGE8_K2_TANGENT_WHITE_SNR_MONTE_CARLO_AND_CLOSURE_V1,ONE_SYNTHETIC_CPI,ONE_SELECTED_RANGE_DOPPLER_CELL,1,1,0,0,0,7ac5f2ed7f8b920df52a4e1cde4f3ee8f80b69a8208c8d8579b1925f9a445627,7ff3bfaaf98cde2578b8774bfda105e25419900b54ccfa171149ca5bddbb0ce6,-0.650287716685445,27.8491555495054,22.0000000000009
1072,MC1_K2_N2_L1_SM6_P4_R04,2,STAGE5_TOEPLITZ_CORRELATED,2,1,1,P4,4,8.1,9.95,0.1,135,-6,1,L1_FULLY_COHERENT_BY_CONTRACT,-6,-6,1,4,153,MC1_BASE_N2_L1_P4_R04,MC1_BASE_N2_L1_P4_R04,430100153,430200153,WHITENED_SEQUENTIAL_BEAMSPACE_EXPECTED_TOTAL_SNR,STAGE8_K2_TANGENT_WHITE_SNR_MONTE_CARLO_AND_CLOSURE_V1,ONE_SYNTHETIC_CPI,ONE_SELECTED_RANGE_DOPPLER_CELL,1,1,0,0,0,7ac5f2ed7f8b920df52a4e1cde4f3ee8f80b69a8208c8d8579b1925f9a445627,c7d0d9672c60224e9934a18baf52a288c63c094a13af4d3d7a9b2f4d3f36d990,-28.6481163929526,-0.147286543166974,-6.00000000000029
1073,MC1_K2_N2_L1_SP0_P4_R04,2,STAGE5_TOEPLITZ_CORRELATED,2,1,1,P4,4,8.1,9.95,0.1,135,-6,1,L1_FULLY_COHERENT_BY_CONTRACT,0,0,2,4,153,MC1_BASE_N2_L1_P4_R04,MC1_BASE_N2_L1_P4_R04,430100153,430200153,WHITENED_SEQUENTIAL_BEAMSPACE_EXPECTED_TOTAL_SNR,STAGE8_K2_TANGENT_WHITE_SNR_MONTE_CARLO_AND_CLOSURE_V1,ONE_SYNTHETIC_CPI,ONE_SELECTED_RANGE_DOPPLER_CELL,1,1,0,0,0,7ac5f2ed7f8b920df52a4e1cde4f3ee8f80b69a8208c8d8579b1925f9a445627,8ebc748ec0a23bf42d87d3edd9ad10fefbc4c9ee7eeb052c3374dc4df393ac9b,-22.6481163929526,5.85271345683303,8.80430976963062e-13
1074,MC1_K2_N2_L1_SP6_P4_R04,2,STAGE5_TOEPLITZ_CORRELATED,2,1,1,P4,4,8.1,9.95,0.1,135,-6,1,L1_FULLY_COHERENT_BY_CONTRACT,6,6,3,4,153,MC1_BASE_N2_L1_P4_R04,MC1_BASE_N2_L1_P4_R04,430100153,430200153,WHITENED_SEQUENTIAL_BEAMSPACE_EXPECTED_TOTAL_SNR,STAGE8_K2_TANGENT_WHITE_SNR_MONTE_CARLO_AND_CLOSURE_V1,ONE_SYNTHETIC_CPI,ONE_SELECTED_RANGE_DOPPLER_CELL,1,1,0,0,0,7ac5f2ed7f8b920df52a4e1cde4f3ee8f80b69a8208c8d8579b1925f9a445627,dc9fd5bc13d8219b11136b033237271f0a903e323f8dd23bfb238e6527b40077,-16.6481163929526,11.852713456833,6.00000000000106
1075,MC1_K2_N2_L1_SP10_P4_R04,2,STAGE5_TOEPLITZ_CORRELATED,2,1,1,P4,4,8.1,9.95,0.1,135,-6,1,L1_FULLY_COHERENT_BY_CONTRACT,10,10,4,4,153,MC1_BASE_N2_L1_P4_R04,MC1_BASE_N2_L1_P4_R04,430100153,430200153,WHITENED_SEQUENTIAL_BEAMSPACE_EXPECTED_TOTAL_SNR,STAGE8_K2_TANGENT_WHITE_SNR_MONTE_CARLO_AND_CLOSURE_V1,ONE_SYNTHETIC_CPI,ONE_SELECTED_RANGE_DOPPLER_CELL,1,1,0,0,0,7ac5f2ed7f8b920df52a4e1cde4f3ee8f80b69a8208c8d8579b1925f9a445627,d038967f806e62ab780898f25f58e9366825f696cdde1cd41aba2639e07e7c9b,-12.6481163929526,15.852713456833,10.0000000000002
1076,MC1_K2_N2_L1_SP14_P4_R04,2,STAGE5_TOEPLITZ_CORRELATED,2,1,1,P4,4,8.1,9.95,0.1,135,-6,1,L1_FULLY_COHERENT_BY_CONTRACT,14,14,5,4,153,MC1_BASE_N2_L1_P4_R04,MC1_BASE_N2_L1_P4_R04,430100153,430200153,WHITENED_SEQUENTIAL_BEAMSPACE_EXPECTED_TOTAL_SNR,STAGE8_K2_TANGENT_WHITE_SNR_MONTE_CARLO_AND_CLOSURE_V1,ONE_SYNTHETIC_CPI,ONE_SELECTED_RANGE_DOPPLER_CELL,1,1,0,0,0,7ac5f2ed7f8b920df52a4e1cde4f3ee8f80b69a8208c8d8579b1925f9a445627,5f9fb9c887962c88d56a6d3677e5896d8a5294422d7d2593e6957d18065a6050,-8.64811639295256,19.852713456833,14.0000000000011
1077,MC1_K2_N2_L1_SP18_P4_R04,2,STAGE5_TOEPLITZ_CORRELATED,2,1,1,P4,4,8.1,9.95,0.1,135,-6,1,L1_FULLY_COHERENT_BY_CONTRACT,18,18,6,4,153,MC1_BASE_N2_L1_P4_R04,MC1_BASE_N2_L1_P4_R04,430100153,430200153,WHITENED_SEQUENTIAL_BEAMSPACE_EXPECTED_TOTAL_SNR,STAGE8_K2_TANGENT_WHITE_SNR_MONTE_CARLO_AND_CLOSURE_V1,ONE_SYNTHETIC_CPI,ONE_SELECTED_RANGE_DOPPLER_CELL,1,1,0,0,0,7ac5f2ed7f8b920df52a4e1cde4f3ee8f80b69a8208c8d8579b1925f9a445627,ae43f99e734ad71b63b2113b6086a7bdd8ac4d407f6ccfbaf487790f7e865f37,-4.64811639295255,23.852713456833,18.0000000000009
1078,MC1_K2_N2_L1_SP22_P4_R04,2,STAGE5_TOEPLITZ_CORRELATED,2,1,1,P4,4,8.1,9.95,0.1,135,-6,1,L1_FULLY_COHERENT_BY_CONTRACT,22,22,7,4,153,MC1_BASE_N2_L1_P4_R04,MC1_BASE_N2_L1_P4_R04,430100153,430200153,WHITENED_SEQUENTIAL_BEAMSPACE_EXPECTED_TOTAL_SNR,STAGE8_K2_TANGENT_WHITE_SNR_MONTE_CARLO_AND_CLOSURE_V1,ONE_SYNTHETIC_CPI,ONE_SELECTED_RANGE_DOPPLER_CELL,1,1,0,0,0,7ac5f2ed7f8b920df52a4e1cde4f3ee8f80b69a8208c8d8579b1925f9a445627,d626ceff8c4a70238b99c494d1ed9f8288702d9dffa2f756973cc9559cba4e10,-0.648116392952552,27.852713456833,22.0000000000011
1079,MC1_K2_N2_L1_SM6_P4_R05,2,STAGE5_TOEPLITZ_CORRELATED,2,1,1,P4,4,8.1,9.95,0.1,135,-6,1,L1_FULLY_COHERENT_BY_CONTRACT,-6,-6,1,5,154,MC1_BASE_N2_L1_P4_R05,MC1_BASE_N2_L1_P4_R05,430100154,430200154,WHITENED_SEQUENTIAL_BEAMSPACE_EXPECTED_TOTAL_SNR,STAGE8_K2_TANGENT_WHITE_SNR_MONTE_CARLO_AND_CLOSURE_V1,ONE_SYNTHETIC_CPI,ONE_SELECTED_RANGE_DOPPLER_CELL,1,1,0,0,0,7ac5f2ed7f8b920df52a4e1cde4f3ee8f80b69a8208c8d8579b1925f9a445627,5e085003e7cb71ee7e10fbc46fc95cb81876c8b5f5c284510cc92d3e3de494c3,-28.6475466230976,-0.146516038184561,-5.99999999999888
1080,MC1_K2_N2_L1_SP0_P4_R05,2,STAGE5_TOEPLITZ_CORRELATED,2,1,1,P4,4,8.1,9.95,0.1,135,-6,1,L1_FULLY_COHERENT_BY_CONTRACT,0,0,2,5,154,MC1_BASE_N2_L1_P4_R05,MC1_BASE_N2_L1_P4_R05,430100154,430200154,WHITENED_SEQUENTIAL_BEAMSPACE_EXPECTED_TOTAL_SNR,STAGE8_K2_TANGENT_WHITE_SNR_MONTE_CARLO_AND_CLOSURE_V1,ONE_SYNTHETIC_CPI,ONE_SELECTED_RANGE_DOPPLER_CELL,1,1,0,0,0,7ac5f2ed7f8b920df52a4e1cde4f3ee8f80b69a8208c8d8579b1925f9a445627,ad479ac1f210dda7e8337aca9c7c48ce3d58ef21b7e0750398122f4d04d341a0,-22.6475466230976,5.85348396181544,4.27197067683085e-13
1081,MC1_K2_N2_L1_SP6_P4_R05,2,STAGE5_TOEPLITZ_CORRELATED,2,1,1,P4,4,8.1,9.95,0.1,135,-6,1,L1_FULLY_COHERENT_BY_CONTRACT,6,6,3,5,154,MC1_BASE_N2_L1_P4_R05,MC1_BASE_N2_L1_P4_R05,430100154,430200154,WHITENED_SEQUENTIAL_BEAMSPACE_EXPECTED_TOTAL_SNR,STAGE8_K2_TANGENT_WHITE_SNR_MONTE_CARLO_AND_CLOSURE_V1,ONE_SYNTHETIC_CPI,ONE_SELECTED_RANGE_DOPPLER_CELL,1,1,0,0,0,7ac5f2ed7f8b920df52a4e1cde4f3ee8f80b69a8208c8d8579b1925f9a445627,46746fae69d4b7962bb4c3cbff189cc51e7fe6b8945207dd573a4ea3f32c747d,-16.6475466230976,11.8534839618154,6.00000000000117
1082,MC1_K2_N2_L1_SP10_P4_R05,2,STAGE5_TOEPLITZ_CORRELATED,2,1,1,P4,4,8.1,9.95,0.1,135,-6,1,L1_FULLY_COHERENT_BY_CONTRACT,10,10,4,5,154,MC1_BASE_N2_L1_P4_R05,MC1_BASE_N2_L1_P4_R05,430100154,430200154,WHITENED_SEQUENTIAL_BEAMSPACE_EXPECTED_TOTAL_SNR,STAGE8_K2_TANGENT_WHITE_SNR_MONTE_CARLO_AND_CLOSURE_V1,ONE_SYNTHETIC_CPI,ONE_SELECTED_RANGE_DOPPLER_CELL,1,1,0,0,0,7ac5f2ed7f8b920df52a4e1cde4f3ee8f80b69a8208c8d8579b1925f9a445627,26b56b5b0d3bacadd054a25f1713d25e335c944e47b95ff072ad0d5fe3ed88d4,-12.6475466230976,15.8534839618154,10.0000000000003
1083,MC1_K2_N2_L1_SP14_P4_R05,2,STAGE5_TOEPLITZ_CORRELATED,2,1,1,P4,4,8.1,9.95,0.1,135,-6,1,L1_FULLY_COHERENT_BY_CONTRACT,14,14,5,5,154,MC1_BASE_N2_L1_P4_R05,MC1_BASE_N2_L1_P4_R05,430100154,430200154,WHITENED_SEQUENTIAL_BEAMSPACE_EXPECTED_TOTAL_SNR,STAGE8_K2_TANGENT_WHITE_SNR_MONTE_CARLO_AND_CLOSURE_V1,ONE_SYNTHETIC_CPI,ONE_SELECTED_RANGE_DOPPLER_CELL,1,1,0,0,0,7ac5f2ed7f8b920df52a4e1cde4f3ee8f80b69a8208c8d8579b1925f9a445627,b18a1d54d07d3cfa0dca2605dfcd7e4545f80d3198e7c4246b99e5f812970682,-8.64754662309759,19.8534839618154,14.0000000000006
1084,MC1_K2_N2_L1_SP18_P4_R05,2,STAGE5_TOEPLITZ_CORRELATED,2,1,1,P4,4,8.1,9.95,0.1,135,-6,1,L1_FULLY_COHERENT_BY_CONTRACT,18,18,6,5,154,MC1_BASE_N2_L1_P4_R05,MC1_BASE_N2_L1_P4_R05,430100154,430200154,WHITENED_SEQUENTIAL_BEAMSPACE_EXPECTED_TOTAL_SNR,STAGE8_K2_TANGENT_WHITE_SNR_MONTE_CARLO_AND_CLOSURE_V1,ONE_SYNTHETIC_CPI,ONE_SELECTED_RANGE_DOPPLER_CELL,1,1,0,0,0,7ac5f2ed7f8b920df52a4e1cde4f3ee8f80b69a8208c8d8579b1925f9a445627,9a6a119a89a7fd5c4e0b0aed2bf2123f07c5b9b2be7a5efa9cb7edabd205ed4f,-4.64754662309758,23.8534839618154,18.0000000000011
1085,MC1_K2_N2_L1_SP22_P4_R05,2,STAGE5_TOEPLITZ_CORRELATED,2,1,1,P4,4,8.1,9.95,0.1,135,-6,1,L1_FULLY_COHERENT_BY_CONTRACT,22,22,7,5,154,MC1_BASE_N2_L1_P4_R05,MC1_BASE_N2_L1_P4_R05,430100154,430200154,WHITENED_SEQUENTIAL_BEAMSPACE_EXPECTED_TOTAL_SNR,STAGE8_K2_TANGENT_WHITE_SNR_MONTE_CARLO_AND_CLOSURE_V1,ONE_SYNTHETIC_CPI,ONE_SELECTED_RANGE_DOPPLER_CELL,1,1,0,0,0,7ac5f2ed7f8b920df52a4e1cde4f3ee8f80b69a8208c8d8579b1925f9a445627,8ced5b557d5489e46b19b410f28429b393f879f98cf17ded225aac4b3a514d66,-0.647546623097583,27.8534839618154,22.0000000000009
1086,MC1_K2_N2_L1_SM6_P4_R06,2,STAGE5_TOEPLITZ_CORRELATED,2,1,1,P4,4,8.1,9.95,0.1,135,-6,1,L1_FULLY_COHERENT_BY_CONTRACT,-6,-6,1,6,155,MC1_BASE_N2_L1_P4_R06,MC1_BASE_N2_L1_P4_R06,430100155,430200155,WHITENED_SEQUENTIAL_BEAMSPACE_EXPECTED_TOTAL_SNR,STAGE8_K2_TANGENT_WHITE_SNR_MONTE_CARLO_AND_CLOSURE_V1,ONE_SYNTHETIC_CPI,ONE_SELECTED_RANGE_DOPPLER_CELL,1,1,0,0,0,7ac5f2ed7f8b920df52a4e1cde4f3ee8f80b69a8208c8d8579b1925f9a445627,bd3559659d02fcb5cf4c4f6f2192dc28a1afde98b9208fad8d127ee87d1864c6,-28.6422239630714,-0.141783041861433,-5.99999999999996
1087,MC1_K2_N2_L1_SP0_P4_R06,2,STAGE5_TOEPLITZ_CORRELATED,2,1,1,P4,4,8.1,9.95,0.1,135,-6,1,L1_FULLY_COHERENT_BY_CONTRACT,0,0,2,6,155,MC1_BASE_N2_L1_P4_R06,MC1_BASE_N2_L1_P4_R06,430100155,430200155,WHITENED_SEQUENTIAL_BEAMSPACE_EXPECTED_TOTAL_SNR,STAGE8_K2_TANGENT_WHITE_SNR_MONTE_CARLO_AND_CLOSURE_V1,ONE_SYNTHETIC_CPI,ONE_SELECTED_RANGE_DOPPLER_CELL,1,1,0,0,0,7ac5f2ed7f8b920df52a4e1cde4f3ee8f80b69a8208c8d8579b1925f9a445627,a4d9db5d4d276e2d84b37f5e07ec1f015b9264fcbefec1cfdd27bdc8250120b2,-22.6422239630714,5.85821695813856,-1.99615785576535e-13
1088,MC1_K2_N2_L1_SP6_P4_R06,2,STAGE5_TOEPLITZ_CORRELATED,2,1,1,P4,4,8.1,9.95,0.1,135,-6,1,L1_FULLY_COHERENT_BY_CONTRACT,6,6,3,6,155,MC1_BASE_N2_L1_P4_R06,MC1_BASE_N2_L1_P4_R06,430100155,430200155,WHITENED_SEQUENTIAL_BEAMSPACE_EXPECTED_TOTAL_SNR,STAGE8_K2_TANGENT_WHITE_SNR_MONTE_CARLO_AND_CLOSURE_V1,ONE_SYNTHETIC_CPI,ONE_SELECTED_RANGE_DOPPLER_CELL,1,1,0,0,0,7ac5f2ed7f8b920df52a4e1cde4f3ee8f80b69a8208c8d8579b1925f9a445627,e2af1ebac6683e39086bdbdb6978376f5879f48110e4e6f396dc74b17d8da99c,-16.6422239630714,11.8582169581386,6.00000000000002
1089,MC1_K2_N2_L1_SP10_P4_R06,2,STAGE5_TOEPLITZ_CORRELATED,2,1,1,P4,4,8.1,9.95,0.1,135,-6,1,L1_FULLY_COHERENT_BY_CONTRACT,10,10,4,6,155,MC1_BASE_N2_L1_P4_R06,MC1_BASE_N2_L1_P4_R06,430100155,430200155,WHITENED_SEQUENTIAL_BEAMSPACE_EXPECTED_TOTAL_SNR,STAGE8_K2_TANGENT_WHITE_SNR_MONTE_CARLO_AND_CLOSURE_V1,ONE_SYNTHETIC_CPI,ONE_SELECTED_RANGE_DOPPLER_CELL,1,1,0,0,0,7ac5f2ed7f8b920df52a4e1cde4f3ee8f80b69a8208c8d8579b1925f9a445627,338b7ddb528562dc37f0929416fb911c1638dd2fbdca0ef27f21a7276eec3c3e,-12.6422239630714,15.8582169581386,10.0000000000006
1090,MC1_K2_N2_L1_SP14_P4_R06,2,STAGE5_TOEPLITZ_CORRELATED,2,1,1,P4,4,8.1,9.95,0.1,135,-6,1,L1_FULLY_COHERENT_BY_CONTRACT,14,14,5,6,155,MC1_BASE_N2_L1_P4_R06,MC1_BASE_N2_L1_P4_R06,430100155,430200155,WHITENED_SEQUENTIAL_BEAMSPACE_EXPECTED_TOTAL_SNR,STAGE8_K2_TANGENT_WHITE_SNR_MONTE_CARLO_AND_CLOSURE_V1,ONE_SYNTHETIC_CPI,ONE_SELECTED_RANGE_DOPPLER_CELL,1,1,0,0,0,7ac5f2ed7f8b920df52a4e1cde4f3ee8f80b69a8208c8d8579b1925f9a445627,56d95085bec1dd1eb7eedf2dd47e2bb06da78c5d54ff27d147dabe9e2e4f8ad0,-8.64222396307137,19.8582169581386,13.9999999999991
1091,MC1_K2_N2_L1_SP18_P4_R06,2,STAGE5_TOEPLITZ_CORRELATED,2,1,1,P4,4,8.1,9.95,0.1,135,-6,1,L1_FULLY_COHERENT_BY_CONTRACT,18,18,6,6,155,MC1_BASE_N2_L1_P4_R06,MC1_BASE_N2_L1_P4_R06,430100155,430200155,WHITENED_SEQUENTIAL_BEAMSPACE_EXPECTED_TOTAL_SNR,STAGE8_K2_TANGENT_WHITE_SNR_MONTE_CARLO_AND_CLOSURE_V1,ONE_SYNTHETIC_CPI,ONE_SELECTED_RANGE_DOPPLER_CELL,1,1,0,0,0,7ac5f2ed7f8b920df52a4e1cde4f3ee8f80b69a8208c8d8579b1925f9a445627,ebde105f07b605279749c50680876b3f5354a1dd2127f4e0ec7be261bd0a99d7,-4.64222396307137,23.8582169581386,18.0000000000002
1092,MC1_K2_N2_L1_SP22_P4_R06,2,STAGE5_TOEPLITZ_CORRELATED,2,1,1,P4,4,8.1,9.95,0.1,135,-6,1,L1_FULLY_COHERENT_BY_CONTRACT,22,22,7,6,155,MC1_BASE_N2_L1_P4_R06,MC1_BASE_N2_L1_P4_R06,430100155,430200155,WHITENED_SEQUENTIAL_BEAMSPACE_EXPECTED_TOTAL_SNR,STAGE8_K2_TANGENT_WHITE_SNR_MONTE_CARLO_AND_CLOSURE_V1,ONE_SYNTHETIC_CPI,ONE_SELECTED_RANGE_DOPPLER_CELL,1,1,0,0,0,7ac5f2ed7f8b920df52a4e1cde4f3ee8f80b69a8208c8d8579b1925f9a445627,a733eeb2b4c7a1d804297fc7ea9713650c20dc14cbab2ad48231aa08d372feaf,-0.642223963071366,27.8582169581386,22.0000000000004
1093,MC1_K2_N2_L1_SM6_P4_R07,2,STAGE5_TOEPLITZ_CORRELATED,2,1,1,P4,4,8.1,9.95,0.1,135,-6,1,L1_FULLY_COHERENT_BY_CONTRACT,-6,-6,1,7,156,MC1_BASE_N2_L1_P4_R07,MC1_BASE_N2_L1_P4_R07,430100156,430200156,WHITENED_SEQUENTIAL_BEAMSPACE_EXPECTED_TOTAL_SNR,STAGE8_K2_TANGENT_WHITE_SNR_MONTE_CARLO_AND_CLOSURE_V1,ONE_SYNTHETIC_CPI,ONE_SELECTED_RANGE_DOPPLER_CELL,1,1,0,0,0,7ac5f2ed7f8b920df52a4e1cde4f3ee8f80b69a8208c8d8579b1925f9a445627,0e42f2d895821b0bed9d2f28cd960e8fc43d265ca9bcfc258470ae983164ca00,-28.6255184730497,-0.156268875372357,-5.99999999999983
1094,MC1_K2_N2_L1_SP0_P4_R07,2,STAGE5_TOEPLITZ_CORRELATED,2,1,1,P4,4,8.1,9.95,0.1,135,-6,1,L1_FULLY_COHERENT_BY_CONTRACT,0,0,2,7,156,MC1_BASE_N2_L1_P4_R07,MC1_BASE_N2_L1_P4_R07,430100156,430200156,WHITENED_SEQUENTIAL_BEAMSPACE_EXPECTED_TOTAL_SNR,STAGE8_K2_TANGENT_WHITE_SNR_MONTE_CARLO_AND_CLOSURE_V1,ONE_SYNTHETIC_CPI,ONE_SELECTED_RANGE_DOPPLER_CELL,1,1,0,0,0,7ac5f2ed7f8b920df52a4e1cde4f3ee8f80b69a8208c8d8579b1925f9a445627,e9d5d6f361d56c7c7a61446c1fb515514982a3d4c6aa3840a716cd6d2c77d934,-22.6255184730497,5.84373112462765,2.63261398369039e-13
1095,MC1_K2_N2_L1_SP6_P4_R07,2,STAGE5_TOEPLITZ_CORRELATED,2,1,1,P4,4,8.1,9.95,0.1,135,-6,1,L1_FULLY_COHERENT_BY_CONTRACT,6,6,3,7,156,MC1_BASE_N2_L1_P4_R07,MC1_BASE_N2_L1_P4_R07,430100156,430200156,WHITENED_SEQUENTIAL_BEAMSPACE_EXPECTED_TOTAL_SNR,STAGE8_K2_TANGENT_WHITE_SNR_MONTE_CARLO_AND_CLOSURE_V1,ONE_SYNTHETIC_CPI,ONE_SELECTED_RANGE_DOPPLER_CELL,1,1,0,0,0,7ac5f2ed7f8b920df52a4e1cde4f3ee8f80b69a8208c8d8579b1925f9a445627,d0ccd12ceee853b018ae7600fa8dbeadaa105e8fe73d560ea786f188b9eda95c,-16.6255184730497,11.8437311246276,6.00000000000054
1096,MC1_K2_N2_L1_SP10_P4_R07,2,STAGE5_TOEPLITZ_CORRELATED,2,1,1,P4,4,8.1,9.95,0.1,135,-6,1,L1_FULLY_COHERENT_BY_CONTRACT,10,10,4,7,156,MC1_BASE_N2_L1_P4_R07,MC1_BASE_N2_L1_P4_R07,430100156,430200156,WHITENED_SEQUENTIAL_BEAMSPACE_EXPECTED_TOTAL_SNR,STAGE8_K2_TANGENT_WHITE_SNR_MONTE_CARLO_AND_CLOSURE_V1,ONE_SYNTHETIC_CPI,ONE_SELECTED_RANGE_DOPPLER_CELL,1,1,0,0,0,7ac5f2ed7f8b920df52a4e1cde4f3ee8f80b69a8208c8d8579b1925f9a445627,23ca7d1c98ec9624031d0fce0d434e197ccede582e99aa1c1610a3010c928cf4,-12.6255184730497,15.8437311246276,10.0000000000005
1097,MC1_K2_N2_L1_SP14_P4_R07,2,STAGE5_TOEPLITZ_CORRELATED,2,1,1,P4,4,8.1,9.95,0.1,135,-6,1,L1_FULLY_COHERENT_BY_CONTRACT,14,14,5,7,156,MC1_BASE_N2_L1_P4_R07,MC1_BASE_N2_L1_P4_R07,430100156,430200156,WHITENED_SEQUENTIAL_BEAMSPACE_EXPECTED_TOTAL_SNR,STAGE8_K2_TANGENT_WHITE_SNR_MONTE_CARLO_AND_CLOSURE_V1,ONE_SYNTHETIC_CPI,ONE_SELECTED_RANGE_DOPPLER_CELL,1,1,0,0,0,7ac5f2ed7f8b920df52a4e1cde4f3ee8f80b69a8208c8d8579b1925f9a445627,55a9d8f88108de0a8d7a0853af6715d9c0b69219c11797a01b029290fd344b0b,-8.62551847304973,19.8437311246276,13.9999999999999
1098,MC1_K2_N2_L1_SP18_P4_R07,2,STAGE5_TOEPLITZ_CORRELATED,2,1,1,P4,4,8.1,9.95,0.1,135,-6,1,L1_FULLY_COHERENT_BY_CONTRACT,18,18,6,7,156,MC1_BASE_N2_L1_P4_R07,MC1_BASE_N2_L1_P4_R07,430100156,430200156,WHITENED_SEQUENTIAL_BEAMSPACE_EXPECTED_TOTAL_SNR,STAGE8_K2_TANGENT_WHITE_SNR_MONTE_CARLO_AND_CLOSURE_V1,ONE_SYNTHETIC_CPI,ONE_SELECTED_RANGE_DOPPLER_CELL,1,1,0,0,0,7ac5f2ed7f8b920df52a4e1cde4f3ee8f80b69a8208c8d8579b1925f9a445627,96d687c8bc1709969b67e8ede9dfd7116e493ef059961ccde4d997b3f48a5670,-4.62551847304973,23.8437311246276,18.0000000000011
1099,MC1_K2_N2_L1_SP22_P4_R07,2,STAGE5_TOEPLITZ_CORRELATED,2,1,1,P4,4,8.1,9.95,0.1,135,-6,1,L1_FULLY_COHERENT_BY_CONTRACT,22,22,7,7,156,MC1_BASE_N2_L1_P4_R07,MC1_BASE_N2_L1_P4_R07,430100156,430200156,WHITENED_SEQUENTIAL_BEAMSPACE_EXPECTED_TOTAL_SNR,STAGE8_K2_TANGENT_WHITE_SNR_MONTE_CARLO_AND_CLOSURE_V1,ONE_SYNTHETIC_CPI,ONE_SELECTED_RANGE_DOPPLER_CELL,1,1,0,0,0,7ac5f2ed7f8b920df52a4e1cde4f3ee8f80b69a8208c8d8579b1925f9a445627,a14bc153bb7ebc80feb282268b026b7b37068c99883aaffe1d953d94b5d56b21,-0.625518473049727,27.8437311246276,22.0000000000007
1100,MC1_K2_N2_L1_SM6_P4_R08,2,STAGE5_TOEPLITZ_CORRELATED,2,1,1,P4,4,8.1,9.95,0.1,135,-6,1,L1_FULLY_COHERENT_BY_CONTRACT,-6,-6,1,8,157,MC1_BASE_N2_L1_P4_R08,MC1_BASE_N2_L1_P4_R08,430100157,430200157,WHITENED_SEQUENTIAL_BEAMSPACE_EXPECTED_TOTAL_SNR,STAGE8_K2_TANGENT_WHITE_SNR_MONTE_CARLO_AND_CLOSURE_V1,ONE_SYNTHETIC_CPI,ONE_SELECTED_RANGE_DOPPLER_CELL,1,1,0,0,0,7ac5f2ed7f8b920df52a4e1cde4f3ee8f80b69a8208c8d8579b1925f9a445627,95be5b7ea5aab478fd4caa2f2c9777007a0ec418a731406739776b2d6cdc6f68,-28.6522566114142,-0.155213387535299,-6.00000000000034
1101,MC1_K2_N2_L1_SP0_P4_R08,2,STAGE5_TOEPLITZ_CORRELATED,2,1,1,P4,4,8.1,9.95,0.1,135,-6,1,L1_FULLY_COHERENT_BY_CONTRACT,0,0,2,8,157,MC1_BASE_N2_L1_P4_R08,MC1_BASE_N2_L1_P4_R08,430100157,430200157,WHITENED_SEQUENTIAL_BEAMSPACE_EXPECTED_TOTAL_SNR,STAGE8_K2_TANGENT_WHITE_SNR_MONTE_CARLO_AND_CLOSURE_V1,ONE_SYNTHETIC_CPI,ONE_SELECTED_RANGE_DOPPLER_CELL,1,1,0,0,0,7ac5f2ed7f8b920df52a4e1cde4f3ee8f80b69a8208c8d8579b1925f9a445627,d3720edf669cf739ed7889972a978e9fdcbbc5f1b3b0d9d1e88a7f880e3a75d2,-22.6522566114142,5.84478661246471,1.09065436467163e-12
1102,MC1_K2_N2_L1_SP6_P4_R08,2,STAGE5_TOEPLITZ_CORRELATED,2,1,1,P4,4,8.1,9.95,0.1,135,-6,1,L1_FULLY_COHERENT_BY_CONTRACT,6,6,3,8,157,MC1_BASE_N2_L1_P4_R08,MC1_BASE_N2_L1_P4_R08,430100157,430200157,WHITENED_SEQUENTIAL_BEAMSPACE_EXPECTED_TOTAL_SNR,STAGE8_K2_TANGENT_WHITE_SNR_MONTE_CARLO_AND_CLOSURE_V1,ONE_SYNTHETIC_CPI,ONE_SELECTED_RANGE_DOPPLER_CELL,1,1,0,0,0,7ac5f2ed7f8b920df52a4e1cde4f3ee8f80b69a8208c8d8579b1925f9a445627,ae28e26225432bd103c030f8c568d5294d496f1eae58234833535618516f3149,-16.6522566114142,11.8447866124647,5.99999999999942
1103,MC1_K2_N2_L1_SP10_P4_R08,2,STAGE5_TOEPLITZ_CORRELATED,2,1,1,P4,4,8.1,9.95,0.1,135,-6,1,L1_FULLY_COHERENT_BY_CONTRACT,10,10,4,8,157,MC1_BASE_N2_L1_P4_R08,MC1_BASE_N2_L1_P4_R08,430100157,430200157,WHITENED_SEQUENTIAL_BEAMSPACE_EXPECTED_TOTAL_SNR,STAGE8_K2_TANGENT_WHITE_SNR_MONTE_CARLO_AND_CLOSURE_V1,ONE_SYNTHETIC_CPI,ONE_SELECTED_RANGE_DOPPLER_CELL,1,1,0,0,0,7ac5f2ed7f8b920df52a4e1cde4f3ee8f80b69a8208c8d8579b1925f9a445627,f20e00490f1982f31636a87182c8cff0146e13dacd1c8bdd0c0448e35494c16a,-12.6522566114142,15.8447866124647,10.0000000000001
1104,MC1_K2_N2_L1_SP14_P4_R08,2,STAGE5_TOEPLITZ_CORRELATED,2,1,1,P4,4,8.1,9.95,0.1,135,-6,1,L1_FULLY_COHERENT_BY_CONTRACT,14,14,5,8,157,MC1_BASE_N2_L1_P4_R08,MC1_BASE_N2_L1_P4_R08,430100157,430200157,WHITENED_SEQUENTIAL_BEAMSPACE_EXPECTED_TOTAL_SNR,STAGE8_K2_TANGENT_WHITE_SNR_MONTE_CARLO_AND_CLOSURE_V1,ONE_SYNTHETIC_CPI,ONE_SELECTED_RANGE_DOPPLER_CELL,1,1,0,0,0,7ac5f2ed7f8b920df52a4e1cde4f3ee8f80b69a8208c8d8579b1925f9a445627,62c5be1122adbab7765dd6a3e050fe0ca24fc5eb653f44bda7a44af66b1c6373,-8.65225661141424,19.8447866124647,13.9999999999999
1105,MC1_K2_N2_L1_SP18_P4_R08,2,STAGE5_TOEPLITZ_CORRELATED,2,1,1,P4,4,8.1,9.95,0.1,135,-6,1,L1_FULLY_COHERENT_BY_CONTRACT,18,18,6,8,157,MC1_BASE_N2_L1_P4_R08,MC1_BASE_N2_L1_P4_R08,430100157,430200157,WHITENED_SEQUENTIAL_BEAMSPACE_EXPECTED_TOTAL_SNR,STAGE8_K2_TANGENT_WHITE_SNR_MONTE_CARLO_AND_CLOSURE_V1,ONE_SYNTHETIC_CPI,ONE_SELECTED_RANGE_DOPPLER_CELL,1,1,0,0,0,7ac5f2ed7f8b920df52a4e1cde4f3ee8f80b69a8208c8d8579b1925f9a445627,348bc7965641f6b25c93749330090f484c084f23629e7c8e800c539dc9ee5669,-4.65225661141424,23.8447866124647,18.0000000000004
1106,MC1_K2_N2_L1_SP22_P4_R08,2,STAGE5_TOEPLITZ_CORRELATED,2,1,1,P4,4,8.1,9.95,0.1,135,-6,1,L1_FULLY_COHERENT_BY_CONTRACT,22,22,7,8,157,MC1_BASE_N2_L1_P4_R08,MC1_BASE_N2_L1_P4_R08,430100157,430200157,WHITENED_SEQUENTIAL_BEAMSPACE_EXPECTED_TOTAL_SNR,STAGE8_K2_TANGENT_WHITE_SNR_MONTE_CARLO_AND_CLOSURE_V1,ONE_SYNTHETIC_CPI,ONE_SELECTED_RANGE_DOPPLER_CELL,1,1,0,0,0,7ac5f2ed7f8b920df52a4e1cde4f3ee8f80b69a8208c8d8579b1925f9a445627,82de2364827132cb8c35d088c8dd47b016c9866d77e2b7f76db482d4839c62c4,-0.652256611414241,27.8447866124647,21.9999999999991
1107,MC1_K2_N2_L1_SM6_P4_R09,2,STAGE5_TOEPLITZ_CORRELATED,2,1,1,P4,4,8.1,9.95,0.1,135,-6,1,L1_FULLY_COHERENT_BY_CONTRACT,-6,-6,1,9,158,MC1_BASE_N2_L1_P4_R09,MC1_BASE_N2_L1_P4_R09,430100158,430200158,WHITENED_SEQUENTIAL_BEAMSPACE_EXPECTED_TOTAL_SNR,STAGE8_K2_TANGENT_WHITE_SNR_MONTE_CARLO_AND_CLOSURE_V1,ONE_SYNTHETIC_CPI,ONE_SELECTED_RANGE_DOPPLER_CELL,1,1,0,0,0,7ac5f2ed7f8b920df52a4e1cde4f3ee8f80b69a8208c8d8579b1925f9a445627,9b2150ebfaa024c1116218125e80d0d3cbff42f4b32432a0dbad7833ce3e974c,-28.6523274514648,-0.155398684023244,-6.00000000000134
1108,MC1_K2_N2_L1_SP0_P4_R09,2,STAGE5_TOEPLITZ_CORRELATED,2,1,1,P4,4,8.1,9.95,0.1,135,-6,1,L1_FULLY_COHERENT_BY_CONTRACT,0,0,2,9,158,MC1_BASE_N2_L1_P4_R09,MC1_BASE_N2_L1_P4_R09,430100158,430200158,WHITENED_SEQUENTIAL_BEAMSPACE_EXPECTED_TOTAL_SNR,STAGE8_K2_TANGENT_WHITE_SNR_MONTE_CARLO_AND_CLOSURE_V1,ONE_SYNTHETIC_CPI,ONE_SELECTED_RANGE_DOPPLER_CELL,1,1,0,0,0,7ac5f2ed7f8b920df52a4e1cde4f3ee8f80b69a8208c8d8579b1925f9a445627,a131a710be0fa968877faf27a72fa00626dce1540de0c6ae63db15bec940e9e2,-22.6523274514648,5.84460131597676,-2.17648709201131e-12
1109,MC1_K2_N2_L1_SP6_P4_R09,2,STAGE5_TOEPLITZ_CORRELATED,2,1,1,P4,4,8.1,9.95,0.1,135,-6,1,L1_FULLY_COHERENT_BY_CONTRACT,6,6,3,9,158,MC1_BASE_N2_L1_P4_R09,MC1_BASE_N2_L1_P4_R09,430100158,430200158,WHITENED_SEQUENTIAL_BEAMSPACE_EXPECTED_TOTAL_SNR,STAGE8_K2_TANGENT_WHITE_SNR_MONTE_CARLO_AND_CLOSURE_V1,ONE_SYNTHETIC_CPI,ONE_SELECTED_RANGE_DOPPLER_CELL,1,1,0,0,0,7ac5f2ed7f8b920df52a4e1cde4f3ee8f80b69a8208c8d8579b1925f9a445627,32f11e7c048c182fbfcbab185c33754aa7dd482517fed5aa6774b3a83f582950,-16.6523274514648,11.8446013159768,5.99999999999813
1110,MC1_K2_N2_L1_SP10_P4_R09,2,STAGE5_TOEPLITZ_CORRELATED,2,1,1,P4,4,8.1,9.95,0.1,135,-6,1,L1_FULLY_COHERENT_BY_CONTRACT,10,10,4,9,158,MC1_BASE_N2_L1_P4_R09,MC1_BASE_N2_L1_P4_R09,430100158,430200158,WHITENED_SEQUENTIAL_BEAMSPACE_EXPECTED_TOTAL_SNR,STAGE8_K2_TANGENT_WHITE_SNR_MONTE_CARLO_AND_CLOSURE_V1,ONE_SYNTHETIC_CPI,ONE_SELECTED_RANGE_DOPPLER_CELL,1,1,0,0,0,7ac5f2ed7f8b920df52a4e1cde4f3ee8f80b69a8208c8d8579b1925f9a445627,be55cd278c8f8fba5c3cb95890a62b831ecdebf13f66694182b32161946b1c50,-12.6523274514648,15.8446013159768,9.9999999999982
1111,MC1_K2_N2_L1_SP14_P4_R09,2,STAGE5_TOEPLITZ_CORRELATED,2,1,1,P4,4,8.1,9.95,0.1,135,-6,1,L1_FULLY_COHERENT_BY_CONTRACT,14,14,5,9,158,MC1_BASE_N2_L1_P4_R09,MC1_BASE_N2_L1_P4_R09,430100158,430200158,WHITENED_SEQUENTIAL_BEAMSPACE_EXPECTED_TOTAL_SNR,STAGE8_K2_TANGENT_WHITE_SNR_MONTE_CARLO_AND_CLOSURE_V1,ONE_SYNTHETIC_CPI,ONE_SELECTED_RANGE_DOPPLER_CELL,1,1,0,0,0,7ac5f2ed7f8b920df52a4e1cde4f3ee8f80b69a8208c8d8579b1925f9a445627,8da1ce6a1a47b6a770c11188cb06493384aeea842e766b7567fe86fbf2b4d791,-8.65232745146482,19.8446013159768,13.9999999999986
1112,MC1_K2_N2_L1_SP18_P4_R09,2,STAGE5_TOEPLITZ_CORRELATED,2,1,1,P4,4,8.1,9.95,0.1,135,-6,1,L1_FULLY_COHERENT_BY_CONTRACT,18,18,6,9,158,MC1_BASE_N2_L1_P4_R09,MC1_BASE_N2_L1_P4_R09,430100158,430200158,WHITENED_SEQUENTIAL_BEAMSPACE_EXPECTED_TOTAL_SNR,STAGE8_K2_TANGENT_WHITE_SNR_MONTE_CARLO_AND_CLOSURE_V1,ONE_SYNTHETIC_CPI,ONE_SELECTED_RANGE_DOPPLER_CELL,1,1,0,0,0,7ac5f2ed7f8b920df52a4e1cde4f3ee8f80b69a8208c8d8579b1925f9a445627,68b785ae94db20177fc8a2cf081d0cc68e8808bd09e30f5b8bf183b23df6e7a6,-4.65232745146481,23.8446013159768,17.9999999999981
1113,MC1_K2_N2_L1_SP22_P4_R09,2,STAGE5_TOEPLITZ_CORRELATED,2,1,1,P4,4,8.1,9.95,0.1,135,-6,1,L1_FULLY_COHERENT_BY_CONTRACT,22,22,7,9,158,MC1_BASE_N2_L1_P4_R09,MC1_BASE_N2_L1_P4_R09,430100158,430200158,WHITENED_SEQUENTIAL_BEAMSPACE_EXPECTED_TOTAL_SNR,STAGE8_K2_TANGENT_WHITE_SNR_MONTE_CARLO_AND_CLOSURE_V1,ONE_SYNTHETIC_CPI,ONE_SELECTED_RANGE_DOPPLER_CELL,1,1,0,0,0,7ac5f2ed7f8b920df52a4e1cde4f3ee8f80b69a8208c8d8579b1925f9a445627,25ca6c58a767cf413955f63e67f31de1f4db15992f7578ba86201eb4aacecf99,-0.652327451464813,27.8446013159768,21.9999999999992
1114,MC1_K2_N2_L1_SM6_P4_R10,2,STAGE5_TOEPLITZ_CORRELATED,2,1,1,P4,4,8.1,9.95,0.1,135,-6,1,L1_FULLY_COHERENT_BY_CONTRACT,-6,-6,1,10,159,MC1_BASE_N2_L1_P4_R10,MC1_BASE_N2_L1_P4_R10,430100159,430200159,WHITENED_SEQUENTIAL_BEAMSPACE_EXPECTED_TOTAL_SNR,STAGE8_K2_TANGENT_WHITE_SNR_MONTE_CARLO_AND_CLOSURE_V1,ONE_SYNTHETIC_CPI,ONE_SELECTED_RANGE_DOPPLER_CELL,1,1,0,0,0,7ac5f2ed7f8b920df52a4e1cde4f3ee8f80b69a8208c8d8579b1925f9a445627,847994f65c04fc41340f2d6f1902bb6782579a8926825a62ee4b274d37cb3d64,-28.6336841278118,-0.141956764607688,-6.00000000000092
1115,MC1_K2_N2_L1_SP0_P4_R10,2,STAGE5_TOEPLITZ_CORRELATED,2,1,1,P4,4,8.1,9.95,0.1,135,-6,1,L1_FULLY_COHERENT_BY_CONTRACT,0,0,2,10,159,MC1_BASE_N2_L1_P4_R10,MC1_BASE_N2_L1_P4_R10,430100159,430200159,WHITENED_SEQUENTIAL_BEAMSPACE_EXPECTED_TOTAL_SNR,STAGE8_K2_TANGENT_WHITE_SNR_MONTE_CARLO_AND_CLOSURE_V1,ONE_SYNTHETIC_CPI,ONE_SELECTED_RANGE_DOPPLER_CELL,1,1,0,0,0,7ac5f2ed7f8b920df52a4e1cde4f3ee8f80b69a8208c8d8579b1925f9a445627,ff9d2fbef4da2ed93665c1d4fb38a561d01a29cf86f69bd171ecac11e4ffaf82,-22.6336841278118,5.85804323539231,-3.1195993543e-13
1116,MC1_K2_N2_L1_SP6_P4_R10,2,STAGE5_TOEPLITZ_CORRELATED,2,1,1,P4,4,8.1,9.95,0.1,135,-6,1,L1_FULLY_COHERENT_BY_CONTRACT,6,6,3,10,159,MC1_BASE_N2_L1_P4_R10,MC1_BASE_N2_L1_P4_R10,430100159,430200159,WHITENED_SEQUENTIAL_BEAMSPACE_EXPECTED_TOTAL_SNR,STAGE8_K2_TANGENT_WHITE_SNR_MONTE_CARLO_AND_CLOSURE_V1,ONE_SYNTHETIC_CPI,ONE_SELECTED_RANGE_DOPPLER_CELL,1,1,0,0,0,7ac5f2ed7f8b920df52a4e1cde4f3ee8f80b69a8208c8d8579b1925f9a445627,698b9c5b9020d59bee2104fab3826bdb7497b4a2652e24c4931468d3e6b81394,-16.6336841278118,11.8580432353923,5.99999999999958
1117,MC1_K2_N2_L1_SP10_P4_R10,2,STAGE5_TOEPLITZ_CORRELATED,2,1,1,P4,4,8.1,9.95,0.1,135,-6,1,L1_FULLY_COHERENT_BY_CONTRACT,10,10,4,10,159,MC1_BASE_N2_L1_P4_R10,MC1_BASE_N2_L1_P4_R10,430100159,430200159,WHITENED_SEQUENTIAL_BEAMSPACE_EXPECTED_TOTAL_SNR,STAGE8_K2_TANGENT_WHITE_SNR_MONTE_CARLO_AND_CLOSURE_V1,ONE_SYNTHETIC_CPI,ONE_SELECTED_RANGE_DOPPLER_CELL,1,1,0,0,0,7ac5f2ed7f8b920df52a4e1cde4f3ee8f80b69a8208c8d8579b1925f9a445627,3223aa62a66927f14c18b7d9055dc2b062b4a0f9e1acb29b094d5159386dda77,-12.6336841278118,15.8580432353923,9.99999999999937
1118,MC1_K2_N2_L1_SP14_P4_R10,2,STAGE5_TOEPLITZ_CORRELATED,2,1,1,P4,4,8.1,9.95,0.1,135,-6,1,L1_FULLY_COHERENT_BY_CONTRACT,14,14,5,10,159,MC1_BASE_N2_L1_P4_R10,MC1_BASE_N2_L1_P4_R10,430100159,430200159,WHITENED_SEQUENTIAL_BEAMSPACE_EXPECTED_TOTAL_SNR,STAGE8_K2_TANGENT_WHITE_SNR_MONTE_CARLO_AND_CLOSURE_V1,ONE_SYNTHETIC_CPI,ONE_SELECTED_RANGE_DOPPLER_CELL,1,1,0,0,0,7ac5f2ed7f8b920df52a4e1cde4f3ee8f80b69a8208c8d8579b1925f9a445627,9b38e8ef4550b081d5cbe48ec2896ce217be48c9f80135146b26da006580fb4e,-8.63368412781176,19.8580432353923,13.9999999999993
1119,MC1_K2_N2_L1_SP18_P4_R10,2,STAGE5_TOEPLITZ_CORRELATED,2,1,1,P4,4,8.1,9.95,0.1,135,-6,1,L1_FULLY_COHERENT_BY_CONTRACT,18,18,6,10,159,MC1_BASE_N2_L1_P4_R10,MC1_BASE_N2_L1_P4_R10,430100159,430200159,WHITENED_SEQUENTIAL_BEAMSPACE_EXPECTED_TOTAL_SNR,STAGE8_K2_TANGENT_WHITE_SNR_MONTE_CARLO_AND_CLOSURE_V1,ONE_SYNTHETIC_CPI,ONE_SELECTED_RANGE_DOPPLER_CELL,1,1,0,0,0,7ac5f2ed7f8b920df52a4e1cde4f3ee8f80b69a8208c8d8579b1925f9a445627,262430e06fcbccaa3b99cd506e937e556883206125a4d2f09942c1192c241367,-4.63368412781176,23.8580432353923,17.9999999999999
1120,MC1_K2_N2_L1_SP22_P4_R10,2,STAGE5_TOEPLITZ_CORRELATED,2,1,1,P4,4,8.1,9.95,0.1,135,-6,1,L1_FULLY_COHERENT_BY_CONTRACT,22,22,7,10,159,MC1_BASE_N2_L1_P4_R10,MC1_BASE_N2_L1_P4_R10,430100159,430200159,WHITENED_SEQUENTIAL_BEAMSPACE_EXPECTED_TOTAL_SNR,STAGE8_K2_TANGENT_WHITE_SNR_MONTE_CARLO_AND_CLOSURE_V1,ONE_SYNTHETIC_CPI,ONE_SELECTED_RANGE_DOPPLER_CELL,1,1,0,0,0,7ac5f2ed7f8b920df52a4e1cde4f3ee8f80b69a8208c8d8579b1925f9a445627,d08f5678eecce5eb67243c2213720a7f6466864c24506b4136f4feaf0aea5340,-0.633684127811759,27.8580432353923,21.9999999999998
1121,MC1_K2_N2_L4_SM6_P1_R01,2,STAGE5_TOEPLITZ_CORRELATED,2,4,2,P1,1,8,10,0.3,45,0,0,SPECIFIED_CORRELATION,-6,-6,1,1,160,MC1_BASE_N2_L4_P1_R01,MC1_BASE_N2_L4_P1_R01,430100160,430200160,WHITENED_SEQUENTIAL_BEAMSPACE_EXPECTED_TOTAL_SNR,STAGE8_K2_TANGENT_WHITE_SNR_MONTE_CARLO_AND_CLOSURE_V1,ONE_SYNTHETIC_CPI,ONE_SELECTED_RANGE_DOPPLER_CELL,1,1,0,0,0,7ac5f2ed7f8b920df52a4e1cde4f3ee8f80b69a8208c8d8579b1925f9a445627,a42db5dc16d3e880fbb000b62158ce330411f93fdd030222b1e125ece5d037f7,-28.664100918801,-0.171596097990134,-5.99999999999998
1122,MC1_K2_N2_L4_SP0_P1_R01,2,STAGE5_TOEPLITZ_CORRELATED,2,4,2,P1,1,8,10,0.3,45,0,0,SPECIFIED_CORRELATION,0,0,2,1,160,MC1_BASE_N2_L4_P1_R01,MC1_BASE_N2_L4_P1_R01,430100160,430200160,WHITENED_SEQUENTIAL_BEAMSPACE_EXPECTED_TOTAL_SNR,STAGE8_K2_TANGENT_WHITE_SNR_MONTE_CARLO_AND_CLOSURE_V1,ONE_SYNTHETIC_CPI,ONE_SELECTED_RANGE_DOPPLER_CELL,1,1,0,0,0,7ac5f2ed7f8b920df52a4e1cde4f3ee8f80b69a8208c8d8579b1925f9a445627,c5d7909b02f1126a5b731b30cd6f54a6f5c541aad48c840dbe0740624f86aab8,-22.664100918801,5.82840390200987,8.19678346570286e-14
1123,MC1_K2_N2_L4_SP6_P1_R01,2,STAGE5_TOEPLITZ_CORRELATED,2,4,2,P1,1,8,10,0.3,45,0,0,SPECIFIED_CORRELATION,6,6,3,1,160,MC1_BASE_N2_L4_P1_R01,MC1_BASE_N2_L4_P1_R01,430100160,430200160,WHITENED_SEQUENTIAL_BEAMSPACE_EXPECTED_TOTAL_SNR,STAGE8_K2_TANGENT_WHITE_SNR_MONTE_CARLO_AND_CLOSURE_V1,ONE_SYNTHETIC_CPI,ONE_SELECTED_RANGE_DOPPLER_CELL,1,1,0,0,0,7ac5f2ed7f8b920df52a4e1cde4f3ee8f80b69a8208c8d8579b1925f9a445627,e47a6e0c07d5a64b1d7bdbf8f03e555d4367cf218a2a9b6435a8b93aeff595a7,-16.664100918801,11.8284039020099,6.00000000000007
1124,MC1_K2_N2_L4_SP10_P1_R01,2,STAGE5_TOEPLITZ_CORRELATED,2,4,2,P1,1,8,10,0.3,45,0,0,SPECIFIED_CORRELATION,10,10,4,1,160,MC1_BASE_N2_L4_P1_R01,MC1_BASE_N2_L4_P1_R01,430100160,430200160,WHITENED_SEQUENTIAL_BEAMSPACE_EXPECTED_TOTAL_SNR,STAGE8_K2_TANGENT_WHITE_SNR_MONTE_CARLO_AND_CLOSURE_V1,ONE_SYNTHETIC_CPI,ONE_SELECTED_RANGE_DOPPLER_CELL,1,1,0,0,0,7ac5f2ed7f8b920df52a4e1cde4f3ee8f80b69a8208c8d8579b1925f9a445627,82fc5ac899a02d393973aa341a1c47c8172f2ac30e8dee0e88c2c31bd0491710,-12.664100918801,15.8284039020099,10
1125,MC1_K2_N2_L4_SP14_P1_R01,2,STAGE5_TOEPLITZ_CORRELATED,2,4,2,P1,1,8,10,0.3,45,0,0,SPECIFIED_CORRELATION,14,14,5,1,160,MC1_BASE_N2_L4_P1_R01,MC1_BASE_N2_L4_P1_R01,430100160,430200160,WHITENED_SEQUENTIAL_BEAMSPACE_EXPECTED_TOTAL_SNR,STAGE8_K2_TANGENT_WHITE_SNR_MONTE_CARLO_AND_CLOSURE_V1,ONE_SYNTHETIC_CPI,ONE_SELECTED_RANGE_DOPPLER_CELL,1,1,0,0,0,7ac5f2ed7f8b920df52a4e1cde4f3ee8f80b69a8208c8d8579b1925f9a445627,b986d1c9b654bd6c2fec52203910786fed358abc0c3aa4340e02b2044fa1d147,-8.66410091880098,19.8284039020099,14
1126,MC1_K2_N2_L4_SP18_P1_R01,2,STAGE5_TOEPLITZ_CORRELATED,2,4,2,P1,1,8,10,0.3,45,0,0,SPECIFIED_CORRELATION,18,18,6,1,160,MC1_BASE_N2_L4_P1_R01,MC1_BASE_N2_L4_P1_R01,430100160,430200160,WHITENED_SEQUENTIAL_BEAMSPACE_EXPECTED_TOTAL_SNR,STAGE8_K2_TANGENT_WHITE_SNR_MONTE_CARLO_AND_CLOSURE_V1,ONE_SYNTHETIC_CPI,ONE_SELECTED_RANGE_DOPPLER_CELL,1,1,0,0,0,7ac5f2ed7f8b920df52a4e1cde4f3ee8f80b69a8208c8d8579b1925f9a445627,bd4ebbf03470653a0f060e3d062463e67a80f4cdd72031a2be010e6a52be23da,-4.66410091880098,23.8284039020099,18
1127,MC1_K2_N2_L4_SP22_P1_R01,2,STAGE5_TOEPLITZ_CORRELATED,2,4,2,P1,1,8,10,0.3,45,0,0,SPECIFIED_CORRELATION,22,22,7,1,160,MC1_BASE_N2_L4_P1_R01,MC1_BASE_N2_L4_P1_R01,430100160,430200160,WHITENED_SEQUENTIAL_BEAMSPACE_EXPECTED_TOTAL_SNR,STAGE8_K2_TANGENT_WHITE_SNR_MONTE_CARLO_AND_CLOSURE_V1,ONE_SYNTHETIC_CPI,ONE_SELECTED_RANGE_DOPPLER_CELL,1,1,0,0,0,7ac5f2ed7f8b920df52a4e1cde4f3ee8f80b69a8208c8d8579b1925f9a445627,d3b83972cdf57b7d4edceb9de49cea3b67d73da635ab75ceddbc2cdaa6090757,-0.66410091880098,27.8284039020099,21.9999999999999
1128,MC1_K2_N2_L4_SM6_P1_R02,2,STAGE5_TOEPLITZ_CORRELATED,2,4,2,P1,1,8,10,0.3,45,0,0,SPECIFIED_CORRELATION,-6,-6,1,2,161,MC1_BASE_N2_L4_P1_R02,MC1_BASE_N2_L4_P1_R02,430100161,430200161,WHITENED_SEQUENTIAL_BEAMSPACE_EXPECTED_TOTAL_SNR,STAGE8_K2_TANGENT_WHITE_SNR_MONTE_CARLO_AND_CLOSURE_V1,ONE_SYNTHETIC_CPI,ONE_SELECTED_RANGE_DOPPLER_CELL,1,1,0,0,0,7ac5f2ed7f8b920df52a4e1cde4f3ee8f80b69a8208c8d8579b1925f9a445627,3c353da824cf06673677bf63d57b11de8707e54e6f6748e57969be88596fb18e,-28.664100918801,-0.171596097990134,-5.99999999999998
1129,MC1_K2_N2_L4_SP0_P1_R02,2,STAGE5_TOEPLITZ_CORRELATED,2,4,2,P1,1,8,10,0.3,45,0,0,SPECIFIED_CORRELATION,0,0,2,2,161,MC1_BASE_N2_L4_P1_R02,MC1_BASE_N2_L4_P1_R02,430100161,430200161,WHITENED_SEQUENTIAL_BEAMSPACE_EXPECTED_TOTAL_SNR,STAGE8_K2_TANGENT_WHITE_SNR_MONTE_CARLO_AND_CLOSURE_V1,ONE_SYNTHETIC_CPI,ONE_SELECTED_RANGE_DOPPLER_CELL,1,1,0,0,0,7ac5f2ed7f8b920df52a4e1cde4f3ee8f80b69a8208c8d8579b1925f9a445627,cbc21e300e8119fd52b722316ea57eaf9fa3feeca461faa2148486edb1d579cc,-22.664100918801,5.82840390200987,8.19678346570286e-14
1130,MC1_K2_N2_L4_SP6_P1_R02,2,STAGE5_TOEPLITZ_CORRELATED,2,4,2,P1,1,8,10,0.3,45,0,0,SPECIFIED_CORRELATION,6,6,3,2,161,MC1_BASE_N2_L4_P1_R02,MC1_BASE_N2_L4_P1_R02,430100161,430200161,WHITENED_SEQUENTIAL_BEAMSPACE_EXPECTED_TOTAL_SNR,STAGE8_K2_TANGENT_WHITE_SNR_MONTE_CARLO_AND_CLOSURE_V1,ONE_SYNTHETIC_CPI,ONE_SELECTED_RANGE_DOPPLER_CELL,1,1,0,0,0,7ac5f2ed7f8b920df52a4e1cde4f3ee8f80b69a8208c8d8579b1925f9a445627,a46ebe745306b9499f1193a2844dcd31fdcd2430c9be67a4f9d4b454920cfbd3,-16.664100918801,11.8284039020099,6.00000000000007
1131,MC1_K2_N2_L4_SP10_P1_R02,2,STAGE5_TOEPLITZ_CORRELATED,2,4,2,P1,1,8,10,0.3,45,0,0,SPECIFIED_CORRELATION,10,10,4,2,161,MC1_BASE_N2_L4_P1_R02,MC1_BASE_N2_L4_P1_R02,430100161,430200161,WHITENED_SEQUENTIAL_BEAMSPACE_EXPECTED_TOTAL_SNR,STAGE8_K2_TANGENT_WHITE_SNR_MONTE_CARLO_AND_CLOSURE_V1,ONE_SYNTHETIC_CPI,ONE_SELECTED_RANGE_DOPPLER_CELL,1,1,0,0,0,7ac5f2ed7f8b920df52a4e1cde4f3ee8f80b69a8208c8d8579b1925f9a445627,6e8e49df5094e8be10ddaffd86ef02679927439e4bb3cbf2f285663e3436addc,-12.664100918801,15.8284039020099,10
1132,MC1_K2_N2_L4_SP14_P1_R02,2,STAGE5_TOEPLITZ_CORRELATED,2,4,2,P1,1,8,10,0.3,45,0,0,SPECIFIED_CORRELATION,14,14,5,2,161,MC1_BASE_N2_L4_P1_R02,MC1_BASE_N2_L4_P1_R02,430100161,430200161,WHITENED_SEQUENTIAL_BEAMSPACE_EXPECTED_TOTAL_SNR,STAGE8_K2_TANGENT_WHITE_SNR_MONTE_CARLO_AND_CLOSURE_V1,ONE_SYNTHETIC_CPI,ONE_SELECTED_RANGE_DOPPLER_CELL,1,1,0,0,0,7ac5f2ed7f8b920df52a4e1cde4f3ee8f80b69a8208c8d8579b1925f9a445627,fdc6f32667d064a21abf4156ccdd322567101e03d610b532cc3c3a1d89604ac9,-8.66410091880098,19.8284039020099,14
1133,MC1_K2_N2_L4_SP18_P1_R02,2,STAGE5_TOEPLITZ_CORRELATED,2,4,2,P1,1,8,10,0.3,45,0,0,SPECIFIED_CORRELATION,18,18,6,2,161,MC1_BASE_N2_L4_P1_R02,MC1_BASE_N2_L4_P1_R02,430100161,430200161,WHITENED_SEQUENTIAL_BEAMSPACE_EXPECTED_TOTAL_SNR,STAGE8_K2_TANGENT_WHITE_SNR_MONTE_CARLO_AND_CLOSURE_V1,ONE_SYNTHETIC_CPI,ONE_SELECTED_RANGE_DOPPLER_CELL,1,1,0,0,0,7ac5f2ed7f8b920df52a4e1cde4f3ee8f80b69a8208c8d8579b1925f9a445627,5edb8fedcde05dd903bf1c44dcdeec15ef83584ab008e74eaf6f6c5a18b2c3d2,-4.66410091880098,23.8284039020099,18
1134,MC1_K2_N2_L4_SP22_P1_R02,2,STAGE5_TOEPLITZ_CORRELATED,2,4,2,P1,1,8,10,0.3,45,0,0,SPECIFIED_CORRELATION,22,22,7,2,161,MC1_BASE_N2_L4_P1_R02,MC1_BASE_N2_L4_P1_R02,430100161,430200161,WHITENED_SEQUENTIAL_BEAMSPACE_EXPECTED_TOTAL_SNR,STAGE8_K2_TANGENT_WHITE_SNR_MONTE_CARLO_AND_CLOSURE_V1,ONE_SYNTHETIC_CPI,ONE_SELECTED_RANGE_DOPPLER_CELL,1,1,0,0,0,7ac5f2ed7f8b920df52a4e1cde4f3ee8f80b69a8208c8d8579b1925f9a445627,4fd222622b1153c6292bcc51e72aaac5f49b12926e16b20a647f2a93d6221186,-0.66410091880098,27.8284039020099,21.9999999999999
1135,MC1_K2_N2_L4_SM6_P1_R03,2,STAGE5_TOEPLITZ_CORRELATED,2,4,2,P1,1,8,10,0.3,45,0,0,SPECIFIED_CORRELATION,-6,-6,1,3,162,MC1_BASE_N2_L4_P1_R03,MC1_BASE_N2_L4_P1_R03,430100162,430200162,WHITENED_SEQUENTIAL_BEAMSPACE_EXPECTED_TOTAL_SNR,STAGE8_K2_TANGENT_WHITE_SNR_MONTE_CARLO_AND_CLOSURE_V1,ONE_SYNTHETIC_CPI,ONE_SELECTED_RANGE_DOPPLER_CELL,1,1,0,0,0,7ac5f2ed7f8b920df52a4e1cde4f3ee8f80b69a8208c8d8579b1925f9a445627,a3cf2053a218b182eefa7c669b40f2df940076937d6691788739165ed473093b,-28.664100918801,-0.171596097990134,-5.99999999999998
1136,MC1_K2_N2_L4_SP0_P1_R03,2,STAGE5_TOEPLITZ_CORRELATED,2,4,2,P1,1,8,10,0.3,45,0,0,SPECIFIED_CORRELATION,0,0,2,3,162,MC1_BASE_N2_L4_P1_R03,MC1_BASE_N2_L4_P1_R03,430100162,430200162,WHITENED_SEQUENTIAL_BEAMSPACE_EXPECTED_TOTAL_SNR,STAGE8_K2_TANGENT_WHITE_SNR_MONTE_CARLO_AND_CLOSURE_V1,ONE_SYNTHETIC_CPI,ONE_SELECTED_RANGE_DOPPLER_CELL,1,1,0,0,0,7ac5f2ed7f8b920df52a4e1cde4f3ee8f80b69a8208c8d8579b1925f9a445627,2ce3a23e65a6075b07892f13d512318723331fe9b5962163ceca239fd547e444,-22.664100918801,5.82840390200987,8.19678346570286e-14
1137,MC1_K2_N2_L4_SP6_P1_R03,2,STAGE5_TOEPLITZ_CORRELATED,2,4,2,P1,1,8,10,0.3,45,0,0,SPECIFIED_CORRELATION,6,6,3,3,162,MC1_BASE_N2_L4_P1_R03,MC1_BASE_N2_L4_P1_R03,430100162,430200162,WHITENED_SEQUENTIAL_BEAMSPACE_EXPECTED_TOTAL_SNR,STAGE8_K2_TANGENT_WHITE_SNR_MONTE_CARLO_AND_CLOSURE_V1,ONE_SYNTHETIC_CPI,ONE_SELECTED_RANGE_DOPPLER_CELL,1,1,0,0,0,7ac5f2ed7f8b920df52a4e1cde4f3ee8f80b69a8208c8d8579b1925f9a445627,3ca41554c0f8428f473af512583314e56ac8e4bb7d947d866fd3922489a2007f,-16.664100918801,11.8284039020099,6.00000000000007
1138,MC1_K2_N2_L4_SP10_P1_R03,2,STAGE5_TOEPLITZ_CORRELATED,2,4,2,P1,1,8,10,0.3,45,0,0,SPECIFIED_CORRELATION,10,10,4,3,162,MC1_BASE_N2_L4_P1_R03,MC1_BASE_N2_L4_P1_R03,430100162,430200162,WHITENED_SEQUENTIAL_BEAMSPACE_EXPECTED_TOTAL_SNR,STAGE8_K2_TANGENT_WHITE_SNR_MONTE_CARLO_AND_CLOSURE_V1,ONE_SYNTHETIC_CPI,ONE_SELECTED_RANGE_DOPPLER_CELL,1,1,0,0,0,7ac5f2ed7f8b920df52a4e1cde4f3ee8f80b69a8208c8d8579b1925f9a445627,de56e7a4915522e5ac4a223b165d8f3034119644e4c1ce4cd94820a29b935555,-12.664100918801,15.8284039020099,10
1139,MC1_K2_N2_L4_SP14_P1_R03,2,STAGE5_TOEPLITZ_CORRELATED,2,4,2,P1,1,8,10,0.3,45,0,0,SPECIFIED_CORRELATION,14,14,5,3,162,MC1_BASE_N2_L4_P1_R03,MC1_BASE_N2_L4_P1_R03,430100162,430200162,WHITENED_SEQUENTIAL_BEAMSPACE_EXPECTED_TOTAL_SNR,STAGE8_K2_TANGENT_WHITE_SNR_MONTE_CARLO_AND_CLOSURE_V1,ONE_SYNTHETIC_CPI,ONE_SELECTED_RANGE_DOPPLER_CELL,1,1,0,0,0,7ac5f2ed7f8b920df52a4e1cde4f3ee8f80b69a8208c8d8579b1925f9a445627,0896f6b2bd058aaf3a65cfc30fbecedc108e1db247ebb2ce04304948d5c09db7,-8.66410091880098,19.8284039020099,14
1140,MC1_K2_N2_L4_SP18_P1_R03,2,STAGE5_TOEPLITZ_CORRELATED,2,4,2,P1,1,8,10,0.3,45,0,0,SPECIFIED_CORRELATION,18,18,6,3,162,MC1_BASE_N2_L4_P1_R03,MC1_BASE_N2_L4_P1_R03,430100162,430200162,WHITENED_SEQUENTIAL_BEAMSPACE_EXPECTED_TOTAL_SNR,STAGE8_K2_TANGENT_WHITE_SNR_MONTE_CARLO_AND_CLOSURE_V1,ONE_SYNTHETIC_CPI,ONE_SELECTED_RANGE_DOPPLER_CELL,1,1,0,0,0,7ac5f2ed7f8b920df52a4e1cde4f3ee8f80b69a8208c8d8579b1925f9a445627,30811fadcff18c15d59854f8a6ddf661e8a2c23890a09edf672a17ee039ea8be,-4.66410091880098,23.8284039020099,18
1141,MC1_K2_N2_L4_SP22_P1_R03,2,STAGE5_TOEPLITZ_CORRELATED,2,4,2,P1,1,8,10,0.3,45,0,0,SPECIFIED_CORRELATION,22,22,7,3,162,MC1_BASE_N2_L4_P1_R03,MC1_BASE_N2_L4_P1_R03,430100162,430200162,WHITENED_SEQUENTIAL_BEAMSPACE_EXPECTED_TOTAL_SNR,STAGE8_K2_TANGENT_WHITE_SNR_MONTE_CARLO_AND_CLOSURE_V1,ONE_SYNTHETIC_CPI,ONE_SELECTED_RANGE_DOPPLER_CELL,1,1,0,0,0,7ac5f2ed7f8b920df52a4e1cde4f3ee8f80b69a8208c8d8579b1925f9a445627,eb1d304d533d48a49940a8b4b5075b0ab3b167be8814431463d28b22a39b0f80,-0.66410091880098,27.8284039020099,21.9999999999999
1142,MC1_K2_N2_L4_SM6_P1_R04,2,STAGE5_TOEPLITZ_CORRELATED,2,4,2,P1,1,8,10,0.3,45,0,0,SPECIFIED_CORRELATION,-6,-6,1,4,163,MC1_BASE_N2_L4_P1_R04,MC1_BASE_N2_L4_P1_R04,430100163,430200163,WHITENED_SEQUENTIAL_BEAMSPACE_EXPECTED_TOTAL_SNR,STAGE8_K2_TANGENT_WHITE_SNR_MONTE_CARLO_AND_CLOSURE_V1,ONE_SYNTHETIC_CPI,ONE_SELECTED_RANGE_DOPPLER_CELL,1,1,0,0,0,7ac5f2ed7f8b920df52a4e1cde4f3ee8f80b69a8208c8d8579b1925f9a445627,167d0a23a357e3bb1d1326e919d8090ab44f0d4af8624ffe860c692ddfa69d30,-28.664100918801,-0.171596097990134,-5.99999999999998
1143,MC1_K2_N2_L4_SP0_P1_R04,2,STAGE5_TOEPLITZ_CORRELATED,2,4,2,P1,1,8,10,0.3,45,0,0,SPECIFIED_CORRELATION,0,0,2,4,163,MC1_BASE_N2_L4_P1_R04,MC1_BASE_N2_L4_P1_R04,430100163,430200163,WHITENED_SEQUENTIAL_BEAMSPACE_EXPECTED_TOTAL_SNR,STAGE8_K2_TANGENT_WHITE_SNR_MONTE_CARLO_AND_CLOSURE_V1,ONE_SYNTHETIC_CPI,ONE_SELECTED_RANGE_DOPPLER_CELL,1,1,0,0,0,7ac5f2ed7f8b920df52a4e1cde4f3ee8f80b69a8208c8d8579b1925f9a445627,7036ec21707dc0a4aae94607f73f10224a6d82faf17123132cb75cee115863a3,-22.664100918801,5.82840390200987,8.19678346570286e-14
1144,MC1_K2_N2_L4_SP6_P1_R04,2,STAGE5_TOEPLITZ_CORRELATED,2,4,2,P1,1,8,10,0.3,45,0,0,SPECIFIED_CORRELATION,6,6,3,4,163,MC1_BASE_N2_L4_P1_R04,MC1_BASE_N2_L4_P1_R04,430100163,430200163,WHITENED_SEQUENTIAL_BEAMSPACE_EXPECTED_TOTAL_SNR,STAGE8_K2_TANGENT_WHITE_SNR_MONTE_CARLO_AND_CLOSURE_V1,ONE_SYNTHETIC_CPI,ONE_SELECTED_RANGE_DOPPLER_CELL,1,1,0,0,0,7ac5f2ed7f8b920df52a4e1cde4f3ee8f80b69a8208c8d8579b1925f9a445627,ac3967cf84ef450a3d0b18404f0681140b7a27de0c48ec85e20331248481b9f6,-16.664100918801,11.8284039020099,6.00000000000007
1145,MC1_K2_N2_L4_SP10_P1_R04,2,STAGE5_TOEPLITZ_CORRELATED,2,4,2,P1,1,8,10,0.3,45,0,0,SPECIFIED_CORRELATION,10,10,4,4,163,MC1_BASE_N2_L4_P1_R04,MC1_BASE_N2_L4_P1_R04,430100163,430200163,WHITENED_SEQUENTIAL_BEAMSPACE_EXPECTED_TOTAL_SNR,STAGE8_K2_TANGENT_WHITE_SNR_MONTE_CARLO_AND_CLOSURE_V1,ONE_SYNTHETIC_CPI,ONE_SELECTED_RANGE_DOPPLER_CELL,1,1,0,0,0,7ac5f2ed7f8b920df52a4e1cde4f3ee8f80b69a8208c8d8579b1925f9a445627,8eacd0dfbd6ab0b7a584fde660189d68157318926b7fad4b1b9831a137ceb203,-12.664100918801,15.8284039020099,10
1146,MC1_K2_N2_L4_SP14_P1_R04,2,STAGE5_TOEPLITZ_CORRELATED,2,4,2,P1,1,8,10,0.3,45,0,0,SPECIFIED_CORRELATION,14,14,5,4,163,MC1_BASE_N2_L4_P1_R04,MC1_BASE_N2_L4_P1_R04,430100163,430200163,WHITENED_SEQUENTIAL_BEAMSPACE_EXPECTED_TOTAL_SNR,STAGE8_K2_TANGENT_WHITE_SNR_MONTE_CARLO_AND_CLOSURE_V1,ONE_SYNTHETIC_CPI,ONE_SELECTED_RANGE_DOPPLER_CELL,1,1,0,0,0,7ac5f2ed7f8b920df52a4e1cde4f3ee8f80b69a8208c8d8579b1925f9a445627,9c3a580a3b4f728be7922e02a61cc7b13ce50da143fad9b533d8de0a4d2a1546,-8.66410091880098,19.8284039020099,14
1147,MC1_K2_N2_L4_SP18_P1_R04,2,STAGE5_TOEPLITZ_CORRELATED,2,4,2,P1,1,8,10,0.3,45,0,0,SPECIFIED_CORRELATION,18,18,6,4,163,MC1_BASE_N2_L4_P1_R04,MC1_BASE_N2_L4_P1_R04,430100163,430200163,WHITENED_SEQUENTIAL_BEAMSPACE_EXPECTED_TOTAL_SNR,STAGE8_K2_TANGENT_WHITE_SNR_MONTE_CARLO_AND_CLOSURE_V1,ONE_SYNTHETIC_CPI,ONE_SELECTED_RANGE_DOPPLER_CELL,1,1,0,0,0,7ac5f2ed7f8b920df52a4e1cde4f3ee8f80b69a8208c8d8579b1925f9a445627,b2b24aa9b66112ea9b1e205545c29cd20adad0aff2fcf74af2bfc385e522fa3e,-4.66410091880098,23.8284039020099,18
1148,MC1_K2_N2_L4_SP22_P1_R04,2,STAGE5_TOEPLITZ_CORRELATED,2,4,2,P1,1,8,10,0.3,45,0,0,SPECIFIED_CORRELATION,22,22,7,4,163,MC1_BASE_N2_L4_P1_R04,MC1_BASE_N2_L4_P1_R04,430100163,430200163,WHITENED_SEQUENTIAL_BEAMSPACE_EXPECTED_TOTAL_SNR,STAGE8_K2_TANGENT_WHITE_SNR_MONTE_CARLO_AND_CLOSURE_V1,ONE_SYNTHETIC_CPI,ONE_SELECTED_RANGE_DOPPLER_CELL,1,1,0,0,0,7ac5f2ed7f8b920df52a4e1cde4f3ee8f80b69a8208c8d8579b1925f9a445627,7f1af5e2d514a074d38f93731e55a180f1c1c9983d0d99e1267b4aac22b408d7,-0.66410091880098,27.8284039020099,21.9999999999999
1149,MC1_K2_N2_L4_SM6_P1_R05,2,STAGE5_TOEPLITZ_CORRELATED,2,4,2,P1,1,8,10,0.3,45,0,0,SPECIFIED_CORRELATION,-6,-6,1,5,164,MC1_BASE_N2_L4_P1_R05,MC1_BASE_N2_L4_P1_R05,430100164,430200164,WHITENED_SEQUENTIAL_BEAMSPACE_EXPECTED_TOTAL_SNR,STAGE8_K2_TANGENT_WHITE_SNR_MONTE_CARLO_AND_CLOSURE_V1,ONE_SYNTHETIC_CPI,ONE_SELECTED_RANGE_DOPPLER_CELL,1,1,0,0,0,7ac5f2ed7f8b920df52a4e1cde4f3ee8f80b69a8208c8d8579b1925f9a445627,d5ff83f26d90643c0578a242c60d48e9343a1482678566606645b0ca5cdee801,-28.664100918801,-0.171596097990134,-5.99999999999998
1150,MC1_K2_N2_L4_SP0_P1_R05,2,STAGE5_TOEPLITZ_CORRELATED,2,4,2,P1,1,8,10,0.3,45,0,0,SPECIFIED_CORRELATION,0,0,2,5,164,MC1_BASE_N2_L4_P1_R05,MC1_BASE_N2_L4_P1_R05,430100164,430200164,WHITENED_SEQUENTIAL_BEAMSPACE_EXPECTED_TOTAL_SNR,STAGE8_K2_TANGENT_WHITE_SNR_MONTE_CARLO_AND_CLOSURE_V1,ONE_SYNTHETIC_CPI,ONE_SELECTED_RANGE_DOPPLER_CELL,1,1,0,0,0,7ac5f2ed7f8b920df52a4e1cde4f3ee8f80b69a8208c8d8579b1925f9a445627,96cbe9085544271ff2c7223b32c0b058ec5c51431025f7415327fe0bfdbfbafc,-22.664100918801,5.82840390200987,8.19678346570286e-14
1151,MC1_K2_N2_L4_SP6_P1_R05,2,STAGE5_TOEPLITZ_CORRELATED,2,4,2,P1,1,8,10,0.3,45,0,0,SPECIFIED_CORRELATION,6,6,3,5,164,MC1_BASE_N2_L4_P1_R05,MC1_BASE_N2_L4_P1_R05,430100164,430200164,WHITENED_SEQUENTIAL_BEAMSPACE_EXPECTED_TOTAL_SNR,STAGE8_K2_TANGENT_WHITE_SNR_MONTE_CARLO_AND_CLOSURE_V1,ONE_SYNTHETIC_CPI,ONE_SELECTED_RANGE_DOPPLER_CELL,1,1,0,0,0,7ac5f2ed7f8b920df52a4e1cde4f3ee8f80b69a8208c8d8579b1925f9a445627,a87f3916e6762050a00367b35c7a25aec2cde95941eb1231e5fd1ee69cdf8157,-16.664100918801,11.8284039020099,6.00000000000007
1152,MC1_K2_N2_L4_SP10_P1_R05,2,STAGE5_TOEPLITZ_CORRELATED,2,4,2,P1,1,8,10,0.3,45,0,0,SPECIFIED_CORRELATION,10,10,4,5,164,MC1_BASE_N2_L4_P1_R05,MC1_BASE_N2_L4_P1_R05,430100164,430200164,WHITENED_SEQUENTIAL_BEAMSPACE_EXPECTED_TOTAL_SNR,STAGE8_K2_TANGENT_WHITE_SNR_MONTE_CARLO_AND_CLOSURE_V1,ONE_SYNTHETIC_CPI,ONE_SELECTED_RANGE_DOPPLER_CELL,1,1,0,0,0,7ac5f2ed7f8b920df52a4e1cde4f3ee8f80b69a8208c8d8579b1925f9a445627,031e4f4773152596bc39769b7a6ef2e508ef15c71c6be94e440ab5b72c0499d2,-12.664100918801,15.8284039020099,10
1153,MC1_K2_N2_L4_SP14_P1_R05,2,STAGE5_TOEPLITZ_CORRELATED,2,4,2,P1,1,8,10,0.3,45,0,0,SPECIFIED_CORRELATION,14,14,5,5,164,MC1_BASE_N2_L4_P1_R05,MC1_BASE_N2_L4_P1_R05,430100164,430200164,WHITENED_SEQUENTIAL_BEAMSPACE_EXPECTED_TOTAL_SNR,STAGE8_K2_TANGENT_WHITE_SNR_MONTE_CARLO_AND_CLOSURE_V1,ONE_SYNTHETIC_CPI,ONE_SELECTED_RANGE_DOPPLER_CELL,1,1,0,0,0,7ac5f2ed7f8b920df52a4e1cde4f3ee8f80b69a8208c8d8579b1925f9a445627,12a4ce768b964889b5c56cd86bc36d3a35b6d2f993a2f02704080d547814fa5c,-8.66410091880098,19.8284039020099,14
1154,MC1_K2_N2_L4_SP18_P1_R05,2,STAGE5_TOEPLITZ_CORRELATED,2,4,2,P1,1,8,10,0.3,45,0,0,SPECIFIED_CORRELATION,18,18,6,5,164,MC1_BASE_N2_L4_P1_R05,MC1_BASE_N2_L4_P1_R05,430100164,430200164,WHITENED_SEQUENTIAL_BEAMSPACE_EXPECTED_TOTAL_SNR,STAGE8_K2_TANGENT_WHITE_SNR_MONTE_CARLO_AND_CLOSURE_V1,ONE_SYNTHETIC_CPI,ONE_SELECTED_RANGE_DOPPLER_CELL,1,1,0,0,0,7ac5f2ed7f8b920df52a4e1cde4f3ee8f80b69a8208c8d8579b1925f9a445627,ad95da0c6a9c322b5c8879dd178fbd30a495360e9376c1d8b8878a765be4377c,-4.66410091880098,23.8284039020099,18
1155,MC1_K2_N2_L4_SP22_P1_R05,2,STAGE5_TOEPLITZ_CORRELATED,2,4,2,P1,1,8,10,0.3,45,0,0,SPECIFIED_CORRELATION,22,22,7,5,164,MC1_BASE_N2_L4_P1_R05,MC1_BASE_N2_L4_P1_R05,430100164,430200164,WHITENED_SEQUENTIAL_BEAMSPACE_EXPECTED_TOTAL_SNR,STAGE8_K2_TANGENT_WHITE_SNR_MONTE_CARLO_AND_CLOSURE_V1,ONE_SYNTHETIC_CPI,ONE_SELECTED_RANGE_DOPPLER_CELL,1,1,0,0,0,7ac5f2ed7f8b920df52a4e1cde4f3ee8f80b69a8208c8d8579b1925f9a445627,009695441ce04f93c42df43e0b6c5ede2eeb2ccc9c7a688433c8ebcbf2c2dba8,-0.66410091880098,27.8284039020099,21.9999999999999
1156,MC1_K2_N2_L4_SM6_P1_R06,2,STAGE5_TOEPLITZ_CORRELATED,2,4,2,P1,1,8,10,0.3,45,0,0,SPECIFIED_CORRELATION,-6,-6,1,6,165,MC1_BASE_N2_L4_P1_R06,MC1_BASE_N2_L4_P1_R06,430100165,430200165,WHITENED_SEQUENTIAL_BEAMSPACE_EXPECTED_TOTAL_SNR,STAGE8_K2_TANGENT_WHITE_SNR_MONTE_CARLO_AND_CLOSURE_V1,ONE_SYNTHETIC_CPI,ONE_SELECTED_RANGE_DOPPLER_CELL,1,1,0,0,0,7ac5f2ed7f8b920df52a4e1cde4f3ee8f80b69a8208c8d8579b1925f9a445627,80f0e5a3139a6fe145d6f17c26076bf15b02003c07446b309d361747d31457c4,-28.664100918801,-0.171596097990134,-5.99999999999998
1157,MC1_K2_N2_L4_SP0_P1_R06,2,STAGE5_TOEPLITZ_CORRELATED,2,4,2,P1,1,8,10,0.3,45,0,0,SPECIFIED_CORRELATION,0,0,2,6,165,MC1_BASE_N2_L4_P1_R06,MC1_BASE_N2_L4_P1_R06,430100165,430200165,WHITENED_SEQUENTIAL_BEAMSPACE_EXPECTED_TOTAL_SNR,STAGE8_K2_TANGENT_WHITE_SNR_MONTE_CARLO_AND_CLOSURE_V1,ONE_SYNTHETIC_CPI,ONE_SELECTED_RANGE_DOPPLER_CELL,1,1,0,0,0,7ac5f2ed7f8b920df52a4e1cde4f3ee8f80b69a8208c8d8579b1925f9a445627,ffba430f66d05d34f39d3c3116f8245e23567539797d39778ef62cb05bb622d4,-22.664100918801,5.82840390200987,8.19678346570286e-14
1158,MC1_K2_N2_L4_SP6_P1_R06,2,STAGE5_TOEPLITZ_CORRELATED,2,4,2,P1,1,8,10,0.3,45,0,0,SPECIFIED_CORRELATION,6,6,3,6,165,MC1_BASE_N2_L4_P1_R06,MC1_BASE_N2_L4_P1_R06,430100165,430200165,WHITENED_SEQUENTIAL_BEAMSPACE_EXPECTED_TOTAL_SNR,STAGE8_K2_TANGENT_WHITE_SNR_MONTE_CARLO_AND_CLOSURE_V1,ONE_SYNTHETIC_CPI,ONE_SELECTED_RANGE_DOPPLER_CELL,1,1,0,0,0,7ac5f2ed7f8b920df52a4e1cde4f3ee8f80b69a8208c8d8579b1925f9a445627,123ab6d381bf2d0b3a337127ac33eb322968a8f3fdd4a416ff98c590af56aff3,-16.664100918801,11.8284039020099,6.00000000000007
1159,MC1_K2_N2_L4_SP10_P1_R06,2,STAGE5_TOEPLITZ_CORRELATED,2,4,2,P1,1,8,10,0.3,45,0,0,SPECIFIED_CORRELATION,10,10,4,6,165,MC1_BASE_N2_L4_P1_R06,MC1_BASE_N2_L4_P1_R06,430100165,430200165,WHITENED_SEQUENTIAL_BEAMSPACE_EXPECTED_TOTAL_SNR,STAGE8_K2_TANGENT_WHITE_SNR_MONTE_CARLO_AND_CLOSURE_V1,ONE_SYNTHETIC_CPI,ONE_SELECTED_RANGE_DOPPLER_CELL,1,1,0,0,0,7ac5f2ed7f8b920df52a4e1cde4f3ee8f80b69a8208c8d8579b1925f9a445627,5745dcca2670acd8b7620c1223f27624bddced96a8e28df9e73e1325c8488021,-12.664100918801,15.8284039020099,10
1160,MC1_K2_N2_L4_SP14_P1_R06,2,STAGE5_TOEPLITZ_CORRELATED,2,4,2,P1,1,8,10,0.3,45,0,0,SPECIFIED_CORRELATION,14,14,5,6,165,MC1_BASE_N2_L4_P1_R06,MC1_BASE_N2_L4_P1_R06,430100165,430200165,WHITENED_SEQUENTIAL_BEAMSPACE_EXPECTED_TOTAL_SNR,STAGE8_K2_TANGENT_WHITE_SNR_MONTE_CARLO_AND_CLOSURE_V1,ONE_SYNTHETIC_CPI,ONE_SELECTED_RANGE_DOPPLER_CELL,1,1,0,0,0,7ac5f2ed7f8b920df52a4e1cde4f3ee8f80b69a8208c8d8579b1925f9a445627,21c5bd7ffbf19f8d413f4854e29e3e90bb8461c5429bfdea9dbfec2aed8434bd,-8.66410091880098,19.8284039020099,14
1161,MC1_K2_N2_L4_SP18_P1_R06,2,STAGE5_TOEPLITZ_CORRELATED,2,4,2,P1,1,8,10,0.3,45,0,0,SPECIFIED_CORRELATION,18,18,6,6,165,MC1_BASE_N2_L4_P1_R06,MC1_BASE_N2_L4_P1_R06,430100165,430200165,WHITENED_SEQUENTIAL_BEAMSPACE_EXPECTED_TOTAL_SNR,STAGE8_K2_TANGENT_WHITE_SNR_MONTE_CARLO_AND_CLOSURE_V1,ONE_SYNTHETIC_CPI,ONE_SELECTED_RANGE_DOPPLER_CELL,1,1,0,0,0,7ac5f2ed7f8b920df52a4e1cde4f3ee8f80b69a8208c8d8579b1925f9a445627,e573655c7bf0cb1b75e8c277da1cc546406038b9c63a46c595237189ceba63bd,-4.66410091880098,23.8284039020099,18
1162,MC1_K2_N2_L4_SP22_P1_R06,2,STAGE5_TOEPLITZ_CORRELATED,2,4,2,P1,1,8,10,0.3,45,0,0,SPECIFIED_CORRELATION,22,22,7,6,165,MC1_BASE_N2_L4_P1_R06,MC1_BASE_N2_L4_P1_R06,430100165,430200165,WHITENED_SEQUENTIAL_BEAMSPACE_EXPECTED_TOTAL_SNR,STAGE8_K2_TANGENT_WHITE_SNR_MONTE_CARLO_AND_CLOSURE_V1,ONE_SYNTHETIC_CPI,ONE_SELECTED_RANGE_DOPPLER_CELL,1,1,0,0,0,7ac5f2ed7f8b920df52a4e1cde4f3ee8f80b69a8208c8d8579b1925f9a445627,ccb0e44df1a33f637398e1d3f3892a231d228aa932f6a1b84eb39c0976d41aeb,-0.66410091880098,27.8284039020099,21.9999999999999
1163,MC1_K2_N2_L4_SM6_P1_R07,2,STAGE5_TOEPLITZ_CORRELATED,2,4,2,P1,1,8,10,0.3,45,0,0,SPECIFIED_CORRELATION,-6,-6,1,7,166,MC1_BASE_N2_L4_P1_R07,MC1_BASE_N2_L4_P1_R07,430100166,430200166,WHITENED_SEQUENTIAL_BEAMSPACE_EXPECTED_TOTAL_SNR,STAGE8_K2_TANGENT_WHITE_SNR_MONTE_CARLO_AND_CLOSURE_V1,ONE_SYNTHETIC_CPI,ONE_SELECTED_RANGE_DOPPLER_CELL,1,1,0,0,0,7ac5f2ed7f8b920df52a4e1cde4f3ee8f80b69a8208c8d8579b1925f9a445627,d66759773c47dfb8925ac70088c829d55952cfe77651f4fb4692d492478d363a,-28.664100918801,-0.171596097990134,-5.99999999999998
1164,MC1_K2_N2_L4_SP0_P1_R07,2,STAGE5_TOEPLITZ_CORRELATED,2,4,2,P1,1,8,10,0.3,45,0,0,SPECIFIED_CORRELATION,0,0,2,7,166,MC1_BASE_N2_L4_P1_R07,MC1_BASE_N2_L4_P1_R07,430100166,430200166,WHITENED_SEQUENTIAL_BEAMSPACE_EXPECTED_TOTAL_SNR,STAGE8_K2_TANGENT_WHITE_SNR_MONTE_CARLO_AND_CLOSURE_V1,ONE_SYNTHETIC_CPI,ONE_SELECTED_RANGE_DOPPLER_CELL,1,1,0,0,0,7ac5f2ed7f8b920df52a4e1cde4f3ee8f80b69a8208c8d8579b1925f9a445627,6fe9018d11119ffee89ba5381528a4cc2f17faeded671f77c0e273942e2328a9,-22.664100918801,5.82840390200987,8.19678346570286e-14
1165,MC1_K2_N2_L4_SP6_P1_R07,2,STAGE5_TOEPLITZ_CORRELATED,2,4,2,P1,1,8,10,0.3,45,0,0,SPECIFIED_CORRELATION,6,6,3,7,166,MC1_BASE_N2_L4_P1_R07,MC1_BASE_N2_L4_P1_R07,430100166,430200166,WHITENED_SEQUENTIAL_BEAMSPACE_EXPECTED_TOTAL_SNR,STAGE8_K2_TANGENT_WHITE_SNR_MONTE_CARLO_AND_CLOSURE_V1,ONE_SYNTHETIC_CPI,ONE_SELECTED_RANGE_DOPPLER_CELL,1,1,0,0,0,7ac5f2ed7f8b920df52a4e1cde4f3ee8f80b69a8208c8d8579b1925f9a445627,6193442863fd5c144459f2800fa8fe59b01411e4650338c4ee6899c2d3b51e1b,-16.664100918801,11.8284039020099,6.00000000000007
1166,MC1_K2_N2_L4_SP10_P1_R07,2,STAGE5_TOEPLITZ_CORRELATED,2,4,2,P1,1,8,10,0.3,45,0,0,SPECIFIED_CORRELATION,10,10,4,7,166,MC1_BASE_N2_L4_P1_R07,MC1_BASE_N2_L4_P1_R07,430100166,430200166,WHITENED_SEQUENTIAL_BEAMSPACE_EXPECTED_TOTAL_SNR,STAGE8_K2_TANGENT_WHITE_SNR_MONTE_CARLO_AND_CLOSURE_V1,ONE_SYNTHETIC_CPI,ONE_SELECTED_RANGE_DOPPLER_CELL,1,1,0,0,0,7ac5f2ed7f8b920df52a4e1cde4f3ee8f80b69a8208c8d8579b1925f9a445627,48040cf0ecf91425b6dcdd4d9de53b27d8fb17840647c868c365e1e501e6c1b1,-12.664100918801,15.8284039020099,10
1167,MC1_K2_N2_L4_SP14_P1_R07,2,STAGE5_TOEPLITZ_CORRELATED,2,4,2,P1,1,8,10,0.3,45,0,0,SPECIFIED_CORRELATION,14,14,5,7,166,MC1_BASE_N2_L4_P1_R07,MC1_BASE_N2_L4_P1_R07,430100166,430200166,WHITENED_SEQUENTIAL_BEAMSPACE_EXPECTED_TOTAL_SNR,STAGE8_K2_TANGENT_WHITE_SNR_MONTE_CARLO_AND_CLOSURE_V1,ONE_SYNTHETIC_CPI,ONE_SELECTED_RANGE_DOPPLER_CELL,1,1,0,0,0,7ac5f2ed7f8b920df52a4e1cde4f3ee8f80b69a8208c8d8579b1925f9a445627,c80c7c0a59740938366fdd15922c54b6451eb2041157d1a53294b3a12f77709a,-8.66410091880098,19.8284039020099,14
1168,MC1_K2_N2_L4_SP18_P1_R07,2,STAGE5_TOEPLITZ_CORRELATED,2,4,2,P1,1,8,10,0.3,45,0,0,SPECIFIED_CORRELATION,18,18,6,7,166,MC1_BASE_N2_L4_P1_R07,MC1_BASE_N2_L4_P1_R07,430100166,430200166,WHITENED_SEQUENTIAL_BEAMSPACE_EXPECTED_TOTAL_SNR,STAGE8_K2_TANGENT_WHITE_SNR_MONTE_CARLO_AND_CLOSURE_V1,ONE_SYNTHETIC_CPI,ONE_SELECTED_RANGE_DOPPLER_CELL,1,1,0,0,0,7ac5f2ed7f8b920df52a4e1cde4f3ee8f80b69a8208c8d8579b1925f9a445627,1a6240490c39f1ca2328251d1ca1ff661504658dc7a4863dc3318ae60e72b889,-4.66410091880098,23.8284039020099,18
1169,MC1_K2_N2_L4_SP22_P1_R07,2,STAGE5_TOEPLITZ_CORRELATED,2,4,2,P1,1,8,10,0.3,45,0,0,SPECIFIED_CORRELATION,22,22,7,7,166,MC1_BASE_N2_L4_P1_R07,MC1_BASE_N2_L4_P1_R07,430100166,430200166,WHITENED_SEQUENTIAL_BEAMSPACE_EXPECTED_TOTAL_SNR,STAGE8_K2_TANGENT_WHITE_SNR_MONTE_CARLO_AND_CLOSURE_V1,ONE_SYNTHETIC_CPI,ONE_SELECTED_RANGE_DOPPLER_CELL,1,1,0,0,0,7ac5f2ed7f8b920df52a4e1cde4f3ee8f80b69a8208c8d8579b1925f9a445627,7dc585f4f1c4b581e548c2de397efa64c60d4e8e9ca6fbe04a02a87b25cc97f2,-0.66410091880098,27.8284039020099,21.9999999999999
1170,MC1_K2_N2_L4_SM6_P1_R08,2,STAGE5_TOEPLITZ_CORRELATED,2,4,2,P1,1,8,10,0.3,45,0,0,SPECIFIED_CORRELATION,-6,-6,1,8,167,MC1_BASE_N2_L4_P1_R08,MC1_BASE_N2_L4_P1_R08,430100167,430200167,WHITENED_SEQUENTIAL_BEAMSPACE_EXPECTED_TOTAL_SNR,STAGE8_K2_TANGENT_WHITE_SNR_MONTE_CARLO_AND_CLOSURE_V1,ONE_SYNTHETIC_CPI,ONE_SELECTED_RANGE_DOPPLER_CELL,1,1,0,0,0,7ac5f2ed7f8b920df52a4e1cde4f3ee8f80b69a8208c8d8579b1925f9a445627,8858cd5ccdfc4a5df4c82df186f7d01d9ca611bc8500fd899307442ad9d6ecaa,-28.664100918801,-0.171596097990134,-5.99999999999998
1171,MC1_K2_N2_L4_SP0_P1_R08,2,STAGE5_TOEPLITZ_CORRELATED,2,4,2,P1,1,8,10,0.3,45,0,0,SPECIFIED_CORRELATION,0,0,2,8,167,MC1_BASE_N2_L4_P1_R08,MC1_BASE_N2_L4_P1_R08,430100167,430200167,WHITENED_SEQUENTIAL_BEAMSPACE_EXPECTED_TOTAL_SNR,STAGE8_K2_TANGENT_WHITE_SNR_MONTE_CARLO_AND_CLOSURE_V1,ONE_SYNTHETIC_CPI,ONE_SELECTED_RANGE_DOPPLER_CELL,1,1,0,0,0,7ac5f2ed7f8b920df52a4e1cde4f3ee8f80b69a8208c8d8579b1925f9a445627,cbf944fa77ad95bebe5fb45c45a3911995ddb969664f83c86574e9c588e81274,-22.664100918801,5.82840390200987,8.19678346570286e-14
1172,MC1_K2_N2_L4_SP6_P1_R08,2,STAGE5_TOEPLITZ_CORRELATED,2,4,2,P1,1,8,10,0.3,45,0,0,SPECIFIED_CORRELATION,6,6,3,8,167,MC1_BASE_N2_L4_P1_R08,MC1_BASE_N2_L4_P1_R08,430100167,430200167,WHITENED_SEQUENTIAL_BEAMSPACE_EXPECTED_TOTAL_SNR,STAGE8_K2_TANGENT_WHITE_SNR_MONTE_CARLO_AND_CLOSURE_V1,ONE_SYNTHETIC_CPI,ONE_SELECTED_RANGE_DOPPLER_CELL,1,1,0,0,0,7ac5f2ed7f8b920df52a4e1cde4f3ee8f80b69a8208c8d8579b1925f9a445627,f7bb6a5cb582263459096a918bfc9a61fc0390701fe317688dd4f9f02dabc09e,-16.664100918801,11.8284039020099,6.00000000000007
1173,MC1_K2_N2_L4_SP10_P1_R08,2,STAGE5_TOEPLITZ_CORRELATED,2,4,2,P1,1,8,10,0.3,45,0,0,SPECIFIED_CORRELATION,10,10,4,8,167,MC1_BASE_N2_L4_P1_R08,MC1_BASE_N2_L4_P1_R08,430100167,430200167,WHITENED_SEQUENTIAL_BEAMSPACE_EXPECTED_TOTAL_SNR,STAGE8_K2_TANGENT_WHITE_SNR_MONTE_CARLO_AND_CLOSURE_V1,ONE_SYNTHETIC_CPI,ONE_SELECTED_RANGE_DOPPLER_CELL,1,1,0,0,0,7ac5f2ed7f8b920df52a4e1cde4f3ee8f80b69a8208c8d8579b1925f9a445627,2e82d0fd28af95d7b5195f04a66d593c03cad5125b7552de5e86aaf55b59f598,-12.664100918801,15.8284039020099,10
1174,MC1_K2_N2_L4_SP14_P1_R08,2,STAGE5_TOEPLITZ_CORRELATED,2,4,2,P1,1,8,10,0.3,45,0,0,SPECIFIED_CORRELATION,14,14,5,8,167,MC1_BASE_N2_L4_P1_R08,MC1_BASE_N2_L4_P1_R08,430100167,430200167,WHITENED_SEQUENTIAL_BEAMSPACE_EXPECTED_TOTAL_SNR,STAGE8_K2_TANGENT_WHITE_SNR_MONTE_CARLO_AND_CLOSURE_V1,ONE_SYNTHETIC_CPI,ONE_SELECTED_RANGE_DOPPLER_CELL,1,1,0,0,0,7ac5f2ed7f8b920df52a4e1cde4f3ee8f80b69a8208c8d8579b1925f9a445627,0968c97263c19df99622ec9ff34f0ff8f63759173ebd8016f1bb358ec68be0f2,-8.66410091880098,19.8284039020099,14
1175,MC1_K2_N2_L4_SP18_P1_R08,2,STAGE5_TOEPLITZ_CORRELATED,2,4,2,P1,1,8,10,0.3,45,0,0,SPECIFIED_CORRELATION,18,18,6,8,167,MC1_BASE_N2_L4_P1_R08,MC1_BASE_N2_L4_P1_R08,430100167,430200167,WHITENED_SEQUENTIAL_BEAMSPACE_EXPECTED_TOTAL_SNR,STAGE8_K2_TANGENT_WHITE_SNR_MONTE_CARLO_AND_CLOSURE_V1,ONE_SYNTHETIC_CPI,ONE_SELECTED_RANGE_DOPPLER_CELL,1,1,0,0,0,7ac5f2ed7f8b920df52a4e1cde4f3ee8f80b69a8208c8d8579b1925f9a445627,5cea11d7246457018256953a732c66ccd9befed2fafd033041fb0c42180f6a21,-4.66410091880098,23.8284039020099,18
1176,MC1_K2_N2_L4_SP22_P1_R08,2,STAGE5_TOEPLITZ_CORRELATED,2,4,2,P1,1,8,10,0.3,45,0,0,SPECIFIED_CORRELATION,22,22,7,8,167,MC1_BASE_N2_L4_P1_R08,MC1_BASE_N2_L4_P1_R08,430100167,430200167,WHITENED_SEQUENTIAL_BEAMSPACE_EXPECTED_TOTAL_SNR,STAGE8_K2_TANGENT_WHITE_SNR_MONTE_CARLO_AND_CLOSURE_V1,ONE_SYNTHETIC_CPI,ONE_SELECTED_RANGE_DOPPLER_CELL,1,1,0,0,0,7ac5f2ed7f8b920df52a4e1cde4f3ee8f80b69a8208c8d8579b1925f9a445627,33f8318923f657adcc04d17cb71314c7c787253215d0e326139fff1185988225,-0.66410091880098,27.8284039020099,21.9999999999999
1177,MC1_K2_N2_L4_SM6_P1_R09,2,STAGE5_TOEPLITZ_CORRELATED,2,4,2,P1,1,8,10,0.3,45,0,0,SPECIFIED_CORRELATION,-6,-6,1,9,168,MC1_BASE_N2_L4_P1_R09,MC1_BASE_N2_L4_P1_R09,430100168,430200168,WHITENED_SEQUENTIAL_BEAMSPACE_EXPECTED_TOTAL_SNR,STAGE8_K2_TANGENT_WHITE_SNR_MONTE_CARLO_AND_CLOSURE_V1,ONE_SYNTHETIC_CPI,ONE_SELECTED_RANGE_DOPPLER_CELL,1,1,0,0,0,7ac5f2ed7f8b920df52a4e1cde4f3ee8f80b69a8208c8d8579b1925f9a445627,a633c1b148106e243b8238bdbd6a2436fbd82302e4cdf1d302ffcc6fe8f1fc96,-28.664100918801,-0.171596097990134,-5.99999999999998
1178,MC1_K2_N2_L4_SP0_P1_R09,2,STAGE5_TOEPLITZ_CORRELATED,2,4,2,P1,1,8,10,0.3,45,0,0,SPECIFIED_CORRELATION,0,0,2,9,168,MC1_BASE_N2_L4_P1_R09,MC1_BASE_N2_L4_P1_R09,430100168,430200168,WHITENED_SEQUENTIAL_BEAMSPACE_EXPECTED_TOTAL_SNR,STAGE8_K2_TANGENT_WHITE_SNR_MONTE_CARLO_AND_CLOSURE_V1,ONE_SYNTHETIC_CPI,ONE_SELECTED_RANGE_DOPPLER_CELL,1,1,0,0,0,7ac5f2ed7f8b920df52a4e1cde4f3ee8f80b69a8208c8d8579b1925f9a445627,e6f819c8d285e40fea995d23db8e6d696504a9cc921c8e22acc5cc29e5f9240d,-22.664100918801,5.82840390200987,8.19678346570286e-14
1179,MC1_K2_N2_L4_SP6_P1_R09,2,STAGE5_TOEPLITZ_CORRELATED,2,4,2,P1,1,8,10,0.3,45,0,0,SPECIFIED_CORRELATION,6,6,3,9,168,MC1_BASE_N2_L4_P1_R09,MC1_BASE_N2_L4_P1_R09,430100168,430200168,WHITENED_SEQUENTIAL_BEAMSPACE_EXPECTED_TOTAL_SNR,STAGE8_K2_TANGENT_WHITE_SNR_MONTE_CARLO_AND_CLOSURE_V1,ONE_SYNTHETIC_CPI,ONE_SELECTED_RANGE_DOPPLER_CELL,1,1,0,0,0,7ac5f2ed7f8b920df52a4e1cde4f3ee8f80b69a8208c8d8579b1925f9a445627,792eabc3adeb2c9d5fcfea18da762c8e496bfd8e196920406f13ea8a407b8c82,-16.664100918801,11.8284039020099,6.00000000000007
1180,MC1_K2_N2_L4_SP10_P1_R09,2,STAGE5_TOEPLITZ_CORRELATED,2,4,2,P1,1,8,10,0.3,45,0,0,SPECIFIED_CORRELATION,10,10,4,9,168,MC1_BASE_N2_L4_P1_R09,MC1_BASE_N2_L4_P1_R09,430100168,430200168,WHITENED_SEQUENTIAL_BEAMSPACE_EXPECTED_TOTAL_SNR,STAGE8_K2_TANGENT_WHITE_SNR_MONTE_CARLO_AND_CLOSURE_V1,ONE_SYNTHETIC_CPI,ONE_SELECTED_RANGE_DOPPLER_CELL,1,1,0,0,0,7ac5f2ed7f8b920df52a4e1cde4f3ee8f80b69a8208c8d8579b1925f9a445627,484d10f1cf8f1e078143d972c30ea66ff9066182c48ec3ec4aa8e57176955e20,-12.664100918801,15.8284039020099,10
1181,MC1_K2_N2_L4_SP14_P1_R09,2,STAGE5_TOEPLITZ_CORRELATED,2,4,2,P1,1,8,10,0.3,45,0,0,SPECIFIED_CORRELATION,14,14,5,9,168,MC1_BASE_N2_L4_P1_R09,MC1_BASE_N2_L4_P1_R09,430100168,430200168,WHITENED_SEQUENTIAL_BEAMSPACE_EXPECTED_TOTAL_SNR,STAGE8_K2_TANGENT_WHITE_SNR_MONTE_CARLO_AND_CLOSURE_V1,ONE_SYNTHETIC_CPI,ONE_SELECTED_RANGE_DOPPLER_CELL,1,1,0,0,0,7ac5f2ed7f8b920df52a4e1cde4f3ee8f80b69a8208c8d8579b1925f9a445627,4e7f292968838efb7a45e3dbc7000595961280252c213eb3c5b98c73a84cf40d,-8.66410091880098,19.8284039020099,14
1182,MC1_K2_N2_L4_SP18_P1_R09,2,STAGE5_TOEPLITZ_CORRELATED,2,4,2,P1,1,8,10,0.3,45,0,0,SPECIFIED_CORRELATION,18,18,6,9,168,MC1_BASE_N2_L4_P1_R09,MC1_BASE_N2_L4_P1_R09,430100168,430200168,WHITENED_SEQUENTIAL_BEAMSPACE_EXPECTED_TOTAL_SNR,STAGE8_K2_TANGENT_WHITE_SNR_MONTE_CARLO_AND_CLOSURE_V1,ONE_SYNTHETIC_CPI,ONE_SELECTED_RANGE_DOPPLER_CELL,1,1,0,0,0,7ac5f2ed7f8b920df52a4e1cde4f3ee8f80b69a8208c8d8579b1925f9a445627,cf6ef4f40715887f0b07e315a848541fba7726ba5ba3e8ce401fd4af38df7e15,-4.66410091880098,23.8284039020099,18
1183,MC1_K2_N2_L4_SP22_P1_R09,2,STAGE5_TOEPLITZ_CORRELATED,2,4,2,P1,1,8,10,0.3,45,0,0,SPECIFIED_CORRELATION,22,22,7,9,168,MC1_BASE_N2_L4_P1_R09,MC1_BASE_N2_L4_P1_R09,430100168,430200168,WHITENED_SEQUENTIAL_BEAMSPACE_EXPECTED_TOTAL_SNR,STAGE8_K2_TANGENT_WHITE_SNR_MONTE_CARLO_AND_CLOSURE_V1,ONE_SYNTHETIC_CPI,ONE_SELECTED_RANGE_DOPPLER_CELL,1,1,0,0,0,7ac5f2ed7f8b920df52a4e1cde4f3ee8f80b69a8208c8d8579b1925f9a445627,054675590a408335561e35389230f3997e0f38717a7f946379f0900b3062b638,-0.66410091880098,27.8284039020099,21.9999999999999
1184,MC1_K2_N2_L4_SM6_P1_R10,2,STAGE5_TOEPLITZ_CORRELATED,2,4,2,P1,1,8,10,0.3,45,0,0,SPECIFIED_CORRELATION,-6,-6,1,10,169,MC1_BASE_N2_L4_P1_R10,MC1_BASE_N2_L4_P1_R10,430100169,430200169,WHITENED_SEQUENTIAL_BEAMSPACE_EXPECTED_TOTAL_SNR,STAGE8_K2_TANGENT_WHITE_SNR_MONTE_CARLO_AND_CLOSURE_V1,ONE_SYNTHETIC_CPI,ONE_SELECTED_RANGE_DOPPLER_CELL,1,1,0,0,0,7ac5f2ed7f8b920df52a4e1cde4f3ee8f80b69a8208c8d8579b1925f9a445627,590176000ee3569a9e3d079b29bf9ab13a456f6d83f91feb6e022a58788c6139,-28.664100918801,-0.171596097990134,-5.99999999999998
1185,MC1_K2_N2_L4_SP0_P1_R10,2,STAGE5_TOEPLITZ_CORRELATED,2,4,2,P1,1,8,10,0.3,45,0,0,SPECIFIED_CORRELATION,0,0,2,10,169,MC1_BASE_N2_L4_P1_R10,MC1_BASE_N2_L4_P1_R10,430100169,430200169,WHITENED_SEQUENTIAL_BEAMSPACE_EXPECTED_TOTAL_SNR,STAGE8_K2_TANGENT_WHITE_SNR_MONTE_CARLO_AND_CLOSURE_V1,ONE_SYNTHETIC_CPI,ONE_SELECTED_RANGE_DOPPLER_CELL,1,1,0,0,0,7ac5f2ed7f8b920df52a4e1cde4f3ee8f80b69a8208c8d8579b1925f9a445627,3c218707daef4e7aca38b4ff515b18318bd19098beee48f3ed47a7cb680347fe,-22.664100918801,5.82840390200987,8.19678346570286e-14
1186,MC1_K2_N2_L4_SP6_P1_R10,2,STAGE5_TOEPLITZ_CORRELATED,2,4,2,P1,1,8,10,0.3,45,0,0,SPECIFIED_CORRELATION,6,6,3,10,169,MC1_BASE_N2_L4_P1_R10,MC1_BASE_N2_L4_P1_R10,430100169,430200169,WHITENED_SEQUENTIAL_BEAMSPACE_EXPECTED_TOTAL_SNR,STAGE8_K2_TANGENT_WHITE_SNR_MONTE_CARLO_AND_CLOSURE_V1,ONE_SYNTHETIC_CPI,ONE_SELECTED_RANGE_DOPPLER_CELL,1,1,0,0,0,7ac5f2ed7f8b920df52a4e1cde4f3ee8f80b69a8208c8d8579b1925f9a445627,f8b1e3b98f81564e939bcdb4e0c96dd5d78f1a2a9c2c513972e3ef4375c0177d,-16.664100918801,11.8284039020099,6.00000000000007
1187,MC1_K2_N2_L4_SP10_P1_R10,2,STAGE5_TOEPLITZ_CORRELATED,2,4,2,P1,1,8,10,0.3,45,0,0,SPECIFIED_CORRELATION,10,10,4,10,169,MC1_BASE_N2_L4_P1_R10,MC1_BASE_N2_L4_P1_R10,430100169,430200169,WHITENED_SEQUENTIAL_BEAMSPACE_EXPECTED_TOTAL_SNR,STAGE8_K2_TANGENT_WHITE_SNR_MONTE_CARLO_AND_CLOSURE_V1,ONE_SYNTHETIC_CPI,ONE_SELECTED_RANGE_DOPPLER_CELL,1,1,0,0,0,7ac5f2ed7f8b920df52a4e1cde4f3ee8f80b69a8208c8d8579b1925f9a445627,14cb451373ae33ff8abbfa39b8596abaa021886110e9ff3b29c5f2ab255157e7,-12.664100918801,15.8284039020099,10
1188,MC1_K2_N2_L4_SP14_P1_R10,2,STAGE5_TOEPLITZ_CORRELATED,2,4,2,P1,1,8,10,0.3,45,0,0,SPECIFIED_CORRELATION,14,14,5,10,169,MC1_BASE_N2_L4_P1_R10,MC1_BASE_N2_L4_P1_R10,430100169,430200169,WHITENED_SEQUENTIAL_BEAMSPACE_EXPECTED_TOTAL_SNR,STAGE8_K2_TANGENT_WHITE_SNR_MONTE_CARLO_AND_CLOSURE_V1,ONE_SYNTHETIC_CPI,ONE_SELECTED_RANGE_DOPPLER_CELL,1,1,0,0,0,7ac5f2ed7f8b920df52a4e1cde4f3ee8f80b69a8208c8d8579b1925f9a445627,6c4c29d12720df9d4c5b750678f458763711916e0257114fc333fef61919b625,-8.66410091880098,19.8284039020099,14
1189,MC1_K2_N2_L4_SP18_P1_R10,2,STAGE5_TOEPLITZ_CORRELATED,2,4,2,P1,1,8,10,0.3,45,0,0,SPECIFIED_CORRELATION,18,18,6,10,169,MC1_BASE_N2_L4_P1_R10,MC1_BASE_N2_L4_P1_R10,430100169,430200169,WHITENED_SEQUENTIAL_BEAMSPACE_EXPECTED_TOTAL_SNR,STAGE8_K2_TANGENT_WHITE_SNR_MONTE_CARLO_AND_CLOSURE_V1,ONE_SYNTHETIC_CPI,ONE_SELECTED_RANGE_DOPPLER_CELL,1,1,0,0,0,7ac5f2ed7f8b920df52a4e1cde4f3ee8f80b69a8208c8d8579b1925f9a445627,55e0f4815781068823c48ccce30c89a5427411a6d65eac794304e079fe74fd2d,-4.66410091880098,23.8284039020099,18
1190,MC1_K2_N2_L4_SP22_P1_R10,2,STAGE5_TOEPLITZ_CORRELATED,2,4,2,P1,1,8,10,0.3,45,0,0,SPECIFIED_CORRELATION,22,22,7,10,169,MC1_BASE_N2_L4_P1_R10,MC1_BASE_N2_L4_P1_R10,430100169,430200169,WHITENED_SEQUENTIAL_BEAMSPACE_EXPECTED_TOTAL_SNR,STAGE8_K2_TANGENT_WHITE_SNR_MONTE_CARLO_AND_CLOSURE_V1,ONE_SYNTHETIC_CPI,ONE_SELECTED_RANGE_DOPPLER_CELL,1,1,0,0,0,7ac5f2ed7f8b920df52a4e1cde4f3ee8f80b69a8208c8d8579b1925f9a445627,89371f5fdb89a2191f4b87245545be15377ba86a9216b7362d570ef1208bf310,-0.66410091880098,27.8284039020099,21.9999999999999
1191,MC1_K2_N2_L4_SM6_P2_R01,2,STAGE5_TOEPLITZ_CORRELATED,2,4,2,P2,2,8.2,10,0.2,0,-6,0,SPECIFIED_CORRELATION,-6,-6,1,1,170,MC1_BASE_N2_L4_P2_R01,MC1_BASE_N2_L4_P2_R01,430100170,430200170,WHITENED_SEQUENTIAL_BEAMSPACE_EXPECTED_TOTAL_SNR,STAGE8_K2_TANGENT_WHITE_SNR_MONTE_CARLO_AND_CLOSURE_V1,ONE_SYNTHETIC_CPI,ONE_SELECTED_RANGE_DOPPLER_CELL,1,1,0,0,0,7ac5f2ed7f8b920df52a4e1cde4f3ee8f80b69a8208c8d8579b1925f9a445627,8b9d19c539caa01863be4fac1308b3a6355326dcabfc88f8af29e61323d890f7,-28.6623914851739,-0.172143006705046,-5.99999999999997
1192,MC1_K2_N2_L4_SP0_P2_R01,2,STAGE5_TOEPLITZ_CORRELATED,2,4,2,P2,2,8.2,10,0.2,0,-6,0,SPECIFIED_CORRELATION,0,0,2,1,170,MC1_BASE_N2_L4_P2_R01,MC1_BASE_N2_L4_P2_R01,430100170,430200170,WHITENED_SEQUENTIAL_BEAMSPACE_EXPECTED_TOTAL_SNR,STAGE8_K2_TANGENT_WHITE_SNR_MONTE_CARLO_AND_CLOSURE_V1,ONE_SYNTHETIC_CPI,ONE_SELECTED_RANGE_DOPPLER_CELL,1,1,0,0,0,7ac5f2ed7f8b920df52a4e1cde4f3ee8f80b69a8208c8d8579b1925f9a445627,4cc13364871490d30a9a2594e4bd4c28281fdaa6c9bcb49ed2c4185618dfaf74,-22.6623914851739,5.82785699329496,1.32112862917798e-13
1193,MC1_K2_N2_L4_SP6_P2_R01,2,STAGE5_TOEPLITZ_CORRELATED,2,4,2,P2,2,8.2,10,0.2,0,-6,0,SPECIFIED_CORRELATION,6,6,3,1,170,MC1_BASE_N2_L4_P2_R01,MC1_BASE_N2_L4_P2_R01,430100170,430200170,WHITENED_SEQUENTIAL_BEAMSPACE_EXPECTED_TOTAL_SNR,STAGE8_K2_TANGENT_WHITE_SNR_MONTE_CARLO_AND_CLOSURE_V1,ONE_SYNTHETIC_CPI,ONE_SELECTED_RANGE_DOPPLER_CELL,1,1,0,0,0,7ac5f2ed7f8b920df52a4e1cde4f3ee8f80b69a8208c8d8579b1925f9a445627,dbac7305e3ecc1631c13fdc52a4d96148403e95827b971ae42902e2fab795e98,-16.6623914851739,11.827856993295,6.00000000000009
1194,MC1_K2_N2_L4_SP10_P2_R01,2,STAGE5_TOEPLITZ_CORRELATED,2,4,2,P2,2,8.2,10,0.2,0,-6,0,SPECIFIED_CORRELATION,10,10,4,1,170,MC1_BASE_N2_L4_P2_R01,MC1_BASE_N2_L4_P2_R01,430100170,430200170,WHITENED_SEQUENTIAL_BEAMSPACE_EXPECTED_TOTAL_SNR,STAGE8_K2_TANGENT_WHITE_SNR_MONTE_CARLO_AND_CLOSURE_V1,ONE_SYNTHETIC_CPI,ONE_SELECTED_RANGE_DOPPLER_CELL,1,1,0,0,0,7ac5f2ed7f8b920df52a4e1cde4f3ee8f80b69a8208c8d8579b1925f9a445627,cd79b7b9223230dd1bc57e79f90631a13f6a265fb9e84a5a71db03665f0a43df,-12.6623914851739,15.827856993295,10.0000000000001
1195,MC1_K2_N2_L4_SP14_P2_R01,2,STAGE5_TOEPLITZ_CORRELATED,2,4,2,P2,2,8.2,10,0.2,0,-6,0,SPECIFIED_CORRELATION,14,14,5,1,170,MC1_BASE_N2_L4_P2_R01,MC1_BASE_N2_L4_P2_R01,430100170,430200170,WHITENED_SEQUENTIAL_BEAMSPACE_EXPECTED_TOTAL_SNR,STAGE8_K2_TANGENT_WHITE_SNR_MONTE_CARLO_AND_CLOSURE_V1,ONE_SYNTHETIC_CPI,ONE_SELECTED_RANGE_DOPPLER_CELL,1,1,0,0,0,7ac5f2ed7f8b920df52a4e1cde4f3ee8f80b69a8208c8d8579b1925f9a445627,2da6388bb27ed72098c6c163492181644aac586f2078d36a482b67dbd6ed9f82,-8.6623914851739,19.827856993295,14
1196,MC1_K2_N2_L4_SP18_P2_R01,2,STAGE5_TOEPLITZ_CORRELATED,2,4,2,P2,2,8.2,10,0.2,0,-6,0,SPECIFIED_CORRELATION,18,18,6,1,170,MC1_BASE_N2_L4_P2_R01,MC1_BASE_N2_L4_P2_R01,430100170,430200170,WHITENED_SEQUENTIAL_BEAMSPACE_EXPECTED_TOTAL_SNR,STAGE8_K2_TANGENT_WHITE_SNR_MONTE_CARLO_AND_CLOSURE_V1,ONE_SYNTHETIC_CPI,ONE_SELECTED_RANGE_DOPPLER_CELL,1,1,0,0,0,7ac5f2ed7f8b920df52a4e1cde4f3ee8f80b69a8208c8d8579b1925f9a445627,b6b37b1ad66cb97b7ed154230a6decfa12eb0ecbd73a6950453f9b9d11d29c05,-4.6623914851739,23.827856993295,18
1197,MC1_K2_N2_L4_SP22_P2_R01,2,STAGE5_TOEPLITZ_CORRELATED,2,4,2,P2,2,8.2,10,0.2,0,-6,0,SPECIFIED_CORRELATION,22,22,7,1,170,MC1_BASE_N2_L4_P2_R01,MC1_BASE_N2_L4_P2_R01,430100170,430200170,WHITENED_SEQUENTIAL_BEAMSPACE_EXPECTED_TOTAL_SNR,STAGE8_K2_TANGENT_WHITE_SNR_MONTE_CARLO_AND_CLOSURE_V1,ONE_SYNTHETIC_CPI,ONE_SELECTED_RANGE_DOPPLER_CELL,1,1,0,0,0,7ac5f2ed7f8b920df52a4e1cde4f3ee8f80b69a8208c8d8579b1925f9a445627,8f023eb29cc538bf050acef1828ee1d3f6c3bba9076d3ab3c44325b88b599182,-0.662391485173896,27.827856993295,22
1198,MC1_K2_N2_L4_SM6_P2_R02,2,STAGE5_TOEPLITZ_CORRELATED,2,4,2,P2,2,8.2,10,0.2,0,-6,0,SPECIFIED_CORRELATION,-6,-6,1,2,171,MC1_BASE_N2_L4_P2_R02,MC1_BASE_N2_L4_P2_R02,430100171,430200171,WHITENED_SEQUENTIAL_BEAMSPACE_EXPECTED_TOTAL_SNR,STAGE8_K2_TANGENT_WHITE_SNR_MONTE_CARLO_AND_CLOSURE_V1,ONE_SYNTHETIC_CPI,ONE_SELECTED_RANGE_DOPPLER_CELL,1,1,0,0,0,7ac5f2ed7f8b920df52a4e1cde4f3ee8f80b69a8208c8d8579b1925f9a445627,b5fac61a9f5ca05773beb41a347d0a5b072007ad9d0ce209098afd68bb50c26a,-28.6623914851739,-0.172143006705046,-5.99999999999997
1199,MC1_K2_N2_L4_SP0_P2_R02,2,STAGE5_TOEPLITZ_CORRELATED,2,4,2,P2,2,8.2,10,0.2,0,-6,0,SPECIFIED_CORRELATION,0,0,2,2,171,MC1_BASE_N2_L4_P2_R02,MC1_BASE_N2_L4_P2_R02,430100171,430200171,WHITENED_SEQUENTIAL_BEAMSPACE_EXPECTED_TOTAL_SNR,STAGE8_K2_TANGENT_WHITE_SNR_MONTE_CARLO_AND_CLOSURE_V1,ONE_SYNTHETIC_CPI,ONE_SELECTED_RANGE_DOPPLER_CELL,1,1,0,0,0,7ac5f2ed7f8b920df52a4e1cde4f3ee8f80b69a8208c8d8579b1925f9a445627,ebd7ccf8dc716dd0b573083e739ee524293e3c687c7a5934953b872c22dd5a2a,-22.6623914851739,5.82785699329496,1.32112862917798e-13
1200,MC1_K2_N2_L4_SP6_P2_R02,2,STAGE5_TOEPLITZ_CORRELATED,2,4,2,P2,2,8.2,10,0.2,0,-6,0,SPECIFIED_CORRELATION,6,6,3,2,171,MC1_BASE_N2_L4_P2_R02,MC1_BASE_N2_L4_P2_R02,430100171,430200171,WHITENED_SEQUENTIAL_BEAMSPACE_EXPECTED_TOTAL_SNR,STAGE8_K2_TANGENT_WHITE_SNR_MONTE_CARLO_AND_CLOSURE_V1,ONE_SYNTHETIC_CPI,ONE_SELECTED_RANGE_DOPPLER_CELL,1,1,0,0,0,7ac5f2ed7f8b920df52a4e1cde4f3ee8f80b69a8208c8d8579b1925f9a445627,fb209d2953eaedaeb26e3950a4cb0e680616f2fb4e184afc402d8b76269d1c95,-16.6623914851739,11.827856993295,6.00000000000009
1201,MC1_K2_N2_L4_SP10_P2_R02,2,STAGE5_TOEPLITZ_CORRELATED,2,4,2,P2,2,8.2,10,0.2,0,-6,0,SPECIFIED_CORRELATION,10,10,4,2,171,MC1_BASE_N2_L4_P2_R02,MC1_BASE_N2_L4_P2_R02,430100171,430200171,WHITENED_SEQUENTIAL_BEAMSPACE_EXPECTED_TOTAL_SNR,STAGE8_K2_TANGENT_WHITE_SNR_MONTE_CARLO_AND_CLOSURE_V1,ONE_SYNTHETIC_CPI,ONE_SELECTED_RANGE_DOPPLER_CELL,1,1,0,0,0,7ac5f2ed7f8b920df52a4e1cde4f3ee8f80b69a8208c8d8579b1925f9a445627,e1449f009582858faa80dba5aaa51f29f0fbd68500eb18a0a3116e321577eefc,-12.6623914851739,15.827856993295,10.0000000000001
1202,MC1_K2_N2_L4_SP14_P2_R02,2,STAGE5_TOEPLITZ_CORRELATED,2,4,2,P2,2,8.2,10,0.2,0,-6,0,SPECIFIED_CORRELATION,14,14,5,2,171,MC1_BASE_N2_L4_P2_R02,MC1_BASE_N2_L4_P2_R02,430100171,430200171,WHITENED_SEQUENTIAL_BEAMSPACE_EXPECTED_TOTAL_SNR,STAGE8_K2_TANGENT_WHITE_SNR_MONTE_CARLO_AND_CLOSURE_V1,ONE_SYNTHETIC_CPI,ONE_SELECTED_RANGE_DOPPLER_CELL,1,1,0,0,0,7ac5f2ed7f8b920df52a4e1cde4f3ee8f80b69a8208c8d8579b1925f9a445627,77010decdb1ac31c32c2c91a6e726d79d2d6bec35baf0a85fcc757b671dc8493,-8.6623914851739,19.827856993295,14
1203,MC1_K2_N2_L4_SP18_P2_R02,2,STAGE5_TOEPLITZ_CORRELATED,2,4,2,P2,2,8.2,10,0.2,0,-6,0,SPECIFIED_CORRELATION,18,18,6,2,171,MC1_BASE_N2_L4_P2_R02,MC1_BASE_N2_L4_P2_R02,430100171,430200171,WHITENED_SEQUENTIAL_BEAMSPACE_EXPECTED_TOTAL_SNR,STAGE8_K2_TANGENT_WHITE_SNR_MONTE_CARLO_AND_CLOSURE_V1,ONE_SYNTHETIC_CPI,ONE_SELECTED_RANGE_DOPPLER_CELL,1,1,0,0,0,7ac5f2ed7f8b920df52a4e1cde4f3ee8f80b69a8208c8d8579b1925f9a445627,3ab0bffcf9b3bddc61de49a813d00429bf68333743b5b2a6f9d5a3719750e654,-4.6623914851739,23.827856993295,18
1204,MC1_K2_N2_L4_SP22_P2_R02,2,STAGE5_TOEPLITZ_CORRELATED,2,4,2,P2,2,8.2,10,0.2,0,-6,0,SPECIFIED_CORRELATION,22,22,7,2,171,MC1_BASE_N2_L4_P2_R02,MC1_BASE_N2_L4_P2_R02,430100171,430200171,WHITENED_SEQUENTIAL_BEAMSPACE_EXPECTED_TOTAL_SNR,STAGE8_K2_TANGENT_WHITE_SNR_MONTE_CARLO_AND_CLOSURE_V1,ONE_SYNTHETIC_CPI,ONE_SELECTED_RANGE_DOPPLER_CELL,1,1,0,0,0,7ac5f2ed7f8b920df52a4e1cde4f3ee8f80b69a8208c8d8579b1925f9a445627,c78ff5bb394097c81c4a923d6c68afb98895dab2241f55078eaff725a2d15f9a,-0.662391485173896,27.827856993295,22
1205,MC1_K2_N2_L4_SM6_P2_R03,2,STAGE5_TOEPLITZ_CORRELATED,2,4,2,P2,2,8.2,10,0.2,0,-6,0,SPECIFIED_CORRELATION,-6,-6,1,3,172,MC1_BASE_N2_L4_P2_R03,MC1_BASE_N2_L4_P2_R03,430100172,430200172,WHITENED_SEQUENTIAL_BEAMSPACE_EXPECTED_TOTAL_SNR,STAGE8_K2_TANGENT_WHITE_SNR_MONTE_CARLO_AND_CLOSURE_V1,ONE_SYNTHETIC_CPI,ONE_SELECTED_RANGE_DOPPLER_CELL,1,1,0,0,0,7ac5f2ed7f8b920df52a4e1cde4f3ee8f80b69a8208c8d8579b1925f9a445627,5014fb0c4ecbc31da50a2890bfe63f67c19c57f2dfc9da983f3fc9ba3a644aff,-28.6623914851739,-0.172143006705046,-5.99999999999997
1206,MC1_K2_N2_L4_SP0_P2_R03,2,STAGE5_TOEPLITZ_CORRELATED,2,4,2,P2,2,8.2,10,0.2,0,-6,0,SPECIFIED_CORRELATION,0,0,2,3,172,MC1_BASE_N2_L4_P2_R03,MC1_BASE_N2_L4_P2_R03,430100172,430200172,WHITENED_SEQUENTIAL_BEAMSPACE_EXPECTED_TOTAL_SNR,STAGE8_K2_TANGENT_WHITE_SNR_MONTE_CARLO_AND_CLOSURE_V1,ONE_SYNTHETIC_CPI,ONE_SELECTED_RANGE_DOPPLER_CELL,1,1,0,0,0,7ac5f2ed7f8b920df52a4e1cde4f3ee8f80b69a8208c8d8579b1925f9a445627,ec406f5bd2b6100ae599c10c0220cdc68d5a87b5832f6e3c53730181394e20b9,-22.6623914851739,5.82785699329496,1.32112862917798e-13
1207,MC1_K2_N2_L4_SP6_P2_R03,2,STAGE5_TOEPLITZ_CORRELATED,2,4,2,P2,2,8.2,10,0.2,0,-6,0,SPECIFIED_CORRELATION,6,6,3,3,172,MC1_BASE_N2_L4_P2_R03,MC1_BASE_N2_L4_P2_R03,430100172,430200172,WHITENED_SEQUENTIAL_BEAMSPACE_EXPECTED_TOTAL_SNR,STAGE8_K2_TANGENT_WHITE_SNR_MONTE_CARLO_AND_CLOSURE_V1,ONE_SYNTHETIC_CPI,ONE_SELECTED_RANGE_DOPPLER_CELL,1,1,0,0,0,7ac5f2ed7f8b920df52a4e1cde4f3ee8f80b69a8208c8d8579b1925f9a445627,d159e1d9c27bcb23c2dbbc5a661035febd649ad1e86f59297150efceecd51bb1,-16.6623914851739,11.827856993295,6.00000000000009
1208,MC1_K2_N2_L4_SP10_P2_R03,2,STAGE5_TOEPLITZ_CORRELATED,2,4,2,P2,2,8.2,10,0.2,0,-6,0,SPECIFIED_CORRELATION,10,10,4,3,172,MC1_BASE_N2_L4_P2_R03,MC1_BASE_N2_L4_P2_R03,430100172,430200172,WHITENED_SEQUENTIAL_BEAMSPACE_EXPECTED_TOTAL_SNR,STAGE8_K2_TANGENT_WHITE_SNR_MONTE_CARLO_AND_CLOSURE_V1,ONE_SYNTHETIC_CPI,ONE_SELECTED_RANGE_DOPPLER_CELL,1,1,0,0,0,7ac5f2ed7f8b920df52a4e1cde4f3ee8f80b69a8208c8d8579b1925f9a445627,07b93a9fbef5d4bae9dd82eeb62910090d442e8fe615f72917fbdf2b26c9383b,-12.6623914851739,15.827856993295,10.0000000000001
1209,MC1_K2_N2_L4_SP14_P2_R03,2,STAGE5_TOEPLITZ_CORRELATED,2,4,2,P2,2,8.2,10,0.2,0,-6,0,SPECIFIED_CORRELATION,14,14,5,3,172,MC1_BASE_N2_L4_P2_R03,MC1_BASE_N2_L4_P2_R03,430100172,430200172,WHITENED_SEQUENTIAL_BEAMSPACE_EXPECTED_TOTAL_SNR,STAGE8_K2_TANGENT_WHITE_SNR_MONTE_CARLO_AND_CLOSURE_V1,ONE_SYNTHETIC_CPI,ONE_SELECTED_RANGE_DOPPLER_CELL,1,1,0,0,0,7ac5f2ed7f8b920df52a4e1cde4f3ee8f80b69a8208c8d8579b1925f9a445627,ee785a8bb0a5631d7e81f8cf85b6dbc7f3d88963da1dc970e07fceef37dd7d43,-8.6623914851739,19.827856993295,14
1210,MC1_K2_N2_L4_SP18_P2_R03,2,STAGE5_TOEPLITZ_CORRELATED,2,4,2,P2,2,8.2,10,0.2,0,-6,0,SPECIFIED_CORRELATION,18,18,6,3,172,MC1_BASE_N2_L4_P2_R03,MC1_BASE_N2_L4_P2_R03,430100172,430200172,WHITENED_SEQUENTIAL_BEAMSPACE_EXPECTED_TOTAL_SNR,STAGE8_K2_TANGENT_WHITE_SNR_MONTE_CARLO_AND_CLOSURE_V1,ONE_SYNTHETIC_CPI,ONE_SELECTED_RANGE_DOPPLER_CELL,1,1,0,0,0,7ac5f2ed7f8b920df52a4e1cde4f3ee8f80b69a8208c8d8579b1925f9a445627,27f44c2a632d4d4ada1d04a428624b96c7ca001dba154a4f99cdc11d9a2e4e75,-4.6623914851739,23.827856993295,18
1211,MC1_K2_N2_L4_SP22_P2_R03,2,STAGE5_TOEPLITZ_CORRELATED,2,4,2,P2,2,8.2,10,0.2,0,-6,0,SPECIFIED_CORRELATION,22,22,7,3,172,MC1_BASE_N2_L4_P2_R03,MC1_BASE_N2_L4_P2_R03,430100172,430200172,WHITENED_SEQUENTIAL_BEAMSPACE_EXPECTED_TOTAL_SNR,STAGE8_K2_TANGENT_WHITE_SNR_MONTE_CARLO_AND_CLOSURE_V1,ONE_SYNTHETIC_CPI,ONE_SELECTED_RANGE_DOPPLER_CELL,1,1,0,0,0,7ac5f2ed7f8b920df52a4e1cde4f3ee8f80b69a8208c8d8579b1925f9a445627,ab0ed744c27c45a9e49eab90c2a0830d16e9129e2f2ba1603de86590f9c75ec0,-0.662391485173896,27.827856993295,22
1212,MC1_K2_N2_L4_SM6_P2_R04,2,STAGE5_TOEPLITZ_CORRELATED,2,4,2,P2,2,8.2,10,0.2,0,-6,0,SPECIFIED_CORRELATION,-6,-6,1,4,173,MC1_BASE_N2_L4_P2_R04,MC1_BASE_N2_L4_P2_R04,430100173,430200173,WHITENED_SEQUENTIAL_BEAMSPACE_EXPECTED_TOTAL_SNR,STAGE8_K2_TANGENT_WHITE_SNR_MONTE_CARLO_AND_CLOSURE_V1,ONE_SYNTHETIC_CPI,ONE_SELECTED_RANGE_DOPPLER_CELL,1,1,0,0,0,7ac5f2ed7f8b920df52a4e1cde4f3ee8f80b69a8208c8d8579b1925f9a445627,30ded4c8622c1b0f6ecd7884fe64e4c9a7edb59d66be2451ed99207461f1e001,-28.6623914851739,-0.172143006705046,-5.99999999999997
1213,MC1_K2_N2_L4_SP0_P2_R04,2,STAGE5_TOEPLITZ_CORRELATED,2,4,2,P2,2,8.2,10,0.2,0,-6,0,SPECIFIED_CORRELATION,0,0,2,4,173,MC1_BASE_N2_L4_P2_R04,MC1_BASE_N2_L4_P2_R04,430100173,430200173,WHITENED_SEQUENTIAL_BEAMSPACE_EXPECTED_TOTAL_SNR,STAGE8_K2_TANGENT_WHITE_SNR_MONTE_CARLO_AND_CLOSURE_V1,ONE_SYNTHETIC_CPI,ONE_SELECTED_RANGE_DOPPLER_CELL,1,1,0,0,0,7ac5f2ed7f8b920df52a4e1cde4f3ee8f80b69a8208c8d8579b1925f9a445627,6ac0e5833f989ca5f27636c8c8dfb1f7273f2f567813a333cacd225071606013,-22.6623914851739,5.82785699329496,1.32112862917798e-13
1214,MC1_K2_N2_L4_SP6_P2_R04,2,STAGE5_TOEPLITZ_CORRELATED,2,4,2,P2,2,8.2,10,0.2,0,-6,0,SPECIFIED_CORRELATION,6,6,3,4,173,MC1_BASE_N2_L4_P2_R04,MC1_BASE_N2_L4_P2_R04,430100173,430200173,WHITENED_SEQUENTIAL_BEAMSPACE_EXPECTED_TOTAL_SNR,STAGE8_K2_TANGENT_WHITE_SNR_MONTE_CARLO_AND_CLOSURE_V1,ONE_SYNTHETIC_CPI,ONE_SELECTED_RANGE_DOPPLER_CELL,1,1,0,0,0,7ac5f2ed7f8b920df52a4e1cde4f3ee8f80b69a8208c8d8579b1925f9a445627,5aadcff3fd4fd7eef303ffb2a85dde077ff9fda23c23947fc6e48cf5d65bb53c,-16.6623914851739,11.827856993295,6.00000000000009
1215,MC1_K2_N2_L4_SP10_P2_R04,2,STAGE5_TOEPLITZ_CORRELATED,2,4,2,P2,2,8.2,10,0.2,0,-6,0,SPECIFIED_CORRELATION,10,10,4,4,173,MC1_BASE_N2_L4_P2_R04,MC1_BASE_N2_L4_P2_R04,430100173,430200173,WHITENED_SEQUENTIAL_BEAMSPACE_EXPECTED_TOTAL_SNR,STAGE8_K2_TANGENT_WHITE_SNR_MONTE_CARLO_AND_CLOSURE_V1,ONE_SYNTHETIC_CPI,ONE_SELECTED_RANGE_DOPPLER_CELL,1,1,0,0,0,7ac5f2ed7f8b920df52a4e1cde4f3ee8f80b69a8208c8d8579b1925f9a445627,8b717742ccb8de1c1c9dd8833f726e01aa670bf95d4324c6723116b0d7c07d05,-12.6623914851739,15.827856993295,10.0000000000001
1216,MC1_K2_N2_L4_SP14_P2_R04,2,STAGE5_TOEPLITZ_CORRELATED,2,4,2,P2,2,8.2,10,0.2,0,-6,0,SPECIFIED_CORRELATION,14,14,5,4,173,MC1_BASE_N2_L4_P2_R04,MC1_BASE_N2_L4_P2_R04,430100173,430200173,WHITENED_SEQUENTIAL_BEAMSPACE_EXPECTED_TOTAL_SNR,STAGE8_K2_TANGENT_WHITE_SNR_MONTE_CARLO_AND_CLOSURE_V1,ONE_SYNTHETIC_CPI,ONE_SELECTED_RANGE_DOPPLER_CELL,1,1,0,0,0,7ac5f2ed7f8b920df52a4e1cde4f3ee8f80b69a8208c8d8579b1925f9a445627,ac55dde7b0d2038a94fa3da1cc00492c7baff5acc2b7c76d50bb97bb5e12ae05,-8.6623914851739,19.827856993295,14
1217,MC1_K2_N2_L4_SP18_P2_R04,2,STAGE5_TOEPLITZ_CORRELATED,2,4,2,P2,2,8.2,10,0.2,0,-6,0,SPECIFIED_CORRELATION,18,18,6,4,173,MC1_BASE_N2_L4_P2_R04,MC1_BASE_N2_L4_P2_R04,430100173,430200173,WHITENED_SEQUENTIAL_BEAMSPACE_EXPECTED_TOTAL_SNR,STAGE8_K2_TANGENT_WHITE_SNR_MONTE_CARLO_AND_CLOSURE_V1,ONE_SYNTHETIC_CPI,ONE_SELECTED_RANGE_DOPPLER_CELL,1,1,0,0,0,7ac5f2ed7f8b920df52a4e1cde4f3ee8f80b69a8208c8d8579b1925f9a445627,685bd6e6725945e90ff72aa8865192eb675f9c6e7b6b310d1b8af15a1ce6e457,-4.6623914851739,23.827856993295,18
1218,MC1_K2_N2_L4_SP22_P2_R04,2,STAGE5_TOEPLITZ_CORRELATED,2,4,2,P2,2,8.2,10,0.2,0,-6,0,SPECIFIED_CORRELATION,22,22,7,4,173,MC1_BASE_N2_L4_P2_R04,MC1_BASE_N2_L4_P2_R04,430100173,430200173,WHITENED_SEQUENTIAL_BEAMSPACE_EXPECTED_TOTAL_SNR,STAGE8_K2_TANGENT_WHITE_SNR_MONTE_CARLO_AND_CLOSURE_V1,ONE_SYNTHETIC_CPI,ONE_SELECTED_RANGE_DOPPLER_CELL,1,1,0,0,0,7ac5f2ed7f8b920df52a4e1cde4f3ee8f80b69a8208c8d8579b1925f9a445627,0bea766a635c3770804996ebd774a122a6f8d1c9da08fc2af115edd83fc4fc72,-0.662391485173896,27.827856993295,22
1219,MC1_K2_N2_L4_SM6_P2_R05,2,STAGE5_TOEPLITZ_CORRELATED,2,4,2,P2,2,8.2,10,0.2,0,-6,0,SPECIFIED_CORRELATION,-6,-6,1,5,174,MC1_BASE_N2_L4_P2_R05,MC1_BASE_N2_L4_P2_R05,430100174,430200174,WHITENED_SEQUENTIAL_BEAMSPACE_EXPECTED_TOTAL_SNR,STAGE8_K2_TANGENT_WHITE_SNR_MONTE_CARLO_AND_CLOSURE_V1,ONE_SYNTHETIC_CPI,ONE_SELECTED_RANGE_DOPPLER_CELL,1,1,0,0,0,7ac5f2ed7f8b920df52a4e1cde4f3ee8f80b69a8208c8d8579b1925f9a445627,c237198be5c15aa1020e351c385d82b63b600a80b33d3a84060129f7d0f2e237,-28.6623914851739,-0.172143006705046,-5.99999999999997
1220,MC1_K2_N2_L4_SP0_P2_R05,2,STAGE5_TOEPLITZ_CORRELATED,2,4,2,P2,2,8.2,10,0.2,0,-6,0,SPECIFIED_CORRELATION,0,0,2,5,174,MC1_BASE_N2_L4_P2_R05,MC1_BASE_N2_L4_P2_R05,430100174,430200174,WHITENED_SEQUENTIAL_BEAMSPACE_EXPECTED_TOTAL_SNR,STAGE8_K2_TANGENT_WHITE_SNR_MONTE_CARLO_AND_CLOSURE_V1,ONE_SYNTHETIC_CPI,ONE_SELECTED_RANGE_DOPPLER_CELL,1,1,0,0,0,7ac5f2ed7f8b920df52a4e1cde4f3ee8f80b69a8208c8d8579b1925f9a445627,79ef082e52012c1ba6bafe51b22919a8e16febe66bd607e66529de7ab7a76c4a,-22.6623914851739,5.82785699329496,1.32112862917798e-13
1221,MC1_K2_N2_L4_SP6_P2_R05,2,STAGE5_TOEPLITZ_CORRELATED,2,4,2,P2,2,8.2,10,0.2,0,-6,0,SPECIFIED_CORRELATION,6,6,3,5,174,MC1_BASE_N2_L4_P2_R05,MC1_BASE_N2_L4_P2_R05,430100174,430200174,WHITENED_SEQUENTIAL_BEAMSPACE_EXPECTED_TOTAL_SNR,STAGE8_K2_TANGENT_WHITE_SNR_MONTE_CARLO_AND_CLOSURE_V1,ONE_SYNTHETIC_CPI,ONE_SELECTED_RANGE_DOPPLER_CELL,1,1,0,0,0,7ac5f2ed7f8b920df52a4e1cde4f3ee8f80b69a8208c8d8579b1925f9a445627,4b27a4c832e76da9d9f628b4a79755412fa0df5ccb139221892fce46d2405319,-16.6623914851739,11.827856993295,6.00000000000009
1222,MC1_K2_N2_L4_SP10_P2_R05,2,STAGE5_TOEPLITZ_CORRELATED,2,4,2,P2,2,8.2,10,0.2,0,-6,0,SPECIFIED_CORRELATION,10,10,4,5,174,MC1_BASE_N2_L4_P2_R05,MC1_BASE_N2_L4_P2_R05,430100174,430200174,WHITENED_SEQUENTIAL_BEAMSPACE_EXPECTED_TOTAL_SNR,STAGE8_K2_TANGENT_WHITE_SNR_MONTE_CARLO_AND_CLOSURE_V1,ONE_SYNTHETIC_CPI,ONE_SELECTED_RANGE_DOPPLER_CELL,1,1,0,0,0,7ac5f2ed7f8b920df52a4e1cde4f3ee8f80b69a8208c8d8579b1925f9a445627,d84fad408253b73a2b94a043132bc685a03dd088835a4e628d28f43751404ce3,-12.6623914851739,15.827856993295,10.0000000000001
1223,MC1_K2_N2_L4_SP14_P2_R05,2,STAGE5_TOEPLITZ_CORRELATED,2,4,2,P2,2,8.2,10,0.2,0,-6,0,SPECIFIED_CORRELATION,14,14,5,5,174,MC1_BASE_N2_L4_P2_R05,MC1_BASE_N2_L4_P2_R05,430100174,430200174,WHITENED_SEQUENTIAL_BEAMSPACE_EXPECTED_TOTAL_SNR,STAGE8_K2_TANGENT_WHITE_SNR_MONTE_CARLO_AND_CLOSURE_V1,ONE_SYNTHETIC_CPI,ONE_SELECTED_RANGE_DOPPLER_CELL,1,1,0,0,0,7ac5f2ed7f8b920df52a4e1cde4f3ee8f80b69a8208c8d8579b1925f9a445627,1fc49268bdef8a78e0be11eb9f5b8804118c6a42844893696bdb64e465c679b2,-8.6623914851739,19.827856993295,14
1224,MC1_K2_N2_L4_SP18_P2_R05,2,STAGE5_TOEPLITZ_CORRELATED,2,4,2,P2,2,8.2,10,0.2,0,-6,0,SPECIFIED_CORRELATION,18,18,6,5,174,MC1_BASE_N2_L4_P2_R05,MC1_BASE_N2_L4_P2_R05,430100174,430200174,WHITENED_SEQUENTIAL_BEAMSPACE_EXPECTED_TOTAL_SNR,STAGE8_K2_TANGENT_WHITE_SNR_MONTE_CARLO_AND_CLOSURE_V1,ONE_SYNTHETIC_CPI,ONE_SELECTED_RANGE_DOPPLER_CELL,1,1,0,0,0,7ac5f2ed7f8b920df52a4e1cde4f3ee8f80b69a8208c8d8579b1925f9a445627,ab2569d94b27a7fb1ca03b16a08c9fbd916c32966aea5c455fbdfb4673f01558,-4.6623914851739,23.827856993295,18
1225,MC1_K2_N2_L4_SP22_P2_R05,2,STAGE5_TOEPLITZ_CORRELATED,2,4,2,P2,2,8.2,10,0.2,0,-6,0,SPECIFIED_CORRELATION,22,22,7,5,174,MC1_BASE_N2_L4_P2_R05,MC1_BASE_N2_L4_P2_R05,430100174,430200174,WHITENED_SEQUENTIAL_BEAMSPACE_EXPECTED_TOTAL_SNR,STAGE8_K2_TANGENT_WHITE_SNR_MONTE_CARLO_AND_CLOSURE_V1,ONE_SYNTHETIC_CPI,ONE_SELECTED_RANGE_DOPPLER_CELL,1,1,0,0,0,7ac5f2ed7f8b920df52a4e1cde4f3ee8f80b69a8208c8d8579b1925f9a445627,5049fdc0b8c98bd15b3bf447cdfaf44d4991df861093e650ce7a07c381dd8799,-0.662391485173896,27.827856993295,22
1226,MC1_K2_N2_L4_SM6_P2_R06,2,STAGE5_TOEPLITZ_CORRELATED,2,4,2,P2,2,8.2,10,0.2,0,-6,0,SPECIFIED_CORRELATION,-6,-6,1,6,175,MC1_BASE_N2_L4_P2_R06,MC1_BASE_N2_L4_P2_R06,430100175,430200175,WHITENED_SEQUENTIAL_BEAMSPACE_EXPECTED_TOTAL_SNR,STAGE8_K2_TANGENT_WHITE_SNR_MONTE_CARLO_AND_CLOSURE_V1,ONE_SYNTHETIC_CPI,ONE_SELECTED_RANGE_DOPPLER_CELL,1,1,0,0,0,7ac5f2ed7f8b920df52a4e1cde4f3ee8f80b69a8208c8d8579b1925f9a445627,6c7dd4176d870eb7c3f8a513f2afc671d98de280572b0885138dde9074bedd50,-28.6623914851739,-0.172143006705046,-5.99999999999997
1227,MC1_K2_N2_L4_SP0_P2_R06,2,STAGE5_TOEPLITZ_CORRELATED,2,4,2,P2,2,8.2,10,0.2,0,-6,0,SPECIFIED_CORRELATION,0,0,2,6,175,MC1_BASE_N2_L4_P2_R06,MC1_BASE_N2_L4_P2_R06,430100175,430200175,WHITENED_SEQUENTIAL_BEAMSPACE_EXPECTED_TOTAL_SNR,STAGE8_K2_TANGENT_WHITE_SNR_MONTE_CARLO_AND_CLOSURE_V1,ONE_SYNTHETIC_CPI,ONE_SELECTED_RANGE_DOPPLER_CELL,1,1,0,0,0,7ac5f2ed7f8b920df52a4e1cde4f3ee8f80b69a8208c8d8579b1925f9a445627,9ea1fa8a0f9b9f93b13cb68f1ac68dd8bae4b146747f5e94c05a3769cff9ed91,-22.6623914851739,5.82785699329496,1.32112862917798e-13
1228,MC1_K2_N2_L4_SP6_P2_R06,2,STAGE5_TOEPLITZ_CORRELATED,2,4,2,P2,2,8.2,10,0.2,0,-6,0,SPECIFIED_CORRELATION,6,6,3,6,175,MC1_BASE_N2_L4_P2_R06,MC1_BASE_N2_L4_P2_R06,430100175,430200175,WHITENED_SEQUENTIAL_BEAMSPACE_EXPECTED_TOTAL_SNR,STAGE8_K2_TANGENT_WHITE_SNR_MONTE_CARLO_AND_CLOSURE_V1,ONE_SYNTHETIC_CPI,ONE_SELECTED_RANGE_DOPPLER_CELL,1,1,0,0,0,7ac5f2ed7f8b920df52a4e1cde4f3ee8f80b69a8208c8d8579b1925f9a445627,f3384bdd947a99d5d282b5363f6936e93e4a4c61669f46c5222bbd0ca3ae31f3,-16.6623914851739,11.827856993295,6.00000000000009
1229,MC1_K2_N2_L4_SP10_P2_R06,2,STAGE5_TOEPLITZ_CORRELATED,2,4,2,P2,2,8.2,10,0.2,0,-6,0,SPECIFIED_CORRELATION,10,10,4,6,175,MC1_BASE_N2_L4_P2_R06,MC1_BASE_N2_L4_P2_R06,430100175,430200175,WHITENED_SEQUENTIAL_BEAMSPACE_EXPECTED_TOTAL_SNR,STAGE8_K2_TANGENT_WHITE_SNR_MONTE_CARLO_AND_CLOSURE_V1,ONE_SYNTHETIC_CPI,ONE_SELECTED_RANGE_DOPPLER_CELL,1,1,0,0,0,7ac5f2ed7f8b920df52a4e1cde4f3ee8f80b69a8208c8d8579b1925f9a445627,b23ca8b264194be034736f0011ad9a8d46330f001281ed69cb6f1c6af5e997ee,-12.6623914851739,15.827856993295,10.0000000000001
1230,MC1_K2_N2_L4_SP14_P2_R06,2,STAGE5_TOEPLITZ_CORRELATED,2,4,2,P2,2,8.2,10,0.2,0,-6,0,SPECIFIED_CORRELATION,14,14,5,6,175,MC1_BASE_N2_L4_P2_R06,MC1_BASE_N2_L4_P2_R06,430100175,430200175,WHITENED_SEQUENTIAL_BEAMSPACE_EXPECTED_TOTAL_SNR,STAGE8_K2_TANGENT_WHITE_SNR_MONTE_CARLO_AND_CLOSURE_V1,ONE_SYNTHETIC_CPI,ONE_SELECTED_RANGE_DOPPLER_CELL,1,1,0,0,0,7ac5f2ed7f8b920df52a4e1cde4f3ee8f80b69a8208c8d8579b1925f9a445627,e7c2c5acaaa3f998d0c797531f96415fbfe4d5d2489ac5b8e73264a337c06570,-8.6623914851739,19.827856993295,14
1231,MC1_K2_N2_L4_SP18_P2_R06,2,STAGE5_TOEPLITZ_CORRELATED,2,4,2,P2,2,8.2,10,0.2,0,-6,0,SPECIFIED_CORRELATION,18,18,6,6,175,MC1_BASE_N2_L4_P2_R06,MC1_BASE_N2_L4_P2_R06,430100175,430200175,WHITENED_SEQUENTIAL_BEAMSPACE_EXPECTED_TOTAL_SNR,STAGE8_K2_TANGENT_WHITE_SNR_MONTE_CARLO_AND_CLOSURE_V1,ONE_SYNTHETIC_CPI,ONE_SELECTED_RANGE_DOPPLER_CELL,1,1,0,0,0,7ac5f2ed7f8b920df52a4e1cde4f3ee8f80b69a8208c8d8579b1925f9a445627,05dec15f64ca9ca28e4e21697b6537791a051bfe363fb3336685906dcdc9b93d,-4.6623914851739,23.827856993295,18
1232,MC1_K2_N2_L4_SP22_P2_R06,2,STAGE5_TOEPLITZ_CORRELATED,2,4,2,P2,2,8.2,10,0.2,0,-6,0,SPECIFIED_CORRELATION,22,22,7,6,175,MC1_BASE_N2_L4_P2_R06,MC1_BASE_N2_L4_P2_R06,430100175,430200175,WHITENED_SEQUENTIAL_BEAMSPACE_EXPECTED_TOTAL_SNR,STAGE8_K2_TANGENT_WHITE_SNR_MONTE_CARLO_AND_CLOSURE_V1,ONE_SYNTHETIC_CPI,ONE_SELECTED_RANGE_DOPPLER_CELL,1,1,0,0,0,7ac5f2ed7f8b920df52a4e1cde4f3ee8f80b69a8208c8d8579b1925f9a445627,b09414adc103b4153c00aa787319526879eadf6eebce34abf66a7cabefe662e3,-0.662391485173896,27.827856993295,22
1233,MC1_K2_N2_L4_SM6_P2_R07,2,STAGE5_TOEPLITZ_CORRELATED,2,4,2,P2,2,8.2,10,0.2,0,-6,0,SPECIFIED_CORRELATION,-6,-6,1,7,176,MC1_BASE_N2_L4_P2_R07,MC1_BASE_N2_L4_P2_R07,430100176,430200176,WHITENED_SEQUENTIAL_BEAMSPACE_EXPECTED_TOTAL_SNR,STAGE8_K2_TANGENT_WHITE_SNR_MONTE_CARLO_AND_CLOSURE_V1,ONE_SYNTHETIC_CPI,ONE_SELECTED_RANGE_DOPPLER_CELL,1,1,0,0,0,7ac5f2ed7f8b920df52a4e1cde4f3ee8f80b69a8208c8d8579b1925f9a445627,a9dbf5e6519fc1cc0436dc792a7d3500b94e9c73580929a709e58d05fe0f5aa6,-28.6623914851739,-0.172143006705046,-5.99999999999997
1234,MC1_K2_N2_L4_SP0_P2_R07,2,STAGE5_TOEPLITZ_CORRELATED,2,4,2,P2,2,8.2,10,0.2,0,-6,0,SPECIFIED_CORRELATION,0,0,2,7,176,MC1_BASE_N2_L4_P2_R07,MC1_BASE_N2_L4_P2_R07,430100176,430200176,WHITENED_SEQUENTIAL_BEAMSPACE_EXPECTED_TOTAL_SNR,STAGE8_K2_TANGENT_WHITE_SNR_MONTE_CARLO_AND_CLOSURE_V1,ONE_SYNTHETIC_CPI,ONE_SELECTED_RANGE_DOPPLER_CELL,1,1,0,0,0,7ac5f2ed7f8b920df52a4e1cde4f3ee8f80b69a8208c8d8579b1925f9a445627,e782ef7528617e37231d5262a57c69068f1cabdb409cd88eb079e8826d41a958,-22.6623914851739,5.82785699329496,1.32112862917798e-13
1235,MC1_K2_N2_L4_SP6_P2_R07,2,STAGE5_TOEPLITZ_CORRELATED,2,4,2,P2,2,8.2,10,0.2,0,-6,0,SPECIFIED_CORRELATION,6,6,3,7,176,MC1_BASE_N2_L4_P2_R07,MC1_BASE_N2_L4_P2_R07,430100176,430200176,WHITENED_SEQUENTIAL_BEAMSPACE_EXPECTED_TOTAL_SNR,STAGE8_K2_TANGENT_WHITE_SNR_MONTE_CARLO_AND_CLOSURE_V1,ONE_SYNTHETIC_CPI,ONE_SELECTED_RANGE_DOPPLER_CELL,1,1,0,0,0,7ac5f2ed7f8b920df52a4e1cde4f3ee8f80b69a8208c8d8579b1925f9a445627,a98dc9fd766d45253471cf780957d5180c50f5dc7689882e38ecd5003d1098d9,-16.6623914851739,11.827856993295,6.00000000000009
1236,MC1_K2_N2_L4_SP10_P2_R07,2,STAGE5_TOEPLITZ_CORRELATED,2,4,2,P2,2,8.2,10,0.2,0,-6,0,SPECIFIED_CORRELATION,10,10,4,7,176,MC1_BASE_N2_L4_P2_R07,MC1_BASE_N2_L4_P2_R07,430100176,430200176,WHITENED_SEQUENTIAL_BEAMSPACE_EXPECTED_TOTAL_SNR,STAGE8_K2_TANGENT_WHITE_SNR_MONTE_CARLO_AND_CLOSURE_V1,ONE_SYNTHETIC_CPI,ONE_SELECTED_RANGE_DOPPLER_CELL,1,1,0,0,0,7ac5f2ed7f8b920df52a4e1cde4f3ee8f80b69a8208c8d8579b1925f9a445627,3c9acd61a781675f5859aac17d0c8202dc5b2dfe562b76c5d0bce6c3bcde707d,-12.6623914851739,15.827856993295,10.0000000000001
1237,MC1_K2_N2_L4_SP14_P2_R07,2,STAGE5_TOEPLITZ_CORRELATED,2,4,2,P2,2,8.2,10,0.2,0,-6,0,SPECIFIED_CORRELATION,14,14,5,7,176,MC1_BASE_N2_L4_P2_R07,MC1_BASE_N2_L4_P2_R07,430100176,430200176,WHITENED_SEQUENTIAL_BEAMSPACE_EXPECTED_TOTAL_SNR,STAGE8_K2_TANGENT_WHITE_SNR_MONTE_CARLO_AND_CLOSURE_V1,ONE_SYNTHETIC_CPI,ONE_SELECTED_RANGE_DOPPLER_CELL,1,1,0,0,0,7ac5f2ed7f8b920df52a4e1cde4f3ee8f80b69a8208c8d8579b1925f9a445627,20c26b8a9c29cc72912cd9dea72639862e72084db92fdf89dcb3fa08b3341f6a,-8.6623914851739,19.827856993295,14
1238,MC1_K2_N2_L4_SP18_P2_R07,2,STAGE5_TOEPLITZ_CORRELATED,2,4,2,P2,2,8.2,10,0.2,0,-6,0,SPECIFIED_CORRELATION,18,18,6,7,176,MC1_BASE_N2_L4_P2_R07,MC1_BASE_N2_L4_P2_R07,430100176,430200176,WHITENED_SEQUENTIAL_BEAMSPACE_EXPECTED_TOTAL_SNR,STAGE8_K2_TANGENT_WHITE_SNR_MONTE_CARLO_AND_CLOSURE_V1,ONE_SYNTHETIC_CPI,ONE_SELECTED_RANGE_DOPPLER_CELL,1,1,0,0,0,7ac5f2ed7f8b920df52a4e1cde4f3ee8f80b69a8208c8d8579b1925f9a445627,1a06bfe8cd3bda39d49b506b6ff5c3e5d4b8aaa19d82cccb785d97cd79c6bdc1,-4.6623914851739,23.827856993295,18
1239,MC1_K2_N2_L4_SP22_P2_R07,2,STAGE5_TOEPLITZ_CORRELATED,2,4,2,P2,2,8.2,10,0.2,0,-6,0,SPECIFIED_CORRELATION,22,22,7,7,176,MC1_BASE_N2_L4_P2_R07,MC1_BASE_N2_L4_P2_R07,430100176,430200176,WHITENED_SEQUENTIAL_BEAMSPACE_EXPECTED_TOTAL_SNR,STAGE8_K2_TANGENT_WHITE_SNR_MONTE_CARLO_AND_CLOSURE_V1,ONE_SYNTHETIC_CPI,ONE_SELECTED_RANGE_DOPPLER_CELL,1,1,0,0,0,7ac5f2ed7f8b920df52a4e1cde4f3ee8f80b69a8208c8d8579b1925f9a445627,9dbe3fa8ef9bfa28095405017564f43590bcdc5a842df6971138efc99d2b1bce,-0.662391485173896,27.827856993295,22
1240,MC1_K2_N2_L4_SM6_P2_R08,2,STAGE5_TOEPLITZ_CORRELATED,2,4,2,P2,2,8.2,10,0.2,0,-6,0,SPECIFIED_CORRELATION,-6,-6,1,8,177,MC1_BASE_N2_L4_P2_R08,MC1_BASE_N2_L4_P2_R08,430100177,430200177,WHITENED_SEQUENTIAL_BEAMSPACE_EXPECTED_TOTAL_SNR,STAGE8_K2_TANGENT_WHITE_SNR_MONTE_CARLO_AND_CLOSURE_V1,ONE_SYNTHETIC_CPI,ONE_SELECTED_RANGE_DOPPLER_CELL,1,1,0,0,0,7ac5f2ed7f8b920df52a4e1cde4f3ee8f80b69a8208c8d8579b1925f9a445627,b16aff3c7cf1abfdb53e5182b3437c1743b5d7a92efccf7fda8f1991a62a4bab,-28.6623914851739,-0.172143006705046,-5.99999999999997
1241,MC1_K2_N2_L4_SP0_P2_R08,2,STAGE5_TOEPLITZ_CORRELATED,2,4,2,P2,2,8.2,10,0.2,0,-6,0,SPECIFIED_CORRELATION,0,0,2,8,177,MC1_BASE_N2_L4_P2_R08,MC1_BASE_N2_L4_P2_R08,430100177,430200177,WHITENED_SEQUENTIAL_BEAMSPACE_EXPECTED_TOTAL_SNR,STAGE8_K2_TANGENT_WHITE_SNR_MONTE_CARLO_AND_CLOSURE_V1,ONE_SYNTHETIC_CPI,ONE_SELECTED_RANGE_DOPPLER_CELL,1,1,0,0,0,7ac5f2ed7f8b920df52a4e1cde4f3ee8f80b69a8208c8d8579b1925f9a445627,f35c2d36c6de5b9d33957194c32d9c439c14d2d699b561c21c03926639a8da43,-22.6623914851739,5.82785699329496,1.32112862917798e-13
1242,MC1_K2_N2_L4_SP6_P2_R08,2,STAGE5_TOEPLITZ_CORRELATED,2,4,2,P2,2,8.2,10,0.2,0,-6,0,SPECIFIED_CORRELATION,6,6,3,8,177,MC1_BASE_N2_L4_P2_R08,MC1_BASE_N2_L4_P2_R08,430100177,430200177,WHITENED_SEQUENTIAL_BEAMSPACE_EXPECTED_TOTAL_SNR,STAGE8_K2_TANGENT_WHITE_SNR_MONTE_CARLO_AND_CLOSURE_V1,ONE_SYNTHETIC_CPI,ONE_SELECTED_RANGE_DOPPLER_CELL,1,1,0,0,0,7ac5f2ed7f8b920df52a4e1cde4f3ee8f80b69a8208c8d8579b1925f9a445627,864b39203adc0cbda9e85998965a43541351ee7834fea9f082cc06cb4201a9dc,-16.6623914851739,11.827856993295,6.00000000000009
1243,MC1_K2_N2_L4_SP10_P2_R08,2,STAGE5_TOEPLITZ_CORRELATED,2,4,2,P2,2,8.2,10,0.2,0,-6,0,SPECIFIED_CORRELATION,10,10,4,8,177,MC1_BASE_N2_L4_P2_R08,MC1_BASE_N2_L4_P2_R08,430100177,430200177,WHITENED_SEQUENTIAL_BEAMSPACE_EXPECTED_TOTAL_SNR,STAGE8_K2_TANGENT_WHITE_SNR_MONTE_CARLO_AND_CLOSURE_V1,ONE_SYNTHETIC_CPI,ONE_SELECTED_RANGE_DOPPLER_CELL,1,1,0,0,0,7ac5f2ed7f8b920df52a4e1cde4f3ee8f80b69a8208c8d8579b1925f9a445627,3502d2bf3874ffcdea1120c77fb11ca035390cdf9990bbacdc9ab6c0edb7a733,-12.6623914851739,15.827856993295,10.0000000000001
1244,MC1_K2_N2_L4_SP14_P2_R08,2,STAGE5_TOEPLITZ_CORRELATED,2,4,2,P2,2,8.2,10,0.2,0,-6,0,SPECIFIED_CORRELATION,14,14,5,8,177,MC1_BASE_N2_L4_P2_R08,MC1_BASE_N2_L4_P2_R08,430100177,430200177,WHITENED_SEQUENTIAL_BEAMSPACE_EXPECTED_TOTAL_SNR,STAGE8_K2_TANGENT_WHITE_SNR_MONTE_CARLO_AND_CLOSURE_V1,ONE_SYNTHETIC_CPI,ONE_SELECTED_RANGE_DOPPLER_CELL,1,1,0,0,0,7ac5f2ed7f8b920df52a4e1cde4f3ee8f80b69a8208c8d8579b1925f9a445627,f78eff321ec19e437f8e43f03f6323d949c5472b3aeeb9ed57225057f3258bb8,-8.6623914851739,19.827856993295,14
1245,MC1_K2_N2_L4_SP18_P2_R08,2,STAGE5_TOEPLITZ_CORRELATED,2,4,2,P2,2,8.2,10,0.2,0,-6,0,SPECIFIED_CORRELATION,18,18,6,8,177,MC1_BASE_N2_L4_P2_R08,MC1_BASE_N2_L4_P2_R08,430100177,430200177,WHITENED_SEQUENTIAL_BEAMSPACE_EXPECTED_TOTAL_SNR,STAGE8_K2_TANGENT_WHITE_SNR_MONTE_CARLO_AND_CLOSURE_V1,ONE_SYNTHETIC_CPI,ONE_SELECTED_RANGE_DOPPLER_CELL,1,1,0,0,0,7ac5f2ed7f8b920df52a4e1cde4f3ee8f80b69a8208c8d8579b1925f9a445627,45f7535af5cb49828a0106e0e13c46dca4c30f9ac20e5aa64ce693f340d328cd,-4.6623914851739,23.827856993295,18
1246,MC1_K2_N2_L4_SP22_P2_R08,2,STAGE5_TOEPLITZ_CORRELATED,2,4,2,P2,2,8.2,10,0.2,0,-6,0,SPECIFIED_CORRELATION,22,22,7,8,177,MC1_BASE_N2_L4_P2_R08,MC1_BASE_N2_L4_P2_R08,430100177,430200177,WHITENED_SEQUENTIAL_BEAMSPACE_EXPECTED_TOTAL_SNR,STAGE8_K2_TANGENT_WHITE_SNR_MONTE_CARLO_AND_CLOSURE_V1,ONE_SYNTHETIC_CPI,ONE_SELECTED_RANGE_DOPPLER_CELL,1,1,0,0,0,7ac5f2ed7f8b920df52a4e1cde4f3ee8f80b69a8208c8d8579b1925f9a445627,d931017f6032ba9a758bfbccc140f26701c49797a0ac99984e6e072167648b95,-0.662391485173896,27.827856993295,22
1247,MC1_K2_N2_L4_SM6_P2_R09,2,STAGE5_TOEPLITZ_CORRELATED,2,4,2,P2,2,8.2,10,0.2,0,-6,0,SPECIFIED_CORRELATION,-6,-6,1,9,178,MC1_BASE_N2_L4_P2_R09,MC1_BASE_N2_L4_P2_R09,430100178,430200178,WHITENED_SEQUENTIAL_BEAMSPACE_EXPECTED_TOTAL_SNR,STAGE8_K2_TANGENT_WHITE_SNR_MONTE_CARLO_AND_CLOSURE_V1,ONE_SYNTHETIC_CPI,ONE_SELECTED_RANGE_DOPPLER_CELL,1,1,0,0,0,7ac5f2ed7f8b920df52a4e1cde4f3ee8f80b69a8208c8d8579b1925f9a445627,042452a4dafbc3526cce7d2d46ffc7484a1bfc65ae4e1a69e60bf3486af527e7,-28.6623914851739,-0.172143006705046,-5.99999999999997
1248,MC1_K2_N2_L4_SP0_P2_R09,2,STAGE5_TOEPLITZ_CORRELATED,2,4,2,P2,2,8.2,10,0.2,0,-6,0,SPECIFIED_CORRELATION,0,0,2,9,178,MC1_BASE_N2_L4_P2_R09,MC1_BASE_N2_L4_P2_R09,430100178,430200178,WHITENED_SEQUENTIAL_BEAMSPACE_EXPECTED_TOTAL_SNR,STAGE8_K2_TANGENT_WHITE_SNR_MONTE_CARLO_AND_CLOSURE_V1,ONE_SYNTHETIC_CPI,ONE_SELECTED_RANGE_DOPPLER_CELL,1,1,0,0,0,7ac5f2ed7f8b920df52a4e1cde4f3ee8f80b69a8208c8d8579b1925f9a445627,2d9e8a503b35ddd06dd030628427b153abd7213fe079743750bc3b9dd6e9faae,-22.6623914851739,5.82785699329496,1.32112862917798e-13
1249,MC1_K2_N2_L4_SP6_P2_R09,2,STAGE5_TOEPLITZ_CORRELATED,2,4,2,P2,2,8.2,10,0.2,0,-6,0,SPECIFIED_CORRELATION,6,6,3,9,178,MC1_BASE_N2_L4_P2_R09,MC1_BASE_N2_L4_P2_R09,430100178,430200178,WHITENED_SEQUENTIAL_BEAMSPACE_EXPECTED_TOTAL_SNR,STAGE8_K2_TANGENT_WHITE_SNR_MONTE_CARLO_AND_CLOSURE_V1,ONE_SYNTHETIC_CPI,ONE_SELECTED_RANGE_DOPPLER_CELL,1,1,0,0,0,7ac5f2ed7f8b920df52a4e1cde4f3ee8f80b69a8208c8d8579b1925f9a445627,4fe2e1ed846108deb0cba6ae485ee122641abad2da7512a7f63b46bc1115d406,-16.6623914851739,11.827856993295,6.00000000000009
1250,MC1_K2_N2_L4_SP10_P2_R09,2,STAGE5_TOEPLITZ_CORRELATED,2,4,2,P2,2,8.2,10,0.2,0,-6,0,SPECIFIED_CORRELATION,10,10,4,9,178,MC1_BASE_N2_L4_P2_R09,MC1_BASE_N2_L4_P2_R09,430100178,430200178,WHITENED_SEQUENTIAL_BEAMSPACE_EXPECTED_TOTAL_SNR,STAGE8_K2_TANGENT_WHITE_SNR_MONTE_CARLO_AND_CLOSURE_V1,ONE_SYNTHETIC_CPI,ONE_SELECTED_RANGE_DOPPLER_CELL,1,1,0,0,0,7ac5f2ed7f8b920df52a4e1cde4f3ee8f80b69a8208c8d8579b1925f9a445627,5f37011140c7b200810b0382a01fa8d8e86eb9819ceed35e67e4e90f7d227842,-12.6623914851739,15.827856993295,10.0000000000001
1251,MC1_K2_N2_L4_SP14_P2_R09,2,STAGE5_TOEPLITZ_CORRELATED,2,4,2,P2,2,8.2,10,0.2,0,-6,0,SPECIFIED_CORRELATION,14,14,5,9,178,MC1_BASE_N2_L4_P2_R09,MC1_BASE_N2_L4_P2_R09,430100178,430200178,WHITENED_SEQUENTIAL_BEAMSPACE_EXPECTED_TOTAL_SNR,STAGE8_K2_TANGENT_WHITE_SNR_MONTE_CARLO_AND_CLOSURE_V1,ONE_SYNTHETIC_CPI,ONE_SELECTED_RANGE_DOPPLER_CELL,1,1,0,0,0,7ac5f2ed7f8b920df52a4e1cde4f3ee8f80b69a8208c8d8579b1925f9a445627,27e2c6ae027738b1a8ff5af003607f87e4a735f2e67b03de10dc4b9fa002c167,-8.6623914851739,19.827856993295,14
1252,MC1_K2_N2_L4_SP18_P2_R09,2,STAGE5_TOEPLITZ_CORRELATED,2,4,2,P2,2,8.2,10,0.2,0,-6,0,SPECIFIED_CORRELATION,18,18,6,9,178,MC1_BASE_N2_L4_P2_R09,MC1_BASE_N2_L4_P2_R09,430100178,430200178,WHITENED_SEQUENTIAL_BEAMSPACE_EXPECTED_TOTAL_SNR,STAGE8_K2_TANGENT_WHITE_SNR_MONTE_CARLO_AND_CLOSURE_V1,ONE_SYNTHETIC_CPI,ONE_SELECTED_RANGE_DOPPLER_CELL,1,1,0,0,0,7ac5f2ed7f8b920df52a4e1cde4f3ee8f80b69a8208c8d8579b1925f9a445627,62bc1184e7e4d5dfc5ca3698e2fd01304a322447c5538aef4999cc45a73964da,-4.6623914851739,23.827856993295,18
1253,MC1_K2_N2_L4_SP22_P2_R09,2,STAGE5_TOEPLITZ_CORRELATED,2,4,2,P2,2,8.2,10,0.2,0,-6,0,SPECIFIED_CORRELATION,22,22,7,9,178,MC1_BASE_N2_L4_P2_R09,MC1_BASE_N2_L4_P2_R09,430100178,430200178,WHITENED_SEQUENTIAL_BEAMSPACE_EXPECTED_TOTAL_SNR,STAGE8_K2_TANGENT_WHITE_SNR_MONTE_CARLO_AND_CLOSURE_V1,ONE_SYNTHETIC_CPI,ONE_SELECTED_RANGE_DOPPLER_CELL,1,1,0,0,0,7ac5f2ed7f8b920df52a4e1cde4f3ee8f80b69a8208c8d8579b1925f9a445627,af7e59c46c5668098ec252b3c2df0cbf6dce89ed861ad5524f42304284813c52,-0.662391485173896,27.827856993295,22
1254,MC1_K2_N2_L4_SM6_P2_R10,2,STAGE5_TOEPLITZ_CORRELATED,2,4,2,P2,2,8.2,10,0.2,0,-6,0,SPECIFIED_CORRELATION,-6,-6,1,10,179,MC1_BASE_N2_L4_P2_R10,MC1_BASE_N2_L4_P2_R10,430100179,430200179,WHITENED_SEQUENTIAL_BEAMSPACE_EXPECTED_TOTAL_SNR,STAGE8_K2_TANGENT_WHITE_SNR_MONTE_CARLO_AND_CLOSURE_V1,ONE_SYNTHETIC_CPI,ONE_SELECTED_RANGE_DOPPLER_CELL,1,1,0,0,0,7ac5f2ed7f8b920df52a4e1cde4f3ee8f80b69a8208c8d8579b1925f9a445627,f094a9d96fb57e0cb1d850ece4f05c16a6aa8f168cf0f0f724ba2a93cb6ec964,-28.6623914851739,-0.172143006705046,-5.99999999999997
1255,MC1_K2_N2_L4_SP0_P2_R10,2,STAGE5_TOEPLITZ_CORRELATED,2,4,2,P2,2,8.2,10,0.2,0,-6,0,SPECIFIED_CORRELATION,0,0,2,10,179,MC1_BASE_N2_L4_P2_R10,MC1_BASE_N2_L4_P2_R10,430100179,430200179,WHITENED_SEQUENTIAL_BEAMSPACE_EXPECTED_TOTAL_SNR,STAGE8_K2_TANGENT_WHITE_SNR_MONTE_CARLO_AND_CLOSURE_V1,ONE_SYNTHETIC_CPI,ONE_SELECTED_RANGE_DOPPLER_CELL,1,1,0,0,0,7ac5f2ed7f8b920df52a4e1cde4f3ee8f80b69a8208c8d8579b1925f9a445627,70d47362512802fde4cab028093c0328e2fd42dabae7a5f898d7511da0767f03,-22.6623914851739,5.82785699329496,1.32112862917798e-13
1256,MC1_K2_N2_L4_SP6_P2_R10,2,STAGE5_TOEPLITZ_CORRELATED,2,4,2,P2,2,8.2,10,0.2,0,-6,0,SPECIFIED_CORRELATION,6,6,3,10,179,MC1_BASE_N2_L4_P2_R10,MC1_BASE_N2_L4_P2_R10,430100179,430200179,WHITENED_SEQUENTIAL_BEAMSPACE_EXPECTED_TOTAL_SNR,STAGE8_K2_TANGENT_WHITE_SNR_MONTE_CARLO_AND_CLOSURE_V1,ONE_SYNTHETIC_CPI,ONE_SELECTED_RANGE_DOPPLER_CELL,1,1,0,0,0,7ac5f2ed7f8b920df52a4e1cde4f3ee8f80b69a8208c8d8579b1925f9a445627,f3b21b5dfaa3ba69dfad328d046110a85babf4a639b36cde5506e2b29f018e31,-16.6623914851739,11.827856993295,6.00000000000009
1257,MC1_K2_N2_L4_SP10_P2_R10,2,STAGE5_TOEPLITZ_CORRELATED,2,4,2,P2,2,8.2,10,0.2,0,-6,0,SPECIFIED_CORRELATION,10,10,4,10,179,MC1_BASE_N2_L4_P2_R10,MC1_BASE_N2_L4_P2_R10,430100179,430200179,WHITENED_SEQUENTIAL_BEAMSPACE_EXPECTED_TOTAL_SNR,STAGE8_K2_TANGENT_WHITE_SNR_MONTE_CARLO_AND_CLOSURE_V1,ONE_SYNTHETIC_CPI,ONE_SELECTED_RANGE_DOPPLER_CELL,1,1,0,0,0,7ac5f2ed7f8b920df52a4e1cde4f3ee8f80b69a8208c8d8579b1925f9a445627,2593762d831d0ac55af575fe5cf63a575920e652ad5ba30746ba4d761e792472,-12.6623914851739,15.827856993295,10.0000000000001
1258,MC1_K2_N2_L4_SP14_P2_R10,2,STAGE5_TOEPLITZ_CORRELATED,2,4,2,P2,2,8.2,10,0.2,0,-6,0,SPECIFIED_CORRELATION,14,14,5,10,179,MC1_BASE_N2_L4_P2_R10,MC1_BASE_N2_L4_P2_R10,430100179,430200179,WHITENED_SEQUENTIAL_BEAMSPACE_EXPECTED_TOTAL_SNR,STAGE8_K2_TANGENT_WHITE_SNR_MONTE_CARLO_AND_CLOSURE_V1,ONE_SYNTHETIC_CPI,ONE_SELECTED_RANGE_DOPPLER_CELL,1,1,0,0,0,7ac5f2ed7f8b920df52a4e1cde4f3ee8f80b69a8208c8d8579b1925f9a445627,116783df3b3ab8b359deba59efc517bdb1dcf9cb12770d77b45c5d6821269a63,-8.6623914851739,19.827856993295,14
1259,MC1_K2_N2_L4_SP18_P2_R10,2,STAGE5_TOEPLITZ_CORRELATED,2,4,2,P2,2,8.2,10,0.2,0,-6,0,SPECIFIED_CORRELATION,18,18,6,10,179,MC1_BASE_N2_L4_P2_R10,MC1_BASE_N2_L4_P2_R10,430100179,430200179,WHITENED_SEQUENTIAL_BEAMSPACE_EXPECTED_TOTAL_SNR,STAGE8_K2_TANGENT_WHITE_SNR_MONTE_CARLO_AND_CLOSURE_V1,ONE_SYNTHETIC_CPI,ONE_SELECTED_RANGE_DOPPLER_CELL,1,1,0,0,0,7ac5f2ed7f8b920df52a4e1cde4f3ee8f80b69a8208c8d8579b1925f9a445627,5de02c2bffb7c4e101ba363f03530964df60c6d438e3624d688dcc9c5511cab3,-4.6623914851739,23.827856993295,18
1260,MC1_K2_N2_L4_SP22_P2_R10,2,STAGE5_TOEPLITZ_CORRELATED,2,4,2,P2,2,8.2,10,0.2,0,-6,0,SPECIFIED_CORRELATION,22,22,7,10,179,MC1_BASE_N2_L4_P2_R10,MC1_BASE_N2_L4_P2_R10,430100179,430200179,WHITENED_SEQUENTIAL_BEAMSPACE_EXPECTED_TOTAL_SNR,STAGE8_K2_TANGENT_WHITE_SNR_MONTE_CARLO_AND_CLOSURE_V1,ONE_SYNTHETIC_CPI,ONE_SELECTED_RANGE_DOPPLER_CELL,1,1,0,0,0,7ac5f2ed7f8b920df52a4e1cde4f3ee8f80b69a8208c8d8579b1925f9a445627,f40080bf6764a50699a9d6a75f5764c2401c42c569ebf4fcc74317833b9f6147,-0.662391485173896,27.827856993295,22
1261,MC1_K2_N2_L4_SM6_P3_R01,2,STAGE5_TOEPLITZ_CORRELATED,2,4,2,P3,3,7.9,10.1,0.15,90,0,0.9,SPECIFIED_CORRELATION,-6,-6,1,1,180,MC1_BASE_N2_L4_P3_R01,MC1_BASE_N2_L4_P3_R01,430100180,430200180,WHITENED_SEQUENTIAL_BEAMSPACE_EXPECTED_TOTAL_SNR,STAGE8_K2_TANGENT_WHITE_SNR_MONTE_CARLO_AND_CLOSURE_V1,ONE_SYNTHETIC_CPI,ONE_SELECTED_RANGE_DOPPLER_CELL,1,1,0,0,0,7ac5f2ed7f8b920df52a4e1cde4f3ee8f80b69a8208c8d8579b1925f9a445627,1f7eeebf9deb76d88edc808695eac875c1cea76c3cef92d149fc10e5927f8191,-28.679243005692,-0.311478682650796,-6.00000000000001
1262,MC1_K2_N2_L4_SP0_P3_R01,2,STAGE5_TOEPLITZ_CORRELATED,2,4,2,P3,3,7.9,10.1,0.15,90,0,0.9,SPECIFIED_CORRELATION,0,0,2,1,180,MC1_BASE_N2_L4_P3_R01,MC1_BASE_N2_L4_P3_R01,430100180,430200180,WHITENED_SEQUENTIAL_BEAMSPACE_EXPECTED_TOTAL_SNR,STAGE8_K2_TANGENT_WHITE_SNR_MONTE_CARLO_AND_CLOSURE_V1,ONE_SYNTHETIC_CPI,ONE_SELECTED_RANGE_DOPPLER_CELL,1,1,0,0,0,7ac5f2ed7f8b920df52a4e1cde4f3ee8f80b69a8208c8d8579b1925f9a445627,e57aa82d03fda4e101689d5611b0d001d3f6da90d85dc198bfbb6421bbc73b7d,-22.679243005692,5.6885213173492,-1.44649119982993e-15
1263,MC1_K2_N2_L4_SP6_P3_R01,2,STAGE5_TOEPLITZ_CORRELATED,2,4,2,P3,3,7.9,10.1,0.15,90,0,0.9,SPECIFIED_CORRELATION,6,6,3,1,180,MC1_BASE_N2_L4_P3_R01,MC1_BASE_N2_L4_P3_R01,430100180,430200180,WHITENED_SEQUENTIAL_BEAMSPACE_EXPECTED_TOTAL_SNR,STAGE8_K2_TANGENT_WHITE_SNR_MONTE_CARLO_AND_CLOSURE_V1,ONE_SYNTHETIC_CPI,ONE_SELECTED_RANGE_DOPPLER_CELL,1,1,0,0,0,7ac5f2ed7f8b920df52a4e1cde4f3ee8f80b69a8208c8d8579b1925f9a445627,dae21766580117dbeee93ba19ec118420a19dd517f8ec2e8bcc7aa02b5a3ed0a,-16.679243005692,11.6885213173492,6.00000000000002
1264,MC1_K2_N2_L4_SP10_P3_R01,2,STAGE5_TOEPLITZ_CORRELATED,2,4,2,P3,3,7.9,10.1,0.15,90,0,0.9,SPECIFIED_CORRELATION,10,10,4,1,180,MC1_BASE_N2_L4_P3_R01,MC1_BASE_N2_L4_P3_R01,430100180,430200180,WHITENED_SEQUENTIAL_BEAMSPACE_EXPECTED_TOTAL_SNR,STAGE8_K2_TANGENT_WHITE_SNR_MONTE_CARLO_AND_CLOSURE_V1,ONE_SYNTHETIC_CPI,ONE_SELECTED_RANGE_DOPPLER_CELL,1,1,0,0,0,7ac5f2ed7f8b920df52a4e1cde4f3ee8f80b69a8208c8d8579b1925f9a445627,a5c09dcca876bd700e533fb66fd1e91f020b4fa172bedcb3dc6f12957e15b67b,-12.679243005692,15.6885213173492,9.99999999999996
1265,MC1_K2_N2_L4_SP14_P3_R01,2,STAGE5_TOEPLITZ_CORRELATED,2,4,2,P3,3,7.9,10.1,0.15,90,0,0.9,SPECIFIED_CORRELATION,14,14,5,1,180,MC1_BASE_N2_L4_P3_R01,MC1_BASE_N2_L4_P3_R01,430100180,430200180,WHITENED_SEQUENTIAL_BEAMSPACE_EXPECTED_TOTAL_SNR,STAGE8_K2_TANGENT_WHITE_SNR_MONTE_CARLO_AND_CLOSURE_V1,ONE_SYNTHETIC_CPI,ONE_SELECTED_RANGE_DOPPLER_CELL,1,1,0,0,0,7ac5f2ed7f8b920df52a4e1cde4f3ee8f80b69a8208c8d8579b1925f9a445627,acd3792f508d7ddc2fc5fd5ba2ceac643caeba8d2dd9a9e725bfbbd3e97a0dc5,-8.67924300569203,19.6885213173492,13.9999999999999
1266,MC1_K2_N2_L4_SP18_P3_R01,2,STAGE5_TOEPLITZ_CORRELATED,2,4,2,P3,3,7.9,10.1,0.15,90,0,0.9,SPECIFIED_CORRELATION,18,18,6,1,180,MC1_BASE_N2_L4_P3_R01,MC1_BASE_N2_L4_P3_R01,430100180,430200180,WHITENED_SEQUENTIAL_BEAMSPACE_EXPECTED_TOTAL_SNR,STAGE8_K2_TANGENT_WHITE_SNR_MONTE_CARLO_AND_CLOSURE_V1,ONE_SYNTHETIC_CPI,ONE_SELECTED_RANGE_DOPPLER_CELL,1,1,0,0,0,7ac5f2ed7f8b920df52a4e1cde4f3ee8f80b69a8208c8d8579b1925f9a445627,c4cec9e76aaff41afdb642681a8ada9d4589e1ca690fa0cd093c8c987c411e1e,-4.67924300569203,23.6885213173492,18
1267,MC1_K2_N2_L4_SP22_P3_R01,2,STAGE5_TOEPLITZ_CORRELATED,2,4,2,P3,3,7.9,10.1,0.15,90,0,0.9,SPECIFIED_CORRELATION,22,22,7,1,180,MC1_BASE_N2_L4_P3_R01,MC1_BASE_N2_L4_P3_R01,430100180,430200180,WHITENED_SEQUENTIAL_BEAMSPACE_EXPECTED_TOTAL_SNR,STAGE8_K2_TANGENT_WHITE_SNR_MONTE_CARLO_AND_CLOSURE_V1,ONE_SYNTHETIC_CPI,ONE_SELECTED_RANGE_DOPPLER_CELL,1,1,0,0,0,7ac5f2ed7f8b920df52a4e1cde4f3ee8f80b69a8208c8d8579b1925f9a445627,be6fc6bfb52fcf5224af575abf53e646c0602e00b9bfbf6b7954e17ec27659bf,-0.679243005692024,27.6885213173492,22
1268,MC1_K2_N2_L4_SM6_P3_R02,2,STAGE5_TOEPLITZ_CORRELATED,2,4,2,P3,3,7.9,10.1,0.15,90,0,0.9,SPECIFIED_CORRELATION,-6,-6,1,2,181,MC1_BASE_N2_L4_P3_R02,MC1_BASE_N2_L4_P3_R02,430100181,430200181,WHITENED_SEQUENTIAL_BEAMSPACE_EXPECTED_TOTAL_SNR,STAGE8_K2_TANGENT_WHITE_SNR_MONTE_CARLO_AND_CLOSURE_V1,ONE_SYNTHETIC_CPI,ONE_SELECTED_RANGE_DOPPLER_CELL,1,1,0,0,0,7ac5f2ed7f8b920df52a4e1cde4f3ee8f80b69a8208c8d8579b1925f9a445627,4cdefcc97f96546128a2df22a02d3529a1f35372832aacb9c57adced39a118a0,-28.6685347325944,-0.190135539609708,-6.00000000000007
1269,MC1_K2_N2_L4_SP0_P3_R02,2,STAGE5_TOEPLITZ_CORRELATED,2,4,2,P3,3,7.9,10.1,0.15,90,0,0.9,SPECIFIED_CORRELATION,0,0,2,2,181,MC1_BASE_N2_L4_P3_R02,MC1_BASE_N2_L4_P3_R02,430100181,430200181,WHITENED_SEQUENTIAL_BEAMSPACE_EXPECTED_TOTAL_SNR,STAGE8_K2_TANGENT_WHITE_SNR_MONTE_CARLO_AND_CLOSURE_V1,ONE_SYNTHETIC_CPI,ONE_SELECTED_RANGE_DOPPLER_CELL,1,1,0,0,0,7ac5f2ed7f8b920df52a4e1cde4f3ee8f80b69a8208c8d8579b1925f9a445627,82c6d281a3a22ba8837baaa888a9b2b2512486b3a0a60577099b93a74923b581,-22.6685347325944,5.80986446039029,-4.19482447950682e-14
1270,MC1_K2_N2_L4_SP6_P3_R02,2,STAGE5_TOEPLITZ_CORRELATED,2,4,2,P3,3,7.9,10.1,0.15,90,0,0.9,SPECIFIED_CORRELATION,6,6,3,2,181,MC1_BASE_N2_L4_P3_R02,MC1_BASE_N2_L4_P3_R02,430100181,430200181,WHITENED_SEQUENTIAL_BEAMSPACE_EXPECTED_TOTAL_SNR,STAGE8_K2_TANGENT_WHITE_SNR_MONTE_CARLO_AND_CLOSURE_V1,ONE_SYNTHETIC_CPI,ONE_SELECTED_RANGE_DOPPLER_CELL,1,1,0,0,0,7ac5f2ed7f8b920df52a4e1cde4f3ee8f80b69a8208c8d8579b1925f9a445627,c2364207a7a2c999b5855bd4c81dcbcb3c4c8ab4301fe40ff5af23ac064870be,-16.6685347325944,11.8098644603903,5.99999999999997
1271,MC1_K2_N2_L4_SP10_P3_R02,2,STAGE5_TOEPLITZ_CORRELATED,2,4,2,P3,3,7.9,10.1,0.15,90,0,0.9,SPECIFIED_CORRELATION,10,10,4,2,181,MC1_BASE_N2_L4_P3_R02,MC1_BASE_N2_L4_P3_R02,430100181,430200181,WHITENED_SEQUENTIAL_BEAMSPACE_EXPECTED_TOTAL_SNR,STAGE8_K2_TANGENT_WHITE_SNR_MONTE_CARLO_AND_CLOSURE_V1,ONE_SYNTHETIC_CPI,ONE_SELECTED_RANGE_DOPPLER_CELL,1,1,0,0,0,7ac5f2ed7f8b920df52a4e1cde4f3ee8f80b69a8208c8d8579b1925f9a445627,bc215b3bd46d6b2c9b2469999949020e70a08f698990c34820a68e032448fbb5,-12.6685347325944,15.8098644603903,9.99999999999998
1272,MC1_K2_N2_L4_SP14_P3_R02,2,STAGE5_TOEPLITZ_CORRELATED,2,4,2,P3,3,7.9,10.1,0.15,90,0,0.9,SPECIFIED_CORRELATION,14,14,5,2,181,MC1_BASE_N2_L4_P3_R02,MC1_BASE_N2_L4_P3_R02,430100181,430200181,WHITENED_SEQUENTIAL_BEAMSPACE_EXPECTED_TOTAL_SNR,STAGE8_K2_TANGENT_WHITE_SNR_MONTE_CARLO_AND_CLOSURE_V1,ONE_SYNTHETIC_CPI,ONE_SELECTED_RANGE_DOPPLER_CELL,1,1,0,0,0,7ac5f2ed7f8b920df52a4e1cde4f3ee8f80b69a8208c8d8579b1925f9a445627,f0c87824576e5d3d31d11970b81ccacb77042ab2c4e64ac34ba7c3de9e3d3676,-8.66853473259438,19.8098644603903,14
1273,MC1_K2_N2_L4_SP18_P3_R02,2,STAGE5_TOEPLITZ_CORRELATED,2,4,2,P3,3,7.9,10.1,0.15,90,0,0.9,SPECIFIED_CORRELATION,18,18,6,2,181,MC1_BASE_N2_L4_P3_R02,MC1_BASE_N2_L4_P3_R02,430100181,430200181,WHITENED_SEQUENTIAL_BEAMSPACE_EXPECTED_TOTAL_SNR,STAGE8_K2_TANGENT_WHITE_SNR_MONTE_CARLO_AND_CLOSURE_V1,ONE_SYNTHETIC_CPI,ONE_SELECTED_RANGE_DOPPLER_CELL,1,1,0,0,0,7ac5f2ed7f8b920df52a4e1cde4f3ee8f80b69a8208c8d8579b1925f9a445627,0496996c9e6c908a5074007e061d28f7b1c3b4c9f722aa0be13041ab3623b305,-4.66853473259437,23.8098644603903,18
1274,MC1_K2_N2_L4_SP22_P3_R02,2,STAGE5_TOEPLITZ_CORRELATED,2,4,2,P3,3,7.9,10.1,0.15,90,0,0.9,SPECIFIED_CORRELATION,22,22,7,2,181,MC1_BASE_N2_L4_P3_R02,MC1_BASE_N2_L4_P3_R02,430100181,430200181,WHITENED_SEQUENTIAL_BEAMSPACE_EXPECTED_TOTAL_SNR,STAGE8_K2_TANGENT_WHITE_SNR_MONTE_CARLO_AND_CLOSURE_V1,ONE_SYNTHETIC_CPI,ONE_SELECTED_RANGE_DOPPLER_CELL,1,1,0,0,0,7ac5f2ed7f8b920df52a4e1cde4f3ee8f80b69a8208c8d8579b1925f9a445627,8c5b45cd0b00ee415479363a201d3b1fa598f20ee3138dd6815b5a81b18156db,-0.668534732594372,27.8098644603903,22
1275,MC1_K2_N2_L4_SM6_P3_R03,2,STAGE5_TOEPLITZ_CORRELATED,2,4,2,P3,3,7.9,10.1,0.15,90,0,0.9,SPECIFIED_CORRELATION,-6,-6,1,3,182,MC1_BASE_N2_L4_P3_R03,MC1_BASE_N2_L4_P3_R03,430100182,430200182,WHITENED_SEQUENTIAL_BEAMSPACE_EXPECTED_TOTAL_SNR,STAGE8_K2_TANGENT_WHITE_SNR_MONTE_CARLO_AND_CLOSURE_V1,ONE_SYNTHETIC_CPI,ONE_SELECTED_RANGE_DOPPLER_CELL,1,1,0,0,0,7ac5f2ed7f8b920df52a4e1cde4f3ee8f80b69a8208c8d8579b1925f9a445627,5abfcb24a2795a682438308ee4e9623681c0c8f3266821aff2b65f06aa899089,-28.6995768673122,-0.211055829021063,-5.99999999999996
1276,MC1_K2_N2_L4_SP0_P3_R03,2,STAGE5_TOEPLITZ_CORRELATED,2,4,2,P3,3,7.9,10.1,0.15,90,0,0.9,SPECIFIED_CORRELATION,0,0,2,3,182,MC1_BASE_N2_L4_P3_R03,MC1_BASE_N2_L4_P3_R03,430100182,430200182,WHITENED_SEQUENTIAL_BEAMSPACE_EXPECTED_TOTAL_SNR,STAGE8_K2_TANGENT_WHITE_SNR_MONTE_CARLO_AND_CLOSURE_V1,ONE_SYNTHETIC_CPI,ONE_SELECTED_RANGE_DOPPLER_CELL,1,1,0,0,0,7ac5f2ed7f8b920df52a4e1cde4f3ee8f80b69a8208c8d8579b1925f9a445627,e6122f5cdc1b69283ce5c6f1d667d0c0a13591fd9587ad84cb8723ec283454cb,-22.6995768673122,5.78894417097894,-3.71266074623017e-14
1277,MC1_K2_N2_L4_SP6_P3_R03,2,STAGE5_TOEPLITZ_CORRELATED,2,4,2,P3,3,7.9,10.1,0.15,90,0,0.9,SPECIFIED_CORRELATION,6,6,3,3,182,MC1_BASE_N2_L4_P3_R03,MC1_BASE_N2_L4_P3_R03,430100182,430200182,WHITENED_SEQUENTIAL_BEAMSPACE_EXPECTED_TOTAL_SNR,STAGE8_K2_TANGENT_WHITE_SNR_MONTE_CARLO_AND_CLOSURE_V1,ONE_SYNTHETIC_CPI,ONE_SELECTED_RANGE_DOPPLER_CELL,1,1,0,0,0,7ac5f2ed7f8b920df52a4e1cde4f3ee8f80b69a8208c8d8579b1925f9a445627,cf40d6f52c17015e65ec23d6ab7b7e652303123368ef9e17d2e4b5905c5a7388,-16.6995768673122,11.7889441709789,5.99999999999995
1278,MC1_K2_N2_L4_SP10_P3_R03,2,STAGE5_TOEPLITZ_CORRELATED,2,4,2,P3,3,7.9,10.1,0.15,90,0,0.9,SPECIFIED_CORRELATION,10,10,4,3,182,MC1_BASE_N2_L4_P3_R03,MC1_BASE_N2_L4_P3_R03,430100182,430200182,WHITENED_SEQUENTIAL_BEAMSPACE_EXPECTED_TOTAL_SNR,STAGE8_K2_TANGENT_WHITE_SNR_MONTE_CARLO_AND_CLOSURE_V1,ONE_SYNTHETIC_CPI,ONE_SELECTED_RANGE_DOPPLER_CELL,1,1,0,0,0,7ac5f2ed7f8b920df52a4e1cde4f3ee8f80b69a8208c8d8579b1925f9a445627,eb148b1636a57d2f7cbeea7685c50da842587fe03dc1b1d66727110bd6e9710f,-12.6995768673122,15.7889441709789,9.9999999999999
1279,MC1_K2_N2_L4_SP14_P3_R03,2,STAGE5_TOEPLITZ_CORRELATED,2,4,2,P3,3,7.9,10.1,0.15,90,0,0.9,SPECIFIED_CORRELATION,14,14,5,3,182,MC1_BASE_N2_L4_P3_R03,MC1_BASE_N2_L4_P3_R03,430100182,430200182,WHITENED_SEQUENTIAL_BEAMSPACE_EXPECTED_TOTAL_SNR,STAGE8_K2_TANGENT_WHITE_SNR_MONTE_CARLO_AND_CLOSURE_V1,ONE_SYNTHETIC_CPI,ONE_SELECTED_RANGE_DOPPLER_CELL,1,1,0,0,0,7ac5f2ed7f8b920df52a4e1cde4f3ee8f80b69a8208c8d8579b1925f9a445627,de35555d8aa0f42c8705e39c9b975d2eef6b11916d616b7b9cd9c8baa87cd631,-8.6995768673122,19.7889441709789,14
1280,MC1_K2_N2_L4_SP18_P3_R03,2,STAGE5_TOEPLITZ_CORRELATED,2,4,2,P3,3,7.9,10.1,0.15,90,0,0.9,SPECIFIED_CORRELATION,18,18,6,3,182,MC1_BASE_N2_L4_P3_R03,MC1_BASE_N2_L4_P3_R03,430100182,430200182,WHITENED_SEQUENTIAL_BEAMSPACE_EXPECTED_TOTAL_SNR,STAGE8_K2_TANGENT_WHITE_SNR_MONTE_CARLO_AND_CLOSURE_V1,ONE_SYNTHETIC_CPI,ONE_SELECTED_RANGE_DOPPLER_CELL,1,1,0,0,0,7ac5f2ed7f8b920df52a4e1cde4f3ee8f80b69a8208c8d8579b1925f9a445627,a7b7177872cf3cbb3fcdaac26c574d3667ada302d76b7ac07e50d10f9e9467f4,-4.6995768673122,23.7889441709789,18
1281,MC1_K2_N2_L4_SP22_P3_R03,2,STAGE5_TOEPLITZ_CORRELATED,2,4,2,P3,3,7.9,10.1,0.15,90,0,0.9,SPECIFIED_CORRELATION,22,22,7,3,182,MC1_BASE_N2_L4_P3_R03,MC1_BASE_N2_L4_P3_R03,430100182,430200182,WHITENED_SEQUENTIAL_BEAMSPACE_EXPECTED_TOTAL_SNR,STAGE8_K2_TANGENT_WHITE_SNR_MONTE_CARLO_AND_CLOSURE_V1,ONE_SYNTHETIC_CPI,ONE_SELECTED_RANGE_DOPPLER_CELL,1,1,0,0,0,7ac5f2ed7f8b920df52a4e1cde4f3ee8f80b69a8208c8d8579b1925f9a445627,feb8ddaa993ebde700610894b1aff87b5e4f7ce0ae368c4d5db2ffd7767cbb62,-0.699576867312201,27.7889441709789,22
1282,MC1_K2_N2_L4_SM6_P3_R04,2,STAGE5_TOEPLITZ_CORRELATED,2,4,2,P3,3,7.9,10.1,0.15,90,0,0.9,SPECIFIED_CORRELATION,-6,-6,1,4,183,MC1_BASE_N2_L4_P3_R04,MC1_BASE_N2_L4_P3_R04,430100183,430200183,WHITENED_SEQUENTIAL_BEAMSPACE_EXPECTED_TOTAL_SNR,STAGE8_K2_TANGENT_WHITE_SNR_MONTE_CARLO_AND_CLOSURE_V1,ONE_SYNTHETIC_CPI,ONE_SELECTED_RANGE_DOPPLER_CELL,1,1,0,0,0,7ac5f2ed7f8b920df52a4e1cde4f3ee8f80b69a8208c8d8579b1925f9a445627,8dc7e81efaa84d9e8cf0a9b509ce4b2740923dcda8580f58c697fbffa56d18cb,-28.6870462808403,-0.191259644006649,-5.99999999999997
1283,MC1_K2_N2_L4_SP0_P3_R04,2,STAGE5_TOEPLITZ_CORRELATED,2,4,2,P3,3,7.9,10.1,0.15,90,0,0.9,SPECIFIED_CORRELATION,0,0,2,4,183,MC1_BASE_N2_L4_P3_R04,MC1_BASE_N2_L4_P3_R04,430100183,430200183,WHITENED_SEQUENTIAL_BEAMSPACE_EXPECTED_TOTAL_SNR,STAGE8_K2_TANGENT_WHITE_SNR_MONTE_CARLO_AND_CLOSURE_V1,ONE_SYNTHETIC_CPI,ONE_SELECTED_RANGE_DOPPLER_CELL,1,1,0,0,0,7ac5f2ed7f8b920df52a4e1cde4f3ee8f80b69a8208c8d8579b1925f9a445627,84be2a0e4f460b7624335c428f6ed250b72e47b99a976abe6fc07e48168d5dd4,-22.6870462808403,5.80874035599335,6.94315775918361e-14
1284,MC1_K2_N2_L4_SP6_P3_R04,2,STAGE5_TOEPLITZ_CORRELATED,2,4,2,P3,3,7.9,10.1,0.15,90,0,0.9,SPECIFIED_CORRELATION,6,6,3,4,183,MC1_BASE_N2_L4_P3_R04,MC1_BASE_N2_L4_P3_R04,430100183,430200183,WHITENED_SEQUENTIAL_BEAMSPACE_EXPECTED_TOTAL_SNR,STAGE8_K2_TANGENT_WHITE_SNR_MONTE_CARLO_AND_CLOSURE_V1,ONE_SYNTHETIC_CPI,ONE_SELECTED_RANGE_DOPPLER_CELL,1,1,0,0,0,7ac5f2ed7f8b920df52a4e1cde4f3ee8f80b69a8208c8d8579b1925f9a445627,2bac0744de762742d6a6f091b1781e1d1addc624cf31f81c3d370e941b633192,-16.6870462808403,11.8087403559934,5.99999999999996
1285,MC1_K2_N2_L4_SP10_P3_R04,2,STAGE5_TOEPLITZ_CORRELATED,2,4,2,P3,3,7.9,10.1,0.15,90,0,0.9,SPECIFIED_CORRELATION,10,10,4,4,183,MC1_BASE_N2_L4_P3_R04,MC1_BASE_N2_L4_P3_R04,430100183,430200183,WHITENED_SEQUENTIAL_BEAMSPACE_EXPECTED_TOTAL_SNR,STAGE8_K2_TANGENT_WHITE_SNR_MONTE_CARLO_AND_CLOSURE_V1,ONE_SYNTHETIC_CPI,ONE_SELECTED_RANGE_DOPPLER_CELL,1,1,0,0,0,7ac5f2ed7f8b920df52a4e1cde4f3ee8f80b69a8208c8d8579b1925f9a445627,8036d1c8e67e3b09e74977fbb3795f8e3dbed488d6fbcd459c7d7ea7779582cd,-12.6870462808403,15.8087403559933,10
1286,MC1_K2_N2_L4_SP14_P3_R04,2,STAGE5_TOEPLITZ_CORRELATED,2,4,2,P3,3,7.9,10.1,0.15,90,0,0.9,SPECIFIED_CORRELATION,14,14,5,4,183,MC1_BASE_N2_L4_P3_R04,MC1_BASE_N2_L4_P3_R04,430100183,430200183,WHITENED_SEQUENTIAL_BEAMSPACE_EXPECTED_TOTAL_SNR,STAGE8_K2_TANGENT_WHITE_SNR_MONTE_CARLO_AND_CLOSURE_V1,ONE_SYNTHETIC_CPI,ONE_SELECTED_RANGE_DOPPLER_CELL,1,1,0,0,0,7ac5f2ed7f8b920df52a4e1cde4f3ee8f80b69a8208c8d8579b1925f9a445627,8258669c484ea50298f68a96cd89dfff6ef485dfc6135e549f1a300f52a69454,-8.68704628084027,19.8087403559934,14
1287,MC1_K2_N2_L4_SP18_P3_R04,2,STAGE5_TOEPLITZ_CORRELATED,2,4,2,P3,3,7.9,10.1,0.15,90,0,0.9,SPECIFIED_CORRELATION,18,18,6,4,183,MC1_BASE_N2_L4_P3_R04,MC1_BASE_N2_L4_P3_R04,430100183,430200183,WHITENED_SEQUENTIAL_BEAMSPACE_EXPECTED_TOTAL_SNR,STAGE8_K2_TANGENT_WHITE_SNR_MONTE_CARLO_AND_CLOSURE_V1,ONE_SYNTHETIC_CPI,ONE_SELECTED_RANGE_DOPPLER_CELL,1,1,0,0,0,7ac5f2ed7f8b920df52a4e1cde4f3ee8f80b69a8208c8d8579b1925f9a445627,2e5a9f1b16c5373ad6dca6c27ed655cc0a211ac116c6f5bd3f1a5ea455e8b188,-4.68704628084026,23.8087403559934,18
1288,MC1_K2_N2_L4_SP22_P3_R04,2,STAGE5_TOEPLITZ_CORRELATED,2,4,2,P3,3,7.9,10.1,0.15,90,0,0.9,SPECIFIED_CORRELATION,22,22,7,4,183,MC1_BASE_N2_L4_P3_R04,MC1_BASE_N2_L4_P3_R04,430100183,430200183,WHITENED_SEQUENTIAL_BEAMSPACE_EXPECTED_TOTAL_SNR,STAGE8_K2_TANGENT_WHITE_SNR_MONTE_CARLO_AND_CLOSURE_V1,ONE_SYNTHETIC_CPI,ONE_SELECTED_RANGE_DOPPLER_CELL,1,1,0,0,0,7ac5f2ed7f8b920df52a4e1cde4f3ee8f80b69a8208c8d8579b1925f9a445627,92796e4e618a2434d0f86aad761f302d09eef6329addcb715a48c203cc03d31d,-0.687046280840263,27.8087403559934,22
1289,MC1_K2_N2_L4_SM6_P3_R05,2,STAGE5_TOEPLITZ_CORRELATED,2,4,2,P3,3,7.9,10.1,0.15,90,0,0.9,SPECIFIED_CORRELATION,-6,-6,1,5,184,MC1_BASE_N2_L4_P3_R05,MC1_BASE_N2_L4_P3_R05,430100184,430200184,WHITENED_SEQUENTIAL_BEAMSPACE_EXPECTED_TOTAL_SNR,STAGE8_K2_TANGENT_WHITE_SNR_MONTE_CARLO_AND_CLOSURE_V1,ONE_SYNTHETIC_CPI,ONE_SELECTED_RANGE_DOPPLER_CELL,1,1,0,0,0,7ac5f2ed7f8b920df52a4e1cde4f3ee8f80b69a8208c8d8579b1925f9a445627,a8d51d1d7a7cb87f8138e9968587783ef549fcfc26312b6dc84c5f7023322a9d,-28.7067866152813,-0.228872523743136,-5.99999999999998
1290,MC1_K2_N2_L4_SP0_P3_R05,2,STAGE5_TOEPLITZ_CORRELATED,2,4,2,P3,3,7.9,10.1,0.15,90,0,0.9,SPECIFIED_CORRELATION,0,0,2,5,184,MC1_BASE_N2_L4_P3_R05,MC1_BASE_N2_L4_P3_R05,430100184,430200184,WHITENED_SEQUENTIAL_BEAMSPACE_EXPECTED_TOTAL_SNR,STAGE8_K2_TANGENT_WHITE_SNR_MONTE_CARLO_AND_CLOSURE_V1,ONE_SYNTHETIC_CPI,ONE_SELECTED_RANGE_DOPPLER_CELL,1,1,0,0,0,7ac5f2ed7f8b920df52a4e1cde4f3ee8f80b69a8208c8d8579b1925f9a445627,5dd56d854768f451d0dbf9d754764d6fbe85901bae2e0918337aa568ca8ff797,-22.7067866152813,5.77112747625686,1.25362570651927e-14
1291,MC1_K2_N2_L4_SP6_P3_R05,2,STAGE5_TOEPLITZ_CORRELATED,2,4,2,P3,3,7.9,10.1,0.15,90,0,0.9,SPECIFIED_CORRELATION,6,6,3,5,184,MC1_BASE_N2_L4_P3_R05,MC1_BASE_N2_L4_P3_R05,430100184,430200184,WHITENED_SEQUENTIAL_BEAMSPACE_EXPECTED_TOTAL_SNR,STAGE8_K2_TANGENT_WHITE_SNR_MONTE_CARLO_AND_CLOSURE_V1,ONE_SYNTHETIC_CPI,ONE_SELECTED_RANGE_DOPPLER_CELL,1,1,0,0,0,7ac5f2ed7f8b920df52a4e1cde4f3ee8f80b69a8208c8d8579b1925f9a445627,d19c4cc17ef26ac12ae1153ff8e0c1d5f29eb6b7c7518bf38f5f842a16bff783,-16.7067866152813,11.7711274762569,5.99999999999998
1292,MC1_K2_N2_L4_SP10_P3_R05,2,STAGE5_TOEPLITZ_CORRELATED,2,4,2,P3,3,7.9,10.1,0.15,90,0,0.9,SPECIFIED_CORRELATION,10,10,4,5,184,MC1_BASE_N2_L4_P3_R05,MC1_BASE_N2_L4_P3_R05,430100184,430200184,WHITENED_SEQUENTIAL_BEAMSPACE_EXPECTED_TOTAL_SNR,STAGE8_K2_TANGENT_WHITE_SNR_MONTE_CARLO_AND_CLOSURE_V1,ONE_SYNTHETIC_CPI,ONE_SELECTED_RANGE_DOPPLER_CELL,1,1,0,0,0,7ac5f2ed7f8b920df52a4e1cde4f3ee8f80b69a8208c8d8579b1925f9a445627,84ec5b58e1f47641dda413a3bdd7feed229f456a87c50b4fc4a5f051f61109c4,-12.7067866152813,15.7711274762569,10
1293,MC1_K2_N2_L4_SP14_P3_R05,2,STAGE5_TOEPLITZ_CORRELATED,2,4,2,P3,3,7.9,10.1,0.15,90,0,0.9,SPECIFIED_CORRELATION,14,14,5,5,184,MC1_BASE_N2_L4_P3_R05,MC1_BASE_N2_L4_P3_R05,430100184,430200184,WHITENED_SEQUENTIAL_BEAMSPACE_EXPECTED_TOTAL_SNR,STAGE8_K2_TANGENT_WHITE_SNR_MONTE_CARLO_AND_CLOSURE_V1,ONE_SYNTHETIC_CPI,ONE_SELECTED_RANGE_DOPPLER_CELL,1,1,0,0,0,7ac5f2ed7f8b920df52a4e1cde4f3ee8f80b69a8208c8d8579b1925f9a445627,b8bdfe5c23a6870ccc2979d23dabf974c525bb5d31dec2013342b68e3e0fc108,-8.70678661528132,19.7711274762569,14
1294,MC1_K2_N2_L4_SP18_P3_R05,2,STAGE5_TOEPLITZ_CORRELATED,2,4,2,P3,3,7.9,10.1,0.15,90,0,0.9,SPECIFIED_CORRELATION,18,18,6,5,184,MC1_BASE_N2_L4_P3_R05,MC1_BASE_N2_L4_P3_R05,430100184,430200184,WHITENED_SEQUENTIAL_BEAMSPACE_EXPECTED_TOTAL_SNR,STAGE8_K2_TANGENT_WHITE_SNR_MONTE_CARLO_AND_CLOSURE_V1,ONE_SYNTHETIC_CPI,ONE_SELECTED_RANGE_DOPPLER_CELL,1,1,0,0,0,7ac5f2ed7f8b920df52a4e1cde4f3ee8f80b69a8208c8d8579b1925f9a445627,cc953ff7a1e968fa476cfd20bcff3a760fedec0d63436f65db01837b26cd06bf,-4.70678661528131,23.7711274762569,18
1295,MC1_K2_N2_L4_SP22_P3_R05,2,STAGE5_TOEPLITZ_CORRELATED,2,4,2,P3,3,7.9,10.1,0.15,90,0,0.9,SPECIFIED_CORRELATION,22,22,7,5,184,MC1_BASE_N2_L4_P3_R05,MC1_BASE_N2_L4_P3_R05,430100184,430200184,WHITENED_SEQUENTIAL_BEAMSPACE_EXPECTED_TOTAL_SNR,STAGE8_K2_TANGENT_WHITE_SNR_MONTE_CARLO_AND_CLOSURE_V1,ONE_SYNTHETIC_CPI,ONE_SELECTED_RANGE_DOPPLER_CELL,1,1,0,0,0,7ac5f2ed7f8b920df52a4e1cde4f3ee8f80b69a8208c8d8579b1925f9a445627,c9e999aae6f7864dab4d28d0836cb35bf418b30153549733f2d362c7c1e5d19c,-0.706786615281313,27.7711274762569,21.9999999999999
1296,MC1_K2_N2_L4_SM6_P3_R06,2,STAGE5_TOEPLITZ_CORRELATED,2,4,2,P3,3,7.9,10.1,0.15,90,0,0.9,SPECIFIED_CORRELATION,-6,-6,1,6,185,MC1_BASE_N2_L4_P3_R06,MC1_BASE_N2_L4_P3_R06,430100185,430200185,WHITENED_SEQUENTIAL_BEAMSPACE_EXPECTED_TOTAL_SNR,STAGE8_K2_TANGENT_WHITE_SNR_MONTE_CARLO_AND_CLOSURE_V1,ONE_SYNTHETIC_CPI,ONE_SELECTED_RANGE_DOPPLER_CELL,1,1,0,0,0,7ac5f2ed7f8b920df52a4e1cde4f3ee8f80b69a8208c8d8579b1925f9a445627,1147cafeded493693948535bcc2976ea0d70ac2b88fcfc04f10bdb284ac40409,-28.6937236056861,-0.200205655512085,-5.99999999999997
1297,MC1_K2_N2_L4_SP0_P3_R06,2,STAGE5_TOEPLITZ_CORRELATED,2,4,2,P3,3,7.9,10.1,0.15,90,0,0.9,SPECIFIED_CORRELATION,0,0,2,6,185,MC1_BASE_N2_L4_P3_R06,MC1_BASE_N2_L4_P3_R06,430100185,430200185,WHITENED_SEQUENTIAL_BEAMSPACE_EXPECTED_TOTAL_SNR,STAGE8_K2_TANGENT_WHITE_SNR_MONTE_CARLO_AND_CLOSURE_V1,ONE_SYNTHETIC_CPI,ONE_SELECTED_RANGE_DOPPLER_CELL,1,1,0,0,0,7ac5f2ed7f8b920df52a4e1cde4f3ee8f80b69a8208c8d8579b1925f9a445627,ae995fa3cd58a90557417fce5fc981a04e93bbf443570993173ab3c5201ff5d3,-22.6937236056861,5.79979434448792,4.24304085283444e-14
1298,MC1_K2_N2_L4_SP6_P3_R06,2,STAGE5_TOEPLITZ_CORRELATED,2,4,2,P3,3,7.9,10.1,0.15,90,0,0.9,SPECIFIED_CORRELATION,6,6,3,6,185,MC1_BASE_N2_L4_P3_R06,MC1_BASE_N2_L4_P3_R06,430100185,430200185,WHITENED_SEQUENTIAL_BEAMSPACE_EXPECTED_TOTAL_SNR,STAGE8_K2_TANGENT_WHITE_SNR_MONTE_CARLO_AND_CLOSURE_V1,ONE_SYNTHETIC_CPI,ONE_SELECTED_RANGE_DOPPLER_CELL,1,1,0,0,0,7ac5f2ed7f8b920df52a4e1cde4f3ee8f80b69a8208c8d8579b1925f9a445627,8d3a46facf52ea6dc9ebf1d3af8dbd7af301a5449167ee41c2963a154272ec4f,-16.6937236056861,11.7997943444879,6.00000000000001
1299,MC1_K2_N2_L4_SP10_P3_R06,2,STAGE5_TOEPLITZ_CORRELATED,2,4,2,P3,3,7.9,10.1,0.15,90,0,0.9,SPECIFIED_CORRELATION,10,10,4,6,185,MC1_BASE_N2_L4_P3_R06,MC1_BASE_N2_L4_P3_R06,430100185,430200185,WHITENED_SEQUENTIAL_BEAMSPACE_EXPECTED_TOTAL_SNR,STAGE8_K2_TANGENT_WHITE_SNR_MONTE_CARLO_AND_CLOSURE_V1,ONE_SYNTHETIC_CPI,ONE_SELECTED_RANGE_DOPPLER_CELL,1,1,0,0,0,7ac5f2ed7f8b920df52a4e1cde4f3ee8f80b69a8208c8d8579b1925f9a445627,e359097b1270f2b533c5172d251b0fd3b92d2700360dd49d18882628ecce70ad,-12.6937236056861,15.7997943444879,10
1300,MC1_K2_N2_L4_SP14_P3_R06,2,STAGE5_TOEPLITZ_CORRELATED,2,4,2,P3,3,7.9,10.1,0.15,90,0,0.9,SPECIFIED_CORRELATION,14,14,5,6,185,MC1_BASE_N2_L4_P3_R06,MC1_BASE_N2_L4_P3_R06,430100185,430200185,WHITENED_SEQUENTIAL_BEAMSPACE_EXPECTED_TOTAL_SNR,STAGE8_K2_TANGENT_WHITE_SNR_MONTE_CARLO_AND_CLOSURE_V1,ONE_SYNTHETIC_CPI,ONE_SELECTED_RANGE_DOPPLER_CELL,1,1,0,0,0,7ac5f2ed7f8b920df52a4e1cde4f3ee8f80b69a8208c8d8579b1925f9a445627,8b786a88d75beab97b743f0d84514420be5c9c97cb2931f0c779fef2c3413603,-8.69372360568611,19.7997943444879,14.0000000000001
1301,MC1_K2_N2_L4_SP18_P3_R06,2,STAGE5_TOEPLITZ_CORRELATED,2,4,2,P3,3,7.9,10.1,0.15,90,0,0.9,SPECIFIED_CORRELATION,18,18,6,6,185,MC1_BASE_N2_L4_P3_R06,MC1_BASE_N2_L4_P3_R06,430100185,430200185,WHITENED_SEQUENTIAL_BEAMSPACE_EXPECTED_TOTAL_SNR,STAGE8_K2_TANGENT_WHITE_SNR_MONTE_CARLO_AND_CLOSURE_V1,ONE_SYNTHETIC_CPI,ONE_SELECTED_RANGE_DOPPLER_CELL,1,1,0,0,0,7ac5f2ed7f8b920df52a4e1cde4f3ee8f80b69a8208c8d8579b1925f9a445627,d0ecf84e3320250dd4abc5eccd79bb5c1b291c1cd28122bd70bafee008594c90,-4.69372360568611,23.7997943444879,18
1302,MC1_K2_N2_L4_SP22_P3_R06,2,STAGE5_TOEPLITZ_CORRELATED,2,4,2,P3,3,7.9,10.1,0.15,90,0,0.9,SPECIFIED_CORRELATION,22,22,7,6,185,MC1_BASE_N2_L4_P3_R06,MC1_BASE_N2_L4_P3_R06,430100185,430200185,WHITENED_SEQUENTIAL_BEAMSPACE_EXPECTED_TOTAL_SNR,STAGE8_K2_TANGENT_WHITE_SNR_MONTE_CARLO_AND_CLOSURE_V1,ONE_SYNTHETIC_CPI,ONE_SELECTED_RANGE_DOPPLER_CELL,1,1,0,0,0,7ac5f2ed7f8b920df52a4e1cde4f3ee8f80b69a8208c8d8579b1925f9a445627,e93e4b104fbc8753438996503aa35665c1844bbb8e786f3b46894672c4ab7d38,-0.693723605686109,27.7997943444879,22
1303,MC1_K2_N2_L4_SM6_P3_R07,2,STAGE5_TOEPLITZ_CORRELATED,2,4,2,P3,3,7.9,10.1,0.15,90,0,0.9,SPECIFIED_CORRELATION,-6,-6,1,7,186,MC1_BASE_N2_L4_P3_R07,MC1_BASE_N2_L4_P3_R07,430100186,430200186,WHITENED_SEQUENTIAL_BEAMSPACE_EXPECTED_TOTAL_SNR,STAGE8_K2_TANGENT_WHITE_SNR_MONTE_CARLO_AND_CLOSURE_V1,ONE_SYNTHETIC_CPI,ONE_SELECTED_RANGE_DOPPLER_CELL,1,1,0,0,0,7ac5f2ed7f8b920df52a4e1cde4f3ee8f80b69a8208c8d8579b1925f9a445627,6605eead999d509a19f310efb44a799377133dfa3cf66fe4de81432dafa40b07,-28.6945937938216,-0.201636908408652,-6.00000000000003
1304,MC1_K2_N2_L4_SP0_P3_R07,2,STAGE5_TOEPLITZ_CORRELATED,2,4,2,P3,3,7.9,10.1,0.15,90,0,0.9,SPECIFIED_CORRELATION,0,0,2,7,186,MC1_BASE_N2_L4_P3_R07,MC1_BASE_N2_L4_P3_R07,430100186,430200186,WHITENED_SEQUENTIAL_BEAMSPACE_EXPECTED_TOTAL_SNR,STAGE8_K2_TANGENT_WHITE_SNR_MONTE_CARLO_AND_CLOSURE_V1,ONE_SYNTHETIC_CPI,ONE_SELECTED_RANGE_DOPPLER_CELL,1,1,0,0,0,7ac5f2ed7f8b920df52a4e1cde4f3ee8f80b69a8208c8d8579b1925f9a445627,1ef446d324cc81780d3839a503876478425edb49f62cc494574427231e09e720,-22.6945937938216,5.79836309159135,-6.21991215926875e-14
1305,MC1_K2_N2_L4_SP6_P3_R07,2,STAGE5_TOEPLITZ_CORRELATED,2,4,2,P3,3,7.9,10.1,0.15,90,0,0.9,SPECIFIED_CORRELATION,6,6,3,7,186,MC1_BASE_N2_L4_P3_R07,MC1_BASE_N2_L4_P3_R07,430100186,430200186,WHITENED_SEQUENTIAL_BEAMSPACE_EXPECTED_TOTAL_SNR,STAGE8_K2_TANGENT_WHITE_SNR_MONTE_CARLO_AND_CLOSURE_V1,ONE_SYNTHETIC_CPI,ONE_SELECTED_RANGE_DOPPLER_CELL,1,1,0,0,0,7ac5f2ed7f8b920df52a4e1cde4f3ee8f80b69a8208c8d8579b1925f9a445627,94e390d9168cee9be0cbd2adf1c00e4b1ddff5b97fbc0493e4fd41d3fafe63d1,-16.6945937938216,11.7983630915913,5.99999999999999
1306,MC1_K2_N2_L4_SP10_P3_R07,2,STAGE5_TOEPLITZ_CORRELATED,2,4,2,P3,3,7.9,10.1,0.15,90,0,0.9,SPECIFIED_CORRELATION,10,10,4,7,186,MC1_BASE_N2_L4_P3_R07,MC1_BASE_N2_L4_P3_R07,430100186,430200186,WHITENED_SEQUENTIAL_BEAMSPACE_EXPECTED_TOTAL_SNR,STAGE8_K2_TANGENT_WHITE_SNR_MONTE_CARLO_AND_CLOSURE_V1,ONE_SYNTHETIC_CPI,ONE_SELECTED_RANGE_DOPPLER_CELL,1,1,0,0,0,7ac5f2ed7f8b920df52a4e1cde4f3ee8f80b69a8208c8d8579b1925f9a445627,78f9933666b78cbaf090d2c51d8534a1c9b4d5fd2af64722108c005709757de9,-12.6945937938216,15.7983630915913,9.99999999999997
1307,MC1_K2_N2_L4_SP14_P3_R07,2,STAGE5_TOEPLITZ_CORRELATED,2,4,2,P3,3,7.9,10.1,0.15,90,0,0.9,SPECIFIED_CORRELATION,14,14,5,7,186,MC1_BASE_N2_L4_P3_R07,MC1_BASE_N2_L4_P3_R07,430100186,430200186,WHITENED_SEQUENTIAL_BEAMSPACE_EXPECTED_TOTAL_SNR,STAGE8_K2_TANGENT_WHITE_SNR_MONTE_CARLO_AND_CLOSURE_V1,ONE_SYNTHETIC_CPI,ONE_SELECTED_RANGE_DOPPLER_CELL,1,1,0,0,0,7ac5f2ed7f8b920df52a4e1cde4f3ee8f80b69a8208c8d8579b1925f9a445627,ede6bcfb1772b25bb78040ad6f90a324139cbed1d4b83be403c81f18b9cdc440,-8.69459379382161,19.7983630915913,14.0000000000001
1308,MC1_K2_N2_L4_SP18_P3_R07,2,STAGE5_TOEPLITZ_CORRELATED,2,4,2,P3,3,7.9,10.1,0.15,90,0,0.9,SPECIFIED_CORRELATION,18,18,6,7,186,MC1_BASE_N2_L4_P3_R07,MC1_BASE_N2_L4_P3_R07,430100186,430200186,WHITENED_SEQUENTIAL_BEAMSPACE_EXPECTED_TOTAL_SNR,STAGE8_K2_TANGENT_WHITE_SNR_MONTE_CARLO_AND_CLOSURE_V1,ONE_SYNTHETIC_CPI,ONE_SELECTED_RANGE_DOPPLER_CELL,1,1,0,0,0,7ac5f2ed7f8b920df52a4e1cde4f3ee8f80b69a8208c8d8579b1925f9a445627,63430652fe9be85cd6e5cb20245b260af478a116bbe2faa3fae14bce42aa1b90,-4.69459379382161,23.7983630915913,18
1309,MC1_K2_N2_L4_SP22_P3_R07,2,STAGE5_TOEPLITZ_CORRELATED,2,4,2,P3,3,7.9,10.1,0.15,90,0,0.9,SPECIFIED_CORRELATION,22,22,7,7,186,MC1_BASE_N2_L4_P3_R07,MC1_BASE_N2_L4_P3_R07,430100186,430200186,WHITENED_SEQUENTIAL_BEAMSPACE_EXPECTED_TOTAL_SNR,STAGE8_K2_TANGENT_WHITE_SNR_MONTE_CARLO_AND_CLOSURE_V1,ONE_SYNTHETIC_CPI,ONE_SELECTED_RANGE_DOPPLER_CELL,1,1,0,0,0,7ac5f2ed7f8b920df52a4e1cde4f3ee8f80b69a8208c8d8579b1925f9a445627,2b6e4e7a290cf1da643d5882ed2ba169c65558cfd486fb63c9ab1bd532dff42a,-0.694593793821604,27.7983630915914,22
1310,MC1_K2_N2_L4_SM6_P3_R08,2,STAGE5_TOEPLITZ_CORRELATED,2,4,2,P3,3,7.9,10.1,0.15,90,0,0.9,SPECIFIED_CORRELATION,-6,-6,1,8,187,MC1_BASE_N2_L4_P3_R08,MC1_BASE_N2_L4_P3_R08,430100187,430200187,WHITENED_SEQUENTIAL_BEAMSPACE_EXPECTED_TOTAL_SNR,STAGE8_K2_TANGENT_WHITE_SNR_MONTE_CARLO_AND_CLOSURE_V1,ONE_SYNTHETIC_CPI,ONE_SELECTED_RANGE_DOPPLER_CELL,1,1,0,0,0,7ac5f2ed7f8b920df52a4e1cde4f3ee8f80b69a8208c8d8579b1925f9a445627,1e4e138c00e00d5b805ea543dffc2a027d5fa942c93a929ede4cd47b17c4ea19,-28.685071864474,-0.189314492319689,-6.00000000000002
1311,MC1_K2_N2_L4_SP0_P3_R08,2,STAGE5_TOEPLITZ_CORRELATED,2,4,2,P3,3,7.9,10.1,0.15,90,0,0.9,SPECIFIED_CORRELATION,0,0,2,8,187,MC1_BASE_N2_L4_P3_R08,MC1_BASE_N2_L4_P3_R08,430100187,430200187,WHITENED_SEQUENTIAL_BEAMSPACE_EXPECTED_TOTAL_SNR,STAGE8_K2_TANGENT_WHITE_SNR_MONTE_CARLO_AND_CLOSURE_V1,ONE_SYNTHETIC_CPI,ONE_SELECTED_RANGE_DOPPLER_CELL,1,1,0,0,0,7ac5f2ed7f8b920df52a4e1cde4f3ee8f80b69a8208c8d8579b1925f9a445627,23aed2562c3359e9d56a6a1d5ee4ae5450f4cb710fd0a16d4dae6869500073b2,-22.685071864474,5.81068550768031,-2.41081866638322e-15
1312,MC1_K2_N2_L4_SP6_P3_R08,2,STAGE5_TOEPLITZ_CORRELATED,2,4,2,P3,3,7.9,10.1,0.15,90,0,0.9,SPECIFIED_CORRELATION,6,6,3,8,187,MC1_BASE_N2_L4_P3_R08,MC1_BASE_N2_L4_P3_R08,430100187,430200187,WHITENED_SEQUENTIAL_BEAMSPACE_EXPECTED_TOTAL_SNR,STAGE8_K2_TANGENT_WHITE_SNR_MONTE_CARLO_AND_CLOSURE_V1,ONE_SYNTHETIC_CPI,ONE_SELECTED_RANGE_DOPPLER_CELL,1,1,0,0,0,7ac5f2ed7f8b920df52a4e1cde4f3ee8f80b69a8208c8d8579b1925f9a445627,208905ebaece197503c3223f541311f0d85ce17de0b37a8d233964150a576d11,-16.685071864474,11.8106855076803,6.00000000000001
1313,MC1_K2_N2_L4_SP10_P3_R08,2,STAGE5_TOEPLITZ_CORRELATED,2,4,2,P3,3,7.9,10.1,0.15,90,0,0.9,SPECIFIED_CORRELATION,10,10,4,8,187,MC1_BASE_N2_L4_P3_R08,MC1_BASE_N2_L4_P3_R08,430100187,430200187,WHITENED_SEQUENTIAL_BEAMSPACE_EXPECTED_TOTAL_SNR,STAGE8_K2_TANGENT_WHITE_SNR_MONTE_CARLO_AND_CLOSURE_V1,ONE_SYNTHETIC_CPI,ONE_SELECTED_RANGE_DOPPLER_CELL,1,1,0,0,0,7ac5f2ed7f8b920df52a4e1cde4f3ee8f80b69a8208c8d8579b1925f9a445627,80bb2947a047cc482f2fac2bec5a8818be1f64359836d7530893d1bfbee67b0f,-12.685071864474,15.8106855076803,10
1314,MC1_K2_N2_L4_SP14_P3_R08,2,STAGE5_TOEPLITZ_CORRELATED,2,4,2,P3,3,7.9,10.1,0.15,90,0,0.9,SPECIFIED_CORRELATION,14,14,5,8,187,MC1_BASE_N2_L4_P3_R08,MC1_BASE_N2_L4_P3_R08,430100187,430200187,WHITENED_SEQUENTIAL_BEAMSPACE_EXPECTED_TOTAL_SNR,STAGE8_K2_TANGENT_WHITE_SNR_MONTE_CARLO_AND_CLOSURE_V1,ONE_SYNTHETIC_CPI,ONE_SELECTED_RANGE_DOPPLER_CELL,1,1,0,0,0,7ac5f2ed7f8b920df52a4e1cde4f3ee8f80b69a8208c8d8579b1925f9a445627,83a788d0a6c073e61f9d15d7254e3f7c3c4e7d3db9b3491df1d295660e390b21,-8.68507186447403,19.8106855076803,13.9999999999999
1315,MC1_K2_N2_L4_SP18_P3_R08,2,STAGE5_TOEPLITZ_CORRELATED,2,4,2,P3,3,7.9,10.1,0.15,90,0,0.9,SPECIFIED_CORRELATION,18,18,6,8,187,MC1_BASE_N2_L4_P3_R08,MC1_BASE_N2_L4_P3_R08,430100187,430200187,WHITENED_SEQUENTIAL_BEAMSPACE_EXPECTED_TOTAL_SNR,STAGE8_K2_TANGENT_WHITE_SNR_MONTE_CARLO_AND_CLOSURE_V1,ONE_SYNTHETIC_CPI,ONE_SELECTED_RANGE_DOPPLER_CELL,1,1,0,0,0,7ac5f2ed7f8b920df52a4e1cde4f3ee8f80b69a8208c8d8579b1925f9a445627,2e52f99f5873347406b07abc91cc12c19831f015e42430842b15240eb3f7ceb4,-4.68507186447403,23.8106855076803,18.0000000000001
1316,MC1_K2_N2_L4_SP22_P3_R08,2,STAGE5_TOEPLITZ_CORRELATED,2,4,2,P3,3,7.9,10.1,0.15,90,0,0.9,SPECIFIED_CORRELATION,22,22,7,8,187,MC1_BASE_N2_L4_P3_R08,MC1_BASE_N2_L4_P3_R08,430100187,430200187,WHITENED_SEQUENTIAL_BEAMSPACE_EXPECTED_TOTAL_SNR,STAGE8_K2_TANGENT_WHITE_SNR_MONTE_CARLO_AND_CLOSURE_V1,ONE_SYNTHETIC_CPI,ONE_SELECTED_RANGE_DOPPLER_CELL,1,1,0,0,0,7ac5f2ed7f8b920df52a4e1cde4f3ee8f80b69a8208c8d8579b1925f9a445627,8682ce3817816d26c35f561fd871a47f35e505bb944fd3c25bd4dca510941d43,-0.685071864474027,27.8106855076803,22.0000000000001
1317,MC1_K2_N2_L4_SM6_P3_R09,2,STAGE5_TOEPLITZ_CORRELATED,2,4,2,P3,3,7.9,10.1,0.15,90,0,0.9,SPECIFIED_CORRELATION,-6,-6,1,9,188,MC1_BASE_N2_L4_P3_R09,MC1_BASE_N2_L4_P3_R09,430100188,430200188,WHITENED_SEQUENTIAL_BEAMSPACE_EXPECTED_TOTAL_SNR,STAGE8_K2_TANGENT_WHITE_SNR_MONTE_CARLO_AND_CLOSURE_V1,ONE_SYNTHETIC_CPI,ONE_SELECTED_RANGE_DOPPLER_CELL,1,1,0,0,0,7ac5f2ed7f8b920df52a4e1cde4f3ee8f80b69a8208c8d8579b1925f9a445627,b311a55ec6f8c770528b08fb86c2d169edee5c877c5728c134e1bd93f2709893,-28.7186937556394,-0.27974354815215,-5.99999999999999
1318,MC1_K2_N2_L4_SP0_P3_R09,2,STAGE5_TOEPLITZ_CORRELATED,2,4,2,P3,3,7.9,10.1,0.15,90,0,0.9,SPECIFIED_CORRELATION,0,0,2,9,188,MC1_BASE_N2_L4_P3_R09,MC1_BASE_N2_L4_P3_R09,430100188,430200188,WHITENED_SEQUENTIAL_BEAMSPACE_EXPECTED_TOTAL_SNR,STAGE8_K2_TANGENT_WHITE_SNR_MONTE_CARLO_AND_CLOSURE_V1,ONE_SYNTHETIC_CPI,ONE_SELECTED_RANGE_DOPPLER_CELL,1,1,0,0,0,7ac5f2ed7f8b920df52a4e1cde4f3ee8f80b69a8208c8d8579b1925f9a445627,1c6ac3e975404aa20b428217ad5b453994078c3d91994f31a576328f44e156aa,-22.7186937556394,5.72025645184785,6.46099402590698e-14
1319,MC1_K2_N2_L4_SP6_P3_R09,2,STAGE5_TOEPLITZ_CORRELATED,2,4,2,P3,3,7.9,10.1,0.15,90,0,0.9,SPECIFIED_CORRELATION,6,6,3,9,188,MC1_BASE_N2_L4_P3_R09,MC1_BASE_N2_L4_P3_R09,430100188,430200188,WHITENED_SEQUENTIAL_BEAMSPACE_EXPECTED_TOTAL_SNR,STAGE8_K2_TANGENT_WHITE_SNR_MONTE_CARLO_AND_CLOSURE_V1,ONE_SYNTHETIC_CPI,ONE_SELECTED_RANGE_DOPPLER_CELL,1,1,0,0,0,7ac5f2ed7f8b920df52a4e1cde4f3ee8f80b69a8208c8d8579b1925f9a445627,24a425e61a82c796f8f7d7fa21378fcec8ed22836bbd83aa9f73897d21e68b4e,-16.7186937556394,11.7202564518478,5.99999999999999
1320,MC1_K2_N2_L4_SP10_P3_R09,2,STAGE5_TOEPLITZ_CORRELATED,2,4,2,P3,3,7.9,10.1,0.15,90,0,0.9,SPECIFIED_CORRELATION,10,10,4,9,188,MC1_BASE_N2_L4_P3_R09,MC1_BASE_N2_L4_P3_R09,430100188,430200188,WHITENED_SEQUENTIAL_BEAMSPACE_EXPECTED_TOTAL_SNR,STAGE8_K2_TANGENT_WHITE_SNR_MONTE_CARLO_AND_CLOSURE_V1,ONE_SYNTHETIC_CPI,ONE_SELECTED_RANGE_DOPPLER_CELL,1,1,0,0,0,7ac5f2ed7f8b920df52a4e1cde4f3ee8f80b69a8208c8d8579b1925f9a445627,c9e6e9cd7c45d34cc5431738dd9dff516f4ca980a460f1258c57029cc7bbef31,-12.7186937556394,15.7202564518478,10.0000000000001
1321,MC1_K2_N2_L4_SP14_P3_R09,2,STAGE5_TOEPLITZ_CORRELATED,2,4,2,P3,3,7.9,10.1,0.15,90,0,0.9,SPECIFIED_CORRELATION,14,14,5,9,188,MC1_BASE_N2_L4_P3_R09,MC1_BASE_N2_L4_P3_R09,430100188,430200188,WHITENED_SEQUENTIAL_BEAMSPACE_EXPECTED_TOTAL_SNR,STAGE8_K2_TANGENT_WHITE_SNR_MONTE_CARLO_AND_CLOSURE_V1,ONE_SYNTHETIC_CPI,ONE_SELECTED_RANGE_DOPPLER_CELL,1,1,0,0,0,7ac5f2ed7f8b920df52a4e1cde4f3ee8f80b69a8208c8d8579b1925f9a445627,bcd4bf1ce7c10a5283f1641c1fef61efe46767a2f4b1def630d1fb49dd09e7b8,-8.71869375563944,19.7202564518478,14
1322,MC1_K2_N2_L4_SP18_P3_R09,2,STAGE5_TOEPLITZ_CORRELATED,2,4,2,P3,3,7.9,10.1,0.15,90,0,0.9,SPECIFIED_CORRELATION,18,18,6,9,188,MC1_BASE_N2_L4_P3_R09,MC1_BASE_N2_L4_P3_R09,430100188,430200188,WHITENED_SEQUENTIAL_BEAMSPACE_EXPECTED_TOTAL_SNR,STAGE8_K2_TANGENT_WHITE_SNR_MONTE_CARLO_AND_CLOSURE_V1,ONE_SYNTHETIC_CPI,ONE_SELECTED_RANGE_DOPPLER_CELL,1,1,0,0,0,7ac5f2ed7f8b920df52a4e1cde4f3ee8f80b69a8208c8d8579b1925f9a445627,1b4be23157e23fe80d4d43b86f89ef20f22aeb655b07a02a8d140d953a146b5d,-4.71869375563943,23.7202564518478,18
1323,MC1_K2_N2_L4_SP22_P3_R09,2,STAGE5_TOEPLITZ_CORRELATED,2,4,2,P3,3,7.9,10.1,0.15,90,0,0.9,SPECIFIED_CORRELATION,22,22,7,9,188,MC1_BASE_N2_L4_P3_R09,MC1_BASE_N2_L4_P3_R09,430100188,430200188,WHITENED_SEQUENTIAL_BEAMSPACE_EXPECTED_TOTAL_SNR,STAGE8_K2_TANGENT_WHITE_SNR_MONTE_CARLO_AND_CLOSURE_V1,ONE_SYNTHETIC_CPI,ONE_SELECTED_RANGE_DOPPLER_CELL,1,1,0,0,0,7ac5f2ed7f8b920df52a4e1cde4f3ee8f80b69a8208c8d8579b1925f9a445627,859729305243c3512f231db809d45f469ae0477cec34ca99e337008f483d1ee7,-0.718693755639434,27.7202564518479,22.0000000000001
1324,MC1_K2_N2_L4_SM6_P3_R10,2,STAGE5_TOEPLITZ_CORRELATED,2,4,2,P3,3,7.9,10.1,0.15,90,0,0.9,SPECIFIED_CORRELATION,-6,-6,1,10,189,MC1_BASE_N2_L4_P3_R10,MC1_BASE_N2_L4_P3_R10,430100189,430200189,WHITENED_SEQUENTIAL_BEAMSPACE_EXPECTED_TOTAL_SNR,STAGE8_K2_TANGENT_WHITE_SNR_MONTE_CARLO_AND_CLOSURE_V1,ONE_SYNTHETIC_CPI,ONE_SELECTED_RANGE_DOPPLER_CELL,1,1,0,0,0,7ac5f2ed7f8b920df52a4e1cde4f3ee8f80b69a8208c8d8579b1925f9a445627,0e515fd882c653a4049fbb0de153009d079563442602d4dc07906dae0d70f2bd,-28.6893774108847,-0.193973022605762,-6.00000000000001
1325,MC1_K2_N2_L4_SP0_P3_R10,2,STAGE5_TOEPLITZ_CORRELATED,2,4,2,P3,3,7.9,10.1,0.15,90,0,0.9,SPECIFIED_CORRELATION,0,0,2,10,189,MC1_BASE_N2_L4_P3_R10,MC1_BASE_N2_L4_P3_R10,430100189,430200189,WHITENED_SEQUENTIAL_BEAMSPACE_EXPECTED_TOTAL_SNR,STAGE8_K2_TANGENT_WHITE_SNR_MONTE_CARLO_AND_CLOSURE_V1,ONE_SYNTHETIC_CPI,ONE_SELECTED_RANGE_DOPPLER_CELL,1,1,0,0,0,7ac5f2ed7f8b920df52a4e1cde4f3ee8f80b69a8208c8d8579b1925f9a445627,17bc4c8a1b8903644603a7af9504f0cb37d1c8a72dfcaf7bc4737a59a1a7416a,-22.6893774108847,5.80602697739424,2.0250876797619e-14
1326,MC1_K2_N2_L4_SP6_P3_R10,2,STAGE5_TOEPLITZ_CORRELATED,2,4,2,P3,3,7.9,10.1,0.15,90,0,0.9,SPECIFIED_CORRELATION,6,6,3,10,189,MC1_BASE_N2_L4_P3_R10,MC1_BASE_N2_L4_P3_R10,430100189,430200189,WHITENED_SEQUENTIAL_BEAMSPACE_EXPECTED_TOTAL_SNR,STAGE8_K2_TANGENT_WHITE_SNR_MONTE_CARLO_AND_CLOSURE_V1,ONE_SYNTHETIC_CPI,ONE_SELECTED_RANGE_DOPPLER_CELL,1,1,0,0,0,7ac5f2ed7f8b920df52a4e1cde4f3ee8f80b69a8208c8d8579b1925f9a445627,488fcd80f20dfaa867e2eb4913ae9cd64f5676a19c31a3da2efa1c0b018e6232,-16.6893774108847,11.8060269773942,6.00000000000005
1327,MC1_K2_N2_L4_SP10_P3_R10,2,STAGE5_TOEPLITZ_CORRELATED,2,4,2,P3,3,7.9,10.1,0.15,90,0,0.9,SPECIFIED_CORRELATION,10,10,4,10,189,MC1_BASE_N2_L4_P3_R10,MC1_BASE_N2_L4_P3_R10,430100189,430200189,WHITENED_SEQUENTIAL_BEAMSPACE_EXPECTED_TOTAL_SNR,STAGE8_K2_TANGENT_WHITE_SNR_MONTE_CARLO_AND_CLOSURE_V1,ONE_SYNTHETIC_CPI,ONE_SELECTED_RANGE_DOPPLER_CELL,1,1,0,0,0,7ac5f2ed7f8b920df52a4e1cde4f3ee8f80b69a8208c8d8579b1925f9a445627,c4cdc156fc4a3fcf807cc56d48b1198bee810426692ce56ca5b6e3f59c352488,-12.6893774108847,15.8060269773942,10.0000000000001
1328,MC1_K2_N2_L4_SP14_P3_R10,2,STAGE5_TOEPLITZ_CORRELATED,2,4,2,P3,3,7.9,10.1,0.15,90,0,0.9,SPECIFIED_CORRELATION,14,14,5,10,189,MC1_BASE_N2_L4_P3_R10,MC1_BASE_N2_L4_P3_R10,430100189,430200189,WHITENED_SEQUENTIAL_BEAMSPACE_EXPECTED_TOTAL_SNR,STAGE8_K2_TANGENT_WHITE_SNR_MONTE_CARLO_AND_CLOSURE_V1,ONE_SYNTHETIC_CPI,ONE_SELECTED_RANGE_DOPPLER_CELL,1,1,0,0,0,7ac5f2ed7f8b920df52a4e1cde4f3ee8f80b69a8208c8d8579b1925f9a445627,35cf507501500b8bb23730eabd0942fee4ccf6e94ca4d6c4f018e0a54eaa615a,-8.6893774108847,19.8060269773942,14.0000000000001
1329,MC1_K2_N2_L4_SP18_P3_R10,2,STAGE5_TOEPLITZ_CORRELATED,2,4,2,P3,3,7.9,10.1,0.15,90,0,0.9,SPECIFIED_CORRELATION,18,18,6,10,189,MC1_BASE_N2_L4_P3_R10,MC1_BASE_N2_L4_P3_R10,430100189,430200189,WHITENED_SEQUENTIAL_BEAMSPACE_EXPECTED_TOTAL_SNR,STAGE8_K2_TANGENT_WHITE_SNR_MONTE_CARLO_AND_CLOSURE_V1,ONE_SYNTHETIC_CPI,ONE_SELECTED_RANGE_DOPPLER_CELL,1,1,0,0,0,7ac5f2ed7f8b920df52a4e1cde4f3ee8f80b69a8208c8d8579b1925f9a445627,b67119568712c27a08690d0e73a23a5b53fb25f833cb8a3b6988323b5734f495,-4.6893774108847,23.8060269773942,18
1330,MC1_K2_N2_L4_SP22_P3_R10,2,STAGE5_TOEPLITZ_CORRELATED,2,4,2,P3,3,7.9,10.1,0.15,90,0,0.9,SPECIFIED_CORRELATION,22,22,7,10,189,MC1_BASE_N2_L4_P3_R10,MC1_BASE_N2_L4_P3_R10,430100189,430200189,WHITENED_SEQUENTIAL_BEAMSPACE_EXPECTED_TOTAL_SNR,STAGE8_K2_TANGENT_WHITE_SNR_MONTE_CARLO_AND_CLOSURE_V1,ONE_SYNTHETIC_CPI,ONE_SELECTED_RANGE_DOPPLER_CELL,1,1,0,0,0,7ac5f2ed7f8b920df52a4e1cde4f3ee8f80b69a8208c8d8579b1925f9a445627,1e0a16323a351e1eb9f558cab0e555c4905bd59c408681d8fce562084892544d,-0.689377410884699,27.8060269773942,22
1331,MC1_K2_N2_L4_SM6_P4_R01,2,STAGE5_TOEPLITZ_CORRELATED,2,4,2,P4,4,8.1,9.95,0.1,135,-6,0.9,SPECIFIED_CORRELATION,-6,-6,1,1,190,MC1_BASE_N2_L4_P4_R01,MC1_BASE_N2_L4_P4_R01,430100190,430200190,WHITENED_SEQUENTIAL_BEAMSPACE_EXPECTED_TOTAL_SNR,STAGE8_K2_TANGENT_WHITE_SNR_MONTE_CARLO_AND_CLOSURE_V1,ONE_SYNTHETIC_CPI,ONE_SELECTED_RANGE_DOPPLER_CELL,1,1,0,0,0,7ac5f2ed7f8b920df52a4e1cde4f3ee8f80b69a8208c8d8579b1925f9a445627,b2811f312cdc8f1286ebe534d9f474c13f875c1a78e257a0e0f33bbf5324a1c0,-28.6436731422553,-0.14310762947199,-6.00000000000005
1332,MC1_K2_N2_L4_SP0_P4_R01,2,STAGE5_TOEPLITZ_CORRELATED,2,4,2,P4,4,8.1,9.95,0.1,135,-6,0.9,SPECIFIED_CORRELATION,0,0,2,1,190,MC1_BASE_N2_L4_P4_R01,MC1_BASE_N2_L4_P4_R01,430100190,430200190,WHITENED_SEQUENTIAL_BEAMSPACE_EXPECTED_TOTAL_SNR,STAGE8_K2_TANGENT_WHITE_SNR_MONTE_CARLO_AND_CLOSURE_V1,ONE_SYNTHETIC_CPI,ONE_SELECTED_RANGE_DOPPLER_CELL,1,1,0,0,0,7ac5f2ed7f8b920df52a4e1cde4f3ee8f80b69a8208c8d8579b1925f9a445627,ed0155f0958af4c66ad521c6780c72b862108d9e5847d2489eeb3495641833c6,-22.6436731422553,5.85689237052801,8.00391797239221e-14
1333,MC1_K2_N2_L4_SP6_P4_R01,2,STAGE5_TOEPLITZ_CORRELATED,2,4,2,P4,4,8.1,9.95,0.1,135,-6,0.9,SPECIFIED_CORRELATION,6,6,3,1,190,MC1_BASE_N2_L4_P4_R01,MC1_BASE_N2_L4_P4_R01,430100190,430200190,WHITENED_SEQUENTIAL_BEAMSPACE_EXPECTED_TOTAL_SNR,STAGE8_K2_TANGENT_WHITE_SNR_MONTE_CARLO_AND_CLOSURE_V1,ONE_SYNTHETIC_CPI,ONE_SELECTED_RANGE_DOPPLER_CELL,1,1,0,0,0,7ac5f2ed7f8b920df52a4e1cde4f3ee8f80b69a8208c8d8579b1925f9a445627,191e5296851063346680df513b96580a5f360214c9085b23b29c33bd3a044f77,-16.6436731422553,11.856892370528,6.00000000000001
1334,MC1_K2_N2_L4_SP10_P4_R01,2,STAGE5_TOEPLITZ_CORRELATED,2,4,2,P4,4,8.1,9.95,0.1,135,-6,0.9,SPECIFIED_CORRELATION,10,10,4,1,190,MC1_BASE_N2_L4_P4_R01,MC1_BASE_N2_L4_P4_R01,430100190,430200190,WHITENED_SEQUENTIAL_BEAMSPACE_EXPECTED_TOTAL_SNR,STAGE8_K2_TANGENT_WHITE_SNR_MONTE_CARLO_AND_CLOSURE_V1,ONE_SYNTHETIC_CPI,ONE_SELECTED_RANGE_DOPPLER_CELL,1,1,0,0,0,7ac5f2ed7f8b920df52a4e1cde4f3ee8f80b69a8208c8d8579b1925f9a445627,f2300d47db4a573ab808ad1cb360d2cc566b591bc2366512a2fe3d40d3717f89,-12.6436731422553,15.856892370528,10.0000000000001
1335,MC1_K2_N2_L4_SP14_P4_R01,2,STAGE5_TOEPLITZ_CORRELATED,2,4,2,P4,4,8.1,9.95,0.1,135,-6,0.9,SPECIFIED_CORRELATION,14,14,5,1,190,MC1_BASE_N2_L4_P4_R01,MC1_BASE_N2_L4_P4_R01,430100190,430200190,WHITENED_SEQUENTIAL_BEAMSPACE_EXPECTED_TOTAL_SNR,STAGE8_K2_TANGENT_WHITE_SNR_MONTE_CARLO_AND_CLOSURE_V1,ONE_SYNTHETIC_CPI,ONE_SELECTED_RANGE_DOPPLER_CELL,1,1,0,0,0,7ac5f2ed7f8b920df52a4e1cde4f3ee8f80b69a8208c8d8579b1925f9a445627,f838fe421d8b5205ea7291a7f4869ba1f4ccf9bca3305958e72fec38eaafa9de,-8.64367314225529,19.856892370528,14
1336,MC1_K2_N2_L4_SP18_P4_R01,2,STAGE5_TOEPLITZ_CORRELATED,2,4,2,P4,4,8.1,9.95,0.1,135,-6,0.9,SPECIFIED_CORRELATION,18,18,6,1,190,MC1_BASE_N2_L4_P4_R01,MC1_BASE_N2_L4_P4_R01,430100190,430200190,WHITENED_SEQUENTIAL_BEAMSPACE_EXPECTED_TOTAL_SNR,STAGE8_K2_TANGENT_WHITE_SNR_MONTE_CARLO_AND_CLOSURE_V1,ONE_SYNTHETIC_CPI,ONE_SELECTED_RANGE_DOPPLER_CELL,1,1,0,0,0,7ac5f2ed7f8b920df52a4e1cde4f3ee8f80b69a8208c8d8579b1925f9a445627,8879ef9ae75661d80689eb1787f2c6d2e812b6d0291af8d197340ca40b31ed35,-4.64367314225529,23.856892370528,18
1337,MC1_K2_N2_L4_SP22_P4_R01,2,STAGE5_TOEPLITZ_CORRELATED,2,4,2,P4,4,8.1,9.95,0.1,135,-6,0.9,SPECIFIED_CORRELATION,22,22,7,1,190,MC1_BASE_N2_L4_P4_R01,MC1_BASE_N2_L4_P4_R01,430100190,430200190,WHITENED_SEQUENTIAL_BEAMSPACE_EXPECTED_TOTAL_SNR,STAGE8_K2_TANGENT_WHITE_SNR_MONTE_CARLO_AND_CLOSURE_V1,ONE_SYNTHETIC_CPI,ONE_SELECTED_RANGE_DOPPLER_CELL,1,1,0,0,0,7ac5f2ed7f8b920df52a4e1cde4f3ee8f80b69a8208c8d8579b1925f9a445627,6cc5b6ce18640a22fd4c18a55e30532f755f8349059f246ee91cba96e1891a29,-0.643673142255291,27.856892370528,21.9999999999999
1338,MC1_K2_N2_L4_SM6_P4_R02,2,STAGE5_TOEPLITZ_CORRELATED,2,4,2,P4,4,8.1,9.95,0.1,135,-6,0.9,SPECIFIED_CORRELATION,-6,-6,1,2,191,MC1_BASE_N2_L4_P4_R02,MC1_BASE_N2_L4_P4_R02,430100191,430200191,WHITENED_SEQUENTIAL_BEAMSPACE_EXPECTED_TOTAL_SNR,STAGE8_K2_TANGENT_WHITE_SNR_MONTE_CARLO_AND_CLOSURE_V1,ONE_SYNTHETIC_CPI,ONE_SELECTED_RANGE_DOPPLER_CELL,1,1,0,0,0,7ac5f2ed7f8b920df52a4e1cde4f3ee8f80b69a8208c8d8579b1925f9a445627,04dfeeb29d9c2f79e03b95c2b971276720e1835548e5df1870bd6637c8be7deb,-28.639082457176,-0.141570013627913,-6.00000000000014
1339,MC1_K2_N2_L4_SP0_P4_R02,2,STAGE5_TOEPLITZ_CORRELATED,2,4,2,P4,4,8.1,9.95,0.1,135,-6,0.9,SPECIFIED_CORRELATION,0,0,2,2,191,MC1_BASE_N2_L4_P4_R02,MC1_BASE_N2_L4_P4_R02,430100191,430200191,WHITENED_SEQUENTIAL_BEAMSPACE_EXPECTED_TOTAL_SNR,STAGE8_K2_TANGENT_WHITE_SNR_MONTE_CARLO_AND_CLOSURE_V1,ONE_SYNTHETIC_CPI,ONE_SELECTED_RANGE_DOPPLER_CELL,1,1,0,0,0,7ac5f2ed7f8b920df52a4e1cde4f3ee8f80b69a8208c8d8579b1925f9a445627,a69523db9d746b820f2305fb5d3f6754d6299235e2fd07625e53b22a25990919,-22.639082457176,5.85842998637209,-1.09933331187076e-13
1340,MC1_K2_N2_L4_SP6_P4_R02,2,STAGE5_TOEPLITZ_CORRELATED,2,4,2,P4,4,8.1,9.95,0.1,135,-6,0.9,SPECIFIED_CORRELATION,6,6,3,2,191,MC1_BASE_N2_L4_P4_R02,MC1_BASE_N2_L4_P4_R02,430100191,430200191,WHITENED_SEQUENTIAL_BEAMSPACE_EXPECTED_TOTAL_SNR,STAGE8_K2_TANGENT_WHITE_SNR_MONTE_CARLO_AND_CLOSURE_V1,ONE_SYNTHETIC_CPI,ONE_SELECTED_RANGE_DOPPLER_CELL,1,1,0,0,0,7ac5f2ed7f8b920df52a4e1cde4f3ee8f80b69a8208c8d8579b1925f9a445627,05250cf5b58e6955703e3e8df10a68768ebe7558d25bf45c07ab041ee94dd064,-16.639082457176,11.8584299863721,5.99999999999981
1341,MC1_K2_N2_L4_SP10_P4_R02,2,STAGE5_TOEPLITZ_CORRELATED,2,4,2,P4,4,8.1,9.95,0.1,135,-6,0.9,SPECIFIED_CORRELATION,10,10,4,2,191,MC1_BASE_N2_L4_P4_R02,MC1_BASE_N2_L4_P4_R02,430100191,430200191,WHITENED_SEQUENTIAL_BEAMSPACE_EXPECTED_TOTAL_SNR,STAGE8_K2_TANGENT_WHITE_SNR_MONTE_CARLO_AND_CLOSURE_V1,ONE_SYNTHETIC_CPI,ONE_SELECTED_RANGE_DOPPLER_CELL,1,1,0,0,0,7ac5f2ed7f8b920df52a4e1cde4f3ee8f80b69a8208c8d8579b1925f9a445627,aea62c087a9f5cfa5d8d22110e3178ae24c68e5c829b93ba123ce04bfbbe6ea9,-12.639082457176,15.8584299863721,9.99999999999993
1342,MC1_K2_N2_L4_SP14_P4_R02,2,STAGE5_TOEPLITZ_CORRELATED,2,4,2,P4,4,8.1,9.95,0.1,135,-6,0.9,SPECIFIED_CORRELATION,14,14,5,2,191,MC1_BASE_N2_L4_P4_R02,MC1_BASE_N2_L4_P4_R02,430100191,430200191,WHITENED_SEQUENTIAL_BEAMSPACE_EXPECTED_TOTAL_SNR,STAGE8_K2_TANGENT_WHITE_SNR_MONTE_CARLO_AND_CLOSURE_V1,ONE_SYNTHETIC_CPI,ONE_SELECTED_RANGE_DOPPLER_CELL,1,1,0,0,0,7ac5f2ed7f8b920df52a4e1cde4f3ee8f80b69a8208c8d8579b1925f9a445627,a871ac302ec9238b08e6feb1ce3bc9bcf13708ce265d2682493692701dcf0674,-8.63908245717603,19.8584299863721,13.9999999999999
1343,MC1_K2_N2_L4_SP18_P4_R02,2,STAGE5_TOEPLITZ_CORRELATED,2,4,2,P4,4,8.1,9.95,0.1,135,-6,0.9,SPECIFIED_CORRELATION,18,18,6,2,191,MC1_BASE_N2_L4_P4_R02,MC1_BASE_N2_L4_P4_R02,430100191,430200191,WHITENED_SEQUENTIAL_BEAMSPACE_EXPECTED_TOTAL_SNR,STAGE8_K2_TANGENT_WHITE_SNR_MONTE_CARLO_AND_CLOSURE_V1,ONE_SYNTHETIC_CPI,ONE_SELECTED_RANGE_DOPPLER_CELL,1,1,0,0,0,7ac5f2ed7f8b920df52a4e1cde4f3ee8f80b69a8208c8d8579b1925f9a445627,0fab89a361fdce3a9aeec88aacff0874b9c2864e4aef624fd02ef517b5bb9cca,-4.63908245717603,23.8584299863721,17.9999999999999
1344,MC1_K2_N2_L4_SP22_P4_R02,2,STAGE5_TOEPLITZ_CORRELATED,2,4,2,P4,4,8.1,9.95,0.1,135,-6,0.9,SPECIFIED_CORRELATION,22,22,7,2,191,MC1_BASE_N2_L4_P4_R02,MC1_BASE_N2_L4_P4_R02,430100191,430200191,WHITENED_SEQUENTIAL_BEAMSPACE_EXPECTED_TOTAL_SNR,STAGE8_K2_TANGENT_WHITE_SNR_MONTE_CARLO_AND_CLOSURE_V1,ONE_SYNTHETIC_CPI,ONE_SELECTED_RANGE_DOPPLER_CELL,1,1,0,0,0,7ac5f2ed7f8b920df52a4e1cde4f3ee8f80b69a8208c8d8579b1925f9a445627,ca20054071146a83c95797a8549a87056a95ee07a81dbe55843f3c48abaca555,-0.639082457176029,27.8584299863721,21.9999999999999
1345,MC1_K2_N2_L4_SM6_P4_R03,2,STAGE5_TOEPLITZ_CORRELATED,2,4,2,P4,4,8.1,9.95,0.1,135,-6,0.9,SPECIFIED_CORRELATION,-6,-6,1,3,192,MC1_BASE_N2_L4_P4_R03,MC1_BASE_N2_L4_P4_R03,430100192,430200192,WHITENED_SEQUENTIAL_BEAMSPACE_EXPECTED_TOTAL_SNR,STAGE8_K2_TANGENT_WHITE_SNR_MONTE_CARLO_AND_CLOSURE_V1,ONE_SYNTHETIC_CPI,ONE_SELECTED_RANGE_DOPPLER_CELL,1,1,0,0,0,7ac5f2ed7f8b920df52a4e1cde4f3ee8f80b69a8208c8d8579b1925f9a445627,93dec130217132f44d848064c26ab5e02572907b8ed280cbc673317284d51a04,-28.6485642263162,-0.148402467001605,-5.99999999999988
1346,MC1_K2_N2_L4_SP0_P4_R03,2,STAGE5_TOEPLITZ_CORRELATED,2,4,2,P4,4,8.1,9.95,0.1,135,-6,0.9,SPECIFIED_CORRELATION,0,0,2,3,192,MC1_BASE_N2_L4_P4_R03,MC1_BASE_N2_L4_P4_R03,430100192,430200192,WHITENED_SEQUENTIAL_BEAMSPACE_EXPECTED_TOTAL_SNR,STAGE8_K2_TANGENT_WHITE_SNR_MONTE_CARLO_AND_CLOSURE_V1,ONE_SYNTHETIC_CPI,ONE_SELECTED_RANGE_DOPPLER_CELL,1,1,0,0,0,7ac5f2ed7f8b920df52a4e1cde4f3ee8f80b69a8208c8d8579b1925f9a445627,6c6afd37afcfd2e9d300ee41e268eb8e203930755eff16ce5ff1ce682e71b0cd,-22.6485642263162,5.8515975329984,1.92865493310657e-14
1347,MC1_K2_N2_L4_SP6_P4_R03,2,STAGE5_TOEPLITZ_CORRELATED,2,4,2,P4,4,8.1,9.95,0.1,135,-6,0.9,SPECIFIED_CORRELATION,6,6,3,3,192,MC1_BASE_N2_L4_P4_R03,MC1_BASE_N2_L4_P4_R03,430100192,430200192,WHITENED_SEQUENTIAL_BEAMSPACE_EXPECTED_TOTAL_SNR,STAGE8_K2_TANGENT_WHITE_SNR_MONTE_CARLO_AND_CLOSURE_V1,ONE_SYNTHETIC_CPI,ONE_SELECTED_RANGE_DOPPLER_CELL,1,1,0,0,0,7ac5f2ed7f8b920df52a4e1cde4f3ee8f80b69a8208c8d8579b1925f9a445627,83eaa2b0fcfa57aea1e7753822f0f1f71c29abf2f628a8e677778da28dbb8998,-16.6485642263162,11.8515975329984,6.00000000000005
1348,MC1_K2_N2_L4_SP10_P4_R03,2,STAGE5_TOEPLITZ_CORRELATED,2,4,2,P4,4,8.1,9.95,0.1,135,-6,0.9,SPECIFIED_CORRELATION,10,10,4,3,192,MC1_BASE_N2_L4_P4_R03,MC1_BASE_N2_L4_P4_R03,430100192,430200192,WHITENED_SEQUENTIAL_BEAMSPACE_EXPECTED_TOTAL_SNR,STAGE8_K2_TANGENT_WHITE_SNR_MONTE_CARLO_AND_CLOSURE_V1,ONE_SYNTHETIC_CPI,ONE_SELECTED_RANGE_DOPPLER_CELL,1,1,0,0,0,7ac5f2ed7f8b920df52a4e1cde4f3ee8f80b69a8208c8d8579b1925f9a445627,c00787e323143cb0c2aa41cec3c1c6e0fd45bdfba1f9e6ae7abf7b18949f9fee,-12.6485642263162,15.8515975329984,10
1349,MC1_K2_N2_L4_SP14_P4_R03,2,STAGE5_TOEPLITZ_CORRELATED,2,4,2,P4,4,8.1,9.95,0.1,135,-6,0.9,SPECIFIED_CORRELATION,14,14,5,3,192,MC1_BASE_N2_L4_P4_R03,MC1_BASE_N2_L4_P4_R03,430100192,430200192,WHITENED_SEQUENTIAL_BEAMSPACE_EXPECTED_TOTAL_SNR,STAGE8_K2_TANGENT_WHITE_SNR_MONTE_CARLO_AND_CLOSURE_V1,ONE_SYNTHETIC_CPI,ONE_SELECTED_RANGE_DOPPLER_CELL,1,1,0,0,0,7ac5f2ed7f8b920df52a4e1cde4f3ee8f80b69a8208c8d8579b1925f9a445627,a09e31a8adda76f74fdab6630a194af816337a99030bcaa985987fde20e1e6c7,-8.64856422631622,19.8515975329984,14.0000000000001
1350,MC1_K2_N2_L4_SP18_P4_R03,2,STAGE5_TOEPLITZ_CORRELATED,2,4,2,P4,4,8.1,9.95,0.1,135,-6,0.9,SPECIFIED_CORRELATION,18,18,6,3,192,MC1_BASE_N2_L4_P4_R03,MC1_BASE_N2_L4_P4_R03,430100192,430200192,WHITENED_SEQUENTIAL_BEAMSPACE_EXPECTED_TOTAL_SNR,STAGE8_K2_TANGENT_WHITE_SNR_MONTE_CARLO_AND_CLOSURE_V1,ONE_SYNTHETIC_CPI,ONE_SELECTED_RANGE_DOPPLER_CELL,1,1,0,0,0,7ac5f2ed7f8b920df52a4e1cde4f3ee8f80b69a8208c8d8579b1925f9a445627,1d89217dc68c4086b03f386bfcaf57c988aaa1821f0cbbee60dc8ec4fd3f2b40,-4.64856422631622,23.8515975329984,18.0000000000001
1351,MC1_K2_N2_L4_SP22_P4_R03,2,STAGE5_TOEPLITZ_CORRELATED,2,4,2,P4,4,8.1,9.95,0.1,135,-6,0.9,SPECIFIED_CORRELATION,22,22,7,3,192,MC1_BASE_N2_L4_P4_R03,MC1_BASE_N2_L4_P4_R03,430100192,430200192,WHITENED_SEQUENTIAL_BEAMSPACE_EXPECTED_TOTAL_SNR,STAGE8_K2_TANGENT_WHITE_SNR_MONTE_CARLO_AND_CLOSURE_V1,ONE_SYNTHETIC_CPI,ONE_SELECTED_RANGE_DOPPLER_CELL,1,1,0,0,0,7ac5f2ed7f8b920df52a4e1cde4f3ee8f80b69a8208c8d8579b1925f9a445627,799bae1ddfbb627e2dcefe7cc1cb862e8058dc5b6309703da42cacc11177c32b,-0.648564226316218,27.8515975329984,22.0000000000001
1352,MC1_K2_N2_L4_SM6_P4_R04,2,STAGE5_TOEPLITZ_CORRELATED,2,4,2,P4,4,8.1,9.95,0.1,135,-6,0.9,SPECIFIED_CORRELATION,-6,-6,1,4,193,MC1_BASE_N2_L4_P4_R04,MC1_BASE_N2_L4_P4_R04,430100193,430200193,WHITENED_SEQUENTIAL_BEAMSPACE_EXPECTED_TOTAL_SNR,STAGE8_K2_TANGENT_WHITE_SNR_MONTE_CARLO_AND_CLOSURE_V1,ONE_SYNTHETIC_CPI,ONE_SELECTED_RANGE_DOPPLER_CELL,1,1,0,0,0,7ac5f2ed7f8b920df52a4e1cde4f3ee8f80b69a8208c8d8579b1925f9a445627,ab95faab49eafe79b1575226bd178be27093079c0a3ebe5e2c73f5978a8f4608,-28.6302102828239,-0.155724762889317,-5.99999999999997
1353,MC1_K2_N2_L4_SP0_P4_R04,2,STAGE5_TOEPLITZ_CORRELATED,2,4,2,P4,4,8.1,9.95,0.1,135,-6,0.9,SPECIFIED_CORRELATION,0,0,2,4,193,MC1_BASE_N2_L4_P4_R04,MC1_BASE_N2_L4_P4_R04,430100193,430200193,WHITENED_SEQUENTIAL_BEAMSPACE_EXPECTED_TOTAL_SNR,STAGE8_K2_TANGENT_WHITE_SNR_MONTE_CARLO_AND_CLOSURE_V1,ONE_SYNTHETIC_CPI,ONE_SELECTED_RANGE_DOPPLER_CELL,1,1,0,0,0,7ac5f2ed7f8b920df52a4e1cde4f3ee8f80b69a8208c8d8579b1925f9a445627,838eabca9fcac115a9f470860ed8639b35c7d3463ce9373204bde5192ba45939,-22.6302102828239,5.84427523711068,-3.56801162624718e-14
1354,MC1_K2_N2_L4_SP6_P4_R04,2,STAGE5_TOEPLITZ_CORRELATED,2,4,2,P4,4,8.1,9.95,0.1,135,-6,0.9,SPECIFIED_CORRELATION,6,6,3,4,193,MC1_BASE_N2_L4_P4_R04,MC1_BASE_N2_L4_P4_R04,430100193,430200193,WHITENED_SEQUENTIAL_BEAMSPACE_EXPECTED_TOTAL_SNR,STAGE8_K2_TANGENT_WHITE_SNR_MONTE_CARLO_AND_CLOSURE_V1,ONE_SYNTHETIC_CPI,ONE_SELECTED_RANGE_DOPPLER_CELL,1,1,0,0,0,7ac5f2ed7f8b920df52a4e1cde4f3ee8f80b69a8208c8d8579b1925f9a445627,4a700d0d383bae344c3242e78abd9666bf00efa25cc9feac17deb388a5299460,-16.6302102828239,11.8442752371107,6.00000000000004
1355,MC1_K2_N2_L4_SP10_P4_R04,2,STAGE5_TOEPLITZ_CORRELATED,2,4,2,P4,4,8.1,9.95,0.1,135,-6,0.9,SPECIFIED_CORRELATION,10,10,4,4,193,MC1_BASE_N2_L4_P4_R04,MC1_BASE_N2_L4_P4_R04,430100193,430200193,WHITENED_SEQUENTIAL_BEAMSPACE_EXPECTED_TOTAL_SNR,STAGE8_K2_TANGENT_WHITE_SNR_MONTE_CARLO_AND_CLOSURE_V1,ONE_SYNTHETIC_CPI,ONE_SELECTED_RANGE_DOPPLER_CELL,1,1,0,0,0,7ac5f2ed7f8b920df52a4e1cde4f3ee8f80b69a8208c8d8579b1925f9a445627,07add3b6b731184d3527161d533917ca4f2d799a24f2ef389004d4ffe0e77099,-12.6302102828239,15.8442752371107,9.99999999999999
1356,MC1_K2_N2_L4_SP14_P4_R04,2,STAGE5_TOEPLITZ_CORRELATED,2,4,2,P4,4,8.1,9.95,0.1,135,-6,0.9,SPECIFIED_CORRELATION,14,14,5,4,193,MC1_BASE_N2_L4_P4_R04,MC1_BASE_N2_L4_P4_R04,430100193,430200193,WHITENED_SEQUENTIAL_BEAMSPACE_EXPECTED_TOTAL_SNR,STAGE8_K2_TANGENT_WHITE_SNR_MONTE_CARLO_AND_CLOSURE_V1,ONE_SYNTHETIC_CPI,ONE_SELECTED_RANGE_DOPPLER_CELL,1,1,0,0,0,7ac5f2ed7f8b920df52a4e1cde4f3ee8f80b69a8208c8d8579b1925f9a445627,4d0ae443e02fdfefeaa4310b2f910db456fa36b79668962a8c3be3c856fb012a,-8.63021028282395,19.8442752371107,14.0000000000001
1357,MC1_K2_N2_L4_SP18_P4_R04,2,STAGE5_TOEPLITZ_CORRELATED,2,4,2,P4,4,8.1,9.95,0.1,135,-6,0.9,SPECIFIED_CORRELATION,18,18,6,4,193,MC1_BASE_N2_L4_P4_R04,MC1_BASE_N2_L4_P4_R04,430100193,430200193,WHITENED_SEQUENTIAL_BEAMSPACE_EXPECTED_TOTAL_SNR,STAGE8_K2_TANGENT_WHITE_SNR_MONTE_CARLO_AND_CLOSURE_V1,ONE_SYNTHETIC_CPI,ONE_SELECTED_RANGE_DOPPLER_CELL,1,1,0,0,0,7ac5f2ed7f8b920df52a4e1cde4f3ee8f80b69a8208c8d8579b1925f9a445627,8c142b1a1b729d69085c0f01d8e2f9e1a76bc4c3ad72cd9856364a6c7fb519f6,-4.63021028282394,23.8442752371107,18.0000000000001
1358,MC1_K2_N2_L4_SP22_P4_R04,2,STAGE5_TOEPLITZ_CORRELATED,2,4,2,P4,4,8.1,9.95,0.1,135,-6,0.9,SPECIFIED_CORRELATION,22,22,7,4,193,MC1_BASE_N2_L4_P4_R04,MC1_BASE_N2_L4_P4_R04,430100193,430200193,WHITENED_SEQUENTIAL_BEAMSPACE_EXPECTED_TOTAL_SNR,STAGE8_K2_TANGENT_WHITE_SNR_MONTE_CARLO_AND_CLOSURE_V1,ONE_SYNTHETIC_CPI,ONE_SELECTED_RANGE_DOPPLER_CELL,1,1,0,0,0,7ac5f2ed7f8b920df52a4e1cde4f3ee8f80b69a8208c8d8579b1925f9a445627,74ab5aa33c17eba4dc871fd1601256bbe641238f03101b6a9f88e12092506801,-0.630210282823939,27.8442752371107,22
1359,MC1_K2_N2_L4_SM6_P4_R05,2,STAGE5_TOEPLITZ_CORRELATED,2,4,2,P4,4,8.1,9.95,0.1,135,-6,0.9,SPECIFIED_CORRELATION,-6,-6,1,5,194,MC1_BASE_N2_L4_P4_R05,MC1_BASE_N2_L4_P4_R05,430100194,430200194,WHITENED_SEQUENTIAL_BEAMSPACE_EXPECTED_TOTAL_SNR,STAGE8_K2_TANGENT_WHITE_SNR_MONTE_CARLO_AND_CLOSURE_V1,ONE_SYNTHETIC_CPI,ONE_SELECTED_RANGE_DOPPLER_CELL,1,1,0,0,0,7ac5f2ed7f8b920df52a4e1cde4f3ee8f80b69a8208c8d8579b1925f9a445627,c1d8107833ce5c41c740de7c7181c3a63adc027e54daaaaa5194ed46c4beaa11,-28.6381050234664,-0.141664164884953,-5.99999999999996
1360,MC1_K2_N2_L4_SP0_P4_R05,2,STAGE5_TOEPLITZ_CORRELATED,2,4,2,P4,4,8.1,9.95,0.1,135,-6,0.9,SPECIFIED_CORRELATION,0,0,2,5,194,MC1_BASE_N2_L4_P4_R05,MC1_BASE_N2_L4_P4_R05,430100194,430200194,WHITENED_SEQUENTIAL_BEAMSPACE_EXPECTED_TOTAL_SNR,STAGE8_K2_TANGENT_WHITE_SNR_MONTE_CARLO_AND_CLOSURE_V1,ONE_SYNTHETIC_CPI,ONE_SELECTED_RANGE_DOPPLER_CELL,1,1,0,0,0,7ac5f2ed7f8b920df52a4e1cde4f3ee8f80b69a8208c8d8579b1925f9a445627,ba6285e45bdc22f02298fc45a4caa9f0b47192c7ea0d3a2cf6972094bf97f39d,-22.6381050234664,5.85833583511504,4.53233909280043e-14
1361,MC1_K2_N2_L4_SP6_P4_R05,2,STAGE5_TOEPLITZ_CORRELATED,2,4,2,P4,4,8.1,9.95,0.1,135,-6,0.9,SPECIFIED_CORRELATION,6,6,3,5,194,MC1_BASE_N2_L4_P4_R05,MC1_BASE_N2_L4_P4_R05,430100194,430200194,WHITENED_SEQUENTIAL_BEAMSPACE_EXPECTED_TOTAL_SNR,STAGE8_K2_TANGENT_WHITE_SNR_MONTE_CARLO_AND_CLOSURE_V1,ONE_SYNTHETIC_CPI,ONE_SELECTED_RANGE_DOPPLER_CELL,1,1,0,0,0,7ac5f2ed7f8b920df52a4e1cde4f3ee8f80b69a8208c8d8579b1925f9a445627,ac704cdc13f31613eb2bae29e0fdf3e689c5c964360dd17604b62321e8e520ad,-16.6381050234664,11.858335835115,6.00000000000001
1362,MC1_K2_N2_L4_SP10_P4_R05,2,STAGE5_TOEPLITZ_CORRELATED,2,4,2,P4,4,8.1,9.95,0.1,135,-6,0.9,SPECIFIED_CORRELATION,10,10,4,5,194,MC1_BASE_N2_L4_P4_R05,MC1_BASE_N2_L4_P4_R05,430100194,430200194,WHITENED_SEQUENTIAL_BEAMSPACE_EXPECTED_TOTAL_SNR,STAGE8_K2_TANGENT_WHITE_SNR_MONTE_CARLO_AND_CLOSURE_V1,ONE_SYNTHETIC_CPI,ONE_SELECTED_RANGE_DOPPLER_CELL,1,1,0,0,0,7ac5f2ed7f8b920df52a4e1cde4f3ee8f80b69a8208c8d8579b1925f9a445627,5edf60566389e880300f579a91460d8a6165dac5efa895c6cc2cbeca21b87170,-12.6381050234664,15.858335835115,10.0000000000001
1363,MC1_K2_N2_L4_SP14_P4_R05,2,STAGE5_TOEPLITZ_CORRELATED,2,4,2,P4,4,8.1,9.95,0.1,135,-6,0.9,SPECIFIED_CORRELATION,14,14,5,5,194,MC1_BASE_N2_L4_P4_R05,MC1_BASE_N2_L4_P4_R05,430100194,430200194,WHITENED_SEQUENTIAL_BEAMSPACE_EXPECTED_TOTAL_SNR,STAGE8_K2_TANGENT_WHITE_SNR_MONTE_CARLO_AND_CLOSURE_V1,ONE_SYNTHETIC_CPI,ONE_SELECTED_RANGE_DOPPLER_CELL,1,1,0,0,0,7ac5f2ed7f8b920df52a4e1cde4f3ee8f80b69a8208c8d8579b1925f9a445627,c88bef2159334808c2f7fa6c627942c69e7687f7f0e96868278cbc69e08eb824,-8.63810502346638,19.858335835115,14
1364,MC1_K2_N2_L4_SP18_P4_R05,2,STAGE5_TOEPLITZ_CORRELATED,2,4,2,P4,4,8.1,9.95,0.1,135,-6,0.9,SPECIFIED_CORRELATION,18,18,6,5,194,MC1_BASE_N2_L4_P4_R05,MC1_BASE_N2_L4_P4_R05,430100194,430200194,WHITENED_SEQUENTIAL_BEAMSPACE_EXPECTED_TOTAL_SNR,STAGE8_K2_TANGENT_WHITE_SNR_MONTE_CARLO_AND_CLOSURE_V1,ONE_SYNTHETIC_CPI,ONE_SELECTED_RANGE_DOPPLER_CELL,1,1,0,0,0,7ac5f2ed7f8b920df52a4e1cde4f3ee8f80b69a8208c8d8579b1925f9a445627,537029d7884382c96f966399c9f7178f7e4d9a3ce6d203f03c63286df5e59470,-4.63810502346638,23.858335835115,18.0000000000001
1365,MC1_K2_N2_L4_SP22_P4_R05,2,STAGE5_TOEPLITZ_CORRELATED,2,4,2,P4,4,8.1,9.95,0.1,135,-6,0.9,SPECIFIED_CORRELATION,22,22,7,5,194,MC1_BASE_N2_L4_P4_R05,MC1_BASE_N2_L4_P4_R05,430100194,430200194,WHITENED_SEQUENTIAL_BEAMSPACE_EXPECTED_TOTAL_SNR,STAGE8_K2_TANGENT_WHITE_SNR_MONTE_CARLO_AND_CLOSURE_V1,ONE_SYNTHETIC_CPI,ONE_SELECTED_RANGE_DOPPLER_CELL,1,1,0,0,0,7ac5f2ed7f8b920df52a4e1cde4f3ee8f80b69a8208c8d8579b1925f9a445627,5e7c7127a6eb05cb5b52d358d98f511041dd0e54d0efee896b5c036212cd699a,-0.638105023466381,27.858335835115,22.0000000000001
1366,MC1_K2_N2_L4_SM6_P4_R06,2,STAGE5_TOEPLITZ_CORRELATED,2,4,2,P4,4,8.1,9.95,0.1,135,-6,0.9,SPECIFIED_CORRELATION,-6,-6,1,6,195,MC1_BASE_N2_L4_P4_R06,MC1_BASE_N2_L4_P4_R06,430100195,430200195,WHITENED_SEQUENTIAL_BEAMSPACE_EXPECTED_TOTAL_SNR,STAGE8_K2_TANGENT_WHITE_SNR_MONTE_CARLO_AND_CLOSURE_V1,ONE_SYNTHETIC_CPI,ONE_SELECTED_RANGE_DOPPLER_CELL,1,1,0,0,0,7ac5f2ed7f8b920df52a4e1cde4f3ee8f80b69a8208c8d8579b1925f9a445627,b273157b40657b5ab05ea1a48d0cc9bef032dd30cfa6991bbd6d66a4c1f5790f,-28.6309800499594,-0.150628911817073,-6.00000000000001
1367,MC1_K2_N2_L4_SP0_P4_R06,2,STAGE5_TOEPLITZ_CORRELATED,2,4,2,P4,4,8.1,9.95,0.1,135,-6,0.9,SPECIFIED_CORRELATION,0,0,2,6,195,MC1_BASE_N2_L4_P4_R06,MC1_BASE_N2_L4_P4_R06,430100195,430200195,WHITENED_SEQUENTIAL_BEAMSPACE_EXPECTED_TOTAL_SNR,STAGE8_K2_TANGENT_WHITE_SNR_MONTE_CARLO_AND_CLOSURE_V1,ONE_SYNTHETIC_CPI,ONE_SELECTED_RANGE_DOPPLER_CELL,1,1,0,0,0,7ac5f2ed7f8b920df52a4e1cde4f3ee8f80b69a8208c8d8579b1925f9a445627,f127e8c8a33bd476884ee340f5d9058068b6f7dcd32b30341a88bff8f751e8af,-22.6309800499594,5.84937108818293,-5.20736831938778e-14
1368,MC1_K2_N2_L4_SP6_P4_R06,2,STAGE5_TOEPLITZ_CORRELATED,2,4,2,P4,4,8.1,9.95,0.1,135,-6,0.9,SPECIFIED_CORRELATION,6,6,3,6,195,MC1_BASE_N2_L4_P4_R06,MC1_BASE_N2_L4_P4_R06,430100195,430200195,WHITENED_SEQUENTIAL_BEAMSPACE_EXPECTED_TOTAL_SNR,STAGE8_K2_TANGENT_WHITE_SNR_MONTE_CARLO_AND_CLOSURE_V1,ONE_SYNTHETIC_CPI,ONE_SELECTED_RANGE_DOPPLER_CELL,1,1,0,0,0,7ac5f2ed7f8b920df52a4e1cde4f3ee8f80b69a8208c8d8579b1925f9a445627,ece738e4b44a30329fe1f08d095bdaadf298f3b0b8ec67138e83e78472ada7a9,-16.6309800499594,11.8493710881829,5.99999999999991
1369,MC1_K2_N2_L4_SP10_P4_R06,2,STAGE5_TOEPLITZ_CORRELATED,2,4,2,P4,4,8.1,9.95,0.1,135,-6,0.9,SPECIFIED_CORRELATION,10,10,4,6,195,MC1_BASE_N2_L4_P4_R06,MC1_BASE_N2_L4_P4_R06,430100195,430200195,WHITENED_SEQUENTIAL_BEAMSPACE_EXPECTED_TOTAL_SNR,STAGE8_K2_TANGENT_WHITE_SNR_MONTE_CARLO_AND_CLOSURE_V1,ONE_SYNTHETIC_CPI,ONE_SELECTED_RANGE_DOPPLER_CELL,1,1,0,0,0,7ac5f2ed7f8b920df52a4e1cde4f3ee8f80b69a8208c8d8579b1925f9a445627,44551fbdc811ae8b0a14ea72a723308d5056b3aaf80f658db51950a2cf6954d6,-12.6309800499594,15.8493710881829,9.99999999999994
1370,MC1_K2_N2_L4_SP14_P4_R06,2,STAGE5_TOEPLITZ_CORRELATED,2,4,2,P4,4,8.1,9.95,0.1,135,-6,0.9,SPECIFIED_CORRELATION,14,14,5,6,195,MC1_BASE_N2_L4_P4_R06,MC1_BASE_N2_L4_P4_R06,430100195,430200195,WHITENED_SEQUENTIAL_BEAMSPACE_EXPECTED_TOTAL_SNR,STAGE8_K2_TANGENT_WHITE_SNR_MONTE_CARLO_AND_CLOSURE_V1,ONE_SYNTHETIC_CPI,ONE_SELECTED_RANGE_DOPPLER_CELL,1,1,0,0,0,7ac5f2ed7f8b920df52a4e1cde4f3ee8f80b69a8208c8d8579b1925f9a445627,5452d726a1139663427beaad8ea9553c00b9e574fcf328597fb834e3d3cbcd83,-8.63098004995939,19.8493710881829,13.9999999999999
1371,MC1_K2_N2_L4_SP18_P4_R06,2,STAGE5_TOEPLITZ_CORRELATED,2,4,2,P4,4,8.1,9.95,0.1,135,-6,0.9,SPECIFIED_CORRELATION,18,18,6,6,195,MC1_BASE_N2_L4_P4_R06,MC1_BASE_N2_L4_P4_R06,430100195,430200195,WHITENED_SEQUENTIAL_BEAMSPACE_EXPECTED_TOTAL_SNR,STAGE8_K2_TANGENT_WHITE_SNR_MONTE_CARLO_AND_CLOSURE_V1,ONE_SYNTHETIC_CPI,ONE_SELECTED_RANGE_DOPPLER_CELL,1,1,0,0,0,7ac5f2ed7f8b920df52a4e1cde4f3ee8f80b69a8208c8d8579b1925f9a445627,c7acb65b91a6a36514aa21b4d247cc5985fdd461b4bc000b97678dc83723e027,-4.63098004995939,23.8493710881829,17.9999999999999
1372,MC1_K2_N2_L4_SP22_P4_R06,2,STAGE5_TOEPLITZ_CORRELATED,2,4,2,P4,4,8.1,9.95,0.1,135,-6,0.9,SPECIFIED_CORRELATION,22,22,7,6,195,MC1_BASE_N2_L4_P4_R06,MC1_BASE_N2_L4_P4_R06,430100195,430200195,WHITENED_SEQUENTIAL_BEAMSPACE_EXPECTED_TOTAL_SNR,STAGE8_K2_TANGENT_WHITE_SNR_MONTE_CARLO_AND_CLOSURE_V1,ONE_SYNTHETIC_CPI,ONE_SELECTED_RANGE_DOPPLER_CELL,1,1,0,0,0,7ac5f2ed7f8b920df52a4e1cde4f3ee8f80b69a8208c8d8579b1925f9a445627,4a4b899860ee3b136b17d8c4e88ea37486371003d87705996cefb17e87547adb,-0.630980049959388,27.8493710881829,22
1373,MC1_K2_N2_L4_SM6_P4_R07,2,STAGE5_TOEPLITZ_CORRELATED,2,4,2,P4,4,8.1,9.95,0.1,135,-6,0.9,SPECIFIED_CORRELATION,-6,-6,1,7,196,MC1_BASE_N2_L4_P4_R07,MC1_BASE_N2_L4_P4_R07,430100196,430200196,WHITENED_SEQUENTIAL_BEAMSPACE_EXPECTED_TOTAL_SNR,STAGE8_K2_TANGENT_WHITE_SNR_MONTE_CARLO_AND_CLOSURE_V1,ONE_SYNTHETIC_CPI,ONE_SELECTED_RANGE_DOPPLER_CELL,1,1,0,0,0,7ac5f2ed7f8b920df52a4e1cde4f3ee8f80b69a8208c8d8579b1925f9a445627,9c188a7792744254e58bbda20404a9924809aa293111425b5f478f4c4acd8daf,-28.6307052677608,-0.164905475054786,-6.00000000000004
1374,MC1_K2_N2_L4_SP0_P4_R07,2,STAGE5_TOEPLITZ_CORRELATED,2,4,2,P4,4,8.1,9.95,0.1,135,-6,0.9,SPECIFIED_CORRELATION,0,0,2,7,196,MC1_BASE_N2_L4_P4_R07,MC1_BASE_N2_L4_P4_R07,430100196,430200196,WHITENED_SEQUENTIAL_BEAMSPACE_EXPECTED_TOTAL_SNR,STAGE8_K2_TANGENT_WHITE_SNR_MONTE_CARLO_AND_CLOSURE_V1,ONE_SYNTHETIC_CPI,ONE_SELECTED_RANGE_DOPPLER_CELL,1,1,0,0,0,7ac5f2ed7f8b920df52a4e1cde4f3ee8f80b69a8208c8d8579b1925f9a445627,fb3c72befa437692420f67119a872be5eef4014101dcc09148791ada93285b2a,-22.6307052677608,5.83509452494521,7.71461973242629e-15
1375,MC1_K2_N2_L4_SP6_P4_R07,2,STAGE5_TOEPLITZ_CORRELATED,2,4,2,P4,4,8.1,9.95,0.1,135,-6,0.9,SPECIFIED_CORRELATION,6,6,3,7,196,MC1_BASE_N2_L4_P4_R07,MC1_BASE_N2_L4_P4_R07,430100196,430200196,WHITENED_SEQUENTIAL_BEAMSPACE_EXPECTED_TOTAL_SNR,STAGE8_K2_TANGENT_WHITE_SNR_MONTE_CARLO_AND_CLOSURE_V1,ONE_SYNTHETIC_CPI,ONE_SELECTED_RANGE_DOPPLER_CELL,1,1,0,0,0,7ac5f2ed7f8b920df52a4e1cde4f3ee8f80b69a8208c8d8579b1925f9a445627,a21e2b21b235c02cfc005faa8a531d862e5cd7c98b8768972953cc544d42595f,-16.6307052677608,11.8350945249452,5.99999999999997
1376,MC1_K2_N2_L4_SP10_P4_R07,2,STAGE5_TOEPLITZ_CORRELATED,2,4,2,P4,4,8.1,9.95,0.1,135,-6,0.9,SPECIFIED_CORRELATION,10,10,4,7,196,MC1_BASE_N2_L4_P4_R07,MC1_BASE_N2_L4_P4_R07,430100196,430200196,WHITENED_SEQUENTIAL_BEAMSPACE_EXPECTED_TOTAL_SNR,STAGE8_K2_TANGENT_WHITE_SNR_MONTE_CARLO_AND_CLOSURE_V1,ONE_SYNTHETIC_CPI,ONE_SELECTED_RANGE_DOPPLER_CELL,1,1,0,0,0,7ac5f2ed7f8b920df52a4e1cde4f3ee8f80b69a8208c8d8579b1925f9a445627,329641a7492fa9f846ca08f7b9c70652516cb1ae8965a66fd00addbefd370c3a,-12.6307052677608,15.8350945249452,9.99999999999987
1377,MC1_K2_N2_L4_SP14_P4_R07,2,STAGE5_TOEPLITZ_CORRELATED,2,4,2,P4,4,8.1,9.95,0.1,135,-6,0.9,SPECIFIED_CORRELATION,14,14,5,7,196,MC1_BASE_N2_L4_P4_R07,MC1_BASE_N2_L4_P4_R07,430100196,430200196,WHITENED_SEQUENTIAL_BEAMSPACE_EXPECTED_TOTAL_SNR,STAGE8_K2_TANGENT_WHITE_SNR_MONTE_CARLO_AND_CLOSURE_V1,ONE_SYNTHETIC_CPI,ONE_SELECTED_RANGE_DOPPLER_CELL,1,1,0,0,0,7ac5f2ed7f8b920df52a4e1cde4f3ee8f80b69a8208c8d8579b1925f9a445627,f9f55fb276b2c07f187e779c40f1f4efb4434b261699ccbb9b05df6b018357f1,-8.63070526776075,19.8350945249452,14
1378,MC1_K2_N2_L4_SP18_P4_R07,2,STAGE5_TOEPLITZ_CORRELATED,2,4,2,P4,4,8.1,9.95,0.1,135,-6,0.9,SPECIFIED_CORRELATION,18,18,6,7,196,MC1_BASE_N2_L4_P4_R07,MC1_BASE_N2_L4_P4_R07,430100196,430200196,WHITENED_SEQUENTIAL_BEAMSPACE_EXPECTED_TOTAL_SNR,STAGE8_K2_TANGENT_WHITE_SNR_MONTE_CARLO_AND_CLOSURE_V1,ONE_SYNTHETIC_CPI,ONE_SELECTED_RANGE_DOPPLER_CELL,1,1,0,0,0,7ac5f2ed7f8b920df52a4e1cde4f3ee8f80b69a8208c8d8579b1925f9a445627,f5d5a667be279f003b244966407b087cef65e3fca7bfaa3dff84f5370939d584,-4.63070526776075,23.8350945249452,18
1379,MC1_K2_N2_L4_SP22_P4_R07,2,STAGE5_TOEPLITZ_CORRELATED,2,4,2,P4,4,8.1,9.95,0.1,135,-6,0.9,SPECIFIED_CORRELATION,22,22,7,7,196,MC1_BASE_N2_L4_P4_R07,MC1_BASE_N2_L4_P4_R07,430100196,430200196,WHITENED_SEQUENTIAL_BEAMSPACE_EXPECTED_TOTAL_SNR,STAGE8_K2_TANGENT_WHITE_SNR_MONTE_CARLO_AND_CLOSURE_V1,ONE_SYNTHETIC_CPI,ONE_SELECTED_RANGE_DOPPLER_CELL,1,1,0,0,0,7ac5f2ed7f8b920df52a4e1cde4f3ee8f80b69a8208c8d8579b1925f9a445627,458795c2118c214babb02ed2a50a7a51e745fc876ecc2f141ac7dd503a16386f,-0.630705267760753,27.8350945249452,22
1380,MC1_K2_N2_L4_SM6_P4_R08,2,STAGE5_TOEPLITZ_CORRELATED,2,4,2,P4,4,8.1,9.95,0.1,135,-6,0.9,SPECIFIED_CORRELATION,-6,-6,1,8,197,MC1_BASE_N2_L4_P4_R08,MC1_BASE_N2_L4_P4_R08,430100197,430200197,WHITENED_SEQUENTIAL_BEAMSPACE_EXPECTED_TOTAL_SNR,STAGE8_K2_TANGENT_WHITE_SNR_MONTE_CARLO_AND_CLOSURE_V1,ONE_SYNTHETIC_CPI,ONE_SELECTED_RANGE_DOPPLER_CELL,1,1,0,0,0,7ac5f2ed7f8b920df52a4e1cde4f3ee8f80b69a8208c8d8579b1925f9a445627,6838ae9c59620f398d538ccabb49d25268a4cba44e5cb708c636d4e14e62d91f,-28.6516792800236,-0.154780759722391,-6.00000000000005
1381,MC1_K2_N2_L4_SP0_P4_R08,2,STAGE5_TOEPLITZ_CORRELATED,2,4,2,P4,4,8.1,9.95,0.1,135,-6,0.9,SPECIFIED_CORRELATION,0,0,2,8,197,MC1_BASE_N2_L4_P4_R08,MC1_BASE_N2_L4_P4_R08,430100197,430200197,WHITENED_SEQUENTIAL_BEAMSPACE_EXPECTED_TOTAL_SNR,STAGE8_K2_TANGENT_WHITE_SNR_MONTE_CARLO_AND_CLOSURE_V1,ONE_SYNTHETIC_CPI,ONE_SELECTED_RANGE_DOPPLER_CELL,1,1,0,0,0,7ac5f2ed7f8b920df52a4e1cde4f3ee8f80b69a8208c8d8579b1925f9a445627,ed4ab325374a16f58a29878aca7f4dba1a641df5d3a8cf3ff776ba75ccf681c5,-22.6516792800237,5.84521924027761,9.64327466553286e-15
1382,MC1_K2_N2_L4_SP6_P4_R08,2,STAGE5_TOEPLITZ_CORRELATED,2,4,2,P4,4,8.1,9.95,0.1,135,-6,0.9,SPECIFIED_CORRELATION,6,6,3,8,197,MC1_BASE_N2_L4_P4_R08,MC1_BASE_N2_L4_P4_R08,430100197,430200197,WHITENED_SEQUENTIAL_BEAMSPACE_EXPECTED_TOTAL_SNR,STAGE8_K2_TANGENT_WHITE_SNR_MONTE_CARLO_AND_CLOSURE_V1,ONE_SYNTHETIC_CPI,ONE_SELECTED_RANGE_DOPPLER_CELL,1,1,0,0,0,7ac5f2ed7f8b920df52a4e1cde4f3ee8f80b69a8208c8d8579b1925f9a445627,1e86bb7ce3002cd383090d3036371bb3309422734ec0f22217e716bf4cba2590,-16.6516792800237,11.8452192402776,6.00000000000001
1383,MC1_K2_N2_L4_SP10_P4_R08,2,STAGE5_TOEPLITZ_CORRELATED,2,4,2,P4,4,8.1,9.95,0.1,135,-6,0.9,SPECIFIED_CORRELATION,10,10,4,8,197,MC1_BASE_N2_L4_P4_R08,MC1_BASE_N2_L4_P4_R08,430100197,430200197,WHITENED_SEQUENTIAL_BEAMSPACE_EXPECTED_TOTAL_SNR,STAGE8_K2_TANGENT_WHITE_SNR_MONTE_CARLO_AND_CLOSURE_V1,ONE_SYNTHETIC_CPI,ONE_SELECTED_RANGE_DOPPLER_CELL,1,1,0,0,0,7ac5f2ed7f8b920df52a4e1cde4f3ee8f80b69a8208c8d8579b1925f9a445627,9b89f6601eaa53c5d01d94ce51b2230b9d110e9e5f4b01d286a34a91f96590f0,-12.6516792800237,15.8452192402776,10
1384,MC1_K2_N2_L4_SP14_P4_R08,2,STAGE5_TOEPLITZ_CORRELATED,2,4,2,P4,4,8.1,9.95,0.1,135,-6,0.9,SPECIFIED_CORRELATION,14,14,5,8,197,MC1_BASE_N2_L4_P4_R08,MC1_BASE_N2_L4_P4_R08,430100197,430200197,WHITENED_SEQUENTIAL_BEAMSPACE_EXPECTED_TOTAL_SNR,STAGE8_K2_TANGENT_WHITE_SNR_MONTE_CARLO_AND_CLOSURE_V1,ONE_SYNTHETIC_CPI,ONE_SELECTED_RANGE_DOPPLER_CELL,1,1,0,0,0,7ac5f2ed7f8b920df52a4e1cde4f3ee8f80b69a8208c8d8579b1925f9a445627,1a6a89bb181f9cac3c7bdfd3dbe38f86ae3715c72c58d24be4d82f793305bac6,-8.65167928002365,19.8452192402776,14
1385,MC1_K2_N2_L4_SP18_P4_R08,2,STAGE5_TOEPLITZ_CORRELATED,2,4,2,P4,4,8.1,9.95,0.1,135,-6,0.9,SPECIFIED_CORRELATION,18,18,6,8,197,MC1_BASE_N2_L4_P4_R08,MC1_BASE_N2_L4_P4_R08,430100197,430200197,WHITENED_SEQUENTIAL_BEAMSPACE_EXPECTED_TOTAL_SNR,STAGE8_K2_TANGENT_WHITE_SNR_MONTE_CARLO_AND_CLOSURE_V1,ONE_SYNTHETIC_CPI,ONE_SELECTED_RANGE_DOPPLER_CELL,1,1,0,0,0,7ac5f2ed7f8b920df52a4e1cde4f3ee8f80b69a8208c8d8579b1925f9a445627,5d4cb721ab2f39beaa870dca8701374d3d40b3fca4a53be835f3fc206907d8f7,-4.65167928002365,23.8452192402776,18.0000000000001
1386,MC1_K2_N2_L4_SP22_P4_R08,2,STAGE5_TOEPLITZ_CORRELATED,2,4,2,P4,4,8.1,9.95,0.1,135,-6,0.9,SPECIFIED_CORRELATION,22,22,7,8,197,MC1_BASE_N2_L4_P4_R08,MC1_BASE_N2_L4_P4_R08,430100197,430200197,WHITENED_SEQUENTIAL_BEAMSPACE_EXPECTED_TOTAL_SNR,STAGE8_K2_TANGENT_WHITE_SNR_MONTE_CARLO_AND_CLOSURE_V1,ONE_SYNTHETIC_CPI,ONE_SELECTED_RANGE_DOPPLER_CELL,1,1,0,0,0,7ac5f2ed7f8b920df52a4e1cde4f3ee8f80b69a8208c8d8579b1925f9a445627,eb4ff3d21765fea0a7719b4172bf153541a428035195edca58bb6defcb9b6720,-0.651679280023647,27.8452192402776,21.9999999999999
1387,MC1_K2_N2_L4_SM6_P4_R09,2,STAGE5_TOEPLITZ_CORRELATED,2,4,2,P4,4,8.1,9.95,0.1,135,-6,0.9,SPECIFIED_CORRELATION,-6,-6,1,9,198,MC1_BASE_N2_L4_P4_R09,MC1_BASE_N2_L4_P4_R09,430100198,430200198,WHITENED_SEQUENTIAL_BEAMSPACE_EXPECTED_TOTAL_SNR,STAGE8_K2_TANGENT_WHITE_SNR_MONTE_CARLO_AND_CLOSURE_V1,ONE_SYNTHETIC_CPI,ONE_SELECTED_RANGE_DOPPLER_CELL,1,1,0,0,0,7ac5f2ed7f8b920df52a4e1cde4f3ee8f80b69a8208c8d8579b1925f9a445627,4b4ac01bf767d5fca733f5832bfd6fe245a7547ad86f7d4650a10215db46cba0,-28.6452893885858,-0.1443998175321,-5.99999999999991
1388,MC1_K2_N2_L4_SP0_P4_R09,2,STAGE5_TOEPLITZ_CORRELATED,2,4,2,P4,4,8.1,9.95,0.1,135,-6,0.9,SPECIFIED_CORRELATION,0,0,2,9,198,MC1_BASE_N2_L4_P4_R09,MC1_BASE_N2_L4_P4_R09,430100198,430200198,WHITENED_SEQUENTIAL_BEAMSPACE_EXPECTED_TOTAL_SNR,STAGE8_K2_TANGENT_WHITE_SNR_MONTE_CARLO_AND_CLOSURE_V1,ONE_SYNTHETIC_CPI,ONE_SELECTED_RANGE_DOPPLER_CELL,1,1,0,0,0,7ac5f2ed7f8b920df52a4e1cde4f3ee8f80b69a8208c8d8579b1925f9a445627,c2dab5ee901be701183bb424fa4361b1540497a776a7ceb1d9102e5e72b71adb,-22.6452893885858,5.8556001824679,3.56801162624715e-14
1389,MC1_K2_N2_L4_SP6_P4_R09,2,STAGE5_TOEPLITZ_CORRELATED,2,4,2,P4,4,8.1,9.95,0.1,135,-6,0.9,SPECIFIED_CORRELATION,6,6,3,9,198,MC1_BASE_N2_L4_P4_R09,MC1_BASE_N2_L4_P4_R09,430100198,430200198,WHITENED_SEQUENTIAL_BEAMSPACE_EXPECTED_TOTAL_SNR,STAGE8_K2_TANGENT_WHITE_SNR_MONTE_CARLO_AND_CLOSURE_V1,ONE_SYNTHETIC_CPI,ONE_SELECTED_RANGE_DOPPLER_CELL,1,1,0,0,0,7ac5f2ed7f8b920df52a4e1cde4f3ee8f80b69a8208c8d8579b1925f9a445627,71a47b55ca4f9da8ff31942ada878dd6afc872ed1518a76e9f343cc2ff16a71d,-16.6452893885858,11.8556001824679,6.00000000000008
1390,MC1_K2_N2_L4_SP10_P4_R09,2,STAGE5_TOEPLITZ_CORRELATED,2,4,2,P4,4,8.1,9.95,0.1,135,-6,0.9,SPECIFIED_CORRELATION,10,10,4,9,198,MC1_BASE_N2_L4_P4_R09,MC1_BASE_N2_L4_P4_R09,430100198,430200198,WHITENED_SEQUENTIAL_BEAMSPACE_EXPECTED_TOTAL_SNR,STAGE8_K2_TANGENT_WHITE_SNR_MONTE_CARLO_AND_CLOSURE_V1,ONE_SYNTHETIC_CPI,ONE_SELECTED_RANGE_DOPPLER_CELL,1,1,0,0,0,7ac5f2ed7f8b920df52a4e1cde4f3ee8f80b69a8208c8d8579b1925f9a445627,f2dcf88270a5da9ec1c63558e681def876315e6003b8730b4a14cc81edc7dbc8,-12.6452893885858,15.8556001824679,10.0000000000001
1391,MC1_K2_N2_L4_SP14_P4_R09,2,STAGE5_TOEPLITZ_CORRELATED,2,4,2,P4,4,8.1,9.95,0.1,135,-6,0.9,SPECIFIED_CORRELATION,14,14,5,9,198,MC1_BASE_N2_L4_P4_R09,MC1_BASE_N2_L4_P4_R09,430100198,430200198,WHITENED_SEQUENTIAL_BEAMSPACE_EXPECTED_TOTAL_SNR,STAGE8_K2_TANGENT_WHITE_SNR_MONTE_CARLO_AND_CLOSURE_V1,ONE_SYNTHETIC_CPI,ONE_SELECTED_RANGE_DOPPLER_CELL,1,1,0,0,0,7ac5f2ed7f8b920df52a4e1cde4f3ee8f80b69a8208c8d8579b1925f9a445627,ec9229d6569010c7473ff13908f7211b685267e4bb54efdf5c6a50dc74078ebc,-8.64528938858578,19.8556001824679,14
1392,MC1_K2_N2_L4_SP18_P4_R09,2,STAGE5_TOEPLITZ_CORRELATED,2,4,2,P4,4,8.1,9.95,0.1,135,-6,0.9,SPECIFIED_CORRELATION,18,18,6,9,198,MC1_BASE_N2_L4_P4_R09,MC1_BASE_N2_L4_P4_R09,430100198,430200198,WHITENED_SEQUENTIAL_BEAMSPACE_EXPECTED_TOTAL_SNR,STAGE8_K2_TANGENT_WHITE_SNR_MONTE_CARLO_AND_CLOSURE_V1,ONE_SYNTHETIC_CPI,ONE_SELECTED_RANGE_DOPPLER_CELL,1,1,0,0,0,7ac5f2ed7f8b920df52a4e1cde4f3ee8f80b69a8208c8d8579b1925f9a445627,f3bfce1a2ac39955eec455880a7e85021dbeab610e4776749b685a76887c870c,-4.64528938858578,23.8556001824679,18.0000000000001
1393,MC1_K2_N2_L4_SP22_P4_R09,2,STAGE5_TOEPLITZ_CORRELATED,2,4,2,P4,4,8.1,9.95,0.1,135,-6,0.9,SPECIFIED_CORRELATION,22,22,7,9,198,MC1_BASE_N2_L4_P4_R09,MC1_BASE_N2_L4_P4_R09,430100198,430200198,WHITENED_SEQUENTIAL_BEAMSPACE_EXPECTED_TOTAL_SNR,STAGE8_K2_TANGENT_WHITE_SNR_MONTE_CARLO_AND_CLOSURE_V1,ONE_SYNTHETIC_CPI,ONE_SELECTED_RANGE_DOPPLER_CELL,1,1,0,0,0,7ac5f2ed7f8b920df52a4e1cde4f3ee8f80b69a8208c8d8579b1925f9a445627,fcbed10765106f803c81d863659c47cf76fe15db15b4e365a6628193ea862938,-0.64528938858578,27.8556001824679,22
1394,MC1_K2_N2_L4_SM6_P4_R10,2,STAGE5_TOEPLITZ_CORRELATED,2,4,2,P4,4,8.1,9.95,0.1,135,-6,0.9,SPECIFIED_CORRELATION,-6,-6,1,10,199,MC1_BASE_N2_L4_P4_R10,MC1_BASE_N2_L4_P4_R10,430100199,430200199,WHITENED_SEQUENTIAL_BEAMSPACE_EXPECTED_TOTAL_SNR,STAGE8_K2_TANGENT_WHITE_SNR_MONTE_CARLO_AND_CLOSURE_V1,ONE_SYNTHETIC_CPI,ONE_SELECTED_RANGE_DOPPLER_CELL,1,1,0,0,0,7ac5f2ed7f8b920df52a4e1cde4f3ee8f80b69a8208c8d8579b1925f9a445627,24eb9980c269d0b5b6635f2e4e991890ac55a37f669ee700b5860a72735cf2c8,-28.6402684666252,-0.141663895444996,-6.00000000000008
1395,MC1_K2_N2_L4_SP0_P4_R10,2,STAGE5_TOEPLITZ_CORRELATED,2,4,2,P4,4,8.1,9.95,0.1,135,-6,0.9,SPECIFIED_CORRELATION,0,0,2,10,199,MC1_BASE_N2_L4_P4_R10,MC1_BASE_N2_L4_P4_R10,430100199,430200199,WHITENED_SEQUENTIAL_BEAMSPACE_EXPECTED_TOTAL_SNR,STAGE8_K2_TANGENT_WHITE_SNR_MONTE_CARLO_AND_CLOSURE_V1,ONE_SYNTHETIC_CPI,ONE_SELECTED_RANGE_DOPPLER_CELL,1,1,0,0,0,7ac5f2ed7f8b920df52a4e1cde4f3ee8f80b69a8208c8d8579b1925f9a445627,a6c743dd875a6e102a535e5f3c5628128d4c690737d37986684533d6a69af680,-22.6402684666252,5.858336104555,-7.52175423911571e-14
1396,MC1_K2_N2_L4_SP6_P4_R10,2,STAGE5_TOEPLITZ_CORRELATED,2,4,2,P4,4,8.1,9.95,0.1,135,-6,0.9,SPECIFIED_CORRELATION,6,6,3,10,199,MC1_BASE_N2_L4_P4_R10,MC1_BASE_N2_L4_P4_R10,430100199,430200199,WHITENED_SEQUENTIAL_BEAMSPACE_EXPECTED_TOTAL_SNR,STAGE8_K2_TANGENT_WHITE_SNR_MONTE_CARLO_AND_CLOSURE_V1,ONE_SYNTHETIC_CPI,ONE_SELECTED_RANGE_DOPPLER_CELL,1,1,0,0,0,7ac5f2ed7f8b920df52a4e1cde4f3ee8f80b69a8208c8d8579b1925f9a445627,d6995d38a998a8b6bac9f519e52c24002fcacf58a2da6e362885e0590517bb7c,-16.6402684666252,11.858336104555,5.99999999999995
1397,MC1_K2_N2_L4_SP10_P4_R10,2,STAGE5_TOEPLITZ_CORRELATED,2,4,2,P4,4,8.1,9.95,0.1,135,-6,0.9,SPECIFIED_CORRELATION,10,10,4,10,199,MC1_BASE_N2_L4_P4_R10,MC1_BASE_N2_L4_P4_R10,430100199,430200199,WHITENED_SEQUENTIAL_BEAMSPACE_EXPECTED_TOTAL_SNR,STAGE8_K2_TANGENT_WHITE_SNR_MONTE_CARLO_AND_CLOSURE_V1,ONE_SYNTHETIC_CPI,ONE_SELECTED_RANGE_DOPPLER_CELL,1,1,0,0,0,7ac5f2ed7f8b920df52a4e1cde4f3ee8f80b69a8208c8d8579b1925f9a445627,5b59d3ae288cc8823040b03e8e08e5e9c6783ba459f4f80763f199a94b22a4ef,-12.6402684666252,15.858336104555,9.99999999999995
1398,MC1_K2_N2_L4_SP14_P4_R10,2,STAGE5_TOEPLITZ_CORRELATED,2,4,2,P4,4,8.1,9.95,0.1,135,-6,0.9,SPECIFIED_CORRELATION,14,14,5,10,199,MC1_BASE_N2_L4_P4_R10,MC1_BASE_N2_L4_P4_R10,430100199,430200199,WHITENED_SEQUENTIAL_BEAMSPACE_EXPECTED_TOTAL_SNR,STAGE8_K2_TANGENT_WHITE_SNR_MONTE_CARLO_AND_CLOSURE_V1,ONE_SYNTHETIC_CPI,ONE_SELECTED_RANGE_DOPPLER_CELL,1,1,0,0,0,7ac5f2ed7f8b920df52a4e1cde4f3ee8f80b69a8208c8d8579b1925f9a445627,84369968fd9a9a95e3c4b84fd29af21a3fe9966b83f9a40851383dd43490d3f1,-8.64026846662519,19.858336104555,13.9999999999999
1399,MC1_K2_N2_L4_SP18_P4_R10,2,STAGE5_TOEPLITZ_CORRELATED,2,4,2,P4,4,8.1,9.95,0.1,135,-6,0.9,SPECIFIED_CORRELATION,18,18,6,10,199,MC1_BASE_N2_L4_P4_R10,MC1_BASE_N2_L4_P4_R10,430100199,430200199,WHITENED_SEQUENTIAL_BEAMSPACE_EXPECTED_TOTAL_SNR,STAGE8_K2_TANGENT_WHITE_SNR_MONTE_CARLO_AND_CLOSURE_V1,ONE_SYNTHETIC_CPI,ONE_SELECTED_RANGE_DOPPLER_CELL,1,1,0,0,0,7ac5f2ed7f8b920df52a4e1cde4f3ee8f80b69a8208c8d8579b1925f9a445627,fb6c4e9fc539cc0721d3ff38217a2a91f8ecae22a0c652dec740773d328abdfe,-4.64026846662519,23.858336104555,18
1400,MC1_K2_N2_L4_SP22_P4_R10,2,STAGE5_TOEPLITZ_CORRELATED,2,4,2,P4,4,8.1,9.95,0.1,135,-6,0.9,SPECIFIED_CORRELATION,22,22,7,10,199,MC1_BASE_N2_L4_P4_R10,MC1_BASE_N2_L4_P4_R10,430100199,430200199,WHITENED_SEQUENTIAL_BEAMSPACE_EXPECTED_TOTAL_SNR,STAGE8_K2_TANGENT_WHITE_SNR_MONTE_CARLO_AND_CLOSURE_V1,ONE_SYNTHETIC_CPI,ONE_SELECTED_RANGE_DOPPLER_CELL,1,1,0,0,0,7ac5f2ed7f8b920df52a4e1cde4f3ee8f80b69a8208c8d8579b1925f9a445627,8383de312b4994235c69e7863e4a5d02bb7ddd20f993442d65c2ca0378df70c3,-0.640268466625191,27.858336104555,22
1401,MC1_K2_N2_L8_SM6_P1_R01,2,STAGE5_TOEPLITZ_CORRELATED,2,8,3,P1,1,8,10,0.3,45,0,0,SPECIFIED_CORRELATION,-6,-6,1,1,200,MC1_BASE_N2_L8_P1_R01,MC1_BASE_N2_L8_P1_R01,430100200,430200200,WHITENED_SEQUENTIAL_BEAMSPACE_EXPECTED_TOTAL_SNR,STAGE8_K2_TANGENT_WHITE_SNR_MONTE_CARLO_AND_CLOSURE_V1,ONE_SYNTHETIC_CPI,ONE_SELECTED_RANGE_DOPPLER_CELL,1,1,0,0,0,7ac5f2ed7f8b920df52a4e1cde4f3ee8f80b69a8208c8d8579b1925f9a445627,7bc8b72da277824d4454049833436535d4b43d1cdd11c3f26041dcacbc52d603,-28.6641009188011,-0.171596097990171,-6.00000000000004
1402,MC1_K2_N2_L8_SP0_P1_R01,2,STAGE5_TOEPLITZ_CORRELATED,2,8,3,P1,1,8,10,0.3,45,0,0,SPECIFIED_CORRELATION,0,0,2,1,200,MC1_BASE_N2_L8_P1_R01,MC1_BASE_N2_L8_P1_R01,430100200,430200200,WHITENED_SEQUENTIAL_BEAMSPACE_EXPECTED_TOTAL_SNR,STAGE8_K2_TANGENT_WHITE_SNR_MONTE_CARLO_AND_CLOSURE_V1,ONE_SYNTHETIC_CPI,ONE_SELECTED_RANGE_DOPPLER_CELL,1,1,0,0,0,7ac5f2ed7f8b920df52a4e1cde4f3ee8f80b69a8208c8d8579b1925f9a445627,eeb85115d7c2d2dbffca282218f4697c1f2b88debd7aebe494683f3289c92960,-22.6641009188011,5.82840390200983,-6.75029226587301e-15
1403,MC1_K2_N2_L8_SP6_P1_R01,2,STAGE5_TOEPLITZ_CORRELATED,2,8,3,P1,1,8,10,0.3,45,0,0,SPECIFIED_CORRELATION,6,6,3,1,200,MC1_BASE_N2_L8_P1_R01,MC1_BASE_N2_L8_P1_R01,430100200,430200200,WHITENED_SEQUENTIAL_BEAMSPACE_EXPECTED_TOTAL_SNR,STAGE8_K2_TANGENT_WHITE_SNR_MONTE_CARLO_AND_CLOSURE_V1,ONE_SYNTHETIC_CPI,ONE_SELECTED_RANGE_DOPPLER_CELL,1,1,0,0,0,7ac5f2ed7f8b920df52a4e1cde4f3ee8f80b69a8208c8d8579b1925f9a445627,6c139ad89352fdf2d8861cb64f55e4f94a01941ee0e1d67a4325b5c825623838,-16.6641009188011,11.8284039020098,5.99999999999992
1404,MC1_K2_N2_L8_SP10_P1_R01,2,STAGE5_TOEPLITZ_CORRELATED,2,8,3,P1,1,8,10,0.3,45,0,0,SPECIFIED_CORRELATION,10,10,4,1,200,MC1_BASE_N2_L8_P1_R01,MC1_BASE_N2_L8_P1_R01,430100200,430200200,WHITENED_SEQUENTIAL_BEAMSPACE_EXPECTED_TOTAL_SNR,STAGE8_K2_TANGENT_WHITE_SNR_MONTE_CARLO_AND_CLOSURE_V1,ONE_SYNTHETIC_CPI,ONE_SELECTED_RANGE_DOPPLER_CELL,1,1,0,0,0,7ac5f2ed7f8b920df52a4e1cde4f3ee8f80b69a8208c8d8579b1925f9a445627,f0e0ea9a8d0c64d7ece5a9c8d3d65cd9d377c3a4091bd0a679d0d478d86629f8,-12.6641009188011,15.8284039020098,9.99999999999996
1405,MC1_K2_N2_L8_SP14_P1_R01,2,STAGE5_TOEPLITZ_CORRELATED,2,8,3,P1,1,8,10,0.3,45,0,0,SPECIFIED_CORRELATION,14,14,5,1,200,MC1_BASE_N2_L8_P1_R01,MC1_BASE_N2_L8_P1_R01,430100200,430200200,WHITENED_SEQUENTIAL_BEAMSPACE_EXPECTED_TOTAL_SNR,STAGE8_K2_TANGENT_WHITE_SNR_MONTE_CARLO_AND_CLOSURE_V1,ONE_SYNTHETIC_CPI,ONE_SELECTED_RANGE_DOPPLER_CELL,1,1,0,0,0,7ac5f2ed7f8b920df52a4e1cde4f3ee8f80b69a8208c8d8579b1925f9a445627,e59631c0ae2ff5ad486cb72ef5b713a6fce15ecc222fa64dfceb5b612ab951a2,-8.66410091880105,19.8284039020098,14
1406,MC1_K2_N2_L8_SP18_P1_R01,2,STAGE5_TOEPLITZ_CORRELATED,2,8,3,P1,1,8,10,0.3,45,0,0,SPECIFIED_CORRELATION,18,18,6,1,200,MC1_BASE_N2_L8_P1_R01,MC1_BASE_N2_L8_P1_R01,430100200,430200200,WHITENED_SEQUENTIAL_BEAMSPACE_EXPECTED_TOTAL_SNR,STAGE8_K2_TANGENT_WHITE_SNR_MONTE_CARLO_AND_CLOSURE_V1,ONE_SYNTHETIC_CPI,ONE_SELECTED_RANGE_DOPPLER_CELL,1,1,0,0,0,7ac5f2ed7f8b920df52a4e1cde4f3ee8f80b69a8208c8d8579b1925f9a445627,10a6a43423dc942feebb243771eb5ed988602b480e0bb19f8ef00862ebd3cdba,-4.66410091880105,23.8284039020098,18
1407,MC1_K2_N2_L8_SP22_P1_R01,2,STAGE5_TOEPLITZ_CORRELATED,2,8,3,P1,1,8,10,0.3,45,0,0,SPECIFIED_CORRELATION,22,22,7,1,200,MC1_BASE_N2_L8_P1_R01,MC1_BASE_N2_L8_P1_R01,430100200,430200200,WHITENED_SEQUENTIAL_BEAMSPACE_EXPECTED_TOTAL_SNR,STAGE8_K2_TANGENT_WHITE_SNR_MONTE_CARLO_AND_CLOSURE_V1,ONE_SYNTHETIC_CPI,ONE_SELECTED_RANGE_DOPPLER_CELL,1,1,0,0,0,7ac5f2ed7f8b920df52a4e1cde4f3ee8f80b69a8208c8d8579b1925f9a445627,52883c0593db4c28abf7a2546e0b8c406466a0fe616bd5465ebc34e9838c7026,-0.664100918801053,27.8284039020098,22
1408,MC1_K2_N2_L8_SM6_P1_R02,2,STAGE5_TOEPLITZ_CORRELATED,2,8,3,P1,1,8,10,0.3,45,0,0,SPECIFIED_CORRELATION,-6,-6,1,2,201,MC1_BASE_N2_L8_P1_R02,MC1_BASE_N2_L8_P1_R02,430100201,430200201,WHITENED_SEQUENTIAL_BEAMSPACE_EXPECTED_TOTAL_SNR,STAGE8_K2_TANGENT_WHITE_SNR_MONTE_CARLO_AND_CLOSURE_V1,ONE_SYNTHETIC_CPI,ONE_SELECTED_RANGE_DOPPLER_CELL,1,1,0,0,0,7ac5f2ed7f8b920df52a4e1cde4f3ee8f80b69a8208c8d8579b1925f9a445627,c8dc52773389c7c34a39d491894e5fb6531ceb79d41c7932aff65790bf86aa7e,-28.6641009188011,-0.171596097990171,-6.00000000000004
1409,MC1_K2_N2_L8_SP0_P1_R02,2,STAGE5_TOEPLITZ_CORRELATED,2,8,3,P1,1,8,10,0.3,45,0,0,SPECIFIED_CORRELATION,0,0,2,2,201,MC1_BASE_N2_L8_P1_R02,MC1_BASE_N2_L8_P1_R02,430100201,430200201,WHITENED_SEQUENTIAL_BEAMSPACE_EXPECTED_TOTAL_SNR,STAGE8_K2_TANGENT_WHITE_SNR_MONTE_CARLO_AND_CLOSURE_V1,ONE_SYNTHETIC_CPI,ONE_SELECTED_RANGE_DOPPLER_CELL,1,1,0,0,0,7ac5f2ed7f8b920df52a4e1cde4f3ee8f80b69a8208c8d8579b1925f9a445627,72a08d69c37c6f77142dd1155ede2f0e2bc7fffa223cafa6cd0be2ab4896aae0,-22.6641009188011,5.82840390200983,-6.75029226587301e-15
1410,MC1_K2_N2_L8_SP6_P1_R02,2,STAGE5_TOEPLITZ_CORRELATED,2,8,3,P1,1,8,10,0.3,45,0,0,SPECIFIED_CORRELATION,6,6,3,2,201,MC1_BASE_N2_L8_P1_R02,MC1_BASE_N2_L8_P1_R02,430100201,430200201,WHITENED_SEQUENTIAL_BEAMSPACE_EXPECTED_TOTAL_SNR,STAGE8_K2_TANGENT_WHITE_SNR_MONTE_CARLO_AND_CLOSURE_V1,ONE_SYNTHETIC_CPI,ONE_SELECTED_RANGE_DOPPLER_CELL,1,1,0,0,0,7ac5f2ed7f8b920df52a4e1cde4f3ee8f80b69a8208c8d8579b1925f9a445627,d19074c16c24526aed8d6db9833ed068c0f65901cea13e9d23052d3d50bf1fe6,-16.6641009188011,11.8284039020098,5.99999999999992
1411,MC1_K2_N2_L8_SP10_P1_R02,2,STAGE5_TOEPLITZ_CORRELATED,2,8,3,P1,1,8,10,0.3,45,0,0,SPECIFIED_CORRELATION,10,10,4,2,201,MC1_BASE_N2_L8_P1_R02,MC1_BASE_N2_L8_P1_R02,430100201,430200201,WHITENED_SEQUENTIAL_BEAMSPACE_EXPECTED_TOTAL_SNR,STAGE8_K2_TANGENT_WHITE_SNR_MONTE_CARLO_AND_CLOSURE_V1,ONE_SYNTHETIC_CPI,ONE_SELECTED_RANGE_DOPPLER_CELL,1,1,0,0,0,7ac5f2ed7f8b920df52a4e1cde4f3ee8f80b69a8208c8d8579b1925f9a445627,28cd84fea517d85d7970ffae731476aebfb090325ceae7ea79a4209d5619795f,-12.6641009188011,15.8284039020098,9.99999999999996
1412,MC1_K2_N2_L8_SP14_P1_R02,2,STAGE5_TOEPLITZ_CORRELATED,2,8,3,P1,1,8,10,0.3,45,0,0,SPECIFIED_CORRELATION,14,14,5,2,201,MC1_BASE_N2_L8_P1_R02,MC1_BASE_N2_L8_P1_R02,430100201,430200201,WHITENED_SEQUENTIAL_BEAMSPACE_EXPECTED_TOTAL_SNR,STAGE8_K2_TANGENT_WHITE_SNR_MONTE_CARLO_AND_CLOSURE_V1,ONE_SYNTHETIC_CPI,ONE_SELECTED_RANGE_DOPPLER_CELL,1,1,0,0,0,7ac5f2ed7f8b920df52a4e1cde4f3ee8f80b69a8208c8d8579b1925f9a445627,1b520d2b0f2bc355547250cf519f1882db9eea9be2161387a98ea7c847cbf0c0,-8.66410091880105,19.8284039020098,14
1413,MC1_K2_N2_L8_SP18_P1_R02,2,STAGE5_TOEPLITZ_CORRELATED,2,8,3,P1,1,8,10,0.3,45,0,0,SPECIFIED_CORRELATION,18,18,6,2,201,MC1_BASE_N2_L8_P1_R02,MC1_BASE_N2_L8_P1_R02,430100201,430200201,WHITENED_SEQUENTIAL_BEAMSPACE_EXPECTED_TOTAL_SNR,STAGE8_K2_TANGENT_WHITE_SNR_MONTE_CARLO_AND_CLOSURE_V1,ONE_SYNTHETIC_CPI,ONE_SELECTED_RANGE_DOPPLER_CELL,1,1,0,0,0,7ac5f2ed7f8b920df52a4e1cde4f3ee8f80b69a8208c8d8579b1925f9a445627,e88570cb416149d8d7c652e3978e6b9c190ce8a7c626c0740f703d91d4a608fc,-4.66410091880105,23.8284039020098,18
1414,MC1_K2_N2_L8_SP22_P1_R02,2,STAGE5_TOEPLITZ_CORRELATED,2,8,3,P1,1,8,10,0.3,45,0,0,SPECIFIED_CORRELATION,22,22,7,2,201,MC1_BASE_N2_L8_P1_R02,MC1_BASE_N2_L8_P1_R02,430100201,430200201,WHITENED_SEQUENTIAL_BEAMSPACE_EXPECTED_TOTAL_SNR,STAGE8_K2_TANGENT_WHITE_SNR_MONTE_CARLO_AND_CLOSURE_V1,ONE_SYNTHETIC_CPI,ONE_SELECTED_RANGE_DOPPLER_CELL,1,1,0,0,0,7ac5f2ed7f8b920df52a4e1cde4f3ee8f80b69a8208c8d8579b1925f9a445627,b69a2a52def1bfbda7a2961a6ef0e066be660e53ebd56d234be5b95125733860,-0.664100918801053,27.8284039020098,22
1415,MC1_K2_N2_L8_SM6_P1_R03,2,STAGE5_TOEPLITZ_CORRELATED,2,8,3,P1,1,8,10,0.3,45,0,0,SPECIFIED_CORRELATION,-6,-6,1,3,202,MC1_BASE_N2_L8_P1_R03,MC1_BASE_N2_L8_P1_R03,430100202,430200202,WHITENED_SEQUENTIAL_BEAMSPACE_EXPECTED_TOTAL_SNR,STAGE8_K2_TANGENT_WHITE_SNR_MONTE_CARLO_AND_CLOSURE_V1,ONE_SYNTHETIC_CPI,ONE_SELECTED_RANGE_DOPPLER_CELL,1,1,0,0,0,7ac5f2ed7f8b920df52a4e1cde4f3ee8f80b69a8208c8d8579b1925f9a445627,909224493ffe574cfb9008d66aa84df4c374d2e590f672c96a8a6b6754053fd6,-28.6641009188011,-0.171596097990171,-6.00000000000004
1416,MC1_K2_N2_L8_SP0_P1_R03,2,STAGE5_TOEPLITZ_CORRELATED,2,8,3,P1,1,8,10,0.3,45,0,0,SPECIFIED_CORRELATION,0,0,2,3,202,MC1_BASE_N2_L8_P1_R03,MC1_BASE_N2_L8_P1_R03,430100202,430200202,WHITENED_SEQUENTIAL_BEAMSPACE_EXPECTED_TOTAL_SNR,STAGE8_K2_TANGENT_WHITE_SNR_MONTE_CARLO_AND_CLOSURE_V1,ONE_SYNTHETIC_CPI,ONE_SELECTED_RANGE_DOPPLER_CELL,1,1,0,0,0,7ac5f2ed7f8b920df52a4e1cde4f3ee8f80b69a8208c8d8579b1925f9a445627,aecaa7d974de85c577f3b3891fb5f2dcd4ec1330cf2cf543ca240ae62f7a18ab,-22.6641009188011,5.82840390200983,-6.75029226587301e-15
1417,MC1_K2_N2_L8_SP6_P1_R03,2,STAGE5_TOEPLITZ_CORRELATED,2,8,3,P1,1,8,10,0.3,45,0,0,SPECIFIED_CORRELATION,6,6,3,3,202,MC1_BASE_N2_L8_P1_R03,MC1_BASE_N2_L8_P1_R03,430100202,430200202,WHITENED_SEQUENTIAL_BEAMSPACE_EXPECTED_TOTAL_SNR,STAGE8_K2_TANGENT_WHITE_SNR_MONTE_CARLO_AND_CLOSURE_V1,ONE_SYNTHETIC_CPI,ONE_SELECTED_RANGE_DOPPLER_CELL,1,1,0,0,0,7ac5f2ed7f8b920df52a4e1cde4f3ee8f80b69a8208c8d8579b1925f9a445627,d70d21f8eaf996b1bd779596b538b5970785fb6cee521043d32e70895e9ba2ba,-16.6641009188011,11.8284039020098,5.99999999999992
1418,MC1_K2_N2_L8_SP10_P1_R03,2,STAGE5_TOEPLITZ_CORRELATED,2,8,3,P1,1,8,10,0.3,45,0,0,SPECIFIED_CORRELATION,10,10,4,3,202,MC1_BASE_N2_L8_P1_R03,MC1_BASE_N2_L8_P1_R03,430100202,430200202,WHITENED_SEQUENTIAL_BEAMSPACE_EXPECTED_TOTAL_SNR,STAGE8_K2_TANGENT_WHITE_SNR_MONTE_CARLO_AND_CLOSURE_V1,ONE_SYNTHETIC_CPI,ONE_SELECTED_RANGE_DOPPLER_CELL,1,1,0,0,0,7ac5f2ed7f8b920df52a4e1cde4f3ee8f80b69a8208c8d8579b1925f9a445627,e50f069c3136f75e3106075c9d99b42c7f453a751af9bfbca8cb0752faabe684,-12.6641009188011,15.8284039020098,9.99999999999996
1419,MC1_K2_N2_L8_SP14_P1_R03,2,STAGE5_TOEPLITZ_CORRELATED,2,8,3,P1,1,8,10,0.3,45,0,0,SPECIFIED_CORRELATION,14,14,5,3,202,MC1_BASE_N2_L8_P1_R03,MC1_BASE_N2_L8_P1_R03,430100202,430200202,WHITENED_SEQUENTIAL_BEAMSPACE_EXPECTED_TOTAL_SNR,STAGE8_K2_TANGENT_WHITE_SNR_MONTE_CARLO_AND_CLOSURE_V1,ONE_SYNTHETIC_CPI,ONE_SELECTED_RANGE_DOPPLER_CELL,1,1,0,0,0,7ac5f2ed7f8b920df52a4e1cde4f3ee8f80b69a8208c8d8579b1925f9a445627,bf683d66e3b342be2e78d46615a47234a143636d7193ac62d9d3ec3c03565818,-8.66410091880105,19.8284039020098,14
1420,MC1_K2_N2_L8_SP18_P1_R03,2,STAGE5_TOEPLITZ_CORRELATED,2,8,3,P1,1,8,10,0.3,45,0,0,SPECIFIED_CORRELATION,18,18,6,3,202,MC1_BASE_N2_L8_P1_R03,MC1_BASE_N2_L8_P1_R03,430100202,430200202,WHITENED_SEQUENTIAL_BEAMSPACE_EXPECTED_TOTAL_SNR,STAGE8_K2_TANGENT_WHITE_SNR_MONTE_CARLO_AND_CLOSURE_V1,ONE_SYNTHETIC_CPI,ONE_SELECTED_RANGE_DOPPLER_CELL,1,1,0,0,0,7ac5f2ed7f8b920df52a4e1cde4f3ee8f80b69a8208c8d8579b1925f9a445627,479c555b801e9d2d06becb7ab62cfc84466638c94d892304bd9189d054182a7b,-4.66410091880105,23.8284039020098,18
1421,MC1_K2_N2_L8_SP22_P1_R03,2,STAGE5_TOEPLITZ_CORRELATED,2,8,3,P1,1,8,10,0.3,45,0,0,SPECIFIED_CORRELATION,22,22,7,3,202,MC1_BASE_N2_L8_P1_R03,MC1_BASE_N2_L8_P1_R03,430100202,430200202,WHITENED_SEQUENTIAL_BEAMSPACE_EXPECTED_TOTAL_SNR,STAGE8_K2_TANGENT_WHITE_SNR_MONTE_CARLO_AND_CLOSURE_V1,ONE_SYNTHETIC_CPI,ONE_SELECTED_RANGE_DOPPLER_CELL,1,1,0,0,0,7ac5f2ed7f8b920df52a4e1cde4f3ee8f80b69a8208c8d8579b1925f9a445627,3dc201407cb44c5b27c961c69c74b5bc8d60acbf8976fa5efad57b3494cae340,-0.664100918801053,27.8284039020098,22
1422,MC1_K2_N2_L8_SM6_P1_R04,2,STAGE5_TOEPLITZ_CORRELATED,2,8,3,P1,1,8,10,0.3,45,0,0,SPECIFIED_CORRELATION,-6,-6,1,4,203,MC1_BASE_N2_L8_P1_R04,MC1_BASE_N2_L8_P1_R04,430100203,430200203,WHITENED_SEQUENTIAL_BEAMSPACE_EXPECTED_TOTAL_SNR,STAGE8_K2_TANGENT_WHITE_SNR_MONTE_CARLO_AND_CLOSURE_V1,ONE_SYNTHETIC_CPI,ONE_SELECTED_RANGE_DOPPLER_CELL,1,1,0,0,0,7ac5f2ed7f8b920df52a4e1cde4f3ee8f80b69a8208c8d8579b1925f9a445627,1549441db99a83b64634a8b330f9db642bdd00970573f6b41285ada857073768,-28.6641009188011,-0.171596097990171,-6.00000000000004
1423,MC1_K2_N2_L8_SP0_P1_R04,2,STAGE5_TOEPLITZ_CORRELATED,2,8,3,P1,1,8,10,0.3,45,0,0,SPECIFIED_CORRELATION,0,0,2,4,203,MC1_BASE_N2_L8_P1_R04,MC1_BASE_N2_L8_P1_R04,430100203,430200203,WHITENED_SEQUENTIAL_BEAMSPACE_EXPECTED_TOTAL_SNR,STAGE8_K2_TANGENT_WHITE_SNR_MONTE_CARLO_AND_CLOSURE_V1,ONE_SYNTHETIC_CPI,ONE_SELECTED_RANGE_DOPPLER_CELL,1,1,0,0,0,7ac5f2ed7f8b920df52a4e1cde4f3ee8f80b69a8208c8d8579b1925f9a445627,7db8f6aabf0433a48afe0c1412b81788460790a20116317d5b2959204da08c88,-22.6641009188011,5.82840390200983,-6.75029226587301e-15
1424,MC1_K2_N2_L8_SP6_P1_R04,2,STAGE5_TOEPLITZ_CORRELATED,2,8,3,P1,1,8,10,0.3,45,0,0,SPECIFIED_CORRELATION,6,6,3,4,203,MC1_BASE_N2_L8_P1_R04,MC1_BASE_N2_L8_P1_R04,430100203,430200203,WHITENED_SEQUENTIAL_BEAMSPACE_EXPECTED_TOTAL_SNR,STAGE8_K2_TANGENT_WHITE_SNR_MONTE_CARLO_AND_CLOSURE_V1,ONE_SYNTHETIC_CPI,ONE_SELECTED_RANGE_DOPPLER_CELL,1,1,0,0,0,7ac5f2ed7f8b920df52a4e1cde4f3ee8f80b69a8208c8d8579b1925f9a445627,92dc5f7e978c0b94c7f3c4e2c3eda7ed7f44c76f2fbbbdcd6f83d05e9db3fa42,-16.6641009188011,11.8284039020098,5.99999999999992
1425,MC1_K2_N2_L8_SP10_P1_R04,2,STAGE5_TOEPLITZ_CORRELATED,2,8,3,P1,1,8,10,0.3,45,0,0,SPECIFIED_CORRELATION,10,10,4,4,203,MC1_BASE_N2_L8_P1_R04,MC1_BASE_N2_L8_P1_R04,430100203,430200203,WHITENED_SEQUENTIAL_BEAMSPACE_EXPECTED_TOTAL_SNR,STAGE8_K2_TANGENT_WHITE_SNR_MONTE_CARLO_AND_CLOSURE_V1,ONE_SYNTHETIC_CPI,ONE_SELECTED_RANGE_DOPPLER_CELL,1,1,0,0,0,7ac5f2ed7f8b920df52a4e1cde4f3ee8f80b69a8208c8d8579b1925f9a445627,8d2589d4af45386528e0e6698b059cb1c3c5d92e1edba3c63b1650b0b9c76adf,-12.6641009188011,15.8284039020098,9.99999999999996
1426,MC1_K2_N2_L8_SP14_P1_R04,2,STAGE5_TOEPLITZ_CORRELATED,2,8,3,P1,1,8,10,0.3,45,0,0,SPECIFIED_CORRELATION,14,14,5,4,203,MC1_BASE_N2_L8_P1_R04,MC1_BASE_N2_L8_P1_R04,430100203,430200203,WHITENED_SEQUENTIAL_BEAMSPACE_EXPECTED_TOTAL_SNR,STAGE8_K2_TANGENT_WHITE_SNR_MONTE_CARLO_AND_CLOSURE_V1,ONE_SYNTHETIC_CPI,ONE_SELECTED_RANGE_DOPPLER_CELL,1,1,0,0,0,7ac5f2ed7f8b920df52a4e1cde4f3ee8f80b69a8208c8d8579b1925f9a445627,38d9ab3e7d18fefa07650b5d621533581506d43f99b300b4d2df922deb80eba5,-8.66410091880105,19.8284039020098,14
1427,MC1_K2_N2_L8_SP18_P1_R04,2,STAGE5_TOEPLITZ_CORRELATED,2,8,3,P1,1,8,10,0.3,45,0,0,SPECIFIED_CORRELATION,18,18,6,4,203,MC1_BASE_N2_L8_P1_R04,MC1_BASE_N2_L8_P1_R04,430100203,430200203,WHITENED_SEQUENTIAL_BEAMSPACE_EXPECTED_TOTAL_SNR,STAGE8_K2_TANGENT_WHITE_SNR_MONTE_CARLO_AND_CLOSURE_V1,ONE_SYNTHETIC_CPI,ONE_SELECTED_RANGE_DOPPLER_CELL,1,1,0,0,0,7ac5f2ed7f8b920df52a4e1cde4f3ee8f80b69a8208c8d8579b1925f9a445627,d0d2994b548816d15bc74ae32c987c00bdf594b4751c053f46a41db2a195328b,-4.66410091880105,23.8284039020098,18
1428,MC1_K2_N2_L8_SP22_P1_R04,2,STAGE5_TOEPLITZ_CORRELATED,2,8,3,P1,1,8,10,0.3,45,0,0,SPECIFIED_CORRELATION,22,22,7,4,203,MC1_BASE_N2_L8_P1_R04,MC1_BASE_N2_L8_P1_R04,430100203,430200203,WHITENED_SEQUENTIAL_BEAMSPACE_EXPECTED_TOTAL_SNR,STAGE8_K2_TANGENT_WHITE_SNR_MONTE_CARLO_AND_CLOSURE_V1,ONE_SYNTHETIC_CPI,ONE_SELECTED_RANGE_DOPPLER_CELL,1,1,0,0,0,7ac5f2ed7f8b920df52a4e1cde4f3ee8f80b69a8208c8d8579b1925f9a445627,b4a3446e7504878408c0d6e7635589c477c9b6f264407b845156ec9850b42241,-0.664100918801053,27.8284039020098,22
1429,MC1_K2_N2_L8_SM6_P1_R05,2,STAGE5_TOEPLITZ_CORRELATED,2,8,3,P1,1,8,10,0.3,45,0,0,SPECIFIED_CORRELATION,-6,-6,1,5,204,MC1_BASE_N2_L8_P1_R05,MC1_BASE_N2_L8_P1_R05,430100204,430200204,WHITENED_SEQUENTIAL_BEAMSPACE_EXPECTED_TOTAL_SNR,STAGE8_K2_TANGENT_WHITE_SNR_MONTE_CARLO_AND_CLOSURE_V1,ONE_SYNTHETIC_CPI,ONE_SELECTED_RANGE_DOPPLER_CELL,1,1,0,0,0,7ac5f2ed7f8b920df52a4e1cde4f3ee8f80b69a8208c8d8579b1925f9a445627,8f671afa5a244202561a26978fd6859e6338a6437e9af3f9dc9c99f0792261b3,-28.6641009188011,-0.171596097990171,-6.00000000000004
1430,MC1_K2_N2_L8_SP0_P1_R05,2,STAGE5_TOEPLITZ_CORRELATED,2,8,3,P1,1,8,10,0.3,45,0,0,SPECIFIED_CORRELATION,0,0,2,5,204,MC1_BASE_N2_L8_P1_R05,MC1_BASE_N2_L8_P1_R05,430100204,430200204,WHITENED_SEQUENTIAL_BEAMSPACE_EXPECTED_TOTAL_SNR,STAGE8_K2_TANGENT_WHITE_SNR_MONTE_CARLO_AND_CLOSURE_V1,ONE_SYNTHETIC_CPI,ONE_SELECTED_RANGE_DOPPLER_CELL,1,1,0,0,0,7ac5f2ed7f8b920df52a4e1cde4f3ee8f80b69a8208c8d8579b1925f9a445627,9475d5e7d8d265e67ade1e386632acb54645cb128f14b3134b2bc13f66bfddac,-22.6641009188011,5.82840390200983,-6.75029226587301e-15
1431,MC1_K2_N2_L8_SP6_P1_R05,2,STAGE5_TOEPLITZ_CORRELATED,2,8,3,P1,1,8,10,0.3,45,0,0,SPECIFIED_CORRELATION,6,6,3,5,204,MC1_BASE_N2_L8_P1_R05,MC1_BASE_N2_L8_P1_R05,430100204,430200204,WHITENED_SEQUENTIAL_BEAMSPACE_EXPECTED_TOTAL_SNR,STAGE8_K2_TANGENT_WHITE_SNR_MONTE_CARLO_AND_CLOSURE_V1,ONE_SYNTHETIC_CPI,ONE_SELECTED_RANGE_DOPPLER_CELL,1,1,0,0,0,7ac5f2ed7f8b920df52a4e1cde4f3ee8f80b69a8208c8d8579b1925f9a445627,795cd360456d7871f0986cf691ae966ba7b57640ce80224465bbf0b9cd1dc0a3,-16.6641009188011,11.8284039020098,5.99999999999992
1432,MC1_K2_N2_L8_SP10_P1_R05,2,STAGE5_TOEPLITZ_CORRELATED,2,8,3,P1,1,8,10,0.3,45,0,0,SPECIFIED_CORRELATION,10,10,4,5,204,MC1_BASE_N2_L8_P1_R05,MC1_BASE_N2_L8_P1_R05,430100204,430200204,WHITENED_SEQUENTIAL_BEAMSPACE_EXPECTED_TOTAL_SNR,STAGE8_K2_TANGENT_WHITE_SNR_MONTE_CARLO_AND_CLOSURE_V1,ONE_SYNTHETIC_CPI,ONE_SELECTED_RANGE_DOPPLER_CELL,1,1,0,0,0,7ac5f2ed7f8b920df52a4e1cde4f3ee8f80b69a8208c8d8579b1925f9a445627,45d5bcb3685acefaa5a06dfe0c366986b670be9ab3961438faf58d58878a148f,-12.6641009188011,15.8284039020098,9.99999999999996
1433,MC1_K2_N2_L8_SP14_P1_R05,2,STAGE5_TOEPLITZ_CORRELATED,2,8,3,P1,1,8,10,0.3,45,0,0,SPECIFIED_CORRELATION,14,14,5,5,204,MC1_BASE_N2_L8_P1_R05,MC1_BASE_N2_L8_P1_R05,430100204,430200204,WHITENED_SEQUENTIAL_BEAMSPACE_EXPECTED_TOTAL_SNR,STAGE8_K2_TANGENT_WHITE_SNR_MONTE_CARLO_AND_CLOSURE_V1,ONE_SYNTHETIC_CPI,ONE_SELECTED_RANGE_DOPPLER_CELL,1,1,0,0,0,7ac5f2ed7f8b920df52a4e1cde4f3ee8f80b69a8208c8d8579b1925f9a445627,0ba5aeaf35bbeafced9b3cafa8723869b189bdb63a2b811cede5779ef7ec0622,-8.66410091880105,19.8284039020098,14
1434,MC1_K2_N2_L8_SP18_P1_R05,2,STAGE5_TOEPLITZ_CORRELATED,2,8,3,P1,1,8,10,0.3,45,0,0,SPECIFIED_CORRELATION,18,18,6,5,204,MC1_BASE_N2_L8_P1_R05,MC1_BASE_N2_L8_P1_R05,430100204,430200204,WHITENED_SEQUENTIAL_BEAMSPACE_EXPECTED_TOTAL_SNR,STAGE8_K2_TANGENT_WHITE_SNR_MONTE_CARLO_AND_CLOSURE_V1,ONE_SYNTHETIC_CPI,ONE_SELECTED_RANGE_DOPPLER_CELL,1,1,0,0,0,7ac5f2ed7f8b920df52a4e1cde4f3ee8f80b69a8208c8d8579b1925f9a445627,f861502bf12a73c6e30e332e51b322e21f27ad3f0f529215ea22e791c9b32f0d,-4.66410091880105,23.8284039020098,18
1435,MC1_K2_N2_L8_SP22_P1_R05,2,STAGE5_TOEPLITZ_CORRELATED,2,8,3,P1,1,8,10,0.3,45,0,0,SPECIFIED_CORRELATION,22,22,7,5,204,MC1_BASE_N2_L8_P1_R05,MC1_BASE_N2_L8_P1_R05,430100204,430200204,WHITENED_SEQUENTIAL_BEAMSPACE_EXPECTED_TOTAL_SNR,STAGE8_K2_TANGENT_WHITE_SNR_MONTE_CARLO_AND_CLOSURE_V1,ONE_SYNTHETIC_CPI,ONE_SELECTED_RANGE_DOPPLER_CELL,1,1,0,0,0,7ac5f2ed7f8b920df52a4e1cde4f3ee8f80b69a8208c8d8579b1925f9a445627,ab4cb49ada5dd64de89b1acca69c7bfdf8645baa684f9dcb906ba60ad6ff8db0,-0.664100918801053,27.8284039020098,22
1436,MC1_K2_N2_L8_SM6_P1_R06,2,STAGE5_TOEPLITZ_CORRELATED,2,8,3,P1,1,8,10,0.3,45,0,0,SPECIFIED_CORRELATION,-6,-6,1,6,205,MC1_BASE_N2_L8_P1_R06,MC1_BASE_N2_L8_P1_R06,430100205,430200205,WHITENED_SEQUENTIAL_BEAMSPACE_EXPECTED_TOTAL_SNR,STAGE8_K2_TANGENT_WHITE_SNR_MONTE_CARLO_AND_CLOSURE_V1,ONE_SYNTHETIC_CPI,ONE_SELECTED_RANGE_DOPPLER_CELL,1,1,0,0,0,7ac5f2ed7f8b920df52a4e1cde4f3ee8f80b69a8208c8d8579b1925f9a445627,b385b6d7e8e0539c5e7b23ef86d75622aa1f59f305288c6021eb135606aff9c4,-28.6641009188011,-0.171596097990171,-6.00000000000004
1437,MC1_K2_N2_L8_SP0_P1_R06,2,STAGE5_TOEPLITZ_CORRELATED,2,8,3,P1,1,8,10,0.3,45,0,0,SPECIFIED_CORRELATION,0,0,2,6,205,MC1_BASE_N2_L8_P1_R06,MC1_BASE_N2_L8_P1_R06,430100205,430200205,WHITENED_SEQUENTIAL_BEAMSPACE_EXPECTED_TOTAL_SNR,STAGE8_K2_TANGENT_WHITE_SNR_MONTE_CARLO_AND_CLOSURE_V1,ONE_SYNTHETIC_CPI,ONE_SELECTED_RANGE_DOPPLER_CELL,1,1,0,0,0,7ac5f2ed7f8b920df52a4e1cde4f3ee8f80b69a8208c8d8579b1925f9a445627,fb9738600a1db611bfd8d7b7583aa432426c1aa8a811754b8dbe7fd0900701c3,-22.6641009188011,5.82840390200983,-6.75029226587301e-15
1438,MC1_K2_N2_L8_SP6_P1_R06,2,STAGE5_TOEPLITZ_CORRELATED,2,8,3,P1,1,8,10,0.3,45,0,0,SPECIFIED_CORRELATION,6,6,3,6,205,MC1_BASE_N2_L8_P1_R06,MC1_BASE_N2_L8_P1_R06,430100205,430200205,WHITENED_SEQUENTIAL_BEAMSPACE_EXPECTED_TOTAL_SNR,STAGE8_K2_TANGENT_WHITE_SNR_MONTE_CARLO_AND_CLOSURE_V1,ONE_SYNTHETIC_CPI,ONE_SELECTED_RANGE_DOPPLER_CELL,1,1,0,0,0,7ac5f2ed7f8b920df52a4e1cde4f3ee8f80b69a8208c8d8579b1925f9a445627,f21a34b9fe8fa47d3395af849f580bbb4a6b9a90e584020cc3041161ee33ecd9,-16.6641009188011,11.8284039020098,5.99999999999992
1439,MC1_K2_N2_L8_SP10_P1_R06,2,STAGE5_TOEPLITZ_CORRELATED,2,8,3,P1,1,8,10,0.3,45,0,0,SPECIFIED_CORRELATION,10,10,4,6,205,MC1_BASE_N2_L8_P1_R06,MC1_BASE_N2_L8_P1_R06,430100205,430200205,WHITENED_SEQUENTIAL_BEAMSPACE_EXPECTED_TOTAL_SNR,STAGE8_K2_TANGENT_WHITE_SNR_MONTE_CARLO_AND_CLOSURE_V1,ONE_SYNTHETIC_CPI,ONE_SELECTED_RANGE_DOPPLER_CELL,1,1,0,0,0,7ac5f2ed7f8b920df52a4e1cde4f3ee8f80b69a8208c8d8579b1925f9a445627,2aafb3ff0399110743fc996f33973a33e8a143645378440f92c2a1b7d0555ac8,-12.6641009188011,15.8284039020098,9.99999999999996
1440,MC1_K2_N2_L8_SP14_P1_R06,2,STAGE5_TOEPLITZ_CORRELATED,2,8,3,P1,1,8,10,0.3,45,0,0,SPECIFIED_CORRELATION,14,14,5,6,205,MC1_BASE_N2_L8_P1_R06,MC1_BASE_N2_L8_P1_R06,430100205,430200205,WHITENED_SEQUENTIAL_BEAMSPACE_EXPECTED_TOTAL_SNR,STAGE8_K2_TANGENT_WHITE_SNR_MONTE_CARLO_AND_CLOSURE_V1,ONE_SYNTHETIC_CPI,ONE_SELECTED_RANGE_DOPPLER_CELL,1,1,0,0,0,7ac5f2ed7f8b920df52a4e1cde4f3ee8f80b69a8208c8d8579b1925f9a445627,d6c9c5d0b33689eeecd28e1280b2273bc3486af8d60fd4afc9449f0742663f7e,-8.66410091880105,19.8284039020098,14
1441,MC1_K2_N2_L8_SP18_P1_R06,2,STAGE5_TOEPLITZ_CORRELATED,2,8,3,P1,1,8,10,0.3,45,0,0,SPECIFIED_CORRELATION,18,18,6,6,205,MC1_BASE_N2_L8_P1_R06,MC1_BASE_N2_L8_P1_R06,430100205,430200205,WHITENED_SEQUENTIAL_BEAMSPACE_EXPECTED_TOTAL_SNR,STAGE8_K2_TANGENT_WHITE_SNR_MONTE_CARLO_AND_CLOSURE_V1,ONE_SYNTHETIC_CPI,ONE_SELECTED_RANGE_DOPPLER_CELL,1,1,0,0,0,7ac5f2ed7f8b920df52a4e1cde4f3ee8f80b69a8208c8d8579b1925f9a445627,b0398b4347189dd635b0b90cdd5426a9e6642e160ebb549fe4d71bd864f9470e,-4.66410091880105,23.8284039020098,18
1442,MC1_K2_N2_L8_SP22_P1_R06,2,STAGE5_TOEPLITZ_CORRELATED,2,8,3,P1,1,8,10,0.3,45,0,0,SPECIFIED_CORRELATION,22,22,7,6,205,MC1_BASE_N2_L8_P1_R06,MC1_BASE_N2_L8_P1_R06,430100205,430200205,WHITENED_SEQUENTIAL_BEAMSPACE_EXPECTED_TOTAL_SNR,STAGE8_K2_TANGENT_WHITE_SNR_MONTE_CARLO_AND_CLOSURE_V1,ONE_SYNTHETIC_CPI,ONE_SELECTED_RANGE_DOPPLER_CELL,1,1,0,0,0,7ac5f2ed7f8b920df52a4e1cde4f3ee8f80b69a8208c8d8579b1925f9a445627,e362fd15fed09f051d4f28d98e49bfa55c91948257d4c1d29116ba0b83655ea6,-0.664100918801053,27.8284039020098,22
1443,MC1_K2_N2_L8_SM6_P1_R07,2,STAGE5_TOEPLITZ_CORRELATED,2,8,3,P1,1,8,10,0.3,45,0,0,SPECIFIED_CORRELATION,-6,-6,1,7,206,MC1_BASE_N2_L8_P1_R07,MC1_BASE_N2_L8_P1_R07,430100206,430200206,WHITENED_SEQUENTIAL_BEAMSPACE_EXPECTED_TOTAL_SNR,STAGE8_K2_TANGENT_WHITE_SNR_MONTE_CARLO_AND_CLOSURE_V1,ONE_SYNTHETIC_CPI,ONE_SELECTED_RANGE_DOPPLER_CELL,1,1,0,0,0,7ac5f2ed7f8b920df52a4e1cde4f3ee8f80b69a8208c8d8579b1925f9a445627,c344219a70910d48638afd082e4bb2e3245c16b96133ec4e13be803188a121d9,-28.6641009188011,-0.171596097990171,-6.00000000000004
1444,MC1_K2_N2_L8_SP0_P1_R07,2,STAGE5_TOEPLITZ_CORRELATED,2,8,3,P1,1,8,10,0.3,45,0,0,SPECIFIED_CORRELATION,0,0,2,7,206,MC1_BASE_N2_L8_P1_R07,MC1_BASE_N2_L8_P1_R07,430100206,430200206,WHITENED_SEQUENTIAL_BEAMSPACE_EXPECTED_TOTAL_SNR,STAGE8_K2_TANGENT_WHITE_SNR_MONTE_CARLO_AND_CLOSURE_V1,ONE_SYNTHETIC_CPI,ONE_SELECTED_RANGE_DOPPLER_CELL,1,1,0,0,0,7ac5f2ed7f8b920df52a4e1cde4f3ee8f80b69a8208c8d8579b1925f9a445627,c480108f698d8edc04726c12f8d699fb29c8dbc0e5e33808700bdf8b7c37eced,-22.6641009188011,5.82840390200983,-6.75029226587301e-15
1445,MC1_K2_N2_L8_SP6_P1_R07,2,STAGE5_TOEPLITZ_CORRELATED,2,8,3,P1,1,8,10,0.3,45,0,0,SPECIFIED_CORRELATION,6,6,3,7,206,MC1_BASE_N2_L8_P1_R07,MC1_BASE_N2_L8_P1_R07,430100206,430200206,WHITENED_SEQUENTIAL_BEAMSPACE_EXPECTED_TOTAL_SNR,STAGE8_K2_TANGENT_WHITE_SNR_MONTE_CARLO_AND_CLOSURE_V1,ONE_SYNTHETIC_CPI,ONE_SELECTED_RANGE_DOPPLER_CELL,1,1,0,0,0,7ac5f2ed7f8b920df52a4e1cde4f3ee8f80b69a8208c8d8579b1925f9a445627,d428035f533e00baba47a389ec4f496d0c5efd08fad6acdd9b8db29324ad59d0,-16.6641009188011,11.8284039020098,5.99999999999992
1446,MC1_K2_N2_L8_SP10_P1_R07,2,STAGE5_TOEPLITZ_CORRELATED,2,8,3,P1,1,8,10,0.3,45,0,0,SPECIFIED_CORRELATION,10,10,4,7,206,MC1_BASE_N2_L8_P1_R07,MC1_BASE_N2_L8_P1_R07,430100206,430200206,WHITENED_SEQUENTIAL_BEAMSPACE_EXPECTED_TOTAL_SNR,STAGE8_K2_TANGENT_WHITE_SNR_MONTE_CARLO_AND_CLOSURE_V1,ONE_SYNTHETIC_CPI,ONE_SELECTED_RANGE_DOPPLER_CELL,1,1,0,0,0,7ac5f2ed7f8b920df52a4e1cde4f3ee8f80b69a8208c8d8579b1925f9a445627,f3b30f2e6d377491bbe804855412bc7e2a1d3113ba2e5ec6c4ff2f872cfaef9f,-12.6641009188011,15.8284039020098,9.99999999999996
1447,MC1_K2_N2_L8_SP14_P1_R07,2,STAGE5_TOEPLITZ_CORRELATED,2,8,3,P1,1,8,10,0.3,45,0,0,SPECIFIED_CORRELATION,14,14,5,7,206,MC1_BASE_N2_L8_P1_R07,MC1_BASE_N2_L8_P1_R07,430100206,430200206,WHITENED_SEQUENTIAL_BEAMSPACE_EXPECTED_TOTAL_SNR,STAGE8_K2_TANGENT_WHITE_SNR_MONTE_CARLO_AND_CLOSURE_V1,ONE_SYNTHETIC_CPI,ONE_SELECTED_RANGE_DOPPLER_CELL,1,1,0,0,0,7ac5f2ed7f8b920df52a4e1cde4f3ee8f80b69a8208c8d8579b1925f9a445627,cbf95d9afb2be88e02ed5c27ee9b232f5efae81ac3ae3ce82c4418a841f7ce6c,-8.66410091880105,19.8284039020098,14
1448,MC1_K2_N2_L8_SP18_P1_R07,2,STAGE5_TOEPLITZ_CORRELATED,2,8,3,P1,1,8,10,0.3,45,0,0,SPECIFIED_CORRELATION,18,18,6,7,206,MC1_BASE_N2_L8_P1_R07,MC1_BASE_N2_L8_P1_R07,430100206,430200206,WHITENED_SEQUENTIAL_BEAMSPACE_EXPECTED_TOTAL_SNR,STAGE8_K2_TANGENT_WHITE_SNR_MONTE_CARLO_AND_CLOSURE_V1,ONE_SYNTHETIC_CPI,ONE_SELECTED_RANGE_DOPPLER_CELL,1,1,0,0,0,7ac5f2ed7f8b920df52a4e1cde4f3ee8f80b69a8208c8d8579b1925f9a445627,d1375cd5c23743e0054268ce55cdea9994eadeaf8e12bdeffdfebdcfa49cd7b3,-4.66410091880105,23.8284039020098,18
1449,MC1_K2_N2_L8_SP22_P1_R07,2,STAGE5_TOEPLITZ_CORRELATED,2,8,3,P1,1,8,10,0.3,45,0,0,SPECIFIED_CORRELATION,22,22,7,7,206,MC1_BASE_N2_L8_P1_R07,MC1_BASE_N2_L8_P1_R07,430100206,430200206,WHITENED_SEQUENTIAL_BEAMSPACE_EXPECTED_TOTAL_SNR,STAGE8_K2_TANGENT_WHITE_SNR_MONTE_CARLO_AND_CLOSURE_V1,ONE_SYNTHETIC_CPI,ONE_SELECTED_RANGE_DOPPLER_CELL,1,1,0,0,0,7ac5f2ed7f8b920df52a4e1cde4f3ee8f80b69a8208c8d8579b1925f9a445627,9072fee8ce4c4c094fb588fbe99b2574ae2287c59c598ae0b2463f3378c812c6,-0.664100918801053,27.8284039020098,22
1450,MC1_K2_N2_L8_SM6_P1_R08,2,STAGE5_TOEPLITZ_CORRELATED,2,8,3,P1,1,8,10,0.3,45,0,0,SPECIFIED_CORRELATION,-6,-6,1,8,207,MC1_BASE_N2_L8_P1_R08,MC1_BASE_N2_L8_P1_R08,430100207,430200207,WHITENED_SEQUENTIAL_BEAMSPACE_EXPECTED_TOTAL_SNR,STAGE8_K2_TANGENT_WHITE_SNR_MONTE_CARLO_AND_CLOSURE_V1,ONE_SYNTHETIC_CPI,ONE_SELECTED_RANGE_DOPPLER_CELL,1,1,0,0,0,7ac5f2ed7f8b920df52a4e1cde4f3ee8f80b69a8208c8d8579b1925f9a445627,b771def74811e8cc0838e24838f9a5b20fbe1ac10317b7645ec32545c53e7afa,-28.6641009188011,-0.171596097990171,-6.00000000000004
1451,MC1_K2_N2_L8_SP0_P1_R08,2,STAGE5_TOEPLITZ_CORRELATED,2,8,3,P1,1,8,10,0.3,45,0,0,SPECIFIED_CORRELATION,0,0,2,8,207,MC1_BASE_N2_L8_P1_R08,MC1_BASE_N2_L8_P1_R08,430100207,430200207,WHITENED_SEQUENTIAL_BEAMSPACE_EXPECTED_TOTAL_SNR,STAGE8_K2_TANGENT_WHITE_SNR_MONTE_CARLO_AND_CLOSURE_V1,ONE_SYNTHETIC_CPI,ONE_SELECTED_RANGE_DOPPLER_CELL,1,1,0,0,0,7ac5f2ed7f8b920df52a4e1cde4f3ee8f80b69a8208c8d8579b1925f9a445627,d5f7ac3a4f8149cc5d9ccb3910ece1b6c5cd5ce23c4c6a614af034a258eae9bc,-22.6641009188011,5.82840390200983,-6.75029226587301e-15
1452,MC1_K2_N2_L8_SP6_P1_R08,2,STAGE5_TOEPLITZ_CORRELATED,2,8,3,P1,1,8,10,0.3,45,0,0,SPECIFIED_CORRELATION,6,6,3,8,207,MC1_BASE_N2_L8_P1_R08,MC1_BASE_N2_L8_P1_R08,430100207,430200207,WHITENED_SEQUENTIAL_BEAMSPACE_EXPECTED_TOTAL_SNR,STAGE8_K2_TANGENT_WHITE_SNR_MONTE_CARLO_AND_CLOSURE_V1,ONE_SYNTHETIC_CPI,ONE_SELECTED_RANGE_DOPPLER_CELL,1,1,0,0,0,7ac5f2ed7f8b920df52a4e1cde4f3ee8f80b69a8208c8d8579b1925f9a445627,b7c0eb7f0d2e97fbfe92732104dbaef3d4c07cd1a1e1c8e08d6a1bf0332692d4,-16.6641009188011,11.8284039020098,5.99999999999992
1453,MC1_K2_N2_L8_SP10_P1_R08,2,STAGE5_TOEPLITZ_CORRELATED,2,8,3,P1,1,8,10,0.3,45,0,0,SPECIFIED_CORRELATION,10,10,4,8,207,MC1_BASE_N2_L8_P1_R08,MC1_BASE_N2_L8_P1_R08,430100207,430200207,WHITENED_SEQUENTIAL_BEAMSPACE_EXPECTED_TOTAL_SNR,STAGE8_K2_TANGENT_WHITE_SNR_MONTE_CARLO_AND_CLOSURE_V1,ONE_SYNTHETIC_CPI,ONE_SELECTED_RANGE_DOPPLER_CELL,1,1,0,0,0,7ac5f2ed7f8b920df52a4e1cde4f3ee8f80b69a8208c8d8579b1925f9a445627,af544ed2b229f04e22d3b4f85eab892e050cb6faab6132b145eef8f358b32093,-12.6641009188011,15.8284039020098,9.99999999999996
1454,MC1_K2_N2_L8_SP14_P1_R08,2,STAGE5_TOEPLITZ_CORRELATED,2,8,3,P1,1,8,10,0.3,45,0,0,SPECIFIED_CORRELATION,14,14,5,8,207,MC1_BASE_N2_L8_P1_R08,MC1_BASE_N2_L8_P1_R08,430100207,430200207,WHITENED_SEQUENTIAL_BEAMSPACE_EXPECTED_TOTAL_SNR,STAGE8_K2_TANGENT_WHITE_SNR_MONTE_CARLO_AND_CLOSURE_V1,ONE_SYNTHETIC_CPI,ONE_SELECTED_RANGE_DOPPLER_CELL,1,1,0,0,0,7ac5f2ed7f8b920df52a4e1cde4f3ee8f80b69a8208c8d8579b1925f9a445627,110e563507cf2eef66de968669f2dd18ac91c1df979875912e7947f447d74400,-8.66410091880105,19.8284039020098,14
1455,MC1_K2_N2_L8_SP18_P1_R08,2,STAGE5_TOEPLITZ_CORRELATED,2,8,3,P1,1,8,10,0.3,45,0,0,SPECIFIED_CORRELATION,18,18,6,8,207,MC1_BASE_N2_L8_P1_R08,MC1_BASE_N2_L8_P1_R08,430100207,430200207,WHITENED_SEQUENTIAL_BEAMSPACE_EXPECTED_TOTAL_SNR,STAGE8_K2_TANGENT_WHITE_SNR_MONTE_CARLO_AND_CLOSURE_V1,ONE_SYNTHETIC_CPI,ONE_SELECTED_RANGE_DOPPLER_CELL,1,1,0,0,0,7ac5f2ed7f8b920df52a4e1cde4f3ee8f80b69a8208c8d8579b1925f9a445627,c662f45b8269ebcc906cc15050b2830a1d34531231451d174a6f29d954c77124,-4.66410091880105,23.8284039020098,18
1456,MC1_K2_N2_L8_SP22_P1_R08,2,STAGE5_TOEPLITZ_CORRELATED,2,8,3,P1,1,8,10,0.3,45,0,0,SPECIFIED_CORRELATION,22,22,7,8,207,MC1_BASE_N2_L8_P1_R08,MC1_BASE_N2_L8_P1_R08,430100207,430200207,WHITENED_SEQUENTIAL_BEAMSPACE_EXPECTED_TOTAL_SNR,STAGE8_K2_TANGENT_WHITE_SNR_MONTE_CARLO_AND_CLOSURE_V1,ONE_SYNTHETIC_CPI,ONE_SELECTED_RANGE_DOPPLER_CELL,1,1,0,0,0,7ac5f2ed7f8b920df52a4e1cde4f3ee8f80b69a8208c8d8579b1925f9a445627,fc15aa9cee7fb49cfd38ee15d586587d384d00927ac4b873c382533924297569,-0.664100918801053,27.8284039020098,22
1457,MC1_K2_N2_L8_SM6_P1_R09,2,STAGE5_TOEPLITZ_CORRELATED,2,8,3,P1,1,8,10,0.3,45,0,0,SPECIFIED_CORRELATION,-6,-6,1,9,208,MC1_BASE_N2_L8_P1_R09,MC1_BASE_N2_L8_P1_R09,430100208,430200208,WHITENED_SEQUENTIAL_BEAMSPACE_EXPECTED_TOTAL_SNR,STAGE8_K2_TANGENT_WHITE_SNR_MONTE_CARLO_AND_CLOSURE_V1,ONE_SYNTHETIC_CPI,ONE_SELECTED_RANGE_DOPPLER_CELL,1,1,0,0,0,7ac5f2ed7f8b920df52a4e1cde4f3ee8f80b69a8208c8d8579b1925f9a445627,a4bc234050c1c140e727223c9e020e039244677abc5cc1b231e791131c8a46d6,-28.6641009188011,-0.171596097990171,-6.00000000000004
1458,MC1_K2_N2_L8_SP0_P1_R09,2,STAGE5_TOEPLITZ_CORRELATED,2,8,3,P1,1,8,10,0.3,45,0,0,SPECIFIED_CORRELATION,0,0,2,9,208,MC1_BASE_N2_L8_P1_R09,MC1_BASE_N2_L8_P1_R09,430100208,430200208,WHITENED_SEQUENTIAL_BEAMSPACE_EXPECTED_TOTAL_SNR,STAGE8_K2_TANGENT_WHITE_SNR_MONTE_CARLO_AND_CLOSURE_V1,ONE_SYNTHETIC_CPI,ONE_SELECTED_RANGE_DOPPLER_CELL,1,1,0,0,0,7ac5f2ed7f8b920df52a4e1cde4f3ee8f80b69a8208c8d8579b1925f9a445627,4a32e88caa0a88a2491fba03f30f144523cc7e8212d371cf29ba4e4bee9c69de,-22.6641009188011,5.82840390200983,-6.75029226587301e-15
1459,MC1_K2_N2_L8_SP6_P1_R09,2,STAGE5_TOEPLITZ_CORRELATED,2,8,3,P1,1,8,10,0.3,45,0,0,SPECIFIED_CORRELATION,6,6,3,9,208,MC1_BASE_N2_L8_P1_R09,MC1_BASE_N2_L8_P1_R09,430100208,430200208,WHITENED_SEQUENTIAL_BEAMSPACE_EXPECTED_TOTAL_SNR,STAGE8_K2_TANGENT_WHITE_SNR_MONTE_CARLO_AND_CLOSURE_V1,ONE_SYNTHETIC_CPI,ONE_SELECTED_RANGE_DOPPLER_CELL,1,1,0,0,0,7ac5f2ed7f8b920df52a4e1cde4f3ee8f80b69a8208c8d8579b1925f9a445627,e2a3b450b23b644dd13d54f3246c7c58fa074b6da446e1d6bb99dfd2fc8a8712,-16.6641009188011,11.8284039020098,5.99999999999992
1460,MC1_K2_N2_L8_SP10_P1_R09,2,STAGE5_TOEPLITZ_CORRELATED,2,8,3,P1,1,8,10,0.3,45,0,0,SPECIFIED_CORRELATION,10,10,4,9,208,MC1_BASE_N2_L8_P1_R09,MC1_BASE_N2_L8_P1_R09,430100208,430200208,WHITENED_SEQUENTIAL_BEAMSPACE_EXPECTED_TOTAL_SNR,STAGE8_K2_TANGENT_WHITE_SNR_MONTE_CARLO_AND_CLOSURE_V1,ONE_SYNTHETIC_CPI,ONE_SELECTED_RANGE_DOPPLER_CELL,1,1,0,0,0,7ac5f2ed7f8b920df52a4e1cde4f3ee8f80b69a8208c8d8579b1925f9a445627,992b6fded743c81f154cdc2067d4573d9cb02ad0afafe130d11d225319e339ed,-12.6641009188011,15.8284039020098,9.99999999999996
1461,MC1_K2_N2_L8_SP14_P1_R09,2,STAGE5_TOEPLITZ_CORRELATED,2,8,3,P1,1,8,10,0.3,45,0,0,SPECIFIED_CORRELATION,14,14,5,9,208,MC1_BASE_N2_L8_P1_R09,MC1_BASE_N2_L8_P1_R09,430100208,430200208,WHITENED_SEQUENTIAL_BEAMSPACE_EXPECTED_TOTAL_SNR,STAGE8_K2_TANGENT_WHITE_SNR_MONTE_CARLO_AND_CLOSURE_V1,ONE_SYNTHETIC_CPI,ONE_SELECTED_RANGE_DOPPLER_CELL,1,1,0,0,0,7ac5f2ed7f8b920df52a4e1cde4f3ee8f80b69a8208c8d8579b1925f9a445627,7d2c6126dcb206ae665d725a48c17ac8dd1f1878a4c672bd108f5b15e6c47a20,-8.66410091880105,19.8284039020098,14
1462,MC1_K2_N2_L8_SP18_P1_R09,2,STAGE5_TOEPLITZ_CORRELATED,2,8,3,P1,1,8,10,0.3,45,0,0,SPECIFIED_CORRELATION,18,18,6,9,208,MC1_BASE_N2_L8_P1_R09,MC1_BASE_N2_L8_P1_R09,430100208,430200208,WHITENED_SEQUENTIAL_BEAMSPACE_EXPECTED_TOTAL_SNR,STAGE8_K2_TANGENT_WHITE_SNR_MONTE_CARLO_AND_CLOSURE_V1,ONE_SYNTHETIC_CPI,ONE_SELECTED_RANGE_DOPPLER_CELL,1,1,0,0,0,7ac5f2ed7f8b920df52a4e1cde4f3ee8f80b69a8208c8d8579b1925f9a445627,1e3116b438f487893ed6ccd5a90f11d235284b895a289f750b248520ddc34f7f,-4.66410091880105,23.8284039020098,18
1463,MC1_K2_N2_L8_SP22_P1_R09,2,STAGE5_TOEPLITZ_CORRELATED,2,8,3,P1,1,8,10,0.3,45,0,0,SPECIFIED_CORRELATION,22,22,7,9,208,MC1_BASE_N2_L8_P1_R09,MC1_BASE_N2_L8_P1_R09,430100208,430200208,WHITENED_SEQUENTIAL_BEAMSPACE_EXPECTED_TOTAL_SNR,STAGE8_K2_TANGENT_WHITE_SNR_MONTE_CARLO_AND_CLOSURE_V1,ONE_SYNTHETIC_CPI,ONE_SELECTED_RANGE_DOPPLER_CELL,1,1,0,0,0,7ac5f2ed7f8b920df52a4e1cde4f3ee8f80b69a8208c8d8579b1925f9a445627,40c25e9da2075cfd2af0abb0615360b3e0d4779b74755543bac1547c979d44c0,-0.664100918801053,27.8284039020098,22
1464,MC1_K2_N2_L8_SM6_P1_R10,2,STAGE5_TOEPLITZ_CORRELATED,2,8,3,P1,1,8,10,0.3,45,0,0,SPECIFIED_CORRELATION,-6,-6,1,10,209,MC1_BASE_N2_L8_P1_R10,MC1_BASE_N2_L8_P1_R10,430100209,430200209,WHITENED_SEQUENTIAL_BEAMSPACE_EXPECTED_TOTAL_SNR,STAGE8_K2_TANGENT_WHITE_SNR_MONTE_CARLO_AND_CLOSURE_V1,ONE_SYNTHETIC_CPI,ONE_SELECTED_RANGE_DOPPLER_CELL,1,1,0,0,0,7ac5f2ed7f8b920df52a4e1cde4f3ee8f80b69a8208c8d8579b1925f9a445627,dd70a1b871bf0a3ac941c73eab5f3fdd0a57d00beac37d5e8ae20110cb280d78,-28.6641009188011,-0.171596097990171,-6.00000000000004
1465,MC1_K2_N2_L8_SP0_P1_R10,2,STAGE5_TOEPLITZ_CORRELATED,2,8,3,P1,1,8,10,0.3,45,0,0,SPECIFIED_CORRELATION,0,0,2,10,209,MC1_BASE_N2_L8_P1_R10,MC1_BASE_N2_L8_P1_R10,430100209,430200209,WHITENED_SEQUENTIAL_BEAMSPACE_EXPECTED_TOTAL_SNR,STAGE8_K2_TANGENT_WHITE_SNR_MONTE_CARLO_AND_CLOSURE_V1,ONE_SYNTHETIC_CPI,ONE_SELECTED_RANGE_DOPPLER_CELL,1,1,0,0,0,7ac5f2ed7f8b920df52a4e1cde4f3ee8f80b69a8208c8d8579b1925f9a445627,33dff8d9b6bce5459df3b891543eb3fbda490abfaf044c8f4991795a5a721fcd,-22.6641009188011,5.82840390200983,-6.75029226587301e-15
1466,MC1_K2_N2_L8_SP6_P1_R10,2,STAGE5_TOEPLITZ_CORRELATED,2,8,3,P1,1,8,10,0.3,45,0,0,SPECIFIED_CORRELATION,6,6,3,10,209,MC1_BASE_N2_L8_P1_R10,MC1_BASE_N2_L8_P1_R10,430100209,430200209,WHITENED_SEQUENTIAL_BEAMSPACE_EXPECTED_TOTAL_SNR,STAGE8_K2_TANGENT_WHITE_SNR_MONTE_CARLO_AND_CLOSURE_V1,ONE_SYNTHETIC_CPI,ONE_SELECTED_RANGE_DOPPLER_CELL,1,1,0,0,0,7ac5f2ed7f8b920df52a4e1cde4f3ee8f80b69a8208c8d8579b1925f9a445627,293e4ab56ad246b213c56ee34af132917e516f45b9d2b2f94bf1b04cae839695,-16.6641009188011,11.8284039020098,5.99999999999992
1467,MC1_K2_N2_L8_SP10_P1_R10,2,STAGE5_TOEPLITZ_CORRELATED,2,8,3,P1,1,8,10,0.3,45,0,0,SPECIFIED_CORRELATION,10,10,4,10,209,MC1_BASE_N2_L8_P1_R10,MC1_BASE_N2_L8_P1_R10,430100209,430200209,WHITENED_SEQUENTIAL_BEAMSPACE_EXPECTED_TOTAL_SNR,STAGE8_K2_TANGENT_WHITE_SNR_MONTE_CARLO_AND_CLOSURE_V1,ONE_SYNTHETIC_CPI,ONE_SELECTED_RANGE_DOPPLER_CELL,1,1,0,0,0,7ac5f2ed7f8b920df52a4e1cde4f3ee8f80b69a8208c8d8579b1925f9a445627,af3bbe85241218abd6a476689516f9c3511a5305ee3faf5944c6634aab30da01,-12.6641009188011,15.8284039020098,9.99999999999996
1468,MC1_K2_N2_L8_SP14_P1_R10,2,STAGE5_TOEPLITZ_CORRELATED,2,8,3,P1,1,8,10,0.3,45,0,0,SPECIFIED_CORRELATION,14,14,5,10,209,MC1_BASE_N2_L8_P1_R10,MC1_BASE_N2_L8_P1_R10,430100209,430200209,WHITENED_SEQUENTIAL_BEAMSPACE_EXPECTED_TOTAL_SNR,STAGE8_K2_TANGENT_WHITE_SNR_MONTE_CARLO_AND_CLOSURE_V1,ONE_SYNTHETIC_CPI,ONE_SELECTED_RANGE_DOPPLER_CELL,1,1,0,0,0,7ac5f2ed7f8b920df52a4e1cde4f3ee8f80b69a8208c8d8579b1925f9a445627,42e647cb5910df9019b10599b9cf085b3ddbbbbe9c17687d63c503803f9ceb41,-8.66410091880105,19.8284039020098,14
1469,MC1_K2_N2_L8_SP18_P1_R10,2,STAGE5_TOEPLITZ_CORRELATED,2,8,3,P1,1,8,10,0.3,45,0,0,SPECIFIED_CORRELATION,18,18,6,10,209,MC1_BASE_N2_L8_P1_R10,MC1_BASE_N2_L8_P1_R10,430100209,430200209,WHITENED_SEQUENTIAL_BEAMSPACE_EXPECTED_TOTAL_SNR,STAGE8_K2_TANGENT_WHITE_SNR_MONTE_CARLO_AND_CLOSURE_V1,ONE_SYNTHETIC_CPI,ONE_SELECTED_RANGE_DOPPLER_CELL,1,1,0,0,0,7ac5f2ed7f8b920df52a4e1cde4f3ee8f80b69a8208c8d8579b1925f9a445627,8f7cc0535d76c551a32cda094b597b2ef328032f798d0c8c0999255950fbb557,-4.66410091880105,23.8284039020098,18
1470,MC1_K2_N2_L8_SP22_P1_R10,2,STAGE5_TOEPLITZ_CORRELATED,2,8,3,P1,1,8,10,0.3,45,0,0,SPECIFIED_CORRELATION,22,22,7,10,209,MC1_BASE_N2_L8_P1_R10,MC1_BASE_N2_L8_P1_R10,430100209,430200209,WHITENED_SEQUENTIAL_BEAMSPACE_EXPECTED_TOTAL_SNR,STAGE8_K2_TANGENT_WHITE_SNR_MONTE_CARLO_AND_CLOSURE_V1,ONE_SYNTHETIC_CPI,ONE_SELECTED_RANGE_DOPPLER_CELL,1,1,0,0,0,7ac5f2ed7f8b920df52a4e1cde4f3ee8f80b69a8208c8d8579b1925f9a445627,88094c3ed60064ea13d1ef64fec6c78b3db9ab09946456990ff5009ef67e1145,-0.664100918801053,27.8284039020098,22
1471,MC1_K2_N2_L8_SM6_P2_R01,2,STAGE5_TOEPLITZ_CORRELATED,2,8,3,P2,2,8.2,10,0.2,0,-6,0,SPECIFIED_CORRELATION,-6,-6,1,1,210,MC1_BASE_N2_L8_P2_R01,MC1_BASE_N2_L8_P2_R01,430100210,430200210,WHITENED_SEQUENTIAL_BEAMSPACE_EXPECTED_TOTAL_SNR,STAGE8_K2_TANGENT_WHITE_SNR_MONTE_CARLO_AND_CLOSURE_V1,ONE_SYNTHETIC_CPI,ONE_SELECTED_RANGE_DOPPLER_CELL,1,1,0,0,0,7ac5f2ed7f8b920df52a4e1cde4f3ee8f80b69a8208c8d8579b1925f9a445627,230c374bd1b259a167a21d6f584ebb4e2a799679ebe06b6a0d104acdb18d2e0f,-28.6623914851739,-0.172143006705046,-5.99999999999999
1472,MC1_K2_N2_L8_SP0_P2_R01,2,STAGE5_TOEPLITZ_CORRELATED,2,8,3,P2,2,8.2,10,0.2,0,-6,0,SPECIFIED_CORRELATION,0,0,2,1,210,MC1_BASE_N2_L8_P2_R01,MC1_BASE_N2_L8_P2_R01,430100210,430200210,WHITENED_SEQUENTIAL_BEAMSPACE_EXPECTED_TOTAL_SNR,STAGE8_K2_TANGENT_WHITE_SNR_MONTE_CARLO_AND_CLOSURE_V1,ONE_SYNTHETIC_CPI,ONE_SELECTED_RANGE_DOPPLER_CELL,1,1,0,0,0,7ac5f2ed7f8b920df52a4e1cde4f3ee8f80b69a8208c8d8579b1925f9a445627,41bb2cdf7d5f93dd12f9a6c4d448d6549095d6f52dcd2a334c1b6e372d354d27,-22.6623914851739,5.82785699329496,4.72520458611108e-14
1473,MC1_K2_N2_L8_SP6_P2_R01,2,STAGE5_TOEPLITZ_CORRELATED,2,8,3,P2,2,8.2,10,0.2,0,-6,0,SPECIFIED_CORRELATION,6,6,3,1,210,MC1_BASE_N2_L8_P2_R01,MC1_BASE_N2_L8_P2_R01,430100210,430200210,WHITENED_SEQUENTIAL_BEAMSPACE_EXPECTED_TOTAL_SNR,STAGE8_K2_TANGENT_WHITE_SNR_MONTE_CARLO_AND_CLOSURE_V1,ONE_SYNTHETIC_CPI,ONE_SELECTED_RANGE_DOPPLER_CELL,1,1,0,0,0,7ac5f2ed7f8b920df52a4e1cde4f3ee8f80b69a8208c8d8579b1925f9a445627,b4e793c4ebd40a67a212e4fc64b9e97e30ed1cebf1b21584f162924270ed4410,-16.6623914851739,11.827856993295,6.00000000000002
1474,MC1_K2_N2_L8_SP10_P2_R01,2,STAGE5_TOEPLITZ_CORRELATED,2,8,3,P2,2,8.2,10,0.2,0,-6,0,SPECIFIED_CORRELATION,10,10,4,1,210,MC1_BASE_N2_L8_P2_R01,MC1_BASE_N2_L8_P2_R01,430100210,430200210,WHITENED_SEQUENTIAL_BEAMSPACE_EXPECTED_TOTAL_SNR,STAGE8_K2_TANGENT_WHITE_SNR_MONTE_CARLO_AND_CLOSURE_V1,ONE_SYNTHETIC_CPI,ONE_SELECTED_RANGE_DOPPLER_CELL,1,1,0,0,0,7ac5f2ed7f8b920df52a4e1cde4f3ee8f80b69a8208c8d8579b1925f9a445627,4a901e3ec7e240f4b4d7f4918d12a9eb0f57abc9760f82e7ae03f9ceb3e4b562,-12.6623914851739,15.827856993295,10.0000000000001
1475,MC1_K2_N2_L8_SP14_P2_R01,2,STAGE5_TOEPLITZ_CORRELATED,2,8,3,P2,2,8.2,10,0.2,0,-6,0,SPECIFIED_CORRELATION,14,14,5,1,210,MC1_BASE_N2_L8_P2_R01,MC1_BASE_N2_L8_P2_R01,430100210,430200210,WHITENED_SEQUENTIAL_BEAMSPACE_EXPECTED_TOTAL_SNR,STAGE8_K2_TANGENT_WHITE_SNR_MONTE_CARLO_AND_CLOSURE_V1,ONE_SYNTHETIC_CPI,ONE_SELECTED_RANGE_DOPPLER_CELL,1,1,0,0,0,7ac5f2ed7f8b920df52a4e1cde4f3ee8f80b69a8208c8d8579b1925f9a445627,197ec9e5be6a2171b26958aa99fe408e38a51de459d62000276e5ecde869a618,-8.6623914851739,19.827856993295,14
1476,MC1_K2_N2_L8_SP18_P2_R01,2,STAGE5_TOEPLITZ_CORRELATED,2,8,3,P2,2,8.2,10,0.2,0,-6,0,SPECIFIED_CORRELATION,18,18,6,1,210,MC1_BASE_N2_L8_P2_R01,MC1_BASE_N2_L8_P2_R01,430100210,430200210,WHITENED_SEQUENTIAL_BEAMSPACE_EXPECTED_TOTAL_SNR,STAGE8_K2_TANGENT_WHITE_SNR_MONTE_CARLO_AND_CLOSURE_V1,ONE_SYNTHETIC_CPI,ONE_SELECTED_RANGE_DOPPLER_CELL,1,1,0,0,0,7ac5f2ed7f8b920df52a4e1cde4f3ee8f80b69a8208c8d8579b1925f9a445627,e663ab76c5998a19405f1110d264b7585ff46d4f502fa8857f0e0a469a0e79ab,-4.66239148517389,23.827856993295,18
1477,MC1_K2_N2_L8_SP22_P2_R01,2,STAGE5_TOEPLITZ_CORRELATED,2,8,3,P2,2,8.2,10,0.2,0,-6,0,SPECIFIED_CORRELATION,22,22,7,1,210,MC1_BASE_N2_L8_P2_R01,MC1_BASE_N2_L8_P2_R01,430100210,430200210,WHITENED_SEQUENTIAL_BEAMSPACE_EXPECTED_TOTAL_SNR,STAGE8_K2_TANGENT_WHITE_SNR_MONTE_CARLO_AND_CLOSURE_V1,ONE_SYNTHETIC_CPI,ONE_SELECTED_RANGE_DOPPLER_CELL,1,1,0,0,0,7ac5f2ed7f8b920df52a4e1cde4f3ee8f80b69a8208c8d8579b1925f9a445627,45a65fe35ea365f83200051623275994b649c775958372235c64c5773f4d2ef2,-0.66239148517389,27.827856993295,22
1478,MC1_K2_N2_L8_SM6_P2_R02,2,STAGE5_TOEPLITZ_CORRELATED,2,8,3,P2,2,8.2,10,0.2,0,-6,0,SPECIFIED_CORRELATION,-6,-6,1,2,211,MC1_BASE_N2_L8_P2_R02,MC1_BASE_N2_L8_P2_R02,430100211,430200211,WHITENED_SEQUENTIAL_BEAMSPACE_EXPECTED_TOTAL_SNR,STAGE8_K2_TANGENT_WHITE_SNR_MONTE_CARLO_AND_CLOSURE_V1,ONE_SYNTHETIC_CPI,ONE_SELECTED_RANGE_DOPPLER_CELL,1,1,0,0,0,7ac5f2ed7f8b920df52a4e1cde4f3ee8f80b69a8208c8d8579b1925f9a445627,a887e5f785a94b63b4ef5c660528015ba1881315d72b06ff95f874b33f768feb,-28.6623914851739,-0.172143006705046,-5.99999999999999
1479,MC1_K2_N2_L8_SP0_P2_R02,2,STAGE5_TOEPLITZ_CORRELATED,2,8,3,P2,2,8.2,10,0.2,0,-6,0,SPECIFIED_CORRELATION,0,0,2,2,211,MC1_BASE_N2_L8_P2_R02,MC1_BASE_N2_L8_P2_R02,430100211,430200211,WHITENED_SEQUENTIAL_BEAMSPACE_EXPECTED_TOTAL_SNR,STAGE8_K2_TANGENT_WHITE_SNR_MONTE_CARLO_AND_CLOSURE_V1,ONE_SYNTHETIC_CPI,ONE_SELECTED_RANGE_DOPPLER_CELL,1,1,0,0,0,7ac5f2ed7f8b920df52a4e1cde4f3ee8f80b69a8208c8d8579b1925f9a445627,9a04b551b408f34f3fa6b6643d399d47478319c22b9311056a71fab7e49c69f9,-22.6623914851739,5.82785699329496,4.72520458611108e-14
1480,MC1_K2_N2_L8_SP6_P2_R02,2,STAGE5_TOEPLITZ_CORRELATED,2,8,3,P2,2,8.2,10,0.2,0,-6,0,SPECIFIED_CORRELATION,6,6,3,2,211,MC1_BASE_N2_L8_P2_R02,MC1_BASE_N2_L8_P2_R02,430100211,430200211,WHITENED_SEQUENTIAL_BEAMSPACE_EXPECTED_TOTAL_SNR,STAGE8_K2_TANGENT_WHITE_SNR_MONTE_CARLO_AND_CLOSURE_V1,ONE_SYNTHETIC_CPI,ONE_SELECTED_RANGE_DOPPLER_CELL,1,1,0,0,0,7ac5f2ed7f8b920df52a4e1cde4f3ee8f80b69a8208c8d8579b1925f9a445627,7647b5a4056347fc74f1be891928029a5903a9fc0b9bdda668a0cf12b61f90f3,-16.6623914851739,11.827856993295,6.00000000000002
1481,MC1_K2_N2_L8_SP10_P2_R02,2,STAGE5_TOEPLITZ_CORRELATED,2,8,3,P2,2,8.2,10,0.2,0,-6,0,SPECIFIED_CORRELATION,10,10,4,2,211,MC1_BASE_N2_L8_P2_R02,MC1_BASE_N2_L8_P2_R02,430100211,430200211,WHITENED_SEQUENTIAL_BEAMSPACE_EXPECTED_TOTAL_SNR,STAGE8_K2_TANGENT_WHITE_SNR_MONTE_CARLO_AND_CLOSURE_V1,ONE_SYNTHETIC_CPI,ONE_SELECTED_RANGE_DOPPLER_CELL,1,1,0,0,0,7ac5f2ed7f8b920df52a4e1cde4f3ee8f80b69a8208c8d8579b1925f9a445627,bf763acadd3e9706794c313dc604639fde3b4dc9e637e367a7cb67815c47cf9b,-12.6623914851739,15.827856993295,10.0000000000001
1482,MC1_K2_N2_L8_SP14_P2_R02,2,STAGE5_TOEPLITZ_CORRELATED,2,8,3,P2,2,8.2,10,0.2,0,-6,0,SPECIFIED_CORRELATION,14,14,5,2,211,MC1_BASE_N2_L8_P2_R02,MC1_BASE_N2_L8_P2_R02,430100211,430200211,WHITENED_SEQUENTIAL_BEAMSPACE_EXPECTED_TOTAL_SNR,STAGE8_K2_TANGENT_WHITE_SNR_MONTE_CARLO_AND_CLOSURE_V1,ONE_SYNTHETIC_CPI,ONE_SELECTED_RANGE_DOPPLER_CELL,1,1,0,0,0,7ac5f2ed7f8b920df52a4e1cde4f3ee8f80b69a8208c8d8579b1925f9a445627,77f8718f8080875d44cb52f9190296e0c0a2447d4c8f572ec12fb80911c5c459,-8.6623914851739,19.827856993295,14
1483,MC1_K2_N2_L8_SP18_P2_R02,2,STAGE5_TOEPLITZ_CORRELATED,2,8,3,P2,2,8.2,10,0.2,0,-6,0,SPECIFIED_CORRELATION,18,18,6,2,211,MC1_BASE_N2_L8_P2_R02,MC1_BASE_N2_L8_P2_R02,430100211,430200211,WHITENED_SEQUENTIAL_BEAMSPACE_EXPECTED_TOTAL_SNR,STAGE8_K2_TANGENT_WHITE_SNR_MONTE_CARLO_AND_CLOSURE_V1,ONE_SYNTHETIC_CPI,ONE_SELECTED_RANGE_DOPPLER_CELL,1,1,0,0,0,7ac5f2ed7f8b920df52a4e1cde4f3ee8f80b69a8208c8d8579b1925f9a445627,7e71453394cdb2e86841412fda0bbbf9d4f6bce5cb7b1dd4d8c65257dcf35f5d,-4.66239148517389,23.827856993295,18
1484,MC1_K2_N2_L8_SP22_P2_R02,2,STAGE5_TOEPLITZ_CORRELATED,2,8,3,P2,2,8.2,10,0.2,0,-6,0,SPECIFIED_CORRELATION,22,22,7,2,211,MC1_BASE_N2_L8_P2_R02,MC1_BASE_N2_L8_P2_R02,430100211,430200211,WHITENED_SEQUENTIAL_BEAMSPACE_EXPECTED_TOTAL_SNR,STAGE8_K2_TANGENT_WHITE_SNR_MONTE_CARLO_AND_CLOSURE_V1,ONE_SYNTHETIC_CPI,ONE_SELECTED_RANGE_DOPPLER_CELL,1,1,0,0,0,7ac5f2ed7f8b920df52a4e1cde4f3ee8f80b69a8208c8d8579b1925f9a445627,bf292381e1e8b3347ba5c27f336fccfb0fb8898102369f0cad6d2000243f5fcd,-0.66239148517389,27.827856993295,22
1485,MC1_K2_N2_L8_SM6_P2_R03,2,STAGE5_TOEPLITZ_CORRELATED,2,8,3,P2,2,8.2,10,0.2,0,-6,0,SPECIFIED_CORRELATION,-6,-6,1,3,212,MC1_BASE_N2_L8_P2_R03,MC1_BASE_N2_L8_P2_R03,430100212,430200212,WHITENED_SEQUENTIAL_BEAMSPACE_EXPECTED_TOTAL_SNR,STAGE8_K2_TANGENT_WHITE_SNR_MONTE_CARLO_AND_CLOSURE_V1,ONE_SYNTHETIC_CPI,ONE_SELECTED_RANGE_DOPPLER_CELL,1,1,0,0,0,7ac5f2ed7f8b920df52a4e1cde4f3ee8f80b69a8208c8d8579b1925f9a445627,a2e85d569f816347be1323d9b1a37c95afbfe4d16a7663e1e8c97ee3c0ae07ce,-28.6623914851739,-0.172143006705046,-5.99999999999999
1486,MC1_K2_N2_L8_SP0_P2_R03,2,STAGE5_TOEPLITZ_CORRELATED,2,8,3,P2,2,8.2,10,0.2,0,-6,0,SPECIFIED_CORRELATION,0,0,2,3,212,MC1_BASE_N2_L8_P2_R03,MC1_BASE_N2_L8_P2_R03,430100212,430200212,WHITENED_SEQUENTIAL_BEAMSPACE_EXPECTED_TOTAL_SNR,STAGE8_K2_TANGENT_WHITE_SNR_MONTE_CARLO_AND_CLOSURE_V1,ONE_SYNTHETIC_CPI,ONE_SELECTED_RANGE_DOPPLER_CELL,1,1,0,0,0,7ac5f2ed7f8b920df52a4e1cde4f3ee8f80b69a8208c8d8579b1925f9a445627,0c1ad03663318470fb9727676921ac429ce86d9dacb3e15094453717094db07a,-22.6623914851739,5.82785699329496,4.72520458611108e-14
1487,MC1_K2_N2_L8_SP6_P2_R03,2,STAGE5_TOEPLITZ_CORRELATED,2,8,3,P2,2,8.2,10,0.2,0,-6,0,SPECIFIED_CORRELATION,6,6,3,3,212,MC1_BASE_N2_L8_P2_R03,MC1_BASE_N2_L8_P2_R03,430100212,430200212,WHITENED_SEQUENTIAL_BEAMSPACE_EXPECTED_TOTAL_SNR,STAGE8_K2_TANGENT_WHITE_SNR_MONTE_CARLO_AND_CLOSURE_V1,ONE_SYNTHETIC_CPI,ONE_SELECTED_RANGE_DOPPLER_CELL,1,1,0,0,0,7ac5f2ed7f8b920df52a4e1cde4f3ee8f80b69a8208c8d8579b1925f9a445627,c9335f42394a58a5ddc727b0f248d3e86069604141cabc7a63ecdd77200289a0,-16.6623914851739,11.827856993295,6.00000000000002
1488,MC1_K2_N2_L8_SP10_P2_R03,2,STAGE5_TOEPLITZ_CORRELATED,2,8,3,P2,2,8.2,10,0.2,0,-6,0,SPECIFIED_CORRELATION,10,10,4,3,212,MC1_BASE_N2_L8_P2_R03,MC1_BASE_N2_L8_P2_R03,430100212,430200212,WHITENED_SEQUENTIAL_BEAMSPACE_EXPECTED_TOTAL_SNR,STAGE8_K2_TANGENT_WHITE_SNR_MONTE_CARLO_AND_CLOSURE_V1,ONE_SYNTHETIC_CPI,ONE_SELECTED_RANGE_DOPPLER_CELL,1,1,0,0,0,7ac5f2ed7f8b920df52a4e1cde4f3ee8f80b69a8208c8d8579b1925f9a445627,368f4c3f1bf5538e2d5840ab0a4523ea69173299fc286317eb86f98da5b25a71,-12.6623914851739,15.827856993295,10.0000000000001
1489,MC1_K2_N2_L8_SP14_P2_R03,2,STAGE5_TOEPLITZ_CORRELATED,2,8,3,P2,2,8.2,10,0.2,0,-6,0,SPECIFIED_CORRELATION,14,14,5,3,212,MC1_BASE_N2_L8_P2_R03,MC1_BASE_N2_L8_P2_R03,430100212,430200212,WHITENED_SEQUENTIAL_BEAMSPACE_EXPECTED_TOTAL_SNR,STAGE8_K2_TANGENT_WHITE_SNR_MONTE_CARLO_AND_CLOSURE_V1,ONE_SYNTHETIC_CPI,ONE_SELECTED_RANGE_DOPPLER_CELL,1,1,0,0,0,7ac5f2ed7f8b920df52a4e1cde4f3ee8f80b69a8208c8d8579b1925f9a445627,d3c1efc90e9be359cd38b1d8a138e446a15c8968abb32fdb3d00a886c1bdcc54,-8.6623914851739,19.827856993295,14
1490,MC1_K2_N2_L8_SP18_P2_R03,2,STAGE5_TOEPLITZ_CORRELATED,2,8,3,P2,2,8.2,10,0.2,0,-6,0,SPECIFIED_CORRELATION,18,18,6,3,212,MC1_BASE_N2_L8_P2_R03,MC1_BASE_N2_L8_P2_R03,430100212,430200212,WHITENED_SEQUENTIAL_BEAMSPACE_EXPECTED_TOTAL_SNR,STAGE8_K2_TANGENT_WHITE_SNR_MONTE_CARLO_AND_CLOSURE_V1,ONE_SYNTHETIC_CPI,ONE_SELECTED_RANGE_DOPPLER_CELL,1,1,0,0,0,7ac5f2ed7f8b920df52a4e1cde4f3ee8f80b69a8208c8d8579b1925f9a445627,3284e59bbc6ef28e94b6e910eea500b72d7fb9e9d64593a6caf28cb783f0cd30,-4.66239148517389,23.827856993295,18
1491,MC1_K2_N2_L8_SP22_P2_R03,2,STAGE5_TOEPLITZ_CORRELATED,2,8,3,P2,2,8.2,10,0.2,0,-6,0,SPECIFIED_CORRELATION,22,22,7,3,212,MC1_BASE_N2_L8_P2_R03,MC1_BASE_N2_L8_P2_R03,430100212,430200212,WHITENED_SEQUENTIAL_BEAMSPACE_EXPECTED_TOTAL_SNR,STAGE8_K2_TANGENT_WHITE_SNR_MONTE_CARLO_AND_CLOSURE_V1,ONE_SYNTHETIC_CPI,ONE_SELECTED_RANGE_DOPPLER_CELL,1,1,0,0,0,7ac5f2ed7f8b920df52a4e1cde4f3ee8f80b69a8208c8d8579b1925f9a445627,386b557a147d88fc79a24333d0a7ff1c6caadc6a726572ec588983d177ae15e9,-0.66239148517389,27.827856993295,22
1492,MC1_K2_N2_L8_SM6_P2_R04,2,STAGE5_TOEPLITZ_CORRELATED,2,8,3,P2,2,8.2,10,0.2,0,-6,0,SPECIFIED_CORRELATION,-6,-6,1,4,213,MC1_BASE_N2_L8_P2_R04,MC1_BASE_N2_L8_P2_R04,430100213,430200213,WHITENED_SEQUENTIAL_BEAMSPACE_EXPECTED_TOTAL_SNR,STAGE8_K2_TANGENT_WHITE_SNR_MONTE_CARLO_AND_CLOSURE_V1,ONE_SYNTHETIC_CPI,ONE_SELECTED_RANGE_DOPPLER_CELL,1,1,0,0,0,7ac5f2ed7f8b920df52a4e1cde4f3ee8f80b69a8208c8d8579b1925f9a445627,1825a5a795bb1742923005292cddfcdc83f03b4678dc3e18acbb7cfa45464036,-28.6623914851739,-0.172143006705046,-5.99999999999999
1493,MC1_K2_N2_L8_SP0_P2_R04,2,STAGE5_TOEPLITZ_CORRELATED,2,8,3,P2,2,8.2,10,0.2,0,-6,0,SPECIFIED_CORRELATION,0,0,2,4,213,MC1_BASE_N2_L8_P2_R04,MC1_BASE_N2_L8_P2_R04,430100213,430200213,WHITENED_SEQUENTIAL_BEAMSPACE_EXPECTED_TOTAL_SNR,STAGE8_K2_TANGENT_WHITE_SNR_MONTE_CARLO_AND_CLOSURE_V1,ONE_SYNTHETIC_CPI,ONE_SELECTED_RANGE_DOPPLER_CELL,1,1,0,0,0,7ac5f2ed7f8b920df52a4e1cde4f3ee8f80b69a8208c8d8579b1925f9a445627,430b48c12655516de500c5bf358115d521889e71385e37d9086c03aa8076d6cf,-22.6623914851739,5.82785699329496,4.72520458611108e-14
1494,MC1_K2_N2_L8_SP6_P2_R04,2,STAGE5_TOEPLITZ_CORRELATED,2,8,3,P2,2,8.2,10,0.2,0,-6,0,SPECIFIED_CORRELATION,6,6,3,4,213,MC1_BASE_N2_L8_P2_R04,MC1_BASE_N2_L8_P2_R04,430100213,430200213,WHITENED_SEQUENTIAL_BEAMSPACE_EXPECTED_TOTAL_SNR,STAGE8_K2_TANGENT_WHITE_SNR_MONTE_CARLO_AND_CLOSURE_V1,ONE_SYNTHETIC_CPI,ONE_SELECTED_RANGE_DOPPLER_CELL,1,1,0,0,0,7ac5f2ed7f8b920df52a4e1cde4f3ee8f80b69a8208c8d8579b1925f9a445627,8c761fd77e94e05d7abc206176e8b06965dc27ab20792c76e49d59a92d638cdb,-16.6623914851739,11.827856993295,6.00000000000002
1495,MC1_K2_N2_L8_SP10_P2_R04,2,STAGE5_TOEPLITZ_CORRELATED,2,8,3,P2,2,8.2,10,0.2,0,-6,0,SPECIFIED_CORRELATION,10,10,4,4,213,MC1_BASE_N2_L8_P2_R04,MC1_BASE_N2_L8_P2_R04,430100213,430200213,WHITENED_SEQUENTIAL_BEAMSPACE_EXPECTED_TOTAL_SNR,STAGE8_K2_TANGENT_WHITE_SNR_MONTE_CARLO_AND_CLOSURE_V1,ONE_SYNTHETIC_CPI,ONE_SELECTED_RANGE_DOPPLER_CELL,1,1,0,0,0,7ac5f2ed7f8b920df52a4e1cde4f3ee8f80b69a8208c8d8579b1925f9a445627,50194585116d5c05ed781142256c42585acd3786a75e565aae8ecc7ffd629134,-12.6623914851739,15.827856993295,10.0000000000001
1496,MC1_K2_N2_L8_SP14_P2_R04,2,STAGE5_TOEPLITZ_CORRELATED,2,8,3,P2,2,8.2,10,0.2,0,-6,0,SPECIFIED_CORRELATION,14,14,5,4,213,MC1_BASE_N2_L8_P2_R04,MC1_BASE_N2_L8_P2_R04,430100213,430200213,WHITENED_SEQUENTIAL_BEAMSPACE_EXPECTED_TOTAL_SNR,STAGE8_K2_TANGENT_WHITE_SNR_MONTE_CARLO_AND_CLOSURE_V1,ONE_SYNTHETIC_CPI,ONE_SELECTED_RANGE_DOPPLER_CELL,1,1,0,0,0,7ac5f2ed7f8b920df52a4e1cde4f3ee8f80b69a8208c8d8579b1925f9a445627,24d099a950372bc165e0b4911ff329ffa61a4270006ecffc5006887f21a5a9ce,-8.6623914851739,19.827856993295,14
1497,MC1_K2_N2_L8_SP18_P2_R04,2,STAGE5_TOEPLITZ_CORRELATED,2,8,3,P2,2,8.2,10,0.2,0,-6,0,SPECIFIED_CORRELATION,18,18,6,4,213,MC1_BASE_N2_L8_P2_R04,MC1_BASE_N2_L8_P2_R04,430100213,430200213,WHITENED_SEQUENTIAL_BEAMSPACE_EXPECTED_TOTAL_SNR,STAGE8_K2_TANGENT_WHITE_SNR_MONTE_CARLO_AND_CLOSURE_V1,ONE_SYNTHETIC_CPI,ONE_SELECTED_RANGE_DOPPLER_CELL,1,1,0,0,0,7ac5f2ed7f8b920df52a4e1cde4f3ee8f80b69a8208c8d8579b1925f9a445627,16cf8e5575ba21ca6fb5bbf0c0afcb39615e70f3e0f50bd63cc2ff0171afa3e4,-4.66239148517389,23.827856993295,18
1498,MC1_K2_N2_L8_SP22_P2_R04,2,STAGE5_TOEPLITZ_CORRELATED,2,8,3,P2,2,8.2,10,0.2,0,-6,0,SPECIFIED_CORRELATION,22,22,7,4,213,MC1_BASE_N2_L8_P2_R04,MC1_BASE_N2_L8_P2_R04,430100213,430200213,WHITENED_SEQUENTIAL_BEAMSPACE_EXPECTED_TOTAL_SNR,STAGE8_K2_TANGENT_WHITE_SNR_MONTE_CARLO_AND_CLOSURE_V1,ONE_SYNTHETIC_CPI,ONE_SELECTED_RANGE_DOPPLER_CELL,1,1,0,0,0,7ac5f2ed7f8b920df52a4e1cde4f3ee8f80b69a8208c8d8579b1925f9a445627,cac730d7330b902c9b84674079f4299ea27536386d96a6c64cbd7782f04c1254,-0.66239148517389,27.827856993295,22
1499,MC1_K2_N2_L8_SM6_P2_R05,2,STAGE5_TOEPLITZ_CORRELATED,2,8,3,P2,2,8.2,10,0.2,0,-6,0,SPECIFIED_CORRELATION,-6,-6,1,5,214,MC1_BASE_N2_L8_P2_R05,MC1_BASE_N2_L8_P2_R05,430100214,430200214,WHITENED_SEQUENTIAL_BEAMSPACE_EXPECTED_TOTAL_SNR,STAGE8_K2_TANGENT_WHITE_SNR_MONTE_CARLO_AND_CLOSURE_V1,ONE_SYNTHETIC_CPI,ONE_SELECTED_RANGE_DOPPLER_CELL,1,1,0,0,0,7ac5f2ed7f8b920df52a4e1cde4f3ee8f80b69a8208c8d8579b1925f9a445627,723063e839eaa7f1bdbf6520723d625962e03b9b0867089e61e53d9044d94cdc,-28.6623914851739,-0.172143006705046,-5.99999999999999
1500,MC1_K2_N2_L8_SP0_P2_R05,2,STAGE5_TOEPLITZ_CORRELATED,2,8,3,P2,2,8.2,10,0.2,0,-6,0,SPECIFIED_CORRELATION,0,0,2,5,214,MC1_BASE_N2_L8_P2_R05,MC1_BASE_N2_L8_P2_R05,430100214,430200214,WHITENED_SEQUENTIAL_BEAMSPACE_EXPECTED_TOTAL_SNR,STAGE8_K2_TANGENT_WHITE_SNR_MONTE_CARLO_AND_CLOSURE_V1,ONE_SYNTHETIC_CPI,ONE_SELECTED_RANGE_DOPPLER_CELL,1,1,0,0,0,7ac5f2ed7f8b920df52a4e1cde4f3ee8f80b69a8208c8d8579b1925f9a445627,fba675267b52674a9b8f59a62879216f5e53b0bd299dec62cebd05179eab88f0,-22.6623914851739,5.82785699329496,4.72520458611108e-14
1501,MC1_K2_N2_L8_SP6_P2_R05,2,STAGE5_TOEPLITZ_CORRELATED,2,8,3,P2,2,8.2,10,0.2,0,-6,0,SPECIFIED_CORRELATION,6,6,3,5,214,MC1_BASE_N2_L8_P2_R05,MC1_BASE_N2_L8_P2_R05,430100214,430200214,WHITENED_SEQUENTIAL_BEAMSPACE_EXPECTED_TOTAL_SNR,STAGE8_K2_TANGENT_WHITE_SNR_MONTE_CARLO_AND_CLOSURE_V1,ONE_SYNTHETIC_CPI,ONE_SELECTED_RANGE_DOPPLER_CELL,1,1,0,0,0,7ac5f2ed7f8b920df52a4e1cde4f3ee8f80b69a8208c8d8579b1925f9a445627,02efbc61a13437294ad6fb0ef9af2099f9636443dcf30eb4a37e26212e4f90bd,-16.6623914851739,11.827856993295,6.00000000000002
1502,MC1_K2_N2_L8_SP10_P2_R05,2,STAGE5_TOEPLITZ_CORRELATED,2,8,3,P2,2,8.2,10,0.2,0,-6,0,SPECIFIED_CORRELATION,10,10,4,5,214,MC1_BASE_N2_L8_P2_R05,MC1_BASE_N2_L8_P2_R05,430100214,430200214,WHITENED_SEQUENTIAL_BEAMSPACE_EXPECTED_TOTAL_SNR,STAGE8_K2_TANGENT_WHITE_SNR_MONTE_CARLO_AND_CLOSURE_V1,ONE_SYNTHETIC_CPI,ONE_SELECTED_RANGE_DOPPLER_CELL,1,1,0,0,0,7ac5f2ed7f8b920df52a4e1cde4f3ee8f80b69a8208c8d8579b1925f9a445627,3c7a42a039127be4ad5006a79ac3a4aac658e3af70127f5100078c9c8caa2485,-12.6623914851739,15.827856993295,10.0000000000001
1503,MC1_K2_N2_L8_SP14_P2_R05,2,STAGE5_TOEPLITZ_CORRELATED,2,8,3,P2,2,8.2,10,0.2,0,-6,0,SPECIFIED_CORRELATION,14,14,5,5,214,MC1_BASE_N2_L8_P2_R05,MC1_BASE_N2_L8_P2_R05,430100214,430200214,WHITENED_SEQUENTIAL_BEAMSPACE_EXPECTED_TOTAL_SNR,STAGE8_K2_TANGENT_WHITE_SNR_MONTE_CARLO_AND_CLOSURE_V1,ONE_SYNTHETIC_CPI,ONE_SELECTED_RANGE_DOPPLER_CELL,1,1,0,0,0,7ac5f2ed7f8b920df52a4e1cde4f3ee8f80b69a8208c8d8579b1925f9a445627,6a40064a0b86e7a9df902911c2563d7acf9a959d8332ce8c70069d37ff35b35b,-8.6623914851739,19.827856993295,14
1504,MC1_K2_N2_L8_SP18_P2_R05,2,STAGE5_TOEPLITZ_CORRELATED,2,8,3,P2,2,8.2,10,0.2,0,-6,0,SPECIFIED_CORRELATION,18,18,6,5,214,MC1_BASE_N2_L8_P2_R05,MC1_BASE_N2_L8_P2_R05,430100214,430200214,WHITENED_SEQUENTIAL_BEAMSPACE_EXPECTED_TOTAL_SNR,STAGE8_K2_TANGENT_WHITE_SNR_MONTE_CARLO_AND_CLOSURE_V1,ONE_SYNTHETIC_CPI,ONE_SELECTED_RANGE_DOPPLER_CELL,1,1,0,0,0,7ac5f2ed7f8b920df52a4e1cde4f3ee8f80b69a8208c8d8579b1925f9a445627,663cded8047dd38f47904ee5beca2cbc10a0f9b95da5c132a7e980becddb97f0,-4.66239148517389,23.827856993295,18
1505,MC1_K2_N2_L8_SP22_P2_R05,2,STAGE5_TOEPLITZ_CORRELATED,2,8,3,P2,2,8.2,10,0.2,0,-6,0,SPECIFIED_CORRELATION,22,22,7,5,214,MC1_BASE_N2_L8_P2_R05,MC1_BASE_N2_L8_P2_R05,430100214,430200214,WHITENED_SEQUENTIAL_BEAMSPACE_EXPECTED_TOTAL_SNR,STAGE8_K2_TANGENT_WHITE_SNR_MONTE_CARLO_AND_CLOSURE_V1,ONE_SYNTHETIC_CPI,ONE_SELECTED_RANGE_DOPPLER_CELL,1,1,0,0,0,7ac5f2ed7f8b920df52a4e1cde4f3ee8f80b69a8208c8d8579b1925f9a445627,b447337c54fbedbb9aa32de2b12b0574f9b8b18ddb9168e50f996cfece52c357,-0.66239148517389,27.827856993295,22
1506,MC1_K2_N2_L8_SM6_P2_R06,2,STAGE5_TOEPLITZ_CORRELATED,2,8,3,P2,2,8.2,10,0.2,0,-6,0,SPECIFIED_CORRELATION,-6,-6,1,6,215,MC1_BASE_N2_L8_P2_R06,MC1_BASE_N2_L8_P2_R06,430100215,430200215,WHITENED_SEQUENTIAL_BEAMSPACE_EXPECTED_TOTAL_SNR,STAGE8_K2_TANGENT_WHITE_SNR_MONTE_CARLO_AND_CLOSURE_V1,ONE_SYNTHETIC_CPI,ONE_SELECTED_RANGE_DOPPLER_CELL,1,1,0,0,0,7ac5f2ed7f8b920df52a4e1cde4f3ee8f80b69a8208c8d8579b1925f9a445627,d9593c17ab33fc6fae6a003c321c3e4bb108714fd1412809fc52e4d344908635,-28.6623914851739,-0.172143006705046,-5.99999999999999
1507,MC1_K2_N2_L8_SP0_P2_R06,2,STAGE5_TOEPLITZ_CORRELATED,2,8,3,P2,2,8.2,10,0.2,0,-6,0,SPECIFIED_CORRELATION,0,0,2,6,215,MC1_BASE_N2_L8_P2_R06,MC1_BASE_N2_L8_P2_R06,430100215,430200215,WHITENED_SEQUENTIAL_BEAMSPACE_EXPECTED_TOTAL_SNR,STAGE8_K2_TANGENT_WHITE_SNR_MONTE_CARLO_AND_CLOSURE_V1,ONE_SYNTHETIC_CPI,ONE_SELECTED_RANGE_DOPPLER_CELL,1,1,0,0,0,7ac5f2ed7f8b920df52a4e1cde4f3ee8f80b69a8208c8d8579b1925f9a445627,510ee73079fa1f39f3e72b2a9dfc1280097b08505a601b6c2a8aabb00c32695f,-22.6623914851739,5.82785699329496,4.72520458611108e-14
1508,MC1_K2_N2_L8_SP6_P2_R06,2,STAGE5_TOEPLITZ_CORRELATED,2,8,3,P2,2,8.2,10,0.2,0,-6,0,SPECIFIED_CORRELATION,6,6,3,6,215,MC1_BASE_N2_L8_P2_R06,MC1_BASE_N2_L8_P2_R06,430100215,430200215,WHITENED_SEQUENTIAL_BEAMSPACE_EXPECTED_TOTAL_SNR,STAGE8_K2_TANGENT_WHITE_SNR_MONTE_CARLO_AND_CLOSURE_V1,ONE_SYNTHETIC_CPI,ONE_SELECTED_RANGE_DOPPLER_CELL,1,1,0,0,0,7ac5f2ed7f8b920df52a4e1cde4f3ee8f80b69a8208c8d8579b1925f9a445627,94ce542e3f2de492a9f61268edf86b33fa859822b0f3d0d396cb4deca526964d,-16.6623914851739,11.827856993295,6.00000000000002
1509,MC1_K2_N2_L8_SP10_P2_R06,2,STAGE5_TOEPLITZ_CORRELATED,2,8,3,P2,2,8.2,10,0.2,0,-6,0,SPECIFIED_CORRELATION,10,10,4,6,215,MC1_BASE_N2_L8_P2_R06,MC1_BASE_N2_L8_P2_R06,430100215,430200215,WHITENED_SEQUENTIAL_BEAMSPACE_EXPECTED_TOTAL_SNR,STAGE8_K2_TANGENT_WHITE_SNR_MONTE_CARLO_AND_CLOSURE_V1,ONE_SYNTHETIC_CPI,ONE_SELECTED_RANGE_DOPPLER_CELL,1,1,0,0,0,7ac5f2ed7f8b920df52a4e1cde4f3ee8f80b69a8208c8d8579b1925f9a445627,ff45f7e808b7e832da72dae72c08ae6db968bde3d07fd982f42b951748263e4d,-12.6623914851739,15.827856993295,10.0000000000001
1510,MC1_K2_N2_L8_SP14_P2_R06,2,STAGE5_TOEPLITZ_CORRELATED,2,8,3,P2,2,8.2,10,0.2,0,-6,0,SPECIFIED_CORRELATION,14,14,5,6,215,MC1_BASE_N2_L8_P2_R06,MC1_BASE_N2_L8_P2_R06,430100215,430200215,WHITENED_SEQUENTIAL_BEAMSPACE_EXPECTED_TOTAL_SNR,STAGE8_K2_TANGENT_WHITE_SNR_MONTE_CARLO_AND_CLOSURE_V1,ONE_SYNTHETIC_CPI,ONE_SELECTED_RANGE_DOPPLER_CELL,1,1,0,0,0,7ac5f2ed7f8b920df52a4e1cde4f3ee8f80b69a8208c8d8579b1925f9a445627,a3fe521ca455eb70e9485e2fc50558476cde8c22a22297320afb1d08a9fd7b0e,-8.6623914851739,19.827856993295,14
1511,MC1_K2_N2_L8_SP18_P2_R06,2,STAGE5_TOEPLITZ_CORRELATED,2,8,3,P2,2,8.2,10,0.2,0,-6,0,SPECIFIED_CORRELATION,18,18,6,6,215,MC1_BASE_N2_L8_P2_R06,MC1_BASE_N2_L8_P2_R06,430100215,430200215,WHITENED_SEQUENTIAL_BEAMSPACE_EXPECTED_TOTAL_SNR,STAGE8_K2_TANGENT_WHITE_SNR_MONTE_CARLO_AND_CLOSURE_V1,ONE_SYNTHETIC_CPI,ONE_SELECTED_RANGE_DOPPLER_CELL,1,1,0,0,0,7ac5f2ed7f8b920df52a4e1cde4f3ee8f80b69a8208c8d8579b1925f9a445627,a118524b3305f9e78abb935e287f3d1dbccc9f0fc4d080c8182e2cf96ce51a2f,-4.66239148517389,23.827856993295,18
1512,MC1_K2_N2_L8_SP22_P2_R06,2,STAGE5_TOEPLITZ_CORRELATED,2,8,3,P2,2,8.2,10,0.2,0,-6,0,SPECIFIED_CORRELATION,22,22,7,6,215,MC1_BASE_N2_L8_P2_R06,MC1_BASE_N2_L8_P2_R06,430100215,430200215,WHITENED_SEQUENTIAL_BEAMSPACE_EXPECTED_TOTAL_SNR,STAGE8_K2_TANGENT_WHITE_SNR_MONTE_CARLO_AND_CLOSURE_V1,ONE_SYNTHETIC_CPI,ONE_SELECTED_RANGE_DOPPLER_CELL,1,1,0,0,0,7ac5f2ed7f8b920df52a4e1cde4f3ee8f80b69a8208c8d8579b1925f9a445627,fa1a660771b038193e8c9259380d31df69d8841eaff8c9543bffc80929fb877b,-0.66239148517389,27.827856993295,22
1513,MC1_K2_N2_L8_SM6_P2_R07,2,STAGE5_TOEPLITZ_CORRELATED,2,8,3,P2,2,8.2,10,0.2,0,-6,0,SPECIFIED_CORRELATION,-6,-6,1,7,216,MC1_BASE_N2_L8_P2_R07,MC1_BASE_N2_L8_P2_R07,430100216,430200216,WHITENED_SEQUENTIAL_BEAMSPACE_EXPECTED_TOTAL_SNR,STAGE8_K2_TANGENT_WHITE_SNR_MONTE_CARLO_AND_CLOSURE_V1,ONE_SYNTHETIC_CPI,ONE_SELECTED_RANGE_DOPPLER_CELL,1,1,0,0,0,7ac5f2ed7f8b920df52a4e1cde4f3ee8f80b69a8208c8d8579b1925f9a445627,dab3fcde6346f57f67782e4d24bdaaa04727e69a07be980c98b8af0249c0826a,-28.6623914851739,-0.172143006705046,-5.99999999999999
1514,MC1_K2_N2_L8_SP0_P2_R07,2,STAGE5_TOEPLITZ_CORRELATED,2,8,3,P2,2,8.2,10,0.2,0,-6,0,SPECIFIED_CORRELATION,0,0,2,7,216,MC1_BASE_N2_L8_P2_R07,MC1_BASE_N2_L8_P2_R07,430100216,430200216,WHITENED_SEQUENTIAL_BEAMSPACE_EXPECTED_TOTAL_SNR,STAGE8_K2_TANGENT_WHITE_SNR_MONTE_CARLO_AND_CLOSURE_V1,ONE_SYNTHETIC_CPI,ONE_SELECTED_RANGE_DOPPLER_CELL,1,1,0,0,0,7ac5f2ed7f8b920df52a4e1cde4f3ee8f80b69a8208c8d8579b1925f9a445627,5c8402b26a81e767b84fc55b9b3abbcbbbb6ea7747af3cfedf4e488a6263f140,-22.6623914851739,5.82785699329496,4.72520458611108e-14
1515,MC1_K2_N2_L8_SP6_P2_R07,2,STAGE5_TOEPLITZ_CORRELATED,2,8,3,P2,2,8.2,10,0.2,0,-6,0,SPECIFIED_CORRELATION,6,6,3,7,216,MC1_BASE_N2_L8_P2_R07,MC1_BASE_N2_L8_P2_R07,430100216,430200216,WHITENED_SEQUENTIAL_BEAMSPACE_EXPECTED_TOTAL_SNR,STAGE8_K2_TANGENT_WHITE_SNR_MONTE_CARLO_AND_CLOSURE_V1,ONE_SYNTHETIC_CPI,ONE_SELECTED_RANGE_DOPPLER_CELL,1,1,0,0,0,7ac5f2ed7f8b920df52a4e1cde4f3ee8f80b69a8208c8d8579b1925f9a445627,ffea5dff660385bbec2624a4a732e99e2f0652fbca021cf9182cef909e6934de,-16.6623914851739,11.827856993295,6.00000000000002
1516,MC1_K2_N2_L8_SP10_P2_R07,2,STAGE5_TOEPLITZ_CORRELATED,2,8,3,P2,2,8.2,10,0.2,0,-6,0,SPECIFIED_CORRELATION,10,10,4,7,216,MC1_BASE_N2_L8_P2_R07,MC1_BASE_N2_L8_P2_R07,430100216,430200216,WHITENED_SEQUENTIAL_BEAMSPACE_EXPECTED_TOTAL_SNR,STAGE8_K2_TANGENT_WHITE_SNR_MONTE_CARLO_AND_CLOSURE_V1,ONE_SYNTHETIC_CPI,ONE_SELECTED_RANGE_DOPPLER_CELL,1,1,0,0,0,7ac5f2ed7f8b920df52a4e1cde4f3ee8f80b69a8208c8d8579b1925f9a445627,a03120baf2b7fe6eaf83f89dfa53444c5688f2c49c62d557992a294f3e61b45c,-12.6623914851739,15.827856993295,10.0000000000001
1517,MC1_K2_N2_L8_SP14_P2_R07,2,STAGE5_TOEPLITZ_CORRELATED,2,8,3,P2,2,8.2,10,0.2,0,-6,0,SPECIFIED_CORRELATION,14,14,5,7,216,MC1_BASE_N2_L8_P2_R07,MC1_BASE_N2_L8_P2_R07,430100216,430200216,WHITENED_SEQUENTIAL_BEAMSPACE_EXPECTED_TOTAL_SNR,STAGE8_K2_TANGENT_WHITE_SNR_MONTE_CARLO_AND_CLOSURE_V1,ONE_SYNTHETIC_CPI,ONE_SELECTED_RANGE_DOPPLER_CELL,1,1,0,0,0,7ac5f2ed7f8b920df52a4e1cde4f3ee8f80b69a8208c8d8579b1925f9a445627,9d87a27cbe955f5c727c80174418343a31d891a1dc191374797b351d877bb461,-8.6623914851739,19.827856993295,14
1518,MC1_K2_N2_L8_SP18_P2_R07,2,STAGE5_TOEPLITZ_CORRELATED,2,8,3,P2,2,8.2,10,0.2,0,-6,0,SPECIFIED_CORRELATION,18,18,6,7,216,MC1_BASE_N2_L8_P2_R07,MC1_BASE_N2_L8_P2_R07,430100216,430200216,WHITENED_SEQUENTIAL_BEAMSPACE_EXPECTED_TOTAL_SNR,STAGE8_K2_TANGENT_WHITE_SNR_MONTE_CARLO_AND_CLOSURE_V1,ONE_SYNTHETIC_CPI,ONE_SELECTED_RANGE_DOPPLER_CELL,1,1,0,0,0,7ac5f2ed7f8b920df52a4e1cde4f3ee8f80b69a8208c8d8579b1925f9a445627,a8980e221fb045a1dc5c30688d45fa497a170418bd94864f96cdcd445fb37848,-4.66239148517389,23.827856993295,18
1519,MC1_K2_N2_L8_SP22_P2_R07,2,STAGE5_TOEPLITZ_CORRELATED,2,8,3,P2,2,8.2,10,0.2,0,-6,0,SPECIFIED_CORRELATION,22,22,7,7,216,MC1_BASE_N2_L8_P2_R07,MC1_BASE_N2_L8_P2_R07,430100216,430200216,WHITENED_SEQUENTIAL_BEAMSPACE_EXPECTED_TOTAL_SNR,STAGE8_K2_TANGENT_WHITE_SNR_MONTE_CARLO_AND_CLOSURE_V1,ONE_SYNTHETIC_CPI,ONE_SELECTED_RANGE_DOPPLER_CELL,1,1,0,0,0,7ac5f2ed7f8b920df52a4e1cde4f3ee8f80b69a8208c8d8579b1925f9a445627,0d96a1f8cc515e1a99ad35e75351746565602a21595ae3ec4d6c03dbc599871c,-0.66239148517389,27.827856993295,22
1520,MC1_K2_N2_L8_SM6_P2_R08,2,STAGE5_TOEPLITZ_CORRELATED,2,8,3,P2,2,8.2,10,0.2,0,-6,0,SPECIFIED_CORRELATION,-6,-6,1,8,217,MC1_BASE_N2_L8_P2_R08,MC1_BASE_N2_L8_P2_R08,430100217,430200217,WHITENED_SEQUENTIAL_BEAMSPACE_EXPECTED_TOTAL_SNR,STAGE8_K2_TANGENT_WHITE_SNR_MONTE_CARLO_AND_CLOSURE_V1,ONE_SYNTHETIC_CPI,ONE_SELECTED_RANGE_DOPPLER_CELL,1,1,0,0,0,7ac5f2ed7f8b920df52a4e1cde4f3ee8f80b69a8208c8d8579b1925f9a445627,ce5dae382f752080ffe74e5451708beb46312212d4d870ee28962daf96fcda92,-28.6623914851739,-0.172143006705046,-5.99999999999999
1521,MC1_K2_N2_L8_SP0_P2_R08,2,STAGE5_TOEPLITZ_CORRELATED,2,8,3,P2,2,8.2,10,0.2,0,-6,0,SPECIFIED_CORRELATION,0,0,2,8,217,MC1_BASE_N2_L8_P2_R08,MC1_BASE_N2_L8_P2_R08,430100217,430200217,WHITENED_SEQUENTIAL_BEAMSPACE_EXPECTED_TOTAL_SNR,STAGE8_K2_TANGENT_WHITE_SNR_MONTE_CARLO_AND_CLOSURE_V1,ONE_SYNTHETIC_CPI,ONE_SELECTED_RANGE_DOPPLER_CELL,1,1,0,0,0,7ac5f2ed7f8b920df52a4e1cde4f3ee8f80b69a8208c8d8579b1925f9a445627,2a1a6a153a6be248108dc441e4abff680e3ba99551dff9940a28c1a18e83edb3,-22.6623914851739,5.82785699329496,4.72520458611108e-14
1522,MC1_K2_N2_L8_SP6_P2_R08,2,STAGE5_TOEPLITZ_CORRELATED,2,8,3,P2,2,8.2,10,0.2,0,-6,0,SPECIFIED_CORRELATION,6,6,3,8,217,MC1_BASE_N2_L8_P2_R08,MC1_BASE_N2_L8_P2_R08,430100217,430200217,WHITENED_SEQUENTIAL_BEAMSPACE_EXPECTED_TOTAL_SNR,STAGE8_K2_TANGENT_WHITE_SNR_MONTE_CARLO_AND_CLOSURE_V1,ONE_SYNTHETIC_CPI,ONE_SELECTED_RANGE_DOPPLER_CELL,1,1,0,0,0,7ac5f2ed7f8b920df52a4e1cde4f3ee8f80b69a8208c8d8579b1925f9a445627,59e58d345fb6c8338fa184b86792ce848f783c53b18f4da44dbc5231c0ae3ba5,-16.6623914851739,11.827856993295,6.00000000000002
1523,MC1_K2_N2_L8_SP10_P2_R08,2,STAGE5_TOEPLITZ_CORRELATED,2,8,3,P2,2,8.2,10,0.2,0,-6,0,SPECIFIED_CORRELATION,10,10,4,8,217,MC1_BASE_N2_L8_P2_R08,MC1_BASE_N2_L8_P2_R08,430100217,430200217,WHITENED_SEQUENTIAL_BEAMSPACE_EXPECTED_TOTAL_SNR,STAGE8_K2_TANGENT_WHITE_SNR_MONTE_CARLO_AND_CLOSURE_V1,ONE_SYNTHETIC_CPI,ONE_SELECTED_RANGE_DOPPLER_CELL,1,1,0,0,0,7ac5f2ed7f8b920df52a4e1cde4f3ee8f80b69a8208c8d8579b1925f9a445627,cc4e9823fe81d3a42292bb5797203634403813f34dad56e6ecf8ac2883a22cd7,-12.6623914851739,15.827856993295,10.0000000000001
1524,MC1_K2_N2_L8_SP14_P2_R08,2,STAGE5_TOEPLITZ_CORRELATED,2,8,3,P2,2,8.2,10,0.2,0,-6,0,SPECIFIED_CORRELATION,14,14,5,8,217,MC1_BASE_N2_L8_P2_R08,MC1_BASE_N2_L8_P2_R08,430100217,430200217,WHITENED_SEQUENTIAL_BEAMSPACE_EXPECTED_TOTAL_SNR,STAGE8_K2_TANGENT_WHITE_SNR_MONTE_CARLO_AND_CLOSURE_V1,ONE_SYNTHETIC_CPI,ONE_SELECTED_RANGE_DOPPLER_CELL,1,1,0,0,0,7ac5f2ed7f8b920df52a4e1cde4f3ee8f80b69a8208c8d8579b1925f9a445627,7be88a735409924e99df78c0bad572f8eb7677045cbf73c550e82a6ded6f1459,-8.6623914851739,19.827856993295,14
1525,MC1_K2_N2_L8_SP18_P2_R08,2,STAGE5_TOEPLITZ_CORRELATED,2,8,3,P2,2,8.2,10,0.2,0,-6,0,SPECIFIED_CORRELATION,18,18,6,8,217,MC1_BASE_N2_L8_P2_R08,MC1_BASE_N2_L8_P2_R08,430100217,430200217,WHITENED_SEQUENTIAL_BEAMSPACE_EXPECTED_TOTAL_SNR,STAGE8_K2_TANGENT_WHITE_SNR_MONTE_CARLO_AND_CLOSURE_V1,ONE_SYNTHETIC_CPI,ONE_SELECTED_RANGE_DOPPLER_CELL,1,1,0,0,0,7ac5f2ed7f8b920df52a4e1cde4f3ee8f80b69a8208c8d8579b1925f9a445627,be266e3e8a82fd622ebada0ae59d62139078efc23f83ea3772a3eef05b7c0597,-4.66239148517389,23.827856993295,18
1526,MC1_K2_N2_L8_SP22_P2_R08,2,STAGE5_TOEPLITZ_CORRELATED,2,8,3,P2,2,8.2,10,0.2,0,-6,0,SPECIFIED_CORRELATION,22,22,7,8,217,MC1_BASE_N2_L8_P2_R08,MC1_BASE_N2_L8_P2_R08,430100217,430200217,WHITENED_SEQUENTIAL_BEAMSPACE_EXPECTED_TOTAL_SNR,STAGE8_K2_TANGENT_WHITE_SNR_MONTE_CARLO_AND_CLOSURE_V1,ONE_SYNTHETIC_CPI,ONE_SELECTED_RANGE_DOPPLER_CELL,1,1,0,0,0,7ac5f2ed7f8b920df52a4e1cde4f3ee8f80b69a8208c8d8579b1925f9a445627,69b359457bb14485226bfe658f132978120c108783b297138cd3ab9cd5c30af0,-0.66239148517389,27.827856993295,22
1527,MC1_K2_N2_L8_SM6_P2_R09,2,STAGE5_TOEPLITZ_CORRELATED,2,8,3,P2,2,8.2,10,0.2,0,-6,0,SPECIFIED_CORRELATION,-6,-6,1,9,218,MC1_BASE_N2_L8_P2_R09,MC1_BASE_N2_L8_P2_R09,430100218,430200218,WHITENED_SEQUENTIAL_BEAMSPACE_EXPECTED_TOTAL_SNR,STAGE8_K2_TANGENT_WHITE_SNR_MONTE_CARLO_AND_CLOSURE_V1,ONE_SYNTHETIC_CPI,ONE_SELECTED_RANGE_DOPPLER_CELL,1,1,0,0,0,7ac5f2ed7f8b920df52a4e1cde4f3ee8f80b69a8208c8d8579b1925f9a445627,dd17eb2983783910143122f07230b50a60a26d4ec3c4779718e5d06218a5f2f5,-28.6623914851739,-0.172143006705046,-5.99999999999999
1528,MC1_K2_N2_L8_SP0_P2_R09,2,STAGE5_TOEPLITZ_CORRELATED,2,8,3,P2,2,8.2,10,0.2,0,-6,0,SPECIFIED_CORRELATION,0,0,2,9,218,MC1_BASE_N2_L8_P2_R09,MC1_BASE_N2_L8_P2_R09,430100218,430200218,WHITENED_SEQUENTIAL_BEAMSPACE_EXPECTED_TOTAL_SNR,STAGE8_K2_TANGENT_WHITE_SNR_MONTE_CARLO_AND_CLOSURE_V1,ONE_SYNTHETIC_CPI,ONE_SELECTED_RANGE_DOPPLER_CELL,1,1,0,0,0,7ac5f2ed7f8b920df52a4e1cde4f3ee8f80b69a8208c8d8579b1925f9a445627,a8c54885e9769fcb489334951ba8721c7e2ce4b3ff46e6cb11d8bd970938f883,-22.6623914851739,5.82785699329496,4.72520458611108e-14
1529,MC1_K2_N2_L8_SP6_P2_R09,2,STAGE5_TOEPLITZ_CORRELATED,2,8,3,P2,2,8.2,10,0.2,0,-6,0,SPECIFIED_CORRELATION,6,6,3,9,218,MC1_BASE_N2_L8_P2_R09,MC1_BASE_N2_L8_P2_R09,430100218,430200218,WHITENED_SEQUENTIAL_BEAMSPACE_EXPECTED_TOTAL_SNR,STAGE8_K2_TANGENT_WHITE_SNR_MONTE_CARLO_AND_CLOSURE_V1,ONE_SYNTHETIC_CPI,ONE_SELECTED_RANGE_DOPPLER_CELL,1,1,0,0,0,7ac5f2ed7f8b920df52a4e1cde4f3ee8f80b69a8208c8d8579b1925f9a445627,7a7ee87bf60ba41fe217917774d2ec2b0c95fcb67c4f0bd5cf1d30b83a228655,-16.6623914851739,11.827856993295,6.00000000000002
1530,MC1_K2_N2_L8_SP10_P2_R09,2,STAGE5_TOEPLITZ_CORRELATED,2,8,3,P2,2,8.2,10,0.2,0,-6,0,SPECIFIED_CORRELATION,10,10,4,9,218,MC1_BASE_N2_L8_P2_R09,MC1_BASE_N2_L8_P2_R09,430100218,430200218,WHITENED_SEQUENTIAL_BEAMSPACE_EXPECTED_TOTAL_SNR,STAGE8_K2_TANGENT_WHITE_SNR_MONTE_CARLO_AND_CLOSURE_V1,ONE_SYNTHETIC_CPI,ONE_SELECTED_RANGE_DOPPLER_CELL,1,1,0,0,0,7ac5f2ed7f8b920df52a4e1cde4f3ee8f80b69a8208c8d8579b1925f9a445627,dda2ef03336a71d726d18a219388c86a09bc7fee7dcfc58d9befab6b4ade76da,-12.6623914851739,15.827856993295,10.0000000000001
1531,MC1_K2_N2_L8_SP14_P2_R09,2,STAGE5_TOEPLITZ_CORRELATED,2,8,3,P2,2,8.2,10,0.2,0,-6,0,SPECIFIED_CORRELATION,14,14,5,9,218,MC1_BASE_N2_L8_P2_R09,MC1_BASE_N2_L8_P2_R09,430100218,430200218,WHITENED_SEQUENTIAL_BEAMSPACE_EXPECTED_TOTAL_SNR,STAGE8_K2_TANGENT_WHITE_SNR_MONTE_CARLO_AND_CLOSURE_V1,ONE_SYNTHETIC_CPI,ONE_SELECTED_RANGE_DOPPLER_CELL,1,1,0,0,0,7ac5f2ed7f8b920df52a4e1cde4f3ee8f80b69a8208c8d8579b1925f9a445627,dd7bbf91ce08f698bc569efb52fa2480f48d25dcfee67c365fe24171f8cfb344,-8.6623914851739,19.827856993295,14
1532,MC1_K2_N2_L8_SP18_P2_R09,2,STAGE5_TOEPLITZ_CORRELATED,2,8,3,P2,2,8.2,10,0.2,0,-6,0,SPECIFIED_CORRELATION,18,18,6,9,218,MC1_BASE_N2_L8_P2_R09,MC1_BASE_N2_L8_P2_R09,430100218,430200218,WHITENED_SEQUENTIAL_BEAMSPACE_EXPECTED_TOTAL_SNR,STAGE8_K2_TANGENT_WHITE_SNR_MONTE_CARLO_AND_CLOSURE_V1,ONE_SYNTHETIC_CPI,ONE_SELECTED_RANGE_DOPPLER_CELL,1,1,0,0,0,7ac5f2ed7f8b920df52a4e1cde4f3ee8f80b69a8208c8d8579b1925f9a445627,b4c3009449ed5ad9fccf301e555d50b3f77b3fa4ad8c204eaff8b3257d1ebd94,-4.66239148517389,23.827856993295,18
1533,MC1_K2_N2_L8_SP22_P2_R09,2,STAGE5_TOEPLITZ_CORRELATED,2,8,3,P2,2,8.2,10,0.2,0,-6,0,SPECIFIED_CORRELATION,22,22,7,9,218,MC1_BASE_N2_L8_P2_R09,MC1_BASE_N2_L8_P2_R09,430100218,430200218,WHITENED_SEQUENTIAL_BEAMSPACE_EXPECTED_TOTAL_SNR,STAGE8_K2_TANGENT_WHITE_SNR_MONTE_CARLO_AND_CLOSURE_V1,ONE_SYNTHETIC_CPI,ONE_SELECTED_RANGE_DOPPLER_CELL,1,1,0,0,0,7ac5f2ed7f8b920df52a4e1cde4f3ee8f80b69a8208c8d8579b1925f9a445627,c694fec08d2e4268a80e58dee198f897ec1a2097a8e9353eb9ccdae5777736ab,-0.66239148517389,27.827856993295,22
1534,MC1_K2_N2_L8_SM6_P2_R10,2,STAGE5_TOEPLITZ_CORRELATED,2,8,3,P2,2,8.2,10,0.2,0,-6,0,SPECIFIED_CORRELATION,-6,-6,1,10,219,MC1_BASE_N2_L8_P2_R10,MC1_BASE_N2_L8_P2_R10,430100219,430200219,WHITENED_SEQUENTIAL_BEAMSPACE_EXPECTED_TOTAL_SNR,STAGE8_K2_TANGENT_WHITE_SNR_MONTE_CARLO_AND_CLOSURE_V1,ONE_SYNTHETIC_CPI,ONE_SELECTED_RANGE_DOPPLER_CELL,1,1,0,0,0,7ac5f2ed7f8b920df52a4e1cde4f3ee8f80b69a8208c8d8579b1925f9a445627,5446b20101b1cb8a9a0bd62a01fb794af8057a1b345d12405905ebfc89ef9d56,-28.6623914851739,-0.172143006705046,-5.99999999999999
1535,MC1_K2_N2_L8_SP0_P2_R10,2,STAGE5_TOEPLITZ_CORRELATED,2,8,3,P2,2,8.2,10,0.2,0,-6,0,SPECIFIED_CORRELATION,0,0,2,10,219,MC1_BASE_N2_L8_P2_R10,MC1_BASE_N2_L8_P2_R10,430100219,430200219,WHITENED_SEQUENTIAL_BEAMSPACE_EXPECTED_TOTAL_SNR,STAGE8_K2_TANGENT_WHITE_SNR_MONTE_CARLO_AND_CLOSURE_V1,ONE_SYNTHETIC_CPI,ONE_SELECTED_RANGE_DOPPLER_CELL,1,1,0,0,0,7ac5f2ed7f8b920df52a4e1cde4f3ee8f80b69a8208c8d8579b1925f9a445627,0f1da10f8134541234913ca8a2710035b1a6822a07ec7d8c0aaa2247e851f9a6,-22.6623914851739,5.82785699329496,4.72520458611108e-14
1536,MC1_K2_N2_L8_SP6_P2_R10,2,STAGE5_TOEPLITZ_CORRELATED,2,8,3,P2,2,8.2,10,0.2,0,-6,0,SPECIFIED_CORRELATION,6,6,3,10,219,MC1_BASE_N2_L8_P2_R10,MC1_BASE_N2_L8_P2_R10,430100219,430200219,WHITENED_SEQUENTIAL_BEAMSPACE_EXPECTED_TOTAL_SNR,STAGE8_K2_TANGENT_WHITE_SNR_MONTE_CARLO_AND_CLOSURE_V1,ONE_SYNTHETIC_CPI,ONE_SELECTED_RANGE_DOPPLER_CELL,1,1,0,0,0,7ac5f2ed7f8b920df52a4e1cde4f3ee8f80b69a8208c8d8579b1925f9a445627,857b45ad4b2b5164d64a0e5a707317f80ff187bab92ac25f67fddc8bce337fd2,-16.6623914851739,11.827856993295,6.00000000000002
1537,MC1_K2_N2_L8_SP10_P2_R10,2,STAGE5_TOEPLITZ_CORRELATED,2,8,3,P2,2,8.2,10,0.2,0,-6,0,SPECIFIED_CORRELATION,10,10,4,10,219,MC1_BASE_N2_L8_P2_R10,MC1_BASE_N2_L8_P2_R10,430100219,430200219,WHITENED_SEQUENTIAL_BEAMSPACE_EXPECTED_TOTAL_SNR,STAGE8_K2_TANGENT_WHITE_SNR_MONTE_CARLO_AND_CLOSURE_V1,ONE_SYNTHETIC_CPI,ONE_SELECTED_RANGE_DOPPLER_CELL,1,1,0,0,0,7ac5f2ed7f8b920df52a4e1cde4f3ee8f80b69a8208c8d8579b1925f9a445627,798657ef59f047e57939adaaa8da9439cc3ce5d98bba915c6f78cb2497a1e35a,-12.6623914851739,15.827856993295,10.0000000000001
1538,MC1_K2_N2_L8_SP14_P2_R10,2,STAGE5_TOEPLITZ_CORRELATED,2,8,3,P2,2,8.2,10,0.2,0,-6,0,SPECIFIED_CORRELATION,14,14,5,10,219,MC1_BASE_N2_L8_P2_R10,MC1_BASE_N2_L8_P2_R10,430100219,430200219,WHITENED_SEQUENTIAL_BEAMSPACE_EXPECTED_TOTAL_SNR,STAGE8_K2_TANGENT_WHITE_SNR_MONTE_CARLO_AND_CLOSURE_V1,ONE_SYNTHETIC_CPI,ONE_SELECTED_RANGE_DOPPLER_CELL,1,1,0,0,0,7ac5f2ed7f8b920df52a4e1cde4f3ee8f80b69a8208c8d8579b1925f9a445627,dd8d309cfb384dd779ef2e28564218a88e949ea4974db7b3427836ac0aa86e10,-8.6623914851739,19.827856993295,14
1539,MC1_K2_N2_L8_SP18_P2_R10,2,STAGE5_TOEPLITZ_CORRELATED,2,8,3,P2,2,8.2,10,0.2,0,-6,0,SPECIFIED_CORRELATION,18,18,6,10,219,MC1_BASE_N2_L8_P2_R10,MC1_BASE_N2_L8_P2_R10,430100219,430200219,WHITENED_SEQUENTIAL_BEAMSPACE_EXPECTED_TOTAL_SNR,STAGE8_K2_TANGENT_WHITE_SNR_MONTE_CARLO_AND_CLOSURE_V1,ONE_SYNTHETIC_CPI,ONE_SELECTED_RANGE_DOPPLER_CELL,1,1,0,0,0,7ac5f2ed7f8b920df52a4e1cde4f3ee8f80b69a8208c8d8579b1925f9a445627,4e5ac1869275112432edbff3d0b54a72800101b65fd64003e189714425b6d528,-4.66239148517389,23.827856993295,18
1540,MC1_K2_N2_L8_SP22_P2_R10,2,STAGE5_TOEPLITZ_CORRELATED,2,8,3,P2,2,8.2,10,0.2,0,-6,0,SPECIFIED_CORRELATION,22,22,7,10,219,MC1_BASE_N2_L8_P2_R10,MC1_BASE_N2_L8_P2_R10,430100219,430200219,WHITENED_SEQUENTIAL_BEAMSPACE_EXPECTED_TOTAL_SNR,STAGE8_K2_TANGENT_WHITE_SNR_MONTE_CARLO_AND_CLOSURE_V1,ONE_SYNTHETIC_CPI,ONE_SELECTED_RANGE_DOPPLER_CELL,1,1,0,0,0,7ac5f2ed7f8b920df52a4e1cde4f3ee8f80b69a8208c8d8579b1925f9a445627,bdae05f53fa325749f288c1c1297f94158b6e3f8d94c8b8c33720b88e9f2f5bd,-0.66239148517389,27.827856993295,22
1541,MC1_K2_N2_L8_SM6_P3_R01,2,STAGE5_TOEPLITZ_CORRELATED,2,8,3,P3,3,7.9,10.1,0.15,90,0,0.9,SPECIFIED_CORRELATION,-6,-6,1,1,220,MC1_BASE_N2_L8_P3_R01,MC1_BASE_N2_L8_P3_R01,430100220,430200220,WHITENED_SEQUENTIAL_BEAMSPACE_EXPECTED_TOTAL_SNR,STAGE8_K2_TANGENT_WHITE_SNR_MONTE_CARLO_AND_CLOSURE_V1,ONE_SYNTHETIC_CPI,ONE_SELECTED_RANGE_DOPPLER_CELL,1,1,0,0,0,7ac5f2ed7f8b920df52a4e1cde4f3ee8f80b69a8208c8d8579b1925f9a445627,020bf8d6e0b9542cb78264d511499ad6a4a86f9a2c8697e67bd8139c10263401,-28.69116295761,-0.196349556628048,-6.00000000000001
1542,MC1_K2_N2_L8_SP0_P3_R01,2,STAGE5_TOEPLITZ_CORRELATED,2,8,3,P3,3,7.9,10.1,0.15,90,0,0.9,SPECIFIED_CORRELATION,0,0,2,1,220,MC1_BASE_N2_L8_P3_R01,MC1_BASE_N2_L8_P3_R01,430100220,430200220,WHITENED_SEQUENTIAL_BEAMSPACE_EXPECTED_TOTAL_SNR,STAGE8_K2_TANGENT_WHITE_SNR_MONTE_CARLO_AND_CLOSURE_V1,ONE_SYNTHETIC_CPI,ONE_SELECTED_RANGE_DOPPLER_CELL,1,1,0,0,0,7ac5f2ed7f8b920df52a4e1cde4f3ee8f80b69a8208c8d8579b1925f9a445627,7c3b7a660e2a46d06dce061b2295ae9df6118946846f78e71aa29657364252ef,-22.69116295761,5.80365044337195,-2.26616954640023e-14
1543,MC1_K2_N2_L8_SP6_P3_R01,2,STAGE5_TOEPLITZ_CORRELATED,2,8,3,P3,3,7.9,10.1,0.15,90,0,0.9,SPECIFIED_CORRELATION,6,6,3,1,220,MC1_BASE_N2_L8_P3_R01,MC1_BASE_N2_L8_P3_R01,430100220,430200220,WHITENED_SEQUENTIAL_BEAMSPACE_EXPECTED_TOTAL_SNR,STAGE8_K2_TANGENT_WHITE_SNR_MONTE_CARLO_AND_CLOSURE_V1,ONE_SYNTHETIC_CPI,ONE_SELECTED_RANGE_DOPPLER_CELL,1,1,0,0,0,7ac5f2ed7f8b920df52a4e1cde4f3ee8f80b69a8208c8d8579b1925f9a445627,8e1add1673b17e61596b27db1cf3f7dba9d1a794eff46602f42e6ce97eaee0ae,-16.69116295761,11.803650443372,5.99999999999999
1544,MC1_K2_N2_L8_SP10_P3_R01,2,STAGE5_TOEPLITZ_CORRELATED,2,8,3,P3,3,7.9,10.1,0.15,90,0,0.9,SPECIFIED_CORRELATION,10,10,4,1,220,MC1_BASE_N2_L8_P3_R01,MC1_BASE_N2_L8_P3_R01,430100220,430200220,WHITENED_SEQUENTIAL_BEAMSPACE_EXPECTED_TOTAL_SNR,STAGE8_K2_TANGENT_WHITE_SNR_MONTE_CARLO_AND_CLOSURE_V1,ONE_SYNTHETIC_CPI,ONE_SELECTED_RANGE_DOPPLER_CELL,1,1,0,0,0,7ac5f2ed7f8b920df52a4e1cde4f3ee8f80b69a8208c8d8579b1925f9a445627,ccc6b6181f059467d975755a3b00bfde09fee03d2ad307eca61826ef9b6a8757,-12.69116295761,15.803650443372,9.99999999999998
1545,MC1_K2_N2_L8_SP14_P3_R01,2,STAGE5_TOEPLITZ_CORRELATED,2,8,3,P3,3,7.9,10.1,0.15,90,0,0.9,SPECIFIED_CORRELATION,14,14,5,1,220,MC1_BASE_N2_L8_P3_R01,MC1_BASE_N2_L8_P3_R01,430100220,430200220,WHITENED_SEQUENTIAL_BEAMSPACE_EXPECTED_TOTAL_SNR,STAGE8_K2_TANGENT_WHITE_SNR_MONTE_CARLO_AND_CLOSURE_V1,ONE_SYNTHETIC_CPI,ONE_SELECTED_RANGE_DOPPLER_CELL,1,1,0,0,0,7ac5f2ed7f8b920df52a4e1cde4f3ee8f80b69a8208c8d8579b1925f9a445627,d942207b29513cd24d67e23fb096cdc18b413d0c7a22d8824c5b4a405cc147bd,-8.69116295761001,19.803650443372,14
1546,MC1_K2_N2_L8_SP18_P3_R01,2,STAGE5_TOEPLITZ_CORRELATED,2,8,3,P3,3,7.9,10.1,0.15,90,0,0.9,SPECIFIED_CORRELATION,18,18,6,1,220,MC1_BASE_N2_L8_P3_R01,MC1_BASE_N2_L8_P3_R01,430100220,430200220,WHITENED_SEQUENTIAL_BEAMSPACE_EXPECTED_TOTAL_SNR,STAGE8_K2_TANGENT_WHITE_SNR_MONTE_CARLO_AND_CLOSURE_V1,ONE_SYNTHETIC_CPI,ONE_SELECTED_RANGE_DOPPLER_CELL,1,1,0,0,0,7ac5f2ed7f8b920df52a4e1cde4f3ee8f80b69a8208c8d8579b1925f9a445627,7304b0f7aafaef0a885892b83fe652e9a3da0897e721ce9a4121142ea0880ddd,-4.69116295761001,23.803650443372,18
1547,MC1_K2_N2_L8_SP22_P3_R01,2,STAGE5_TOEPLITZ_CORRELATED,2,8,3,P3,3,7.9,10.1,0.15,90,0,0.9,SPECIFIED_CORRELATION,22,22,7,1,220,MC1_BASE_N2_L8_P3_R01,MC1_BASE_N2_L8_P3_R01,430100220,430200220,WHITENED_SEQUENTIAL_BEAMSPACE_EXPECTED_TOTAL_SNR,STAGE8_K2_TANGENT_WHITE_SNR_MONTE_CARLO_AND_CLOSURE_V1,ONE_SYNTHETIC_CPI,ONE_SELECTED_RANGE_DOPPLER_CELL,1,1,0,0,0,7ac5f2ed7f8b920df52a4e1cde4f3ee8f80b69a8208c8d8579b1925f9a445627,9f38479eb644dc0d159e00ed3c16a5014aff266008ea6dfa15e1262a4ac46c43,-0.691162957610007,27.803650443372,22
1548,MC1_K2_N2_L8_SM6_P3_R02,2,STAGE5_TOEPLITZ_CORRELATED,2,8,3,P3,3,7.9,10.1,0.15,90,0,0.9,SPECIFIED_CORRELATION,-6,-6,1,2,221,MC1_BASE_N2_L8_P3_R02,MC1_BASE_N2_L8_P3_R02,430100221,430200221,WHITENED_SEQUENTIAL_BEAMSPACE_EXPECTED_TOTAL_SNR,STAGE8_K2_TANGENT_WHITE_SNR_MONTE_CARLO_AND_CLOSURE_V1,ONE_SYNTHETIC_CPI,ONE_SELECTED_RANGE_DOPPLER_CELL,1,1,0,0,0,7ac5f2ed7f8b920df52a4e1cde4f3ee8f80b69a8208c8d8579b1925f9a445627,b9fc00e1eeb5ccb1c98965070163897f908b343a99c1945ae9d5a3f434be1506,-28.6955105469979,-0.203211894627941,-5.99999999999993
1549,MC1_K2_N2_L8_SP0_P3_R02,2,STAGE5_TOEPLITZ_CORRELATED,2,8,3,P3,3,7.9,10.1,0.15,90,0,0.9,SPECIFIED_CORRELATION,0,0,2,2,221,MC1_BASE_N2_L8_P3_R02,MC1_BASE_N2_L8_P3_R02,430100221,430200221,WHITENED_SEQUENTIAL_BEAMSPACE_EXPECTED_TOTAL_SNR,STAGE8_K2_TANGENT_WHITE_SNR_MONTE_CARLO_AND_CLOSURE_V1,ONE_SYNTHETIC_CPI,ONE_SELECTED_RANGE_DOPPLER_CELL,1,1,0,0,0,7ac5f2ed7f8b920df52a4e1cde4f3ee8f80b69a8208c8d8579b1925f9a445627,614a62a82d7998c55d9630c298e01b81416c4abdee293342497ea7bf2593643f,-22.6955105469979,5.79678810537206,1.15719295986394e-14
1550,MC1_K2_N2_L8_SP6_P3_R02,2,STAGE5_TOEPLITZ_CORRELATED,2,8,3,P3,3,7.9,10.1,0.15,90,0,0.9,SPECIFIED_CORRELATION,6,6,3,2,221,MC1_BASE_N2_L8_P3_R02,MC1_BASE_N2_L8_P3_R02,430100221,430200221,WHITENED_SEQUENTIAL_BEAMSPACE_EXPECTED_TOTAL_SNR,STAGE8_K2_TANGENT_WHITE_SNR_MONTE_CARLO_AND_CLOSURE_V1,ONE_SYNTHETIC_CPI,ONE_SELECTED_RANGE_DOPPLER_CELL,1,1,0,0,0,7ac5f2ed7f8b920df52a4e1cde4f3ee8f80b69a8208c8d8579b1925f9a445627,730bc5c6200d4fb06937d08f51bf8f27c84b1ec4a6f631efd6c84546604c6ca6,-16.6955105469979,11.7967881053721,6
1551,MC1_K2_N2_L8_SP10_P3_R02,2,STAGE5_TOEPLITZ_CORRELATED,2,8,3,P3,3,7.9,10.1,0.15,90,0,0.9,SPECIFIED_CORRELATION,10,10,4,2,221,MC1_BASE_N2_L8_P3_R02,MC1_BASE_N2_L8_P3_R02,430100221,430200221,WHITENED_SEQUENTIAL_BEAMSPACE_EXPECTED_TOTAL_SNR,STAGE8_K2_TANGENT_WHITE_SNR_MONTE_CARLO_AND_CLOSURE_V1,ONE_SYNTHETIC_CPI,ONE_SELECTED_RANGE_DOPPLER_CELL,1,1,0,0,0,7ac5f2ed7f8b920df52a4e1cde4f3ee8f80b69a8208c8d8579b1925f9a445627,2b4504be877c4c1f41e4efcc4e82793f5cb9db67a7f6f54e3e2ab0cb35189477,-12.6955105469979,15.7967881053721,9.99999999999999
1552,MC1_K2_N2_L8_SP14_P3_R02,2,STAGE5_TOEPLITZ_CORRELATED,2,8,3,P3,3,7.9,10.1,0.15,90,0,0.9,SPECIFIED_CORRELATION,14,14,5,2,221,MC1_BASE_N2_L8_P3_R02,MC1_BASE_N2_L8_P3_R02,430100221,430200221,WHITENED_SEQUENTIAL_BEAMSPACE_EXPECTED_TOTAL_SNR,STAGE8_K2_TANGENT_WHITE_SNR_MONTE_CARLO_AND_CLOSURE_V1,ONE_SYNTHETIC_CPI,ONE_SELECTED_RANGE_DOPPLER_CELL,1,1,0,0,0,7ac5f2ed7f8b920df52a4e1cde4f3ee8f80b69a8208c8d8579b1925f9a445627,c86706f871af064c8275706463aa91a7affa28c0224757fe2894ca96145de9d5,-8.69551054699792,19.7967881053721,14
1553,MC1_K2_N2_L8_SP18_P3_R02,2,STAGE5_TOEPLITZ_CORRELATED,2,8,3,P3,3,7.9,10.1,0.15,90,0,0.9,SPECIFIED_CORRELATION,18,18,6,2,221,MC1_BASE_N2_L8_P3_R02,MC1_BASE_N2_L8_P3_R02,430100221,430200221,WHITENED_SEQUENTIAL_BEAMSPACE_EXPECTED_TOTAL_SNR,STAGE8_K2_TANGENT_WHITE_SNR_MONTE_CARLO_AND_CLOSURE_V1,ONE_SYNTHETIC_CPI,ONE_SELECTED_RANGE_DOPPLER_CELL,1,1,0,0,0,7ac5f2ed7f8b920df52a4e1cde4f3ee8f80b69a8208c8d8579b1925f9a445627,f6203d97666c96742e135bbdf47ea28cde60e562b02a872fad33e8fbe9134ea8,-4.69551054699792,23.7967881053721,18
1554,MC1_K2_N2_L8_SP22_P3_R02,2,STAGE5_TOEPLITZ_CORRELATED,2,8,3,P3,3,7.9,10.1,0.15,90,0,0.9,SPECIFIED_CORRELATION,22,22,7,2,221,MC1_BASE_N2_L8_P3_R02,MC1_BASE_N2_L8_P3_R02,430100221,430200221,WHITENED_SEQUENTIAL_BEAMSPACE_EXPECTED_TOTAL_SNR,STAGE8_K2_TANGENT_WHITE_SNR_MONTE_CARLO_AND_CLOSURE_V1,ONE_SYNTHETIC_CPI,ONE_SELECTED_RANGE_DOPPLER_CELL,1,1,0,0,0,7ac5f2ed7f8b920df52a4e1cde4f3ee8f80b69a8208c8d8579b1925f9a445627,f9cc16eb4dedeb4d426ecb91bb8cfdc9db7bccd775ff0855f5fff24ff21b27f5,-0.695510546997917,27.7967881053721,22.0000000000001
1555,MC1_K2_N2_L8_SM6_P3_R03,2,STAGE5_TOEPLITZ_CORRELATED,2,8,3,P3,3,7.9,10.1,0.15,90,0,0.9,SPECIFIED_CORRELATION,-6,-6,1,3,222,MC1_BASE_N2_L8_P3_R03,MC1_BASE_N2_L8_P3_R03,430100222,430200222,WHITENED_SEQUENTIAL_BEAMSPACE_EXPECTED_TOTAL_SNR,STAGE8_K2_TANGENT_WHITE_SNR_MONTE_CARLO_AND_CLOSURE_V1,ONE_SYNTHETIC_CPI,ONE_SELECTED_RANGE_DOPPLER_CELL,1,1,0,0,0,7ac5f2ed7f8b920df52a4e1cde4f3ee8f80b69a8208c8d8579b1925f9a445627,01dda40e3888a5e9f5f01c39a7394bc27ca04556c68996dbb0f9112ba3f16fc6,-28.6977453589938,-0.207345788489731,-5.99999999999991
1556,MC1_K2_N2_L8_SP0_P3_R03,2,STAGE5_TOEPLITZ_CORRELATED,2,8,3,P3,3,7.9,10.1,0.15,90,0,0.9,SPECIFIED_CORRELATION,0,0,2,3,222,MC1_BASE_N2_L8_P3_R03,MC1_BASE_N2_L8_P3_R03,430100222,430200222,WHITENED_SEQUENTIAL_BEAMSPACE_EXPECTED_TOTAL_SNR,STAGE8_K2_TANGENT_WHITE_SNR_MONTE_CARLO_AND_CLOSURE_V1,ONE_SYNTHETIC_CPI,ONE_SELECTED_RANGE_DOPPLER_CELL,1,1,0,0,0,7ac5f2ed7f8b920df52a4e1cde4f3ee8f80b69a8208c8d8579b1925f9a445627,bcf357b4d0f8af33999a6184b667532588fd5b5c5073f9ac973c8b7b1dd48cb5,-22.6977453589938,5.79265421151027,7.03959050583894e-14
1557,MC1_K2_N2_L8_SP6_P3_R03,2,STAGE5_TOEPLITZ_CORRELATED,2,8,3,P3,3,7.9,10.1,0.15,90,0,0.9,SPECIFIED_CORRELATION,6,6,3,3,222,MC1_BASE_N2_L8_P3_R03,MC1_BASE_N2_L8_P3_R03,430100222,430200222,WHITENED_SEQUENTIAL_BEAMSPACE_EXPECTED_TOTAL_SNR,STAGE8_K2_TANGENT_WHITE_SNR_MONTE_CARLO_AND_CLOSURE_V1,ONE_SYNTHETIC_CPI,ONE_SELECTED_RANGE_DOPPLER_CELL,1,1,0,0,0,7ac5f2ed7f8b920df52a4e1cde4f3ee8f80b69a8208c8d8579b1925f9a445627,74b6fcae4c0415c6cfc2046d97c2fcdfb989ca6db2882f9916b5b27e51487f16,-16.6977453589938,11.7926542115103,6.00000000000002
1558,MC1_K2_N2_L8_SP10_P3_R03,2,STAGE5_TOEPLITZ_CORRELATED,2,8,3,P3,3,7.9,10.1,0.15,90,0,0.9,SPECIFIED_CORRELATION,10,10,4,3,222,MC1_BASE_N2_L8_P3_R03,MC1_BASE_N2_L8_P3_R03,430100222,430200222,WHITENED_SEQUENTIAL_BEAMSPACE_EXPECTED_TOTAL_SNR,STAGE8_K2_TANGENT_WHITE_SNR_MONTE_CARLO_AND_CLOSURE_V1,ONE_SYNTHETIC_CPI,ONE_SELECTED_RANGE_DOPPLER_CELL,1,1,0,0,0,7ac5f2ed7f8b920df52a4e1cde4f3ee8f80b69a8208c8d8579b1925f9a445627,bc907ddd9b93180047868c1b4f5220b77bc8d75e36b67c23808817f16b98b175,-12.6977453589938,15.7926542115103,10
1559,MC1_K2_N2_L8_SP14_P3_R03,2,STAGE5_TOEPLITZ_CORRELATED,2,8,3,P3,3,7.9,10.1,0.15,90,0,0.9,SPECIFIED_CORRELATION,14,14,5,3,222,MC1_BASE_N2_L8_P3_R03,MC1_BASE_N2_L8_P3_R03,430100222,430200222,WHITENED_SEQUENTIAL_BEAMSPACE_EXPECTED_TOTAL_SNR,STAGE8_K2_TANGENT_WHITE_SNR_MONTE_CARLO_AND_CLOSURE_V1,ONE_SYNTHETIC_CPI,ONE_SELECTED_RANGE_DOPPLER_CELL,1,1,0,0,0,7ac5f2ed7f8b920df52a4e1cde4f3ee8f80b69a8208c8d8579b1925f9a445627,caab08f3a5f49485b6be8da890440de20e9502999c9cf5c14067679eb13f72fd,-8.69774535899379,19.7926542115103,14
1560,MC1_K2_N2_L8_SP18_P3_R03,2,STAGE5_TOEPLITZ_CORRELATED,2,8,3,P3,3,7.9,10.1,0.15,90,0,0.9,SPECIFIED_CORRELATION,18,18,6,3,222,MC1_BASE_N2_L8_P3_R03,MC1_BASE_N2_L8_P3_R03,430100222,430200222,WHITENED_SEQUENTIAL_BEAMSPACE_EXPECTED_TOTAL_SNR,STAGE8_K2_TANGENT_WHITE_SNR_MONTE_CARLO_AND_CLOSURE_V1,ONE_SYNTHETIC_CPI,ONE_SELECTED_RANGE_DOPPLER_CELL,1,1,0,0,0,7ac5f2ed7f8b920df52a4e1cde4f3ee8f80b69a8208c8d8579b1925f9a445627,72260f5514b3f2efcc1d2315db3db6bbabee3b37f295f246e9b2ff0da89c6837,-4.69774535899379,23.7926542115103,18.0000000000001
1561,MC1_K2_N2_L8_SP22_P3_R03,2,STAGE5_TOEPLITZ_CORRELATED,2,8,3,P3,3,7.9,10.1,0.15,90,0,0.9,SPECIFIED_CORRELATION,22,22,7,3,222,MC1_BASE_N2_L8_P3_R03,MC1_BASE_N2_L8_P3_R03,430100222,430200222,WHITENED_SEQUENTIAL_BEAMSPACE_EXPECTED_TOTAL_SNR,STAGE8_K2_TANGENT_WHITE_SNR_MONTE_CARLO_AND_CLOSURE_V1,ONE_SYNTHETIC_CPI,ONE_SELECTED_RANGE_DOPPLER_CELL,1,1,0,0,0,7ac5f2ed7f8b920df52a4e1cde4f3ee8f80b69a8208c8d8579b1925f9a445627,c8d1f4e221c0008581ce00436d73ba119f51b2952d461625c2f698968e1ac3ad,-0.697745358993793,27.7926542115103,22
1562,MC1_K2_N2_L8_SM6_P3_R04,2,STAGE5_TOEPLITZ_CORRELATED,2,8,3,P3,3,7.9,10.1,0.15,90,0,0.9,SPECIFIED_CORRELATION,-6,-6,1,4,223,MC1_BASE_N2_L8_P3_R04,MC1_BASE_N2_L8_P3_R04,430100223,430200223,WHITENED_SEQUENTIAL_BEAMSPACE_EXPECTED_TOTAL_SNR,STAGE8_K2_TANGENT_WHITE_SNR_MONTE_CARLO_AND_CLOSURE_V1,ONE_SYNTHETIC_CPI,ONE_SELECTED_RANGE_DOPPLER_CELL,1,1,0,0,0,7ac5f2ed7f8b920df52a4e1cde4f3ee8f80b69a8208c8d8579b1925f9a445627,b3131da058e2bf95fd4b9875df2d2c7086bd675459893388ae8c48eaf81d6007,-28.689551361648,-0.194193244865555,-6
1563,MC1_K2_N2_L8_SP0_P3_R04,2,STAGE5_TOEPLITZ_CORRELATED,2,8,3,P3,3,7.9,10.1,0.15,90,0,0.9,SPECIFIED_CORRELATION,0,0,2,4,223,MC1_BASE_N2_L8_P3_R04,MC1_BASE_N2_L8_P3_R04,430100223,430200223,WHITENED_SEQUENTIAL_BEAMSPACE_EXPECTED_TOTAL_SNR,STAGE8_K2_TANGENT_WHITE_SNR_MONTE_CARLO_AND_CLOSURE_V1,ONE_SYNTHETIC_CPI,ONE_SELECTED_RANGE_DOPPLER_CELL,1,1,0,0,0,7ac5f2ed7f8b920df52a4e1cde4f3ee8f80b69a8208c8d8579b1925f9a445627,adb9bd4c041a320494fbdf407f321dea1ebcac47ee348304ee6439af3096a052,-22.689551361648,5.80580675513444,-5.49666655935377e-14
1564,MC1_K2_N2_L8_SP6_P3_R04,2,STAGE5_TOEPLITZ_CORRELATED,2,8,3,P3,3,7.9,10.1,0.15,90,0,0.9,SPECIFIED_CORRELATION,6,6,3,4,223,MC1_BASE_N2_L8_P3_R04,MC1_BASE_N2_L8_P3_R04,430100223,430200223,WHITENED_SEQUENTIAL_BEAMSPACE_EXPECTED_TOTAL_SNR,STAGE8_K2_TANGENT_WHITE_SNR_MONTE_CARLO_AND_CLOSURE_V1,ONE_SYNTHETIC_CPI,ONE_SELECTED_RANGE_DOPPLER_CELL,1,1,0,0,0,7ac5f2ed7f8b920df52a4e1cde4f3ee8f80b69a8208c8d8579b1925f9a445627,b398d6c75ea78ed8dcc8cb1602956b8cf81ae30ae778e9ea511979f2c009a975,-16.689551361648,11.8058067551344,5.99999999999994
1565,MC1_K2_N2_L8_SP10_P3_R04,2,STAGE5_TOEPLITZ_CORRELATED,2,8,3,P3,3,7.9,10.1,0.15,90,0,0.9,SPECIFIED_CORRELATION,10,10,4,4,223,MC1_BASE_N2_L8_P3_R04,MC1_BASE_N2_L8_P3_R04,430100223,430200223,WHITENED_SEQUENTIAL_BEAMSPACE_EXPECTED_TOTAL_SNR,STAGE8_K2_TANGENT_WHITE_SNR_MONTE_CARLO_AND_CLOSURE_V1,ONE_SYNTHETIC_CPI,ONE_SELECTED_RANGE_DOPPLER_CELL,1,1,0,0,0,7ac5f2ed7f8b920df52a4e1cde4f3ee8f80b69a8208c8d8579b1925f9a445627,d0c567b176d128afe35b2c8b5e36d2e4beaa8575cc46161ea28e6beb8a8e7eb8,-12.689551361648,15.8058067551344,9.99999999999994
1566,MC1_K2_N2_L8_SP14_P3_R04,2,STAGE5_TOEPLITZ_CORRELATED,2,8,3,P3,3,7.9,10.1,0.15,90,0,0.9,SPECIFIED_CORRELATION,14,14,5,4,223,MC1_BASE_N2_L8_P3_R04,MC1_BASE_N2_L8_P3_R04,430100223,430200223,WHITENED_SEQUENTIAL_BEAMSPACE_EXPECTED_TOTAL_SNR,STAGE8_K2_TANGENT_WHITE_SNR_MONTE_CARLO_AND_CLOSURE_V1,ONE_SYNTHETIC_CPI,ONE_SELECTED_RANGE_DOPPLER_CELL,1,1,0,0,0,7ac5f2ed7f8b920df52a4e1cde4f3ee8f80b69a8208c8d8579b1925f9a445627,2fe415867d90207119e978ffba3ce3bb4f927627d83f82a6c2ab579abbb2b350,-8.689551361648,19.8058067551344,14
1567,MC1_K2_N2_L8_SP18_P3_R04,2,STAGE5_TOEPLITZ_CORRELATED,2,8,3,P3,3,7.9,10.1,0.15,90,0,0.9,SPECIFIED_CORRELATION,18,18,6,4,223,MC1_BASE_N2_L8_P3_R04,MC1_BASE_N2_L8_P3_R04,430100223,430200223,WHITENED_SEQUENTIAL_BEAMSPACE_EXPECTED_TOTAL_SNR,STAGE8_K2_TANGENT_WHITE_SNR_MONTE_CARLO_AND_CLOSURE_V1,ONE_SYNTHETIC_CPI,ONE_SELECTED_RANGE_DOPPLER_CELL,1,1,0,0,0,7ac5f2ed7f8b920df52a4e1cde4f3ee8f80b69a8208c8d8579b1925f9a445627,c0cd874b5c0ca3d7994a0f2943841593b61dfeb201efbb90b06d534afd912b89,-4.689551361648,23.8058067551344,18
1568,MC1_K2_N2_L8_SP22_P3_R04,2,STAGE5_TOEPLITZ_CORRELATED,2,8,3,P3,3,7.9,10.1,0.15,90,0,0.9,SPECIFIED_CORRELATION,22,22,7,4,223,MC1_BASE_N2_L8_P3_R04,MC1_BASE_N2_L8_P3_R04,430100223,430200223,WHITENED_SEQUENTIAL_BEAMSPACE_EXPECTED_TOTAL_SNR,STAGE8_K2_TANGENT_WHITE_SNR_MONTE_CARLO_AND_CLOSURE_V1,ONE_SYNTHETIC_CPI,ONE_SELECTED_RANGE_DOPPLER_CELL,1,1,0,0,0,7ac5f2ed7f8b920df52a4e1cde4f3ee8f80b69a8208c8d8579b1925f9a445627,da1a8746ee44c66c4bd0c076068e28f0bb300c6653f4a8546b45379acc4ce771,-0.689551361647996,27.8058067551344,22
1569,MC1_K2_N2_L8_SM6_P3_R05,2,STAGE5_TOEPLITZ_CORRELATED,2,8,3,P3,3,7.9,10.1,0.15,90,0,0.9,SPECIFIED_CORRELATION,-6,-6,1,5,224,MC1_BASE_N2_L8_P3_R05,MC1_BASE_N2_L8_P3_R05,430100224,430200224,WHITENED_SEQUENTIAL_BEAMSPACE_EXPECTED_TOTAL_SNR,STAGE8_K2_TANGENT_WHITE_SNR_MONTE_CARLO_AND_CLOSURE_V1,ONE_SYNTHETIC_CPI,ONE_SELECTED_RANGE_DOPPLER_CELL,1,1,0,0,0,7ac5f2ed7f8b920df52a4e1cde4f3ee8f80b69a8208c8d8579b1925f9a445627,f1f9c32aefc346aca80dbda04e7c85c2246a9b6376004406f4cade38c039b951,-28.6778323690125,-0.185237682554689,-6.00000000000002
1570,MC1_K2_N2_L8_SP0_P3_R05,2,STAGE5_TOEPLITZ_CORRELATED,2,8,3,P3,3,7.9,10.1,0.15,90,0,0.9,SPECIFIED_CORRELATION,0,0,2,5,224,MC1_BASE_N2_L8_P3_R05,MC1_BASE_N2_L8_P3_R05,430100224,430200224,WHITENED_SEQUENTIAL_BEAMSPACE_EXPECTED_TOTAL_SNR,STAGE8_K2_TANGENT_WHITE_SNR_MONTE_CARLO_AND_CLOSURE_V1,ONE_SYNTHETIC_CPI,ONE_SELECTED_RANGE_DOPPLER_CELL,1,1,0,0,0,7ac5f2ed7f8b920df52a4e1cde4f3ee8f80b69a8208c8d8579b1925f9a445627,f833406077a853292dc476ebd41a675620980ff25fcd5905428e74c17487162b,-22.6778323690125,5.81476231744531,-3.51979525291951e-14
1571,MC1_K2_N2_L8_SP6_P3_R05,2,STAGE5_TOEPLITZ_CORRELATED,2,8,3,P3,3,7.9,10.1,0.15,90,0,0.9,SPECIFIED_CORRELATION,6,6,3,5,224,MC1_BASE_N2_L8_P3_R05,MC1_BASE_N2_L8_P3_R05,430100224,430200224,WHITENED_SEQUENTIAL_BEAMSPACE_EXPECTED_TOTAL_SNR,STAGE8_K2_TANGENT_WHITE_SNR_MONTE_CARLO_AND_CLOSURE_V1,ONE_SYNTHETIC_CPI,ONE_SELECTED_RANGE_DOPPLER_CELL,1,1,0,0,0,7ac5f2ed7f8b920df52a4e1cde4f3ee8f80b69a8208c8d8579b1925f9a445627,6bf5f9aed69746f2b8d6b0b668c2fcfac43c9f2b781d58288c7034f104168cf0,-16.6778323690125,11.8147623174453,6
1572,MC1_K2_N2_L8_SP10_P3_R05,2,STAGE5_TOEPLITZ_CORRELATED,2,8,3,P3,3,7.9,10.1,0.15,90,0,0.9,SPECIFIED_CORRELATION,10,10,4,5,224,MC1_BASE_N2_L8_P3_R05,MC1_BASE_N2_L8_P3_R05,430100224,430200224,WHITENED_SEQUENTIAL_BEAMSPACE_EXPECTED_TOTAL_SNR,STAGE8_K2_TANGENT_WHITE_SNR_MONTE_CARLO_AND_CLOSURE_V1,ONE_SYNTHETIC_CPI,ONE_SELECTED_RANGE_DOPPLER_CELL,1,1,0,0,0,7ac5f2ed7f8b920df52a4e1cde4f3ee8f80b69a8208c8d8579b1925f9a445627,e874f6615e3cc99476f8d38409c32bb10fccb401b12c09fdf317605e56965dc7,-12.6778323690125,15.8147623174453,10
1573,MC1_K2_N2_L8_SP14_P3_R05,2,STAGE5_TOEPLITZ_CORRELATED,2,8,3,P3,3,7.9,10.1,0.15,90,0,0.9,SPECIFIED_CORRELATION,14,14,5,5,224,MC1_BASE_N2_L8_P3_R05,MC1_BASE_N2_L8_P3_R05,430100224,430200224,WHITENED_SEQUENTIAL_BEAMSPACE_EXPECTED_TOTAL_SNR,STAGE8_K2_TANGENT_WHITE_SNR_MONTE_CARLO_AND_CLOSURE_V1,ONE_SYNTHETIC_CPI,ONE_SELECTED_RANGE_DOPPLER_CELL,1,1,0,0,0,7ac5f2ed7f8b920df52a4e1cde4f3ee8f80b69a8208c8d8579b1925f9a445627,8357cfc2d37a379436a42237e7a4a453f10bf64371fd4e817ab6d96231b3933b,-8.67783236901246,19.8147623174453,14
1574,MC1_K2_N2_L8_SP18_P3_R05,2,STAGE5_TOEPLITZ_CORRELATED,2,8,3,P3,3,7.9,10.1,0.15,90,0,0.9,SPECIFIED_CORRELATION,18,18,6,5,224,MC1_BASE_N2_L8_P3_R05,MC1_BASE_N2_L8_P3_R05,430100224,430200224,WHITENED_SEQUENTIAL_BEAMSPACE_EXPECTED_TOTAL_SNR,STAGE8_K2_TANGENT_WHITE_SNR_MONTE_CARLO_AND_CLOSURE_V1,ONE_SYNTHETIC_CPI,ONE_SELECTED_RANGE_DOPPLER_CELL,1,1,0,0,0,7ac5f2ed7f8b920df52a4e1cde4f3ee8f80b69a8208c8d8579b1925f9a445627,e617ffa81f02d5efab25233a96fefff9c893a7a9ab89d06b0395e779e9afec0e,-4.67783236901246,23.8147623174453,18
1575,MC1_K2_N2_L8_SP22_P3_R05,2,STAGE5_TOEPLITZ_CORRELATED,2,8,3,P3,3,7.9,10.1,0.15,90,0,0.9,SPECIFIED_CORRELATION,22,22,7,5,224,MC1_BASE_N2_L8_P3_R05,MC1_BASE_N2_L8_P3_R05,430100224,430200224,WHITENED_SEQUENTIAL_BEAMSPACE_EXPECTED_TOTAL_SNR,STAGE8_K2_TANGENT_WHITE_SNR_MONTE_CARLO_AND_CLOSURE_V1,ONE_SYNTHETIC_CPI,ONE_SELECTED_RANGE_DOPPLER_CELL,1,1,0,0,0,7ac5f2ed7f8b920df52a4e1cde4f3ee8f80b69a8208c8d8579b1925f9a445627,237fa9b064312910cd969bb09681a50c0bd8484ef615530ea43bd29f7565f97b,-0.677832369012454,27.8147623174453,22
1576,MC1_K2_N2_L8_SM6_P3_R06,2,STAGE5_TOEPLITZ_CORRELATED,2,8,3,P3,3,7.9,10.1,0.15,90,0,0.9,SPECIFIED_CORRELATION,-6,-6,1,6,225,MC1_BASE_N2_L8_P3_R06,MC1_BASE_N2_L8_P3_R06,430100225,430200225,WHITENED_SEQUENTIAL_BEAMSPACE_EXPECTED_TOTAL_SNR,STAGE8_K2_TANGENT_WHITE_SNR_MONTE_CARLO_AND_CLOSURE_V1,ONE_SYNTHETIC_CPI,ONE_SELECTED_RANGE_DOPPLER_CELL,1,1,0,0,0,7ac5f2ed7f8b920df52a4e1cde4f3ee8f80b69a8208c8d8579b1925f9a445627,027819938d0cc9b2711c5ee4dbbc532233465502d61bae2a29966017e0f260ea,-28.67610956407,-0.185089168651929,-6.00000000000004
1577,MC1_K2_N2_L8_SP0_P3_R06,2,STAGE5_TOEPLITZ_CORRELATED,2,8,3,P3,3,7.9,10.1,0.15,90,0,0.9,SPECIFIED_CORRELATION,0,0,2,6,225,MC1_BASE_N2_L8_P3_R06,MC1_BASE_N2_L8_P3_R06,430100225,430200225,WHITENED_SEQUENTIAL_BEAMSPACE_EXPECTED_TOTAL_SNR,STAGE8_K2_TANGENT_WHITE_SNR_MONTE_CARLO_AND_CLOSURE_V1,ONE_SYNTHETIC_CPI,ONE_SELECTED_RANGE_DOPPLER_CELL,1,1,0,0,0,7ac5f2ed7f8b920df52a4e1cde4f3ee8f80b69a8208c8d8579b1925f9a445627,3788c31a84282980b5f6dcde569f90a08feec99bff5169723518e3a076a9343f,-22.67610956407,5.81491083134807,-2.41081866638322e-15
1578,MC1_K2_N2_L8_SP6_P3_R06,2,STAGE5_TOEPLITZ_CORRELATED,2,8,3,P3,3,7.9,10.1,0.15,90,0,0.9,SPECIFIED_CORRELATION,6,6,3,6,225,MC1_BASE_N2_L8_P3_R06,MC1_BASE_N2_L8_P3_R06,430100225,430200225,WHITENED_SEQUENTIAL_BEAMSPACE_EXPECTED_TOTAL_SNR,STAGE8_K2_TANGENT_WHITE_SNR_MONTE_CARLO_AND_CLOSURE_V1,ONE_SYNTHETIC_CPI,ONE_SELECTED_RANGE_DOPPLER_CELL,1,1,0,0,0,7ac5f2ed7f8b920df52a4e1cde4f3ee8f80b69a8208c8d8579b1925f9a445627,a1f6a5462b5bef7677ba802e4658b5241b9dd8619c35f513810348da658eba54,-16.67610956407,11.8149108313481,5.99999999999999
1579,MC1_K2_N2_L8_SP10_P3_R06,2,STAGE5_TOEPLITZ_CORRELATED,2,8,3,P3,3,7.9,10.1,0.15,90,0,0.9,SPECIFIED_CORRELATION,10,10,4,6,225,MC1_BASE_N2_L8_P3_R06,MC1_BASE_N2_L8_P3_R06,430100225,430200225,WHITENED_SEQUENTIAL_BEAMSPACE_EXPECTED_TOTAL_SNR,STAGE8_K2_TANGENT_WHITE_SNR_MONTE_CARLO_AND_CLOSURE_V1,ONE_SYNTHETIC_CPI,ONE_SELECTED_RANGE_DOPPLER_CELL,1,1,0,0,0,7ac5f2ed7f8b920df52a4e1cde4f3ee8f80b69a8208c8d8579b1925f9a445627,12e2fa8dd02687f1e063d11fa7be077c537d9ecbb6069b6f3a52e240dbd9a061,-12.67610956407,15.8149108313481,9.99999999999996
1580,MC1_K2_N2_L8_SP14_P3_R06,2,STAGE5_TOEPLITZ_CORRELATED,2,8,3,P3,3,7.9,10.1,0.15,90,0,0.9,SPECIFIED_CORRELATION,14,14,5,6,225,MC1_BASE_N2_L8_P3_R06,MC1_BASE_N2_L8_P3_R06,430100225,430200225,WHITENED_SEQUENTIAL_BEAMSPACE_EXPECTED_TOTAL_SNR,STAGE8_K2_TANGENT_WHITE_SNR_MONTE_CARLO_AND_CLOSURE_V1,ONE_SYNTHETIC_CPI,ONE_SELECTED_RANGE_DOPPLER_CELL,1,1,0,0,0,7ac5f2ed7f8b920df52a4e1cde4f3ee8f80b69a8208c8d8579b1925f9a445627,ff7c92adf95e5cc762007f5498afc0498cb6448081f8337ebe1367cc20e9a37f,-8.67610956407005,19.8149108313481,14
1581,MC1_K2_N2_L8_SP18_P3_R06,2,STAGE5_TOEPLITZ_CORRELATED,2,8,3,P3,3,7.9,10.1,0.15,90,0,0.9,SPECIFIED_CORRELATION,18,18,6,6,225,MC1_BASE_N2_L8_P3_R06,MC1_BASE_N2_L8_P3_R06,430100225,430200225,WHITENED_SEQUENTIAL_BEAMSPACE_EXPECTED_TOTAL_SNR,STAGE8_K2_TANGENT_WHITE_SNR_MONTE_CARLO_AND_CLOSURE_V1,ONE_SYNTHETIC_CPI,ONE_SELECTED_RANGE_DOPPLER_CELL,1,1,0,0,0,7ac5f2ed7f8b920df52a4e1cde4f3ee8f80b69a8208c8d8579b1925f9a445627,9090152eed1d28ff9b71f3ec215733aa859d17c9b3825612f7dac924ad43bb16,-4.67610956407004,23.8149108313481,17.9999999999999
1582,MC1_K2_N2_L8_SP22_P3_R06,2,STAGE5_TOEPLITZ_CORRELATED,2,8,3,P3,3,7.9,10.1,0.15,90,0,0.9,SPECIFIED_CORRELATION,22,22,7,6,225,MC1_BASE_N2_L8_P3_R06,MC1_BASE_N2_L8_P3_R06,430100225,430200225,WHITENED_SEQUENTIAL_BEAMSPACE_EXPECTED_TOTAL_SNR,STAGE8_K2_TANGENT_WHITE_SNR_MONTE_CARLO_AND_CLOSURE_V1,ONE_SYNTHETIC_CPI,ONE_SELECTED_RANGE_DOPPLER_CELL,1,1,0,0,0,7ac5f2ed7f8b920df52a4e1cde4f3ee8f80b69a8208c8d8579b1925f9a445627,8209ad6c66ba27b64d035d4f83ea8403a9cc30fb0331797a628927af478a3e69,-0.676109564070042,27.8149108313481,22
1583,MC1_K2_N2_L8_SM6_P3_R07,2,STAGE5_TOEPLITZ_CORRELATED,2,8,3,P3,3,7.9,10.1,0.15,90,0,0.9,SPECIFIED_CORRELATION,-6,-6,1,7,226,MC1_BASE_N2_L8_P3_R07,MC1_BASE_N2_L8_P3_R07,430100226,430200226,WHITENED_SEQUENTIAL_BEAMSPACE_EXPECTED_TOTAL_SNR,STAGE8_K2_TANGENT_WHITE_SNR_MONTE_CARLO_AND_CLOSURE_V1,ONE_SYNTHETIC_CPI,ONE_SELECTED_RANGE_DOPPLER_CELL,1,1,0,0,0,7ac5f2ed7f8b920df52a4e1cde4f3ee8f80b69a8208c8d8579b1925f9a445627,f8899d250dbea190cac31454cf548cd751385e0ba5298b8d75c6c8880577076f,-28.672207531264,-0.186288473262242,-6.00000000000002
1584,MC1_K2_N2_L8_SP0_P3_R07,2,STAGE5_TOEPLITZ_CORRELATED,2,8,3,P3,3,7.9,10.1,0.15,90,0,0.9,SPECIFIED_CORRELATION,0,0,2,7,226,MC1_BASE_N2_L8_P3_R07,MC1_BASE_N2_L8_P3_R07,430100226,430200226,WHITENED_SEQUENTIAL_BEAMSPACE_EXPECTED_TOTAL_SNR,STAGE8_K2_TANGENT_WHITE_SNR_MONTE_CARLO_AND_CLOSURE_V1,ONE_SYNTHETIC_CPI,ONE_SELECTED_RANGE_DOPPLER_CELL,1,1,0,0,0,7ac5f2ed7f8b920df52a4e1cde4f3ee8f80b69a8208c8d8579b1925f9a445627,886a2ddcc4e115b4971526bdf6eeedcd07ce40977c1c9589d22503bf04a60da6,-22.672207531264,5.81371152673776,5.78596479931972e-15
1585,MC1_K2_N2_L8_SP6_P3_R07,2,STAGE5_TOEPLITZ_CORRELATED,2,8,3,P3,3,7.9,10.1,0.15,90,0,0.9,SPECIFIED_CORRELATION,6,6,3,7,226,MC1_BASE_N2_L8_P3_R07,MC1_BASE_N2_L8_P3_R07,430100226,430200226,WHITENED_SEQUENTIAL_BEAMSPACE_EXPECTED_TOTAL_SNR,STAGE8_K2_TANGENT_WHITE_SNR_MONTE_CARLO_AND_CLOSURE_V1,ONE_SYNTHETIC_CPI,ONE_SELECTED_RANGE_DOPPLER_CELL,1,1,0,0,0,7ac5f2ed7f8b920df52a4e1cde4f3ee8f80b69a8208c8d8579b1925f9a445627,c7b729b18ee7642b6dea480e8aed80510e410c13e55a17a615b9f16d00142d05,-16.672207531264,11.8137115267378,5.99999999999998
1586,MC1_K2_N2_L8_SP10_P3_R07,2,STAGE5_TOEPLITZ_CORRELATED,2,8,3,P3,3,7.9,10.1,0.15,90,0,0.9,SPECIFIED_CORRELATION,10,10,4,7,226,MC1_BASE_N2_L8_P3_R07,MC1_BASE_N2_L8_P3_R07,430100226,430200226,WHITENED_SEQUENTIAL_BEAMSPACE_EXPECTED_TOTAL_SNR,STAGE8_K2_TANGENT_WHITE_SNR_MONTE_CARLO_AND_CLOSURE_V1,ONE_SYNTHETIC_CPI,ONE_SELECTED_RANGE_DOPPLER_CELL,1,1,0,0,0,7ac5f2ed7f8b920df52a4e1cde4f3ee8f80b69a8208c8d8579b1925f9a445627,511964218e89ddf58d77aada771f3380b73bc3362fcdd72c82e2ea05793d8105,-12.672207531264,15.8137115267378,10
1587,MC1_K2_N2_L8_SP14_P3_R07,2,STAGE5_TOEPLITZ_CORRELATED,2,8,3,P3,3,7.9,10.1,0.15,90,0,0.9,SPECIFIED_CORRELATION,14,14,5,7,226,MC1_BASE_N2_L8_P3_R07,MC1_BASE_N2_L8_P3_R07,430100226,430200226,WHITENED_SEQUENTIAL_BEAMSPACE_EXPECTED_TOTAL_SNR,STAGE8_K2_TANGENT_WHITE_SNR_MONTE_CARLO_AND_CLOSURE_V1,ONE_SYNTHETIC_CPI,ONE_SELECTED_RANGE_DOPPLER_CELL,1,1,0,0,0,7ac5f2ed7f8b920df52a4e1cde4f3ee8f80b69a8208c8d8579b1925f9a445627,473d26977ae0c6d7cdf9bc4d4dff371c848ab8f96de596ac7eeaa919cc0ea2d2,-8.67220753126398,19.8137115267378,14
1588,MC1_K2_N2_L8_SP18_P3_R07,2,STAGE5_TOEPLITZ_CORRELATED,2,8,3,P3,3,7.9,10.1,0.15,90,0,0.9,SPECIFIED_CORRELATION,18,18,6,7,226,MC1_BASE_N2_L8_P3_R07,MC1_BASE_N2_L8_P3_R07,430100226,430200226,WHITENED_SEQUENTIAL_BEAMSPACE_EXPECTED_TOTAL_SNR,STAGE8_K2_TANGENT_WHITE_SNR_MONTE_CARLO_AND_CLOSURE_V1,ONE_SYNTHETIC_CPI,ONE_SELECTED_RANGE_DOPPLER_CELL,1,1,0,0,0,7ac5f2ed7f8b920df52a4e1cde4f3ee8f80b69a8208c8d8579b1925f9a445627,8d8c01dde4fba8dcc525c2310b84bd0be62d46c3215d605bb8f29426ac0f59b0,-4.67220753126398,23.8137115267378,18
1589,MC1_K2_N2_L8_SP22_P3_R07,2,STAGE5_TOEPLITZ_CORRELATED,2,8,3,P3,3,7.9,10.1,0.15,90,0,0.9,SPECIFIED_CORRELATION,22,22,7,7,226,MC1_BASE_N2_L8_P3_R07,MC1_BASE_N2_L8_P3_R07,430100226,430200226,WHITENED_SEQUENTIAL_BEAMSPACE_EXPECTED_TOTAL_SNR,STAGE8_K2_TANGENT_WHITE_SNR_MONTE_CARLO_AND_CLOSURE_V1,ONE_SYNTHETIC_CPI,ONE_SELECTED_RANGE_DOPPLER_CELL,1,1,0,0,0,7ac5f2ed7f8b920df52a4e1cde4f3ee8f80b69a8208c8d8579b1925f9a445627,f86e99945d3a156da941f5e768a30161c2f22c912895ddca5a8382affe017bfb,-0.67220753126398,27.8137115267378,22
1590,MC1_K2_N2_L8_SM6_P3_R08,2,STAGE5_TOEPLITZ_CORRELATED,2,8,3,P3,3,7.9,10.1,0.15,90,0,0.9,SPECIFIED_CORRELATION,-6,-6,1,8,227,MC1_BASE_N2_L8_P3_R08,MC1_BASE_N2_L8_P3_R08,430100227,430200227,WHITENED_SEQUENTIAL_BEAMSPACE_EXPECTED_TOTAL_SNR,STAGE8_K2_TANGENT_WHITE_SNR_MONTE_CARLO_AND_CLOSURE_V1,ONE_SYNTHETIC_CPI,ONE_SELECTED_RANGE_DOPPLER_CELL,1,1,0,0,0,7ac5f2ed7f8b920df52a4e1cde4f3ee8f80b69a8208c8d8579b1925f9a445627,a7d62d117fb4977d994e9bbaca76aac1fb4fd9923e798bb10fc08d95c854c197,-28.703252499742,-0.219446888713552,-6
1591,MC1_K2_N2_L8_SP0_P3_R08,2,STAGE5_TOEPLITZ_CORRELATED,2,8,3,P3,3,7.9,10.1,0.15,90,0,0.9,SPECIFIED_CORRELATION,0,0,2,8,227,MC1_BASE_N2_L8_P3_R08,MC1_BASE_N2_L8_P3_R08,430100227,430200227,WHITENED_SEQUENTIAL_BEAMSPACE_EXPECTED_TOTAL_SNR,STAGE8_K2_TANGENT_WHITE_SNR_MONTE_CARLO_AND_CLOSURE_V1,ONE_SYNTHETIC_CPI,ONE_SELECTED_RANGE_DOPPLER_CELL,1,1,0,0,0,7ac5f2ed7f8b920df52a4e1cde4f3ee8f80b69a8208c8d8579b1925f9a445627,0cd6b2c9ec4ddb892fb6a54f326b7997d85f1a7e150d2e3e20856fd4ea22ecbf,-22.703252499742,5.78055311128645,6.46099402590698e-14
1592,MC1_K2_N2_L8_SP6_P3_R08,2,STAGE5_TOEPLITZ_CORRELATED,2,8,3,P3,3,7.9,10.1,0.15,90,0,0.9,SPECIFIED_CORRELATION,6,6,3,8,227,MC1_BASE_N2_L8_P3_R08,MC1_BASE_N2_L8_P3_R08,430100227,430200227,WHITENED_SEQUENTIAL_BEAMSPACE_EXPECTED_TOTAL_SNR,STAGE8_K2_TANGENT_WHITE_SNR_MONTE_CARLO_AND_CLOSURE_V1,ONE_SYNTHETIC_CPI,ONE_SELECTED_RANGE_DOPPLER_CELL,1,1,0,0,0,7ac5f2ed7f8b920df52a4e1cde4f3ee8f80b69a8208c8d8579b1925f9a445627,35c29b8884e66e4d4d73ebe68ffcc7fefbe75e0550dc7df06680fc48572c0fc0,-16.703252499742,11.7805531112864,6.00000000000002
1593,MC1_K2_N2_L8_SP10_P3_R08,2,STAGE5_TOEPLITZ_CORRELATED,2,8,3,P3,3,7.9,10.1,0.15,90,0,0.9,SPECIFIED_CORRELATION,10,10,4,8,227,MC1_BASE_N2_L8_P3_R08,MC1_BASE_N2_L8_P3_R08,430100227,430200227,WHITENED_SEQUENTIAL_BEAMSPACE_EXPECTED_TOTAL_SNR,STAGE8_K2_TANGENT_WHITE_SNR_MONTE_CARLO_AND_CLOSURE_V1,ONE_SYNTHETIC_CPI,ONE_SELECTED_RANGE_DOPPLER_CELL,1,1,0,0,0,7ac5f2ed7f8b920df52a4e1cde4f3ee8f80b69a8208c8d8579b1925f9a445627,31eb2877c5991e6c14a243205ff9fd1d4e283e1faec4ae0e68488f6eaf1478b8,-12.703252499742,15.7805531112864,10.0000000000001
1594,MC1_K2_N2_L8_SP14_P3_R08,2,STAGE5_TOEPLITZ_CORRELATED,2,8,3,P3,3,7.9,10.1,0.15,90,0,0.9,SPECIFIED_CORRELATION,14,14,5,8,227,MC1_BASE_N2_L8_P3_R08,MC1_BASE_N2_L8_P3_R08,430100227,430200227,WHITENED_SEQUENTIAL_BEAMSPACE_EXPECTED_TOTAL_SNR,STAGE8_K2_TANGENT_WHITE_SNR_MONTE_CARLO_AND_CLOSURE_V1,ONE_SYNTHETIC_CPI,ONE_SELECTED_RANGE_DOPPLER_CELL,1,1,0,0,0,7ac5f2ed7f8b920df52a4e1cde4f3ee8f80b69a8208c8d8579b1925f9a445627,5d6ce7943316e9f22f55dfe64791f3362a4b9a3bdf5b0f3e2ff8932ff6701ee8,-8.70325249974202,19.7805531112864,14
1595,MC1_K2_N2_L8_SP18_P3_R08,2,STAGE5_TOEPLITZ_CORRELATED,2,8,3,P3,3,7.9,10.1,0.15,90,0,0.9,SPECIFIED_CORRELATION,18,18,6,8,227,MC1_BASE_N2_L8_P3_R08,MC1_BASE_N2_L8_P3_R08,430100227,430200227,WHITENED_SEQUENTIAL_BEAMSPACE_EXPECTED_TOTAL_SNR,STAGE8_K2_TANGENT_WHITE_SNR_MONTE_CARLO_AND_CLOSURE_V1,ONE_SYNTHETIC_CPI,ONE_SELECTED_RANGE_DOPPLER_CELL,1,1,0,0,0,7ac5f2ed7f8b920df52a4e1cde4f3ee8f80b69a8208c8d8579b1925f9a445627,7ecef8966b4c037e2de0a71c3e9b8e72f7e6eb481aa7992008087a4463475a44,-4.70325249974202,23.7805531112864,18.0000000000001
1596,MC1_K2_N2_L8_SP22_P3_R08,2,STAGE5_TOEPLITZ_CORRELATED,2,8,3,P3,3,7.9,10.1,0.15,90,0,0.9,SPECIFIED_CORRELATION,22,22,7,8,227,MC1_BASE_N2_L8_P3_R08,MC1_BASE_N2_L8_P3_R08,430100227,430200227,WHITENED_SEQUENTIAL_BEAMSPACE_EXPECTED_TOTAL_SNR,STAGE8_K2_TANGENT_WHITE_SNR_MONTE_CARLO_AND_CLOSURE_V1,ONE_SYNTHETIC_CPI,ONE_SELECTED_RANGE_DOPPLER_CELL,1,1,0,0,0,7ac5f2ed7f8b920df52a4e1cde4f3ee8f80b69a8208c8d8579b1925f9a445627,e31fc0c1c2a41cb1cd9561cde8a970a922d4964a01f15d8eed0059d395a86203,-0.70325249974201,27.7805531112864,22
1597,MC1_K2_N2_L8_SM6_P3_R09,2,STAGE5_TOEPLITZ_CORRELATED,2,8,3,P3,3,7.9,10.1,0.15,90,0,0.9,SPECIFIED_CORRELATION,-6,-6,1,9,228,MC1_BASE_N2_L8_P3_R09,MC1_BASE_N2_L8_P3_R09,430100228,430200228,WHITENED_SEQUENTIAL_BEAMSPACE_EXPECTED_TOTAL_SNR,STAGE8_K2_TANGENT_WHITE_SNR_MONTE_CARLO_AND_CLOSURE_V1,ONE_SYNTHETIC_CPI,ONE_SELECTED_RANGE_DOPPLER_CELL,1,1,0,0,0,7ac5f2ed7f8b920df52a4e1cde4f3ee8f80b69a8208c8d8579b1925f9a445627,daf59f1a88aa142e610308fdfa981891dbc82101323cf906e3e75c3939f1b5ab,-28.6769013678579,-0.185112062301681,-6.00000000000004
1598,MC1_K2_N2_L8_SP0_P3_R09,2,STAGE5_TOEPLITZ_CORRELATED,2,8,3,P3,3,7.9,10.1,0.15,90,0,0.9,SPECIFIED_CORRELATION,0,0,2,9,228,MC1_BASE_N2_L8_P3_R09,MC1_BASE_N2_L8_P3_R09,430100228,430200228,WHITENED_SEQUENTIAL_BEAMSPACE_EXPECTED_TOTAL_SNR,STAGE8_K2_TANGENT_WHITE_SNR_MONTE_CARLO_AND_CLOSURE_V1,ONE_SYNTHETIC_CPI,ONE_SELECTED_RANGE_DOPPLER_CELL,1,1,0,0,0,7ac5f2ed7f8b920df52a4e1cde4f3ee8f80b69a8208c8d8579b1925f9a445627,180b88c12e23f0c81783e3de7a4f4fb86826ecb888f4de4bd5cb6dc43588dc68,-22.6769013678579,5.81488793769832,-6.89494138585606e-14
1599,MC1_K2_N2_L8_SP6_P3_R09,2,STAGE5_TOEPLITZ_CORRELATED,2,8,3,P3,3,7.9,10.1,0.15,90,0,0.9,SPECIFIED_CORRELATION,6,6,3,9,228,MC1_BASE_N2_L8_P3_R09,MC1_BASE_N2_L8_P3_R09,430100228,430200228,WHITENED_SEQUENTIAL_BEAMSPACE_EXPECTED_TOTAL_SNR,STAGE8_K2_TANGENT_WHITE_SNR_MONTE_CARLO_AND_CLOSURE_V1,ONE_SYNTHETIC_CPI,ONE_SELECTED_RANGE_DOPPLER_CELL,1,1,0,0,0,7ac5f2ed7f8b920df52a4e1cde4f3ee8f80b69a8208c8d8579b1925f9a445627,f127503e1550ff7ee3a6924c2df40a0423214794e9b8c2a5d34a6fefff72cacd,-16.6769013678579,11.8148879376983,5.99999999999999
1600,MC1_K2_N2_L8_SP10_P3_R09,2,STAGE5_TOEPLITZ_CORRELATED,2,8,3,P3,3,7.9,10.1,0.15,90,0,0.9,SPECIFIED_CORRELATION,10,10,4,9,228,MC1_BASE_N2_L8_P3_R09,MC1_BASE_N2_L8_P3_R09,430100228,430200228,WHITENED_SEQUENTIAL_BEAMSPACE_EXPECTED_TOTAL_SNR,STAGE8_K2_TANGENT_WHITE_SNR_MONTE_CARLO_AND_CLOSURE_V1,ONE_SYNTHETIC_CPI,ONE_SELECTED_RANGE_DOPPLER_CELL,1,1,0,0,0,7ac5f2ed7f8b920df52a4e1cde4f3ee8f80b69a8208c8d8579b1925f9a445627,b4d339492b0f42692068288eb15abc4c514c43b5b6994ebd3c4e618b6f886031,-12.6769013678579,15.8148879376983,9.99999999999996
1601,MC1_K2_N2_L8_SP14_P3_R09,2,STAGE5_TOEPLITZ_CORRELATED,2,8,3,P3,3,7.9,10.1,0.15,90,0,0.9,SPECIFIED_CORRELATION,14,14,5,9,228,MC1_BASE_N2_L8_P3_R09,MC1_BASE_N2_L8_P3_R09,430100228,430200228,WHITENED_SEQUENTIAL_BEAMSPACE_EXPECTED_TOTAL_SNR,STAGE8_K2_TANGENT_WHITE_SNR_MONTE_CARLO_AND_CLOSURE_V1,ONE_SYNTHETIC_CPI,ONE_SELECTED_RANGE_DOPPLER_CELL,1,1,0,0,0,7ac5f2ed7f8b920df52a4e1cde4f3ee8f80b69a8208c8d8579b1925f9a445627,11ff7f57162b8d38ec195215a37f267159cd5cbaf174ec2d36aa03303ff0314c,-8.67690136785792,19.8148879376983,14
1602,MC1_K2_N2_L8_SP18_P3_R09,2,STAGE5_TOEPLITZ_CORRELATED,2,8,3,P3,3,7.9,10.1,0.15,90,0,0.9,SPECIFIED_CORRELATION,18,18,6,9,228,MC1_BASE_N2_L8_P3_R09,MC1_BASE_N2_L8_P3_R09,430100228,430200228,WHITENED_SEQUENTIAL_BEAMSPACE_EXPECTED_TOTAL_SNR,STAGE8_K2_TANGENT_WHITE_SNR_MONTE_CARLO_AND_CLOSURE_V1,ONE_SYNTHETIC_CPI,ONE_SELECTED_RANGE_DOPPLER_CELL,1,1,0,0,0,7ac5f2ed7f8b920df52a4e1cde4f3ee8f80b69a8208c8d8579b1925f9a445627,5492730465ae609683e1da4a6231debd11a59f8156334d0075995d97383777d2,-4.67690136785792,23.8148879376983,18
1603,MC1_K2_N2_L8_SP22_P3_R09,2,STAGE5_TOEPLITZ_CORRELATED,2,8,3,P3,3,7.9,10.1,0.15,90,0,0.9,SPECIFIED_CORRELATION,22,22,7,9,228,MC1_BASE_N2_L8_P3_R09,MC1_BASE_N2_L8_P3_R09,430100228,430200228,WHITENED_SEQUENTIAL_BEAMSPACE_EXPECTED_TOTAL_SNR,STAGE8_K2_TANGENT_WHITE_SNR_MONTE_CARLO_AND_CLOSURE_V1,ONE_SYNTHETIC_CPI,ONE_SELECTED_RANGE_DOPPLER_CELL,1,1,0,0,0,7ac5f2ed7f8b920df52a4e1cde4f3ee8f80b69a8208c8d8579b1925f9a445627,3c0efcacc93038bd55042b8ea27cba306d457be4b3651c3cb14f45f067a86c58,-0.676901367857919,27.8148879376983,22
1604,MC1_K2_N2_L8_SM6_P3_R10,2,STAGE5_TOEPLITZ_CORRELATED,2,8,3,P3,3,7.9,10.1,0.15,90,0,0.9,SPECIFIED_CORRELATION,-6,-6,1,10,229,MC1_BASE_N2_L8_P3_R10,MC1_BASE_N2_L8_P3_R10,430100229,430200229,WHITENED_SEQUENTIAL_BEAMSPACE_EXPECTED_TOTAL_SNR,STAGE8_K2_TANGENT_WHITE_SNR_MONTE_CARLO_AND_CLOSURE_V1,ONE_SYNTHETIC_CPI,ONE_SELECTED_RANGE_DOPPLER_CELL,1,1,0,0,0,7ac5f2ed7f8b920df52a4e1cde4f3ee8f80b69a8208c8d8579b1925f9a445627,6f1a9f09ba5575df12655445e28bd7b2d10cd627be976edb8d6d9eb19d70ac1b,-28.6950654230522,-0.202438517675826,-6
1605,MC1_K2_N2_L8_SP0_P3_R10,2,STAGE5_TOEPLITZ_CORRELATED,2,8,3,P3,3,7.9,10.1,0.15,90,0,0.9,SPECIFIED_CORRELATION,0,0,2,10,229,MC1_BASE_N2_L8_P3_R10,MC1_BASE_N2_L8_P3_R10,430100229,430200229,WHITENED_SEQUENTIAL_BEAMSPACE_EXPECTED_TOTAL_SNR,STAGE8_K2_TANGENT_WHITE_SNR_MONTE_CARLO_AND_CLOSURE_V1,ONE_SYNTHETIC_CPI,ONE_SELECTED_RANGE_DOPPLER_CELL,1,1,0,0,0,7ac5f2ed7f8b920df52a4e1cde4f3ee8f80b69a8208c8d8579b1925f9a445627,d56f1b7dd40fe2683e2b528ee3739d01c86e88652448b57cd4649f64e03b8fb6,-22.6950654230522,5.79756148232417,-5.93061391930276e-14
1606,MC1_K2_N2_L8_SP6_P3_R10,2,STAGE5_TOEPLITZ_CORRELATED,2,8,3,P3,3,7.9,10.1,0.15,90,0,0.9,SPECIFIED_CORRELATION,6,6,3,10,229,MC1_BASE_N2_L8_P3_R10,MC1_BASE_N2_L8_P3_R10,430100229,430200229,WHITENED_SEQUENTIAL_BEAMSPACE_EXPECTED_TOTAL_SNR,STAGE8_K2_TANGENT_WHITE_SNR_MONTE_CARLO_AND_CLOSURE_V1,ONE_SYNTHETIC_CPI,ONE_SELECTED_RANGE_DOPPLER_CELL,1,1,0,0,0,7ac5f2ed7f8b920df52a4e1cde4f3ee8f80b69a8208c8d8579b1925f9a445627,14a7e65ce64cda7dd24c9e7c9df5ff216845b4439515bec0cab15876a78f9728,-16.6950654230522,11.7975614823242,5.99999999999995
1607,MC1_K2_N2_L8_SP10_P3_R10,2,STAGE5_TOEPLITZ_CORRELATED,2,8,3,P3,3,7.9,10.1,0.15,90,0,0.9,SPECIFIED_CORRELATION,10,10,4,10,229,MC1_BASE_N2_L8_P3_R10,MC1_BASE_N2_L8_P3_R10,430100229,430200229,WHITENED_SEQUENTIAL_BEAMSPACE_EXPECTED_TOTAL_SNR,STAGE8_K2_TANGENT_WHITE_SNR_MONTE_CARLO_AND_CLOSURE_V1,ONE_SYNTHETIC_CPI,ONE_SELECTED_RANGE_DOPPLER_CELL,1,1,0,0,0,7ac5f2ed7f8b920df52a4e1cde4f3ee8f80b69a8208c8d8579b1925f9a445627,db345fffdb18d59244d94f00062e233c6c2afd927e5920307c6ce46698e5c3d3,-12.6950654230522,15.7975614823242,9.99999999999995
1608,MC1_K2_N2_L8_SP14_P3_R10,2,STAGE5_TOEPLITZ_CORRELATED,2,8,3,P3,3,7.9,10.1,0.15,90,0,0.9,SPECIFIED_CORRELATION,14,14,5,10,229,MC1_BASE_N2_L8_P3_R10,MC1_BASE_N2_L8_P3_R10,430100229,430200229,WHITENED_SEQUENTIAL_BEAMSPACE_EXPECTED_TOTAL_SNR,STAGE8_K2_TANGENT_WHITE_SNR_MONTE_CARLO_AND_CLOSURE_V1,ONE_SYNTHETIC_CPI,ONE_SELECTED_RANGE_DOPPLER_CELL,1,1,0,0,0,7ac5f2ed7f8b920df52a4e1cde4f3ee8f80b69a8208c8d8579b1925f9a445627,295693253444df7bd961541c7d903f6735adae99016f9bb4ef78bdd6b71d3765,-8.69506542305225,19.7975614823242,14
1609,MC1_K2_N2_L8_SP18_P3_R10,2,STAGE5_TOEPLITZ_CORRELATED,2,8,3,P3,3,7.9,10.1,0.15,90,0,0.9,SPECIFIED_CORRELATION,18,18,6,10,229,MC1_BASE_N2_L8_P3_R10,MC1_BASE_N2_L8_P3_R10,430100229,430200229,WHITENED_SEQUENTIAL_BEAMSPACE_EXPECTED_TOTAL_SNR,STAGE8_K2_TANGENT_WHITE_SNR_MONTE_CARLO_AND_CLOSURE_V1,ONE_SYNTHETIC_CPI,ONE_SELECTED_RANGE_DOPPLER_CELL,1,1,0,0,0,7ac5f2ed7f8b920df52a4e1cde4f3ee8f80b69a8208c8d8579b1925f9a445627,8f6ffdab86ce7d2d7d2b872434961fbabf5e6c5ecb8fbfbeb48640a859e3225a,-4.69506542305225,23.7975614823242,18
1610,MC1_K2_N2_L8_SP22_P3_R10,2,STAGE5_TOEPLITZ_CORRELATED,2,8,3,P3,3,7.9,10.1,0.15,90,0,0.9,SPECIFIED_CORRELATION,22,22,7,10,229,MC1_BASE_N2_L8_P3_R10,MC1_BASE_N2_L8_P3_R10,430100229,430200229,WHITENED_SEQUENTIAL_BEAMSPACE_EXPECTED_TOTAL_SNR,STAGE8_K2_TANGENT_WHITE_SNR_MONTE_CARLO_AND_CLOSURE_V1,ONE_SYNTHETIC_CPI,ONE_SELECTED_RANGE_DOPPLER_CELL,1,1,0,0,0,7ac5f2ed7f8b920df52a4e1cde4f3ee8f80b69a8208c8d8579b1925f9a445627,e37cc88e02379dbec79c6a76a15b23aa692447a6502f8ae2ebdea8d2fd1db845,-0.695065423052244,27.7975614823242,22
1611,MC1_K2_N2_L8_SM6_P4_R01,2,STAGE5_TOEPLITZ_CORRELATED,2,8,3,P4,4,8.1,9.95,0.1,135,-6,0.9,SPECIFIED_CORRELATION,-6,-6,1,1,230,MC1_BASE_N2_L8_P4_R01,MC1_BASE_N2_L8_P4_R01,430100230,430200230,WHITENED_SEQUENTIAL_BEAMSPACE_EXPECTED_TOTAL_SNR,STAGE8_K2_TANGENT_WHITE_SNR_MONTE_CARLO_AND_CLOSURE_V1,ONE_SYNTHETIC_CPI,ONE_SELECTED_RANGE_DOPPLER_CELL,1,1,0,0,0,7ac5f2ed7f8b920df52a4e1cde4f3ee8f80b69a8208c8d8579b1925f9a445627,0e3484efe3aab8f0c02aee67d4a1cb138e0dd01a017903eac21c05096dcf5863,-28.6440554749835,-0.143376937315141,-6.00000000000003
1612,MC1_K2_N2_L8_SP0_P4_R01,2,STAGE5_TOEPLITZ_CORRELATED,2,8,3,P4,4,8.1,9.95,0.1,135,-6,0.9,SPECIFIED_CORRELATION,0,0,2,1,230,MC1_BASE_N2_L8_P4_R01,MC1_BASE_N2_L8_P4_R01,430100230,430200230,WHITENED_SEQUENTIAL_BEAMSPACE_EXPECTED_TOTAL_SNR,STAGE8_K2_TANGENT_WHITE_SNR_MONTE_CARLO_AND_CLOSURE_V1,ONE_SYNTHETIC_CPI,ONE_SELECTED_RANGE_DOPPLER_CELL,1,1,0,0,0,7ac5f2ed7f8b920df52a4e1cde4f3ee8f80b69a8208c8d8579b1925f9a445627,f76ada0fba82af419b00e0a73cfab4e67b9e6fc1b32f302d62770954e0fc1cd6,-22.6440554749835,5.85662306268486,-3.66444437290251e-14
1613,MC1_K2_N2_L8_SP6_P4_R01,2,STAGE5_TOEPLITZ_CORRELATED,2,8,3,P4,4,8.1,9.95,0.1,135,-6,0.9,SPECIFIED_CORRELATION,6,6,3,1,230,MC1_BASE_N2_L8_P4_R01,MC1_BASE_N2_L8_P4_R01,430100230,430200230,WHITENED_SEQUENTIAL_BEAMSPACE_EXPECTED_TOTAL_SNR,STAGE8_K2_TANGENT_WHITE_SNR_MONTE_CARLO_AND_CLOSURE_V1,ONE_SYNTHETIC_CPI,ONE_SELECTED_RANGE_DOPPLER_CELL,1,1,0,0,0,7ac5f2ed7f8b920df52a4e1cde4f3ee8f80b69a8208c8d8579b1925f9a445627,ac9013a2acee8183f115530f22b3df7f1cb2df5356b78402ccb515e2c5e66bfa,-16.6440554749835,11.8566230626849,5.99999999999994
1614,MC1_K2_N2_L8_SP10_P4_R01,2,STAGE5_TOEPLITZ_CORRELATED,2,8,3,P4,4,8.1,9.95,0.1,135,-6,0.9,SPECIFIED_CORRELATION,10,10,4,1,230,MC1_BASE_N2_L8_P4_R01,MC1_BASE_N2_L8_P4_R01,430100230,430200230,WHITENED_SEQUENTIAL_BEAMSPACE_EXPECTED_TOTAL_SNR,STAGE8_K2_TANGENT_WHITE_SNR_MONTE_CARLO_AND_CLOSURE_V1,ONE_SYNTHETIC_CPI,ONE_SELECTED_RANGE_DOPPLER_CELL,1,1,0,0,0,7ac5f2ed7f8b920df52a4e1cde4f3ee8f80b69a8208c8d8579b1925f9a445627,9795a1ca95329e82544d80c92c683454024c33ad1ed1dad30e4b763d9fbc2171,-12.6440554749835,15.8566230626849,9.99999999999993
1615,MC1_K2_N2_L8_SP14_P4_R01,2,STAGE5_TOEPLITZ_CORRELATED,2,8,3,P4,4,8.1,9.95,0.1,135,-6,0.9,SPECIFIED_CORRELATION,14,14,5,1,230,MC1_BASE_N2_L8_P4_R01,MC1_BASE_N2_L8_P4_R01,430100230,430200230,WHITENED_SEQUENTIAL_BEAMSPACE_EXPECTED_TOTAL_SNR,STAGE8_K2_TANGENT_WHITE_SNR_MONTE_CARLO_AND_CLOSURE_V1,ONE_SYNTHETIC_CPI,ONE_SELECTED_RANGE_DOPPLER_CELL,1,1,0,0,0,7ac5f2ed7f8b920df52a4e1cde4f3ee8f80b69a8208c8d8579b1925f9a445627,ce1de11a7d49ef61f6f26f6bbb85ade27622f8c483e9104c133a8289b60e320f,-8.64405547498354,19.8566230626849,13.9999999999999
1616,MC1_K2_N2_L8_SP18_P4_R01,2,STAGE5_TOEPLITZ_CORRELATED,2,8,3,P4,4,8.1,9.95,0.1,135,-6,0.9,SPECIFIED_CORRELATION,18,18,6,1,230,MC1_BASE_N2_L8_P4_R01,MC1_BASE_N2_L8_P4_R01,430100230,430200230,WHITENED_SEQUENTIAL_BEAMSPACE_EXPECTED_TOTAL_SNR,STAGE8_K2_TANGENT_WHITE_SNR_MONTE_CARLO_AND_CLOSURE_V1,ONE_SYNTHETIC_CPI,ONE_SELECTED_RANGE_DOPPLER_CELL,1,1,0,0,0,7ac5f2ed7f8b920df52a4e1cde4f3ee8f80b69a8208c8d8579b1925f9a445627,3cf3bdd83a305d5498a6653a4bfd9cffb068bb551f6ed2e912e613c2ff702a12,-4.64405547498354,23.8566230626849,18
1617,MC1_K2_N2_L8_SP22_P4_R01,2,STAGE5_TOEPLITZ_CORRELATED,2,8,3,P4,4,8.1,9.95,0.1,135,-6,0.9,SPECIFIED_CORRELATION,22,22,7,1,230,MC1_BASE_N2_L8_P4_R01,MC1_BASE_N2_L8_P4_R01,430100230,430200230,WHITENED_SEQUENTIAL_BEAMSPACE_EXPECTED_TOTAL_SNR,STAGE8_K2_TANGENT_WHITE_SNR_MONTE_CARLO_AND_CLOSURE_V1,ONE_SYNTHETIC_CPI,ONE_SELECTED_RANGE_DOPPLER_CELL,1,1,0,0,0,7ac5f2ed7f8b920df52a4e1cde4f3ee8f80b69a8208c8d8579b1925f9a445627,2ba178c2942262044c4d2a07635626a8c6723b9b5182082943a347cfb44a1c27,-0.644055474983541,27.8566230626849,21.9999999999999
1618,MC1_K2_N2_L8_SM6_P4_R02,2,STAGE5_TOEPLITZ_CORRELATED,2,8,3,P4,4,8.1,9.95,0.1,135,-6,0.9,SPECIFIED_CORRELATION,-6,-6,1,2,231,MC1_BASE_N2_L8_P4_R02,MC1_BASE_N2_L8_P4_R02,430100231,430200231,WHITENED_SEQUENTIAL_BEAMSPACE_EXPECTED_TOTAL_SNR,STAGE8_K2_TANGENT_WHITE_SNR_MONTE_CARLO_AND_CLOSURE_V1,ONE_SYNTHETIC_CPI,ONE_SELECTED_RANGE_DOPPLER_CELL,1,1,0,0,0,7ac5f2ed7f8b920df52a4e1cde4f3ee8f80b69a8208c8d8579b1925f9a445627,32ab4bd4cfa93afe25168b2622aea53c61e473a07c00762615164c1e6cc293e1,-28.6445769051629,-0.185715742581761,-5.99999999999993
1619,MC1_K2_N2_L8_SP0_P4_R02,2,STAGE5_TOEPLITZ_CORRELATED,2,8,3,P4,4,8.1,9.95,0.1,135,-6,0.9,SPECIFIED_CORRELATION,0,0,2,2,231,MC1_BASE_N2_L8_P4_R02,MC1_BASE_N2_L8_P4_R02,430100231,430200231,WHITENED_SEQUENTIAL_BEAMSPACE_EXPECTED_TOTAL_SNR,STAGE8_K2_TANGENT_WHITE_SNR_MONTE_CARLO_AND_CLOSURE_V1,ONE_SYNTHETIC_CPI,ONE_SELECTED_RANGE_DOPPLER_CELL,1,1,0,0,0,7ac5f2ed7f8b920df52a4e1cde4f3ee8f80b69a8208c8d8579b1925f9a445627,ad284caa4bd5fc1e29aed31a6b6755c2782bafd6ed44b912240f81dea75966c1,-22.6445769051629,5.81428425741824,1.55256722115076e-13
1620,MC1_K2_N2_L8_SP6_P4_R02,2,STAGE5_TOEPLITZ_CORRELATED,2,8,3,P4,4,8.1,9.95,0.1,135,-6,0.9,SPECIFIED_CORRELATION,6,6,3,2,231,MC1_BASE_N2_L8_P4_R02,MC1_BASE_N2_L8_P4_R02,430100231,430200231,WHITENED_SEQUENTIAL_BEAMSPACE_EXPECTED_TOTAL_SNR,STAGE8_K2_TANGENT_WHITE_SNR_MONTE_CARLO_AND_CLOSURE_V1,ONE_SYNTHETIC_CPI,ONE_SELECTED_RANGE_DOPPLER_CELL,1,1,0,0,0,7ac5f2ed7f8b920df52a4e1cde4f3ee8f80b69a8208c8d8579b1925f9a445627,01d532a4d2e104269611ef99d06f420f7b5e9a653442dad339fd61688c9e91f7,-16.6445769051629,11.8142842574182,6.0000000000001
1621,MC1_K2_N2_L8_SP10_P4_R02,2,STAGE5_TOEPLITZ_CORRELATED,2,8,3,P4,4,8.1,9.95,0.1,135,-6,0.9,SPECIFIED_CORRELATION,10,10,4,2,231,MC1_BASE_N2_L8_P4_R02,MC1_BASE_N2_L8_P4_R02,430100231,430200231,WHITENED_SEQUENTIAL_BEAMSPACE_EXPECTED_TOTAL_SNR,STAGE8_K2_TANGENT_WHITE_SNR_MONTE_CARLO_AND_CLOSURE_V1,ONE_SYNTHETIC_CPI,ONE_SELECTED_RANGE_DOPPLER_CELL,1,1,0,0,0,7ac5f2ed7f8b920df52a4e1cde4f3ee8f80b69a8208c8d8579b1925f9a445627,121591e856e463bb174dcdaef4343836fe6c49f289e8f5cc27b3b8caeb9361b8,-12.6445769051629,15.8142842574182,10.0000000000001
1622,MC1_K2_N2_L8_SP14_P4_R02,2,STAGE5_TOEPLITZ_CORRELATED,2,8,3,P4,4,8.1,9.95,0.1,135,-6,0.9,SPECIFIED_CORRELATION,14,14,5,2,231,MC1_BASE_N2_L8_P4_R02,MC1_BASE_N2_L8_P4_R02,430100231,430200231,WHITENED_SEQUENTIAL_BEAMSPACE_EXPECTED_TOTAL_SNR,STAGE8_K2_TANGENT_WHITE_SNR_MONTE_CARLO_AND_CLOSURE_V1,ONE_SYNTHETIC_CPI,ONE_SELECTED_RANGE_DOPPLER_CELL,1,1,0,0,0,7ac5f2ed7f8b920df52a4e1cde4f3ee8f80b69a8208c8d8579b1925f9a445627,a61a4bbf3ef63dcbe37292c44005de2c115318cb64c985e0990f354013afa0d5,-8.64457690516289,19.8142842574182,14.0000000000001
1623,MC1_K2_N2_L8_SP18_P4_R02,2,STAGE5_TOEPLITZ_CORRELATED,2,8,3,P4,4,8.1,9.95,0.1,135,-6,0.9,SPECIFIED_CORRELATION,18,18,6,2,231,MC1_BASE_N2_L8_P4_R02,MC1_BASE_N2_L8_P4_R02,430100231,430200231,WHITENED_SEQUENTIAL_BEAMSPACE_EXPECTED_TOTAL_SNR,STAGE8_K2_TANGENT_WHITE_SNR_MONTE_CARLO_AND_CLOSURE_V1,ONE_SYNTHETIC_CPI,ONE_SELECTED_RANGE_DOPPLER_CELL,1,1,0,0,0,7ac5f2ed7f8b920df52a4e1cde4f3ee8f80b69a8208c8d8579b1925f9a445627,842ceb4a577c670af3c4ea7dea926d2327f1e9e61d364d21dca592f9c94ce388,-4.64457690516289,23.8142842574182,18.0000000000001
1624,MC1_K2_N2_L8_SP22_P4_R02,2,STAGE5_TOEPLITZ_CORRELATED,2,8,3,P4,4,8.1,9.95,0.1,135,-6,0.9,SPECIFIED_CORRELATION,22,22,7,2,231,MC1_BASE_N2_L8_P4_R02,MC1_BASE_N2_L8_P4_R02,430100231,430200231,WHITENED_SEQUENTIAL_BEAMSPACE_EXPECTED_TOTAL_SNR,STAGE8_K2_TANGENT_WHITE_SNR_MONTE_CARLO_AND_CLOSURE_V1,ONE_SYNTHETIC_CPI,ONE_SELECTED_RANGE_DOPPLER_CELL,1,1,0,0,0,7ac5f2ed7f8b920df52a4e1cde4f3ee8f80b69a8208c8d8579b1925f9a445627,f0dd221209dc0755b6d2476ea21a940472a38029780440eb885272732e045422,-0.644576905162882,27.8142842574182,22.0000000000001
1625,MC1_K2_N2_L8_SM6_P4_R03,2,STAGE5_TOEPLITZ_CORRELATED,2,8,3,P4,4,8.1,9.95,0.1,135,-6,0.9,SPECIFIED_CORRELATION,-6,-6,1,3,232,MC1_BASE_N2_L8_P4_R03,MC1_BASE_N2_L8_P4_R03,430100232,430200232,WHITENED_SEQUENTIAL_BEAMSPACE_EXPECTED_TOTAL_SNR,STAGE8_K2_TANGENT_WHITE_SNR_MONTE_CARLO_AND_CLOSURE_V1,ONE_SYNTHETIC_CPI,ONE_SELECTED_RANGE_DOPPLER_CELL,1,1,0,0,0,7ac5f2ed7f8b920df52a4e1cde4f3ee8f80b69a8208c8d8579b1925f9a445627,a783ae672918bbc0624ae32ebc227cb060848db6ddfb656cd1309d0cd25e663f,-28.635419231783,-0.14285560254982,-6.00000000000002
1626,MC1_K2_N2_L8_SP0_P4_R03,2,STAGE5_TOEPLITZ_CORRELATED,2,8,3,P4,4,8.1,9.95,0.1,135,-6,0.9,SPECIFIED_CORRELATION,0,0,2,3,232,MC1_BASE_N2_L8_P4_R03,MC1_BASE_N2_L8_P4_R03,430100232,430200232,WHITENED_SEQUENTIAL_BEAMSPACE_EXPECTED_TOTAL_SNR,STAGE8_K2_TANGENT_WHITE_SNR_MONTE_CARLO_AND_CLOSURE_V1,ONE_SYNTHETIC_CPI,ONE_SELECTED_RANGE_DOPPLER_CELL,1,1,0,0,0,7ac5f2ed7f8b920df52a4e1cde4f3ee8f80b69a8208c8d8579b1925f9a445627,0bbc07e30c7f80cf47e29b8f076956e83ee596aa9624aa5c8972884b6c63b22e,-22.635419231783,5.85714439745018,1.92865493310657e-15
1627,MC1_K2_N2_L8_SP6_P4_R03,2,STAGE5_TOEPLITZ_CORRELATED,2,8,3,P4,4,8.1,9.95,0.1,135,-6,0.9,SPECIFIED_CORRELATION,6,6,3,3,232,MC1_BASE_N2_L8_P4_R03,MC1_BASE_N2_L8_P4_R03,430100232,430200232,WHITENED_SEQUENTIAL_BEAMSPACE_EXPECTED_TOTAL_SNR,STAGE8_K2_TANGENT_WHITE_SNR_MONTE_CARLO_AND_CLOSURE_V1,ONE_SYNTHETIC_CPI,ONE_SELECTED_RANGE_DOPPLER_CELL,1,1,0,0,0,7ac5f2ed7f8b920df52a4e1cde4f3ee8f80b69a8208c8d8579b1925f9a445627,913efc169321fdffeccfb7d66bd24d1f10b8dd5e3cf6f8831824e3cc91078217,-16.635419231783,11.8571443974502,5.99999999999998
1628,MC1_K2_N2_L8_SP10_P4_R03,2,STAGE5_TOEPLITZ_CORRELATED,2,8,3,P4,4,8.1,9.95,0.1,135,-6,0.9,SPECIFIED_CORRELATION,10,10,4,3,232,MC1_BASE_N2_L8_P4_R03,MC1_BASE_N2_L8_P4_R03,430100232,430200232,WHITENED_SEQUENTIAL_BEAMSPACE_EXPECTED_TOTAL_SNR,STAGE8_K2_TANGENT_WHITE_SNR_MONTE_CARLO_AND_CLOSURE_V1,ONE_SYNTHETIC_CPI,ONE_SELECTED_RANGE_DOPPLER_CELL,1,1,0,0,0,7ac5f2ed7f8b920df52a4e1cde4f3ee8f80b69a8208c8d8579b1925f9a445627,17960c19f418582590ae642f6f9aa300f3bec6611481d059a130371f3b2f83c8,-12.635419231783,15.8571443974502,9.99999999999996
1629,MC1_K2_N2_L8_SP14_P4_R03,2,STAGE5_TOEPLITZ_CORRELATED,2,8,3,P4,4,8.1,9.95,0.1,135,-6,0.9,SPECIFIED_CORRELATION,14,14,5,3,232,MC1_BASE_N2_L8_P4_R03,MC1_BASE_N2_L8_P4_R03,430100232,430200232,WHITENED_SEQUENTIAL_BEAMSPACE_EXPECTED_TOTAL_SNR,STAGE8_K2_TANGENT_WHITE_SNR_MONTE_CARLO_AND_CLOSURE_V1,ONE_SYNTHETIC_CPI,ONE_SELECTED_RANGE_DOPPLER_CELL,1,1,0,0,0,7ac5f2ed7f8b920df52a4e1cde4f3ee8f80b69a8208c8d8579b1925f9a445627,b94bc5a5c1eda08f78dee7e4b3712d5e266c995556f67a5cc5031cb160b1fd05,-8.635419231783,19.8571443974502,14
1630,MC1_K2_N2_L8_SP18_P4_R03,2,STAGE5_TOEPLITZ_CORRELATED,2,8,3,P4,4,8.1,9.95,0.1,135,-6,0.9,SPECIFIED_CORRELATION,18,18,6,3,232,MC1_BASE_N2_L8_P4_R03,MC1_BASE_N2_L8_P4_R03,430100232,430200232,WHITENED_SEQUENTIAL_BEAMSPACE_EXPECTED_TOTAL_SNR,STAGE8_K2_TANGENT_WHITE_SNR_MONTE_CARLO_AND_CLOSURE_V1,ONE_SYNTHETIC_CPI,ONE_SELECTED_RANGE_DOPPLER_CELL,1,1,0,0,0,7ac5f2ed7f8b920df52a4e1cde4f3ee8f80b69a8208c8d8579b1925f9a445627,bdbb145348b6829dc14dc21e07e60ab9a196d43808ed28907788bd6e954579f3,-4.635419231783,23.8571443974502,18
1631,MC1_K2_N2_L8_SP22_P4_R03,2,STAGE5_TOEPLITZ_CORRELATED,2,8,3,P4,4,8.1,9.95,0.1,135,-6,0.9,SPECIFIED_CORRELATION,22,22,7,3,232,MC1_BASE_N2_L8_P4_R03,MC1_BASE_N2_L8_P4_R03,430100232,430200232,WHITENED_SEQUENTIAL_BEAMSPACE_EXPECTED_TOTAL_SNR,STAGE8_K2_TANGENT_WHITE_SNR_MONTE_CARLO_AND_CLOSURE_V1,ONE_SYNTHETIC_CPI,ONE_SELECTED_RANGE_DOPPLER_CELL,1,1,0,0,0,7ac5f2ed7f8b920df52a4e1cde4f3ee8f80b69a8208c8d8579b1925f9a445627,c630c561e08d56d12e2186a21709df172c5c425acb8d8a7869bb07bb3b46d616,-0.635419231782994,27.8571443974502,22
1632,MC1_K2_N2_L8_SM6_P4_R04,2,STAGE5_TOEPLITZ_CORRELATED,2,8,3,P4,4,8.1,9.95,0.1,135,-6,0.9,SPECIFIED_CORRELATION,-6,-6,1,4,233,MC1_BASE_N2_L8_P4_R04,MC1_BASE_N2_L8_P4_R04,430100233,430200233,WHITENED_SEQUENTIAL_BEAMSPACE_EXPECTED_TOTAL_SNR,STAGE8_K2_TANGENT_WHITE_SNR_MONTE_CARLO_AND_CLOSURE_V1,ONE_SYNTHETIC_CPI,ONE_SELECTED_RANGE_DOPPLER_CELL,1,1,0,0,0,7ac5f2ed7f8b920df52a4e1cde4f3ee8f80b69a8208c8d8579b1925f9a445627,b8a2290b93575af48b81d0934f4c687001ce80facb57d4ffb62dd62c7380c6cd,-28.639849951721,-0.141605659732845,-5.99999999999999
1633,MC1_K2_N2_L8_SP0_P4_R04,2,STAGE5_TOEPLITZ_CORRELATED,2,8,3,P4,4,8.1,9.95,0.1,135,-6,0.9,SPECIFIED_CORRELATION,0,0,2,4,233,MC1_BASE_N2_L8_P4_R04,MC1_BASE_N2_L8_P4_R04,430100233,430200233,WHITENED_SEQUENTIAL_BEAMSPACE_EXPECTED_TOTAL_SNR,STAGE8_K2_TANGENT_WHITE_SNR_MONTE_CARLO_AND_CLOSURE_V1,ONE_SYNTHETIC_CPI,ONE_SELECTED_RANGE_DOPPLER_CELL,1,1,0,0,0,7ac5f2ed7f8b920df52a4e1cde4f3ee8f80b69a8208c8d8579b1925f9a445627,4cd3a3c0ae927620e9961e0c1ea3db8209b581bf6a099e2d85a27bce7bc294a8,-22.639849951721,5.85839434026715,2.21795317307255e-14
1634,MC1_K2_N2_L8_SP6_P4_R04,2,STAGE5_TOEPLITZ_CORRELATED,2,8,3,P4,4,8.1,9.95,0.1,135,-6,0.9,SPECIFIED_CORRELATION,6,6,3,4,233,MC1_BASE_N2_L8_P4_R04,MC1_BASE_N2_L8_P4_R04,430100233,430200233,WHITENED_SEQUENTIAL_BEAMSPACE_EXPECTED_TOTAL_SNR,STAGE8_K2_TANGENT_WHITE_SNR_MONTE_CARLO_AND_CLOSURE_V1,ONE_SYNTHETIC_CPI,ONE_SELECTED_RANGE_DOPPLER_CELL,1,1,0,0,0,7ac5f2ed7f8b920df52a4e1cde4f3ee8f80b69a8208c8d8579b1925f9a445627,84c51e44d5c2b425c4f0125fff69056d63deafda2a1c337cb31510026481c104,-16.639849951721,11.8583943402672,6.00000000000006
1635,MC1_K2_N2_L8_SP10_P4_R04,2,STAGE5_TOEPLITZ_CORRELATED,2,8,3,P4,4,8.1,9.95,0.1,135,-6,0.9,SPECIFIED_CORRELATION,10,10,4,4,233,MC1_BASE_N2_L8_P4_R04,MC1_BASE_N2_L8_P4_R04,430100233,430200233,WHITENED_SEQUENTIAL_BEAMSPACE_EXPECTED_TOTAL_SNR,STAGE8_K2_TANGENT_WHITE_SNR_MONTE_CARLO_AND_CLOSURE_V1,ONE_SYNTHETIC_CPI,ONE_SELECTED_RANGE_DOPPLER_CELL,1,1,0,0,0,7ac5f2ed7f8b920df52a4e1cde4f3ee8f80b69a8208c8d8579b1925f9a445627,832d379319351145d24ed33eed09fa43478570ca410317fa819018e3d7895162,-12.639849951721,15.8583943402672,10.0000000000001
1636,MC1_K2_N2_L8_SP14_P4_R04,2,STAGE5_TOEPLITZ_CORRELATED,2,8,3,P4,4,8.1,9.95,0.1,135,-6,0.9,SPECIFIED_CORRELATION,14,14,5,4,233,MC1_BASE_N2_L8_P4_R04,MC1_BASE_N2_L8_P4_R04,430100233,430200233,WHITENED_SEQUENTIAL_BEAMSPACE_EXPECTED_TOTAL_SNR,STAGE8_K2_TANGENT_WHITE_SNR_MONTE_CARLO_AND_CLOSURE_V1,ONE_SYNTHETIC_CPI,ONE_SELECTED_RANGE_DOPPLER_CELL,1,1,0,0,0,7ac5f2ed7f8b920df52a4e1cde4f3ee8f80b69a8208c8d8579b1925f9a445627,c15cdc9ed57ae7afdb28da3370f34fd95a83ebf1a0795d66d3dbf7bb8e22bf31,-8.63984995172101,19.8583943402672,14
1637,MC1_K2_N2_L8_SP18_P4_R04,2,STAGE5_TOEPLITZ_CORRELATED,2,8,3,P4,4,8.1,9.95,0.1,135,-6,0.9,SPECIFIED_CORRELATION,18,18,6,4,233,MC1_BASE_N2_L8_P4_R04,MC1_BASE_N2_L8_P4_R04,430100233,430200233,WHITENED_SEQUENTIAL_BEAMSPACE_EXPECTED_TOTAL_SNR,STAGE8_K2_TANGENT_WHITE_SNR_MONTE_CARLO_AND_CLOSURE_V1,ONE_SYNTHETIC_CPI,ONE_SELECTED_RANGE_DOPPLER_CELL,1,1,0,0,0,7ac5f2ed7f8b920df52a4e1cde4f3ee8f80b69a8208c8d8579b1925f9a445627,de49485291b98bb4d279379f3b51042d3bceaab5bcf4b7e57d9d051783b5099c,-4.63984995172101,23.8583943402672,18
1638,MC1_K2_N2_L8_SP22_P4_R04,2,STAGE5_TOEPLITZ_CORRELATED,2,8,3,P4,4,8.1,9.95,0.1,135,-6,0.9,SPECIFIED_CORRELATION,22,22,7,4,233,MC1_BASE_N2_L8_P4_R04,MC1_BASE_N2_L8_P4_R04,430100233,430200233,WHITENED_SEQUENTIAL_BEAMSPACE_EXPECTED_TOTAL_SNR,STAGE8_K2_TANGENT_WHITE_SNR_MONTE_CARLO_AND_CLOSURE_V1,ONE_SYNTHETIC_CPI,ONE_SELECTED_RANGE_DOPPLER_CELL,1,1,0,0,0,7ac5f2ed7f8b920df52a4e1cde4f3ee8f80b69a8208c8d8579b1925f9a445627,acb404912c897004f4f7a8166c3a0c79e871b5acd9fa13fd0061d31de9b86d2d,-0.63984995172101,27.8583943402672,22.0000000000001
1639,MC1_K2_N2_L8_SM6_P4_R05,2,STAGE5_TOEPLITZ_CORRELATED,2,8,3,P4,4,8.1,9.95,0.1,135,-6,0.9,SPECIFIED_CORRELATION,-6,-6,1,5,234,MC1_BASE_N2_L8_P4_R05,MC1_BASE_N2_L8_P4_R05,430100234,430200234,WHITENED_SEQUENTIAL_BEAMSPACE_EXPECTED_TOTAL_SNR,STAGE8_K2_TANGENT_WHITE_SNR_MONTE_CARLO_AND_CLOSURE_V1,ONE_SYNTHETIC_CPI,ONE_SELECTED_RANGE_DOPPLER_CELL,1,1,0,0,0,7ac5f2ed7f8b920df52a4e1cde4f3ee8f80b69a8208c8d8579b1925f9a445627,07b44d892a5593c9255b98ed72add7568c4caf0b44ed24ba1258a671d6f3ba9e,-28.6355017819669,-0.142795101495958,-5.99999999999997
1640,MC1_K2_N2_L8_SP0_P4_R05,2,STAGE5_TOEPLITZ_CORRELATED,2,8,3,P4,4,8.1,9.95,0.1,135,-6,0.9,SPECIFIED_CORRELATION,0,0,2,5,234,MC1_BASE_N2_L8_P4_R05,MC1_BASE_N2_L8_P4_R05,430100234,430200234,WHITENED_SEQUENTIAL_BEAMSPACE_EXPECTED_TOTAL_SNR,STAGE8_K2_TANGENT_WHITE_SNR_MONTE_CARLO_AND_CLOSURE_V1,ONE_SYNTHETIC_CPI,ONE_SELECTED_RANGE_DOPPLER_CELL,1,1,0,0,0,7ac5f2ed7f8b920df52a4e1cde4f3ee8f80b69a8208c8d8579b1925f9a445627,ed96b4ebb43e9c5abff2a1a95e2c28a35f04a490c7cc6245db639b9b7dfc21f2,-22.6355017819669,5.85720489850404,3.56801162624715e-14
1641,MC1_K2_N2_L8_SP6_P4_R05,2,STAGE5_TOEPLITZ_CORRELATED,2,8,3,P4,4,8.1,9.95,0.1,135,-6,0.9,SPECIFIED_CORRELATION,6,6,3,5,234,MC1_BASE_N2_L8_P4_R05,MC1_BASE_N2_L8_P4_R05,430100234,430200234,WHITENED_SEQUENTIAL_BEAMSPACE_EXPECTED_TOTAL_SNR,STAGE8_K2_TANGENT_WHITE_SNR_MONTE_CARLO_AND_CLOSURE_V1,ONE_SYNTHETIC_CPI,ONE_SELECTED_RANGE_DOPPLER_CELL,1,1,0,0,0,7ac5f2ed7f8b920df52a4e1cde4f3ee8f80b69a8208c8d8579b1925f9a445627,faddd41cddebe9f25f18324e554a0e96bf12be2c4fd6f7db92d678e28383bb35,-16.6355017819669,11.857204898504,6.00000000000002
1642,MC1_K2_N2_L8_SP10_P4_R05,2,STAGE5_TOEPLITZ_CORRELATED,2,8,3,P4,4,8.1,9.95,0.1,135,-6,0.9,SPECIFIED_CORRELATION,10,10,4,5,234,MC1_BASE_N2_L8_P4_R05,MC1_BASE_N2_L8_P4_R05,430100234,430200234,WHITENED_SEQUENTIAL_BEAMSPACE_EXPECTED_TOTAL_SNR,STAGE8_K2_TANGENT_WHITE_SNR_MONTE_CARLO_AND_CLOSURE_V1,ONE_SYNTHETIC_CPI,ONE_SELECTED_RANGE_DOPPLER_CELL,1,1,0,0,0,7ac5f2ed7f8b920df52a4e1cde4f3ee8f80b69a8208c8d8579b1925f9a445627,f689ab0da54f9e51f75ac41e3d93842202a5aaace7cb5549fce7a9469ee16f81,-12.6355017819669,15.857204898504,10.0000000000001
1643,MC1_K2_N2_L8_SP14_P4_R05,2,STAGE5_TOEPLITZ_CORRELATED,2,8,3,P4,4,8.1,9.95,0.1,135,-6,0.9,SPECIFIED_CORRELATION,14,14,5,5,234,MC1_BASE_N2_L8_P4_R05,MC1_BASE_N2_L8_P4_R05,430100234,430200234,WHITENED_SEQUENTIAL_BEAMSPACE_EXPECTED_TOTAL_SNR,STAGE8_K2_TANGENT_WHITE_SNR_MONTE_CARLO_AND_CLOSURE_V1,ONE_SYNTHETIC_CPI,ONE_SELECTED_RANGE_DOPPLER_CELL,1,1,0,0,0,7ac5f2ed7f8b920df52a4e1cde4f3ee8f80b69a8208c8d8579b1925f9a445627,a15def37da207a85240a221ef882bd49b14b2e81ad0ca5059ca6e3538e85607d,-8.63550178196688,19.857204898504,14
1644,MC1_K2_N2_L8_SP18_P4_R05,2,STAGE5_TOEPLITZ_CORRELATED,2,8,3,P4,4,8.1,9.95,0.1,135,-6,0.9,SPECIFIED_CORRELATION,18,18,6,5,234,MC1_BASE_N2_L8_P4_R05,MC1_BASE_N2_L8_P4_R05,430100234,430200234,WHITENED_SEQUENTIAL_BEAMSPACE_EXPECTED_TOTAL_SNR,STAGE8_K2_TANGENT_WHITE_SNR_MONTE_CARLO_AND_CLOSURE_V1,ONE_SYNTHETIC_CPI,ONE_SELECTED_RANGE_DOPPLER_CELL,1,1,0,0,0,7ac5f2ed7f8b920df52a4e1cde4f3ee8f80b69a8208c8d8579b1925f9a445627,8a527f9f78ac72286098432ddae7de4b547c1abbcbfb20710640222ad6eeb809,-4.63550178196687,23.857204898504,18.0000000000001
1645,MC1_K2_N2_L8_SP22_P4_R05,2,STAGE5_TOEPLITZ_CORRELATED,2,8,3,P4,4,8.1,9.95,0.1,135,-6,0.9,SPECIFIED_CORRELATION,22,22,7,5,234,MC1_BASE_N2_L8_P4_R05,MC1_BASE_N2_L8_P4_R05,430100234,430200234,WHITENED_SEQUENTIAL_BEAMSPACE_EXPECTED_TOTAL_SNR,STAGE8_K2_TANGENT_WHITE_SNR_MONTE_CARLO_AND_CLOSURE_V1,ONE_SYNTHETIC_CPI,ONE_SELECTED_RANGE_DOPPLER_CELL,1,1,0,0,0,7ac5f2ed7f8b920df52a4e1cde4f3ee8f80b69a8208c8d8579b1925f9a445627,cec32977518e12c926353ee32d877976d40437a4807dbb396175801efea19614,-0.635501781966871,27.857204898504,22.0000000000001
1646,MC1_K2_N2_L8_SM6_P4_R06,2,STAGE5_TOEPLITZ_CORRELATED,2,8,3,P4,4,8.1,9.95,0.1,135,-6,0.9,SPECIFIED_CORRELATION,-6,-6,1,6,235,MC1_BASE_N2_L8_P4_R06,MC1_BASE_N2_L8_P4_R06,430100235,430200235,WHITENED_SEQUENTIAL_BEAMSPACE_EXPECTED_TOTAL_SNR,STAGE8_K2_TANGENT_WHITE_SNR_MONTE_CARLO_AND_CLOSURE_V1,ONE_SYNTHETIC_CPI,ONE_SELECTED_RANGE_DOPPLER_CELL,1,1,0,0,0,7ac5f2ed7f8b920df52a4e1cde4f3ee8f80b69a8208c8d8579b1925f9a445627,1c49098e528a6e6d8d12fcd825c276e43ff01ccdab1899a38da4ae96559eb6f1,-28.6537254132685,-0.174997854833377,-6.00000000000003
1647,MC1_K2_N2_L8_SP0_P4_R06,2,STAGE5_TOEPLITZ_CORRELATED,2,8,3,P4,4,8.1,9.95,0.1,135,-6,0.9,SPECIFIED_CORRELATION,0,0,2,6,235,MC1_BASE_N2_L8_P4_R06,MC1_BASE_N2_L8_P4_R06,430100235,430200235,WHITENED_SEQUENTIAL_BEAMSPACE_EXPECTED_TOTAL_SNR,STAGE8_K2_TANGENT_WHITE_SNR_MONTE_CARLO_AND_CLOSURE_V1,ONE_SYNTHETIC_CPI,ONE_SELECTED_RANGE_DOPPLER_CELL,1,1,0,0,0,7ac5f2ed7f8b920df52a4e1cde4f3ee8f80b69a8208c8d8579b1925f9a445627,c7f47f175548dbe8cde3c3f95a0b4e685e3766574406a423871a606593d2b3d4,-22.6537254132685,5.82500214516662,2.0250876797619e-14
1648,MC1_K2_N2_L8_SP6_P4_R06,2,STAGE5_TOEPLITZ_CORRELATED,2,8,3,P4,4,8.1,9.95,0.1,135,-6,0.9,SPECIFIED_CORRELATION,6,6,3,6,235,MC1_BASE_N2_L8_P4_R06,MC1_BASE_N2_L8_P4_R06,430100235,430200235,WHITENED_SEQUENTIAL_BEAMSPACE_EXPECTED_TOTAL_SNR,STAGE8_K2_TANGENT_WHITE_SNR_MONTE_CARLO_AND_CLOSURE_V1,ONE_SYNTHETIC_CPI,ONE_SELECTED_RANGE_DOPPLER_CELL,1,1,0,0,0,7ac5f2ed7f8b920df52a4e1cde4f3ee8f80b69a8208c8d8579b1925f9a445627,5e52852e0669b7095b77f4f849d0df936bd9c716a4a7c32a3bd1347fe55154e7,-16.6537254132685,11.8250021451666,5.99999999999994
1649,MC1_K2_N2_L8_SP10_P4_R06,2,STAGE5_TOEPLITZ_CORRELATED,2,8,3,P4,4,8.1,9.95,0.1,135,-6,0.9,SPECIFIED_CORRELATION,10,10,4,6,235,MC1_BASE_N2_L8_P4_R06,MC1_BASE_N2_L8_P4_R06,430100235,430200235,WHITENED_SEQUENTIAL_BEAMSPACE_EXPECTED_TOTAL_SNR,STAGE8_K2_TANGENT_WHITE_SNR_MONTE_CARLO_AND_CLOSURE_V1,ONE_SYNTHETIC_CPI,ONE_SELECTED_RANGE_DOPPLER_CELL,1,1,0,0,0,7ac5f2ed7f8b920df52a4e1cde4f3ee8f80b69a8208c8d8579b1925f9a445627,a83b608353e79cd30c19d5b411d1c68085ad1b961c786632814559cfbe3466ad,-12.6537254132685,15.8250021451666,9.99999999999998
1650,MC1_K2_N2_L8_SP14_P4_R06,2,STAGE5_TOEPLITZ_CORRELATED,2,8,3,P4,4,8.1,9.95,0.1,135,-6,0.9,SPECIFIED_CORRELATION,14,14,5,6,235,MC1_BASE_N2_L8_P4_R06,MC1_BASE_N2_L8_P4_R06,430100235,430200235,WHITENED_SEQUENTIAL_BEAMSPACE_EXPECTED_TOTAL_SNR,STAGE8_K2_TANGENT_WHITE_SNR_MONTE_CARLO_AND_CLOSURE_V1,ONE_SYNTHETIC_CPI,ONE_SELECTED_RANGE_DOPPLER_CELL,1,1,0,0,0,7ac5f2ed7f8b920df52a4e1cde4f3ee8f80b69a8208c8d8579b1925f9a445627,82b1a9220964b7a25556c820b170b145f5b426a61cfd54155ec59ee6447a82eb,-8.65372541326851,19.8250021451666,14
1651,MC1_K2_N2_L8_SP18_P4_R06,2,STAGE5_TOEPLITZ_CORRELATED,2,8,3,P4,4,8.1,9.95,0.1,135,-6,0.9,SPECIFIED_CORRELATION,18,18,6,6,235,MC1_BASE_N2_L8_P4_R06,MC1_BASE_N2_L8_P4_R06,430100235,430200235,WHITENED_SEQUENTIAL_BEAMSPACE_EXPECTED_TOTAL_SNR,STAGE8_K2_TANGENT_WHITE_SNR_MONTE_CARLO_AND_CLOSURE_V1,ONE_SYNTHETIC_CPI,ONE_SELECTED_RANGE_DOPPLER_CELL,1,1,0,0,0,7ac5f2ed7f8b920df52a4e1cde4f3ee8f80b69a8208c8d8579b1925f9a445627,eb5b18e5faac68bd1d7d56e5f384014ce5975f424607e4c644fdf8bfb9f1dd63,-4.65372541326851,23.8250021451666,18
1652,MC1_K2_N2_L8_SP22_P4_R06,2,STAGE5_TOEPLITZ_CORRELATED,2,8,3,P4,4,8.1,9.95,0.1,135,-6,0.9,SPECIFIED_CORRELATION,22,22,7,6,235,MC1_BASE_N2_L8_P4_R06,MC1_BASE_N2_L8_P4_R06,430100235,430200235,WHITENED_SEQUENTIAL_BEAMSPACE_EXPECTED_TOTAL_SNR,STAGE8_K2_TANGENT_WHITE_SNR_MONTE_CARLO_AND_CLOSURE_V1,ONE_SYNTHETIC_CPI,ONE_SELECTED_RANGE_DOPPLER_CELL,1,1,0,0,0,7ac5f2ed7f8b920df52a4e1cde4f3ee8f80b69a8208c8d8579b1925f9a445627,5d94d78bb3bb7a80a08c4f241e9c1d30b018ea5b8264668a076fa8ddc2dcff5b,-0.653725413268507,27.8250021451666,22
1653,MC1_K2_N2_L8_SM6_P4_R07,2,STAGE5_TOEPLITZ_CORRELATED,2,8,3,P4,4,8.1,9.95,0.1,135,-6,0.9,SPECIFIED_CORRELATION,-6,-6,1,7,236,MC1_BASE_N2_L8_P4_R07,MC1_BASE_N2_L8_P4_R07,430100236,430200236,WHITENED_SEQUENTIAL_BEAMSPACE_EXPECTED_TOTAL_SNR,STAGE8_K2_TANGENT_WHITE_SNR_MONTE_CARLO_AND_CLOSURE_V1,ONE_SYNTHETIC_CPI,ONE_SELECTED_RANGE_DOPPLER_CELL,1,1,0,0,0,7ac5f2ed7f8b920df52a4e1cde4f3ee8f80b69a8208c8d8579b1925f9a445627,808b0d37040e9b703dce0eae0ec26b184d771c0917ceb64cc8db520ad6f84719,-28.6541564226468,-0.171442435148023,-6
1654,MC1_K2_N2_L8_SP0_P4_R07,2,STAGE5_TOEPLITZ_CORRELATED,2,8,3,P4,4,8.1,9.95,0.1,135,-6,0.9,SPECIFIED_CORRELATION,0,0,2,7,236,MC1_BASE_N2_L8_P4_R07,MC1_BASE_N2_L8_P4_R07,430100236,430200236,WHITENED_SEQUENTIAL_BEAMSPACE_EXPECTED_TOTAL_SNR,STAGE8_K2_TANGENT_WHITE_SNR_MONTE_CARLO_AND_CLOSURE_V1,ONE_SYNTHETIC_CPI,ONE_SELECTED_RANGE_DOPPLER_CELL,1,1,0,0,0,7ac5f2ed7f8b920df52a4e1cde4f3ee8f80b69a8208c8d8579b1925f9a445627,0271072901f3ed6ef526f92e2c74d599b92752d23f6bb75b7f33c8d9f03491ab,-22.6541564226468,5.82855756485198,6.750292265873e-15
1655,MC1_K2_N2_L8_SP6_P4_R07,2,STAGE5_TOEPLITZ_CORRELATED,2,8,3,P4,4,8.1,9.95,0.1,135,-6,0.9,SPECIFIED_CORRELATION,6,6,3,7,236,MC1_BASE_N2_L8_P4_R07,MC1_BASE_N2_L8_P4_R07,430100236,430200236,WHITENED_SEQUENTIAL_BEAMSPACE_EXPECTED_TOTAL_SNR,STAGE8_K2_TANGENT_WHITE_SNR_MONTE_CARLO_AND_CLOSURE_V1,ONE_SYNTHETIC_CPI,ONE_SELECTED_RANGE_DOPPLER_CELL,1,1,0,0,0,7ac5f2ed7f8b920df52a4e1cde4f3ee8f80b69a8208c8d8579b1925f9a445627,2d61b09d38a63167dee8d0b8fe73d0a23776980143331dc1be0d70d07147639b,-16.6541564226468,11.828557564852,6.00000000000001
1656,MC1_K2_N2_L8_SP10_P4_R07,2,STAGE5_TOEPLITZ_CORRELATED,2,8,3,P4,4,8.1,9.95,0.1,135,-6,0.9,SPECIFIED_CORRELATION,10,10,4,7,236,MC1_BASE_N2_L8_P4_R07,MC1_BASE_N2_L8_P4_R07,430100236,430200236,WHITENED_SEQUENTIAL_BEAMSPACE_EXPECTED_TOTAL_SNR,STAGE8_K2_TANGENT_WHITE_SNR_MONTE_CARLO_AND_CLOSURE_V1,ONE_SYNTHETIC_CPI,ONE_SELECTED_RANGE_DOPPLER_CELL,1,1,0,0,0,7ac5f2ed7f8b920df52a4e1cde4f3ee8f80b69a8208c8d8579b1925f9a445627,91ff93695ebddad73b101fbfc0056c3b607f76a074dc62944fbc649aafdd3ba3,-12.6541564226468,15.828557564852,10
1657,MC1_K2_N2_L8_SP14_P4_R07,2,STAGE5_TOEPLITZ_CORRELATED,2,8,3,P4,4,8.1,9.95,0.1,135,-6,0.9,SPECIFIED_CORRELATION,14,14,5,7,236,MC1_BASE_N2_L8_P4_R07,MC1_BASE_N2_L8_P4_R07,430100236,430200236,WHITENED_SEQUENTIAL_BEAMSPACE_EXPECTED_TOTAL_SNR,STAGE8_K2_TANGENT_WHITE_SNR_MONTE_CARLO_AND_CLOSURE_V1,ONE_SYNTHETIC_CPI,ONE_SELECTED_RANGE_DOPPLER_CELL,1,1,0,0,0,7ac5f2ed7f8b920df52a4e1cde4f3ee8f80b69a8208c8d8579b1925f9a445627,78784fa875d627b5e8af6fcbd17ec38e2ec5fa8c02d29e23837335592ef6b822,-8.65415642264682,19.828557564852,14
1658,MC1_K2_N2_L8_SP18_P4_R07,2,STAGE5_TOEPLITZ_CORRELATED,2,8,3,P4,4,8.1,9.95,0.1,135,-6,0.9,SPECIFIED_CORRELATION,18,18,6,7,236,MC1_BASE_N2_L8_P4_R07,MC1_BASE_N2_L8_P4_R07,430100236,430200236,WHITENED_SEQUENTIAL_BEAMSPACE_EXPECTED_TOTAL_SNR,STAGE8_K2_TANGENT_WHITE_SNR_MONTE_CARLO_AND_CLOSURE_V1,ONE_SYNTHETIC_CPI,ONE_SELECTED_RANGE_DOPPLER_CELL,1,1,0,0,0,7ac5f2ed7f8b920df52a4e1cde4f3ee8f80b69a8208c8d8579b1925f9a445627,24c397c80c582f43c85b9e4e75ee617c9f9a0a2827f5d0dd8296c4c4320cb213,-4.65415642264682,23.828557564852,18
1659,MC1_K2_N2_L8_SP22_P4_R07,2,STAGE5_TOEPLITZ_CORRELATED,2,8,3,P4,4,8.1,9.95,0.1,135,-6,0.9,SPECIFIED_CORRELATION,22,22,7,7,236,MC1_BASE_N2_L8_P4_R07,MC1_BASE_N2_L8_P4_R07,430100236,430200236,WHITENED_SEQUENTIAL_BEAMSPACE_EXPECTED_TOTAL_SNR,STAGE8_K2_TANGENT_WHITE_SNR_MONTE_CARLO_AND_CLOSURE_V1,ONE_SYNTHETIC_CPI,ONE_SELECTED_RANGE_DOPPLER_CELL,1,1,0,0,0,7ac5f2ed7f8b920df52a4e1cde4f3ee8f80b69a8208c8d8579b1925f9a445627,a65f2545ae7ffaa42cccd377ca1eb36045f46fb1bbc29b6efc79044f55ca68e0,-0.65415642264682,27.828557564852,22
1660,MC1_K2_N2_L8_SM6_P4_R08,2,STAGE5_TOEPLITZ_CORRELATED,2,8,3,P4,4,8.1,9.95,0.1,135,-6,0.9,SPECIFIED_CORRELATION,-6,-6,1,8,237,MC1_BASE_N2_L8_P4_R08,MC1_BASE_N2_L8_P4_R08,430100237,430200237,WHITENED_SEQUENTIAL_BEAMSPACE_EXPECTED_TOTAL_SNR,STAGE8_K2_TANGENT_WHITE_SNR_MONTE_CARLO_AND_CLOSURE_V1,ONE_SYNTHETIC_CPI,ONE_SELECTED_RANGE_DOPPLER_CELL,1,1,0,0,0,7ac5f2ed7f8b920df52a4e1cde4f3ee8f80b69a8208c8d8579b1925f9a445627,34c53ca244d80e3f5ef015dff46918e2d23ab4d51d14dff9aad44d3b11c66fa7,-28.6328542956007,-0.145835398830972,-6.00000000000006
1661,MC1_K2_N2_L8_SP0_P4_R08,2,STAGE5_TOEPLITZ_CORRELATED,2,8,3,P4,4,8.1,9.95,0.1,135,-6,0.9,SPECIFIED_CORRELATION,0,0,2,8,237,MC1_BASE_N2_L8_P4_R08,MC1_BASE_N2_L8_P4_R08,430100237,430200237,WHITENED_SEQUENTIAL_BEAMSPACE_EXPECTED_TOTAL_SNR,STAGE8_K2_TANGENT_WHITE_SNR_MONTE_CARLO_AND_CLOSURE_V1,ONE_SYNTHETIC_CPI,ONE_SELECTED_RANGE_DOPPLER_CELL,1,1,0,0,0,7ac5f2ed7f8b920df52a4e1cde4f3ee8f80b69a8208c8d8579b1925f9a445627,0a61d19ace8b4ef406e970c80c3984722a226fc3d984ca1f01a5683a53721adf,-22.6328542956007,5.85416460116903,-3.51979525291951e-14
1662,MC1_K2_N2_L8_SP6_P4_R08,2,STAGE5_TOEPLITZ_CORRELATED,2,8,3,P4,4,8.1,9.95,0.1,135,-6,0.9,SPECIFIED_CORRELATION,6,6,3,8,237,MC1_BASE_N2_L8_P4_R08,MC1_BASE_N2_L8_P4_R08,430100237,430200237,WHITENED_SEQUENTIAL_BEAMSPACE_EXPECTED_TOTAL_SNR,STAGE8_K2_TANGENT_WHITE_SNR_MONTE_CARLO_AND_CLOSURE_V1,ONE_SYNTHETIC_CPI,ONE_SELECTED_RANGE_DOPPLER_CELL,1,1,0,0,0,7ac5f2ed7f8b920df52a4e1cde4f3ee8f80b69a8208c8d8579b1925f9a445627,cc58314c6170ea0d2ec0b604f560a0d444030e2d3b174e639232e08067979cf0,-16.6328542956007,11.854164601169,5.99999999999999
1663,MC1_K2_N2_L8_SP10_P4_R08,2,STAGE5_TOEPLITZ_CORRELATED,2,8,3,P4,4,8.1,9.95,0.1,135,-6,0.9,SPECIFIED_CORRELATION,10,10,4,8,237,MC1_BASE_N2_L8_P4_R08,MC1_BASE_N2_L8_P4_R08,430100237,430200237,WHITENED_SEQUENTIAL_BEAMSPACE_EXPECTED_TOTAL_SNR,STAGE8_K2_TANGENT_WHITE_SNR_MONTE_CARLO_AND_CLOSURE_V1,ONE_SYNTHETIC_CPI,ONE_SELECTED_RANGE_DOPPLER_CELL,1,1,0,0,0,7ac5f2ed7f8b920df52a4e1cde4f3ee8f80b69a8208c8d8579b1925f9a445627,9a6120f63ce30a34381e46012257b92245d2e180dc9fa8a9c203f3c7041e47de,-12.6328542956007,15.854164601169,9.99999999999994
1664,MC1_K2_N2_L8_SP14_P4_R08,2,STAGE5_TOEPLITZ_CORRELATED,2,8,3,P4,4,8.1,9.95,0.1,135,-6,0.9,SPECIFIED_CORRELATION,14,14,5,8,237,MC1_BASE_N2_L8_P4_R08,MC1_BASE_N2_L8_P4_R08,430100237,430200237,WHITENED_SEQUENTIAL_BEAMSPACE_EXPECTED_TOTAL_SNR,STAGE8_K2_TANGENT_WHITE_SNR_MONTE_CARLO_AND_CLOSURE_V1,ONE_SYNTHETIC_CPI,ONE_SELECTED_RANGE_DOPPLER_CELL,1,1,0,0,0,7ac5f2ed7f8b920df52a4e1cde4f3ee8f80b69a8208c8d8579b1925f9a445627,bda913235cf1a13bae90c2c44f15c1cd31bb4d05f2aa208fc5059a9b1f51cd94,-8.63285429560069,19.854164601169,13.9999999999999
1665,MC1_K2_N2_L8_SP18_P4_R08,2,STAGE5_TOEPLITZ_CORRELATED,2,8,3,P4,4,8.1,9.95,0.1,135,-6,0.9,SPECIFIED_CORRELATION,18,18,6,8,237,MC1_BASE_N2_L8_P4_R08,MC1_BASE_N2_L8_P4_R08,430100237,430200237,WHITENED_SEQUENTIAL_BEAMSPACE_EXPECTED_TOTAL_SNR,STAGE8_K2_TANGENT_WHITE_SNR_MONTE_CARLO_AND_CLOSURE_V1,ONE_SYNTHETIC_CPI,ONE_SELECTED_RANGE_DOPPLER_CELL,1,1,0,0,0,7ac5f2ed7f8b920df52a4e1cde4f3ee8f80b69a8208c8d8579b1925f9a445627,1aa76070a37a3aa569611c3cd94577e2816971c6d1b752405ee703b93e8f050f,-4.63285429560069,23.854164601169,18
1666,MC1_K2_N2_L8_SP22_P4_R08,2,STAGE5_TOEPLITZ_CORRELATED,2,8,3,P4,4,8.1,9.95,0.1,135,-6,0.9,SPECIFIED_CORRELATION,22,22,7,8,237,MC1_BASE_N2_L8_P4_R08,MC1_BASE_N2_L8_P4_R08,430100237,430200237,WHITENED_SEQUENTIAL_BEAMSPACE_EXPECTED_TOTAL_SNR,STAGE8_K2_TANGENT_WHITE_SNR_MONTE_CARLO_AND_CLOSURE_V1,ONE_SYNTHETIC_CPI,ONE_SELECTED_RANGE_DOPPLER_CELL,1,1,0,0,0,7ac5f2ed7f8b920df52a4e1cde4f3ee8f80b69a8208c8d8579b1925f9a445627,bab113a882f15170f597ae15640336dce85d1f68e3afc69f98172c8c6115b186,-0.632854295600688,27.854164601169,22
1667,MC1_K2_N2_L8_SM6_P4_R09,2,STAGE5_TOEPLITZ_CORRELATED,2,8,3,P4,4,8.1,9.95,0.1,135,-6,0.9,SPECIFIED_CORRELATION,-6,-6,1,9,238,MC1_BASE_N2_L8_P4_R09,MC1_BASE_N2_L8_P4_R09,430100238,430200238,WHITENED_SEQUENTIAL_BEAMSPACE_EXPECTED_TOTAL_SNR,STAGE8_K2_TANGENT_WHITE_SNR_MONTE_CARLO_AND_CLOSURE_V1,ONE_SYNTHETIC_CPI,ONE_SELECTED_RANGE_DOPPLER_CELL,1,1,0,0,0,7ac5f2ed7f8b920df52a4e1cde4f3ee8f80b69a8208c8d8579b1925f9a445627,7fa38be824fe31c77e22d1848748ee3136c386f3333edc5870c160de245a6a97,-28.6477640916324,-0.147228660455309,-5.99999999999997
1668,MC1_K2_N2_L8_SP0_P4_R09,2,STAGE5_TOEPLITZ_CORRELATED,2,8,3,P4,4,8.1,9.95,0.1,135,-6,0.9,SPECIFIED_CORRELATION,0,0,2,9,238,MC1_BASE_N2_L8_P4_R09,MC1_BASE_N2_L8_P4_R09,430100238,430200238,WHITENED_SEQUENTIAL_BEAMSPACE_EXPECTED_TOTAL_SNR,STAGE8_K2_TANGENT_WHITE_SNR_MONTE_CARLO_AND_CLOSURE_V1,ONE_SYNTHETIC_CPI,ONE_SELECTED_RANGE_DOPPLER_CELL,1,1,0,0,0,7ac5f2ed7f8b920df52a4e1cde4f3ee8f80b69a8208c8d8579b1925f9a445627,5307aa5de40de4ac533ceec00ecbc5f14ebb566d9805c5ead53526cdfa4da13b,-22.6477640916324,5.85277133954469,2.41081866638321e-14
1669,MC1_K2_N2_L8_SP6_P4_R09,2,STAGE5_TOEPLITZ_CORRELATED,2,8,3,P4,4,8.1,9.95,0.1,135,-6,0.9,SPECIFIED_CORRELATION,6,6,3,9,238,MC1_BASE_N2_L8_P4_R09,MC1_BASE_N2_L8_P4_R09,430100238,430200238,WHITENED_SEQUENTIAL_BEAMSPACE_EXPECTED_TOTAL_SNR,STAGE8_K2_TANGENT_WHITE_SNR_MONTE_CARLO_AND_CLOSURE_V1,ONE_SYNTHETIC_CPI,ONE_SELECTED_RANGE_DOPPLER_CELL,1,1,0,0,0,7ac5f2ed7f8b920df52a4e1cde4f3ee8f80b69a8208c8d8579b1925f9a445627,2935d8a2de1e134e6426dbfbf9d7dc35c2df4b5c90e5943960aa538fe5a8c78c,-16.6477640916324,11.8527713395447,6.00000000000005
1670,MC1_K2_N2_L8_SP10_P4_R09,2,STAGE5_TOEPLITZ_CORRELATED,2,8,3,P4,4,8.1,9.95,0.1,135,-6,0.9,SPECIFIED_CORRELATION,10,10,4,9,238,MC1_BASE_N2_L8_P4_R09,MC1_BASE_N2_L8_P4_R09,430100238,430200238,WHITENED_SEQUENTIAL_BEAMSPACE_EXPECTED_TOTAL_SNR,STAGE8_K2_TANGENT_WHITE_SNR_MONTE_CARLO_AND_CLOSURE_V1,ONE_SYNTHETIC_CPI,ONE_SELECTED_RANGE_DOPPLER_CELL,1,1,0,0,0,7ac5f2ed7f8b920df52a4e1cde4f3ee8f80b69a8208c8d8579b1925f9a445627,dee023ffaa7adb795714a46c5ecc7a9c4366a4d6d5657d0a77951e3093288d0b,-12.6477640916325,15.8527713395447,10
1671,MC1_K2_N2_L8_SP14_P4_R09,2,STAGE5_TOEPLITZ_CORRELATED,2,8,3,P4,4,8.1,9.95,0.1,135,-6,0.9,SPECIFIED_CORRELATION,14,14,5,9,238,MC1_BASE_N2_L8_P4_R09,MC1_BASE_N2_L8_P4_R09,430100238,430200238,WHITENED_SEQUENTIAL_BEAMSPACE_EXPECTED_TOTAL_SNR,STAGE8_K2_TANGENT_WHITE_SNR_MONTE_CARLO_AND_CLOSURE_V1,ONE_SYNTHETIC_CPI,ONE_SELECTED_RANGE_DOPPLER_CELL,1,1,0,0,0,7ac5f2ed7f8b920df52a4e1cde4f3ee8f80b69a8208c8d8579b1925f9a445627,4fa9e060ce7a2e3ab411b275c2e63eaf24d0942de58f8441c5684fc0867f84e1,-8.64776409163245,19.8527713395447,14
1672,MC1_K2_N2_L8_SP18_P4_R09,2,STAGE5_TOEPLITZ_CORRELATED,2,8,3,P4,4,8.1,9.95,0.1,135,-6,0.9,SPECIFIED_CORRELATION,18,18,6,9,238,MC1_BASE_N2_L8_P4_R09,MC1_BASE_N2_L8_P4_R09,430100238,430200238,WHITENED_SEQUENTIAL_BEAMSPACE_EXPECTED_TOTAL_SNR,STAGE8_K2_TANGENT_WHITE_SNR_MONTE_CARLO_AND_CLOSURE_V1,ONE_SYNTHETIC_CPI,ONE_SELECTED_RANGE_DOPPLER_CELL,1,1,0,0,0,7ac5f2ed7f8b920df52a4e1cde4f3ee8f80b69a8208c8d8579b1925f9a445627,50504c4d12a489b9c44b87364c2b4f8741514c88339855575f94747608a48da3,-4.64776409163245,23.8527713395447,18.0000000000001
1673,MC1_K2_N2_L8_SP22_P4_R09,2,STAGE5_TOEPLITZ_CORRELATED,2,8,3,P4,4,8.1,9.95,0.1,135,-6,0.9,SPECIFIED_CORRELATION,22,22,7,9,238,MC1_BASE_N2_L8_P4_R09,MC1_BASE_N2_L8_P4_R09,430100238,430200238,WHITENED_SEQUENTIAL_BEAMSPACE_EXPECTED_TOTAL_SNR,STAGE8_K2_TANGENT_WHITE_SNR_MONTE_CARLO_AND_CLOSURE_V1,ONE_SYNTHETIC_CPI,ONE_SELECTED_RANGE_DOPPLER_CELL,1,1,0,0,0,7ac5f2ed7f8b920df52a4e1cde4f3ee8f80b69a8208c8d8579b1925f9a445627,5b3f0725b86d0843d1fb80c8a85bf97284ad0bf6507cd6c51c12f443ce129624,-0.647764091632448,27.8527713395447,22.0000000000001
1674,MC1_K2_N2_L8_SM6_P4_R10,2,STAGE5_TOEPLITZ_CORRELATED,2,8,3,P4,4,8.1,9.95,0.1,135,-6,0.9,SPECIFIED_CORRELATION,-6,-6,1,10,239,MC1_BASE_N2_L8_P4_R10,MC1_BASE_N2_L8_P4_R10,430100239,430200239,WHITENED_SEQUENTIAL_BEAMSPACE_EXPECTED_TOTAL_SNR,STAGE8_K2_TANGENT_WHITE_SNR_MONTE_CARLO_AND_CLOSURE_V1,ONE_SYNTHETIC_CPI,ONE_SELECTED_RANGE_DOPPLER_CELL,1,1,0,0,0,7ac5f2ed7f8b920df52a4e1cde4f3ee8f80b69a8208c8d8579b1925f9a445627,24d49f4b6525ee73edf9256b4b03ae9b37b9e2beaefdac0c22a6ae0d7f1f75d2,-28.6439450904971,-0.143296916109273,-6.00000000000006
1675,MC1_K2_N2_L8_SP0_P4_R10,2,STAGE5_TOEPLITZ_CORRELATED,2,8,3,P4,4,8.1,9.95,0.1,135,-6,0.9,SPECIFIED_CORRELATION,0,0,2,10,239,MC1_BASE_N2_L8_P4_R10,MC1_BASE_N2_L8_P4_R10,430100239,430200239,WHITENED_SEQUENTIAL_BEAMSPACE_EXPECTED_TOTAL_SNR,STAGE8_K2_TANGENT_WHITE_SNR_MONTE_CARLO_AND_CLOSURE_V1,ONE_SYNTHETIC_CPI,ONE_SELECTED_RANGE_DOPPLER_CELL,1,1,0,0,0,7ac5f2ed7f8b920df52a4e1cde4f3ee8f80b69a8208c8d8579b1925f9a445627,1f9466ff74ffbdfa3683e3a9794e6e27e51f595b4b325550a351f1e8f908c599,-22.6439450904971,5.85670308389073,-8.58251445232434e-14
1676,MC1_K2_N2_L8_SP6_P4_R10,2,STAGE5_TOEPLITZ_CORRELATED,2,8,3,P4,4,8.1,9.95,0.1,135,-6,0.9,SPECIFIED_CORRELATION,6,6,3,10,239,MC1_BASE_N2_L8_P4_R10,MC1_BASE_N2_L8_P4_R10,430100239,430200239,WHITENED_SEQUENTIAL_BEAMSPACE_EXPECTED_TOTAL_SNR,STAGE8_K2_TANGENT_WHITE_SNR_MONTE_CARLO_AND_CLOSURE_V1,ONE_SYNTHETIC_CPI,ONE_SELECTED_RANGE_DOPPLER_CELL,1,1,0,0,0,7ac5f2ed7f8b920df52a4e1cde4f3ee8f80b69a8208c8d8579b1925f9a445627,72e8abd1f10f8af5c6fb4d9a09e891ee8e50e36630e3aee6cdbef212840981a9,-16.6439450904971,11.8567030838907,6
1677,MC1_K2_N2_L8_SP10_P4_R10,2,STAGE5_TOEPLITZ_CORRELATED,2,8,3,P4,4,8.1,9.95,0.1,135,-6,0.9,SPECIFIED_CORRELATION,10,10,4,10,239,MC1_BASE_N2_L8_P4_R10,MC1_BASE_N2_L8_P4_R10,430100239,430200239,WHITENED_SEQUENTIAL_BEAMSPACE_EXPECTED_TOTAL_SNR,STAGE8_K2_TANGENT_WHITE_SNR_MONTE_CARLO_AND_CLOSURE_V1,ONE_SYNTHETIC_CPI,ONE_SELECTED_RANGE_DOPPLER_CELL,1,1,0,0,0,7ac5f2ed7f8b920df52a4e1cde4f3ee8f80b69a8208c8d8579b1925f9a445627,b4764acde911ddd19af2e068f527e985d550f41c221f489dfd9738097badea0f,-12.6439450904971,15.8567030838907,9.99999999999995
1678,MC1_K2_N2_L8_SP14_P4_R10,2,STAGE5_TOEPLITZ_CORRELATED,2,8,3,P4,4,8.1,9.95,0.1,135,-6,0.9,SPECIFIED_CORRELATION,14,14,5,10,239,MC1_BASE_N2_L8_P4_R10,MC1_BASE_N2_L8_P4_R10,430100239,430200239,WHITENED_SEQUENTIAL_BEAMSPACE_EXPECTED_TOTAL_SNR,STAGE8_K2_TANGENT_WHITE_SNR_MONTE_CARLO_AND_CLOSURE_V1,ONE_SYNTHETIC_CPI,ONE_SELECTED_RANGE_DOPPLER_CELL,1,1,0,0,0,7ac5f2ed7f8b920df52a4e1cde4f3ee8f80b69a8208c8d8579b1925f9a445627,6d416927b375fd9b7ad0db7cf91bb2894acb82b87710ad676faf6d4bcc93646d,-8.64394509049713,19.8567030838907,13.9999999999999
1679,MC1_K2_N2_L8_SP18_P4_R10,2,STAGE5_TOEPLITZ_CORRELATED,2,8,3,P4,4,8.1,9.95,0.1,135,-6,0.9,SPECIFIED_CORRELATION,18,18,6,10,239,MC1_BASE_N2_L8_P4_R10,MC1_BASE_N2_L8_P4_R10,430100239,430200239,WHITENED_SEQUENTIAL_BEAMSPACE_EXPECTED_TOTAL_SNR,STAGE8_K2_TANGENT_WHITE_SNR_MONTE_CARLO_AND_CLOSURE_V1,ONE_SYNTHETIC_CPI,ONE_SELECTED_RANGE_DOPPLER_CELL,1,1,0,0,0,7ac5f2ed7f8b920df52a4e1cde4f3ee8f80b69a8208c8d8579b1925f9a445627,1609a2fc1f0c7d99bd223befb5d36e2869022ab6c51f952363651f355e1b984d,-4.64394509049713,23.8567030838907,17.9999999999999
1680,MC1_K2_N2_L8_SP22_P4_R10,2,STAGE5_TOEPLITZ_CORRELATED,2,8,3,P4,4,8.1,9.95,0.1,135,-6,0.9,SPECIFIED_CORRELATION,22,22,7,10,239,MC1_BASE_N2_L8_P4_R10,MC1_BASE_N2_L8_P4_R10,430100239,430200239,WHITENED_SEQUENTIAL_BEAMSPACE_EXPECTED_TOTAL_SNR,STAGE8_K2_TANGENT_WHITE_SNR_MONTE_CARLO_AND_CLOSURE_V1,ONE_SYNTHETIC_CPI,ONE_SELECTED_RANGE_DOPPLER_CELL,1,1,0,0,0,7ac5f2ed7f8b920df52a4e1cde4f3ee8f80b69a8208c8d8579b1925f9a445627,fe93511288ebfcdb0075f7a7504c09b72cea007f71fb4f982c197f327fd295e8,-0.64394509049713,27.8567030838907,21.9999999999999
