global_trial_index,trial_id,element_trial_hash,measurement_hash,checkpoint_valid,scientific_hash,white_target_error_db,runtime_sec
1,MC1_K2_N1_L1_SM6_P1_R01,09dede20a1672ff4f90b4bc1188c4d3252e65551578e344d7322002addf46344,31a85cf10323dcb0ff906b98f8f0dab39e853ab81d2695b1979df50869258a07,1,e40ad5e5769e9c54ca313e2e6fab1d0a1107bde0715705fd987a64bdd14628a9,6.21724893790088e-15,2.5496179
2,MC1_K2_N1_L1_SP0_P1_R01,0b8d70d678c03c2ab07f508a16dd4e298c18f86c722b0dfefcfbaee5d3c555f5,31a85cf10323dcb0ff906b98f8f0dab39e853ab81d2695b1979df50869258a07,1,13ab7fdbf363fe8766ed25f4a64c17f116e238e3301f08afe6915c23983defee,1.06076021320862e-14,3.2264286
3,MC1_K2_N1_L1_SP6_P1_R01,d9508cb6d9cedd4c8845c02118997f2cd4e377fb725d8a85efe1d41be2dcaf4f,31a85cf10323dcb0ff906b98f8f0dab39e853ab81d2695b1979df50869258a07,1,abe7b52f0727cfa93df776aa1d114c4f27c7b6cc4650683b7c7edd436d38e759,1.06581410364015e-14,2.5690256
4,MC1_K2_N1_L1_SP10_P1_R01,e4ab91178c3994a83804c29636c0306f1574dedd82297390c97d94707a1d5308,31a85cf10323dcb0ff906b98f8f0dab39e853ab81d2695b1979df50869258a07,1,edd6b50e8dfcd9a21a502c9949faae4b5f4dfe952ccf8feeabdc47fa0e25ab18,5.32907051820075e-15,2.8553123
5,MC1_K2_N1_L1_SP14_P1_R01,ad0c428b9977b63ed23d63ccb11986768752282f110ea1293f82d02d13a98e52,31a85cf10323dcb0ff906b98f8f0dab39e853ab81d2695b1979df50869258a07,1,ae30ab3be6b2d224879bf76c27ca04fa394f7326ca41b45300b7f2c51f32f12b,1.59872115546023e-14,3.5877973
6,MC1_K2_N1_L1_SP18_P1_R01,73aa26cb0940e82f2ab2eff29ca1cfdbaf7e0ebddbb5f0700fe455e90fb33083,31a85cf10323dcb0ff906b98f8f0dab39e853ab81d2695b1979df50869258a07,1,c09567df05bfc54a4d15bddbcca3a1666d2e421b87873a1876a8b519cc02d565,0,4.9032443
7,MC1_K2_N1_L1_SP22_P1_R01,397bb5a88b26d751af582ada7cd3609e6af5c3cae017d31057d2e5da9f955a23,31a85cf10323dcb0ff906b98f8f0dab39e853ab81d2695b1979df50869258a07,1,8cc9d6314f805c0849ab1bef4bbe3ab6eee18b3bd182675a69715d07a3689716,3.5527136788005e-15,4.7335766
8,MC1_K2_N1_L1_SM6_P1_R02,8364cc992f0feb462ae746eb499697f7f56e9c174320c47daa7dc269b0e495b2,31a85cf10323dcb0ff906b98f8f0dab39e853ab81d2695b1979df50869258a07,1,b623698dd4b84322eaa0ef8ef0c27d28fa10b0b737d9dbe0e85a6bf9a8569004,8.88178419700125e-16,3.6958713
9,MC1_K2_N1_L1_SP0_P1_R02,86e2d6abb8b45df7884aeead1f2ca1a49eb096acd34001519f3160cc2150872c,31a85cf10323dcb0ff906b98f8f0dab39e853ab81d2695b1979df50869258a07,1,78655dcbf30ed2b8b0c1a804f0abd3bc303971aeb6f7127f93df99eb7b12cbf4,6.75029226587301e-15,2.442553
10,MC1_K2_N1_L1_SP6_P1_R02,8aa07ffd783457d9fa1ffd1a5787806d4f1d32ec0dbe8a4f48073374c8982abe,31a85cf10323dcb0ff906b98f8f0dab39e853ab81d2695b1979df50869258a07,1,e58ffaaf0d312fb1e107d95b0c97304bec13f6b32e9e87e8b78cbfb340f56dd1,7.99360577730113e-15,3.1889515
11,MC1_K2_N1_L1_SP10_P1_R02,ca9be2ce5251246659f747d64e8319128b64f080abcec1b62bffb46b1dadba43,31a85cf10323dcb0ff906b98f8f0dab39e853ab81d2695b1979df50869258a07,1,22d984b4230bfc6a84ede0cf81d3f6e9f3bff7c4ea997414eaf130e7be3f6ee1,1.77635683940025e-15,5.0616461
12,MC1_K2_N1_L1_SP14_P1_R02,1dd8a3f65fe402573afe1eebf924eff530f3ae1703fdaaf33d97fd99252204fa,31a85cf10323dcb0ff906b98f8f0dab39e853ab81d2695b1979df50869258a07,1,dc2d12674d8616849567af52172ea0756b01d36eadc899ef96e94a6000921f0c,3.5527136788005e-15,6.6522051
13,MC1_K2_N1_L1_SP18_P1_R02,bace1c45c8db3c8bb3b567a0c34279f4c44e04646ea4520576caa9bbca6f90a2,31a85cf10323dcb0ff906b98f8f0dab39e853ab81d2695b1979df50869258a07,1,c7ef15aee02878017242f8ce5aca38750a717fe3b988eb6123117e6b94101603,7.105427357601e-15,4.7108896
14,MC1_K2_N1_L1_SP22_P1_R02,d7fc9b467790b16e6a4d28be626c85f59f9acaeecbe8b38b00219e4833466172,31a85cf10323dcb0ff906b98f8f0dab39e853ab81d2695b1979df50869258a07,1,411ceb8f6d5df027932ecfec3f8ccb24d4ddd4945ad44a08280e01f14f0183b3,0,6.8459982
15,MC1_K2_N1_L1_SM6_P1_R03,d868b9f3627662cbc4ea7cf898451698b3e048a6603e4332fac399a1ae49774e,31a85cf10323dcb0ff906b98f8f0dab39e853ab81d2695b1979df50869258a07,1,bdade3679ebdf40b00ad4736e58d727eb8409472f7c700fdc005cadcce5da356,1.4210854715202e-14,4.5212076
16,MC1_K2_N1_L1_SP0_P1_R03,fbc8a64a7008be052a90b0a3c05335a60bd80a7e9b6d1b2634332c67f493092a,31a85cf10323dcb0ff906b98f8f0dab39e853ab81d2695b1979df50869258a07,1,d2ceaf9cb9dd42914a7ec11f2c24bd4211852aae89c05a60e046926f31259fcf,8.67894719897959e-15,5.7003158
17,MC1_K2_N1_L1_SP6_P1_R03,e3baddfc5e574cf21cd16341abe26c5ccc944e7b792be23991a974195ae4a237,31a85cf10323dcb0ff906b98f8f0dab39e853ab81d2695b1979df50869258a07,1,5be3c0b5293eedb76f574f8267744ce5d7ef3bc1ba7605ffe6168790d05852f1,3.01980662698043e-14,5.0964229
18,MC1_K2_N1_L1_SP10_P1_R03,057802cda7bc64e00d0ed5e6fc6ce4bb6eab22c6dd68d92ce36575279d891a13,31a85cf10323dcb0ff906b98f8f0dab39e853ab81d2695b1979df50869258a07,1,e76379e3c8cd66124619362485beb2ff1d18890312dcb941c7e3d214f893ef39,2.30926389122033e-14,6.2929303
19,MC1_K2_N1_L1_SP14_P1_R03,70df56cfb51c2fd042462ab1dac3aff5b3c036221509756736bc1cd67ab6754d,31a85cf10323dcb0ff906b98f8f0dab39e853ab81d2695b1979df50869258a07,1,c995745a31d2c33750d44ab0d4c42ee8bb064a39545d5e82d3b407a49cd96e60,1.77635683940025e-14,5.6483897
20,MC1_K2_N1_L1_SP18_P1_R03,dad16bc15b41e0d8e8bb68b87c954276d79360164763a76e105a4da8f1c10f2f,31a85cf10323dcb0ff906b98f8f0dab39e853ab81d2695b1979df50869258a07,1,27850a23b8e06477404c8782e4dbc4092bc465338cd34681a145faf153a18ac8,1.77635683940025e-14,5.8456686
21,MC1_K2_N1_L1_SP22_P1_R03,1d4f657909508fcea79e9e96c8a54418d5130664d46dea810cbec8d962da9bbb,31a85cf10323dcb0ff906b98f8f0dab39e853ab81d2695b1979df50869258a07,1,b69a9bbb991de0afb22a5114915be3eeaa8fb27724cece5808ccf172fa055042,0,5.8047867
22,MC1_K2_N1_L1_SM6_P1_R04,e04d5825e1797e5978882b4e4c93948c291525f781c54fb63d0e90177fdd49b1,31a85cf10323dcb0ff906b98f8f0dab39e853ab81d2695b1979df50869258a07,1,555f0ce2ca3250660414d0c4df66944656398f9ec1afd549ebaade8d7f63b440,5.32907051820075e-15,3.1450514
23,MC1_K2_N1_L1_SP0_P1_R04,84700d9504a6d5339b5c94e29f2cf091101a96da5ea43a10e70eab59e0428101,31a85cf10323dcb0ff906b98f8f0dab39e853ab81d2695b1979df50869258a07,1,5577d605a0488354a841ed260b08251485e0e79cc24463c5c4109337ed797d32,1.92865493310657e-15,4.4020238
24,MC1_K2_N1_L1_SP6_P1_R04,a0d433bb78c97a3ac7c4c63850d75ece8a2235c08c01918cc41c617a08a2acc2,31a85cf10323dcb0ff906b98f8f0dab39e853ab81d2695b1979df50869258a07,1,f63e9e4787630f92b084fdd20a78e8eeb148ed28ebfa5da093387027a26c17a5,1.77635683940025e-15,4.3336286
25,MC1_K2_N1_L1_SP10_P1_R04,5ad70c05e4e47590662a40d0f844319c1735f54a592910141b2a1fd1ffaf84f6,31a85cf10323dcb0ff906b98f8f0dab39e853ab81d2695b1979df50869258a07,1,79ffec0d66b689ce57fb454ddf33dbc1157e3d033f1c45f35ed55fb7b6237a36,3.5527136788005e-15,4.0090141
26,MC1_K2_N1_L1_SP14_P1_R04,f2b8060eedcc460224fc2e021c57e51842ba1a939d1a0691b6a1de1888c16d79,31a85cf10323dcb0ff906b98f8f0dab39e853ab81d2695b1979df50869258a07,1,eb363502d349caa93ef867e362b82d33b9573552a1813014bd34b970712f69c3,0,5.0841786
27,MC1_K2_N1_L1_SP18_P1_R04,200249da2b32d29017a1cfba13176657b5aeb6d268e9dee8df0a5f567d42f489,31a85cf10323dcb0ff906b98f8f0dab39e853ab81d2695b1979df50869258a07,1,1fb3fd4dffd2f6a32cd1e0b365d7d289b4deedb69a212047c8296ee0e44f1a74,1.06581410364015e-14,3.7739386
28,MC1_K2_N1_L1_SP22_P1_R04,dd17d2cb3c91cdf7715899db61d3204ff23b0a7784e66c87a14b8e80a4a67516,31a85cf10323dcb0ff906b98f8f0dab39e853ab81d2695b1979df50869258a07,1,5d2b060e8e78785f9df14d8ba0e23d1f6f1215f27d188ba4fc6b134ee67b7e6f,3.5527136788005e-15,6.5274021
29,MC1_K2_N1_L1_SM6_P1_R05,2b571a0d3fc67b910492f47d33ccb6f88521e9fd55882dabc8130c2da7c32d90,31a85cf10323dcb0ff906b98f8f0dab39e853ab81d2695b1979df50869258a07,1,79471e394f4131fde8b0e741a2ea29dd8b409f90a9495f0fdc8c022603425e6e,3.5527136788005e-15,5.3380579
30,MC1_K2_N1_L1_SP0_P1_R05,3b91c902feeb05719575da880bf2e940ddcae7e541148f817732ca2e914164fd,31a85cf10323dcb0ff906b98f8f0dab39e853ab81d2695b1979df50869258a07,1,d612354a80dd9342fa8830f6e32bebf7628ad4f604160f0b8d19cb9ad1868710,3.85730986621315e-15,5.4008528
31,MC1_K2_N1_L1_SP6_P1_R05,55ad8ac46dff8b54e7ef1e43ef48d3d97a1e725e2fc2129d9b49a8c663eed40b,31a85cf10323dcb0ff906b98f8f0dab39e853ab81d2695b1979df50869258a07,1,a2d566ae8a8acfde814d407498c4425459e743dd732c5afa88c1bbf1e27bf4b5,1.24344978758018e-14,3.5367414
32,MC1_K2_N1_L1_SP10_P1_R05,8afae059f7e27cba0aac9229d007bf5cbf5088d3765d1ef8f7337ad7e7a967ea,31a85cf10323dcb0ff906b98f8f0dab39e853ab81d2695b1979df50869258a07,1,57387545611841ee20fe705ada6fd04e293ee0679a4ddcd27bf7ce7311889871,1.77635683940025e-14,4.0509188
33,MC1_K2_N1_L1_SP14_P1_R05,27e5ad6b371560d29ce8123a00ad08ff77e2305c02ea1aaf5a54a54d89e7d4be,31a85cf10323dcb0ff906b98f8f0dab39e853ab81d2695b1979df50869258a07,1,5fb171ffa9aac65b677f5c322cf642d32c8d85d436ffacc4e91e70fea6a2d9e6,1.24344978758018e-14,3.9575597
34,MC1_K2_N1_L1_SP18_P1_R05,dcea58675025d6607156ee334b3f9f94e73af656ecd523662671281ab52c5700,31a85cf10323dcb0ff906b98f8f0dab39e853ab81d2695b1979df50869258a07,1,462b83ad9b5f7fbed0edf9058e486b4fb5d54a0b0cf6a66bfa4ef6965959e8af,3.5527136788005e-15,3.9880501
35,MC1_K2_N1_L1_SP22_P1_R05,947c6d6c37d7a3369782af9572729b8523a9f54069701eaa4b4608822003466d,31a85cf10323dcb0ff906b98f8f0dab39e853ab81d2695b1979df50869258a07,1,98da424ff0abe2dafd53f03ac01e35b16a0850b623c84c439a2b379fcba66048,1.4210854715202e-14,5.6277665
36,MC1_K2_N1_L1_SM6_P1_R06,b886cd852e20f7ad56b7db59987b2c10b1e4353507f1f57719857aa207e3cf2e,31a85cf10323dcb0ff906b98f8f0dab39e853ab81d2695b1979df50869258a07,1,b2b79db0b7969bf923764249bbbd029e3aae66b3b5eea385f9900c07f26287ff,5.32907051820075e-15,4.7764835
37,MC1_K2_N1_L1_SP0_P1_R06,df602269f5bc1dc2af50e0cddd08ad095ac4837050f1f1bede77292ef3f95f39,31a85cf10323dcb0ff906b98f8f0dab39e853ab81d2695b1979df50869258a07,1,931b0556aaf53c78a5044a550685745c43c7a585287e6f7099f341192e882b36,1.92865493310657e-15,4.9320873
38,MC1_K2_N1_L1_SP6_P1_R06,739c40be2c9006d39310891ecaa4f47e8d84b021535a78012fc430756f0121d3,31a85cf10323dcb0ff906b98f8f0dab39e853ab81d2695b1979df50869258a07,1,cbeecc8c585f0b4adb15766da441f60a9d50178935a8da58bd441d64133654ac,5.32907051820075e-15,6.5907591
39,MC1_K2_N1_L1_SP10_P1_R06,bad67807e8708be392eaa45abc67640c04b9e2cb59b98f9eb53db5ba2e4fb074,31a85cf10323dcb0ff906b98f8f0dab39e853ab81d2695b1979df50869258a07,1,cd10ccebbacef0655aa51f08c64093807dbde8233260ae92c66733e52ced0591,1.77635683940025e-15,5.2407288
40,MC1_K2_N1_L1_SP14_P1_R06,500c2bbe55168305117213ccda887ce7b8de051b19383526dbb2006dedde0d09,31a85cf10323dcb0ff906b98f8f0dab39e853ab81d2695b1979df50869258a07,1,3c127b625186ead058f047073f63a046e499109028a2f47aa459223a1e4fd3fd,0,6.3517369
41,MC1_K2_N1_L1_SP18_P1_R06,1084636cc499d4bb65e502a202cb6a9b9ca2fd6805a75568700109f001821bd5,31a85cf10323dcb0ff906b98f8f0dab39e853ab81d2695b1979df50869258a07,1,d6f919f2cf34451da03c30a6217c0b08964ee1fe8da5989f7e7cb6540424db84,1.4210854715202e-14,6.4188122
42,MC1_K2_N1_L1_SP22_P1_R06,42e1e07258aaa9d6c29fe175daaaff13f3d6b2bb243b234b2862e33c2c9597c6,31a85cf10323dcb0ff906b98f8f0dab39e853ab81d2695b1979df50869258a07,1,13129c412c80c7e098e14b9dcf47a0c109646d2099ad4a90211246ee5d488f8e,3.5527136788005e-15,6.3463123
43,MC1_K2_N1_L1_SM6_P1_R07,ffee7cb2eb2d640deb1f3d075e7ff39ea4224645cc1654ccc628201226544f7d,31a85cf10323dcb0ff906b98f8f0dab39e853ab81d2695b1979df50869258a07,1,225d45175fc9416666bbabb7438705fcef152384475f09edc651c7591971eccb,8.88178419700125e-16,4.1644478
44,MC1_K2_N1_L1_SP0_P1_R07,bbcb3d2dd2a38a0b146fbe1873c97217976d9cdab4c6cb62517f31b5e55bd7d7,31a85cf10323dcb0ff906b98f8f0dab39e853ab81d2695b1979df50869258a07,1,fc6e4cf1773b6fa7d07d79e7cf03f272694e6055152dbf89b6933d64c0ef6143,5.78596479931973e-15,4.8104077
45,MC1_K2_N1_L1_SP6_P1_R07,6f317a80a53e6649374b56b5f82024497e177ddc32287dd7548924f21b6e39a7,31a85cf10323dcb0ff906b98f8f0dab39e853ab81d2695b1979df50869258a07,1,659f880b13205a27faec754764b1d2f7342416e1a32205846a97ef1457a8732b,8.88178419700125e-16,4.4424682
46,MC1_K2_N1_L1_SP10_P1_R07,2e277285f1533b67ec21c25a178c6455a5b13dcd913822916d63db7a560911c8,31a85cf10323dcb0ff906b98f8f0dab39e853ab81d2695b1979df50869258a07,1,f0c2a35a4d607cfb295f4b9aca330d127e52f65d9157fbba012a8b79eb4e1ce4,3.5527136788005e-15,4.4150572
47,MC1_K2_N1_L1_SP14_P1_R07,d8e65615ff4eb88e2d41f80c577bc9ee7937596ee994897e0790b5f4e79193b0,31a85cf10323dcb0ff906b98f8f0dab39e853ab81d2695b1979df50869258a07,1,fb0b49ff2878eedea9e89015c0a63adc195c6c132ee32af5ad551374cb040074,1.24344978758018e-14,4.8961648
48,MC1_K2_N1_L1_SP18_P1_R07,c69ad205323c71adf74fba76b28fc965f8550a8608e1701b4ba55724446be4a8,31a85cf10323dcb0ff906b98f8f0dab39e853ab81d2695b1979df50869258a07,1,a163febaf4f47525488452d908d9ccfe6236618bcf4d46e6c7018cbe276bc4e6,3.5527136788005e-15,4.7575553
49,MC1_K2_N1_L1_SP22_P1_R07,3e44f131eda3caf129bd51a08575ce07f3d97469285403657ad7bc73328f374e,31a85cf10323dcb0ff906b98f8f0dab39e853ab81d2695b1979df50869258a07,1,559d014ca516504b98285d823c4ac198bfc18a1c1ff8300f0576218d25f72066,3.5527136788005e-15,6.4097382
50,MC1_K2_N1_L1_SM6_P1_R08,7f937e14bfd71c34b1475bc4f062284e74e53c7d6c06292d0c8e6dc16f616654,31a85cf10323dcb0ff906b98f8f0dab39e853ab81d2695b1979df50869258a07,1,a199d84a7cc196be63ec9ecb789c953dc456eca48dcd054f2b1df29219a3645a,5.32907051820075e-15,3.1672011
51,MC1_K2_N1_L1_SP0_P1_R08,898c011347a55e37c27ab0b93023bf65ad259c09dcc749f2e4da29b25af3f6c7,31a85cf10323dcb0ff906b98f8f0dab39e853ab81d2695b1979df50869258a07,1,18def3ff09cf3e6a87f7e5bc39924dbe662620a847363d2c0d059529ace7afff,4.82163733276644e-15,2.6839619
52,MC1_K2_N1_L1_SP6_P1_R08,75796d2cb3f36382ca42406f13da046cb00f7e26a3e0415a8e6ead95ff6aeb57,31a85cf10323dcb0ff906b98f8f0dab39e853ab81d2695b1979df50869258a07,1,94df49c650cb155335d07b980f9dc752f540bb64694e8a3a489c7619c51c296a,5.32907051820075e-15,2.8347804
53,MC1_K2_N1_L1_SP10_P1_R08,382c4110766abefc6a904ede662ad919b1ba625dfda4bdfbf633d8fc2ba9805c,31a85cf10323dcb0ff906b98f8f0dab39e853ab81d2695b1979df50869258a07,1,85e822948886b9e7c7adee5a41bcd44728bc45f6b486cbfde67c901abe1aa265,0,3.2397663
54,MC1_K2_N1_L1_SP14_P1_R08,ec143de57cc6b14c13c53d23dbcfaab55790a83ec5a750b8d7989fc637db1a5a,31a85cf10323dcb0ff906b98f8f0dab39e853ab81d2695b1979df50869258a07,1,1a87c320b89874b3f07a6f2b6c4226cc2b60b0a76ea21e8e6932218a7e06d5a2,1.24344978758018e-14,3.1458831
55,MC1_K2_N1_L1_SP18_P1_R08,30a2a8617b822bb5cb7ea2bbf0fff3e5d95312b4f8d327ec221a854ef3703104,31a85cf10323dcb0ff906b98f8f0dab39e853ab81d2695b1979df50869258a07,1,9daedaf326b4222a7f8d3067e97616d67af7d02d5fd9fdbea39918f5795485a6,3.5527136788005e-15,4.6052479
56,MC1_K2_N1_L1_SP22_P1_R08,97670a2ac8f0405deaf5f745d27c5b2111d31212727010359cb8608a6dee3286,31a85cf10323dcb0ff906b98f8f0dab39e853ab81d2695b1979df50869258a07,1,4cebd8f5c0c89ec43e0375b610c959c7b67f306fb6f433bd482c05e364dea069,3.5527136788005e-15,5.3513798
57,MC1_K2_N1_L1_SM6_P1_R09,42434e38c16cd8b5acb39d4de661b8980f8ddb42b8376fdbff95e0ddcd49f5a6,31a85cf10323dcb0ff906b98f8f0dab39e853ab81d2695b1979df50869258a07,1,e39a1b62fd4362ec08a02887c13e1a322221770c089a45f9fb0002a7e70532a9,3.5527136788005e-15,3.1939491
58,MC1_K2_N1_L1_SP0_P1_R09,3f0e308edaa2247c02f01d3a0b6760f7e06956dd1ee77b58537b3958d9f8e430,31a85cf10323dcb0ff906b98f8f0dab39e853ab81d2695b1979df50869258a07,1,845efe5927601bbf4964cc3e6317ef7bb450f176a5460e2a5307cf18fc033125,1.63935669314058e-14,3.6915602
59,MC1_K2_N1_L1_SP6_P1_R09,d272f0be2817a512fe34874863e5b48a90e5ad1bc740237cd2181b212c4fa4cc,31a85cf10323dcb0ff906b98f8f0dab39e853ab81d2695b1979df50869258a07,1,6e0f48fac3d67736565747092980dd7afa880237214fe20a57b3cdcbe4a8f99e,1.06581410364015e-14,3.7715162
60,MC1_K2_N1_L1_SP10_P1_R09,b35cd68775fa046a049b18c74af0b055000fc32813e9b2c6bbe666702148880b,31a85cf10323dcb0ff906b98f8f0dab39e853ab81d2695b1979df50869258a07,1,2903fb6bb05368cc2a9359e51aac0c97dbb57a6a6fdb23d54213e2c1d61609a0,1.06581410364015e-14,4.9344634
61,MC1_K2_N1_L1_SP14_P1_R09,2385901c968d9bbf69a9b0dafade98e8bc41b2cdcc2ab14b96ec4befaaac532d,31a85cf10323dcb0ff906b98f8f0dab39e853ab81d2695b1979df50869258a07,1,1261fb696f592f41a1831cc3c01083e9259717fa24eb014af1e44d99c60d146a,1.06581410364015e-14,4.6270006
62,MC1_K2_N1_L1_SP18_P1_R09,5b55fc2b87088928ff899a33cdb4b4b50176d55e498c15c282b8b53e37f24e3a,31a85cf10323dcb0ff906b98f8f0dab39e853ab81d2695b1979df50869258a07,1,2f09a9254d5b5d91aca520af00d798d7d81683ba078bdc2feda31dfd257bc7b0,7.105427357601e-15,6.297185
63,MC1_K2_N1_L1_SP22_P1_R09,06009ced7b1a5518e9898326f83dad0243398b1a4107fb6569c59dacdc54f539,31a85cf10323dcb0ff906b98f8f0dab39e853ab81d2695b1979df50869258a07,1,1e0e8680173d133ffbded010c1739c61e8d1309f476d354819dab7a763b221c1,0,5.9359122
64,MC1_K2_N1_L1_SM6_P1_R10,aeacc0c642999577f7944809bd51ff9366f7605f943a45f24f0b3a6d4c255bf8,31a85cf10323dcb0ff906b98f8f0dab39e853ab81d2695b1979df50869258a07,1,651de23f6a54655eb4a80985bf50d3c4d1978317102d0dc44ffbf38231c0b2f8,1.77635683940025e-15,2.9621064
65,MC1_K2_N1_L1_SP0_P1_R10,ac98e263a554212c64ccc0c01ff8bab75b2c3c30f0a70becc93e0a6035fe0047,31a85cf10323dcb0ff906b98f8f0dab39e853ab81d2695b1979df50869258a07,1,7188f13113f523dc54dc44afdb78371552b950d6de7185b7a2b9f4c483d54898,9.64327466553287e-16,3.9430783
66,MC1_K2_N1_L1_SP6_P1_R10,43f2be322fe2ac16ffb91baa194f4606fc590e75ddf36930278152bd820bb524,31a85cf10323dcb0ff906b98f8f0dab39e853ab81d2695b1979df50869258a07,1,2749b67ef3a16c93cca5817edda5b7baf0c57b5c210c4688e6c02b1e81b40bc5,5.32907051820075e-15,3.9450096
67,MC1_K2_N1_L1_SP10_P1_R10,3e3d3641a22499e462ee06cb9d6bcd03395a343d87eda0dc2669c0307070e9e3,31a85cf10323dcb0ff906b98f8f0dab39e853ab81d2695b1979df50869258a07,1,27cb39d9fd00adf3d83e84999b2a06835c6b9f89b12633eaff239374849f7157,1.06581410364015e-14,3.9131565
68,MC1_K2_N1_L1_SP14_P1_R10,b166e3af6cd82a3e366f75dd17407c20613c16834790f3bd0fe5dd4400b88f57,31a85cf10323dcb0ff906b98f8f0dab39e853ab81d2695b1979df50869258a07,1,ce75f313d87baf71771632d7757e9ae31666ddec1f307aab10b7916245908ea3,3.5527136788005e-15,4.5351364
69,MC1_K2_N1_L1_SP18_P1_R10,2774d16fd87554912fc3e3eeba40cf9113019ddec9ab97048522413cb751eec2,31a85cf10323dcb0ff906b98f8f0dab39e853ab81d2695b1979df50869258a07,1,6c3a3bda0d5911c8b5537ba12c90da18e6f1adeec73b363327365533ee8bf574,1.06581410364015e-14,5.4787503
70,MC1_K2_N1_L1_SP22_P1_R10,877da74753fb853325319b90df551ab47179085346d260d6dc66095679f5c2ca,31a85cf10323dcb0ff906b98f8f0dab39e853ab81d2695b1979df50869258a07,1,bb9243b6eda328346f02e29b3a4e7b1d688d4b87d7050b9dab7fd35a7f7118ac,0,6.7401761
71,MC1_K2_N1_L1_SM6_P2_R01,0041c3a473413333ae863fdfe5808a7be3b8454ba640d9d9456f86183f18be0d,31a85cf10323dcb0ff906b98f8f0dab39e853ab81d2695b1979df50869258a07,1,3a1799e52f2758a0355450b8abf5852800e6b44fa222db900f1bdf9f81342738,6.21724893790088e-15,5.1091166
72,MC1_K2_N1_L1_SP0_P2_R01,ba183a5459df7f9c54fefa8944a25d3f348fe8bb39d742a69f59cd19eae244d2,31a85cf10323dcb0ff906b98f8f0dab39e853ab81d2695b1979df50869258a07,1,6a7b6c138286e1c9d0bf9e20c33798c17faff4699893a96c695ad773681b9f2d,4.82163733276644e-15,4.7219916
73,MC1_K2_N1_L1_SP6_P2_R01,475fc9cdea6498dc6b017e65047ea2c8e931d4f5296272730c95e4502cd61596,31a85cf10323dcb0ff906b98f8f0dab39e853ab81d2695b1979df50869258a07,1,f86fc904efcb723d3fd3669ffeb13b8c16f9cc20fa6f8a3281c836776e73d840,3.5527136788005e-15,6.1492686
74,MC1_K2_N1_L1_SP10_P2_R01,19735ce04a2b47caf66c8976196857789cbd134450b95c42c96a39fc060a1413,31a85cf10323dcb0ff906b98f8f0dab39e853ab81d2695b1979df50869258a07,1,7ef1438e2676c889757a8a4d6d9be14bbcda401699841dcd10572b6074be8004,3.5527136788005e-15,6.807875
75,MC1_K2_N1_L1_SP14_P2_R01,27017713ed65ef21ed3311895ef7bab3a8892dee1842780d002a8adbaf4cc4c4,31a85cf10323dcb0ff906b98f8f0dab39e853ab81d2695b1979df50869258a07,1,13f2f33f65b7beef5c68116a067e1885b7b7ee6a0f748b7f757f8483c96d6909,1.06581410364015e-14,6.6520266
76,MC1_K2_N1_L1_SP18_P2_R01,49066aed1ae08d42e25ca0c151f040d49926d84f30e2b59cbc3752b844a0de90,31a85cf10323dcb0ff906b98f8f0dab39e853ab81d2695b1979df50869258a07,1,aebf819cbce3842ee745cd644e8cad084da5eb76b83edee424567421777b165a,7.105427357601e-15,6.6126494
77,MC1_K2_N1_L1_SP22_P2_R01,52c2ae4cf58d6a8a9bfe9d5e9f1e08e58915a555019d21e31df43cb5fa1e3421,31a85cf10323dcb0ff906b98f8f0dab39e853ab81d2695b1979df50869258a07,1,a34867bef9cf2e659c0999da278677a505cd3f5471d405f659c8f6670863bba6,1.06581410364015e-14,6.359152
78,MC1_K2_N1_L1_SM6_P2_R02,5c639f84da133aee45474d678ab9758bc13c505ef3114bf9742ed5ba84724bd0,31a85cf10323dcb0ff906b98f8f0dab39e853ab81d2695b1979df50869258a07,1,f17e0e87b7f781e178a4c16a0b63cab87a45851d0a7071315bafc2e41e8dc283,8.88178419700125e-15,2.3563796
79,MC1_K2_N1_L1_SP0_P2_R02,78e01da53281db9bddfdde3d1f8f937ca7d59c8c9c1e912dd5089a2a9a2a89e5,31a85cf10323dcb0ff906b98f8f0dab39e853ab81d2695b1979df50869258a07,1,c908d925f3671fdb39d69aeed402ed4949206cadbbc07c3e89c0b916758888e4,1.20540933319161e-14,2.3432827
80,MC1_K2_N1_L1_SP6_P2_R02,e5ebd71f594f9078a6b491bbff9883e81508dcb1926ec358b7a6a463e2911a67,31a85cf10323dcb0ff906b98f8f0dab39e853ab81d2695b1979df50869258a07,1,1fa109bfa0d0d92a002d7e23043383624a43ac2d75b0f14bc4ecf6f585256a0d,3.5527136788005e-15,2.3448312
81,MC1_K2_N1_L1_SP10_P2_R02,7b8b48847ba38c435902042999b03e61811e2e895a75803fee530b81d1184614,31a85cf10323dcb0ff906b98f8f0dab39e853ab81d2695b1979df50869258a07,1,898b09318fa812bd78fe10dbe6095d692b41f17288595fbe9817683a3564f1bc,8.88178419700125e-15,3.0775413
82,MC1_K2_N1_L1_SP14_P2_R02,9c2daba6eae53d26c748fe04e98db0cc3c910cca5025ff82aa6cb6746002916f,31a85cf10323dcb0ff906b98f8f0dab39e853ab81d2695b1979df50869258a07,1,e6c282561445fadfa39b7fe79e6b66bfe2eb785da9525ebe20c8bfbb52d715d1,7.105427357601e-15,3.2825462
83,MC1_K2_N1_L1_SP18_P2_R02,fa5b4b954a5dc40b7702c5b382e09c13e4c9572af907eebbf5464b220a8d4385,31a85cf10323dcb0ff906b98f8f0dab39e853ab81d2695b1979df50869258a07,1,e53f6638f743f32f62c22c94fee3a58219b1a781f29cd7859391cbe285b0f1cf,3.5527136788005e-15,3.4968794
84,MC1_K2_N1_L1_SP22_P2_R02,1fa068337d8070611a3dfbbaa31814fc5b93b122322ff5906cdd685b97baa35a,31a85cf10323dcb0ff906b98f8f0dab39e853ab81d2695b1979df50869258a07,1,817d00e8324ab4c01f236519b728f13be3c2036df5e45d2af7a67f083283cd30,0,4.3053695
85,MC1_K2_N1_L1_SM6_P2_R03,eca4b4e13c6ca0244e5ec397c8b497878820b2e18f906a07bfdcabe862675bf6,31a85cf10323dcb0ff906b98f8f0dab39e853ab81d2695b1979df50869258a07,1,2541306a239286ed77eb015815daf02e4892c5ba6be83eb7d996a8470fe20143,5.32907051820075e-15,5.5202137
86,MC1_K2_N1_L1_SP0_P2_R03,ab52743977a1e30a91168a77bf3dc9ba540e4eac737de4cbce4581966a2eb859,31a85cf10323dcb0ff906b98f8f0dab39e853ab81d2695b1979df50869258a07,1,9ecc29ebc8e6a79d611fba64f608a83274e146fa232729fd9a150fcae85db746,9.64327466553287e-16,4.7795166
87,MC1_K2_N1_L1_SP6_P2_R03,24822dd936ea3385ebea19730cef5be05f59c68f3b84278805a9b72ae42c0bfa,31a85cf10323dcb0ff906b98f8f0dab39e853ab81d2695b1979df50869258a07,1,ffb4d9aeb0f0b39bfc767192ac0e5fcc23e1ab9b4035373e56e040cd24bcc7aa,5.32907051820075e-15,6.2596002
88,MC1_K2_N1_L1_SP10_P2_R03,39d2c6a658a94e313a31d8a5737e51dd48c258f953f6681c817ab212e62fa88c,31a85cf10323dcb0ff906b98f8f0dab39e853ab81d2695b1979df50869258a07,1,5eb24cdf6a01a9286a3c8ec6efbd4737d61ef6550d1b69c370c1e409998f320d,3.5527136788005e-15,5.6198787
89,MC1_K2_N1_L1_SP14_P2_R03,cd03b61b9797de7974ae66c65021026177188e08392a6b7774f40a10f0842388,31a85cf10323dcb0ff906b98f8f0dab39e853ab81d2695b1979df50869258a07,1,533ebe2526a16fb59a8b6f58430bd15f36115da18cf8f95947a69f14cf9eb634,1.77635683940025e-15,5.8546337
90,MC1_K2_N1_L1_SP18_P2_R03,de6052ca7fa045a9f803b5b294ab1932981b664d8f8f04e058cf09ba9137667f,31a85cf10323dcb0ff906b98f8f0dab39e853ab81d2695b1979df50869258a07,1,f29c8c41c46767a2982c0ab176b10b307e0be16504e7943b4850e17feb5e50e2,7.105427357601e-15,4.5976213
91,MC1_K2_N1_L1_SP22_P2_R03,d9857dab23ae55141a3f935e4df14fb42ae08fd8c4dbfea2200c0c9d4f485916,31a85cf10323dcb0ff906b98f8f0dab39e853ab81d2695b1979df50869258a07,1,7902b191cc0f6e145b160916290f74f184c6d8e7c7ee91a3600f3d92172a5440,3.5527136788005e-15,5.7133586
92,MC1_K2_N1_L1_SM6_P2_R04,113471d28fdfe0d2067f62945622cfcfb1e34f10c95f36f317e3bbf4357edffd,31a85cf10323dcb0ff906b98f8f0dab39e853ab81d2695b1979df50869258a07,1,8b9c17ceb56da8f54bcf767cce9faa2726d7b4510248f2e9d38525aef530dbe9,1.4210854715202e-14,2.9222803
93,MC1_K2_N1_L1_SP0_P2_R04,a78e4d7947d394b8d73b148d468c28b19fedabbe6b0b971ea4c2718a7b79a0d5,31a85cf10323dcb0ff906b98f8f0dab39e853ab81d2695b1979df50869258a07,1,5baed703d6736bb41d7758a6fac0a5a29d9da7656920aeb6fda50461b64b8603,1.06076021320861e-14,4.8403815
94,MC1_K2_N1_L1_SP6_P2_R04,4ada3e3cff3fb04c0199c931900d069e685fe25b16225f9c4bd4c72ac4d781e8,31a85cf10323dcb0ff906b98f8f0dab39e853ab81d2695b1979df50869258a07,1,ec6963059d5a96c315c20db1838249e7f1beace5ef53c83c49bdc5e8926faa35,4.44089209850063e-15,5.0402795
95,MC1_K2_N1_L1_SP10_P2_R04,dcde6b4eb4f6365d21c5786b5336abd726fb85f7d76f0de4a3d14a07d12271bf,31a85cf10323dcb0ff906b98f8f0dab39e853ab81d2695b1979df50869258a07,1,8ec3f597057ad1eebf6d8e7dc8849e466e4883b2ee5c383c26d54c9ba9d005fe,1.77635683940025e-14,5.4892292
96,MC1_K2_N1_L1_SP14_P2_R04,848748114bdcfa79481db2c51ecb9d1c74ab18591fc8550d69ba4a88693bdbad,31a85cf10323dcb0ff906b98f8f0dab39e853ab81d2695b1979df50869258a07,1,1dd358c615962b046988c68726a6ae4acd4139d7ab412fb554e839c6d9c2e181,1.4210854715202e-14,4.2831946
97,MC1_K2_N1_L1_SP18_P2_R04,c70bbbc28cf304579b837b59c58ba8d0512767080f8657c99c2d3ef3009aece6,31a85cf10323dcb0ff906b98f8f0dab39e853ab81d2695b1979df50869258a07,1,51fec50dd18ac59c0c7eec86a67a2a4551fbbe2b210864476c2897c957429d6e,1.06581410364015e-14,5.0006016
98,MC1_K2_N1_L1_SP22_P2_R04,05000970a38ccd10b477247bd3da91a37dc81a264a008e9a3f21261f44e041aa,31a85cf10323dcb0ff906b98f8f0dab39e853ab81d2695b1979df50869258a07,1,796bff2e93fa1b42861b0b6249ef78a8622f8c0e743a59e339388093dc0f0054,1.06581410364015e-14,3.5608178
99,MC1_K2_N1_L1_SM6_P2_R05,a375e1fb1c690bd63615c463bc4e76f2f6e6ffd3565a84081d4e317056d15633,31a85cf10323dcb0ff906b98f8f0dab39e853ab81d2695b1979df50869258a07,1,04d7d8c8f64f5f077fa5b53e8445e192b9d4d89f9dda7f9200decd8d9a94a052,1.06581410364015e-14,4.6386658
100,MC1_K2_N1_L1_SP0_P2_R05,9cbaafd7db04bd111f7d83ebfea0a1ccfdc26fd863ff023f57c5e1bb884cfa2e,31a85cf10323dcb0ff906b98f8f0dab39e853ab81d2695b1979df50869258a07,1,cd9215d3cce446eadd3b0b8a1339bf2edade1648f4c8a5f713400e68081cb595,1.44649119982993e-15,6.1206784
101,MC1_K2_N1_L1_SP6_P2_R05,d1dba9bfdc5dfeeddc65e76d7bc82a898b981f57cc47efbc4d08a69c968e19f9,31a85cf10323dcb0ff906b98f8f0dab39e853ab81d2695b1979df50869258a07,1,ce0088863ace97b8cff7e226ff9b5e8617598d58c535ec5635cfc2f17fec3591,9.76996261670138e-15,4.5917919
102,MC1_K2_N1_L1_SP10_P2_R05,b7075225940bdc6e6dea6e31fe085852a05166dc19332cea68547700cb4077c7,31a85cf10323dcb0ff906b98f8f0dab39e853ab81d2695b1979df50869258a07,1,30a18dbca7c42ebd7d4280199051c1daef6d0e3ea3a5f142660102bf584dd2ea,1.06581410364015e-14,5.8587571
103,MC1_K2_N1_L1_SP14_P2_R05,7c0e5daf43905ed326ec1ee459637ee1f203459279f3fea2ed852a9b75b74335,31a85cf10323dcb0ff906b98f8f0dab39e853ab81d2695b1979df50869258a07,1,788e8a1409d7648c11ca8c8e2a0ef7502aa8009b45bc42b0716d2372fda8853c,1.06581410364015e-14,6.0351661
104,MC1_K2_N1_L1_SP18_P2_R05,c7190502dccaf4752ccfb11a6e2438107b7579e0b79d8a6a63d9e69d6e3b6f93,31a85cf10323dcb0ff906b98f8f0dab39e853ab81d2695b1979df50869258a07,1,a90cada9289a22dc44c3fa10879972b122e580e311ca2e10cca99251fcc481f9,1.4210854715202e-14,6.3008892
105,MC1_K2_N1_L1_SP22_P2_R05,2dc4e80febbc0791b72be2c8db4ea7f669e34fedccb9f8a481ed8ce3ab1e253d,31a85cf10323dcb0ff906b98f8f0dab39e853ab81d2695b1979df50869258a07,1,d99101d14d73f6dcb4612a49a89737b78228b2299024a29f485bd83401337f56,1.4210854715202e-14,6.4330082
106,MC1_K2_N1_L1_SM6_P2_R06,93dee6731bb64c2724af1e7815ee53e25d14698335e260eb526b2f1c33272fef,31a85cf10323dcb0ff906b98f8f0dab39e853ab81d2695b1979df50869258a07,1,36c98c1d3fedf1a281a9344af9fa3d1007ccf3f6fc862538a885fc6862043c48,1.24344978758018e-14,2.3466516
107,MC1_K2_N1_L1_SP0_P2_R06,54109b6e3be25df5c3395398239189d3ca68184311637bf948c16f785f1850a2,31a85cf10323dcb0ff906b98f8f0dab39e853ab81d2695b1979df50869258a07,1,3bfcabb38d52474c22098409ba85b646eee4bf5ce9add461b93e88af890b982b,7.7146197324263e-15,2.3253791
108,MC1_K2_N1_L1_SP6_P2_R06,ba9514cc5984ae2b68acbc99e6dfe4c648a07a1dc6ac2c1a799421f347fde429,31a85cf10323dcb0ff906b98f8f0dab39e853ab81d2695b1979df50869258a07,1,80127a028ee19a61b521294942479aed208096c63d0c60df96d0a640898df86d,1.77635683940025e-15,2.801229
109,MC1_K2_N1_L1_SP10_P2_R06,b9d48484001472bca9d7755f44839c0a97bbefa5f8df238f2dec2bff535565e4,31a85cf10323dcb0ff906b98f8f0dab39e853ab81d2695b1979df50869258a07,1,f5ac81531042ba3a2dd11947209049f9ccfc4e3faaba000827c45de7b0ba4514,1.95399252334028e-14,3.2553308
110,MC1_K2_N1_L1_SP14_P2_R06,9f950cd69196aa53e6a4e753830e7794506046c75bf50644f8ab8b21160f59b5,31a85cf10323dcb0ff906b98f8f0dab39e853ab81d2695b1979df50869258a07,1,43e9b7469c808057cdb0b683d1168b18eec76bdea3d61d023fe11d654762bbe5,2.30926389122033e-14,3.2797089
111,MC1_K2_N1_L1_SP18_P2_R06,202fb101dfbf6cdff1f4de3e22a6ad570d9dac1eb46372164e2f62084e482bc1,31a85cf10323dcb0ff906b98f8f0dab39e853ab81d2695b1979df50869258a07,1,cd70fd2bb3ebf0f3fb425ecf324e03e53bde1dd4a8dd71f8854c1e777651f290,7.105427357601e-15,4.0523579
112,MC1_K2_N1_L1_SP22_P2_R06,a011c63fa0489ae9934ae4d9f319c2c8a67c1a58afe536c04a4132221d8f9b43,31a85cf10323dcb0ff906b98f8f0dab39e853ab81d2695b1979df50869258a07,1,e3c0244c7ba2441283275d97726241287521b6c8f7ef928d1e4cf8f09893d591,3.5527136788005e-15,4.8243545
113,MC1_K2_N1_L1_SM6_P2_R07,b0ce4d9e5419152e33ed4669947ade7957f8e009ca3e682dc5244763824f25c9,31a85cf10323dcb0ff906b98f8f0dab39e853ab81d2695b1979df50869258a07,1,3e1e6324adaf175d6e96403134095abbde487d96f23f9a0726821f7d5d3db770,2.66453525910038e-15,2.8251724
114,MC1_K2_N1_L1_SP0_P2_R07,3cd3b1856ad59507fa69e50205d0967242fe769fc47c252356f710dfef5d1c9a,31a85cf10323dcb0ff906b98f8f0dab39e853ab81d2695b1979df50869258a07,1,51f3b4d526990c91cb8fba770314b8e4801b5a35b0c0b1bd39ba733c12c2e956,8.67894719897959e-15,2.5119381
115,MC1_K2_N1_L1_SP6_P2_R07,587cef18cd4da3e11c2d492cb5f433511f4e23b963e8c3a583fc0c4b53e3c4fa,31a85cf10323dcb0ff906b98f8f0dab39e853ab81d2695b1979df50869258a07,1,425c05739721cc007695d9bf700e70cf59c8d14c7b534107c9ac7dffcdd231ca,8.88178419700125e-16,2.6276993
116,MC1_K2_N1_L1_SP10_P2_R07,09307ba50d6a1516b22048c8f7d5629434af78faa6f6bb4632fcd17c9cb970b4,31a85cf10323dcb0ff906b98f8f0dab39e853ab81d2695b1979df50869258a07,1,be735b62b72510c314ea66c5fee65a9cd73ba20fda403f0334bd3890beb66ea1,3.5527136788005e-15,3.1451724
117,MC1_K2_N1_L1_SP14_P2_R07,cec4d1dbd94d8e22f66ffa4595e396e9526e50e32d1d8ad13e7078f19b84d7b6,31a85cf10323dcb0ff906b98f8f0dab39e853ab81d2695b1979df50869258a07,1,94f9880e30421c6a9744c6233ef727f08a57bd55412ba892a24842d1163efeb9,2.1316282072803e-14,3.3432734
118,MC1_K2_N1_L1_SP18_P2_R07,353b36f606b38376aa01a95bfed58f1e4ba6dd90ce535f544e86cd2fe520fb4e,31a85cf10323dcb0ff906b98f8f0dab39e853ab81d2695b1979df50869258a07,1,b172b911f6919684f8939bbaf7b201ca055bd53e206fe35c79d1cd313b24a468,7.105427357601e-15,6.2326891
119,MC1_K2_N1_L1_SP22_P2_R07,df77d7b7796bbb2b5b68793f5621c00730036b35a4713820ac131ba0c9c6023d,31a85cf10323dcb0ff906b98f8f0dab39e853ab81d2695b1979df50869258a07,1,276f7d238a50ac1b56d6cfb017cd4156545a55eff96e4a40558d1a726698c0cd,3.5527136788005e-15,6.3592552
120,MC1_K2_N1_L1_SM6_P2_R08,8be328e5429cccf7814867384684e521b84de6e57d27c9f97ac7f6ee297898c0,31a85cf10323dcb0ff906b98f8f0dab39e853ab81d2695b1979df50869258a07,1,4f1367b76af0bf12263d60e308f7bec893a59fbed6cbb0dfd766153adce55695,3.5527136788005e-15,3.5459084
121,MC1_K2_N1_L1_SP0_P2_R08,72ba90ad26b5e428dd4fca29b2b5f409a433388c641771b1878628ae35bddc45,31a85cf10323dcb0ff906b98f8f0dab39e853ab81d2695b1979df50869258a07,1,2f40b36cf897263c21ede4f43fbf65992e0e88b1f58ebc0be9203b92c58b8a75,4.82163733276644e-15,2.4075291
122,MC1_K2_N1_L1_SP6_P2_R08,302a6c30dabe7a5a99ec92d901bb2f38f1fa737a20f5f6ba72b33f1419cc9d97,31a85cf10323dcb0ff906b98f8f0dab39e853ab81d2695b1979df50869258a07,1,594c8eaac36576f4d2463af4f4da052e62df8543fd4709b67b9432fc89f35c63,5.32907051820075e-15,2.4178655
123,MC1_K2_N1_L1_SP10_P2_R08,d73ade7c3300988caf08ad17029c3f11a21279d0624bd43852c7d15791d84ec8,31a85cf10323dcb0ff906b98f8f0dab39e853ab81d2695b1979df50869258a07,1,d8ba1d4fad440e783788435569af3c59344fa5bc11f9f7278b4a01d013d74390,7.105427357601e-15,3.8003423
124,MC1_K2_N1_L1_SP14_P2_R08,9d4840cb0acf2cc16b08d9302ee7ae2264f95671e1272152ef3c79376e23cf07,31a85cf10323dcb0ff906b98f8f0dab39e853ab81d2695b1979df50869258a07,1,c1e25dfbcccfe0daa570b6fcbbc1a2ce7bba90a34455fa4c891d944e590f3d67,0,3.9317582
125,MC1_K2_N1_L1_SP18_P2_R08,1ec6fb5214820a58d0be7bb472adf5bf8bae39172bd65a63a090dae862de5a5a,31a85cf10323dcb0ff906b98f8f0dab39e853ab81d2695b1979df50869258a07,1,7e11cfeb299173b9149b3ce7d39ddfa3dfcd212faf6de960481301e63b31faaa,3.5527136788005e-15,4.8796599
126,MC1_K2_N1_L1_SP22_P2_R08,260eb0deb206ea9821f2dab28c06361e2efcf66e1e4f39be42bf580ff59ddeb4,31a85cf10323dcb0ff906b98f8f0dab39e853ab81d2695b1979df50869258a07,1,d7d9f123871d4742657d8806877fd9ab944d304fc27ce24e7a1bccc0c8dbf093,1.4210854715202e-14,6.2712346
127,MC1_K2_N1_L1_SM6_P2_R09,10999f61686c6d1f4293337b9be8d4fb440422d0fcda1dd73f2a01901ea26fd0,31a85cf10323dcb0ff906b98f8f0dab39e853ab81d2695b1979df50869258a07,1,dd747854230d86203989c6c894c08d9a42e4fd5f4377bedd7383e9788b521cb6,1.24344978758018e-14,4.4126791
128,MC1_K2_N1_L1_SP0_P2_R09,808cb84c677f0a7ad5941e716e5f68d94b3f5da27badc3efb5dd958b762aa922,31a85cf10323dcb0ff906b98f8f0dab39e853ab81d2695b1979df50869258a07,1,e96356203af6302072bc94bc3f6c357082586afbc75d2f7c391e4efe85428a98,3.85730986621315e-15,4.9411117
129,MC1_K2_N1_L1_SP6_P2_R09,6a7a8ccebfcc53c48c0e371ddd2d4be838b06ac6c6e3bf04e7863a7797b5e8bd,31a85cf10323dcb0ff906b98f8f0dab39e853ab81d2695b1979df50869258a07,1,b52d0a24763cb5c017e047d310a840612ccb7a079e29abcb1ce9f2ad7550141e,3.5527136788005e-15,4.9361216
130,MC1_K2_N1_L1_SP10_P2_R09,954c40c23c4943bcf0a76aba82b2ef68293cdca3209571cc69f39c87507a1239,31a85cf10323dcb0ff906b98f8f0dab39e853ab81d2695b1979df50869258a07,1,39d8f08ff6fe28e11ec6eddf6761c6a7aedc793f0432cc310c8494b68e1b61dc,0,5.649384
131,MC1_K2_N1_L1_SP14_P2_R09,c9c56643a5d6aabcbf8fc37ba8ce7b671aba2cbafe4051cb7d40a92231e5eb9c,31a85cf10323dcb0ff906b98f8f0dab39e853ab81d2695b1979df50869258a07,1,e09215add24f0680dbeb1a58dee3a5133c7241ec5c585ffaa8864607ea40db6b,1.06581410364015e-14,6.4154545
132,MC1_K2_N1_L1_SP18_P2_R09,87bebb5ee1aec1eaae06cfc1d4e66a50dd07b01cca5da6f0bf31e71fc568d952,31a85cf10323dcb0ff906b98f8f0dab39e853ab81d2695b1979df50869258a07,1,ccd06029f8d48c2939e982ee961191d8f3762f8a8d24b216ef2586fa38ec2376,1.06581410364015e-14,6.7315575
133,MC1_K2_N1_L1_SP22_P2_R09,167751ee30852f3e6142bb528eec0f67fe7b5532ea784e6bc581337a984b5cf1,31a85cf10323dcb0ff906b98f8f0dab39e853ab81d2695b1979df50869258a07,1,bbc0279dcf40c07ae713f19ea23c3eaf5eaecc1bca96ed2c272047487a22c831,7.105427357601e-15,6.6645697
134,MC1_K2_N1_L1_SM6_P2_R10,2f50c975c7164aef7326d54e3dd9a244c28099679f2397b9047908d556d675e8,31a85cf10323dcb0ff906b98f8f0dab39e853ab81d2695b1979df50869258a07,1,46b10f7c8af1e67550ead8a02754218269cb21d59fad797fd4398e8134c2e34e,6.21724893790088e-15,3.5246768
135,MC1_K2_N1_L1_SP0_P2_R10,27669835042b367a9220bd8f74800fca9a36f1fa9b9edfd88820a1e6dffdc76e,31a85cf10323dcb0ff906b98f8f0dab39e853ab81d2695b1979df50869258a07,1,7b9285cd813c26ba9061c315e6c671ca7a1d73bb8aa68995f5718227a6fde4ae,1.92865493310657e-15,4.5714047
136,MC1_K2_N1_L1_SP6_P2_R10,cdf499ea428ed85da7b6f3016b324f33e8103c5eaed5692ae1908aa5f4683aed,31a85cf10323dcb0ff906b98f8f0dab39e853ab81d2695b1979df50869258a07,1,7401abd76549d12da383ef69deb27d4ee9fc6f31c947cc23fdaedc3f8db8a68e,6.21724893790088e-15,4.6675256
137,MC1_K2_N1_L1_SP10_P2_R10,2c20b1346d6db5720caabb4eaf31974132c5c5ad9100b135034029f1fb1d801d,31a85cf10323dcb0ff906b98f8f0dab39e853ab81d2695b1979df50869258a07,1,abba117cd38971c10f130d42d6185b704d8bbc3244e60d47ce9d853c5dea7b8e,1.77635683940025e-15,4.6862347
138,MC1_K2_N1_L1_SP14_P2_R10,954051460ee48ba8264fe4e3024c19fc091dca8072accbd02e2d2bba6e8969dc,31a85cf10323dcb0ff906b98f8f0dab39e853ab81d2695b1979df50869258a07,1,006aff4f2a711945b201ce9cfd91f1f11eec76cc3f47b01733e5dfd03602938e,7.105427357601e-15,5.3962521
139,MC1_K2_N1_L1_SP18_P2_R10,60e8905199036ad202cc267a297869e70e067f234519c554297c1dcf296fc64a,31a85cf10323dcb0ff906b98f8f0dab39e853ab81d2695b1979df50869258a07,1,4159330a7c9828a12dd53337eaae1c11727c344eb3fc12ce6513b17ec6e7c6dc,0,4.0503267
140,MC1_K2_N1_L1_SP22_P2_R10,2bb3697487f1015a2e1d280930980514f13fbb0ca4d91f04f860715a6215dddc,31a85cf10323dcb0ff906b98f8f0dab39e853ab81d2695b1979df50869258a07,1,7a698264d7f160c9914796604215d08d5ca1918d382742d4d2310365df9cb613,0,3.5472661
141,MC1_K2_N1_L1_SM6_P3_R01,a10c74ba2bd12b73b4f2b5e31919aaf8ed428bda3ea4afa46ede1f3f1da02df1,31a85cf10323dcb0ff906b98f8f0dab39e853ab81d2695b1979df50869258a07,1,5ed66c268049ebedf925a66921c1829aa5711712a0317c2540b928be5d97daaa,1.86517468137026e-14,3.1290657
142,MC1_K2_N1_L1_SP0_P3_R01,7e72d5f935baa7f4cb83e8e2f294d214e04be8acc8448f2a8e3f5dc18bd56cd3,31a85cf10323dcb0ff906b98f8f0dab39e853ab81d2695b1979df50869258a07,1,90b8dbbc13fa374e24b205226281b9d152fa50d0adfc8286db1e134c66061fc2,5.78596479931973e-15,4.3358528
143,MC1_K2_N1_L1_SP6_P3_R01,58edf1d77364617d10e123faf7bedbdbe4d7feb1a8cc99eef39e163a5bb1f99c,31a85cf10323dcb0ff906b98f8f0dab39e853ab81d2695b1979df50869258a07,1,a663351b564499bd85e78f2c04746615d16dc4e417fc21502c60927ad644479a,1.68753899743024e-14,3.7806432
144,MC1_K2_N1_L1_SP10_P3_R01,62b5973ec752f38df6f1792b29b393ce96e587cde1daf8bcb1b1b2bdee0f5918,31a85cf10323dcb0ff906b98f8f0dab39e853ab81d2695b1979df50869258a07,1,6fcc18a4d717a1b87ab7b27a62a195307e584f5752f0d0decde4632ca5a151f0,1.59872115546023e-14,6.4952617
145,MC1_K2_N1_L1_SP14_P3_R01,052db1708eec4de9ccbf01e90b58882cf1b5f8de1d25eeac206bb74db8d7f7b5,31a85cf10323dcb0ff906b98f8f0dab39e853ab81d2695b1979df50869258a07,1,867471c9a9503b3f3058b69c1dc1161273090b46896649193d752c886da4d4e8,1.24344978758018e-14,6.6102894
146,MC1_K2_N1_L1_SP18_P3_R01,4f9f5040feb3962fbfe6a0e9418ec3989b3805d879318a47f8457548e57caf22,31a85cf10323dcb0ff906b98f8f0dab39e853ab81d2695b1979df50869258a07,1,0ba1b322a3b96da256203f14987440f6b67afa3030da46c62d66caaf3512fa77,1.06581410364015e-14,6.4631676
147,MC1_K2_N1_L1_SP22_P3_R01,377ff52548b73f8f7f2fadcbd444257d158b879d57a3cbcf873038c194513ede,31a85cf10323dcb0ff906b98f8f0dab39e853ab81d2695b1979df50869258a07,1,930456bb364b637cba96768c489f913750ffbc2878b067e328e7f3bb93ec2b5d,1.06581410364015e-14,6.5691146
148,MC1_K2_N1_L1_SM6_P3_R02,ce129e7a6fddb15959ec6378bea664196006ccbef2e8b0e9d5f773a3f8dcf1a4,31a85cf10323dcb0ff906b98f8f0dab39e853ab81d2695b1979df50869258a07,1,60f028a946ebb31cdbe54be826722a1eb03ee62239f114c6a947d9ebd5487d5a,2.66453525910038e-15,5.2672827
149,MC1_K2_N1_L1_SP0_P3_R02,27715ab83854ddf1467a70d471ec504a179fd8548752088e0385cab1bdcd68e4,31a85cf10323dcb0ff906b98f8f0dab39e853ab81d2695b1979df50869258a07,1,f9ac2828a66a3061fd2cba905fea4ed42d18987d69348b8a55b186ae7412c423,9.64327466553287e-16,5.8373122
150,MC1_K2_N1_L1_SP6_P3_R02,4d2e999741f98108a6d2a88f50e7a8758b757adae7d5e5babfe4ad366ba10d4c,31a85cf10323dcb0ff906b98f8f0dab39e853ab81d2695b1979df50869258a07,1,ac0ba54f9f3725f38cc2810fd2eece968c423b6a6c4cade0184c5c5e9f74d8b3,7.99360577730113e-15,5.8227115
151,MC1_K2_N1_L1_SP10_P3_R02,395be42ff3ab00336b3ad260f8d260d650c5c4855d3ed979d87e188c38cbdb26,31a85cf10323dcb0ff906b98f8f0dab39e853ab81d2695b1979df50869258a07,1,504d41039a94b6eeae469d6075f2202390b41bee5d2a127b6e637e2a523f58d8,5.32907051820075e-15,6.5281401
152,MC1_K2_N1_L1_SP14_P3_R02,69a688ca0fb5f1a0f89eef91992693a0829567bdecc252d1fa3b422db25dca51,31a85cf10323dcb0ff906b98f8f0dab39e853ab81d2695b1979df50869258a07,1,c0ca7e8dd9af62c6256e2ba48051f03ff6a3ec211e90cfc471fd519fb9d8f5d9,7.105427357601e-15,6.4897643
153,MC1_K2_N1_L1_SP18_P3_R02,d37ba2495edfd6bbf57175bf60060c4b1c060a1484ad75bf608cc304d258cff4,31a85cf10323dcb0ff906b98f8f0dab39e853ab81d2695b1979df50869258a07,1,5397093fb3a6e419f944ee88ecb02c753d6809f1cbf6f49edb0642647d5563f0,7.105427357601e-15,6.6665457
154,MC1_K2_N1_L1_SP22_P3_R02,f0317127bcb90e04da8858826bbcac4cab98a893516e2ab382677ddb4717bb53,31a85cf10323dcb0ff906b98f8f0dab39e853ab81d2695b1979df50869258a07,1,5d39b2f61fdd361589ba1b32ec0012f7fc6f28017623f900110e4c70499ee3ff,0,6.6558922
155,MC1_K2_N1_L1_SM6_P3_R03,93fbc427f66e4439ec03ddc38050893ee99f205d4a86c9e85fa093159979260b,31a85cf10323dcb0ff906b98f8f0dab39e853ab81d2695b1979df50869258a07,1,a52aa615a4c4f7624408d518ef7c635bc60fb01a36940994b940066669f2f885,3.5527136788005e-15,3.3156136
156,MC1_K2_N1_L1_SP0_P3_R03,02a7ee55b4b30da527f170231b4e5557751dbda55d1590e1bf6a7975b2995798,31a85cf10323dcb0ff906b98f8f0dab39e853ab81d2695b1979df50869258a07,1,f337013819538c6bca673b22c9d0cbd9989eef239c1a89bbf0930461405ab99d,1.06076021320862e-14,3.223173
157,MC1_K2_N1_L1_SP6_P3_R03,53a8a922b7d716fa8c74c18a6a65df7eb4287bf46dcb909dbcecb630fa177af0,31a85cf10323dcb0ff906b98f8f0dab39e853ab81d2695b1979df50869258a07,1,5d5c81f76b67d64a9ae415cfd04bab115c5f8172fa2cfc001f45e0d5622a23a2,1.77635683940025e-15,2.9571872
158,MC1_K2_N1_L1_SP10_P3_R03,f4cf183e0b154b964b814ae1f433c026414ae822784558f47aaa8355d10d422b,31a85cf10323dcb0ff906b98f8f0dab39e853ab81d2695b1979df50869258a07,1,deb18ff96a0b1c9ac0d04133a8f70a6e0576bcaee30060c9f498dd3246599b60,3.5527136788005e-15,2.6246742
159,MC1_K2_N1_L1_SP14_P3_R03,c6be7f6eeeedf9e974636b9b6c2c4b34cb61cbe48fe0ece8a17ebcf5829b7a76,31a85cf10323dcb0ff906b98f8f0dab39e853ab81d2695b1979df50869258a07,1,9cfcb006428d5f389bfd28df8e22cddf90c1d5eabfa2fdd02105fcc57eff455a,7.105427357601e-15,2.5622192
160,MC1_K2_N1_L1_SP18_P3_R03,a46f0c6d83b896af7125aea423b3f067f947aabd2142a3d49ac40a90dfbccc14,31a85cf10323dcb0ff906b98f8f0dab39e853ab81d2695b1979df50869258a07,1,eb67971c2ace1a91c5a3ad2538d832c0e13bf6f3de97384ee6ec068ced56e88b,3.5527136788005e-15,2.6127733
161,MC1_K2_N1_L1_SP22_P3_R03,16cff86967eeac2c5ad13ab10b1592ea4e3d11b0bafef3813b61a2b4ad34efe4,31a85cf10323dcb0ff906b98f8f0dab39e853ab81d2695b1979df50869258a07,1,96fa7e4f3659174353912b32cf3355eefa5775519cee5a5624ffe796b143883d,7.105427357601e-15,2.5536195
162,MC1_K2_N1_L1_SM6_P3_R04,0d311b5f006ff224482ce8a529035afed958a85744a27ba2ce47da76df064598,31a85cf10323dcb0ff906b98f8f0dab39e853ab81d2695b1979df50869258a07,1,51bf3804d443423f4ae14620e401e7085316ccdcd4038e47a1f381462dc73b72,8.88178419700125e-16,6.7779264
163,MC1_K2_N1_L1_SP0_P3_R04,4d9ff0c4b1e9142dc7db285411efef5d4042a72678b0167b4a4d7068a7ec2683,31a85cf10323dcb0ff906b98f8f0dab39e853ab81d2695b1979df50869258a07,1,4b01d54e68e3537e1dc5f821e07fce66dec44c9db0c48376ff56dbdf24b1cd32,4.82163733276643e-15,6.6378332
164,MC1_K2_N1_L1_SP6_P3_R04,5fdddab592efccc533aa4bbd38f87d9663d67082909ca995321b546746f9f9a5,31a85cf10323dcb0ff906b98f8f0dab39e853ab81d2695b1979df50869258a07,1,8fb9892593d7fa9e48e54d919d921f4e396dd42557bb9374becb6293fb80d3f5,3.5527136788005e-15,5.5085961
165,MC1_K2_N1_L1_SP10_P3_R04,d3784f7a26628275f6df3e59fa41b4d2dccb1e4bb0833cc143068b09b227e5ba,31a85cf10323dcb0ff906b98f8f0dab39e853ab81d2695b1979df50869258a07,1,6d9eb14360849caf2704f9fb2e7927b2f2e78950ab9fe32ff5fee0016e855823,8.88178419700125e-15,5.8344448
166,MC1_K2_N1_L1_SP14_P3_R04,c7fb2a526d4bfa8b7a3d71280be130b7c1b401d2bff4b289de2ae95daca02da6,31a85cf10323dcb0ff906b98f8f0dab39e853ab81d2695b1979df50869258a07,1,ac7493dcd94756eafffc33b31dcd582c9845a0e955257aa46446bf4b99be7c78,5.32907051820075e-15,6.4003629
167,MC1_K2_N1_L1_SP18_P3_R04,0c528bc5f7866d516089339065559012733a74addd89c13ab7cfbaad19df46cf,31a85cf10323dcb0ff906b98f8f0dab39e853ab81d2695b1979df50869258a07,1,6512e36081aa3656d298f4e4ca6e2fb4e20a4ce50e8a696a4bd5d37e0bc15ac1,3.5527136788005e-15,6.3679885
168,MC1_K2_N1_L1_SP22_P3_R04,2cb186a2802e0c895e0d580111bd8458822c50dd7d3dba8b2865ffd83b00eadc,31a85cf10323dcb0ff906b98f8f0dab39e853ab81d2695b1979df50869258a07,1,306d3b7352b8a19b3f029638a6564fdc891737d71bbb0666e1e8e180f521e9f2,0,6.288588
169,MC1_K2_N1_L1_SM6_P3_R05,8072ce03781eb4cebc9adf9859863abef9a7c8af7eb88a3993946954cb47e354,31a85cf10323dcb0ff906b98f8f0dab39e853ab81d2695b1979df50869258a07,1,e9406329306767c2a45c5c9763e2bea8522eb5f0a08118a991fb0416993c37d1,3.5527136788005e-15,2.5781949
170,MC1_K2_N1_L1_SP0_P3_R05,4ca6d8cdc7bbff9c3a66a8be51dfda731d4304947f9f39d93fc180c8183e7a44,31a85cf10323dcb0ff906b98f8f0dab39e853ab81d2695b1979df50869258a07,1,c38e6cf72ea9b7111cdcdea25bafd26a59ecf53189a12ba140465f7f72d5d5b1,1.20540933319161e-14,2.8692691
171,MC1_K2_N1_L1_SP6_P3_R05,14cfb59070c4269b2a3e83825591447b2cee7f4002b2e16d3732130685d7c805,31a85cf10323dcb0ff906b98f8f0dab39e853ab81d2695b1979df50869258a07,1,70791ff0ce36e4b2f7b37cc52cec9db9f33548cc3dc49556d86a446ae5b76ac8,1.77635683940025e-15,3.753795
172,MC1_K2_N1_L1_SP10_P3_R05,bfe92cafed5f33e53e08bce280dc579c32ad04a76e76f7531f1496934454edce,31a85cf10323dcb0ff906b98f8f0dab39e853ab81d2695b1979df50869258a07,1,2f9a1d89416a8bcf6e7a55471421e0254943472178f18a58e96d3b948ffb7cb6,1.77635683940025e-14,4.3012259
173,MC1_K2_N1_L1_SP14_P3_R05,60eaa576f8c3ee7725efa20fcceb4b22861e52108b712161b13acf06e6d5efdc,31a85cf10323dcb0ff906b98f8f0dab39e853ab81d2695b1979df50869258a07,1,823d824ae61829f635b6c79e51ea4eb9e06af259502252dc1c68fb4ca117fce5,0,5.8127854
174,MC1_K2_N1_L1_SP18_P3_R05,4b01893c453cd2929be637bffef8908eec477d59da00bcd05e74be5e043407a4,31a85cf10323dcb0ff906b98f8f0dab39e853ab81d2695b1979df50869258a07,1,16bef5310e1253be772a816345f29350e41f0413898cea0d0c1569b544e2b4b5,0,6.0554482
175,MC1_K2_N1_L1_SP22_P3_R05,2d0be4c9091f44676304444db556411f1ba6d8a94848b5cf082b4e9b1fde0c4b,31a85cf10323dcb0ff906b98f8f0dab39e853ab81d2695b1979df50869258a07,1,74cecd465becba6bb5a8a512bed72620648db1f9d2e4f410348997210b626c9e,0,6.150726
176,MC1_K2_N1_L1_SM6_P3_R06,409f4691b603dd2b3dc679534ee0be066f3fd2972ed46dc2a08635db5997d618,31a85cf10323dcb0ff906b98f8f0dab39e853ab81d2695b1979df50869258a07,1,23581f21dad30c644bb409178d8c4fc6b7730f1b8f46bd628964f037ad2fad11,1.24344978758018e-14,4.1764552
177,MC1_K2_N1_L1_SP0_P3_R06,aeabff636e862ded0e9636e7a4c31aef52ab880fcc46e0cbdcac21ded2737ba3,31a85cf10323dcb0ff906b98f8f0dab39e853ab81d2695b1979df50869258a07,1,3b660a995f379a96c6a8a8d0d45f1bf33d7d25401cb47861d34baf744112c9de,5.78596479931972e-15,3.0229769
178,MC1_K2_N1_L1_SP6_P3_R06,7c4b42298f2fd8026cf641da1d546f6b52c3c3da9d6ce63c4892e1aee2aea228,31a85cf10323dcb0ff906b98f8f0dab39e853ab81d2695b1979df50869258a07,1,3e46c9540ff91bbd59ce7021385c8ffd2fb4eaf998d7c81a615cb44d01b57b7a,7.99360577730113e-15,5.1015334
179,MC1_K2_N1_L1_SP10_P3_R06,1c58cce648cdc52f5aaca4b54f09bcb4c3b41dc073f96693107cc58d6ba2f66f,31a85cf10323dcb0ff906b98f8f0dab39e853ab81d2695b1979df50869258a07,1,17b5b0a04115cc24ab614ea183bcb13823a6658359a5da6285bdb78da22a2a4c,1.77635683940025e-15,6.3907806
180,MC1_K2_N1_L1_SP14_P3_R06,0d14e971bbefbd87b9614346dbec0f74afd9fb5f852b5d39fbd76695e5eaad60,31a85cf10323dcb0ff906b98f8f0dab39e853ab81d2695b1979df50869258a07,1,809fdc0d59e6d519459f0fc233f55257f8a9c2e1b50cb45f5835f0bf1d628b35,3.5527136788005e-15,4.2437886
181,MC1_K2_N1_L1_SP18_P3_R06,b3c4bffeacdcf195d54f71f57a7f263d3ad2ccbe7ecd4bdb226af111e2d759f3,31a85cf10323dcb0ff906b98f8f0dab39e853ab81d2695b1979df50869258a07,1,d9058d25595b3e2630ed62118de2c7328fbb7317464a4efe80f7f3596583aa62,0,3.8106244
182,MC1_K2_N1_L1_SP22_P3_R06,b263cb4612d5ddd1d70fc58fe7220cedfa8556437b9388e6a730454ee8106bc5,31a85cf10323dcb0ff906b98f8f0dab39e853ab81d2695b1979df50869258a07,1,9da76b4c05976b2b8e8184788202dd8018cb9133437ab91e218882718afc7fb2,7.105427357601e-15,3.6202064
183,MC1_K2_N1_L1_SM6_P3_R07,19202d48956774f5795801643ee2de10bbe79d67eb3047933792975175325a15,31a85cf10323dcb0ff906b98f8f0dab39e853ab81d2695b1979df50869258a07,1,6375172db11d86bcb192f3cedab198c9388ab1a328a762ebf1f2eee1fb0f36a9,2.66453525910038e-15,4.0205663
184,MC1_K2_N1_L1_SP0_P3_R07,e37d8b43117f794981eb150858f667dc6d6a1cb09b3f10df4a3c491344bc1c26,31a85cf10323dcb0ff906b98f8f0dab39e853ab81d2695b1979df50869258a07,1,ce6a00e876acad319e945d28e6b6f2456bb2b717a9c2cacac6e97c9ca3a625d7,9.64327466553287e-16,4.246936
185,MC1_K2_N1_L1_SP6_P3_R07,2d8c6aea0ec6b3aacba26b0d830f474e0db616cf4d867b9b959339586f607e80,31a85cf10323dcb0ff906b98f8f0dab39e853ab81d2695b1979df50869258a07,1,b70b128afd32b5d37da7653b51678a116969f49e721c70ad63a537716aef71d5,5.32907051820075e-15,5.8910409
186,MC1_K2_N1_L1_SP10_P3_R07,97957c7a86800bf2940f85513dd2cbf875fec2b90733c7e3138a7a06cfd6decf,31a85cf10323dcb0ff906b98f8f0dab39e853ab81d2695b1979df50869258a07,1,cbcec7903f0f9a2c15f1e99d4bdf4b87ee5210f53f1792710cb230edd196c843,7.105427357601e-15,5.1770709
187,MC1_K2_N1_L1_SP14_P3_R07,5ee087bd9e1ca71b92c53db76bb7ec94aea96fbf61945ca9cc39f7f8d8854afa,31a85cf10323dcb0ff906b98f8f0dab39e853ab81d2695b1979df50869258a07,1,7845bc9dddfc2c617aa5d193575b4fa9780ca5f67215ad8817f9d38cc66ca16a,0,6.361784
188,MC1_K2_N1_L1_SP18_P3_R07,e4b60c35f8167d983b1d13f6722fc50deb555ff4c25711faff4118c5d3c232dd,31a85cf10323dcb0ff906b98f8f0dab39e853ab81d2695b1979df50869258a07,1,22635fd307ee1188ebee02fd2c23d0534e0e9f3a3b660794dcc4359b35894307,0,5.7650272
189,MC1_K2_N1_L1_SP22_P3_R07,96e3a3aff042e06aa0815518b7483d98bac063e400665ee31177f9d3a309d037,31a85cf10323dcb0ff906b98f8f0dab39e853ab81d2695b1979df50869258a07,1,0148992adbc2f6deb5c8792f02a8d3ebbe063234d76da6c9ded07eb85c1311db,2.1316282072803e-14,5.408057
190,MC1_K2_N1_L1_SM6_P3_R08,1fd7fa72ffef2f72b652b57e6c429185a64bcd05a1946a718e22ce40c2e2da0d,31a85cf10323dcb0ff906b98f8f0dab39e853ab81d2695b1979df50869258a07,1,a63829ee5ff0872bf37bfbe9b4e411268d2d5e74570bb49c02c1f6386a9f3c73,2.66453525910038e-15,6.3414076
191,MC1_K2_N1_L1_SP0_P3_R08,2ebcd74f11b19732193747a80910f74a117dfef2440dae35c00ab56244d363e1,31a85cf10323dcb0ff906b98f8f0dab39e853ab81d2695b1979df50869258a07,1,5d35aa2efb155f9a3f1952635e0e326f698fa0bd3c7f364e62492f99835291dd,9.64327466553286e-15,5.2428159
192,MC1_K2_N1_L1_SP6_P3_R08,af10838479543d254e1c2ea3de8f27339ec8e2a520f33a11850d30f0d7f7fde0,31a85cf10323dcb0ff906b98f8f0dab39e853ab81d2695b1979df50869258a07,1,b8ee16dd271ee31be4ffb3488d500c00c252dcbe7f5f2ddaf37f48dc03162e78,1.77635683940025e-15,5.5741511
193,MC1_K2_N1_L1_SP10_P3_R08,8ee714f521868c5db61e289cb72d00752fcd2034684c793a1f15efb13f0ebf98,31a85cf10323dcb0ff906b98f8f0dab39e853ab81d2695b1979df50869258a07,1,bee52c32272d3bb64e78921330271b4dbbc3c71e1c7f29bf43331f074240a60f,3.5527136788005e-15,3.2913407
194,MC1_K2_N1_L1_SP14_P3_R08,00c513a658edff4dea57bc78f842aff554d1a1941a08d94c10646f85f97a927e,31a85cf10323dcb0ff906b98f8f0dab39e853ab81d2695b1979df50869258a07,1,9f45642f9f22d44139d5a6788db401d66da50d6510f016aca915dcfa7a9b28de,3.5527136788005e-15,5.6509039
195,MC1_K2_N1_L1_SP18_P3_R08,2fc5af5bbbda66f1b3c91b55f286ce063810c223361fbbce0482bc19a03761e8,31a85cf10323dcb0ff906b98f8f0dab39e853ab81d2695b1979df50869258a07,1,28a0032be32a9f2af8a9ac2009f593d0e38ad185f1d8e235d17e5e845bc8e796,3.5527136788005e-15,5.785397
196,MC1_K2_N1_L1_SP22_P3_R08,722e0a180199afc03d67fa51a7db845db51c73d39654d7a617719a1a400531c7,31a85cf10323dcb0ff906b98f8f0dab39e853ab81d2695b1979df50869258a07,1,4e0873918fc82193ada3d2cba286199e5cbb68b71e5490423f0f749fc6854e93,3.5527136788005e-15,6.2197032
197,MC1_K2_N1_L1_SM6_P3_R09,28c11a24993be54cbb8da1268463a42dbf2400fbb5ebb2074955a20c268e0604,31a85cf10323dcb0ff906b98f8f0dab39e853ab81d2695b1979df50869258a07,1,c373bf442e37f7316e20e6b42ed295ce82201827a1cd83fccb2e82fefa660193,8.88178419700125e-16,3.0955639
198,MC1_K2_N1_L1_SP0_P3_R09,316623ea2ecc086c9623d70e7c1fff32331aa8ee204ef04562e2615279c016a2,31a85cf10323dcb0ff906b98f8f0dab39e853ab81d2695b1979df50869258a07,1,ac19a9eec165e6d88436dbbb72772e2cba1def6476898dd22cc05269e4c5361e,3.85730986621315e-15,3.4068397
199,MC1_K2_N1_L1_SP6_P3_R09,0f2683658d211fce854084275c26ea3b35dab5c47dc2f74ae96a8c48a81df40a,31a85cf10323dcb0ff906b98f8f0dab39e853ab81d2695b1979df50869258a07,1,f85b9ca3a6a79a1d02dcf5a73ccece180dc960aa4a0185f8b7f5b236915f2292,8.88178419700125e-16,3.9327192
200,MC1_K2_N1_L1_SP10_P3_R09,b8814cb47eabc87976cbe6fc31debb1689a1aadac41bf16d299cac48699bed6a,31a85cf10323dcb0ff906b98f8f0dab39e853ab81d2695b1979df50869258a07,1,ec559b46400bbc240685e1198ff30024bc689b00b9c0a1037812fa95169c7e2b,7.105427357601e-15,5.5691169
201,MC1_K2_N1_L1_SP14_P3_R09,608bcbca88d41fffad81019abbd4c408f52aec0a19641d7da008eb3ea7b7c857,31a85cf10323dcb0ff906b98f8f0dab39e853ab81d2695b1979df50869258a07,1,38b209299474c0f37f080f9885373fc657285024a61d8e7ea9113cc58551a2c9,5.32907051820075e-15,6.8947769
202,MC1_K2_N1_L1_SP18_P3_R09,29f8861ae237f32fa11af0109442c7136b753b22334ecce0ae79633e4a825378,31a85cf10323dcb0ff906b98f8f0dab39e853ab81d2695b1979df50869258a07,1,e3393af09eaa821879222e32ab5d56f110b4fa6e30a32f4f3b8792e4c0aad16d,0,6.4824556
203,MC1_K2_N1_L1_SP22_P3_R09,b717c7d2199eca3cd551914e873569c9a1c1148f56775dc34f20666bb9bfad59,31a85cf10323dcb0ff906b98f8f0dab39e853ab81d2695b1979df50869258a07,1,56fcdac80ac41a2147dbe17c1dd97299a27575b972023b5625a4bcce1408c1ee,7.105427357601e-15,6.4136871
204,MC1_K2_N1_L1_SM6_P3_R10,dcb744542c4a052e56565440827f55707cc4f2c248b1986df395ecb4b8429663,31a85cf10323dcb0ff906b98f8f0dab39e853ab81d2695b1979df50869258a07,1,41b7f58ed28bffd5cea299428dadc13b0987d2ec06987c14628a221330c0cf1b,5.32907051820075e-15,4.3448781
205,MC1_K2_N1_L1_SP0_P3_R10,7470a81aae7cacca727daebcdefa3f58752b61125a32664b32e5b4cdae9a04aa,31a85cf10323dcb0ff906b98f8f0dab39e853ab81d2695b1979df50869258a07,1,57e9ce738ae5fb2a711cd40a3aa048dfd2b7d3227ab02202aa016662727b3b50,9.64327466553287e-16,5.6407877
206,MC1_K2_N1_L1_SP6_P3_R10,d78951f488db47be314c7e1f9254ab24cfb414d3d89642d30669748f4ec5de91,31a85cf10323dcb0ff906b98f8f0dab39e853ab81d2695b1979df50869258a07,1,0d12f365284450c3d4b270c1ae7d6ba22d1cab74408639977d66b65ddb3f1f93,1.77635683940025e-15,4.393256
207,MC1_K2_N1_L1_SP10_P3_R10,10add4c441da2d289356b8236d5e7ec3d56e4bbdf4a33499e586c49b3a4a453c,31a85cf10323dcb0ff906b98f8f0dab39e853ab81d2695b1979df50869258a07,1,a6f7accd1e23999d3587dc1cd5f8fac9eb653dac52b60564644e0c8796f668a7,1.77635683940025e-15,3.5276641
208,MC1_K2_N1_L1_SP14_P3_R10,4d660f5b35bea916a1002d6d9f35182ecae1209df27491c72d0f679abdfdf4de,31a85cf10323dcb0ff906b98f8f0dab39e853ab81d2695b1979df50869258a07,1,b2a39ddf18c825672b390a48ebd4206e7e22641fdbfc50faf24a288c5c3cba26,3.5527136788005e-15,5.628303
209,MC1_K2_N1_L1_SP18_P3_R10,ec0f0d20456e6ecbb6f98fd1b25f6d6dcc0742ff162f38517ee2418a0a6f36d2,31a85cf10323dcb0ff906b98f8f0dab39e853ab81d2695b1979df50869258a07,1,e061672f24e39ad7d966fe27b3dcae5e3eeda84df7e51de9f5c4cd0386fdcad6,0,5.0436154
210,MC1_K2_N1_L1_SP22_P3_R10,8e2089973c44356073d85fd9991c0e3d9f2c1ff98c688c106770319c7679c480,31a85cf10323dcb0ff906b98f8f0dab39e853ab81d2695b1979df50869258a07,1,02176f9cb16d0496575bbff1a062c060ace973c3c627487c458e7ee75cb5c759,3.5527136788005e-15,4.8422945
211,MC1_K2_N1_L1_SM6_P4_R01,4c6feaed678ed79ff59901a96dba4500b3e459ffe011e0a418b0825dfdb373db,31a85cf10323dcb0ff906b98f8f0dab39e853ab81d2695b1979df50869258a07,1,32346002d42026afadbb07df750eb139a52fc88c69fe165507cad431f2d14f34,8.88178419700125e-16,2.8803112
212,MC1_K2_N1_L1_SP0_P4_R01,bb11f718e26fd58564739540e84c4a6ffdb13cd76b9edb03199d2c4bc50354c6,31a85cf10323dcb0ff906b98f8f0dab39e853ab81d2695b1979df50869258a07,1,2dc1003cf042c283fd9cd6a8a29b8bbdde24b004862afc8d755c12c26bf9ce82,1.92865493310657e-15,3.1650017
213,MC1_K2_N1_L1_SP6_P4_R01,13d07a3ae72581b84cc6e0a08c5aa8dbb9929c57fbed865c479ddbe5be5cd448,31a85cf10323dcb0ff906b98f8f0dab39e853ab81d2695b1979df50869258a07,1,58994cf8d39b55c7760960eeabf288c7ef41c22c6fff6579110dda6cca88fa50,3.5527136788005e-15,6.5424561
214,MC1_K2_N1_L1_SP10_P4_R01,7eda43d29747ecf5b4e65f9fe526c137d7fd9818da372487c1387d5194503a6f,31a85cf10323dcb0ff906b98f8f0dab39e853ab81d2695b1979df50869258a07,1,d72154a31a8810f3404489525f21a8a0a6696a5a6959b58f0b07104ab657f875,7.105427357601e-15,5.7924443
215,MC1_K2_N1_L1_SP14_P4_R01,384935fe4ba2985af7e63ea24dd04ce43a3d02b690b8a9e9c55c4d595ce47b95,31a85cf10323dcb0ff906b98f8f0dab39e853ab81d2695b1979df50869258a07,1,e64019a0b583c4e7ef846bee0594cd487515a97f280ff32e3c6ea7d0400fb620,1.06581410364015e-14,5.0868452
216,MC1_K2_N1_L1_SP18_P4_R01,f4e8c52c91d5bab9ebfa194c109287d446f49b6c85a5bf787ccc90b270389735,31a85cf10323dcb0ff906b98f8f0dab39e853ab81d2695b1979df50869258a07,1,0f1ee12b8d613870cbad09bc36eb943dd6b4732b44dafd9bf367d9cba039641e,7.105427357601e-15,6.3172709
217,MC1_K2_N1_L1_SP22_P4_R01,4d3f44cfe2d38d492be0886546c7b8c97696ad35e5e399677bdb5c98b07d39bf,31a85cf10323dcb0ff906b98f8f0dab39e853ab81d2695b1979df50869258a07,1,e43a37f11861cf75562eab4fba8e6393e7b5c00f411beebf8d86600cfb853840,1.06581410364015e-14,6.3785666
218,MC1_K2_N1_L1_SM6_P4_R02,0c8b2716a5c4226de41917f720fa9ce7e7e54aaa26c6555ded1c71fbcce91f27,31a85cf10323dcb0ff906b98f8f0dab39e853ab81d2695b1979df50869258a07,1,eb2a318571b5fac3c074597c82a9dbc4ffc28cf91ce3440847fe34343b7887ee,8.88178419700125e-15,4.2549567
219,MC1_K2_N1_L1_SP0_P4_R02,e01a1605779684c408cb11fd7909550bfa399021f5f111418959d71e1f23b9bb,31a85cf10323dcb0ff906b98f8f0dab39e853ab81d2695b1979df50869258a07,1,0b7a2f3646f7c934c33083c97a23bd070d25763496c0c22234c10c20a7cb891d,2.89298239965986e-15,4.3860139
220,MC1_K2_N1_L1_SP6_P4_R02,d74df8144fc21fbcbd8a1bc9a6cb6783665ca1d03097fcdd789cf111a7074c02,31a85cf10323dcb0ff906b98f8f0dab39e853ab81d2695b1979df50869258a07,1,39876ec91596623a6cc0b1f2db9980f065c7e6c77939b1fb8977434590692245,1.77635683940025e-15,4.0280956
221,MC1_K2_N1_L1_SP10_P4_R02,7561fd078ae21d6fa52cb26277fc2a9102e9510c7275ff8fb6ffecd2b75cdedb,31a85cf10323dcb0ff906b98f8f0dab39e853ab81d2695b1979df50869258a07,1,c7da04165c71a13d26013c17dd4adb50d83ea12f73039be705531bdf60230c9f,7.105427357601e-15,2.654048
222,MC1_K2_N1_L1_SP14_P4_R02,ebf3d8408def24eff3edfd19410705e5dc54f91e469ea48983641ea338660da4,31a85cf10323dcb0ff906b98f8f0dab39e853ab81d2695b1979df50869258a07,1,21cfe024abdea276fb8d8c588631ae276202da1e9d837337e3bbc6abad4c010e,3.5527136788005e-15,4.192684
223,MC1_K2_N1_L1_SP18_P4_R02,d8eaffa051d55023f76a3c73944e79ca4f6c9f52be3194c9164a62b0293d5cd4,31a85cf10323dcb0ff906b98f8f0dab39e853ab81d2695b1979df50869258a07,1,060fc02db5a2c3ab8774d02cd48c1e81564e5e0e04472ed0ef4aa15b01450557,1.77635683940025e-14,5.4126168
224,MC1_K2_N1_L1_SP22_P4_R02,191d743ead8dda2df1ddb0bc0731dddcc6538473a0479af50bff8915dff7831d,31a85cf10323dcb0ff906b98f8f0dab39e853ab81d2695b1979df50869258a07,1,9d6ba8ff3acca4f2395aa36b451fe9825d35ab7bce64e32f546dc188fd872a89,1.06581410364015e-14,5.4680832
225,MC1_K2_N1_L1_SM6_P4_R03,04bbdaeccb081ffbb27fde185ae61d54644c704952c300e45930de822f04603c,31a85cf10323dcb0ff906b98f8f0dab39e853ab81d2695b1979df50869258a07,1,a8ef8dd151ca279cc775bf40c271e1a3123f6268ed94bfdf8a9cbd9fda7f07aa,8.88178419700125e-16,4.4200786
226,MC1_K2_N1_L1_SP0_P4_R03,dbfcc52212d6e3e31a0dcf2425ec83d66d372ff6b4d625960d288cb6fdc22154,31a85cf10323dcb0ff906b98f8f0dab39e853ab81d2695b1979df50869258a07,1,4b9661f5afe20297238635ced0104085eaa735d5d5794faa97907ffc65499a01,9.64327466553286e-15,2.8492948
227,MC1_K2_N1_L1_SP6_P4_R03,1315b0000bf6c5016512e90c064a66e52a01c6753f7aaa77cb84bf1a78785a91,31a85cf10323dcb0ff906b98f8f0dab39e853ab81d2695b1979df50869258a07,1,e4283a56a4baa1dd34ad19418a2c53636ef6285775079de3f3e227a85a16c1de,8.88178419700125e-15,2.8746072
228,MC1_K2_N1_L1_SP10_P4_R03,2db106b21b0eeedfe77bb4f9b8dc4c84899b60e163e492beebd37d03e690c033,31a85cf10323dcb0ff906b98f8f0dab39e853ab81d2695b1979df50869258a07,1,062412c48d1a91bfb3a5c5c72fadb87927817b171527dd8c1a15c4559403e393,8.88178419700125e-15,4.1830971
229,MC1_K2_N1_L1_SP14_P4_R03,89760f6a22847d9e75c8b15a750d881c0388ad50b3ffacc85abb987abef6476d,31a85cf10323dcb0ff906b98f8f0dab39e853ab81d2695b1979df50869258a07,1,9e1144b251d04ab04aec7683ceabeb0c854b4c021bb6522874a213970cb6c404,3.5527136788005e-15,6.2879998
230,MC1_K2_N1_L1_SP18_P4_R03,34f6b3078b6158317f6195f1b36788f71e7f24a6df3fbfc0aa904e15040a258a,31a85cf10323dcb0ff906b98f8f0dab39e853ab81d2695b1979df50869258a07,1,3d3495c139e13617dcf9f9bfad2df1c81cd02fae7b19a7d8e7ee7b9c2d00a268,0,6.1978712
231,MC1_K2_N1_L1_SP22_P4_R03,c6a2f5a25ba7fb9af9b99a0ff8e352751a518d72c5e4b7e02254b9a1271bf567,31a85cf10323dcb0ff906b98f8f0dab39e853ab81d2695b1979df50869258a07,1,ec8e49c0b88618ef6eac7feeb5c6f223b49c2c1bc4de8aa801035724e3d533db,7.105427357601e-15,6.3369282
232,MC1_K2_N1_L1_SM6_P4_R04,8ffeca904d2ad81e66869a362dc5cf8637042d98cbfdc25aa0021da08c845bf8,31a85cf10323dcb0ff906b98f8f0dab39e853ab81d2695b1979df50869258a07,1,2e01a3be6fe87e200bee1ef8d39f8d4de94dec887bd3937ff3e74b7a9eb97026,3.5527136788005e-15,2.4121965
233,MC1_K2_N1_L1_SP0_P4_R04,01bbe38754f32cb9e23a8faac39dc7053b3de43f114b6073551f8eabfcb6066c,31a85cf10323dcb0ff906b98f8f0dab39e853ab81d2695b1979df50869258a07,1,69a717e70826aa3d32279935da11d047f84973e99e6b5e6e0f9a5b18e6db8567,8.67894719897957e-15,2.6909478
234,MC1_K2_N1_L1_SP6_P4_R04,3eb0e8922bb458a3ab1bfcf044b016d77d35c7422ece3c7eeb6396baa6094dca,31a85cf10323dcb0ff906b98f8f0dab39e853ab81d2695b1979df50869258a07,1,25109a5e4cf06c893ffa4b266712228397918fe64ecee00c937254a5fdd44190,1.4210854715202e-14,3.8682705
235,MC1_K2_N1_L1_SP10_P4_R04,4717bdde2f2936aff9f543c9b1bd74e7053dc2a687cb11bdd762acc9a3ad70a6,31a85cf10323dcb0ff906b98f8f0dab39e853ab81d2695b1979df50869258a07,1,b7267e95ec91ab2a700861db23e5429166d98a23b5bf030c6861a9152f486cd9,8.88178419700125e-15,5.403319
236,MC1_K2_N1_L1_SP14_P4_R04,d15c6c7f4d78e60e50541977742dd15811f89a46d0009cd6b4eb1f84da03505e,31a85cf10323dcb0ff906b98f8f0dab39e853ab81d2695b1979df50869258a07,1,d9babb65118c1bc513f85cd3d056604e148e025951b46ee2aefadc452b591d0c,1.24344978758018e-14,5.9760711
237,MC1_K2_N1_L1_SP18_P4_R04,0ccd1878c589b92251071c702bd4b324efbbe82932dfddf078cae3289cf6dfb7,31a85cf10323dcb0ff906b98f8f0dab39e853ab81d2695b1979df50869258a07,1,484f507cddc1d20a3b6f418daac4c0f0c11023b57072c472d22f32bd6d53a644,1.06581410364015e-14,5.8479087
238,MC1_K2_N1_L1_SP22_P4_R04,ac5cfc5126fe420dae32463e28c89e0fe72af59ac15cf68d7d6ef6793eeffa26,31a85cf10323dcb0ff906b98f8f0dab39e853ab81d2695b1979df50869258a07,1,5e6a0bf84cc644928fe848bbeae08479ebbeb67444a01d8059c860577cd83c9c,1.4210854715202e-14,6.2768805
239,MC1_K2_N1_L1_SM6_P4_R05,e72571c8802b85d657e1ca6efec9d2f14a715d725e1c991e881bc8f44cd13823,31a85cf10323dcb0ff906b98f8f0dab39e853ab81d2695b1979df50869258a07,1,934ba99938d4b9b3ac9c65ce679d51e4cff6c1160e57ff6496abbc920ac114fc,8.88178419700125e-16,2.5993042
240,MC1_K2_N1_L1_SP0_P4_R05,998b2be8c11960e72043b8753d927bd23a8c57297e4b0d1f51ad9422e599c34a,31a85cf10323dcb0ff906b98f8f0dab39e853ab81d2695b1979df50869258a07,1,1e9e9e906cbf180511684e312cf30bcb0b5e2776883fcb8ef504ead15de9e415,2.41081866638322e-15,2.5914504
241,MC1_K2_N1_L1_SP6_P4_R05,790d5428b860891e4fa8e835d3124362ccd7fe1d69ad81b9ca6e2f5df165d0f7,31a85cf10323dcb0ff906b98f8f0dab39e853ab81d2695b1979df50869258a07,1,7ac03701b5897815a7066adc3c14ac28a3dc44efae5aebaf27556b17b2b201b0,1.59872115546023e-14,3.9210656
242,MC1_K2_N1_L1_SP10_P4_R05,86cccac3a56429d58c4fa2d945ec3dc82f1479b950be13984192796336c27c4c,31a85cf10323dcb0ff906b98f8f0dab39e853ab81d2695b1979df50869258a07,1,46190825caac0193cbb28d6b93003d9a48ae4900b8fa43587bb434bc0587cbcb,1.77635683940025e-15,4.9761933
243,MC1_K2_N1_L1_SP14_P4_R05,116783cd4e48a3928c97506c523a27036fe4d01b1d29e681e5709478a9783ea6,31a85cf10323dcb0ff906b98f8f0dab39e853ab81d2695b1979df50869258a07,1,5f627313657aca162a404b95ec053aacaa67375d6655e3502918c51befafb90d,5.32907051820075e-15,6.6037559
244,MC1_K2_N1_L1_SP18_P4_R05,8d6e7aa0dbd478793ce45ca8e71c965501301f3a215c110821b471137f0e2289,31a85cf10323dcb0ff906b98f8f0dab39e853ab81d2695b1979df50869258a07,1,aae53c4aa04b11e230b950779f865f22c586973ce2e3be13c896b0a27c1f38e0,1.4210854715202e-14,6.7905853
245,MC1_K2_N1_L1_SP22_P4_R05,feaad748c0ece6ec5e9d2382753f007ea62dd372bd7b37c9c76d9a4ed485d141,31a85cf10323dcb0ff906b98f8f0dab39e853ab81d2695b1979df50869258a07,1,407f207e4465d084ae70ac4f32204d44ed16f630f90e1d1b4e94833d814e89e1,0,6.0833916
246,MC1_K2_N1_L1_SM6_P4_R06,dd848578a9c0c8536a8caf22433f4857e86925bfc621d9e482d1b7570c44901a,31a85cf10323dcb0ff906b98f8f0dab39e853ab81d2695b1979df50869258a07,1,a3a7708bd343b0706543434b83e7ed6fd84c0eb7ee34d8aab8513bf796ef438f,3.5527136788005e-15,3.0374299
247,MC1_K2_N1_L1_SP0_P4_R06,1f4edccb74a0d8c906379b17c1670f7c02717a82dfb4f326e1758be4dcfd7165,31a85cf10323dcb0ff906b98f8f0dab39e853ab81d2695b1979df50869258a07,1,4508a415960455d6a065df979b4c9a803a02877c00fe2dad315fd696435ea28f,4.82163733276643e-15,3.0740828
248,MC1_K2_N1_L1_SP6_P4_R06,0d64300acf7456b3fd81ebf9c35feeb3e126fe785c23dbb5a0064a6f62183d82,31a85cf10323dcb0ff906b98f8f0dab39e853ab81d2695b1979df50869258a07,1,8a5d017c94f1923fd2f79fdb7c8aec145c394ff8143ef1626db1806490fdc303,7.99360577730113e-15,3.1540902
249,MC1_K2_N1_L1_SP10_P4_R06,845914de67783c2aae5313bc379a74d03adbc23a98f5ce1909c09cbf1ebab492,31a85cf10323dcb0ff906b98f8f0dab39e853ab81d2695b1979df50869258a07,1,5670f59e09332699212bfcb471c62f89627594bf8f735212c1850aa77c32dc75,1.06581410364015e-14,3.8095229
250,MC1_K2_N1_L1_SP14_P4_R06,5466e0bd464e839e5f8bc158ea84ced6b736551df8d1f8fbf37cd229349c9799,31a85cf10323dcb0ff906b98f8f0dab39e853ab81d2695b1979df50869258a07,1,8478b96d5da918c5d731670ff5cba7c63143e2e3ceaa15eed86e4a8265a593f5,1.24344978758018e-14,6.7014514
251,MC1_K2_N1_L1_SP18_P4_R06,f009975d91a59d3bd158b5513e271016d449d6e120651589dffcd2c2f3c0fad5,31a85cf10323dcb0ff906b98f8f0dab39e853ab81d2695b1979df50869258a07,1,b98ee26e9e1e347bf015759f80be2961d1aef85c7b5cfc42c7e7c075cf4c99f9,0,6.5084131
252,MC1_K2_N1_L1_SP22_P4_R06,42a13d907490e2f2783626533acd5aeb3d50a1b19d0e8eecf6f97d36dfb94d6d,31a85cf10323dcb0ff906b98f8f0dab39e853ab81d2695b1979df50869258a07,1,ff4257605fcf3b9d4fa18f6d5653359ea6051daf590c8ff68c108f22fb9136b2,1.06581410364015e-14,6.716569
253,MC1_K2_N1_L1_SM6_P4_R07,45ad0a97e87539270db2b48f5d506f2cac17fc02dd29151e16121675bd7efaca,31a85cf10323dcb0ff906b98f8f0dab39e853ab81d2695b1979df50869258a07,1,cdf1221075e720697e5859eeabbb19b108690d6d37e08161bc213ac4803ceb0c,3.5527136788005e-15,5.2224218
254,MC1_K2_N1_L1_SP0_P4_R07,84f49737a9bb6f8e8decd24cdf6f3f141bc2b2bac0cb8a8c611c4bb4257a4686,31a85cf10323dcb0ff906b98f8f0dab39e853ab81d2695b1979df50869258a07,1,f9d00d721ee6110005d5b4a448a6ee4ac4ea4e428d81eae48b2963d48d86f0fc,4.82163733276644e-15,5.5092946
255,MC1_K2_N1_L1_SP6_P4_R07,44b53f687ffbbf3a81c13962641f5d63fda32ccbc511eddba13b4b42389f8da3,31a85cf10323dcb0ff906b98f8f0dab39e853ab81d2695b1979df50869258a07,1,b6667520b8c332b65763f8e2c75ea05545c4aadb20f590c84e51da72070dee4c,7.99360577730113e-15,5.2203222
256,MC1_K2_N1_L1_SP10_P4_R07,9a3188b4e9668ef6cbb7585646f5ed73c21b50dacc617f8789358cedf7b76f9a,31a85cf10323dcb0ff906b98f8f0dab39e853ab81d2695b1979df50869258a07,1,a7fe9ec97878d7eb7d0c20bdb83c041d28f91df3422a40c09390af5be6f3f50b,2.30926389122033e-14,6.4154638
257,MC1_K2_N1_L1_SP14_P4_R07,2c062e4acd63a9eb8ba7f25fb7a85aeb92c0be044a60f6585e4e228dcba8cbb8,31a85cf10323dcb0ff906b98f8f0dab39e853ab81d2695b1979df50869258a07,1,eea3b0269f398ff6e59e54606ace6655895d2d14a1f7b197ea40b93d2da58749,1.77635683940025e-15,6.6001076
258,MC1_K2_N1_L1_SP18_P4_R07,c10ac07b2ef00619c99d8cd15088527a34a08f8468fd45e6b0a7aeab0dfb7ebd,31a85cf10323dcb0ff906b98f8f0dab39e853ab81d2695b1979df50869258a07,1,f5ececf387fd90420e207425aa73973dd5eafefb6bcc150aaaf74d4d732319d2,7.105427357601e-15,6.6121796
259,MC1_K2_N1_L1_SP22_P4_R07,f0f3429efcb6132d9d9d9ef827c5355e8fc2da00484c6f9662503490d699431e,31a85cf10323dcb0ff906b98f8f0dab39e853ab81d2695b1979df50869258a07,1,a0297fc252f510c3bac919127da4d176ec42ad11c3a1d7be252ab2d382afd3bc,7.105427357601e-15,6.8283133
260,MC1_K2_N1_L1_SM6_P4_R08,474e03a9f28672e61e7bc5b0ef3e238933827f128e560b5e1d61f511dc84c5cb,31a85cf10323dcb0ff906b98f8f0dab39e853ab81d2695b1979df50869258a07,1,38e7f67deb34b08693b2a1e77e9c36128ba5ca5d2cc2e98e16f912f1782ca359,8.88178419700125e-16,5.0467781
261,MC1_K2_N1_L1_SP0_P4_R08,bb55b8d062c9927c877eba75fb10bf8c5547e0f9a8f4c5b363a91bc68e925cf9,31a85cf10323dcb0ff906b98f8f0dab39e853ab81d2695b1979df50869258a07,1,da68ebe0f868a342580eb5f62aa782af377a9a4088762730db0641f3b3f8cfd6,1.44649119982993e-15,4.2268488
262,MC1_K2_N1_L1_SP6_P4_R08,455d6326a9f6e5e1dc8e88266a92f9922887e8286dfdb2e613a047e1688cd8bd,31a85cf10323dcb0ff906b98f8f0dab39e853ab81d2695b1979df50869258a07,1,07001a4ffb1825ea8ff60d43cffc3d9dd799f0b471674720131fc1a3c8c5dcfc,8.88178419700125e-16,4.4023772
263,MC1_K2_N1_L1_SP10_P4_R08,e3cbe32b3a38ba51a2f84c027412913f08ae38ed81c7f6041d70fc6dbbe1e8a9,31a85cf10323dcb0ff906b98f8f0dab39e853ab81d2695b1979df50869258a07,1,ea3045d30212e495fe1f8d0f4db1c1f24c07ed63ce7c9f7206575c8f5a73c618,1.06581410364015e-14,5.1736294
264,MC1_K2_N1_L1_SP14_P4_R08,fab2492dbbd4b748e4958dcb92cb20ac0fb1af528997381067803c7fb1cdd35d,31a85cf10323dcb0ff906b98f8f0dab39e853ab81d2695b1979df50869258a07,1,958c6e112eb3d3c89565e6aa3d2d9cc28698f9c85c6c9e7aac8269c0ee217b7a,5.32907051820075e-15,5.3861891
265,MC1_K2_N1_L1_SP18_P4_R08,b3efa14cdef3f00b2292048ce6ceea2f3ad1deffc3803d16490b8b2c6814b9f6,31a85cf10323dcb0ff906b98f8f0dab39e853ab81d2695b1979df50869258a07,1,b2a529be66677575684f7b8dd537add1798a8d42a81a9234d59e76c129963681,7.105427357601e-15,6.8441858
266,MC1_K2_N1_L1_SP22_P4_R08,d832f2fee6f67de251649847b5a797f951b8f202114f04a22168dc7f27dcc89d,31a85cf10323dcb0ff906b98f8f0dab39e853ab81d2695b1979df50869258a07,1,ac3e309f260ca72dcf8015cdd76474e1c1a59e316a3ce7a29bb24fd811f4a2bd,1.06581410364015e-14,6.6750709
267,MC1_K2_N1_L1_SM6_P4_R09,261d322e62b23ef4f19bedec0c2d2018b8ad78821eee557c8fa36575dac8dba9,31a85cf10323dcb0ff906b98f8f0dab39e853ab81d2695b1979df50869258a07,1,01f525e6e98718d2e8bf49a688155f8a649a8dd085f1e017ec16646d81577fad,1.95399252334028e-14,2.579405
268,MC1_K2_N1_L1_SP0_P4_R09,440af724b429a3ff0e961ea76daf691075a5b949f4e5cfcc3367df3807b871fd,31a85cf10323dcb0ff906b98f8f0dab39e853ab81d2695b1979df50869258a07,1,c3fc68684e0b3e888f03a4aab98075d8a4800650feefe93cea9ec98f51a1610d,1.3500584531746e-14,3.1487955
269,MC1_K2_N1_L1_SP6_P4_R09,c9cc7879d45c967c88272df3f510127b1180f07dca6c7ad94f68480043c59f9d,31a85cf10323dcb0ff906b98f8f0dab39e853ab81d2695b1979df50869258a07,1,b248a01f98015034daa4482e75eb6c4c3aa14f3ccf9bec01f2c6219b91f19a65,1.50990331349021e-14,4.2931724
270,MC1_K2_N1_L1_SP10_P4_R09,9e2d6661bbb8788c18f40b04e7e5ea8fb652d5c07f8db7893fac04e45b06b33b,31a85cf10323dcb0ff906b98f8f0dab39e853ab81d2695b1979df50869258a07,1,dd84994d39a895b75fdaa7fdf2609d90fddf6b243b18b27909ad1acd795b14b3,0,7.0462654
271,MC1_K2_N1_L1_SP14_P4_R09,eb0cccfb08159a45a587427e5b96ef224125c1080af51a9d4b066fad6729b674,31a85cf10323dcb0ff906b98f8f0dab39e853ab81d2695b1979df50869258a07,1,ac2870c7819fc2ea1fb13642fc5b2f9704053d397b883715844d1fb37f826346,5.32907051820075e-15,6.6694226
272,MC1_K2_N1_L1_SP18_P4_R09,81685312cc2af5195897e0aa5f9cb5d23ef6ebde65215c77d12588bf73ccb0a6,31a85cf10323dcb0ff906b98f8f0dab39e853ab81d2695b1979df50869258a07,1,3c9e52dcddbec5b95bc55ff7a44085dc997c7ce2a3fe17ee68c30ba2941fff7e,1.06581410364015e-14,6.8916485
273,MC1_K2_N1_L1_SP22_P4_R09,37060b35215d38cc88394060136260c348c535525a93b30b6e8f5fa5b2778c97,31a85cf10323dcb0ff906b98f8f0dab39e853ab81d2695b1979df50869258a07,1,a5216979872bd0894bb9593b697393118dc26ce8ae86e88e0d8f97b07a4f3f3b,1.4210854715202e-14,6.9809424
274,MC1_K2_N1_L1_SM6_P4_R10,e541a9a8ce9e5b718739f22e5e15b4c1ed4abff7a61ac8fc564ac5c974b6c717,31a85cf10323dcb0ff906b98f8f0dab39e853ab81d2695b1979df50869258a07,1,b4c8af66bfb6c74e49d4083582ddae7659ee6d94cd403e408e33d8d3e730d15b,1.77635683940025e-15,4.9338221
275,MC1_K2_N1_L1_SP0_P4_R10,a8ebcb755a5511048e46f52851619107491ad52defe0a1a7f8b6a7c43f049817,31a85cf10323dcb0ff906b98f8f0dab39e853ab81d2695b1979df50869258a07,1,94529b54a530dd1835e8d5f02f2170955a30023e2be424da0c60ecd5ac9e7c89,4.82163733276644e-15,4.824464
276,MC1_K2_N1_L1_SP6_P4_R10,36998bf3e563c91077235812d353dd1eec734b6619851fdbc487ca3bd30a1d7f,31a85cf10323dcb0ff906b98f8f0dab39e853ab81d2695b1979df50869258a07,1,c3610468275dd3c54cb389dde083aaf4efc79a0b38a8c3c838a333d7d61ddd0c,1.77635683940025e-14,6.8093467
277,MC1_K2_N1_L1_SP10_P4_R10,8a0b0c6c59f4fd9e1a3f28fe6b305d322e3b41b9f0790b17805121bf277588b2,31a85cf10323dcb0ff906b98f8f0dab39e853ab81d2695b1979df50869258a07,1,9cc022400a38c6db2baba22fc0ced3c9871cff926c5a5f4c3159e61220a6747e,7.105427357601e-15,6.9855597
278,MC1_K2_N1_L1_SP14_P4_R10,c3f0b793660e4eb8f70bd000a0d0fb63a762fdd673286fd9e045d70b1ec91256,31a85cf10323dcb0ff906b98f8f0dab39e853ab81d2695b1979df50869258a07,1,4e97b3ee076737c5adca20c7d0f656cc69582d0334c1bffb778da4025666b889,1.24344978758018e-14,7.3959051
279,MC1_K2_N1_L1_SP18_P4_R10,137d071e34077efc54474222a4dac7c4ef76deafd16bf494e9b20778595ad1ca,31a85cf10323dcb0ff906b98f8f0dab39e853ab81d2695b1979df50869258a07,1,0d0670555fd4e6f7758c0a0fd1612e1f8e2958d09a88f4e183331da4819747a6,1.4210854715202e-14,7.6319424
280,MC1_K2_N1_L1_SP22_P4_R10,0f4147edd9c0496fbfff79f42f97a3249e813d8f1e52af15f1a6ee0e5632b4f9,31a85cf10323dcb0ff906b98f8f0dab39e853ab81d2695b1979df50869258a07,1,96273c0bf726440ca27ccc3a0ca5f29b3393653774930671651056ce3132a535,7.105427357601e-15,7.3564514
281,MC1_K2_N1_L4_SM6_P1_R01,70ce1c7319deaab52e28cbc94658a86d94dcd7dc26ada697bea5b64dcd4d79d2,31a85cf10323dcb0ff906b98f8f0dab39e853ab81d2695b1979df50869258a07,1,1d320300aede83d64e7c889f28ba15b86d0579710d9f8dad22df91fd4ec0aada,3.5527136788005e-15,3.2753989
282,MC1_K2_N1_L4_SP0_P1_R01,fd1adb059f8be11282e57be14e89ad9bd1d17a9bd543e8dee3bf62642cbea84f,31a85cf10323dcb0ff906b98f8f0dab39e853ab81d2695b1979df50869258a07,1,3f43903f7ef1eeec10c13778ef19645ff70d581dd507d6d91684e290b10dbcde,9.64327466553287e-16,3.8736727
283,MC1_K2_N1_L4_SP6_P1_R01,6548337004fea6c2b7c24419efcd15baa729e32a85c3cb46187080bd0b2854d4,31a85cf10323dcb0ff906b98f8f0dab39e853ab81d2695b1979df50869258a07,1,eea5d08efcf5d9f703707683076d52b4589c6cb361fd54391bab0b2efa7a26c6,8.88178419700125e-16,4.1372301
284,MC1_K2_N1_L4_SP10_P1_R01,17158d6bef72109c23f0f1e9b89e84f13141505e10a425a26dc84eaea9edeb75,31a85cf10323dcb0ff906b98f8f0dab39e853ab81d2695b1979df50869258a07,1,9b0bf855807bc997c0c93b2f53af7f5bab0a79c6f2a562905ab102818a196eb4,1.77635683940025e-15,6.7921494
285,MC1_K2_N1_L4_SP14_P1_R01,c7a4edc609afe687aac6237b67733764829ae2c6a31ec17c5b1cee74440d7bd3,31a85cf10323dcb0ff906b98f8f0dab39e853ab81d2695b1979df50869258a07,1,366ea447c22391b472fc73634acebd100b0099323c6bf73a5daf323506e2c487,0,8.5255195
286,MC1_K2_N1_L4_SP18_P1_R01,3b81cebb21094a85963598ba77fe4887f18f1c92bb6a45a4386e6ed1480246e9,31a85cf10323dcb0ff906b98f8f0dab39e853ab81d2695b1979df50869258a07,1,a89cac7e3e56f3f1e81d8834d21b4ebaf0daa7ec9d3d7d96ca4aa60b46379c16,0,10.2776322
287,MC1_K2_N1_L4_SP22_P1_R01,2daacedca0b57a2854bf257f3a3a48dabc87a7ccff59d1f9ab62ffd804e52de3,31a85cf10323dcb0ff906b98f8f0dab39e853ab81d2695b1979df50869258a07,1,8978e716fcc0ae66f76ebf9d5e086fa8dd90fe803ca641a534deebcaf1867a78,0,10.3662235
288,MC1_K2_N1_L4_SM6_P1_R02,0d965fab2b5b85563bd82f9be47e04f861f7456c9474ceccdbf2817ebab149a7,31a85cf10323dcb0ff906b98f8f0dab39e853ab81d2695b1979df50869258a07,1,2b020111f96f2f56c379534677e8d0c219c21097db2b85ee532fd50aac3693c0,3.5527136788005e-15,5.398773
289,MC1_K2_N1_L4_SP0_P1_R02,a2a7368a3b7d5b711aa61e03c3a494b19586329e7907d0c538b3e7aa54b9cbd5,31a85cf10323dcb0ff906b98f8f0dab39e853ab81d2695b1979df50869258a07,1,28524e7b3f1b13528f4da730dc6c4fa2d1e4992df54a252e2faf0ffdb5ecc34c,9.64327466553287e-16,5.3310485
290,MC1_K2_N1_L4_SP6_P1_R02,76973cff3a46fdc336a04a41245b2b6347a9a99c06d34fd2b17929f89b79f2e6,31a85cf10323dcb0ff906b98f8f0dab39e853ab81d2695b1979df50869258a07,1,993600c5a1a27108ccd1d1dc10c433aa8f6818fab5a05de948a01c757be6cd5d,8.88178419700125e-16,4.851032
291,MC1_K2_N1_L4_SP10_P1_R02,01f7170c1cd8479ac4a91c7273700d047cfbce05e52d35746a8b58e124c814c7,31a85cf10323dcb0ff906b98f8f0dab39e853ab81d2695b1979df50869258a07,1,99c55ecc566fbe92a21fb866a2585db8de7a3799dd7c114fca7168b0b2ffdbe4,1.77635683940025e-15,9.7344968
292,MC1_K2_N1_L4_SP14_P1_R02,12dadf0ebf03fb24b7cdadfa803eb326825892d40d6abb559f0d5a5ad581d95d,31a85cf10323dcb0ff906b98f8f0dab39e853ab81d2695b1979df50869258a07,1,43d93b3cf969898aa846c0b77e9de299b28e195046b40bf30a746061f39de35e,0,10.5594435
293,MC1_K2_N1_L4_SP18_P1_R02,509adee249e6440d622db2ffd797981fb7a41d8011a8c1fd8defd72e40a86e50,31a85cf10323dcb0ff906b98f8f0dab39e853ab81d2695b1979df50869258a07,1,a89de2a0b459fb303cc76cce801ec1c84bd922162d6e3fb61807337e6fdc962e,0,9.847576
294,MC1_K2_N1_L4_SP22_P1_R02,538e4789572068a1120ab1a935e0ba98a228297086ba90330791e0d9067644af,31a85cf10323dcb0ff906b98f8f0dab39e853ab81d2695b1979df50869258a07,1,7efa8ec534b33695af5531370cf69e63a0cab3df998aa93dd5579bb077f0396e,0,10.2886319
295,MC1_K2_N1_L4_SM6_P1_R03,adf9a428d5c585c46671ec4fc483c8d0d0b1d4b2b3f4e0b6d77dccf6033cbd02,31a85cf10323dcb0ff906b98f8f0dab39e853ab81d2695b1979df50869258a07,1,faae12778c8657486630f711ba34cabaaa887f8d3726329a075c1d7f30328ca6,3.5527136788005e-15,6.2300585
296,MC1_K2_N1_L4_SP0_P1_R03,ecff08d838ea7cb279b262015aec494aceb7c1e53d3d1da4d7315ae2d1afcf87,31a85cf10323dcb0ff906b98f8f0dab39e853ab81d2695b1979df50869258a07,1,c6ed5c38b05e669ead662fd4cbc42352840730f5d952f48763166b893544002f,9.64327466553287e-16,5.8395195
297,MC1_K2_N1_L4_SP6_P1_R03,bb212ad8d8fa7c0584e488c8c2e0aa5089cbd2811a648d7a4cf35bc3a7b2d5a7,31a85cf10323dcb0ff906b98f8f0dab39e853ab81d2695b1979df50869258a07,1,939ad9bf4631d89e21bb773fdaec36c750102ae86c114ea7b5987a791813c1c8,8.88178419700125e-16,6.1905557
298,MC1_K2_N1_L4_SP10_P1_R03,22e6f31c5c4e2c3cde7bf3c66911ddb8b196a313c5a379364a6eafcf4cd9ea4d,31a85cf10323dcb0ff906b98f8f0dab39e853ab81d2695b1979df50869258a07,1,71aec4343e12bc3d97c8f3697631bfe61d1d12994233450099660d4cf0c07bb2,1.77635683940025e-15,9.029817
299,MC1_K2_N1_L4_SP14_P1_R03,c05a7c3414b3744e8a1ffb62e07ef6cfd2229b2978a658576e9862ab4994d784,31a85cf10323dcb0ff906b98f8f0dab39e853ab81d2695b1979df50869258a07,1,6452ebe41765d00f4f1bb7293518adcaa068b69651b698458f6398e525d78de0,0,9.8917318
300,MC1_K2_N1_L4_SP18_P1_R03,a7e79156e2dabc00dfea7fdcad7d86d9c3e70481ae011813f9714c267256486e,31a85cf10323dcb0ff906b98f8f0dab39e853ab81d2695b1979df50869258a07,1,1c1dc51914b508ed05537c7003dda221d6b3ca0e0073cc2f961db05fe3d95031,0,9.6570092
301,MC1_K2_N1_L4_SP22_P1_R03,2dea227ef79f4f5defc0c41ff63ef0af0ddd2325c7041b1ee2b3d687b79d5b63,31a85cf10323dcb0ff906b98f8f0dab39e853ab81d2695b1979df50869258a07,1,2bd1ff30b8373804677a691dacbf2cd32fcbc61136b6a1b23c0821af5d419bbe,0,10.3576909
302,MC1_K2_N1_L4_SM6_P1_R04,0c1a72b7474cf6cfe4daaee30c0e2a36680e5dcf1cb705961bf30f76713a02fb,31a85cf10323dcb0ff906b98f8f0dab39e853ab81d2695b1979df50869258a07,1,fe0fb1e4083f2a8ef4beb709a3be6629f825a1ffa95601eabf5a169e80457b16,3.5527136788005e-15,4.5008796
303,MC1_K2_N1_L4_SP0_P1_R04,dfbb71a7bd785195d169b2718c930a363c6d167e530850170e2bb488ae6d8d9d,31a85cf10323dcb0ff906b98f8f0dab39e853ab81d2695b1979df50869258a07,1,d1d137ed1f7eb662a2f33f9a9f3495290de9ab5faf4d9eb533f862e06e39a4c7,9.64327466553287e-16,4.4143212
304,MC1_K2_N1_L4_SP6_P1_R04,dab0f4e061df0e44cb464b90adbdac5b596a00349ccbe4890edf3ec93a96deaa,31a85cf10323dcb0ff906b98f8f0dab39e853ab81d2695b1979df50869258a07,1,33ae1b7b30b75c4df1dbe7aa3dcef0ec843b745bfccbcdb833da4146ced59461,8.88178419700125e-16,6.4623375
305,MC1_K2_N1_L4_SP10_P1_R04,884d8816e52ea6d78d7c11acf02caffa484e3216e34da4c7707a9061dc81a2a2,31a85cf10323dcb0ff906b98f8f0dab39e853ab81d2695b1979df50869258a07,1,d6db28483ade2fd567ff7095148b0f5cf43a8d136ff4baf3b18dfec3af8b472a,1.77635683940025e-15,10.3864791
306,MC1_K2_N1_L4_SP14_P1_R04,364eec457754931cd0f207f67c32174ee4a3756f0e34735a84a5c1c1fd91dfec,31a85cf10323dcb0ff906b98f8f0dab39e853ab81d2695b1979df50869258a07,1,c4d4bff831ddddf72391a9687663abb23a01a88e29eea1abe50812bbba1c9fa8,0,10.6094867
307,MC1_K2_N1_L4_SP18_P1_R04,7349c24c7c3627b1f666bc7ada52ef2a5fda7e5603d9e2d44d9479506871775f,31a85cf10323dcb0ff906b98f8f0dab39e853ab81d2695b1979df50869258a07,1,96876a8be11084bd92134d8467812118891c7ca3fb648b95cb842e6b10ed00d6,0,10.1893185
308,MC1_K2_N1_L4_SP22_P1_R04,7980c14c16ce0ee74fa7c12680410ac95884598c71b56266130ff30ef22e308c,31a85cf10323dcb0ff906b98f8f0dab39e853ab81d2695b1979df50869258a07,1,69c3afeb41290dfcd93d4e032755836240f56d99c3be15640ded1c011cc804ab,0,10.2604115
309,MC1_K2_N1_L4_SM6_P1_R05,19160ae3370fff7be46369b64d1e1a497555dfc800c546f4dc905115fc8abf96,31a85cf10323dcb0ff906b98f8f0dab39e853ab81d2695b1979df50869258a07,1,01513225cb9dd65f6b813791fd1985c74aec2b020b5175223f49878ae16fc251,3.5527136788005e-15,2.9247692
310,MC1_K2_N1_L4_SP0_P1_R05,86bbb5a10f67dd5e988487afd84cf2e317722f50d48b275d56e2135d7814962e,31a85cf10323dcb0ff906b98f8f0dab39e853ab81d2695b1979df50869258a07,1,e1893748f65eef305e986440b2f125b2aa2df45952823ff863dd7ea88aed644d,9.64327466553287e-16,2.7968746
311,MC1_K2_N1_L4_SP6_P1_R05,4a53f44cf716c8a180d56ccd6bc3e2d86dc2f8ade09fc6d2bec2f263ad730069,31a85cf10323dcb0ff906b98f8f0dab39e853ab81d2695b1979df50869258a07,1,10da4bf0b9460f5f4d5ca816182de9653dbfeb64c4cfe986f411f4e32aea960d,8.88178419700125e-16,3.0960845
312,MC1_K2_N1_L4_SP10_P1_R05,b2ee787e739797c5dd9a3f8e815aba61f92926918b87d53ca0be1d81d1839b69,31a85cf10323dcb0ff906b98f8f0dab39e853ab81d2695b1979df50869258a07,1,e86a9200decc8ae81175f4e3ed242345d237415a0cb49cd5443fa3453a34ea3c,1.77635683940025e-15,5.5238855
313,MC1_K2_N1_L4_SP14_P1_R05,d0202a65dfe2c11db00172a850a66a9f0667410e9ebfcf68850e99e8601c6c8f,31a85cf10323dcb0ff906b98f8f0dab39e853ab81d2695b1979df50869258a07,1,1f35b84978c060c5a3066ff6d0924ba8ad5808ae57e51c679b8f86c0068ed43e,0,9.2229807
314,MC1_K2_N1_L4_SP18_P1_R05,9dbc8093af5448c2c2c4f90bade7aa79295770819353c760e75d45af8d3c326f,31a85cf10323dcb0ff906b98f8f0dab39e853ab81d2695b1979df50869258a07,1,0fd456a32f8fa7335094d7ec38f626519faeedd1c48cb81bd42d5fbe34e08ad0,0,10.3729357
315,MC1_K2_N1_L4_SP22_P1_R05,1a1c1e2bf36c6ddb42fed0dec369cdbf2d3fe898815bd1219dcf1cd44ee7b5f6,31a85cf10323dcb0ff906b98f8f0dab39e853ab81d2695b1979df50869258a07,1,dfe037561fc3b9ae34b43a8a5f1b453ca4e511ea4ef5e9bcad069896452df925,0,10.4024406
316,MC1_K2_N1_L4_SM6_P1_R06,60c0ddc81c0ae13e6fabbd71b79326d63535dcf4745c6d652dbca95c735c0661,31a85cf10323dcb0ff906b98f8f0dab39e853ab81d2695b1979df50869258a07,1,5ae7587beba1e6cf98ee5dd6a5b4e28d61555e1cac41975e1e2aadd0ddd6fafd,3.5527136788005e-15,4.2854988
317,MC1_K2_N1_L4_SP0_P1_R06,c87adaf3ec5d26d3496d73056ec2e1f8c321222ebe49b8ed26f462012ab68869,31a85cf10323dcb0ff906b98f8f0dab39e853ab81d2695b1979df50869258a07,1,4bcc7c1fffc7ab23260b566109ddd7821d8c5c3fb8b2db87cb23bb1c6705ac72,9.64327466553287e-16,4.5480945
318,MC1_K2_N1_L4_SP6_P1_R06,033632411944fa612f7dd23af8a0c46462aaa84c3a863749ba85e8951c40a5f3,31a85cf10323dcb0ff906b98f8f0dab39e853ab81d2695b1979df50869258a07,1,6eb0b1a8169c63e3b7df43e567287d24de887a784b3c3ca22a38810e2482fec4,8.88178419700125e-16,4.7733905
319,MC1_K2_N1_L4_SP10_P1_R06,12407207fbbb37104fef45df72e756444080af12f0b5890f521b61bd4069db12,31a85cf10323dcb0ff906b98f8f0dab39e853ab81d2695b1979df50869258a07,1,b1c74363d9f68f54c8b7afc21d603a9dc0462666d0e28e99df0c2ee8680cf024,1.77635683940025e-15,5.5427468
320,MC1_K2_N1_L4_SP14_P1_R06,40d778cd583ce1db8e06d8ef5d35db1440734ae2ec570e7e6ddbc99293f2b17d,31a85cf10323dcb0ff906b98f8f0dab39e853ab81d2695b1979df50869258a07,1,481baf983009b2efc0814b4dc609af71534e3d667d254e6daf4bf838ef6b4fcd,0,6.1175326
321,MC1_K2_N1_L4_SP18_P1_R06,1e486eadafb5a4c65d5cb2b035cec076e41ce473d746752e7b447e9f80de991e,31a85cf10323dcb0ff906b98f8f0dab39e853ab81d2695b1979df50869258a07,1,4ce5df2509c470857030918758718b4fe52aab854033b9a5431a1c46c03b7fb0,0,6.1568157
322,MC1_K2_N1_L4_SP22_P1_R06,a11f865f64d614feb1498945010f54ab7342dc522048204a531dad116ed7c394,31a85cf10323dcb0ff906b98f8f0dab39e853ab81d2695b1979df50869258a07,1,cf75bfd4b7479c21c9135e4a325c8509cf5baa4946a0cda85379771ded9874f1,0,6.1915021
323,MC1_K2_N1_L4_SM6_P1_R07,73071fc9a963bdec25cead94ce1e5943f62d92a87003b30ffb3f7489631e83b2,31a85cf10323dcb0ff906b98f8f0dab39e853ab81d2695b1979df50869258a07,1,efc3ef80f3017d3ebc7ca577034983feea07cee0d91b4a7890e56938e522238d,3.5527136788005e-15,2.6358372
324,MC1_K2_N1_L4_SP0_P1_R07,2999b035de6571f8a5e935746d65850e05dcd1ba874e261181744d6aee3d95b4,31a85cf10323dcb0ff906b98f8f0dab39e853ab81d2695b1979df50869258a07,1,de2dc56695184cb60b42117b85bf22adbf0ec1c8532bc63294cf4b34aef038a9,9.64327466553287e-16,4.1353992
325,MC1_K2_N1_L4_SP6_P1_R07,5ed2e85ad03ddeb6af37f3d3ddcaaa8da3ec81ce7f7b4ef5077b236d3ce0299e,31a85cf10323dcb0ff906b98f8f0dab39e853ab81d2695b1979df50869258a07,1,4c4bd274915202a3e2712ddf07cb29716fff7be7c4f9066c10dd658a06ecc169,8.88178419700125e-16,2.8747083
326,MC1_K2_N1_L4_SP10_P1_R07,1365a4274c3bee60fdddd81d6a47b31fc38deb3f872de9956efe1a72994e4b50,31a85cf10323dcb0ff906b98f8f0dab39e853ab81d2695b1979df50869258a07,1,e2bab6feaa04836106b641573f0ba2ff58e9af6eb05846cea5862642e790a4bf,1.77635683940025e-15,3.2210078
327,MC1_K2_N1_L4_SP14_P1_R07,1ef31dd43883e9993b8ede1acfe50f4bc3bd583ff64bb452f2979679af03b4b5,31a85cf10323dcb0ff906b98f8f0dab39e853ab81d2695b1979df50869258a07,1,8bfe3aa5437e171393a93a3e2f9fdcb0cf3d33ce4416f0e20155082a562a1f8d,0,3.7873079
328,MC1_K2_N1_L4_SP18_P1_R07,558ccfa61825878b19510ea560727e5e5ceaa090aa55b05dd8cdaaef07c3d017,31a85cf10323dcb0ff906b98f8f0dab39e853ab81d2695b1979df50869258a07,1,76f97a2ac50aed5617378f85d4d6b249f7cb86d6ecac5fd0310c1c1e3af0bb5e,0,3.9901533
329,MC1_K2_N1_L4_SP22_P1_R07,66fcfac323b0226a5a6ac20be83ef7dbb84498b2d030bb3faaa91c5fa44e9292,31a85cf10323dcb0ff906b98f8f0dab39e853ab81d2695b1979df50869258a07,1,9af1b821d73e9a151106fc6387efa17edbed8ec24ee826c7f9ec703bc1cdb627,0,4.7051659
330,MC1_K2_N1_L4_SM6_P1_R08,b69dfc4437ec3cdde88023f9a7759e9f32978210d57b62a2dbd60fe672e7bdf3,31a85cf10323dcb0ff906b98f8f0dab39e853ab81d2695b1979df50869258a07,1,95e371ea0da68b51270759638341b0881324fa70319f7e01cee60380fc809638,3.5527136788005e-15,3.5304723
331,MC1_K2_N1_L4_SP0_P1_R08,57cd2e4269ed706aa9b5b436510d9241a24c6c224b633e3a2bb93ff2c326868d,31a85cf10323dcb0ff906b98f8f0dab39e853ab81d2695b1979df50869258a07,1,a3e396432f6ccdb3a2c47b5169eea595f2d362f11fba8a2473df6bbea2f25dfb,9.64327466553287e-16,3.624988
332,MC1_K2_N1_L4_SP6_P1_R08,6cebb66a99d583d2651f2bba918db8ecf318ea8802e3f82fe2da819f8b9894d6,31a85cf10323dcb0ff906b98f8f0dab39e853ab81d2695b1979df50869258a07,1,7786bc1bda68a0bf1f832f927ccaace0dc39c324ab6e2a9f918d14547b9f57c2,8.88178419700125e-16,3.403048
333,MC1_K2_N1_L4_SP10_P1_R08,1792ce076cfc1f4f0aadf4499d68e504c5276d6e4f8146ce9c325eb11a15b0fb,31a85cf10323dcb0ff906b98f8f0dab39e853ab81d2695b1979df50869258a07,1,43a4e4f1a5402122dbfd8f79607b0ad14c4110d4a6f0ba1e509bec4febd38655,1.77635683940025e-15,6.3719455
334,MC1_K2_N1_L4_SP14_P1_R08,808c1fec344401ee0f606eb48c462479bb7813f4bc7a81012cf23fdb2ae665dd,31a85cf10323dcb0ff906b98f8f0dab39e853ab81d2695b1979df50869258a07,1,331929338158716e8713db0f8b03771208a97d21f1cc17c4a3663e806115a262,0,6.0385916
335,MC1_K2_N1_L4_SP18_P1_R08,8a1e33ae90305830d0370b3be68b6136d1f537e31051d551b7f15bc7b7aca630,31a85cf10323dcb0ff906b98f8f0dab39e853ab81d2695b1979df50869258a07,1,c4c5ff5a8141ea50a94773d997b462b1985d689f4eeb1b811dfd9c4facdda999,0,6.1317871
336,MC1_K2_N1_L4_SP22_P1_R08,fa93760d2cc2d427dcd754e6df07a76a1e22088e9d25f4698b1ed6b56a55515f,31a85cf10323dcb0ff906b98f8f0dab39e853ab81d2695b1979df50869258a07,1,cac6320b8e269f110c3b137afae96e497a679f4f36ca1c4a08ba299379a5d795,0,6.2080138
337,MC1_K2_N1_L4_SM6_P1_R09,32560a5a36989ca19ec5320f5c16ce03dbd8df6848825cb62214bc1e98e5d801,31a85cf10323dcb0ff906b98f8f0dab39e853ab81d2695b1979df50869258a07,1,6f822b3e095d7ed436a745f2b7d1eb51ef67480594663b901c49e0459c8bb5d0,3.5527136788005e-15,3.0835191
338,MC1_K2_N1_L4_SP0_P1_R09,2f84753d0f2fe7cb0d04e59d45d8482cb787c9bda6339a37791509e1c5364ce7,31a85cf10323dcb0ff906b98f8f0dab39e853ab81d2695b1979df50869258a07,1,2ea299a751b4815e8b37fe1c9df17aa7f2ac9f57008fc8c66b561717ea99e904,9.64327466553287e-16,2.8227557
339,MC1_K2_N1_L4_SP6_P1_R09,5b24b7ca9fbf8ddb1c44b2e62af7da9ee9b9208bb24a6df18a6b1f9ba4eb8e7c,31a85cf10323dcb0ff906b98f8f0dab39e853ab81d2695b1979df50869258a07,1,657e6fa5a2f7bacca87a6c4f6b3b6b8e633a96e7be8e22f8bce2c1d76455be62,8.88178419700125e-16,3.4544677
340,MC1_K2_N1_L4_SP10_P1_R09,1aa006509513917c3ea79274f4602a7359571ce6910e6f084d8b21207385c13b,31a85cf10323dcb0ff906b98f8f0dab39e853ab81d2695b1979df50869258a07,1,a15a6cffc94bffe7edf8b03e360db0d80bf7ec1e5e78b6f251de3085d6898a06,1.77635683940025e-15,3.8739513
341,MC1_K2_N1_L4_SP14_P1_R09,46846dc8eee49da1db17fb14b4cf03191eaabb1976aef9fb48eb875a1b3a00bc,31a85cf10323dcb0ff906b98f8f0dab39e853ab81d2695b1979df50869258a07,1,0db376463830a1cd6b5ed24f86fcefe638dfca7bdfe1548397401ccf850c9266,0,6.1655115
342,MC1_K2_N1_L4_SP18_P1_R09,02117d4100b3ce9a05db86a359f13d4e2a4e269cef57ac1fe98f7eff060ee31d,31a85cf10323dcb0ff906b98f8f0dab39e853ab81d2695b1979df50869258a07,1,aa090c8f66fef30c3c221ab05e2b27ef16214e8fc06110940b6f03871e4aa77e,0,6.134918
343,MC1_K2_N1_L4_SP22_P1_R09,9cda002c800b71bb7b81c25f99d3bbec5c1fe7eb63f1b81c86e5c6563959d67f,31a85cf10323dcb0ff906b98f8f0dab39e853ab81d2695b1979df50869258a07,1,82f2d144d75ea6bd5f152bd87ca265e1f53c3d4d0fb449523a173ace486c69c2,0,6.2498705
344,MC1_K2_N1_L4_SM6_P1_R10,f77d2064cc8ac27a8809dbffd21bd889d7bf7fcac1dbb67ea66f93c7e1061df2,31a85cf10323dcb0ff906b98f8f0dab39e853ab81d2695b1979df50869258a07,1,772e5d87107c249d9c9b964d69cde41d47a945e110987bc4e4ba6c98346ba01b,3.5527136788005e-15,5.254106
345,MC1_K2_N1_L4_SP0_P1_R10,c0c88b107236db9daa7fa0f2783541cc68ccfd6dd466273b5f0d128dd45c6054,31a85cf10323dcb0ff906b98f8f0dab39e853ab81d2695b1979df50869258a07,1,a77a515b2376d6eaa2d00dcf1b4ed8cabe91e39a59b08d139ac9a9a44ba9677b,9.64327466553287e-16,5.6601433
346,MC1_K2_N1_L4_SP6_P1_R10,57e0629fa97e8775198c9c5e5ca1ee0cbbd82623e240b0e2ad2c8335d9a5a7a5,31a85cf10323dcb0ff906b98f8f0dab39e853ab81d2695b1979df50869258a07,1,179c61bb28e14643e5b08cbe4d6ae45d3842b48f53505a10c27a4e9f308899d3,8.88178419700125e-16,6.4318778
347,MC1_K2_N1_L4_SP10_P1_R10,cfa4ec65048840e660526c31baad6001eb436957cf68d0a127715ae716754d4e,31a85cf10323dcb0ff906b98f8f0dab39e853ab81d2695b1979df50869258a07,1,7927ebada0ce083bfd35a2f07c51f4932354af31f79baf0b75a84042a43ecc04,1.77635683940025e-15,5.7427711
348,MC1_K2_N1_L4_SP14_P1_R10,9467780a72a9a1545be56b92a2f39f069f8055b3eee350a75340131291a76584,31a85cf10323dcb0ff906b98f8f0dab39e853ab81d2695b1979df50869258a07,1,fccecabf2a1c2b65261891c067f98786119bd5c5a614966b72a56034a5589785,0,5.8813133
349,MC1_K2_N1_L4_SP18_P1_R10,17958ab2aae25ddcd3976cf7b8cd7b9046af7936251a98254339ca2d3abb6a70,31a85cf10323dcb0ff906b98f8f0dab39e853ab81d2695b1979df50869258a07,1,22a33018209dde94bcb8aec4a65c6b51870dee71a1dcd6e8aafb1cd34dd5aa4e,0,6.3956097
350,MC1_K2_N1_L4_SP22_P1_R10,c27de10bca4118915f33b15f53bd26b68e9adae49010eee78edf6f0428d1fe1b,31a85cf10323dcb0ff906b98f8f0dab39e853ab81d2695b1979df50869258a07,1,14ed1cbdb500799c5855ed548fef4c4cbdcad669f69b6f2284e1619e81902180,0,6.3648445
351,MC1_K2_N1_L4_SM6_P2_R01,ef713d5bca1943864bf9658ec74c4169c9dbcd5494e341c1a622319c9a4b00a7,31a85cf10323dcb0ff906b98f8f0dab39e853ab81d2695b1979df50869258a07,1,4823e6185cdb307d28a2f6f2227b76a4c6bc1ced85f7e8d0e556cb54cf673473,8.88178419700125e-16,2.9712871
352,MC1_K2_N1_L4_SP0_P2_R01,2231e895bb2662bb7ce1acbcdceac3d72996b6ff5ff1a336d14582734d3c2f10,31a85cf10323dcb0ff906b98f8f0dab39e853ab81d2695b1979df50869258a07,1,60b6ee4f3fa0af88a63653d6632b28a7a48ea4bdf2b492954db660e9dbf82ecb,2.89298239965986e-15,3.7777827
353,MC1_K2_N1_L4_SP6_P2_R01,e0522d7c579f98b59085a6163fc5f49480ff23019133dad7a1657332f6ed6263,31a85cf10323dcb0ff906b98f8f0dab39e853ab81d2695b1979df50869258a07,1,96f0d90aca9a90947ae7fbc8e4b16f81ac2e0e1a612e824fa2f0507a3623410e,8.88178419700125e-16,5.222029
354,MC1_K2_N1_L4_SP10_P2_R01,1f92d8a23c6c1726fb1e4a148bb6486159b3d7066394b69d0fdf228573438b1d,31a85cf10323dcb0ff906b98f8f0dab39e853ab81d2695b1979df50869258a07,1,dfe697b75b829253ce5cdb23ced09c2d476df1f2174fa1185b5005d9ecab2a32,3.5527136788005e-15,9.9257617
355,MC1_K2_N1_L4_SP14_P2_R01,e1851707b1b4a652524d0178de48bf4d2c7e960cb186148554e5bdaa0a29c72e,31a85cf10323dcb0ff906b98f8f0dab39e853ab81d2695b1979df50869258a07,1,8cee60fbe2d705a4e39a93ad0c4bac3534a78bce183a8130db295739c7f681ae,0,8.284615
356,MC1_K2_N1_L4_SP18_P2_R01,2cd60628ae4987830c1539eaa7b9d1b34b182ac44b82c3bda53c94cc0e25d83a,31a85cf10323dcb0ff906b98f8f0dab39e853ab81d2695b1979df50869258a07,1,f1b340ee21e64cc03501ed268657e061930298f78092b98fcc2b9ea2d1255063,0,6.7028441
357,MC1_K2_N1_L4_SP22_P2_R01,6229fb59d7a18e8726fc00b43c40ae1a836819c9b8e9a5aa0bf46fcb29a87ebc,31a85cf10323dcb0ff906b98f8f0dab39e853ab81d2695b1979df50869258a07,1,c13389cdabf3dc5fe076d525a3eee0d13187fc6fd98f696b33e0af11703d0601,0,6.1138976
358,MC1_K2_N1_L4_SM6_P2_R02,60dd1cbf6cb727ac4c2af553d56c21d89bdfc02cc09759f51b1b083425363058,31a85cf10323dcb0ff906b98f8f0dab39e853ab81d2695b1979df50869258a07,1,2676e1457fff1b1f5300a105c3d1503b43852719c05381b72955ce60e3dd4191,8.88178419700125e-16,2.8657619
359,MC1_K2_N1_L4_SP0_P2_R02,8616fc343052df934d2932096934b69ef20c7c60966c19c6479112b9c7364b16,31a85cf10323dcb0ff906b98f8f0dab39e853ab81d2695b1979df50869258a07,1,60d842dd69ac23681776a4e186c191a59232d16ee56eff9b91ca584d243bc7b4,2.89298239965986e-15,3.6654112
360,MC1_K2_N1_L4_SP6_P2_R02,69496f72e2645b8a0a37dd951bfaa8b53083c9116878eb8f95e91b0c1379bdea,31a85cf10323dcb0ff906b98f8f0dab39e853ab81d2695b1979df50869258a07,1,d5d4310c8a26a689d1688c4c47c82031e9e502ab7c14cf977ba7e34e0f042f5e,8.88178419700125e-16,4.3190349
361,MC1_K2_N1_L4_SP10_P2_R02,d16c55704d38eadc0a97cf778b686c513dd12e51bf9107d860efc11e9e6ab29b,31a85cf10323dcb0ff906b98f8f0dab39e853ab81d2695b1979df50869258a07,1,a446a5bb881bc69284108ef954d11a16a424b0263dc25e872995c76a92084114,3.5527136788005e-15,7.8040407
362,MC1_K2_N1_L4_SP14_P2_R02,232173c4ce0932542758008a8079acc82863e89417007bcd19eec831682e12fe,31a85cf10323dcb0ff906b98f8f0dab39e853ab81d2695b1979df50869258a07,1,6f9bbed46845c530bc1705475eb79affe5dada7b56652236d43dfbc3c2c2f4dc,0,11.3981935
363,MC1_K2_N1_L4_SP18_P2_R02,3111742f151c9884118587da5ce96c7d415147549e861a026cd0db82edc3289a,31a85cf10323dcb0ff906b98f8f0dab39e853ab81d2695b1979df50869258a07,1,b7ec4154b61e233579bd91da40da50d146346a7ca75fa08f46286688fc320af0,0,10.9593453
364,MC1_K2_N1_L4_SP22_P2_R02,ed656b76c632fc3250325926a0d5cd8640551220b7f9edd62b102c5d19a656bb,31a85cf10323dcb0ff906b98f8f0dab39e853ab81d2695b1979df50869258a07,1,211bcb5b2d154e1772af05aa372422f3a2f3070c117362cbd07322e06f0fb788,0,9.4569839
365,MC1_K2_N1_L4_SM6_P2_R03,28fe0e40237da2eacb2b028b2750dbd8d986c797bcf639fd1e5347fe5de46e9e,31a85cf10323dcb0ff906b98f8f0dab39e853ab81d2695b1979df50869258a07,1,53d1446a6c4cf204b74f95f27e06283de4079b9db773ab09f20deef3fd13d1b2,8.88178419700125e-16,2.8063006
366,MC1_K2_N1_L4_SP0_P2_R03,646002e5b4e43132cd1148dda11b0e7fa25d83524ff34f1ae5a79db147306a77,31a85cf10323dcb0ff906b98f8f0dab39e853ab81d2695b1979df50869258a07,1,75dbbecee6128d5833b13d39fdc1985d7f29ffa32f94828bea93604404ea8c7a,2.89298239965986e-15,2.4745107
367,MC1_K2_N1_L4_SP6_P2_R03,7b52acbbd7a8c1ae615e5a91e477dc365b04dcd2ac45cbd0d02c5c03d78a5359,31a85cf10323dcb0ff906b98f8f0dab39e853ab81d2695b1979df50869258a07,1,00d6ee086007fbbcf5f6e21ea26b92bc0a09ed6e233208423ec63941d86d657c,8.88178419700125e-16,3.4290028
368,MC1_K2_N1_L4_SP10_P2_R03,886bdcd1bfca879f3f86ad7a5ff4c4d6593434461b6b410de8dbdeb154968778,31a85cf10323dcb0ff906b98f8f0dab39e853ab81d2695b1979df50869258a07,1,d9aa2e4f98b00b055f8abc81732dec34283c27f73be1ebef2a6ce38938be5d20,3.5527136788005e-15,4.5020097
369,MC1_K2_N1_L4_SP14_P2_R03,171c2718dc738ff7e5c02acdb463e7e75e055a75f34cb9bd721cd552d824be6c,31a85cf10323dcb0ff906b98f8f0dab39e853ab81d2695b1979df50869258a07,1,5e58bb107ef8e0537b039ff89c852499e5e9714cebcb56dd681775c9beaa00c0,0,5.3908041
370,MC1_K2_N1_L4_SP18_P2_R03,9da9fc898a5537859129f5a0f80e3824988b30fa3495b057564ea27faa346e35,31a85cf10323dcb0ff906b98f8f0dab39e853ab81d2695b1979df50869258a07,1,36a08e9286b42e5becf35d14901dfee7f0680e040721684d4adc6b8f84237434,0,10.7589354
371,MC1_K2_N1_L4_SP22_P2_R03,51b012ca5d9472efc5aa83aa9731a11e777e2ccb87f6767a12884da53730c337,31a85cf10323dcb0ff906b98f8f0dab39e853ab81d2695b1979df50869258a07,1,ff207d9fed76fbc07cd57ffcbe5c45350c92e2a8255493395248c9af1f2a4970,0,10.0237911
372,MC1_K2_N1_L4_SM6_P2_R04,14277c7992753324543fb6fb51b59f9df17dc22cf3169d5aac348e0f28a53b3c,31a85cf10323dcb0ff906b98f8f0dab39e853ab81d2695b1979df50869258a07,1,ecb41020c421468c0f5b4a38c16bb8b178c2a0ebdd2d0e36255758e333317e4c,8.88178419700125e-16,3.2853077
373,MC1_K2_N1_L4_SP0_P2_R04,fbf664ec6e6b58647297baecd407eb4bdba91182b392bfce8ad3cc462221ff43,31a85cf10323dcb0ff906b98f8f0dab39e853ab81d2695b1979df50869258a07,1,ca60aee5738b6ff092ec2cfed873dabe73340d24271ea6bb35073c4b57f69f28,2.89298239965986e-15,4.6037794
374,MC1_K2_N1_L4_SP6_P2_R04,f6c4464fff119e28e47f694f5c3a702d58cd22720508c3a3a5fa9a07c43c11ab,31a85cf10323dcb0ff906b98f8f0dab39e853ab81d2695b1979df50869258a07,1,112d20458d562aedeb0e45d1136e088cb3c598fbdfbfa35017dfeb8b9fdae3e7,8.88178419700125e-16,5.4647156
375,MC1_K2_N1_L4_SP10_P2_R04,f8feaf3a190d3075274c184189fce372beb825deba8e6658f2075e531cf24d61,31a85cf10323dcb0ff906b98f8f0dab39e853ab81d2695b1979df50869258a07,1,f9aae8162976260f1bb13c7988b5d23409b2ecf87fc0c1cad226152af8b485b2,3.5527136788005e-15,10.5326273
376,MC1_K2_N1_L4_SP14_P2_R04,b467fa0f8e2c9a047403194900dd775ef31ad34bb5bfee6af44515dc6406e8bb,31a85cf10323dcb0ff906b98f8f0dab39e853ab81d2695b1979df50869258a07,1,1a2d526f3fe7a492c468a827a1fe70e827671d99584b89cf05423f47d7837bc8,0,11.8461419
377,MC1_K2_N1_L4_SP18_P2_R04,ce719a5bfd4353d86f6262d0cf7ceca54dd94d11babeb1177701d9c890d351c2,31a85cf10323dcb0ff906b98f8f0dab39e853ab81d2695b1979df50869258a07,1,caab8b2fd5b49b59862b9034d3ec78de5548da97f9353e68e10d938e616ae12d,0,8.6550623
378,MC1_K2_N1_L4_SP22_P2_R04,234d387d9fc8b130be1d3a82b4f529fc001579d170405ecca0b812460bf539eb,31a85cf10323dcb0ff906b98f8f0dab39e853ab81d2695b1979df50869258a07,1,d3039a9d54d8a15c295626acd1365f7f35f556802791d115f30fa9c709d2530d,0,9.2496037
379,MC1_K2_N1_L4_SM6_P2_R05,987b78b37c9b589436b1c41647d79553ef2fb02627214cad935bca61a4f483c9,31a85cf10323dcb0ff906b98f8f0dab39e853ab81d2695b1979df50869258a07,1,71a4fa41383d1df8551db003d211d9cfd8c918620e2d9538387f78d1e24fc014,8.88178419700125e-16,3.6406305
380,MC1_K2_N1_L4_SP0_P2_R05,eb12bafabb0f16a63570d2c472552b25a219972785f926b5cc3cc0ad11b9d239,31a85cf10323dcb0ff906b98f8f0dab39e853ab81d2695b1979df50869258a07,1,cbbadf53e68c2fe0718579c688c28beaadcfcfb3e80d73c3a6fca1d9df51ddf3,2.89298239965986e-15,2.6470074
381,MC1_K2_N1_L4_SP6_P2_R05,0247ce6fe20cc41cf993a40e3b81a710b68677f630b1e83c576f68f8ea0561b7,31a85cf10323dcb0ff906b98f8f0dab39e853ab81d2695b1979df50869258a07,1,d9dae0c5c6d97c7ccfb3c54dd5e25558c141d81cbe98c54559135254751033c0,8.88178419700125e-16,2.6916705
382,MC1_K2_N1_L4_SP10_P2_R05,1a01570b384f488afd9b1fad385a695b8f17e0a8d309ef0be46d353ace755856,31a85cf10323dcb0ff906b98f8f0dab39e853ab81d2695b1979df50869258a07,1,b84ba635cbc53f4e1a888e7296b5973499e55d3adce8dab57b5798fe0d86684c,3.5527136788005e-15,4.7770428
383,MC1_K2_N1_L4_SP14_P2_R05,616ee0c41e6d2fb62d64e2a387507573cd116707fb47a7c3da5d6237e21a4836,31a85cf10323dcb0ff906b98f8f0dab39e853ab81d2695b1979df50869258a07,1,15dd22fcf38cfa3a1284c528bd3464e4ec0660cdf83392e4b14e2cd286e34824,0,5.9280302
384,MC1_K2_N1_L4_SP18_P2_R05,186add89bda4a5247d3a4e736f4b3db1f9a475920f67b45d9f153af13c4433aa,31a85cf10323dcb0ff906b98f8f0dab39e853ab81d2695b1979df50869258a07,1,837e88dbe62894b610a707f180977cd480a2e33c8c7dcedb1ce19c5aae4adf6e,0,6.2722038
385,MC1_K2_N1_L4_SP22_P2_R05,07e0bd6c04a89cfbe46ea883dc0a2bca18016ed2a5f6a76faf2b50b6e23c6bba,31a85cf10323dcb0ff906b98f8f0dab39e853ab81d2695b1979df50869258a07,1,19c14016c513316d5de03295ed27549c66639cb1ae05263a42d53e43122023c6,0,9.1528007
386,MC1_K2_N1_L4_SM6_P2_R06,6ec11e32e534e2d6d3077d8018a161672f254a1dbb9c69cbcbf6c0d6ab8ae148,31a85cf10323dcb0ff906b98f8f0dab39e853ab81d2695b1979df50869258a07,1,e0fb1504ce18afff8adbabd8b8858d682e8406990e8e0fa0040a8d95f20ef581,8.88178419700125e-16,2.9168106
387,MC1_K2_N1_L4_SP0_P2_R06,6e43264ae6e8c6c14ffba85c05b3334cda996238ddf405eb6d96b8f3727c1e79,31a85cf10323dcb0ff906b98f8f0dab39e853ab81d2695b1979df50869258a07,1,ece805e7c256eb3ed554eb6fc7fdf2de94d03a0d99f4dc850a1afd5a475b0385,2.89298239965986e-15,3.1617557
388,MC1_K2_N1_L4_SP6_P2_R06,496d42c627f4c20dd48c864960a0dd7ded63fa7d6fd42aa898d768d2d6825d9b,31a85cf10323dcb0ff906b98f8f0dab39e853ab81d2695b1979df50869258a07,1,c8baeabf6a25a91776514f8c0837918b5eed087e699e40fcbdccb6d59fcd6ccc,8.88178419700125e-16,3.6268765
389,MC1_K2_N1_L4_SP10_P2_R06,718052918a883e3a24eab08f795803d0a16d2e1155fc201b8fe21abbedee747c,31a85cf10323dcb0ff906b98f8f0dab39e853ab81d2695b1979df50869258a07,1,880a8a63e96c41797a396db9d30bf8f5b7222ba64b5f6711703a5113caf800ae,3.5527136788005e-15,6.5231814
390,MC1_K2_N1_L4_SP14_P2_R06,1085f7e16d3dde9b64c5e842d8c1bce3f5c8fe5518232f564fb80f9afc46f80c,31a85cf10323dcb0ff906b98f8f0dab39e853ab81d2695b1979df50869258a07,1,28c90e94742941275c1f3ae2b5c7907dc2f94de64e64f9b6172bade75f250716,0,5.2531928
391,MC1_K2_N1_L4_SP18_P2_R06,3cc02d299e3ae3884636be7b3759ae7a32278d05c32145f6a5cff0795842267e,31a85cf10323dcb0ff906b98f8f0dab39e853ab81d2695b1979df50869258a07,1,dceb6634243423723d875a3376bc2012ed8525e9cba18c51039f1ac70e1f3a01,0,4.2552113
392,MC1_K2_N1_L4_SP22_P2_R06,5887230e5a65508f1449706051e0bf25970012783799c9cd7c13aea68e0ed7bf,31a85cf10323dcb0ff906b98f8f0dab39e853ab81d2695b1979df50869258a07,1,3abc017bb0db91387f18c3669ca162e1c3074fb2d56eec5818eeec821eb9c069,0,3.2699871
393,MC1_K2_N1_L4_SM6_P2_R07,ec58ca023191494b2d7ac432b50348ffb897b5f02068b1b6470dd45f85308e8c,31a85cf10323dcb0ff906b98f8f0dab39e853ab81d2695b1979df50869258a07,1,7eda602f4e5efefe8d98bd7f5c5a473fca6cf101ef285bddeb97371f8778cee2,8.88178419700125e-16,5.0758086
394,MC1_K2_N1_L4_SP0_P2_R07,bb4b5946471a6b4170a57160c6e719e0922744e867ccea6fd550193d345bcb73,31a85cf10323dcb0ff906b98f8f0dab39e853ab81d2695b1979df50869258a07,1,9f67deda5b6d5585cc908f85b616141e94879e2f8a53cfb7f6ba041d643bedd9,2.89298239965986e-15,4.8926202
395,MC1_K2_N1_L4_SP6_P2_R07,6ce88da88aa264a64d751609355f356d281aca58741080a9f0830afb9e2141b9,31a85cf10323dcb0ff906b98f8f0dab39e853ab81d2695b1979df50869258a07,1,65db23274b6e15ffcd9110c639c3347c14aa087e4894f7d3cc1708ea0afab6b7,8.88178419700125e-16,5.3881255
396,MC1_K2_N1_L4_SP10_P2_R07,6c7f005431c4231247959f8c64ea2ff8141193ffdae2fae1593762569ea0e533,31a85cf10323dcb0ff906b98f8f0dab39e853ab81d2695b1979df50869258a07,1,f2d9ce220fdd379be7f2ba5fe3d48dbdb69e5627cf6e29e2f4c23b35a4cb1b64,3.5527136788005e-15,4.8174049
397,MC1_K2_N1_L4_SP14_P2_R07,fe6388b7d8c6339ad583a487058a37bcc278ebdce75b9a883050e805bcbff396,31a85cf10323dcb0ff906b98f8f0dab39e853ab81d2695b1979df50869258a07,1,b9a9530306a4765c45e0d26d1a8614298852bcd23c9ab992c5db37d7c2253da4,0,4.0247648
398,MC1_K2_N1_L4_SP18_P2_R07,ff452b5311d1c8d43147709dbd84cb794a04a6992182ca51003ecebce38ae160,31a85cf10323dcb0ff906b98f8f0dab39e853ab81d2695b1979df50869258a07,1,fc24c4c3ae6cbf8d352a57949cfe8f31de7dc109376af9b087561439d44990c5,0,4.1048183
399,MC1_K2_N1_L4_SP22_P2_R07,25de2ec6663494b1d7933aee52344ffbf489c180bec2899edae1d6bd2a16258f,31a85cf10323dcb0ff906b98f8f0dab39e853ab81d2695b1979df50869258a07,1,41fafc81694b8a5c9e9969f1da78024fa1642f27d27841794211504c6ecb0102,0,5.0530072
400,MC1_K2_N1_L4_SM6_P2_R08,4761b3925249a27393479e63d344867391ce77b113957edeca5ef1a2003e2497,31a85cf10323dcb0ff906b98f8f0dab39e853ab81d2695b1979df50869258a07,1,4db1d8bdaa27a6fe9530133b36843e910607842c6b99aae93c332fae0a0bf108,8.88178419700125e-16,5.3259575
401,MC1_K2_N1_L4_SP0_P2_R08,99278dd692ae8227c224b1403a5b6c9be2eeddc1bd104cb9bf64fe3dd6a60002,31a85cf10323dcb0ff906b98f8f0dab39e853ab81d2695b1979df50869258a07,1,e03fba367aeb14317e584c59afed8994df598a08ffca32252287f890be040085,2.89298239965986e-15,6.2959571
402,MC1_K2_N1_L4_SP6_P2_R08,d83d4cda576f400ed2cef65f6f42f14121a2c3a0e9e7c47ae03359087ea31c28,31a85cf10323dcb0ff906b98f8f0dab39e853ab81d2695b1979df50869258a07,1,aeee2e5b71d4562d9f6b478ba7e0a8c966300fa944b2973f4a5b10c108da208e,8.88178419700125e-16,6.8393363
403,MC1_K2_N1_L4_SP10_P2_R08,476471f78b43de0cf382305f20b4c1e01977b6e9a7b3ae227ffca55b2a47b12d,31a85cf10323dcb0ff906b98f8f0dab39e853ab81d2695b1979df50869258a07,1,9ffbe6ddfacabd3fafedf53912e82394adc1111355572d1180bd6438df9071d0,3.5527136788005e-15,6.9059959
404,MC1_K2_N1_L4_SP14_P2_R08,05a7bff0b09f19a758c44cd4f219a735a6f110bc8def8b80910883c5bc9c27ac,31a85cf10323dcb0ff906b98f8f0dab39e853ab81d2695b1979df50869258a07,1,9d9f877f130159d3515a0ae4bfaaadf851a4c718873210d8ef079bce6146d52b,0,5.099049
405,MC1_K2_N1_L4_SP18_P2_R08,e4dbb675f517a09dfecb804660426e69e7fa9bcc2fdbc86145927a9caaafaaef,31a85cf10323dcb0ff906b98f8f0dab39e853ab81d2695b1979df50869258a07,1,17423f7bed1dd23a38b533c862ea3de6800e9c73b2f3b0d25afac0294d4e8bff,0,5.2711297
406,MC1_K2_N1_L4_SP22_P2_R08,5efe312368fedabd3e89c1fb546b535c81ce81a84e77d3d6b3d3fbadc3452c6f,31a85cf10323dcb0ff906b98f8f0dab39e853ab81d2695b1979df50869258a07,1,05ffbcd88f74188e7997c5b471d4b02ce8bb34691a0f730b0de76bb9d320f26a,0,5.2582516
407,MC1_K2_N1_L4_SM6_P2_R09,64f58740e3d2923287643efa6e8ba77f7faebbf141771938759093c082b7fdb2,31a85cf10323dcb0ff906b98f8f0dab39e853ab81d2695b1979df50869258a07,1,332fef1fe056c19333ceb43de2edd4b9677df3ccc11391865cac3474b9c73a76,8.88178419700125e-16,3.4119531
408,MC1_K2_N1_L4_SP0_P2_R09,53e71a3f3dd6743766c251c31dcd1ca748b0e14acf52cdb64234785d89cbc815,31a85cf10323dcb0ff906b98f8f0dab39e853ab81d2695b1979df50869258a07,1,e1031b5660a7d4c841a43ee6ad73e7d399d041c2501dc32ea27423c92fa45cc7,2.89298239965986e-15,5.2412875
409,MC1_K2_N1_L4_SP6_P2_R09,0eea382c1ebec2f3c4338d2255d2dae42809c86b0320a8f0e14b7d02a73031c7,31a85cf10323dcb0ff906b98f8f0dab39e853ab81d2695b1979df50869258a07,1,abe90de9b246f38ddb2a8c43eed42636e354a541c1b6f8b0b8b3d72c249da1c0,8.88178419700125e-16,5.7042702
410,MC1_K2_N1_L4_SP10_P2_R09,e3fff0aa953ace31f2a76c95daaeedd5a1dd325bdea1c489620fb434ba08b591,31a85cf10323dcb0ff906b98f8f0dab39e853ab81d2695b1979df50869258a07,1,4b4d33508e4bce3d0921131568b485ba050436eae2051b99505aa17a8ed1e614,3.5527136788005e-15,6.8694889
411,MC1_K2_N1_L4_SP14_P2_R09,9192194dc3ee21dfb12f2c217db183febf1626b54fe7d3f3e3584459fe0bb371,31a85cf10323dcb0ff906b98f8f0dab39e853ab81d2695b1979df50869258a07,1,2a936214161fc31850fc06828a7eed748bb4d9420c4f60fb7ccb8cc186176112,0,7.0795961
412,MC1_K2_N1_L4_SP18_P2_R09,6a1b1b8231fbc39cd2378301aade170170c5fe431eebe610314ffdbd9f3e1318,31a85cf10323dcb0ff906b98f8f0dab39e853ab81d2695b1979df50869258a07,1,cecc5a7048cf7d9ae85816f6c5daa3594e847a349ea93d719aa253ef76164ea6,0,6.765691
413,MC1_K2_N1_L4_SP22_P2_R09,d8a4056725e4733a23afc170b981d55c95edde16274940982ed3635dab7dd68e,31a85cf10323dcb0ff906b98f8f0dab39e853ab81d2695b1979df50869258a07,1,1385c27974968904fded8c82af438361e23bb7a137c5c75665c69aad0dd913cc,0,6.3791077
414,MC1_K2_N1_L4_SM6_P2_R10,322d8f2e22575be9dd58c652b24ba03d35698c687f510aac4aa1312f25a32339,31a85cf10323dcb0ff906b98f8f0dab39e853ab81d2695b1979df50869258a07,1,c75abb62f7eedbee4f924bd23b44d9b81b257cc83374fc93fe6c4d97d996a478,8.88178419700125e-16,5.196176
415,MC1_K2_N1_L4_SP0_P2_R10,1aad16b9c2d1b53cbaf5198a8d05962d1dd57a0928c1b6529aa898fb9e266c20,31a85cf10323dcb0ff906b98f8f0dab39e853ab81d2695b1979df50869258a07,1,f46d8cfc3d11de98b4b3a196c6aaca251d74aad4c2e0c1ed1bea8e17ea09b1ef,2.89298239965986e-15,6.1033228
416,MC1_K2_N1_L4_SP6_P2_R10,e825425f984414bf6d12bb14f57f95f6d9690b741c6548286baad0da788b84fc,31a85cf10323dcb0ff906b98f8f0dab39e853ab81d2695b1979df50869258a07,1,1c5958794fc5b3b946bf619bc4321544b67f9b0b6c7c46b03302f3461866038a,8.88178419700125e-16,6.00585
417,MC1_K2_N1_L4_SP10_P2_R10,ec1d14ba25448c954b11151bcf64e1b1ca8a2567d140906d93a11c158e7f249d,31a85cf10323dcb0ff906b98f8f0dab39e853ab81d2695b1979df50869258a07,1,b7260ce9dc2df642d69ea516e1e2d0015f6ae8bc6572b9a7b6eaa20ac4d28e5e,3.5527136788005e-15,6.1399774
418,MC1_K2_N1_L4_SP14_P2_R10,83db71c31cb4f8d6f941e1087f5bc04d3a9775112c57852f3f442722a4b52064,31a85cf10323dcb0ff906b98f8f0dab39e853ab81d2695b1979df50869258a07,1,890a78ef5435d1f7a36dbe3dd9eec2bfbaaf847a96dce6cdd5fcb79d635b6a1d,0,6.5804751
419,MC1_K2_N1_L4_SP18_P2_R10,cfb2f8ee68f6f6ad8b64fa082106846b48f842b20c66b661a71861723c89562a,31a85cf10323dcb0ff906b98f8f0dab39e853ab81d2695b1979df50869258a07,1,dc04216dcb6c7e67b54a28370580ae0b6e6d1f16712dc5a495d09854ac43e1bb,0,6.5381559
420,MC1_K2_N1_L4_SP22_P2_R10,48b2899ee3c5e664e38ea3ea2a5c4c31517ab1262e7cdf79d5c266e921c54eeb,31a85cf10323dcb0ff906b98f8f0dab39e853ab81d2695b1979df50869258a07,1,a2c78e902168fe78723ead714edf23575444ed5a4b5bbbf7dd4fd3849be8b0d0,0,6.0283551
421,MC1_K2_N1_L4_SM6_P3_R01,981f18b1c41e0e6aee31ff98c4b9e41919a3b808963fe6bd2eb60e30eab2f8eb,31a85cf10323dcb0ff906b98f8f0dab39e853ab81d2695b1979df50869258a07,1,b511c74464f65146debfb4df1834e1f663de94620e5a339e7c2b3b463d14d589,2.66453525910038e-15,3.7831442
422,MC1_K2_N1_L4_SP0_P3_R01,b4999f5a244f7b3aa3e05733217777f15adc243e6a494c7a505c608b6db4869f,31a85cf10323dcb0ff906b98f8f0dab39e853ab81d2695b1979df50869258a07,1,d87f2eb67af491c430fa6e5c483e32d840bf6eee41e633956849053e0a31cdb3,4.82163733276644e-16,3.5096592
423,MC1_K2_N1_L4_SP6_P3_R01,ebf19aa51d00af1e85e2a09b8c5454d240d7ee5d73142c774fddf109ad42010d,31a85cf10323dcb0ff906b98f8f0dab39e853ab81d2695b1979df50869258a07,1,fa487408ee38011e04b7e7356f4ff1527cbbb589784adbd7fb0be1b0f5e98d5d,1.77635683940025e-15,3.0114322
424,MC1_K2_N1_L4_SP10_P3_R01,142df10cc1ceddb376633c71fcacc4bbacbf5256dd0e8e6ce20b38e703ab8044,31a85cf10323dcb0ff906b98f8f0dab39e853ab81d2695b1979df50869258a07,1,a2d192cde67fbce26054924a4301f428ad0141d61b2558f42204d0689a9258d9,1.77635683940025e-15,5.2397198
425,MC1_K2_N1_L4_SP14_P3_R01,2c4050a154a1d97eeef4cbf9655490209d2d560e4e83a3737c760b1274d49727,31a85cf10323dcb0ff906b98f8f0dab39e853ab81d2695b1979df50869258a07,1,ea07f9d1fc30da61b1e2f13d0734f1ae089da51b3d0745128942678407d4ed2f,0,5.7172191
426,MC1_K2_N1_L4_SP18_P3_R01,ca36b65742b11de432c55bc235617dfeb82eace622f639440dc891e66991da7f,31a85cf10323dcb0ff906b98f8f0dab39e853ab81d2695b1979df50869258a07,1,67f9b455818e8b5410678eb16eb530c86710d6d2e2a920132d2d1fccfd4fcd82,0,6.4847474
427,MC1_K2_N1_L4_SP22_P3_R01,19798ccc91c03d005e57ead52034b22e22d651c380a22fab5ddea4540a26d35c,31a85cf10323dcb0ff906b98f8f0dab39e853ab81d2695b1979df50869258a07,1,292d0802d139fff6adc3ff806ee66b5cb1de4ac9fcd0b1d861da06f31838eea8,0,7.1193308
428,MC1_K2_N1_L4_SM6_P3_R02,3629ab1fb9c0870b6628b73ffeb65b689f8f657e795a511c80f7a8fd6c327a4c,31a85cf10323dcb0ff906b98f8f0dab39e853ab81d2695b1979df50869258a07,1,cee50044947f147b98120ec861e870d084e9e3c8ba9191ced12ec3426aeb1e37,8.88178419700125e-16,4.3061152
429,MC1_K2_N1_L4_SP0_P3_R02,b26c3ddf23c798ae5ed53d4987bb59e22f6e6e1a2d10046fc2d4a2c2a7d68310,31a85cf10323dcb0ff906b98f8f0dab39e853ab81d2695b1979df50869258a07,1,9b9708c47f653f38caeadf06325ac8d20a06c282cb27b0476ce69e39dfc90844,4.82163733276644e-16,3.8288498
430,MC1_K2_N1_L4_SP6_P3_R02,e6e88c2acc2ea818ca7b8181357feb225ab5aa2555493c3215b4d576d4c7d56d,31a85cf10323dcb0ff906b98f8f0dab39e853ab81d2695b1979df50869258a07,1,fa1e0aea67c89333d0b888ae4f60815def407f57813f73c7709261c7ee169356,1.77635683940025e-15,4.0799804
431,MC1_K2_N1_L4_SP10_P3_R02,ad27907d11af3e18997a1d165385c1fdbb23387e1879fb547ba88046bf95c0c2,31a85cf10323dcb0ff906b98f8f0dab39e853ab81d2695b1979df50869258a07,1,ac0fb9aa6ec950e0fa171a856c887f8f3176da887d4485f2078148cac1e7b201,1.77635683940025e-15,4.9824577
432,MC1_K2_N1_L4_SP14_P3_R02,108cddca2462838dfecba94ddd9bf1ecab54aa28004d0278ef386e4cc53d5c39,31a85cf10323dcb0ff906b98f8f0dab39e853ab81d2695b1979df50869258a07,1,3d379a51698c00f1c704df33e29c6355dbd0535e954c5436813ca9c226b6de78,3.5527136788005e-15,4.6242549
433,MC1_K2_N1_L4_SP18_P3_R02,9848245cdca35b75d89c8d0cc7896ae404cdeb3c6d583ee62c452b04f6839bb4,31a85cf10323dcb0ff906b98f8f0dab39e853ab81d2695b1979df50869258a07,1,d835450c8ff4e178ac1516e6b223913943faa521ab9c739fa82fa77c99705156,0,4.6181076
434,MC1_K2_N1_L4_SP22_P3_R02,146d2eebc42b4238ef0e46bd4bdd5c4a7634db6666ae7b2db43a1a0ecad45fcf,31a85cf10323dcb0ff906b98f8f0dab39e853ab81d2695b1979df50869258a07,1,d598a4c504d51a36ce0df3be700a495bed0ed5039c06d3174db31fc1e8bcbf11,0,5.1574225
435,MC1_K2_N1_L4_SM6_P3_R03,3b2f13a0cc2529c10f7a4a1b63fe0519a3fb82a6dad49b8800e6945c28b6c0e9,31a85cf10323dcb0ff906b98f8f0dab39e853ab81d2695b1979df50869258a07,1,010a045f2796b963ebf974bd0099078a62610d7cf9cc9532ba78fa596ecc4863,8.88178419700125e-16,2.3408706
436,MC1_K2_N1_L4_SP0_P3_R03,ca56d840fdae053d11691aa727c1a57f6eeb7321d9a5a3f2116bef862fd2b8be,31a85cf10323dcb0ff906b98f8f0dab39e853ab81d2695b1979df50869258a07,1,9832a95386c8abcb3e719a695fbe1c13cafe8dd57dcac84d5cbedc9559fdcd60,3.37514613293651e-15,2.9408314
437,MC1_K2_N1_L4_SP6_P3_R03,42026ccc2833eb6e11f31a49fed1a3ce24dd14f254850eb28804d996e5a74c79,31a85cf10323dcb0ff906b98f8f0dab39e853ab81d2695b1979df50869258a07,1,1050f5e7d87e6e411a7da6b5982cfbb1a54ddd95ac49eff6ff0a9306a2e5cf6a,3.5527136788005e-15,3.5490062
438,MC1_K2_N1_L4_SP10_P3_R03,536b0345f86fce8ed6fbec027c726694b365e5f8a5fa53f26d89b131aface4cb,31a85cf10323dcb0ff906b98f8f0dab39e853ab81d2695b1979df50869258a07,1,31c4861009a4a69519cd7ac1181a73254a40068b6bcd376cbcaa9e91bc2332df,3.5527136788005e-15,6.0234622
439,MC1_K2_N1_L4_SP14_P3_R03,1bc99c0089c0eb4981618a6df64af4a4247b212bb3425a959f59b70131c045af,31a85cf10323dcb0ff906b98f8f0dab39e853ab81d2695b1979df50869258a07,1,8af15867ae1a2a640d26ad8226cad14425fef407ae81de9857e35ae4e3de1485,3.5527136788005e-15,9.281852
440,MC1_K2_N1_L4_SP18_P3_R03,f5d7429b8a86cff15c9a3b61b3153c45bddb5801ac96eb8687b3e0fabe3d84b4,31a85cf10323dcb0ff906b98f8f0dab39e853ab81d2695b1979df50869258a07,1,64592e35dd84838a50723fd19359bdae1fd7220ce62f93c8f5956fbc96bfbb03,0,9.9795816
441,MC1_K2_N1_L4_SP22_P3_R03,647a431b7460390d9187957870993b227152db2672e3c8eeeb097f846a9c067b,31a85cf10323dcb0ff906b98f8f0dab39e853ab81d2695b1979df50869258a07,1,134b9c436f946d1241ff6806de4331e1487ecff101b1ae19d464f1da9dbb91cc,0,10.0730484
442,MC1_K2_N1_L4_SM6_P3_R04,6f0f9149e4d11d261bb555a7802f319a4ab6f0a396f0d3451350da131dde0a7e,31a85cf10323dcb0ff906b98f8f0dab39e853ab81d2695b1979df50869258a07,1,135b408983958687069efdb952546efee084e459a53e81fb97b5d3a3f807788a,2.66453525910038e-15,3.5776313
443,MC1_K2_N1_L4_SP0_P3_R04,a2a03241e148ff8f9944fd487181528322ef34ecd124a4d2bd1be399f90e0f51,31a85cf10323dcb0ff906b98f8f0dab39e853ab81d2695b1979df50869258a07,1,0dd9157418d23d7b9f45a239220013f7a94519cf90bfdd805f68d6bb02957750,4.82163733276644e-16,3.3115516
444,MC1_K2_N1_L4_SP6_P3_R04,56800b446d8faeb0e17dd0eff6b7b0a8babb08f468196c30a5cc65532c280c7e,31a85cf10323dcb0ff906b98f8f0dab39e853ab81d2695b1979df50869258a07,1,fa62114db51a7a358cb90b3a7e054c7066b3cd8b6290efeef1ac694d22c422f0,1.77635683940025e-15,5.251852
445,MC1_K2_N1_L4_SP10_P3_R04,5e89af73492a94e350bb18dfdea8592efea877132d5d3e39c9c7192833fc0462,31a85cf10323dcb0ff906b98f8f0dab39e853ab81d2695b1979df50869258a07,1,3a0378ef2b472e245b4e810bca3fd96b28c22ab7fcca9329e640636416ad1429,0,9.0147054
446,MC1_K2_N1_L4_SP14_P3_R04,278ae00acaf9250b4c1683f9192c6f6297efb369f142e8bc3133f6b690724ea5,31a85cf10323dcb0ff906b98f8f0dab39e853ab81d2695b1979df50869258a07,1,50edc9204c9cb9625704fcf2b50ab819ccb58d777e16aef42697cc30066c6a35,0,9.551815
447,MC1_K2_N1_L4_SP18_P3_R04,55c5e346457d5dd73d84309f2f43084e45f9d38c382bc9bd0a68b7a82024b2b0,31a85cf10323dcb0ff906b98f8f0dab39e853ab81d2695b1979df50869258a07,1,c934e7a50233e00c405ffa23165ed4a7ac4391a75c47afe66df6329ea27f1aa5,3.5527136788005e-15,9.6834746
448,MC1_K2_N1_L4_SP22_P3_R04,4fffab308b1453ce8d9041d8ffaa2f27e71cb5e2d9856657f524712ed63b7936,31a85cf10323dcb0ff906b98f8f0dab39e853ab81d2695b1979df50869258a07,1,6ff0b3872b8df31fc2294a723b8591a165bd90f340245bc2d39c030882a55036,0,8.5139282
449,MC1_K2_N1_L4_SM6_P3_R05,e0a8acdd6fb41dd63f3664488c83e445997d1513b983ad424d5e8f489eca50e6,31a85cf10323dcb0ff906b98f8f0dab39e853ab81d2695b1979df50869258a07,1,8427ca29374fb7c0632fcab20d0293d85540e294ef386d456a7504ef999ab7d8,1.77635683940025e-15,4.9967239
450,MC1_K2_N1_L4_SP0_P3_R05,e3b154c1f631b457159499313741b79e23a47cc7f3794de9bf5ffc9cc65f7466,31a85cf10323dcb0ff906b98f8f0dab39e853ab81d2695b1979df50869258a07,1,8fecf87f49d7f449c814e700d660cdb47d97e1afb445dc562dba8f36bc0ac832,2.41081866638322e-15,6.2267275
451,MC1_K2_N1_L4_SP6_P3_R05,dd25862226e5d7fa8df9db128a405a3e29132b2c04fabd26645ee8961690e743,31a85cf10323dcb0ff906b98f8f0dab39e853ab81d2695b1979df50869258a07,1,14831ca05f36c2a729d3958ab621caef472ac3a3bb0dfc118f9233c6bd7c12fe,1.77635683940025e-15,6.5822897
452,MC1_K2_N1_L4_SP10_P3_R05,a0f96d31437a307c7a6c5eb2948e20058cf030601bacb2a5f3e60ab4a3436667,31a85cf10323dcb0ff906b98f8f0dab39e853ab81d2695b1979df50869258a07,1,32e163b41248393f87c138636ba5dbd020bbfad82adf89ffb4b9ed418025e8b7,3.5527136788005e-15,10.9581164
453,MC1_K2_N1_L4_SP14_P3_R05,3daaaf60ee760dee038ade0b9edcc8a1899a3d05bc42a88e0554e13afad03e35,31a85cf10323dcb0ff906b98f8f0dab39e853ab81d2695b1979df50869258a07,1,7f8d1c9b339102c4acc55c960bf1ace3d1c4e33a0b74edf9e8055d4946bf60f8,0,11.040528
454,MC1_K2_N1_L4_SP18_P3_R05,d7963288c7991f11480ac32b7d0b8d5bb7fcb07271ac7bc4aaf113448674cec6,31a85cf10323dcb0ff906b98f8f0dab39e853ab81d2695b1979df50869258a07,1,dc11e42059611eeb73cf3be95e3e240cefb95343ac53254cdc3642c53333d635,0,10.8678658
455,MC1_K2_N1_L4_SP22_P3_R05,ce58ae87c9f71569d4bd87a9be2254fa194f79f0022ad4ab2907e8215759e584,31a85cf10323dcb0ff906b98f8f0dab39e853ab81d2695b1979df50869258a07,1,e4c54aba781d5392418acfee5a5f1ce5a905ba624a7d2e757d12273634b23636,0,11.0309038
456,MC1_K2_N1_L4_SM6_P3_R06,64ecfe164d1f1563634123f79a71e16d10802d04661e920b16d5d7d13fb7bf35,31a85cf10323dcb0ff906b98f8f0dab39e853ab81d2695b1979df50869258a07,1,b03bad4ba5bc484d97f64909ffdb28f105276a4d0d22decda2199e5f693eda28,1.77635683940025e-15,3.7670201
457,MC1_K2_N1_L4_SP0_P3_R06,6a7d8690f440e721384cf7575bad9c9ad7f7c6605c57e1db78256b7fc0ae93c6,31a85cf10323dcb0ff906b98f8f0dab39e853ab81d2695b1979df50869258a07,1,a1408a67b95d5d365ed8bdbbc03c15e27e102efe20d57209a66b9bc3d93e98ee,4.82163733276644e-16,4.0448422
458,MC1_K2_N1_L4_SP6_P3_R06,863d4f4568c3590dc05431e7f04bfda5294aa8eda285e166da9a72ad051b13ac,31a85cf10323dcb0ff906b98f8f0dab39e853ab81d2695b1979df50869258a07,1,03b56b6d7a301f398fa0fe78eefd2332f206f84b6fad3a5cd202f8d6806eddd6,8.88178419700125e-16,4.2294115
459,MC1_K2_N1_L4_SP10_P3_R06,34af4a3b5cc3fdd89fb1c0d4aa28aca4c43c8c96cf6842f87a77c996e15b86fc,31a85cf10323dcb0ff906b98f8f0dab39e853ab81d2695b1979df50869258a07,1,017d8292ac3e8fb0076847a4e78de7647f551b0415a416e1d48e5817a2c63614,1.77635683940025e-15,6.8379511
460,MC1_K2_N1_L4_SP14_P3_R06,ab93020e6fd5e5c3b575529060c08ee743f34ca3abca67e9f6d9029b374cf868,31a85cf10323dcb0ff906b98f8f0dab39e853ab81d2695b1979df50869258a07,1,ad6651c986ca3b5731d86721c92dcd60f53ad7051f1501756d3efab60ea1ee04,3.5527136788005e-15,6.8951341
461,MC1_K2_N1_L4_SP18_P3_R06,aa39a45e2539b1946238d385fc55bbd413835b2b736510839923a7fc95234dbc,31a85cf10323dcb0ff906b98f8f0dab39e853ab81d2695b1979df50869258a07,1,1a243486f89cee41575eb7b5b73b7e89bb2755162414ce102430b332aad773dc,0,7.2012267
462,MC1_K2_N1_L4_SP22_P3_R06,1060e1c6d4642f29937120c568cd975a98119b8fc56c7998a270761f027d88a9,31a85cf10323dcb0ff906b98f8f0dab39e853ab81d2695b1979df50869258a07,1,25f023a5b5224b7a97eceb4f74c9f0623e0fa7965407d55e9698ed4314770744,0,6.7064591
463,MC1_K2_N1_L4_SM6_P3_R07,218be89535d6ba47e3b5efb7b4adb540af4c10f1cb263fbd560112fbeba73dbf,31a85cf10323dcb0ff906b98f8f0dab39e853ab81d2695b1979df50869258a07,1,8a69d571c0215d7ee52bc3e03d25fb8bbc1fc7c9b3c1706b9f20e1d5ce09a3ba,8.88178419700125e-16,4.7288848
464,MC1_K2_N1_L4_SP0_P3_R07,9dd54dce7bcf9583267821da4a35719f17412802099fb4cd9e959c5f3c8e4650,31a85cf10323dcb0ff906b98f8f0dab39e853ab81d2695b1979df50869258a07,1,e55d34fb733e6d70786688e0566c12f460625809ef9f1be52df6448b7575f108,1.44649119982993e-15,4.5829644
465,MC1_K2_N1_L4_SP6_P3_R07,5ea08b7ab2936b78bb2cd17b956ef1e91c60b0bf5461b6f33776581a0cb89812,31a85cf10323dcb0ff906b98f8f0dab39e853ab81d2695b1979df50869258a07,1,0051064dd94d29baabeb65ea227e8a7a5163820caa9a99e6650d7707df0281e0,1.77635683940025e-15,4.5929976
466,MC1_K2_N1_L4_SP10_P3_R07,216b978d97db1c14a2b2a5161744e51daf41775cb95d80ea7bd9a2602eb66e26,31a85cf10323dcb0ff906b98f8f0dab39e853ab81d2695b1979df50869258a07,1,fa7103461a8d58ff1b17a0e9f9044a466138d1ca750f2d108dd9b23fd574b78a,1.77635683940025e-15,4.6926412
467,MC1_K2_N1_L4_SP14_P3_R07,bc9cb224a46e3c365ae7ed1b109d8b6822aa5c863ab072461213239f1f32cefa,31a85cf10323dcb0ff906b98f8f0dab39e853ab81d2695b1979df50869258a07,1,68c744e0e1daf851e5e9deca692c582a9082073f61b6eab3eb9953d90b2fa501,1.77635683940025e-15,4.4864111
468,MC1_K2_N1_L4_SP18_P3_R07,a1489de89e43cc007b62c961daa37f3d3a603ae242e5cfbfaf45362d3677214a,31a85cf10323dcb0ff906b98f8f0dab39e853ab81d2695b1979df50869258a07,1,e4047213213242420b0785326b61d56922d8e0c10e88b594cdc0b7d94aeb10ab,0,4.4688163
469,MC1_K2_N1_L4_SP22_P3_R07,9809bdc0655d8b2e2693565950c05e7bb34faf8909ede73475f0b91081881889,31a85cf10323dcb0ff906b98f8f0dab39e853ab81d2695b1979df50869258a07,1,267f575c667934ea89af35573169b2388d6a14bd009f5591cc08b28c5f835e27,0,4.6312407
470,MC1_K2_N1_L4_SM6_P3_R08,bb7927b5fcd91bf9a22eb0c23dadfe15520a72ebdb1db1552faadeb4005622f2,31a85cf10323dcb0ff906b98f8f0dab39e853ab81d2695b1979df50869258a07,1,d17e57bfe935f07b95ab61cec2d351f951bbc088108f915da1ecada62691b836,8.88178419700125e-16,3.7827784
471,MC1_K2_N1_L4_SP0_P3_R08,bebaac71ee0869149294f1c46e0920a3fc950dd5c13a3f7e459a7717ec37ed1b,31a85cf10323dcb0ff906b98f8f0dab39e853ab81d2695b1979df50869258a07,1,acf248416528df7a4d32e6493592f8f0bc07951dc1bd3b3512d24d8d83879ea5,1.44649119982993e-15,4.5713549
472,MC1_K2_N1_L4_SP6_P3_R08,49d73a3a4463ba5a7d385ac955664a013f1bec41eacb6ebb0e9b0fa82b54c037,31a85cf10323dcb0ff906b98f8f0dab39e853ab81d2695b1979df50869258a07,1,2975e112b6674b2c0491c394837c03ea507564436a9c0cff9e1641e503e8a168,1.77635683940025e-15,3.0306453
473,MC1_K2_N1_L4_SP10_P3_R08,f2b9b7f851e38c022d551d2d2851fc12fff81eff9b67b9e012509947e58d081d,31a85cf10323dcb0ff906b98f8f0dab39e853ab81d2695b1979df50869258a07,1,dd99d2c3827818943b9c96c15a192a7122266baddf5e39bb5f39e33699c5033f,3.5527136788005e-15,3.5139439
474,MC1_K2_N1_L4_SP14_P3_R08,01ad56bd3157c6f14202435b3f0194e3c9d6f2d60e77dc6c71597c1849099671,31a85cf10323dcb0ff906b98f8f0dab39e853ab81d2695b1979df50869258a07,1,cee9c530a1ad1b64294b9fcd7b913b492cefff34e00d436acc82330de13010dd,3.5527136788005e-15,7.0187936
475,MC1_K2_N1_L4_SP18_P3_R08,cae5deb8ebad0fd3df5db8c9be8638d78a72e2d2c361b85fbee9a5fcc182a153,31a85cf10323dcb0ff906b98f8f0dab39e853ab81d2695b1979df50869258a07,1,99b8155ef200c39e6c7c8d508dfda1d5dd3cba1f83c22be562d203f62370d082,0,7.0739379
476,MC1_K2_N1_L4_SP22_P3_R08,5485b29dcf6e954b30094eb3b3d236f95ac9df99f515f56373eb6339e99f4349,31a85cf10323dcb0ff906b98f8f0dab39e853ab81d2695b1979df50869258a07,1,b510e353bcad7db7c5964f040d71e4ce2b68e70edb2ada5cf1eb576a06ec3407,3.5527136788005e-15,7.0683311
477,MC1_K2_N1_L4_SM6_P3_R09,b12e810ba2d93ef37145ec70a1034aa5c084a290b7a957f410906a03f237f01b,31a85cf10323dcb0ff906b98f8f0dab39e853ab81d2695b1979df50869258a07,1,aaec1c615a291a128ec53f0091d85fa4bf6c689671abfdb6447f84a3615efd5b,8.88178419700125e-16,4.882865
478,MC1_K2_N1_L4_SP0_P3_R09,a2c8a6c6d62881154d79016d799e4d89e5855298f848f7a0b94424862aea1837,31a85cf10323dcb0ff906b98f8f0dab39e853ab81d2695b1979df50869258a07,1,6328a828fdeeecb070b960b912ad523b7fbb7c0c7593b51461f30ef0f39005b6,9.64327466553287e-16,5.5603324
479,MC1_K2_N1_L4_SP6_P3_R09,43835507024c224a9bfefcfd92364ab60a9364558bb996d2fac85a13d0befc34,31a85cf10323dcb0ff906b98f8f0dab39e853ab81d2695b1979df50869258a07,1,3a98c0ae7d6ed68bfd7be03a580833d308ef1981953ed57a75ff6e35c21b8c7b,1.77635683940025e-15,7.0045308
480,MC1_K2_N1_L4_SP10_P3_R09,a8a1d7908a0831d1a65bf7afdd0ce9ac477eee6f79089b8a9cbb5e936a1ecf15,31a85cf10323dcb0ff906b98f8f0dab39e853ab81d2695b1979df50869258a07,1,8eb07b53f5320ac32a81ce431c984bdd840e60869670d24e8391ccae498dd895,0,6.917405
481,MC1_K2_N1_L4_SP14_P3_R09,d67b22cd3c8a2ed01c8575c12b45ab7fb1bb19e3273b6481a5b828db714695fb,31a85cf10323dcb0ff906b98f8f0dab39e853ab81d2695b1979df50869258a07,1,a56cf5458912f231d357c3feddfe5ae5fe87cc75ee35736e594c4dee50b5f526,3.5527136788005e-15,6.9513601
482,MC1_K2_N1_L4_SP18_P3_R09,2c0b73fc47a327bea6b9972af47c686ae545a8c4bc9af11eb7b6d69ee3e6ae4e,31a85cf10323dcb0ff906b98f8f0dab39e853ab81d2695b1979df50869258a07,1,8077de51f4417d02f90d89bba7a02124af673fcedf5ab68f442dbe8471a92e71,3.5527136788005e-15,6.966421
483,MC1_K2_N1_L4_SP22_P3_R09,7fd8d13e1e6b7c5dd24e0d703bb978d796f865c5d960abf4a7a95e8bd34075c5,31a85cf10323dcb0ff906b98f8f0dab39e853ab81d2695b1979df50869258a07,1,f0a61daf429967f5a515158aa999d7c06271620820793107821845ccebcfd95f,7.105427357601e-15,6.6050319
484,MC1_K2_N1_L4_SM6_P3_R10,cf3e83eae1a360fe793f505e5be6be50450f5fcde350fe7b8e8baa67c192384e,31a85cf10323dcb0ff906b98f8f0dab39e853ab81d2695b1979df50869258a07,1,c8e9e8f14acbe1179258aa450f8dedc75d9d6565aa1e94feaab21649a55a0535,1.77635683940025e-15,4.3584925
485,MC1_K2_N1_L4_SP0_P3_R10,22d45ab6f047d888ac8b46fbbe4f95abc9f7d627964e4ceb2f96a17c3eef3049,31a85cf10323dcb0ff906b98f8f0dab39e853ab81d2695b1979df50869258a07,1,6b8f5736a103cb1fd45c746b6413044abc721a03ec912dde2d62a9f947d16577,4.82163733276644e-16,4.393434
486,MC1_K2_N1_L4_SP6_P3_R10,9641c8f32d687ef0c8b48fab09f0a404d3b06415faa3ac7df311ddb26e65c5d6,31a85cf10323dcb0ff906b98f8f0dab39e853ab81d2695b1979df50869258a07,1,077f06f3bf46e9ba1c71de5176cb43ad0f942783ecbed04976704d142fde5ee3,8.88178419700125e-16,5.1251275
487,MC1_K2_N1_L4_SP10_P3_R10,a4eb540736ab5b7b968fb6d8f7a96aa99381dd2fa64ccef6d1db9503263be3d0,31a85cf10323dcb0ff906b98f8f0dab39e853ab81d2695b1979df50869258a07,1,9bc14b17fac737429b9d43800034807ea1fab126b722e1b9ba8acb1e3aad4126,1.77635683940025e-15,6.5428794
488,MC1_K2_N1_L4_SP14_P3_R10,00c12db64e2f51ad9f2867eb9e55d7012d82b26424e5da9c4aa2e578c41bb2e5,31a85cf10323dcb0ff906b98f8f0dab39e853ab81d2695b1979df50869258a07,1,e9a6e671554344b22dfc81df0c4f468ff86d9569471bc1caf92412b84ef94746,0,6.4526223
489,MC1_K2_N1_L4_SP18_P3_R10,47c6d241529d4a90098fab0af13e86897d972c0d88819ec2582cf0f1f3ec67a1,31a85cf10323dcb0ff906b98f8f0dab39e853ab81d2695b1979df50869258a07,1,db7f93f72afb3064dcb8e3996b15a0792f750d1a4d181b94df92286e6417ad7e,0,6.4194165
490,MC1_K2_N1_L4_SP22_P3_R10,f4360b77404cb6865bf6daff2b2e9771933a100394c3137c153d170c4eac24d8,31a85cf10323dcb0ff906b98f8f0dab39e853ab81d2695b1979df50869258a07,1,c134cc9a4681a5a2935d1448e954c7aee7f75b601088920028e0cf1fd8d68af2,0,6.4049847
491,MC1_K2_N1_L4_SM6_P4_R01,bbd0a897645b5cba6aae235d95c8d42c72c91590a4a21809d861377ddcfb745d,31a85cf10323dcb0ff906b98f8f0dab39e853ab81d2695b1979df50869258a07,1,f351708e84972895fd025e1463e5abe5eb7599f0b881d88dffd8a4d7fae1512d,2.66453525910038e-15,3.0858731
492,MC1_K2_N1_L4_SP0_P4_R01,fb81905a25fc693e8b83f64bb08f9b5730ae9f23b929625bd8e138a686e43cc1,31a85cf10323dcb0ff906b98f8f0dab39e853ab81d2695b1979df50869258a07,1,c0ddb44370e724a85efa7ebf452be0d43e2ce3059ae13412b635ccef120ef28b,9.64327466553287e-16,3.1891058
493,MC1_K2_N1_L4_SP6_P4_R01,e910251b1fb920939d85631e67295574909897962d35add6eeef06594c54fd58,31a85cf10323dcb0ff906b98f8f0dab39e853ab81d2695b1979df50869258a07,1,67db4b75ff70d1ecee0ea307f41caad5af2767658ec33c04c0c9cd326ec3ee22,8.88178419700125e-16,3.8656562
494,MC1_K2_N1_L4_SP10_P4_R01,408642dc671c22a01f0793a12fe605d31c076f17c3e0d3ca1f4ca03bf62a50d5,31a85cf10323dcb0ff906b98f8f0dab39e853ab81d2695b1979df50869258a07,1,7822db91e67dbbfe740892f4ef98fa0d4f6e413fd8d55fbc7d5712885c5b5f1c,1.77635683940025e-15,8.2623305
495,MC1_K2_N1_L4_SP14_P4_R01,395a707a1902269d70ef9b75bd0c92a2ade2db1eb91ad4bdc8a901fc16e88d5e,31a85cf10323dcb0ff906b98f8f0dab39e853ab81d2695b1979df50869258a07,1,2b937470c3c62cd2e9a0b2410508c9abab2e819d236a6767c41cd8ade001e99d,1.77635683940025e-15,9.4309857
496,MC1_K2_N1_L4_SP18_P4_R01,79dce84e524c707dd384b0039d49680eb8028eab31e4b0797effb96c0ea5c937,31a85cf10323dcb0ff906b98f8f0dab39e853ab81d2695b1979df50869258a07,1,adc79060895cbfb103b7d99bca8e72d75c2e55ce21d6622b48cda82bea0e5053,0,10.1976703
497,MC1_K2_N1_L4_SP22_P4_R01,a471d2e38fd51c912a7046de9ddfb729b36b0b38170f5ea873c40c0beffe7682,31a85cf10323dcb0ff906b98f8f0dab39e853ab81d2695b1979df50869258a07,1,5190094a7f8206d29fad274e0c934bacd930cca4962097409bf409ed5c478938,0,10.1605372
498,MC1_K2_N1_L4_SM6_P4_R02,7a84d700ef999c748fb5b0f3a4ce62392f1fc44639592101a2f0b3a44e90f82d,31a85cf10323dcb0ff906b98f8f0dab39e853ab81d2695b1979df50869258a07,1,44b4fc7f3b8379d15068d0d9310d040515bcc8cab6aa6abdff6cfd833a419c6f,8.88178419700125e-16,3.3644207
499,MC1_K2_N1_L4_SP0_P4_R02,d4938b1c80e252359a97e5afbc3fb87636d6449eb56358739107a87cc6323ff8,31a85cf10323dcb0ff906b98f8f0dab39e853ab81d2695b1979df50869258a07,1,8bc3c7fa27a7aa45c9f4b907a71e22e82b738f915bfa6eae2ba8f9a45175db90,9.64327466553287e-16,4.5907636
500,MC1_K2_N1_L4_SP6_P4_R02,6c4bafb46ae71e72a27e98dfcf0d1ccb4c7df2948d7586a5c06ff248446d0d44,31a85cf10323dcb0ff906b98f8f0dab39e853ab81d2695b1979df50869258a07,1,f80c85309d0d556265b7f0a60a7ddf75856bbd7d766b432b11d577a4971ea697,1.77635683940025e-15,5.7707758
501,MC1_K2_N1_L4_SP10_P4_R02,c703f39b9188aeeae1215ec6cdb3ebde6c506972c11e3a50fc309404faff0984,31a85cf10323dcb0ff906b98f8f0dab39e853ab81d2695b1979df50869258a07,1,54ad22f87095e0c46257082f6bdf014cb896d26af58680775ddc931d0571cea0,1.77635683940025e-15,10.6882445
502,MC1_K2_N1_L4_SP14_P4_R02,2e20e8f053a748f7dd2ff13c647bb886a1c2f38f7f9af19ed57a577eae8c266c,31a85cf10323dcb0ff906b98f8f0dab39e853ab81d2695b1979df50869258a07,1,8606264d5ffbdd8154789eafdb3121fe4c380479ebf0330ae626454055207b95,0,10.7583169
503,MC1_K2_N1_L4_SP18_P4_R02,e31e8148aa7f9f6eb0ed6fc6cfdafd67bdf7eac5cc8e2e9f2c1518a4f8754998,31a85cf10323dcb0ff906b98f8f0dab39e853ab81d2695b1979df50869258a07,1,b444485c44d5a3ea36018280725e2d449501c8f50818e6168908feaca5e5994e,0,10.5038129
504,MC1_K2_N1_L4_SP22_P4_R02,f3a4019d2a4d943fffed197f9d1dabc39cade863ad872414ee7e9435cf7e5484,31a85cf10323dcb0ff906b98f8f0dab39e853ab81d2695b1979df50869258a07,1,b1d496af4ecedba5653b728ba4e70652d74c457d6c0be6bd7ce1fa5303b6fcbd,0,10.0700817
505,MC1_K2_N1_L4_SM6_P4_R03,77e96ec71709cbcc9d86ad79d772674e358d55459dbc5631c524300467905132,31a85cf10323dcb0ff906b98f8f0dab39e853ab81d2695b1979df50869258a07,1,8a7f2938d6b49986b1014d5947e5f6bc11c0721cc8e78db9ae9009040b3180ed,8.88178419700125e-16,5.9498875
506,MC1_K2_N1_L4_SP0_P4_R03,35c7a262c30a0b7f3d3dfbc0ec5d26b9e8fd8a5c6755c6e1532c4a02c9e1f3b2,31a85cf10323dcb0ff906b98f8f0dab39e853ab81d2695b1979df50869258a07,1,26913584882d389b78b38d8df84f2259d1fe878e600cbc965d176ec9df53480a,9.64327466553287e-16,4.77217
507,MC1_K2_N1_L4_SP6_P4_R03,ae2fbab27350f7ad3684ddbef42e524444adf8b3624a229a8c2de370c3aa52c2,31a85cf10323dcb0ff906b98f8f0dab39e853ab81d2695b1979df50869258a07,1,6a12bdd804f5946bf45034556020580eed1631d65ed011357ecfed19787f6673,1.77635683940025e-15,6.5842786
508,MC1_K2_N1_L4_SP10_P4_R03,c102e2f70ac789ace5c76e2149aba251b3bb65c1d9caa554f16c1e67c5b83a23,31a85cf10323dcb0ff906b98f8f0dab39e853ab81d2695b1979df50869258a07,1,da2d5e5d39d92dec7bcb0a217f04a87a076340a0a3eac79a255fd41348c8c3d5,0,10.2640356
509,MC1_K2_N1_L4_SP14_P4_R03,452198bdf1f08be47baacc00e569706ad40233c65b82b0a2703268c0a6c90515,31a85cf10323dcb0ff906b98f8f0dab39e853ab81d2695b1979df50869258a07,1,7b914f9b2d0f8948983b2de1ea708ad37e186b11ff9afe2ffdca2d2ef5c3b205,1.77635683940025e-15,8.2287464
510,MC1_K2_N1_L4_SP18_P4_R03,67a03ea3567b9b35087b6e86334a6a70a67f12641973985a51d75b4a76484d6d,31a85cf10323dcb0ff906b98f8f0dab39e853ab81d2695b1979df50869258a07,1,dc12a0acaf3773b41b65194a61bb8a484c751da96c053b80febb6cefaed486c7,0,11.1180957
511,MC1_K2_N1_L4_SP22_P4_R03,85c5e704741a718bccc54ff708c8ac6b9361a54d8a896baab83a6abebf96c340,31a85cf10323dcb0ff906b98f8f0dab39e853ab81d2695b1979df50869258a07,1,2fb60d807d62454c04eacf3e5277f96736fd10ccc629e1d53c58e1803ca23b88,0,10.9411573
512,MC1_K2_N1_L4_SM6_P4_R04,e067d22c85a77692ee0eccce2f6d4945693cbf36a5a0aef36026a08b4b4045b8,31a85cf10323dcb0ff906b98f8f0dab39e853ab81d2695b1979df50869258a07,1,01db06640501c7a4faf00e7e73c999204b7126cb0f0d4eb55ee51a968626b3a8,8.88178419700125e-16,5.7709122
513,MC1_K2_N1_L4_SP0_P4_R04,4ce6c76ac6af140fa5c47611d07f4717a9bc8b83e070c9d3c87f678b1358bcbb,31a85cf10323dcb0ff906b98f8f0dab39e853ab81d2695b1979df50869258a07,1,94aedfdc44a864c7d73755f56b77a858aa788650132928772eb6c26516664cb5,2.41081866638322e-15,5.9943244
514,MC1_K2_N1_L4_SP6_P4_R04,cf2819b17ed950704d1c6ef0a8c08ca6b6a26f1305218dda61297e681948245d,31a85cf10323dcb0ff906b98f8f0dab39e853ab81d2695b1979df50869258a07,1,c648365c2277cd9d2057cc65c8b009c0775ad542f949896eafcf4f8cce615b2e,1.77635683940025e-15,6.1443213
515,MC1_K2_N1_L4_SP10_P4_R04,384b68e73e19b41ff3bb62871116f6e66475c45c2fa6182f1591d8fcf4b5eb52,31a85cf10323dcb0ff906b98f8f0dab39e853ab81d2695b1979df50869258a07,1,32e9961b226c18de4ffd28b7621a5af712d12165eafda07e6ca708c73bab7460,1.77635683940025e-15,9.6591328
516,MC1_K2_N1_L4_SP14_P4_R04,b73d9ce2bc2b261b8ce18bd647f2536b17d6dced711d3f3a100e9c95a7bdf679,31a85cf10323dcb0ff906b98f8f0dab39e853ab81d2695b1979df50869258a07,1,f88781c5d6c3e637685f4074e888ab6a4a9f9196a61289d52efd287e66843bc2,0,10.0202282
517,MC1_K2_N1_L4_SP18_P4_R04,796753f8cf1933fea49a5a40eb0781d8ed0f726747e1a7a75f674e33a033c169,31a85cf10323dcb0ff906b98f8f0dab39e853ab81d2695b1979df50869258a07,1,6f0f44aea5ad5c6460d055f027686821794c7b904fd85d7e04a7de07da8ee208,0,10.8463692
518,MC1_K2_N1_L4_SP22_P4_R04,338afcb3bc9520a56227989aedffcee5a31f0233d590ec06aafbaea14e5a8674,31a85cf10323dcb0ff906b98f8f0dab39e853ab81d2695b1979df50869258a07,1,b62ec1f2d6a0d6e001e4ff18762157858234cc47c71055b893fa9dd1b7573ca8,0,10.5924895
519,MC1_K2_N1_L4_SM6_P4_R05,543f80465063d725e7db0e2de05cfc064979abbec62abd92d3d63f33239b812c,31a85cf10323dcb0ff906b98f8f0dab39e853ab81d2695b1979df50869258a07,1,333fd1ec4d2009940d468241b73244202eb53250b1a471ec7aedd6861c13f761,8.88178419700125e-16,3.3746072
520,MC1_K2_N1_L4_SP0_P4_R05,d8a3c728673c1e2fcb08683313d29429930786bf34736056f39c4452f7a3320a,31a85cf10323dcb0ff906b98f8f0dab39e853ab81d2695b1979df50869258a07,1,7fa3591cabf5da6c2c557f663908496579272ab6bbb7807bb7fdc7ab0935db5d,9.64327466553287e-16,5.3457599
521,MC1_K2_N1_L4_SP6_P4_R05,57b3d93c355eafcbe33df73a1d8fc25c5463cd0e1ceb377486e9dc57bdac9af8,31a85cf10323dcb0ff906b98f8f0dab39e853ab81d2695b1979df50869258a07,1,099e208ec2ad8a3ab9506719e896ec23ef8b5abd4a070c512970495c34fb44c6,8.88178419700125e-16,3.6290571
522,MC1_K2_N1_L4_SP10_P4_R05,74680b6e06986ba4e6e7fd862659aef9f1040ea9fa890f2b8283e7de820f8719,31a85cf10323dcb0ff906b98f8f0dab39e853ab81d2695b1979df50869258a07,1,b3857c08eeba83b6c768a06ab7f47c6b78c22a853fb745aa0cfc2051d8086d21,0,9.1824962
523,MC1_K2_N1_L4_SP14_P4_R05,63ccf4e461e636a33a468809e8137ba56b4e2e79420a6bf6ae1179439ac967ca,31a85cf10323dcb0ff906b98f8f0dab39e853ab81d2695b1979df50869258a07,1,1380584be3b089fd042e790be40768b8512015384a71466d1f0e22b96c10f9a6,0,9.5371911
524,MC1_K2_N1_L4_SP18_P4_R05,03c5e4c071af879c7504e9574196b3d3380d657e1f8bf2d83d1561bb86a8007f,31a85cf10323dcb0ff906b98f8f0dab39e853ab81d2695b1979df50869258a07,1,c4716bb516b0ecec042bbb82d9c948f7e049da120a91d0782a85c6dc7caccb34,0,8.7787282
525,MC1_K2_N1_L4_SP22_P4_R05,c95ca18118292f6ac146403655881e0f26a6a31da8101738ca62e73e5aa5484e,31a85cf10323dcb0ff906b98f8f0dab39e853ab81d2695b1979df50869258a07,1,b9e926792376a98ae07aa120e2e1a1456af170df685551cd7953bc1653386669,0,9.4048908
526,MC1_K2_N1_L4_SM6_P4_R06,3fc748fc2c690580fed123d266523d88283ec0100464650eac6995f1eab6ee01,31a85cf10323dcb0ff906b98f8f0dab39e853ab81d2695b1979df50869258a07,1,449eb477640f257a84df065c7ec84f4cb0444e713e006b9cd4df7aedd1c957a3,8.88178419700125e-16,2.7720501
527,MC1_K2_N1_L4_SP0_P4_R06,f02e972f8a1c6cbe379c86e0161b629176a8be33bf82a7d1636f59a325b1c372,31a85cf10323dcb0ff906b98f8f0dab39e853ab81d2695b1979df50869258a07,1,1d58a1a1b7377538325aadf7a299a3b214b5bb4dc053bbe758326e3a88c0012c,2.41081866638322e-15,3.0267609
528,MC1_K2_N1_L4_SP6_P4_R06,c90c4d6cd3c4085b4d46875ee8d25472e8000ac7855f7b6a3e31141e6fb414ba,31a85cf10323dcb0ff906b98f8f0dab39e853ab81d2695b1979df50869258a07,1,c337157a20fe89ffb3ada036ba240283d3413ac9d687f19fbcad28f4efde847c,8.88178419700125e-16,3.400456
529,MC1_K2_N1_L4_SP10_P4_R06,21970c89b8bec881d05cc03875ac6337f08a1afc87a34e71f6739635d042e925,31a85cf10323dcb0ff906b98f8f0dab39e853ab81d2695b1979df50869258a07,1,77a1289cd2903d7a874a49b36ce9ed0cb12d312d67b24e8876439cf4b7d9e349,1.77635683940025e-15,5.1655537
530,MC1_K2_N1_L4_SP14_P4_R06,1459311ec86a727f298d699373503166fe4a58fc56601b8bc5e46665ef78b913,31a85cf10323dcb0ff906b98f8f0dab39e853ab81d2695b1979df50869258a07,1,9af96a98833805cd69ff217abf470f4371bd33479c1b499da54948e5ed4c6183,3.5527136788005e-15,6.2309503
531,MC1_K2_N1_L4_SP18_P4_R06,06d42a63736e93416cbccc39df315d7ecabf75310100f31d18bd27d187ae5d96,31a85cf10323dcb0ff906b98f8f0dab39e853ab81d2695b1979df50869258a07,1,3b955cd4158e7b4db0089b9eda96bb12eef9e738c2d6a9269f20f6b1105ef85d,0,6.1337561
532,MC1_K2_N1_L4_SP22_P4_R06,350e24a27b1460a9a28ba96f05dfea3d9deaf48171e477c1ea8a691adfe99fc8,31a85cf10323dcb0ff906b98f8f0dab39e853ab81d2695b1979df50869258a07,1,9e9748b7e6b01e12f820639de0529b3ca2f722d7d4343255e7fa02f698c25399,0,6.1980654
533,MC1_K2_N1_L4_SM6_P4_R07,88e08a9476a25a6b6b183788692b0a6b4fb9cbbffa3c343b5f59c7ecae81e6c0,31a85cf10323dcb0ff906b98f8f0dab39e853ab81d2695b1979df50869258a07,1,1a2eb9737fba0f46d49f12e6b4fed0cd0ea7aec4b9573ec5f18654e95110af21,8.88178419700125e-16,3.8877956
534,MC1_K2_N1_L4_SP0_P4_R07,2061dfa6d686bf5addd42b78e33f27c76d1e3e1bc3cf56cbb2d482ee9e8c12f4,31a85cf10323dcb0ff906b98f8f0dab39e853ab81d2695b1979df50869258a07,1,764dd20d801350eca441b00035c28386f6be5c9f67891a5b3b76a5eb8d208c2d,1.44649119982993e-15,2.7175288
535,MC1_K2_N1_L4_SP6_P4_R07,efc2a1f7d428db6029ab9150ff0cf2ba14e9455f2bf12a5ff837627b09dfba8b,31a85cf10323dcb0ff906b98f8f0dab39e853ab81d2695b1979df50869258a07,1,4253d88dc5b5d0aebcff878d12c26bcfddc54999d029b2f9714a51bffad1a57e,3.5527136788005e-15,3.1375536
536,MC1_K2_N1_L4_SP10_P4_R07,89c5dbd1953111956c0f9dc32963c89158a683e00360797f673c02ff8735f07a,31a85cf10323dcb0ff906b98f8f0dab39e853ab81d2695b1979df50869258a07,1,cce8d52d4f270d4970e35e433d3ba55ecb7cf351b7b858b9c2f52d8cd1b25181,1.77635683940025e-15,3.8242795
537,MC1_K2_N1_L4_SP14_P4_R07,69b26b94920c7f065b512285eacf1ee8517e47f5972881e106ba20b14387c329,31a85cf10323dcb0ff906b98f8f0dab39e853ab81d2695b1979df50869258a07,1,7537bceaef76e5752910e2d56c277041e46832be73b45ea4148eebce276211a0,5.32907051820075e-15,5.6548606
538,MC1_K2_N1_L4_SP18_P4_R07,c17e964ce76f6d80a7b2eeed368050b9a005089722cf7d3e62da3e01121b34fd,31a85cf10323dcb0ff906b98f8f0dab39e853ab81d2695b1979df50869258a07,1,c9c7360469f987b3b10a3b835825cf04db0ac99e137db817e2e8192ce8251516,0,6.2274402
539,MC1_K2_N1_L4_SP22_P4_R07,5ccfd5df3d8f976eb5db912941530a86e74d062b1f43cc7dc4e00072b2672cbb,31a85cf10323dcb0ff906b98f8f0dab39e853ab81d2695b1979df50869258a07,1,b75a75d072eabb10a5c24f97ac392f0cbadc2f14d6573c7b954c255355835ea3,0,6.3271278
540,MC1_K2_N1_L4_SM6_P4_R08,b5eb3cef006511d85ca1a624c4ac189e4a057fbd8e904b4f60f6915e6bf1b4e8,31a85cf10323dcb0ff906b98f8f0dab39e853ab81d2695b1979df50869258a07,1,a26e48c0c6a9b01058f42a954ec8d6bb162b82361b67c603221352fc48d2a8ea,8.88178419700125e-16,4.0510415
541,MC1_K2_N1_L4_SP0_P4_R08,ee2972850f33bce6067dc04f09b105b3f00468539b17d27d36136b839f0e30a8,31a85cf10323dcb0ff906b98f8f0dab39e853ab81d2695b1979df50869258a07,1,23fe1eaa1fbcc8b41014846c3883b6da199fa77dc162129241c005cbd8e4a795,9.64327466553287e-16,3.4792238
542,MC1_K2_N1_L4_SP6_P4_R08,ea8be5191b92cad533ab84493e8cc5c959d8dadfd08a0c5c2a1832dce93568bc,31a85cf10323dcb0ff906b98f8f0dab39e853ab81d2695b1979df50869258a07,1,54353e95b7b56cfc35893b1e4a077820e2210ef64ac3144b886f826573ea5b10,3.5527136788005e-15,4.4667371
543,MC1_K2_N1_L4_SP10_P4_R08,3772886227f0ce8ac20771492eb4ffd0d5919310f85b615d73ac9d05ab190b80,31a85cf10323dcb0ff906b98f8f0dab39e853ab81d2695b1979df50869258a07,1,c85e01a9b14eb26b1e206a4d0138473a7cc7c37a72e15d6f10cbfeb10ed67299,1.77635683940025e-15,5.703471
544,MC1_K2_N1_L4_SP14_P4_R08,ebde3ff5c46f85cec13ec5f006902dc931d4ff69f5a026029cc03825e21c7cb0,31a85cf10323dcb0ff906b98f8f0dab39e853ab81d2695b1979df50869258a07,1,8322ec12868cec7b8b712058ba9e3a33289fb66130cfc7340b42164d37e42848,0,6.3493624
545,MC1_K2_N1_L4_SP18_P4_R08,53d3e27e188bc78c3e8ff8d4d525681f98c8005aebe53e3fe352a02279485752,31a85cf10323dcb0ff906b98f8f0dab39e853ab81d2695b1979df50869258a07,1,eda34fd5d9dd9ba21c962b140fe6eb9a66a56b84d852f38542dac3592ed68820,0,6.3603421
546,MC1_K2_N1_L4_SP22_P4_R08,432c281aadf266337d4d8d9844650ee009fb121823ded47b47ce386111f234be,31a85cf10323dcb0ff906b98f8f0dab39e853ab81d2695b1979df50869258a07,1,8a880f07eabb7f97a7975f36c746169f2db401915fbb00477ac0ca31f97d9f0f,0,6.4398419
547,MC1_K2_N1_L4_SM6_P4_R09,5e9018168069ad3671785cf5fcce0b265539e499c70c18fbe9283611716ee19c,31a85cf10323dcb0ff906b98f8f0dab39e853ab81d2695b1979df50869258a07,1,84d91f0a8e61b0ce0140866cd09d20a592533b607472e37943bc605e6db4e082,5.32907051820075e-15,5.6492031
548,MC1_K2_N1_L4_SP0_P4_R09,67ef682b5ac0f025401d09c2f474f1d940ed3053ccb3e1d9b10420dede1cc4d3,31a85cf10323dcb0ff906b98f8f0dab39e853ab81d2695b1979df50869258a07,1,81230b965b39e132358975b05b75e8ec3f938e414564065e493dec4bbbcaf4a0,1.92865493310657e-15,4.744332
549,MC1_K2_N1_L4_SP6_P4_R09,29dd49a0aa988f2e862e0aa52f68d208c8edd520dd3e9169ecfcc2da5869ae66,31a85cf10323dcb0ff906b98f8f0dab39e853ab81d2695b1979df50869258a07,1,c1c0dd410a6db3841f2782c0df1a5d1d203c877575a5d597293a7f7042dad8e9,1.77635683940025e-15,5.3967036
550,MC1_K2_N1_L4_SP10_P4_R09,4a576a8b913620a603dfd98c0dbb0da912235acb02a12a4cb8c15ced3fe02ecb,31a85cf10323dcb0ff906b98f8f0dab39e853ab81d2695b1979df50869258a07,1,54ccc408a63bd1048bffb717314b25dbaf78e1da3d1df7fac459eeaff87c2760,1.77635683940025e-15,5.4974709
551,MC1_K2_N1_L4_SP14_P4_R09,b0b03c79743fc022329022d0f30ac16ce8129dad593d21d1528ec8a306f6e93c,31a85cf10323dcb0ff906b98f8f0dab39e853ab81d2695b1979df50869258a07,1,7acd248308640b44aab02be19cce6cffa45afadaa1ba4fc049216415447ef282,0,5.4503782
552,MC1_K2_N1_L4_SP18_P4_R09,074b26c84d62849487cb68c66830b63d11c474931872b3b2308d6d069a28997a,31a85cf10323dcb0ff906b98f8f0dab39e853ab81d2695b1979df50869258a07,1,8dea6102c15fcda924607ab9bc6a692f7a7f5d3d99beda97d4c8559cb8c61e7e,0,5.6375966
553,MC1_K2_N1_L4_SP22_P4_R09,32781436c5d7595316ffb1328f5afb754854df050bb010aca93a48d37271e1b8,31a85cf10323dcb0ff906b98f8f0dab39e853ab81d2695b1979df50869258a07,1,3f4c925468a563ab3e5dd7129f70bd9099d56bc0bdc6b282871fa0daaf188dfa,0,5.4083405
554,MC1_K2_N1_L4_SM6_P4_R10,c2bfc07c86a12c9697fe448dd483f874da4120e422f41bea3167d90b0d48fe5a,31a85cf10323dcb0ff906b98f8f0dab39e853ab81d2695b1979df50869258a07,1,2f3b7d30ddf256a09d4b75a613a64b8796f6d7eeeb72e93119278bbb537b654f,1.77635683940025e-15,5.4201043
555,MC1_K2_N1_L4_SP0_P4_R10,174dd3a5064c51958ec9caf8c0d5c1f414c719c7fc6de36036ed6fa3d4853e8d,31a85cf10323dcb0ff906b98f8f0dab39e853ab81d2695b1979df50869258a07,1,9a6ccc3348d43f3a1afbbfded4f738f21626d416a88ebcf90751291c23ebfa82,4.82163733276644e-16,6.1462609
556,MC1_K2_N1_L4_SP6_P4_R10,2ada2e17ed0947c30122dbfcc6eef0e1aa0cf6ed60802c87d4f159b40075419c,31a85cf10323dcb0ff906b98f8f0dab39e853ab81d2695b1979df50869258a07,1,5926645563215f829c27b57d5a5bbd3e10181b2d7fb7dd5d45e795090d304e28,8.88178419700125e-16,5.4048008
557,MC1_K2_N1_L4_SP10_P4_R10,d6f6cae3c0512ef189480c1908d2ab6a9514b119442e7eef4dc1c185f2c4f4cc,31a85cf10323dcb0ff906b98f8f0dab39e853ab81d2695b1979df50869258a07,1,7c6bab7010382e921bef9b579018a5da2c67d12ce5bec71abffee4f67a4a23e5,1.77635683940025e-15,6.0816936
558,MC1_K2_N1_L4_SP14_P4_R10,3ebea37fe43a7e0341f6a9a2b057761a960e630b0b674319eedee9ed00608d63,31a85cf10323dcb0ff906b98f8f0dab39e853ab81d2695b1979df50869258a07,1,b18790f091f898226c4b397997a1c48ad361feb14468e65ac05e5346b3c5425a,0,6.012688
559,MC1_K2_N1_L4_SP18_P4_R10,d34cc2a89e97c9f780acc6b15348f84eea988ac33cb4d6c57689f16a43546bef,31a85cf10323dcb0ff906b98f8f0dab39e853ab81d2695b1979df50869258a07,1,1d71ea38a47b1ee0284c3c494fbd6cfbc21792d53c991d3e95dba6ef52b30ed8,0,6.536806
560,MC1_K2_N1_L4_SP22_P4_R10,be31ad4c09db298e27853d62b635cbd3d384f7ddf3f98a4bc2558f1b340c8f35,31a85cf10323dcb0ff906b98f8f0dab39e853ab81d2695b1979df50869258a07,1,cf5385abeb105aa4422a051364900d77fd883e4afeca6d4a826dbad5ccd8013b,0,6.4104767
561,MC1_K2_N1_L8_SM6_P1_R01,d0b494972cbb9e92d8fac99ed33c732346c78b77a7c466b484f1eb98247f1375,31a85cf10323dcb0ff906b98f8f0dab39e853ab81d2695b1979df50869258a07,1,d142c339750c72b0a4327358b6f4ba50f9d493abd5fdb0c78f576688ede11fcc,0,5.6593032
562,MC1_K2_N1_L8_SP0_P1_R01,e98b9635f58ac8a9e9613cbbf756481620d11a7d2ac3c4f9ffb85875b356a6c0,31a85cf10323dcb0ff906b98f8f0dab39e853ab81d2695b1979df50869258a07,1,72fb4cefa81375274b6b1ea2ba48effc4214a00c87ad72ea52c3b684bda55ab1,9.64327466553287e-16,5.7940315
563,MC1_K2_N1_L8_SP6_P1_R01,05bd7f2039b9bd904cc0619116a0352daa21aef232886542b3a6c18e67b0d0b2,31a85cf10323dcb0ff906b98f8f0dab39e853ab81d2695b1979df50869258a07,1,b25e6c19fdb2f86d9122acba1d708f25dff58e0ab81cc0b9706eee07a68e41ca,1.77635683940025e-15,6.6886459
564,MC1_K2_N1_L8_SP10_P1_R01,ae1ca3c9d5f9160e043bc9a83a00dcda233466227469bbf56aa50af2031f5db8,31a85cf10323dcb0ff906b98f8f0dab39e853ab81d2695b1979df50869258a07,1,83222a04550207d57b7f460fe12ec69a334a0073c5c045574689c738702e54c9,3.5527136788005e-15,6.5770873
565,MC1_K2_N1_L8_SP14_P1_R01,4f90f9346304da6fdcd7aadb5ad2296981825000368455924982d72e5a145296,31a85cf10323dcb0ff906b98f8f0dab39e853ab81d2695b1979df50869258a07,1,eed99008495a5341491be83554d00eb32a55d8422e9a332f21c0d71071446ae4,3.5527136788005e-15,6.4333709
566,MC1_K2_N1_L8_SP18_P1_R01,727092a2d3f12416b8e1fed7a9b5f41121b8100c71d08be09638a835c7930cad,31a85cf10323dcb0ff906b98f8f0dab39e853ab81d2695b1979df50869258a07,1,ba8350b35c20f246000fdb04d1627207ae3003814f735f841d33f79c4e330e32,0,6.3827133
567,MC1_K2_N1_L8_SP22_P1_R01,7d4e02af089a639ea44911ed0a7f997863db355779f1ee4473286cec930c04f8,31a85cf10323dcb0ff906b98f8f0dab39e853ab81d2695b1979df50869258a07,1,c70736c3c8e79fc4f5e55b0d95da1847a5cd0f685d650cc58b0a12b4636519e0,0,6.562077
568,MC1_K2_N1_L8_SM6_P1_R02,28f106cd0367605d7cb735808aef614baf0552ea7bfd27a0b0ac1db2135dd03c,31a85cf10323dcb0ff906b98f8f0dab39e853ab81d2695b1979df50869258a07,1,f225f73dfffdba70c8197e5e7a1daba755b47ad1f2336881ce21c11ccd2b41f1,0,4.0827889
569,MC1_K2_N1_L8_SP0_P1_R02,1a88b922058b2bb108fcf628c73c013b42edbed6ca69013490681b034db2923c,31a85cf10323dcb0ff906b98f8f0dab39e853ab81d2695b1979df50869258a07,1,fea2134516f76ac936583089d0a69d4c753ca3ec6a85f7697709ec3517121c00,9.64327466553287e-16,5.7916909
570,MC1_K2_N1_L8_SP6_P1_R02,e4d19fd61eb6684bd50d7b3e7f3c644fac20b7603322161829e5e8d7204a0480,31a85cf10323dcb0ff906b98f8f0dab39e853ab81d2695b1979df50869258a07,1,57d0b5c67bd50ecf1927f60b214d52d18294d8e152908ff7e4c54ec4bcbf1ff0,1.77635683940025e-15,5.7240332
571,MC1_K2_N1_L8_SP10_P1_R02,c8142491619c4ee088ca8500bc257e26bab5dc7f9a77ae5f53377dd97bf86b90,31a85cf10323dcb0ff906b98f8f0dab39e853ab81d2695b1979df50869258a07,1,eb01921419df3c9c55e0acae5d985f965a3cba45e79695a45dee513887e1e281,3.5527136788005e-15,6.267069
572,MC1_K2_N1_L8_SP14_P1_R02,45a7feb5cecec5ea7b02722d904390323abb2468c7fb9e63f9b577d628a4a940,31a85cf10323dcb0ff906b98f8f0dab39e853ab81d2695b1979df50869258a07,1,fc512322a8c69c61054f65f47a0a90ec9707396798bde1cf8118aa4d3fd8be99,3.5527136788005e-15,6.306879
573,MC1_K2_N1_L8_SP18_P1_R02,f961010c07a97a66c36b9af7892d4ccad57637947aa8db03397dedeb37555afc,31a85cf10323dcb0ff906b98f8f0dab39e853ab81d2695b1979df50869258a07,1,14336af8bb1e667eb2b5e92d21f87b9dfd9b3194c5f785641bc7528d7283febe,0,6.3061102
574,MC1_K2_N1_L8_SP22_P1_R02,cbe1a1b94cc7dcb36c9194026147416cb5dae4a3ba18c4e6cd0101627c6455e2,31a85cf10323dcb0ff906b98f8f0dab39e853ab81d2695b1979df50869258a07,1,449c16a5d22c0cee78ee759315dc093551ec978c507793c5295d61cc71f47968,0,6.4779151
575,MC1_K2_N1_L8_SM6_P1_R03,dd87607bd57c10f32d722afcb8003913c64468bcb96e717a9fdb10d0c7789df2,31a85cf10323dcb0ff906b98f8f0dab39e853ab81d2695b1979df50869258a07,1,5d51bb9e70879584a9f6f920980b5ef48dd9ceb6e3e23421a113e9508da43da1,0,5.1850344
576,MC1_K2_N1_L8_SP0_P1_R03,5d5523df61948d81571dbe014a6fd7aa1909af02d7eb6dfa8192b3251b014a60,31a85cf10323dcb0ff906b98f8f0dab39e853ab81d2695b1979df50869258a07,1,6ae1ca4037bcaefde3bb8616fd0d922c49c8c8c132a9ebf6074462b7afc7a871,9.64327466553287e-16,5.9263632
577,MC1_K2_N1_L8_SP6_P1_R03,04171febd859b0a410560fa92a22bd5a234a423e2f14777b7985ca26e155a63c,31a85cf10323dcb0ff906b98f8f0dab39e853ab81d2695b1979df50869258a07,1,56bc2f9b90f2d6eec4a41af83d3287a0da6535690532adcac1755629b490064c,1.77635683940025e-15,5.8161485
578,MC1_K2_N1_L8_SP10_P1_R03,93159cf67bf7d5ad785850b72963b2f5289e66e9a6897d854e674215c4deb6f8,31a85cf10323dcb0ff906b98f8f0dab39e853ab81d2695b1979df50869258a07,1,a1da86560791afd01e3ca71eae2133260efec4a78d4cc71bb6fcb7f17f3a0755,3.5527136788005e-15,6.1404733
579,MC1_K2_N1_L8_SP14_P1_R03,9880486b6e33f3486b12b2d6fcf248aaf511941ee2095b0c6835946b614a44af,31a85cf10323dcb0ff906b98f8f0dab39e853ab81d2695b1979df50869258a07,1,936aaf56c5c2da630c7052d7f78af56ed485f07297955a7b4a713622b57cebb4,3.5527136788005e-15,6.355352
580,MC1_K2_N1_L8_SP18_P1_R03,e8ae37058cc792c670fd5637ac1c525d280e1cdb4252e65f3279252de2eb0ec7,31a85cf10323dcb0ff906b98f8f0dab39e853ab81d2695b1979df50869258a07,1,9904319fab9ad3cb5c73f999af3f8677628df7bf1b4724db741ebd4424de2706,0,6.3451392
581,MC1_K2_N1_L8_SP22_P1_R03,c3aa3cb91b2e0c971063c1a0f2352765867c7b8d445cd424f17671e60704f90b,31a85cf10323dcb0ff906b98f8f0dab39e853ab81d2695b1979df50869258a07,1,88e6a436d561743aebac7409b0a0d82dd17508982f4f2f60dd502597696709c3,0,6.3940093
582,MC1_K2_N1_L8_SM6_P1_R04,fddbfd3a9fffb9c8ae61a53e37129b9ceef827aeb41c9be059fc2dda83128711,31a85cf10323dcb0ff906b98f8f0dab39e853ab81d2695b1979df50869258a07,1,7310fb05fc5e91112d1f2b8aa55d76ea52406c899fd3d4aca2a2e07a27a3ca75,0,2.4199331
583,MC1_K2_N1_L8_SP0_P1_R04,75d8f03d27465ec87cf7031737802fdc400ae0ca41ee12abd9316d368ec862da,31a85cf10323dcb0ff906b98f8f0dab39e853ab81d2695b1979df50869258a07,1,8029289410b5ada51cb2a944ccd7191909b05786d660b98e037f873a6a4f4a24,9.64327466553287e-16,4.1821841
584,MC1_K2_N1_L8_SP6_P1_R04,8519bfb6a6953af9006352364b2e580e66834159fdabddcadb6a7c1b070f7fc9,31a85cf10323dcb0ff906b98f8f0dab39e853ab81d2695b1979df50869258a07,1,2e340b77dd95aa1b05f3f6718ce8eb7470fdb92394ceee1d47cde9fe38980df4,1.77635683940025e-15,6.5883044
585,MC1_K2_N1_L8_SP10_P1_R04,f9e3438c941059ed143ec70169eb031f53144e5af71b0b2a45421a303dba623a,31a85cf10323dcb0ff906b98f8f0dab39e853ab81d2695b1979df50869258a07,1,1d7843a982c57636a651c558446b9a7cd875151692a0b3d55ced8eb967819707,3.5527136788005e-15,6.3746738
586,MC1_K2_N1_L8_SP14_P1_R04,2598d7b68904526de4933e9a722e604ebb002e354fd76008b1464ea101045331,31a85cf10323dcb0ff906b98f8f0dab39e853ab81d2695b1979df50869258a07,1,b9784aee137032ee1de56687a21e5764d1a3b49de1afe924f2986ba2ddb12b0a,3.5527136788005e-15,6.3378297
587,MC1_K2_N1_L8_SP18_P1_R04,2a5ac0fa05ba351f4ac2b7e952af682f31804b6912860e7b2d55ee8522a7f338,31a85cf10323dcb0ff906b98f8f0dab39e853ab81d2695b1979df50869258a07,1,6aaa49d47078a036be670cbbf2d676b301af8ab581bd45baf9910e1501761313,0,6.3237506
588,MC1_K2_N1_L8_SP22_P1_R04,b80509e295f3a239fe83b8574df7112b762eca91b240487b09158e0d69679d35,31a85cf10323dcb0ff906b98f8f0dab39e853ab81d2695b1979df50869258a07,1,3cd0e024bfea89e90841ee444382a08ffab45fb34554f712e3a67ab98ce61152,0,6.4162095
589,MC1_K2_N1_L8_SM6_P1_R05,fa6aa4241ddde20b551be7471d408ddadfdb709c8b4d3d9118acf7e86fe8543f,31a85cf10323dcb0ff906b98f8f0dab39e853ab81d2695b1979df50869258a07,1,f05c3d6268a4557fe6f11f0a4584e9103ed69693099be9847861d29d581a0645,0,4.1045816
590,MC1_K2_N1_L8_SP0_P1_R05,3dd9fa291c451ce33d2092a97cb7f06814cdbcb8f8deabbeef50e4609e58c44b,31a85cf10323dcb0ff906b98f8f0dab39e853ab81d2695b1979df50869258a07,1,7f283ef3ea3adfeb434a9fb0ccf887769cf77bf93d9b79e6d5414f592427d67a,9.64327466553287e-16,4.9403544
591,MC1_K2_N1_L8_SP6_P1_R05,e08d7bcbbb0c543baa6bfe6caeb8f298175010f6ce5866ff61d0e57fd1010ad8,31a85cf10323dcb0ff906b98f8f0dab39e853ab81d2695b1979df50869258a07,1,a8bfd8b4e855808bf833ef77bc6a48b95af62b77766b93c01a76fee1589ea23d,1.77635683940025e-15,5.9192133
592,MC1_K2_N1_L8_SP10_P1_R05,5f2547d228216ec36f80db8703a55933295613b084441d200e8509e9929dae42,31a85cf10323dcb0ff906b98f8f0dab39e853ab81d2695b1979df50869258a07,1,bc4a35fee8c228ad68a2bd527ab9da02b95a54307ccb7f80ea6688013916caa1,3.5527136788005e-15,6.3471895
593,MC1_K2_N1_L8_SP14_P1_R05,a4d50b18d79f212d90af02b5d0626e881221f832f454655495cb25a51811f5cf,31a85cf10323dcb0ff906b98f8f0dab39e853ab81d2695b1979df50869258a07,1,10c081273255b0c5bed3d762ed381e2e2cddce4d3280a403bab2a42cc097c2b2,3.5527136788005e-15,6.4111483
594,MC1_K2_N1_L8_SP18_P1_R05,77059ef9431bfc3af296f6d716a62b7c484abd92df09a57eeaaf097467c21dfa,31a85cf10323dcb0ff906b98f8f0dab39e853ab81d2695b1979df50869258a07,1,cfd5a089f90900920c6b887457e6a78019e970dc9672116ef0e152161c1757a0,0,6.4571626
595,MC1_K2_N1_L8_SP22_P1_R05,14da3f509aab12e23cd841acce7ae174dc08d01c244a234acfc425d8e569be71,31a85cf10323dcb0ff906b98f8f0dab39e853ab81d2695b1979df50869258a07,1,1a6a7ba7b26e224ff2fbc35e810e98a18b9f2177a679cf4d0036477385048362,0,6.3229905
596,MC1_K2_N1_L8_SM6_P1_R06,1101b0372e1188bc7afee3550a6da274700e6099b824bdbad58660c57f687613,31a85cf10323dcb0ff906b98f8f0dab39e853ab81d2695b1979df50869258a07,1,988b72306870b2195cf0132d9d3c23cc048be5e452639c23d2fe4143ed9e2845,0,4.6297315
597,MC1_K2_N1_L8_SP0_P1_R06,14b183255e6fa83babe5d090b2bae3717fff919ba1b342937bae1218f1161ed4,31a85cf10323dcb0ff906b98f8f0dab39e853ab81d2695b1979df50869258a07,1,7596f61e7aa2f28186dd47e8bbd065c6fd6d0e770fd971b8ecbb59028db4e714,9.64327466553287e-16,4.6323843
598,MC1_K2_N1_L8_SP6_P1_R06,7e2f8e05aac962f676089ac647713baa00434dbd72a00a63b6a82d5fcea2eb2f,31a85cf10323dcb0ff906b98f8f0dab39e853ab81d2695b1979df50869258a07,1,6a4014279aab516b1968dd6559b5ab5d4e20b388f0591cfea355462d00efb89a,1.77635683940025e-15,4.4257009
599,MC1_K2_N1_L8_SP10_P1_R06,3f479d3ccf4cf88ab1383ec73a6405ec9d865192cb709121cda7a88b29bf2fbf,31a85cf10323dcb0ff906b98f8f0dab39e853ab81d2695b1979df50869258a07,1,6ce51da1cc6e8f232144da5fa526c7b1b146c32e83b6a246924e8aab32a412c6,3.5527136788005e-15,4.7936387
600,MC1_K2_N1_L8_SP14_P1_R06,b25dc1c661a5a9fd74ef1743e8a00733851c85826bcb1d9133c0fcf1f4191422,31a85cf10323dcb0ff906b98f8f0dab39e853ab81d2695b1979df50869258a07,1,00566ca1ac1e05ecb40d7c548cbe036eae88d7b90682776663503dbd0117cac9,3.5527136788005e-15,6.2686066
601,MC1_K2_N1_L8_SP18_P1_R06,60e58323ad7b3ef2d3fa3fcac57caad5403a084c8ad6480b1deeca38953cbe08,31a85cf10323dcb0ff906b98f8f0dab39e853ab81d2695b1979df50869258a07,1,433188931dfe2eea489a66bc3979ea5de2b0586cb2aa0a39f043d5e4a7cc91e5,0,6.6039327
602,MC1_K2_N1_L8_SP22_P1_R06,e138bdf0d3abb5e642c975e99b999b57d6625202aa039241150fe6fd9092737b,31a85cf10323dcb0ff906b98f8f0dab39e853ab81d2695b1979df50869258a07,1,2dbdb0053d5a91d6384022ab2147ddce0bdae1cce9bf809dcb21e55e497bf665,0,6.4122795
603,MC1_K2_N1_L8_SM6_P1_R07,173a888b52b20f7fe2ae01358c89ba83a66385ad26feaf7e506fb2e15487d127,31a85cf10323dcb0ff906b98f8f0dab39e853ab81d2695b1979df50869258a07,1,92ca32602347541d6926c160ce55637239a273feba85715075f365532594c11a,0,2.6172664
604,MC1_K2_N1_L8_SP0_P1_R07,5efc96565c04dccfd3176303d5325425995fbfcc33bcb696cde0c2d5770daa68,31a85cf10323dcb0ff906b98f8f0dab39e853ab81d2695b1979df50869258a07,1,aac9b8725409a04919366459caef892d730edbba14a02013878e01d316226bfb,9.64327466553287e-16,2.9234915
605,MC1_K2_N1_L8_SP6_P1_R07,294d14aac90bd3d8b14618313a68be5a3a37b2ded2046ee04c81c74046bf4e2d,31a85cf10323dcb0ff906b98f8f0dab39e853ab81d2695b1979df50869258a07,1,18d9c70c261c35847d468db8b54fa2e5367a9d746e10cb7776619d8c1966f61a,1.77635683940025e-15,3.7603306
606,MC1_K2_N1_L8_SP10_P1_R07,b7af2d6b409eb512c738da9c128de44026eef2523c1e4b026e509088400c0ed3,31a85cf10323dcb0ff906b98f8f0dab39e853ab81d2695b1979df50869258a07,1,7edb1644c0fd1d19355c8ae0a9da7a664b8bfe482287eaca4eb53c34ab9a23f7,3.5527136788005e-15,5.8958019
607,MC1_K2_N1_L8_SP14_P1_R07,20dd49ee7a7b429056f5ce2d1fdee30e5c5e2f43f75a0aae94980978c5a21a5b,31a85cf10323dcb0ff906b98f8f0dab39e853ab81d2695b1979df50869258a07,1,64cce39544e838ca1742d5a5fabdef981a4064eb0cad808f65651b6ecab1743d,3.5527136788005e-15,5.9557494
608,MC1_K2_N1_L8_SP18_P1_R07,11aff563cc3ef594f42cdcebbb41c0fb07917b77ffcf857e8ce7268974a64c68,31a85cf10323dcb0ff906b98f8f0dab39e853ab81d2695b1979df50869258a07,1,a235b9c76878f870b2ac46b84a232846bbacacc81eddd3e2f46a268e91eda002,0,6.4214693
609,MC1_K2_N1_L8_SP22_P1_R07,c29cfe9546f70b14742ac82d8a480702d6a444ae0e42c7e4f5eeb10f320af0fa,31a85cf10323dcb0ff906b98f8f0dab39e853ab81d2695b1979df50869258a07,1,276cd8f8f8319bc4c97400cc163f4ab4b02b0543de92e8e476063707b9167ece,0,6.4466855
610,MC1_K2_N1_L8_SM6_P1_R08,ac38fe1969e209053a4d5f062fddc2f302842a6f966d4548e498680488352e28,31a85cf10323dcb0ff906b98f8f0dab39e853ab81d2695b1979df50869258a07,1,2ebdcb7f48f1e8d1e4b1fc49137e79207540354b0108de52dcc5f4842e198819,0,5.1931422
611,MC1_K2_N1_L8_SP0_P1_R08,bfb675b5204b6959b806238dacaab4fb6be54c6fa1da561cae5fe141dd54710b,31a85cf10323dcb0ff906b98f8f0dab39e853ab81d2695b1979df50869258a07,1,aaf1a1a63d81856c06bfcd2ce1301e03d3fc8dd0ea6db791c6d45459b73ca380,9.64327466553287e-16,5.1968511
612,MC1_K2_N1_L8_SP6_P1_R08,919d45d5b73bf2e3486c0b69b2dcbcdd4b23cd50912b635ab51dd97afd0ebc3b,31a85cf10323dcb0ff906b98f8f0dab39e853ab81d2695b1979df50869258a07,1,07d336ec1ce86750fb773bcb53e5509766a65f931013bee5171dc2b9a4281cbc,1.77635683940025e-15,4.1417374
613,MC1_K2_N1_L8_SP10_P1_R08,cd6f38b7537089cf073ba7a45f8b2e5a3ee4d98b5a9dcdd7fe20e3f95a977518,31a85cf10323dcb0ff906b98f8f0dab39e853ab81d2695b1979df50869258a07,1,873c60658d54804f252817ec7ba1ea712da95b70dbb53de336152459858d5734,3.5527136788005e-15,5.6677885
614,MC1_K2_N1_L8_SP14_P1_R08,20777c5d4cea4dea5209bd2512eb4d3d96994d71523d2287a6731d4b9fbf79b4,31a85cf10323dcb0ff906b98f8f0dab39e853ab81d2695b1979df50869258a07,1,8756fc084055fda247266d2148c49abcc7ac151080afe9dce7b4da91938b4afd,3.5527136788005e-15,6.4429593
615,MC1_K2_N1_L8_SP18_P1_R08,687f68d7d5b375e4ad6554c5c82e3c239ec0ecef5d9b4ed1b776d53ec686ca55,31a85cf10323dcb0ff906b98f8f0dab39e853ab81d2695b1979df50869258a07,1,46b5f2a4e28e8d6de2ac7735bc6dfeeb74b7934e91b01ee3941819f8ed35f36d,0,6.4397986
616,MC1_K2_N1_L8_SP22_P1_R08,061c41da76c74eccc50891d124a273424bf0c09202521720498de96ca0795843,31a85cf10323dcb0ff906b98f8f0dab39e853ab81d2695b1979df50869258a07,1,d27cec24d983e306b78002d5f3da85baa4c81be44c7964bb64592fd30e6d1771,0,6.3842397
617,MC1_K2_N1_L8_SM6_P1_R09,a4373849343a77106b276ee37caec7236f5a0b7f954054272428374953309f14,31a85cf10323dcb0ff906b98f8f0dab39e853ab81d2695b1979df50869258a07,1,973e24b0f1f8edc558a1c8270432a79bcd0dc403dcf95c5f87a643e066431144,0,2.9733122
618,MC1_K2_N1_L8_SP0_P1_R09,029885a6ac2c13366ebb7c98e3e052f85ed7720d23b695cb4864473399568650,31a85cf10323dcb0ff906b98f8f0dab39e853ab81d2695b1979df50869258a07,1,57e096964c982baaf5fd347ce591803390dae4496dcf95728d2d35b40a16a97a,9.64327466553287e-16,6.6273324
619,MC1_K2_N1_L8_SP6_P1_R09,b7427de805ce49520236de261658515505cb408e9260ae5ebc7a924702013d57,31a85cf10323dcb0ff906b98f8f0dab39e853ab81d2695b1979df50869258a07,1,365ab9a366147d4a1a37b973cf0794f7d39c5d513d21af2b5962bbaaccd824a8,1.77635683940025e-15,5.4906917
620,MC1_K2_N1_L8_SP10_P1_R09,b6905d21038aaf0dc6d3ab751524528349dd5e2edaaa3bce2b1811387aed7234,31a85cf10323dcb0ff906b98f8f0dab39e853ab81d2695b1979df50869258a07,1,4b42bfbbbdc0b46da8f9f44a6a9fef96c42c8f3bdd5270721e7ba7f8577d2053,3.5527136788005e-15,6.646343
621,MC1_K2_N1_L8_SP14_P1_R09,e6a3835efa02fc97db79ec2f8aefb9911308e28574bb6ba4746ec30ba07f2591,31a85cf10323dcb0ff906b98f8f0dab39e853ab81d2695b1979df50869258a07,1,71241b7007806e6b2ed25a7ad9a0a0fcb2e88410bac67ae7b1b65b857366c0b7,3.5527136788005e-15,6.5682548
622,MC1_K2_N1_L8_SP18_P1_R09,c014454fe3be6f2eba235b46aa8aaa77acbc01276aec8d53764cbaa778d0b7f6,31a85cf10323dcb0ff906b98f8f0dab39e853ab81d2695b1979df50869258a07,1,c27a6affbb79b10694aeb779433b187a103e35d040cfb3960b5d460b442186c8,0,6.3807706
623,MC1_K2_N1_L8_SP22_P1_R09,277833cfcc5f8304c1728ca610f0655208546ba511c3f5953db73288d5126aba,31a85cf10323dcb0ff906b98f8f0dab39e853ab81d2695b1979df50869258a07,1,79eb407cc182cd79e3c6f20b7ada0c8f0a98bd8d56605d8e5627c2f6e1b4c69a,0,6.9997584
624,MC1_K2_N1_L8_SM6_P1_R10,79730eec90bc80caba4a002791f93000af99970a942baae711dc4b12b6a43b2b,31a85cf10323dcb0ff906b98f8f0dab39e853ab81d2695b1979df50869258a07,1,cc7b294df72d822db1d79f4830421d73c8721420a24fbacda3de00332dae039a,0,6.0509407
625,MC1_K2_N1_L8_SP0_P1_R10,f60ede1f9e3a7dabb5419462303ca2d8c397c0a5bc0aa39079274972be644e2a,31a85cf10323dcb0ff906b98f8f0dab39e853ab81d2695b1979df50869258a07,1,7ceeb58eabf1bced5f91890cfa7919400c6e66db570c126e3ab7d813bb35d3d5,9.64327466553287e-16,7.420459
626,MC1_K2_N1_L8_SP6_P1_R10,f999644cdcf4eef42fb0a9878112847c655f0492392444487e62b6bc56637d1f,31a85cf10323dcb0ff906b98f8f0dab39e853ab81d2695b1979df50869258a07,1,d2d3d25268279dca05b929f4a9e7151140e49961365a6c769408f1125b62bd59,1.77635683940025e-15,9.673977
627,MC1_K2_N1_L8_SP10_P1_R10,a04b9209129dd484574c3a6d0be611db95b3d8e4a57cc7c708924696c2f5ffca,31a85cf10323dcb0ff906b98f8f0dab39e853ab81d2695b1979df50869258a07,1,83e31a4cbfdd18d2dccea9898318cb69c61d48fa135653f139bd6a699829d2cb,3.5527136788005e-15,10.997686
628,MC1_K2_N1_L8_SP14_P1_R10,cff7abb6bbf574217f66784f2dc6dc059cc55b5af1b89d2c9a429885345dcfcc,31a85cf10323dcb0ff906b98f8f0dab39e853ab81d2695b1979df50869258a07,1,e693dbc6fb31d90abf4f4518a5061f2f905cf30ea62319193cef6cb4f420c773,3.5527136788005e-15,9.7041701
629,MC1_K2_N1_L8_SP18_P1_R10,ecc908486fb3754958ca8d78f00a35a8fa710b9cde1dc00506c1f32c0c82ad0c,31a85cf10323dcb0ff906b98f8f0dab39e853ab81d2695b1979df50869258a07,1,e10e838c976cc8eb247d33dc6e7ecfac4111cc61f327daa502963d2f85979c38,0,10.1062102
630,MC1_K2_N1_L8_SP22_P1_R10,f20780c9a44ea83fa174f9cdc515a1b9ab4d37d33d8f615c1d58602d3ee1685b,31a85cf10323dcb0ff906b98f8f0dab39e853ab81d2695b1979df50869258a07,1,b401f4e94028ac0af286af61a2e2660064d6e920f0544abcce2084e4eb4342e5,0,11.9683559
631,MC1_K2_N1_L8_SM6_P2_R01,01694e4b408f496aa344d921eec1c327132bfa3b3e9a30ed5da3a129df430b36,31a85cf10323dcb0ff906b98f8f0dab39e853ab81d2695b1979df50869258a07,1,fd366603ed7c7a49ac58fee11549ec1fe49278b3c6dad7b1c1601b0d4d36b2bb,2.66453525910038e-15,4.6183449
632,MC1_K2_N1_L8_SP0_P2_R01,444a6641a126d836117fe1c6a77db85c8822de34237ff8a293e465f514b8dfb2,31a85cf10323dcb0ff906b98f8f0dab39e853ab81d2695b1979df50869258a07,1,5839c42322b20dbac6bdbcb5a6b8eaac0ac1a28bb5266aee2ceb40407c6424d3,1.92865493310657e-15,4.3901607
633,MC1_K2_N1_L8_SP6_P2_R01,aa84bb1fbc7e261d9216e885ef443272ba5d0e0e096890a3f387590799e4b8c0,31a85cf10323dcb0ff906b98f8f0dab39e853ab81d2695b1979df50869258a07,1,d225fe1f9e34ecd3128a39d0de1b4459eab3a9e71cee3a0bbe84968a1730baf9,0,5.8907375
634,MC1_K2_N1_L8_SP10_P2_R01,8c7e1f9f32e005532c84fc734b67194a8d45c2d4e1456be33ed51e936e53f4e1,31a85cf10323dcb0ff906b98f8f0dab39e853ab81d2695b1979df50869258a07,1,80502c318c479425e5dcec07032594dc1ea7888aec88e0e3be0b989e662901d7,1.77635683940025e-15,6.6566943
635,MC1_K2_N1_L8_SP14_P2_R01,2e41a6146fd91df29dfa3ed9dd53a9773360907ff170cbca078611ad9d9ea5f2,31a85cf10323dcb0ff906b98f8f0dab39e853ab81d2695b1979df50869258a07,1,39a4ab408147671ec307210cd90f2756def968224982a0a5d95fc7db7fd6293e,1.77635683940025e-15,6.6510149
636,MC1_K2_N1_L8_SP18_P2_R01,5eb22567e96b826d21a549f1ec84049851cf51555be67968b6398d5324fb97e3,31a85cf10323dcb0ff906b98f8f0dab39e853ab81d2695b1979df50869258a07,1,3e6ac9d92213efcde1c43755bc78dd78b85cdaf98a3fc46c11d0d96e9d96bb44,0,5.4266304
637,MC1_K2_N1_L8_SP22_P2_R01,656c7615b6974b7079331cc6e07acc0e485fd39fc3d7ff5b272f381e0490bc71,31a85cf10323dcb0ff906b98f8f0dab39e853ab81d2695b1979df50869258a07,1,f0d2a39cd0da3dc989a6ffee470d5da15a9c933a6c7931ff919425008bd579ea,0,4.2491196
638,MC1_K2_N1_L8_SM6_P2_R02,4a2500f6e6b6256c025ae1dac556b3965bcc86a45e2ea982aab752a4ceda78b3,31a85cf10323dcb0ff906b98f8f0dab39e853ab81d2695b1979df50869258a07,1,7dcc7197aa7f16f7d3969c4c162fdf79f92b19e7de62ca457fc2c9197739bb93,2.66453525910038e-15,6.3242708
639,MC1_K2_N1_L8_SP0_P2_R02,c0f77de57db9e035e1f630031011b7c1d3c1f5d21b132ea974e8d6c6af47989e,31a85cf10323dcb0ff906b98f8f0dab39e853ab81d2695b1979df50869258a07,1,988169cc6228aea26bebd6b5fcbead8ef81e5a05f4f0ff05503b75e43058c35a,1.92865493310657e-15,6.0300532
640,MC1_K2_N1_L8_SP6_P2_R02,9eaa29275846955c0508f4f80e6323d137110c8f4625c8df90bf8f056f209f3c,31a85cf10323dcb0ff906b98f8f0dab39e853ab81d2695b1979df50869258a07,1,b0def3c7d83492bbc9f6174262fe4e0174d9c8e5cf3d674fc608528d9b44fc38,0,6.8564932
641,MC1_K2_N1_L8_SP10_P2_R02,cd4d9d346bfacf179be4f192e84a22780536321bfc2745bc4100ccff51d7a87f,31a85cf10323dcb0ff906b98f8f0dab39e853ab81d2695b1979df50869258a07,1,be9d38bcae92966658b1b5feaf864d0d3cda0560c52c5b543080456abb31f0b4,1.77635683940025e-15,6.065253
642,MC1_K2_N1_L8_SP14_P2_R02,4ce3b593b31ac397cb94e1cf6089a610fa433b3aacf2a2677975dea6b1ae564d,31a85cf10323dcb0ff906b98f8f0dab39e853ab81d2695b1979df50869258a07,1,175fafbe1194fc680e5af394cad250ab4e5e980f62c052ab41920c4fb25e528d,1.77635683940025e-15,6.3581306
643,MC1_K2_N1_L8_SP18_P2_R02,83679e4ac3f33d7b36fedce4582b355cc99aa38c4a4c457ecbc5b7336aa16c14,31a85cf10323dcb0ff906b98f8f0dab39e853ab81d2695b1979df50869258a07,1,3269405b4bd28739e414f18926976afbaea6f0988ea009298a0bc2d9c02ee9cc,0,6.5107148
644,MC1_K2_N1_L8_SP22_P2_R02,a5b1427bdebfd09afb27f61ab0a7b8514260f97ee30b7043efc7b15afa523658,31a85cf10323dcb0ff906b98f8f0dab39e853ab81d2695b1979df50869258a07,1,cd2d39f2d6f6bcfe6156d542662783ac1ab579265d26b1d13efd674694d4cd63,0,4.7289411
645,MC1_K2_N1_L8_SM6_P2_R03,3eaa736e17caadf1df39a0c4abe255cf06e96a07fd6988fac8d5d53f26c4b730,31a85cf10323dcb0ff906b98f8f0dab39e853ab81d2695b1979df50869258a07,1,51e77c4f2bafb14ce83731801281458c62df761f7fe601b8a06a84aeec15ab31,2.66453525910038e-15,4.126891
646,MC1_K2_N1_L8_SP0_P2_R03,37653ae0cdd8684558b99356bba1fc770f838d3edce415b02c08f63ac1802957,31a85cf10323dcb0ff906b98f8f0dab39e853ab81d2695b1979df50869258a07,1,ccbd52e82c35af2a47e781d2797da98d26a2ac591a0932c7b74672cdbdd5303a,1.92865493310657e-15,4.3203976
647,MC1_K2_N1_L8_SP6_P2_R03,b51d141ffd4bb37aa00cb7606367cf4b23d99a8198831d79f2f9642829ac5955,31a85cf10323dcb0ff906b98f8f0dab39e853ab81d2695b1979df50869258a07,1,386bfba87ce2edd17803bee89b91a317b413e236a8d8358081ec8e47f564edb7,0,4.3324386
648,MC1_K2_N1_L8_SP10_P2_R03,59eeafae5a0dadfe7e2fe77d6501cee948f7c861f3f60afa5567c44e5486ca35,31a85cf10323dcb0ff906b98f8f0dab39e853ab81d2695b1979df50869258a07,1,7ec232d6b8e3f3e05a7b03af954d792dc6b2455ab8f7463a0c14f13fd87aae31,1.77635683940025e-15,4.2890704
649,MC1_K2_N1_L8_SP14_P2_R03,7ad4f505e96073e45117b32e718274b3f527cbd1044b6534925adc591f5ced46,31a85cf10323dcb0ff906b98f8f0dab39e853ab81d2695b1979df50869258a07,1,470b5864fbd2be694400d0e263cdef88ed6809e2a875567d97799c8634af5ef4,1.77635683940025e-15,3.5427175
650,MC1_K2_N1_L8_SP18_P2_R03,4144b8d683b5c1d3d0a31f065bdb181ef4bd599d26f0c68a9f35a4526a4dfff8,31a85cf10323dcb0ff906b98f8f0dab39e853ab81d2695b1979df50869258a07,1,330c615d8b0bb1be51d94546ab3889aa243003a548397c2f80cae40bb96e4bc8,0,3.6949797
651,MC1_K2_N1_L8_SP22_P2_R03,78efd9948000ea5f9a01bc4d109b14b52272039b61ba94d4b6b80edad0aaaf24,31a85cf10323dcb0ff906b98f8f0dab39e853ab81d2695b1979df50869258a07,1,2307a8ff1618f9b27316e0e75ab17c5abd9c38423d3e1e4b48499f740e8b586f,0,3.4632483
652,MC1_K2_N1_L8_SM6_P2_R04,b861e552ba69b162bc395b5326e3f214de5825b5c1faf7438728dc891e9d34d1,31a85cf10323dcb0ff906b98f8f0dab39e853ab81d2695b1979df50869258a07,1,eadf433d560876a662e91fd77935156b36cb8773997fdd2136392468b34e3f4c,2.66453525910038e-15,3.884356
653,MC1_K2_N1_L8_SP0_P2_R04,6e74f1ecf2b345b8edd6f2a06ccf5235a46b8b84a42a7e3c2fca1b1fc0c1f9df,31a85cf10323dcb0ff906b98f8f0dab39e853ab81d2695b1979df50869258a07,1,19dc5305a47b6e29a2507a1cf28f3f580005c5f1e4991fd0e77d747798d812c1,1.92865493310657e-15,5.5180797
654,MC1_K2_N1_L8_SP6_P2_R04,3aeb215da9254139f990128e4b53ba4237652fda70d2e19384a4831c212584f4,31a85cf10323dcb0ff906b98f8f0dab39e853ab81d2695b1979df50869258a07,1,d48364adb3c0416840b8a9624709a361e6a8f65309b516c3fd0e96a629f3e394,0,5.5183041
655,MC1_K2_N1_L8_SP10_P2_R04,a562a3261527877e56850a0b5f41f152065d1f72585e8ea4af4b11e7dc0967e5,31a85cf10323dcb0ff906b98f8f0dab39e853ab81d2695b1979df50869258a07,1,e88904255d022c08c4cd07082efb8d206eb441feef2d9c17771c248bddfd4e59,1.77635683940025e-15,5.5800802
656,MC1_K2_N1_L8_SP14_P2_R04,2186a4071a28bb4253e9b6b694288a963adb8338c9785ded88e2683ff85e379e,31a85cf10323dcb0ff906b98f8f0dab39e853ab81d2695b1979df50869258a07,1,4425ef9613b0d801c7d9e1b0fcd6fb7030f8e47cd246a21c64ad691c46f219bf,1.77635683940025e-15,6.5615696
657,MC1_K2_N1_L8_SP18_P2_R04,bdc47e0f6f0c0f2358abf7301bcf9bb980359b2acff6220afa2daaebc07bdff4,31a85cf10323dcb0ff906b98f8f0dab39e853ab81d2695b1979df50869258a07,1,be7c4c704a0de1f984d54bd6e3cc629d6b57aa35ee4c92e7c75c7e54bb5d4485,0,6.3412992
658,MC1_K2_N1_L8_SP22_P2_R04,08873ae6069f49b248f841f1c2916fa1777cd88b5a29763c3bc5adedccc84fa5,31a85cf10323dcb0ff906b98f8f0dab39e853ab81d2695b1979df50869258a07,1,c8b7f3ea5121969dede42f8144c8617db811f9fde31619c2761c26fcb07e344e,0,4.5088044
659,MC1_K2_N1_L8_SM6_P2_R05,8ce5b359ba013be5f7520e1fddff3643c6a5191091d82cf1f6ee966740877e8f,31a85cf10323dcb0ff906b98f8f0dab39e853ab81d2695b1979df50869258a07,1,9c7cbb70969967fd5493d96b6d196c6dfca52969aa5f22759e0cd1261cb050ee,2.66453525910038e-15,4.0840664
660,MC1_K2_N1_L8_SP0_P2_R05,5d53e3c77d374385b25ed8ccfffb72c3f5c6904d078997fc7501fd5d539c7d16,31a85cf10323dcb0ff906b98f8f0dab39e853ab81d2695b1979df50869258a07,1,3d6900feda2d97c211ec0b1a1e573323221faf4d000b84ee31c106afafffb587,1.92865493310657e-15,5.8734512
661,MC1_K2_N1_L8_SP6_P2_R05,22a32a39f4727a5f353d76adae20a2a307f493c91f84ba5ded6633a2fe35f402,31a85cf10323dcb0ff906b98f8f0dab39e853ab81d2695b1979df50869258a07,1,81ceaa4adf3089be4320439041e3f5553df1188173bf331570bd0bbb01559cb2,0,6.066982
662,MC1_K2_N1_L8_SP10_P2_R05,b2f6409c70ac6204fb810361427e116f0d499e02615c0e7311ad318fa4a6149a,31a85cf10323dcb0ff906b98f8f0dab39e853ab81d2695b1979df50869258a07,1,594f3eef9815f1d92b7b921bbef466b02d68a9fc023ef4f00d1808325730bfca,1.77635683940025e-15,6.6410777
663,MC1_K2_N1_L8_SP14_P2_R05,13ced7116be9d183e4d4cc906222bcd80fe2cbe2b0f954f2631227c9150dcdaa,31a85cf10323dcb0ff906b98f8f0dab39e853ab81d2695b1979df50869258a07,1,dd1b1df13e01e82a425b2d1f71c96ea504308838539807a679150e7f305d59d5,1.77635683940025e-15,6.3126447
664,MC1_K2_N1_L8_SP18_P2_R05,3d2c2c036411bbb37c2923d2a84bc87fbfa2be9982299187a0447ea3c9c251a7,31a85cf10323dcb0ff906b98f8f0dab39e853ab81d2695b1979df50869258a07,1,e853e7a0baf5a118533634673809567a5e1c556ebd9d99ba72cd03c616f354b9,0,6.5590074
665,MC1_K2_N1_L8_SP22_P2_R05,eef26c4d97f1b5b0b99449182829e1c41c9b7f005ea115fd5fa679e43b072ef9,31a85cf10323dcb0ff906b98f8f0dab39e853ab81d2695b1979df50869258a07,1,6328a4e1c0b2496f5b42281ac7fa9b393e29ff7d715b3434ecf944cf02c40adc,0,6.1997007
666,MC1_K2_N1_L8_SM6_P2_R06,5f7b50470129d00803df92927c5069dab2f40c5f328d775813df9603a83a55d6,31a85cf10323dcb0ff906b98f8f0dab39e853ab81d2695b1979df50869258a07,1,912012a35b800339464fc7cdee89a5d064911fb467f993cebc0f2561833c6df4,2.66453525910038e-15,4.0593831
667,MC1_K2_N1_L8_SP0_P2_R06,0705d3f35173533e712fc4b5008f37160604b82d3000ac70a48cac369b2ab845,31a85cf10323dcb0ff906b98f8f0dab39e853ab81d2695b1979df50869258a07,1,a698305b16d3044f245422e25fdca8fcf211bd6bd3e200cd64aa35e35032f6f2,1.92865493310657e-15,4.7179956
668,MC1_K2_N1_L8_SP6_P2_R06,9e0d0a2c36ade9a8c05ba17c15c43df43558f2fff8d6219216b3c5ddb26d6b0c,31a85cf10323dcb0ff906b98f8f0dab39e853ab81d2695b1979df50869258a07,1,9b2e44319af83f68febf6d20c58c65e71b8d139820c3322333fccd117d18d7c4,0,5.5729462
669,MC1_K2_N1_L8_SP10_P2_R06,94e7858943c55689c48ebee2bb1a595686251758b15ef2f4715b69b2aa216f12,31a85cf10323dcb0ff906b98f8f0dab39e853ab81d2695b1979df50869258a07,1,a34d8fdfd873782237aeaa5bd4b492bfe7fbdf4ee67560b27adcc05096bd360d,1.77635683940025e-15,5.2758201
670,MC1_K2_N1_L8_SP14_P2_R06,941e155b72893a3ff2c79a5213547ba60c4955aa812aac50644630e6ad1f669a,31a85cf10323dcb0ff906b98f8f0dab39e853ab81d2695b1979df50869258a07,1,4704e751ebaff0ffed9148c9782aa5abd057889ae87afbe6ae666c6dd3ae94b0,1.77635683940025e-15,4.6278314
671,MC1_K2_N1_L8_SP18_P2_R06,4c45f0800ea1e1e09cdd848fb975d460943d452d7b28f5f5922375ec69ded474,31a85cf10323dcb0ff906b98f8f0dab39e853ab81d2695b1979df50869258a07,1,24aa04ce438adb1c8ae19061a6b25c74010e74cfc2243feee0ecffcb01e8a577,0,5.7502949
672,MC1_K2_N1_L8_SP22_P2_R06,2e33ac372aa093467e0879bc91b0046e3df161e531126ac0d791f5098dbcabcb,31a85cf10323dcb0ff906b98f8f0dab39e853ab81d2695b1979df50869258a07,1,fca751d70cb3ee85dc19e315e1ffcb74bb9fbd75b78616366a8e5e21e215a7c1,0,4.2598165
673,MC1_K2_N1_L8_SM6_P2_R07,f20caebe4bd87e4441267309bf467d67d6a1a26129b109f5448a359b96fbca14,31a85cf10323dcb0ff906b98f8f0dab39e853ab81d2695b1979df50869258a07,1,054b57a190d35556b31765343b90742b8f74f2e848245dd0138cb4a39d1838d0,2.66453525910038e-15,2.9179594
674,MC1_K2_N1_L8_SP0_P2_R07,2533034842685d2be509635cc98703e08f20213b6fc368a974e741bef380c7b9,31a85cf10323dcb0ff906b98f8f0dab39e853ab81d2695b1979df50869258a07,1,bc71aac9b4d56e4c628ab3abc37ed9c7c90ecbb443b5eb75113640936612ebac,1.92865493310657e-15,4.3557918
675,MC1_K2_N1_L8_SP6_P2_R07,0bd0aa9d1a7c0a7f8985bba96adb1fedc39976b6070bc2ca787eac05c235405a,31a85cf10323dcb0ff906b98f8f0dab39e853ab81d2695b1979df50869258a07,1,1ce5ed7d56baac684c5d7a4012de18448fde3820e1624d4b9c7a5ed32780fb65,0,4.3947988
676,MC1_K2_N1_L8_SP10_P2_R07,38b87e69edb39ba8333af11f7151c803079a8fc90acc32206abde783297d0621,31a85cf10323dcb0ff906b98f8f0dab39e853ab81d2695b1979df50869258a07,1,ed180f9cd51d6bc961ae56635e39edd30d8fd6248fa35fc0b368f3690d0ecf0b,1.77635683940025e-15,4.0567217
677,MC1_K2_N1_L8_SP14_P2_R07,b6436e0bfd28c820ba7e62be4301c2e3470c4aec5a752b7af82d68992c98505a,31a85cf10323dcb0ff906b98f8f0dab39e853ab81d2695b1979df50869258a07,1,d6de5b4b0d4335ed5a6bb443f5c50bf48c704f5e527e494d35e3ca8b4bbb2dee,1.77635683940025e-15,5.2672683
678,MC1_K2_N1_L8_SP18_P2_R07,409f5af5a93b8edcaeb21a788fd1752f99bff58fb35296b4571b4389957bf873,31a85cf10323dcb0ff906b98f8f0dab39e853ab81d2695b1979df50869258a07,1,6017f43a2f8feb2f1f104d5b2ad111d5c0de3fe47145ffb05ea50e2107cef245,0,5.4238255
679,MC1_K2_N1_L8_SP22_P2_R07,eaae113c18582a59414341f8c8a99daddbaacdddca8ad3d5de505f4b2e5a3ad8,31a85cf10323dcb0ff906b98f8f0dab39e853ab81d2695b1979df50869258a07,1,7bb9420dcdf46779981d5612003486efdfa7c407236ff6078674e66d87282ab8,0,4.7938726
680,MC1_K2_N1_L8_SM6_P2_R08,741ef69c0a88a3a855ce14d0ceb30d415c7f0e918c2d4538f702b65e06b04fd8,31a85cf10323dcb0ff906b98f8f0dab39e853ab81d2695b1979df50869258a07,1,d96201a6b3229b8bba20ddcdc0af8ed7f1aa6729b89ce88f3db67eadbfc22f4d,2.66453525910038e-15,4.4080224
681,MC1_K2_N1_L8_SP0_P2_R08,b078c796cb08800fb18eb3c73d57a6789bc3b117c845fdb151113f27e2e563e5,31a85cf10323dcb0ff906b98f8f0dab39e853ab81d2695b1979df50869258a07,1,604b159795d1e3a4ed9f6d34df01ac139eefc12b406d21a00e09fe5a98e6cefd,1.92865493310657e-15,4.888398
682,MC1_K2_N1_L8_SP6_P2_R08,04acf0ce56e97c2daff9c5cb88ebc76ffb144afee6c7b848c40fb79d5f5fca22,31a85cf10323dcb0ff906b98f8f0dab39e853ab81d2695b1979df50869258a07,1,7f58bdc541cc7b74998c743ec3f0a353bd0a5879cf648feccd412f2baa575555,0,4.1165483
683,MC1_K2_N1_L8_SP10_P2_R08,cb1cc4883c6c751d80896a6ca560585d26d38aa80b8156e5473310fd9fd50995,31a85cf10323dcb0ff906b98f8f0dab39e853ab81d2695b1979df50869258a07,1,e3696044abb3a12ff1e095f273a665027ebf10023d5848b77817a9409288a4e9,1.77635683940025e-15,4.1824236
684,MC1_K2_N1_L8_SP14_P2_R08,a8a5b02f3e288d5acbe7b127b211375bd4741b6e3532109638bc8a20615a41a2,31a85cf10323dcb0ff906b98f8f0dab39e853ab81d2695b1979df50869258a07,1,aeda0581214044c0b829fd4a1e1eac0cd95ff8c162f8763dbe8f3e157b3d573f,1.77635683940025e-15,3.2262218
685,MC1_K2_N1_L8_SP18_P2_R08,c407a329a3e32de1ee74a6543504e43ba375f2cc6cdf60a5552fabf072b5659e,31a85cf10323dcb0ff906b98f8f0dab39e853ab81d2695b1979df50869258a07,1,9caf2e7aa1d2de1395a6398ee4791af521be904e5f5e70fde929a2facfb87674,0,3.6483697
686,MC1_K2_N1_L8_SP22_P2_R08,7edbb42334e08c975cec2b1501b58b1511538356dea3e02444e2616ee7cf24f2,31a85cf10323dcb0ff906b98f8f0dab39e853ab81d2695b1979df50869258a07,1,4c8b9afc6122e96b60e23b0526bd6e25fdc3017f8f3fa808e9053edabb722f37,0,4.93464
687,MC1_K2_N1_L8_SM6_P2_R09,a7ccb525786383422c4279454117c9601969730dbd4c56eb9e15fb0a625b56bc,31a85cf10323dcb0ff906b98f8f0dab39e853ab81d2695b1979df50869258a07,1,a0f874be4a84884c9b3612b00b15adc24d7fad0db28d47da622c617ef2d16632,2.66453525910038e-15,3.3587345
688,MC1_K2_N1_L8_SP0_P2_R09,d9c0043bce151f98e5d70b42fa59fdb77d6b264e8c2b3c077ca8abd9a6130d8b,31a85cf10323dcb0ff906b98f8f0dab39e853ab81d2695b1979df50869258a07,1,4e827790bdb305524411a4d5ca1ebd83abb80416ae42d00f96319e8440a6df34,1.92865493310657e-15,3.435966
689,MC1_K2_N1_L8_SP6_P2_R09,b2e538718ba697358e60e974cb0a3822ac8b812d74547577d75daf7d66c1aa3c,31a85cf10323dcb0ff906b98f8f0dab39e853ab81d2695b1979df50869258a07,1,eeb88fcd66208a3103aa450cef7b036c710235338454ee8b4193fd0a768bbcec,0,3.0969111
690,MC1_K2_N1_L8_SP10_P2_R09,1399a9a494271d55d9b3e402edb6a74f1e086ed6031e172e3119097b97528c0d,31a85cf10323dcb0ff906b98f8f0dab39e853ab81d2695b1979df50869258a07,1,fd51313efae4292a14fd56be7908bf601f5a811645c61096b000063e6a010bf4,1.77635683940025e-15,3.9871429
691,MC1_K2_N1_L8_SP14_P2_R09,ce4eb3922e138e2ddcbda92d21173b3f7b7f0d3d370a8ff733bec3154fd98ee5,31a85cf10323dcb0ff906b98f8f0dab39e853ab81d2695b1979df50869258a07,1,86320563660ed1c2b47c7eb545de906ba91e4940a6435fe5fbd0fd4a01aafea9,1.77635683940025e-15,5.1896132
692,MC1_K2_N1_L8_SP18_P2_R09,5effc78e6b07a5316d0ed421fcd8987334c6c9efca5d18e04cf0b3b408d66eef,31a85cf10323dcb0ff906b98f8f0dab39e853ab81d2695b1979df50869258a07,1,6fae6d10006290b61599d456221f61bb41f1c3d8f505acf36e9635949b06137e,0,6.26803
693,MC1_K2_N1_L8_SP22_P2_R09,0676a4cca1f0572167c0b0ab58ac0dc88097d6a8646cd28903f4489d3e9b189e,31a85cf10323dcb0ff906b98f8f0dab39e853ab81d2695b1979df50869258a07,1,40c8a71d88222d0469980e85574d27e43afbefe7be60d900083a63e9d920ce67,0,5.6439583
694,MC1_K2_N1_L8_SM6_P2_R10,5511ea04badc2b383aa283066008729ebc0a82f4ef3bad882668d1d62756dde5,31a85cf10323dcb0ff906b98f8f0dab39e853ab81d2695b1979df50869258a07,1,c890c7f0cd401ecb3ccda86fae45815e54ef98d65d7a06dd921999ee7a881f02,2.66453525910038e-15,2.8049845
695,MC1_K2_N1_L8_SP0_P2_R10,1b7cc1d1dfbaa686abd3b3ee21f5c23a2bf4bccf5c46ea5f2a9dadf79bac4a69,31a85cf10323dcb0ff906b98f8f0dab39e853ab81d2695b1979df50869258a07,1,1b103d873b119e0487b80b74b4def4f5334ab0ee9c008d1129fee2062fc75cc8,1.92865493310657e-15,3.0194874
696,MC1_K2_N1_L8_SP6_P2_R10,7fde1316414d788b4793e68b263e3cbe93955ee7b3724e7904f494943c847e18,31a85cf10323dcb0ff906b98f8f0dab39e853ab81d2695b1979df50869258a07,1,1807b2f0e1be4ba72fcf63042dc63fc4be8a7cb7e7355ece338904a01688e4e2,0,3.1854805
697,MC1_K2_N1_L8_SP10_P2_R10,8d9677aafac4dfc6e8c25252b1ed84844ec3fd6846699d4a1a14676e18086ea6,31a85cf10323dcb0ff906b98f8f0dab39e853ab81d2695b1979df50869258a07,1,1fc19de5d411217bba2d46d870c5832f78d2819fc7a4350854eb3a713b377fb4,1.77635683940025e-15,4.2533049
698,MC1_K2_N1_L8_SP14_P2_R10,a2e1b42a10bd06975d7cd28eed0b2d2cc4bd339fcb4279b75903507ed2bae88a,31a85cf10323dcb0ff906b98f8f0dab39e853ab81d2695b1979df50869258a07,1,19f3fc53de4a2f3da403334a4732952184c79be897857f04f757f1ed89ad9eff,1.77635683940025e-15,3.9931823
699,MC1_K2_N1_L8_SP18_P2_R10,471a495eade0fea238e5cef6603fb399ee063f006ef0d6841860e2f3cfb185f3,31a85cf10323dcb0ff906b98f8f0dab39e853ab81d2695b1979df50869258a07,1,90ccd67ebb9140f5adbe1f844af086f0e4906b99a0ce23c7864cdb70b6e52f96,0,3.1560724
700,MC1_K2_N1_L8_SP22_P2_R10,4121525b29868f0904b9addd02603c9e1194dc8d2ab02e0b1addf1a5313d3daa,31a85cf10323dcb0ff906b98f8f0dab39e853ab81d2695b1979df50869258a07,1,16d2f90a21a522e5c83169c3a3ccc9f002e09a3ca68834cabe990ccd16ad6002,0,4.4715494
701,MC1_K2_N1_L8_SM6_P3_R01,115b693c0d4d7bec9f82ef94e75d47846f057ef6dfd3e732a039cd03dfde2b8f,31a85cf10323dcb0ff906b98f8f0dab39e853ab81d2695b1979df50869258a07,1,38cabf2a12ba0fd67de5ffa7b39e554913ccc0466599437bace6e5f2a6c0ab8e,2.66453525910038e-15,4.778597
702,MC1_K2_N1_L8_SP0_P3_R01,379e41ef4ccdbcccefaa403353815845537603ee42c8adec89d6d906861eb7fe,31a85cf10323dcb0ff906b98f8f0dab39e853ab81d2695b1979df50869258a07,1,bad8210cf021b147993b89324ea47025b2e398f124b76102070409380df9264c,9.64327466553287e-16,4.4288097
703,MC1_K2_N1_L8_SP6_P3_R01,ba860d309eb328b7422dae3182ceee1df0496c71e237a340dc6aa984a1997dce,31a85cf10323dcb0ff906b98f8f0dab39e853ab81d2695b1979df50869258a07,1,fe3620cdac32ee54292a9a3a153eb1534c5d7a9d361e416150bf91fdcaffd970,8.88178419700125e-16,5.1618998
704,MC1_K2_N1_L8_SP10_P3_R01,81f6be3be43cb8c11169f8c8acaa7686748fbe3cebdf67eeb87ae0df86d8ff9a,31a85cf10323dcb0ff906b98f8f0dab39e853ab81d2695b1979df50869258a07,1,9174e50a6eb30f0980b5c6abd0e431d8f50e514b48851820cf54d332ce4c5011,1.77635683940025e-15,5.0678388
705,MC1_K2_N1_L8_SP14_P3_R01,0b5fc2381f753706fb9b19fbcf131a3b0d7ede1afd62ae23bb4183f46020bbd2,31a85cf10323dcb0ff906b98f8f0dab39e853ab81d2695b1979df50869258a07,1,b7a488bc4b361469ba801075d68d28773ac7db88515fa1d56e8f6ab6a31c358c,1.77635683940025e-15,5.9198951
706,MC1_K2_N1_L8_SP18_P3_R01,dd6aa230473440bff86cd4d5df0db7e369547a4cfac4ce5a9357fd3bb5739e4b,31a85cf10323dcb0ff906b98f8f0dab39e853ab81d2695b1979df50869258a07,1,9c01a2b890d802314697352d9a9c033d18eaefa9bfe4c4e622fc48cac89a0002,3.5527136788005e-15,6.2135108
707,MC1_K2_N1_L8_SP22_P3_R01,7cf7b8f7a5d43d2f38baf8b45a0aad6995351e42aef8ff35ef5fda0def1d5b11,31a85cf10323dcb0ff906b98f8f0dab39e853ab81d2695b1979df50869258a07,1,ed79768f29ef102286560a24643ce109aee8521ecf12d298328e7cc93cae58e8,0,6.2025998
708,MC1_K2_N1_L8_SM6_P3_R02,fbd2b5f1c7420d4392310ce35aeee7feb51914754eb6cc5e4d251b54ecc3c26b,31a85cf10323dcb0ff906b98f8f0dab39e853ab81d2695b1979df50869258a07,1,1c593f9ef60199471d99cbc0fa3de80364c7cadc57746f6aec51a6dd816505dd,0,2.762704
709,MC1_K2_N1_L8_SP0_P3_R02,dfdb36a7c6c2e5e20e35965ab71cf83352da87a6def75ea9da2ce72cc7941924,31a85cf10323dcb0ff906b98f8f0dab39e853ab81d2695b1979df50869258a07,1,ffc2c5e8594073eda6c3e2e029b58805fa1289b8ff58f5fdb25bbc98f4d575dd,9.64327466553287e-16,4.3332088
710,MC1_K2_N1_L8_SP6_P3_R02,78914dfe552c733cef3b644b2f4dd4ff0b3018aeba5be30b8f8ac990b48b12e1,31a85cf10323dcb0ff906b98f8f0dab39e853ab81d2695b1979df50869258a07,1,60b9b15c6890fa602e8d031c6d519f7ca87a269bdc5f77b6fffe4ca6acd3fade,8.88178419700125e-16,6.2441764
711,MC1_K2_N1_L8_SP10_P3_R02,6d60df7be202d35fe70c54bfdf2ad06b5880f203e1cf3b85ee73824a412360fb,31a85cf10323dcb0ff906b98f8f0dab39e853ab81d2695b1979df50869258a07,1,4e628a48e882fdace6f96fd343b4666681d5010fe99be55d385f40890cd6a683,1.77635683940025e-15,6.3645375
712,MC1_K2_N1_L8_SP14_P3_R02,e780510ef7545580be6420ee20de6ea18d6b6a6eee278cd1d00f643a688faa33,31a85cf10323dcb0ff906b98f8f0dab39e853ab81d2695b1979df50869258a07,1,fd08e6f666cb19ffb8e066f1ad322a8ca4e727d4cf0613473153daa311198f4e,0,6.2037559
713,MC1_K2_N1_L8_SP18_P3_R02,030c6fb0aa545da9157c17ee10f30528b1e526cf7dec179615c29911884c07eb,31a85cf10323dcb0ff906b98f8f0dab39e853ab81d2695b1979df50869258a07,1,b16efa5a2fd6745c7d1f3a92bc8ae8a42a1dfe4d04b9c1798ef212eeeb3b5a04,0,6.2505783
714,MC1_K2_N1_L8_SP22_P3_R02,ccf2bd1746ad2d1e12cc252a66f683f70870bd1e68c588a87fd92e96d22e8020,31a85cf10323dcb0ff906b98f8f0dab39e853ab81d2695b1979df50869258a07,1,14070f42bd004b374714abdc84078a24e8d8b110324e4b40a5137e58080b034a,0,5.690126
715,MC1_K2_N1_L8_SM6_P3_R03,3cc61982b220229ab15cb9d9029415e21f2d52cc0fcc49e0dcf08b013bdf6c92,31a85cf10323dcb0ff906b98f8f0dab39e853ab81d2695b1979df50869258a07,1,a27e0132ff84dea242b33c1b6a5e5136e33bb85625201ecb11119033da03b259,2.66453525910038e-15,3.415732
716,MC1_K2_N1_L8_SP0_P3_R03,b67148644240fedebaa38d0376c02ba8a7c96437ee87e62a6515e8fb75c0b667,31a85cf10323dcb0ff906b98f8f0dab39e853ab81d2695b1979df50869258a07,1,e63252fea37e71d5db5c5955e20bf376e8d3e731998f32524b47fcad9370260b,1.92865493310657e-15,3.3232628
717,MC1_K2_N1_L8_SP6_P3_R03,13d62336a2164a955ef02999b9c072cec51bcc71ec1c569ae6c266252f204bc7,31a85cf10323dcb0ff906b98f8f0dab39e853ab81d2695b1979df50869258a07,1,414bbdf08b4343b4ac6ed4a6cc56e0c3e37c3e3e433a43a457084d50a1d74eec,0,4.0051236
718,MC1_K2_N1_L8_SP10_P3_R03,b25afff7b5db5013520ece62f65b18ad063a374c9a302020a41abf6e2eaa275c,31a85cf10323dcb0ff906b98f8f0dab39e853ab81d2695b1979df50869258a07,1,c23416c4b2ad8e5005670ae3bca2c064580316a72552330216e947ef68254580,1.77635683940025e-15,4.3912781
719,MC1_K2_N1_L8_SP14_P3_R03,d442eabd8070cc029512c827cdafc86887c9930808ce4be4f462144063dd9c52,31a85cf10323dcb0ff906b98f8f0dab39e853ab81d2695b1979df50869258a07,1,8ceeca436e2a677313f25a04537e07ad396959a0b3cc822aa2588225b45fdbb6,0,4.4781651
720,MC1_K2_N1_L8_SP18_P3_R03,c3ea4d20e9524156d8c776dd7f0b036bde1a1baa6c042fd890c216dcdbbbd3eb,31a85cf10323dcb0ff906b98f8f0dab39e853ab81d2695b1979df50869258a07,1,a56abf9f69856f35d4d98a09569d248c21d48057b2f3b0a01481bdf5ac2a7dcc,3.5527136788005e-15,4.7421346
721,MC1_K2_N1_L8_SP22_P3_R03,bd553bc8c1cc247a26992b4edb13d7686a1fdf6576bd29ba5946d6c01553e919,31a85cf10323dcb0ff906b98f8f0dab39e853ab81d2695b1979df50869258a07,1,a30efae9ce34a350ef6a519eb7781412b6c126c17071a88f543b3a0161fc8764,0,4.6537716
722,MC1_K2_N1_L8_SM6_P3_R04,993e037de6f27b38fbb0c81b0026c1d1b66b51faca46e283ca42243a8bc3c64c,31a85cf10323dcb0ff906b98f8f0dab39e853ab81d2695b1979df50869258a07,1,659e92a9c880c8b415d935533bc1742351208390297983ca367408fe450ac708,3.5527136788005e-15,3.1261128
723,MC1_K2_N1_L8_SP0_P3_R04,3158b9b248b1c7dab460ba70802299d11100a7076e388b1772afc0b45d238a7f,31a85cf10323dcb0ff906b98f8f0dab39e853ab81d2695b1979df50869258a07,1,1ed661fb23d4c9e06184430b2792679b12307323a91e38ac058a0fece0d932b4,1.92865493310657e-15,3.1962785
724,MC1_K2_N1_L8_SP6_P3_R04,93d2017fde180a819caa6b041339ff5048aee24a87450aec21c020489d0cf0e2,31a85cf10323dcb0ff906b98f8f0dab39e853ab81d2695b1979df50869258a07,1,06447e42aa72d4e263cce3cb87fa87886018d14f42d20ad51cca735e8a8e365f,0,6.8196785
725,MC1_K2_N1_L8_SP10_P3_R04,1954265e207bf74b859d838fcc9f99c7b2d48c195fee36ddcfbc892788db8582,31a85cf10323dcb0ff906b98f8f0dab39e853ab81d2695b1979df50869258a07,1,8d822aa9c6e6aeaa367cd24f2bac85f33b65e57bd9e18af1f7ab61d24cc55b26,1.77635683940025e-15,6.3305994
726,MC1_K2_N1_L8_SP14_P3_R04,e9300d065dc8a00cfb14bf500bc96afb9e69204143b61f4d1651cc22921e55eb,31a85cf10323dcb0ff906b98f8f0dab39e853ab81d2695b1979df50869258a07,1,0be712a25e29d6f390590ff97474142575f5a543764756c91fafb253794fe42d,1.77635683940025e-15,5.9818116
727,MC1_K2_N1_L8_SP18_P3_R04,817caa7b851834fd2488741039e90aee475313ab09613c8a8a47940eba570574,31a85cf10323dcb0ff906b98f8f0dab39e853ab81d2695b1979df50869258a07,1,7f586e6c55ea00c67b9215a29bdecd8dddf9ef6c8c3d22d4bab511edcc529b59,3.5527136788005e-15,6.1867219
728,MC1_K2_N1_L8_SP22_P3_R04,df75b2a829fdd53ae8de569c3d6fb9365336fc2fd4796722033aa60a13961ee3,31a85cf10323dcb0ff906b98f8f0dab39e853ab81d2695b1979df50869258a07,1,ed9581a9b75abc648488b573f4871364139e6973b5e0275d3e8a0c708aaea3ca,0,5.4775745
729,MC1_K2_N1_L8_SM6_P3_R05,276ce833e7dc47b47058338b70f37a7b49d0c6b742153e55c835df4d78945280,31a85cf10323dcb0ff906b98f8f0dab39e853ab81d2695b1979df50869258a07,1,d091abd5c180f621c5767785de294f9dd53378a34dae9fa1caabfe2af93f22ad,0,3.6310541
730,MC1_K2_N1_L8_SP0_P3_R05,e6d44c738dac4d354a090db85708b8dcd863888cda5ef3487b5fe7dd0e9e6124,31a85cf10323dcb0ff906b98f8f0dab39e853ab81d2695b1979df50869258a07,1,f96ccaa32ad77875fde3914c5437bf2b74ea71916ac53680c18eb54509ee50a7,9.64327466553287e-16,6.3549198
731,MC1_K2_N1_L8_SP6_P3_R05,7784aa5f8329bf66e4bb6da792d76555d6d7bdee439f682f26169f60cfe126db,31a85cf10323dcb0ff906b98f8f0dab39e853ab81d2695b1979df50869258a07,1,aa136edee3e5aaffcd3bc5df0c5b4ad66132e3d33acc95b597a9e2e67164c0fb,4.44089209850063e-15,4.8567672
732,MC1_K2_N1_L8_SP10_P3_R05,0bdaae19940728ed8f5b3a3289b40caa10316944a8da7e77d9ca28bdbbe73fde,31a85cf10323dcb0ff906b98f8f0dab39e853ab81d2695b1979df50869258a07,1,919c2f7a08a614447a128bdb61181667839520f00d63d9801cda2a5ed312de11,1.77635683940025e-15,5.1422925
733,MC1_K2_N1_L8_SP14_P3_R05,9fcac07265cf18ea3dacf0c9102bcc76ccf02aa179c06f4e0dd0435d7f5d97fd,31a85cf10323dcb0ff906b98f8f0dab39e853ab81d2695b1979df50869258a07,1,15f6d2581b36e1bb256932ecc5bfa7b5861d2059723a36570b3e3223b3e25ed7,3.5527136788005e-15,4.3296348
734,MC1_K2_N1_L8_SP18_P3_R05,1b419a8c6bba54c0d99aaac99329ec839660896bc746c7103982e829ba8ee93a,31a85cf10323dcb0ff906b98f8f0dab39e853ab81d2695b1979df50869258a07,1,0fd3b8fb6430087524550e4a502ec62be2747bdb88450cb7f3e1da7c8cf307db,3.5527136788005e-15,4.2262726
735,MC1_K2_N1_L8_SP22_P3_R05,91896b795b1edd3057735565d3a386ce504f865a48cd1549cf336365fbd07997,31a85cf10323dcb0ff906b98f8f0dab39e853ab81d2695b1979df50869258a07,1,1b1c0a0dfe8afab9e0c59e71c4e08388af41b558f7ccaace34e42f989a84c5fc,0,4.238609
736,MC1_K2_N1_L8_SM6_P3_R06,44d4486eaedcdfb487a836b6f64a81efbcbbf7b0671b5212946c61e10ccbb203,31a85cf10323dcb0ff906b98f8f0dab39e853ab81d2695b1979df50869258a07,1,bc2b0b8c6346d68383568b85b6e6c92c08ba4bf8cc9d212ea64a212359951986,0,3.110275
737,MC1_K2_N1_L8_SP0_P3_R06,f880e6e3338e968a524062360879fe18295af7951ecad33da376dcbd2dd44330,31a85cf10323dcb0ff906b98f8f0dab39e853ab81d2695b1979df50869258a07,1,d79c01a5d2c25323f55d9359ab5e45067ac8285cb071b504682aee924fe36849,9.64327466553287e-16,3.2386688
738,MC1_K2_N1_L8_SP6_P3_R06,0b9497b853eb271d154b5980801e276df0f6e34617db58df93dc13c6a0bb8384,31a85cf10323dcb0ff906b98f8f0dab39e853ab81d2695b1979df50869258a07,1,b969305d33aa4031f33c5736cff7cec734add9ba29fd284cd333ade652428506,1.77635683940025e-15,3.7185209
739,MC1_K2_N1_L8_SP10_P3_R06,7120bd0b7ccdec45018d22ef39f8ce4574e2ec4939fe32a529ce2f3fb7a0b56a,31a85cf10323dcb0ff906b98f8f0dab39e853ab81d2695b1979df50869258a07,1,7d704becb9c5d3616a676573737ad807844d6dc6983e02896ae45cc8d259ab2a,3.5527136788005e-15,3.0935214
740,MC1_K2_N1_L8_SP14_P3_R06,19d39c1392daada94e33b28c0f389127f2d789576adef61319522c9641e0d4e3,31a85cf10323dcb0ff906b98f8f0dab39e853ab81d2695b1979df50869258a07,1,d2644d5dd3eea377c38171d1f8d834b621da951d0ae2df185915527943340b3a,0,2.6965776
741,MC1_K2_N1_L8_SP18_P3_R06,6f9dc7c381526731a1fb7180911a72fe7da27bbd41aaee1f16870cf17e3a8ccf,31a85cf10323dcb0ff906b98f8f0dab39e853ab81d2695b1979df50869258a07,1,5858f2ccf8c8ab9e2809d9c3bb720878a2fce82e52d5db757d7da825f93ad4d4,3.5527136788005e-15,2.6960202
742,MC1_K2_N1_L8_SP22_P3_R06,465a440b1428e47e9ef8ca3e26195f005e05eb1b6a2d71c8b2f6af2e46c2a61e,31a85cf10323dcb0ff906b98f8f0dab39e853ab81d2695b1979df50869258a07,1,2e8847b518015bff0f70305dbdd7839147b45d432f905f1f221ba7d90cfba747,0,2.6337199
743,MC1_K2_N1_L8_SM6_P3_R07,01d6db8d546a2e61e747916b142b8496c6d1c19019c79a30f0435ba9aa78888c,31a85cf10323dcb0ff906b98f8f0dab39e853ab81d2695b1979df50869258a07,1,49def2a78b4ab3549db4514be9b46079fdb9048c7c48ec0c43e1f177be29ab4d,0,2.9680345
744,MC1_K2_N1_L8_SP0_P3_R07,487c35ca18885dc9079f645b9453f7ae6dbf0e2afd18fbd76d3bc0fdc4e2bef5,31a85cf10323dcb0ff906b98f8f0dab39e853ab81d2695b1979df50869258a07,1,f05c2d3afe24f66824fbf852523d071b6ebb5190020a38aed533702dd63b7258,9.64327466553287e-16,2.9540098
745,MC1_K2_N1_L8_SP6_P3_R07,9d55b3e408b5b434594455a9a3a50caa3ccac27e2b5ef4c4194656382f4209b5,31a85cf10323dcb0ff906b98f8f0dab39e853ab81d2695b1979df50869258a07,1,f2e2c9a71bf8457e999ec78af2f97132a754848ccda34cd0bccf3240c5a45670,0,4.0070832
746,MC1_K2_N1_L8_SP10_P3_R07,7acb6f0cafd86463af163094308b871221d16f6341a8a5f531e231e5d8879a55,31a85cf10323dcb0ff906b98f8f0dab39e853ab81d2695b1979df50869258a07,1,bb30f2b01b772841ac62bc96fe5bc062f1d3c12880672c85c720b5ff6c622225,1.77635683940025e-15,6.4390033
747,MC1_K2_N1_L8_SP14_P3_R07,33a2e28db0916bcbcefbf6dc15cf8803ebce36c4ca266fc7fa3aa4a051685d4a,31a85cf10323dcb0ff906b98f8f0dab39e853ab81d2695b1979df50869258a07,1,5dc9f7dc476cba5b3ebfc15fb484ebb4f4655d4f62ddee2329764e08b7373de4,0,6.4146411
748,MC1_K2_N1_L8_SP18_P3_R07,c2566aae3af25e13ba685aafe1d644d8bbc57b0260cbe5fbfd6084b7f42699d0,31a85cf10323dcb0ff906b98f8f0dab39e853ab81d2695b1979df50869258a07,1,0dab933269b6b67af90489164093af437970790e8a6369466d989b72d6d6d1c9,0,6.1256459
749,MC1_K2_N1_L8_SP22_P3_R07,010833868d41578a061a431b38f898c74ddf9606ac07fe30a2e197b93e41e15b,31a85cf10323dcb0ff906b98f8f0dab39e853ab81d2695b1979df50869258a07,1,ac4be852282cd6b87ab3d67dc9052cceab23d73f0aa73f37b59ec579b8e286dc,0,6.2464531
750,MC1_K2_N1_L8_SM6_P3_R08,4b8719a600482fbb25f224448bf77c78024fc5eec4fb7eaf83d7fe1248d5c6e7,31a85cf10323dcb0ff906b98f8f0dab39e853ab81d2695b1979df50869258a07,1,5449d3f2627faad05d1a10e6c2614a0b316e83990e9b2980f0c3d138137ee7cb,0,2.8128315
751,MC1_K2_N1_L8_SP0_P3_R08,aafc62e381c13348e154775183212a26346d399153aa627a4d53338fb1526b60,31a85cf10323dcb0ff906b98f8f0dab39e853ab81d2695b1979df50869258a07,1,0f22456b21d75ada7100955f163b660d429cd6c6b4b5fb6b1dc51491b7f67fef,9.64327466553287e-16,2.8578497
752,MC1_K2_N1_L8_SP6_P3_R08,9f19ae5f715ca3428e018c2d7ca093b134c688923e7496fd7135f40e017267ba,31a85cf10323dcb0ff906b98f8f0dab39e853ab81d2695b1979df50869258a07,1,323123241a2decf5491b3b11c45385ddd038fcc3d9d8d1d446a2b79f7ff36d83,1.77635683940025e-15,4.831358
753,MC1_K2_N1_L8_SP10_P3_R08,ed09a2515af7ef86a71588db4b45b065b07a812af259825225adfdc58606f399,31a85cf10323dcb0ff906b98f8f0dab39e853ab81d2695b1979df50869258a07,1,ac2e3a5c0f90942ab9bfc1a005084725c810070293195b259c14d9af090fa04a,1.77635683940025e-15,4.1947583
754,MC1_K2_N1_L8_SP14_P3_R08,c2f3cccc447d3bb34ac49ea01861c5548bbf0c58a8cb188fee82e5efbbcc0dd4,31a85cf10323dcb0ff906b98f8f0dab39e853ab81d2695b1979df50869258a07,1,75145a6bcac96bf23647197d4face1964ad5f8ed81db3820dce1954d494884ff,3.5527136788005e-15,4.077051
755,MC1_K2_N1_L8_SP18_P3_R08,e3da04f3d59dfbb4010e95e909f52fdbc3a86d1eec8549897739eac62036b29a,31a85cf10323dcb0ff906b98f8f0dab39e853ab81d2695b1979df50869258a07,1,63aa6ecfb1267ac4bd0a178dd484513f8fa81031a427dfcbec0e3805ce45429f,0,3.6322724
756,MC1_K2_N1_L8_SP22_P3_R08,2e4ccfb7b16e951fedbf0a0c96726648f24d1f37b34d88fccddd1db19bce015b,31a85cf10323dcb0ff906b98f8f0dab39e853ab81d2695b1979df50869258a07,1,9b682fddb4a094bf07264b06a078216102bfbd0853d3b3a5e11096ed8b7fee09,0,3.5558865
757,MC1_K2_N1_L8_SM6_P3_R09,c7a663b0888617eb9fa8ce815fd08c15712896e48387253b22797bdfd5c2cd90,31a85cf10323dcb0ff906b98f8f0dab39e853ab81d2695b1979df50869258a07,1,feb9083a440764d9810171b37fd23a7afc4c3de48bd91245e8d87ab89d67bff7,2.66453525910038e-15,3.5868294
758,MC1_K2_N1_L8_SP0_P3_R09,f9bd44433c37387cd2d54cd11193a694208f56ca8e8e3e416f3e012e8bdee575,31a85cf10323dcb0ff906b98f8f0dab39e853ab81d2695b1979df50869258a07,1,2383611fbfd20d7f577d5094815343ff31b4364d7ac763f45fc298f26e85f7f3,9.64327466553287e-16,5.1816761
759,MC1_K2_N1_L8_SP6_P3_R09,d4d9747d23c1bd0e3efd5b4f41029b6798f6ce0351f8a4ddce42a6c711b53c47,31a85cf10323dcb0ff906b98f8f0dab39e853ab81d2695b1979df50869258a07,1,e4db1062eed7ff878eafbfec613649d8b48577f9c7d26de25449a6adb0aece7c,0,6.5261475
760,MC1_K2_N1_L8_SP10_P3_R09,963fc65390e7c8aba7255bfa8564da3a3e8b20737ad9469406fae46b5f5fe517,31a85cf10323dcb0ff906b98f8f0dab39e853ab81d2695b1979df50869258a07,1,91f01941138977f2a9cf6f5378222d13bff1b4e0df3745a216a94372f86ce2bf,1.77635683940025e-15,6.3872162
761,MC1_K2_N1_L8_SP14_P3_R09,b38b9007eb25e393e7ab80795ac64893ab14bd0b93bd7aee651547a8a6b7456a,31a85cf10323dcb0ff906b98f8f0dab39e853ab81d2695b1979df50869258a07,1,d8aea5d8dbe5f91d191fb343b221a277176679207ee9564f24faad0009334182,0,6.2100372
762,MC1_K2_N1_L8_SP18_P3_R09,3d0b5033880bb249c4ff9f8f172308a5ae06af9c7c34366fa7d7e3a87129287a,31a85cf10323dcb0ff906b98f8f0dab39e853ab81d2695b1979df50869258a07,1,11eb76cfad4f1b6aa3c1cf1701610204ffb1a8492689a468311ee8570dff0052,0,6.4020474
763,MC1_K2_N1_L8_SP22_P3_R09,6cee8316d0e8fea3b9700e8ee6450470b818df4a6efc18eb3a9e8a5e8b7b8058,31a85cf10323dcb0ff906b98f8f0dab39e853ab81d2695b1979df50869258a07,1,5d74480abec2c62545d73a47f6ef7a877cd5c99d19b133d059813fc36cec5d73,0,5.9974523
764,MC1_K2_N1_L8_SM6_P3_R10,817cea1b0beb91ed88d69d3f3537d16a65beef680e506fdedac7304f28c9ec68,31a85cf10323dcb0ff906b98f8f0dab39e853ab81d2695b1979df50869258a07,1,6523c9963280577ca859bf19b34d84d77f48559a8d38fc931b605cf092e30166,8.88178419700125e-16,2.7560653
765,MC1_K2_N1_L8_SP0_P3_R10,954e7488f86dc310a090b92fa4f5718552098f7fe43a104cd5c3ba4550711363,31a85cf10323dcb0ff906b98f8f0dab39e853ab81d2695b1979df50869258a07,1,d0d2f7c6442f6bf0f604ae278182b565cc6a714190d457a4f37d1e63b628a75f,9.64327466553287e-16,3.1096178
766,MC1_K2_N1_L8_SP6_P3_R10,73e5f8b8a28a635d0156c4dd6eaa7f809a00a4d95539b7a551c0bdde5c3075d9,31a85cf10323dcb0ff906b98f8f0dab39e853ab81d2695b1979df50869258a07,1,b133a36f8dbc756820653e70f47fd561dd5038e6a47d67c802e106497831a7d4,0,5.0304034
767,MC1_K2_N1_L8_SP10_P3_R10,f1ab4ed056059049ee27ceca0e2fc475cca018dcd94eda0aefa28d037e28b1f9,31a85cf10323dcb0ff906b98f8f0dab39e853ab81d2695b1979df50869258a07,1,6c4fbdd381b763cbfdf072713b9a8fa0ef4cbc8d7b7a985fd91a865a54839524,1.77635683940025e-15,6.1967094
768,MC1_K2_N1_L8_SP14_P3_R10,126bde2b9ae595ca7c8a369a8c69862807efa5bbbf3879223579bbf6d1974456,31a85cf10323dcb0ff906b98f8f0dab39e853ab81d2695b1979df50869258a07,1,d87926cb44b5a360cc259304ec92e941edc7238dca29068175288d678e45fcee,1.77635683940025e-15,6.3772951
769,MC1_K2_N1_L8_SP18_P3_R10,364fb19b97aa0b0aeee18c1070facbf2dde2202c8c266af576e5801f170908c4,31a85cf10323dcb0ff906b98f8f0dab39e853ab81d2695b1979df50869258a07,1,e3f11065ded4c823a4b1d73f728f9d89f43e9703e9af084568db84f81b9c5547,0,6.4384315
770,MC1_K2_N1_L8_SP22_P3_R10,60627e308a05f251310d1ace3afc9e50d85dd881930e6a14328d1513c5075714,31a85cf10323dcb0ff906b98f8f0dab39e853ab81d2695b1979df50869258a07,1,1ae9779be51e52f71913c2901b2ebe5502affa6ef2f5d3b7fdac7f0952f455d5,3.5527136788005e-15,6.268138
771,MC1_K2_N1_L8_SM6_P4_R01,d19d4f0f7daee35100048613374a2d28ce2960684ce45a68f6c82995a8c3155a,31a85cf10323dcb0ff906b98f8f0dab39e853ab81d2695b1979df50869258a07,1,ed07f251a51deb64ed0ccbdfb640b365dcf4a357d140e309181eda563656e181,3.5527136788005e-15,2.4426065
772,MC1_K2_N1_L8_SP0_P4_R01,056895bc764c1f92f8102de20f4d4c64e8fc52de66cf473b2961383a049cdef5,31a85cf10323dcb0ff906b98f8f0dab39e853ab81d2695b1979df50869258a07,1,87fe9dfdeb5babc6e1d57235fff708ed7dddf70557583e97ffe8b26e78067a0f,9.64327466553287e-16,2.5358499
773,MC1_K2_N1_L8_SP6_P4_R01,cbd262f2d2891cce44993fd2487576e9480b2d06f7bfe3d84e8947fda1ff35f2,31a85cf10323dcb0ff906b98f8f0dab39e853ab81d2695b1979df50869258a07,1,4fec0dbbfbb62236513698309a9485613fe5560c782d544a6075f9fd3c576fcb,1.77635683940025e-15,2.8644322
774,MC1_K2_N1_L8_SP10_P4_R01,c514f6166c6c549ca2b48be735504e0c713ddc1d270867fc3a3ab63c49457463,31a85cf10323dcb0ff906b98f8f0dab39e853ab81d2695b1979df50869258a07,1,40c367a1f087cbd249112307170a2f57ac854b0e783ed62bfeb994b09d4a4622,1.77635683940025e-15,3.3896893
775,MC1_K2_N1_L8_SP14_P4_R01,fab65f60ab0e20f874451ecc82bb4e3073e6702d574f1571473200fb0e50daa4,31a85cf10323dcb0ff906b98f8f0dab39e853ab81d2695b1979df50869258a07,1,a786c96bd2f72664d1fea2ee54cb37ce5c87626054848da076e1a964e3fd4745,0,5.7845946
776,MC1_K2_N1_L8_SP18_P4_R01,d509903fa6b707e39ee8affb98135bd9f0e31121a96f9c3a73d62bf70322209d,31a85cf10323dcb0ff906b98f8f0dab39e853ab81d2695b1979df50869258a07,1,6149b5c1601f4ee87f0cb4296f10851e3eb9e83d7eb597cf4c6ace140ba2d0da,0,6.2826676
777,MC1_K2_N1_L8_SP22_P4_R01,782ac42453ee3785f89c542c027ae53b459cb46c888f34655d4d047fa5ba704a,31a85cf10323dcb0ff906b98f8f0dab39e853ab81d2695b1979df50869258a07,1,b678ef5502eb7b4744b7bd1345a02a349aeeb32d7fab6d16212fc28eb42b1d6b,0,6.1609102
778,MC1_K2_N1_L8_SM6_P4_R02,42dc30c93baa36507fd8ffb089f965a1e8f9cbf6266a3ba3eb85d23b7dbd9cb2,31a85cf10323dcb0ff906b98f8f0dab39e853ab81d2695b1979df50869258a07,1,df9ca4679f7589512ffe29fd6d0491295b7bb15abf2429a2d7d491ea32b973ea,0,2.8217603
779,MC1_K2_N1_L8_SP0_P4_R02,13dd7376fe0042061514bf40633ffce1bf2f6c266b72888e80376bdf3e3adbad,31a85cf10323dcb0ff906b98f8f0dab39e853ab81d2695b1979df50869258a07,1,8454e611e7759c4cbceac8dc7baeb630248dc9b2cc56fff7b07a95c06d0e01cc,9.64327466553287e-16,3.5953225
780,MC1_K2_N1_L8_SP6_P4_R02,db7cc9bfebe84690728dc789e6f2eecb1bda9ed4e903f34c87f67c4653b3512f,31a85cf10323dcb0ff906b98f8f0dab39e853ab81d2695b1979df50869258a07,1,61dcaaf7b849c92986ac1bacc3c63fd5bd797b1b2db5275f76369847ef2025c6,1.77635683940025e-15,5.0928426
781,MC1_K2_N1_L8_SP10_P4_R02,008a836d9f89d21669c75c92c83ec3c44e094661e513734bd33d9d2033ca5e88,31a85cf10323dcb0ff906b98f8f0dab39e853ab81d2695b1979df50869258a07,1,1607a0ce78c2dbceadda3622e1f9260978439b15751c25407d9c8dae36176a55,3.5527136788005e-15,6.3428793
782,MC1_K2_N1_L8_SP14_P4_R02,049e23e8c1e957889049199e1aa926718afeb2e661f5b91c4164602c2578b590,31a85cf10323dcb0ff906b98f8f0dab39e853ab81d2695b1979df50869258a07,1,ddfb8df4a543cd3b6b9109f2115068e6225e89a1dfe58fd2412f638a30ec664d,3.5527136788005e-15,6.1771488
783,MC1_K2_N1_L8_SP18_P4_R02,871a519e0f63d821e5a53331d9ec8d569f30bf477f2dd4a0a0c1236811c430fd,31a85cf10323dcb0ff906b98f8f0dab39e853ab81d2695b1979df50869258a07,1,645907b48612776141d2059dec1ee3d90eb0b50cee04a7e3aa33d773e9832a7c,0,6.137598
784,MC1_K2_N1_L8_SP22_P4_R02,55f0bcc94d14ac239638adb0c25e71fd85f1b2d61a8502e1d83b7a5bc9cfda5f,31a85cf10323dcb0ff906b98f8f0dab39e853ab81d2695b1979df50869258a07,1,4eb46770154be6a153a19f5bb18d9da39aaf6edc3179a1b2fe858a4b8c03637c,0,6.1464737
785,MC1_K2_N1_L8_SM6_P4_R03,029579abd5bf496e74f26894958a098077c5ef35a46825fdc5b6598c4f0f577a,31a85cf10323dcb0ff906b98f8f0dab39e853ab81d2695b1979df50869258a07,1,00ee3b3a7b4bb38dcc671165efcb80e55b088ab679737445ef63f6da1f4e2cd3,8.88178419700125e-16,4.3892205
786,MC1_K2_N1_L8_SP0_P4_R03,59d67ed58c2c5a57a0e2be44aeee14e0fa3ad6aa560eb4e9e2695b48cdcf71cc,31a85cf10323dcb0ff906b98f8f0dab39e853ab81d2695b1979df50869258a07,1,65f4058e81f734ce0881be1abcb879b3d3a353b56072521cce6416d2cb23bbd7,1.92865493310657e-15,6.5382632
787,MC1_K2_N1_L8_SP6_P4_R03,05bf31af0386861fd6767b76e85b0a4a9cb25e38d8dfd8279f5f1f3f8e3c1e56,31a85cf10323dcb0ff906b98f8f0dab39e853ab81d2695b1979df50869258a07,1,c502d95c17ebe3363c4fb5ed2e664f364d54fdd478f2da9a810285c3aee4ce3e,8.88178419700125e-16,5.8750471
788,MC1_K2_N1_L8_SP10_P4_R03,9f49ae0c9d45893f941f46a36a28ef76b9e31f620f44830b93233f57fbdde7ae,31a85cf10323dcb0ff906b98f8f0dab39e853ab81d2695b1979df50869258a07,1,6024ea9ef9fc811fc178c17d5a6ecfbee251d5963756f6298ac910d93ba26f46,1.77635683940025e-15,5.67958
789,MC1_K2_N1_L8_SP14_P4_R03,edf9825197053f61e90f1893c61457996c1783bd3b0c07d213b19493f0972107,31a85cf10323dcb0ff906b98f8f0dab39e853ab81d2695b1979df50869258a07,1,377c091f143c5323bfd76815dae141935cd653270a8b3615edcf2b4c811e25ae,0,6.1990658
790,MC1_K2_N1_L8_SP18_P4_R03,b10a092657b8e70094a1d7fa290dfca71508d9d3baad653e0090e425e0d91c5d,31a85cf10323dcb0ff906b98f8f0dab39e853ab81d2695b1979df50869258a07,1,c6c543bb52830258304658b9e80828083afcc7d111565e024d88f92a580af1e5,3.5527136788005e-15,6.4824048
791,MC1_K2_N1_L8_SP22_P4_R03,151c188e37668d097c6c07e5e3ea2729f8efe8c5af12328ae96874a612f78f6c,31a85cf10323dcb0ff906b98f8f0dab39e853ab81d2695b1979df50869258a07,1,6d11ef65c023f5c5638520174c0461eaf3f8941824b6b3edf14fa6037edd8019,0,6.2032262
792,MC1_K2_N1_L8_SM6_P4_R04,4e4156b4941c608ab7d0f48976eb63666eb5ee517c7872af3b14c50d9d2c8646,31a85cf10323dcb0ff906b98f8f0dab39e853ab81d2695b1979df50869258a07,1,dff55dff53150376adefa6740194716ff725dc191694357460930b4ebe0ce181,3.5527136788005e-15,2.6947869
793,MC1_K2_N1_L8_SP0_P4_R04,ef3b032a25f96768e227aa7d7e9864030a4fb1d31c193214a9e4cd39c465b550,31a85cf10323dcb0ff906b98f8f0dab39e853ab81d2695b1979df50869258a07,1,25be9e16ae927f76a5db324fe2a684b1afb9322f8adf5c1b87398751a91e504c,1.92865493310657e-15,2.5304223
794,MC1_K2_N1_L8_SP6_P4_R04,be1abb251e596bbe689a76156702e61c7136863cc92ff08dea143b9b0709398d,31a85cf10323dcb0ff906b98f8f0dab39e853ab81d2695b1979df50869258a07,1,baca924094422a051feac407e63eb26e32fa87009090d39a673e4e6948c4a139,1.77635683940025e-15,2.8567701
795,MC1_K2_N1_L8_SP10_P4_R04,1a89051daf527e2c8e650dc93e9306a167b10f77795e574f4599dac95cee1528,31a85cf10323dcb0ff906b98f8f0dab39e853ab81d2695b1979df50869258a07,1,83ba5ea23c4a61324cf5b4e0ee1300327e71cb3b401ad7e7e4d1382317dc3d04,1.77635683940025e-15,4.5752402
796,MC1_K2_N1_L8_SP14_P4_R04,b85be25c913dbaaf665cc5d187d66c6ef2ace99b04eebedfc45352ca12594cef,31a85cf10323dcb0ff906b98f8f0dab39e853ab81d2695b1979df50869258a07,1,bd0051c7845281aa2bb1c0f17b7cbe7fc856ad9161bb5b1406c37547e244e880,0,6.2547884
797,MC1_K2_N1_L8_SP18_P4_R04,5f29f3d3d0adfad1072ce23f91e756af8663f794ec17fe58aeb03cdf63f1d731,31a85cf10323dcb0ff906b98f8f0dab39e853ab81d2695b1979df50869258a07,1,e5ba0aeaa60759d4c902f03cff147616e63912fca65cd5d13f4e32ead2611b61,0,6.0955142
798,MC1_K2_N1_L8_SP22_P4_R04,ad7d23cf81d93f1d1df85b31da390da31fbe9ce0cc7f6f97694e8013efbe2602,31a85cf10323dcb0ff906b98f8f0dab39e853ab81d2695b1979df50869258a07,1,a9a0a6acabadb43620c749f3c6e3e8045cb051616e1f43ed6145f29476cc998b,0,6.1406942
799,MC1_K2_N1_L8_SM6_P4_R05,bd56a659a07f08673ec5f9626113c8dcc4d0ef31c34f62d597fc26d4032735bf,31a85cf10323dcb0ff906b98f8f0dab39e853ab81d2695b1979df50869258a07,1,5931406f6ce766793f721087219dd3ee46b89ee051597a2f7d99c3ae4cea286f,8.88178419700125e-16,2.9698315
800,MC1_K2_N1_L8_SP0_P4_R05,f77076d8955db73196e12b130960c3fcc8f21f52adf3525e0524537b21f5e27d,31a85cf10323dcb0ff906b98f8f0dab39e853ab81d2695b1979df50869258a07,1,00467ba9f4ee3cd0b39b24d6d138a6d53846e4eb275ef64302dffd16b2a43e56,2.89298239965986e-15,2.7766588
801,MC1_K2_N1_L8_SP6_P4_R05,5b51ab6cf45a3eeaa11037f4a0e25bbbb125baa3b7997550ba35c9aa096185d0,31a85cf10323dcb0ff906b98f8f0dab39e853ab81d2695b1979df50869258a07,1,bb2bb224bf62505aa32f5515f305af23fe49fce6fd19c903dace8c07290a4294,1.77635683940025e-15,3.1190411
802,MC1_K2_N1_L8_SP10_P4_R05,69135e558d2d8ef2a0874bad992ef2b7126029bd7941944e2b79e9b3bd0c5d30,31a85cf10323dcb0ff906b98f8f0dab39e853ab81d2695b1979df50869258a07,1,a6120ac1461a13016d31d608cf03263a85881365f76030a5fef5dc43c6e49fdd,1.77635683940025e-15,4.7198536
803,MC1_K2_N1_L8_SP14_P4_R05,a8dcf08fd6502c8d4b1799f4033c99c1f4704c3d99d5483860068ebaf5549fbe,31a85cf10323dcb0ff906b98f8f0dab39e853ab81d2695b1979df50869258a07,1,89493d31ecae0c426da464972a90c49f756dad991054ac6cfe5c3d4f98b4e8fb,0,5.0599709
804,MC1_K2_N1_L8_SP18_P4_R05,c37a7ac83b90916e1427010a6eee40fc671710338cfe3c294d2e6306b4d81433,31a85cf10323dcb0ff906b98f8f0dab39e853ab81d2695b1979df50869258a07,1,5432f69082eabbfe46f9ea6eebe707b4be8481ae2aeb5e895e9db5431b1b84a0,0,5.3034817
805,MC1_K2_N1_L8_SP22_P4_R05,da8aca8300fa00005c2a7c2edacb9cd587c6e407d0d3be40f78e6ad0159c8c94,31a85cf10323dcb0ff906b98f8f0dab39e853ab81d2695b1979df50869258a07,1,3cb995bae342ca2412094fd4b1b3eee90892eeab2e5d41eae5194b54ab0e6588,0,6.077503
806,MC1_K2_N1_L8_SM6_P4_R06,38bd2d9a8052780c7d480b1b2dc50932a0f3aea17e1f0de697fd15f39ea19d64,31a85cf10323dcb0ff906b98f8f0dab39e853ab81d2695b1979df50869258a07,1,d54283a015cae36e5b21530660a009d9b06078ba739651ab316ecdab9000f5e0,2.66453525910038e-15,5.0915071
807,MC1_K2_N1_L8_SP0_P4_R06,af4d041781cc5aea5c90947db55e9b14f12501e2a1591ad0ff58de00868356b5,31a85cf10323dcb0ff906b98f8f0dab39e853ab81d2695b1979df50869258a07,1,a94e732dbd1713909bf8b232b075fa4eb6a70fd3040eb20647537fc6c8d8d301,9.64327466553287e-16,3.3392793
808,MC1_K2_N1_L8_SP6_P4_R06,708580835be8fcf3023fbec23062bd0506887e31f70afb4020180be7a731cfdc,31a85cf10323dcb0ff906b98f8f0dab39e853ab81d2695b1979df50869258a07,1,589f71e98d77062b9a287fdb808a55525dc4101afc5341a2fe5dbb524b619851,8.88178419700125e-16,5.6771356
809,MC1_K2_N1_L8_SP10_P4_R06,1cb21f10f730989529fd675c8617344d588a0c66e2a8ccb86226363687407980,31a85cf10323dcb0ff906b98f8f0dab39e853ab81d2695b1979df50869258a07,1,d7bde80fbf5867afbd614acb5caabb20e161a8d3f45e01265e8ec7f4ec66f5b6,1.77635683940025e-15,5.4379358
810,MC1_K2_N1_L8_SP14_P4_R06,2bbcf01201864c64535b3b396f41577bb497bfc8c10de641a3d57441b4c4e0d0,31a85cf10323dcb0ff906b98f8f0dab39e853ab81d2695b1979df50869258a07,1,7b20df4b5ea96ff56e61c3e2e1ad8ac9cd8ea9abfbf735086f80ccef71fb52c9,0,5.9434991
811,MC1_K2_N1_L8_SP18_P4_R06,2739229cc83b47e4dd4eeb3ad7426fcaa7fb436a0475c2f76a3b18d0d884a60c,31a85cf10323dcb0ff906b98f8f0dab39e853ab81d2695b1979df50869258a07,1,55208c16b505b08331783ae464b1355ee89e445568341cf7c4bd9d3683f9eb44,0,6.0203514
812,MC1_K2_N1_L8_SP22_P4_R06,80d6f2726a34c08aeffdff385a9b7b836192a99462fd4b8d7d3db0e73a19985e,31a85cf10323dcb0ff906b98f8f0dab39e853ab81d2695b1979df50869258a07,1,e330aa2dbba5b79ee6b4728a5eca045662aea08fbb2317db5da860b35c127a0a,0,6.1305487
813,MC1_K2_N1_L8_SM6_P4_R07,2e2da949cdd99130e33cdcf28533523a2c32b671c63dae49af02bd730baf8318,31a85cf10323dcb0ff906b98f8f0dab39e853ab81d2695b1979df50869258a07,1,a1ae86e3a5e168120702cf117d84887096a19b9a0d7ee1c7be661a3ab6dfbaad,2.66453525910038e-15,3.8232786
814,MC1_K2_N1_L8_SP0_P4_R07,ddfe8c7339117f0956d1e440fed8e6d60c272595de8943fb5c92430afd8b076c,31a85cf10323dcb0ff906b98f8f0dab39e853ab81d2695b1979df50869258a07,1,d0793b2506319ccf012a0376b183e345772c5d58efc3a24920f7c2d63470dd14,9.64327466553287e-16,4.1543265
815,MC1_K2_N1_L8_SP6_P4_R07,6aa569988f1843ef138348c3ff2a2ff95037ab366c8fad30235f65172223786b,31a85cf10323dcb0ff906b98f8f0dab39e853ab81d2695b1979df50869258a07,1,caa45feaa5d3284a765dff095d2453eef66597d3b5e908c71af994d2c5863941,1.77635683940025e-15,4.3276172
816,MC1_K2_N1_L8_SP10_P4_R07,5c83260530f0396980ad2263bf25935263b704deb127c6c87727fdef9694b3b6,31a85cf10323dcb0ff906b98f8f0dab39e853ab81d2695b1979df50869258a07,1,23a10ea34746b3a715d3b690630a7ac0957141d64acbcfdc088ea7ec80ae76d7,3.5527136788005e-15,4.9892798
817,MC1_K2_N1_L8_SP14_P4_R07,64056d79f0ba4e64c621c45b93955a961a269d6d95bb9ab9e6e19a8f1223efbc,31a85cf10323dcb0ff906b98f8f0dab39e853ab81d2695b1979df50869258a07,1,07910754cf42150fec1fad57e102712bbf3ef09d1a7c4020caad8955059afbb9,1.77635683940025e-15,5.9563334
818,MC1_K2_N1_L8_SP18_P4_R07,b8ea4a4e8e5ebf970921828cbdc5d6a50c1e973c9156cb5431566a215f22cabd,31a85cf10323dcb0ff906b98f8f0dab39e853ab81d2695b1979df50869258a07,1,8c1ed9ddbcb39cd1c4bf0c62de977c9312bbb4d0627ffb228ce320d29530af3c,3.5527136788005e-15,5.9103201
819,MC1_K2_N1_L8_SP22_P4_R07,6dbf03076267d384beaac525c25b1b74564143384764ec5054e5bbbe0b9f9070,31a85cf10323dcb0ff906b98f8f0dab39e853ab81d2695b1979df50869258a07,1,5e4f289602312cb835644b2cf9556cf02dc59db7f513000c432ee73f936bcbe1,0,6.219374
820,MC1_K2_N1_L8_SM6_P4_R08,4b40cdf3ecb5f58dd9f4ade2d1c3fbb41bcb160efbce6733dce7988ed6add5ee,31a85cf10323dcb0ff906b98f8f0dab39e853ab81d2695b1979df50869258a07,1,cc92ba2f3d38d0effa1a13a686bb645d6aa822a6880028962d8715098344ba24,2.66453525910038e-15,4.339352
821,MC1_K2_N1_L8_SP0_P4_R08,018aa5a372f2a138bf5620ef7ca15ac486832f6f161c4d32f21cc63ac92a412d,31a85cf10323dcb0ff906b98f8f0dab39e853ab81d2695b1979df50869258a07,1,3d305aa9384a82ec3347b5125f75d1a748ec66aee4ca8cb0907d6692e6fec9b2,1.92865493310657e-15,4.3611422
822,MC1_K2_N1_L8_SP6_P4_R08,fe144beb669e081c122c924147311425d1eecc434be8d12663df4865fcd8ecc0,31a85cf10323dcb0ff906b98f8f0dab39e853ab81d2695b1979df50869258a07,1,c684c828cc07a099944ab1805fa593bd6a6f9d417540d7e1b961bc14a649de14,3.5527136788005e-15,5.6516268
823,MC1_K2_N1_L8_SP10_P4_R08,906d277d79347279e0aa7fa0535c93788de87b393865e78b09e13488af3d83e0,31a85cf10323dcb0ff906b98f8f0dab39e853ab81d2695b1979df50869258a07,1,0407385bfb61bf58b9b9c706395727fa9c92b1b51a53adc0ec748ea208c1abfd,3.5527136788005e-15,6.5373614
824,MC1_K2_N1_L8_SP14_P4_R08,932d6852a74add4ac8ffd4afd7de4dd493c0160b45c7e58138ee933956bdd0b0,31a85cf10323dcb0ff906b98f8f0dab39e853ab81d2695b1979df50869258a07,1,ab059b75e24ca4eafba772d04481dfa9a1bdd6a9a83ac255733c3dbcbc6a9e1e,1.77635683940025e-15,6.2662912
825,MC1_K2_N1_L8_SP18_P4_R08,a08f66d0022f992d7900513db9f070fff05cf0a948f63802ce7fbf57dd40291f,31a85cf10323dcb0ff906b98f8f0dab39e853ab81d2695b1979df50869258a07,1,703ec436efd321188070413c2f16cbbda449c3c4623a31f9d0003fa84ef66698,3.5527136788005e-15,6.3948375
826,MC1_K2_N1_L8_SP22_P4_R08,5b140bd39e6d77a81888d123b51ed81b8ed568a7f680676d90999d22fc4e6495,31a85cf10323dcb0ff906b98f8f0dab39e853ab81d2695b1979df50869258a07,1,92e6469c9d63a2d9c803c596ec6e47c12bee0f0c8464bb2703485f2f45213f63,0,6.1982831
827,MC1_K2_N1_L8_SM6_P4_R09,8046a95b326f14e4022c1b50adc058f4c21cc010fac682265405fca476544215,31a85cf10323dcb0ff906b98f8f0dab39e853ab81d2695b1979df50869258a07,1,4114f9c202869da2899902b4be88700052b324a431579ce5706228fbd6c72d37,2.66453525910038e-15,2.4534169
828,MC1_K2_N1_L8_SP0_P4_R09,a5ccdbd85097eb667a4370b079e204408a886c1c7db1ee71a03afca8d8cfb7c1,31a85cf10323dcb0ff906b98f8f0dab39e853ab81d2695b1979df50869258a07,1,639b1043925208120d4de2533a0cbf511cdb43465a70403c8b92270bf85a25be,9.64327466553287e-16,2.6147288
829,MC1_K2_N1_L8_SP6_P4_R09,b61473ec26ed36c48401ed580a0d9a84bb7acf9622c3c9f8888866119af85ad5,31a85cf10323dcb0ff906b98f8f0dab39e853ab81d2695b1979df50869258a07,1,2094ccc9a0a3348472838dc9d8e7b3dcf3211875df45531d8c25046b3038d938,0,4.2851522
830,MC1_K2_N1_L8_SP10_P4_R09,a8976ec29315f5f5842044ef3fb7eebd6bacf6cecaf66f4b5d5c961f75434d78,31a85cf10323dcb0ff906b98f8f0dab39e853ab81d2695b1979df50869258a07,1,2e86955424bf4e9cb50d2179f30d5d6b318c6ab3061b00c854a7ee04959ae87c,3.5527136788005e-15,5.6350521
831,MC1_K2_N1_L8_SP14_P4_R09,fd45515b7ae88d65e6e2218d55174618bcfd3d556e48f8fc3f37524960fcdb5e,31a85cf10323dcb0ff906b98f8f0dab39e853ab81d2695b1979df50869258a07,1,302517e7fd4e548d2578aa426c9ae21f8c318701b1f9339217372dfffebc2445,3.5527136788005e-15,6.3295451
832,MC1_K2_N1_L8_SP18_P4_R09,a04991d74b493db27225c034e6260b3ac730c98ed2d02c831fa63cfe91541744,31a85cf10323dcb0ff906b98f8f0dab39e853ab81d2695b1979df50869258a07,1,ec8fa92fdd69f66ac030da88eac61622879e55239eabafa48d4f819a7f4fc992,3.5527136788005e-15,6.1431918
833,MC1_K2_N1_L8_SP22_P4_R09,37d6e1c9a0bfbf846dbd11ef14fd4150f5c83ad7a76b0cc090a8cc59a5808dfe,31a85cf10323dcb0ff906b98f8f0dab39e853ab81d2695b1979df50869258a07,1,793670583328141dce3be6029d651d0c87dfe24d93332d37de7d1e288fd5a217,0,6.2365698
834,MC1_K2_N1_L8_SM6_P4_R10,1f8b67472274a7d59b2610915b94d0a5004e5d3b04f48487faba220adcfa3198,31a85cf10323dcb0ff906b98f8f0dab39e853ab81d2695b1979df50869258a07,1,882cbd1acfdcdea9c393ce7c9f4e940d3068db5b5c3d6d2a32723d37f585895d,8.88178419700125e-16,5.5672086
835,MC1_K2_N1_L8_SP0_P4_R10,5a42cf13c82059192658cb5a99f567bf534a1939960120e3d8880efb7979a037,31a85cf10323dcb0ff906b98f8f0dab39e853ab81d2695b1979df50869258a07,1,99ea38cf2712f82238eb31e58bdfb12000e15ee0be4f4528bddc547882a526af,9.64327466553287e-16,5.8560023
836,MC1_K2_N1_L8_SP6_P4_R10,cac255b7eb7e3846918e2100fa81feb04813ae4065fc9043c65b67d388820fc2,31a85cf10323dcb0ff906b98f8f0dab39e853ab81d2695b1979df50869258a07,1,3ced3840cf1dc4b32dcbabfbae74695cff3cd735d1572bcaedd38d1e0eaaa9cd,0,6.0095704
837,MC1_K2_N1_L8_SP10_P4_R10,2c0e6b139c105286b308640e6a47cb7f5f6db18ae246c47bdf991e9b143b78cb,31a85cf10323dcb0ff906b98f8f0dab39e853ab81d2695b1979df50869258a07,1,980ff975fa593f7143e5d6afb376dee0775304d95f243cc35214d7cfd6d76d2f,1.77635683940025e-15,5.3403116
838,MC1_K2_N1_L8_SP14_P4_R10,f66a5a3c4fd528bcfa24ac559323e651af6bc74e11b657c905575e6d40a8d089,31a85cf10323dcb0ff906b98f8f0dab39e853ab81d2695b1979df50869258a07,1,815e73d29f6b6ca77a9dc0ef63fc593bc7e8a573b905c022872f51514d42cac1,3.5527136788005e-15,6.467918
839,MC1_K2_N1_L8_SP18_P4_R10,3ada4607cf8633510a025edcb4dc616dcf757a1dbb236b0ce53d0d3869b20aaa,31a85cf10323dcb0ff906b98f8f0dab39e853ab81d2695b1979df50869258a07,1,4690fca3c376d7a9e1e12f5934940290dc18d1f12d27fe36d91f5378cbf33aee,0,6.1188517
840,MC1_K2_N1_L8_SP22_P4_R10,020879bfb91017d461b374bed0d94de2aa7b1bab61b0f09c90238b779450839f,31a85cf10323dcb0ff906b98f8f0dab39e853ab81d2695b1979df50869258a07,1,9aa35960ffe84e4376640e38eb7bff35aa8f3a88355a8fa5440a113700624573,0,6.1356701
841,MC1_K2_N2_L1_SM6_P1_R01,2f263c5cd6441133f3db24947fb9e3fcf464f83d3c0dee373c5e69859bcdf867,7ac5f2ed7f8b920df52a4e1cde4f3ee8f80b69a8208c8d8579b1925f9a445627,1,8af956a00c0fc987319c5d04a4e969f6ce2ca6ca381b7147345d9170a5808ef1,2.1227464230833e-13,4.5717871
842,MC1_K2_N2_L1_SP0_P1_R01,95370bb9c0be73264bf1386314f1c899fd9e2eefe0642d401599540405e66898,7ac5f2ed7f8b920df52a4e1cde4f3ee8f80b69a8208c8d8579b1925f9a445627,1,0fc36f4a27aee190ba4c4d736ba10627bb185f103261d71861d344cad17f9725,8.4571518816715e-13,3.6911622
843,MC1_K2_N2_L1_SP6_P1_R01,2a7d5ce87ebf261517ff4fa9a209ab084a2a92cb98f444d2c8d1f058de675af4,7ac5f2ed7f8b920df52a4e1cde4f3ee8f80b69a8208c8d8579b1925f9a445627,1,ba83d576ff6c08bef880e3c6f836c78d314f7e3861f7024dad49051676c86b8f,7.15871806278301e-13,3.1992743
844,MC1_K2_N2_L1_SP10_P1_R01,c7d206b4cbd25dbea3ba6a19f4c091dc9840523c1cf351bb25673c6986b296cf,7ac5f2ed7f8b920df52a4e1cde4f3ee8f80b69a8208c8d8579b1925f9a445627,1,e0b0fc9b78e5e6e3b9c76354959e78ebe95a4fc80ae59ed5c1430fb790200688,6.14619466432487e-13,2.9507751
845,MC1_K2_N2_L1_SP14_P1_R01,690c3e0bc0a21edad229b2dd0564ee8a8d47a49552bb239f7dc1ecb9532fd72a,7ac5f2ed7f8b920df52a4e1cde4f3ee8f80b69a8208c8d8579b1925f9a445627,1,72afc75997cf6fc087d4f367996947eb1fca28d254dad2231e426caeaab91363,2.73558953267639e-13,4.9581765
846,MC1_K2_N2_L1_SP18_P1_R01,aaa9c329326136c6219f22d1341f77b6d087f39546dc483fb28d7bf66afa0e2f,7ac5f2ed7f8b920df52a4e1cde4f3ee8f80b69a8208c8d8579b1925f9a445627,1,452446960296ae973d8277a016e7a9ca23d2f8ee47287aa94d7b21994a2bbfe2,8.24229573481716e-13,4.3066908
847,MC1_K2_N2_L1_SP22_P1_R01,7ccbd3acf22babb47b10084e14c79f61b2b0c9b174fb618643b8c5082cd276a6,7ac5f2ed7f8b920df52a4e1cde4f3ee8f80b69a8208c8d8579b1925f9a445627,1,3e9176bffb3790194b000f1769a0ce23a327e7db1dd334f130951ca2430f01e1,3.5527136788005e-15,4.2552144
848,MC1_K2_N2_L1_SM6_P1_R02,793621d201e70da299a8fd9b9613ef668d0fff720a82544340e7fd8d01797eb4,7ac5f2ed7f8b920df52a4e1cde4f3ee8f80b69a8208c8d8579b1925f9a445627,1,363264f1d2afac3a724a37bc00fe4e21a6aac3e3aaa869d9324cdcc8b90408f7,1.72306613421824e-13,3.2097504
849,MC1_K2_N2_L1_SP0_P1_R02,d3f000d21c6c30e8b2e5b5dab1ea01234aacfeb9dde3bb9eb3a3da270b942ed6,7ac5f2ed7f8b920df52a4e1cde4f3ee8f80b69a8208c8d8579b1925f9a445627,1,95fc87f57c15905e20ff546a7039acdd8472a5e643e280d91980b860cfcafc80,4.64323675145433e-13,3.3518501
850,MC1_K2_N2_L1_SP6_P1_R02,1adb31cc1185c42ce3f8e6cadbf60aa322a16d3ecd04904821fe8aae45394f23,7ac5f2ed7f8b920df52a4e1cde4f3ee8f80b69a8208c8d8579b1925f9a445627,1,cd933b3f505841358a9eabf23801ebe460b7ee7cfd1162f2538e0b6b31614d14,2.1405099914773e-13,3.3931731
851,MC1_K2_N2_L1_SP10_P1_R02,eee378dd8d5b9581d11c0f0315adc8a0663822f0508ad22dd796dce73d5daed8,7ac5f2ed7f8b920df52a4e1cde4f3ee8f80b69a8208c8d8579b1925f9a445627,1,71d3495ef2a20e3d8827b3a419e85876b05653c99af1dbfd8072458d15bb2ddd,4.9560355819267e-13,3.2554763
852,MC1_K2_N2_L1_SP14_P1_R02,d0c186e8dab8786563440a69509ef0936eda4f6a8c4e7c0be08e77775f0638b1,7ac5f2ed7f8b920df52a4e1cde4f3ee8f80b69a8208c8d8579b1925f9a445627,1,14a279a4c723f3448a830b7010f73dae4e6e4ffb37ec227535bb64b717d1c2bf,7.8159700933611e-14,4.7888103
853,MC1_K2_N2_L1_SP18_P1_R02,77bdb2540d01af72a59ab6c14854b0a5fd3e85de2a10142c0cf53a77a9309cc5,7ac5f2ed7f8b920df52a4e1cde4f3ee8f80b69a8208c8d8579b1925f9a445627,1,ebab3670519cf6bc321d3b3f8da23c294633066995821b6c1300d3bd7ec3dc0b,3.19744231092045e-13,6.5900276
854,MC1_K2_N2_L1_SP22_P1_R02,8f956d50e72c2fa75d96332cfd336e2614ed53c3ae65db33ffeec3303f69bcee,7ac5f2ed7f8b920df52a4e1cde4f3ee8f80b69a8208c8d8579b1925f9a445627,1,d78863f5407a90e5b567e9f5671a156d4ceae41b93b5a176d4d7aa6c5c81a32e,8.5265128291212e-14,6.3463187
855,MC1_K2_N2_L1_SM6_P1_R03,9d9707e3a25aebd727b5e4f0dde05443875321aad649fea50643711a2f2bd427,7ac5f2ed7f8b920df52a4e1cde4f3ee8f80b69a8208c8d8579b1925f9a445627,1,977495c17760c0e6eb0bd286c25a4cb2643db58d4d812e237fb5b8a55c9ea319,1.31450406115619e-13,2.3949126
856,MC1_K2_N2_L1_SP0_P1_R03,aa1a2086e150f735617b078a97ebe4adb9ca2ca5bb5410ba89ffa49c37755a9f,7ac5f2ed7f8b920df52a4e1cde4f3ee8f80b69a8208c8d8579b1925f9a445627,1,67b77a885ac6b452539c3d0c7d48fa8461a47da1a19257bedbc4a34652cfe132,5.09164902340165e-13,4.1083247
857,MC1_K2_N2_L1_SP6_P1_R03,04abf01121feb3b1a0ab8db956c5a2af5c0d01551c333e7d89fea63f98a82059,7ac5f2ed7f8b920df52a4e1cde4f3ee8f80b69a8208c8d8579b1925f9a445627,1,a3adc269ffccaf7ae89a4b5a3ff65d553790abc44f4ca5fd2105c7a93b3462b9,1.26121335597418e-13,5.5961262
858,MC1_K2_N2_L1_SP10_P1_R03,047e953a43bd1f3d27295ac70cf8cfe167d6f601c9d4b23765790c37f9182759,7ac5f2ed7f8b920df52a4e1cde4f3ee8f80b69a8208c8d8579b1925f9a445627,1,26a4df2386f51bb024d89ee6f297d72c6a5019c0c8b77ef4fbf5643aad59f333,1.11910480882216e-13,4.6246426
859,MC1_K2_N2_L1_SP14_P1_R03,a5e8743e86d4125d81b9b11cdbf9f906aff1d296ecd00aadeb3eecf8d0acb410,7ac5f2ed7f8b920df52a4e1cde4f3ee8f80b69a8208c8d8579b1925f9a445627,1,61a3114e783eee95eaa53b8ebfd8eb4c3aebcc9f296900cd6425abe8c7022407,1.09423581307055e-12,5.5521973
860,MC1_K2_N2_L1_SP18_P1_R03,c08d3c46158a1aac1a18858c4a072482c4926caaf45745c2f10688e64ee51c0b,7ac5f2ed7f8b920df52a4e1cde4f3ee8f80b69a8208c8d8579b1925f9a445627,1,aa83e2c00cb347a3ea74bfcb68cb66244bb9c144f30f72ee342a1cc631ab91ce,1.10134124042816e-13,6.2023474
861,MC1_K2_N2_L1_SP22_P1_R03,10cab2f54285bd32b2257a3efda3a8872fc65d8dcda7b716aab3c3336222882b,7ac5f2ed7f8b920df52a4e1cde4f3ee8f80b69a8208c8d8579b1925f9a445627,1,09c52966fb082a570b0e19e1d1b95bb7f9700f94febaaa7fdadc667899bac135,3.5527136788005e-13,6.8361752
862,MC1_K2_N2_L1_SM6_P1_R04,95309ee8e15a0aa5c60b64cb8afd98c96548fd7511c000fc19782b966be880ae,7ac5f2ed7f8b920df52a4e1cde4f3ee8f80b69a8208c8d8579b1925f9a445627,1,f6a9095a3787af7068640ee5f2eb36dd8aacbd09b28ef942d2f119ad9eb777c4,1.59872115546023e-14,3.0976034
863,MC1_K2_N2_L1_SP0_P1_R04,6e05b778bdb02b9e6cd26751344eef99d1418b2d74ffd054f26e63080fdf1172,7ac5f2ed7f8b920df52a4e1cde4f3ee8f80b69a8208c8d8579b1925f9a445627,1,0fa988954da775dadc9daee71a80bf95890f6d712f85cf4e48c0f8da6156a0e0,6.13312268727847e-13,3.0263283
864,MC1_K2_N2_L1_SP6_P1_R04,cc7a08d53a0dcc7998af186b0ea4b6ae690e2a652f9ff61e15fdc48fd73f4957,7ac5f2ed7f8b920df52a4e1cde4f3ee8f80b69a8208c8d8579b1925f9a445627,1,50eb625cf072139f6cc99e8ac920227cfb7ea7c47d77da4a14bcd0f8cfc70791,2.8510527272374e-13,4.0851578
865,MC1_K2_N2_L1_SP10_P1_R04,7b95163c1562b661d2b6b7f9993527cb9368197786535d2d0a9a8c422e093cd2,7ac5f2ed7f8b920df52a4e1cde4f3ee8f80b69a8208c8d8579b1925f9a445627,1,1db9cde2af5acd3b565d8c524bbb3eb6cff4198d91a17378d1c266efc83637b1,8.89954776539525e-13,4.9753847
866,MC1_K2_N2_L1_SP14_P1_R04,102ad1eabc1b22624be886628b9bf09153853e7ebf16c8b87b3d08826b7b80af,7ac5f2ed7f8b920df52a4e1cde4f3ee8f80b69a8208c8d8579b1925f9a445627,1,985c903620690f0abbb33bd844bee29472171993f1a7d4fb95e7fbbe1fe640a5,1.27897692436818e-13,4.6920279
867,MC1_K2_N2_L1_SP18_P1_R04,266db962f1a24b12b3e73de0d48b0ec9b887662d5e837333187077182c705641,7ac5f2ed7f8b920df52a4e1cde4f3ee8f80b69a8208c8d8579b1925f9a445627,1,8dee70b257959b6d11920b460e9abf750d972b59dc93c65a0f4856dded35602d,7.92255150372512e-13,6.1889136
868,MC1_K2_N2_L1_SP22_P1_R04,26391c08719773bdd6081fc3b753f9c063ef0daf2f23e84ee23c09f6b7d1a341,7ac5f2ed7f8b920df52a4e1cde4f3ee8f80b69a8208c8d8579b1925f9a445627,1,937d18485d1de3a8e4365b1f19025c0ccc5164dc00cd0cb757023ec78f966fff,6.50146603220492e-13,5.9798974
869,MC1_K2_N2_L1_SM6_P1_R05,c4d59866a9017a1d1314c8aeb70cafccfb69384e0d804a279d4db12ac689df1c,7ac5f2ed7f8b920df52a4e1cde4f3ee8f80b69a8208c8d8579b1925f9a445627,1,e565d50465735558b4c782ccb34e46f96cc6f9809d6066563119a97bc87bcc57,5.93303184359684e-13,3.2377192
870,MC1_K2_N2_L1_SP0_P1_R05,45a8ed863e6b0f5459675f4c644fe8fdbe4364b9431e43645373207f0c72d94c,7ac5f2ed7f8b920df52a4e1cde4f3ee8f80b69a8208c8d8579b1925f9a445627,1,5eb6748d96a09551801415f18d9f621b5bee9557179a7b8830cf01a9139454f6,5.50148819668685e-13,4.3868114
871,MC1_K2_N2_L1_SP6_P1_R05,af8674be5b7af88d95e9a95eae85b535903d2634d50814ada69b5f6ca8ad0873,7ac5f2ed7f8b920df52a4e1cde4f3ee8f80b69a8208c8d8579b1925f9a445627,1,a33feab545b87cf27117cfb88d3bc75d702399296d943327dc25d1d14d4a156d,1.11732845198276e-12,4.2569584
872,MC1_K2_N2_L1_SP10_P1_R05,8bb9c409c4037d6dab5ca07d1b7c841bf2841810c5abfff01238475135e70706,7ac5f2ed7f8b920df52a4e1cde4f3ee8f80b69a8208c8d8579b1925f9a445627,1,0ba72e7187bd6bcd66868debdcef2c0f90b22b6d4f2d6d16a1477c54fbb14bb7,9.13047415451729e-13,4.4929144
873,MC1_K2_N2_L1_SP14_P1_R05,c6a7f6e4d8be6b69e7eec205ba26574675aa4f70e2e03eb982242d7f10fe6c42,7ac5f2ed7f8b920df52a4e1cde4f3ee8f80b69a8208c8d8579b1925f9a445627,1,d159f213a3fb837abaf0a47bb08bfdad07ec9ffa5c433646efa6b6650b1970cd,8.65085780787922e-13,4.2994806
874,MC1_K2_N2_L1_SP18_P1_R05,efb4b875227f40b7af6b058d63dd50975af6e27f3132f3ed418e75bed9a490bf,7ac5f2ed7f8b920df52a4e1cde4f3ee8f80b69a8208c8d8579b1925f9a445627,1,611f75a505c55f99d6ed9e4ecdf49e94a78525d0773ff360a2adcff26efc6b1f,6.43041175862891e-13,6.0654236
875,MC1_K2_N2_L1_SP22_P1_R05,c1584a579b9000ac42f7125a7750b768ed07789c036bd9768e26192c3e821a2d,7ac5f2ed7f8b920df52a4e1cde4f3ee8f80b69a8208c8d8579b1925f9a445627,1,17e7b2c90883c3ce050cf960dff558520f23eac926a23e88697d7d8821907962,7.105427357601e-15,5.8781711
876,MC1_K2_N2_L1_SM6_P1_R06,fc86d61e1b1671cfdc9e2c21ab689b381b1cbdf3d3c8fbf98af9e7d56509be6e,7ac5f2ed7f8b920df52a4e1cde4f3ee8f80b69a8208c8d8579b1925f9a445627,1,e69b39141443439035d31521b0363f05b90cd18e6d1c8e5ba08d7dcf945de5ea,6.3593574850529e-13,5.150546
877,MC1_K2_N2_L1_SP0_P1_R06,9a2560cfc348588c17af9a88fcb8907caebef055be7a1a68a20465aa4035a05c,7ac5f2ed7f8b920df52a4e1cde4f3ee8f80b69a8208c8d8579b1925f9a445627,1,721f1c7086088413c0d055bebb7c766cb689dfe9d39f919354dbc20cea29ef0c,4.18518120484106e-13,4.4625255
878,MC1_K2_N2_L1_SP6_P1_R06,fe919a52abaf1d7fdd2820a81d9f349ee50940776d4f7b35227d1cd5926c104b,7ac5f2ed7f8b920df52a4e1cde4f3ee8f80b69a8208c8d8579b1925f9a445627,1,55290b3ce89f6fb576cb003e738a1cdadd0311ed534685897b8d280ae401e198,1.27009514017118e-13,4.7304218
879,MC1_K2_N2_L1_SP10_P1_R06,07336f06f9f5025a59c0fddda1b0bdf26b1e2fd23de1c2710dbad2016efe7c68,7ac5f2ed7f8b920df52a4e1cde4f3ee8f80b69a8208c8d8579b1925f9a445627,1,6fc5426864a6e81804f251f85e932836c3f0ca04da81747967c36171c02bc7ea,1.98951966012828e-13,4.7576604
880,MC1_K2_N2_L1_SP14_P1_R06,9968c718d343a2a2dfddd97da3872ffeb329270aedf5efaaf26dc2153ad9d542,7ac5f2ed7f8b920df52a4e1cde4f3ee8f80b69a8208c8d8579b1925f9a445627,1,16865196e1c45a84c302bdd6b4ab30ce2f405abd9209c8be588acc6437900858,7.46069872548105e-14,4.243516
881,MC1_K2_N2_L1_SP18_P1_R06,c5210541b0ec715e747c1d261e97b7146ffd0b933346c20b6cf0c0a49f1c46c5,7ac5f2ed7f8b920df52a4e1cde4f3ee8f80b69a8208c8d8579b1925f9a445627,1,4b1e59a6412459054e2005aed276c0980d2424c4f52a561c691b81a8816eed2f,2.1316282072803e-14,4.0627372
882,MC1_K2_N2_L1_SP22_P1_R06,d084b9247fb45375e3d588d8059cc27bbdb761fa8a6fee9c020a9fb5ecdcb66e,7ac5f2ed7f8b920df52a4e1cde4f3ee8f80b69a8208c8d8579b1925f9a445627,1,d2b2f432218b9deb2ef00c9880d635cd7a62bb6291782d4fa313911c0442005d,2.55795384873636e-13,4.5039606
883,MC1_K2_N2_L1_SM6_P1_R07,7272adff5e4882a4adb925b75f373c3c7d30df3d9adbaa1adfca35ddaf4a1f38,7ac5f2ed7f8b920df52a4e1cde4f3ee8f80b69a8208c8d8579b1925f9a445627,1,7c13d4fdd494733074ea5bfd7cceb67315c2a900c7a53f16db527404b0cafe45,3.5704772471945e-13,2.5645967
884,MC1_K2_N2_L1_SP0_P1_R07,8e9369f28d4a8f3071306549d8a2a0ea5573a92ec9c8f23affe773cad1bf166b,7ac5f2ed7f8b920df52a4e1cde4f3ee8f80b69a8208c8d8579b1925f9a445627,1,845991ef8c1cc4eb55515bd7cfc1ad8ff2bf4b5fa22adc9ca9f19db10f83c8fc,2.20830989840708e-13,2.6741533
885,MC1_K2_N2_L1_SP6_P1_R07,193702775588d7efb84789d502cd993aeb66bbc1a9935d21d46a8549a931c223,7ac5f2ed7f8b920df52a4e1cde4f3ee8f80b69a8208c8d8579b1925f9a445627,1,5d3e6a7852cd100fc5818345da1f7cac82b7c2081d932805e0b7bdbcbc2069f8,1.19015908239817e-13,2.3878046
886,MC1_K2_N2_L1_SP10_P1_R07,e06d1fc5b80a34f35c52e99606671716975fd573c8909acaa378bdc0d347c703,7ac5f2ed7f8b920df52a4e1cde4f3ee8f80b69a8208c8d8579b1925f9a445627,1,eab8eb455fde0afde495ee4cac07f237a1b7dcf00d850a6f4b13391724d89880,8.5265128291212e-14,3.596979
887,MC1_K2_N2_L1_SP14_P1_R07,bbe5c07d8a742c3eeefb035eed0ffbade2e796eaeae8f216f88b2937e5678380,7ac5f2ed7f8b920df52a4e1cde4f3ee8f80b69a8208c8d8579b1925f9a445627,1,4578e0b6fd487114933226151876629942fb9c487556c90ce3fb0974258da345,5.71986902286881e-13,3.6781919
888,MC1_K2_N2_L1_SP18_P1_R07,d595579c1430403ba8bab33b9d6c37e6fdc0531ed3adfaae75733be1a56aa41d,7ac5f2ed7f8b920df52a4e1cde4f3ee8f80b69a8208c8d8579b1925f9a445627,1,0b865ffb7a677084f20756eca833938b07b269d6a890a2dff4a46bde8f412fcc,5.36459765498876e-13,4.203058
889,MC1_K2_N2_L1_SP22_P1_R07,9c6056f5b93f8712ebf53c6d9b9e6ba4dba9da2619025509fb1f79a8050e16d7,7ac5f2ed7f8b920df52a4e1cde4f3ee8f80b69a8208c8d8579b1925f9a445627,1,53d6949d46c93933a972085ce65493950ebe8b4e068bd139261d504fcb4f9da8,8.5265128291212e-13,3.8727037
890,MC1_K2_N2_L1_SM6_P1_R08,8083d82b7234ef35b9e85cb7dd5746434d06756eaf9c9b1625207030148b6152,7ac5f2ed7f8b920df52a4e1cde4f3ee8f80b69a8208c8d8579b1925f9a445627,1,ab8dd4495c868bde1f951f85a86bef283a9a058067b9031aadca380d9dadcafb,1.74082970261225e-13,3.0377344
891,MC1_K2_N2_L1_SP0_P1_R08,b91d9564a46caac0f63ca40d623a4bdc4c8609efb99263dca234f2d427b27a8a,7ac5f2ed7f8b920df52a4e1cde4f3ee8f80b69a8208c8d8579b1925f9a445627,1,19cfe152790eeb967e1b2e32c68ae00b73cf5984e5a126f4996f92f3e7452018,6.036689940624e-13,2.7330027
892,MC1_K2_N2_L1_SP6_P1_R08,c89053aefa48681fd7a8dd3df765625406d5d0841e9c0195f32794d1e86761be,7ac5f2ed7f8b920df52a4e1cde4f3ee8f80b69a8208c8d8579b1925f9a445627,1,b4700e3123a9d5c833a208a9ac62c113838fd970b09b560908b4cbf44838789d,3.96127575186256e-13,6.1735166
893,MC1_K2_N2_L1_SP10_P1_R08,6d53f9e9c8b9913f4a01c91f6e664e62f75b0594c164a8f974ffc1a47b08bc6c,7ac5f2ed7f8b920df52a4e1cde4f3ee8f80b69a8208c8d8579b1925f9a445627,1,f2c0da6914a7131298d1a91198714e64cb60f8cbbf34c0adb561d2e9e7e18571,6.78568312650896e-13,5.9993778
894,MC1_K2_N2_L1_SP14_P1_R08,6c56fceadb124a531af9b0486cfe6084cea5efecc32ce8c1acd914573514f9a7,7ac5f2ed7f8b920df52a4e1cde4f3ee8f80b69a8208c8d8579b1925f9a445627,1,597681814b3928ff2ce0b097965dc14f7f84a876c22d8f88580d633e053b81b9,1.06581410364015e-14,5.3667715
895,MC1_K2_N2_L1_SP18_P1_R08,d67a12cf666b5d0be41955ae1c34c34cb6d862fe09c253e01b9defbac44d67a0,7ac5f2ed7f8b920df52a4e1cde4f3ee8f80b69a8208c8d8579b1925f9a445627,1,7ed827ffffe9a3f9eeec53c30b9244ded0a86c8781c406567d056d8461b07317,1.26476606965298e-12,6.0282485
896,MC1_K2_N2_L1_SP22_P1_R08,6c38778bd18179300fbe94159fa6d3db6da8dd3aa3cb047f654144c973b4490b,7ac5f2ed7f8b920df52a4e1cde4f3ee8f80b69a8208c8d8579b1925f9a445627,1,1517e058a2a1c7bac7bad73064674953cd8ecd3ca7af72c2026df1099ba8ca78,6.14619466432487e-13,6.3138895
897,MC1_K2_N2_L1_SM6_P1_R09,54403f4c3aa4a99a78d414789e19e46923fd1a9e82b5aeb5d584a2b0fbb7abac,7ac5f2ed7f8b920df52a4e1cde4f3ee8f80b69a8208c8d8579b1925f9a445627,1,1330a671318cf784df24099297b34fe799a54c16e011512e488419f5f293b02c,5.55111512312578e-13,4.5222571
898,MC1_K2_N2_L1_SP0_P1_R09,1200ffc768247b189ecbfdff3e9f8684abada7f90f661ba3df1fb3efebc93530,7ac5f2ed7f8b920df52a4e1cde4f3ee8f80b69a8208c8d8579b1925f9a445627,1,e91e5cef2c918963143d4111db6e9807487e671693f13d53d8bc6c1602751516,3.23049701295339e-13,6.1283161
899,MC1_K2_N2_L1_SP6_P1_R09,1648cdc25310c1ab86c6220114b642398bff29ec4fd70143f688e721203ab143,7ac5f2ed7f8b920df52a4e1cde4f3ee8f80b69a8208c8d8579b1925f9a445627,1,9f62f6081242552ada3be4cb88a0cd882d2ebc9b42eed9152d85eba8de8274e4,4.15667500419659e-13,5.271718
900,MC1_K2_N2_L1_SP10_P1_R09,3291e352966e9e88ca22977147e28a9316aad0c80a71c0ce15367f1d71316c9f,7ac5f2ed7f8b920df52a4e1cde4f3ee8f80b69a8208c8d8579b1925f9a445627,1,717d5843bbd8ccb2764b241f0c24de8c9ad7adf6324a74c91d3e697f20d98811,5.00932628710871e-13,6.071329
901,MC1_K2_N2_L1_SP14_P1_R09,45e8c67d40aa903e3bf3669119c76816b7b6051d82169ce17cb1775d569ee690,7ac5f2ed7f8b920df52a4e1cde4f3ee8f80b69a8208c8d8579b1925f9a445627,1,e4c09d73e2d721f668a550cee3c2bd7b6a5c4a667305959bd349596a0fc4f639,5.25801624462474e-13,6.8224963
902,MC1_K2_N2_L1_SP18_P1_R09,fa0686ddc3690db7fca33edf1c11bc31ad18491897c7ab8c9965c047154bc942,7ac5f2ed7f8b920df52a4e1cde4f3ee8f80b69a8208c8d8579b1925f9a445627,1,18068ceb94ee2943154d9085f962a056355a9a10d620888a493cda1be383b0fb,2.87769807982841e-13,6.0971011
903,MC1_K2_N2_L1_SP22_P1_R09,88c0b2157bd1279f6f8c852a530563b6cfc86f7597e88653cb77094a84f208ea,7ac5f2ed7f8b920df52a4e1cde4f3ee8f80b69a8208c8d8579b1925f9a445627,1,36c7601df7afbfcdbf41b35cd92e1ecfbdb9fbf04d87c16b9744b82c549d915f,6.46593889541691e-13,5.9260682
904,MC1_K2_N2_L1_SM6_P1_R10,94e7b46a71fd101117cc24a23e1be7e541b39e640463166718b84fc36b2950f6,7ac5f2ed7f8b920df52a4e1cde4f3ee8f80b69a8208c8d8579b1925f9a445627,1,1796f55203f408d021c38434211cf8d48854a205d2bf9ba81c5f8e32d867bcfd,1.47437617670221e-13,3.1034753
905,MC1_K2_N2_L1_SP0_P1_R10,a43ccef47878c907a5509d5a90eb6c9c57386c7c07d2aa1fa807630561fbc2c7,7ac5f2ed7f8b920df52a4e1cde4f3ee8f80b69a8208c8d8579b1925f9a445627,1,5e6f63b0749650f58d343f3abaa546f712186ac92b03eb6da650ac6ed58633ff,4.72520458611136e-13,3.0196382
906,MC1_K2_N2_L1_SP6_P1_R10,16192f0da7fc5eafad1396d378429c9062d2b24a9a3b442852ae9adb32b7584e,7ac5f2ed7f8b920df52a4e1cde4f3ee8f80b69a8208c8d8579b1925f9a445627,1,3d6c5d3f5aaaa0cf90f9919358820d5a80de454ca6d371d06be67e2bef73f73f,3.5704772471945e-13,3.3134726
907,MC1_K2_N2_L1_SP10_P1_R10,5e62a02dbc5cd1ff9535b0114d6694310ae125c722e3d4f49df3a6dd8e9bd196,7ac5f2ed7f8b920df52a4e1cde4f3ee8f80b69a8208c8d8579b1925f9a445627,1,ce9d2698b44fd3edc0e163881796d3427c91f08392c8ed0b6f2ef913634a3a33,2.48689957516035e-13,4.4235669
908,MC1_K2_N2_L1_SP14_P1_R10,5997ae287be615cbb3091c20be9f7b7d34eba5114362a76f76b0f021d787a2ba,7ac5f2ed7f8b920df52a4e1cde4f3ee8f80b69a8208c8d8579b1925f9a445627,1,b9b5476f98702710a16c0c0b19248d70b9037bb80266d37a69c42a9b02bf279f,6.64357457935694e-13,6.2146039
909,MC1_K2_N2_L1_SP18_P1_R10,22cef06090e86de6b64cb89e72ab5d6f51c75b3706e2decb8f66d3297871b5ba,7ac5f2ed7f8b920df52a4e1cde4f3ee8f80b69a8208c8d8579b1925f9a445627,1,de2c5334ea4ae63dbd65f1595c8ac399a547bb5f79e782bf4f75b1af6a5a133a,6.92779167366098e-13,6.1907326
910,MC1_K2_N2_L1_SP22_P1_R10,2aab0ca9cd24a2ef5e4ab0ce7012f9331c751805e5efbdedc330833bf6c469e1,7ac5f2ed7f8b920df52a4e1cde4f3ee8f80b69a8208c8d8579b1925f9a445627,1,93214ec5e7f61e7cf76e60210c9cb159e5749d35be7172233ef795a2f1a0833a,4.68958205601666e-13,5.9970985
911,MC1_K2_N2_L1_SM6_P2_R01,ba0a81ef9f0a1661a7ee8fe572cd260e4bb597753bfb6f9c63dbfbe055c88b0d,7ac5f2ed7f8b920df52a4e1cde4f3ee8f80b69a8208c8d8579b1925f9a445627,1,6bfa7980c349da0c5a1db39ef05c802083abbc697c485aef31fe421fa8332cb2,4.45865566689463e-13,2.6825238
912,MC1_K2_N2_L1_SP0_P2_R01,70bf09081af66105b124b448e3ba27ae6295bfaa2b92edaa116ad670498b6328,7ac5f2ed7f8b920df52a4e1cde4f3ee8f80b69a8208c8d8579b1925f9a445627,1,5dc59a4e8e79b9317f99a65e2a34fafa0e9ceeeda42bfe7444d6b23ece9a352f,2.79654965300444e-13,3.4326953
913,MC1_K2_N2_L1_SP6_P2_R01,37d2a1fbfc97dedd1f170aed294e8acf835571b4b0c8307ccaf6671bd98709b4,7ac5f2ed7f8b920df52a4e1cde4f3ee8f80b69a8208c8d8579b1925f9a445627,1,8650fd7b8ed96c1937c367add1cd614541a647b140a18e24b0004d4b0e2f887f,1.66977542903624e-13,4.5605636
914,MC1_K2_N2_L1_SP10_P2_R01,4d4ffb0879adf897c8a31d5f0ad70d54ce8fdf8842c9d654fe47d36d72f997a9,7ac5f2ed7f8b920df52a4e1cde4f3ee8f80b69a8208c8d8579b1925f9a445627,1,c1db35fc9b334a4acca442f204eb02b0ca7cafda4eadf85b5750775b2ce64332,6.11066752753686e-13,4.9667545
915,MC1_K2_N2_L1_SP14_P2_R01,39aff64852fe5b5770e9d064b2dca4e81212554c8d81f18f34b2593ece93e417,7ac5f2ed7f8b920df52a4e1cde4f3ee8f80b69a8208c8d8579b1925f9a445627,1,392c53ee277ad46164dc0b7d5a0fece4164c185c910126fc9801caa5759b121b,3.30402372128447e-13,5.3335075
916,MC1_K2_N2_L1_SP18_P2_R01,a6a32e4d2a61cd58655a62155433ce9536913a49b6fcc26a3b272cdfdc3a0687,7ac5f2ed7f8b920df52a4e1cde4f3ee8f80b69a8208c8d8579b1925f9a445627,1,676a49534b1ba3450914ad2a386f439a6bed79dfeaf2107c993634f1797b6838,1.03028696685215e-13,5.7887192
917,MC1_K2_N2_L1_SP22_P2_R01,c3ebc1945b5fb2d865cdab42cd9faf2ee620995da8656f2de68735cd04c8ce30,7ac5f2ed7f8b920df52a4e1cde4f3ee8f80b69a8208c8d8579b1925f9a445627,1,15d60d27e20d715c14adcf56d14212e3d8a5f86a85755db72e335dfb76d866c4,3.12638803734444e-13,4.7254889
918,MC1_K2_N2_L1_SM6_P2_R02,0685b7b15b38378371df5cac993b5823c1cbaf0f1fcc00cfa4667906f24ead5f,7ac5f2ed7f8b920df52a4e1cde4f3ee8f80b69a8208c8d8579b1925f9a445627,1,b365d71d5b5335dab5ea34e81fb723cc3286d62298622085af374c6675480398,6.3593574850529e-13,2.2825757
919,MC1_K2_N2_L1_SP0_P2_R02,d605510545ce1b13a5e2c56ca18154ddfc4f450aa33580af475c7d30c4a85caa,7ac5f2ed7f8b920df52a4e1cde4f3ee8f80b69a8208c8d8579b1925f9a445627,1,b2e6aae1943a24e0e397499ab2e307dfe1bde7e093db08ec4c54b6f030d6dde2,2.68083035701806e-13,3.9713002
920,MC1_K2_N2_L1_SP6_P2_R02,aba165a0aef4bcf05834e146d3aae6ac850573193c81568fd21e014e2f3cd2ef,7ac5f2ed7f8b920df52a4e1cde4f3ee8f80b69a8208c8d8579b1925f9a445627,1,c069afdd7e52b4441ecffd8d465217a7f575a28353c72799d17f5146ae4256ca,4.60076421404665e-13,2.3317413
921,MC1_K2_N2_L1_SP10_P2_R02,e6f7563aba3f04ec0318c64f412813e1184845557bc66a415836c66d1efb4828,7ac5f2ed7f8b920df52a4e1cde4f3ee8f80b69a8208c8d8579b1925f9a445627,1,8d4e87663c2a32a8db79befd966cc8953b82129473979d649a35ad41b11e956d,2.29150032282632e-13,2.3082991
922,MC1_K2_N2_L1_SP14_P2_R02,9f7f59cc7d538d23e2a8ae2351a2806d35b2cba5504e1d0c740b54419119168e,7ac5f2ed7f8b920df52a4e1cde4f3ee8f80b69a8208c8d8579b1925f9a445627,1,40684242347c4de9ff63d1ca89515ac1c6f98207426ecfcc2f873e22091dcef7,9.30810983845731e-13,4.0991209
923,MC1_K2_N2_L1_SP18_P2_R02,b81b7fa1397109788be8f370f8dbcedd73e1a80752fdd1b25e388a13e9d37ff2,7ac5f2ed7f8b920df52a4e1cde4f3ee8f80b69a8208c8d8579b1925f9a445627,1,c73a4448941b18ad47cfb80bf2e9ec5b4718d7d442113c9b930af48fc031b3b9,8.5265128291212e-13,4.1247537
924,MC1_K2_N2_L1_SP22_P2_R02,d1b280be32b94466e4f42bf27f9f197e88446a7de7b9a8c21125f9d9d365005b,7ac5f2ed7f8b920df52a4e1cde4f3ee8f80b69a8208c8d8579b1925f9a445627,1,899f42895132bf372412c6bddaa1127de44400b72c61a16218be8aa4b7ea02ee,2.73558953267639e-13,3.4232766
925,MC1_K2_N2_L1_SM6_P2_R03,271a06d0942d57a3fcc596a3ac8f10fc9a73c9d29d209500950c5ca0eaa50ff9,7ac5f2ed7f8b920df52a4e1cde4f3ee8f80b69a8208c8d8579b1925f9a445627,1,e1e42d3ed457661763b096fce53f8be303ccf34f10fa3dc2034be982df9e7a68,1.37134748001699e-12,3.7289022
926,MC1_K2_N2_L1_SP0_P2_R03,d15ed84c35bef93d98c08c7a59d1b73c00d22ff6f398737e788b0811be0c07b0,7ac5f2ed7f8b920df52a4e1cde4f3ee8f80b69a8208c8d8579b1925f9a445627,1,48f67121ca51e7f83d05aa56ac4eb39a6d5d99c4d6fa46a1b49a669af429c9ae,2.80137129033739e-13,4.6136861
927,MC1_K2_N2_L1_SP6_P2_R03,ec043854a19b928f55bf3e76f6b80045bf230a06d63e35d8c19c733a75be2a5c,7ac5f2ed7f8b920df52a4e1cde4f3ee8f80b69a8208c8d8579b1925f9a445627,1,b565eef57f8a755e7d0ab59b7ca68c8a13f0ed0ef32b6529c95f68eed5a46fd2,7.69162511460308e-13,5.6661821
928,MC1_K2_N2_L1_SP10_P2_R03,1a1321d3f88ba94fe42cec7bdb29af324158320d72366fa696b888ddd9d53524,7ac5f2ed7f8b920df52a4e1cde4f3ee8f80b69a8208c8d8579b1925f9a445627,1,4edb5b9faf05e533e79caad94010e61d362af1318851fc3452c9112c6d9b3928,1.36601840949879e-12,5.5662247
929,MC1_K2_N2_L1_SP14_P2_R03,6ce3f841bf8325df7bdbe9cb01e535cf78a414508c4b80028e4f08e0c246934e,7ac5f2ed7f8b920df52a4e1cde4f3ee8f80b69a8208c8d8579b1925f9a445627,1,2202cf0c0bc00d33e3d312c8384983c02761ca76267484970e6df17c2eb21c95,1.94688709598267e-12,5.9682049
930,MC1_K2_N2_L1_SP18_P2_R03,715c0238fb6cbc2fc25c00023a3e0856070a09cc2435cd560c6e7af99f56d7d1,7ac5f2ed7f8b920df52a4e1cde4f3ee8f80b69a8208c8d8579b1925f9a445627,1,e43eb5b9d18b20efe5e9e5a93bf7987102ed8e54cf57e5c5319a6181ef8accee,1.66977542903624e-12,6.1105002
931,MC1_K2_N2_L1_SP22_P2_R03,4974f8b15c97ace9715d1c08400df0d98a57384d80af13cf91c70f9599b64ea1,7ac5f2ed7f8b920df52a4e1cde4f3ee8f80b69a8208c8d8579b1925f9a445627,1,eae0b89661cafc97d0843c3c8711af156c82b1febb92f49852bee68730dc4ecc,8.66862137627322e-13,5.4574615
932,MC1_K2_N2_L1_SM6_P2_R04,1ac018e0322759494c9b464a8f72516eddd643621cba6e974f7d97da5906c0a2,7ac5f2ed7f8b920df52a4e1cde4f3ee8f80b69a8208c8d8579b1925f9a445627,1,6e04b33b9b3a55992e06840612822b43acbde9cc7b8fdcd79f4223c8f98d7b2d,3.32178728967847e-13,2.292728
933,MC1_K2_N2_L1_SP0_P2_R04,07b45d8f79e11b765010487950c7b9d38d487ff047d62209efc1c0e524d72ba1,7ac5f2ed7f8b920df52a4e1cde4f3ee8f80b69a8208c8d8579b1925f9a445627,1,3b1c4cf8990e4e13f25753f9691ff20066148d1353e0f0b5ba5de6f1ffbd698a,3.65480109823711e-13,3.6895532
934,MC1_K2_N2_L1_SP6_P2_R04,2ff640852f52ab6a1afd9a5b22d81f5ccc842a2dbaf91c1521aca42742fb60e9,7ac5f2ed7f8b920df52a4e1cde4f3ee8f80b69a8208c8d8579b1925f9a445627,1,fa28c49c3ff9d5f7c4735dee2115684451b7060b59e3571f6d2aee880bac022c,1.76747505520325e-13,4.2731164
935,MC1_K2_N2_L1_SP10_P2_R04,6e2cf82db8728bc5acf2990a17a63b204587922c9efc5b451ad17f9621369c7e,7ac5f2ed7f8b920df52a4e1cde4f3ee8f80b69a8208c8d8579b1925f9a445627,1,b05dac8c3ac93e358bb5ae613c7cc98fdbc8737eb1582af7f8428e232c6da573,1.22568621918617e-13,5.8202583
936,MC1_K2_N2_L1_SP14_P2_R04,90176b69e6340f32280751feaa744db08b4bd616e969fb939381fdba6973a64c,7ac5f2ed7f8b920df52a4e1cde4f3ee8f80b69a8208c8d8579b1925f9a445627,1,578aea35ed76152dd4b711428371b3064066d5496e218daf6948bf0e9f616f38,7.8159700933611e-14,5.9091704
937,MC1_K2_N2_L1_SP18_P2_R04,b73b6cc763e3236110a173a2c80be2e3a4e261df6a9f3ab23acb8ddbecaeaf79,7ac5f2ed7f8b920df52a4e1cde4f3ee8f80b69a8208c8d8579b1925f9a445627,1,d91b6f3f15cae33c9ac59c5c821338ce0b5892f0be5604246edabb5239eebe09,3.76587649952853e-13,3.3419807
938,MC1_K2_N2_L1_SP22_P2_R04,0d858c2fd3011f75d5b9121449544ab7ca7cc89c72a236bc3811be94f6f7e898,7ac5f2ed7f8b920df52a4e1cde4f3ee8f80b69a8208c8d8579b1925f9a445627,1,5692b63bdbb0d89460e58c9fa05e05d9c4b0956faaacbfbd5ea0358912c15307,3.23296944770846e-13,4.1589736
939,MC1_K2_N2_L1_SM6_P2_R05,0237804a4c7bba9ffec009576b9ae5079156da9fa7da620c2f3d2563a8008ba9,7ac5f2ed7f8b920df52a4e1cde4f3ee8f80b69a8208c8d8579b1925f9a445627,1,eb726e432b344c2fa7f0b00899ff619c78a1bbfac1d2a482dd3a7eadb14bb4e7,1.45572442988851e-12,3.5448386
940,MC1_K2_N2_L1_SP0_P2_R05,b3b17904ef418f1ac4986b34e1f160e44a22e291eea45e25fb5771d326b90889,7ac5f2ed7f8b920df52a4e1cde4f3ee8f80b69a8208c8d8579b1925f9a445627,1,9b302adf6e33a247ce65b6054bab9e8a32093f40e85ca4c74cfc5eca2b62999a,2.66636544501992e-13,4.9567414
941,MC1_K2_N2_L1_SP6_P2_R05,98bee03492b9247f5c3d85e753d794e36e8092a43e371298942af7188f814af2,7ac5f2ed7f8b920df52a4e1cde4f3ee8f80b69a8208c8d8579b1925f9a445627,1,f286a063a817392ed84258aa49215314702c06cd865b74425b219cd9cf349b4c,6.45705711121991e-13,5.7729739
942,MC1_K2_N2_L1_SP10_P2_R05,60659e4c082d54ed3266ac3a538bd97723d428529539cb31fc8b8a91782f1625,7ac5f2ed7f8b920df52a4e1cde4f3ee8f80b69a8208c8d8579b1925f9a445627,1,4817fefb4efed95cb1f51518efc82d5e83104439d283a0bf671f5bf9f5f7078d,8.88178419700125e-13,5.6692194
943,MC1_K2_N2_L1_SP14_P2_R05,163a0100d88367a08dc21460268762173a6658d8b794c92bfcf2bee2b8f56a55,7ac5f2ed7f8b920df52a4e1cde4f3ee8f80b69a8208c8d8579b1925f9a445627,1,9d8e6a47da55ff3254e2bf9912a353ce6608d0bfd9bd5380157ad934659df350,3.03757019537443e-13,6.2253579
944,MC1_K2_N2_L1_SP18_P2_R05,2da0e8e34c63007c939b47bd718769c038a9932994983c929aa3026c96505613,7ac5f2ed7f8b920df52a4e1cde4f3ee8f80b69a8208c8d8579b1925f9a445627,1,be152c35629fb750769c45ea441681b6d172d31a98ab802cfd3b3eb190a11f88,1.37134748001699e-12,6.2413396
945,MC1_K2_N2_L1_SP22_P2_R05,72c9c462fb834977d4154dd60c1779c3e43c01dde2f323a2df3a0e29332ebf35,7ac5f2ed7f8b920df52a4e1cde4f3ee8f80b69a8208c8d8579b1925f9a445627,1,b1bdd072330a4138b7251aa9eff0a5dbf72833dbafe09a5a32b39286da70bb3a,1.10134124042816e-12,5.4697779
946,MC1_K2_N2_L1_SM6_P2_R06,385e6482941ac381d296f615b04489e9091eebe05db88853c2f4d08ea9211409,7ac5f2ed7f8b920df52a4e1cde4f3ee8f80b69a8208c8d8579b1925f9a445627,1,c152b54031786297de9d8134d73287203c10c0299e76da5908c4702820b85e3e,1.00897068477934e-12,2.8918629
947,MC1_K2_N2_L1_SP0_P2_R06,022582a6cd0e6e642bf5d71e753b79f6ee6537edd83f74b6275955f400a14530,7ac5f2ed7f8b920df52a4e1cde4f3ee8f80b69a8208c8d8579b1925f9a445627,1,789e5c1d3ae1f835d5761278cf9b949c3427037fa5a890912e0594559ba0e5c6,8.00391797239154e-13,4.6042301
948,MC1_K2_N2_L1_SP6_P2_R06,0c80629516ff36cd3fc26d437e7558c7d58d0b63fa952ce4ca7e5ef27d2fb8c3,7ac5f2ed7f8b920df52a4e1cde4f3ee8f80b69a8208c8d8579b1925f9a445627,1,8ede8dd01ab9fdd8d92fad8f2ba5c90ceab05332e798ae0677b454a3591dbb12,6.87450096847897e-13,3.1892438
949,MC1_K2_N2_L1_SP10_P2_R06,61bffc98f5920dfd358aa6b926a4fbec3a80a84b67f01867299dfd485afbbb22,7ac5f2ed7f8b920df52a4e1cde4f3ee8f80b69a8208c8d8579b1925f9a445627,1,4de8e5cf900220b5202cd546d35bc71a1ecea65151df2c0cd2527ff398728e69,3.69482222595252e-13,3.446887
950,MC1_K2_N2_L1_SP14_P2_R06,cd2614d2d7d24b734f7fc9c621aa850fed920ff68faeeb7d95a3776ebe4c703d,7ac5f2ed7f8b920df52a4e1cde4f3ee8f80b69a8208c8d8579b1925f9a445627,1,f647698022192286e76a966cf08941ea3543dbd5ac3eeaa69eb10ba030f2459c,1.4033219031262e-13,3.5530701
951,MC1_K2_N2_L1_SP18_P2_R06,b8bb3c652462b7fdbe11649c5cfb6c005045e50b9396e3a8188bedb043a01502,7ac5f2ed7f8b920df52a4e1cde4f3ee8f80b69a8208c8d8579b1925f9a445627,1,f874498f5522a51cbbecc9caa5e132e109c214aaac5aa3dfffaf854351d8269e,8.20676859802916e-13,3.8683626
952,MC1_K2_N2_L1_SP22_P2_R06,f923679a4279e3ea22b7c6ad6d1b445386b5a0fa397e824daf2fb8d410b970c9,7ac5f2ed7f8b920df52a4e1cde4f3ee8f80b69a8208c8d8579b1925f9a445627,1,f89088b240069101807c0bf0276f077e3120dad78facc6d9715f284d56d5ce54,6.32383034826489e-13,3.7525467
953,MC1_K2_N2_L1_SM6_P2_R07,c85004d5ffdde63940b50379f4f29c0d122fd6d77553f6327d2f18d2795f3498,7ac5f2ed7f8b920df52a4e1cde4f3ee8f80b69a8208c8d8579b1925f9a445627,1,53247d39e671fd3e46890c98b61ef2df6e8867f513e197e0383ef99586de30f0,5.78204151224782e-13,5.0558447
954,MC1_K2_N2_L1_SP0_P2_R07,1e5c5bbd59dd5e462b7633b657204e257eac887c960329eaeac9c10322b6a2ca,7ac5f2ed7f8b920df52a4e1cde4f3ee8f80b69a8208c8d8579b1925f9a445627,1,6aa98ce490b9d38570633b0fc33c6a0637a3b0398e61fa8506efa2e162dccb99,5.82453789798146e-13,5.9081508
955,MC1_K2_N2_L1_SP6_P2_R07,9f6caa746eee68cd7c53fe78f58f4a384776c8cb21db7b890a1c25d8e80b12eb,7ac5f2ed7f8b920df52a4e1cde4f3ee8f80b69a8208c8d8579b1925f9a445627,1,27640d9fd013dbdcc8046ade3638eb76a7b5e1b6ecf93064c6968df854265d3a,1.14575016141316e-12,4.2422586
956,MC1_K2_N2_L1_SP10_P2_R07,02c2d15e4f2a7da4796a825ab257a8295a0efdce324b52917097abe94deb6610,7ac5f2ed7f8b920df52a4e1cde4f3ee8f80b69a8208c8d8579b1925f9a445627,1,e5f1c87495b442bdcecf61683b1de95dc426cba26dd0459de6eba05bd23788a2,4.2454928461666e-13,3.8992133
957,MC1_K2_N2_L1_SP14_P2_R07,9983cb753937102a0177ac49f6b56b6189d8c64b05068faf33269dd9c4d7f130,7ac5f2ed7f8b920df52a4e1cde4f3ee8f80b69a8208c8d8579b1925f9a445627,1,bae685f27ff366843b9f30ebc218f7b09240721eb24620c53961f8c0c25a3ff1,1.18305365504057e-12,4.1211834
958,MC1_K2_N2_L1_SP18_P2_R07,d28d70f2eff40134daf63bf236436d8f3ef4b81ee6ae283ee2a57f1ea80e99d0,7ac5f2ed7f8b920df52a4e1cde4f3ee8f80b69a8208c8d8579b1925f9a445627,1,543899febc36f903c7d75996fbd8cce52e496c6a0daaa59c1d828bf13578a30c,9.69890834312537e-13,4.4168443
959,MC1_K2_N2_L1_SP22_P2_R07,cfbd02188cdae4eb779a1f0c041dc27e4d778e9a3d36a11f5a7f787401cd476c,7ac5f2ed7f8b920df52a4e1cde4f3ee8f80b69a8208c8d8579b1925f9a445627,1,4332d53ad604bace998be9be97c88a828714b43ac90c885b327460db7b800e29,7.46069872548105e-14,4.7566647
960,MC1_K2_N2_L1_SM6_P2_R08,1ff7bcf4d1267b3cca2616d153a56607b52cdfc0a712d3fd0f514a4daa6cf810,7ac5f2ed7f8b920df52a4e1cde4f3ee8f80b69a8208c8d8579b1925f9a445627,1,761f1102da8c506c087cda56eecc82a6b2250fa16c6588d22d817aa16f05e1aa,6.4037664060379e-13,3.8452993
961,MC1_K2_N2_L1_SP0_P2_R08,c52fca2da96e874ae8e05638c6af3f6151c80a4296765c5b147ffe4c69d8ec69,7ac5f2ed7f8b920df52a4e1cde4f3ee8f80b69a8208c8d8579b1925f9a445627,1,684d87c23b79921bdef3f2ec7984689a49c2c5f5ece595c6ccd6135cb105ad27,2.69529526901652e-13,4.0679037
962,MC1_K2_N2_L1_SP6_P2_R08,08ba78049753601672b5dcf97c3b19d2f1acb594e097570f4590e8c4e316324c,7ac5f2ed7f8b920df52a4e1cde4f3ee8f80b69a8208c8d8579b1925f9a445627,1,af526639813c68b2db7d8d0db1f364f64447b70183ee4db1cbb087f4cfc40659,4.63629135083465e-13,4.9215831
963,MC1_K2_N2_L1_SP10_P2_R08,5750b684830afcfe1d1e8a266b1d3e96eb4ae5c0f9fad8e92254b87983330b6f,7ac5f2ed7f8b920df52a4e1cde4f3ee8f80b69a8208c8d8579b1925f9a445627,1,aea0a56507a66a6a469a905a7231188a904c54f5c5935afbec15febef7c39649,1.32338584535319e-12,5.0063655
964,MC1_K2_N2_L1_SP14_P2_R08,2b77f0cf3a2a4ed3ee081987b4984e3c0a99dad194d1880903acca8a441a0c94,7ac5f2ed7f8b920df52a4e1cde4f3ee8f80b69a8208c8d8579b1925f9a445627,1,5b470edd72d59baf356888d488423e5564099560e6d8d6815e1e6d9fa9546fcc,1.15107923193136e-12,5.184168
965,MC1_K2_N2_L1_SP18_P2_R08,3dc58f35bfceb1e23d11350f303fec814b18a4fd890b7675c9bc7430c8e78a3a,7ac5f2ed7f8b920df52a4e1cde4f3ee8f80b69a8208c8d8579b1925f9a445627,1,3aff09fa298dd52cacefe2d30775d7a76f1bb24efc1ea5467f12357b789993d3,1.49213974509621e-13,5.4126077
966,MC1_K2_N2_L1_SP22_P2_R08,7b4ba66c19a802ec08c2c45b4e6e8b213e910339310b04e04f1c1c9bdccac73a,7ac5f2ed7f8b920df52a4e1cde4f3ee8f80b69a8208c8d8579b1925f9a445627,1,b0896ececfe720316255113964aeed836eac06432c2b560ec5c7686b4e5bc76a,6.18172180111287e-13,5.4237958
967,MC1_K2_N2_L1_SM6_P2_R09,e0bf9db92b04f81239e6d94fc0dfe2f3b42e9d39b1a34dfb812be2e83f04eea6,7ac5f2ed7f8b920df52a4e1cde4f3ee8f80b69a8208c8d8579b1925f9a445627,1,ba4eed8c340ed6d16f08ecb597781d22be6f4db0721e5da56cf262571080f364,8.78408457083424e-13,2.862023
968,MC1_K2_N2_L1_SP0_P2_R09,112e37b98ece9bb538eed3519305d86e5adb5a8615c5a023fb5059464e60f292,7ac5f2ed7f8b920df52a4e1cde4f3ee8f80b69a8208c8d8579b1925f9a445627,1,ce7eb442e01cfe5fa34ba2b7a8e87faf275a03e2c704cfc5d30440c74ce1b1b9,1.29798476998053e-12,3.5187847
969,MC1_K2_N2_L1_SP6_P2_R09,c4918ef8eef1a56b4e061d87baa14bc5d264fbe62e38dbd1b55a56f8ba9dafe8,7ac5f2ed7f8b920df52a4e1cde4f3ee8f80b69a8208c8d8579b1925f9a445627,1,8c7ca2a08ed8d9c435e9ce98fe982b076d13ba11a586dfdd7f5a05c87a63a0d7,1.06048503312195e-12,4.7533088
970,MC1_K2_N2_L1_SP10_P2_R09,f5b7a3ec4d5f39b1cd3648b4bee0661740eedc4a6fbc9b9dabad84f08faab65c,7ac5f2ed7f8b920df52a4e1cde4f3ee8f80b69a8208c8d8579b1925f9a445627,1,ab6ddfee0c39c0b75cd7dc04ef5d353ebc874156cee3689f2a18e8ba03e0672f,2.57571741713036e-13,4.1309931
971,MC1_K2_N2_L1_SP14_P2_R09,f95439220d46a2ee659a068ea8634ee1f65e17eab6734c420781fe153bdac8d6,7ac5f2ed7f8b920df52a4e1cde4f3ee8f80b69a8208c8d8579b1925f9a445627,1,c08dc7d119e0a28238e8988597859bbfff03f152fae27931dd3e938bb716cc88,9.41469124882133e-14,6.0269083
972,MC1_K2_N2_L1_SP18_P2_R09,f501b2816620b034d930eb64f49e3a337244c1a00396f18f30cd56a238bac39c,7ac5f2ed7f8b920df52a4e1cde4f3ee8f80b69a8208c8d8579b1925f9a445627,1,fa4b7d242602536930357f6d75d8675f0ea8c2ed68f69099b388d48e2391aeb2,2.48689957516035e-14,5.8405633
973,MC1_K2_N2_L1_SP22_P2_R09,9e551fbe495251bdced86fbca5ba23bb4ced5d2a564733eb1e1979157d71da50,7ac5f2ed7f8b920df52a4e1cde4f3ee8f80b69a8208c8d8579b1925f9a445627,1,4ab04f90ebb7c1a6e35939fdebc1fcf8c19f8c41d0d7c6536d15eb77261a1f8d,1.84741111297626e-13,5.9012769
974,MC1_K2_N2_L1_SM6_P2_R10,822a0f734a6fb7e4a22f7d17b34982bb6c87386d4daec832deef13fa9dc22c66,7ac5f2ed7f8b920df52a4e1cde4f3ee8f80b69a8208c8d8579b1925f9a445627,1,d56d66f29ff2d1adcf18c0cc88305bd822c3564bbe1feba3b5d2c8f1ec696d69,2.22044604925031e-13,3.6483091
975,MC1_K2_N2_L1_SP0_P2_R10,4502b3ec7adada03314d109a92c7faf33e2a649edcf624370f06cd7162c7f486,7ac5f2ed7f8b920df52a4e1cde4f3ee8f80b69a8208c8d8579b1925f9a445627,1,faa2fbdbc9cba7aafb849ff6289884390c462efbe48b85cc93321f09aeb556f0,3.14370754096383e-13,3.7557456
976,MC1_K2_N2_L1_SP6_P2_R10,e3e26bfdff493e42691f7dbb1c99b33852eebd66dfebd48d6168b198675e7cb8,7ac5f2ed7f8b920df52a4e1cde4f3ee8f80b69a8208c8d8579b1925f9a445627,1,bf36fd196328daa64d80822c3b69dfaaa6c114f0026ba53111f5f6d2293489a2,1.06403774680075e-12,3.2897568
977,MC1_K2_N2_L1_SP10_P2_R10,a09f12fedb7d31b0725b0a0d1e588bc2e2a09ef92b97c4d519ad7e4655c82e12,7ac5f2ed7f8b920df52a4e1cde4f3ee8f80b69a8208c8d8579b1925f9a445627,1,c097f56b3060919b4f19bf0e0af6270442e48b2a0b6cdfd85b65f4cfd20f38e9,1.58273394390562e-12,4.0186741
978,MC1_K2_N2_L1_SP14_P2_R10,329e4569149c47e4d4955a95dea1c6ad219d5605c1dcb4ca36aa58fbc124c52d,7ac5f2ed7f8b920df52a4e1cde4f3ee8f80b69a8208c8d8579b1925f9a445627,1,c0988d47ecf7d9abad58c7ad4f6fc4ffe71f35331458eafba932741d627e51ae,6.67910171614494e-13,3.9628627
979,MC1_K2_N2_L1_SP18_P2_R10,2addc07a7c75153fbf377bfc6a88be8237427e5d3480c19bdd658e7b60f5965f,7ac5f2ed7f8b920df52a4e1cde4f3ee8f80b69a8208c8d8579b1925f9a445627,1,8fdae4872efd1e8893096a510d682ee7f2ce9137cc50827b327f7c7921dcadac,9.73443547991337e-13,5.7412107
980,MC1_K2_N2_L1_SP22_P2_R10,d47a5a106fbb401c991ad2d65d74a1b921b7309ad6889a3f11ab9fb71dc794e1,7ac5f2ed7f8b920df52a4e1cde4f3ee8f80b69a8208c8d8579b1925f9a445627,1,18a2d9464f59ba6a397c26b525bb93786e71ea45a413dee73703a9956cc2dd2e,2.48689957516035e-13,6.0031411
981,MC1_K2_N2_L1_SM6_P3_R01,eb01b3b309f04c7a318a0ff1980b54d7a7153984e75d0f1aba86005c11800e9c,7ac5f2ed7f8b920df52a4e1cde4f3ee8f80b69a8208c8d8579b1925f9a445627,1,b1ea8f6bc30b311c2db4d605d164ff6aa141d7f8d3130036a297b66775265738,3.79252185211953e-13,4.0118083
982,MC1_K2_N2_L1_SP0_P3_R01,729347b650af7ed045a0437c4b9c54928d9df2efc1d412b72fae3084776c0f4f,7ac5f2ed7f8b920df52a4e1cde4f3ee8f80b69a8208c8d8579b1925f9a445627,1,36404258ff25fe93a3683f117222a1cdcb9a3f76d26207fd5622c95914c13120,7.06852032983502e-13,5.7409313
983,MC1_K2_N2_L1_SP6_P3_R01,f2ddf0a58f19a9351abefaef0d48349547433519c2d8e283f05ac33ab5d8abfc,7ac5f2ed7f8b920df52a4e1cde4f3ee8f80b69a8208c8d8579b1925f9a445627,1,d1eee1e8925401048df9be9f6120bae6d248030887955bd150d5765cb3efbb74,7.105427357601e-15,5.6325306
984,MC1_K2_N2_L1_SP10_P3_R01,64da19f294d100d46e919f50f54bfe72ab37b7d2aeb46382516c8dd25d163484,7ac5f2ed7f8b920df52a4e1cde4f3ee8f80b69a8208c8d8579b1925f9a445627,1,ed750ac7ed77c5f771ff17b4ed973d5792fa9d228e0512c5928c2d91ffeeda23,2.77111666946439e-13,6.1433646
985,MC1_K2_N2_L1_SP14_P3_R01,4941fa05cf1d910cafc2046c14d41924c620d24767e96486c70830f64c4fb8e4,7ac5f2ed7f8b920df52a4e1cde4f3ee8f80b69a8208c8d8579b1925f9a445627,1,295d74043663c28921c087ed93fdd4057217803286a745de039fa3488d956c64,4.9737991503207e-14,6.0854013
986,MC1_K2_N2_L1_SP18_P3_R01,96b702168f353547417f22c3efb8734868a89ce98798c67cb87fc8b4125df232,7ac5f2ed7f8b920df52a4e1cde4f3ee8f80b69a8208c8d8579b1925f9a445627,1,739a89382905d372b4b5d26177c93908ba2f0b1ee11e73315504d132eedeca81,3.5527136788005e-13,5.0197134
987,MC1_K2_N2_L1_SP22_P3_R01,b1cbc1deee4bd641d1d873136159bd96dbfd02047f07cd6e798f28fd065f4efd,7ac5f2ed7f8b920df52a4e1cde4f3ee8f80b69a8208c8d8579b1925f9a445627,1,8e4197a541a2fe9370f7714c02d17bfa0420c8402067fdd2376af16af1937d0d,7.8159700933611e-14,5.2170907
988,MC1_K2_N2_L1_SM6_P3_R02,4bf6a05410d8c31ea60a2a5f7617b131d8908ba4f15e04839ae1ab9f03578f59,7ac5f2ed7f8b920df52a4e1cde4f3ee8f80b69a8208c8d8579b1925f9a445627,1,588942b6ebfd24eeab3f53850265877427c169dd79d4aee8fa835e6c6afe186e,2.40696351738734e-13,4.1033503
989,MC1_K2_N2_L1_SP0_P3_R02,b3aedfaddd54115d6ea8da86235ad2ac851d2ab5e122341e293a974bb9ff2b7e,7ac5f2ed7f8b920df52a4e1cde4f3ee8f80b69a8208c8d8579b1925f9a445627,1,42b3a0a046aafa4cbaf3a56af8f41f875810537b5d8cb130bb5db686c8264adb,2.59404088502842e-13,3.5285407
990,MC1_K2_N2_L1_SP6_P3_R02,f60f6557764e6a740fb8e7b25fed0731b53cc365a908c110a4ec96b53f85bf34,7ac5f2ed7f8b920df52a4e1cde4f3ee8f80b69a8208c8d8579b1925f9a445627,1,faff3d2e4f428592c0ce9388b51f986ad1cccaeb27cd9b073b27d5750e21b551,6.67910171614494e-13,4.4107793
991,MC1_K2_N2_L1_SP10_P3_R02,3a438ac29e223069dff24bd3ea621a521267737af5010bc87c2210dd93885b9b,7ac5f2ed7f8b920df52a4e1cde4f3ee8f80b69a8208c8d8579b1925f9a445627,1,09d3e36cf4b31f45000081a98fd76f675ffbad4d22d0d41fbb330a6109e5514a,5.86197757002083e-14,4.2597325
992,MC1_K2_N2_L1_SP14_P3_R02,46efbcf049a66e6426ef2a48b0bf0623353a584ebb9a2f5ebd6825599e0bdbbe,7ac5f2ed7f8b920df52a4e1cde4f3ee8f80b69a8208c8d8579b1925f9a445627,1,891544ae4a2cbcec90ffda93148278e6f9cbeb847fadef80e02eaba7ee03ea37,1.74082970261225e-13,4.3752102
993,MC1_K2_N2_L1_SP18_P3_R02,7030ff5ac6e66f5be213569597b2516190db3b52aeeb5cedffe1dc67a46ea75a,7ac5f2ed7f8b920df52a4e1cde4f3ee8f80b69a8208c8d8579b1925f9a445627,1,142a0f6df030945ccfc28a210723fe8095024f8622757687f0b7e6a34a05779f,5.57776047571679e-13,4.6241896
994,MC1_K2_N2_L1_SP22_P3_R02,ccb6bd200ed1b4baddafd51abf988c77b3cb293ce6877a08f591bf57f0b7c754,7ac5f2ed7f8b920df52a4e1cde4f3ee8f80b69a8208c8d8579b1925f9a445627,1,54e4d1fd2cdfb280d70525256584af30b0bf9206de8c5e8f9f76dbe5b75fc1eb,2.94875235340442e-13,4.5093341
995,MC1_K2_N2_L1_SM6_P3_R03,5c67bccdd185851c0b83a852525b6832822e7b867e5aa9e907cf7f391711ed91,7ac5f2ed7f8b920df52a4e1cde4f3ee8f80b69a8208c8d8579b1925f9a445627,1,254f2692224b682b044d8d0dc47919e9e8e51d7c5eff3ccffa737874942d2aa4,8.88178419700125e-15,2.6613721
996,MC1_K2_N2_L1_SP0_P3_R03,40905c2af155e792c35f9d7408dec716fd271cac6731edf590e8d55cc14eec47,7ac5f2ed7f8b920df52a4e1cde4f3ee8f80b69a8208c8d8579b1925f9a445627,1,7e9f8aed8cc439cbc9aeb3cce12eac805700b73faceb8af9d2c76d8765c62ac6,5.51113147135239e-13,3.9123443
997,MC1_K2_N2_L1_SP6_P3_R03,40e35cdd987354a21771d1a884dfb77a3170c0e2bfb63c2708428803a2864303,7ac5f2ed7f8b920df52a4e1cde4f3ee8f80b69a8208c8d8579b1925f9a445627,1,1aa215e3687256b9fd212e67c11150411ecde060ca8da73b61578621bde6daab,4.34319247233361e-13,3.489263
998,MC1_K2_N2_L1_SP10_P3_R03,be0d8638024024675e36c02bd8cc8a86d32b2d48de675373f6a94d5299a6400b,7ac5f2ed7f8b920df52a4e1cde4f3ee8f80b69a8208c8d8579b1925f9a445627,1,fa2267f93a9da1438ee3c67b3b4f2d2216baf2c0d59de34e6374eda7876d0d52,5.93303184359684e-13,3.4225608
999,MC1_K2_N2_L1_SP14_P3_R03,d67d9c50062d2a8d3ecc7b36278e50335b8d8e6028906745a8c15ae965627afb,7ac5f2ed7f8b920df52a4e1cde4f3ee8f80b69a8208c8d8579b1925f9a445627,1,e2bf54cea8b002fb9d1b09cbc2f6d2a24a77b0a72e21a7de11f559cd01c6917c,0,4.8505289
1000,MC1_K2_N2_L1_SP18_P3_R03,fb3741cdadb1b6145d1be8ce3600ccc53505a389ccb970a95a34c6ce87e982b5,7ac5f2ed7f8b920df52a4e1cde4f3ee8f80b69a8208c8d8579b1925f9a445627,1,a4aba62578abb50110efcf5295aa24634f54fbaaf690d2cf5be2f27c0d4ed2ca,5.54223333892878e-13,5.2321834
1001,MC1_K2_N2_L1_SP22_P3_R03,359652a5fd39ce8d84a6e1a8c38a49ac0ab251e6538b73ab7aa49694553374c2,7ac5f2ed7f8b920df52a4e1cde4f3ee8f80b69a8208c8d8579b1925f9a445627,1,81b0b60fcf8ba95930bff4602b04230aab6b54db111e405199199a9893b95809,3.94351218346856e-13,5.5779298
1002,MC1_K2_N2_L1_SM6_P3_R04,832f57075eaabaffef59eaf8b3ee90237191808efbca38160bc3324eddff4962,7ac5f2ed7f8b920df52a4e1cde4f3ee8f80b69a8208c8d8579b1925f9a445627,1,1498e9ed07a1d7cc37c2473979bba3e342cfed17f3dfada8d5c921895ac24149,1.59428026336172e-12,2.293714
1003,MC1_K2_N2_L1_SP0_P3_R04,b5983a1cfb2fd1f199a624dee585404da834f29bbfff18e5e30595fbb172b24f,7ac5f2ed7f8b920df52a4e1cde4f3ee8f80b69a8208c8d8579b1925f9a445627,1,829f6500d9c44e72c2cda77820f3e9caf570dbb3d462422a044c712090c9d65f,9.5179120948799e-13,2.9941491
1004,MC1_K2_N2_L1_SP6_P3_R04,31452c024577b375ec9cf8721f53dacdc2f12e8f827aa2065b818229e303e971,7ac5f2ed7f8b920df52a4e1cde4f3ee8f80b69a8208c8d8579b1925f9a445627,1,5c6d07efad6561259e9fa9c44142fd5b4e8205d65f78d45ed13ddb317c7de777,3.10862446895044e-13,4.6723343
1005,MC1_K2_N2_L1_SP10_P3_R04,678a0e62537a86801fc886391aca6bbf99191e37d01fd6b03ae9e2f38841fd4a,7ac5f2ed7f8b920df52a4e1cde4f3ee8f80b69a8208c8d8579b1925f9a445627,1,97414a6e31a9f6a7bfc51d4835dbd7a54d4cc31b9749ce922a590125e0fc382c,1.15640830244956e-12,3.6330419
1006,MC1_K2_N2_L1_SP14_P3_R04,d0ebf45df086b0d607d35b8b7a73bf089bcc8209c2acb0d412ef2baedcfb8e71,7ac5f2ed7f8b920df52a4e1cde4f3ee8f80b69a8208c8d8579b1925f9a445627,1,f7ae3e467b1e99675d240874f0f7874d85d24f08ef98943e4c8f2a9615671684,8.34887714518118e-13,3.3343143
1007,MC1_K2_N2_L1_SP18_P3_R04,4b3f998a20bffdc7995e22f5a0bbd80691baba2b0c7431352bf781f241b6c210,7ac5f2ed7f8b920df52a4e1cde4f3ee8f80b69a8208c8d8579b1925f9a445627,1,8024c7de8c6443a633178e22b2146f93f5f496984f867d745de7f4a11db3ea5e,6.71462885293295e-13,4.9257665
1008,MC1_K2_N2_L1_SP22_P3_R04,b16c9ffefb1229cc96ef8123f12b84874e089e57a35e9cf4c71e441ffbf20bc8,7ac5f2ed7f8b920df52a4e1cde4f3ee8f80b69a8208c8d8579b1925f9a445627,1,71e0d95e53e066022c4a75369e923bd6061709b40c7aaa122c409ad34d9dea64,1.19726450975577e-12,6.0104562
1009,MC1_K2_N2_L1_SM6_P3_R05,d34c6d0f105ca90dd4067948fe6b3d8c8b2fc51ab3bd198fd13e8996f454c168,7ac5f2ed7f8b920df52a4e1cde4f3ee8f80b69a8208c8d8579b1925f9a445627,1,861865182c466593d3e8d0f4779b08c25b6b2884a893dcc204456507e35facb1,5.63105118089879e-13,4.149763
1010,MC1_K2_N2_L1_SP0_P3_R05,6fe7f39c2cb2a1313d40f258a13c5d30d6d43f788a7910de774d472bc80ed120,7ac5f2ed7f8b920df52a4e1cde4f3ee8f80b69a8208c8d8579b1925f9a445627,1,3f82ce677c86df62b697b5cba0707b5d37ce334db1a1a3a63efdeb968f5a9d53,1.95758475710313e-13,5.486058
1011,MC1_K2_N2_L1_SP6_P3_R05,1b575ea9008c9dbb3fc68dea51458b28785affe4a7d00ddf79330b311d62fd20,7ac5f2ed7f8b920df52a4e1cde4f3ee8f80b69a8208c8d8579b1925f9a445627,1,ce9e14af9c24c42e18ffc0fbb945ef022bd91042c5aa1bd2078d3dea42a31c19,2.32702745961433e-13,5.5990067
1012,MC1_K2_N2_L1_SP10_P3_R05,81a8426b30dffb699c190553cefd7d791b1867aee391cdacca923735cc732dc3,7ac5f2ed7f8b920df52a4e1cde4f3ee8f80b69a8208c8d8579b1925f9a445627,1,b4db482b31b97792733673782294bfee24d97e03a86635b85dbcc6b1d846885e,4.76063632959267e-13,5.5334701
1013,MC1_K2_N2_L1_SP14_P3_R05,b194faae1c8b10f964ef7b37cce615b89346fda84cb1fc0db4ca8c2e4204c1df,7ac5f2ed7f8b920df52a4e1cde4f3ee8f80b69a8208c8d8579b1925f9a445627,1,4285e919959d710d65135e67b89ce57c42d94ff4e0295eea6515897fe9d42d4b,8.45545855554519e-13,6.1531289
1014,MC1_K2_N2_L1_SP18_P3_R05,e8acdaaa4f7d1d5f8d0c39bf54302b428a667b62f19409a29166d25830013800,7ac5f2ed7f8b920df52a4e1cde4f3ee8f80b69a8208c8d8579b1925f9a445627,1,0dfe8e09cf6fe4077237050e0f7e6e25997b2f27d7939f4aed8735cd7e9b082a,3.90798504668055e-14,6.1299106
1015,MC1_K2_N2_L1_SP22_P3_R05,ddf0e1c0cf467ea5cae9b6148c5df0d50a87c913323570b0fa3d293b380e8ec9,7ac5f2ed7f8b920df52a4e1cde4f3ee8f80b69a8208c8d8579b1925f9a445627,1,8b79dbd20c2266dbbda339afb668efaf0c68361e6781c66ec9ad1450b2ebb84f,4.61852778244065e-14,6.0763101
1016,MC1_K2_N2_L1_SM6_P3_R06,6939fd99a8b5c775eb960d6794e0a2cbe2cb65dd4acc550d5da086002b7cc84a,7ac5f2ed7f8b920df52a4e1cde4f3ee8f80b69a8208c8d8579b1925f9a445627,1,606f2b60af2002af053d900f3bb6b17547408151e62266e05931b950bc2fab45,2.55795384873636e-13,5.3458103
1017,MC1_K2_N2_L1_SP0_P3_R06,7fc9399c23c5ac99434647d454ea3acdee49f11453e4424229fe3bb919b0eec2,7ac5f2ed7f8b920df52a4e1cde4f3ee8f80b69a8208c8d8579b1925f9a445627,1,7f7b6d3e2380e1b0dc280a865683c71971d56c6eafd9caa51903780ef4f69601,2.27099118373305e-13,4.5687735
1018,MC1_K2_N2_L1_SP6_P3_R06,f7b64fc5d900949689485af99fdbde569c8eee13c9dc9f10f1a5b02ed4406017,7ac5f2ed7f8b920df52a4e1cde4f3ee8f80b69a8208c8d8579b1925f9a445627,1,47ee24dba7ace9b64b5ac6b2061f5381200201dc0648e14ec58351bc77aab2a9,4.52970994047064e-14,5.6046532
1019,MC1_K2_N2_L1_SP10_P3_R06,6695283348094d3deb938186559ff7e5f261475e5bcccba6aa155e0361adbb3d,7ac5f2ed7f8b920df52a4e1cde4f3ee8f80b69a8208c8d8579b1925f9a445627,1,fda36745e81e153d29da76be93db73b47e4ea0f851f2432204ac4cff9ce827f2,1.4033219031262e-13,3.7363152
1020,MC1_K2_N2_L1_SP14_P3_R06,7d0fd97dbdfa24a47bda206eee9caf9660e44e262ee956ee5a4107b3d605d3f9,7ac5f2ed7f8b920df52a4e1cde4f3ee8f80b69a8208c8d8579b1925f9a445627,1,0cc67d255cf33f5fbfc65ba57e133bb272f5df5f6305cee0aecd7b22b21d47b9,1.24344978758018e-14,2.4809314
1021,MC1_K2_N2_L1_SP18_P3_R06,042a2edc06d65f0f18167dc684cc62a2782fbd9e233d28ff3b86c96ee3dea626,7ac5f2ed7f8b920df52a4e1cde4f3ee8f80b69a8208c8d8579b1925f9a445627,1,df0e9584f4fd16eb4945a4e21ba21f9c8044e117be346846860babf4c511ba15,2.0961010704923e-13,2.883893
1022,MC1_K2_N2_L1_SP22_P3_R06,5a32a9d3f74b660d3d2f4077b3a06332241ccf177eb5b2f3eac93ceba1af16a7,7ac5f2ed7f8b920df52a4e1cde4f3ee8f80b69a8208c8d8579b1925f9a445627,1,93fdd6277577ecd9559bf92cd66e12fc789007fecc12da1a90c21d315752c58f,5.57776047571679e-13,4.7169566
1023,MC1_K2_N2_L1_SM6_P3_R07,6b6f8e36386e8b4a71d54b074c451c6fdc16160f4aa82610fc1e787deba6c2e5,7ac5f2ed7f8b920df52a4e1cde4f3ee8f80b69a8208c8d8579b1925f9a445627,1,d2ce4219d94a8b7b79e228c29aecfb227003251981414118f1791c615558b98e,2.47801779096335e-13,2.5141683
1024,MC1_K2_N2_L1_SP0_P3_R07,75bd904b917b66b15be008a02f3ef719de4f3871ae9d3813ecbc85b4c931cd74,7ac5f2ed7f8b920df52a4e1cde4f3ee8f80b69a8208c8d8579b1925f9a445627,1,8285ac9b57c7cf9067c2c13b7a3b8b18c0a3739dbaf71d7a5791b321e48f9278,2.15045025041378e-13,2.3637812
1025,MC1_K2_N2_L1_SP6_P3_R07,aed5ff521def9dbdecf80bd90a93da6cb731a2e22776c64f2b4041081ad0094b,7ac5f2ed7f8b920df52a4e1cde4f3ee8f80b69a8208c8d8579b1925f9a445627,1,0d8dc2a158ba57dee7e741ffde0165f257383f14c967fceeae0dd69b489a439b,2.1316282072803e-14,2.4346533
1026,MC1_K2_N2_L1_SP10_P3_R07,3752c4444873b7ea5b01107243b7a4c9c6ff69cb592f60eede2f401b3bbcb122,7ac5f2ed7f8b920df52a4e1cde4f3ee8f80b69a8208c8d8579b1925f9a445627,1,c10c7dca42f4a240931364067979c224aff38076e59922b6de4b817174ff07c0,2.77111666946439e-13,3.8953835
1027,MC1_K2_N2_L1_SP14_P3_R07,45ce690bc3945953b915732f5fefa3c802b12e32a76ce3fb950f747b22a4401d,7ac5f2ed7f8b920df52a4e1cde4f3ee8f80b69a8208c8d8579b1925f9a445627,1,1e92a90fb87cea7b292ac79813d620c7d23946bc86021a65ce42f29b9283b721,2.61124455391837e-13,5.9197134
1028,MC1_K2_N2_L1_SP18_P3_R07,d031c21986d22cd6705efc1c12b8a3c8f8bcdcf2c555228d290f92fc10f09ea2,7ac5f2ed7f8b920df52a4e1cde4f3ee8f80b69a8208c8d8579b1925f9a445627,1,0db03232232759b08c17d851eb100a2703ab70310f93a864962f6b850c492a97,1.45661260830821e-13,5.9885155
1029,MC1_K2_N2_L1_SP22_P3_R07,b464cc3b0b8a7a1ac602eaa8b972caed5e5a86606d9030f6d33b509632f29a7e,7ac5f2ed7f8b920df52a4e1cde4f3ee8f80b69a8208c8d8579b1925f9a445627,1,c2af02295c9593d5521c47c42e8000989f58deaf019ab2f0fd7b29521427b2ee,1.06581410364015e-14,6.1003289
1030,MC1_K2_N2_L1_SM6_P3_R08,42f5346a9b65241fced216670538f7797c42621cce472036618021806b89d4f0,7ac5f2ed7f8b920df52a4e1cde4f3ee8f80b69a8208c8d8579b1925f9a445627,1,ef46b5f702b7de272c3fd8afe243d8c613d4e9703dcee248fff3558056327566,2.16715534406831e-13,2.6880841
1031,MC1_K2_N2_L1_SP0_P3_R08,ab472e44453c3e29e2259c73f5345f7053ac95b475e413af49641107dc232ed1,7ac5f2ed7f8b920df52a4e1cde4f3ee8f80b69a8208c8d8579b1925f9a445627,1,5a5ee4482d9092b4fdfe4f835d5c7d70598476e973ef0fe34d26d136d902756b,3.88623969020992e-13,2.4255245
1032,MC1_K2_N2_L1_SP6_P3_R08,1bda2920cb59a13da5500322e9c594cd5dad9d65b6ad593474ed525b3dc2319b,7ac5f2ed7f8b920df52a4e1cde4f3ee8f80b69a8208c8d8579b1925f9a445627,1,5f6a34f02b8278c43d146e20c020f35c2d2140ef1c91ce5b3f8cc629951bac72,4.30766533554561e-13,3.1263515
1033,MC1_K2_N2_L1_SP10_P3_R08,66719beb3fede6db4b33543fa949db44fcea1860224465db3fc6a67be6214793,7ac5f2ed7f8b920df52a4e1cde4f3ee8f80b69a8208c8d8579b1925f9a445627,1,64158c2611e7f7edb2a2a29c1b5de3da353c4ca2ae8335be40871370b90dc1c4,2.75335310107039e-13,3.1681762
1034,MC1_K2_N2_L1_SP14_P3_R08,d2ce66911e3ca6b18b102712b3b350e9312cb09aef296469571b04212b71b51d,7ac5f2ed7f8b920df52a4e1cde4f3ee8f80b69a8208c8d8579b1925f9a445627,1,db5f48e7fe960928bbfe2f913c1ba0cf79f415d90bdc91c22f622209b8ce7e23,2.77111666946439e-13,4.8097239
1035,MC1_K2_N2_L1_SP18_P3_R08,a5db5ff99baf4827b1bf1273da16f2abdc05c5193c896722f833e28df85a89ac,7ac5f2ed7f8b920df52a4e1cde4f3ee8f80b69a8208c8d8579b1925f9a445627,1,609510f402a27ec70fd366db1395aa717a03748699bf907ea5535e7112ce4e6e,6.60804744256893e-13,5.9837368
1036,MC1_K2_N2_L1_SP22_P3_R08,62ab392de69642136ccfd89dd3350d6be470461b1e15142965df33c190335c92,7ac5f2ed7f8b920df52a4e1cde4f3ee8f80b69a8208c8d8579b1925f9a445627,1,0f9a75582430ba46a951dcca1e2ebb957c439118cbf4d0e9d7d90c56b34325b8,8.31335000839317e-13,5.8963041
1037,MC1_K2_N2_L1_SM6_P3_R09,155951343f81963fbab03d73651bdb2c30180656ebbb48176d13a475fa29b885,7ac5f2ed7f8b920df52a4e1cde4f3ee8f80b69a8208c8d8579b1925f9a445627,1,333cfe651eee46ce19e05382a8f23040989791d34c869e4a86a109626315d298,5.73763259126281e-13,2.2097874
1038,MC1_K2_N2_L1_SP0_P3_R09,0445b21c835ade9375e03cfc6ed89804f1eceb50aa89af1cdb6d494e75cbfa67,7ac5f2ed7f8b920df52a4e1cde4f3ee8f80b69a8208c8d8579b1925f9a445627,1,ab518c0d56957a109eb7c3ab27637b428df2d8b5df306117b06ddd5619647186,2.85440930099764e-13,2.4104177
1039,MC1_K2_N2_L1_SP6_P3_R09,f976589774861a059741cacc00f99f7d404404e144e17e6612728e665e90159b,7ac5f2ed7f8b920df52a4e1cde4f3ee8f80b69a8208c8d8579b1925f9a445627,1,969b21f9ea2a19ba32ea0c0b6f8f56bae27a29fe09387bbf2fa263d69885ff16,2.1316282072803e-14,3.0334923
1040,MC1_K2_N2_L1_SP10_P3_R09,e976e20c8deebc24351d7e276d5bd645af667814f97a85dee5c348f4abf7852c,7ac5f2ed7f8b920df52a4e1cde4f3ee8f80b69a8208c8d8579b1925f9a445627,1,859aa5dc20ac3685b80bad997f65f493e617deaddcd405aff5d37f8587fca4cd,1.95399252334028e-14,3.2704284
1041,MC1_K2_N2_L1_SP14_P3_R09,4c77565bca37a5f82fe734cfe745849fc34d35f1c6c42b587572aa7dedb1710e,7ac5f2ed7f8b920df52a4e1cde4f3ee8f80b69a8208c8d8579b1925f9a445627,1,c4b4346c7bea716a2ab02285f53f35d83eadde7aa702b4434bed7363c747d5ee,4.9737991503207e-14,5.5659802
1042,MC1_K2_N2_L1_SP18_P3_R09,a29d58408d63a15e124e3d7efcb19d46d2705325abf91f34e49ed9c59370a451,7ac5f2ed7f8b920df52a4e1cde4f3ee8f80b69a8208c8d8579b1925f9a445627,1,d3bdc9bfa8de686e7565ed04a464cd10c3b4cd8dd95a87260e5b93ed3b264713,3.05533376376843e-13,6.0185126
1043,MC1_K2_N2_L1_SP22_P3_R09,7b61fde726f28e00417ed815a178f1845e9669dc573342ed1f3a5e84ab6ebeb0,7ac5f2ed7f8b920df52a4e1cde4f3ee8f80b69a8208c8d8579b1925f9a445627,1,1c2af05b025849f1703460cc609592c4d66b5c3b7dc469af9cfd9702f2cef78c,8.41993141875719e-13,5.7048361
1044,MC1_K2_N2_L1_SM6_P3_R10,f94ccb19f7ef2355aea0f9d45352a1acb76b4e9274ff54da89867dcc0e736e6e,7ac5f2ed7f8b920df52a4e1cde4f3ee8f80b69a8208c8d8579b1925f9a445627,1,e1aaef6553de02f27460f33acce91f14b28dac5730160f21c13b29358116d333,4.69846384021366e-13,4.8515995
1045,MC1_K2_N2_L1_SP0_P3_R10,09a167f725a3e2d9e7f302256afa3d9e3cf37286a5c2199edd7aad8099b276eb,7ac5f2ed7f8b920df52a4e1cde4f3ee8f80b69a8208c8d8579b1925f9a445627,1,986a16cc3dd3c67d226367ea781d7cc7ed47ff475e8da1d0996e9c458fb8726d,1.66828651713715e-13,5.5252928
1046,MC1_K2_N2_L1_SP6_P3_R10,9e46608bf954cdc1c3f06c7b7ca197a867e14c9cc62a13f76d18c7f8ce7b4872,7ac5f2ed7f8b920df52a4e1cde4f3ee8f80b69a8208c8d8579b1925f9a445627,1,db06bd7c99132d4876829f11759d1446760c8d5d8f9e9a03427e2e1b922c55c2,5.91526827520283e-13,6.3683633
1047,MC1_K2_N2_L1_SP10_P3_R10,f0a2a8335f5e8135fb6825edbc454dacc638a0e59bccb9454e50e2156466301a,7ac5f2ed7f8b920df52a4e1cde4f3ee8f80b69a8208c8d8579b1925f9a445627,1,f74aa111e4c5eb4e38f784f56f7fdd55d8aa4baa4ca97d32ea389d51e9f18851,4.79616346638068e-13,6.3060304
1048,MC1_K2_N2_L1_SP14_P3_R10,d2075db13e71effed90a795d9bfa18bdf2b3a9449a8b92355019c43f645681a2,7ac5f2ed7f8b920df52a4e1cde4f3ee8f80b69a8208c8d8579b1925f9a445627,1,d2ba7bcf09c46606ba1f71d61d75fada869e6edf66fa79b42d327a85f25206fd,8.88178419700125e-14,6.1779741
1049,MC1_K2_N2_L1_SP18_P3_R10,179e3ead21c2ae29c00531337dec5cc138576bda1443076327fb9ddc1cc241c9,7ac5f2ed7f8b920df52a4e1cde4f3ee8f80b69a8208c8d8579b1925f9a445627,1,277b7420887c52c5bb4d9f914e354daee8dc78eb99b37a6f1edf7f17902a2f41,3.69482222595252e-13,6.2182096
1050,MC1_K2_N2_L1_SP22_P3_R10,7a44b8e9b013deffa9e91db733363e9478d7cc3a9c34f7db84f3349292c02f64,7ac5f2ed7f8b920df52a4e1cde4f3ee8f80b69a8208c8d8579b1925f9a445627,1,7d7be2fe8fcc1121d14c8c38bb1d64385d4d18a51d53dc7797905d10eda9e9dc,4.2277292777726e-13,6.2165188
1051,MC1_K2_N2_L1_SM6_P4_R01,6819eda0a462a438f24035979caf956eb79a16460c9d831719c8e963e0f54505,7ac5f2ed7f8b920df52a4e1cde4f3ee8f80b69a8208c8d8579b1925f9a445627,1,e6b00ef018d0b6a1c6c951c637fa81dcc2176bba899c8cacf7487636127d5110,1.3908874052504e-12,3.39375
1052,MC1_K2_N2_L1_SP0_P4_R01,ea0d31f2c803d34347d076f1da6a5ab4c1be166ecd47c2cf12ad5566902ceb1d,7ac5f2ed7f8b920df52a4e1cde4f3ee8f80b69a8208c8d8579b1925f9a445627,1,6fae86d822dafa8dbc8c61cacea4319fbd0bf01d30fdc24c7910149fa9a7ac64,3.43300578092957e-13,3.6712034
1053,MC1_K2_N2_L1_SP6_P4_R01,925a838176374f6925a5d1c46f8f760b41f429f2579d950d1b39a46798d549be,7ac5f2ed7f8b920df52a4e1cde4f3ee8f80b69a8208c8d8579b1925f9a445627,1,885aca965ce29aaf2b854e37cbce448327cb2d7e6a044fef8ea535bd04069d6a,1.11466391672366e-12,4.467949
1054,MC1_K2_N2_L1_SP10_P4_R01,c7c4d2f7a0b763d33a7dfbd40e325c06096b27201683dd6e9da8ab5cd5b13fbc,7ac5f2ed7f8b920df52a4e1cde4f3ee8f80b69a8208c8d8579b1925f9a445627,1,9779835e6e73c0e791eba2509788cce9d13efb3118681ceccc047d4563ef7b11,2.25597318603832e-13,4.9688693
1055,MC1_K2_N2_L1_SP14_P4_R01,73b73a243139bdca025a806c78f7e9bfcf0c6cd9ff6c6aa02e63aea834388a76,7ac5f2ed7f8b920df52a4e1cde4f3ee8f80b69a8208c8d8579b1925f9a445627,1,cfd6f4f79e936ed9ed79318bc13d23a2d7bb64656727bd8c1c9a228250fc6d5a,1.00897068477934e-12,4.9512056
1056,MC1_K2_N2_L1_SP18_P4_R01,6fa07c44005a8d402181deebbc9eea40f3fb4fd2b906d4e63e7c4e36b84aa203,7ac5f2ed7f8b920df52a4e1cde4f3ee8f80b69a8208c8d8579b1925f9a445627,1,27b4dc8ebce42ac2efe420c3fcba2e421e361eacb6be42cac131d26917b2c789,2.0961010704923e-13,5.1757853
1057,MC1_K2_N2_L1_SP22_P4_R01,295cedd56c459af0711069d1b46773071dba254168cb0b151e675b4d9d7745ec,7ac5f2ed7f8b920df52a4e1cde4f3ee8f80b69a8208c8d8579b1925f9a445627,1,fbb0a3ef4a0f503fdf66fe68ddd236aaaae298a6a3872dfe6debdd913b1ca18c,9.2370555648813e-14,5.7831059
1058,MC1_K2_N2_L1_SM6_P4_R02,08b03d0a5660d0670c50b7a04f05cfe0f5d4ae92b2cacf017ec56454d2207e11,7ac5f2ed7f8b920df52a4e1cde4f3ee8f80b69a8208c8d8579b1925f9a445627,1,5047e8ab32c7fe9dc88ee6e3ff4c1ba3542cf68a65c8bee25043bff8bde299f5,2.33590924381133e-13,5.2535312
1059,MC1_K2_N2_L1_SP0_P4_R02,ae3152f1f84bf026f68b6cd8b8ce6b2bcf80a4ace7f6f1ebf08efc2c353e4955,7ac5f2ed7f8b920df52a4e1cde4f3ee8f80b69a8208c8d8579b1925f9a445627,1,276f7c5d33bc8b1f3a44144de483003d4572871c30bf14a6d2e2d5335f9ec607,7.18423962582205e-14,4.2857324
1060,MC1_K2_N2_L1_SP6_P4_R02,099344651d5e23e8ca02a5f9f82ae37f74aa58c746926e8463f284fb3caa55ce,7ac5f2ed7f8b920df52a4e1cde4f3ee8f80b69a8208c8d8579b1925f9a445627,1,d7823667222a49a314738d145a74499abfeae8eb8c36e1aa1e517f417cbfde44,6.80344669490296e-13,4.8257254
1061,MC1_K2_N2_L1_SP10_P4_R02,d262d6982e00502ea7d3a8af4931483577e2a7687e78f5227d7e525778a89713,7ac5f2ed7f8b920df52a4e1cde4f3ee8f80b69a8208c8d8579b1925f9a445627,1,cb12ff52034cbf9d9dfa8e1e874bbb8ac3c43bdf95d042e440255eab3f459b9c,4.33431068813661e-13,4.885088
1062,MC1_K2_N2_L1_SP14_P4_R02,24a0b1c71b974003fe1e9b442cc183270ac2c921b656b82c5189a621e647e06f,7ac5f2ed7f8b920df52a4e1cde4f3ee8f80b69a8208c8d8579b1925f9a445627,1,6e42d6d169efc0118f33d713d003fbe190b386e39ab52fcc2d0db47d355ad9d3,7.38964445190504e-13,5.0947291
1063,MC1_K2_N2_L1_SP18_P4_R02,0bd272f39b2b97a82db5c2da4e5346d24b04eb53771a431aac04e7684e4753c1,7ac5f2ed7f8b920df52a4e1cde4f3ee8f80b69a8208c8d8579b1925f9a445627,1,eb658cf3e478479dcda91a3fbb9482f9aa0ffea37f630c85c3d22a044ab2b061,6.3948846218409e-14,4.9878545
1064,MC1_K2_N2_L1_SP22_P4_R02,deadefdf2dfddb8f9764587061fdcab6c02dc4d6d48c353ceb1d955dac5ec2da,7ac5f2ed7f8b920df52a4e1cde4f3ee8f80b69a8208c8d8579b1925f9a445627,1,0fffb03f2fbc685e7e2b5cb0b0d844384e5d06a215ea228e1e5048b1e11f0b76,8.24229573481716e-13,4.5630374
1065,MC1_K2_N2_L1_SM6_P4_R03,1601173eb4547935e63c0b38f2b704f547a723dde2addf2e61c4b9f86391e289,7ac5f2ed7f8b920df52a4e1cde4f3ee8f80b69a8208c8d8579b1925f9a445627,1,20e6b52d55201102fa1c7a69eb88fed8ea8921db3065e0ddd5b505fd7cb222de,4.56523707725864e-13,4.1123432
1066,MC1_K2_N2_L1_SP0_P4_R03,59ba0922f75e9d4a09afea3aa1252c529e0e7cbaa4712e81ffd61220465893e1,7ac5f2ed7f8b920df52a4e1cde4f3ee8f80b69a8208c8d8579b1925f9a445627,1,8155f07df5a9905f6628cec812b2efdb3bd77c6ebbcaac2663339358839718a7,1.10897658653627e-13,5.3718397
1067,MC1_K2_N2_L1_SP6_P4_R03,da997080e7e4050249f4944427daeefae06e83325d2f726f2700d2cd6c327ff0,7ac5f2ed7f8b920df52a4e1cde4f3ee8f80b69a8208c8d8579b1925f9a445627,1,a3aa4103a8b86cb64f17be06f8b9ff320d6aea7aea0a19285f88cdceaefb7dce,7.28306304154103e-13,5.3921726
1068,MC1_K2_N2_L1_SP10_P4_R03,86779f2cebb0a7c5e69a7d7e9ada7d9675b0b8a78d8aa5ce02bc88228724a2df,7ac5f2ed7f8b920df52a4e1cde4f3ee8f80b69a8208c8d8579b1925f9a445627,1,08e33180d8f2542c4687b4b833b9e9bbc6142f52974ea0ae33d8a0c08240e696,1.17239551400417e-13,5.963281
1069,MC1_K2_N2_L1_SP14_P4_R03,4d13127b4475176c1a59600fade610371e8f3c733258d45c6160f7c50ac6d4aa,7ac5f2ed7f8b920df52a4e1cde4f3ee8f80b69a8208c8d8579b1925f9a445627,1,4a2579c872e15dd9b5372e2a5c97356210192978b468454f630aaeab1d231a29,1.22213350550737e-12,3.0093561
1070,MC1_K2_N2_L1_SP18_P4_R03,28ddfdcd1092a487b9be2a0298da4a2492eef68fba5b3461dc44e2180a3038bd,7ac5f2ed7f8b920df52a4e1cde4f3ee8f80b69a8208c8d8579b1925f9a445627,1,9108356ddef44590177a69c78d8df5646fc81bbe7f34acfee39aeed29eb89bd6,2.34479102800833e-13,5.9753589
1071,MC1_K2_N2_L1_SP22_P4_R03,7ff3bfaaf98cde2578b8774bfda105e25419900b54ccfa171149ca5bddbb0ce6,7ac5f2ed7f8b920df52a4e1cde4f3ee8f80b69a8208c8d8579b1925f9a445627,1,5bac4e2c840fc5b3b445155654e93d2fee55d3b6ac4394dacb561c3441157962,9.30810983845731e-13,5.9278989
1072,MC1_K2_N2_L1_SM6_P4_R04,c7d0d9672c60224e9934a18baf52a288c63c094a13af4d3d7a9b2f4d3f36d990,7ac5f2ed7f8b920df52a4e1cde4f3ee8f80b69a8208c8d8579b1925f9a445627,1,5d2ab14d041830e87a45fee3c8e1c0d365923a8e04e69f548d2c8668a6779525,2.89546164822241e-13,2.2374404
1073,MC1_K2_N2_L1_SP0_P4_R04,8ebc748ec0a23bf42d87d3edd9ad10fefbc4c9ee7eeb052c3374dc4df393ac9b,7ac5f2ed7f8b920df52a4e1cde4f3ee8f80b69a8208c8d8579b1925f9a445627,1,bc0a58e8cc701f930c11f32c69565683f2691cffcf17ffc84989c8d8ab1f7567,8.80430976963062e-13,2.7400497
1074,MC1_K2_N2_L1_SP6_P4_R04,dc9fd5bc13d8219b11136b033237271f0a903e323f8dd23bfb238e6527b40077,7ac5f2ed7f8b920df52a4e1cde4f3ee8f80b69a8208c8d8579b1925f9a445627,1,373a274b9347decf6e155e13de3fa7e3dd742156a4fc16d6827212530e26c474,1.06403774680075e-12,4.2863689
1075,MC1_K2_N2_L1_SP10_P4_R04,d038967f806e62ab780898f25f58e9366825f696cdde1cd41aba2639e07e7c9b,7ac5f2ed7f8b920df52a4e1cde4f3ee8f80b69a8208c8d8579b1925f9a445627,1,5593ba2cd2f1567fcc521595be09627d85f2ae7acea06c2dc0876e061a62f3e5,1.77635683940025e-13,3.8216393
1076,MC1_K2_N2_L1_SP14_P4_R04,5f9fb9c887962c88d56a6d3677e5896d8a5294422d7d2593e6957d18065a6050,7ac5f2ed7f8b920df52a4e1cde4f3ee8f80b69a8208c8d8579b1925f9a445627,1,52d26f54320aad58feb2ee58946db481e20e3a6c2cd8d23d53cdc828614db555,1.14042109089496e-12,3.9888716
1077,MC1_K2_N2_L1_SP18_P4_R04,ae43f99e734ad71b63b2113b6086a7bdd8ac4d407f6ccfbaf487790f7e865f37,7ac5f2ed7f8b920df52a4e1cde4f3ee8f80b69a8208c8d8579b1925f9a445627,1,8af178a9f12ef4fc1bfe52d7d372a1ea2ee1af195566392591072ce8e4ae521a,9.37916411203332e-13,4.6500166
1078,MC1_K2_N2_L1_SP22_P4_R04,d626ceff8c4a70238b99c494d1ed9f8288702d9dffa2f756973cc9559cba4e10,7ac5f2ed7f8b920df52a4e1cde4f3ee8f80b69a8208c8d8579b1925f9a445627,1,35b12c142c6958305750002a2047b9a40fc9f91b29d4d4dde5fe394e5f5b1a92,1.05870867628255e-12,5.8495391
1079,MC1_K2_N2_L1_SM6_P4_R05,5e085003e7cb71ee7e10fbc46fc95cb81876c8b5f5c284510cc92d3e3de494c3,7ac5f2ed7f8b920df52a4e1cde4f3ee8f80b69a8208c8d8579b1925f9a445627,1,2434407968fcba8a4b8fdf2439b6d5eef9df980335ff180101fdbd11f0662e6d,1.12088116566156e-12,5.114254
1080,MC1_K2_N2_L1_SP0_P4_R05,ad479ac1f210dda7e8337aca9c7c48ce3d58ef21b7e0750398122f4d04d341a0,7ac5f2ed7f8b920df52a4e1cde4f3ee8f80b69a8208c8d8579b1925f9a445627,1,92c6b4330fb05f5c84948b485967afc5a6fb02595ce858f650779d01b4a2f499,4.27197067683085e-13,3.5251994
1081,MC1_K2_N2_L1_SP6_P4_R05,46746fae69d4b7962bb4c3cbff189cc51e7fe6b8945207dd573a4ea3f32c747d,7ac5f2ed7f8b920df52a4e1cde4f3ee8f80b69a8208c8d8579b1925f9a445627,1,c0ad0bc9f2fab3255653d78cd07260aaa42da02fc54abee0840129f728b279d3,1.17328369242387e-12,2.4285108
1082,MC1_K2_N2_L1_SP10_P4_R05,26b56b5b0d3bacadd054a25f1713d25e335c944e47b95ff072ad0d5fe3ed88d4,7ac5f2ed7f8b920df52a4e1cde4f3ee8f80b69a8208c8d8579b1925f9a445627,1,e86b1aa1cf4ba084e43c827bbbbc0e0f0b67b49fb8e7eb2edf4e6cab15ce190c,2.55795384873636e-13,6.0251308
1083,MC1_K2_N2_L1_SP14_P4_R05,b18a1d54d07d3cfa0dca2605dfcd7e4545f80d3198e7c4246b99e5f812970682,7ac5f2ed7f8b920df52a4e1cde4f3ee8f80b69a8208c8d8579b1925f9a445627,1,496fba364f7ecd04e4204091e1b83cbf643016e60b13b7f97fe53a40eea25de7,6.05737682235485e-13,5.9260684
1084,MC1_K2_N2_L1_SP18_P4_R05,9a6a119a89a7fd5c4e0b0aed2bf2123f07c5b9b2be7a5efa9cb7edabd205ed4f,7ac5f2ed7f8b920df52a4e1cde4f3ee8f80b69a8208c8d8579b1925f9a445627,1,78e2b9c8a550208594a062ceb3515a5e2810a9827594ff743e0cb31a800d2d41,1.13331566353736e-12,6.2065573
1085,MC1_K2_N2_L1_SP22_P4_R05,8ced5b557d5489e46b19b410f28429b393f879f98cf17ded225aac4b3a514d66,7ac5f2ed7f8b920df52a4e1cde4f3ee8f80b69a8208c8d8579b1925f9a445627,1,d59546ce31b9a8db5584760c6486ed40f782da95070135865d298ab3ab6774cf,9.48574552239734e-13,7.0303898
1086,MC1_K2_N2_L1_SM6_P4_R06,bd3559659d02fcb5cf4c4f6f2192dc28a1afde98b9208fad8d127ee87d1864c6,7ac5f2ed7f8b920df52a4e1cde4f3ee8f80b69a8208c8d8579b1925f9a445627,1,798d957abe47c3ea895b70939f27026487b4201018d4be88f5bb6c7e0ba274b1,4.08562073062058e-14,6.5044459
1087,MC1_K2_N2_L1_SP0_P4_R06,a4d9db5d4d276e2d84b37f5e07ec1f015b9264fcbefec1cfdd27bdc8250120b2,7ac5f2ed7f8b920df52a4e1cde4f3ee8f80b69a8208c8d8579b1925f9a445627,1,d7e0d67b971556390eb3366d89f2b759f7c45447061d0d554af9d2d596581f57,1.99615785576535e-13,5.5965259
1088,MC1_K2_N2_L1_SP6_P4_R06,e2af1ebac6683e39086bdbdb6978376f5879f48110e4e6f396dc74b17d8da99c,7ac5f2ed7f8b920df52a4e1cde4f3ee8f80b69a8208c8d8579b1925f9a445627,1,b86a04ddda356b75e92bd606e8301a1ff713b532dce78ec266671eef826628e6,1.86517468137026e-14,5.0598828
1089,MC1_K2_N2_L1_SP10_P4_R06,338b7ddb528562dc37f0929416fb911c1638dd2fbdca0ef27f21a7276eec3c3e,7ac5f2ed7f8b920df52a4e1cde4f3ee8f80b69a8208c8d8579b1925f9a445627,1,3de2026878b31ba5a449dcaaf1208865d46e8005c9c6c5233f69e3bc1258780d,5.89750470680883e-13,4.057437
1090,MC1_K2_N2_L1_SP14_P4_R06,56d95085bec1dd1eb7eedf2dd47e2bb06da78c5d54ff27d147dabe9e2e4f8ad0,7ac5f2ed7f8b920df52a4e1cde4f3ee8f80b69a8208c8d8579b1925f9a445627,1,a7c82c5a76855b4e05c1937c82655df198d8a55be34c7e8d136665907a3166cb,8.81072992342524e-13,4.7072934
1091,MC1_K2_N2_L1_SP18_P4_R06,ebde105f07b605279749c50680876b3f5354a1dd2127f4e0ec7be261bd0a99d7,7ac5f2ed7f8b920df52a4e1cde4f3ee8f80b69a8208c8d8579b1925f9a445627,1,a3d71f02d354a8fa653413c2a573d22bc6818192b42d5dfa561d5528e75a2f68,2.02504679691629e-13,5.3995021
1092,MC1_K2_N2_L1_SP22_P4_R06,a733eeb2b4c7a1d804297fc7ea9713650c20dc14cbab2ad48231aa08d372feaf,7ac5f2ed7f8b920df52a4e1cde4f3ee8f80b69a8208c8d8579b1925f9a445627,1,c4bd7440890ab8b3509cfb0d6f59ee7418e4870f3bf9e32a33c09dc5a216cb9d,4.12114786740858e-13,5.8955571
1093,MC1_K2_N2_L1_SM6_P4_R07,0e42f2d895821b0bed9d2f28cd960e8fc43d265ca9bcfc258470ae983164ca00,7ac5f2ed7f8b920df52a4e1cde4f3ee8f80b69a8208c8d8579b1925f9a445627,1,00e1f49d7129c0bfb16561dae01085fe5ada04835bdbfc269f1b30a88af35296,1.74082970261225e-13,2.2971169
1094,MC1_K2_N2_L1_SP0_P4_R07,e9d5d6f361d56c7c7a61446c1fb515514982a3d4c6aa3840a716cd6d2c77d934,7ac5f2ed7f8b920df52a4e1cde4f3ee8f80b69a8208c8d8579b1925f9a445627,1,b2165edc2705c8c0d71fa9b614ff4d00e29f308352693ee48d0732634fea6fd1,2.63261398369039e-13,2.2787235
1095,MC1_K2_N2_L1_SP6_P4_R07,d0ccd12ceee853b018ae7600fa8dbeadaa105e8fe73d560ea786f188b9eda95c,7ac5f2ed7f8b920df52a4e1cde4f3ee8f80b69a8208c8d8579b1925f9a445627,1,9661ad19e64ac4f8f68eb5949d373b8f31efcb688bf5490906a772de4907ed83,5.40012479177676e-13,2.2105414
1096,MC1_K2_N2_L1_SP10_P4_R07,23ca7d1c98ec9624031d0fce0d434e197ccede582e99aa1c1610a3010c928cf4,7ac5f2ed7f8b920df52a4e1cde4f3ee8f80b69a8208c8d8579b1925f9a445627,1,8783615bcb33a770fe8e2c42f6c091c149b1972f0fe65fe6f79fcb6a5fab6191,4.83169060316868e-13,2.7624602
1097,MC1_K2_N2_L1_SP14_P4_R07,55a9d8f88108de0a8d7a0853af6715d9c0b69219c11797a01b029290fd344b0b,7ac5f2ed7f8b920df52a4e1cde4f3ee8f80b69a8208c8d8579b1925f9a445627,1,7a014e7b76d6d8bf4a6b570d11f23c8437ac03ad639c63f02fbb9d6c64626a3d,5.86197757002083e-14,2.8098528
1098,MC1_K2_N2_L1_SP18_P4_R07,96d687c8bc1709969b67e8ede9dfd7116e493ef059961ccde4d997b3f48a5670,7ac5f2ed7f8b920df52a4e1cde4f3ee8f80b69a8208c8d8579b1925f9a445627,1,971872a4cdba6f0fe7acca53b04d9e81948088010f9b7c6b2f4da57bea19be0b,1.12265752250096e-12,4.3257166
1099,MC1_K2_N2_L1_SP22_P4_R07,a14bc153bb7ebc80feb282268b026b7b37068c99883aaffe1d953d94b5d56b21,7ac5f2ed7f8b920df52a4e1cde4f3ee8f80b69a8208c8d8579b1925f9a445627,1,4e4c06cad8f3550e91dfbc2aadc93572061b19ae9c149b9c8b27513c1e35ea2a,7.17648163117701e-13,4.9747538
1100,MC1_K2_N2_L1_SM6_P4_R08,95be5b7ea5aab478fd4caa2f2c9777007a0ec418a731406739776b2d6cdc6f68,7ac5f2ed7f8b920df52a4e1cde4f3ee8f80b69a8208c8d8579b1925f9a445627,1,b644909dd12db4fec87bc90ab6ba77d49fe788953e70ee7f6e7dd70bdd996530,3.35731442646647e-13,2.2500525
1101,MC1_K2_N2_L1_SP0_P4_R08,d3720edf669cf739ed7889972a978e9fdcbbc5f1b3b0d9d1e88a7f880e3a75d2,7ac5f2ed7f8b920df52a4e1cde4f3ee8f80b69a8208c8d8579b1925f9a445627,1,571dd1cc165f7a8d31ad53744d8d6cda752dd7a4e8cf669d3d02cfca5f19c49c,1.09065436467163e-12,2.4339036
1102,MC1_K2_N2_L1_SP6_P4_R08,ae28e26225432bd103c030f8c568d5294d496f1eae58234833535618516f3149,7ac5f2ed7f8b920df52a4e1cde4f3ee8f80b69a8208c8d8579b1925f9a445627,1,ae615ae4a2e6f923ff8de0a3d9f571aa7f1250c50f43048d2b5231ed45ffbfc5,5.76427794385381e-13,3.8392808
1103,MC1_K2_N2_L1_SP10_P4_R08,f20e00490f1982f31636a87182c8cff0146e13dacd1c8bdd0c0448e35494c16a,7ac5f2ed7f8b920df52a4e1cde4f3ee8f80b69a8208c8d8579b1925f9a445627,1,86a37865dc999887b94e877d631f15af801c3c1000f3bebc078b5d8a5ab71f7b,6.75015598972095e-14,4.6072004
1104,MC1_K2_N2_L1_SP14_P4_R08,62c5be1122adbab7765dd6a3e050fe0ca24fc5eb653f44bda7a44af66b1c6373,7ac5f2ed7f8b920df52a4e1cde4f3ee8f80b69a8208c8d8579b1925f9a445627,1,68530712a94f05a39cbbbc5bced201049bc0b2b9a74a956a6a20016d2694b630,1.13686837721616e-13,5.5744943
1105,MC1_K2_N2_L1_SP18_P4_R08,348bc7965641f6b25c93749330090f484c084f23629e7c8e800c539dc9ee5669,7ac5f2ed7f8b920df52a4e1cde4f3ee8f80b69a8208c8d8579b1925f9a445627,1,229cb7c228830814e708c9490bb6276acb27a3a9b71235cf1e2edb636225d5a1,4.47641923528863e-13,5.9477183
1106,MC1_K2_N2_L1_SP22_P4_R08,82de2364827132cb8c35d088c8dd47b016c9866d77e2b7f76db482d4839c62c4,7ac5f2ed7f8b920df52a4e1cde4f3ee8f80b69a8208c8d8579b1925f9a445627,1,bf4fee338466c94b273f00bb11fa58ac1a3f8eff8e699d67786e1228bbfd37c6,8.81072992342524e-13,5.9348731
1107,MC1_K2_N2_L1_SM6_P4_R09,9b2150ebfaa024c1116218125e80d0d3cbff42f4b32432a0dbad7833ce3e974c,7ac5f2ed7f8b920df52a4e1cde4f3ee8f80b69a8208c8d8579b1925f9a445627,1,263a46a9d802471083935f7675799d7eae9df07eab47ebfdb12b18e4bdeb4445,1.34470212742599e-12,3.2233968
1108,MC1_K2_N2_L1_SP0_P4_R09,a131a710be0fa968877faf27a72fa00626dce1540de0c6ae63db15bec940e9e2,7ac5f2ed7f8b920df52a4e1cde4f3ee8f80b69a8208c8d8579b1925f9a445627,1,a50bd2f328e1b09ec865ce9cec8da8e2d01f7bf541bfd3c50ed3424086276bbf,2.17648709201131e-12,3.1693289
1109,MC1_K2_N2_L1_SP6_P4_R09,32f11e7c048c182fbfcbab185c33754aa7dd482517fed5aa6774b3a83f582950,7ac5f2ed7f8b920df52a4e1cde4f3ee8f80b69a8208c8d8579b1925f9a445627,1,053be41a3a1e418c6accd73964a648db678e36f33a0a5ef20405625f5555d8f2,1.86695103820966e-12,3.556745
1110,MC1_K2_N2_L1_SP10_P4_R09,be55cd278c8f8fba5c3cb95890a62b831ecdebf13f66694182b32161946b1c50,7ac5f2ed7f8b920df52a4e1cde4f3ee8f80b69a8208c8d8579b1925f9a445627,1,40a6dfdd79f250a9554bf33b85b288de15785b7131961db23e97c21ada54f735,1.80122583515185e-12,4.1225302
1111,MC1_K2_N2_L1_SP14_P4_R09,8da1ce6a1a47b6a770c11188cb06493384aeea842e766b7567fe86fbf2b4d791,7ac5f2ed7f8b920df52a4e1cde4f3ee8f80b69a8208c8d8579b1925f9a445627,1,57f9507d9e90065c010d3405ed12df04bf311f4b08ed307ab7ea2e63ecc7dd78,1.4459544672718e-12,4.3392733
1112,MC1_K2_N2_L1_SP18_P4_R09,68b785ae94db20177fc8a2cf081d0cc68e8808bd09e30f5b8bf183b23df6e7a6,7ac5f2ed7f8b920df52a4e1cde4f3ee8f80b69a8208c8d8579b1925f9a445627,1,3f938e5c22ee15e0d6f1fa4ef35771a6b2341ce6d3318d9a630eb07e4c4cf0b0,1.87938553608546e-12,5.7230038
1113,MC1_K2_N2_L1_SP22_P4_R09,25ca6c58a767cf413955f63e67f31de1f4db15992f7578ba86201eb4aacecf99,7ac5f2ed7f8b920df52a4e1cde4f3ee8f80b69a8208c8d8579b1925f9a445627,1,8661b3389b2768442550b0cdb7323b4c7a3488b5c900878df432b7e63adf1790,7.53175299905706e-13,6.080012
1114,MC1_K2_N2_L1_SM6_P4_R10,847994f65c04fc41340f2d6f1902bb6782579a8926825a62ee4b274d37cb3d64,7ac5f2ed7f8b920df52a4e1cde4f3ee8f80b69a8208c8d8579b1925f9a445627,1,01687a46b9aae29e7353e0b8fddcef7f4ac702270c627fd8404d8f8532746825,9.18376485969929e-13,3.8871736
1115,MC1_K2_N2_L1_SP0_P4_R10,ff9d2fbef4da2ed93665c1d4fb38a561d01a29cf86f69bd171ecac11e4ffaf82,7ac5f2ed7f8b920df52a4e1cde4f3ee8f80b69a8208c8d8579b1925f9a445627,1,f9d95bf0e6421039c6c8bc182c7ec49f37bcfe6c215940102e9ace0e25346756,3.1195993543e-13,4.6510229
1116,MC1_K2_N2_L1_SP6_P4_R10,698b9c5b9020d59bee2104fab3826bdb7497b4a2652e24c4931468d3e6b81394,7ac5f2ed7f8b920df52a4e1cde4f3ee8f80b69a8208c8d8579b1925f9a445627,1,e47c2254ca594831d5556d1027760de72df85375da8be3e3039ecd9848a9f475,4.20108392518159e-13,2.2166494
1117,MC1_K2_N2_L1_SP10_P4_R10,3223aa62a66927f14c18b7d9055dc2b062b4a0f9e1acb29b094d5159386dda77,7ac5f2ed7f8b920df52a4e1cde4f3ee8f80b69a8208c8d8579b1925f9a445627,1,d648f6f035c08501553758abaf32d39a24d6fd9561edda5d30792ded356054e5,6.32383034826489e-13,2.2123408
1118,MC1_K2_N2_L1_SP14_P4_R10,9b38e8ef4550b081d5cbe48ec2896ce217be48c9f80135146b26da006580fb4e,7ac5f2ed7f8b920df52a4e1cde4f3ee8f80b69a8208c8d8579b1925f9a445627,1,95804f63504adb93dfdac35abfc242e0761d62a756bbb86695a42001218fea08,7.38964445190504e-13,2.544101
1119,MC1_K2_N2_L1_SP18_P4_R10,262430e06fcbccaa3b99cd506e937e556883206125a4d2f09942c1192c241367,7ac5f2ed7f8b920df52a4e1cde4f3ee8f80b69a8208c8d8579b1925f9a445627,1,2773404a2ee595eb5958291679d26d4e9d87174f1d7469c4807e1ac11e4eba10,1.27897692436818e-13,5.1852533
1120,MC1_K2_N2_L1_SP22_P4_R10,d08f5678eecce5eb67243c2213720a7f6466864c24506b4136f4feaf0aea5340,7ac5f2ed7f8b920df52a4e1cde4f3ee8f80b69a8208c8d8579b1925f9a445627,1,d690826c46215596792655c82237b4ef60341eaa5b67e15e9b24260cbe093ba7,1.66977542903624e-13,5.0878556
1121,MC1_K2_N2_L4_SM6_P1_R01,a42db5dc16d3e880fbb000b62158ce330411f93fdd030222b1e125ece5d037f7,7ac5f2ed7f8b920df52a4e1cde4f3ee8f80b69a8208c8d8579b1925f9a445627,1,84aa74cb6718bc7336f2370d160e7809fa08714f6b97d6d73a58e42101db0fdb,2.48689957516035e-14,5.0486946
1122,MC1_K2_N2_L4_SP0_P1_R01,c5d7909b02f1126a5b731b30cd6f54a6f5c541aad48c840dbe0740624f86aab8,7ac5f2ed7f8b920df52a4e1cde4f3ee8f80b69a8208c8d8579b1925f9a445627,1,ad07ecabdf69c576ef8f5557eae842b57760cf050b8006ab03ccd621776beeea,8.19678346570286e-14,4.5583752
1123,MC1_K2_N2_L4_SP6_P1_R01,e47a6e0c07d5a64b1d7bdbf8f03e555d4367cf218a2a9b6435a8b93aeff595a7,7ac5f2ed7f8b920df52a4e1cde4f3ee8f80b69a8208c8d8579b1925f9a445627,1,2dec4d710a133aa582fe498d48acade465bbb7ce2e2544b0e657dffa0f7c1faa,7.19424519957101e-14,5.8257993
1124,MC1_K2_N2_L4_SP10_P1_R01,82fc5ac899a02d393973aa341a1c47c8172f2ac30e8dee0e88c2c31bd0491710,7ac5f2ed7f8b920df52a4e1cde4f3ee8f80b69a8208c8d8579b1925f9a445627,1,0df4806175c49e5d37207f48b6fdde7cd52bb17cc401e2a64b195251acbe6d55,4.2632564145606e-14,102.8722581
1125,MC1_K2_N2_L4_SP14_P1_R01,b986d1c9b654bd6c2fec52203910786fed358abc0c3aa4340e02b2044fa1d147,7ac5f2ed7f8b920df52a4e1cde4f3ee8f80b69a8208c8d8579b1925f9a445627,1,4dcb53eeb7abaf76f5f18dd36f0aef37209dcc88d8ddb9c11d79aad39bd1749d,1.77635683940025e-14,101.543254
1126,MC1_K2_N2_L4_SP18_P1_R01,bd4ebbf03470653a0f060e3d062463e67a80f4cdd72031a2be010e6a52be23da,7ac5f2ed7f8b920df52a4e1cde4f3ee8f80b69a8208c8d8579b1925f9a445627,1,5325f973842b894251260fb553c2d8b4cfe6d22c97dce88e87704e445a85967f,4.2632564145606e-14,96.7885635
1127,MC1_K2_N2_L4_SP22_P1_R01,d3b83972cdf57b7d4edceb9de49cea3b67d73da635ab75ceddbc2cdaa6090757,7ac5f2ed7f8b920df52a4e1cde4f3ee8f80b69a8208c8d8579b1925f9a445627,1,bcbaab1a94349e864be33ec51acfccb1aa3e32108098516b9ed11ecc6ad620a8,9.2370555648813e-14,96.1388608
1128,MC1_K2_N2_L4_SM6_P1_R02,3c353da824cf06673677bf63d57b11de8707e54e6f6748e57969be88596fb18e,7ac5f2ed7f8b920df52a4e1cde4f3ee8f80b69a8208c8d8579b1925f9a445627,1,cd465af76dab36d4b050fbb26f248c7e87bf3f72825051b333e7327b4e9af5ac,2.48689957516035e-14,4.3069681
1129,MC1_K2_N2_L4_SP0_P1_R02,cbc21e300e8119fd52b722316ea57eaf9fa3feeca461faa2148486edb1d579cc,7ac5f2ed7f8b920df52a4e1cde4f3ee8f80b69a8208c8d8579b1925f9a445627,1,01e173ff9065e6a4d66f4cf629444886228c578d8ac4bd22ba6912baf15cc32e,8.19678346570286e-14,5.5884911
1130,MC1_K2_N2_L4_SP6_P1_R02,a46ebe745306b9499f1193a2844dcd31fdcd2430c9be67a4f9d4b454920cfbd3,7ac5f2ed7f8b920df52a4e1cde4f3ee8f80b69a8208c8d8579b1925f9a445627,1,6c9653491c3f9643aede65659ab532b8baab019ce88b9103b06909ace5aaef26,7.19424519957101e-14,5.6552539
1131,MC1_K2_N2_L4_SP10_P1_R02,6e8e49df5094e8be10ddaffd86ef02679927439e4bb3cbf2f285663e3436addc,7ac5f2ed7f8b920df52a4e1cde4f3ee8f80b69a8208c8d8579b1925f9a445627,1,28703dfd9ecbc3fe11f4cea91bc2a26fed25cd5b117677fa64cc94e5a22807a8,4.2632564145606e-14,85.3488555
1132,MC1_K2_N2_L4_SP14_P1_R02,fdc6f32667d064a21abf4156ccdd322567101e03d610b532cc3c3a1d89604ac9,7ac5f2ed7f8b920df52a4e1cde4f3ee8f80b69a8208c8d8579b1925f9a445627,1,72da00e88bba08f35d12801c0f9fb1577808f85818fc030c966f9be52a59e894,1.77635683940025e-14,96.5722876
1133,MC1_K2_N2_L4_SP18_P1_R02,5edb8fedcde05dd903bf1c44dcdeec15ef83584ab008e74eaf6f6c5a18b2c3d2,7ac5f2ed7f8b920df52a4e1cde4f3ee8f80b69a8208c8d8579b1925f9a445627,1,a71247cdf8b8e48d6f0531c267daabe663ffc086ffc8f48dc3bf8a3b4be3b917,4.2632564145606e-14,97.0646988
1134,MC1_K2_N2_L4_SP22_P1_R02,4fd222622b1153c6292bcc51e72aaac5f49b12926e16b20a647f2a93d6221186,7ac5f2ed7f8b920df52a4e1cde4f3ee8f80b69a8208c8d8579b1925f9a445627,1,a20d0ba2372189322771d5b4dffd998a61e9e17c0ab1cc8d85ca0d39240696a1,9.2370555648813e-14,96.2191218
1135,MC1_K2_N2_L4_SM6_P1_R03,a3cf2053a218b182eefa7c669b40f2df940076937d6691788739165ed473093b,7ac5f2ed7f8b920df52a4e1cde4f3ee8f80b69a8208c8d8579b1925f9a445627,1,966568bb99fef62c0fadf5a14d111fb9f7a97bb4b6fb702418dd0b3a05307ed5,2.48689957516035e-14,3.6906872
1136,MC1_K2_N2_L4_SP0_P1_R03,2ce3a23e65a6075b07892f13d512318723331fe9b5962163ceca239fd547e444,7ac5f2ed7f8b920df52a4e1cde4f3ee8f80b69a8208c8d8579b1925f9a445627,1,b2a643f4021d0f89ed55ff7e064305e3eaf47d9ecc2ef37718e680df2ec0b341,8.19678346570286e-14,3.7291568
1137,MC1_K2_N2_L4_SP6_P1_R03,3ca41554c0f8428f473af512583314e56ac8e4bb7d947d866fd3922489a2007f,7ac5f2ed7f8b920df52a4e1cde4f3ee8f80b69a8208c8d8579b1925f9a445627,1,16436261d9db3a8664a34a3e43464788966050663a127315beb0e3e7b1a5f292,7.19424519957101e-14,4.0820214
1138,MC1_K2_N2_L4_SP10_P1_R03,de56e7a4915522e5ac4a223b165d8f3034119644e4c1ce4cd94820a29b935555,7ac5f2ed7f8b920df52a4e1cde4f3ee8f80b69a8208c8d8579b1925f9a445627,1,3391f3b18349f5b240bc1305649cfa778f10d9648df963a482b89fd5360dade2,4.2632564145606e-14,65.1315198
1139,MC1_K2_N2_L4_SP14_P1_R03,0896f6b2bd058aaf3a65cfc30fbecedc108e1db247ebb2ce04304948d5c09db7,7ac5f2ed7f8b920df52a4e1cde4f3ee8f80b69a8208c8d8579b1925f9a445627,1,7f4557d8e554435427b808d422fb4074708a9ccd212a7d725ee2d5ec3df52cbf,1.77635683940025e-14,78.0107783
1140,MC1_K2_N2_L4_SP18_P1_R03,30811fadcff18c15d59854f8a6ddf661e8a2c23890a09edf672a17ee039ea8be,7ac5f2ed7f8b920df52a4e1cde4f3ee8f80b69a8208c8d8579b1925f9a445627,1,3ddeb82e124f81779c6d671e33dcc31c6e684529eab8fbf3390ee0c342d21d1e,4.2632564145606e-14,98.0877678
1141,MC1_K2_N2_L4_SP22_P1_R03,eb1d304d533d48a49940a8b4b5075b0ab3b167be8814431463d28b22a39b0f80,7ac5f2ed7f8b920df52a4e1cde4f3ee8f80b69a8208c8d8579b1925f9a445627,1,0aabf8ef136e969dcda8e5e476aea74280eb1fe8b6fd79cf4fdeba9839cd1dce,9.2370555648813e-14,95.8278483
1142,MC1_K2_N2_L4_SM6_P1_R04,167d0a23a357e3bb1d1326e919d8090ab44f0d4af8624ffe860c692ddfa69d30,7ac5f2ed7f8b920df52a4e1cde4f3ee8f80b69a8208c8d8579b1925f9a445627,1,6fc3b1fc9c8dfc4366b7929f0153ab4f346baa6f04e391263e6c656ea9bd1c80,2.48689957516035e-14,2.6459971
1143,MC1_K2_N2_L4_SP0_P1_R04,7036ec21707dc0a4aae94607f73f10224a6d82faf17123132cb75cee115863a3,7ac5f2ed7f8b920df52a4e1cde4f3ee8f80b69a8208c8d8579b1925f9a445627,1,eff13454421858229de60ba30d9e5cc6ba3621250006129184e029f157cc9967,8.19678346570286e-14,3.682453
1144,MC1_K2_N2_L4_SP6_P1_R04,ac3967cf84ef450a3d0b18404f0681140b7a27de0c48ec85e20331248481b9f6,7ac5f2ed7f8b920df52a4e1cde4f3ee8f80b69a8208c8d8579b1925f9a445627,1,dc7b223cc5f398134cd86502a58f949e5b4599b2ce047bbd00a6fbec70d319df,7.19424519957101e-14,3.1047523
1145,MC1_K2_N2_L4_SP10_P1_R04,8eacd0dfbd6ab0b7a584fde660189d68157318926b7fad4b1b9831a137ceb203,7ac5f2ed7f8b920df52a4e1cde4f3ee8f80b69a8208c8d8579b1925f9a445627,1,f8dfa18fd60c3f33a85860ecd5ddf1c215e83a3880aacafcfcfe365762c9c60b,4.2632564145606e-14,71.707929
1146,MC1_K2_N2_L4_SP14_P1_R04,9c3a580a3b4f728be7922e02a61cc7b13ce50da143fad9b533d8de0a4d2a1546,7ac5f2ed7f8b920df52a4e1cde4f3ee8f80b69a8208c8d8579b1925f9a445627,1,abb4fa34e65aa7032a024a787b0386b2fa60e4640d6e7a82fd05df2c05ac471a,1.77635683940025e-14,90.0760817
1147,MC1_K2_N2_L4_SP18_P1_R04,b2b24aa9b66112ea9b1e205545c29cd20adad0aff2fcf74af2bfc385e522fa3e,7ac5f2ed7f8b920df52a4e1cde4f3ee8f80b69a8208c8d8579b1925f9a445627,1,69b30bb7ecba91c85c77ae751f77b84b451339fff00ab6fbe3e905405bc51b65,4.2632564145606e-14,96.722534
1148,MC1_K2_N2_L4_SP22_P1_R04,7f1af5e2d514a074d38f93731e55a180f1c1c9983d0d99e1267b4aac22b408d7,7ac5f2ed7f8b920df52a4e1cde4f3ee8f80b69a8208c8d8579b1925f9a445627,1,e52b9c877608f779461cabe57abfbb305c147d92a4c0d2a5a90f422ad800bc9b,9.2370555648813e-14,96.053128
1149,MC1_K2_N2_L4_SM6_P1_R05,d5ff83f26d90643c0578a242c60d48e9343a1482678566606645b0ca5cdee801,7ac5f2ed7f8b920df52a4e1cde4f3ee8f80b69a8208c8d8579b1925f9a445627,1,3513c0ff1b44a654e95325aadbffb3f6c9598abf2f5340722278ab199ef07120,2.48689957516035e-14,2.3760997
1150,MC1_K2_N2_L4_SP0_P1_R05,96cbe9085544271ff2c7223b32c0b058ec5c51431025f7415327fe0bfdbfbafc,7ac5f2ed7f8b920df52a4e1cde4f3ee8f80b69a8208c8d8579b1925f9a445627,1,8192498094443933ebdacd7ea38a8dec4a1b922f7a634db9dda00e6e9374f310,8.19678346570286e-14,3.7488044
1151,MC1_K2_N2_L4_SP6_P1_R05,a87f3916e6762050a00367b35c7a25aec2cde95941eb1231e5fd1ee69cdf8157,7ac5f2ed7f8b920df52a4e1cde4f3ee8f80b69a8208c8d8579b1925f9a445627,1,be6d17dbacb3310d69a31db655e29b4241b72a4acc09f96f5c6c8954627b9370,7.19424519957101e-14,3.1197427
1152,MC1_K2_N2_L4_SP10_P1_R05,031e4f4773152596bc39769b7a6ef2e508ef15c71c6be94e440ab5b72c0499d2,7ac5f2ed7f8b920df52a4e1cde4f3ee8f80b69a8208c8d8579b1925f9a445627,1,84ea66e912bc26ed0dd462f9f9336eaac2285afddef41d53b729948f9a5841a7,4.2632564145606e-14,29.2317714
1153,MC1_K2_N2_L4_SP14_P1_R05,12a4ce768b964889b5c56cd86bc36d3a35b6d2f993a2f02704080d547814fa5c,7ac5f2ed7f8b920df52a4e1cde4f3ee8f80b69a8208c8d8579b1925f9a445627,1,fa6ce17f8a8fe8de01505dac29e32cc95409b0f2a9300ca57839c28f3941dfe7,1.77635683940025e-14,42.1366
1154,MC1_K2_N2_L4_SP18_P1_R05,ad95da0c6a9c322b5c8879dd178fbd30a495360e9376c1d8b8878a765be4377c,7ac5f2ed7f8b920df52a4e1cde4f3ee8f80b69a8208c8d8579b1925f9a445627,1,fd017df4df0aff4bbf2d056b06fc156af982bab625d07e46d61c32b54dc17d5e,4.2632564145606e-14,67.6079642
1155,MC1_K2_N2_L4_SP22_P1_R05,009695441ce04f93c42df43e0b6c5ede2eeb2ccc9c7a688433c8ebcbf2c2dba8,7ac5f2ed7f8b920df52a4e1cde4f3ee8f80b69a8208c8d8579b1925f9a445627,1,f7614b16c742349882eed58488f6b799586f4a5e0185978fa323a18bbc63dd52,9.2370555648813e-14,98.4444916
1156,MC1_K2_N2_L4_SM6_P1_R06,80f0e5a3139a6fe145d6f17c26076bf15b02003c07446b309d361747d31457c4,7ac5f2ed7f8b920df52a4e1cde4f3ee8f80b69a8208c8d8579b1925f9a445627,1,5854fa2071df262194ff3502208ee1b028f6c5605046ee404eef0cd845b9e9f7,2.48689957516035e-14,4.8689683
1157,MC1_K2_N2_L4_SP0_P1_R06,ffba430f66d05d34f39d3c3116f8245e23567539797d39778ef62cb05bb622d4,7ac5f2ed7f8b920df52a4e1cde4f3ee8f80b69a8208c8d8579b1925f9a445627,1,f9361f0ab9bf0fd0cddc26b91b689d05c40547cc47d5640e4c88a678175b9d3b,8.19678346570286e-14,5.5572299
1158,MC1_K2_N2_L4_SP6_P1_R06,123ab6d381bf2d0b3a337127ac33eb322968a8f3fdd4a416ff98c590af56aff3,7ac5f2ed7f8b920df52a4e1cde4f3ee8f80b69a8208c8d8579b1925f9a445627,1,bd6002e96a9528e51a339408d239e18a127a51756c7b4ca363b21818bb8f7aec,7.19424519957101e-14,6.5688936
1159,MC1_K2_N2_L4_SP10_P1_R06,5745dcca2670acd8b7620c1223f27624bddced96a8e28df9e73e1325c8488021,7ac5f2ed7f8b920df52a4e1cde4f3ee8f80b69a8208c8d8579b1925f9a445627,1,ba22823fecce075fbb3edcc9d19c24068906d5b79789518dad8256d70047edb5,4.2632564145606e-14,6.166702
1160,MC1_K2_N2_L4_SP14_P1_R06,21c5bd7ffbf19f8d413f4854e29e3e90bb8461c5429bfdea9dbfec2aed8434bd,7ac5f2ed7f8b920df52a4e1cde4f3ee8f80b69a8208c8d8579b1925f9a445627,1,ed451624ba84da135023e39de8e6fcfbd7a8510255da5d90e276ecc4e9c39d60,1.77635683940025e-14,5.570093
1161,MC1_K2_N2_L4_SP18_P1_R06,e573655c7bf0cb1b75e8c277da1cc546406038b9c63a46c595237189ceba63bd,7ac5f2ed7f8b920df52a4e1cde4f3ee8f80b69a8208c8d8579b1925f9a445627,1,e4b2be04cbd8df89caaca2d84f054cc2eea34e340f08ec1d9599bea81fc2d7ec,4.2632564145606e-14,5.9328954
1162,MC1_K2_N2_L4_SP22_P1_R06,ccb0e44df1a33f637398e1d3f3892a231d228aa932f6a1b84eb39c0976d41aeb,7ac5f2ed7f8b920df52a4e1cde4f3ee8f80b69a8208c8d8579b1925f9a445627,1,1b823a925d89859a347cba2309a4896c995b423d8928367ae9d047ccdd0ffbc8,9.2370555648813e-14,6.1737476
1163,MC1_K2_N2_L4_SM6_P1_R07,d66759773c47dfb8925ac70088c829d55952cfe77651f4fb4692d492478d363a,7ac5f2ed7f8b920df52a4e1cde4f3ee8f80b69a8208c8d8579b1925f9a445627,1,3cdb97375c18e8084c5cbd607d1351711a1437a99e031d79cba20484e1034cc1,2.48689957516035e-14,5.1628638
1164,MC1_K2_N2_L4_SP0_P1_R07,6fe9018d11119ffee89ba5381528a4cc2f17faeded671f77c0e273942e2328a9,7ac5f2ed7f8b920df52a4e1cde4f3ee8f80b69a8208c8d8579b1925f9a445627,1,dc9318323725ef7d408e8a117859e9fb7e4f36218301325b359e040373609f77,8.19678346570286e-14,5.8308936
1165,MC1_K2_N2_L4_SP6_P1_R07,6193442863fd5c144459f2800fa8fe59b01411e4650338c4ee6899c2d3b51e1b,7ac5f2ed7f8b920df52a4e1cde4f3ee8f80b69a8208c8d8579b1925f9a445627,1,3b908cc83df7d37c9ad925e0d6ad73d16bcda180a317c37507c93685ff578eeb,7.19424519957101e-14,5.4514694
1166,MC1_K2_N2_L4_SP10_P1_R07,48040cf0ecf91425b6dcdd4d9de53b27d8fb17840647c868c365e1e501e6c1b1,7ac5f2ed7f8b920df52a4e1cde4f3ee8f80b69a8208c8d8579b1925f9a445627,1,3d504b20e075b5a60f9ab371b1f1a2c895f06c58bf8276b23e23cdf1b75ff7b5,4.2632564145606e-14,4.1494865
1167,MC1_K2_N2_L4_SP14_P1_R07,c80c7c0a59740938366fdd15922c54b6451eb2041157d1a53294b3a12f77709a,7ac5f2ed7f8b920df52a4e1cde4f3ee8f80b69a8208c8d8579b1925f9a445627,1,34ea71faa387791a544727eae8c468758f8e95555a02b9cdcc65efaf02bac1fa,1.77635683940025e-14,5.5842798
1168,MC1_K2_N2_L4_SP18_P1_R07,1a6240490c39f1ca2328251d1ca1ff661504658dc7a4863dc3318ae60e72b889,7ac5f2ed7f8b920df52a4e1cde4f3ee8f80b69a8208c8d8579b1925f9a445627,1,52f457cdf6f62ad9613df00b96e0d0a3242d4b583f5ce887ee862c497fd09808,4.2632564145606e-14,5.9566612
1169,MC1_K2_N2_L4_SP22_P1_R07,7dc585f4f1c4b581e548c2de397efa64c60d4e8e9ca6fbe04a02a87b25cc97f2,7ac5f2ed7f8b920df52a4e1cde4f3ee8f80b69a8208c8d8579b1925f9a445627,1,835176b3c97304a308697bf0488c8bf1662ba7ff6907420fb5f88aeb6791f331,9.2370555648813e-14,5.9243058
1170,MC1_K2_N2_L4_SM6_P1_R08,8858cd5ccdfc4a5df4c82df186f7d01d9ca611bc8500fd899307442ad9d6ecaa,7ac5f2ed7f8b920df52a4e1cde4f3ee8f80b69a8208c8d8579b1925f9a445627,1,7f0d643ba51ae2b73edf273192a4a4d065222795d1ea8687b49a40fde5efc273,2.48689957516035e-14,3.7309809
1171,MC1_K2_N2_L4_SP0_P1_R08,cbf944fa77ad95bebe5fb45c45a3911995ddb969664f83c86574e9c588e81274,7ac5f2ed7f8b920df52a4e1cde4f3ee8f80b69a8208c8d8579b1925f9a445627,1,f4069ea7c93d8543a261637474cf4031f02b2f6d26d01c7a881a7a9139d5aa9c,8.19678346570286e-14,3.2306816
1172,MC1_K2_N2_L4_SP6_P1_R08,f7bb6a5cb582263459096a918bfc9a61fc0390701fe317688dd4f9f02dabc09e,7ac5f2ed7f8b920df52a4e1cde4f3ee8f80b69a8208c8d8579b1925f9a445627,1,7ec39dd8affb76398efadd3bffd5bf4bfb0934855ec1055eb49cdded810b1167,7.19424519957101e-14,3.3748517
1173,MC1_K2_N2_L4_SP10_P1_R08,2e82d0fd28af95d7b5195f04a66d593c03cad5125b7552de5e86aaf55b59f598,7ac5f2ed7f8b920df52a4e1cde4f3ee8f80b69a8208c8d8579b1925f9a445627,1,179ac2cf193ae3fad550c3b62b5ab7f36ce3201676cd93f6b76534a1819342ad,4.2632564145606e-14,3.4922074
1174,MC1_K2_N2_L4_SP14_P1_R08,0968c97263c19df99622ec9ff34f0ff8f63759173ebd8016f1bb358ec68be0f2,7ac5f2ed7f8b920df52a4e1cde4f3ee8f80b69a8208c8d8579b1925f9a445627,1,eb3a479e7d03181a60f316e4aa2cb905423ecba80bfd0ea2eee24b2e5f1c3a6d,1.77635683940025e-14,4.2169395
1175,MC1_K2_N2_L4_SP18_P1_R08,5cea11d7246457018256953a732c66ccd9befed2fafd033041fb0c42180f6a21,7ac5f2ed7f8b920df52a4e1cde4f3ee8f80b69a8208c8d8579b1925f9a445627,1,ad81b35c7628ccd4d5c54e2aac3bee69013b2fe0e10e8739e9e6ab4d2ddca138,4.2632564145606e-14,5.3050607
1176,MC1_K2_N2_L4_SP22_P1_R08,33f8318923f657adcc04d17cb71314c7c787253215d0e326139fff1185988225,7ac5f2ed7f8b920df52a4e1cde4f3ee8f80b69a8208c8d8579b1925f9a445627,1,6a70ea74147ee0f1c31483c12fc072ea3eaec4a6f49e614f36a425a0733153a2,9.2370555648813e-14,6.0209726
1177,MC1_K2_N2_L4_SM6_P1_R09,a633c1b148106e243b8238bdbd6a2436fbd82302e4cdf1d302ffcc6fe8f1fc96,7ac5f2ed7f8b920df52a4e1cde4f3ee8f80b69a8208c8d8579b1925f9a445627,1,dff2b334dbbd0af5e0befa56f47f68293836741c19be592e09b48cb3c1ecaf7c,2.48689957516035e-14,2.6669253
1178,MC1_K2_N2_L4_SP0_P1_R09,e6f819c8d285e40fea995d23db8e6d696504a9cc921c8e22acc5cc29e5f9240d,7ac5f2ed7f8b920df52a4e1cde4f3ee8f80b69a8208c8d8579b1925f9a445627,1,5db7d60777c4d9b7388a324ff06c69b860dfac938635cc6e4fea511587f66712,8.19678346570286e-14,3.2785965
1179,MC1_K2_N2_L4_SP6_P1_R09,792eabc3adeb2c9d5fcfea18da762c8e496bfd8e196920406f13ea8a407b8c82,7ac5f2ed7f8b920df52a4e1cde4f3ee8f80b69a8208c8d8579b1925f9a445627,1,d8a308c099b493dc503b6fb3494f2f050df11c7020e5d0825b1dcb72d97d7438,7.19424519957101e-14,4.0997896
1180,MC1_K2_N2_L4_SP10_P1_R09,484d10f1cf8f1e078143d972c30ea66ff9066182c48ec3ec4aa8e57176955e20,7ac5f2ed7f8b920df52a4e1cde4f3ee8f80b69a8208c8d8579b1925f9a445627,1,5317ad38a50e9a80a43b91a8641d7cecfb2e4272f1d30630a4547673e9487640,4.2632564145606e-14,5.5072112
1181,MC1_K2_N2_L4_SP14_P1_R09,4e7f292968838efb7a45e3dbc7000595961280252c213eb3c5b98c73a84cf40d,7ac5f2ed7f8b920df52a4e1cde4f3ee8f80b69a8208c8d8579b1925f9a445627,1,834119daf261e0c46797dd6dc3f712b387399caad9fd88e6e2b414ecda3eac21,1.77635683940025e-14,5.4731857
1182,MC1_K2_N2_L4_SP18_P1_R09,cf6ef4f40715887f0b07e315a848541fba7726ba5ba3e8ce401fd4af38df7e15,7ac5f2ed7f8b920df52a4e1cde4f3ee8f80b69a8208c8d8579b1925f9a445627,1,452ce70899dea4e6e77a0558f1b29fdc2259f0df0b8b4d913ee700d006fc7416,4.2632564145606e-14,6.0096319
1183,MC1_K2_N2_L4_SP22_P1_R09,054675590a408335561e35389230f3997e0f38717a7f946379f0900b3062b638,7ac5f2ed7f8b920df52a4e1cde4f3ee8f80b69a8208c8d8579b1925f9a445627,1,4b53e28144046a47f732f96be4f83658b4020b4891fbf03b8f22731d2d53b88f,9.2370555648813e-14,5.9182988
1184,MC1_K2_N2_L4_SM6_P1_R10,590176000ee3569a9e3d079b29bf9ab13a456f6d83f91feb6e022a58788c6139,7ac5f2ed7f8b920df52a4e1cde4f3ee8f80b69a8208c8d8579b1925f9a445627,1,03fd5ff94dd8ec05adf90935503bcf2279ca2007db361755a035f28976a7ab20,2.48689957516035e-14,2.9256213
1185,MC1_K2_N2_L4_SP0_P1_R10,3c218707daef4e7aca38b4ff515b18318bd19098beee48f3ed47a7cb680347fe,7ac5f2ed7f8b920df52a4e1cde4f3ee8f80b69a8208c8d8579b1925f9a445627,1,af12e6677d0cb64cb7b116263f5d47bd17f79bd7ca3ddb0722fa39f8d1eb1198,8.19678346570286e-14,3.1540279
1186,MC1_K2_N2_L4_SP6_P1_R10,f8b1e3b98f81564e939bcdb4e0c96dd5d78f1a2a9c2c513972e3ef4375c0177d,7ac5f2ed7f8b920df52a4e1cde4f3ee8f80b69a8208c8d8579b1925f9a445627,1,92fc667080bd9baf4774a4a2c50032d0357cbc94d8272031e953dbbf504049d3,7.19424519957101e-14,2.9389467
1187,MC1_K2_N2_L4_SP10_P1_R10,14cb451373ae33ff8abbfa39b8596abaa021886110e9ff3b29c5f2ab255157e7,7ac5f2ed7f8b920df52a4e1cde4f3ee8f80b69a8208c8d8579b1925f9a445627,1,1260e2ed9781eea78650f2f42d9b06798cb7bbc88e3718866d045ae732002189,4.2632564145606e-14,3.448782
1188,MC1_K2_N2_L4_SP14_P1_R10,6c4c29d12720df9d4c5b750678f458763711916e0257114fc333fef61919b625,7ac5f2ed7f8b920df52a4e1cde4f3ee8f80b69a8208c8d8579b1925f9a445627,1,ffb3fff04e0cdda422b889ddadd3399da9b089b9926ff46801d911c70d2683c2,1.77635683940025e-14,5.1131146
1189,MC1_K2_N2_L4_SP18_P1_R10,55e0f4815781068823c48ccce30c89a5427411a6d65eac794304e079fe74fd2d,7ac5f2ed7f8b920df52a4e1cde4f3ee8f80b69a8208c8d8579b1925f9a445627,1,bfccab86b323de40e064b06d2e822e11adecd1088763bd548d7c3a2803e5d1bd,4.2632564145606e-14,6.0283963
1190,MC1_K2_N2_L4_SP22_P1_R10,89371f5fdb89a2191f4b87245545be15377ba86a9216b7362d570ef1208bf310,7ac5f2ed7f8b920df52a4e1cde4f3ee8f80b69a8208c8d8579b1925f9a445627,1,7e9185f74a587cde467583113fa4fb519cc389682dc5a3394e854678bf4664a0,9.2370555648813e-14,6.1980725
1191,MC1_K2_N2_L4_SM6_P2_R01,8b9d19c539caa01863be4fac1308b3a6355326dcabfc88f8af29e61323d890f7,7ac5f2ed7f8b920df52a4e1cde4f3ee8f80b69a8208c8d8579b1925f9a445627,1,4a02314b625d42b7ea1b5157e6e99594b3302e28503eb14745c5d1fe56521d7a,2.8421709430404e-14,5.268992
1192,MC1_K2_N2_L4_SP0_P2_R01,4cc13364871490d30a9a2594e4bd4c28281fdaa6c9bcb49ed2c4185618dfaf74,7ac5f2ed7f8b920df52a4e1cde4f3ee8f80b69a8208c8d8579b1925f9a445627,1,34df835a42dca56c2387d08ace784fcc93a5d2ddd39666e31e8bb8dd4daad451,1.32112862917798e-13,2.4604252
1193,MC1_K2_N2_L4_SP6_P2_R01,dbac7305e3ecc1631c13fdc52a4d96148403e95827b971ae42902e2fab795e98,7ac5f2ed7f8b920df52a4e1cde4f3ee8f80b69a8208c8d8579b1925f9a445627,1,dd6221e5e48ab97312486d68aca972531aa07ac9d8f71cc3b9a4a227b7831e77,8.5265128291212e-14,3.1061131
1194,MC1_K2_N2_L4_SP10_P2_R01,cd79b7b9223230dd1bc57e79f90631a13f6a265fb9e84a5a71db03665f0a43df,7ac5f2ed7f8b920df52a4e1cde4f3ee8f80b69a8208c8d8579b1925f9a445627,1,b1bba1baeaba916a3f6bc386e5fea54c3351dcef2c926aa7d608e38e91af459b,9.05941988094128e-14,44.791891
1195,MC1_K2_N2_L4_SP14_P2_R01,2da6388bb27ed72098c6c163492181644aac586f2078d36a482b67dbd6ed9f82,7ac5f2ed7f8b920df52a4e1cde4f3ee8f80b69a8208c8d8579b1925f9a445627,1,14cdb5c8adba74703a6971e6c8b0bafd451f82ea4ba42fa64779f7b7635612be,3.01980662698043e-14,28.3617968
1196,MC1_K2_N2_L4_SP18_P2_R01,b6b37b1ad66cb97b7ed154230a6decfa12eb0ecbd73a6950453f9b9d11d29c05,7ac5f2ed7f8b920df52a4e1cde4f3ee8f80b69a8208c8d8579b1925f9a445627,1,e49dac62198787ccb774618b986f342a6c725f9d19cbbf592ca316461b41d53f,3.5527136788005e-15,38.7562725
1197,MC1_K2_N2_L4_SP22_P2_R01,8f023eb29cc538bf050acef1828ee1d3f6c3bba9076d3ab3c44325b88b599182,7ac5f2ed7f8b920df52a4e1cde4f3ee8f80b69a8208c8d8579b1925f9a445627,1,5220f57b65eba5138532449fc6a70aa941021b07ff9a8cae95c7fb9dfbc3053e,2.48689957516035e-14,75.0537516
1198,MC1_K2_N2_L4_SM6_P2_R02,b5fac61a9f5ca05773beb41a347d0a5b072007ad9d0ce209098afd68bb50c26a,7ac5f2ed7f8b920df52a4e1cde4f3ee8f80b69a8208c8d8579b1925f9a445627,1,3843cab103fa2c80aa8472afd1b42adf7adf0a7063304b20bd390ce064d4dac7,2.8421709430404e-14,3.0424273
1199,MC1_K2_N2_L4_SP0_P2_R02,ebd7ccf8dc716dd0b573083e739ee524293e3c687c7a5934953b872c22dd5a2a,7ac5f2ed7f8b920df52a4e1cde4f3ee8f80b69a8208c8d8579b1925f9a445627,1,c7b8ce82e061ba33a2c13d724a47d10a5970bbf377b6d4fb20b4600db5e13953,1.32112862917798e-13,2.9805083
1200,MC1_K2_N2_L4_SP6_P2_R02,fb209d2953eaedaeb26e3950a4cb0e680616f2fb4e184afc402d8b76269d1c95,7ac5f2ed7f8b920df52a4e1cde4f3ee8f80b69a8208c8d8579b1925f9a445627,1,e7f1c4c81aed03f9bc97a08a863ded23752138590b0d7dd38a4a57501200dc4e,8.5265128291212e-14,3.4160834
1201,MC1_K2_N2_L4_SP10_P2_R02,e1449f009582858faa80dba5aaa51f29f0fbd68500eb18a0a3116e321577eefc,7ac5f2ed7f8b920df52a4e1cde4f3ee8f80b69a8208c8d8579b1925f9a445627,1,c2ffd9784071838b82e5f5c67b2dd841257ad3b23b911df628fc219c898171cd,9.05941988094128e-14,39.4767989
1202,MC1_K2_N2_L4_SP14_P2_R02,77010decdb1ac31c32c2c91a6e726d79d2d6bec35baf0a85fcc757b671dc8493,7ac5f2ed7f8b920df52a4e1cde4f3ee8f80b69a8208c8d8579b1925f9a445627,1,66be6559a725645e6f62f01f1d40ba31d93c0967aaef3aaa4d3f13565f060cab,3.01980662698043e-14,85.8114374
1203,MC1_K2_N2_L4_SP18_P2_R02,3ab0bffcf9b3bddc61de49a813d00429bf68333743b5b2a6f9d5a3719750e654,7ac5f2ed7f8b920df52a4e1cde4f3ee8f80b69a8208c8d8579b1925f9a445627,1,ac5243a068bf07288b973e64ca2cde7ff62c7d9329665c9b0e3a78f3f754e608,3.5527136788005e-15,95.9541685
1204,MC1_K2_N2_L4_SP22_P2_R02,c78ff5bb394097c81c4a923d6c68afb98895dab2241f55078eaff725a2d15f9a,7ac5f2ed7f8b920df52a4e1cde4f3ee8f80b69a8208c8d8579b1925f9a445627,1,b81a3c69a36a2c0461e8042cab47b6df72e23ed1e28904f807738ea7788b1ff2,2.48689957516035e-14,92.9073976
1205,MC1_K2_N2_L4_SM6_P2_R03,5014fb0c4ecbc31da50a2890bfe63f67c19c57f2dfc9da983f3fc9ba3a644aff,7ac5f2ed7f8b920df52a4e1cde4f3ee8f80b69a8208c8d8579b1925f9a445627,1,a6cc1dbbfde02231bce4fbe70e2bbe6986fcbbf1741ad77610d58341132186af,2.8421709430404e-14,5.0025836
1206,MC1_K2_N2_L4_SP0_P2_R03,ec406f5bd2b6100ae599c10c0220cdc68d5a87b5832f6e3c53730181394e20b9,7ac5f2ed7f8b920df52a4e1cde4f3ee8f80b69a8208c8d8579b1925f9a445627,1,d4289c49113e792c4809582cbcf8c55209698b2276dd3815cd9b1c773578a935,1.32112862917798e-13,5.6228535
1207,MC1_K2_N2_L4_SP6_P2_R03,d159e1d9c27bcb23c2dbbc5a661035febd649ad1e86f59297150efceecd51bb1,7ac5f2ed7f8b920df52a4e1cde4f3ee8f80b69a8208c8d8579b1925f9a445627,1,d52fe2c681d421ad606502286e789291308a6f89c8982d7d20d3ca64dac87eff,8.5265128291212e-14,6.2785586
1208,MC1_K2_N2_L4_SP10_P2_R03,07b93a9fbef5d4bae9dd82eeb62910090d442e8fe615f72917fbdf2b26c9383b,7ac5f2ed7f8b920df52a4e1cde4f3ee8f80b69a8208c8d8579b1925f9a445627,1,f7f662c9c5f5c88641ad2851e2cc5505141b6b7bc68d1094c36defa64db6956b,9.05941988094128e-14,77.1817436
1209,MC1_K2_N2_L4_SP14_P2_R03,ee785a8bb0a5631d7e81f8cf85b6dbc7f3d88963da1dc970e07fceef37dd7d43,7ac5f2ed7f8b920df52a4e1cde4f3ee8f80b69a8208c8d8579b1925f9a445627,1,26777194929735d4b6d4d792ea440f6145a33c40fa16b3b7966483eaac3ce2a5,3.01980662698043e-14,101.7715399
1210,MC1_K2_N2_L4_SP18_P2_R03,27f44c2a632d4d4ada1d04a428624b96c7ca001dba154a4f99cdc11d9a2e4e75,7ac5f2ed7f8b920df52a4e1cde4f3ee8f80b69a8208c8d8579b1925f9a445627,1,bc0ab79a44dab2f4e805f0e80b7ec9c4864d7fd0c1d2fd9b0c18957e570653bc,3.5527136788005e-15,92.7634141
1211,MC1_K2_N2_L4_SP22_P2_R03,ab0ed744c27c45a9e49eab90c2a0830d16e9129e2f2ba1603de86590f9c75ec0,7ac5f2ed7f8b920df52a4e1cde4f3ee8f80b69a8208c8d8579b1925f9a445627,1,633860bec22dd1822a8fcbf58218347f5f0a7f2d9b5509af50d82bd00eefd4b5,2.48689957516035e-14,79.6867422
1212,MC1_K2_N2_L4_SM6_P2_R04,30ded4c8622c1b0f6ecd7884fe64e4c9a7edb59d66be2451ed99207461f1e001,7ac5f2ed7f8b920df52a4e1cde4f3ee8f80b69a8208c8d8579b1925f9a445627,1,a6f8d3a96e5ca5a0742ed3b761b2a5ce37f1b2b80fd566a17e38d3ca2cc992b5,2.8421709430404e-14,3.9919829
1213,MC1_K2_N2_L4_SP0_P2_R04,6ac0e5833f989ca5f27636c8c8dfb1f7273f2f567813a333cacd225071606013,7ac5f2ed7f8b920df52a4e1cde4f3ee8f80b69a8208c8d8579b1925f9a445627,1,aad06e452652e478f7e5c1a8bdb55b7389094cca6cb46ce29df25ff6e411943a,1.32112862917798e-13,5.083218
1214,MC1_K2_N2_L4_SP6_P2_R04,5aadcff3fd4fd7eef303ffb2a85dde077ff9fda23c23947fc6e48cf5d65bb53c,7ac5f2ed7f8b920df52a4e1cde4f3ee8f80b69a8208c8d8579b1925f9a445627,1,2382e0bf414a22fb82494c3bde7744d9b8816e5b793ffa94fcf03f5e27ea450e,8.5265128291212e-14,4.6803686
1215,MC1_K2_N2_L4_SP10_P2_R04,8b717742ccb8de1c1c9dd8833f726e01aa670bf95d4324c6723116b0d7c07d05,7ac5f2ed7f8b920df52a4e1cde4f3ee8f80b69a8208c8d8579b1925f9a445627,1,e1a61425fafb9b1ffd992b11f928dbd722bdcb937b9a0f02eb1194f926a7b844,9.05941988094128e-14,43.9937948
1216,MC1_K2_N2_L4_SP14_P2_R04,ac55dde7b0d2038a94fa3da1cc00492c7baff5acc2b7c76d50bb97bb5e12ae05,7ac5f2ed7f8b920df52a4e1cde4f3ee8f80b69a8208c8d8579b1925f9a445627,1,accf4ce288c619b880c1a8ff170a04dd732aedf8d3bc0701c301029175090922,3.01980662698043e-14,39.5687485
1217,MC1_K2_N2_L4_SP18_P2_R04,685bd6e6725945e90ff72aa8865192eb675f9c6e7b6b310d1b8af15a1ce6e457,7ac5f2ed7f8b920df52a4e1cde4f3ee8f80b69a8208c8d8579b1925f9a445627,1,ae726b02f4e72dd3dee25dba28eedcb1abba12eb43013fcadb625a3fa70b2285,3.5527136788005e-15,69.2969626
1218,MC1_K2_N2_L4_SP22_P2_R04,0bea766a635c3770804996ebd774a122a6f8d1c9da08fc2af115edd83fc4fc72,7ac5f2ed7f8b920df52a4e1cde4f3ee8f80b69a8208c8d8579b1925f9a445627,1,262b81cce09824444327439504e4fc436e19dbfa2beaf2eba07e2c9373d01de2,2.48689957516035e-14,60.3090051
1219,MC1_K2_N2_L4_SM6_P2_R05,c237198be5c15aa1020e351c385d82b63b600a80b33d3a84060129f7d0f2e237,7ac5f2ed7f8b920df52a4e1cde4f3ee8f80b69a8208c8d8579b1925f9a445627,1,8157953be808cdad72e619843090fba31b8c5580c792611ed48d1411b1230946,2.8421709430404e-14,2.7609939
1220,MC1_K2_N2_L4_SP0_P2_R05,79ef082e52012c1ba6bafe51b22919a8e16febe66bd607e66529de7ab7a76c4a,7ac5f2ed7f8b920df52a4e1cde4f3ee8f80b69a8208c8d8579b1925f9a445627,1,28cfc1e001a516d0f2f82694ee398cbbb89631f46f53b09fbaf53dc767691455,1.32112862917798e-13,3.2039297
1221,MC1_K2_N2_L4_SP6_P2_R05,4b27a4c832e76da9d9f628b4a79755412fa0df5ccb139221892fce46d2405319,7ac5f2ed7f8b920df52a4e1cde4f3ee8f80b69a8208c8d8579b1925f9a445627,1,4dbd1fead0ec46ccf7eefef1463607c1dedf9b05666268b074260561044c9246,8.5265128291212e-14,3.9533283
1222,MC1_K2_N2_L4_SP10_P2_R05,d84fad408253b73a2b94a043132bc685a03dd088835a4e628d28f43751404ce3,7ac5f2ed7f8b920df52a4e1cde4f3ee8f80b69a8208c8d8579b1925f9a445627,1,151683c1c31b5ae688f412e7aba5cc5e08aacaf590ed6fcee37812144e9616da,9.05941988094128e-14,86.8577223
1223,MC1_K2_N2_L4_SP14_P2_R05,1fc49268bdef8a78e0be11eb9f5b8804118c6a42844893696bdb64e465c679b2,7ac5f2ed7f8b920df52a4e1cde4f3ee8f80b69a8208c8d8579b1925f9a445627,1,8085d1662aa9456373ba9773a6c481cd220325031a69010e2f768f60fdffb1ed,3.01980662698043e-14,77.7688933
1224,MC1_K2_N2_L4_SP18_P2_R05,ab2569d94b27a7fb1ca03b16a08c9fbd916c32966aea5c455fbdfb4673f01558,7ac5f2ed7f8b920df52a4e1cde4f3ee8f80b69a8208c8d8579b1925f9a445627,1,9864e3b9130e6408071f69999d06d53a7ccdbd60deb606ee4cb1a3809bb518ef,3.5527136788005e-15,83.1826918
1225,MC1_K2_N2_L4_SP22_P2_R05,5049fdc0b8c98bd15b3bf447cdfaf44d4991df861093e650ce7a07c381dd8799,7ac5f2ed7f8b920df52a4e1cde4f3ee8f80b69a8208c8d8579b1925f9a445627,1,8e740864aee2d8b97f989c0d161de70fac453306268ca140686324aaa70476a2,2.48689957516035e-14,62.5785642
1226,MC1_K2_N2_L4_SM6_P2_R06,6c7dd4176d870eb7c3f8a513f2afc671d98de280572b0885138dde9074bedd50,7ac5f2ed7f8b920df52a4e1cde4f3ee8f80b69a8208c8d8579b1925f9a445627,1,c7dab9152ec16049ce975f57bb39e44f6a21bec85d99104983ad8f9b94f68c68,2.8421709430404e-14,2.3047595
1227,MC1_K2_N2_L4_SP0_P2_R06,9ea1fa8a0f9b9f93b13cb68f1ac68dd8bae4b146747f5e94c05a3769cff9ed91,7ac5f2ed7f8b920df52a4e1cde4f3ee8f80b69a8208c8d8579b1925f9a445627,1,46c195ba89fe2f4948005a8d001508a0f9774f319443fce3c3c4b0008e5d36db,1.32112862917798e-13,2.3966264
1228,MC1_K2_N2_L4_SP6_P2_R06,f3384bdd947a99d5d282b5363f6936e93e4a4c61669f46c5222bbd0ca3ae31f3,7ac5f2ed7f8b920df52a4e1cde4f3ee8f80b69a8208c8d8579b1925f9a445627,1,44b8225088aa3c9d00e7d732a68aa29524276f90622a28cd92a64d0d65b0b7c2,8.5265128291212e-14,4.3704605
1229,MC1_K2_N2_L4_SP10_P2_R06,b23ca8b264194be034736f0011ad9a8d46330f001281ed69cb6f1c6af5e997ee,7ac5f2ed7f8b920df52a4e1cde4f3ee8f80b69a8208c8d8579b1925f9a445627,1,a944e32466f5bf5ec01eb95fd166e1ab541ac00f1656d3cd20c12c9b15b289f2,9.05941988094128e-14,3.6697698
1230,MC1_K2_N2_L4_SP14_P2_R06,e7c2c5acaaa3f998d0c797531f96415fbfe4d5d2489ac5b8e73264a337c06570,7ac5f2ed7f8b920df52a4e1cde4f3ee8f80b69a8208c8d8579b1925f9a445627,1,29cead794682e43ec4ffe5ae6986d93084340b02eebed641c48b0a41822ab629,3.01980662698043e-14,2.9287248
1231,MC1_K2_N2_L4_SP18_P2_R06,05dec15f64ca9ca28e4e21697b6537791a051bfe363fb3336685906dcdc9b93d,7ac5f2ed7f8b920df52a4e1cde4f3ee8f80b69a8208c8d8579b1925f9a445627,1,f7cd5984134fa891bf6f4be95c536773470bcf44b34fd80d64dc46b25786f1fa,3.5527136788005e-15,3.5812959
1232,MC1_K2_N2_L4_SP22_P2_R06,b09414adc103b4153c00aa787319526879eadf6eebce34abf66a7cabefe662e3,7ac5f2ed7f8b920df52a4e1cde4f3ee8f80b69a8208c8d8579b1925f9a445627,1,1b07e544a6ad84347e76a40189886fe3e2e3859aee9f78301974ee68629ebb0e,2.48689957516035e-14,3.3897069
1233,MC1_K2_N2_L4_SM6_P2_R07,a9dbf5e6519fc1cc0436dc792a7d3500b94e9c73580929a709e58d05fe0f5aa6,7ac5f2ed7f8b920df52a4e1cde4f3ee8f80b69a8208c8d8579b1925f9a445627,1,baa32ca4332e60febe8b00ec3a1e6c7fcd98084530b98bc3199afe67264275b3,2.8421709430404e-14,4.7963207
1234,MC1_K2_N2_L4_SP0_P2_R07,e782ef7528617e37231d5262a57c69068f1cabdb409cd88eb079e8826d41a958,7ac5f2ed7f8b920df52a4e1cde4f3ee8f80b69a8208c8d8579b1925f9a445627,1,71536df04889f06b0461f82ab63b54fe55389ec92721626815b4a9101a43a1b7,1.32112862917798e-13,5.9619273
1235,MC1_K2_N2_L4_SP6_P2_R07,a98dc9fd766d45253471cf780957d5180c50f5dc7689882e38ecd5003d1098d9,7ac5f2ed7f8b920df52a4e1cde4f3ee8f80b69a8208c8d8579b1925f9a445627,1,11e6092552c32cedab54e7a16f72cf2e4dd511e954df03e4b7212c8272120375,8.5265128291212e-14,4.4316615
1236,MC1_K2_N2_L4_SP10_P2_R07,3c9acd61a781675f5859aac17d0c8202dc5b2dfe562b76c5d0bce6c3bcde707d,7ac5f2ed7f8b920df52a4e1cde4f3ee8f80b69a8208c8d8579b1925f9a445627,1,611b0e4e12efcd4d2490e419e26c2056c549906216df2309d4cb62cbf31eec9d,9.05941988094128e-14,5.825007
1237,MC1_K2_N2_L4_SP14_P2_R07,20c26b8a9c29cc72912cd9dea72639862e72084db92fdf89dcb3fa08b3341f6a,7ac5f2ed7f8b920df52a4e1cde4f3ee8f80b69a8208c8d8579b1925f9a445627,1,ef8b24512d7c7b2048d856af0a714008d3e507f94cf6737ee93403122be830d9,3.01980662698043e-14,5.5137166
1238,MC1_K2_N2_L4_SP18_P2_R07,1a06bfe8cd3bda39d49b506b6ff5c3e5d4b8aaa19d82cccb785d97cd79c6bdc1,7ac5f2ed7f8b920df52a4e1cde4f3ee8f80b69a8208c8d8579b1925f9a445627,1,fdb470d154416971463dd6bb039f5aecf68da8c296fee0eae4d15a1cdbf7e9de,3.5527136788005e-15,5.4543146
1239,MC1_K2_N2_L4_SP22_P2_R07,9dbe3fa8ef9bfa28095405017564f43590bcdc5a842df6971138efc99d2b1bce,7ac5f2ed7f8b920df52a4e1cde4f3ee8f80b69a8208c8d8579b1925f9a445627,1,effb364ba3969dd9d56b7da3e52d95357048f4fa3b489e1551c653f6b6860edd,2.48689957516035e-14,5.2823383
1240,MC1_K2_N2_L4_SM6_P2_R08,b16aff3c7cf1abfdb53e5182b3437c1743b5d7a92efccf7fda8f1991a62a4bab,7ac5f2ed7f8b920df52a4e1cde4f3ee8f80b69a8208c8d8579b1925f9a445627,1,29ff688c0e09338cc0e68b1bbbdbc6feadfd71f46cfe4c9a689ff672e44f015d,2.8421709430404e-14,5.190922
1241,MC1_K2_N2_L4_SP0_P2_R08,f35c2d36c6de5b9d33957194c32d9c439c14d2d699b561c21c03926639a8da43,7ac5f2ed7f8b920df52a4e1cde4f3ee8f80b69a8208c8d8579b1925f9a445627,1,9a5628e7510b8ef966a4725f17bbf5ba27a4388ae99a364bab4723d45a5b3029,1.32112862917798e-13,4.8562148
1242,MC1_K2_N2_L4_SP6_P2_R08,864b39203adc0cbda9e85998965a43541351ee7834fea9f082cc06cb4201a9dc,7ac5f2ed7f8b920df52a4e1cde4f3ee8f80b69a8208c8d8579b1925f9a445627,1,2831beed951f09f4cbad4bd8fcb9ac14b1c3fae17c0fa8104f64840f0160b2ca,8.5265128291212e-14,5.4924371
1243,MC1_K2_N2_L4_SP10_P2_R08,3502d2bf3874ffcdea1120c77fb11ca035390cdf9990bbacdc9ab6c0edb7a733,7ac5f2ed7f8b920df52a4e1cde4f3ee8f80b69a8208c8d8579b1925f9a445627,1,8808bee6e6d6cf9d1a09c90a9633e94d9c27b28da8fc8897ef75751718c2b39f,9.05941988094128e-14,6.432894
1244,MC1_K2_N2_L4_SP14_P2_R08,f78eff321ec19e437f8e43f03f6323d949c5472b3aeeb9ed57225057f3258bb8,7ac5f2ed7f8b920df52a4e1cde4f3ee8f80b69a8208c8d8579b1925f9a445627,1,5f5f8e922ef1ca9329e6d52194bb02327d2348b60262e149adfa12bdb8942cb6,3.01980662698043e-14,6.2190403
1245,MC1_K2_N2_L4_SP18_P2_R08,45f7535af5cb49828a0106e0e13c46dca4c30f9ac20e5aa64ce693f340d328cd,7ac5f2ed7f8b920df52a4e1cde4f3ee8f80b69a8208c8d8579b1925f9a445627,1,96e2fb78ec754a17d42127c2bd3c9865da0f099847f2fd4eae38d7e85bdbf6ab,3.5527136788005e-15,5.5284549
1246,MC1_K2_N2_L4_SP22_P2_R08,d931017f6032ba9a758bfbccc140f26701c49797a0ac99984e6e072167648b95,7ac5f2ed7f8b920df52a4e1cde4f3ee8f80b69a8208c8d8579b1925f9a445627,1,50d1233f8e4845f139a06d67e66c9d3075255425e791492c4b15974bf34babab,2.48689957516035e-14,5.5564511
1247,MC1_K2_N2_L4_SM6_P2_R09,042452a4dafbc3526cce7d2d46ffc7484a1bfc65ae4e1a69e60bf3486af527e7,7ac5f2ed7f8b920df52a4e1cde4f3ee8f80b69a8208c8d8579b1925f9a445627,1,a09fb0885691e822b4b229d5236e4bb5e06c5ef75702712080419340ea7b23f8,2.8421709430404e-14,2.8468413
1248,MC1_K2_N2_L4_SP0_P2_R09,2d9e8a503b35ddd06dd030628427b153abd7213fe079743750bc3b9dd6e9faae,7ac5f2ed7f8b920df52a4e1cde4f3ee8f80b69a8208c8d8579b1925f9a445627,1,3b0f539f14b5a3086f89e7027837b886cae1ddf23f8426e83df1397cdda00e18,1.32112862917798e-13,3.2676669
1249,MC1_K2_N2_L4_SP6_P2_R09,4fe2e1ed846108deb0cba6ae485ee122641abad2da7512a7f63b46bc1115d406,7ac5f2ed7f8b920df52a4e1cde4f3ee8f80b69a8208c8d8579b1925f9a445627,1,0a49d3da04ce95d789dea0fc756393b986e59395b971bb3b6da93175f7e64517,8.5265128291212e-14,5.9455958
1250,MC1_K2_N2_L4_SP10_P2_R09,5f37011140c7b200810b0382a01fa8d8e86eb9819ceed35e67e4e90f7d227842,7ac5f2ed7f8b920df52a4e1cde4f3ee8f80b69a8208c8d8579b1925f9a445627,1,2dee324737fffafdb05f53eb46b8cbbfd5aeb2c9e1e6372dc0e4f3ae2b0a93f2,9.05941988094128e-14,5.6712718
1251,MC1_K2_N2_L4_SP14_P2_R09,27e2c6ae027738b1a8ff5af003607f87e4a735f2e67b03de10dc4b9fa002c167,7ac5f2ed7f8b920df52a4e1cde4f3ee8f80b69a8208c8d8579b1925f9a445627,1,fea8740458a196206a5a2d2e944c8547b64c6c6cbd1a9bdc705f2cc1c857178b,3.01980662698043e-14,3.9609054
1252,MC1_K2_N2_L4_SP18_P2_R09,62bc1184e7e4d5dfc5ca3698e2fd01304a322447c5538aef4999cc45a73964da,7ac5f2ed7f8b920df52a4e1cde4f3ee8f80b69a8208c8d8579b1925f9a445627,1,2473e121378b0bd6b43d2258fe1ad6c4ca82be1473d801780153f2dfceafa4c2,3.5527136788005e-15,4.1248535
1253,MC1_K2_N2_L4_SP22_P2_R09,af7e59c46c5668098ec252b3c2df0cbf6dce89ed861ad5524f42304284813c52,7ac5f2ed7f8b920df52a4e1cde4f3ee8f80b69a8208c8d8579b1925f9a445627,1,9d365f06dcb6e0084a0a157f2a2ed8810bbdd8cb56593b8a47c53b207a37a7ac,2.48689957516035e-14,3.1752187
1254,MC1_K2_N2_L4_SM6_P2_R10,f094a9d96fb57e0cb1d850ece4f05c16a6aa8f168cf0f0f724ba2a93cb6ec964,7ac5f2ed7f8b920df52a4e1cde4f3ee8f80b69a8208c8d8579b1925f9a445627,1,e1b51ff22c91dc28f79ff55977c57578a628e58e4edac6cd214ed43fe4920c52,2.8421709430404e-14,3.8031275
1255,MC1_K2_N2_L4_SP0_P2_R10,70d47362512802fde4cab028093c0328e2fd42dabae7a5f898d7511da0767f03,7ac5f2ed7f8b920df52a4e1cde4f3ee8f80b69a8208c8d8579b1925f9a445627,1,6aa35a6d3ebb3da9b291a27d6cfce72fc25e4a3c0d441fc6c78ee5df80981c39,1.32112862917798e-13,5.5376284
1256,MC1_K2_N2_L4_SP6_P2_R10,f3b21b5dfaa3ba69dfad328d046110a85babf4a639b36cde5506e2b29f018e31,7ac5f2ed7f8b920df52a4e1cde4f3ee8f80b69a8208c8d8579b1925f9a445627,1,79c43d86b4fad01f05c6309b9f3f4c41ff38303f61f79b0fa3318a56dc1d2155,8.5265128291212e-14,6.2146112
1257,MC1_K2_N2_L4_SP10_P2_R10,2593762d831d0ac55af575fe5cf63a575920e652ad5ba30746ba4d761e792472,7ac5f2ed7f8b920df52a4e1cde4f3ee8f80b69a8208c8d8579b1925f9a445627,1,f8ba4919b69d6a052d139d1a8d64d6be7c6bb5ba95705af1634901fcc3ecd32e,9.05941988094128e-14,6.2010582
1258,MC1_K2_N2_L4_SP14_P2_R10,116783df3b3ab8b359deba59efc517bdb1dcf9cb12770d77b45c5d6821269a63,7ac5f2ed7f8b920df52a4e1cde4f3ee8f80b69a8208c8d8579b1925f9a445627,1,69fad4aec9a28b2271d1727349a58ae028f84ff001649c73d3d72612ff18c1c0,3.01980662698043e-14,5.5923365
1259,MC1_K2_N2_L4_SP18_P2_R10,5de02c2bffb7c4e101ba363f03530964df60c6d438e3624d688dcc9c5511cab3,7ac5f2ed7f8b920df52a4e1cde4f3ee8f80b69a8208c8d8579b1925f9a445627,1,89e635110767ab8f54e8f674d899b1b56bfbefdbf0f70ea27b59fb65a70ceafe,3.5527136788005e-15,5.4847393
1260,MC1_K2_N2_L4_SP22_P2_R10,f40080bf6764a50699a9d6a75f5764c2401c42c569ebf4fcc74317833b9f6147,7ac5f2ed7f8b920df52a4e1cde4f3ee8f80b69a8208c8d8579b1925f9a445627,1,f04804c96172c99d4cceeae7a4d7b58f974ee52e59c484b5091ef7410f61fff1,2.48689957516035e-14,5.5336373
1261,MC1_K2_N2_L4_SM6_P3_R01,1f7eeebf9deb76d88edc808695eac875c1cea76c3cef92d149fc10e5927f8191,7ac5f2ed7f8b920df52a4e1cde4f3ee8f80b69a8208c8d8579b1925f9a445627,1,ca3a07a3d2447c2a93f3eeac49a6ce4bd7302d8e3550d7fe192feb2dcfafa640,1.24344978758018e-14,3.556201
1262,MC1_K2_N2_L4_SP0_P3_R01,e57aa82d03fda4e101689d5611b0d001d3f6da90d85dc198bfbb6421bbc73b7d,7ac5f2ed7f8b920df52a4e1cde4f3ee8f80b69a8208c8d8579b1925f9a445627,1,4b38457a275ef6400c7dc94fd005dba35b096bc148a9fcd03a7e741fa7c81623,1.44649119982993e-15,5.6249916
1263,MC1_K2_N2_L4_SP6_P3_R01,dae21766580117dbeee93ba19ec118420a19dd517f8ec2e8bcc7aa02b5a3ed0a,7ac5f2ed7f8b920df52a4e1cde4f3ee8f80b69a8208c8d8579b1925f9a445627,1,bc148538afd10500333059faf626e2d940a07386db7fa3397d0676b2865ca32c,1.59872115546023e-14,6.205754
1264,MC1_K2_N2_L4_SP10_P3_R01,a5c09dcca876bd700e533fb66fd1e91f020b4fa172bedcb3dc6f12957e15b67b,7ac5f2ed7f8b920df52a4e1cde4f3ee8f80b69a8208c8d8579b1925f9a445627,1,7619112beb475876050c71f467a98184e969943ec7592ce8ae1188802e9d6c43,4.44089209850063e-14,100.4602577
1265,MC1_K2_N2_L4_SP14_P3_R01,acd3792f508d7ddc2fc5fd5ba2ceac643caeba8d2dd9a9e725bfbbd3e97a0dc5,7ac5f2ed7f8b920df52a4e1cde4f3ee8f80b69a8208c8d8579b1925f9a445627,1,a6f187eb5fd555d03782bb6e2d0801d4a9ed8fbd56c25da682d50d0871d8cb34,6.03961325396085e-14,81.4515981
1266,MC1_K2_N2_L4_SP18_P3_R01,c4cec9e76aaff41afdb642681a8ada9d4589e1ca690fa0cd093c8c987c411e1e,7ac5f2ed7f8b920df52a4e1cde4f3ee8f80b69a8208c8d8579b1925f9a445627,1,b84defabee1a3a9fa079ea26853879362b6b4bf2cf0dad2ff2c89777ef7e667c,0,43.8001789
1267,MC1_K2_N2_L4_SP22_P3_R01,be6fc6bfb52fcf5224af575abf53e646c0602e00b9bfbf6b7954e17ec27659bf,7ac5f2ed7f8b920df52a4e1cde4f3ee8f80b69a8208c8d8579b1925f9a445627,1,768d02902d3c2850f64e96fb5235c5fa9cee0eafc6e76d6e5719269ed02bc4f7,4.61852778244065e-14,30.2615168
1268,MC1_K2_N2_L4_SM6_P3_R02,4cdefcc97f96546128a2df22a02d3529a1f35372832aacb9c57adced39a118a0,7ac5f2ed7f8b920df52a4e1cde4f3ee8f80b69a8208c8d8579b1925f9a445627,1,5d934bed49ab9e90ec918108087b852eaa76cd1c73a68900cb48689413575aa9,6.57252030578093e-14,5.0169012
1269,MC1_K2_N2_L4_SP0_P3_R02,82c6d281a3a22ba8837baaa888a9b2b2512486b3a0a60577099b93a74923b581,7ac5f2ed7f8b920df52a4e1cde4f3ee8f80b69a8208c8d8579b1925f9a445627,1,f2a2cca54c0d188ba7f5a2225fdcf1629258c3e69efea61c6e1f667b912ae0df,4.19482447950682e-14,5.7960202
1270,MC1_K2_N2_L4_SP6_P3_R02,c2364207a7a2c999b5855bd4c81dcbcb3c4c8ab4301fe40ff5af23ac064870be,7ac5f2ed7f8b920df52a4e1cde4f3ee8f80b69a8208c8d8579b1925f9a445627,1,28050b79dff3b87b2d8de84b63a3f6f323d70ca25218c73b9daab6cea7551fcf,3.19744231092045e-14,6.3989619
1271,MC1_K2_N2_L4_SP10_P3_R02,bc215b3bd46d6b2c9b2469999949020e70a08f698990c34820a68e032448fbb5,7ac5f2ed7f8b920df52a4e1cde4f3ee8f80b69a8208c8d8579b1925f9a445627,1,905b979494d979c8a5f6c0e5326243ab36d2b81e1ec998ef301de73d1d07f0bf,1.59872115546023e-14,99.1198248
1272,MC1_K2_N2_L4_SP14_P3_R02,f0c87824576e5d3d31d11970b81ccacb77042ab2c4e64ac34ba7c3de9e3d3676,7ac5f2ed7f8b920df52a4e1cde4f3ee8f80b69a8208c8d8579b1925f9a445627,1,33a76475c0c57c7e9931b90bb4dbf1e35f441a278c4600759b3cbac9f01e4770,1.24344978758018e-14,69.425293
1273,MC1_K2_N2_L4_SP18_P3_R02,0496996c9e6c908a5074007e061d28f7b1c3b4c9f722aa0be13041ab3623b305,7ac5f2ed7f8b920df52a4e1cde4f3ee8f80b69a8208c8d8579b1925f9a445627,1,3f63bfebb2cb1373f9917129b78ff1e4f7e93692748f74672dda8329b42a5dd1,1.06581410364015e-14,69.6584643
1274,MC1_K2_N2_L4_SP22_P3_R02,8c5b45cd0b00ee415479363a201d3b1fa598f20ee3138dd6815b5a81b18156db,7ac5f2ed7f8b920df52a4e1cde4f3ee8f80b69a8208c8d8579b1925f9a445627,1,73304825a2993ec28393004492f0c201eb321a8ac84608a680c37fc3336c42dc,4.9737991503207e-14,66.9083178
1275,MC1_K2_N2_L4_SM6_P3_R03,5abfcb24a2795a682438308ee4e9623681c0c8f3266821aff2b65f06aa899089,7ac5f2ed7f8b920df52a4e1cde4f3ee8f80b69a8208c8d8579b1925f9a445627,1,cbfbd1f476fc303b09e0dcff0fd7533517d64c726614473c456c4e97f68707f7,4.2632564145606e-14,3.0079632
1276,MC1_K2_N2_L4_SP0_P3_R03,e6122f5cdc1b69283ce5c6f1d667d0c0a13591fd9587ad84cb8723ec283454cb,7ac5f2ed7f8b920df52a4e1cde4f3ee8f80b69a8208c8d8579b1925f9a445627,1,1de412c2168d405e0a20a8702413cc0f71bd7f80c1cfbe2d19584458741201f7,3.71266074623017e-14,2.3971881
1277,MC1_K2_N2_L4_SP6_P3_R03,cf40d6f52c17015e65ec23d6ab7b7e652303123368ef9e17d2e4b5905c5a7388,7ac5f2ed7f8b920df52a4e1cde4f3ee8f80b69a8208c8d8579b1925f9a445627,1,4b471415d97083b530c923a0659ab06fbcb4dc9f7a7df91861979b82efb90e25,5.32907051820075e-14,4.3523847
1278,MC1_K2_N2_L4_SP10_P3_R03,eb148b1636a57d2f7cbeea7685c50da842587fe03dc1b1d66727110bd6e9710f,7ac5f2ed7f8b920df52a4e1cde4f3ee8f80b69a8208c8d8579b1925f9a445627,1,956659f99565ec73c9ed9b4240914f2a4ce3752203c5bc14a2ebf0bea12a9a92,1.03028696685215e-13,53.1947031
1279,MC1_K2_N2_L4_SP14_P3_R03,de35555d8aa0f42c8705e39c9b975d2eef6b11916d616b7b9cd9c8baa87cd631,7ac5f2ed7f8b920df52a4e1cde4f3ee8f80b69a8208c8d8579b1925f9a445627,1,1fce3a535526852929a2b791a3d73aaa2e28ad96c6929ef0621d67f9cacfb107,1.24344978758018e-14,84.7255121
1280,MC1_K2_N2_L4_SP18_P3_R03,a7b7177872cf3cbb3fcdaac26c574d3667ada302d76b7ac07e50d10f9e9467f4,7ac5f2ed7f8b920df52a4e1cde4f3ee8f80b69a8208c8d8579b1925f9a445627,1,21207cd3c77fe1085604b789d6633319a2f2be3ad3117dac50b52a1ced5d09cf,4.61852778244065e-14,99.4584108
1281,MC1_K2_N2_L4_SP22_P3_R03,feb8ddaa993ebde700610894b1aff87b5e4f7ce0ae368c4d5db2ffd7767cbb62,7ac5f2ed7f8b920df52a4e1cde4f3ee8f80b69a8208c8d8579b1925f9a445627,1,a4b23e6ffc33681deb79e073c2b0ef19a423a886a3dbd03f5a26774d17efa5ea,4.9737991503207e-14,100.489587
1282,MC1_K2_N2_L4_SM6_P3_R04,8dc7e81efaa84d9e8cf0a9b509ce4b2740923dcda8580f58c697fbffa56d18cb,7ac5f2ed7f8b920df52a4e1cde4f3ee8f80b69a8208c8d8579b1925f9a445627,1,71525bf60f5e45451ba405a82afc4a2c302b488da9340f811172f209f191b4bf,3.19744231092045e-14,4.9259449
1283,MC1_K2_N2_L4_SP0_P3_R04,84be2a0e4f460b7624335c428f6ed250b72e47b99a976abe6fc07e48168d5dd4,7ac5f2ed7f8b920df52a4e1cde4f3ee8f80b69a8208c8d8579b1925f9a445627,1,885825ef6103d3f127d45dd1bdb06c5a21b19e606505c800e6c7170839bb745a,6.94315775918361e-14,4.725304
1284,MC1_K2_N2_L4_SP6_P3_R04,2bac0744de762742d6a6f091b1781e1d1addc624cf31f81c3d370e941b633192,7ac5f2ed7f8b920df52a4e1cde4f3ee8f80b69a8208c8d8579b1925f9a445627,1,53067bf8207b4d5b66d6c493ad32db2fac64caa7d706afc2c2f8e97231630460,3.73034936274053e-14,6.6320371
1285,MC1_K2_N2_L4_SP10_P3_R04,8036d1c8e67e3b09e74977fbb3795f8e3dbed488d6fbcd459c7d7ea7779582cd,7ac5f2ed7f8b920df52a4e1cde4f3ee8f80b69a8208c8d8579b1925f9a445627,1,d99a9e44fc210bf30b28f109627b6cff54d6bca7b8e5d72b47b60ae1e521faeb,1.77635683940025e-15,104.8670154
1286,MC1_K2_N2_L4_SP14_P3_R04,8258669c484ea50298f68a96cd89dfff6ef485dfc6135e549f1a300f52a69454,7ac5f2ed7f8b920df52a4e1cde4f3ee8f80b69a8208c8d8579b1925f9a445627,1,8ea7a5504d815b7fc4e984ba8d1dd135fc0ae17e15acf286070d1ac463b51dcc,2.30926389122033e-14,99.5795522
1287,MC1_K2_N2_L4_SP18_P3_R04,2e5a9f1b16c5373ad6dca6c27ed655cc0a211ac116c6f5bd3f1a5ea455e8b188,7ac5f2ed7f8b920df52a4e1cde4f3ee8f80b69a8208c8d8579b1925f9a445627,1,06befd0a4484b59e35a9452446188d4d271a410f48ffe0eac44cb5405bc67bb8,3.5527136788005e-15,102.9174469
1288,MC1_K2_N2_L4_SP22_P3_R04,92796e4e618a2434d0f86aad761f302d09eef6329addcb715a48c203cc03d31d,7ac5f2ed7f8b920df52a4e1cde4f3ee8f80b69a8208c8d8579b1925f9a445627,1,de4128d0181082579320923ab2b2f8daf3fd9b18d017873a65cdf3268dd5117d,4.9737991503207e-14,97.2976736
1289,MC1_K2_N2_L4_SM6_P3_R05,a8d51d1d7a7cb87f8138e9968587783ef549fcfc26312b6dc84c5f7023322a9d,7ac5f2ed7f8b920df52a4e1cde4f3ee8f80b69a8208c8d8579b1925f9a445627,1,c30b0ec82c032fb2e15db5b53c74f5a8310a4c54ff34b9f62317ce015f9a2440,2.04281036531029e-14,3.5832518
1290,MC1_K2_N2_L4_SP0_P3_R05,5dd56d854768f451d0dbf9d754764d6fbe85901bae2e0918337aa568ca8ff797,7ac5f2ed7f8b920df52a4e1cde4f3ee8f80b69a8208c8d8579b1925f9a445627,1,48b12c61d3407b1ea2130a6e76b5c7bd25873523ef99215b37df0a20d7fb1c8e,1.25362570651927e-14,4.7803116
1291,MC1_K2_N2_L4_SP6_P3_R05,d19c4cc17ef26ac12ae1153ff8e0c1d5f29eb6b7c7518bf38f5f842a16bff783,7ac5f2ed7f8b920df52a4e1cde4f3ee8f80b69a8208c8d8579b1925f9a445627,1,65945373e113c00c02941c1897507d37d65c042a8498e712d9a37fb553e2a796,1.59872115546023e-14,5.5335822
1292,MC1_K2_N2_L4_SP10_P3_R05,84ec5b58e1f47641dda413a3bdd7feed229f456a87c50b4fc4a5f051f61109c4,7ac5f2ed7f8b920df52a4e1cde4f3ee8f80b69a8208c8d8579b1925f9a445627,1,a37b97669720c41e4f407a770701236884ba0aea4607ec8f01ad22cfb489e648,4.2632564145606e-14,75.8359901
1293,MC1_K2_N2_L4_SP14_P3_R05,b8bdfe5c23a6870ccc2979d23dabf974c525bb5d31dec2013342b68e3e0fc108,7ac5f2ed7f8b920df52a4e1cde4f3ee8f80b69a8208c8d8579b1925f9a445627,1,596a9d6bd78afe91225d62b4a8ef2a5327bce43ac586a5d8ec4eb6cc36e350ab,1.77635683940025e-14,89.1642068
1294,MC1_K2_N2_L4_SP18_P3_R05,cc953ff7a1e968fa476cfd20bcff3a760fedec0d63436f65db01837b26cd06bf,7ac5f2ed7f8b920df52a4e1cde4f3ee8f80b69a8208c8d8579b1925f9a445627,1,c5ef8082c368c04815cad215420c1fbfd20a2913dfd795b51ebd57849fc9ede3,7.105427357601e-15,95.3306046
1295,MC1_K2_N2_L4_SP22_P3_R05,c9e999aae6f7864dab4d28d0836cb35bf418b30153549733f2d362c7c1e5d19c,7ac5f2ed7f8b920df52a4e1cde4f3ee8f80b69a8208c8d8579b1925f9a445627,1,c690b857e383563a26cbccb3c7029f5ce21df7919c516309f1b6c7318ef8b9d3,8.5265128291212e-14,92.6056184
1296,MC1_K2_N2_L4_SM6_P3_R06,1147cafeded493693948535bcc2976ea0d70ac2b88fcfc04f10bdb284ac40409,7ac5f2ed7f8b920df52a4e1cde4f3ee8f80b69a8208c8d8579b1925f9a445627,1,3c156178447d7228ed3d82d8566ff9d9f882e0799de64efef64fc6c14a8c8f2a,2.57571741713036e-14,2.8654911
1297,MC1_K2_N2_L4_SP0_P3_R06,ae995fa3cd58a90557417fce5fc981a04e93bbf443570993173ab3c5201ff5d3,7ac5f2ed7f8b920df52a4e1cde4f3ee8f80b69a8208c8d8579b1925f9a445627,1,3262176ec679ba78ac9cc91a9f45b398d8844ac8e6601f4ab69c9e8b8cdafac3,4.24304085283444e-14,3.1812299
1298,MC1_K2_N2_L4_SP6_P3_R06,8d3a46facf52ea6dc9ebf1d3af8dbd7af301a5449167ee41c2963a154272ec4f,7ac5f2ed7f8b920df52a4e1cde4f3ee8f80b69a8208c8d8579b1925f9a445627,1,c7ed9376bb637557cb66a1182273afb4d4e27d963c7396b5d46feceb4455a334,1.4210854715202e-14,3.8230739
1299,MC1_K2_N2_L4_SP10_P3_R06,e359097b1270f2b533c5172d251b0fd3b92d2700360dd49d18882628ecce70ad,7ac5f2ed7f8b920df52a4e1cde4f3ee8f80b69a8208c8d8579b1925f9a445627,1,7506fcfc3f2abca99b3f70045febfeb8e1f255f1b58b5627f5fb2c28624fa55a,4.61852778244065e-14,4.5516943
1300,MC1_K2_N2_L4_SP14_P3_R06,8b786a88d75beab97b743f0d84514420be5c9c97cb2931f0c779fef2c3413603,7ac5f2ed7f8b920df52a4e1cde4f3ee8f80b69a8208c8d8579b1925f9a445627,1,d4f0c8ba3b240adc3c2e0be1e2171c905c831b3fea6a971b7023938695a985c0,1.10134124042816e-13,6.1419039
1301,MC1_K2_N2_L4_SP18_P3_R06,d0ecf84e3320250dd4abc5eccd79bb5c1b291c1cd28122bd70bafee008594c90,7ac5f2ed7f8b920df52a4e1cde4f3ee8f80b69a8208c8d8579b1925f9a445627,1,9fafcfbd6d139b679e9738ad8377aed13a2fd73ea93b0045a00d9c6a103eb50c,2.48689957516035e-14,6.5458825
1302,MC1_K2_N2_L4_SP22_P3_R06,e93e4b104fbc8753438996503aa35665c1844bbb8e786f3b46894672c4ab7d38,7ac5f2ed7f8b920df52a4e1cde4f3ee8f80b69a8208c8d8579b1925f9a445627,1,e4ce82a99e03455259e1aa619f93259f634ee51ff3b8c444de5387d24a961139,3.19744231092045e-14,6.3132808
1303,MC1_K2_N2_L4_SM6_P3_R07,6605eead999d509a19f310efb44a799377133dfa3cf66fe4de81432dafa40b07,7ac5f2ed7f8b920df52a4e1cde4f3ee8f80b69a8208c8d8579b1925f9a445627,1,8245e4062b05232c528ed66c8fb21787734e38555c5fea5e2e9486eec87a7f95,3.37507799486048e-14,2.3671304
1304,MC1_K2_N2_L4_SP0_P3_R07,1ef446d324cc81780d3839a503876478425edb49f62cc494574427231e09e720,7ac5f2ed7f8b920df52a4e1cde4f3ee8f80b69a8208c8d8579b1925f9a445627,1,3320233851ce420488c1b1658a0c15cbcb5d0187c3805964a12c62b91d7f10e1,6.21991215926875e-14,3.1850995
1305,MC1_K2_N2_L4_SP6_P3_R07,94e390d9168cee9be0cbd2adf1c00e4b1ddff5b97fbc0493e4fd41d3fafe63d1,7ac5f2ed7f8b920df52a4e1cde4f3ee8f80b69a8208c8d8579b1925f9a445627,1,208a178272fb452282466991cef659e74e1406bc381499a225adafba90756f45,7.99360577730113e-15,3.3906315
1306,MC1_K2_N2_L4_SP10_P3_R07,78f9933666b78cbaf090d2c51d8534a1c9b4d5fd2af64722108c005709757de9,7ac5f2ed7f8b920df52a4e1cde4f3ee8f80b69a8208c8d8579b1925f9a445627,1,20bf7cc13518bf33df03a7ff975c09f754ea50cd7a0d930d9b504e4ba34ca678,2.66453525910038e-14,4.9004392
1307,MC1_K2_N2_L4_SP14_P3_R07,ede6bcfb1772b25bb78040ad6f90a324139cbed1d4b83be403c81f18b9cdc440,7ac5f2ed7f8b920df52a4e1cde4f3ee8f80b69a8208c8d8579b1925f9a445627,1,fa6fc60365947830cd25cc12bdfcbc372baabe0a517446a7f48414d21d364d99,5.32907051820075e-14,6.4003967
1308,MC1_K2_N2_L4_SP18_P3_R07,63430652fe9be85cd6e5cb20245b260af478a116bbe2faa3fae14bce42aa1b90,7ac5f2ed7f8b920df52a4e1cde4f3ee8f80b69a8208c8d8579b1925f9a445627,1,e8f12e5513cf6568fe3e79ecdac9e4755fa1b02fd5e10ad5a2548035cd00f40f,0,6.2604365
1309,MC1_K2_N2_L4_SP22_P3_R07,2b6e4e7a290cf1da643d5882ed2ba169c65558cfd486fb63c9ab1bd532dff42a,7ac5f2ed7f8b920df52a4e1cde4f3ee8f80b69a8208c8d8579b1925f9a445627,1,598076845df9b3cccce86fe00fb8b784685e83106aba05e26c766a4636911dba,1.06581410364015e-14,6.2085752
1310,MC1_K2_N2_L4_SM6_P3_R08,1e4e138c00e00d5b805ea543dffc2a027d5fa942c93a929ede4cd47b17c4ea19,7ac5f2ed7f8b920df52a4e1cde4f3ee8f80b69a8208c8d8579b1925f9a445627,1,4ab65c4233a4af364dc49c4c54e9cf2842a7ac3c0e0b2b7e4f6c085d8da1b58f,2.48689957516035e-14,5.5854426
1311,MC1_K2_N2_L4_SP0_P3_R08,23aed2562c3359e9d56a6a1d5ee4ae5450f4cb710fd0a16d4dae6869500073b2,7ac5f2ed7f8b920df52a4e1cde4f3ee8f80b69a8208c8d8579b1925f9a445627,1,db6998fdfc4d37552635134640a15cb1bb1bfa86c10b13be21c586f92af65e0c,2.41081866638322e-15,5.9096924
1312,MC1_K2_N2_L4_SP6_P3_R08,208905ebaece197503c3223f541311f0d85ce17de0b37a8d233964150a576d11,7ac5f2ed7f8b920df52a4e1cde4f3ee8f80b69a8208c8d8579b1925f9a445627,1,f9dbabee8a50c519520d014da67f1df16e6f807afde3398215f268bc8511c23d,1.24344978758018e-14,5.8263958
1313,MC1_K2_N2_L4_SP10_P3_R08,80bb2947a047cc482f2fac2bec5a8818be1f64359836d7530893d1bfbee67b0f,7ac5f2ed7f8b920df52a4e1cde4f3ee8f80b69a8208c8d8579b1925f9a445627,1,4b01dfa8844a2ee1a9617d93b34e9d5ec73f7e199c7ad53cad9764f71df4b8fd,1.77635683940025e-15,6.5405039
1314,MC1_K2_N2_L4_SP14_P3_R08,83a788d0a6c073e61f9d15d7254e3f7c3c4e7d3db9b3491df1d295660e390b21,7ac5f2ed7f8b920df52a4e1cde4f3ee8f80b69a8208c8d8579b1925f9a445627,1,883dce64bf0db63151f2e8dbf1603b76a3e5b3e36e2b192079772825919b11a3,5.6843418860808e-14,6.3907233
1315,MC1_K2_N2_L4_SP18_P3_R08,2e52f99f5873347406b07abc91cc12c19831f015e42430842b15240eb3f7ceb4,7ac5f2ed7f8b920df52a4e1cde4f3ee8f80b69a8208c8d8579b1925f9a445627,1,a8fefab4e95ca5cb4b7764e3b1e98f2265236d8712980751abf28ecefc5889c1,9.9475983006414e-14,6.2791819
1316,MC1_K2_N2_L4_SP22_P3_R08,8682ce3817816d26c35f561fd871a47f35e505bb944fd3c25bd4dca510941d43,7ac5f2ed7f8b920df52a4e1cde4f3ee8f80b69a8208c8d8579b1925f9a445627,1,b33381719d7b24d94aa80f850dcd002d9ef5c3cfae42ab8491a87d7404ae8051,5.6843418860808e-14,6.2394873
1317,MC1_K2_N2_L4_SM6_P3_R09,b311a55ec6f8c770528b08fb86c2d169edee5c877c5728c134e1bd93f2709893,7ac5f2ed7f8b920df52a4e1cde4f3ee8f80b69a8208c8d8579b1925f9a445627,1,ff194148ce1446015e9498ce350bc316760e09fabb2d59cc79fb4dfa136ccdb9,7.105427357601e-15,4.5312577
1318,MC1_K2_N2_L4_SP0_P3_R09,1c6ac3e975404aa20b428217ad5b453994078c3d91994f31a576328f44e156aa,7ac5f2ed7f8b920df52a4e1cde4f3ee8f80b69a8208c8d8579b1925f9a445627,1,ddc84aa576d6acf7dc8909b997148291a384ad87af51da69318ceab6873a9278,6.46099402590698e-14,4.1802217
1319,MC1_K2_N2_L4_SP6_P3_R09,24a425e61a82c796f8f7d7fa21378fcec8ed22836bbd83aa9f73897d21e68b4e,7ac5f2ed7f8b920df52a4e1cde4f3ee8f80b69a8208c8d8579b1925f9a445627,1,e0ef1d0adbcdfd17018a2b477adb503d055f392f7ef6af38d50eda7087aaad56,7.105427357601e-15,3.2066249
1320,MC1_K2_N2_L4_SP10_P3_R09,c9e6e9cd7c45d34cc5431738dd9dff516f4ca980a460f1258c57029cc7bbef31,7ac5f2ed7f8b920df52a4e1cde4f3ee8f80b69a8208c8d8579b1925f9a445627,1,5db3f9a4ef6ea0f124b443658f3b8372bea73e33beea62cbbd6c4ae225fded3b,1.20792265079217e-13,3.9371576
1321,MC1_K2_N2_L4_SP14_P3_R09,bcd4bf1ce7c10a5283f1641c1fef61efe46767a2f4b1def630d1fb49dd09e7b8,7ac5f2ed7f8b920df52a4e1cde4f3ee8f80b69a8208c8d8579b1925f9a445627,1,6f975780988751705055e9938d79c80221ca0842e553dd05aff48ef27d25ba56,2.48689957516035e-14,5.0714695
1322,MC1_K2_N2_L4_SP18_P3_R09,1b4be23157e23fe80d4d43b86f89ef20f22aeb655b07a02a8d140d953a146b5d,7ac5f2ed7f8b920df52a4e1cde4f3ee8f80b69a8208c8d8579b1925f9a445627,1,0abfa3e86d5012e3e0c17bc8870d9cecfbc13684264619731dd0695264e229c9,7.105427357601e-15,4.6369589
1323,MC1_K2_N2_L4_SP22_P3_R09,859729305243c3512f231db809d45f469ae0477cec34ca99e337008f483d1ee7,7ac5f2ed7f8b920df52a4e1cde4f3ee8f80b69a8208c8d8579b1925f9a445627,1,7d3940fff082b743ee25d82a22e688302535f45506c0df4999020a6ca87d102c,1.31450406115619e-13,3.8367133
1324,MC1_K2_N2_L4_SM6_P3_R10,0e515fd882c653a4049fbb0de153009d079563442602d4dc07906dae0d70f2bd,7ac5f2ed7f8b920df52a4e1cde4f3ee8f80b69a8208c8d8579b1925f9a445627,1,79e346bb35775f9768f8d08e57a8411dfb3783dccb2368ed51d77f0a6bb123f1,1.24344978758018e-14,3.4833688
1325,MC1_K2_N2_L4_SP0_P3_R10,17bc4c8a1b8903644603a7af9504f0cb37d1c8a72dfcaf7bc4737a59a1a7416a,7ac5f2ed7f8b920df52a4e1cde4f3ee8f80b69a8208c8d8579b1925f9a445627,1,3d66931b97f9a2a066710931145fbfc2e8c1eda27684c6b0f79b7e90f5a37496,2.0250876797619e-14,3.1360671
1326,MC1_K2_N2_L4_SP6_P3_R10,488fcd80f20dfaa867e2eb4913ae9cd64f5676a19c31a3da2efa1c0b018e6232,7ac5f2ed7f8b920df52a4e1cde4f3ee8f80b69a8208c8d8579b1925f9a445627,1,579648c91f7a1af0e28de471903bc2e27f8611072e7ce66b5aa2a965742251c6,4.52970994047064e-14,5.2467328
1327,MC1_K2_N2_L4_SP10_P3_R10,c4cdc156fc4a3fcf807cc56d48b1198bee810426692ce56ca5b6e3f59c352488,7ac5f2ed7f8b920df52a4e1cde4f3ee8f80b69a8208c8d8579b1925f9a445627,1,cb35d23775b516d8b56eb178aae53b24b9aa775702b4cf8c57baff26eb1cc02e,5.32907051820075e-14,5.3159196
1328,MC1_K2_N2_L4_SP14_P3_R10,35cf507501500b8bb23730eabd0942fee4ccf6e94ca4d6c4f018e0a54eaa615a,7ac5f2ed7f8b920df52a4e1cde4f3ee8f80b69a8208c8d8579b1925f9a445627,1,4e9e7d19b36e8111bff4ddd5e88b2dafb0d673525d68648b9009ce564876e5a8,6.03961325396085e-14,5.2427519
1329,MC1_K2_N2_L4_SP18_P3_R10,b67119568712c27a08690d0e73a23a5b53fb25f833cb8a3b6988323b5734f495,7ac5f2ed7f8b920df52a4e1cde4f3ee8f80b69a8208c8d8579b1925f9a445627,1,c0e3a4f46fb6acaee3c05a271175f163c5be2426551177d36cbd68c5f5020722,0,5.1795009
1330,MC1_K2_N2_L4_SP22_P3_R10,1e0a16323a351e1eb9f558cab0e555c4905bd59c408681d8fce562084892544d,7ac5f2ed7f8b920df52a4e1cde4f3ee8f80b69a8208c8d8579b1925f9a445627,1,27df94053bde946989ea6f349e983677bc2a6b3d8b9924bda9c5c6bac033165b,3.19744231092045e-14,4.662934
1331,MC1_K2_N2_L4_SM6_P4_R01,b2811f312cdc8f1286ebe534d9f474c13f875c1a78e257a0e0f33bbf5324a1c0,7ac5f2ed7f8b920df52a4e1cde4f3ee8f80b69a8208c8d8579b1925f9a445627,1,114647de5b2ea66a1f44d50201ecc8a871c382d6b4712a5982cb5af38efe4eec,5.15143483426073e-14,4.4015782
1332,MC1_K2_N2_L4_SP0_P4_R01,ed0155f0958af4c66ad521c6780c72b862108d9e5847d2489eeb3495641833c6,7ac5f2ed7f8b920df52a4e1cde4f3ee8f80b69a8208c8d8579b1925f9a445627,1,c2904d3dfa12b11638d2b4e117da27eaddc5c167a114de13f9d501d02f7b792e,8.00391797239221e-14,6.3547298
1333,MC1_K2_N2_L4_SP6_P4_R01,191e5296851063346680df513b96580a5f360214c9085b23b29c33bd3a044f77,7ac5f2ed7f8b920df52a4e1cde4f3ee8f80b69a8208c8d8579b1925f9a445627,1,61b99df27a0ae3546d6956bd40c0168942fd942a86a737660727823b6ef55a21,1.06581410364015e-14,6.6481421
1334,MC1_K2_N2_L4_SP10_P4_R01,f2300d47db4a573ab808ad1cb360d2cc566b591bc2366512a2fe3d40d3717f89,7ac5f2ed7f8b920df52a4e1cde4f3ee8f80b69a8208c8d8579b1925f9a445627,1,ab11825bffa2c77e89674a9c06ba36e18ed62b87fd8ce17aa62f9c877ad33b72,6.21724893790088e-14,102.9415781
1335,MC1_K2_N2_L4_SP14_P4_R01,f838fe421d8b5205ea7291a7f4869ba1f4ccf9bca3305958e72fec38eaafa9de,7ac5f2ed7f8b920df52a4e1cde4f3ee8f80b69a8208c8d8579b1925f9a445627,1,7b036a23db433298b29a854b6b6391c7a72418c20d30220efec24b4bcab2c7d8,4.2632564145606e-14,92.5820668
1336,MC1_K2_N2_L4_SP18_P4_R01,8879ef9ae75661d80689eb1787f2c6d2e812b6d0291af8d197340ca40b31ed35,7ac5f2ed7f8b920df52a4e1cde4f3ee8f80b69a8208c8d8579b1925f9a445627,1,c406afa788d16869945aceb11db8a6358cb164e67dd1aa745716de4ea7bc10b2,0,105.5622526
1337,MC1_K2_N2_L4_SP22_P4_R01,6cc5b6ce18640a22fd4c18a55e30532f755f8349059f246ee91cba96e1891a29,7ac5f2ed7f8b920df52a4e1cde4f3ee8f80b69a8208c8d8579b1925f9a445627,1,ad74c09356df33245b03fbf3452d80a8ecd7a825ac4ebed1d6e60a511ec03bf3,6.03961325396085e-14,103.6877978
1338,MC1_K2_N2_L4_SM6_P4_R02,04dfeeb29d9c2f79e03b95c2b971276720e1835548e5df1870bd6637c8be7deb,7ac5f2ed7f8b920df52a4e1cde4f3ee8f80b69a8208c8d8579b1925f9a445627,1,948888be8418c915b774a4d765e29b30a5b9ac963ad459c182afa0dd28060799,1.4210854715202e-13,5.2545362
1339,MC1_K2_N2_L4_SP0_P4_R02,a69523db9d746b820f2305fb5d3f6754d6299235e2fd07625e53b22a25990919,7ac5f2ed7f8b920df52a4e1cde4f3ee8f80b69a8208c8d8579b1925f9a445627,1,5a30f984ebe2bd0d90d4857f2cdb582f4e1c73ed1e39cd64e72d385fa4896751,1.09933331187076e-13,6.351159
1340,MC1_K2_N2_L4_SP6_P4_R02,05250cf5b58e6955703e3e8df10a68768ebe7558d25bf45c07ab041ee94dd064,7ac5f2ed7f8b920df52a4e1cde4f3ee8f80b69a8208c8d8579b1925f9a445627,1,41100dcc47ca01ffd260ac8588ac9d2f15e867f73c4d58a8d10e586293a4c2ec,1.93622895494627e-13,5.8813622
1341,MC1_K2_N2_L4_SP10_P4_R02,aea62c087a9f5cfa5d8d22110e3178ae24c68e5c829b93ba123ce04bfbbe6ea9,7ac5f2ed7f8b920df52a4e1cde4f3ee8f80b69a8208c8d8579b1925f9a445627,1,fd6a40058c21e8ffd57196c6fac65767174986dfc3fa8af247be9e5b24054d45,7.28306304154103e-14,87.6961498
1342,MC1_K2_N2_L4_SP14_P4_R02,a871ac302ec9238b08e6feb1ce3bc9bcf13708ce265d2682493692701dcf0674,7ac5f2ed7f8b920df52a4e1cde4f3ee8f80b69a8208c8d8579b1925f9a445627,1,a2cf2c5b5089dbf4b2264281266a895846cd54731cf7bc4811d3c8685bf4a12e,8.34887714518118e-14,79.308288
1343,MC1_K2_N2_L4_SP18_P4_R02,0fab89a361fdce3a9aeec88aacff0874b9c2864e4aef624fd02ef517b5bb9cca,7ac5f2ed7f8b920df52a4e1cde4f3ee8f80b69a8208c8d8579b1925f9a445627,1,43bfbd7a5455b49295797d42fd64fdbc2a8d69ef80f8b9d4ad8e1ad87381da4a,5.6843418860808e-14,88.2024252
1344,MC1_K2_N2_L4_SP22_P4_R02,ca20054071146a83c95797a8549a87056a95ee07a81dbe55843f3c48abaca555,7ac5f2ed7f8b920df52a4e1cde4f3ee8f80b69a8208c8d8579b1925f9a445627,1,1fc2c17e90281996eb79f7cc099ada1c734714f85528521eb52aabc4a83c1547,1.4210854715202e-13,96.8248483
1345,MC1_K2_N2_L4_SM6_P4_R03,93dec130217132f44d848064c26ab5e02572907b8ed280cbc673317284d51a04,7ac5f2ed7f8b920df52a4e1cde4f3ee8f80b69a8208c8d8579b1925f9a445627,1,c89de408bcf1a29045ebd9e763809dc133ad84fcbff8ec864057ab92075af13f,1.24344978758018e-13,3.1050551
1346,MC1_K2_N2_L4_SP0_P4_R03,6c6afd37afcfd2e9d300ee41e268eb8e203930755eff16ce5ff1ce682e71b0cd,7ac5f2ed7f8b920df52a4e1cde4f3ee8f80b69a8208c8d8579b1925f9a445627,1,d6d11e78567d2584cac8f85e61cb5bcc1a494754cc6ccb0fca8a87d81f27a237,1.92865493310657e-14,4.3815774
1347,MC1_K2_N2_L4_SP6_P4_R03,83eaa2b0fcfa57aea1e7753822f0f1f71c29abf2f628a8e677778da28dbb8998,7ac5f2ed7f8b920df52a4e1cde4f3ee8f80b69a8208c8d8579b1925f9a445627,1,9a9c7a4229c63c940c6d7091b059af0c8b245fb0f1238398a08a6b5c7650a2ed,5.15143483426073e-14,5.5181372
1348,MC1_K2_N2_L4_SP10_P4_R03,c00787e323143cb0c2aa41cec3c1c6e0fd45bdfba1f9e6ae7abf7b18949f9fee,7ac5f2ed7f8b920df52a4e1cde4f3ee8f80b69a8208c8d8579b1925f9a445627,1,be6138dd357e7f6687267aa6f3529146c834ed24cae964b3fa7245bdc2139239,2.1316282072803e-14,94.9662507
1349,MC1_K2_N2_L4_SP14_P4_R03,a09e31a8adda76f74fdab6630a194af816337a99030bcaa985987fde20e1e6c7,7ac5f2ed7f8b920df52a4e1cde4f3ee8f80b69a8208c8d8579b1925f9a445627,1,bb7df9afc16e6f7abaf1fd1cd3b35b283b47bf75ebcd1732127799397a916ace,1.24344978758018e-13,95.8580538
1350,MC1_K2_N2_L4_SP18_P4_R03,1d89217dc68c4086b03f386bfcaf57c988aaa1821f0cbbee60dc8ec4fd3f2b40,7ac5f2ed7f8b920df52a4e1cde4f3ee8f80b69a8208c8d8579b1925f9a445627,1,720481ecf72d8d950c572344771c891e100e9eb0284ba259b5ae399cecf1f86c,9.9475983006414e-14,94.4599444
1351,MC1_K2_N2_L4_SP22_P4_R03,799bae1ddfbb627e2dcefe7cc1cb862e8058dc5b6309703da42cacc11177c32b,7ac5f2ed7f8b920df52a4e1cde4f3ee8f80b69a8208c8d8579b1925f9a445627,1,3e260c8f95d579aaf42c25d6e2650488b3fd6b5f4b306afd8bc0a02c45073828,7.105427357601e-14,95.0702985
1352,MC1_K2_N2_L4_SM6_P4_R04,ab95faab49eafe79b1575226bd178be27093079c0a3ebe5e2c73f5978a8f4608,7ac5f2ed7f8b920df52a4e1cde4f3ee8f80b69a8208c8d8579b1925f9a445627,1,f1a5447d294314840801027ceb36dea15389dad1f87dbd683b35e4e226dfbbd2,3.19744231092045e-14,5.4830337
1353,MC1_K2_N2_L4_SP0_P4_R04,838eabca9fcac115a9f470860ed8639b35c7d3463ce9373204bde5192ba45939,7ac5f2ed7f8b920df52a4e1cde4f3ee8f80b69a8208c8d8579b1925f9a445627,1,844b90cabe04bb31c74bffb6f30157bc326dd8875f660c58ee0e278bfb56361f,3.56801162624718e-14,5.5270278
1354,MC1_K2_N2_L4_SP6_P4_R04,4a700d0d383bae344c3242e78abd9666bf00efa25cc9feac17deb388a5299460,7ac5f2ed7f8b920df52a4e1cde4f3ee8f80b69a8208c8d8579b1925f9a445627,1,57d7c7836b4b833921456047bed1917c651104c357b1bcc7c82fb0455e3cab25,4.44089209850063e-14,5.5535276
1355,MC1_K2_N2_L4_SP10_P4_R04,07add3b6b731184d3527161d533917ca4f2d799a24f2ef389004d4ffe0e77099,7ac5f2ed7f8b920df52a4e1cde4f3ee8f80b69a8208c8d8579b1925f9a445627,1,63b1d260f38eb33e1364b2c7bb1877930c574cf6b1e8af27d57b57241917f4c1,7.105427357601e-15,99.9234025
1356,MC1_K2_N2_L4_SP14_P4_R04,4d0ae443e02fdfefeaa4310b2f910db456fa36b79668962a8c3be3c856fb012a,7ac5f2ed7f8b920df52a4e1cde4f3ee8f80b69a8208c8d8579b1925f9a445627,1,685d9dd73450e255e2d57711837b19ca2c100552b32d97aa8444cd460fc71dc3,1.17239551400417e-13,100.7524978
1357,MC1_K2_N2_L4_SP18_P4_R04,8c142b1a1b729d69085c0f01d8e2f9e1a76bc4c3ad72cd9856364a6c7fb519f6,7ac5f2ed7f8b920df52a4e1cde4f3ee8f80b69a8208c8d8579b1925f9a445627,1,747f36045b8bf8bb74b777b9664b632116fb0a6afd2d8496fdbeb0a6e67c1c88,7.105427357601e-14,101.751565
1358,MC1_K2_N2_L4_SP22_P4_R04,74ab5aa33c17eba4dc871fd1601256bbe641238f03101b6a9f88e12092506801,7ac5f2ed7f8b920df52a4e1cde4f3ee8f80b69a8208c8d8579b1925f9a445627,1,e310d6187cd9cd53512661ad224056d5efdca3b63689ea83eed1168e37813ef4,3.19744231092045e-14,96.3854938
1359,MC1_K2_N2_L4_SM6_P4_R05,c1d8107833ce5c41c740de7c7181c3a63adc027e54daaaaa5194ed46c4beaa11,7ac5f2ed7f8b920df52a4e1cde4f3ee8f80b69a8208c8d8579b1925f9a445627,1,d8c205487176675c065066f5a1ac2f488f02b0def06357b32ac80937689cac9f,4.08562073062058e-14,3.407378
1360,MC1_K2_N2_L4_SP0_P4_R05,ba6285e45bdc22f02298fc45a4caa9f0b47192c7ea0d3a2cf6972094bf97f39d,7ac5f2ed7f8b920df52a4e1cde4f3ee8f80b69a8208c8d8579b1925f9a445627,1,1f498236f8231d8f44d882b3067e7335181ec3f0e0760473560064355d219518,4.53233909280043e-14,4.45361
1361,MC1_K2_N2_L4_SP6_P4_R05,ac704cdc13f31613eb2bae29e0fdf3e689c5c964360dd17604b62321e8e520ad,7ac5f2ed7f8b920df52a4e1cde4f3ee8f80b69a8208c8d8579b1925f9a445627,1,3d225c0238500067718ea0af2112244ef0080518e3ce3e3ffc0967873c2285e3,8.88178419700125e-15,4.8919488
1362,MC1_K2_N2_L4_SP10_P4_R05,5edf60566389e880300f579a91460d8a6165dac5efa895c6cc2cbeca21b87170,7ac5f2ed7f8b920df52a4e1cde4f3ee8f80b69a8208c8d8579b1925f9a445627,1,90b3878a3350c9ce72c11d7d8b8d70f6e20587f6702fcaeb63dc8cfdc1ab343b,1.03028696685215e-13,111.7832812
1363,MC1_K2_N2_L4_SP14_P4_R05,c88bef2159334808c2f7fa6c627942c69e7687f7f0e96868278cbc69e08eb824,7ac5f2ed7f8b920df52a4e1cde4f3ee8f80b69a8208c8d8579b1925f9a445627,1,6c369fd5726310a30d276655f95cdeca15beea6942549c70a31e05a2d39e58da,1.77635683940025e-15,115.8405115
1364,MC1_K2_N2_L4_SP18_P4_R05,537029d7884382c96f966399c9f7178f7e4d9a3ce6d203f03c63286df5e59470,7ac5f2ed7f8b920df52a4e1cde4f3ee8f80b69a8208c8d8579b1925f9a445627,1,5dc398c21ea55c6949ef6ee4769055fba5fd46f9d1afcc3f7345ca6cb2743b95,9.9475983006414e-14,98.175478
1365,MC1_K2_N2_L4_SP22_P4_R05,5e7c7127a6eb05cb5b52d358d98f511041dd0e54d0efee896b5c036212cd699a,7ac5f2ed7f8b920df52a4e1cde4f3ee8f80b69a8208c8d8579b1925f9a445627,1,87c70077301e7ffc4492ce377602d9aa76c850be582bf8f539bdfb85d652d888,6.03961325396085e-14,98.8284127
1366,MC1_K2_N2_L4_SM6_P4_R06,b273157b40657b5ab05ea1a48d0cc9bef032dd30cfa6991bbd6d66a4c1f5790f,7ac5f2ed7f8b920df52a4e1cde4f3ee8f80b69a8208c8d8579b1925f9a445627,1,1c967b45f8ffcbbd27680d7ac040c82bc4bd9ef81d3cf89a9fc2d4fba8cd037b,1.33226762955019e-14,5.0706784
1367,MC1_K2_N2_L4_SP0_P4_R06,f127e8c8a33bd476884ee340f5d9058068b6f7dcd32b30341a88bff8f751e8af,7ac5f2ed7f8b920df52a4e1cde4f3ee8f80b69a8208c8d8579b1925f9a445627,1,2febdb7c29d56f78e77f77f2ef718557d198bb7029acc790661f6ad1c4e6bd5e,5.20736831938778e-14,5.920085
1368,MC1_K2_N2_L4_SP6_P4_R06,ece738e4b44a30329fe1f08d095bdaadf298f3b0b8ec67138e83e78472ada7a9,7ac5f2ed7f8b920df52a4e1cde4f3ee8f80b69a8208c8d8579b1925f9a445627,1,b912c0de28b838857918f11e16dee2b4757b47165d5a4c0f51d3db06a7dfccd2,9.05941988094128e-14,5.7328837
1369,MC1_K2_N2_L4_SP10_P4_R06,44551fbdc811ae8b0a14ea72a723308d5056b3aaf80f658db51950a2cf6954d6,7ac5f2ed7f8b920df52a4e1cde4f3ee8f80b69a8208c8d8579b1925f9a445627,1,f89758942ca84585c49b9f9558220ec3bed5cad88463e378027355be00d02df9,5.86197757002083e-14,5.7751158
1370,MC1_K2_N2_L4_SP14_P4_R06,5452d726a1139663427beaad8ea9553c00b9e574fcf328597fb834e3d3cbcd83,7ac5f2ed7f8b920df52a4e1cde4f3ee8f80b69a8208c8d8579b1925f9a445627,1,c4ee8711053b770977f889c02116a5e90caae553485b3d25ef93aecf1f603e2e,1.03028696685215e-13,6.0264419
1371,MC1_K2_N2_L4_SP18_P4_R06,c7acb65b91a6a36514aa21b4d247cc5985fdd461b4bc000b97678dc83723e027,7ac5f2ed7f8b920df52a4e1cde4f3ee8f80b69a8208c8d8579b1925f9a445627,1,6399ef6b2b8d9bb0932e523f2a88841b9fbb1894ed2d5f0eb240c10e827b3a6c,9.59232693276135e-14,8.5626039
1372,MC1_K2_N2_L4_SP22_P4_R06,4a4b899860ee3b136b17d8c4e88ea37486371003d87705996cefb17e87547adb,7ac5f2ed7f8b920df52a4e1cde4f3ee8f80b69a8208c8d8579b1925f9a445627,1,cd9baceb26240f983caed1255d62bbe150ebd1f48947247f2d8c1e4125642dea,3.5527136788005e-15,8.3205656
1373,MC1_K2_N2_L4_SM6_P4_R07,9c188a7792744254e58bbda20404a9924809aa293111425b5f478f4c4acd8daf,7ac5f2ed7f8b920df52a4e1cde4f3ee8f80b69a8208c8d8579b1925f9a445627,1,b0720e63f8a75470ba95827baa89be4baf4382da0ecfe21b7c9c99f0fcf83995,4.08562073062058e-14,3.7529929
1374,MC1_K2_N2_L4_SP0_P4_R07,fb3c72befa437692420f67119a872be5eef4014101dcc09148791ada93285b2a,7ac5f2ed7f8b920df52a4e1cde4f3ee8f80b69a8208c8d8579b1925f9a445627,1,9a4a39618d5a766e0b7e0c5e7b2909ff5de4c02e87f8acb0da88e401fee1b2aa,7.71461973242629e-15,6.1853211
1375,MC1_K2_N2_L4_SP6_P4_R07,a21e2b21b235c02cfc005faa8a531d862e5cd7c98b8768972953cc544d42595f,7ac5f2ed7f8b920df52a4e1cde4f3ee8f80b69a8208c8d8579b1925f9a445627,1,5fa71b2440d9e77f6d10b16a9552bb51ab483796e1dccad228204086f95fae46,3.37507799486048e-14,7.0189341
1376,MC1_K2_N2_L4_SP10_P4_R07,329641a7492fa9f846ca08f7b9c70652516cb1ae8965a66fd00addbefd370c3a,7ac5f2ed7f8b920df52a4e1cde4f3ee8f80b69a8208c8d8579b1925f9a445627,1,93752bca88dfa7bb762a6634fcad6dc13d367789e29938c1a1e2785e26eef022,1.26121335597418e-13,7.7225163
1377,MC1_K2_N2_L4_SP14_P4_R07,f9f55fb276b2c07f187e779c40f1f4efb4434b261699ccbb9b05df6b018357f1,7ac5f2ed7f8b920df52a4e1cde4f3ee8f80b69a8208c8d8579b1925f9a445627,1,f5c10ee535111db42b86a29bdc92a61f3261ace86a2acd1f33bddd49522a9914,3.01980662698043e-14,8.3902575
1378,MC1_K2_N2_L4_SP18_P4_R07,f5d5a667be279f003b244966407b087cef65e3fca7bfaa3dff84f5370939d584,7ac5f2ed7f8b920df52a4e1cde4f3ee8f80b69a8208c8d8579b1925f9a445627,1,490ef563266fab76d8ed620454543fd34955f0878dc5404e1c507ce684f312f4,2.8421709430404e-14,8.5589217
1379,MC1_K2_N2_L4_SP22_P4_R07,458795c2118c214babb02ed2a50a7a51e745fc876ecc2f141ac7dd503a16386f,7ac5f2ed7f8b920df52a4e1cde4f3ee8f80b69a8208c8d8579b1925f9a445627,1,ea28f4dc26a12d602f29c723f2bdda3ebdc7ed06203bdfc161d8afc2e40de3b7,1.06581410364015e-14,8.3172467
1380,MC1_K2_N2_L4_SM6_P4_R08,6838ae9c59620f398d538ccabb49d25268a4cba44e5cb708c636d4e14e62d91f,7ac5f2ed7f8b920df52a4e1cde4f3ee8f80b69a8208c8d8579b1925f9a445627,1,40edf3db39e4208ef20fbcb25d2f1a2f5ec7f1d55449fa10d75e29a8adffefeb,4.79616346638068e-14,3.1440438
1381,MC1_K2_N2_L4_SP0_P4_R08,ed4ab325374a16f58a29878aca7f4dba1a641df5d3a8cf3ff776ba75ccf681c5,7ac5f2ed7f8b920df52a4e1cde4f3ee8f80b69a8208c8d8579b1925f9a445627,1,f5bb9860bd77db7044f803b93536b1576b04286d63162f4ce2605f203566e1ec,9.64327466553286e-15,3.4120333
1382,MC1_K2_N2_L4_SP6_P4_R08,1e86bb7ce3002cd383090d3036371bb3309422734ec0f22217e716bf4cba2590,7ac5f2ed7f8b920df52a4e1cde4f3ee8f80b69a8208c8d8579b1925f9a445627,1,2b75682e67bd8c64f94fd08e07a6f58848cfd98a5937de328ed0edacf01469c3,5.32907051820075e-15,3.517772
1383,MC1_K2_N2_L4_SP10_P4_R08,9b89f6601eaa53c5d01d94ce51b2230b9d110e9e5f4b01d286a34a91f96590f0,7ac5f2ed7f8b920df52a4e1cde4f3ee8f80b69a8208c8d8579b1925f9a445627,1,4c79324fca9c19670a9a9991c6f3208df708da8e85ed7c5b933c3dccfa49f686,0,4.3548136
1384,MC1_K2_N2_L4_SP14_P4_R08,1a6a89bb181f9cac3c7bdfd3dbe38f86ae3715c72c58d24be4d82f793305bac6,7ac5f2ed7f8b920df52a4e1cde4f3ee8f80b69a8208c8d8579b1925f9a445627,1,4eb21f0c81b36bb7a50e53d372122c845dc33444295c49353939436d4ed5451c,3.5527136788005e-14,6.3042125
1385,MC1_K2_N2_L4_SP18_P4_R08,5d4cb721ab2f39beaa870dca8701374d3d40b3fca4a53be835f3fc206907d8f7,7ac5f2ed7f8b920df52a4e1cde4f3ee8f80b69a8208c8d8579b1925f9a445627,1,1cc4745d5a2714dbd4d8e72d0c6b34830de6bee553b6737b96994d87655675fc,6.03961325396085e-14,7.5481998
1386,MC1_K2_N2_L4_SP22_P4_R08,eb4ff3d21765fea0a7719b4172bf153541a428035195edca58bb6defcb9b6720,7ac5f2ed7f8b920df52a4e1cde4f3ee8f80b69a8208c8d8579b1925f9a445627,1,81bf6021a67747059c11c6b37969637b6459b0e871cc6ef20a8f601cf0ca97e2,7.46069872548105e-14,8.0949887
1387,MC1_K2_N2_L4_SM6_P4_R09,4b4ac01bf767d5fca733f5832bfd6fe245a7547ad86f7d4650a10215db46cba0,7ac5f2ed7f8b920df52a4e1cde4f3ee8f80b69a8208c8d8579b1925f9a445627,1,230fade1e0f7dad004c1be921dfec9eba5857e69a0f8f1e32e87e305095a33bf,8.5265128291212e-14,5.9956534
1388,MC1_K2_N2_L4_SP0_P4_R09,c2dab5ee901be701183bb424fa4361b1540497a776a7ceb1d9102e5e72b71adb,7ac5f2ed7f8b920df52a4e1cde4f3ee8f80b69a8208c8d8579b1925f9a445627,1,020919c7716f85286c79863d80344ff062720077660ff2c71026c8fcbad42b9e,3.56801162624715e-14,4.0256072
1389,MC1_K2_N2_L4_SP6_P4_R09,71a47b55ca4f9da8ff31942ada878dd6afc872ed1518a76e9f343cc2ff16a71d,7ac5f2ed7f8b920df52a4e1cde4f3ee8f80b69a8208c8d8579b1925f9a445627,1,740aac889fda01f6d8b907f97dbb19a57b59aa0d85303e1e51de843ad76fe893,8.43769498715119e-14,6.5015504
1390,MC1_K2_N2_L4_SP10_P4_R09,f2dcf88270a5da9ec1c63558e681def876315e6003b8730b4a14cc81edc7dbc8,7ac5f2ed7f8b920df52a4e1cde4f3ee8f80b69a8208c8d8579b1925f9a445627,1,4a7c61c2ea7b34e2e28daa8e56c38dca965d310cd3d09d4f43934ba391c946cb,5.50670620214078e-14,5.8801257
1391,MC1_K2_N2_L4_SP14_P4_R09,ec9229d6569010c7473ff13908f7211b685267e4bb54efdf5c6a50dc74078ebc,7ac5f2ed7f8b920df52a4e1cde4f3ee8f80b69a8208c8d8579b1925f9a445627,1,33d20e56a13adcd7f14689e53ee3075e2799ee4e6944269dc3ab3b64376f772b,1.24344978758018e-14,6.0123911
1392,MC1_K2_N2_L4_SP18_P4_R09,f3bfce1a2ac39955eec455880a7e85021dbeab610e4776749b685a76887c870c,7ac5f2ed7f8b920df52a4e1cde4f3ee8f80b69a8208c8d8579b1925f9a445627,1,c296dd8a3c81415aafc67b4ead5081e57d137e1fff250a5ef94718c69fef5c0f,1.06581410364015e-13,7.8067173
1393,MC1_K2_N2_L4_SP22_P4_R09,fcbed10765106f803c81d863659c47cf76fe15db15b4e365a6628193ea862938,7ac5f2ed7f8b920df52a4e1cde4f3ee8f80b69a8208c8d8579b1925f9a445627,1,cbd858a3a773275386f582ee033583252218ea5ae3bb1a93b3da8d1f906490d0,2.8421709430404e-14,8.0322707
1394,MC1_K2_N2_L4_SM6_P4_R10,24eb9980c269d0b5b6635f2e4e991890ac55a37f669ee700b5860a72735cf2c8,7ac5f2ed7f8b920df52a4e1cde4f3ee8f80b69a8208c8d8579b1925f9a445627,1,05f8f22f5ef29f51323a60dad8b550d2a6d01a03dd0194441bb3165fab5e766e,8.34887714518118e-14,5.0678321
1395,MC1_K2_N2_L4_SP0_P4_R10,a6c743dd875a6e102a535e5f3c5628128d4c690737d37986684533d6a69af680,7ac5f2ed7f8b920df52a4e1cde4f3ee8f80b69a8208c8d8579b1925f9a445627,1,9bd76c1725966791c2be5be8b6fcda6601f30aa7b8759b9447fca56b79a44006,7.52175423911571e-14,5.7780903
1396,MC1_K2_N2_L4_SP6_P4_R10,d6995d38a998a8b6bac9f519e52c24002fcacf58a2da6e362885e0590517bb7c,7ac5f2ed7f8b920df52a4e1cde4f3ee8f80b69a8208c8d8579b1925f9a445627,1,4278abe43f9a83ad430938e6c7c48df1184b5f11f7f3940fd5795fe0610034d4,4.79616346638068e-14,6.0260532
1397,MC1_K2_N2_L4_SP10_P4_R10,5b59d3ae288cc8823040b03e8e08e5e9c6783ba459f4f80763f199a94b22a4ef,7ac5f2ed7f8b920df52a4e1cde4f3ee8f80b69a8208c8d8579b1925f9a445627,1,510cd793508c325dfd29c8b64810cb47e8f8e0cbf5e3a24b2068076b6a16e766,4.61852778244065e-14,7.9596721
1398,MC1_K2_N2_L4_SP14_P4_R10,84369968fd9a9a95e3c4b84fd29af21a3fe9966b83f9a40851383dd43490d3f1,7ac5f2ed7f8b920df52a4e1cde4f3ee8f80b69a8208c8d8579b1925f9a445627,1,a272fcf6ccece0f6c84506bebadb42ede37f7b75de66be35cfdf0d411ea5ee50,7.8159700933611e-14,8.983749
1399,MC1_K2_N2_L4_SP18_P4_R10,fb6c4e9fc539cc0721d3ff38217a2a91f8ecae22a0c652dec740773d328abdfe,7ac5f2ed7f8b920df52a4e1cde4f3ee8f80b69a8208c8d8579b1925f9a445627,1,1ddd7bb507d8e127e5fa51b614990b995e4929684aa5ffce3e4a620d694df9d4,1.06581410364015e-14,6.376615
1400,MC1_K2_N2_L4_SP22_P4_R10,8383de312b4994235c69e7863e4a5d02bb7ddd20f993442d65c2ca0378df70c3,7ac5f2ed7f8b920df52a4e1cde4f3ee8f80b69a8208c8d8579b1925f9a445627,1,08027e77209b26695e0ccc696b2686ec587629b495003b1e3756242f8d56bc79,3.19744231092045e-14,5.9636953
1401,MC1_K2_N2_L8_SM6_P1_R01,7bc8b72da277824d4454049833436535d4b43d1cdd11c3f26041dcacbc52d603,7ac5f2ed7f8b920df52a4e1cde4f3ee8f80b69a8208c8d8579b1925f9a445627,1,86474f636026b1d9a125169bd4b6fe5a12c06a08f508fcea1440c79bff75447e,4.08562073062058e-14,4.4423345
1402,MC1_K2_N2_L8_SP0_P1_R01,eeb85115d7c2d2dbffca282218f4697c1f2b88debd7aebe494683f3289c92960,7ac5f2ed7f8b920df52a4e1cde4f3ee8f80b69a8208c8d8579b1925f9a445627,1,0a2cc01595225e08358694a0ed8f3309e9dd649f819564931fcf73784c1297a6,6.75029226587301e-15,5.667874
1403,MC1_K2_N2_L8_SP6_P1_R01,6c139ad89352fdf2d8861cb64f55e4f94a01941ee0e1d67a4325b5c825623838,7ac5f2ed7f8b920df52a4e1cde4f3ee8f80b69a8208c8d8579b1925f9a445627,1,5ca71741933ec59f0e94cdc42916462ec24c869ad74ffb03cd265f531a298d1d,7.63833440942108e-14,5.9493461
1404,MC1_K2_N2_L8_SP10_P1_R01,f0e0ea9a8d0c64d7ece5a9c8d3d65cd9d377c3a4091bd0a679d0d478d86629f8,7ac5f2ed7f8b920df52a4e1cde4f3ee8f80b69a8208c8d8579b1925f9a445627,1,d4f40c6d8c60a96aca7c00f64eecfc3498d0453e182c4eba4124aceae9728be6,3.90798504668055e-14,5.4221116
1405,MC1_K2_N2_L8_SP14_P1_R01,e59631c0ae2ff5ad486cb72ef5b713a6fce15ecc222fa64dfceb5b612ab951a2,7ac5f2ed7f8b920df52a4e1cde4f3ee8f80b69a8208c8d8579b1925f9a445627,1,661189ddd474d315822661829dddcf9afa781cf650717ef301437deee45ade76,2.30926389122033e-14,6.0515443
1406,MC1_K2_N2_L8_SP18_P1_R01,10a6a43423dc942feebb243771eb5ed988602b480e0bb19f8ef00862ebd3cdba,7ac5f2ed7f8b920df52a4e1cde4f3ee8f80b69a8208c8d8579b1925f9a445627,1,434999339c196d6229967aaa5cc823433f9b67503bc9aa3896719181d9e2140d,7.105427357601e-15,6.1605177
1407,MC1_K2_N2_L8_SP22_P1_R01,52883c0593db4c28abf7a2546e0b8c406466a0fe616bd5465ebc34e9838c7026,7ac5f2ed7f8b920df52a4e1cde4f3ee8f80b69a8208c8d8579b1925f9a445627,1,96d4461e927fd9d98dae702123e6684c5fc40e126f24128a0fe6f58981f3e7e7,1.06581410364015e-14,6.0681603
1408,MC1_K2_N2_L8_SM6_P1_R02,c8dc52773389c7c34a39d491894e5fb6531ceb79d41c7932aff65790bf86aa7e,7ac5f2ed7f8b920df52a4e1cde4f3ee8f80b69a8208c8d8579b1925f9a445627,1,7d3f679d6782629a3af1bf5744109b31597ddca38b493b8647517c932f7ce927,4.08562073062058e-14,3.3457102
1409,MC1_K2_N2_L8_SP0_P1_R02,72a08d69c37c6f77142dd1155ede2f0e2bc7fffa223cafa6cd0be2ab4896aae0,7ac5f2ed7f8b920df52a4e1cde4f3ee8f80b69a8208c8d8579b1925f9a445627,1,2c37c4d331a55e146098d7f631dd57f069fbc0c4650c66d9e2ef3ce50ca692f1,6.75029226587301e-15,3.1935523
1410,MC1_K2_N2_L8_SP6_P1_R02,d19074c16c24526aed8d6db9833ed068c0f65901cea13e9d23052d3d50bf1fe6,7ac5f2ed7f8b920df52a4e1cde4f3ee8f80b69a8208c8d8579b1925f9a445627,1,38263ca87869d8ac66769e9d97d50082866a8c2ab16a53878e0095b0b893cbaf,7.63833440942108e-14,6.1098639
1411,MC1_K2_N2_L8_SP10_P1_R02,28cd84fea517d85d7970ffae731476aebfb090325ceae7ea79a4209d5619795f,7ac5f2ed7f8b920df52a4e1cde4f3ee8f80b69a8208c8d8579b1925f9a445627,1,938499e69802e61c767970fa7e2ce4a92f514052c361eb4d4bb28f263e5dac9f,3.90798504668055e-14,5.9740852
1412,MC1_K2_N2_L8_SP14_P1_R02,1b520d2b0f2bc355547250cf519f1882db9eea9be2161387a98ea7c847cbf0c0,7ac5f2ed7f8b920df52a4e1cde4f3ee8f80b69a8208c8d8579b1925f9a445627,1,667b6008545cf1c05958dd8b4c7c8a3b406268639a5fa7e30d55dec8be6a66f3,2.30926389122033e-14,6.0036208
1413,MC1_K2_N2_L8_SP18_P1_R02,e88570cb416149d8d7c652e3978e6b9c190ce8a7c626c0740f703d91d4a608fc,7ac5f2ed7f8b920df52a4e1cde4f3ee8f80b69a8208c8d8579b1925f9a445627,1,c1db6cddbb02d2373c82ad84b36616dbb2eb7cdc0e1f5ca50c5f2ad0ec920d0f,7.105427357601e-15,5.989191
1414,MC1_K2_N2_L8_SP22_P1_R02,b69a2a52def1bfbda7a2961a6ef0e066be660e53ebd56d234be5b95125733860,7ac5f2ed7f8b920df52a4e1cde4f3ee8f80b69a8208c8d8579b1925f9a445627,1,86c739db701a260ddac232c4a160f407ae9dbe07d6ae40d79b98ed4f0e74f007,1.06581410364015e-14,5.9655734
1415,MC1_K2_N2_L8_SM6_P1_R03,909224493ffe574cfb9008d66aa84df4c374d2e590f672c96a8a6b6754053fd6,7ac5f2ed7f8b920df52a4e1cde4f3ee8f80b69a8208c8d8579b1925f9a445627,1,792c037b660a1a6e261c199e7fe328dea0094ab4242906358b959e66bc664114,4.08562073062058e-14,4.9207966
1416,MC1_K2_N2_L8_SP0_P1_R03,aecaa7d974de85c577f3b3891fb5f2dcd4ec1330cf2cf543ca240ae62f7a18ab,7ac5f2ed7f8b920df52a4e1cde4f3ee8f80b69a8208c8d8579b1925f9a445627,1,89168e0e29991dc19a1f2e23dec6a3c332a090e54aced918e4fcf5621d61b4fc,6.75029226587301e-15,5.6298411
1417,MC1_K2_N2_L8_SP6_P1_R03,d70d21f8eaf996b1bd779596b538b5970785fb6cee521043d32e70895e9ba2ba,7ac5f2ed7f8b920df52a4e1cde4f3ee8f80b69a8208c8d8579b1925f9a445627,1,304301e17aa0932978f9bc4a6fe4ab01c72bcfcadd168614a9887f182f1a58f6,7.63833440942108e-14,3.5999699
1418,MC1_K2_N2_L8_SP10_P1_R03,e50f069c3136f75e3106075c9d99b42c7f453a751af9bfbca8cb0752faabe684,7ac5f2ed7f8b920df52a4e1cde4f3ee8f80b69a8208c8d8579b1925f9a445627,1,d614e741b0f3e33f33671e42e71cd591567e84efb23c082df4f61b5aa10eda94,3.90798504668055e-14,5.7703075
1419,MC1_K2_N2_L8_SP14_P1_R03,bf683d66e3b342be2e78d46615a47234a143636d7193ac62d9d3ec3c03565818,7ac5f2ed7f8b920df52a4e1cde4f3ee8f80b69a8208c8d8579b1925f9a445627,1,ccad9cbb8a714672bbf3bc8ddd699040ce4470a905be0a47ad877aadff5f7785,2.30926389122033e-14,6.1239058
1420,MC1_K2_N2_L8_SP18_P1_R03,479c555b801e9d2d06becb7ab62cfc84466638c94d892304bd9189d054182a7b,7ac5f2ed7f8b920df52a4e1cde4f3ee8f80b69a8208c8d8579b1925f9a445627,1,16c8d1abcdec49f1169f155c1e2ae8caac965e824d2751a6f896bd577721a62a,7.105427357601e-15,6.0717335
1421,MC1_K2_N2_L8_SP22_P1_R03,3dc201407cb44c5b27c961c69c74b5bc8d60acbf8976fa5efad57b3494cae340,7ac5f2ed7f8b920df52a4e1cde4f3ee8f80b69a8208c8d8579b1925f9a445627,1,150b19994307064551c38121014ea0edeab8083514cf389bdfc2cbf01e641cc5,1.06581410364015e-14,6.1946065
1422,MC1_K2_N2_L8_SM6_P1_R04,1549441db99a83b64634a8b330f9db642bdd00970573f6b41285ada857073768,7ac5f2ed7f8b920df52a4e1cde4f3ee8f80b69a8208c8d8579b1925f9a445627,1,7b49d58c4865db25fb6aff8d0dac296d654b60790ef3c9dab0a09cf0a493be21,4.08562073062058e-14,2.8570001
1423,MC1_K2_N2_L8_SP0_P1_R04,7db8f6aabf0433a48afe0c1412b81788460790a20116317d5b2959204da08c88,7ac5f2ed7f8b920df52a4e1cde4f3ee8f80b69a8208c8d8579b1925f9a445627,1,6f24eeb6a7450117298bc52841fe0b242a9748d5753263feae5635d81cbbba0d,6.75029226587301e-15,3.6126838
1424,MC1_K2_N2_L8_SP6_P1_R04,92dc5f7e978c0b94c7f3c4e2c3eda7ed7f44c76f2fbbbdcd6f83d05e9db3fa42,7ac5f2ed7f8b920df52a4e1cde4f3ee8f80b69a8208c8d8579b1925f9a445627,1,9b5a5ea0762abcbd85d3fd0b34feb0764b191603306952f92eab107ba848febb,7.63833440942108e-14,4.6494652
1425,MC1_K2_N2_L8_SP10_P1_R04,8d2589d4af45386528e0e6698b059cb1c3c5d92e1edba3c63b1650b0b9c76adf,7ac5f2ed7f8b920df52a4e1cde4f3ee8f80b69a8208c8d8579b1925f9a445627,1,0a26b35a7787ea3ecbe8e0173ea0583c38d43c611d41df60fa17a8ff9947c690,3.90798504668055e-14,6.1362969
1426,MC1_K2_N2_L8_SP14_P1_R04,38d9ab3e7d18fefa07650b5d621533581506d43f99b300b4d2df922deb80eba5,7ac5f2ed7f8b920df52a4e1cde4f3ee8f80b69a8208c8d8579b1925f9a445627,1,481d7d977ba7274cd6c143321cccfd52d2fe4a60387135f2df7c9b5bc11ed771,2.30926389122033e-14,6.1243599
1427,MC1_K2_N2_L8_SP18_P1_R04,d0d2994b548816d15bc74ae32c987c00bdf594b4751c053f46a41db2a195328b,7ac5f2ed7f8b920df52a4e1cde4f3ee8f80b69a8208c8d8579b1925f9a445627,1,3147ff40934b525a46fa820abe13e48ff8a28204af38f16431f108fe8b82c624,7.105427357601e-15,6.0957461
1428,MC1_K2_N2_L8_SP22_P1_R04,b4a3446e7504878408c0d6e7635589c477c9b6f264407b845156ec9850b42241,7ac5f2ed7f8b920df52a4e1cde4f3ee8f80b69a8208c8d8579b1925f9a445627,1,344a5926a3e5d54f6f721207f631e3d0c24ebc838f727955aabfe85f318dfce9,1.06581410364015e-14,6.0401867
1429,MC1_K2_N2_L8_SM6_P1_R05,8f671afa5a244202561a26978fd6859e6338a6437e9af3f9dc9c99f0792261b3,7ac5f2ed7f8b920df52a4e1cde4f3ee8f80b69a8208c8d8579b1925f9a445627,1,c99eb45d865b56ec558d150134eca8c9c651c9a8873fd9f9537c562469ef63a9,4.08562073062058e-14,5.043085
1430,MC1_K2_N2_L8_SP0_P1_R05,9475d5e7d8d265e67ade1e386632acb54645cb128f14b3134b2bc13f66bfddac,7ac5f2ed7f8b920df52a4e1cde4f3ee8f80b69a8208c8d8579b1925f9a445627,1,4b5fb11df1077ac7e45a5af81d1dfaca5f4681251ec5ed03045e0aa7f21bf4ec,6.75029226587301e-15,5.7508164
1431,MC1_K2_N2_L8_SP6_P1_R05,795cd360456d7871f0986cf691ae966ba7b57640ce80224465bbf0b9cd1dc0a3,7ac5f2ed7f8b920df52a4e1cde4f3ee8f80b69a8208c8d8579b1925f9a445627,1,f7ed90f6184dc2dd0ceef7422fa04e9178bfead3dea52a8bb48e1efc4480036c,7.63833440942108e-14,6.0884576
1432,MC1_K2_N2_L8_SP10_P1_R05,45d5bcb3685acefaa5a06dfe0c366986b670be9ab3961438faf58d58878a148f,7ac5f2ed7f8b920df52a4e1cde4f3ee8f80b69a8208c8d8579b1925f9a445627,1,ec61e0d1b77fe627709b91a2e60fe8cb07d4a0b75afa52cbad4487e1d1fa3613,3.90798504668055e-14,6.6667238
1433,MC1_K2_N2_L8_SP14_P1_R05,0ba5aeaf35bbeafced9b3cafa8723869b189bdb63a2b811cede5779ef7ec0622,7ac5f2ed7f8b920df52a4e1cde4f3ee8f80b69a8208c8d8579b1925f9a445627,1,c84d21e9d30c0983695d87ab277e65502d3ea905a9f5544e6f74f5c37559b5be,2.30926389122033e-14,5.8595722
1434,MC1_K2_N2_L8_SP18_P1_R05,f861502bf12a73c6e30e332e51b322e21f27ad3f0f529215ea22e791c9b32f0d,7ac5f2ed7f8b920df52a4e1cde4f3ee8f80b69a8208c8d8579b1925f9a445627,1,a1045d29425b0d0cc4d6939af1bb30ec980fa8922f61b410b7c64168e38fe0a5,7.105427357601e-15,5.8922328
1435,MC1_K2_N2_L8_SP22_P1_R05,ab4cb49ada5dd64de89b1acca69c7bfdf8645baa684f9dcb906ba60ad6ff8db0,7ac5f2ed7f8b920df52a4e1cde4f3ee8f80b69a8208c8d8579b1925f9a445627,1,3dc73efc94b4aa82b283954b397d48d41e6dcbb906d9087e0dd5a8191f1bc1ac,1.06581410364015e-14,5.9853151
1436,MC1_K2_N2_L8_SM6_P1_R06,b385b6d7e8e0539c5e7b23ef86d75622aa1f59f305288c6021eb135606aff9c4,7ac5f2ed7f8b920df52a4e1cde4f3ee8f80b69a8208c8d8579b1925f9a445627,1,0a35f102af4d599ed20442bc42641a3a8eb9889ab1e60ecadaf8943c47932f0a,4.08562073062058e-14,3.0110442
1437,MC1_K2_N2_L8_SP0_P1_R06,fb9738600a1db611bfd8d7b7583aa432426c1aa8a811754b8dbe7fd0900701c3,7ac5f2ed7f8b920df52a4e1cde4f3ee8f80b69a8208c8d8579b1925f9a445627,1,8338c20f518c08fd37e2006cf62b6eed4beaef6ed34c6913a877c82de993ff13,6.75029226587301e-15,3.9599103
1438,MC1_K2_N2_L8_SP6_P1_R06,f21a34b9fe8fa47d3395af849f580bbb4a6b9a90e584020cc3041161ee33ecd9,7ac5f2ed7f8b920df52a4e1cde4f3ee8f80b69a8208c8d8579b1925f9a445627,1,a3af7498f6a78a60ea29c39b8f6e5d8d07b73c94fbe881593532f130029e6f9e,7.63833440942108e-14,3.6143184
1439,MC1_K2_N2_L8_SP10_P1_R06,2aafb3ff0399110743fc996f33973a33e8a143645378440f92c2a1b7d0555ac8,7ac5f2ed7f8b920df52a4e1cde4f3ee8f80b69a8208c8d8579b1925f9a445627,1,c2aa342a7bd7ed5ee394bd086c516c37bb21eea78e7983bda804ccf072653c06,3.90798504668055e-14,5.5786013
1440,MC1_K2_N2_L8_SP14_P1_R06,d6c9c5d0b33689eeecd28e1280b2273bc3486af8d60fd4afc9449f0742663f7e,7ac5f2ed7f8b920df52a4e1cde4f3ee8f80b69a8208c8d8579b1925f9a445627,1,ac481e2926de0dadc22e109f598f1169bb99c9c4989493dfb5f1c1e90aa0fe50,2.30926389122033e-14,6.1394543
1441,MC1_K2_N2_L8_SP18_P1_R06,b0398b4347189dd635b0b90cdd5426a9e6642e160ebb549fe4d71bd864f9470e,7ac5f2ed7f8b920df52a4e1cde4f3ee8f80b69a8208c8d8579b1925f9a445627,1,952b10f93a48254b237282e3b3fdb2d61494e944c7db47534c19e1a44ac5153a,7.105427357601e-15,5.9809861
1442,MC1_K2_N2_L8_SP22_P1_R06,e362fd15fed09f051d4f28d98e49bfa55c91948257d4c1d29116ba0b83655ea6,7ac5f2ed7f8b920df52a4e1cde4f3ee8f80b69a8208c8d8579b1925f9a445627,1,7b5c13ead35b015022870f59b67434f46cc5ff48a9c9ed2359c63890e0335e3e,1.06581410364015e-14,6.316949
1443,MC1_K2_N2_L8_SM6_P1_R07,c344219a70910d48638afd082e4bb2e3245c16b96133ec4e13be803188a121d9,7ac5f2ed7f8b920df52a4e1cde4f3ee8f80b69a8208c8d8579b1925f9a445627,1,0c9c33f20d6a478e378da04c351930e0d12135c3626132fca7cfaf920b410da1,4.08562073062058e-14,5.2558817
1444,MC1_K2_N2_L8_SP0_P1_R07,c480108f698d8edc04726c12f8d699fb29c8dbc0e5e33808700bdf8b7c37eced,7ac5f2ed7f8b920df52a4e1cde4f3ee8f80b69a8208c8d8579b1925f9a445627,1,b202178e9a8e2261c7056616fecc803431452525b9004dde30d22e4b0c64e9ee,6.75029226587301e-15,5.9950339
1445,MC1_K2_N2_L8_SP6_P1_R07,d428035f533e00baba47a389ec4f496d0c5efd08fad6acdd9b8db29324ad59d0,7ac5f2ed7f8b920df52a4e1cde4f3ee8f80b69a8208c8d8579b1925f9a445627,1,e813cccf2b727f85de2b267ffb2eb8061a123dfe2a19aa8ca5e6d3c4f414046b,7.63833440942108e-14,6.3823504
1446,MC1_K2_N2_L8_SP10_P1_R07,f3b30f2e6d377491bbe804855412bc7e2a1d3113ba2e5ec6c4ff2f872cfaef9f,7ac5f2ed7f8b920df52a4e1cde4f3ee8f80b69a8208c8d8579b1925f9a445627,1,b004e27993b28e04a715c261fe6eb2188ba45353804c6725d13e990bb3840878,3.90798504668055e-14,6.4371024
1447,MC1_K2_N2_L8_SP14_P1_R07,cbf95d9afb2be88e02ed5c27ee9b232f5efae81ac3ae3ce82c4418a841f7ce6c,7ac5f2ed7f8b920df52a4e1cde4f3ee8f80b69a8208c8d8579b1925f9a445627,1,1e51d26ec27362d496a9e06e12f58abfa6d83246006f94c802434659146df6df,2.30926389122033e-14,6.9193672
1448,MC1_K2_N2_L8_SP18_P1_R07,d1375cd5c23743e0054268ce55cdea9994eadeaf8e12bdeffdfebdcfa49cd7b3,7ac5f2ed7f8b920df52a4e1cde4f3ee8f80b69a8208c8d8579b1925f9a445627,1,e304f5081fdb889aba641ecd3320c8ae18d07b953e9ea3a04adde58cd35d315d,7.105427357601e-15,6.7625914
1449,MC1_K2_N2_L8_SP22_P1_R07,9072fee8ce4c4c094fb588fbe99b2574ae2287c59c598ae0b2463f3378c812c6,7ac5f2ed7f8b920df52a4e1cde4f3ee8f80b69a8208c8d8579b1925f9a445627,1,d126243fe74797741cffc52c0f733578b761fe94cd685c8a017946ad746f9243,1.06581410364015e-14,6.5612977
1450,MC1_K2_N2_L8_SM6_P1_R08,b771def74811e8cc0838e24838f9a5b20fbe1ac10317b7645ec32545c53e7afa,7ac5f2ed7f8b920df52a4e1cde4f3ee8f80b69a8208c8d8579b1925f9a445627,1,835ec4107e19543cee162df5c3fa9ba5dba849036c6b6f1bdc76926e7c7869d9,4.08562073062058e-14,2.7445469
1451,MC1_K2_N2_L8_SP0_P1_R08,d5f7ac3a4f8149cc5d9ccb3910ece1b6c5cd5ce23c4c6a614af034a258eae9bc,7ac5f2ed7f8b920df52a4e1cde4f3ee8f80b69a8208c8d8579b1925f9a445627,1,3986de0ada87cfa2ed7294f1c2c758eda8ecd516fb2e4693aaa94bf3045bb10d,6.75029226587301e-15,4.2276641
1452,MC1_K2_N2_L8_SP6_P1_R08,b7c0eb7f0d2e97fbfe92732104dbaef3d4c07cd1a1e1c8e08d6a1bf0332692d4,7ac5f2ed7f8b920df52a4e1cde4f3ee8f80b69a8208c8d8579b1925f9a445627,1,b13449cf859d248e72492aab7d243798fb7e39a4dd6c4e675ff3feb3c20d6d54,7.63833440942108e-14,10.0505815
1453,MC1_K2_N2_L8_SP10_P1_R08,af544ed2b229f04e22d3b4f85eab892e050cb6faab6132b145eef8f358b32093,7ac5f2ed7f8b920df52a4e1cde4f3ee8f80b69a8208c8d8579b1925f9a445627,1,c64abe27492b42a338e802d5b6a5c1067cce9deffa089c8f4e5bbc54a96e306c,3.90798504668055e-14,9.8204923
1454,MC1_K2_N2_L8_SP14_P1_R08,110e563507cf2eef66de968669f2dd18ac91c1df979875912e7947f447d74400,7ac5f2ed7f8b920df52a4e1cde4f3ee8f80b69a8208c8d8579b1925f9a445627,1,c71438f2adc39cb187c145ba8521350984623a3933660d6935fcd1aee714b54f,2.30926389122033e-14,8.7488096
1455,MC1_K2_N2_L8_SP18_P1_R08,c662f45b8269ebcc906cc15050b2830a1d34531231451d174a6f29d954c77124,7ac5f2ed7f8b920df52a4e1cde4f3ee8f80b69a8208c8d8579b1925f9a445627,1,b9493f712cc39eff94ffe9480e5c976eba9755afdfa09800d7dd230db166012a,7.105427357601e-15,8.1904621
1456,MC1_K2_N2_L8_SP22_P1_R08,fc15aa9cee7fb49cfd38ee15d586587d384d00927ac4b873c382533924297569,7ac5f2ed7f8b920df52a4e1cde4f3ee8f80b69a8208c8d8579b1925f9a445627,1,077291d7a6fec18a41f2df37e0b8ea401ad0dfad395cf15fca0a1563b7bedabf,1.06581410364015e-14,8.4207486
1457,MC1_K2_N2_L8_SM6_P1_R09,a4bc234050c1c140e727223c9e020e039244677abc5cc1b231e791131c8a46d6,7ac5f2ed7f8b920df52a4e1cde4f3ee8f80b69a8208c8d8579b1925f9a445627,1,d68016e79170fa2ee63522e74848c69bfe7efe8cab03977a4783d7c51f5d6f8e,4.08562073062058e-14,6.926629
1458,MC1_K2_N2_L8_SP0_P1_R09,4a32e88caa0a88a2491fba03f30f144523cc7e8212d371cf29ba4e4bee9c69de,7ac5f2ed7f8b920df52a4e1cde4f3ee8f80b69a8208c8d8579b1925f9a445627,1,7df5981e19adb9e8f40e9fa666aa9e209915c683ace81852df2264529cb8b5d2,6.75029226587301e-15,8.87006
1459,MC1_K2_N2_L8_SP6_P1_R09,e2a3b450b23b644dd13d54f3246c7c58fa074b6da446e1d6bb99dfd2fc8a8712,7ac5f2ed7f8b920df52a4e1cde4f3ee8f80b69a8208c8d8579b1925f9a445627,1,9c0f6172b934e508790e9375583512cd16d9f909ae858ecb5c2f61a6dda992a8,7.63833440942108e-14,8.582337
1460,MC1_K2_N2_L8_SP10_P1_R09,992b6fded743c81f154cdc2067d4573d9cb02ad0afafe130d11d225319e339ed,7ac5f2ed7f8b920df52a4e1cde4f3ee8f80b69a8208c8d8579b1925f9a445627,1,c6a34b9c69db4836eda457f7d594a6f21d3f1bc1467b43bb3dd958ad357ef3f3,3.90798504668055e-14,8.6097208
1461,MC1_K2_N2_L8_SP14_P1_R09,7d2c6126dcb206ae665d725a48c17ac8dd1f1878a4c672bd108f5b15e6c47a20,7ac5f2ed7f8b920df52a4e1cde4f3ee8f80b69a8208c8d8579b1925f9a445627,1,bef4da2c944a4e818d2bac6f5aee8f31444f40c0720f90014fd74f36755101aa,2.30926389122033e-14,8.5207448
1462,MC1_K2_N2_L8_SP18_P1_R09,1e3116b438f487893ed6ccd5a90f11d235284b895a289f750b248520ddc34f7f,7ac5f2ed7f8b920df52a4e1cde4f3ee8f80b69a8208c8d8579b1925f9a445627,1,28ad26c7ce99135f79f3f67c55c3c5cf3151d896a706eba2c8e003c788e61cc5,7.105427357601e-15,8.5446345
1463,MC1_K2_N2_L8_SP22_P1_R09,40c25e9da2075cfd2af0abb0615360b3e0d4779b74755543bac1547c979d44c0,7ac5f2ed7f8b920df52a4e1cde4f3ee8f80b69a8208c8d8579b1925f9a445627,1,fb18c6d3d2c9eba059b0ae916ba57eab5520d8cc9c8db3b4b7bc11627f143c4a,1.06581410364015e-14,8.5062964
1464,MC1_K2_N2_L8_SM6_P1_R10,dd70a1b871bf0a3ac941c73eab5f3fdd0a57d00beac37d5e8ae20110cb280d78,7ac5f2ed7f8b920df52a4e1cde4f3ee8f80b69a8208c8d8579b1925f9a445627,1,704909bc937047ac5e202e3c77f7f52482c088c67cc93557042dfe3ca6e7840f,4.08562073062058e-14,8.4327629
1465,MC1_K2_N2_L8_SP0_P1_R10,33dff8d9b6bce5459df3b891543eb3fbda490abfaf044c8f4991795a5a721fcd,7ac5f2ed7f8b920df52a4e1cde4f3ee8f80b69a8208c8d8579b1925f9a445627,1,0c3d117c679932594e15adf1861055eccc027d5c222fd5aaf8137b272f71f28f,6.75029226587301e-15,7.003751
1466,MC1_K2_N2_L8_SP6_P1_R10,293e4ab56ad246b213c56ee34af132917e516f45b9d2b2f94bf1b04cae839695,7ac5f2ed7f8b920df52a4e1cde4f3ee8f80b69a8208c8d8579b1925f9a445627,1,3d7c34321da0fa75198f460d04a1060f9b058b60d6b014789890ebc9e7c0f69a,7.63833440942108e-14,8.9912068
1467,MC1_K2_N2_L8_SP10_P1_R10,af3bbe85241218abd6a476689516f9c3511a5305ee3faf5944c6634aab30da01,7ac5f2ed7f8b920df52a4e1cde4f3ee8f80b69a8208c8d8579b1925f9a445627,1,4d67bf0e1f00e3ef9042c38105723ea16663d1f2438d6f792237045c381b4ad6,3.90798504668055e-14,8.6289792
1468,MC1_K2_N2_L8_SP14_P1_R10,42e647cb5910df9019b10599b9cf085b3ddbbbbe9c17687d63c503803f9ceb41,7ac5f2ed7f8b920df52a4e1cde4f3ee8f80b69a8208c8d8579b1925f9a445627,1,f3c69e339f05ec666e4fe3dc2332a987d85b7a7263597deea76158649ae7f709,2.30926389122033e-14,8.6081187
1469,MC1_K2_N2_L8_SP18_P1_R10,8f7cc0535d76c551a32cda094b597b2ef328032f798d0c8c0999255950fbb557,7ac5f2ed7f8b920df52a4e1cde4f3ee8f80b69a8208c8d8579b1925f9a445627,1,e60d5d1bf96e438798df082ba9a6aed0f561c3a83324a85894804cfad252af6b,7.105427357601e-15,9.1893417
1470,MC1_K2_N2_L8_SP22_P1_R10,88094c3ed60064ea13d1ef64fec6c78b3db9ab09946456990ff5009ef67e1145,7ac5f2ed7f8b920df52a4e1cde4f3ee8f80b69a8208c8d8579b1925f9a445627,1,b51b92a8239e107e79318666a17bb93a435307b70aee5fcc730c1f84525f9916,1.06581410364015e-14,8.6967938
1471,MC1_K2_N2_L8_SM6_P2_R01,230c374bd1b259a167a21d6f584ebb4e2a799679ebe06b6a0d104acdb18d2e0f,7ac5f2ed7f8b920df52a4e1cde4f3ee8f80b69a8208c8d8579b1925f9a445627,1,b35756ae24dc6d33211b7ab5682b4df57b541facd0a240eb59c31edd335d4c7d,1.06581410364015e-14,3.9918235
1472,MC1_K2_N2_L8_SP0_P2_R01,41bb2cdf7d5f93dd12f9a6c4d448d6549095d6f52dcd2a334c1b6e372d354d27,7ac5f2ed7f8b920df52a4e1cde4f3ee8f80b69a8208c8d8579b1925f9a445627,1,07818d20d845780d8b66a6f11d07578eb25929998ec0376708299731dc5a3772,4.72520458611108e-14,5.4067248
1473,MC1_K2_N2_L8_SP6_P2_R01,b4e793c4ebd40a67a212e4fc64b9e97e30ed1cebf1b21584f162924270ed4410,7ac5f2ed7f8b920df52a4e1cde4f3ee8f80b69a8208c8d8579b1925f9a445627,1,bc5efd0c878f15c6d3797ee3e9bdea76a31569c6210d5f5c421b69d92d9bd193,2.48689957516035e-14,6.5271432
1474,MC1_K2_N2_L8_SP10_P2_R01,4a901e3ec7e240f4b4d7f4918d12a9eb0f57abc9760f82e7ae03f9ceb3e4b562,7ac5f2ed7f8b920df52a4e1cde4f3ee8f80b69a8208c8d8579b1925f9a445627,1,b1cf4ae936c3758a6186d6197f799658c142e265bb7a0f16a0b41d740f198d8b,6.75015598972095e-14,7.2191017
1475,MC1_K2_N2_L8_SP14_P2_R01,197ec9e5be6a2171b26958aa99fe408e38a51de459d62000276e5ecde869a618,7ac5f2ed7f8b920df52a4e1cde4f3ee8f80b69a8208c8d8579b1925f9a445627,1,67e4ecee30f22098023cad501f6a5e38b9d13b977cf6459d71e50712e2225404,1.77635683940025e-14,8.1399997
1476,MC1_K2_N2_L8_SP18_P2_R01,e663ab76c5998a19405f1110d264b7585ff46d4f502fa8857f0e0a469a0e79ab,7ac5f2ed7f8b920df52a4e1cde4f3ee8f80b69a8208c8d8579b1925f9a445627,1,aee43f19562dfa7c5e737ed309d9eeae9dbf5c4d4ba10e5975d2dc9372a77621,0,7.2235505
1477,MC1_K2_N2_L8_SP22_P2_R01,45a65fe35ea365f83200051623275994b649c775958372235c64c5773f4d2ef2,7ac5f2ed7f8b920df52a4e1cde4f3ee8f80b69a8208c8d8579b1925f9a445627,1,5031dc4e3a5164ddc6ccbd67b6b59a526105d594155da4ab43c160df537ae313,2.48689957516035e-14,3.3167343
1478,MC1_K2_N2_L8_SM6_P2_R02,a887e5f785a94b63b4ef5c660528015ba1881315d72b06ff95f874b33f768feb,7ac5f2ed7f8b920df52a4e1cde4f3ee8f80b69a8208c8d8579b1925f9a445627,1,d93c288ae4149f857a8486b2ddb6b54898c9bf5f0705f156b5df3e25fa2d8898,1.06581410364015e-14,4.2988312
1479,MC1_K2_N2_L8_SP0_P2_R02,9a04b551b408f34f3fa6b6643d399d47478319c22b9311056a71fab7e49c69f9,7ac5f2ed7f8b920df52a4e1cde4f3ee8f80b69a8208c8d8579b1925f9a445627,1,df60c6986f28706fa69b6a35fda3f43f7d51f8a389509f38a19c7f2a5c163ebc,4.72520458611108e-14,4.4101102
1480,MC1_K2_N2_L8_SP6_P2_R02,7647b5a4056347fc74f1be891928029a5903a9fc0b9bdda668a0cf12b61f90f3,7ac5f2ed7f8b920df52a4e1cde4f3ee8f80b69a8208c8d8579b1925f9a445627,1,71325e15a52ab89a4a39f1ef5989cd5f94a4efaf3f214500a5a27c3d0c9f1d42,2.48689957516035e-14,5.9834427
1481,MC1_K2_N2_L8_SP10_P2_R02,bf763acadd3e9706794c313dc604639fde3b4dc9e637e367a7cb67815c47cf9b,7ac5f2ed7f8b920df52a4e1cde4f3ee8f80b69a8208c8d8579b1925f9a445627,1,68a435d663c6e68c06b5fc28c52e5ae832dbdef7ba74bc4a82ce57deaafb9419,6.75015598972095e-14,8.7550872
1482,MC1_K2_N2_L8_SP14_P2_R02,77f8718f8080875d44cb52f9190296e0c0a2447d4c8f572ec12fb80911c5c459,7ac5f2ed7f8b920df52a4e1cde4f3ee8f80b69a8208c8d8579b1925f9a445627,1,9a9278eb654bfd42ec64bc00d22dd280ac4f498fe4870b5bac8a8c3fa83894dc,1.77635683940025e-14,8.0998479
1483,MC1_K2_N2_L8_SP18_P2_R02,7e71453394cdb2e86841412fda0bbbf9d4f6bce5cb7b1dd4d8c65257dcf35f5d,7ac5f2ed7f8b920df52a4e1cde4f3ee8f80b69a8208c8d8579b1925f9a445627,1,42f03f71715a3c9bf0100f6afb31516d306e14054b77177dac9bb247824b91c9,0,5.6454824
1484,MC1_K2_N2_L8_SP22_P2_R02,bf292381e1e8b3347ba5c27f336fccfb0fb8898102369f0cad6d2000243f5fcd,7ac5f2ed7f8b920df52a4e1cde4f3ee8f80b69a8208c8d8579b1925f9a445627,1,5fd1a79ac77301f918fddf1b395ad3175adc5818cf81622962f84f37a130d269,2.48689957516035e-14,6.096131
1485,MC1_K2_N2_L8_SM6_P2_R03,a2e85d569f816347be1323d9b1a37c95afbfe4d16a7663e1e8c97ee3c0ae07ce,7ac5f2ed7f8b920df52a4e1cde4f3ee8f80b69a8208c8d8579b1925f9a445627,1,7c29d9de17786850662d7b8948234d975f03e2ed5848fea2c41f8d4b352b894a,1.06581410364015e-14,5.1116701
1486,MC1_K2_N2_L8_SP0_P2_R03,0c1ad03663318470fb9727676921ac429ce86d9dacb3e15094453717094db07a,7ac5f2ed7f8b920df52a4e1cde4f3ee8f80b69a8208c8d8579b1925f9a445627,1,26d99ff4766f2ea388655526042b25dcc4c654ae1d5e1483767b7d627f07c861,4.72520458611108e-14,8.0739065
1487,MC1_K2_N2_L8_SP6_P2_R03,c9335f42394a58a5ddc727b0f248d3e86069604141cabc7a63ecdd77200289a0,7ac5f2ed7f8b920df52a4e1cde4f3ee8f80b69a8208c8d8579b1925f9a445627,1,156249dfc4644b72124af55df34217e30595a49b5d972ae425a5470e7440b8c0,2.48689957516035e-14,7.5393519
1488,MC1_K2_N2_L8_SP10_P2_R03,368f4c3f1bf5538e2d5840ab0a4523ea69173299fc286317eb86f98da5b25a71,7ac5f2ed7f8b920df52a4e1cde4f3ee8f80b69a8208c8d8579b1925f9a445627,1,d39469f2d56c451efb029be3922eba9f9204d2fee6c94079051fdc27df6d4c0c,6.75015598972095e-14,9.0021168
1489,MC1_K2_N2_L8_SP14_P2_R03,d3c1efc90e9be359cd38b1d8a138e446a15c8968abb32fdb3d00a886c1bdcc54,7ac5f2ed7f8b920df52a4e1cde4f3ee8f80b69a8208c8d8579b1925f9a445627,1,0fd597a28b969827034893e10fdd58f21fcaff68604c535a322b8753e6d2b4d5,1.77635683940025e-14,6.8449758
1490,MC1_K2_N2_L8_SP18_P2_R03,3284e59bbc6ef28e94b6e910eea500b72d7fb9e9d64593a6caf28cb783f0cd30,7ac5f2ed7f8b920df52a4e1cde4f3ee8f80b69a8208c8d8579b1925f9a445627,1,58ce856c3ac5af76d82cb93a169bca5cb0115df41325d5e4626af7bf34229fc0,0,6.599197
1491,MC1_K2_N2_L8_SP22_P2_R03,386b557a147d88fc79a24333d0a7ff1c6caadc6a726572ec588983d177ae15e9,7ac5f2ed7f8b920df52a4e1cde4f3ee8f80b69a8208c8d8579b1925f9a445627,1,c5f2a7f0d91871499d6e6b312c2e8617bb8b10f34dd9988495166bb646377795,2.48689957516035e-14,6.496325
1492,MC1_K2_N2_L8_SM6_P2_R04,1825a5a795bb1742923005292cddfcdc83f03b4678dc3e18acbb7cfa45464036,7ac5f2ed7f8b920df52a4e1cde4f3ee8f80b69a8208c8d8579b1925f9a445627,1,571debbaa21a9f0334e35422c16cd29f91d9bece18ade16e34fa97dcdbea7de3,1.06581410364015e-14,5.4606577
1493,MC1_K2_N2_L8_SP0_P2_R04,430b48c12655516de500c5bf358115d521889e71385e37d9086c03aa8076d6cf,7ac5f2ed7f8b920df52a4e1cde4f3ee8f80b69a8208c8d8579b1925f9a445627,1,e0a0632e4c7a06b8faf52e074cfd98821203d0682cf71aa6896beb137e980dc7,4.72520458611108e-14,5.7070585
1494,MC1_K2_N2_L8_SP6_P2_R04,8c761fd77e94e05d7abc206176e8b06965dc27ab20792c76e49d59a92d638cdb,7ac5f2ed7f8b920df52a4e1cde4f3ee8f80b69a8208c8d8579b1925f9a445627,1,4729fa151e9cb1a26794a726628b1763fcd2a80d2cc1457caa46a25d4c5e0136,2.48689957516035e-14,7.4172274
1495,MC1_K2_N2_L8_SP10_P2_R04,50194585116d5c05ed781142256c42585acd3786a75e565aae8ecc7ffd629134,7ac5f2ed7f8b920df52a4e1cde4f3ee8f80b69a8208c8d8579b1925f9a445627,1,0281fde1f29b991bd08a0cf0c37aedcb5f055f55f0ee16ad26151edd43e401f0,6.75015598972095e-14,5.6919921
1496,MC1_K2_N2_L8_SP14_P2_R04,24d099a950372bc165e0b4911ff329ffa61a4270006ecffc5006887f21a5a9ce,7ac5f2ed7f8b920df52a4e1cde4f3ee8f80b69a8208c8d8579b1925f9a445627,1,206d316e29b5167e620c8e54e5676ec3fbf5971aef8ce2efafa3d5a574c76efc,1.77635683940025e-14,4.1068265
1497,MC1_K2_N2_L8_SP18_P2_R04,16cf8e5575ba21ca6fb5bbf0c0afcb39615e70f3e0f50bd63cc2ff0171afa3e4,7ac5f2ed7f8b920df52a4e1cde4f3ee8f80b69a8208c8d8579b1925f9a445627,1,2f017db6e74a841cd0bc03f2c57597436b9fcda33279d3c7ae0b412d6c549f62,0,4.0080913
1498,MC1_K2_N2_L8_SP22_P2_R04,cac730d7330b902c9b84674079f4299ea27536386d96a6c64cbd7782f04c1254,7ac5f2ed7f8b920df52a4e1cde4f3ee8f80b69a8208c8d8579b1925f9a445627,1,8f607edddd967dc2bd9b73238776e3888ef98608401134e86926f9f3a7fba351,2.48689957516035e-14,3.1396862
1499,MC1_K2_N2_L8_SM6_P2_R05,723063e839eaa7f1bdbf6520723d625962e03b9b0867089e61e53d9044d94cdc,7ac5f2ed7f8b920df52a4e1cde4f3ee8f80b69a8208c8d8579b1925f9a445627,1,aa1162dbccd991c1ba456cd849b6854cadbfb966f3469f45cae3e3cd9e066fc7,1.06581410364015e-14,3.8762356
1500,MC1_K2_N2_L8_SP0_P2_R05,fba675267b52674a9b8f59a62879216f5e53b0bd299dec62cebd05179eab88f0,7ac5f2ed7f8b920df52a4e1cde4f3ee8f80b69a8208c8d8579b1925f9a445627,1,f6f49d0a35490d48ce688f059a5a017c03287efac00c6530c1655ae5c1384824,4.72520458611108e-14,4.3674236
1501,MC1_K2_N2_L8_SP6_P2_R05,02efbc61a13437294ad6fb0ef9af2099f9636443dcf30eb4a37e26212e4f90bd,7ac5f2ed7f8b920df52a4e1cde4f3ee8f80b69a8208c8d8579b1925f9a445627,1,b6001682649120e7873955537e0fef12cece2fd231adc881f79a35f1c0208181,2.48689957516035e-14,6.4013788
1502,MC1_K2_N2_L8_SP10_P2_R05,3c7a42a039127be4ad5006a79ac3a4aac658e3af70127f5100078c9c8caa2485,7ac5f2ed7f8b920df52a4e1cde4f3ee8f80b69a8208c8d8579b1925f9a445627,1,b55ef90b1127613b25a06c613ef36dbf89e6204190f04e1dc4c5c095ab1645c8,6.75015598972095e-14,6.5486163
1503,MC1_K2_N2_L8_SP14_P2_R05,6a40064a0b86e7a9df902911c2563d7acf9a959d8332ce8c70069d37ff35b35b,7ac5f2ed7f8b920df52a4e1cde4f3ee8f80b69a8208c8d8579b1925f9a445627,1,f928919a758085492599d939fd18d27aa3853d23aa0cac8508c20a2f9f326ee8,1.77635683940025e-14,5.9952041
1504,MC1_K2_N2_L8_SP18_P2_R05,663cded8047dd38f47904ee5beca2cbc10a0f9b95da5c132a7e980becddb97f0,7ac5f2ed7f8b920df52a4e1cde4f3ee8f80b69a8208c8d8579b1925f9a445627,1,cfa18b04d131f5121ea920f80434e56a3672ad05fe46448c25aa62ed99497796,0,6.0461085
1505,MC1_K2_N2_L8_SP22_P2_R05,b447337c54fbedbb9aa32de2b12b0574f9b8b18ddb9168e50f996cfece52c357,7ac5f2ed7f8b920df52a4e1cde4f3ee8f80b69a8208c8d8579b1925f9a445627,1,092b0fbbb6e3af87ce551d76bd16799600fcf60aea397bb98da1246a63be7cf9,2.48689957516035e-14,6.1652077
1506,MC1_K2_N2_L8_SM6_P2_R06,d9593c17ab33fc6fae6a003c321c3e4bb108714fd1412809fc52e4d344908635,7ac5f2ed7f8b920df52a4e1cde4f3ee8f80b69a8208c8d8579b1925f9a445627,1,bf2cc01213c5c4ad8c6a727fa57aa36ced54530dcd7b803da7f928608c77cc62,1.06581410364015e-14,3.4131989
1507,MC1_K2_N2_L8_SP0_P2_R06,510ee73079fa1f39f3e72b2a9dfc1280097b08505a601b6c2a8aabb00c32695f,7ac5f2ed7f8b920df52a4e1cde4f3ee8f80b69a8208c8d8579b1925f9a445627,1,4daf189200d14d4d9fbba288e85d6086cc72bde0bdad817f9da71d596b27f164,4.72520458611108e-14,5.2450112
1508,MC1_K2_N2_L8_SP6_P2_R06,94ce542e3f2de492a9f61268edf86b33fa859822b0f3d0d396cb4deca526964d,7ac5f2ed7f8b920df52a4e1cde4f3ee8f80b69a8208c8d8579b1925f9a445627,1,219ee3ef52cb4e5e7207b1bda16b0d7fdc888c8e063da09b9aaf3e2e734208fc,2.48689957516035e-14,5.4829936
1509,MC1_K2_N2_L8_SP10_P2_R06,ff45f7e808b7e832da72dae72c08ae6db968bde3d07fd982f42b951748263e4d,7ac5f2ed7f8b920df52a4e1cde4f3ee8f80b69a8208c8d8579b1925f9a445627,1,d4d479b34810d1028631549c0b10769dc8b943d2aa34a8567496a413c17bae5f,6.75015598972095e-14,6.1561985
1510,MC1_K2_N2_L8_SP14_P2_R06,a3fe521ca455eb70e9485e2fc50558476cde8c22a22297320afb1d08a9fd7b0e,7ac5f2ed7f8b920df52a4e1cde4f3ee8f80b69a8208c8d8579b1925f9a445627,1,c37586534d7c8624cc9e2876cfc4dc779b2def7ad42e20bc8d205e129e02e12e,1.77635683940025e-14,4.8404682
1511,MC1_K2_N2_L8_SP18_P2_R06,a118524b3305f9e78abb935e287f3d1dbccc9f0fc4d080c8182e2cf96ce51a2f,7ac5f2ed7f8b920df52a4e1cde4f3ee8f80b69a8208c8d8579b1925f9a445627,1,69c146c253e386195c1d6667642d30bb7b1bb0da2f59a4693f9545acee4091fc,0,4.924879
1512,MC1_K2_N2_L8_SP22_P2_R06,fa1a660771b038193e8c9259380d31df69d8841eaff8c9543bffc80929fb877b,7ac5f2ed7f8b920df52a4e1cde4f3ee8f80b69a8208c8d8579b1925f9a445627,1,6c11ba122c8f3d5bba902c56ae6773c417026abbbd0b941312e60ff4e82bcb5a,2.48689957516035e-14,4.8789026
1513,MC1_K2_N2_L8_SM6_P2_R07,dab3fcde6346f57f67782e4d24bdaaa04727e69a07be980c98b8af0249c0826a,7ac5f2ed7f8b920df52a4e1cde4f3ee8f80b69a8208c8d8579b1925f9a445627,1,e5f0ca3d790c3469b10ae8ee819d7b134ec2f4a298e8c4187fe1d8fd96aa01ad,1.06581410364015e-14,4.022591
1514,MC1_K2_N2_L8_SP0_P2_R07,5c8402b26a81e767b84fc55b9b3abbcbbbb6ea7747af3cfedf4e488a6263f140,7ac5f2ed7f8b920df52a4e1cde4f3ee8f80b69a8208c8d8579b1925f9a445627,1,ad9b07164aa0114dafc6cfb21a6954fac184f7b57fb6222855a837df5086754d,4.72520458611108e-14,4.4205265
1515,MC1_K2_N2_L8_SP6_P2_R07,ffea5dff660385bbec2624a4a732e99e2f0652fbca021cf9182cef909e6934de,7ac5f2ed7f8b920df52a4e1cde4f3ee8f80b69a8208c8d8579b1925f9a445627,1,6a396021986edc6eed674032eed31801fc5063ca45648edc9d94346bfaf9eb7f,2.48689957516035e-14,5.894533
1516,MC1_K2_N2_L8_SP10_P2_R07,a03120baf2b7fe6eaf83f89dfa53444c5688f2c49c62d557992a294f3e61b45c,7ac5f2ed7f8b920df52a4e1cde4f3ee8f80b69a8208c8d8579b1925f9a445627,1,f8097479c306d9ebb196c610efccf31a007f0f2a161c38050d75c3a996675a94,6.75015598972095e-14,6.1190385
1517,MC1_K2_N2_L8_SP14_P2_R07,9d87a27cbe955f5c727c80174418343a31d891a1dc191374797b351d877bb461,7ac5f2ed7f8b920df52a4e1cde4f3ee8f80b69a8208c8d8579b1925f9a445627,1,244f4a537c548834f418c5f1dc7cf71d4330250cec56797cf5a73e38bd74f9cd,1.77635683940025e-14,5.8125349
1518,MC1_K2_N2_L8_SP18_P2_R07,a8980e221fb045a1dc5c30688d45fa497a170418bd94864f96cdcd445fb37848,7ac5f2ed7f8b920df52a4e1cde4f3ee8f80b69a8208c8d8579b1925f9a445627,1,2e22062a2ebe1e6299ef5c59edd72916452f2c637f5df84ba687c340166cfcab,0,6.0631335
1519,MC1_K2_N2_L8_SP22_P2_R07,0d96a1f8cc515e1a99ad35e75351746565602a21595ae3ec4d6c03dbc599871c,7ac5f2ed7f8b920df52a4e1cde4f3ee8f80b69a8208c8d8579b1925f9a445627,1,77c6e221a27c448f38dfb8b082ad20761d1cfcb4d5490bd9ae73a47198639471,2.48689957516035e-14,4.7493345
1520,MC1_K2_N2_L8_SM6_P2_R08,ce5dae382f752080ffe74e5451708beb46312212d4d870ee28962daf96fcda92,7ac5f2ed7f8b920df52a4e1cde4f3ee8f80b69a8208c8d8579b1925f9a445627,1,7c60dfb445937975a5c06468e457b3ba42f6973566f30382fd2e90f7ccbc0f05,1.06581410364015e-14,2.8793384
1521,MC1_K2_N2_L8_SP0_P2_R08,2a1a6a153a6be248108dc441e4abff680e3ba99551dff9940a28c1a18e83edb3,7ac5f2ed7f8b920df52a4e1cde4f3ee8f80b69a8208c8d8579b1925f9a445627,1,3f11f8883fa2fbd7fdbb28e1755c1151b30453c4737cf48378348e9a5fcc6405,4.72520458611108e-14,3.1074991
1522,MC1_K2_N2_L8_SP6_P2_R08,59e58d345fb6c8338fa184b86792ce848f783c53b18f4da44dbc5231c0ae3ba5,7ac5f2ed7f8b920df52a4e1cde4f3ee8f80b69a8208c8d8579b1925f9a445627,1,701256dfcb03c1bffc7d174d2d79f36840bc64dfb9771efa3b3672e607aa1b26,2.48689957516035e-14,4.2578112
1523,MC1_K2_N2_L8_SP10_P2_R08,cc4e9823fe81d3a42292bb5797203634403813f34dad56e6ecf8ac2883a22cd7,7ac5f2ed7f8b920df52a4e1cde4f3ee8f80b69a8208c8d8579b1925f9a445627,1,e90dfca4bc6d7937350a797a507554e22a4350e5bef26d78c4f5901f8a7dd572,6.75015598972095e-14,4.9513908
1524,MC1_K2_N2_L8_SP14_P2_R08,7be88a735409924e99df78c0bad572f8eb7677045cbf73c550e82a6ded6f1459,7ac5f2ed7f8b920df52a4e1cde4f3ee8f80b69a8208c8d8579b1925f9a445627,1,d776ecb11b19621b8a41deda1064000c770f8289894dd87269b17b00a3813962,1.77635683940025e-14,6.2862791
1525,MC1_K2_N2_L8_SP18_P2_R08,be266e3e8a82fd622ebada0ae59d62139078efc23f83ea3772a3eef05b7c0597,7ac5f2ed7f8b920df52a4e1cde4f3ee8f80b69a8208c8d8579b1925f9a445627,1,8bbbef1f66516828a2fd50561e28bd91e22205dcc971f2cedebe13fc6812165c,0,5.3469294
1526,MC1_K2_N2_L8_SP22_P2_R08,69b359457bb14485226bfe658f132978120c108783b297138cd3ab9cd5c30af0,7ac5f2ed7f8b920df52a4e1cde4f3ee8f80b69a8208c8d8579b1925f9a445627,1,73b112a8578cb48dd5c00e5f800f944be7332a272f314d8280f3ddede16ee87a,2.48689957516035e-14,4.9868551
1527,MC1_K2_N2_L8_SM6_P2_R09,dd17eb2983783910143122f07230b50a60a26d4ec3c4779718e5d06218a5f2f5,7ac5f2ed7f8b920df52a4e1cde4f3ee8f80b69a8208c8d8579b1925f9a445627,1,645d945e38e6480a004805e97e722e30db1cba54e87b3b0eeab8848ebfc79da2,1.06581410364015e-14,2.3979376
1528,MC1_K2_N2_L8_SP0_P2_R09,a8c54885e9769fcb489334951ba8721c7e2ce4b3ff46e6cb11d8bd970938f883,7ac5f2ed7f8b920df52a4e1cde4f3ee8f80b69a8208c8d8579b1925f9a445627,1,8200c50471f2ea7b2e3e66dfac78eb4d72b100319eac0792e3c79d4e76de1b5d,4.72520458611108e-14,3.1766288
1529,MC1_K2_N2_L8_SP6_P2_R09,7a7ee87bf60ba41fe217917774d2ec2b0c95fcb67c4f0bd5cf1d30b83a228655,7ac5f2ed7f8b920df52a4e1cde4f3ee8f80b69a8208c8d8579b1925f9a445627,1,d3dfea09f825b605535da1f6135e894dce1f795527713d0e9b1fa02d88154e2b,2.48689957516035e-14,3.0281174
1530,MC1_K2_N2_L8_SP10_P2_R09,dda2ef03336a71d726d18a219388c86a09bc7fee7dcfc58d9befab6b4ade76da,7ac5f2ed7f8b920df52a4e1cde4f3ee8f80b69a8208c8d8579b1925f9a445627,1,cde2b5a3f7d9201b91ebdb31bebeb506529c19f2969b6bd6c00dac44d2ba95a4,6.75015598972095e-14,3.8871045
1531,MC1_K2_N2_L8_SP14_P2_R09,dd7bbf91ce08f698bc569efb52fa2480f48d25dcfee67c365fe24171f8cfb344,7ac5f2ed7f8b920df52a4e1cde4f3ee8f80b69a8208c8d8579b1925f9a445627,1,042874c3983674bed7a6f6b8bbb34a213cfd7e50a856a579424a7b6b9d7bb359,1.77635683940025e-14,5.7943079
1532,MC1_K2_N2_L8_SP18_P2_R09,b4c3009449ed5ad9fccf301e555d50b3f77b3fa4ad8c204eaff8b3257d1ebd94,7ac5f2ed7f8b920df52a4e1cde4f3ee8f80b69a8208c8d8579b1925f9a445627,1,e995e8b76d6de15debdfbb094b13d96107d3471ae256faae3185f018293744ff,0,6.0654615
1533,MC1_K2_N2_L8_SP22_P2_R09,c694fec08d2e4268a80e58dee198f897ec1a2097a8e9353eb9ccdae5777736ab,7ac5f2ed7f8b920df52a4e1cde4f3ee8f80b69a8208c8d8579b1925f9a445627,1,8f1f800eae9a52b5f3993fc9fafefca77cd1551786e62a059d66bc8d793b794f,2.48689957516035e-14,6.2176392
1534,MC1_K2_N2_L8_SM6_P2_R10,5446b20101b1cb8a9a0bd62a01fb794af8057a1b345d12405905ebfc89ef9d56,7ac5f2ed7f8b920df52a4e1cde4f3ee8f80b69a8208c8d8579b1925f9a445627,1,0f5033942ded71e006f4a045f96d7f5ff881a38fd0a2dda21b572fa8db58b078,1.06581410364015e-14,4.8101547
1535,MC1_K2_N2_L8_SP0_P2_R10,0f1da10f8134541234913ca8a2710035b1a6822a07ec7d8c0aaa2247e851f9a6,7ac5f2ed7f8b920df52a4e1cde4f3ee8f80b69a8208c8d8579b1925f9a445627,1,5de5845680a3a3b8f6bc734121e0b7e6932660218a06e231ab5704767493d7f8,4.72520458611108e-14,5.5487614
1536,MC1_K2_N2_L8_SP6_P2_R10,857b45ad4b2b5164d64a0e5a707317f80ff187bab92ac25f67fddc8bce337fd2,7ac5f2ed7f8b920df52a4e1cde4f3ee8f80b69a8208c8d8579b1925f9a445627,1,1622823b912f326633fb861812466a596d5dd7a02faca6bb608cfa838bbc90ce,2.48689957516035e-14,5.7155941
1537,MC1_K2_N2_L8_SP10_P2_R10,798657ef59f047e57939adaaa8da9439cc3ce5d98bba915c6f78cb2497a1e35a,7ac5f2ed7f8b920df52a4e1cde4f3ee8f80b69a8208c8d8579b1925f9a445627,1,b27a93cbfcfb852bb784a2ac52f9148d35f64309b81f26eb12b9619f744e3839,6.75015598972095e-14,7.7190545
1538,MC1_K2_N2_L8_SP14_P2_R10,dd8d309cfb384dd779ef2e28564218a88e949ea4974db7b3427836ac0aa86e10,7ac5f2ed7f8b920df52a4e1cde4f3ee8f80b69a8208c8d8579b1925f9a445627,1,81718144797c14b5c1b03560463b4c624df6231c1eba980c889cb7c3d00fa9da,1.77635683940025e-14,6.6641889
1539,MC1_K2_N2_L8_SP18_P2_R10,4e5ac1869275112432edbff3d0b54a72800101b65fd64003e189714425b6d528,7ac5f2ed7f8b920df52a4e1cde4f3ee8f80b69a8208c8d8579b1925f9a445627,1,318294b16f9400bd5d759f0277e760c2f6c9643acc5031fbff7120d54a1691ce,0,6.7006584
1540,MC1_K2_N2_L8_SP22_P2_R10,bdae05f53fa325749f288c1c1297f94158b6e3f8d94c8b8c33720b88e9f2f5bd,7ac5f2ed7f8b920df52a4e1cde4f3ee8f80b69a8208c8d8579b1925f9a445627,1,f3c95ee0b113f08cf63ef86dca86602346e4e1a5d4b3812dbce722bf1fadb608,2.48689957516035e-14,7.1069169
1541,MC1_K2_N2_L8_SM6_P3_R01,020bf8d6e0b9542cb78264d511499ad6a4a86f9a2c8697e67bd8139c10263401,7ac5f2ed7f8b920df52a4e1cde4f3ee8f80b69a8208c8d8579b1925f9a445627,1,a696e4a60e8a3632810a23002a4246886edbd6125c462ed37b058b1855c795e5,9.76996261670138e-15,3.8229324
1542,MC1_K2_N2_L8_SP0_P3_R01,7c3b7a660e2a46d06dce061b2295ae9df6118946846f78e71aa29657364252ef,7ac5f2ed7f8b920df52a4e1cde4f3ee8f80b69a8208c8d8579b1925f9a445627,1,026fc0a9be8cc32a95180add39f58eeb400339fea317082bd57882386ec28a33,2.26616954640023e-14,4.2413095
1543,MC1_K2_N2_L8_SP6_P3_R01,8e1add1673b17e61596b27db1cf3f7dba9d1a794eff46602f42e6ce97eaee0ae,7ac5f2ed7f8b920df52a4e1cde4f3ee8f80b69a8208c8d8579b1925f9a445627,1,b6a6bfb687972044b3744bc3f32995fd69299ec2f89e22dbd6c11b2afa480649,1.33226762955019e-14,6.5477702
1544,MC1_K2_N2_L8_SP10_P3_R01,ccc6b6181f059467d975755a3b00bfde09fee03d2ad307eca61826ef9b6a8757,7ac5f2ed7f8b920df52a4e1cde4f3ee8f80b69a8208c8d8579b1925f9a445627,1,c5066aba3fc75360e47e90a31e806471354e471c238def31bfd87e1510591677,1.59872115546023e-14,8.193058
1545,MC1_K2_N2_L8_SP14_P3_R01,d942207b29513cd24d67e23fb096cdc18b413d0c7a22d8824c5b4a405cc147bd,7ac5f2ed7f8b920df52a4e1cde4f3ee8f80b69a8208c8d8579b1925f9a445627,1,1aebc5e8aee95385e18c10272b34cd807144e315caa73038e4ec79fb581e9340,3.5527136788005e-15,8.517108
1546,MC1_K2_N2_L8_SP18_P3_R01,7304b0f7aafaef0a885892b83fe652e9a3da0897e721ce9a4121142ea0880ddd,7ac5f2ed7f8b920df52a4e1cde4f3ee8f80b69a8208c8d8579b1925f9a445627,1,6cf9445b5feaff876d919e8cae02b29b2deb14c386a7d62aa77b2dfedcd541e3,3.5527136788005e-14,8.713133
1547,MC1_K2_N2_L8_SP22_P3_R01,9f38479eb644dc0d159e00ed3c16a5014aff266008ea6dfa15e1262a4ac46c43,7ac5f2ed7f8b920df52a4e1cde4f3ee8f80b69a8208c8d8579b1925f9a445627,1,dca41cad132d894be8f7a71c6f1e5f94429efd2bf103fe6083bc27c7b13a9a36,0,8.9340903
1548,MC1_K2_N2_L8_SM6_P3_R02,b9fc00e1eeb5ccb1c98965070163897f908b343a99c1945ae9d5a3f434be1506,7ac5f2ed7f8b920df52a4e1cde4f3ee8f80b69a8208c8d8579b1925f9a445627,1,2fd237586b946368e496128bee18515116b6be07899ffb3e6390e25dd41e0bfa,6.92779167366098e-14,7.8936178
1549,MC1_K2_N2_L8_SP0_P3_R02,614a62a82d7998c55d9630c298e01b81416c4abdee293342497ea7bf2593643f,7ac5f2ed7f8b920df52a4e1cde4f3ee8f80b69a8208c8d8579b1925f9a445627,1,6f19d546670868052ca513b55a087b5d161a1ad2412af2bca2f2fcd9479d24df,1.15719295986394e-14,7.2278115
1550,MC1_K2_N2_L8_SP6_P3_R02,730bc5c6200d4fb06937d08f51bf8f27c84b1ec4a6f631efd6c84546604c6ca6,7ac5f2ed7f8b920df52a4e1cde4f3ee8f80b69a8208c8d8579b1925f9a445627,1,2d511af3bc3995922002b175bab6adee3882ef974225cc89bc49cfa3ca9d7b66,3.5527136788005e-15,8.6004794
1551,MC1_K2_N2_L8_SP10_P3_R02,2b4504be877c4c1f41e4efcc4e82793f5cb9db67a7f6f54e3e2ab0cb35189477,7ac5f2ed7f8b920df52a4e1cde4f3ee8f80b69a8208c8d8579b1925f9a445627,1,f866334bd845d442a551723ad8b0c0b621ce34fbc51413990b0da27164cd44e0,1.06581410364015e-14,9.136581
1552,MC1_K2_N2_L8_SP14_P3_R02,c86706f871af064c8275706463aa91a7affa28c0224757fe2894ca96145de9d5,7ac5f2ed7f8b920df52a4e1cde4f3ee8f80b69a8208c8d8579b1925f9a445627,1,cc2affc42abfc133f62dcdfcf99673279e29941e7f505ebbfc73550cace2e7c2,4.9737991503207e-14,8.1088787
1553,MC1_K2_N2_L8_SP18_P3_R02,f6203d97666c96742e135bbdf47ea28cde60e562b02a872fad33e8fbe9134ea8,7ac5f2ed7f8b920df52a4e1cde4f3ee8f80b69a8208c8d8579b1925f9a445627,1,cc54fbdad2b82adc657ce31a6d9687238403a77973bd2ade8e0b87d41e545704,4.9737991503207e-14,8.530094
1554,MC1_K2_N2_L8_SP22_P3_R02,f9cc16eb4dedeb4d426ecb91bb8cfdc9db7bccd775ff0855f5fff24ff21b27f5,7ac5f2ed7f8b920df52a4e1cde4f3ee8f80b69a8208c8d8579b1925f9a445627,1,699a1ebc25b1bff23079fbddcfbb4a78dba77fee63499f69faa20146f4ab9ebe,8.17124146124115e-14,8.7935261
1555,MC1_K2_N2_L8_SM6_P3_R03,01dda40e3888a5e9f5f01c39a7394bc27ca04556c68996dbb0f9112ba3f16fc6,7ac5f2ed7f8b920df52a4e1cde4f3ee8f80b69a8208c8d8579b1925f9a445627,1,3f8a86fc2f41307faa6f0041292698e47f5b1106c960e127f9f551f84ac1e5cf,9.41469124882133e-14,6.770701
1556,MC1_K2_N2_L8_SP0_P3_R03,bcf357b4d0f8af33999a6184b667532588fd5b5c5073f9ac973c8b7b1dd48cb5,7ac5f2ed7f8b920df52a4e1cde4f3ee8f80b69a8208c8d8579b1925f9a445627,1,71f0e57f54795014a441f3ba4c4708793dc1963112ead2dde809f72affb0f3b7,7.03959050583894e-14,6.8391511
1557,MC1_K2_N2_L8_SP6_P3_R03,74b6fcae4c0415c6cfc2046d97c2fcdfb989ca6db2882f9916b5b27e51487f16,7ac5f2ed7f8b920df52a4e1cde4f3ee8f80b69a8208c8d8579b1925f9a445627,1,267fc5da32eb7593dfa2d8578205f33ad56330c39aa97bdfa344d7b9ef788740,2.39808173319034e-14,9.1770529
1558,MC1_K2_N2_L8_SP10_P3_R03,bc907ddd9b93180047868c1b4f5220b77bc8d75e36b67c23808817f16b98b175,7ac5f2ed7f8b920df52a4e1cde4f3ee8f80b69a8208c8d8579b1925f9a445627,1,c6347cdae1096a99d0837851fd3a74bf71843e09bd0570e528ed7266d49a165e,3.37507799486048e-14,8.7355311
1559,MC1_K2_N2_L8_SP14_P3_R03,caab08f3a5f49485b6be8da890440de20e9502999c9cf5c14067679eb13f72fd,7ac5f2ed7f8b920df52a4e1cde4f3ee8f80b69a8208c8d8579b1925f9a445627,1,41a02664dc54690b1eac59b0fd55bfbd3eeb5483f37565946ff382bf828f2b46,5.32907051820075e-15,8.5610137
1560,MC1_K2_N2_L8_SP18_P3_R03,72260f5514b3f2efcc1d2315db3db6bbabee3b37f295f246e9b2ff0da89c6837,7ac5f2ed7f8b920df52a4e1cde4f3ee8f80b69a8208c8d8579b1925f9a445627,1,58d4902e9b089ef59265f7d9b2cce3e6f80750bdaf446df265e86f950ef9f2ab,8.5265128291212e-14,8.8873205
1561,MC1_K2_N2_L8_SP22_P3_R03,c8d1f4e221c0008581ce00436d73ba119f51b2952d461625c2f698968e1ac3ad,7ac5f2ed7f8b920df52a4e1cde4f3ee8f80b69a8208c8d8579b1925f9a445627,1,90c695b28a012715811be04af918a06f368826afb3e854cf1193b0ba0cd9b781,4.61852778244065e-14,8.3240135
1562,MC1_K2_N2_L8_SM6_P3_R04,b3131da058e2bf95fd4b9875df2d2c7086bd675459893388ae8c48eaf81d6007,7ac5f2ed7f8b920df52a4e1cde4f3ee8f80b69a8208c8d8579b1925f9a445627,1,ce76ab69ac3699750121db654c8b10ff0bd182c18fef952e16d3afcee9ea848c,2.66453525910038e-15,4.979434
1563,MC1_K2_N2_L8_SP0_P3_R04,adb9bd4c041a320494fbdf407f321dea1ebcac47ee348304ee6439af3096a052,7ac5f2ed7f8b920df52a4e1cde4f3ee8f80b69a8208c8d8579b1925f9a445627,1,8dbb3a60939a352ac9ef2d990057f4f962640e41e1f65c638e4a8a6420d5834d,5.49666655935377e-14,7.9059219
1564,MC1_K2_N2_L8_SP6_P3_R04,b398d6c75ea78ed8dcc8cb1602956b8cf81ae30ae778e9ea511979f2c009a975,7ac5f2ed7f8b920df52a4e1cde4f3ee8f80b69a8208c8d8579b1925f9a445627,1,49300955c88263f15ecf3c2706e8ffab18e9c87235d89f4e579cf52872b38472,6.48370246381091e-14,6.4946852
1565,MC1_K2_N2_L8_SP10_P3_R04,d0c567b176d128afe35b2c8b5e36d2e4beaa8575cc46161ea28e6beb8a8e7eb8,7ac5f2ed7f8b920df52a4e1cde4f3ee8f80b69a8208c8d8579b1925f9a445627,1,e576676a5db445d4285c73fa8b056c0a909f51ba13c2c6f0af57370f4bcc4e7f,6.21724893790088e-14,7.9485092
1566,MC1_K2_N2_L8_SP14_P3_R04,2fe415867d90207119e978ffba3ce3bb4f927627d83f82a6c2ab579abbb2b350,7ac5f2ed7f8b920df52a4e1cde4f3ee8f80b69a8208c8d8579b1925f9a445627,1,f6baa7411ef51a67e6fd746f6079783651e5bdde6e13f65f8e5add16f6af3935,1.06581410364015e-14,8.0425459
1567,MC1_K2_N2_L8_SP18_P3_R04,c0cd874b5c0ca3d7994a0f2943841593b61dfeb201efbb90b06d534afd912b89,7ac5f2ed7f8b920df52a4e1cde4f3ee8f80b69a8208c8d8579b1925f9a445627,1,a4fafe42bf63857e5cc3ac8dda25dd4fcee5274d2558251ed846a776c375552e,7.105427357601e-15,8.2032088
1568,MC1_K2_N2_L8_SP22_P3_R04,da1a8746ee44c66c4bd0c076068e28f0bb300c6653f4a8546b45379acc4ce771,7ac5f2ed7f8b920df52a4e1cde4f3ee8f80b69a8208c8d8579b1925f9a445627,1,422485e0e9bf0856be672c5495ac06f0fb508282db33e1600eca880840b2199d,3.5527136788005e-14,8.0914656
1569,MC1_K2_N2_L8_SM6_P3_R05,f1f9c32aefc346aca80dbda04e7c85c2246a9b6376004406f4cade38c039b951,7ac5f2ed7f8b920df52a4e1cde4f3ee8f80b69a8208c8d8579b1925f9a445627,1,035fb41c4c3da800da15cc1e994943b88b8b152266fa865881fb27dbd8bef22d,2.22044604925031e-14,8.2594167
1570,MC1_K2_N2_L8_SP0_P3_R05,f833406077a853292dc476ebd41a675620980ff25fcd5905428e74c17487162b,7ac5f2ed7f8b920df52a4e1cde4f3ee8f80b69a8208c8d8579b1925f9a445627,1,ad09cd76ff1141cb5fd062242a7fc0dfcac5b48bc418a4069a976a405a7f5a5c,3.51979525291951e-14,5.9617955
1571,MC1_K2_N2_L8_SP6_P3_R05,6bf5f9aed69746f2b8d6b0b668c2fcfac43c9f2b781d58288c7034f104168cf0,7ac5f2ed7f8b920df52a4e1cde4f3ee8f80b69a8208c8d8579b1925f9a445627,1,5961cb87195f965acdc768171dc1ea76b113e10530bf4827c4ff87dab2b61846,8.88178419700125e-16,5.44796
1572,MC1_K2_N2_L8_SP10_P3_R05,e874f6615e3cc99476f8d38409c32bb10fccb401b12c09fdf317605e56965dc7,7ac5f2ed7f8b920df52a4e1cde4f3ee8f80b69a8208c8d8579b1925f9a445627,1,612b5c3b3e93b310f20f8370a9ed3bd16967f9d7e654d2da81360992d9ccf99a,1.95399252334028e-14,7.0290088
1573,MC1_K2_N2_L8_SP14_P3_R05,8357cfc2d37a379436a42237e7a4a453f10bf64371fd4e817ab6d96231b3933b,7ac5f2ed7f8b920df52a4e1cde4f3ee8f80b69a8208c8d8579b1925f9a445627,1,d359609ce2473c77cadc39840af471d8c9ff6db6f2197be750d9a0fd05f41693,2.8421709430404e-14,7.6105795
1574,MC1_K2_N2_L8_SP18_P3_R05,e617ffa81f02d5efab25233a96fefff9c893a7a9ab89d06b0395e779e9afec0e,7ac5f2ed7f8b920df52a4e1cde4f3ee8f80b69a8208c8d8579b1925f9a445627,1,aa2c76965ebfb048f2784e909c33f9ed227bb647623bfdce73bcdcf52ce8b47f,2.8421709430404e-14,7.8528612
1575,MC1_K2_N2_L8_SP22_P3_R05,237fa9b064312910cd969bb09681a50c0bd8484ef615530ea43bd29f7565f97b,7ac5f2ed7f8b920df52a4e1cde4f3ee8f80b69a8208c8d8579b1925f9a445627,1,313f06d463bd5ea85c60f2c3f2fdc0225a90276fd5f33fbf2f8099029a8c26b5,4.9737991503207e-14,7.798825
1576,MC1_K2_N2_L8_SM6_P3_R06,027819938d0cc9b2711c5ee4dbbc532233465502d61bae2a29966017e0f260ea,7ac5f2ed7f8b920df52a4e1cde4f3ee8f80b69a8208c8d8579b1925f9a445627,1,51c10fee4cc1cac565e06b3273ebf316fdd8b358e18f768518a423fe86f94cd0,4.2632564145606e-14,5.2855638
1577,MC1_K2_N2_L8_SP0_P3_R06,3788c31a84282980b5f6dcde569f90a08feec99bff5169723518e3a076a9343f,7ac5f2ed7f8b920df52a4e1cde4f3ee8f80b69a8208c8d8579b1925f9a445627,1,ec7e1ce7541aabf93edccac7a02067c97885a85de2a9230985e77baa9aed08d2,2.41081866638322e-15,4.1764939
1578,MC1_K2_N2_L8_SP6_P3_R06,a1f6a5462b5bef7677ba802e4658b5241b9dd8619c35f513810348da658eba54,7ac5f2ed7f8b920df52a4e1cde4f3ee8f80b69a8208c8d8579b1925f9a445627,1,f84301f46c9303a55b5bfb067deec66a9e1acfcd76eb4917bc6ff7460743bd56,1.33226762955019e-14,8.8029046
1579,MC1_K2_N2_L8_SP10_P3_R06,12e2fa8dd02687f1e063d11fa7be077c537d9ecbb6069b6f3a52e240dbd9a061,7ac5f2ed7f8b920df52a4e1cde4f3ee8f80b69a8208c8d8579b1925f9a445627,1,e40117ecf5deb24503480bae16289be29d073561f1b378e698239c0d2c64c23f,4.44089209850063e-14,8.3027534
1580,MC1_K2_N2_L8_SP14_P3_R06,ff7c92adf95e5cc762007f5498afc0498cb6448081f8337ebe1367cc20e9a37f,7ac5f2ed7f8b920df52a4e1cde4f3ee8f80b69a8208c8d8579b1925f9a445627,1,60936969ef245f703671b04958ff85d55b7539f28f18338a5f50382b13731f5d,4.9737991503207e-14,8.4239489
1581,MC1_K2_N2_L8_SP18_P3_R06,9090152eed1d28ff9b71f3ec215733aa859d17c9b3825612f7dac924ad43bb16,7ac5f2ed7f8b920df52a4e1cde4f3ee8f80b69a8208c8d8579b1925f9a445627,1,db5fe4267433b84145f4daad79c7f9245cbf3332d93907af9b603b5219d4d1b0,5.6843418860808e-14,8.7352154
1582,MC1_K2_N2_L8_SP22_P3_R06,8209ad6c66ba27b64d035d4f83ea8403a9cc30fb0331797a628927af478a3e69,7ac5f2ed7f8b920df52a4e1cde4f3ee8f80b69a8208c8d8579b1925f9a445627,1,1c92b78fa85bb330b380ccbefe7f660aa3bca2b7c40162e6db91f68d8769c4fb,1.4210854715202e-14,8.7158296
1583,MC1_K2_N2_L8_SM6_P3_R07,f8899d250dbea190cac31454cf548cd751385e0ba5298b8d75c6c8880577076f,7ac5f2ed7f8b920df52a4e1cde4f3ee8f80b69a8208c8d8579b1925f9a445627,1,617425c4deaca3c5b572aa7f67a7f9ba8f0712dce4228df6b878c1cd60b0e8a0,2.48689957516035e-14,5.4628439
1584,MC1_K2_N2_L8_SP0_P3_R07,886a2ddcc4e115b4971526bdf6eeedcd07ce40977c1c9589d22503bf04a60da6,7ac5f2ed7f8b920df52a4e1cde4f3ee8f80b69a8208c8d8579b1925f9a445627,1,201cb15a411f8c1afbcd816d34a3c873d1bde32c8211238b7bcb9d8cd96d68df,5.78596479931972e-15,7.4773809
1585,MC1_K2_N2_L8_SP6_P3_R07,c7b729b18ee7642b6dea480e8aed80510e410c13e55a17a615b9f16d00142d05,7ac5f2ed7f8b920df52a4e1cde4f3ee8f80b69a8208c8d8579b1925f9a445627,1,594aa99bc2ab81bcbf9f02acf287d4201e86c2a4b12f0ea193e89dd1ae1c9a26,2.48689957516035e-14,7.9192639
1586,MC1_K2_N2_L8_SP10_P3_R07,511964218e89ddf58d77aada771f3380b73bc3362fcdd72c82e2ea05793d8105,7ac5f2ed7f8b920df52a4e1cde4f3ee8f80b69a8208c8d8579b1925f9a445627,1,b62d95a3704f72c6ecb495c0fa7698f5bd3543b7a33c88f5e5864c95c160812e,1.06581410364015e-14,8.3172373
1587,MC1_K2_N2_L8_SP14_P3_R07,473d26977ae0c6d7cdf9bc4d4dff371c848ab8f96de596ac7eeaa919cc0ea2d2,7ac5f2ed7f8b920df52a4e1cde4f3ee8f80b69a8208c8d8579b1925f9a445627,1,c3131ebc0aabbfdddf0adf43e338ee3b39d7bac5a2369c658f8220fb02d32a4f,2.1316282072803e-14,8.3544091
1588,MC1_K2_N2_L8_SP18_P3_R07,8d8c01dde4fba8dcc525c2310b84bd0be62d46c3215d605bb8f29426ac0f59b0,7ac5f2ed7f8b920df52a4e1cde4f3ee8f80b69a8208c8d8579b1925f9a445627,1,8e071e1ac90e41ca19bba537dfcfe9a253c2c52de3598017edcbff529bfb4d0f,3.19744231092045e-14,8.3731026
1589,MC1_K2_N2_L8_SP22_P3_R07,f86e99945d3a156da941f5e768a30161c2f22c912895ddca5a8382affe017bfb,7ac5f2ed7f8b920df52a4e1cde4f3ee8f80b69a8208c8d8579b1925f9a445627,1,ddbb80e0c74d71b828793bccf8aee3a0d1e5e0d3edd97d9076ceee1b91eddc04,4.2632564145606e-14,8.1740756
1590,MC1_K2_N2_L8_SM6_P3_R08,a7d62d117fb4977d994e9bbaca76aac1fb4fd9923e798bb10fc08d95c854c197,7ac5f2ed7f8b920df52a4e1cde4f3ee8f80b69a8208c8d8579b1925f9a445627,1,b46ab2792b20df65546ca711ad09ba673c6ca89a71cd40ab85ae7cc4281d615a,2.66453525910038e-15,5.5973202
1591,MC1_K2_N2_L8_SP0_P3_R08,0cd6b2c9ec4ddb892fb6a54f326b7997d85f1a7e150d2e3e20856fd4ea22ecbf,7ac5f2ed7f8b920df52a4e1cde4f3ee8f80b69a8208c8d8579b1925f9a445627,1,77b8a594a6927d322859d7dab1d73012fc1b0dee082ee6b8943ec598c1a10e70,6.46099402590698e-14,7.5636425
1592,MC1_K2_N2_L8_SP6_P3_R08,35c29b8884e66e4d4d73ebe68ffcc7fefbe75e0550dc7df06680fc48572c0fc0,7ac5f2ed7f8b920df52a4e1cde4f3ee8f80b69a8208c8d8579b1925f9a445627,1,ca1b93085beda31e3d7c77e75af3e8e84c4839fd8b3d2d64e1da38e53d894951,1.59872115546023e-14,7.4864085
1593,MC1_K2_N2_L8_SP10_P3_R08,31eb2877c5991e6c14a243205ff9fd1d4e283e1faec4ae0e68488f6eaf1478b8,7ac5f2ed7f8b920df52a4e1cde4f3ee8f80b69a8208c8d8579b1925f9a445627,1,31d50813e0541794b412fcd70f4e99e7efe8e63d79bab916b8e9aefddf4f1639,7.105427357601e-14,7.3996008
1594,MC1_K2_N2_L8_SP14_P3_R08,5d6ce7943316e9f22f55dfe64791f3362a4b9a3bdf5b0f3e2ff8932ff6701ee8,7ac5f2ed7f8b920df52a4e1cde4f3ee8f80b69a8208c8d8579b1925f9a445627,1,d01ecfbf69835d2e7db86f3f3e9dc9ed4d75fdf345f67808ba82639fa0c25428,3.01980662698043e-14,7.4833783
1595,MC1_K2_N2_L8_SP18_P3_R08,7ecef8966b4c037e2de0a71c3e9b8e72f7e6eb481aa7992008087a4463475a44,7ac5f2ed7f8b920df52a4e1cde4f3ee8f80b69a8208c8d8579b1925f9a445627,1,c939631550f1cda8fa0476bfa63e91136f6ff5c0523c3c6fbb76560f07d0de15,7.105427357601e-14,8.563492
1596,MC1_K2_N2_L8_SP22_P3_R08,e31fc0c1c2a41cb1cd9561cde8a970a922d4964a01f15d8eed0059d395a86203,7ac5f2ed7f8b920df52a4e1cde4f3ee8f80b69a8208c8d8579b1925f9a445627,1,687cda8ddb6f8f4cf669e94849b77c0085b751e5522ca179c519343c476736cc,2.48689957516035e-14,7.9171631
1597,MC1_K2_N2_L8_SM6_P3_R09,daf59f1a88aa142e610308fdfa981891dbc82101323cf906e3e75c3939f1b5ab,7ac5f2ed7f8b920df52a4e1cde4f3ee8f80b69a8208c8d8579b1925f9a445627,1,36ff3a6681547a36f914df1fa021806a0655b74cd02ff7ca5eab65ebc7bbd6fe,3.90798504668055e-14,6.8278595
1598,MC1_K2_N2_L8_SP0_P3_R09,180b88c12e23f0c81783e3de7a4f4fb86826ecb888f4de4bd5cb6dc43588dc68,7ac5f2ed7f8b920df52a4e1cde4f3ee8f80b69a8208c8d8579b1925f9a445627,1,cdf0016095314c06eb9b0d68d9a6a0fe7172cf60c7e02f52f10c6e97b92c3118,6.89494138585606e-14,8.3380574
1599,MC1_K2_N2_L8_SP6_P3_R09,f127503e1550ff7ee3a6924c2df40a0423214794e9b8c2a5d34a6fefff72cacd,7ac5f2ed7f8b920df52a4e1cde4f3ee8f80b69a8208c8d8579b1925f9a445627,1,67349c6057b2a6f6203dc658a8d4bdfed8add22234b47fd4dcc838743b21efc0,7.99360577730113e-15,10.5034491
1600,MC1_K2_N2_L8_SP10_P3_R09,b4d339492b0f42692068288eb15abc4c514c43b5b6994ebd3c4e618b6f886031,7ac5f2ed7f8b920df52a4e1cde4f3ee8f80b69a8208c8d8579b1925f9a445627,1,09de54aed8be3e2bdc2e693f62a7434f63be9b16f2bcbe8782eae18f9c75261f,4.44089209850063e-14,9.8747034
1601,MC1_K2_N2_L8_SP14_P3_R09,11ff7f57162b8d38ec195215a37f267159cd5cbaf174ec2d36aa03303ff0314c,7ac5f2ed7f8b920df52a4e1cde4f3ee8f80b69a8208c8d8579b1925f9a445627,1,ea23b58c1055a8934c7637818174b9e106c1bc6fec87828dea41689dc011403a,1.4210854715202e-14,9.7286437
1602,MC1_K2_N2_L8_SP18_P3_R09,5492730465ae609683e1da4a6231debd11a59f8156334d0075995d97383777d2,7ac5f2ed7f8b920df52a4e1cde4f3ee8f80b69a8208c8d8579b1925f9a445627,1,931c46c6937347821616eb464114b124a82955f0f87a2b05b57addb9e329fcb1,1.4210854715202e-14,9.341579
1603,MC1_K2_N2_L8_SP22_P3_R09,3c0efcacc93038bd55042b8ea27cba306d457be4b3651c3cb14f45f067a86c58,7ac5f2ed7f8b920df52a4e1cde4f3ee8f80b69a8208c8d8579b1925f9a445627,1,205ae14adfb396d13ee9e6d909cd280602a2bfc6c850e33f3a190def1ae6231a,4.2632564145606e-14,9.2773571
1604,MC1_K2_N2_L8_SM6_P3_R10,6f1a9f09ba5575df12655445e28bd7b2d10cd627be976edb8d6d9eb19d70ac1b,7ac5f2ed7f8b920df52a4e1cde4f3ee8f80b69a8208c8d8579b1925f9a445627,1,5b181f0d82ae40bd7a0202dfdad252e16a99d1b8eb9c02ebce7c3ca4a2bedc32,3.5527136788005e-15,3.4187481
1605,MC1_K2_N2_L8_SP0_P3_R10,d56f1b7dd40fe2683e2b528ee3739d01c86e88652448b57cd4649f64e03b8fb6,7ac5f2ed7f8b920df52a4e1cde4f3ee8f80b69a8208c8d8579b1925f9a445627,1,7515715d70e2af749d613a37f5411ff08eda982adeb7e1273ac54d1618c37eae,5.93061391930276e-14,3.4620769
1606,MC1_K2_N2_L8_SP6_P3_R10,14a7e65ce64cda7dd24c9e7c9df5ff216845b4439515bec0cab15876a78f9728,7ac5f2ed7f8b920df52a4e1cde4f3ee8f80b69a8208c8d8579b1925f9a445627,1,c3c5926dcf83b50838935fc85c20f2895766c27d5394ee40b60a18085928a5ca,4.79616346638068e-14,3.3679629
1607,MC1_K2_N2_L8_SP10_P3_R10,db345fffdb18d59244d94f00062e233c6c2afd927e5920307c6ce46698e5c3d3,7ac5f2ed7f8b920df52a4e1cde4f3ee8f80b69a8208c8d8579b1925f9a445627,1,f934567703d5f48465e60d206ddd408cf9f09c744e73ba93a68e791fcf45ae32,5.15143483426073e-14,3.4205297
1608,MC1_K2_N2_L8_SP14_P3_R10,295693253444df7bd961541c7d903f6735adae99016f9bb4ef78bdd6b71d3765,7ac5f2ed7f8b920df52a4e1cde4f3ee8f80b69a8208c8d8579b1925f9a445627,1,f63190943dad16b06f08339771260b5678cee0cb5cfa22c8bf7610b33eaf9fbb,2.48689957516035e-14,4.2768765
1609,MC1_K2_N2_L8_SP18_P3_R10,8f6ffdab86ce7d2d7d2b872434961fbabf5e6c5ecb8fbfbeb48640a859e3225a,7ac5f2ed7f8b920df52a4e1cde4f3ee8f80b69a8208c8d8579b1925f9a445627,1,93b7246ce562b636a7e56995cdaa85ea4e544c71b197097fd16f69259c0be73e,2.1316282072803e-14,6.1413162
1610,MC1_K2_N2_L8_SP22_P3_R10,e37cc88e02379dbec79c6a76a15b23aa692447a6502f8ae2ebdea8d2fd1db845,7ac5f2ed7f8b920df52a4e1cde4f3ee8f80b69a8208c8d8579b1925f9a445627,1,6fd4bd8c8598ff6e9f26ed5c5ea127b7cb8d70e4164792c4b1c645087aa005ea,4.2632564145606e-14,6.3555201
1611,MC1_K2_N2_L8_SM6_P4_R01,0e3484efe3aab8f0c02aee67d4a1cb138e0dd01a017903eac21c05096dcf5863,7ac5f2ed7f8b920df52a4e1cde4f3ee8f80b69a8208c8d8579b1925f9a445627,1,78222b23d9ff4109a987e37fbb977476d46139e8bbf2cc5f97854dd868d9b380,2.8421709430404e-14,3.3602231
1612,MC1_K2_N2_L8_SP0_P4_R01,f76ada0fba82af419b00e0a73cfab4e67b9e6fc1b32f302d62770954e0fc1cd6,7ac5f2ed7f8b920df52a4e1cde4f3ee8f80b69a8208c8d8579b1925f9a445627,1,9107d9282da485954e041c12ef454440000fec36e188d4c19140d4668d8c276a,3.66444437290251e-14,4.1902368
1613,MC1_K2_N2_L8_SP6_P4_R01,ac9013a2acee8183f115530f22b3df7f1cb2df5356b78402ccb515e2c5e66bfa,7ac5f2ed7f8b920df52a4e1cde4f3ee8f80b69a8208c8d8579b1925f9a445627,1,8d60fabd814ce605529c132356a976b8cb51a811108e3846fb945ed69896af2c,5.50670620214078e-14,5.2313969
1614,MC1_K2_N2_L8_SP10_P4_R01,9795a1ca95329e82544d80c92c683454024c33ad1ed1dad30e4b763d9fbc2171,7ac5f2ed7f8b920df52a4e1cde4f3ee8f80b69a8208c8d8579b1925f9a445627,1,9f3caebd2b985b6cdf4f1d208193ab1c93474a4781ba10c18252a3a4afedfab4,6.75015598972095e-14,7.3279359
1615,MC1_K2_N2_L8_SP14_P4_R01,ce1de11a7d49ef61f6f26f6bbb85ade27622f8c483e9104c133a8289b60e320f,7ac5f2ed7f8b920df52a4e1cde4f3ee8f80b69a8208c8d8579b1925f9a445627,1,1fcabe1321bbe331efb85c6c10d310101c1f27781b22be2a0986a34621af4a4c,7.105427357601e-14,8.166225
1616,MC1_K2_N2_L8_SP18_P4_R01,3cf3bdd83a305d5498a6653a4bfd9cffb068bb551f6ed2e912e613c2ff702a12,7ac5f2ed7f8b920df52a4e1cde4f3ee8f80b69a8208c8d8579b1925f9a445627,1,1752493ec81d8b6c2a5f67a2d5a4267c3d07016c31cfa9606310ab73ba4c27a7,4.9737991503207e-14,8.2591758
1617,MC1_K2_N2_L8_SP22_P4_R01,2ba178c2942262044c4d2a07635626a8c6723b9b5182082943a347cfb44a1c27,7ac5f2ed7f8b920df52a4e1cde4f3ee8f80b69a8208c8d8579b1925f9a445627,1,0c180ccb444a210076d19961b75aeaacefce2c4cf4c98196c94d2836e4ed49d0,9.2370555648813e-14,8.3591394
1618,MC1_K2_N2_L8_SM6_P4_R02,32ab4bd4cfa93afe25168b2622aea53c61e473a07c00762615164c1e6cc293e1,7ac5f2ed7f8b920df52a4e1cde4f3ee8f80b69a8208c8d8579b1925f9a445627,1,f808ed9167d967194758d652526245fa51b85b605411147ae7cde7f8f8bbe883,6.57252030578093e-14,6.7523074
1619,MC1_K2_N2_L8_SP0_P4_R02,ad284caa4bd5fc1e29aed31a6b6755c2782bafd6ed44b912240f81dea75966c1,7ac5f2ed7f8b920df52a4e1cde4f3ee8f80b69a8208c8d8579b1925f9a445627,1,5cae8388cafea267ab9e821b09cb651a7a5e2155412ef45581b0d1d893b95674,1.55256722115076e-13,7.6230538
1620,MC1_K2_N2_L8_SP6_P4_R02,01d532a4d2e104269611ef99d06f420f7b5e9a653442dad339fd61688c9e91f7,7ac5f2ed7f8b920df52a4e1cde4f3ee8f80b69a8208c8d8579b1925f9a445627,1,778f3b15e379737fb6658da1cccb8af7d5862384c96aaff34fb49f62e068fa2f,1.04805053524615e-13,7.8907567
1621,MC1_K2_N2_L8_SP10_P4_R02,121591e856e463bb174dcdaef4343836fe6c49f289e8f5cc27b3b8caeb9361b8,7ac5f2ed7f8b920df52a4e1cde4f3ee8f80b69a8208c8d8579b1925f9a445627,1,68f1cb15ed7a29f9db2c3818b616a8e47ab41836ae09f7a4cb03f0f4059266b0,1.31450406115619e-13,8.6413363
1622,MC1_K2_N2_L8_SP14_P4_R02,a61a4bbf3ef63dcbe37292c44005de2c115318cb64c985e0990f354013afa0d5,7ac5f2ed7f8b920df52a4e1cde4f3ee8f80b69a8208c8d8579b1925f9a445627,1,87a36380ce9c83297e52c7e3e29640c879c7aa8945a45395dc005628dbd33a42,7.8159700933611e-14,8.5666027
1623,MC1_K2_N2_L8_SP18_P4_R02,842ceb4a577c670af3c4ea7dea926d2327f1e9e61d364d21dca592f9c94ce388,7ac5f2ed7f8b920df52a4e1cde4f3ee8f80b69a8208c8d8579b1925f9a445627,1,7e9edd51f4986c0322020211f10fd1720124b3b3934889da9f17e920580bbb17,1.17239551400417e-13,8.5327697
1624,MC1_K2_N2_L8_SP22_P4_R02,f0dd221209dc0755b6d2476ea21a940472a38029780440eb885272732e045422,7ac5f2ed7f8b920df52a4e1cde4f3ee8f80b69a8208c8d8579b1925f9a445627,1,0a89b67193468dbdc34023c4a2ff93d13378f74a54bf1e238304dc08e1da781e,1.20792265079217e-13,8.3098293
1625,MC1_K2_N2_L8_SM6_P4_R03,a783ae672918bbc0624ae32ebc227cb060848db6ddfb656cd1309d0cd25e663f,7ac5f2ed7f8b920df52a4e1cde4f3ee8f80b69a8208c8d8579b1925f9a445627,1,5394fedaaeb56a0082c949e6f432583fef997d75eccb3d6efd804d3f4bf67554,1.59872115546023e-14,4.2376033
1626,MC1_K2_N2_L8_SP0_P4_R03,0bbc07e30c7f80cf47e29b8f076956e83ee596aa9624aa5c8972884b6c63b22e,7ac5f2ed7f8b920df52a4e1cde4f3ee8f80b69a8208c8d8579b1925f9a445627,1,ff4a6d3bb37d819e3f2c031bdee3dfce5ae19e720e5aa6abd56927d57168b4c7,1.92865493310657e-15,7.3849024
1627,MC1_K2_N2_L8_SP6_P4_R03,913efc169321fdffeccfb7d66bd24d1f10b8dd5e3cf6f8831824e3cc91078217,7ac5f2ed7f8b920df52a4e1cde4f3ee8f80b69a8208c8d8579b1925f9a445627,1,147a66d6540bb09bfea5e9efa6c64db3107939bb2c92c9c63b939e239e623579,1.68753899743024e-14,8.540332
1628,MC1_K2_N2_L8_SP10_P4_R03,17960c19f418582590ae642f6f9aa300f3bec6611481d059a130371f3b2f83c8,7ac5f2ed7f8b920df52a4e1cde4f3ee8f80b69a8208c8d8579b1925f9a445627,1,87d28cccb4a7a69b8f08a2d2ee6acf01fa9346a6ee6cf1924f1e77504759b3a0,4.08562073062058e-14,8.3251043
1629,MC1_K2_N2_L8_SP14_P4_R03,b94bc5a5c1eda08f78dee7e4b3712d5e266c995556f67a5cc5031cb160b1fd05,7ac5f2ed7f8b920df52a4e1cde4f3ee8f80b69a8208c8d8579b1925f9a445627,1,0c3131ded76f6351f1a58e279e2cc35d3409218ccd913978416aa824b594eb53,4.61852778244065e-14,9.003242
1630,MC1_K2_N2_L8_SP18_P4_R03,bdbb145348b6829dc14dc21e07e60ab9a196d43808ed28907788bd6e954579f3,7ac5f2ed7f8b920df52a4e1cde4f3ee8f80b69a8208c8d8579b1925f9a445627,1,7e5278b5fc1b0e15e818236c454f5ce5032d36722b35d2e09019f50fe124ff0c,2.48689957516035e-14,9.0485423
1631,MC1_K2_N2_L8_SP22_P4_R03,c630c561e08d56d12e2186a21709df172c5c425acb8d8a7869bb07bb3b46d616,7ac5f2ed7f8b920df52a4e1cde4f3ee8f80b69a8208c8d8579b1925f9a445627,1,47571a1a5f299d067ba312ca3389c5e22358bf0d4353c2fa6a17f2d84cdde7c9,2.1316282072803e-14,8.2549204
1632,MC1_K2_N2_L8_SM6_P4_R04,b8a2290b93575af48b81d0934f4c687001ce80facb57d4ffb62dd62c7380c6cd,7ac5f2ed7f8b920df52a4e1cde4f3ee8f80b69a8208c8d8579b1925f9a445627,1,a3b84b1b2b8aca38656c06f02cf222436921f1d27541ee15a9ce3747bf942597,1.24344978758018e-14,5.8243872
1633,MC1_K2_N2_L8_SP0_P4_R04,4cd3a3c0ae927620e9961e0c1ea3db8209b581bf6a099e2d85a27bce7bc294a8,7ac5f2ed7f8b920df52a4e1cde4f3ee8f80b69a8208c8d8579b1925f9a445627,1,ed1f75d317a22b88e500b7fd907802cf4cc27d6b6abf8a18db1d39bf2cc15c15,2.21795317307255e-14,8.0361709
1634,MC1_K2_N2_L8_SP6_P4_R04,84c51e44d5c2b425c4f0125fff69056d63deafda2a1c337cb31510026481c104,7ac5f2ed7f8b920df52a4e1cde4f3ee8f80b69a8208c8d8579b1925f9a445627,1,11847d1bd3aed5644a30173142818b87bebe335e1f203a1b32b2f1f5f6a0541e,6.30606677987089e-14,8.2014498
1635,MC1_K2_N2_L8_SP10_P4_R04,832d379319351145d24ed33eed09fa43478570ca410317fa819018e3d7895162,7ac5f2ed7f8b920df52a4e1cde4f3ee8f80b69a8208c8d8579b1925f9a445627,1,9c7dcdd3e1fb383a7cfd4c96d936f28e01c19222afedcc28d7376b77a9270f2b,6.03961325396085e-14,8.4211458
1636,MC1_K2_N2_L8_SP14_P4_R04,c15cdc9ed57ae7afdb28da3370f34fd95a83ebf1a0795d66d3dbf7bb8e22bf31,7ac5f2ed7f8b920df52a4e1cde4f3ee8f80b69a8208c8d8579b1925f9a445627,1,7f1836fe30bfcd5524403718b6b34bcb2dc9d3975a8ada794c9c85e05e97412e,4.61852778244065e-14,8.7587001
1637,MC1_K2_N2_L8_SP18_P4_R04,de49485291b98bb4d279379f3b51042d3bceaab5bcf4b7e57d9d051783b5099c,7ac5f2ed7f8b920df52a4e1cde4f3ee8f80b69a8208c8d8579b1925f9a445627,1,2da678035cbe3a4c6268902e02e67266a3e40425e8e67b8388115c2e271e9ab7,2.8421709430404e-14,8.4711198
1638,MC1_K2_N2_L8_SP22_P4_R04,acb404912c897004f4f7a8166c3a0c79e871b5acd9fa13fd0061d31de9b86d2d,7ac5f2ed7f8b920df52a4e1cde4f3ee8f80b69a8208c8d8579b1925f9a445627,1,bed06d02e1ef3a9e8eb4feb7b23e7fe879e8e9d2b05e0fa70316d60c4a9002f1,9.59232693276135e-14,8.2015118
1639,MC1_K2_N2_L8_SM6_P4_R05,07b44d892a5593c9255b98ed72add7568c4caf0b44ed24ba1258a671d6f3ba9e,7ac5f2ed7f8b920df52a4e1cde4f3ee8f80b69a8208c8d8579b1925f9a445627,1,1d9b0b872eda73ef3114e8ed01657a0a4d49e1f449271d30cd8b2e1be8ba5aae,3.19744231092045e-14,7.4445769
1640,MC1_K2_N2_L8_SP0_P4_R05,ed96b4ebb43e9c5abff2a1a95e2c28a35f04a490c7cc6245db639b9b7dfc21f2,7ac5f2ed7f8b920df52a4e1cde4f3ee8f80b69a8208c8d8579b1925f9a445627,1,73cfbeec14141fafb18992487d81b78efba01ceed239be2fa8a40e5a8ab85cce,3.56801162624715e-14,8.1378119
1641,MC1_K2_N2_L8_SP6_P4_R05,faddd41cddebe9f25f18324e554a0e96bf12be2c4fd6f7db92d678e28383bb35,7ac5f2ed7f8b920df52a4e1cde4f3ee8f80b69a8208c8d8579b1925f9a445627,1,12b154ac07ab34502de12f5765950c70dad4923195fb8a81a657abeba512a095,2.30926389122033e-14,7.2374739
1642,MC1_K2_N2_L8_SP10_P4_R05,f689ab0da54f9e51f75ac41e3d93842202a5aaace7cb5549fce7a9469ee16f81,7ac5f2ed7f8b920df52a4e1cde4f3ee8f80b69a8208c8d8579b1925f9a445627,1,c379f7f3f5dc57db6d0a2d7d2b06ab027c6f4cf48de9fe0c6fce41c0fb538da9,8.17124146124115e-14,6.6603494
1643,MC1_K2_N2_L8_SP14_P4_R05,a15def37da207a85240a221ef882bd49b14b2e81ad0ca5059ca6e3538e85607d,7ac5f2ed7f8b920df52a4e1cde4f3ee8f80b69a8208c8d8579b1925f9a445627,1,8c6bd199670ba1f530cf30d6ee0959ed17c903606e015bdf7843acc36874ae36,2.30926389122033e-14,6.5196416
1644,MC1_K2_N2_L8_SP18_P4_R05,8a527f9f78ac72286098432ddae7de4b547c1abbcbfb20710640222ad6eeb809,7ac5f2ed7f8b920df52a4e1cde4f3ee8f80b69a8208c8d8579b1925f9a445627,1,028d22f237d3209647b652243353e782586e9e11a2224aefa6cb64014ac231fc,1.35003119794419e-13,6.0802121
1645,MC1_K2_N2_L8_SP22_P4_R05,cec32977518e12c926353ee32d877976d40437a4807dbb396175801efea19614,7ac5f2ed7f8b920df52a4e1cde4f3ee8f80b69a8208c8d8579b1925f9a445627,1,765e2c497a183a6d0fc7bc18e4a97c9c03194da747f2593dae90aeddc37b41ae,7.8159700933611e-14,6.2226078
1646,MC1_K2_N2_L8_SM6_P4_R06,1c49098e528a6e6d8d12fcd825c276e43ff01ccdab1899a38da4ae96559eb6f1,7ac5f2ed7f8b920df52a4e1cde4f3ee8f80b69a8208c8d8579b1925f9a445627,1,6b7f52b8b9ba9a9be7f7ef000e09aca0e80024f6b1b5fbcbb3f58149d1f87068,3.19744231092045e-14,2.7206671
1647,MC1_K2_N2_L8_SP0_P4_R06,c7f47f175548dbe8cde3c3f95a0b4e685e3766574406a423871a606593d2b3d4,7ac5f2ed7f8b920df52a4e1cde4f3ee8f80b69a8208c8d8579b1925f9a445627,1,9eec949b734eb4af0b829f3f99a1ed346c344e55d3831a47c8386c3f71938ad4,2.0250876797619e-14,3.3325276
1648,MC1_K2_N2_L8_SP6_P4_R06,5e52852e0669b7095b77f4f849d0df936bd9c716a4a7c32a3bd1347fe55154e7,7ac5f2ed7f8b920df52a4e1cde4f3ee8f80b69a8208c8d8579b1925f9a445627,1,ff7bf48afe83303439a022b35876d6e18bbfec303a03cd7466c5e73d2c6e7190,6.48370246381091e-14,3.5382671
1649,MC1_K2_N2_L8_SP10_P4_R06,a83b608353e79cd30c19d5b411d1c68085ad1b961c786632814559cfbe3466ad,7ac5f2ed7f8b920df52a4e1cde4f3ee8f80b69a8208c8d8579b1925f9a445627,1,824bc787d1fb1f12150e7ec962f51ef9fdb0f7d0b73cefd56bd575595c5d5734,2.1316282072803e-14,6.1880733
1650,MC1_K2_N2_L8_SP14_P4_R06,82b1a9220964b7a25556c820b170b145f5b426a61cfd54155ec59ee6447a82eb,7ac5f2ed7f8b920df52a4e1cde4f3ee8f80b69a8208c8d8579b1925f9a445627,1,f13c65e5ed373fd6b3114f2e4be930638c52d8ef7ce48e6d5da595c4dd3afb09,4.61852778244065e-14,6.3764906
1651,MC1_K2_N2_L8_SP18_P4_R06,eb5b18e5faac68bd1d7d56e5f384014ce5975f424607e4c644fdf8bfb9f1dd63,7ac5f2ed7f8b920df52a4e1cde4f3ee8f80b69a8208c8d8579b1925f9a445627,1,a88cff65a7f084baee9ac30d354c823feb02598a66d790e9bd5004ef268d9371,3.5527136788005e-14,6.306805
1652,MC1_K2_N2_L8_SP22_P4_R06,5d94d78bb3bb7a80a08c4f241e9c1d30b018ea5b8264668a076fa8ddc2dcff5b,7ac5f2ed7f8b920df52a4e1cde4f3ee8f80b69a8208c8d8579b1925f9a445627,1,9ee428212db3d4713a3392fd0665eea7a5db9d0a9e66e1c5e613d826b58bb024,7.105427357601e-15,6.33813
1653,MC1_K2_N2_L8_SM6_P4_R07,808b0d37040e9b703dce0eae0ec26b184d771c0917ceb64cc8db520ad6f84719,7ac5f2ed7f8b920df52a4e1cde4f3ee8f80b69a8208c8d8579b1925f9a445627,1,8d386c4cf11bbd01ff51a4f8dffac96a585e8e9ac6b345b01e71b86bae1e0695,3.5527136788005e-15,3.8537911
1654,MC1_K2_N2_L8_SP0_P4_R07,0271072901f3ed6ef526f92e2c74d599b92752d23f6bb75b7f33c8d9f03491ab,7ac5f2ed7f8b920df52a4e1cde4f3ee8f80b69a8208c8d8579b1925f9a445627,1,322db06d66aa8e2508c5d37cfa077227dd24bd2b6beb30c3f9cac18d08f7b154,6.750292265873e-15,5.7110424
1655,MC1_K2_N2_L8_SP6_P4_R07,2d61b09d38a63167dee8d0b8fe73d0a23776980143331dc1be0d70d07147639b,7ac5f2ed7f8b920df52a4e1cde4f3ee8f80b69a8208c8d8579b1925f9a445627,1,9240c711df207ddccf4afb1730e2f791a60abd9d9422657eced9a1bda47febb1,1.4210854715202e-14,6.0588373
1656,MC1_K2_N2_L8_SP10_P4_R07,91ff93695ebddad73b101fbfc0056c3b607f76a074dc62944fbc649aafdd3ba3,7ac5f2ed7f8b920df52a4e1cde4f3ee8f80b69a8208c8d8579b1925f9a445627,1,0c9b3f4251859c76f2de4b383a6c5e9e4ecb9f1e3d2be72082ad59d6686c04d3,1.59872115546023e-14,6.2959005
1657,MC1_K2_N2_L8_SP14_P4_R07,78784fa875d627b5e8af6fcbd17ec38e2ec5fa8c02d29e23837335592ef6b822,7ac5f2ed7f8b920df52a4e1cde4f3ee8f80b69a8208c8d8579b1925f9a445627,1,59416ff3f143153d0e9af794e840c42d4fc844a8c499b16735aa02b3b0870326,1.4210854715202e-14,6.45145
1658,MC1_K2_N2_L8_SP18_P4_R07,24c397c80c582f43c85b9e4e75ee617c9f9a0a2827f5d0dd8296c4c4320cb213,7ac5f2ed7f8b920df52a4e1cde4f3ee8f80b69a8208c8d8579b1925f9a445627,1,bd8b8ebfd8e84bc9c97ca1f56fdf0d2a3d0cfaa98847ee54aa8661006a2ddcc7,4.9737991503207e-14,6.0999884
1659,MC1_K2_N2_L8_SP22_P4_R07,a65f2545ae7ffaa42cccd377ca1eb36045f46fb1bbc29b6efc79044f55ca68e0,7ac5f2ed7f8b920df52a4e1cde4f3ee8f80b69a8208c8d8579b1925f9a445627,1,8030b7fdaa3bc12d91d72f460d17a3e30c81de6097fdec991fe4cf04086d326d,1.06581410364015e-14,6.159473
1660,MC1_K2_N2_L8_SM6_P4_R08,34c53ca244d80e3f5ef015dff46918e2d23ab4d51d14dff9aad44d3b11c66fa7,7ac5f2ed7f8b920df52a4e1cde4f3ee8f80b69a8208c8d8579b1925f9a445627,1,c47375329daaa67e9b23e0b0e8af05b1045837fb95e589fd7b29f37ae5081904,6.03961325396085e-14,4.033638
1661,MC1_K2_N2_L8_SP0_P4_R08,0a61d19ace8b4ef406e970c80c3984722a226fc3d984ca1f01a5683a53721adf,7ac5f2ed7f8b920df52a4e1cde4f3ee8f80b69a8208c8d8579b1925f9a445627,1,08727b5dca721eb4f663e8f89ab3780b46541a46041cd371af3aaa9211deb7ae,3.51979525291951e-14,3.8314833
1662,MC1_K2_N2_L8_SP6_P4_R08,cc58314c6170ea0d2ec0b604f560a0d444030e2d3b174e639232e08067979cf0,7ac5f2ed7f8b920df52a4e1cde4f3ee8f80b69a8208c8d8579b1925f9a445627,1,2576451e16a2610fd68114c9f04f87674835d4d9137d46c2e9031669ac39dfb2,1.06581410364015e-14,4.5971535
1663,MC1_K2_N2_L8_SP10_P4_R08,9a6120f63ce30a34381e46012257b92245d2e180dc9fa8a9c203f3c7041e47de,7ac5f2ed7f8b920df52a4e1cde4f3ee8f80b69a8208c8d8579b1925f9a445627,1,97995b9365c04701b632989427d99c8481f0952719edbbf4fe8966b9611ded12,6.21724893790088e-14,6.0898437
1664,MC1_K2_N2_L8_SP14_P4_R08,bda913235cf1a13bae90c2c44f15c1cd31bb4d05f2aa208fc5059a9b1f51cd94,7ac5f2ed7f8b920df52a4e1cde4f3ee8f80b69a8208c8d8579b1925f9a445627,1,e5e3e7f8280e186677f3b8dce1a440ac5b687850885072e0cbd3bd55f193be5c,5.15143483426073e-14,6.2628496
1665,MC1_K2_N2_L8_SP18_P4_R08,1aa76070a37a3aa569611c3cd94577e2816971c6d1b752405ee703b93e8f050f,7ac5f2ed7f8b920df52a4e1cde4f3ee8f80b69a8208c8d8579b1925f9a445627,1,77559b4ed3befede76b0ebfb5004e6ca9ab657193a9d4845eed644f5f8718ba7,4.61852778244065e-14,6.2670765
1666,MC1_K2_N2_L8_SP22_P4_R08,bab113a882f15170f597ae15640336dce85d1f68e3afc69f98172c8c6115b186,7ac5f2ed7f8b920df52a4e1cde4f3ee8f80b69a8208c8d8579b1925f9a445627,1,aa36f0a5113640d603b7733efd741f46931318958201e29bdfd9af4523095510,4.61852778244065e-14,6.4492078
1667,MC1_K2_N2_L8_SM6_P4_R09,7fa38be824fe31c77e22d1848748ee3136c386f3333edc5870c160de245a6a97,7ac5f2ed7f8b920df52a4e1cde4f3ee8f80b69a8208c8d8579b1925f9a445627,1,f471a51fbfcc755ab90726bcbf8f74a35d0a0adc6a5c6a3394af43a045311859,3.01980662698043e-14,2.3280755
1668,MC1_K2_N2_L8_SP0_P4_R09,5307aa5de40de4ac533ceec00ecbc5f14ebb566d9805c5ead53526cdfa4da13b,7ac5f2ed7f8b920df52a4e1cde4f3ee8f80b69a8208c8d8579b1925f9a445627,1,ef3d4d2606d86d1b0e71cbf8f4349d2b2d53515c5517afd484d0cbbd0c4171c4,2.41081866638321e-14,2.7215286
1669,MC1_K2_N2_L8_SP6_P4_R09,2935d8a2de1e134e6426dbfbf9d7dc35c2df4b5c90e5943960aa538fe5a8c78c,7ac5f2ed7f8b920df52a4e1cde4f3ee8f80b69a8208c8d8579b1925f9a445627,1,a14b0aa1238a80b50e4a24c705d4b517f7778d714761ebb9dee63da9c7f8f336,5.15143483426073e-14,5.4831944
1670,MC1_K2_N2_L8_SP10_P4_R09,dee023ffaa7adb795714a46c5ecc7a9c4366a4d6d5657d0a77951e3093288d0b,7ac5f2ed7f8b920df52a4e1cde4f3ee8f80b69a8208c8d8579b1925f9a445627,1,2b2382e50c1429a1a8a48b9a7f9d08907f7aa487a152ee45b48d2ead0d07a150,3.5527136788005e-15,5.6598867
1671,MC1_K2_N2_L8_SP14_P4_R09,4fa9e060ce7a2e3ab411b275c2e63eaf24d0942de58f8441c5684fc0867f84e1,7ac5f2ed7f8b920df52a4e1cde4f3ee8f80b69a8208c8d8579b1925f9a445627,1,95dcbb31a1b68532d994a3dc4e6aff800d892978a8f297117b8e4b470d828b81,3.01980662698043e-14,6.414448
1672,MC1_K2_N2_L8_SP18_P4_R09,50504c4d12a489b9c44b87364c2b4f8741514c88339855575f94747608a48da3,7ac5f2ed7f8b920df52a4e1cde4f3ee8f80b69a8208c8d8579b1925f9a445627,1,2cf1ea71cfe1ef98446453289c4ed166c0cd9b016d3904c47308b8486a930d05,8.17124146124115e-14,6.1772927
1673,MC1_K2_N2_L8_SP22_P4_R09,5b3f0725b86d0843d1fb80c8a85bf97284ad0bf6507cd6c51c12f443ce129624,7ac5f2ed7f8b920df52a4e1cde4f3ee8f80b69a8208c8d8579b1925f9a445627,1,1c6cbc68b88182f8e7583a6bb6ac2fb97eb1c87b37992d5c7b0d75b33fa973db,9.2370555648813e-14,6.2203235
1674,MC1_K2_N2_L8_SM6_P4_R10,24d49f4b6525ee73edf9256b4b03ae9b37b9e2beaefdac0c22a6ae0d7f1f75d2,7ac5f2ed7f8b920df52a4e1cde4f3ee8f80b69a8208c8d8579b1925f9a445627,1,a751a2a18b2145e892e8d096e86cceaaee6cccfa39a84d2ae25eca7e3148a592,5.95079541199084e-14,5.8219629
1675,MC1_K2_N2_L8_SP0_P4_R10,1f9466ff74ffbdfa3683e3a9794e6e27e51f595b4b325550a351f1e8f908c599,7ac5f2ed7f8b920df52a4e1cde4f3ee8f80b69a8208c8d8579b1925f9a445627,1,42c02c47154130cd0ab1567359559a9729e93a8fdd1e9649b259cf9f0145b039,8.58251445232434e-14,5.8056907
1676,MC1_K2_N2_L8_SP6_P4_R10,72e8abd1f10f8af5c6fb4d9a09e891ee8e50e36630e3aee6cdbef212840981a9,7ac5f2ed7f8b920df52a4e1cde4f3ee8f80b69a8208c8d8579b1925f9a445627,1,3c8d517453c43b6ac734830c74f71c82606fbdd716f092032a9e33015ee9e139,3.5527136788005e-15,6.4388339
1677,MC1_K2_N2_L8_SP10_P4_R10,b4764acde911ddd19af2e068f527e985d550f41c221f489dfd9738097badea0f,7ac5f2ed7f8b920df52a4e1cde4f3ee8f80b69a8208c8d8579b1925f9a445627,1,73c7e1bfe4472f66160967c20626eea9647863fe009403adc58d2a36a4333592,4.9737991503207e-14,6.5806281
1678,MC1_K2_N2_L8_SP14_P4_R10,6d416927b375fd9b7ad0db7cf91bb2894acb82b87710ad676faf6d4bcc93646d,7ac5f2ed7f8b920df52a4e1cde4f3ee8f80b69a8208c8d8579b1925f9a445627,1,442f27dfd8565229bcebbd8686d4bd71ad61d762795d7b408ea383399b3951d9,8.88178419700125e-14,6.4466803
1679,MC1_K2_N2_L8_SP18_P4_R10,1609a2fc1f0c7d99bd223befb5d36e2869022ab6c51f952363651f355e1b984d,7ac5f2ed7f8b920df52a4e1cde4f3ee8f80b69a8208c8d8579b1925f9a445627,1,45dda43ccca875c12812252a9f6ec50014383d72e893c9ab284cfbda9e7b6221,7.105427357601e-14,6.3990772
1680,MC1_K2_N2_L8_SP22_P4_R10,fe93511288ebfcdb0075f7a7504c09b72cea007f71fb4f982c197f327fd295e8,7ac5f2ed7f8b920df52a4e1cde4f3ee8f80b69a8208c8d8579b1925f9a445627,1,c0711ed0692362289a167b989dcd7335439a213a1d3a7b6301cb576a75dcf44a,8.17124146124115e-14,6.1147856
