scope_type,white_snr_db,profile_id,noise_profile_id,L,method_id,total_count,applicable_count,fit_valid_count,valid_rate,stationary_count,converged_count,max_sweep_valid_count,numerical_incomplete_count,median_joint_RMSE_deg,p90_joint_RMSE_deg,median_center_error_deg,p90_center_error_deg,median_axis_error_deg,p90_axis_error_deg,median_rho_error_deg,p90_rho_error_deg,median_rho_relative_error,p90_rho_relative_error,median_separation_vector_error_deg,p90_separation_vector_error_deg,median_score_call_count,median_SVD_call_count,median_eig_call_count,median_runtime_sec,p90_runtime_sec,paired_count,tangent_wins,ties,tangent_losses,non_tie_tangent_win_rate,median_paired_delta_deg,p90_paired_delta_deg,paired_tangent_median_RMSE_deg,paired_tangent_p90_RMSE_deg,paired_baseline_median_RMSE_deg,paired_baseline_p90_RMSE_deg,complete_likelihood_count,complete_tangent_median_RMSE_deg,complete_tangent_p90_RMSE_deg,complete_baseline_median_RMSE_deg,complete_baseline_p90_RMSE_deg,complete_wins,complete_ties,complete_losses,complete_median_delta_deg,complete_p90_delta_deg
EXACT_CELL,-6,P1,WHITE,1,TANGENT_PROFILE_SAFE,10,10,10,1,0,0,0,0,0.546119105088473,0.584715174098403,0.283132000150571,0.545492457945087,45,64.2479590583376,0.114958558739088,0.921388361860415,0.383195195796959,3.07129453953472,0.243978962605854,1.02556367999629,327.5,730.5,0,4.717509,5.49854674,0,0,0,0,NaN,NaN,NaN,NaN,NaN,NaN,NaN,0,NaN,NaN,NaN,NaN,0,0,0,NaN,NaN
EXACT_CELL,-6,P1,WHITE,1,FULL4D_BEAMSPACE_CML_MULTISTART,10,10,10,1,5,4,1,0,0.523666936592712,0.649454316209246,0.286990499547201,0.631978838773297,45,64.4033536811953,0.244148310641504,0.921388361860415,0.813827702138348,3.07129453953472,0.33421562455853,1.0255636799963,1795,3590,0,1.59526945,2.97553314,10,4,3,3,0.571428571428571,-3.88578058618805e-16,0.0999994037307722,0.546119105088473,0.584715174098403,0.523666936592712,0.649454316209246,10,0.546119105088473,0.584715174098403,0.523666936592712,0.649454316209246,4,3,3,-3.88578058618805e-16,0.0999994037307722
EXACT_CELL,-6,P1,WHITE,1,BEAMSPACE_MUSIC_K2,10,0,0,NaN,0,0,0,0,NaN,NaN,NaN,NaN,NaN,NaN,NaN,NaN,NaN,NaN,NaN,NaN,NaN,NaN,NaN,NaN,NaN,0,0,0,0,NaN,NaN,NaN,NaN,NaN,NaN,NaN,0,NaN,NaN,NaN,NaN,0,0,0,NaN,NaN
EXACT_CELL,-6,P1,WHITE,1,FULL4D_ELEMENT_CML_MULTISTART,10,0,0,NaN,0,0,0,0,NaN,NaN,NaN,NaN,NaN,NaN,NaN,NaN,NaN,NaN,NaN,NaN,NaN,NaN,NaN,NaN,NaN,0,0,0,0,NaN,NaN,NaN,NaN,NaN,NaN,NaN,0,NaN,NaN,NaN,NaN,0,0,0,NaN,NaN
EXACT_CELL,-6,P2,WHITE,1,TANGENT_PROFILE_SAFE,10,10,10,1,0,0,0,0,0.565616350468402,0.818535277187244,0.419535568042419,0.806225774829854,54.4506631594049,90,0.085783156508405,1.00165525060596,0.428915782542026,5.00827625302984,0.282842712474618,1.00198039027186,353,781,0,4.4424755,4.99518935,0,0,0,0,NaN,NaN,NaN,NaN,NaN,NaN,NaN,0,NaN,NaN,NaN,NaN,0,0,0,NaN,NaN
EXACT_CELL,-6,P2,WHITE,1,FULL4D_BEAMSPACE_CML_MULTISTART,10,10,10,1,5,0,5,0,0.6483465752845,0.801749024095447,0.601809473290969,0.794641928083592,54.1628296601799,77.9416348180307,0.0353545020234408,1.00165525060596,0.176772510117205,5.00827625302984,0.21420817895838,1.00198039027186,1799.5,3599,0,1.67616915,3.29872799,10,4,2,4,0.5,-1.11022302462516e-16,0.171433928216013,0.565616350468402,0.818535277187244,0.6483465752845,0.801749024095447,10,0.565616350468402,0.818535277187244,0.6483465752845,0.801749024095447,4,2,4,-1.11022302462516e-16,0.171433928216013
EXACT_CELL,-6,P2,WHITE,1,BEAMSPACE_MUSIC_K2,10,0,0,NaN,0,0,0,0,NaN,NaN,NaN,NaN,NaN,NaN,NaN,NaN,NaN,NaN,NaN,NaN,NaN,NaN,NaN,NaN,NaN,0,0,0,0,NaN,NaN,NaN,NaN,NaN,NaN,NaN,0,NaN,NaN,NaN,NaN,0,0,0,NaN,NaN
EXACT_CELL,-6,P2,WHITE,1,FULL4D_ELEMENT_CML_MULTISTART,10,0,0,NaN,0,0,0,0,NaN,NaN,NaN,NaN,NaN,NaN,NaN,NaN,NaN,NaN,NaN,NaN,NaN,NaN,NaN,NaN,NaN,0,0,0,0,NaN,NaN,NaN,NaN,NaN,NaN,NaN,0,NaN,NaN,NaN,NaN,0,0,0,NaN,NaN
EXACT_CELL,-6,P3,WHITE,1,TANGENT_PROFILE_SAFE,10,10,10,1,0,0,0,0,0.50062460986252,0.621787133803885,0.473606797749979,0.608992838087747,45,90,0.0914213562373098,0.372492235949962,0.609475708248739,2.48328157299977,0.206155281280883,0.409074456908955,333.5,741,0,4.2853059,4.36006594,0,0,0,0,NaN,NaN,NaN,NaN,NaN,NaN,NaN,0,NaN,NaN,NaN,NaN,0,0,0,NaN,NaN
EXACT_CELL,-6,P3,WHITE,1,FULL4D_BEAMSPACE_CML_MULTISTART,10,10,10,1,4,2,4,0,0.502376521119118,0.621817399128838,0.488993540822482,0.52129506902794,39.9864542944659,90,0.0730794454301743,0.239098433944069,0.487196302867833,1.59398955962714,0.149500813324192,0.316284273062372,2452.5,4905,0,2.21392125,4.52780869,10,4,2,4,0.5,-5.55111512312578e-17,0.146171645347802,0.50062460986252,0.621787133803885,0.502376521119118,0.621817399128838,10,0.50062460986252,0.621787133803885,0.502376521119118,0.621817399128838,4,2,4,-5.55111512312578e-17,0.146171645347802
EXACT_CELL,-6,P3,WHITE,1,BEAMSPACE_MUSIC_K2,10,0,0,NaN,0,0,0,0,NaN,NaN,NaN,NaN,NaN,NaN,NaN,NaN,NaN,NaN,NaN,NaN,NaN,NaN,NaN,NaN,NaN,0,0,0,0,NaN,NaN,NaN,NaN,NaN,NaN,NaN,0,NaN,NaN,NaN,NaN,0,0,0,NaN,NaN
EXACT_CELL,-6,P3,WHITE,1,FULL4D_ELEMENT_CML_MULTISTART,10,0,0,NaN,0,0,0,0,NaN,NaN,NaN,NaN,NaN,NaN,NaN,NaN,NaN,NaN,NaN,NaN,NaN,NaN,NaN,NaN,NaN,0,0,0,0,NaN,NaN,NaN,NaN,NaN,NaN,NaN,0,NaN,NaN,NaN,NaN,0,0,0,NaN,NaN
EXACT_CELL,-6,P4,WHITE,1,TANGENT_PROFILE_SAFE,10,10,10,1,0,0,0,0,0.507269132684986,0.660713774265768,0.46484698416096,0.656589105316382,45,73.4085460593702,0.182842712474618,0.365737789153329,1.82842712474619,3.65737789153329,0.199174968805836,0.438138278810826,336,745.5,0,4.3950362,4.86848007,0,0,0,0,NaN,NaN,NaN,NaN,NaN,NaN,NaN,0,NaN,NaN,NaN,NaN,0,0,0,NaN,NaN
EXACT_CELL,-6,P4,WHITE,1,FULL4D_BEAMSPACE_CML_MULTISTART,10,10,10,1,2,4,4,0,0.444582232746027,0.673466416936808,0.437453354211996,0.672467651870111,27.2749583984127,69.3141133726901,0.100468916155622,0.194816118614235,1.00468916155622,1.94816118614236,0.14146378427045,0.199772026882965,1886,3772,0,1.80112875,3.19271628,10,4,0,6,0.4,0.0117399364570256,0.356797427443181,0.507269132684986,0.660713774265768,0.444582232746027,0.673466416936808,10,0.507269132684986,0.660713774265768,0.444582232746027,0.673466416936808,4,0,6,0.0117399364570256,0.356797427443181
EXACT_CELL,-6,P4,WHITE,1,BEAMSPACE_MUSIC_K2,10,0,0,NaN,0,0,0,0,NaN,NaN,NaN,NaN,NaN,NaN,NaN,NaN,NaN,NaN,NaN,NaN,NaN,NaN,NaN,NaN,NaN,0,0,0,0,NaN,NaN,NaN,NaN,NaN,NaN,NaN,0,NaN,NaN,NaN,NaN,0,0,0,NaN,NaN
EXACT_CELL,-6,P4,WHITE,1,FULL4D_ELEMENT_CML_MULTISTART,10,0,0,NaN,0,0,0,0,NaN,NaN,NaN,NaN,NaN,NaN,NaN,NaN,NaN,NaN,NaN,NaN,NaN,NaN,NaN,NaN,NaN,0,0,0,0,NaN,NaN,NaN,NaN,NaN,NaN,NaN,0,NaN,NaN,NaN,NaN,0,0,0,NaN,NaN
EXACT_CELL,-6,P1,WHITE,4,TANGENT_PROFILE_SAFE,10,10,10,1,0,0,0,0,0.506380358794124,0.617484248029375,0.461106256960522,0.608276253029822,45,49.5,0.1,0.186491106406735,0.333333333333334,0.621637021355784,0.212478672477061,0.471636827772546,356,785,0,4.3139349,4.39425707,0,0,0,0,NaN,NaN,NaN,NaN,NaN,NaN,NaN,0,NaN,NaN,NaN,NaN,0,0,0,NaN,NaN
EXACT_CELL,-6,P1,WHITE,4,FULL4D_BEAMSPACE_CML_MULTISTART,10,10,10,1,2,4,4,0,0.440291026514232,0.649485013220726,0.422225706813201,0.632010471204453,44.6378468533789,60.8852049551726,0.0994173368881754,0.298985619729086,0.331391122960585,0.996618732430288,0.227821347511574,0.305297430276978,2330,4660,0,2.0465884,3.58925069,10,4,0,6,0.4,0.0446498792370238,0.295663532095025,0.506380358794124,0.617484248029375,0.440291026514232,0.649485013220726,10,0.506380358794124,0.617484248029375,0.440291026514232,0.649485013220726,4,0,6,0.0446498792370238,0.295663532095025
EXACT_CELL,-6,P1,WHITE,4,BEAMSPACE_MUSIC_K2,10,10,0,0,0,0,0,0,NaN,NaN,NaN,NaN,NaN,NaN,NaN,NaN,NaN,NaN,NaN,NaN,19521,0,1,0.0331025039285714,0.0415771339285714,0,0,0,0,NaN,NaN,NaN,NaN,NaN,NaN,NaN,0,NaN,NaN,NaN,NaN,0,0,0,NaN,NaN
EXACT_CELL,-6,P1,WHITE,4,FULL4D_ELEMENT_CML_MULTISTART,10,0,0,NaN,0,0,0,0,NaN,NaN,NaN,NaN,NaN,NaN,NaN,NaN,NaN,NaN,NaN,NaN,NaN,NaN,NaN,NaN,NaN,0,0,0,0,NaN,NaN,NaN,NaN,NaN,NaN,NaN,0,NaN,NaN,NaN,NaN,0,0,0,NaN,NaN
EXACT_CELL,-6,P2,WHITE,4,TANGENT_PROFILE_SAFE,10,10,10,1,0,0,0,0,0.505173079503934,0.715529657461661,0.356155281280883,0.709197201960697,45,90,0.140562491007567,0.435607988861049,0.702812455037837,2.17803994430526,0.282842712474618,0.510195532092651,384.5,843.5,0,4.32776595,4.39615976,0,0,0,0,NaN,NaN,NaN,NaN,NaN,NaN,NaN,0,NaN,NaN,NaN,NaN,0,0,0,NaN,NaN
EXACT_CELL,-6,P2,WHITE,4,FULL4D_BEAMSPACE_CML_MULTISTART,10,10,10,1,2,4,4,0,0.36969843621245,0.736424408209656,0.356641590170283,0.735687527824427,57.7459839215733,82.7332420296665,0.0468421536470001,0.220458434898586,0.234210768235001,1.10229217449294,0.200677921056226,0.288744236623581,1510.5,3021,0,1.44973175,3.31281746,10,4,0,6,0.4,0.0555920186729857,0.241675068155601,0.505173079503934,0.715529657461661,0.36969843621245,0.736424408209656,10,0.505173079503934,0.715529657461661,0.36969843621245,0.736424408209656,4,0,6,0.0555920186729857,0.241675068155601
EXACT_CELL,-6,P2,WHITE,4,BEAMSPACE_MUSIC_K2,10,10,0,0,0,0,0,0,NaN,NaN,NaN,NaN,NaN,NaN,NaN,NaN,NaN,NaN,NaN,NaN,19521,0,1,0.0336371539285714,0.0339117839285714,0,0,0,0,NaN,NaN,NaN,NaN,NaN,NaN,NaN,0,NaN,NaN,NaN,NaN,0,0,0,NaN,NaN
EXACT_CELL,-6,P2,WHITE,4,FULL4D_ELEMENT_CML_MULTISTART,10,0,0,NaN,0,0,0,0,NaN,NaN,NaN,NaN,NaN,NaN,NaN,NaN,NaN,NaN,NaN,NaN,NaN,NaN,NaN,NaN,NaN,0,0,0,0,NaN,NaN,NaN,NaN,NaN,NaN,NaN,0,NaN,NaN,NaN,NaN,0,0,0,NaN,NaN
EXACT_CELL,-6,P3,WHITE,4,TANGENT_PROFILE_SAFE,10,10,10,1,0,0,0,0,0.515388203202207,0.610009516526737,0.5,0.600827625302982,35.7825255885391,90,0.0500000000000016,0.297213595499959,0.333333333333347,1.98142396999974,0.249999999999999,0.328451879425971,365,808.5,0,4.25966465,4.31833792,0,0,0,0,NaN,NaN,NaN,NaN,NaN,NaN,NaN,0,NaN,NaN,NaN,NaN,0,0,0,NaN,NaN
EXACT_CELL,-6,P3,WHITE,4,FULL4D_BEAMSPACE_CML_MULTISTART,10,10,10,1,4,2,4,0,0.489762884807568,0.619833862878409,0.47223946236114,0.610946175145403,40.9455195318751,90,0.0647955494795355,0.255869614386838,0.431970329863574,1.7057974292456,0.183711560513156,0.259279697918133,2185.5,4371,0,2.16036005,2.9334121,10,4,1,5,0.444444444444444,0.00117917106576843,0.258121511288365,0.515388203202207,0.610009516526737,0.489762884807568,0.619833862878409,10,0.515388203202207,0.610009516526737,0.489762884807568,0.619833862878409,4,1,5,0.00117917106576843,0.258121511288365
EXACT_CELL,-6,P3,WHITE,4,BEAMSPACE_MUSIC_K2,10,10,0,0,0,0,0,0,NaN,NaN,NaN,NaN,NaN,NaN,NaN,NaN,NaN,NaN,NaN,NaN,19521,0,1,0.0337025539285714,0.0389636939285714,0,0,0,0,NaN,NaN,NaN,NaN,NaN,NaN,NaN,0,NaN,NaN,NaN,NaN,0,0,0,NaN,NaN
EXACT_CELL,-6,P3,WHITE,4,FULL4D_ELEMENT_CML_MULTISTART,10,0,0,NaN,0,0,0,0,NaN,NaN,NaN,NaN,NaN,NaN,NaN,NaN,NaN,NaN,NaN,NaN,NaN,NaN,NaN,NaN,NaN,0,0,0,0,NaN,NaN,NaN,NaN,NaN,NaN,NaN,0,NaN,NaN,NaN,NaN,0,0,0,NaN,NaN
EXACT_CELL,-6,P4,WHITE,4,TANGENT_PROFILE_SAFE,10,10,10,1,0,0,0,0,0.404654279160926,0.623307904053905,0.335410196624969,0.603718340429917,45,49.5,0.141421356237309,0.422492235949962,1.41421356237309,4.22492235949963,0.223681287910394,0.431535427732975,349,773,0,4.25931105,4.31831021,0,0,0,0,NaN,NaN,NaN,NaN,NaN,NaN,NaN,0,NaN,NaN,NaN,NaN,0,0,0,NaN,NaN
EXACT_CELL,-6,P4,WHITE,4,FULL4D_BEAMSPACE_CML_MULTISTART,10,10,10,1,3,3,4,0,0.493407746075167,0.59874605517339,0.402373062348134,0.533259549378586,45,72.1064529022047,0.116440229872693,0.417992423924801,1.16440229872693,4.17992423924802,0.205172594363838,0.427917009987195,2298,4596,0,2.08370535,3.86762477,10,6,1,3,0.666666666666667,-0.0158040454416605,0.0246069437703141,0.404654279160926,0.623307904053905,0.493407746075167,0.59874605517339,10,0.404654279160926,0.623307904053905,0.493407746075167,0.59874605517339,6,1,3,-0.0158040454416605,0.0246069437703141
EXACT_CELL,-6,P4,WHITE,4,BEAMSPACE_MUSIC_K2,10,10,0,0,0,0,0,0,NaN,NaN,NaN,NaN,NaN,NaN,NaN,NaN,NaN,NaN,NaN,NaN,19521,0,1,0.0333323539285714,0.0347330539285714,0,0,0,0,NaN,NaN,NaN,NaN,NaN,NaN,NaN,0,NaN,NaN,NaN,NaN,0,0,0,NaN,NaN
EXACT_CELL,-6,P4,WHITE,4,FULL4D_ELEMENT_CML_MULTISTART,10,0,0,NaN,0,0,0,0,NaN,NaN,NaN,NaN,NaN,NaN,NaN,NaN,NaN,NaN,NaN,NaN,NaN,NaN,NaN,NaN,NaN,0,0,0,0,NaN,NaN,NaN,NaN,NaN,NaN,NaN,0,NaN,NaN,NaN,NaN,0,0,0,NaN,NaN
EXACT_CELL,-6,P1,WHITE,8,TANGENT_PROFILE_SAFE,10,10,10,1,0,0,0,0,0.314420720839468,0.548895979730589,0.300000000000001,0.53851648071345,22.5000000000001,49.5,0.147213595499958,0.272362435657682,0.49071198499986,0.907874785525607,0.212478672477061,0.390482947410213,401,874.5,0,4.32249425,4.69527785,0,0,0,0,NaN,NaN,NaN,NaN,NaN,NaN,NaN,0,NaN,NaN,NaN,NaN,0,0,0,NaN,NaN
EXACT_CELL,-6,P1,WHITE,8,FULL4D_BEAMSPACE_CML_MULTISTART,10,10,10,1,2,5,3,0,0.300662665428232,0.515530184454821,0.284459660289277,0.50453237322443,28.4775672916025,50.1309054097677,0.096173286892938,0.103067722495523,0.320577622976461,0.343559074985078,0.16075895555362,0.229764342401347,2689,5378,0,2.4673684,3.77428957,10,4,1,5,0.444444444444444,0.0127496330662099,0.0732204389704253,0.314420720839468,0.548895979730589,0.300662665428232,0.515530184454821,10,0.314420720839468,0.548895979730589,0.300662665428232,0.515530184454821,4,1,5,0.0127496330662099,0.0732204389704253
EXACT_CELL,-6,P1,WHITE,8,BEAMSPACE_MUSIC_K2,10,10,0,0,0,0,0,0,NaN,NaN,NaN,NaN,NaN,NaN,NaN,NaN,NaN,NaN,NaN,NaN,19521,0,1,0.0335067039285714,0.0350318739285714,0,0,0,0,NaN,NaN,NaN,NaN,NaN,NaN,NaN,0,NaN,NaN,NaN,NaN,0,0,0,NaN,NaN
EXACT_CELL,-6,P1,WHITE,8,FULL4D_ELEMENT_CML_MULTISTART,10,0,0,NaN,0,0,0,0,NaN,NaN,NaN,NaN,NaN,NaN,NaN,NaN,NaN,NaN,NaN,NaN,NaN,NaN,NaN,NaN,NaN,0,0,0,0,NaN,NaN,NaN,NaN,NaN,NaN,NaN,0,NaN,NaN,NaN,NaN,0,0,0,NaN,NaN
EXACT_CELL,-6,P2,WHITE,8,TANGENT_PROFILE_SAFE,10,10,10,1,0,0,0,0,0.360555127546399,0.521505366114942,0.339971105402481,0.438309532279991,58.4724714676302,79.2921649262041,0.157029373110797,0.313757492758477,0.785146865553986,1.56878746379239,0.303619665020166,0.432111025509279,431,935.5,0,4.22603285,4.29565606,0,0,0,0,NaN,NaN,NaN,NaN,NaN,NaN,NaN,0,NaN,NaN,NaN,NaN,0,0,0,NaN,NaN
EXACT_CELL,-6,P2,WHITE,8,FULL4D_BEAMSPACE_CML_MULTISTART,10,10,10,1,4,5,1,0,0.434328616936229,0.496126017141271,0.38017669466002,0.476410542501587,61.1756832979306,79.75619958726,0.0366845499042762,0.255254697556708,0.183422749521382,1.27627348778354,0.226707017851135,0.320388587808193,2281.5,4563,0,2.0569273,2.70477868,10,4,0,6,0.4,0.0165797997009936,0.0956457233458519,0.360555127546399,0.521505366114942,0.434328616936229,0.496126017141271,10,0.360555127546399,0.521505366114942,0.434328616936229,0.496126017141271,4,0,6,0.0165797997009936,0.0956457233458519
EXACT_CELL,-6,P2,WHITE,8,BEAMSPACE_MUSIC_K2,10,10,0,0,0,0,0,0,NaN,NaN,NaN,NaN,NaN,NaN,NaN,NaN,NaN,NaN,NaN,NaN,19521,0,1,0.0337062539285714,0.0421537339285714,0,0,0,0,NaN,NaN,NaN,NaN,NaN,NaN,NaN,0,NaN,NaN,NaN,NaN,0,0,0,NaN,NaN
EXACT_CELL,-6,P2,WHITE,8,FULL4D_ELEMENT_CML_MULTISTART,10,0,0,NaN,0,0,0,0,NaN,NaN,NaN,NaN,NaN,NaN,NaN,NaN,NaN,NaN,NaN,NaN,NaN,NaN,NaN,NaN,NaN,0,0,0,0,NaN,NaN,NaN,NaN,NaN,NaN,NaN,0,NaN,NaN,NaN,NaN,0,0,0,NaN,NaN
EXACT_CELL,-6,P3,WHITE,8,TANGENT_PROFILE_SAFE,10,10,10,1,0,0,0,0,0.387244299208241,0.526409646632119,0.358113883008419,0.503851648071345,26.5650511770781,73.4085460593702,0.273606797749979,0.491321004339589,1.82404531833321,3.27547336226395,0.285078105935822,0.606871756045653,357.5,791.5,0,4.2387537,4.34228534,0,0,0,0,NaN,NaN,NaN,NaN,NaN,NaN,NaN,0,NaN,NaN,NaN,NaN,0,0,0,NaN,NaN
EXACT_CELL,-6,P3,WHITE,8,FULL4D_BEAMSPACE_CML_MULTISTART,10,10,10,1,3,7,0,0,0.286071166482274,0.515911986327978,0.225679119967109,0.454438402583379,24.232941792041,76.4120047156176,0.0799662856554503,0.415634856459039,0.53310857103634,2.77089904306028,0.131467353687557,0.541532447793014,1394.5,2789,0,1.24743265,1.86977922,10,4,1,5,0.444444444444444,0.00304281639479384,0.150028931016484,0.387244299208241,0.526409646632119,0.286071166482274,0.515911986327978,10,0.387244299208241,0.526409646632119,0.286071166482274,0.515911986327978,4,1,5,0.00304281639479384,0.150028931016484
EXACT_CELL,-6,P3,WHITE,8,BEAMSPACE_MUSIC_K2,10,10,0,0,0,0,0,0,NaN,NaN,NaN,NaN,NaN,NaN,NaN,NaN,NaN,NaN,NaN,NaN,19521,0,1,0.0331814539285714,0.0336117539285714,0,0,0,0,NaN,NaN,NaN,NaN,NaN,NaN,NaN,0,NaN,NaN,NaN,NaN,0,0,0,NaN,NaN
EXACT_CELL,-6,P3,WHITE,8,FULL4D_ELEMENT_CML_MULTISTART,10,0,0,NaN,0,0,0,0,NaN,NaN,NaN,NaN,NaN,NaN,NaN,NaN,NaN,NaN,NaN,NaN,NaN,NaN,NaN,NaN,NaN,0,0,0,0,NaN,NaN,NaN,NaN,NaN,NaN,NaN,0,NaN,NaN,NaN,NaN,0,0,0,NaN,NaN
EXACT_CELL,-6,P4,WHITE,8,TANGENT_PROFILE_SAFE,10,10,10,1,0,0,0,0,0.527189654856897,0.623211163638424,0.522015325445528,0.603718340429917,45,72.2775528119681,0.265028153987288,0.668999229583518,2.65028153987288,6.68999229583519,0.268302097315594,0.750637144868046,353,781.5,0,4.16259445,4.31472156,0,0,0,0,NaN,NaN,NaN,NaN,NaN,NaN,NaN,0,NaN,NaN,NaN,NaN,0,0,0,NaN,NaN
EXACT_CELL,-6,P4,WHITE,8,FULL4D_BEAMSPACE_CML_MULTISTART,10,10,10,1,3,4,3,0,0.239825207071475,0.628578116784808,0.234550521091547,0.62045162355388,45.4681256859337,75.0138063142583,0.112093965902114,0.414167238468302,1.12093965902114,4.14167238468303,0.152056626008163,0.42494486511155,1720,3440,0,1.51870745,3.2597764,10,1,2,7,0.125,0.0987809280527289,0.330741067138172,0.527189654856897,0.623211163638424,0.239825207071475,0.628578116784808,10,0.527189654856897,0.623211163638424,0.239825207071475,0.628578116784808,1,2,7,0.0987809280527289,0.330741067138172
EXACT_CELL,-6,P4,WHITE,8,BEAMSPACE_MUSIC_K2,10,10,0,0,0,0,0,0,NaN,NaN,NaN,NaN,NaN,NaN,NaN,NaN,NaN,NaN,NaN,NaN,19521,0,1,0.0333187039285714,0.0337132639285714,0,0,0,0,NaN,NaN,NaN,NaN,NaN,NaN,NaN,0,NaN,NaN,NaN,NaN,0,0,0,NaN,NaN
EXACT_CELL,-6,P4,WHITE,8,FULL4D_ELEMENT_CML_MULTISTART,10,0,0,NaN,0,0,0,0,NaN,NaN,NaN,NaN,NaN,NaN,NaN,NaN,NaN,NaN,NaN,NaN,NaN,NaN,NaN,NaN,NaN,0,0,0,0,NaN,NaN,NaN,NaN,NaN,NaN,NaN,0,NaN,NaN,NaN,NaN,0,0,0,NaN,NaN
EXACT_CELL,-6,P1,STAGE5_TOEPLITZ_CORRELATED,1,TANGENT_PROFILE_SAFE,10,10,10,1,0,0,0,0,0.509974110253459,0.617484248029375,0.504950975679639,0.608276253029822,40.2688388959872,47.6565051177078,0.1,0.224147486555925,0.333333333333334,0.747158288519752,0.212478672477061,0.506432836971678,334.5,743,0,4.1851737,4.23513007,0,0,0,0,NaN,NaN,NaN,NaN,NaN,NaN,NaN,0,NaN,NaN,NaN,NaN,0,0,0,NaN,NaN
EXACT_CELL,-6,P1,STAGE5_TOEPLITZ_CORRELATED,1,FULL4D_BEAMSPACE_CML_MULTISTART,10,10,10,1,2,5,3,0,0.514433339800054,0.587475946968381,0.514231000878314,0.573587873472297,30.9121347891717,48.0409595401158,0.0950698278300807,0.359286801077592,0.316899426100269,1.19762267025864,0.162072622906053,0.386425695174809,1538.5,3077,0,1.3460891,2.7837053,10,6,0,4,0.6,-0.00438112883018149,0.138213020307029,0.509974110253459,0.617484248029375,0.514433339800054,0.587475946968381,10,0.509974110253459,0.617484248029375,0.514433339800054,0.587475946968381,6,0,4,-0.00438112883018149,0.138213020307029
EXACT_CELL,-6,P1,STAGE5_TOEPLITZ_CORRELATED,1,BEAMSPACE_MUSIC_K2,10,0,0,NaN,0,0,0,0,NaN,NaN,NaN,NaN,NaN,NaN,NaN,NaN,NaN,NaN,NaN,NaN,NaN,NaN,NaN,NaN,NaN,0,0,0,0,NaN,NaN,NaN,NaN,NaN,NaN,NaN,0,NaN,NaN,NaN,NaN,0,0,0,NaN,NaN
EXACT_CELL,-6,P1,STAGE5_TOEPLITZ_CORRELATED,1,FULL4D_ELEMENT_CML_MULTISTART,10,0,0,NaN,0,0,0,0,NaN,NaN,NaN,NaN,NaN,NaN,NaN,NaN,NaN,NaN,NaN,NaN,NaN,NaN,NaN,NaN,NaN,0,0,0,0,NaN,NaN,NaN,NaN,NaN,NaN,NaN,0,NaN,NaN,NaN,NaN,0,0,0,NaN,NaN
EXACT_CELL,-6,P2,STAGE5_TOEPLITZ_CORRELATED,1,TANGENT_PROFILE_SAFE,10,10,10,1,0,0,0,0,0.398222510950233,0.643903347574579,0.386432845054082,0.628071205209825,85.2972674654442,90,0,0.247213595499957,0,1.23606797749979,0.282842712474618,0.399999999999999,340,753.5,0,4.171513,4.26750454,0,0,0,0,NaN,NaN,NaN,NaN,NaN,NaN,NaN,0,NaN,NaN,NaN,NaN,0,0,0,NaN,NaN
EXACT_CELL,-6,P2,STAGE5_TOEPLITZ_CORRELATED,1,FULL4D_BEAMSPACE_CML_MULTISTART,10,10,10,1,5,3,2,0,0.411131052885517,0.703359763855817,0.389986148132095,0.672984173350681,75.5314407761606,90,0.0683851692310378,0.210149285104399,0.34192584615519,1.050746425522,0.227551117052163,0.402380250901337,1634.5,3269,0,1.42467095,2.16678899,10,6,1,3,0.666666666666667,-0.00643568603327799,0.12467482087432,0.398222510950233,0.643903347574579,0.411131052885517,0.703359763855817,10,0.398222510950233,0.643903347574579,0.411131052885517,0.703359763855817,6,1,3,-0.00643568603327799,0.12467482087432
EXACT_CELL,-6,P2,STAGE5_TOEPLITZ_CORRELATED,1,BEAMSPACE_MUSIC_K2,10,0,0,NaN,0,0,0,0,NaN,NaN,NaN,NaN,NaN,NaN,NaN,NaN,NaN,NaN,NaN,NaN,NaN,NaN,NaN,NaN,NaN,0,0,0,0,NaN,NaN,NaN,NaN,NaN,NaN,NaN,0,NaN,NaN,NaN,NaN,0,0,0,NaN,NaN
EXACT_CELL,-6,P2,STAGE5_TOEPLITZ_CORRELATED,1,FULL4D_ELEMENT_CML_MULTISTART,10,0,0,NaN,0,0,0,0,NaN,NaN,NaN,NaN,NaN,NaN,NaN,NaN,NaN,NaN,NaN,NaN,NaN,NaN,NaN,NaN,NaN,0,0,0,0,NaN,NaN,NaN,NaN,NaN,NaN,NaN,0,NaN,NaN,NaN,NaN,0,0,0,NaN,NaN
EXACT_CELL,-6,P3,STAGE5_TOEPLITZ_CORRELATED,1,TANGENT_PROFILE_SAFE,10,10,10,1,0,0,0,0,0.479781801814832,0.686974494299694,0.358113883008419,0.55746593153491,35.7825255885391,77.3673808788662,0.22297478611676,1.05649110640674,1.48649857411174,7.04327404271164,0.263155746576263,1.21098130274161,334.5,743.5,0,4.144462,4.19422415,0,0,0,0,NaN,NaN,NaN,NaN,NaN,NaN,NaN,0,NaN,NaN,NaN,NaN,0,0,0,NaN,NaN
EXACT_CELL,-6,P3,STAGE5_TOEPLITZ_CORRELATED,1,FULL4D_BEAMSPACE_CML_MULTISTART,10,10,10,1,7,0,3,0,0.49094367252137,0.689397192883006,0.426256059582191,0.539003045501839,35.0037205049999,75.5596349526792,0.128704179452225,1.05649110640674,0.858027863014839,7.04327404271164,0.174218868667805,1.21098130274162,1807,3614,0,1.55983555,3.11426557,10,4,2,4,0.5,5.55111512312578e-17,0.0438781528883115,0.479781801814832,0.686974494299694,0.49094367252137,0.689397192883006,10,0.479781801814832,0.686974494299694,0.49094367252137,0.689397192883006,4,2,4,5.55111512312578e-17,0.0438781528883115
EXACT_CELL,-6,P3,STAGE5_TOEPLITZ_CORRELATED,1,BEAMSPACE_MUSIC_K2,10,0,0,NaN,0,0,0,0,NaN,NaN,NaN,NaN,NaN,NaN,NaN,NaN,NaN,NaN,NaN,NaN,NaN,NaN,NaN,NaN,NaN,0,0,0,0,NaN,NaN,NaN,NaN,NaN,NaN,NaN,0,NaN,NaN,NaN,NaN,0,0,0,NaN,NaN
EXACT_CELL,-6,P3,STAGE5_TOEPLITZ_CORRELATED,1,FULL4D_ELEMENT_CML_MULTISTART,10,0,0,NaN,0,0,0,0,NaN,NaN,NaN,NaN,NaN,NaN,NaN,NaN,NaN,NaN,NaN,NaN,NaN,NaN,NaN,NaN,NaN,0,0,0,0,NaN,NaN,NaN,NaN,NaN,NaN,NaN,0,NaN,NaN,NaN,NaN,0,0,0,NaN,NaN
EXACT_CELL,-6,P4,STAGE5_TOEPLITZ_CORRELATED,1,TANGENT_PROFILE_SAFE,10,10,10,1,0,0,0,0,0.610278086678493,0.660713774265768,0.381305191945423,0.656589105316382,45,90,0.141421356237309,1.16491106406735,1.41421356237309,11.6491106406735,0.223681287910394,1.18103323502062,358,792,0,4.25273845,4.31187262,0,0,0,0,NaN,NaN,NaN,NaN,NaN,NaN,NaN,0,NaN,NaN,NaN,NaN,0,0,0,NaN,NaN
EXACT_CELL,-6,P4,STAGE5_TOEPLITZ_CORRELATED,1,FULL4D_BEAMSPACE_CML_MULTISTART,10,10,10,1,4,2,4,0,0.561291557942317,0.645031630702413,0.395407760367513,0.637398581793314,47.0225186941421,70.6750997920965,0.115956312296992,1.16491106406735,1.15956312296992,11.6491106406735,0.20210908016206,1.18103323502062,1992,3984,0,1.78267995,3.57445724,10,2,3,5,0.285714285714286,0.00403431612983313,0.247255711344614,0.610278086678493,0.660713774265768,0.561291557942317,0.645031630702413,10,0.610278086678493,0.660713774265768,0.561291557942317,0.645031630702413,2,3,5,0.00403431612983313,0.247255711344614
EXACT_CELL,-6,P4,STAGE5_TOEPLITZ_CORRELATED,1,BEAMSPACE_MUSIC_K2,10,0,0,NaN,0,0,0,0,NaN,NaN,NaN,NaN,NaN,NaN,NaN,NaN,NaN,NaN,NaN,NaN,NaN,NaN,NaN,NaN,NaN,0,0,0,0,NaN,NaN,NaN,NaN,NaN,NaN,NaN,0,NaN,NaN,NaN,NaN,0,0,0,NaN,NaN
EXACT_CELL,-6,P4,STAGE5_TOEPLITZ_CORRELATED,1,FULL4D_ELEMENT_CML_MULTISTART,10,0,0,NaN,0,0,0,0,NaN,NaN,NaN,NaN,NaN,NaN,NaN,NaN,NaN,NaN,NaN,NaN,NaN,NaN,NaN,NaN,NaN,0,0,0,0,NaN,NaN,NaN,NaN,NaN,NaN,NaN,0,NaN,NaN,NaN,NaN,0,0,0,NaN,NaN
EXACT_CELL,-6,P1,STAGE5_TOEPLITZ_CORRELATED,4,TANGENT_PROFILE_SAFE,10,10,10,1,0,0,0,0,0.31729998603709,0.556748424802938,0.245508300426165,0.545492457945087,45,89.9999999999999,0.1,0.365591106406736,0.333333333333334,1.21863702135579,0.299241771985796,0.508195912462299,379.5,833.5,0,4.37005675,4.58857575,0,0,0,0,NaN,NaN,NaN,NaN,NaN,NaN,NaN,0,NaN,NaN,NaN,NaN,0,0,0,NaN,NaN
EXACT_CELL,-6,P1,STAGE5_TOEPLITZ_CORRELATED,4,FULL4D_BEAMSPACE_CML_MULTISTART,10,10,10,1,4,2,4,0,0.285853286322056,0.64843445202193,0.204431587540637,0.631101202084918,42.9985463458227,83.4397203208097,0.108411459251196,0.365588854101719,0.361371530837321,1.2186295136724,0.298490258455447,0.47629960249365,2254.5,4509,0,1.88394515,3.19968893,10,5,1,4,0.555555555555556,-0.00143679299353477,0.106232220328333,0.31729998603709,0.556748424802938,0.285853286322056,0.64843445202193,10,0.31729998603709,0.556748424802938,0.285853286322056,0.64843445202193,5,1,4,-0.00143679299353477,0.106232220328333
EXACT_CELL,-6,P1,STAGE5_TOEPLITZ_CORRELATED,4,BEAMSPACE_MUSIC_K2,10,10,0,0,0,0,0,0,NaN,NaN,NaN,NaN,NaN,NaN,NaN,NaN,NaN,NaN,NaN,NaN,19521,0,1,0.0327185580357143,0.0330251980357143,0,0,0,0,NaN,NaN,NaN,NaN,NaN,NaN,NaN,0,NaN,NaN,NaN,NaN,0,0,0,NaN,NaN
EXACT_CELL,-6,P1,STAGE5_TOEPLITZ_CORRELATED,4,FULL4D_ELEMENT_CML_MULTISTART,10,0,0,NaN,0,0,0,0,NaN,NaN,NaN,NaN,NaN,NaN,NaN,NaN,NaN,NaN,NaN,NaN,NaN,NaN,NaN,NaN,NaN,0,0,0,0,NaN,NaN,NaN,NaN,NaN,NaN,NaN,0,NaN,NaN,NaN,NaN,0,0,0,NaN,NaN
EXACT_CELL,-6,P2,STAGE5_TOEPLITZ_CORRELATED,4,TANGENT_PROFILE_SAFE,10,10,10,1,0,0,0,0,0.360555127546399,0.574456264653802,0.249999999999999,0.301622776601685,44.9999999999999,63.434948822922,0.247213595499957,1.06491106406735,1.23606797749979,5.32455532033678,0.399999999999999,1.0770329614269,380.5,834,0,4.473993,4.73240476,0,0,0,0,NaN,NaN,NaN,NaN,NaN,NaN,NaN,0,NaN,NaN,NaN,NaN,0,0,0,NaN,NaN
EXACT_CELL,-6,P2,STAGE5_TOEPLITZ_CORRELATED,4,FULL4D_BEAMSPACE_CML_MULTISTART,10,10,10,1,2,3,5,0,0.319210931140388,0.589335786281734,0.239260315562672,0.397126098387487,56.4849762784702,62.4828717366066,0.0412598383015586,0.962354621548509,0.206299191507794,4.81177310774256,0.211818655274237,0.977040493047598,2246,4492,0,2.0441459,3.38280614,10,5,1,4,0.555555555555556,-0.00508608226097607,0.156419176478755,0.360555127546399,0.574456264653802,0.319210931140388,0.589335786281734,10,0.360555127546399,0.574456264653802,0.319210931140388,0.589335786281734,5,1,4,-0.00508608226097607,0.156419176478755
EXACT_CELL,-6,P2,STAGE5_TOEPLITZ_CORRELATED,4,BEAMSPACE_MUSIC_K2,10,10,0,0,0,0,0,0,NaN,NaN,NaN,NaN,NaN,NaN,NaN,NaN,NaN,NaN,NaN,NaN,19521,0,1,0.0324395580357143,0.0330111480357143,0,0,0,0,NaN,NaN,NaN,NaN,NaN,NaN,NaN,0,NaN,NaN,NaN,NaN,0,0,0,NaN,NaN
EXACT_CELL,-6,P2,STAGE5_TOEPLITZ_CORRELATED,4,FULL4D_ELEMENT_CML_MULTISTART,10,0,0,NaN,0,0,0,0,NaN,NaN,NaN,NaN,NaN,NaN,NaN,NaN,NaN,NaN,NaN,NaN,NaN,NaN,NaN,NaN,NaN,0,0,0,0,NaN,NaN,NaN,NaN,NaN,NaN,NaN,0,NaN,NaN,NaN,NaN,0,0,0,NaN,NaN
EXACT_CELL,-6,P3,STAGE5_TOEPLITZ_CORRELATED,4,TANGENT_PROFILE_SAFE,10,10,10,1,0,0,0,0,0.545194101601103,0.634325273463191,0.430277563773199,0.608276253029822,48.2339898066402,90,0.222979453697316,0.372492235949963,1.48652969131546,2.48328157299978,0.285078105935821,0.483735464897913,358.5,791.5,0,4.418159,4.93715228,0,0,0,0,NaN,NaN,NaN,NaN,NaN,NaN,NaN,0,NaN,NaN,NaN,NaN,0,0,0,NaN,NaN
EXACT_CELL,-6,P3,STAGE5_TOEPLITZ_CORRELATED,4,FULL4D_BEAMSPACE_CML_MULTISTART,10,10,10,1,4,3,3,0,0.469830615471379,0.710297320458499,0.373194449044496,0.706340396996918,48.0250679482117,90,0.101364103569271,0.290050970116131,0.675760690461814,1.93367313410756,0.149694587010843,0.389369377050218,2039.5,4079,0,1.74051935,3.22504202,10,4,2,4,0.5,-5.55111512312578e-17,0.321715524055093,0.545194101601103,0.634325273463191,0.469830615471379,0.710297320458499,10,0.545194101601103,0.634325273463191,0.469830615471379,0.710297320458499,4,2,4,-5.55111512312578e-17,0.321715524055093
EXACT_CELL,-6,P3,STAGE5_TOEPLITZ_CORRELATED,4,BEAMSPACE_MUSIC_K2,10,10,0,0,0,0,0,0,NaN,NaN,NaN,NaN,NaN,NaN,NaN,NaN,NaN,NaN,NaN,NaN,19521,0,1,0.0329164580357143,0.0335945180357143,0,0,0,0,NaN,NaN,NaN,NaN,NaN,NaN,NaN,0,NaN,NaN,NaN,NaN,0,0,0,NaN,NaN
EXACT_CELL,-6,P3,STAGE5_TOEPLITZ_CORRELATED,4,FULL4D_ELEMENT_CML_MULTISTART,10,0,0,NaN,0,0,0,0,NaN,NaN,NaN,NaN,NaN,NaN,NaN,NaN,NaN,NaN,NaN,NaN,NaN,NaN,NaN,NaN,NaN,0,0,0,0,NaN,NaN,NaN,NaN,NaN,NaN,NaN,0,NaN,NaN,NaN,NaN,0,0,0,NaN,NaN
EXACT_CELL,-6,P4,STAGE5_TOEPLITZ_CORRELATED,4,TANGENT_PROFILE_SAFE,10,10,10,1,0,0,0,0,0.3994371240635,0.622196873485848,0.255146703897898,0.603718340429918,46.6631022598867,73.4085460593703,0.255083806213225,0.995820771690945,2.55083806213226,9.95820771690947,0.315368067060461,1.00966150287229,337,750,0,4.41619025,5.18983693,0,0,0,0,NaN,NaN,NaN,NaN,NaN,NaN,NaN,0,NaN,NaN,NaN,NaN,0,0,0,NaN,NaN
EXACT_CELL,-6,P4,STAGE5_TOEPLITZ_CORRELATED,4,FULL4D_BEAMSPACE_CML_MULTISTART,10,10,10,1,2,4,4,0,0.278408040543369,0.62415887781718,0.251403209518067,0.520311441696108,42.2582886520641,71.860045961432,0.109551264204114,0.995820771690945,1.09551264204114,9.95820771690947,0.167829078608492,1.00966150287229,2162.5,4325,0,2.58182225,3.53117513,10,2,2,6,0.25,0.00908461473999987,0.116791589845648,0.3994371240635,0.622196873485848,0.278408040543369,0.62415887781718,10,0.3994371240635,0.622196873485848,0.278408040543369,0.62415887781718,2,2,6,0.00908461473999987,0.116791589845648
EXACT_CELL,-6,P4,STAGE5_TOEPLITZ_CORRELATED,4,BEAMSPACE_MUSIC_K2,10,10,0,0,0,0,0,0,NaN,NaN,NaN,NaN,NaN,NaN,NaN,NaN,NaN,NaN,NaN,NaN,19521,0,1,0.0373852080357143,0.0419599280357143,0,0,0,0,NaN,NaN,NaN,NaN,NaN,NaN,NaN,0,NaN,NaN,NaN,NaN,0,0,0,NaN,NaN
EXACT_CELL,-6,P4,STAGE5_TOEPLITZ_CORRELATED,4,FULL4D_ELEMENT_CML_MULTISTART,10,0,0,NaN,0,0,0,0,NaN,NaN,NaN,NaN,NaN,NaN,NaN,NaN,NaN,NaN,NaN,NaN,NaN,NaN,NaN,NaN,NaN,0,0,0,0,NaN,NaN,NaN,NaN,NaN,NaN,NaN,0,NaN,NaN,NaN,NaN,0,0,0,NaN,NaN
EXACT_CELL,-6,P1,STAGE5_TOEPLITZ_CORRELATED,8,TANGENT_PROFILE_SAFE,10,10,10,1,0,0,0,0,0.342856907890887,0.435627003313612,0.27207170709906,0.422069701441517,32.8246495162605,85.5780932143736,0.147213595499958,0.321562112512352,0.49071198499986,1.07187370837451,0.250456163004316,0.429878820186625,405,881.5,0,4.37937475,4.47881135,0,0,0,0,NaN,NaN,NaN,NaN,NaN,NaN,NaN,0,NaN,NaN,NaN,NaN,0,0,0,NaN,NaN
EXACT_CELL,-6,P1,STAGE5_TOEPLITZ_CORRELATED,8,FULL4D_BEAMSPACE_CML_MULTISTART,10,10,10,1,2,2,6,1,0.403023690333253,0.609870246942642,0.350485460483059,0.598021590953468,28.7239723676919,82.2844269095475,0.115754481580625,0.345309183327613,0.385848271935417,1.15103061109205,0.265556728218254,0.412187721376712,3206.5,6413,0,2.8304277,4.49106396,10,7,0,3,0.7,-0.0359738167754025,0.0418258838513629,0.342856907890887,0.435627003313612,0.403023690333253,0.609870246942642,9,0.369369710211893,0.448335114056544,0.411673471605639,0.614262439120674,7,0,2,-0.056026872332701,0.0442869268670094
EXACT_CELL,-6,P1,STAGE5_TOEPLITZ_CORRELATED,8,BEAMSPACE_MUSIC_K2,10,10,0,0,0,0,0,0,NaN,NaN,NaN,NaN,NaN,NaN,NaN,NaN,NaN,NaN,NaN,NaN,19521,0,1,0.0327865580357143,0.0407569480357143,0,0,0,0,NaN,NaN,NaN,NaN,NaN,NaN,NaN,0,NaN,NaN,NaN,NaN,0,0,0,NaN,NaN
EXACT_CELL,-6,P1,STAGE5_TOEPLITZ_CORRELATED,8,FULL4D_ELEMENT_CML_MULTISTART,10,0,0,NaN,0,0,0,0,NaN,NaN,NaN,NaN,NaN,NaN,NaN,NaN,NaN,NaN,NaN,NaN,NaN,NaN,NaN,NaN,NaN,0,0,0,0,NaN,NaN,NaN,NaN,NaN,NaN,NaN,0,NaN,NaN,NaN,NaN,0,0,0,NaN,NaN
EXACT_CELL,-6,P2,STAGE5_TOEPLITZ_CORRELATED,8,TANGENT_PROFILE_SAFE,10,10,10,1,0,0,0,0,0.331662479035539,0.397300713684564,0.258113883008418,0.357406088307959,44.9999999999999,49.5,0.082842712474619,0.528999229583518,0.414213562373096,2.6449961479176,0.199999999999999,0.569116882454313,378,832.5,0,4.46765405,5.26549479,0,0,0,0,NaN,NaN,NaN,NaN,NaN,NaN,NaN,0,NaN,NaN,NaN,NaN,0,0,0,NaN,NaN
EXACT_CELL,-6,P2,STAGE5_TOEPLITZ_CORRELATED,8,FULL4D_BEAMSPACE_CML_MULTISTART,10,10,10,1,3,5,2,0,0.256885060386568,0.361162031884157,0.195457310401151,0.323822141745254,49.6124421803792,83.5896448669531,0.0688606665196474,0.589462848465329,0.344303332598238,2.94731424232666,0.211556466448786,0.602425744258594,1931,3862,0,1.85870255,2.96960753,10,5,1,4,0.555555555555556,-0.000611079139266321,0.15581040053289,0.331662479035539,0.397300713684564,0.256885060386568,0.361162031884157,10,0.331662479035539,0.397300713684564,0.256885060386568,0.361162031884157,5,1,4,-0.000611079139266321,0.15581040053289
EXACT_CELL,-6,P2,STAGE5_TOEPLITZ_CORRELATED,8,BEAMSPACE_MUSIC_K2,10,10,0,0,0,0,0,0,NaN,NaN,NaN,NaN,NaN,NaN,NaN,NaN,NaN,NaN,NaN,NaN,19521,0,1,0.0335099080357143,0.0414718980357143,0,0,0,0,NaN,NaN,NaN,NaN,NaN,NaN,NaN,0,NaN,NaN,NaN,NaN,0,0,0,NaN,NaN
EXACT_CELL,-6,P2,STAGE5_TOEPLITZ_CORRELATED,8,FULL4D_ELEMENT_CML_MULTISTART,10,0,0,NaN,0,0,0,0,NaN,NaN,NaN,NaN,NaN,NaN,NaN,NaN,NaN,NaN,NaN,NaN,NaN,NaN,NaN,NaN,NaN,0,0,0,0,NaN,NaN,NaN,NaN,NaN,NaN,NaN,0,NaN,NaN,NaN,NaN,0,0,0,NaN,NaN
EXACT_CELL,-6,P3,STAGE5_TOEPLITZ_CORRELATED,8,TANGENT_PROFILE_SAFE,10,10,10,1,0,0,0,0,0.401857978846939,0.630168581233292,0.299999999999999,0.434325059508957,26.5650511770781,73.4085460593702,0.273606797749979,0.876491106406736,1.82404531833321,5.84327404271163,0.285078105935821,1.03264518544836,368,811.5,0,4.42714685,4.68828747,0,0,0,0,NaN,NaN,NaN,NaN,NaN,NaN,NaN,0,NaN,NaN,NaN,NaN,0,0,0,NaN,NaN
EXACT_CELL,-6,P3,STAGE5_TOEPLITZ_CORRELATED,8,FULL4D_BEAMSPACE_CML_MULTISTART,10,10,10,1,2,3,5,1,0.267910076244148,0.499110295314984,0.237784599575466,0.409936523471508,19.3553146372591,59.401826237506,0.0523753992717516,0.346302957842638,0.349169328478347,2.30868638561761,0.0747299596521249,0.362963289765744,2428,4856,0,3.0453418,5.42428036,10,4,1,5,0.444444444444444,0.0139287667416874,0.407862979038564,0.401857978846939,0.630168581233292,0.267910076244148,0.499110295314984,9,0.442295150323853,0.631349881196128,0.262637821501865,0.513541071532259,3,1,5,0.0278575334833746,0.41128452259041
EXACT_CELL,-6,P3,STAGE5_TOEPLITZ_CORRELATED,8,BEAMSPACE_MUSIC_K2,10,10,0,0,0,0,0,0,NaN,NaN,NaN,NaN,NaN,NaN,NaN,NaN,NaN,NaN,NaN,NaN,19521,0,1,0.0417431080357143,0.0461187180357143,0,0,0,0,NaN,NaN,NaN,NaN,NaN,NaN,NaN,0,NaN,NaN,NaN,NaN,0,0,0,NaN,NaN
EXACT_CELL,-6,P3,STAGE5_TOEPLITZ_CORRELATED,8,FULL4D_ELEMENT_CML_MULTISTART,10,0,0,NaN,0,0,0,0,NaN,NaN,NaN,NaN,NaN,NaN,NaN,NaN,NaN,NaN,NaN,NaN,NaN,NaN,NaN,NaN,NaN,0,0,0,0,NaN,NaN,NaN,NaN,NaN,NaN,NaN,0,NaN,NaN,NaN,NaN,0,0,0,NaN,NaN
EXACT_CELL,-6,P4,STAGE5_TOEPLITZ_CORRELATED,8,TANGENT_PROFILE_SAFE,10,10,10,1,0,0,0,0,0.404130335036465,0.553974296094202,0.288499794537072,0.436681701083842,38.9705465623427,73.1852951396376,0.265028153987288,0.826639722505887,2.65028153987288,8.26639722505889,0.268302097315595,0.833832187749144,400,872.5,0,4.51214635,4.67711583,0,0,0,0,NaN,NaN,NaN,NaN,NaN,NaN,NaN,0,NaN,NaN,NaN,NaN,0,0,0,NaN,NaN
EXACT_CELL,-6,P4,STAGE5_TOEPLITZ_CORRELATED,8,FULL4D_BEAMSPACE_CML_MULTISTART,10,10,10,1,4,2,4,0,0.319469892622782,0.58269126079209,0.231125588666589,0.561549435533156,38.7796547072255,78.7224221704256,0.163467771318279,0.826639722505887,1.6346777131828,8.26639722505889,0.222132555137725,0.833832187749144,2355.5,4711,0,2.09200445,4.30001682,10,4,2,4,0.5,-2.22044604925031e-16,0.096221439628865,0.404130335036465,0.553974296094202,0.319469892622782,0.58269126079209,10,0.404130335036465,0.553974296094202,0.319469892622782,0.58269126079209,4,2,4,-2.22044604925031e-16,0.096221439628865
EXACT_CELL,-6,P4,STAGE5_TOEPLITZ_CORRELATED,8,BEAMSPACE_MUSIC_K2,10,10,0,0,0,0,0,0,NaN,NaN,NaN,NaN,NaN,NaN,NaN,NaN,NaN,NaN,NaN,NaN,19521,0,1,0.0360448080357143,0.0404971680357143,0,0,0,0,NaN,NaN,NaN,NaN,NaN,NaN,NaN,0,NaN,NaN,NaN,NaN,0,0,0,NaN,NaN
EXACT_CELL,-6,P4,STAGE5_TOEPLITZ_CORRELATED,8,FULL4D_ELEMENT_CML_MULTISTART,10,0,0,NaN,0,0,0,0,NaN,NaN,NaN,NaN,NaN,NaN,NaN,NaN,NaN,NaN,NaN,NaN,NaN,NaN,NaN,NaN,NaN,0,0,0,0,NaN,NaN,NaN,NaN,NaN,NaN,NaN,0,NaN,NaN,NaN,NaN,0,0,0,NaN,NaN
EXACT_CELL,0,P1,WHITE,1,TANGENT_PROFILE_SAFE,10,10,10,1,0,0,0,0,0.523666936592712,0.556748424802938,0.243819130341447,0.545492457945087,45,72.2648424068119,0.277900726205007,0.916552506059644,0.926335754016692,3.05517502019882,0.297675533555256,1.01638790190168,346,764.5,0,4.88590205,5.25947368,0,0,0,0,NaN,NaN,NaN,NaN,NaN,NaN,NaN,0,NaN,NaN,NaN,NaN,0,0,0,NaN,NaN
EXACT_CELL,0,P1,WHITE,1,FULL4D_BEAMSPACE_CML_MULTISTART,10,10,10,1,5,2,3,1,0.469089038420664,0.618653472096277,0.179414755686752,0.601029876702521,41.7518698317119,59.6923538680585,0.212926633327802,0.916552506059644,0.709755444426009,3.05517502019882,0.295873300217472,1.01638790190168,2527,5054,0,2.2797355,3.57657463,10,2,3,5,0.285714285714286,0.0160138037911493,0.186577040062695,0.523666936592712,0.556748424802938,0.469089038420664,0.618653472096277,9,0.543342230446356,0.563496849605875,0.503991642739068,0.622072185318391,2,3,4,3.33066907387547e-16,0.189856266198275
EXACT_CELL,0,P1,WHITE,1,BEAMSPACE_MUSIC_K2,10,0,0,NaN,0,0,0,0,NaN,NaN,NaN,NaN,NaN,NaN,NaN,NaN,NaN,NaN,NaN,NaN,NaN,NaN,NaN,NaN,NaN,0,0,0,0,NaN,NaN,NaN,NaN,NaN,NaN,NaN,0,NaN,NaN,NaN,NaN,0,0,0,NaN,NaN
EXACT_CELL,0,P1,WHITE,1,FULL4D_ELEMENT_CML_MULTISTART,10,0,0,NaN,0,0,0,0,NaN,NaN,NaN,NaN,NaN,NaN,NaN,NaN,NaN,NaN,NaN,NaN,NaN,NaN,NaN,NaN,NaN,0,0,0,0,NaN,NaN,NaN,NaN,NaN,NaN,NaN,0,NaN,NaN,NaN,NaN,0,0,0,NaN,NaN
EXACT_CELL,0,P2,WHITE,1,TANGENT_PROFILE_SAFE,10,10,10,1,0,0,0,0,0.574456264653802,0.715529657461661,0.299535239245728,0.709197201960697,18.4349488229219,46.8434948822922,0.165028153987288,1.06491106406735,0.825140769936443,5.32455532033678,0.299999999999999,1.0770329614269,356.5,784.5,0,4.57986705,4.79591247,0,0,0,0,NaN,NaN,NaN,NaN,NaN,NaN,NaN,0,NaN,NaN,NaN,NaN,0,0,0,NaN,NaN
EXACT_CELL,0,P2,WHITE,1,FULL4D_BEAMSPACE_CML_MULTISTART,10,10,10,1,5,0,5,0,0.64007111280412,0.786924098679943,0.493712879714617,0.782535263707284,18.5199782593919,55.1061481399947,0.136444401100171,1.06491106406735,0.682222005500857,5.32455532033678,0.210792888172357,1.0770329614269,3117.5,6235,0,2.7981086,3.19993376,10,5,4,1,0.833333333333333,-0.00284298047721926,0.00908227216987507,0.574456264653802,0.715529657461661,0.64007111280412,0.786924098679943,10,0.574456264653802,0.715529657461661,0.64007111280412,0.786924098679943,5,4,1,-0.00284298047721926,0.00908227216987507
EXACT_CELL,0,P2,WHITE,1,BEAMSPACE_MUSIC_K2,10,0,0,NaN,0,0,0,0,NaN,NaN,NaN,NaN,NaN,NaN,NaN,NaN,NaN,NaN,NaN,NaN,NaN,NaN,NaN,NaN,NaN,0,0,0,0,NaN,NaN,NaN,NaN,NaN,NaN,NaN,0,NaN,NaN,NaN,NaN,0,0,0,NaN,NaN
EXACT_CELL,0,P2,WHITE,1,FULL4D_ELEMENT_CML_MULTISTART,10,0,0,NaN,0,0,0,0,NaN,NaN,NaN,NaN,NaN,NaN,NaN,NaN,NaN,NaN,NaN,NaN,NaN,NaN,NaN,NaN,NaN,0,0,0,0,NaN,NaN,NaN,NaN,NaN,NaN,NaN,0,NaN,NaN,NaN,NaN,0,0,0,NaN,NaN
EXACT_CELL,0,P3,WHITE,1,TANGENT_PROFILE_SAFE,10,10,10,1,0,0,0,0,0.312483301411962,0.622968433766721,0.29142135623731,0.46573778915333,37.2162553011742,90,0.132842712474619,0.372492235949962,0.885618083164138,2.48328157299977,0.206155281280883,0.409074456908955,380.5,833,0,4.293823,4.41808806,0,0,0,0,NaN,NaN,NaN,NaN,NaN,NaN,NaN,0,NaN,NaN,NaN,NaN,0,0,0,NaN,NaN
EXACT_CELL,0,P3,WHITE,1,FULL4D_BEAMSPACE_CML_MULTISTART,10,10,10,1,2,3,5,1,0.374413400964386,0.594149879951552,0.370521398052468,0.589323024485484,26.2579136447913,62.2509422509262,0.061211167375632,0.149713968344967,0.408074449170884,0.99809312229979,0.104653640176017,0.176046714364592,2672.5,5345,0,2.44068545,4.06417156,10,7,0,3,0.7,-0.0340010362822603,0.247800397740384,0.312483301411962,0.622968433766721,0.374413400964386,0.594149879951552,9,0.301039864469808,0.624949750114731,0.37368547456612,0.600951369177375,6,0,3,-0.0167874835559843,0.248299152628178
EXACT_CELL,0,P3,WHITE,1,BEAMSPACE_MUSIC_K2,10,0,0,NaN,0,0,0,0,NaN,NaN,NaN,NaN,NaN,NaN,NaN,NaN,NaN,NaN,NaN,NaN,NaN,NaN,NaN,NaN,NaN,0,0,0,0,NaN,NaN,NaN,NaN,NaN,NaN,NaN,0,NaN,NaN,NaN,NaN,0,0,0,NaN,NaN
EXACT_CELL,0,P3,WHITE,1,FULL4D_ELEMENT_CML_MULTISTART,10,0,0,NaN,0,0,0,0,NaN,NaN,NaN,NaN,NaN,NaN,NaN,NaN,NaN,NaN,NaN,NaN,NaN,NaN,NaN,NaN,NaN,0,0,0,0,NaN,NaN,NaN,NaN,NaN,NaN,NaN,0,NaN,NaN,NaN,NaN,0,0,0,NaN,NaN
EXACT_CELL,0,P4,WHITE,1,TANGENT_PROFILE_SAFE,10,10,10,1,0,0,0,0,0.438542520837953,0.553720910226637,0.369261542019948,0.436681701083842,32.3823291737542,47.6565051177078,0.290679263259797,0.762159012611178,2.90679263259798,7.62159012611179,0.305449371046814,0.779744949343601,400,873.5,0,4.29451735,4.8663044,0,0,0,0,NaN,NaN,NaN,NaN,NaN,NaN,NaN,0,NaN,NaN,NaN,NaN,0,0,0,NaN,NaN
EXACT_CELL,0,P4,WHITE,1,FULL4D_BEAMSPACE_CML_MULTISTART,10,10,10,1,3,4,3,0,0.316921670295114,0.546151809694074,0.226130993862056,0.468451234204442,30.4092883710268,48.3676757177089,0.103034396021334,0.407327514296994,1.03034396021334,4.07327514296994,0.13842208116912,0.420217161753008,1399,2798,0,1.29906495,2.95633959,10,3,0,7,0.3,0.0426113946960333,0.183840994951147,0.438542520837953,0.553720910226637,0.316921670295114,0.546151809694074,10,0.438542520837953,0.553720910226637,0.316921670295114,0.546151809694074,3,0,7,0.0426113946960333,0.183840994951147
EXACT_CELL,0,P4,WHITE,1,BEAMSPACE_MUSIC_K2,10,0,0,NaN,0,0,0,0,NaN,NaN,NaN,NaN,NaN,NaN,NaN,NaN,NaN,NaN,NaN,NaN,NaN,NaN,NaN,NaN,NaN,0,0,0,0,NaN,NaN,NaN,NaN,NaN,NaN,NaN,0,NaN,NaN,NaN,NaN,0,0,0,NaN,NaN
EXACT_CELL,0,P4,WHITE,1,FULL4D_ELEMENT_CML_MULTISTART,10,0,0,NaN,0,0,0,0,NaN,NaN,NaN,NaN,NaN,NaN,NaN,NaN,NaN,NaN,NaN,NaN,NaN,NaN,NaN,NaN,NaN,0,0,0,0,NaN,NaN,NaN,NaN,NaN,NaN,NaN,0,NaN,NaN,NaN,NaN,0,0,0,NaN,NaN
EXACT_CELL,0,P1,WHITE,4,TANGENT_PROFILE_SAFE,10,10,10,1,0,0,0,0,0.243178029982048,0.54900638175753,0.168414329184613,0.512763404294695,34.330430648532,49.5975599386865,0.119081879188796,0.365591106406733,0.396939597295986,1.21863702135578,0.275184361251449,0.471636827772546,430.5,935.5,0,4.3694454,4.44618286,0,0,0,0,NaN,NaN,NaN,NaN,NaN,NaN,NaN,0,NaN,NaN,NaN,NaN,0,0,0,NaN,NaN
EXACT_CELL,0,P1,WHITE,4,FULL4D_BEAMSPACE_CML_MULTISTART,10,10,10,1,2,3,5,1,0.2097378756368,0.631934227764501,0.18217846925109,0.61574820584064,40.6282235789993,68.8115112310682,0.101189460942185,0.274961357486142,0.337298203140619,0.916537858287143,0.261272687051934,0.305514839158852,2642.5,5285,0,2.39875625,3.81239073,10,5,0,5,0.5,0.00335150455050445,0.118106915284634,0.243178029982048,0.54900638175753,0.2097378756368,0.631934227764501,9,0.258567047174863,0.549116783784471,0.236054927034593,0.633880017222325,5,0,4,-0.00337366858784316,0.119753178178661
EXACT_CELL,0,P1,WHITE,4,BEAMSPACE_MUSIC_K2,10,10,0,0,0,0,0,0,NaN,NaN,NaN,NaN,NaN,NaN,NaN,NaN,NaN,NaN,NaN,NaN,19521,0,1,0.0333156039285714,0.0336750139285714,0,0,0,0,NaN,NaN,NaN,NaN,NaN,NaN,NaN,0,NaN,NaN,NaN,NaN,0,0,0,NaN,NaN
EXACT_CELL,0,P1,WHITE,4,FULL4D_ELEMENT_CML_MULTISTART,10,0,0,NaN,0,0,0,0,NaN,NaN,NaN,NaN,NaN,NaN,NaN,NaN,NaN,NaN,NaN,NaN,NaN,NaN,NaN,NaN,NaN,0,0,0,0,NaN,NaN,NaN,NaN,NaN,NaN,NaN,0,NaN,NaN,NaN,NaN,0,0,0,NaN,NaN
EXACT_CELL,0,P2,WHITE,4,TANGENT_PROFILE_SAFE,10,10,10,1,0,0,0,0,0.244605867306181,0.702801098892804,0.197190585027264,0.702801098892804,49.4959117938528,86.8066177169512,0.199,1.02138836186041,0.995000000000005,5.10694180930209,0.199886401498153,1.02552680858939,430.5,936,0,4.304467,4.38751002,0,0,0,0,NaN,NaN,NaN,NaN,NaN,NaN,NaN,0,NaN,NaN,NaN,NaN,0,0,0,NaN,NaN
EXACT_CELL,0,P2,WHITE,4,FULL4D_BEAMSPACE_CML_MULTISTART,10,10,10,1,3,3,4,1,0.291249679641052,0.724381173775565,0.175529298333586,0.723894798181999,50.3381793357665,82.9339518244184,0.0764353656616778,0.895820771690946,0.38217682830839,4.47910385845475,0.222256022433475,0.912687768042614,2334.5,4669,0,2.2880877,4.20649104,10,6,1,3,0.666666666666667,-0.013074760199463,0.0473807277505412,0.244605867306181,0.702801098892804,0.291249679641052,0.724381173775565,9,0.265604936862383,0.705602197785609,0.302589839257775,0.725055943997546,6,1,2,-0.023706403553585,0.0331981880643764
EXACT_CELL,0,P2,WHITE,4,BEAMSPACE_MUSIC_K2,10,10,0,0,0,0,0,0,NaN,NaN,NaN,NaN,NaN,NaN,NaN,NaN,NaN,NaN,NaN,NaN,19521,0,1,0.0336003539285714,0.0348089539285714,0,0,0,0,NaN,NaN,NaN,NaN,NaN,NaN,NaN,0,NaN,NaN,NaN,NaN,0,0,0,NaN,NaN
EXACT_CELL,0,P2,WHITE,4,FULL4D_ELEMENT_CML_MULTISTART,10,0,0,NaN,0,0,0,0,NaN,NaN,NaN,NaN,NaN,NaN,NaN,NaN,NaN,NaN,NaN,NaN,NaN,NaN,NaN,NaN,NaN,0,0,0,0,NaN,NaN,NaN,NaN,NaN,NaN,NaN,0,NaN,NaN,NaN,NaN,0,0,0,NaN,NaN
EXACT_CELL,0,P3,WHITE,4,TANGENT_PROFILE_SAFE,10,10,10,1,0,0,0,0,0.29752032670787,0.547285531430946,0.235403108070276,0.51082762530298,35.6941708665052,87.6319516707728,0.188807065719425,0.485726481340538,1.25871377146284,3.23817654227028,0.25,0.609383526951419,450,974.5,0,4.3052534,4.32139448,0,0,0,0,NaN,NaN,NaN,NaN,NaN,NaN,NaN,0,NaN,NaN,NaN,NaN,0,0,0,NaN,NaN
EXACT_CELL,0,P3,WHITE,4,FULL4D_BEAMSPACE_CML_MULTISTART,10,10,10,1,3,4,3,0,0.370548764598295,0.64941642121945,0.363879123733839,0.643699557558181,45.0475010968246,90,0.0779221126725703,0.251226280974878,0.519480751150474,1.67484187316587,0.157147545302791,0.251944110722927,2509.5,5019,0,2.33103075,3.66763036,10,8,0,2,0.8,-0.0798491812223138,0.0172464843842253,0.29752032670787,0.547285531430946,0.370548764598295,0.64941642121945,10,0.29752032670787,0.547285531430946,0.370548764598295,0.64941642121945,8,0,2,-0.0798491812223138,0.0172464843842253
EXACT_CELL,0,P3,WHITE,4,BEAMSPACE_MUSIC_K2,10,10,0,0,0,0,0,0,NaN,NaN,NaN,NaN,NaN,NaN,NaN,NaN,NaN,NaN,NaN,NaN,19521,0,1,0.0334933039285714,0.0344318639285714,0,0,0,0,NaN,NaN,NaN,NaN,NaN,NaN,NaN,0,NaN,NaN,NaN,NaN,0,0,0,NaN,NaN
EXACT_CELL,0,P3,WHITE,4,FULL4D_ELEMENT_CML_MULTISTART,10,0,0,NaN,0,0,0,0,NaN,NaN,NaN,NaN,NaN,NaN,NaN,NaN,NaN,NaN,NaN,NaN,NaN,NaN,NaN,NaN,NaN,0,0,0,0,NaN,NaN,NaN,NaN,NaN,NaN,NaN,0,NaN,NaN,NaN,NaN,0,0,0,NaN,NaN
EXACT_CELL,0,P4,WHITE,4,TANGENT_PROFILE_SAFE,10,10,10,1,0,0,0,0,0.401629304066578,0.596685111064568,0.228077640640443,0.486375735326813,45,73.4085460593702,0.141421356237309,0.589209978830307,1.4142135623731,5.89209978830308,0.223681287910394,0.603516243886277,390,854.5,0,4.26878665,4.33599658,0,0,0,0,NaN,NaN,NaN,NaN,NaN,NaN,NaN,0,NaN,NaN,NaN,NaN,0,0,0,NaN,NaN
EXACT_CELL,0,P4,WHITE,4,FULL4D_BEAMSPACE_CML_MULTISTART,10,10,10,1,4,1,5,0,0.451787794646842,0.596531000994286,0.391728772563714,0.514529041470675,39.5113841805957,79.2936082948716,0.134095920282873,0.824993443689523,1.34095920282873,8.24993443689524,0.242860861655051,0.833416832307193,3137,6274,0,2.7769217,4.07609736,10,7,0,3,0.7,-0.0252565163061525,0.0299810022991261,0.401629304066578,0.596685111064568,0.451787794646842,0.596531000994286,10,0.401629304066578,0.596685111064568,0.451787794646842,0.596531000994286,7,0,3,-0.0252565163061525,0.0299810022991261
EXACT_CELL,0,P4,WHITE,4,BEAMSPACE_MUSIC_K2,10,10,0,0,0,0,0,0,NaN,NaN,NaN,NaN,NaN,NaN,NaN,NaN,NaN,NaN,NaN,NaN,19521,0,1,0.0335788039285714,0.0341774239285714,0,0,0,0,NaN,NaN,NaN,NaN,NaN,NaN,NaN,0,NaN,NaN,NaN,NaN,0,0,0,NaN,NaN
EXACT_CELL,0,P4,WHITE,4,FULL4D_ELEMENT_CML_MULTISTART,10,0,0,NaN,0,0,0,0,NaN,NaN,NaN,NaN,NaN,NaN,NaN,NaN,NaN,NaN,NaN,NaN,NaN,NaN,NaN,NaN,NaN,0,0,0,0,NaN,NaN,NaN,NaN,NaN,NaN,NaN,0,NaN,NaN,NaN,NaN,0,0,0,NaN,NaN
EXACT_CELL,0,P1,WHITE,8,TANGENT_PROFILE_SAFE,10,10,10,1,0,0,0,0,0.241557656082526,0.431743223495116,0.172857180060107,0.421079506305588,25.1184776987037,52.7078219141481,0.147213595499958,0.302345553203366,0.490711984999862,1.00781851067789,0.281085298413445,0.390482947410212,414,900.5,0,4.32349895,4.50494122,0,0,0,0,NaN,NaN,NaN,NaN,NaN,NaN,NaN,0,NaN,NaN,NaN,NaN,0,0,0,NaN,NaN
EXACT_CELL,0,P1,WHITE,8,FULL4D_BEAMSPACE_CML_MULTISTART,10,10,10,1,1,6,3,0,0.231823335665487,0.411916338443811,0.215728322769079,0.385880291554245,26.233619619092,50.4390140640151,0.118759418949415,0.298994596028433,0.395864729831383,0.996648653428112,0.202123880923155,0.303624753271347,3601,7202,0,3.58895935,4.62018132,10,6,0,4,0.6,-0.0139452818961484,0.0710149992066546,0.241557656082526,0.431743223495116,0.231823335665487,0.411916338443811,10,0.241557656082526,0.431743223495116,0.231823335665487,0.411916338443811,6,0,4,-0.0139452818961484,0.0710149992066546
EXACT_CELL,0,P1,WHITE,8,BEAMSPACE_MUSIC_K2,10,10,0,0,0,0,0,0,NaN,NaN,NaN,NaN,NaN,NaN,NaN,NaN,NaN,NaN,NaN,NaN,19521,0,1,0.0335164039285714,0.0370379039285714,0,0,0,0,NaN,NaN,NaN,NaN,NaN,NaN,NaN,0,NaN,NaN,NaN,NaN,0,0,0,NaN,NaN
EXACT_CELL,0,P1,WHITE,8,FULL4D_ELEMENT_CML_MULTISTART,10,0,0,NaN,0,0,0,0,NaN,NaN,NaN,NaN,NaN,NaN,NaN,NaN,NaN,NaN,NaN,NaN,NaN,NaN,NaN,NaN,NaN,0,0,0,0,NaN,NaN,NaN,NaN,NaN,NaN,NaN,0,NaN,NaN,NaN,NaN,0,0,0,NaN,NaN
EXACT_CELL,0,P2,WHITE,8,TANGENT_PROFILE_SAFE,10,10,10,1,0,0,0,0,0.261803398874989,0.368088604227166,0.202709259139592,0.365730671047936,57.0138267814491,78.3530382332446,0.199000000000001,0.247213595499957,0.995000000000005,1.23606797749979,0.222666344282582,0.399999999999999,452.5,977,0,4.22685315,4.29695862,0,0,0,0,NaN,NaN,NaN,NaN,NaN,NaN,NaN,0,NaN,NaN,NaN,NaN,0,0,0,NaN,NaN
EXACT_CELL,0,P2,WHITE,8,FULL4D_BEAMSPACE_CML_MULTISTART,10,10,10,1,1,6,3,1,0.312999367149293,0.413031286246307,0.299951905202361,0.400884169851562,56.5826133806583,78.6250855185716,0.145107793861116,0.289935427217542,0.72553896930558,1.44967713608771,0.230616917394555,0.40609825848521,2929,5858,0,2.65111395,3.92211295,10,5,0,5,0.5,-0.000660464284084561,0.0294120437225371,0.261803398874989,0.368088604227166,0.312999367149293,0.413031286246307,9,0.300000000000001,0.375622080907933,0.31542823596357,0.414457515607293,5,0,4,-0.00360457826698332,0.0316978865546311
EXACT_CELL,0,P2,WHITE,8,BEAMSPACE_MUSIC_K2,10,10,0,0,0,0,0,0,NaN,NaN,NaN,NaN,NaN,NaN,NaN,NaN,NaN,NaN,NaN,NaN,19521,0,1,0.0337926039285714,0.0378281339285714,0,0,0,0,NaN,NaN,NaN,NaN,NaN,NaN,NaN,0,NaN,NaN,NaN,NaN,0,0,0,NaN,NaN
EXACT_CELL,0,P2,WHITE,8,FULL4D_ELEMENT_CML_MULTISTART,10,0,0,NaN,0,0,0,0,NaN,NaN,NaN,NaN,NaN,NaN,NaN,NaN,NaN,NaN,NaN,NaN,NaN,NaN,NaN,NaN,NaN,0,0,0,0,NaN,NaN,NaN,NaN,NaN,NaN,NaN,0,NaN,NaN,NaN,NaN,0,0,0,NaN,NaN
EXACT_CELL,0,P3,WHITE,8,TANGENT_PROFILE_SAFE,10,10,10,1,0,0,0,0,0.183586258206247,0.449856690383188,0.131784542739144,0.311231056256177,28.3998773554999,90,0.148286953282186,0.539209978830309,0.988579688547915,3.59473319220209,0.173881725227599,0.66280562227013,400,874.5,0,4.2295692,4.29407432,0,0,0,0,NaN,NaN,NaN,NaN,NaN,NaN,NaN,0,NaN,NaN,NaN,NaN,0,0,0,NaN,NaN
EXACT_CELL,0,P3,WHITE,8,FULL4D_BEAMSPACE_CML_MULTISTART,10,10,10,1,2,6,2,2,0.204883078518761,0.40029321353186,0.169416354772161,0.216729038769415,25.2995276063578,78.9898162286367,0.152584239068089,0.591062041842582,1.01722826045393,3.94041361228392,0.215616006011129,0.727929366568574,1538.5,3077,0,1.4127814,3.41813028,10,6,0,4,0.6,-0.0176947759224495,0.0654059565062353,0.183586258206247,0.449856690383188,0.204883078518761,0.40029321353186,8,0.244892862675789,0.487885674168859,0.208208235439548,0.448588674688832,5,0,3,-0.0176947759224495,0.0788120145229813
EXACT_CELL,0,P3,WHITE,8,BEAMSPACE_MUSIC_K2,10,10,0,0,0,0,0,0,NaN,NaN,NaN,NaN,NaN,NaN,NaN,NaN,NaN,NaN,NaN,NaN,19521,0,1,0.0335823539285714,0.0337981539285714,0,0,0,0,NaN,NaN,NaN,NaN,NaN,NaN,NaN,0,NaN,NaN,NaN,NaN,0,0,0,NaN,NaN
EXACT_CELL,0,P3,WHITE,8,FULL4D_ELEMENT_CML_MULTISTART,10,0,0,NaN,0,0,0,0,NaN,NaN,NaN,NaN,NaN,NaN,NaN,NaN,NaN,NaN,NaN,NaN,NaN,NaN,NaN,NaN,NaN,0,0,0,0,NaN,NaN,NaN,NaN,NaN,NaN,NaN,0,NaN,NaN,NaN,NaN,0,0,0,NaN,NaN
EXACT_CELL,0,P4,WHITE,8,TANGENT_PROFILE_SAFE,10,10,10,1,0,0,0,0,0.342522329744881,0.526591638928526,0.213922878918852,0.427200187265876,45,59.1463820486203,0.423606797749979,0.919803902718557,4.23606797749979,9.19803902718559,0.443876614762512,0.941207715067646,424,921,0,4.22574065,4.29434654,0,0,0,0,NaN,NaN,NaN,NaN,NaN,NaN,NaN,0,NaN,NaN,NaN,NaN,0,0,0,NaN,NaN
EXACT_CELL,0,P4,WHITE,8,FULL4D_BEAMSPACE_CML_MULTISTART,10,10,10,1,4,4,2,1,0.287364097043317,0.552835777219949,0.205247258067637,0.488692196954298,45.8418061798822,57.6908939408433,0.124578362452341,0.954336750925729,1.24578362452341,9.54336750925731,0.148285409343247,0.976015178423578,1805,3610,0,1.5882719,4.02706559,10,4,0,6,0.4,0.00411447895493752,0.0517017859231367,0.342522329744881,0.526591638928526,0.287364097043317,0.552835777219949,9,0.343407821967024,0.527145514238756,0.339321678545111,0.563879054271921,4,0,5,0.00231515897762746,0.0579572882011771
EXACT_CELL,0,P4,WHITE,8,BEAMSPACE_MUSIC_K2,10,10,0,0,0,0,0,0,NaN,NaN,NaN,NaN,NaN,NaN,NaN,NaN,NaN,NaN,NaN,NaN,19521,0,1,0.0331096539285714,0.0335988639285714,0,0,0,0,NaN,NaN,NaN,NaN,NaN,NaN,NaN,0,NaN,NaN,NaN,NaN,0,0,0,NaN,NaN
EXACT_CELL,0,P4,WHITE,8,FULL4D_ELEMENT_CML_MULTISTART,10,0,0,NaN,0,0,0,0,NaN,NaN,NaN,NaN,NaN,NaN,NaN,NaN,NaN,NaN,NaN,NaN,NaN,NaN,NaN,NaN,NaN,0,0,0,0,NaN,NaN,NaN,NaN,NaN,NaN,NaN,0,NaN,NaN,NaN,NaN,0,0,0,NaN,NaN
EXACT_CELL,0,P1,STAGE5_TOEPLITZ_CORRELATED,1,TANGENT_PROFILE_SAFE,10,10,10,1,0,0,0,0,0.506982876496264,0.51504598163354,0.46669749453718,0.509901951359278,22.8789972664807,55.6366833808023,0.0585786437626907,0.360755250605963,0.195262145875636,1.20251750201988,0.23908204871315,0.469873752281925,363,801.5,0,4.180916,4.23335614,0,0,0,0,NaN,NaN,NaN,NaN,NaN,NaN,NaN,0,NaN,NaN,NaN,NaN,0,0,0,NaN,NaN
EXACT_CELL,0,P1,STAGE5_TOEPLITZ_CORRELATED,1,FULL4D_BEAMSPACE_CML_MULTISTART,10,10,10,1,4,4,2,0,0.496829672483235,0.579107446181375,0.435467575878772,0.551931954166256,23.867578295998,61.0131003744786,0.0922251873871281,0.360108142393335,0.307417291290428,1.20036047464445,0.215054121933155,0.41833251117061,1661,3322,0,1.6850942,2.8184569,10,7,0,3,0.7,-0.0119905669822,0.0998878385624506,0.506982876496264,0.51504598163354,0.496829672483235,0.579107446181375,10,0.506982876496264,0.51504598163354,0.496829672483235,0.579107446181375,7,0,3,-0.0119905669822,0.0998878385624506
EXACT_CELL,0,P1,STAGE5_TOEPLITZ_CORRELATED,1,BEAMSPACE_MUSIC_K2,10,0,0,NaN,0,0,0,0,NaN,NaN,NaN,NaN,NaN,NaN,NaN,NaN,NaN,NaN,NaN,NaN,NaN,NaN,NaN,NaN,NaN,0,0,0,0,NaN,NaN,NaN,NaN,NaN,NaN,NaN,0,NaN,NaN,NaN,NaN,0,0,0,NaN,NaN
EXACT_CELL,0,P1,STAGE5_TOEPLITZ_CORRELATED,1,FULL4D_ELEMENT_CML_MULTISTART,10,0,0,NaN,0,0,0,0,NaN,NaN,NaN,NaN,NaN,NaN,NaN,NaN,NaN,NaN,NaN,NaN,NaN,NaN,NaN,NaN,NaN,0,0,0,0,NaN,NaN,NaN,NaN,NaN,NaN,NaN,0,NaN,NaN,NaN,NaN,0,0,0,NaN,NaN
EXACT_CELL,0,P2,STAGE5_TOEPLITZ_CORRELATED,1,TANGENT_PROFILE_SAFE,10,10,10,1,0,0,0,0,0.346108803290969,0.556079116927533,0.316227766016838,0.520710678118655,54.217474411461,83.3677072548945,0.0828427124746187,0.247213595499957,0.414213562373095,1.23606797749979,0.199999999999999,0.399999999999999,341,754.5,0,4.18306085,4.26136071,0,0,0,0,NaN,NaN,NaN,NaN,NaN,NaN,NaN,0,NaN,NaN,NaN,NaN,0,0,0,NaN,NaN
EXACT_CELL,0,P2,STAGE5_TOEPLITZ_CORRELATED,1,FULL4D_BEAMSPACE_CML_MULTISTART,10,10,10,1,4,4,2,0,0.358030915703911,0.476527902626004,0.346315945524905,0.462800653387619,55.8503759397545,78.0537739224138,0.157601482991026,0.281548487434546,0.788007414955135,1.40774243717273,0.220954353029566,0.410463114740703,2678,5356,0,2.212373,3.25568374,10,6,0,4,0.6,-0.0134598189924349,0.118814027051482,0.346108803290969,0.556079116927533,0.358030915703911,0.476527902626004,10,0.346108803290969,0.556079116927533,0.358030915703911,0.476527902626004,6,0,4,-0.0134598189924349,0.118814027051482
EXACT_CELL,0,P2,STAGE5_TOEPLITZ_CORRELATED,1,BEAMSPACE_MUSIC_K2,10,0,0,NaN,0,0,0,0,NaN,NaN,NaN,NaN,NaN,NaN,NaN,NaN,NaN,NaN,NaN,NaN,NaN,NaN,NaN,NaN,NaN,0,0,0,0,NaN,NaN,NaN,NaN,NaN,NaN,NaN,0,NaN,NaN,NaN,NaN,0,0,0,NaN,NaN
EXACT_CELL,0,P2,STAGE5_TOEPLITZ_CORRELATED,1,FULL4D_ELEMENT_CML_MULTISTART,10,0,0,NaN,0,0,0,0,NaN,NaN,NaN,NaN,NaN,NaN,NaN,NaN,NaN,NaN,NaN,NaN,NaN,NaN,NaN,NaN,NaN,0,0,0,0,NaN,NaN,NaN,NaN,NaN,NaN,NaN,0,NaN,NaN,NaN,NaN,0,0,0,NaN,NaN
EXACT_CELL,0,P3,STAGE5_TOEPLITZ_CORRELATED,1,TANGENT_PROFILE_SAFE,10,10,10,1,0,0,0,0,0.490695808322524,0.634325273463191,0.276635731890836,0.545492457945087,40.8909868064335,90,0.148535212005895,1.05649110640674,0.990234746705978,7.04327404271164,0.228077640640441,1.21098130274161,361.5,800.5,0,4.1752398,4.33573978,0,0,0,0,NaN,NaN,NaN,NaN,NaN,NaN,NaN,0,NaN,NaN,NaN,NaN,0,0,0,NaN,NaN
EXACT_CELL,0,P3,STAGE5_TOEPLITZ_CORRELATED,1,FULL4D_BEAMSPACE_CML_MULTISTART,10,10,10,1,4,1,5,0,0.473557374852398,0.628731495607825,0.331366927447271,0.503266542754329,46.1637379549601,90,0.0843546483500431,1.05,0.562364322333626,7.00000000000007,0.169363681179592,1.20933866224478,2333,4666,0,1.9254139,3.75994175,10,6,2,2,0.75,-0.00127215810815823,0.0395394331244654,0.490695808322524,0.634325273463191,0.473557374852398,0.628731495607825,10,0.490695808322524,0.634325273463191,0.473557374852398,0.628731495607825,6,2,2,-0.00127215810815823,0.0395394331244654
EXACT_CELL,0,P3,STAGE5_TOEPLITZ_CORRELATED,1,BEAMSPACE_MUSIC_K2,10,0,0,NaN,0,0,0,0,NaN,NaN,NaN,NaN,NaN,NaN,NaN,NaN,NaN,NaN,NaN,NaN,NaN,NaN,NaN,NaN,NaN,0,0,0,0,NaN,NaN,NaN,NaN,NaN,NaN,NaN,0,NaN,NaN,NaN,NaN,0,0,0,NaN,NaN
EXACT_CELL,0,P3,STAGE5_TOEPLITZ_CORRELATED,1,FULL4D_ELEMENT_CML_MULTISTART,10,0,0,NaN,0,0,0,0,NaN,NaN,NaN,NaN,NaN,NaN,NaN,NaN,NaN,NaN,NaN,NaN,NaN,NaN,NaN,NaN,NaN,0,0,0,0,NaN,NaN,NaN,NaN,NaN,NaN,NaN,0,NaN,NaN,NaN,NaN,0,0,0,NaN,NaN
EXACT_CELL,0,P4,STAGE5_TOEPLITZ_CORRELATED,1,TANGENT_PROFILE_SAFE,10,10,10,1,0,0,0,0,0.609587568321997,0.654162771936874,0.255146703897898,0.65,45,73.4085460593703,0.347213595499957,1.16491106406735,3.47213595499958,11.6491106406735,0.390021380535274,1.18103323502062,392.5,861.5,0,4.21859665,4.29743887,0,0,0,0,NaN,NaN,NaN,NaN,NaN,NaN,NaN,0,NaN,NaN,NaN,NaN,0,0,0,NaN,NaN
EXACT_CELL,0,P4,STAGE5_TOEPLITZ_CORRELATED,1,FULL4D_BEAMSPACE_CML_MULTISTART,10,10,10,1,5,2,3,0,0.561291557942317,0.642258631956178,0.352617589818651,0.635352927214644,47.7521551732723,66.9725470562649,0.109840023490154,1.16491106406735,1.09840023490154,11.6491106406735,0.187620672512453,1.18103323502062,1924,3848,0,1.7589256,3.57446601,10,2,2,6,0.25,0.0265524379551982,0.222783013208848,0.609587568321997,0.654162771936874,0.561291557942317,0.642258631956178,10,0.609587568321997,0.654162771936874,0.561291557942317,0.642258631956178,2,2,6,0.0265524379551982,0.222783013208848
EXACT_CELL,0,P4,STAGE5_TOEPLITZ_CORRELATED,1,BEAMSPACE_MUSIC_K2,10,0,0,NaN,0,0,0,0,NaN,NaN,NaN,NaN,NaN,NaN,NaN,NaN,NaN,NaN,NaN,NaN,NaN,NaN,NaN,NaN,NaN,0,0,0,0,NaN,NaN,NaN,NaN,NaN,NaN,NaN,0,NaN,NaN,NaN,NaN,0,0,0,NaN,NaN
EXACT_CELL,0,P4,STAGE5_TOEPLITZ_CORRELATED,1,FULL4D_ELEMENT_CML_MULTISTART,10,0,0,NaN,0,0,0,0,NaN,NaN,NaN,NaN,NaN,NaN,NaN,NaN,NaN,NaN,NaN,NaN,NaN,NaN,NaN,NaN,NaN,0,0,0,0,NaN,NaN,NaN,NaN,NaN,NaN,NaN,0,NaN,NaN,NaN,NaN,0,0,0,NaN,NaN
EXACT_CELL,0,P1,STAGE5_TOEPLITZ_CORRELATED,4,TANGENT_PROFILE_SAFE,10,10,10,1,0,0,0,0,0.248780851269898,0.430317535825542,0.141273691147807,0.338456637486499,45,89.9999999999999,0.147213595499957,0.34680329614269,0.49071198499986,1.1560109871423,0.299252915366666,0.488634288646716,414.5,904,0,4.3906609,4.62732288,0,0,0,0,NaN,NaN,NaN,NaN,NaN,NaN,NaN,0,NaN,NaN,NaN,NaN,0,0,0,NaN,NaN
EXACT_CELL,0,P1,STAGE5_TOEPLITZ_CORRELATED,4,FULL4D_BEAMSPACE_CML_MULTISTART,10,10,10,1,3,3,4,0,0.217308502254504,0.545007081632136,0.159057882197044,0.514218981117775,35.990776286237,80.0112014594948,0.147859884645662,0.56548641309027,0.492866282152207,1.8849547103009,0.278557503067757,0.761023936594109,2231,4462,0,1.9125092,3.76599372,10,6,1,3,0.666666666666667,-0.0100613346712602,0.0351523153702429,0.248780851269898,0.430317535825542,0.217308502254504,0.545007081632136,10,0.248780851269898,0.430317535825542,0.217308502254504,0.545007081632136,6,1,3,-0.0100613346712602,0.0351523153702429
EXACT_CELL,0,P1,STAGE5_TOEPLITZ_CORRELATED,4,BEAMSPACE_MUSIC_K2,10,10,0,0,0,0,0,0,NaN,NaN,NaN,NaN,NaN,NaN,NaN,NaN,NaN,NaN,NaN,NaN,19521,0,1,0.0325480580357143,0.0328450180357143,0,0,0,0,NaN,NaN,NaN,NaN,NaN,NaN,NaN,0,NaN,NaN,NaN,NaN,0,0,0,NaN,NaN
EXACT_CELL,0,P1,STAGE5_TOEPLITZ_CORRELATED,4,FULL4D_ELEMENT_CML_MULTISTART,10,0,0,NaN,0,0,0,0,NaN,NaN,NaN,NaN,NaN,NaN,NaN,NaN,NaN,NaN,NaN,NaN,NaN,NaN,NaN,NaN,NaN,0,0,0,0,NaN,NaN,NaN,NaN,NaN,NaN,NaN,0,NaN,NaN,NaN,NaN,0,0,0,NaN,NaN
EXACT_CELL,0,P2,STAGE5_TOEPLITZ_CORRELATED,4,TANGENT_PROFILE_SAFE,10,10,10,1,0,0,0,0,0.223606797749979,0.574456264653802,0.15024775521854,0.215655070513819,49.6200854535252,63.5758531290395,0.244545536109766,1.06491106406735,1.22272768054883,5.32455532033678,0.350044200765126,1.0770329614269,446.5,965,0,4.54531685,4.77417699,0,0,0,0,NaN,NaN,NaN,NaN,NaN,NaN,NaN,0,NaN,NaN,NaN,NaN,0,0,0,NaN,NaN
EXACT_CELL,0,P2,STAGE5_TOEPLITZ_CORRELATED,4,FULL4D_BEAMSPACE_CML_MULTISTART,10,10,10,1,3,3,4,2,0.26881067595112,0.561537692044794,0.198316998364461,0.318877834247543,48.625339520034,62.1842893793529,0.0740978579251053,1.03678116720551,0.370489289625528,5.18390583602756,0.206717013897843,1.04383577560729,2611,5222,0,2.23876,3.79597708,10,5,1,4,0.555555555555556,-0.00202924467359944,0.0405706497048783,0.223606797749979,0.574456264653802,0.26881067595112,0.561537692044794,8,0.223606797749979,0.574456264653802,0.320005421157811,0.564408485957907,5,1,2,-0.0229176836892,0.0405192999683279
EXACT_CELL,0,P2,STAGE5_TOEPLITZ_CORRELATED,4,BEAMSPACE_MUSIC_K2,10,10,0,0,0,0,0,0,NaN,NaN,NaN,NaN,NaN,NaN,NaN,NaN,NaN,NaN,NaN,NaN,19521,0,1,0.0322126580357143,0.0326070380357143,0,0,0,0,NaN,NaN,NaN,NaN,NaN,NaN,NaN,0,NaN,NaN,NaN,NaN,0,0,0,NaN,NaN
EXACT_CELL,0,P2,STAGE5_TOEPLITZ_CORRELATED,4,FULL4D_ELEMENT_CML_MULTISTART,10,0,0,NaN,0,0,0,0,NaN,NaN,NaN,NaN,NaN,NaN,NaN,NaN,NaN,NaN,NaN,NaN,NaN,NaN,NaN,NaN,NaN,0,0,0,0,NaN,NaN,NaN,NaN,NaN,NaN,NaN,0,NaN,NaN,NaN,NaN,0,0,0,NaN,NaN
EXACT_CELL,0,P3,STAGE5_TOEPLITZ_CORRELATED,4,TANGENT_PROFILE_SAFE,10,10,10,1,0,0,0,0,0.371000861140353,0.553423540008856,0.21180339887499,0.412310562561766,50.148345481724,90,0.297213595499958,0.887823512446702,1.98142396999974,5.9188234163114,0.320156211871643,1.03100254495152,412,897.5,0,4.4607578,5.19986676,0,0,0,0,NaN,NaN,NaN,NaN,NaN,NaN,NaN,0,NaN,NaN,NaN,NaN,0,0,0,NaN,NaN
EXACT_CELL,0,P3,STAGE5_TOEPLITZ_CORRELATED,4,FULL4D_BEAMSPACE_CML_MULTISTART,10,10,10,1,4,3,3,1,0.343961575493906,0.655580013904084,0.275289009442019,0.650124627954151,40.5250727782636,89.5247511972022,0.0787080915549566,0.945677410900717,0.524720610366382,6.30451607267151,0.136512885615397,1.10576941885322,2777.5,5555,0,2.5815302,3.95877687,10,5,0,5,0.5,0.00459955951796973,0.233432184192034,0.371000861140353,0.553423540008856,0.343961575493906,0.655580013904084,9,0.430842198490352,0.567750613696517,0.383481606080309,0.661687217177052,5,0,4,-0.0294415449075033,0.243362107484396
EXACT_CELL,0,P3,STAGE5_TOEPLITZ_CORRELATED,4,BEAMSPACE_MUSIC_K2,10,10,0,0,0,0,0,0,NaN,NaN,NaN,NaN,NaN,NaN,NaN,NaN,NaN,NaN,NaN,NaN,19521,0,1,0.0327259080357143,0.0338579180357143,0,0,0,0,NaN,NaN,NaN,NaN,NaN,NaN,NaN,0,NaN,NaN,NaN,NaN,0,0,0,NaN,NaN
EXACT_CELL,0,P3,STAGE5_TOEPLITZ_CORRELATED,4,FULL4D_ELEMENT_CML_MULTISTART,10,0,0,NaN,0,0,0,0,NaN,NaN,NaN,NaN,NaN,NaN,NaN,NaN,NaN,NaN,NaN,NaN,NaN,NaN,NaN,NaN,NaN,0,0,0,0,NaN,NaN,NaN,NaN,NaN,NaN,NaN,0,NaN,NaN,NaN,NaN,0,0,0,NaN,NaN
EXACT_CELL,0,P4,STAGE5_TOEPLITZ_CORRELATED,4,TANGENT_PROFILE_SAFE,10,10,10,1,0,0,0,0,0.350960702874708,0.552044208633935,0.184694319898605,0.434729546644894,45.9824052594439,74.3065955629693,0.223885966865266,0.990984915890174,2.23885966865266,9.90984915890177,0.285008810480955,1.00344347256764,412.5,896,0,4.42925055,5.58204462,0,0,0,0,NaN,NaN,NaN,NaN,NaN,NaN,NaN,0,NaN,NaN,NaN,NaN,0,0,0,NaN,NaN
EXACT_CELL,0,P4,STAGE5_TOEPLITZ_CORRELATED,4,FULL4D_BEAMSPACE_CML_MULTISTART,10,10,10,1,3,4,3,1,0.250589970463305,0.570460290059705,0.190368668947567,0.450633405266269,37.0614493084136,72.4561962932871,0.203586580153256,0.989946545439937,2.03586580153256,9.89946545439939,0.21593253216214,1.00187375354173,2975,5950,0,3.3936588,4.46021013,10,6,1,3,0.666666666666667,-0.0209410921719304,0.0621977536277997,0.350960702874708,0.552044208633935,0.250589970463305,0.570460290059705,9,0.430116263352131,0.558259751670198,0.266843307528278,0.572739680966269,6,1,2,-0.0223522335554712,0.060092999202291
EXACT_CELL,0,P4,STAGE5_TOEPLITZ_CORRELATED,4,BEAMSPACE_MUSIC_K2,10,10,0,0,0,0,0,0,NaN,NaN,NaN,NaN,NaN,NaN,NaN,NaN,NaN,NaN,NaN,NaN,19521,0,1,0.0410159580357143,0.0424150580357143,0,0,0,0,NaN,NaN,NaN,NaN,NaN,NaN,NaN,0,NaN,NaN,NaN,NaN,0,0,0,NaN,NaN
EXACT_CELL,0,P4,STAGE5_TOEPLITZ_CORRELATED,4,FULL4D_ELEMENT_CML_MULTISTART,10,0,0,NaN,0,0,0,0,NaN,NaN,NaN,NaN,NaN,NaN,NaN,NaN,NaN,NaN,NaN,NaN,NaN,NaN,NaN,NaN,NaN,0,0,0,0,NaN,NaN,NaN,NaN,NaN,NaN,NaN,0,NaN,NaN,NaN,NaN,0,0,0,NaN,NaN
EXACT_CELL,0,P1,STAGE5_TOEPLITZ_CORRELATED,8,TANGENT_PROFILE_SAFE,10,10,10,1,0,0,0,0,0.210134174756179,0.471108807408568,0.141421356237309,0.4,34.5426981250988,81.7067241274448,0.265685424949238,0.341080390271856,0.885618083164126,1.13693463423952,0.291189744554457,0.665196238869384,461.5,999.5,0,4.374538,4.44203535,0,0,0,0,NaN,NaN,NaN,NaN,NaN,NaN,NaN,0,NaN,NaN,NaN,NaN,0,0,0,NaN,NaN
EXACT_CELL,0,P1,STAGE5_TOEPLITZ_CORRELATED,8,FULL4D_BEAMSPACE_CML_MULTISTART,10,10,10,1,2,3,5,0,0.296516230570496,0.445429955261308,0.236691741860646,0.426309630487374,34.9093950853794,82.6425505370488,0.112753498799086,0.350789526117835,0.375844995996955,1.16929842039279,0.23540611082489,0.430158847841339,4074,8148,0,3.816593,4.73544321,10,7,0,3,0.7,-0.0248737528743378,0.0208227239645526,0.210134174756179,0.471108807408568,0.296516230570496,0.445429955261308,10,0.210134174756179,0.471108807408568,0.296516230570496,0.445429955261308,7,0,3,-0.0248737528743378,0.0208227239645526
EXACT_CELL,0,P1,STAGE5_TOEPLITZ_CORRELATED,8,BEAMSPACE_MUSIC_K2,10,10,0,0,0,0,0,0,NaN,NaN,NaN,NaN,NaN,NaN,NaN,NaN,NaN,NaN,NaN,NaN,19521,0,1,0.0324832080357143,0.0412438480357143,0,0,0,0,NaN,NaN,NaN,NaN,NaN,NaN,NaN,0,NaN,NaN,NaN,NaN,0,0,0,NaN,NaN
EXACT_CELL,0,P1,STAGE5_TOEPLITZ_CORRELATED,8,FULL4D_ELEMENT_CML_MULTISTART,10,0,0,NaN,0,0,0,0,NaN,NaN,NaN,NaN,NaN,NaN,NaN,NaN,NaN,NaN,NaN,NaN,NaN,NaN,NaN,NaN,NaN,0,0,0,0,NaN,NaN,NaN,NaN,NaN,NaN,NaN,0,NaN,NaN,NaN,NaN,0,0,0,NaN,NaN
EXACT_CELL,0,P2,STAGE5_TOEPLITZ_CORRELATED,8,TANGENT_PROFILE_SAFE,10,10,10,1,0,0,0,0,0.176635666477145,0.55746593153491,0.134643897359923,0.342801098892804,44.9999999999998,88.3984266258891,0.140921356237309,0.627703296142691,0.70460678118655,3.13851648071346,0.241421356237309,0.629442719099992,424,921.5,0,4.50001335,4.83165146,0,0,0,0,NaN,NaN,NaN,NaN,NaN,NaN,NaN,0,NaN,NaN,NaN,NaN,0,0,0,NaN,NaN
EXACT_CELL,0,P2,STAGE5_TOEPLITZ_CORRELATED,8,FULL4D_BEAMSPACE_CML_MULTISTART,10,10,10,1,1,5,4,0,0.216601909973036,0.347018432207983,0.147165539580764,0.339049189371633,46.2613199693554,86.414557598104,0.0797342663897104,0.250717145156615,0.398671331948554,1.25358572578308,0.20014871657073,0.443029166420727,2908,5816,0,2.78137415,3.89624552,10,5,0,5,0.5,0.00570034521456654,0.34422544265011,0.176635666477145,0.55746593153491,0.216601909973036,0.347018432207983,10,0.176635666477145,0.55746593153491,0.216601909973036,0.347018432207983,5,0,5,0.00570034521456654,0.34422544265011
EXACT_CELL,0,P2,STAGE5_TOEPLITZ_CORRELATED,8,BEAMSPACE_MUSIC_K2,10,10,0,0,0,0,0,0,NaN,NaN,NaN,NaN,NaN,NaN,NaN,NaN,NaN,NaN,NaN,NaN,19521,0,1,0.0333705580357143,0.0422950780357143,0,0,0,0,NaN,NaN,NaN,NaN,NaN,NaN,NaN,0,NaN,NaN,NaN,NaN,0,0,0,NaN,NaN
EXACT_CELL,0,P2,STAGE5_TOEPLITZ_CORRELATED,8,FULL4D_ELEMENT_CML_MULTISTART,10,0,0,NaN,0,0,0,0,NaN,NaN,NaN,NaN,NaN,NaN,NaN,NaN,NaN,NaN,NaN,NaN,NaN,NaN,NaN,NaN,NaN,0,0,0,0,NaN,NaN,NaN,NaN,NaN,NaN,NaN,0,NaN,NaN,NaN,NaN,0,0,0,NaN,NaN
EXACT_CELL,0,P3,STAGE5_TOEPLITZ_CORRELATED,8,TANGENT_PROFILE_SAFE,10,10,10,1,0,0,0,0,0.207932995373328,0.432639990251242,0.149520131466378,0.231246117974982,19.2823473467535,76.4211486580637,0.202018501040164,0.713814263217144,1.34679000693444,4.75876175478101,0.206105341944845,0.841509000879307,423.5,922,0,4.4189676,4.55532486,0,0,0,0,NaN,NaN,NaN,NaN,NaN,NaN,NaN,0,NaN,NaN,NaN,NaN,0,0,0,NaN,NaN
EXACT_CELL,0,P3,STAGE5_TOEPLITZ_CORRELATED,8,FULL4D_BEAMSPACE_CML_MULTISTART,10,10,10,1,1,5,4,0,0.244002946158125,0.611739577498777,0.226536355010304,0.429822911711161,21.5658455095394,77.4382715913101,0.0576623476875858,0.777550789284391,0.384415651250575,5.18367192856265,0.0789997491817068,0.906928510581426,3719,7438,0,4.56775605,5.45376513,10,7,1,2,0.777777777777778,-0.0463170396465918,0.126588868298343,0.207932995373328,0.432639990251242,0.244002946158125,0.611739577498777,10,0.207932995373328,0.432639990251242,0.244002946158125,0.611739577498777,7,1,2,-0.0463170396465918,0.126588868298343
EXACT_CELL,0,P3,STAGE5_TOEPLITZ_CORRELATED,8,BEAMSPACE_MUSIC_K2,10,10,0,0,0,0,0,0,NaN,NaN,NaN,NaN,NaN,NaN,NaN,NaN,NaN,NaN,NaN,NaN,19521,0,1,0.0407677580357143,0.0426531580357143,0,0,0,0,NaN,NaN,NaN,NaN,NaN,NaN,NaN,0,NaN,NaN,NaN,NaN,0,0,0,NaN,NaN
EXACT_CELL,0,P3,STAGE5_TOEPLITZ_CORRELATED,8,FULL4D_ELEMENT_CML_MULTISTART,10,0,0,NaN,0,0,0,0,NaN,NaN,NaN,NaN,NaN,NaN,NaN,NaN,NaN,NaN,NaN,NaN,NaN,NaN,NaN,NaN,NaN,0,0,0,0,NaN,NaN,NaN,NaN,NaN,NaN,NaN,0,NaN,NaN,NaN,NaN,0,0,0,NaN,NaN
EXACT_CELL,0,P4,STAGE5_TOEPLITZ_CORRELATED,8,TANGENT_PROFILE_SAFE,10,10,10,1,0,0,0,0,0.172868779333958,0.510232883080519,0.11828194528177,0.304138126514911,36.4425885254709,74.4201260632567,0.140921356237309,0.826639722505887,1.40921356237309,8.26639722505889,0.156265500575814,0.833832187749144,419,914.5,0,4.4844391,4.60673953,0,0,0,0,NaN,NaN,NaN,NaN,NaN,NaN,NaN,0,NaN,NaN,NaN,NaN,0,0,0,NaN,NaN
EXACT_CELL,0,P4,STAGE5_TOEPLITZ_CORRELATED,8,FULL4D_BEAMSPACE_CML_MULTISTART,10,10,10,1,2,4,4,0,0.228019617113151,0.518460265841435,0.175669926884463,0.320446733142797,38.1673385876318,74.2240925381018,0.11081805956663,0.895033576523193,1.1081805956663,8.95033576523195,0.208677039125949,0.903877147299335,4164,8328,0,3.9004768,5.58247751,10,8,0,2,0.8,-0.00894374980228516,0.000245957039016114,0.172868779333958,0.510232883080519,0.228019617113151,0.518460265841435,10,0.172868779333958,0.510232883080519,0.228019617113151,0.518460265841435,8,0,2,-0.00894374980228516,0.000245957039016114
EXACT_CELL,0,P4,STAGE5_TOEPLITZ_CORRELATED,8,BEAMSPACE_MUSIC_K2,10,10,0,0,0,0,0,0,NaN,NaN,NaN,NaN,NaN,NaN,NaN,NaN,NaN,NaN,NaN,NaN,19521,0,1,0.0365199580357143,0.0411886280357143,0,0,0,0,NaN,NaN,NaN,NaN,NaN,NaN,NaN,0,NaN,NaN,NaN,NaN,0,0,0,NaN,NaN
EXACT_CELL,0,P4,STAGE5_TOEPLITZ_CORRELATED,8,FULL4D_ELEMENT_CML_MULTISTART,10,0,0,NaN,0,0,0,0,NaN,NaN,NaN,NaN,NaN,NaN,NaN,NaN,NaN,NaN,NaN,NaN,NaN,NaN,NaN,NaN,NaN,0,0,0,0,NaN,NaN,NaN,NaN,NaN,NaN,NaN,0,NaN,NaN,NaN,NaN,0,0,0,NaN,NaN
EXACT_CELL,6,P1,WHITE,1,TANGENT_PROFILE_SAFE,10,10,10,1,0,0,0,0,0.395425920312526,0.514491732874754,0.179192221412727,0.500990195135928,27.9028620349831,45.9462322208026,0.206449510224597,0.921388361860415,0.688165034081991,3.07129453953472,0.239082048713149,1.01205494828478,399,870,0,4.5819367,5.33241713,0,0,0,0,NaN,NaN,NaN,NaN,NaN,NaN,NaN,0,NaN,NaN,NaN,NaN,0,0,0,NaN,NaN
EXACT_CELL,6,P1,WHITE,1,FULL4D_BEAMSPACE_CML_MULTISTART,10,10,10,1,2,5,3,1,0.180628788976258,0.544798609110734,0.119251960066119,0.338165744151322,28.1655580493682,40.8124361166692,0.240834274288443,0.917601669064853,0.802780914294811,3.05867223021618,0.247257353339311,0.997004322036303,2168,4336,0,1.98750405,3.37701419,10,2,1,7,0.222222222222222,0.010605087462153,0.230024205380675,0.395425920312526,0.514491732874754,0.180628788976258,0.544798609110734,9,0.421482130413158,0.517821263934464,0.175767761042545,0.545139705809326,2,1,6,0.00509611617609694,0.231767556935112
EXACT_CELL,6,P1,WHITE,1,BEAMSPACE_MUSIC_K2,10,0,0,NaN,0,0,0,0,NaN,NaN,NaN,NaN,NaN,NaN,NaN,NaN,NaN,NaN,NaN,NaN,NaN,NaN,NaN,NaN,NaN,0,0,0,0,NaN,NaN,NaN,NaN,NaN,NaN,NaN,0,NaN,NaN,NaN,NaN,0,0,0,NaN,NaN
EXACT_CELL,6,P1,WHITE,1,FULL4D_ELEMENT_CML_MULTISTART,10,0,0,NaN,0,0,0,0,NaN,NaN,NaN,NaN,NaN,NaN,NaN,NaN,NaN,NaN,NaN,NaN,NaN,NaN,NaN,NaN,NaN,0,0,0,0,NaN,NaN,NaN,NaN,NaN,NaN,NaN,0,NaN,NaN,NaN,NaN,0,0,0,NaN,NaN
EXACT_CELL,6,P2,WHITE,1,TANGENT_PROFILE_SAFE,10,10,10,1,0,0,0,0,0.538195839276832,0.579460618172406,0.211803398874989,0.519739381526332,24.1832303317149,46.6535862723391,0.339834563766817,1.06491106406735,1.69917281883409,5.32455532033678,0.365028153987288,1.0770329614269,426,923,0,4.5769034,4.93794106,0,0,0,0,NaN,NaN,NaN,NaN,NaN,NaN,NaN,0,NaN,NaN,NaN,NaN,0,0,0,NaN,NaN
EXACT_CELL,6,P2,WHITE,1,FULL4D_BEAMSPACE_CML_MULTISTART,10,10,10,1,5,0,5,0,0.574456264653802,0.70576717425991,0.267906967504367,0.701402625882477,20.159041583206,40.9125853505635,0.162931947930821,1.06491106406735,0.814659739654106,5.32455532033678,0.211128925948344,1.0770329614269,3081.5,6163,0,2.7452857,4.30182545,10,5,4,1,0.833333333333333,-0.0164508304949632,0.00104305290607405,0.538195839276832,0.579460618172406,0.574456264653802,0.70576717425991,10,0.538195839276832,0.579460618172406,0.574456264653802,0.70576717425991,5,4,1,-0.0164508304949632,0.00104305290607405
EXACT_CELL,6,P2,WHITE,1,BEAMSPACE_MUSIC_K2,10,0,0,NaN,0,0,0,0,NaN,NaN,NaN,NaN,NaN,NaN,NaN,NaN,NaN,NaN,NaN,NaN,NaN,NaN,NaN,NaN,NaN,0,0,0,0,NaN,NaN,NaN,NaN,NaN,NaN,NaN,0,NaN,NaN,NaN,NaN,0,0,0,NaN,NaN
EXACT_CELL,6,P2,WHITE,1,FULL4D_ELEMENT_CML_MULTISTART,10,0,0,NaN,0,0,0,0,NaN,NaN,NaN,NaN,NaN,NaN,NaN,NaN,NaN,NaN,NaN,NaN,NaN,NaN,NaN,NaN,NaN,0,0,0,0,NaN,NaN,NaN,NaN,NaN,NaN,NaN,0,NaN,NaN,NaN,NaN,0,0,0,NaN,NaN
EXACT_CELL,6,P3,WHITE,1,TANGENT_PROFILE_SAFE,10,10,10,1,0,0,0,0,0.39733811455415,0.62098711741871,0.253224755112298,0.424931154376934,63.4349488229221,90,0.199500000000001,1.05,1.33000000000002,7.00000000000007,0.326556443707463,1.20933866224478,371,819.5,0,4.3325402,4.5709583,0,0,0,0,NaN,NaN,NaN,NaN,NaN,NaN,NaN,0,NaN,NaN,NaN,NaN,0,0,0,NaN,NaN
EXACT_CELL,6,P3,WHITE,1,FULL4D_BEAMSPACE_CML_MULTISTART,10,10,10,1,3,2,5,0,0.251495117730732,0.569668759409762,0.245256357578654,0.563908194801383,42.6115930652089,79.5779406253247,0.0979035550356506,0.154974211839859,0.652690366904343,1.03316141226574,0.121080254373045,0.258954682831645,3240,6480,0,2.88755575,3.97713708,10,4,0,6,0.4,0.00253350695301749,0.396577242133182,0.39733811455415,0.62098711741871,0.251495117730732,0.569668759409762,10,0.39733811455415,0.62098711741871,0.251495117730732,0.569668759409762,4,0,6,0.00253350695301749,0.396577242133182
EXACT_CELL,6,P3,WHITE,1,BEAMSPACE_MUSIC_K2,10,0,0,NaN,0,0,0,0,NaN,NaN,NaN,NaN,NaN,NaN,NaN,NaN,NaN,NaN,NaN,NaN,NaN,NaN,NaN,NaN,NaN,0,0,0,0,NaN,NaN,NaN,NaN,NaN,NaN,NaN,0,NaN,NaN,NaN,NaN,0,0,0,NaN,NaN
EXACT_CELL,6,P3,WHITE,1,FULL4D_ELEMENT_CML_MULTISTART,10,0,0,NaN,0,0,0,0,NaN,NaN,NaN,NaN,NaN,NaN,NaN,NaN,NaN,NaN,NaN,NaN,NaN,NaN,NaN,NaN,NaN,0,0,0,0,NaN,NaN,NaN,NaN,NaN,NaN,NaN,0,NaN,NaN,NaN,NaN,0,0,0,NaN,NaN
EXACT_CELL,6,P4,WHITE,1,TANGENT_PROFILE_SAFE,10,10,10,1,0,0,0,0,0.297558620875823,0.555429624044001,0.168349452569038,0.436681701083842,41.4651456853771,52.2253256145486,0.141421356237309,0.92,1.4142135623731,9.20000000000002,0.1913327421253,0.951928194035373,378,828.5,0,4.4642964,4.71642979,0,0,0,0,NaN,NaN,NaN,NaN,NaN,NaN,NaN,0,NaN,NaN,NaN,NaN,0,0,0,NaN,NaN
EXACT_CELL,6,P4,WHITE,1,FULL4D_BEAMSPACE_CML_MULTISTART,10,10,10,1,3,1,6,1,0.292146530725463,0.521222116008578,0.221517476246924,0.422015019772311,32.2831806228632,49.0727308901968,0.131650361703962,0.451964171777937,1.31650361703962,4.51964171777938,0.155858023682348,0.467298419413885,2491,4982,0,2.29904445,4.69249708,10,5,0,5,0.5,0.01405945918426,0.0958328084569588,0.297558620875823,0.555429624044001,0.292146530725463,0.521222116008578,9,0.433507707184237,0.559690674451584,0.366351368312337,0.531843088177333,5,0,4,-0.00104775022864156,0.111173791509908
EXACT_CELL,6,P4,WHITE,1,BEAMSPACE_MUSIC_K2,10,0,0,NaN,0,0,0,0,NaN,NaN,NaN,NaN,NaN,NaN,NaN,NaN,NaN,NaN,NaN,NaN,NaN,NaN,NaN,NaN,NaN,0,0,0,0,NaN,NaN,NaN,NaN,NaN,NaN,NaN,0,NaN,NaN,NaN,NaN,0,0,0,NaN,NaN
EXACT_CELL,6,P4,WHITE,1,FULL4D_ELEMENT_CML_MULTISTART,10,0,0,NaN,0,0,0,0,NaN,NaN,NaN,NaN,NaN,NaN,NaN,NaN,NaN,NaN,NaN,NaN,NaN,NaN,NaN,NaN,NaN,0,0,0,0,NaN,NaN,NaN,NaN,NaN,NaN,NaN,0,NaN,NaN,NaN,NaN,0,0,0,NaN,NaN
EXACT_CELL,6,P1,WHITE,4,TANGENT_PROFILE_SAFE,10,10,10,1,0,0,0,0,0.143901889516071,0.473648835896027,0.0955017972216697,0.200660051153273,17.6734872026722,41.5247591197097,0.103331771237341,0.365591106406736,0.344439237457806,1.21863702135579,0.259482328582405,0.508195912462299,442,956,0,4.3606615,4.47865996,0,0,0,0,NaN,NaN,NaN,NaN,NaN,NaN,NaN,0,NaN,NaN,NaN,NaN,0,0,0,NaN,NaN
EXACT_CELL,6,P1,WHITE,4,FULL4D_BEAMSPACE_CML_MULTISTART,10,10,10,1,2,4,4,3,0.133965028186039,0.483381692540186,0.102997713526208,0.19397104560471,17.9047517960895,41.5954720902033,0.124670461715431,0.312953845616175,0.415568205718104,1.04317948538725,0.209234634945198,0.461802015083449,2817.5,5635,0,2.54581515,4.56761049,10,5,0,5,0.5,0.00158938057111786,0.0519816309170315,0.143901889516071,0.473648835896027,0.133965028186039,0.483381692540186,7,0.127689246184612,0.483361426375614,0.129912438419162,0.487694320978792,5,0,2,-0.009604309302229,0.00582798381758501
EXACT_CELL,6,P1,WHITE,4,BEAMSPACE_MUSIC_K2,10,10,0,0,0,0,0,0,NaN,NaN,NaN,NaN,NaN,NaN,NaN,NaN,NaN,NaN,NaN,NaN,19521,0,1,0.0332488039285714,0.0335270139285714,0,0,0,0,NaN,NaN,NaN,NaN,NaN,NaN,NaN,0,NaN,NaN,NaN,NaN,0,0,0,NaN,NaN
EXACT_CELL,6,P1,WHITE,4,FULL4D_ELEMENT_CML_MULTISTART,10,0,0,NaN,0,0,0,0,NaN,NaN,NaN,NaN,NaN,NaN,NaN,NaN,NaN,NaN,NaN,NaN,NaN,NaN,NaN,NaN,NaN,0,0,0,0,NaN,NaN,NaN,NaN,NaN,NaN,NaN,0,NaN,NaN,NaN,NaN,0,0,0,NaN,NaN
EXACT_CELL,6,P2,WHITE,4,TANGENT_PROFILE_SAFE,10,10,10,1,0,0,0,0,0.168474682869859,0.556776436283001,0.104675941389828,0.320990195135927,44.9110769120793,84.527810193005,0.20156161551162,0.890984915890175,1.0078080775581,4.45492457945089,0.279115101913056,0.90696486217178,414,900,0,4.28964985,4.39352481,0,0,0,0,NaN,NaN,NaN,NaN,NaN,NaN,NaN,0,NaN,NaN,NaN,NaN,0,0,0,NaN,NaN
EXACT_CELL,6,P2,WHITE,4,FULL4D_BEAMSPACE_CML_MULTISTART,10,10,10,1,4,2,4,1,0.296870819673238,0.51555734497832,0.147219197657099,0.414158489649887,33.9348696902269,82.9815485577412,0.116168957262651,0.873396938593694,0.580844786313255,4.36698469296848,0.254128003787385,0.890334794709911,3545.5,7091,0,3.42672325,4.19547891,10,7,0,3,0.7,-0.0378381192531042,0.0105604011134868,0.168474682869859,0.556776436283001,0.296870819673238,0.51555734497832,9,0.17745381804222,0.556776436283001,0.391552814866091,0.530435611210478,7,0,2,-0.0509412320680427,0.0166607660001373
EXACT_CELL,6,P2,WHITE,4,BEAMSPACE_MUSIC_K2,10,10,0,0,0,0,0,0,NaN,NaN,NaN,NaN,NaN,NaN,NaN,NaN,NaN,NaN,NaN,NaN,19521,0,1,0.0334840539285714,0.0351573139285714,0,0,0,0,NaN,NaN,NaN,NaN,NaN,NaN,NaN,0,NaN,NaN,NaN,NaN,0,0,0,NaN,NaN
EXACT_CELL,6,P2,WHITE,4,FULL4D_ELEMENT_CML_MULTISTART,10,0,0,NaN,0,0,0,0,NaN,NaN,NaN,NaN,NaN,NaN,NaN,NaN,NaN,NaN,NaN,NaN,NaN,NaN,NaN,NaN,NaN,0,0,0,0,NaN,NaN,NaN,NaN,NaN,NaN,NaN,0,NaN,NaN,NaN,NaN,0,0,0,NaN,NaN
EXACT_CELL,6,P3,WHITE,4,TANGENT_PROFILE_SAFE,10,10,10,1,0,0,0,0,0.151823188222339,0.512660860618138,0.087010241832965,0.420827625302982,17.4521983667829,90,0.154757729898109,0.499209978830309,1.03171819932074,3.32806652553542,0.207472452699753,0.623265859026151,417,907,0,4.27429075,4.35593601,0,0,0,0,NaN,NaN,NaN,NaN,NaN,NaN,NaN,0,NaN,NaN,NaN,NaN,0,0,0,NaN,NaN
EXACT_CELL,6,P3,WHITE,4,FULL4D_BEAMSPACE_CML_MULTISTART,10,10,10,1,2,4,4,1,0.249526865547009,0.504319677183246,0.140042910967327,0.490838549087574,20.2887004476772,79.5254052667627,0.132654503667433,0.407328033094108,0.884363357782897,2.71552022062741,0.19353577064226,0.464141284262821,2605.5,5211,0,2.50812375,4.70642873,10,4,0,6,0.4,0.0050064886370644,0.0227184099019814,0.151823188222339,0.512660860618138,0.249526865547009,0.504319677183246,9,0.188745860881769,0.524697111373757,0.249910734120613,0.514401926066303,4,0,5,0.00362579571179811,0.0230749421670889
EXACT_CELL,6,P3,WHITE,4,BEAMSPACE_MUSIC_K2,10,10,0,0,0,0,0,0,NaN,NaN,NaN,NaN,NaN,NaN,NaN,NaN,NaN,NaN,NaN,NaN,19521,0,1,0.0334635539285714,0.0342843339285714,0,0,0,0,NaN,NaN,NaN,NaN,NaN,NaN,NaN,0,NaN,NaN,NaN,NaN,0,0,0,NaN,NaN
EXACT_CELL,6,P3,WHITE,4,FULL4D_ELEMENT_CML_MULTISTART,10,0,0,NaN,0,0,0,0,NaN,NaN,NaN,NaN,NaN,NaN,NaN,NaN,NaN,NaN,NaN,NaN,NaN,NaN,NaN,NaN,NaN,0,0,0,0,NaN,NaN,NaN,NaN,NaN,NaN,NaN,0,NaN,NaN,NaN,NaN,0,0,0,NaN,NaN
EXACT_CELL,6,P4,WHITE,4,TANGENT_PROFILE_SAFE,10,10,10,1,0,0,0,0,0.227692655387323,0.449287695038714,0.162106044545836,0.344589195689059,44.531146640449,56.7034570520807,0.223606797749979,0.590865229436271,2.23606797749979,5.90865229436273,0.250562028988681,0.606494468938617,390.5,855,0,4.28681005,4.34143572,0,0,0,0,NaN,NaN,NaN,NaN,NaN,NaN,NaN,0,NaN,NaN,NaN,NaN,0,0,0,NaN,NaN
EXACT_CELL,6,P4,WHITE,4,FULL4D_BEAMSPACE_CML_MULTISTART,10,10,10,1,4,3,3,0,0.503233375635199,0.576232190906751,0.464720714023019,0.558473507614911,53.6062089437199,67.815345667566,0.100360263065053,0.693620512858297,1.00360263065053,6.93620512858299,0.134183901623704,0.705574223587775,3287,6574,0,3.0248488,4.27941072,10,8,0,2,0.8,-0.0880003346842615,0.00224694440496666,0.227692655387323,0.449287695038714,0.503233375635199,0.576232190906751,10,0.227692655387323,0.449287695038714,0.503233375635199,0.576232190906751,8,0,2,-0.0880003346842615,0.00224694440496666
EXACT_CELL,6,P4,WHITE,4,BEAMSPACE_MUSIC_K2,10,10,0,0,0,0,0,0,NaN,NaN,NaN,NaN,NaN,NaN,NaN,NaN,NaN,NaN,NaN,NaN,19521,0,1,0.0335484039285714,0.0341837939285714,0,0,0,0,NaN,NaN,NaN,NaN,NaN,NaN,NaN,0,NaN,NaN,NaN,NaN,0,0,0,NaN,NaN
EXACT_CELL,6,P4,WHITE,4,FULL4D_ELEMENT_CML_MULTISTART,10,0,0,NaN,0,0,0,0,NaN,NaN,NaN,NaN,NaN,NaN,NaN,NaN,NaN,NaN,NaN,NaN,NaN,NaN,NaN,NaN,NaN,0,0,0,0,NaN,NaN,NaN,NaN,NaN,NaN,NaN,0,NaN,NaN,NaN,NaN,0,0,0,NaN,NaN
EXACT_CELL,6,P1,WHITE,8,TANGENT_PROFILE_SAFE,10,10,10,1,0,0,0,0,0.152116752186211,0.376342582480946,0.0894552898410459,0.324604989415154,18.434948822922,33.9877445777654,0.124767762661891,0.302345553203367,0.415892542206303,1.00781851067789,0.204667139874845,0.307952910746228,416.5,904.5,0,4.29569435,4.73618455,0,0,0,0,NaN,NaN,NaN,NaN,NaN,NaN,NaN,0,NaN,NaN,NaN,NaN,0,0,0,NaN,NaN
EXACT_CELL,6,P1,WHITE,8,FULL4D_BEAMSPACE_CML_MULTISTART,10,10,10,1,3,3,4,0,0.164837356239031,0.371842132178155,0.151798029669639,0.303272432070285,19.6474103982528,29.3831156952269,0.103902638645299,0.204809759289284,0.346342128817663,0.682699197630948,0.144981721035198,0.268091914515961,4317.5,8635,0,3.85585685,5.07914183,10,5,0,5,0.5,-0.0049805180689523,0.0178726669067166,0.152116752186211,0.376342582480946,0.164837356239031,0.371842132178155,10,0.152116752186211,0.376342582480946,0.164837356239031,0.371842132178155,5,0,5,-0.0049805180689523,0.0178726669067166
EXACT_CELL,6,P1,WHITE,8,BEAMSPACE_MUSIC_K2,10,10,0,0,0,0,0,0,NaN,NaN,NaN,NaN,NaN,NaN,NaN,NaN,NaN,NaN,NaN,NaN,19521,0,1,0.0336330039285714,0.0361265939285714,0,0,0,0,NaN,NaN,NaN,NaN,NaN,NaN,NaN,0,NaN,NaN,NaN,NaN,0,0,0,NaN,NaN
EXACT_CELL,6,P1,WHITE,8,FULL4D_ELEMENT_CML_MULTISTART,10,0,0,NaN,0,0,0,0,NaN,NaN,NaN,NaN,NaN,NaN,NaN,NaN,NaN,NaN,NaN,NaN,NaN,NaN,NaN,NaN,NaN,0,0,0,0,NaN,NaN,NaN,NaN,NaN,NaN,NaN,0,NaN,NaN,NaN,NaN,0,0,0,NaN,NaN
EXACT_CELL,6,P2,WHITE,8,TANGENT_PROFILE_SAFE,10,10,10,1,0,0,0,0,0.3,0.392157490594074,0.225149275995703,0.325836045671331,22.4999999999999,73.9163457261743,0.223106797749979,0.449209978830308,1.1155339887499,2.24604989415155,0.302882132391923,0.462492235949962,421.5,918.5,0,4.22262905,4.2896623,0,0,0,0,NaN,NaN,NaN,NaN,NaN,NaN,NaN,0,NaN,NaN,NaN,NaN,0,0,0,NaN,NaN
EXACT_CELL,6,P2,WHITE,8,FULL4D_BEAMSPACE_CML_MULTISTART,10,10,10,1,1,3,6,0,0.283093084377985,0.363540662407053,0.188960428755878,0.295121244643416,28.3847170932872,73.9361058256775,0.212354294729838,0.577085935500246,1.06177147364919,2.88542967750124,0.258852830327169,0.61294977773007,2700.5,5401,0,2.9402398,4.23028006,10,5,0,5,0.5,-0.000715890945727202,0.0435511183551791,0.3,0.392157490594074,0.283093084377985,0.363540662407053,10,0.3,0.392157490594074,0.283093084377985,0.363540662407053,5,0,5,-0.000715890945727202,0.0435511183551791
EXACT_CELL,6,P2,WHITE,8,BEAMSPACE_MUSIC_K2,10,10,0,0,0,0,0,0,NaN,NaN,NaN,NaN,NaN,NaN,NaN,NaN,NaN,NaN,NaN,NaN,19521,0,1,0.0336354039285714,0.0347861439285714,0,0,0,0,NaN,NaN,NaN,NaN,NaN,NaN,NaN,0,NaN,NaN,NaN,NaN,0,0,0,NaN,NaN
EXACT_CELL,6,P2,WHITE,8,FULL4D_ELEMENT_CML_MULTISTART,10,0,0,NaN,0,0,0,0,NaN,NaN,NaN,NaN,NaN,NaN,NaN,NaN,NaN,NaN,NaN,NaN,NaN,NaN,NaN,NaN,NaN,0,0,0,0,NaN,NaN,NaN,NaN,NaN,NaN,NaN,0,NaN,NaN,NaN,NaN,0,0,0,NaN,NaN
EXACT_CELL,6,P3,WHITE,8,TANGENT_PROFILE_SAFE,10,10,10,1,0,0,0,0,0.0966051299370203,0.379188373265141,0.0485507908371927,0.199999999999999,17.9896790726163,73.5430372083221,0.11688902510059,0.521190369102165,0.779260167337275,3.47460246068113,0.120299797907396,0.641996678018157,418,911.5,0,4.25298755,4.30614264,0,0,0,0,NaN,NaN,NaN,NaN,NaN,NaN,NaN,0,NaN,NaN,NaN,NaN,0,0,0,NaN,NaN
EXACT_CELL,6,P3,WHITE,8,FULL4D_BEAMSPACE_CML_MULTISTART,10,10,10,1,1,5,4,1,0.205310152410401,0.381882553626591,0.147102263383151,0.216839819824323,22.0468731485532,80.4229103957868,0.177100162789773,0.49197580052317,1.18066775193183,3.2798386701545,0.199561032334797,0.635010183077011,3516.5,7033,0,3.0647482,4.67804993,10,6,0,4,0.6,-0.0654475395172006,0.0231092862583327,0.0966051299370203,0.379188373265141,0.205310152410401,0.381882553626591,9,0.103077640640442,0.396955939160258,0.206472308993293,0.40062950084621,6,0,3,-0.119386466752428,0.00870855611949523
EXACT_CELL,6,P3,WHITE,8,BEAMSPACE_MUSIC_K2,10,10,0,0,0,0,0,0,NaN,NaN,NaN,NaN,NaN,NaN,NaN,NaN,NaN,NaN,NaN,NaN,19521,0,1,0.0330228039285714,0.0336010139285714,0,0,0,0,NaN,NaN,NaN,NaN,NaN,NaN,NaN,0,NaN,NaN,NaN,NaN,0,0,0,NaN,NaN
EXACT_CELL,6,P3,WHITE,8,FULL4D_ELEMENT_CML_MULTISTART,10,0,0,NaN,0,0,0,0,NaN,NaN,NaN,NaN,NaN,NaN,NaN,NaN,NaN,NaN,NaN,NaN,NaN,NaN,NaN,NaN,NaN,0,0,0,0,NaN,NaN,NaN,NaN,NaN,NaN,NaN,0,NaN,NaN,NaN,NaN,0,0,0,NaN,NaN
EXACT_CELL,6,P4,WHITE,8,TANGENT_PROFILE_SAFE,10,10,10,1,0,0,0,0,0.251779833352671,0.499765794097004,0.116807075550632,0.342180465703964,44.2942433836396,63.4349488229219,0.439834563766816,0.702462112512352,4.39834563766816,7.02462112512353,0.449306380019516,0.733504463036806,427.5,932.5,0,4.23718165,4.38646261,0,0,0,0,NaN,NaN,NaN,NaN,NaN,NaN,NaN,0,NaN,NaN,NaN,NaN,0,0,0,NaN,NaN
EXACT_CELL,6,P4,WHITE,8,FULL4D_BEAMSPACE_CML_MULTISTART,10,10,10,1,4,3,3,0,0.29565881597955,0.509064134658801,0.206412122706752,0.372032364393588,45.7934917454284,58.1754225317118,0.351173806874751,0.819234486279809,3.51173806874752,8.19234486279811,0.388137598727453,0.836764506017147,3279,6558,0,2.838519,4.00911619,10,7,0,3,0.7,-0.0177455160416711,0.00834830799489854,0.251779833352671,0.499765794097004,0.29565881597955,0.509064134658801,10,0.251779833352671,0.499765794097004,0.29565881597955,0.509064134658801,7,0,3,-0.0177455160416711,0.00834830799489854
EXACT_CELL,6,P4,WHITE,8,BEAMSPACE_MUSIC_K2,10,10,0,0,0,0,0,0,NaN,NaN,NaN,NaN,NaN,NaN,NaN,NaN,NaN,NaN,NaN,NaN,19521,0,1,0.0331386539285714,0.0340047439285714,0,0,0,0,NaN,NaN,NaN,NaN,NaN,NaN,NaN,0,NaN,NaN,NaN,NaN,0,0,0,NaN,NaN
EXACT_CELL,6,P4,WHITE,8,FULL4D_ELEMENT_CML_MULTISTART,10,0,0,NaN,0,0,0,0,NaN,NaN,NaN,NaN,NaN,NaN,NaN,NaN,NaN,NaN,NaN,NaN,NaN,NaN,NaN,NaN,NaN,0,0,0,0,NaN,NaN,NaN,NaN,NaN,NaN,NaN,0,NaN,NaN,NaN,NaN,0,0,0,NaN,NaN
EXACT_CELL,6,P1,STAGE5_TOEPLITZ_CORRELATED,1,TANGENT_PROFILE_SAFE,10,10,10,1,0,0,0,0,0.487201474237616,0.54400800740172,0.358113883008419,0.509901951359278,31.0513644845262,73.4085460593701,0.299070478491457,0.901655250605965,0.996901594971524,3.00551750201989,0.421640739774067,0.990186974544759,436.5,947,0,4.21144645,4.27425752,0,0,0,0,NaN,NaN,NaN,NaN,NaN,NaN,NaN,0,NaN,NaN,NaN,NaN,0,0,0,NaN,NaN
EXACT_CELL,6,P1,STAGE5_TOEPLITZ_CORRELATED,1,FULL4D_BEAMSPACE_CML_MULTISTART,10,10,10,1,2,5,3,0,0.358240577879117,0.573104726936,0.319561938739995,0.55012226871729,18.6739428443401,79.3932613593425,0.172311534843984,0.578746259014066,0.574371782813281,1.92915419671356,0.268850884347232,0.60430086772927,2815.5,5631,0,2.34861395,3.79412185,10,3,0,7,0.3,0.0111254813971823,0.238622771410036,0.487201474237616,0.54400800740172,0.358240577879117,0.573104726936,10,0.487201474237616,0.54400800740172,0.358240577879117,0.573104726936,3,0,7,0.0111254813971823,0.238622771410036
EXACT_CELL,6,P1,STAGE5_TOEPLITZ_CORRELATED,1,BEAMSPACE_MUSIC_K2,10,0,0,NaN,0,0,0,0,NaN,NaN,NaN,NaN,NaN,NaN,NaN,NaN,NaN,NaN,NaN,NaN,NaN,NaN,NaN,NaN,NaN,0,0,0,0,NaN,NaN,NaN,NaN,NaN,NaN,NaN,0,NaN,NaN,NaN,NaN,0,0,0,NaN,NaN
EXACT_CELL,6,P1,STAGE5_TOEPLITZ_CORRELATED,1,FULL4D_ELEMENT_CML_MULTISTART,10,0,0,NaN,0,0,0,0,NaN,NaN,NaN,NaN,NaN,NaN,NaN,NaN,NaN,NaN,NaN,NaN,NaN,NaN,NaN,NaN,NaN,0,0,0,0,NaN,NaN,NaN,NaN,NaN,NaN,NaN,0,NaN,NaN,NaN,NaN,0,0,0,NaN,NaN
EXACT_CELL,6,P2,STAGE5_TOEPLITZ_CORRELATED,1,TANGENT_PROFILE_SAFE,10,10,10,1,0,0,0,0,0.31583123951777,0.468109456174325,0.261803398874989,0.364499614791759,45,65.6705447408507,0.140921356237308,0.430772133060278,0.704606781186544,2.1538606653014,0.199999999999999,0.504472626221817,375,823.5,0,4.1820261,4.31607848,0,0,0,0,NaN,NaN,NaN,NaN,NaN,NaN,NaN,0,NaN,NaN,NaN,NaN,0,0,0,NaN,NaN
EXACT_CELL,6,P2,STAGE5_TOEPLITZ_CORRELATED,1,FULL4D_BEAMSPACE_CML_MULTISTART,10,10,10,1,2,4,4,0,0.313255962240451,0.466433235822434,0.241807689269666,0.423841679569401,46.5781328584855,74.4694996224893,0.169680319563009,0.403660931717635,0.848401597815049,2.01830465858818,0.209321740211654,0.487577044936072,3071,6142,0,2.5926405,3.88077674,10,6,0,4,0.6,-0.0151371571694512,0.117363317845367,0.31583123951777,0.468109456174325,0.313255962240451,0.466433235822434,10,0.31583123951777,0.468109456174325,0.313255962240451,0.466433235822434,6,0,4,-0.0151371571694512,0.117363317845367
EXACT_CELL,6,P2,STAGE5_TOEPLITZ_CORRELATED,1,BEAMSPACE_MUSIC_K2,10,0,0,NaN,0,0,0,0,NaN,NaN,NaN,NaN,NaN,NaN,NaN,NaN,NaN,NaN,NaN,NaN,NaN,NaN,NaN,NaN,NaN,0,0,0,0,NaN,NaN,NaN,NaN,NaN,NaN,NaN,0,NaN,NaN,NaN,NaN,0,0,0,NaN,NaN
EXACT_CELL,6,P2,STAGE5_TOEPLITZ_CORRELATED,1,FULL4D_ELEMENT_CML_MULTISTART,10,0,0,NaN,0,0,0,0,NaN,NaN,NaN,NaN,NaN,NaN,NaN,NaN,NaN,NaN,NaN,NaN,NaN,NaN,NaN,NaN,NaN,0,0,0,0,NaN,NaN,NaN,NaN,NaN,NaN,NaN,0,NaN,NaN,NaN,NaN,0,0,0,NaN,NaN
EXACT_CELL,6,P3,STAGE5_TOEPLITZ_CORRELATED,1,TANGENT_PROFILE_SAFE,10,10,10,1,0,0,0,0,0.427681470685155,0.55964896046053,0.253224755112298,0.410990195135928,63.4349488229221,90,0.297213595499959,0.887823512446702,1.98142396999974,5.9188234163114,0.415156537340401,1.03100254495152,405.5,885.5,0,4.21104395,4.2614452,0,0,0,0,NaN,NaN,NaN,NaN,NaN,NaN,NaN,0,NaN,NaN,NaN,NaN,0,0,0,NaN,NaN
EXACT_CELL,6,P3,STAGE5_TOEPLITZ_CORRELATED,1,FULL4D_BEAMSPACE_CML_MULTISTART,10,10,10,1,4,2,4,0,0.420869693392332,0.634299400939173,0.258739777102826,0.622034565493113,59.055567815796,83.4974506668942,0.148779668997311,0.813988840863136,0.99186445998208,5.42659227242096,0.202734692764902,0.918126524868698,3303.5,6607,0,2.74777755,3.88966037,10,6,1,3,0.666666666666667,-0.0112536303589806,0.15418286803088,0.427681470685155,0.55964896046053,0.420869693392332,0.634299400939173,10,0.427681470685155,0.55964896046053,0.420869693392332,0.634299400939173,6,1,3,-0.0112536303589806,0.15418286803088
EXACT_CELL,6,P3,STAGE5_TOEPLITZ_CORRELATED,1,BEAMSPACE_MUSIC_K2,10,0,0,NaN,0,0,0,0,NaN,NaN,NaN,NaN,NaN,NaN,NaN,NaN,NaN,NaN,NaN,NaN,NaN,NaN,NaN,NaN,NaN,0,0,0,0,NaN,NaN,NaN,NaN,NaN,NaN,NaN,0,NaN,NaN,NaN,NaN,0,0,0,NaN,NaN
EXACT_CELL,6,P3,STAGE5_TOEPLITZ_CORRELATED,1,FULL4D_ELEMENT_CML_MULTISTART,10,0,0,NaN,0,0,0,0,NaN,NaN,NaN,NaN,NaN,NaN,NaN,NaN,NaN,NaN,NaN,NaN,NaN,NaN,NaN,NaN,NaN,0,0,0,0,NaN,NaN,NaN,NaN,NaN,NaN,NaN,0,NaN,NaN,NaN,NaN,0,0,0,NaN,NaN
EXACT_CELL,6,P4,STAGE5_TOEPLITZ_CORRELATED,1,TANGENT_PROFILE_SAFE,10,10,10,1,0,0,0,0,0.540076514496087,0.59981744713471,0.304634084347906,0.534813792900975,45,60.0594478752211,0.323606797749978,1.10165525060596,3.23606797749978,11.0165525060597,0.345278675674493,1.13447916297295,408.5,890.5,0,4.2267052,4.30084902,0,0,0,0,NaN,NaN,NaN,NaN,NaN,NaN,NaN,0,NaN,NaN,NaN,NaN,0,0,0,NaN,NaN
EXACT_CELL,6,P4,STAGE5_TOEPLITZ_CORRELATED,1,FULL4D_BEAMSPACE_CML_MULTISTART,10,10,10,1,5,2,3,1,0.554866096160304,0.613352741545397,0.288256766766372,0.604060871805178,47.4311454249351,60.4014253731466,0.197793564480564,1.10240856409098,1.97793564480564,11.0240856409098,0.244254338956416,1.13551960474789,2693.5,5387,0,2.2483165,3.21121188,10,6,1,3,0.666666666666667,-0.0200638347759414,0.0351130803585598,0.540076514496087,0.59981744713471,0.554866096160304,0.613352741545397,9,0.545828665597671,0.605855816557172,0.586335799765706,0.625477532422823,6,1,2,-0.0364019035648039,0.0206865591167493
EXACT_CELL,6,P4,STAGE5_TOEPLITZ_CORRELATED,1,BEAMSPACE_MUSIC_K2,10,0,0,NaN,0,0,0,0,NaN,NaN,NaN,NaN,NaN,NaN,NaN,NaN,NaN,NaN,NaN,NaN,NaN,NaN,NaN,NaN,NaN,0,0,0,0,NaN,NaN,NaN,NaN,NaN,NaN,NaN,0,NaN,NaN,NaN,NaN,0,0,0,NaN,NaN
EXACT_CELL,6,P4,STAGE5_TOEPLITZ_CORRELATED,1,FULL4D_ELEMENT_CML_MULTISTART,10,0,0,NaN,0,0,0,0,NaN,NaN,NaN,NaN,NaN,NaN,NaN,NaN,NaN,NaN,NaN,NaN,NaN,NaN,NaN,NaN,NaN,0,0,0,0,NaN,NaN,NaN,NaN,NaN,NaN,NaN,0,NaN,NaN,NaN,NaN,0,0,0,NaN,NaN
EXACT_CELL,6,P1,STAGE5_TOEPLITZ_CORRELATED,4,TANGENT_PROFILE_SAFE,10,10,10,1,0,0,0,0,0.166218035228455,0.505790643591269,0.115277959582698,0.421079506305589,35.3815878410574,64.2479590583376,0.195174501425727,0.389209978830308,0.65058167141909,1.29736659610103,0.27359864123539,0.610389761284213,403.5,881,0,4.36201465,4.69048534,0,0,0,0,NaN,NaN,NaN,NaN,NaN,NaN,NaN,0,NaN,NaN,NaN,NaN,0,0,0,NaN,NaN
EXACT_CELL,6,P1,STAGE5_TOEPLITZ_CORRELATED,4,FULL4D_BEAMSPACE_CML_MULTISTART,10,10,10,1,4,2,4,1,0.261443073453447,0.508571976938662,0.14153033406311,0.474891073737043,33.9855668922526,64.3823775426972,0.192341598149908,0.564697060266392,0.641138660499695,1.88232353422131,0.285648401903095,0.741307185808685,2637.5,5275,0,2.2543818,4.0636742,10,6,0,4,0.6,-0.0151092609637231,0.0429135663909837,0.166218035228455,0.505790643591269,0.261443073453447,0.508571976938662,9,0.166300931093895,0.50638748339391,0.296105868082837,0.520828784724184,6,0,3,-0.0259038634169765,0.0447033347560771
EXACT_CELL,6,P1,STAGE5_TOEPLITZ_CORRELATED,4,BEAMSPACE_MUSIC_K2,10,10,0,0,0,0,0,0,NaN,NaN,NaN,NaN,NaN,NaN,NaN,NaN,NaN,NaN,NaN,NaN,19521,0,1,0.0323421580357143,0.0330654680357143,0,0,0,0,NaN,NaN,NaN,NaN,NaN,NaN,NaN,0,NaN,NaN,NaN,NaN,0,0,0,NaN,NaN
EXACT_CELL,6,P1,STAGE5_TOEPLITZ_CORRELATED,4,FULL4D_ELEMENT_CML_MULTISTART,10,0,0,NaN,0,0,0,0,NaN,NaN,NaN,NaN,NaN,NaN,NaN,NaN,NaN,NaN,NaN,NaN,NaN,NaN,NaN,NaN,NaN,0,0,0,0,NaN,NaN,NaN,NaN,NaN,NaN,NaN,0,NaN,NaN,NaN,NaN,0,0,0,NaN,NaN
EXACT_CELL,6,P2,STAGE5_TOEPLITZ_CORRELATED,4,TANGENT_PROFILE_SAFE,10,10,10,1,0,0,0,0,0.222980400361967,0.556776436283002,0.141067850049476,0.24124611797498,31.4711875230224,52.0548458998732,0.269179332258403,1.01655250605964,1.34589666129202,5.08276253029824,0.30035176165528,1.01980390271856,414,901.5,0,4.53061245,4.74984711,0,0,0,0,NaN,NaN,NaN,NaN,NaN,NaN,NaN,0,NaN,NaN,NaN,NaN,0,0,0,NaN,NaN
EXACT_CELL,6,P2,STAGE5_TOEPLITZ_CORRELATED,4,FULL4D_BEAMSPACE_CML_MULTISTART,10,10,10,1,3,2,5,0,0.251811066157214,0.558965339957162,0.166334364637419,0.231732568444756,35.1549777408569,53.7004787476455,0.360965176622234,1.02990849510979,1.80482588311118,5.14954247554896,0.41757940134437,1.03569961947264,3132,6264,0,2.70956055,4.39341091,10,9,0,1,0.9,-0.0194977816255337,0.00277370765261955,0.222980400361967,0.556776436283002,0.251811066157214,0.558965339957162,10,0.222980400361967,0.556776436283002,0.251811066157214,0.558965339957162,9,0,1,-0.0194977816255337,0.00277370765261955
EXACT_CELL,6,P2,STAGE5_TOEPLITZ_CORRELATED,4,BEAMSPACE_MUSIC_K2,10,10,0,0,0,0,0,0,NaN,NaN,NaN,NaN,NaN,NaN,NaN,NaN,NaN,NaN,NaN,NaN,19521,0,1,0.0323248580357143,0.0327362880357143,0,0,0,0,NaN,NaN,NaN,NaN,NaN,NaN,NaN,0,NaN,NaN,NaN,NaN,0,0,0,NaN,NaN
EXACT_CELL,6,P2,STAGE5_TOEPLITZ_CORRELATED,4,FULL4D_ELEMENT_CML_MULTISTART,10,0,0,NaN,0,0,0,0,NaN,NaN,NaN,NaN,NaN,NaN,NaN,NaN,NaN,NaN,NaN,NaN,NaN,NaN,NaN,NaN,NaN,0,0,0,0,NaN,NaN,NaN,NaN,NaN,NaN,NaN,0,NaN,NaN,NaN,NaN,0,0,0,NaN,NaN
EXACT_CELL,6,P3,STAGE5_TOEPLITZ_CORRELATED,4,TANGENT_PROFILE_SAFE,10,10,10,1,0,0,0,0,0.142372873570784,0.302783360968739,0.0928587039100922,0.223606797749978,26.2484617006746,62.5280257015746,0.166743672350167,0.352492235949962,1.11162448233446,2.34994823966644,0.172817907656263,0.389259332765261,416,907,0,4.42574345,5.54060261,0,0,0,0,NaN,NaN,NaN,NaN,NaN,NaN,NaN,0,NaN,NaN,NaN,NaN,0,0,0,NaN,NaN
EXACT_CELL,6,P3,STAGE5_TOEPLITZ_CORRELATED,4,FULL4D_BEAMSPACE_CML_MULTISTART,10,10,10,1,2,4,4,0,0.251772818036213,0.569039768882529,0.220011337800085,0.324961217906733,31.7490069493126,85.4444561209212,0.104108475464602,0.833548011595893,0.694056503097351,5.55698674397267,0.160018120938454,0.983075768691186,4069.5,8139,0,3.4870814,4.55398526,10,9,0,1,0.9,-0.0937768437246886,0.0013480988891191,0.142372873570784,0.302783360968739,0.251772818036213,0.569039768882529,10,0.142372873570784,0.302783360968739,0.251772818036213,0.569039768882529,9,0,1,-0.0937768437246886,0.0013480988891191
EXACT_CELL,6,P3,STAGE5_TOEPLITZ_CORRELATED,4,BEAMSPACE_MUSIC_K2,10,10,0,0,0,0,0,0,NaN,NaN,NaN,NaN,NaN,NaN,NaN,NaN,NaN,NaN,NaN,NaN,19521,0,1,0.0329598580357143,0.0346207880357143,0,0,0,0,NaN,NaN,NaN,NaN,NaN,NaN,NaN,0,NaN,NaN,NaN,NaN,0,0,0,NaN,NaN
EXACT_CELL,6,P3,STAGE5_TOEPLITZ_CORRELATED,4,FULL4D_ELEMENT_CML_MULTISTART,10,0,0,NaN,0,0,0,0,NaN,NaN,NaN,NaN,NaN,NaN,NaN,NaN,NaN,NaN,NaN,NaN,NaN,NaN,NaN,NaN,NaN,0,0,0,0,NaN,NaN,NaN,NaN,NaN,NaN,NaN,0,NaN,NaN,NaN,NaN,0,0,0,NaN,NaN
EXACT_CELL,6,P4,STAGE5_TOEPLITZ_CORRELATED,4,TANGENT_PROFILE_SAFE,10,10,10,1,0,0,0,0,0.164111799671636,0.553720910226637,0.122697059372722,0.436681701083841,45,64.2939686321212,0.160845989385607,0.589209978830307,1.60845989385608,5.89209978830308,0.187954734669238,0.648201007798486,405.5,883.5,0,4.40582005,5.50113018,0,0,0,0,NaN,NaN,NaN,NaN,NaN,NaN,NaN,0,NaN,NaN,NaN,NaN,0,0,0,NaN,NaN
EXACT_CELL,6,P4,STAGE5_TOEPLITZ_CORRELATED,4,FULL4D_BEAMSPACE_CML_MULTISTART,10,10,10,1,1,4,5,0,0.306003532621657,0.512318699980023,0.134360452769858,0.413171673543504,39.6628726107905,70.459866926619,0.309210765893088,0.863666286752541,3.09210765893088,8.63666286752543,0.330722155507898,0.872980178572168,3610.5,7221,0,3.70868635,4.53787726,10,8,0,2,0.8,-0.0389654836302991,0.161092542483567,0.164111799671636,0.553720910226637,0.306003532621657,0.512318699980023,10,0.164111799671636,0.553720910226637,0.306003532621657,0.512318699980023,8,0,2,-0.0389654836302991,0.161092542483567
EXACT_CELL,6,P4,STAGE5_TOEPLITZ_CORRELATED,4,BEAMSPACE_MUSIC_K2,10,10,0,0,0,0,0,0,NaN,NaN,NaN,NaN,NaN,NaN,NaN,NaN,NaN,NaN,NaN,NaN,19521,0,1,0.0368890580357143,0.0415577280357143,0,0,0,0,NaN,NaN,NaN,NaN,NaN,NaN,NaN,0,NaN,NaN,NaN,NaN,0,0,0,NaN,NaN
EXACT_CELL,6,P4,STAGE5_TOEPLITZ_CORRELATED,4,FULL4D_ELEMENT_CML_MULTISTART,10,0,0,NaN,0,0,0,0,NaN,NaN,NaN,NaN,NaN,NaN,NaN,NaN,NaN,NaN,NaN,NaN,NaN,NaN,NaN,NaN,NaN,0,0,0,0,NaN,NaN,NaN,NaN,NaN,NaN,NaN,0,NaN,NaN,NaN,NaN,0,0,0,NaN,NaN
EXACT_CELL,6,P1,STAGE5_TOEPLITZ_CORRELATED,8,TANGENT_PROFILE_SAFE,10,10,10,1,0,0,0,0,0.153857361607508,0.376342582480946,0.0754909756849317,0.316227766016838,10.7980971419188,30.2520409416624,0.298982859842226,0.341321004339588,0.996609532807421,1.13773668113196,0.299001101215634,0.444468380901786,420,914,0,4.3797383,4.4405854,0,0,0,0,NaN,NaN,NaN,NaN,NaN,NaN,NaN,0,NaN,NaN,NaN,NaN,0,0,0,NaN,NaN
EXACT_CELL,6,P1,STAGE5_TOEPLITZ_CORRELATED,8,FULL4D_BEAMSPACE_CML_MULTISTART,10,10,10,1,0,4,6,0,0.157860073385521,0.370744807023593,0.135115484736491,0.300199329937556,7.86158872406291,38.0220117551679,0.173672819490876,0.237744566733171,0.578909398302922,0.79248188911057,0.204718223958709,0.424943020170464,5037.5,10075,0,4.2657738,6.61700997,10,7,0,3,0.7,-0.0240582501586755,0.0524173414705271,0.153857361607508,0.376342582480946,0.157860073385521,0.370744807023593,10,0.153857361607508,0.376342582480946,0.157860073385521,0.370744807023593,7,0,3,-0.0240582501586755,0.0524173414705271
EXACT_CELL,6,P1,STAGE5_TOEPLITZ_CORRELATED,8,BEAMSPACE_MUSIC_K2,10,10,0,0,0,0,0,0,NaN,NaN,NaN,NaN,NaN,NaN,NaN,NaN,NaN,NaN,NaN,NaN,19521,0,1,0.0328391080357143,0.0411532780357143,0,0,0,0,NaN,NaN,NaN,NaN,NaN,NaN,NaN,0,NaN,NaN,NaN,NaN,0,0,0,NaN,NaN
EXACT_CELL,6,P1,STAGE5_TOEPLITZ_CORRELATED,8,FULL4D_ELEMENT_CML_MULTISTART,10,0,0,NaN,0,0,0,0,NaN,NaN,NaN,NaN,NaN,NaN,NaN,NaN,NaN,NaN,NaN,NaN,NaN,NaN,NaN,NaN,NaN,0,0,0,0,NaN,NaN,NaN,NaN,NaN,NaN,NaN,0,NaN,NaN,NaN,NaN,0,0,0,NaN,NaN
EXACT_CELL,6,P2,STAGE5_TOEPLITZ_CORRELATED,8,TANGENT_PROFILE_SAFE,10,10,10,1,0,0,0,0,0.197670996670396,0.505677643628299,0.134841548800526,0.410990195135927,33.7918761590668,54.5896074287687,0.223106797749979,0.449209978830308,1.1155339887499,2.24604989415155,0.285240206038915,0.462492235949962,421,913.5,0,4.51587925,4.79537276,0,0,0,0,NaN,NaN,NaN,NaN,NaN,NaN,NaN,0,NaN,NaN,NaN,NaN,0,0,0,NaN,NaN
EXACT_CELL,6,P2,STAGE5_TOEPLITZ_CORRELATED,8,FULL4D_BEAMSPACE_CML_MULTISTART,10,10,10,1,3,2,5,0,0.287027898346245,0.523066257314646,0.26153984372484,0.482916189405083,21.7083823396561,46.4326258680633,0.181821661602014,0.38049840704198,0.909108308010075,1.90249203520991,0.240442366902457,0.424782117421403,4163.5,8327,0,3.9634838,4.94347383,10,6,0,4,0.6,-0.0119768982397876,0.0671021709219078,0.197670996670396,0.505677643628299,0.287027898346245,0.523066257314646,10,0.197670996670396,0.505677643628299,0.287027898346245,0.523066257314646,6,0,4,-0.0119768982397876,0.0671021709219078
EXACT_CELL,6,P2,STAGE5_TOEPLITZ_CORRELATED,8,BEAMSPACE_MUSIC_K2,10,10,0,0,0,0,0,0,NaN,NaN,NaN,NaN,NaN,NaN,NaN,NaN,NaN,NaN,NaN,NaN,19521,0,1,0.0333428580357143,0.0427932380357143,0,0,0,0,NaN,NaN,NaN,NaN,NaN,NaN,NaN,0,NaN,NaN,NaN,NaN,0,0,0,NaN,NaN
EXACT_CELL,6,P2,STAGE5_TOEPLITZ_CORRELATED,8,FULL4D_ELEMENT_CML_MULTISTART,10,0,0,NaN,0,0,0,0,NaN,NaN,NaN,NaN,NaN,NaN,NaN,NaN,NaN,NaN,NaN,NaN,NaN,NaN,NaN,NaN,NaN,0,0,0,0,NaN,NaN,NaN,NaN,NaN,NaN,NaN,0,NaN,NaN,NaN,NaN,0,0,0,NaN,NaN
EXACT_CELL,6,P3,STAGE5_TOEPLITZ_CORRELATED,8,TANGENT_PROFILE_SAFE,10,10,10,1,0,0,0,0,0.212103183823264,0.432639990251242,0.0991464799956326,0.282842712474618,29.8993299937253,76.4211486580637,0.140634692148998,0.713814263217144,0.937564614326667,4.75876175478101,0.177582992846094,0.841509000879307,430,935,0,4.43399445,4.53859047,0,0,0,0,NaN,NaN,NaN,NaN,NaN,NaN,NaN,0,NaN,NaN,NaN,NaN,0,0,0,NaN,NaN
EXACT_CELL,6,P3,STAGE5_TOEPLITZ_CORRELATED,8,FULL4D_BEAMSPACE_CML_MULTISTART,10,10,10,1,2,1,7,0,0.230239003789151,0.399976225998939,0.188623038441581,0.255440474802391,14.2734234714613,80.6824454402405,0.198951177651124,0.571822142720202,1.32634118434084,3.81214761813472,0.219965244434299,0.716620648750177,4402,8804,0,5.20940775,6.81262854,10,5,1,4,0.555555555555556,-0.00767695614249286,0.0538680494210026,0.212103183823264,0.432639990251242,0.230239003789151,0.399976225998939,10,0.212103183823264,0.432639990251242,0.230239003789151,0.399976225998939,5,1,4,-0.00767695614249286,0.0538680494210026
EXACT_CELL,6,P3,STAGE5_TOEPLITZ_CORRELATED,8,BEAMSPACE_MUSIC_K2,10,10,0,0,0,0,0,0,NaN,NaN,NaN,NaN,NaN,NaN,NaN,NaN,NaN,NaN,NaN,NaN,19521,0,1,0.0414475080357143,0.0477850680357143,0,0,0,0,NaN,NaN,NaN,NaN,NaN,NaN,NaN,0,NaN,NaN,NaN,NaN,0,0,0,NaN,NaN
EXACT_CELL,6,P3,STAGE5_TOEPLITZ_CORRELATED,8,FULL4D_ELEMENT_CML_MULTISTART,10,0,0,NaN,0,0,0,0,NaN,NaN,NaN,NaN,NaN,NaN,NaN,NaN,NaN,NaN,NaN,NaN,NaN,NaN,NaN,NaN,NaN,0,0,0,0,NaN,NaN,NaN,NaN,NaN,NaN,NaN,0,NaN,NaN,NaN,NaN,0,0,0,NaN,NaN
EXACT_CELL,6,P4,STAGE5_TOEPLITZ_CORRELATED,8,TANGENT_PROFILE_SAFE,10,10,10,1,0,0,0,0,0.104914644076523,0.474856053204697,0.0708564166429186,0.215953565804286,31.6011057717558,67.5530222130562,0.0990000000000009,0.806964862171779,0.990000000000011,8.0696486217178,0.0996852415013707,0.813989569496075,410.5,896,0,4.5922943,4.79170596,0,0,0,0,NaN,NaN,NaN,NaN,NaN,NaN,NaN,0,NaN,NaN,NaN,NaN,0,0,0,NaN,NaN
EXACT_CELL,6,P4,STAGE5_TOEPLITZ_CORRELATED,8,FULL4D_BEAMSPACE_CML_MULTISTART,10,10,10,1,2,3,5,0,0.26399641777427,0.507372998072294,0.180593955476465,0.327349571159225,35.1728524033027,68.0180490863377,0.168925451168052,0.85245434249411,1.68925451168053,8.52454342494111,0.207435767285245,0.861161147362123,4503.5,9007,0,4.36164035,5.76051333,10,10,0,0,1,-0.0578865488057623,-0.00382543511333074,0.104914644076523,0.474856053204697,0.26399641777427,0.507372998072294,10,0.104914644076523,0.474856053204697,0.26399641777427,0.507372998072294,10,0,0,-0.0578865488057623,-0.00382543511333074
EXACT_CELL,6,P4,STAGE5_TOEPLITZ_CORRELATED,8,BEAMSPACE_MUSIC_K2,10,10,0,0,0,0,0,0,NaN,NaN,NaN,NaN,NaN,NaN,NaN,NaN,NaN,NaN,NaN,NaN,19521,0,1,0.0325465580357143,0.0419408580357143,0,0,0,0,NaN,NaN,NaN,NaN,NaN,NaN,NaN,0,NaN,NaN,NaN,NaN,0,0,0,NaN,NaN
EXACT_CELL,6,P4,STAGE5_TOEPLITZ_CORRELATED,8,FULL4D_ELEMENT_CML_MULTISTART,10,0,0,NaN,0,0,0,0,NaN,NaN,NaN,NaN,NaN,NaN,NaN,NaN,NaN,NaN,NaN,NaN,NaN,NaN,NaN,NaN,NaN,0,0,0,0,NaN,NaN,NaN,NaN,NaN,NaN,NaN,0,NaN,NaN,NaN,NaN,0,0,0,NaN,NaN
EXACT_CELL,10,P1,WHITE,1,TANGENT_PROFILE_SAFE,10,10,10,1,0,0,0,0,0.212929020039928,0.428568383784426,0.141421356237309,0.364499614791759,20.8167696682851,46.130993247402,0.206449510224598,0.725526808589391,0.688165034081994,2.41842269529798,0.274524020800055,0.817876336362807,422,915.5,0,4.6639774,5.39518824,0,0,0,0,NaN,NaN,NaN,NaN,NaN,NaN,NaN,0,NaN,NaN,NaN,NaN,0,0,0,NaN,NaN
EXACT_CELL,10,P1,WHITE,1,FULL4D_BEAMSPACE_CML_MULTISTART,10,10,10,1,4,4,2,0,0.148341751115765,0.469606112233522,0.106221864485662,0.258385547677981,16.1221037375112,46.0633814192652,0.20691014888088,0.713473574259133,0.689700496269601,2.37824524753045,0.226177579077508,0.81079711180728,2680.5,5361,0,2.36834995,3.4875488,10,2,0,8,0.2,0.00895957067827119,0.0947983144126802,0.212929020039928,0.428568383784426,0.148341751115765,0.469606112233522,10,0.212929020039928,0.428568383784426,0.148341751115765,0.469606112233522,2,0,8,0.00895957067827119,0.0947983144126802
EXACT_CELL,10,P1,WHITE,1,BEAMSPACE_MUSIC_K2,10,0,0,NaN,0,0,0,0,NaN,NaN,NaN,NaN,NaN,NaN,NaN,NaN,NaN,NaN,NaN,NaN,NaN,NaN,NaN,NaN,NaN,0,0,0,0,NaN,NaN,NaN,NaN,NaN,NaN,NaN,0,NaN,NaN,NaN,NaN,0,0,0,NaN,NaN
EXACT_CELL,10,P1,WHITE,1,FULL4D_ELEMENT_CML_MULTISTART,10,0,0,NaN,0,0,0,0,NaN,NaN,NaN,NaN,NaN,NaN,NaN,NaN,NaN,NaN,NaN,NaN,NaN,NaN,NaN,NaN,NaN,0,0,0,0,NaN,NaN,NaN,NaN,NaN,NaN,NaN,0,NaN,NaN,NaN,NaN,0,0,0,NaN,NaN
EXACT_CELL,10,P2,WHITE,1,TANGENT_PROFILE_SAFE,10,10,10,1,0,0,0,0,0.360555127546399,0.558544419120082,0.0956739073798294,0.335595184551081,26.5650511770779,45.4972634961496,0.563441361516796,1.02138836186041,2.81720680758399,5.10694180930209,0.584161925296378,1.02552680858939,428,928,0,4.58058545,5.21650661,0,0,0,0,NaN,NaN,NaN,NaN,NaN,NaN,NaN,0,NaN,NaN,NaN,NaN,0,0,0,NaN,NaN
EXACT_CELL,10,P2,WHITE,1,FULL4D_BEAMSPACE_CML_MULTISTART,10,10,10,1,3,1,6,0,0.48535858675482,0.606423577581714,0.25388638980748,0.601372169323688,24.6023009004343,41.4548335139952,0.140984546839281,1.02493820037942,0.704922734196406,5.12469100189714,0.207753620096167,1.02975861891733,3611.5,7223,0,3.23244295,4.10007971,10,5,2,3,0.625,-0.000116052947259082,0.0437283028442096,0.360555127546399,0.558544419120082,0.48535858675482,0.606423577581714,10,0.360555127546399,0.558544419120082,0.48535858675482,0.606423577581714,5,2,3,-0.000116052947259082,0.0437283028442096
EXACT_CELL,10,P2,WHITE,1,BEAMSPACE_MUSIC_K2,10,0,0,NaN,0,0,0,0,NaN,NaN,NaN,NaN,NaN,NaN,NaN,NaN,NaN,NaN,NaN,NaN,NaN,NaN,NaN,NaN,NaN,0,0,0,0,NaN,NaN,NaN,NaN,NaN,NaN,NaN,0,NaN,NaN,NaN,NaN,0,0,0,NaN,NaN
EXACT_CELL,10,P2,WHITE,1,FULL4D_ELEMENT_CML_MULTISTART,10,0,0,NaN,0,0,0,0,NaN,NaN,NaN,NaN,NaN,NaN,NaN,NaN,NaN,NaN,NaN,NaN,NaN,NaN,NaN,NaN,NaN,0,0,0,0,NaN,NaN,NaN,NaN,NaN,NaN,NaN,0,NaN,NaN,NaN,NaN,0,0,0,NaN,NaN
EXACT_CELL,10,P3,WHITE,1,TANGENT_PROFILE_SAFE,10,10,10,1,0,0,0,0,0.231872930440884,0.521349382881986,0.120710678118654,0.378351262863104,40.336343888535,82.7500620305284,0.1995,0.352492235949963,1.33000000000001,2.34994823966645,0.228077640640442,0.463920340754218,383,840,0,4.3091364,5.35965418,0,0,0,0,NaN,NaN,NaN,NaN,NaN,NaN,NaN,0,NaN,NaN,NaN,NaN,0,0,0,NaN,NaN
EXACT_CELL,10,P3,WHITE,1,FULL4D_BEAMSPACE_CML_MULTISTART,10,10,10,1,3,1,6,0,0.186386761665407,0.504369883708058,0.141392715530362,0.497745826901683,30.484918761649,65.8188727172275,0.116193487188352,0.255359739927466,0.774623247922356,1.70239826618312,0.140735028069393,0.283882972611477,3871.5,7743,0,3.5175091,4.62482405,10,6,0,4,0.6,-0.0199601207137298,0.175906566756411,0.231872930440884,0.521349382881986,0.186386761665407,0.504369883708058,10,0.231872930440884,0.521349382881986,0.186386761665407,0.504369883708058,6,0,4,-0.0199601207137298,0.175906566756411
EXACT_CELL,10,P3,WHITE,1,BEAMSPACE_MUSIC_K2,10,0,0,NaN,0,0,0,0,NaN,NaN,NaN,NaN,NaN,NaN,NaN,NaN,NaN,NaN,NaN,NaN,NaN,NaN,NaN,NaN,NaN,0,0,0,0,NaN,NaN,NaN,NaN,NaN,NaN,NaN,0,NaN,NaN,NaN,NaN,0,0,0,NaN,NaN
EXACT_CELL,10,P3,WHITE,1,FULL4D_ELEMENT_CML_MULTISTART,10,0,0,NaN,0,0,0,0,NaN,NaN,NaN,NaN,NaN,NaN,NaN,NaN,NaN,NaN,NaN,NaN,NaN,NaN,NaN,NaN,NaN,0,0,0,0,NaN,NaN,NaN,NaN,NaN,NaN,NaN,0,NaN,NaN,NaN,NaN,0,0,0,NaN,NaN
EXACT_CELL,10,P4,WHITE,1,TANGENT_PROFILE_SAFE,10,10,10,1,0,0,0,0,0.394491811292159,0.491536972389487,0.178077640640441,0.405521617400023,43.2721840092013,49.5,0.143569973451984,0.9,1.43569973451985,9.00000000000002,0.184888086036154,0.931975666937013,388.5,849.5,0,4.4852564,4.79142289,0,0,0,0,NaN,NaN,NaN,NaN,NaN,NaN,NaN,0,NaN,NaN,NaN,NaN,0,0,0,NaN,NaN
EXACT_CELL,10,P4,WHITE,1,FULL4D_BEAMSPACE_CML_MULTISTART,10,10,10,1,2,2,6,1,0.298674172018737,0.557089594251286,0.211632491356391,0.40349658327632,34.766881982241,56.7302527904113,0.0993669899307215,0.847231517261161,0.993669899307217,8.47231517261162,0.130028688875751,0.859320359022419,3804.5,7609,0,3.426955,5.12080975,10,4,0,6,0.4,0.00631158641159213,0.0646100811294356,0.394491811292159,0.491536972389487,0.298674172018737,0.557089594251286,9,0.409791327614598,0.493538796969676,0.379664063037003,0.557437165616859,4,0,5,0.00572912358617139,0.0753765181116371
EXACT_CELL,10,P4,WHITE,1,BEAMSPACE_MUSIC_K2,10,0,0,NaN,0,0,0,0,NaN,NaN,NaN,NaN,NaN,NaN,NaN,NaN,NaN,NaN,NaN,NaN,NaN,NaN,NaN,NaN,NaN,0,0,0,0,NaN,NaN,NaN,NaN,NaN,NaN,NaN,0,NaN,NaN,NaN,NaN,0,0,0,NaN,NaN
EXACT_CELL,10,P4,WHITE,1,FULL4D_ELEMENT_CML_MULTISTART,10,0,0,NaN,0,0,0,0,NaN,NaN,NaN,NaN,NaN,NaN,NaN,NaN,NaN,NaN,NaN,NaN,NaN,NaN,NaN,NaN,NaN,0,0,0,0,NaN,NaN,NaN,NaN,NaN,NaN,NaN,0,NaN,NaN,NaN,NaN,0,0,0,NaN,NaN
EXACT_CELL,10,P1,WHITE,4,TANGENT_PROFILE_SAFE,10,10,10,1,0,0,0,0,0.131182145007466,0.375621718779604,0.0684931966983363,0.131188927572673,11.2286676649559,24.7484321696023,0.219150286182137,0.376913274972998,0.730500953940457,1.25637758324333,0.238173624297126,0.43024758880541,422.5,917.5,0,4.38117695,4.60198093,0,0,0,0,NaN,NaN,NaN,NaN,NaN,NaN,NaN,0,NaN,NaN,NaN,NaN,0,0,0,NaN,NaN
EXACT_CELL,10,P1,WHITE,4,FULL4D_BEAMSPACE_CML_MULTISTART,10,10,10,1,1,4,5,2,0.126585072441441,0.373680212030281,0.101439371585543,0.154613517038192,12.4178191802498,23.1904579830175,0.132012752247475,0.369537859123638,0.440042507491586,1.23179286374546,0.148570480858642,0.422489935644648,4162.5,8325,0,3.6789429,4.41091261,10,5,0,5,0.5,0.000782883318765387,0.0286160483022052,0.131182145007466,0.375621718779604,0.126585072441441,0.373680212030281,8,0.125329966531513,0.384848481977342,0.126585072441441,0.377584451274245,5,0,3,-0.00612766366379576,0.0340624158239945
EXACT_CELL,10,P1,WHITE,4,BEAMSPACE_MUSIC_K2,10,10,0,0,0,0,0,0,NaN,NaN,NaN,NaN,NaN,NaN,NaN,NaN,NaN,NaN,NaN,NaN,19521,0,1,0.0330391539285714,0.0336577439285714,0,0,0,0,NaN,NaN,NaN,NaN,NaN,NaN,NaN,0,NaN,NaN,NaN,NaN,0,0,0,NaN,NaN
EXACT_CELL,10,P1,WHITE,4,FULL4D_ELEMENT_CML_MULTISTART,10,5,5,1,1,2,2,0,0.15121346677829,0.285441862141455,0.129631666247148,0.246705406210363,6.26382694584603,23.4608870583385,0.140740193379199,0.282044291483123,0.469133977930665,0.940147638277078,0.155706694025623,0.316977268166592,4208,4208,0,3.4641728,3.98096688,5,3,0,2,0.6,-0.000653017320792704,0.0143820884093224,0.153541837912446,0.29401721171942,0.15121346677829,0.285441862141455,0,NaN,NaN,NaN,NaN,0,0,0,NaN,NaN
EXACT_CELL,10,P2,WHITE,4,TANGENT_PROFILE_SAFE,10,10,10,1,0,0,0,0,0.22996103308401,0.386313747056475,0.08124224422939,0.299999999999999,29.0661574945132,79.2769655487887,0.260056406750505,0.739121682207898,1.30028203375252,3.6956084110395,0.301471868043033,0.739168673322026,389,853.5,0,4.28369565,4.57110805,0,0,0,0,NaN,NaN,NaN,NaN,NaN,NaN,NaN,0,NaN,NaN,NaN,NaN,0,0,0,NaN,NaN
EXACT_CELL,10,P2,WHITE,4,FULL4D_BEAMSPACE_CML_MULTISTART,10,10,10,1,1,3,6,0,0.349086459050418,0.499454153120775,0.118138343678686,0.396602562588105,26.9515384072043,81.9238545105307,0.217925936675141,0.691173625308107,1.08962968337571,3.45586812654055,0.280598772628082,0.70731091061442,4691,9382,0,4.12326025,4.97351981,10,7,0,3,0.7,-0.0380752707381904,0.0125144791500874,0.22996103308401,0.386313747056475,0.349086459050418,0.499454153120775,10,0.22996103308401,0.386313747056475,0.349086459050418,0.499454153120775,7,0,3,-0.0380752707381904,0.0125144791500874
EXACT_CELL,10,P2,WHITE,4,BEAMSPACE_MUSIC_K2,10,10,0,0,0,0,0,0,NaN,NaN,NaN,NaN,NaN,NaN,NaN,NaN,NaN,NaN,NaN,NaN,19521,0,1,0.0335019039285714,0.0341228139285714,0,0,0,0,NaN,NaN,NaN,NaN,NaN,NaN,NaN,0,NaN,NaN,NaN,NaN,0,0,0,NaN,NaN
EXACT_CELL,10,P2,WHITE,4,FULL4D_ELEMENT_CML_MULTISTART,10,5,5,1,0,3,2,0,0.210061122963305,0.350145851328732,0.0388722853016991,0.111729507799709,51.1888598599008,83.0833391830987,0.313336403868405,0.684165713280982,1.56668201934203,3.42082856640492,0.418114497588785,0.696320696593383,3188,3188,0,2.7755326,3.82896926,5,4,0,1,0.8,-0.0153853520672952,0.0120650561514047,0.195346935061561,0.359815176588903,0.210061122963305,0.350145851328732,0,NaN,NaN,NaN,NaN,0,0,0,NaN,NaN
EXACT_CELL,10,P3,WHITE,4,TANGENT_PROFILE_SAFE,10,10,10,1,0,0,0,0,0.0972187855994726,0.423507181150776,0.050839131088477,0.135544814926694,14.3634471227035,88.4832403159904,0.148999999999999,0.288974853917325,0.993333333333338,1.92649902611551,0.149031737124571,0.464432335506292,403.5,879,0,4.27982835,4.32322016,0,0,0,0,NaN,NaN,NaN,NaN,NaN,NaN,NaN,0,NaN,NaN,NaN,NaN,0,0,0,NaN,NaN
EXACT_CELL,10,P3,WHITE,4,FULL4D_BEAMSPACE_CML_MULTISTART,10,10,10,1,1,4,5,1,0.19516219357953,0.42308542633539,0.110557275403068,0.289004861864446,15.0225432282649,79.875775318818,0.107734478315849,0.370685205644644,0.718229855439002,2.47123470429765,0.169727142464783,0.41777985668457,3490,6980,0,3.2434135,4.94744753,10,7,0,3,0.7,-0.0311072132597505,0.0300922786450498,0.0972187855994726,0.423507181150776,0.19516219357953,0.42308542633539,9,0.103835686991158,0.437876784321512,0.227314425388206,0.428840571750712,7,0,2,-0.0473600440798602,0.0264593973024767
EXACT_CELL,10,P3,WHITE,4,BEAMSPACE_MUSIC_K2,10,10,0,0,0,0,0,0,NaN,NaN,NaN,NaN,NaN,NaN,NaN,NaN,NaN,NaN,NaN,NaN,19521,0,1,0.0336839539285714,0.0342509739285714,0,0,0,0,NaN,NaN,NaN,NaN,NaN,NaN,NaN,0,NaN,NaN,NaN,NaN,0,0,0,NaN,NaN
EXACT_CELL,10,P3,WHITE,4,FULL4D_ELEMENT_CML_MULTISTART,10,5,5,1,0,4,1,0,0.227027964258148,0.344505295040597,0.118839777758139,0.190367384766325,20.9925821506521,61.7889546407512,0.254047168701844,0.532978018896461,1.69364779134564,3.55318679264311,0.25642565108814,0.629918221496703,2175,2175,0,1.8224624,3.94179296,5,5,0,0,1,-0.0856261469367547,-0.0238353313683528,0.114690122923807,0.299203847292814,0.227027964258148,0.344505295040597,0,NaN,NaN,NaN,NaN,0,0,0,NaN,NaN
EXACT_CELL,10,P4,WHITE,4,TANGENT_PROFILE_SAFE,10,10,10,1,0,0,0,0,0.183811850990091,0.384623836191173,0.0994772160545351,0.344589195689059,29.0243762978385,80.0140646249116,0.223606797749978,0.479260782785962,2.23606797749978,4.79260782785963,0.25056202898868,0.494866616216272,398.5,873.5,0,4.2860457,4.34213158,0,0,0,0,NaN,NaN,NaN,NaN,NaN,NaN,NaN,0,NaN,NaN,NaN,NaN,0,0,0,NaN,NaN
EXACT_CELL,10,P4,WHITE,4,FULL4D_BEAMSPACE_CML_MULTISTART,10,10,10,1,2,2,6,0,0.433650745928075,0.505189493101935,0.312258259978802,0.499995089101283,48.125559245247,70.6241143225661,0.106815163578238,0.544616575052163,1.06815163578238,5.44616575052164,0.114597080391606,0.555361080951865,4447.5,8895,0,3.9955695,4.52433554,10,7,0,3,0.7,-0.0412192103349813,0.0110364734934767,0.183811850990091,0.384623836191173,0.433650745928075,0.505189493101935,10,0.183811850990091,0.384623836191173,0.433650745928075,0.505189493101935,7,0,3,-0.0412192103349813,0.0110364734934767
EXACT_CELL,10,P4,WHITE,4,BEAMSPACE_MUSIC_K2,10,10,0,0,0,0,0,0,NaN,NaN,NaN,NaN,NaN,NaN,NaN,NaN,NaN,NaN,NaN,NaN,19521,0,1,0.0333980039285714,0.0337426839285714,0,0,0,0,NaN,NaN,NaN,NaN,NaN,NaN,NaN,0,NaN,NaN,NaN,NaN,0,0,0,NaN,NaN
EXACT_CELL,10,P4,WHITE,4,FULL4D_ELEMENT_CML_MULTISTART,10,5,5,1,0,2,3,0,0.418032120816643,0.464580701546722,0.412972464771026,0.462048930912482,51.1185590747141,77.1774815041265,0.0989916767592593,0.249814618268427,0.989916767592595,2.49814618268427,0.0996678171292279,0.260673086117433,3990,3990,0,3.4069387,4.07901504,5,4,0,1,0.8,-0.0388398258469217,-0.00717083375658299,0.183811850990091,0.411781542298431,0.418032120816643,0.464580701546722,0,NaN,NaN,NaN,NaN,0,0,0,NaN,NaN
EXACT_CELL,10,P1,WHITE,8,TANGENT_PROFILE_SAFE,10,10,10,1,0,0,0,0,0.117248564287908,0.163504506183515,0.0428472822438071,0.149639900388576,11.6574225688434,18.6105932179277,0.125184216705927,0.298769305882242,0.417280722353092,0.995897686274141,0.149682501551776,0.29879870913783,417.5,907.5,0,4.3325347,4.55137043,0,0,0,0,NaN,NaN,NaN,NaN,NaN,NaN,NaN,0,NaN,NaN,NaN,NaN,0,0,0,NaN,NaN
EXACT_CELL,10,P1,WHITE,8,FULL4D_BEAMSPACE_CML_MULTISTART,10,10,10,1,1,4,5,0,0.149341160819166,0.188921862122981,0.140432153719512,0.169266381814927,12.4320763644383,17.4824746736383,0.0779259356410688,0.175390730101279,0.259753118803563,0.584635767004265,0.0997818828168683,0.195024765237415,4929,9858,0,4.41006475,5.10413259,10,8,0,2,0.8,-0.019475143939311,0.0195902539326424,0.117248564287908,0.163504506183515,0.149341160819166,0.188921862122981,10,0.117248564287908,0.163504506183515,0.149341160819166,0.188921862122981,8,0,2,-0.019475143939311,0.0195902539326424
EXACT_CELL,10,P1,WHITE,8,BEAMSPACE_MUSIC_K2,10,10,0,0,0,0,0,0,NaN,NaN,NaN,NaN,NaN,NaN,NaN,NaN,NaN,NaN,NaN,NaN,19521,0,1,0.0333949539285714,0.0356417739285714,0,0,0,0,NaN,NaN,NaN,NaN,NaN,NaN,NaN,0,NaN,NaN,NaN,NaN,0,0,0,NaN,NaN
EXACT_CELL,10,P1,WHITE,8,FULL4D_ELEMENT_CML_MULTISTART,10,0,0,NaN,0,0,0,0,NaN,NaN,NaN,NaN,NaN,NaN,NaN,NaN,NaN,NaN,NaN,NaN,NaN,NaN,NaN,NaN,NaN,0,0,0,0,NaN,NaN,NaN,NaN,NaN,NaN,NaN,0,NaN,NaN,NaN,NaN,0,0,0,NaN,NaN
EXACT_CELL,10,P2,WHITE,8,TANGENT_PROFILE_SAFE,10,10,10,1,0,0,0,0,0.3,0.400530025385733,0.20845763380417,0.325836045671331,16.2355961454242,62.5791059209337,0.25623951399958,0.602462112512354,1.2811975699979,3.01231056256178,0.320673200478182,0.603245553203368,398.5,872.5,0,4.21264105,4.26588577,0,0,0,0,NaN,NaN,NaN,NaN,NaN,NaN,NaN,0,NaN,NaN,NaN,NaN,0,0,0,NaN,NaN
EXACT_CELL,10,P2,WHITE,8,FULL4D_BEAMSPACE_CML_MULTISTART,10,10,10,1,2,2,6,0,0.250422921867039,0.370468021896402,0.189128484279565,0.329417462885275,18.5612856328492,61.8149680418943,0.269014183773568,0.540361632557708,1.34507091886784,2.70180816278855,0.289957174420494,0.555952809780855,3129.5,6259,0,2.88579225,4.70254518,10,2,0,8,0.2,0.0106864720637487,0.0572537911992264,0.3,0.400530025385733,0.250422921867039,0.370468021896402,10,0.3,0.400530025385733,0.250422921867039,0.370468021896402,2,0,8,0.0106864720637487,0.0572537911992264
EXACT_CELL,10,P2,WHITE,8,BEAMSPACE_MUSIC_K2,10,10,0,0,0,0,0,0,NaN,NaN,NaN,NaN,NaN,NaN,NaN,NaN,NaN,NaN,NaN,NaN,19521,0,1,0.0334840539285714,0.0340768839285714,0,0,0,0,NaN,NaN,NaN,NaN,NaN,NaN,NaN,0,NaN,NaN,NaN,NaN,0,0,0,NaN,NaN
EXACT_CELL,10,P2,WHITE,8,FULL4D_ELEMENT_CML_MULTISTART,10,0,0,NaN,0,0,0,0,NaN,NaN,NaN,NaN,NaN,NaN,NaN,NaN,NaN,NaN,NaN,NaN,NaN,NaN,NaN,NaN,NaN,0,0,0,0,NaN,NaN,NaN,NaN,NaN,NaN,NaN,0,NaN,NaN,NaN,NaN,0,0,0,NaN,NaN
EXACT_CELL,10,P3,WHITE,8,TANGENT_PROFILE_SAFE,10,10,10,1,0,0,0,0,0.0906398330543488,0.206013355530594,0.039863859014215,0.11,16.8392601884958,71.6172477877767,0.148999999999998,0.31573778915333,0.993333333333329,2.10491859435555,0.149042759357068,0.390449057834569,401,876.5,0,4.23536485,4.31953626,0,0,0,0,NaN,NaN,NaN,NaN,NaN,NaN,NaN,0,NaN,NaN,NaN,NaN,0,0,0,NaN,NaN
EXACT_CELL,10,P3,WHITE,8,FULL4D_BEAMSPACE_CML_MULTISTART,10,10,10,1,1,2,7,0,0.197817782585977,0.355328574555967,0.137720517363574,0.247640756335017,17.9008849315877,73.1901312302461,0.214370133234097,0.391974322783898,1.42913422156066,2.61316215189268,0.226561389398137,0.51886651229444,4307.5,8615,0,3.7913781,4.50042656,10,7,0,3,0.7,-0.0911469077945011,0.013940167700523,0.0906398330543488,0.206013355530594,0.197817782585977,0.355328574555967,10,0.0906398330543488,0.206013355530594,0.197817782585977,0.355328574555967,7,0,3,-0.0911469077945011,0.013940167700523
EXACT_CELL,10,P3,WHITE,8,BEAMSPACE_MUSIC_K2,10,10,0,0,0,0,0,0,NaN,NaN,NaN,NaN,NaN,NaN,NaN,NaN,NaN,NaN,NaN,NaN,19521,0,1,0.0334345539285714,0.0337366539285714,0,0,0,0,NaN,NaN,NaN,NaN,NaN,NaN,NaN,0,NaN,NaN,NaN,NaN,0,0,0,NaN,NaN
EXACT_CELL,10,P3,WHITE,8,FULL4D_ELEMENT_CML_MULTISTART,10,0,0,NaN,0,0,0,0,NaN,NaN,NaN,NaN,NaN,NaN,NaN,NaN,NaN,NaN,NaN,NaN,NaN,NaN,NaN,NaN,NaN,0,0,0,0,NaN,NaN,NaN,NaN,NaN,NaN,NaN,0,NaN,NaN,NaN,NaN,0,0,0,NaN,NaN
EXACT_CELL,10,P4,WHITE,8,TANGENT_PROFILE_SAFE,10,10,10,1,0,0,0,0,0.196532399874626,0.496998837247438,0.0896300757979062,0.342180465703964,39.0027826785889,53.0070724314007,0.347213595499958,0.702462112512352,3.47213595499958,7.02462112512353,0.353761482156571,0.733504463036806,399,874.5,0,4.20223025,4.24862783,0,0,0,0,NaN,NaN,NaN,NaN,NaN,NaN,NaN,0,NaN,NaN,NaN,NaN,0,0,0,NaN,NaN
EXACT_CELL,10,P4,WHITE,8,FULL4D_BEAMSPACE_CML_MULTISTART,10,10,10,1,3,3,4,0,0.235521873110459,0.500540013120515,0.185209130122604,0.350012973826784,40.6987377936602,57.9965011117532,0.376299016720858,0.720840178952782,3.76299016720859,7.20840178952783,0.385866384728558,0.746509808590667,4004,8008,0,3.50334565,4.46421854,10,8,0,2,0.8,-0.050615739521149,0.0074796287275766,0.196532399874626,0.496998837247438,0.235521873110459,0.500540013120515,10,0.196532399874626,0.496998837247438,0.235521873110459,0.500540013120515,8,0,2,-0.050615739521149,0.0074796287275766
EXACT_CELL,10,P4,WHITE,8,BEAMSPACE_MUSIC_K2,10,10,0,0,0,0,0,0,NaN,NaN,NaN,NaN,NaN,NaN,NaN,NaN,NaN,NaN,NaN,NaN,19521,0,1,0.0330217539285714,0.0334925739285714,0,0,0,0,NaN,NaN,NaN,NaN,NaN,NaN,NaN,0,NaN,NaN,NaN,NaN,0,0,0,NaN,NaN
EXACT_CELL,10,P4,WHITE,8,FULL4D_ELEMENT_CML_MULTISTART,10,0,0,NaN,0,0,0,0,NaN,NaN,NaN,NaN,NaN,NaN,NaN,NaN,NaN,NaN,NaN,NaN,NaN,NaN,NaN,NaN,NaN,0,0,0,0,NaN,NaN,NaN,NaN,NaN,NaN,NaN,0,NaN,NaN,NaN,NaN,0,0,0,NaN,NaN
EXACT_CELL,10,P1,STAGE5_TOEPLITZ_CORRELATED,1,TANGENT_PROFILE_SAFE,10,10,10,1,0,0,0,0,0.369366059276299,0.511162201815044,0.316227766016838,0.5,22.5,47.6565051177078,0.1,0.624984471899923,0.333333333333334,2.08328157299975,0.212478672477061,0.656480319530568,398.5,870,0,4.21032155,4.28881472,0,0,0,0,NaN,NaN,NaN,NaN,NaN,NaN,NaN,0,NaN,NaN,NaN,NaN,0,0,0,NaN,NaN
EXACT_CELL,10,P1,STAGE5_TOEPLITZ_CORRELATED,1,FULL4D_BEAMSPACE_CML_MULTISTART,10,10,10,1,2,6,2,0,0.324191273718968,0.619688830557011,0.274003776140813,0.601350307032484,11.0291969520092,50.0560094369522,0.25802906239233,0.359869802366427,0.8600968746411,1.19956600788809,0.273488496244466,0.388612175168703,3081.5,6163,0,2.726326,4.19330314,10,6,0,4,0.6,-0.0391489154923173,0.101994668047442,0.369366059276299,0.511162201815044,0.324191273718968,0.619688830557011,10,0.369366059276299,0.511162201815044,0.324191273718968,0.619688830557011,6,0,4,-0.0391489154923173,0.101994668047442
EXACT_CELL,10,P1,STAGE5_TOEPLITZ_CORRELATED,1,BEAMSPACE_MUSIC_K2,10,0,0,NaN,0,0,0,0,NaN,NaN,NaN,NaN,NaN,NaN,NaN,NaN,NaN,NaN,NaN,NaN,NaN,NaN,NaN,NaN,NaN,0,0,0,0,NaN,NaN,NaN,NaN,NaN,NaN,NaN,0,NaN,NaN,NaN,NaN,0,0,0,NaN,NaN
EXACT_CELL,10,P1,STAGE5_TOEPLITZ_CORRELATED,1,FULL4D_ELEMENT_CML_MULTISTART,10,0,0,NaN,0,0,0,0,NaN,NaN,NaN,NaN,NaN,NaN,NaN,NaN,NaN,NaN,NaN,NaN,NaN,NaN,NaN,NaN,NaN,0,0,0,0,NaN,NaN,NaN,NaN,NaN,NaN,NaN,0,NaN,NaN,NaN,NaN,0,0,0,NaN,NaN
EXACT_CELL,10,P2,STAGE5_TOEPLITZ_CORRELATED,1,TANGENT_PROFILE_SAFE,10,10,10,1,0,0,0,0,0.212708129103829,0.402420149230013,0.173893689178403,0.320660502169793,42.3402001000027,82.9304100304176,0.140966954288401,0.662159012611179,0.704834771442004,3.31079506305591,0.199994709271156,0.669209978830309,415,908.5,0,4.20964235,4.30422166,0,0,0,0,NaN,NaN,NaN,NaN,NaN,NaN,NaN,0,NaN,NaN,NaN,NaN,0,0,0,NaN,NaN
EXACT_CELL,10,P2,STAGE5_TOEPLITZ_CORRELATED,1,FULL4D_BEAMSPACE_CML_MULTISTART,10,10,10,1,3,4,3,0,0.32926209133503,0.494632420974198,0.243650088362914,0.41568711787658,41.1186527107178,74.6309050530799,0.198989191544599,0.842592516964971,0.994945957722996,4.21296258482487,0.206753975930605,0.859776230780169,3288,6576,0,2.75311905,3.89035155,10,7,0,3,0.7,-0.0908023297536636,0.019119300209929,0.212708129103829,0.402420149230013,0.32926209133503,0.494632420974198,10,0.212708129103829,0.402420149230013,0.32926209133503,0.494632420974198,7,0,3,-0.0908023297536636,0.019119300209929
EXACT_CELL,10,P2,STAGE5_TOEPLITZ_CORRELATED,1,BEAMSPACE_MUSIC_K2,10,0,0,NaN,0,0,0,0,NaN,NaN,NaN,NaN,NaN,NaN,NaN,NaN,NaN,NaN,NaN,NaN,NaN,NaN,NaN,NaN,NaN,0,0,0,0,NaN,NaN,NaN,NaN,NaN,NaN,NaN,0,NaN,NaN,NaN,NaN,0,0,0,NaN,NaN
EXACT_CELL,10,P2,STAGE5_TOEPLITZ_CORRELATED,1,FULL4D_ELEMENT_CML_MULTISTART,10,0,0,NaN,0,0,0,0,NaN,NaN,NaN,NaN,NaN,NaN,NaN,NaN,NaN,NaN,NaN,NaN,NaN,NaN,NaN,NaN,NaN,0,0,0,0,NaN,NaN,NaN,NaN,NaN,NaN,NaN,0,NaN,NaN,NaN,NaN,0,0,0,NaN,NaN
EXACT_CELL,10,P3,STAGE5_TOEPLITZ_CORRELATED,1,TANGENT_PROFILE_SAFE,10,10,10,1,0,0,0,0,0.387244299208241,0.57959871174187,0.170710678118655,0.456343884021307,63.4349488229221,90,0.297213595499959,0.69,1.98142396999974,4.60000000000005,0.403112887414928,0.853480793048963,392.5,859,0,4.2007827,4.29747567,0,0,0,0,NaN,NaN,NaN,NaN,NaN,NaN,NaN,0,NaN,NaN,NaN,NaN,0,0,0,NaN,NaN
EXACT_CELL,10,P3,STAGE5_TOEPLITZ_CORRELATED,1,FULL4D_BEAMSPACE_CML_MULTISTART,10,10,10,1,3,2,5,0,0.388454720222858,0.625923988109418,0.210335052585255,0.570415458006823,61.6350916792692,90,0.356888670342033,0.719301577984651,2.37925780228024,4.79534385323105,0.472421194203652,0.882299648730026,2433.5,4867,0,2.0159878,4.34851886,10,7,1,2,0.777777777777778,-0.0167557648740223,0.00772711730051463,0.387244299208241,0.57959871174187,0.388454720222858,0.625923988109418,10,0.387244299208241,0.57959871174187,0.388454720222858,0.625923988109418,7,1,2,-0.0167557648740223,0.00772711730051463
EXACT_CELL,10,P3,STAGE5_TOEPLITZ_CORRELATED,1,BEAMSPACE_MUSIC_K2,10,0,0,NaN,0,0,0,0,NaN,NaN,NaN,NaN,NaN,NaN,NaN,NaN,NaN,NaN,NaN,NaN,NaN,NaN,NaN,NaN,NaN,0,0,0,0,NaN,NaN,NaN,NaN,NaN,NaN,NaN,0,NaN,NaN,NaN,NaN,0,0,0,NaN,NaN
EXACT_CELL,10,P3,STAGE5_TOEPLITZ_CORRELATED,1,FULL4D_ELEMENT_CML_MULTISTART,10,0,0,NaN,0,0,0,0,NaN,NaN,NaN,NaN,NaN,NaN,NaN,NaN,NaN,NaN,NaN,NaN,NaN,NaN,NaN,NaN,NaN,0,0,0,0,NaN,NaN,NaN,NaN,NaN,NaN,NaN,0,NaN,NaN,NaN,NaN,0,0,0,NaN,NaN
EXACT_CELL,10,P4,STAGE5_TOEPLITZ_CORRELATED,1,TANGENT_PROFILE_SAFE,10,10,10,1,0,0,0,0,0.46104550147184,0.595058315619675,0.257843880199083,0.512452375844401,45,56.1725951049308,0.347213595499958,1.10165525060596,3.47213595499958,11.0165525060597,0.390021380535275,1.13447916297295,418,910,0,4.2130102,4.25172033,0,0,0,0,NaN,NaN,NaN,NaN,NaN,NaN,NaN,0,NaN,NaN,NaN,NaN,0,0,0,NaN,NaN
EXACT_CELL,10,P4,STAGE5_TOEPLITZ_CORRELATED,1,FULL4D_BEAMSPACE_CML_MULTISTART,10,10,10,1,3,4,3,1,0.523274876792396,0.591554734927335,0.240477531566837,0.547842823790222,47.8903221926345,55.3572476758129,0.27495259621753,1.10165525060596,2.74952596217531,11.0165525060597,0.315899166447829,1.13447916297295,2959.5,5919,0,2.5568257,4.14457335,10,5,2,3,0.625,-0.00205295421829675,0.0544721875071336,0.46104550147184,0.595058315619675,0.523274876792396,0.591554734927335,9,0.506671223529162,0.596337553527104,0.543295825784802,0.591801884125658,5,2,2,-0.00410590843659328,0.0745766676376097
EXACT_CELL,10,P4,STAGE5_TOEPLITZ_CORRELATED,1,BEAMSPACE_MUSIC_K2,10,0,0,NaN,0,0,0,0,NaN,NaN,NaN,NaN,NaN,NaN,NaN,NaN,NaN,NaN,NaN,NaN,NaN,NaN,NaN,NaN,NaN,0,0,0,0,NaN,NaN,NaN,NaN,NaN,NaN,NaN,0,NaN,NaN,NaN,NaN,0,0,0,NaN,NaN
EXACT_CELL,10,P4,STAGE5_TOEPLITZ_CORRELATED,1,FULL4D_ELEMENT_CML_MULTISTART,10,0,0,NaN,0,0,0,0,NaN,NaN,NaN,NaN,NaN,NaN,NaN,NaN,NaN,NaN,NaN,NaN,NaN,NaN,NaN,NaN,NaN,0,0,0,0,NaN,NaN,NaN,NaN,NaN,NaN,NaN,0,NaN,NaN,NaN,NaN,0,0,0,NaN,NaN
EXACT_CELL,10,P1,STAGE5_TOEPLITZ_CORRELATED,4,TANGENT_PROFILE_SAFE,10,10,10,1,0,0,0,0,0.15334382136745,0.429152628594549,0.0808847184443616,0.23,18.4210237072854,45,0.265606072465444,0.52,0.885353574884816,1.73333333333334,0.265645371368824,0.644066538333053,402,878,0,4.44438535,4.71488313,0,0,0,0,NaN,NaN,NaN,NaN,NaN,NaN,NaN,0,NaN,NaN,NaN,NaN,0,0,0,NaN,NaN
EXACT_CELL,10,P1,STAGE5_TOEPLITZ_CORRELATED,4,FULL4D_BEAMSPACE_CML_MULTISTART,10,10,10,1,2,3,5,0,0.158938999594448,0.422372090015164,0.103434439349654,0.21953211931961,18.5066946297736,47.1612153155794,0.137203767111624,0.529149490664068,0.45734589037208,1.7638316355469,0.211395549140512,0.650097310929541,3591,7182,0,2.9618106,4.29435454,10,4,0,6,0.4,0.000560981999119664,0.0392112164483156,0.15334382136745,0.429152628594549,0.158938999594448,0.422372090015164,10,0.15334382136745,0.429152628594549,0.158938999594448,0.422372090015164,4,0,6,0.000560981999119664,0.0392112164483156
EXACT_CELL,10,P1,STAGE5_TOEPLITZ_CORRELATED,4,BEAMSPACE_MUSIC_K2,10,10,0,0,0,0,0,0,NaN,NaN,NaN,NaN,NaN,NaN,NaN,NaN,NaN,NaN,NaN,NaN,19521,0,1,0.0329695580357143,0.0351810780357143,0,0,0,0,NaN,NaN,NaN,NaN,NaN,NaN,NaN,0,NaN,NaN,NaN,NaN,0,0,0,NaN,NaN
EXACT_CELL,10,P1,STAGE5_TOEPLITZ_CORRELATED,4,FULL4D_ELEMENT_CML_MULTISTART,10,5,5,1,0,4,1,0,0.118285896591935,0.178262210440365,0.10031357912985,0.172093400373268,13.8647698651182,19.7206733837485,0.0817524966258144,0.138660302247908,0.272508322086048,0.462201007493026,0.118482742303283,0.162866792461518,3630,3630,0,65.9266338,88.82100348,5,3,0,2,0.6,-0.00182101901618754,0.157302577351664,0.150165085570158,0.285214025174337,0.118285896591935,0.178262210440365,0,NaN,NaN,NaN,NaN,0,0,0,NaN,NaN
EXACT_CELL,10,P2,STAGE5_TOEPLITZ_CORRELATED,4,TANGENT_PROFILE_SAFE,10,10,10,1,0,0,0,0,0.238091969708995,0.44230090491866,0.103812100803137,0.24124611797498,26.5650511770779,55.5746235279123,0.31193655211229,0.801980390271857,1.55968276056146,4.0099019513593,0.360300860426805,0.802462112512354,398.5,872.5,0,4.55789515,4.66419453,0,0,0,0,NaN,NaN,NaN,NaN,NaN,NaN,NaN,0,NaN,NaN,NaN,NaN,0,0,0,NaN,NaN
EXACT_CELL,10,P2,STAGE5_TOEPLITZ_CORRELATED,4,FULL4D_BEAMSPACE_CML_MULTISTART,10,10,10,1,2,2,6,1,0.257619482455643,0.515529362147506,0.171003673395975,0.263891440104382,25.7927469022942,52.4987911719783,0.368883236820017,0.881267206519259,1.84441618410009,4.40633603259631,0.416426111054561,0.88770731602935,4062.5,8125,0,3.5193504,4.40299075,10,8,0,2,0.8,-0.0470332216285686,0.00688090215066771,0.238091969708995,0.44230090491866,0.257619482455643,0.515529362147506,9,0.264575131106459,0.448711915483253,0.257526049330458,0.516516324789305,7,0,2,-0.0285821396253461,0.0068995887757047
EXACT_CELL,10,P2,STAGE5_TOEPLITZ_CORRELATED,4,BEAMSPACE_MUSIC_K2,10,10,0,0,0,0,0,0,NaN,NaN,NaN,NaN,NaN,NaN,NaN,NaN,NaN,NaN,NaN,NaN,19521,0,1,0.0323398580357143,0.0329862280357143,0,0,0,0,NaN,NaN,NaN,NaN,NaN,NaN,NaN,0,NaN,NaN,NaN,NaN,0,0,0,NaN,NaN
EXACT_CELL,10,P2,STAGE5_TOEPLITZ_CORRELATED,4,FULL4D_ELEMENT_CML_MULTISTART,10,5,5,1,2,3,0,0,0.275235342480799,0.469708688431507,0.109837696601336,0.357064564218145,16.2934760515363,36.3622103779743,0.42330178852996,0.632419186860281,2.11650894264981,3.16209593430142,0.42330178852996,0.646365611201403,2153,2153,0,39.2134932,76.72563204,5,2,0,3,0.4,0.00273684519614698,0.0390291056738663,0.264575131106459,0.464924225024706,0.275235342480799,0.469708688431507,0,NaN,NaN,NaN,NaN,0,0,0,NaN,NaN
EXACT_CELL,10,P3,STAGE5_TOEPLITZ_CORRELATED,4,TANGENT_PROFILE_SAFE,10,10,10,1,0,0,0,0,0.0968092781074902,0.414845231790847,0.0614732178931739,0.155563491861041,20.7664020656752,73.4085460593702,0.148999999999998,0.499209978830309,0.993333333333331,3.32806652553542,0.149075449565876,0.623265859026151,407.5,887.5,0,4.5021662,5.01461004,0,0,0,0,NaN,NaN,NaN,NaN,NaN,NaN,NaN,0,NaN,NaN,NaN,NaN,0,0,0,NaN,NaN
EXACT_CELL,10,P3,STAGE5_TOEPLITZ_CORRELATED,4,FULL4D_BEAMSPACE_CML_MULTISTART,10,10,10,1,1,2,7,0,0.235674622587366,0.434139280458124,0.21721933868306,0.268723373055708,26.3309609198704,65.6710725453635,0.140475361719847,0.365443949789626,0.936502411465656,2.43629299859753,0.205661693075134,0.441118003750577,4059,8118,0,3.745812,4.50659933,10,7,0,3,0.7,-0.0739835300483374,0.10916637525456,0.0968092781074902,0.414845231790847,0.235674622587366,0.434139280458124,10,0.0968092781074902,0.414845231790847,0.235674622587366,0.434139280458124,7,0,3,-0.0739835300483374,0.10916637525456
EXACT_CELL,10,P3,STAGE5_TOEPLITZ_CORRELATED,4,BEAMSPACE_MUSIC_K2,10,10,0,0,0,0,0,0,NaN,NaN,NaN,NaN,NaN,NaN,NaN,NaN,NaN,NaN,NaN,NaN,19521,0,1,0.0330233580357143,0.0337100480357143,0,0,0,0,NaN,NaN,NaN,NaN,NaN,NaN,NaN,0,NaN,NaN,NaN,NaN,0,0,0,NaN,NaN
EXACT_CELL,10,P3,STAGE5_TOEPLITZ_CORRELATED,4,FULL4D_ELEMENT_CML_MULTISTART,10,5,5,1,0,1,4,0,0.174522646044893,0.40271764396573,0.101745568595484,0.292292295034921,14.0111471846161,54.7229521306559,0.0411582707632334,0.507928606885388,0.274388471754892,3.38619071256929,0.0569230522551903,0.593457120359181,4976,4976,0,91.858523,95.83105504,5,2,0,3,0.4,0.0142232148368764,0.0186763745875688,0.0917679477951424,0.323339018980582,0.174522646044893,0.40271764396573,0,NaN,NaN,NaN,NaN,0,0,0,NaN,NaN
EXACT_CELL,10,P4,STAGE5_TOEPLITZ_CORRELATED,4,TANGENT_PROFILE_SAFE,10,10,10,1,0,0,0,0,0.132629504295857,0.469411042302697,0.097823265820929,0.307265333525917,38.6725504466547,71.5948224041939,0.195957360859233,0.719999999999999,1.95957360859233,7.2,0.199892957278421,0.752635934669225,409,889.5,0,4.46215685,5.30980971,0,0,0,0,NaN,NaN,NaN,NaN,NaN,NaN,NaN,0,NaN,NaN,NaN,NaN,0,0,0,NaN,NaN
EXACT_CELL,10,P4,STAGE5_TOEPLITZ_CORRELATED,4,FULL4D_BEAMSPACE_CML_MULTISTART,10,10,10,1,1,3,6,0,0.277284748013437,0.454697011231757,0.110851519967124,0.371017798948017,32.6353203776322,73.0943213719487,0.30728534015241,0.776357302040228,3.07285340152411,7.76357302040229,0.330366822899276,0.79639633700059,4466,8932,0,4.12641655,5.15467597,10,9,0,1,0.9,-0.0500939075051544,-0.000623935648152208,0.132629504295857,0.469411042302697,0.277284748013437,0.454697011231757,10,0.132629504295857,0.469411042302697,0.277284748013437,0.454697011231757,9,0,1,-0.0500939075051544,-0.000623935648152208
EXACT_CELL,10,P4,STAGE5_TOEPLITZ_CORRELATED,4,BEAMSPACE_MUSIC_K2,10,10,0,0,0,0,0,0,NaN,NaN,NaN,NaN,NaN,NaN,NaN,NaN,NaN,NaN,NaN,NaN,19521,0,1,0.0370736080357143,0.0466513280357143,0,0,0,0,NaN,NaN,NaN,NaN,NaN,NaN,NaN,0,NaN,NaN,NaN,NaN,0,0,0,NaN,NaN
EXACT_CELL,10,P4,STAGE5_TOEPLITZ_CORRELATED,4,FULL4D_ELEMENT_CML_MULTISTART,10,5,5,1,0,1,4,0,0.164357075553997,0.238937321383572,0.149103238888166,0.21826860365938,35.306109470246,76.4112571385144,0.0887152776888809,0.156571210260527,0.88715277688881,1.56571210260527,0.145124679581439,0.193084382304967,5052,5052,0,92.9067521,101.33407622,5,3,0,2,0.6,-0.0328641537158875,0.168524245148844,0.123895714635722,0.344918202004832,0.164357075553997,0.238937321383572,0,NaN,NaN,NaN,NaN,0,0,0,NaN,NaN
EXACT_CELL,10,P1,STAGE5_TOEPLITZ_CORRELATED,8,TANGENT_PROFILE_SAFE,10,10,10,1,0,0,0,0,0.13195606162302,0.371008337180735,0.0466906723898089,0.316227766016838,3.66268572825829,26.565051177078,0.226089691592971,0.332455532033676,0.753632305309906,1.10818510677892,0.227411522896352,0.388057656837817,419.5,910.5,0,4.35867315,4.42015115,0,0,0,0,NaN,NaN,NaN,NaN,NaN,NaN,NaN,0,NaN,NaN,NaN,NaN,0,0,0,NaN,NaN
EXACT_CELL,10,P1,STAGE5_TOEPLITZ_CORRELATED,8,FULL4D_BEAMSPACE_CML_MULTISTART,10,10,10,1,0,2,8,0,0.139201659354154,0.358869338532058,0.123853636561485,0.260341201423823,3.97930866992091,26.3108967779772,0.131851325632547,0.375915901887149,0.439504418775159,1.2530530062905,0.134355391886607,0.428203119895549,5045.5,10091,0,4.4412089,6.27221487,10,6,0,4,0.6,-0.0135469853730662,0.00960033946632251,0.13195606162302,0.371008337180735,0.139201659354154,0.358869338532058,10,0.13195606162302,0.371008337180735,0.139201659354154,0.358869338532058,6,0,4,-0.0135469853730662,0.00960033946632251
EXACT_CELL,10,P1,STAGE5_TOEPLITZ_CORRELATED,8,BEAMSPACE_MUSIC_K2,10,10,0,0,0,0,0,0,NaN,NaN,NaN,NaN,NaN,NaN,NaN,NaN,NaN,NaN,NaN,NaN,19521,0,1,0.0327521080357143,0.0428660280357143,0,0,0,0,NaN,NaN,NaN,NaN,NaN,NaN,NaN,0,NaN,NaN,NaN,NaN,0,0,0,NaN,NaN
EXACT_CELL,10,P1,STAGE5_TOEPLITZ_CORRELATED,8,FULL4D_ELEMENT_CML_MULTISTART,10,0,0,NaN,0,0,0,0,NaN,NaN,NaN,NaN,NaN,NaN,NaN,NaN,NaN,NaN,NaN,NaN,NaN,NaN,NaN,NaN,NaN,0,0,0,0,NaN,NaN,NaN,NaN,NaN,NaN,NaN,0,NaN,NaN,NaN,NaN,0,0,0,NaN,NaN
EXACT_CELL,10,P2,STAGE5_TOEPLITZ_CORRELATED,8,TANGENT_PROFILE_SAFE,10,10,10,1,0,0,0,0,0.206639010334599,0.320000000000001,0.0900634965149783,0.310000000000001,26.8565360063985,44.2997418031333,0.199,0.449209978830308,0.995000000000003,2.24604989415155,0.243900020750907,0.462492235949962,407.5,889,0,4.4631498,4.62350921,0,0,0,0,NaN,NaN,NaN,NaN,NaN,NaN,NaN,0,NaN,NaN,NaN,NaN,0,0,0,NaN,NaN
EXACT_CELL,10,P2,STAGE5_TOEPLITZ_CORRELATED,8,FULL4D_BEAMSPACE_CML_MULTISTART,10,10,10,1,1,1,8,0,0.263512973645932,0.487746957950383,0.217011384612414,0.401175999640659,21.6532425165483,40.0985713799828,0.25383988477402,0.391681328008003,1.2691994238701,1.95840664004002,0.299789644768673,0.408516818309523,4566,9132,0,4.51932995,6.02812204,10,6,0,4,0.6,-0.0378499295891071,0.0108328178759418,0.206639010334599,0.320000000000001,0.263512973645932,0.487746957950383,10,0.206639010334599,0.320000000000001,0.263512973645932,0.487746957950383,6,0,4,-0.0378499295891071,0.0108328178759418
EXACT_CELL,10,P2,STAGE5_TOEPLITZ_CORRELATED,8,BEAMSPACE_MUSIC_K2,10,10,0,0,0,0,0,0,NaN,NaN,NaN,NaN,NaN,NaN,NaN,NaN,NaN,NaN,NaN,NaN,19521,0,1,0.0375028080357143,0.0446916480357143,0,0,0,0,NaN,NaN,NaN,NaN,NaN,NaN,NaN,0,NaN,NaN,NaN,NaN,0,0,0,NaN,NaN
EXACT_CELL,10,P2,STAGE5_TOEPLITZ_CORRELATED,8,FULL4D_ELEMENT_CML_MULTISTART,10,0,0,NaN,0,0,0,0,NaN,NaN,NaN,NaN,NaN,NaN,NaN,NaN,NaN,NaN,NaN,NaN,NaN,NaN,NaN,NaN,NaN,0,0,0,0,NaN,NaN,NaN,NaN,NaN,NaN,NaN,0,NaN,NaN,NaN,NaN,0,0,0,NaN,NaN
EXACT_CELL,10,P3,STAGE5_TOEPLITZ_CORRELATED,8,TANGENT_PROFILE_SAFE,10,10,10,1,0,0,0,0,0.0824998928583566,0.320998339009078,0.0476190480587124,0.282842712474618,20.1563560111242,66.4891596733819,0.13284271247462,0.221080390271855,0.88561808316414,1.47386926847904,0.149051143012811,0.285664675125298,424,919.5,0,4.4557389,4.56500391,0,0,0,0,NaN,NaN,NaN,NaN,NaN,NaN,NaN,0,NaN,NaN,NaN,NaN,0,0,0,NaN,NaN
EXACT_CELL,10,P3,STAGE5_TOEPLITZ_CORRELATED,8,FULL4D_BEAMSPACE_CML_MULTISTART,10,10,10,1,1,3,6,0,0.226787683947775,0.324385164952278,0.20618958457637,0.248731432325517,14.2651785073635,61.70192111008,0.0747127659282898,0.309785371677782,0.498085106188603,2.06523581118523,0.106452600978844,0.3509104067124,4860,9720,0,5.7615468,6.58150389,10,6,0,4,0.6,-0.105578865488206,0.0543982247343289,0.0824998928583566,0.320998339009078,0.226787683947775,0.324385164952278,10,0.0824998928583566,0.320998339009078,0.226787683947775,0.324385164952278,6,0,4,-0.105578865488206,0.0543982247343289
EXACT_CELL,10,P3,STAGE5_TOEPLITZ_CORRELATED,8,BEAMSPACE_MUSIC_K2,10,10,0,0,0,0,0,0,NaN,NaN,NaN,NaN,NaN,NaN,NaN,NaN,NaN,NaN,NaN,NaN,19521,0,1,0.0412937580357143,0.0440127280357143,0,0,0,0,NaN,NaN,NaN,NaN,NaN,NaN,NaN,0,NaN,NaN,NaN,NaN,0,0,0,NaN,NaN
EXACT_CELL,10,P3,STAGE5_TOEPLITZ_CORRELATED,8,FULL4D_ELEMENT_CML_MULTISTART,10,0,0,NaN,0,0,0,0,NaN,NaN,NaN,NaN,NaN,NaN,NaN,NaN,NaN,NaN,NaN,NaN,NaN,NaN,NaN,NaN,NaN,0,0,0,0,NaN,NaN,NaN,NaN,NaN,NaN,NaN,0,NaN,NaN,NaN,NaN,0,0,0,NaN,NaN
EXACT_CELL,10,P4,STAGE5_TOEPLITZ_CORRELATED,8,TANGENT_PROFILE_SAFE,10,10,10,1,0,0,0,0,0.0973542163834821,0.276976043643739,0.0499999999999989,0.072641139093779,26.5650511770781,61.0766914744662,0.0990000000000008,0.532455532033676,0.990000000000009,5.32455532033677,0.0996872629226804,0.544851277882463,412.5,897.5,0,4.4411247,4.53578566,0,0,0,0,NaN,NaN,NaN,NaN,NaN,NaN,NaN,0,NaN,NaN,NaN,NaN,0,0,0,NaN,NaN
EXACT_CELL,10,P4,STAGE5_TOEPLITZ_CORRELATED,8,FULL4D_BEAMSPACE_CML_MULTISTART,10,10,10,1,1,2,7,1,0.218591301946734,0.425363651269742,0.15072614956215,0.261539506944535,33.0690984869666,58.9161969811447,0.167736128202658,0.693320140047238,1.67736128202659,6.93320140047239,0.201031060718419,0.700362367159042,4958.5,9917,0,4.76799015,5.94479731,10,10,0,0,1,-0.102497098065257,-0.0184569012828308,0.0973542163834821,0.276976043643739,0.218591301946734,0.425363651269742,9,0.109037388702141,0.276976043643739,0.2588117455341,0.433989090556964,9,0,0,-0.109704976096439,-0.0334411596897588
EXACT_CELL,10,P4,STAGE5_TOEPLITZ_CORRELATED,8,BEAMSPACE_MUSIC_K2,10,10,0,0,0,0,0,0,NaN,NaN,NaN,NaN,NaN,NaN,NaN,NaN,NaN,NaN,NaN,NaN,19521,0,1,0.0330413580357143,0.0414861580357143,0,0,0,0,NaN,NaN,NaN,NaN,NaN,NaN,NaN,0,NaN,NaN,NaN,NaN,0,0,0,NaN,NaN
EXACT_CELL,10,P4,STAGE5_TOEPLITZ_CORRELATED,8,FULL4D_ELEMENT_CML_MULTISTART,10,0,0,NaN,0,0,0,0,NaN,NaN,NaN,NaN,NaN,NaN,NaN,NaN,NaN,NaN,NaN,NaN,NaN,NaN,NaN,NaN,NaN,0,0,0,0,NaN,NaN,NaN,NaN,NaN,NaN,NaN,0,NaN,NaN,NaN,NaN,0,0,0,NaN,NaN
EXACT_CELL,14,P1,WHITE,1,TANGENT_PROFILE_SAFE,10,10,10,1,0,0,0,0,0.132275739001908,0.374867818208988,0.0941266342178696,0.24124611797498,7.84872087063172,32.3673808788662,0.11616228448913,0.321562112512352,0.387207614963765,1.07187370837451,0.21097575980727,0.327912756900151,412.5,896.5,0,4.64772445,5.64775938,0,0,0,0,NaN,NaN,NaN,NaN,NaN,NaN,NaN,0,NaN,NaN,NaN,NaN,0,0,0,NaN,NaN
EXACT_CELL,14,P1,WHITE,1,FULL4D_BEAMSPACE_CML_MULTISTART,10,10,10,1,2,4,4,2,0.140185990709823,0.389877089600487,0.0776608519373979,0.23785113630293,9.34278715929984,43.0911732027983,0.224305345401173,0.517167210511938,0.747684484670579,1.72389070170646,0.229183181213088,0.594413725624645,3234,6468,0,2.86951025,4.52819339,10,7,0,3,0.7,-0.00799341112390109,0.0912462624108941,0.132275739001908,0.374867818208988,0.140185990709823,0.389877089600487,8,0.131716022221923,0.385864034203179,0.140185990709823,0.416862950160052,6,0,2,-0.024518410814979,0.0925876935350153
EXACT_CELL,14,P1,WHITE,1,BEAMSPACE_MUSIC_K2,10,0,0,NaN,0,0,0,0,NaN,NaN,NaN,NaN,NaN,NaN,NaN,NaN,NaN,NaN,NaN,NaN,NaN,NaN,NaN,NaN,NaN,0,0,0,0,NaN,NaN,NaN,NaN,NaN,NaN,NaN,0,NaN,NaN,NaN,NaN,0,0,0,NaN,NaN
EXACT_CELL,14,P1,WHITE,1,FULL4D_ELEMENT_CML_MULTISTART,10,0,0,NaN,0,0,0,0,NaN,NaN,NaN,NaN,NaN,NaN,NaN,NaN,NaN,NaN,NaN,NaN,NaN,NaN,NaN,NaN,NaN,0,0,0,0,NaN,NaN,NaN,NaN,NaN,NaN,NaN,0,NaN,NaN,NaN,NaN,0,0,0,NaN,NaN
EXACT_CELL,14,P2,WHITE,1,TANGENT_PROFILE_SAFE,10,10,10,1,0,0,0,0,0.386432845054082,0.558544419120081,0.170710678118655,0.410990195135927,22.4999999999999,46.4030753612808,0.339834563766817,0.844314618853437,1.6991728188341,4.2215730942672,0.365028153987288,0.84986230875387,414.5,900.5,0,4.52316685,5.34477418,0,0,0,0,NaN,NaN,NaN,NaN,NaN,NaN,NaN,0,NaN,NaN,NaN,NaN,0,0,0,NaN,NaN
EXACT_CELL,14,P2,WHITE,1,FULL4D_BEAMSPACE_CML_MULTISTART,10,10,10,1,2,2,6,0,0.396484659815095,0.529527174565575,0.172385500612621,0.503586307675131,22.6481720907778,34.005340483849,0.212726095234338,0.843212394129218,1.0636304761717,4.21606197064611,0.252783960325707,0.850730769353681,3270.5,6541,0,2.98723255,4.59213122,10,4,0,6,0.4,0.00173785113513764,0.0643857189352784,0.386432845054082,0.558544419120081,0.396484659815095,0.529527174565575,10,0.386432845054082,0.558544419120081,0.396484659815095,0.529527174565575,4,0,6,0.00173785113513764,0.0643857189352784
EXACT_CELL,14,P2,WHITE,1,BEAMSPACE_MUSIC_K2,10,0,0,NaN,0,0,0,0,NaN,NaN,NaN,NaN,NaN,NaN,NaN,NaN,NaN,NaN,NaN,NaN,NaN,NaN,NaN,NaN,NaN,0,0,0,0,NaN,NaN,NaN,NaN,NaN,NaN,NaN,0,NaN,NaN,NaN,NaN,0,0,0,NaN,NaN
EXACT_CELL,14,P2,WHITE,1,FULL4D_ELEMENT_CML_MULTISTART,10,0,0,NaN,0,0,0,0,NaN,NaN,NaN,NaN,NaN,NaN,NaN,NaN,NaN,NaN,NaN,NaN,NaN,NaN,NaN,NaN,NaN,0,0,0,0,NaN,NaN,NaN,NaN,NaN,NaN,NaN,0,NaN,NaN,NaN,NaN,0,0,0,NaN,NaN
EXACT_CELL,14,P3,WHITE,1,TANGENT_PROFILE_SAFE,10,10,10,1,0,0,0,0,0.101305513670364,0.309096721829011,0.0683449526155165,0.286181217828841,19.0125348606038,60.7256106958461,0.140820161795735,0.159099999999999,0.938801078638238,1.06066666666667,0.148960430676817,0.228259771879382,404,883.5,0,4.38766315,5.24568774,0,0,0,0,NaN,NaN,NaN,NaN,NaN,NaN,NaN,0,NaN,NaN,NaN,NaN,0,0,0,NaN,NaN
EXACT_CELL,14,P3,WHITE,1,FULL4D_BEAMSPACE_CML_MULTISTART,10,10,10,1,2,3,5,2,0.134609493337087,0.438858468505116,0.104195793406459,0.409875776774765,18.2571644353026,68.5485876932411,0.0906662553126532,0.299075508092607,0.604441702084361,1.9938367206174,0.106414551187777,0.415142871134626,4699.5,9399,0,4.23251745,4.73971717,10,5,0,5,0.5,0.0050287823420682,0.0381367920865038,0.101305513670364,0.309096721829011,0.134609493337087,0.438858468505116,8,0.0925919984102576,0.325210436547418,0.220876583160515,0.464200703511822,5,0,3,-0.0250392089999223,0.0345787123771801
EXACT_CELL,14,P3,WHITE,1,BEAMSPACE_MUSIC_K2,10,0,0,NaN,0,0,0,0,NaN,NaN,NaN,NaN,NaN,NaN,NaN,NaN,NaN,NaN,NaN,NaN,NaN,NaN,NaN,NaN,NaN,0,0,0,0,NaN,NaN,NaN,NaN,NaN,NaN,NaN,0,NaN,NaN,NaN,NaN,0,0,0,NaN,NaN
EXACT_CELL,14,P3,WHITE,1,FULL4D_ELEMENT_CML_MULTISTART,10,0,0,NaN,0,0,0,0,NaN,NaN,NaN,NaN,NaN,NaN,NaN,NaN,NaN,NaN,NaN,NaN,NaN,NaN,NaN,NaN,NaN,0,0,0,0,NaN,NaN,NaN,NaN,NaN,NaN,NaN,0,NaN,NaN,NaN,NaN,0,0,0,NaN,NaN
EXACT_CELL,14,P4,WHITE,1,TANGENT_PROFILE_SAFE,10,10,10,1,0,0,0,0,0.110178520891353,0.497254374015481,0.0766883968384307,0.25541381265149,40.0104399387903,61.5193752569046,0.0989999999999998,0.742159012611178,0.99,7.42159012611179,0.099237406271261,0.793318428308798,383.5,839,0,4.34793835,4.79567583,0,0,0,0,NaN,NaN,NaN,NaN,NaN,NaN,NaN,0,NaN,NaN,NaN,NaN,0,0,0,NaN,NaN
EXACT_CELL,14,P4,WHITE,1,FULL4D_BEAMSPACE_CML_MULTISTART,10,10,10,1,2,0,8,1,0.193160263072276,0.500367773615252,0.190482785548899,0.422836388899727,28.61446037499,52.0684091697505,0.0929573081500268,0.800240555752688,0.92957308150027,8.00240555752689,0.110533499235471,0.813153153915301,4842,9684,0,4.5826613,4.89490466,10,7,1,2,0.777777777777778,-0.0366681013964974,0.021746815522323,0.110178520891353,0.497254374015481,0.193160263072276,0.500367773615252,9,0.105357410709506,0.500761042654619,0.196557705022493,0.503528508965527,7,1,1,-0.0366693313384825,0.00421363795285975
EXACT_CELL,14,P4,WHITE,1,BEAMSPACE_MUSIC_K2,10,0,0,NaN,0,0,0,0,NaN,NaN,NaN,NaN,NaN,NaN,NaN,NaN,NaN,NaN,NaN,NaN,NaN,NaN,NaN,NaN,NaN,0,0,0,0,NaN,NaN,NaN,NaN,NaN,NaN,NaN,0,NaN,NaN,NaN,NaN,0,0,0,NaN,NaN
EXACT_CELL,14,P4,WHITE,1,FULL4D_ELEMENT_CML_MULTISTART,10,0,0,NaN,0,0,0,0,NaN,NaN,NaN,NaN,NaN,NaN,NaN,NaN,NaN,NaN,NaN,NaN,NaN,NaN,NaN,NaN,NaN,0,0,0,0,NaN,NaN,NaN,NaN,NaN,NaN,NaN,0,NaN,NaN,NaN,NaN,0,0,0,NaN,NaN
EXACT_CELL,14,P1,WHITE,4,TANGENT_PROFILE_SAFE,10,10,10,1,0,0,0,0,0.110187878699248,0.16146314661897,0.036975921437943,0.076649852742164,5.67558018083933,9.1435677119768,0.146969054381666,0.298999999999999,0.489896847938887,0.996666666666666,0.152463164791799,0.299007250974036,419,909.5,0,4.36532215,4.4748495,0,0,0,0,NaN,NaN,NaN,NaN,NaN,NaN,NaN,0,NaN,NaN,NaN,NaN,0,0,0,NaN,NaN
EXACT_CELL,14,P1,WHITE,4,FULL4D_BEAMSPACE_CML_MULTISTART,10,10,10,1,2,2,6,3,0.119952803888405,0.174008887954304,0.0970630574505381,0.132106496132155,7.00339528926378,10.7794346315576,0.0908736619690836,0.238269024972523,0.302912206563613,0.794230083241743,0.097684794164493,0.244013096831516,4906.5,9813,0,4.20750985,4.63856722,10,7,0,3,0.7,-0.0164704284523792,0.0298989280224209,0.110187878699248,0.16146314661897,0.119952803888405,0.174008887954304,7,0.132842712474619,0.156568477056612,0.131620526324216,0.199851162411844,5,0,2,-0.0237134881430228,0.0207890688759616
EXACT_CELL,14,P1,WHITE,4,BEAMSPACE_MUSIC_K2,10,10,0,0,0,0,0,0,NaN,NaN,NaN,NaN,NaN,NaN,NaN,NaN,NaN,NaN,NaN,NaN,19521,0,1,0.0333985539285714,0.0337400339285714,0,0,0,0,NaN,NaN,NaN,NaN,NaN,NaN,NaN,0,NaN,NaN,NaN,NaN,0,0,0,NaN,NaN
EXACT_CELL,14,P1,WHITE,4,FULL4D_ELEMENT_CML_MULTISTART,10,5,5,1,0,3,2,0,0.132477180791473,0.154614287765104,0.118563213081482,0.150369989574844,4.0006232590657,8.80829440252416,0.0934381365853121,0.173946372890839,0.311460455284374,0.579821242969465,0.103696871015318,0.176807697360492,4203,4203,0,3.4535852,4.0235071,5,3,0,2,0.6,-0.0110855665221732,0.0222220966788499,0.141681308325435,0.15707176041551,0.132477180791473,0.154614287765104,0,NaN,NaN,NaN,NaN,0,0,0,NaN,NaN
EXACT_CELL,14,P2,WHITE,4,TANGENT_PROFILE_SAFE,10,10,10,1,0,0,0,0,0.224991530433233,0.32,0.0704902251521026,0.24124611797498,26.5650511770779,67.2644361129541,0.232587470079196,0.6,1.16293735039599,3.00000000000001,0.290607330145789,0.6,398.5,869,0,4.28093515,4.52433965,0,0,0,0,NaN,NaN,NaN,NaN,NaN,NaN,NaN,0,NaN,NaN,NaN,NaN,0,0,0,NaN,NaN
EXACT_CELL,14,P2,WHITE,4,FULL4D_BEAMSPACE_CML_MULTISTART,10,10,10,1,1,2,7,0,0.268061387131982,0.379689049129544,0.119054705449083,0.356796172149534,25.858767688272,62.7229323640144,0.171675954574555,0.567209965632982,0.85837977287278,2.83604982816492,0.223288615992834,0.583847749563235,3806,7612,0,3.3335007,5.07818314,10,8,0,2,0.8,-0.0145185990162386,0.00750964212919886,0.224991530433233,0.32,0.268061387131982,0.379689049129544,10,0.224991530433233,0.32,0.268061387131982,0.379689049129544,8,0,2,-0.0145185990162386,0.00750964212919886
EXACT_CELL,14,P2,WHITE,4,BEAMSPACE_MUSIC_K2,10,10,0,0,0,0,0,0,NaN,NaN,NaN,NaN,NaN,NaN,NaN,NaN,NaN,NaN,NaN,NaN,19521,0,1,0.0336003539285714,0.0362531739285714,0,0,0,0,NaN,NaN,NaN,NaN,NaN,NaN,NaN,0,NaN,NaN,NaN,NaN,0,0,0,NaN,NaN
EXACT_CELL,14,P2,WHITE,4,FULL4D_ELEMENT_CML_MULTISTART,10,5,5,1,1,2,2,0,0.213349413442688,0.282626875542688,0.0755743253894096,0.120220603407329,38.8822319003052,69.4671144422129,0.214251766835547,0.539634631055198,1.07125883417774,2.698173155276,0.410505546262163,0.55068276409395,3845,3845,0,3.0719278,4.61968712,5,4,0,1,0.8,-0.0254881677389634,0.0199935733471224,0.187861245703725,0.284848726065096,0.213349413442688,0.282626875542688,0,NaN,NaN,NaN,NaN,0,0,0,NaN,NaN
EXACT_CELL,14,P3,WHITE,4,TANGENT_PROFILE_SAFE,10,10,10,1,0,0,0,0,0.0774373818699144,0.111425087287759,0.0297908704203684,0.0557727207144868,10.7961945895845,60.0509288340603,0.148999999999998,0.183506500695556,0.99333333333333,1.22337667130372,0.149008427805418,0.199471649161574,415.5,907.5,0,4.2713839,4.34350475,0,0,0,0,NaN,NaN,NaN,NaN,NaN,NaN,NaN,0,NaN,NaN,NaN,NaN,0,0,0,NaN,NaN
EXACT_CELL,14,P3,WHITE,4,FULL4D_BEAMSPACE_CML_MULTISTART,10,10,10,1,1,4,5,0,0.196885106950433,0.38983476148242,0.140903332379242,0.278928401274998,10.4107314458861,82.4480216813218,0.186953409314663,0.401776182424582,1.24635606209776,2.67850788283058,0.187229290985843,0.554074476626289,4732.5,9465,0,4.39262095,5.04003601,10,9,0,1,0.9,-0.110836986848299,-0.0208496616473482,0.0774373818699144,0.111425087287759,0.196885106950433,0.38983476148242,10,0.0774373818699144,0.111425087287759,0.196885106950433,0.38983476148242,9,0,1,-0.110836986848299,-0.0208496616473482
EXACT_CELL,14,P3,WHITE,4,BEAMSPACE_MUSIC_K2,10,10,0,0,0,0,0,0,NaN,NaN,NaN,NaN,NaN,NaN,NaN,NaN,NaN,NaN,NaN,NaN,19521,0,1,0.0337149039285714,0.0342627539285714,0,0,0,0,NaN,NaN,NaN,NaN,NaN,NaN,NaN,0,NaN,NaN,NaN,NaN,0,0,0,NaN,NaN
EXACT_CELL,14,P3,WHITE,4,FULL4D_ELEMENT_CML_MULTISTART,10,5,5,1,0,4,1,0,0.190506673529129,0.308095703851509,0.115453190919586,0.186444849648935,22.4130297775179,58.6102504140515,0.251906333348635,0.431104636299468,1.67937555565758,2.87403090866315,0.253038931363821,0.526044783496637,3495,3495,0,3.232819,3.98935982,5,5,0,0,1,-0.103080035268415,-0.0671196139039366,0.0718143283870306,0.22850753273376,0.190506673529129,0.308095703851509,0,NaN,NaN,NaN,NaN,0,0,0,NaN,NaN
EXACT_CELL,14,P4,WHITE,4,TANGENT_PROFILE_SAFE,10,10,10,1,0,0,0,0,0.125966164155513,0.219900719154102,0.0472873352839251,0.114120234661466,20.8760088367985,83.6539224321545,0.102459197487185,0.422588074393589,1.02459197487185,4.22588074393589,0.153288824556196,0.433533665103968,391,855.5,0,4.26846915,4.3340279,0,0,0,0,NaN,NaN,NaN,NaN,NaN,NaN,NaN,0,NaN,NaN,NaN,NaN,0,0,0,NaN,NaN
EXACT_CELL,14,P4,WHITE,4,FULL4D_BEAMSPACE_CML_MULTISTART,10,10,10,1,1,2,7,1,0.194727553745964,0.41970248890123,0.107934187758513,0.365824820732761,36.5140737569353,74.1829218134118,0.300712557766738,0.432563802364969,3.00712557766739,4.3256380236497,0.324035810454053,0.4429392559181,4613,9226,0,4.14085345,4.46878886,10,9,0,1,0.9,-0.0830247932020758,-0.00692959353753334,0.125966164155513,0.219900719154102,0.194727553745964,0.41970248890123,9,0.112698209994952,0.240434618674633,0.208171085526298,0.429064462576064,8,0,1,-0.089575308943463,-0.00505492118233925
EXACT_CELL,14,P4,WHITE,4,BEAMSPACE_MUSIC_K2,10,10,0,0,0,0,0,0,NaN,NaN,NaN,NaN,NaN,NaN,NaN,NaN,NaN,NaN,NaN,NaN,19521,0,1,0.0332822039285714,0.0340416139285714,0,0,0,0,NaN,NaN,NaN,NaN,NaN,NaN,NaN,0,NaN,NaN,NaN,NaN,0,0,0,NaN,NaN
EXACT_CELL,14,P4,WHITE,4,FULL4D_ELEMENT_CML_MULTISTART,10,5,5,1,0,4,1,0,0.224411388285858,0.409088602242408,0.221072683095145,0.385694843373957,45,82.8743043482785,0.176655842487394,0.319222480538551,1.76655842487394,3.19222480538551,0.293849187633272,0.363039682427647,4312,4312,0,3.4971788,4.12434758,5,5,0,0,1,-0.158029201970866,-0.043950915096168,0.104809744504941,0.14195286755009,0.224411388285858,0.409088602242408,0,NaN,NaN,NaN,NaN,0,0,0,NaN,NaN
EXACT_CELL,14,P1,WHITE,8,TANGENT_PROFILE_SAFE,10,10,10,1,0,0,0,0,0.0630484491519473,0.149794954142914,0.0222628597954151,0.036209169280075,6.05970801674811,9.20637146799618,0.086466385796733,0.298999999999998,0.288221285989111,0.996666666666663,0.111527533155345,0.299001247553129,397.5,867.5,0,4.2765398,4.41106937,0,0,0,0,NaN,NaN,NaN,NaN,NaN,NaN,NaN,0,NaN,NaN,NaN,NaN,0,0,0,NaN,NaN
EXACT_CELL,14,P1,WHITE,8,FULL4D_BEAMSPACE_CML_MULTISTART,10,10,10,1,0,1,9,0,0.115585541939951,0.138461445634825,0.102880245551325,0.132828521473088,6.63589920513246,8.74335589432041,0.0613196650452755,0.144010882848083,0.204398883484252,0.480036276160278,0.0773298789416689,0.152242134836792,4901.5,9803,0,4.4757755,4.90467825,10,8,0,2,0.8,-0.0417159592556128,0.00586947530452822,0.0630484491519473,0.149794954142914,0.115585541939951,0.138461445634825,10,0.0630484491519473,0.149794954142914,0.115585541939951,0.138461445634825,8,0,2,-0.0417159592556128,0.00586947530452822
EXACT_CELL,14,P1,WHITE,8,BEAMSPACE_MUSIC_K2,10,10,0,0,0,0,0,0,NaN,NaN,NaN,NaN,NaN,NaN,NaN,NaN,NaN,NaN,NaN,NaN,19521,0,1,0.0338031039285714,0.0353535739285714,0,0,0,0,NaN,NaN,NaN,NaN,NaN,NaN,NaN,0,NaN,NaN,NaN,NaN,0,0,0,NaN,NaN
EXACT_CELL,14,P1,WHITE,8,FULL4D_ELEMENT_CML_MULTISTART,10,0,0,NaN,0,0,0,0,NaN,NaN,NaN,NaN,NaN,NaN,NaN,NaN,NaN,NaN,NaN,NaN,NaN,NaN,NaN,NaN,NaN,0,0,0,0,NaN,NaN,NaN,NaN,NaN,NaN,NaN,0,NaN,NaN,NaN,NaN,0,0,0,NaN,NaN
EXACT_CELL,14,P2,WHITE,8,TANGENT_PROFILE_SAFE,10,10,10,1,0,0,0,0,0.223606797749979,0.276558274021876,0.0888516894719588,0.221231056256176,7.32214777007841,44.6586494799229,0.205729810106867,0.439340348858209,1.02864905053434,2.19670174429106,0.231336533411396,0.498311986160737,395.5,868,0,4.181277,4.29868498,0,0,0,0,NaN,NaN,NaN,NaN,NaN,NaN,NaN,0,NaN,NaN,NaN,NaN,0,0,0,NaN,NaN
EXACT_CELL,14,P2,WHITE,8,FULL4D_BEAMSPACE_CML_MULTISTART,10,10,10,1,2,1,7,0,0.249441833035542,0.387148598338541,0.17836335515327,0.329668873976895,15.2346865156404,45.1688415157205,0.365774517652508,0.491330720382495,1.82887258826255,2.45665360191248,0.409705140229432,0.494257396732762,3876.5,7753,0,3.3495641,4.66455783,10,7,0,3,0.7,-0.0244362638429871,0.0158349151447751,0.223606797749979,0.276558274021876,0.249441833035542,0.387148598338541,10,0.223606797749979,0.276558274021876,0.249441833035542,0.387148598338541,7,0,3,-0.0244362638429871,0.0158349151447751
EXACT_CELL,14,P2,WHITE,8,BEAMSPACE_MUSIC_K2,10,10,0,0,0,0,0,0,NaN,NaN,NaN,NaN,NaN,NaN,NaN,NaN,NaN,NaN,NaN,NaN,19521,0,1,0.0331851039285714,0.0338325939285714,0,0,0,0,NaN,NaN,NaN,NaN,NaN,NaN,NaN,0,NaN,NaN,NaN,NaN,0,0,0,NaN,NaN
EXACT_CELL,14,P2,WHITE,8,FULL4D_ELEMENT_CML_MULTISTART,10,0,0,NaN,0,0,0,0,NaN,NaN,NaN,NaN,NaN,NaN,NaN,NaN,NaN,NaN,NaN,NaN,NaN,NaN,NaN,NaN,NaN,0,0,0,0,NaN,NaN,NaN,NaN,NaN,NaN,NaN,0,NaN,NaN,NaN,NaN,0,0,0,NaN,NaN
EXACT_CELL,14,P3,WHITE,8,TANGENT_PROFILE_SAFE,10,10,10,1,0,0,0,0,0.0689788753931879,0.086721017567438,0.0182505669515078,0.0345007654988819,10.7936028365685,46.2967530436181,0.0897719718127432,0.148999999999999,0.598479812084959,0.993333333333334,0.130063950980519,0.161612773534947,394,862.5,0,4.20292315,4.37609047,0,0,0,0,NaN,NaN,NaN,NaN,NaN,NaN,NaN,0,NaN,NaN,NaN,NaN,0,0,0,NaN,NaN
EXACT_CELL,14,P3,WHITE,8,FULL4D_BEAMSPACE_CML_MULTISTART,10,10,10,1,0,3,7,0,0.175066913340948,0.324424864287374,0.117006386904,0.22169537043441,14.806896684593,71.0120628029211,0.236392662626407,0.350431100437241,1.57595108417606,2.33620733624829,0.237898244168332,0.473404179282399,4674.5,9349,0,4.06523855,4.50531074,10,9,0,1,0.9,-0.133474357647902,-0.00739117134983466,0.0689788753931879,0.086721017567438,0.175066913340948,0.324424864287374,10,0.0689788753931879,0.086721017567438,0.175066913340948,0.324424864287374,9,0,1,-0.133474357647902,-0.00739117134983466
EXACT_CELL,14,P3,WHITE,8,BEAMSPACE_MUSIC_K2,10,10,0,0,0,0,0,0,NaN,NaN,NaN,NaN,NaN,NaN,NaN,NaN,NaN,NaN,NaN,NaN,19521,0,1,0.0331180039285714,0.0335051739285714,0,0,0,0,NaN,NaN,NaN,NaN,NaN,NaN,NaN,0,NaN,NaN,NaN,NaN,0,0,0,NaN,NaN
EXACT_CELL,14,P3,WHITE,8,FULL4D_ELEMENT_CML_MULTISTART,10,0,0,NaN,0,0,0,0,NaN,NaN,NaN,NaN,NaN,NaN,NaN,NaN,NaN,NaN,NaN,NaN,NaN,NaN,NaN,NaN,NaN,0,0,0,0,NaN,NaN,NaN,NaN,NaN,NaN,NaN,0,NaN,NaN,NaN,NaN,0,0,0,NaN,NaN
EXACT_CELL,14,P4,WHITE,8,TANGENT_PROFILE_SAFE,10,10,10,1,0,0,0,0,0.110236251764258,0.165282963529272,0.0590155634402543,0.0949684523389189,27.2480425808463,53.3405241363031,0.123791132079705,0.299047401383608,1.23791132079705,2.99047401383609,0.145064967228282,0.305417116392812,393,857.5,0,4.2128256,4.24901562,0,0,0,0,NaN,NaN,NaN,NaN,NaN,NaN,NaN,0,NaN,NaN,NaN,NaN,0,0,0,NaN,NaN
EXACT_CELL,14,P4,WHITE,8,FULL4D_BEAMSPACE_CML_MULTISTART,10,10,10,1,1,2,7,0,0.18850051052971,0.481453670404234,0.143172408866599,0.338374801250824,27.6047262182314,51.4862459046201,0.31596449134189,0.678086891242413,3.15964491341891,6.78086891242414,0.325851833313525,0.694471254482522,4941,9882,0,4.30819535,4.46363818,10,10,0,0,1,-0.116317588103224,-0.0481104832421289,0.110236251764258,0.165282963529272,0.18850051052971,0.481453670404234,10,0.110236251764258,0.165282963529272,0.18850051052971,0.481453670404234,10,0,0,-0.116317588103224,-0.0481104832421289
EXACT_CELL,14,P4,WHITE,8,BEAMSPACE_MUSIC_K2,10,10,0,0,0,0,0,0,NaN,NaN,NaN,NaN,NaN,NaN,NaN,NaN,NaN,NaN,NaN,NaN,19521,0,1,0.0332751039285714,0.0343661139285714,0,0,0,0,NaN,NaN,NaN,NaN,NaN,NaN,NaN,0,NaN,NaN,NaN,NaN,0,0,0,NaN,NaN
EXACT_CELL,14,P4,WHITE,8,FULL4D_ELEMENT_CML_MULTISTART,10,0,0,NaN,0,0,0,0,NaN,NaN,NaN,NaN,NaN,NaN,NaN,NaN,NaN,NaN,NaN,NaN,NaN,NaN,NaN,NaN,NaN,0,0,0,0,NaN,NaN,NaN,NaN,NaN,NaN,NaN,0,NaN,NaN,NaN,NaN,0,0,0,NaN,NaN
EXACT_CELL,14,P1,STAGE5_TOEPLITZ_CORRELATED,1,TANGENT_PROFILE_SAFE,10,10,10,1,0,0,0,0,0.192146455439089,0.511162201815044,0.182514076993643,0.5,3.15520752727726,45,0.1,0.1515541823757,0.333333333333334,0.505180607919001,0.163100954036986,0.212478672477061,393,860,0,4.1793443,4.3240426,0,0,0,0,NaN,NaN,NaN,NaN,NaN,NaN,NaN,0,NaN,NaN,NaN,NaN,0,0,0,NaN,NaN
EXACT_CELL,14,P1,STAGE5_TOEPLITZ_CORRELATED,1,FULL4D_BEAMSPACE_CML_MULTISTART,10,10,10,1,1,4,5,0,0.207255266950468,0.504221439182734,0.198029485857775,0.479996987054601,3.27178130671194,33.4558171383076,0.114166403609409,0.264963677776299,0.380554678698031,0.883212259254333,0.23126448401114,0.27739008596585,3599.5,7199,0,3.0281784,4.45445345,10,5,0,5,0.5,-0.0200782012528366,0.0258633816254123,0.192146455439089,0.511162201815044,0.207255266950468,0.504221439182734,10,0.192146455439089,0.511162201815044,0.207255266950468,0.504221439182734,5,0,5,-0.0200782012528366,0.0258633816254123
EXACT_CELL,14,P1,STAGE5_TOEPLITZ_CORRELATED,1,BEAMSPACE_MUSIC_K2,10,0,0,NaN,0,0,0,0,NaN,NaN,NaN,NaN,NaN,NaN,NaN,NaN,NaN,NaN,NaN,NaN,NaN,NaN,NaN,NaN,NaN,0,0,0,0,NaN,NaN,NaN,NaN,NaN,NaN,NaN,0,NaN,NaN,NaN,NaN,0,0,0,NaN,NaN
EXACT_CELL,14,P1,STAGE5_TOEPLITZ_CORRELATED,1,FULL4D_ELEMENT_CML_MULTISTART,10,0,0,NaN,0,0,0,0,NaN,NaN,NaN,NaN,NaN,NaN,NaN,NaN,NaN,NaN,NaN,NaN,NaN,NaN,NaN,NaN,NaN,0,0,0,0,NaN,NaN,NaN,NaN,NaN,NaN,NaN,0,NaN,NaN,NaN,NaN,0,0,0,NaN,NaN
EXACT_CELL,14,P2,STAGE5_TOEPLITZ_CORRELATED,1,TANGENT_PROFILE_SAFE,10,10,10,1,0,0,0,0,0.218890105931674,0.383991004065696,0.149184460865277,0.374499614791759,26.5650511770779,73.9860032383591,0.169730580758236,0.287969383051136,0.848652903791186,1.43984691525569,0.199961036139257,0.32017440222806,421,914,0,4.24452435,4.35854326,0,0,0,0,NaN,NaN,NaN,NaN,NaN,NaN,NaN,0,NaN,NaN,NaN,NaN,0,0,0,NaN,NaN
EXACT_CELL,14,P2,STAGE5_TOEPLITZ_CORRELATED,1,FULL4D_BEAMSPACE_CML_MULTISTART,10,10,10,1,3,4,3,0,0.287622707421428,0.380251231051312,0.230925111635208,0.373966640195621,23.1322311955845,39.2338893286892,0.231535126684733,0.536695174796963,1.15767563342367,2.68347587398483,0.309739825702639,0.577623879511006,4133,8266,0,3.45873935,4.24952172,10,7,0,3,0.7,-0.0322703775847675,0.0692373188913162,0.218890105931674,0.383991004065696,0.287622707421428,0.380251231051312,10,0.218890105931674,0.383991004065696,0.287622707421428,0.380251231051312,7,0,3,-0.0322703775847675,0.0692373188913162
EXACT_CELL,14,P2,STAGE5_TOEPLITZ_CORRELATED,1,BEAMSPACE_MUSIC_K2,10,0,0,NaN,0,0,0,0,NaN,NaN,NaN,NaN,NaN,NaN,NaN,NaN,NaN,NaN,NaN,NaN,NaN,NaN,NaN,NaN,NaN,0,0,0,0,NaN,NaN,NaN,NaN,NaN,NaN,NaN,0,NaN,NaN,NaN,NaN,0,0,0,NaN,NaN
EXACT_CELL,14,P2,STAGE5_TOEPLITZ_CORRELATED,1,FULL4D_ELEMENT_CML_MULTISTART,10,0,0,NaN,0,0,0,0,NaN,NaN,NaN,NaN,NaN,NaN,NaN,NaN,NaN,NaN,NaN,NaN,NaN,NaN,NaN,NaN,NaN,0,0,0,0,NaN,NaN,NaN,NaN,NaN,NaN,NaN,0,NaN,NaN,NaN,NaN,0,0,0,NaN,NaN
EXACT_CELL,14,P3,STAGE5_TOEPLITZ_CORRELATED,1,TANGENT_PROFILE_SAFE,10,10,10,1,0,0,0,0,0.305321494521786,0.547285531430946,0.0850810919958327,0.229530389222443,63.9374918255492,88.5522326454176,0.467771025080606,0.887823512446702,3.1184735005374,5.9188234163114,0.609720264401787,1.02205816397701,402,875.5,0,4.2037231,4.27495667,0,0,0,0,NaN,NaN,NaN,NaN,NaN,NaN,NaN,0,NaN,NaN,NaN,NaN,0,0,0,NaN,NaN
EXACT_CELL,14,P3,STAGE5_TOEPLITZ_CORRELATED,1,FULL4D_BEAMSPACE_CML_MULTISTART,10,10,10,1,3,3,4,1,0.334718272359806,0.538939714320041,0.212042180017703,0.273651869907976,54.6036859428628,82.6532765532827,0.398553448348835,0.858849595701459,2.65702298899226,5.72566397134312,0.486913185514361,0.992545375846995,4143,8286,0,3.4131973,4.36098119,10,6,0,4,0.6,-0.0127273764290306,0.028453757129189,0.305321494521786,0.547285531430946,0.334718272359806,0.538939714320041,9,0.309603124573765,0.555474596540698,0.357823450778204,0.547326809516653,5,0,4,-0.0105732294716011,0.0350703392877482
EXACT_CELL,14,P3,STAGE5_TOEPLITZ_CORRELATED,1,BEAMSPACE_MUSIC_K2,10,0,0,NaN,0,0,0,0,NaN,NaN,NaN,NaN,NaN,NaN,NaN,NaN,NaN,NaN,NaN,NaN,NaN,NaN,NaN,NaN,NaN,0,0,0,0,NaN,NaN,NaN,NaN,NaN,NaN,NaN,0,NaN,NaN,NaN,NaN,0,0,0,NaN,NaN
EXACT_CELL,14,P3,STAGE5_TOEPLITZ_CORRELATED,1,FULL4D_ELEMENT_CML_MULTISTART,10,0,0,NaN,0,0,0,0,NaN,NaN,NaN,NaN,NaN,NaN,NaN,NaN,NaN,NaN,NaN,NaN,NaN,NaN,NaN,NaN,NaN,0,0,0,0,NaN,NaN,NaN,NaN,NaN,NaN,NaN,0,NaN,NaN,NaN,NaN,0,0,0,NaN,NaN
EXACT_CELL,14,P4,STAGE5_TOEPLITZ_CORRELATED,1,TANGENT_PROFILE_SAFE,10,10,10,1,0,0,0,0,0.381585753858028,0.49971239160127,0.178077640640442,0.403112887414928,45,72.1541227974859,0.334162270103618,0.921655250605964,3.34162270103619,9.21655250605967,0.418714188598302,0.954906419087713,402.5,879,0,4.21638965,4.29027539,0,0,0,0,NaN,NaN,NaN,NaN,NaN,NaN,NaN,0,NaN,NaN,NaN,NaN,0,0,0,NaN,NaN
EXACT_CELL,14,P4,STAGE5_TOEPLITZ_CORRELATED,1,FULL4D_BEAMSPACE_CML_MULTISTART,10,10,10,1,5,1,4,1,0.472842926187253,0.539688541262409,0.223232288293054,0.493218799604793,45.3087808378341,54.7029717098252,0.32999995739185,0.971963551454896,3.29999957391851,9.71963551454898,0.369097117333422,1.00480994153531,3278,6556,0,2.7201862,3.78195342,10,7,0,3,0.7,-0.0401440542866242,0.0400735783681324,0.381585753858028,0.49971239160127,0.472842926187253,0.539688541262409,9,0.397402732990268,0.509889635393241,0.504917758849388,0.545182391966287,6,0,3,-0.0557828955525216,0.0433322324447716
EXACT_CELL,14,P4,STAGE5_TOEPLITZ_CORRELATED,1,BEAMSPACE_MUSIC_K2,10,0,0,NaN,0,0,0,0,NaN,NaN,NaN,NaN,NaN,NaN,NaN,NaN,NaN,NaN,NaN,NaN,NaN,NaN,NaN,NaN,NaN,0,0,0,0,NaN,NaN,NaN,NaN,NaN,NaN,NaN,0,NaN,NaN,NaN,NaN,0,0,0,NaN,NaN
EXACT_CELL,14,P4,STAGE5_TOEPLITZ_CORRELATED,1,FULL4D_ELEMENT_CML_MULTISTART,10,0,0,NaN,0,0,0,0,NaN,NaN,NaN,NaN,NaN,NaN,NaN,NaN,NaN,NaN,NaN,NaN,NaN,NaN,NaN,NaN,NaN,0,0,0,0,NaN,NaN,NaN,NaN,NaN,NaN,NaN,0,NaN,NaN,NaN,NaN,0,0,0,NaN,NaN
EXACT_CELL,14,P1,STAGE5_TOEPLITZ_CORRELATED,4,TANGENT_PROFILE_SAFE,10,10,10,1,0,0,0,0,0.0648803657611184,0.136860620046704,0.0238081101935819,0.04722248149025,3.88153950344956,11.958599192805,0.0936294210611931,0.271700194106047,0.312098070203978,0.905667313686826,0.106553874005436,0.272072558302143,406,886,0,4.4285161,4.80852658,0,0,0,0,NaN,NaN,NaN,NaN,NaN,NaN,NaN,0,NaN,NaN,NaN,NaN,0,0,0,NaN,NaN
EXACT_CELL,14,P1,STAGE5_TOEPLITZ_CORRELATED,4,FULL4D_BEAMSPACE_CML_MULTISTART,10,10,10,1,1,4,5,0,0.115931504788678,0.157189447793807,0.0340983913594763,0.136328469234853,5.2727184636994,10.1746562583906,0.0897668238047658,0.279570295866339,0.299222746015886,0.931900986221132,0.1059039410188,0.281549826453136,4498,8996,0,3.75859335,4.17045834,10,8,0,2,0.8,-0.0121254254830315,0.00220600269918517,0.0648803657611184,0.136860620046704,0.115931504788678,0.157189447793807,10,0.0648803657611184,0.136860620046704,0.115931504788678,0.157189447793807,8,0,2,-0.0121254254830315,0.00220600269918517
EXACT_CELL,14,P1,STAGE5_TOEPLITZ_CORRELATED,4,BEAMSPACE_MUSIC_K2,10,10,0,0,0,0,0,0,NaN,NaN,NaN,NaN,NaN,NaN,NaN,NaN,NaN,NaN,NaN,NaN,19521,0,1,0.0326733580357143,0.0332718680357143,0,0,0,0,NaN,NaN,NaN,NaN,NaN,NaN,NaN,0,NaN,NaN,NaN,NaN,0,0,0,NaN,NaN
EXACT_CELL,14,P1,STAGE5_TOEPLITZ_CORRELATED,4,FULL4D_ELEMENT_CML_MULTISTART,10,5,5,1,0,3,2,0,0.113581308613985,0.149058013962362,0.102569320890367,0.14708856026708,2.35588690767271,12.9865315947771,0.0683796219102143,0.179706370049746,0.227932073034048,0.599021233499156,0.0975755723232881,0.186476458918353,4577,4577,0,83.1779837,92.50514436,5,5,0,0,1,-0.041096986376975,-0.0258429490118021,0.059963963590005,0.11697089796948,0.113581308613985,0.149058013962362,0,NaN,NaN,NaN,NaN,0,0,0,NaN,NaN
EXACT_CELL,14,P2,STAGE5_TOEPLITZ_CORRELATED,4,TANGENT_PROFILE_SAFE,10,10,10,1,0,0,0,0,0.264575131106459,0.348496231131986,0.0941082290282504,0.24124611797498,18.4349488229219,38.2397580944717,0.361934432082353,0.602462112512354,1.80967216041178,3.01231056256178,0.398493598009083,0.603245553203368,395.5,866.5,0,4.4736408,4.66848064,0,0,0,0,NaN,NaN,NaN,NaN,NaN,NaN,NaN,0,NaN,NaN,NaN,NaN,0,0,0,NaN,NaN
EXACT_CELL,14,P2,STAGE5_TOEPLITZ_CORRELATED,4,FULL4D_BEAMSPACE_CML_MULTISTART,10,10,10,1,0,2,8,1,0.255726863057452,0.482469418987507,0.196678224552771,0.311231778743657,21.1488435495279,35.6372601035034,0.292460654063118,0.744403520011648,1.4623032703156,3.72201760005825,0.32677900039198,0.747002287992354,4419.5,8839,0,3.72283085,4.29481078,10,6,0,4,0.6,-0.0328229851785469,0.0208695442208391,0.264575131106459,0.348496231131986,0.255726863057452,0.482469418987507,9,0.264575131106459,0.365329983228432,0.255837534362817,0.486076319123769,5,0,4,-0.0149315202138689,0.0249754147231874
EXACT_CELL,14,P2,STAGE5_TOEPLITZ_CORRELATED,4,BEAMSPACE_MUSIC_K2,10,10,0,0,0,0,0,0,NaN,NaN,NaN,NaN,NaN,NaN,NaN,NaN,NaN,NaN,NaN,NaN,19521,0,1,0.0327427080357143,0.0330411280357143,0,0,0,0,NaN,NaN,NaN,NaN,NaN,NaN,NaN,0,NaN,NaN,NaN,NaN,0,0,0,NaN,NaN
EXACT_CELL,14,P2,STAGE5_TOEPLITZ_CORRELATED,4,FULL4D_ELEMENT_CML_MULTISTART,10,5,5,1,3,2,0,0,0.258969208540022,0.418973161827174,0.11530500346184,0.34301587183276,6.04567326417317,29.9571690606618,0.40335571081828,0.491054865738847,2.01677855409141,2.45527432869424,0.422949050276956,0.491054865738847,3892,3892,0,70.7331981,88.4688982,5,2,0,3,0.4,0.0084711818478837,0.0359546291885935,0.264575131106459,0.419999999999999,0.258969208540022,0.418973161827174,0,NaN,NaN,NaN,NaN,0,0,0,NaN,NaN
EXACT_CELL,14,P3,STAGE5_TOEPLITZ_CORRELATED,4,TANGENT_PROFILE_SAFE,10,10,10,1,0,0,0,0,0.0806169684260075,0.0994174731183315,0.0350031413733471,0.0775443889181819,15.0508643228276,32.4352479021479,0.0823305911898755,0.149852698527775,0.548870607932509,0.999017990185179,0.130724934251825,0.16011827442556,413,898.5,0,4.4555438,5.40404846,0,0,0,0,NaN,NaN,NaN,NaN,NaN,NaN,NaN,0,NaN,NaN,NaN,NaN,0,0,0,NaN,NaN
EXACT_CELL,14,P3,STAGE5_TOEPLITZ_CORRELATED,4,FULL4D_BEAMSPACE_CML_MULTISTART,10,10,10,1,1,2,7,1,0.187935192814238,0.412110756179248,0.135074740142263,0.318415664981846,15.5420036025137,67.4887652056943,0.220209289044667,0.352018434952236,1.46806192696446,2.34678956634826,0.238733100457455,0.396457090935934,4533,9066,0,3.94294525,4.54055912,10,9,0,1,0.9,-0.129229363704285,0.00216605724278487,0.0806169684260075,0.0994174731183315,0.187935192814238,0.412110756179248,9,0.0828526004818411,0.100968211803793,0.210469772229217,0.423118486014876,8,0,1,-0.130841555661194,-0.04669018188286
EXACT_CELL,14,P3,STAGE5_TOEPLITZ_CORRELATED,4,BEAMSPACE_MUSIC_K2,10,10,0,0,0,0,0,0,NaN,NaN,NaN,NaN,NaN,NaN,NaN,NaN,NaN,NaN,NaN,NaN,19521,0,1,0.0327626080357143,0.0330095080357143,0,0,0,0,NaN,NaN,NaN,NaN,NaN,NaN,NaN,0,NaN,NaN,NaN,NaN,0,0,0,NaN,NaN
EXACT_CELL,14,P3,STAGE5_TOEPLITZ_CORRELATED,4,FULL4D_ELEMENT_CML_MULTISTART,10,5,5,1,0,2,3,0,0.0657994331921972,0.371424072193324,0.0641517550900346,0.234247441133621,12.1069636929765,57.3919408390956,0.0541743428458136,0.481076037409666,0.361162285638761,3.20717358273114,0.055337068847258,0.576379712954272,4252,4252,0,78.560311,88.71690478,5,2,0,3,0.4,0.00109038208295064,0.0108583595249404,0.0491812116468179,0.101165512965229,0.0657994331921972,0.371424072193324,0,NaN,NaN,NaN,NaN,0,0,0,NaN,NaN
EXACT_CELL,14,P4,STAGE5_TOEPLITZ_CORRELATED,4,TANGENT_PROFILE_SAFE,10,10,10,1,0,0,0,0,0.125487546974127,0.347213427069491,0.09522002464417,0.258541019662497,23.9717065595259,71.611511095846,0.192894441198571,0.532455532033675,1.92894441198571,5.32455532033676,0.197038211194361,0.544851277882462,402.5,878,0,4.45258145,4.92038269,0,0,0,0,NaN,NaN,NaN,NaN,NaN,NaN,NaN,0,NaN,NaN,NaN,NaN,0,0,0,NaN,NaN
EXACT_CELL,14,P4,STAGE5_TOEPLITZ_CORRELATED,4,FULL4D_BEAMSPACE_CML_MULTISTART,10,10,10,1,1,2,7,0,0.240543694581846,0.374244423713198,0.119818508720768,0.310236206941778,23.3974657935482,71.9778622734957,0.289742984624144,0.656978838511379,2.89742984624145,6.5697883851138,0.306128304533575,0.687057633713149,4823.5,9647,0,4.1840361,5.88494676,10,9,0,1,0.9,-0.0735555148976354,-0.0105790590091909,0.125487546974127,0.347213427069491,0.240543694581846,0.374244423713198,10,0.125487546974127,0.347213427069491,0.240543694581846,0.374244423713198,9,0,1,-0.0735555148976354,-0.0105790590091909
EXACT_CELL,14,P4,STAGE5_TOEPLITZ_CORRELATED,4,BEAMSPACE_MUSIC_K2,10,10,0,0,0,0,0,0,NaN,NaN,NaN,NaN,NaN,NaN,NaN,NaN,NaN,NaN,NaN,NaN,19521,0,1,0.0372089580357143,0.0417224080357143,0,0,0,0,NaN,NaN,NaN,NaN,NaN,NaN,NaN,0,NaN,NaN,NaN,NaN,0,0,0,NaN,NaN
EXACT_CELL,14,P4,STAGE5_TOEPLITZ_CORRELATED,4,FULL4D_ELEMENT_CML_MULTISTART,10,5,5,1,0,0,5,0,0.163090474146564,0.27889602333462,0.146944959661051,0.251125502907603,36.4948491365635,80.7865831844506,0.108786689492698,0.186429660072992,1.08786689492699,1.86429660072993,0.169531472361264,0.24262602041671,4914,4914,0,89.0179925,101.23984962,5,3,0,2,0.6,-0.0306803498766708,0.0660221786702125,0.0920424486739683,0.344918202004832,0.163090474146564,0.27889602333462,0,NaN,NaN,NaN,NaN,0,0,0,NaN,NaN
EXACT_CELL,14,P1,STAGE5_TOEPLITZ_CORRELATED,8,TANGENT_PROFILE_SAFE,10,10,10,1,0,0,0,0,0.10160650730025,0.160988905617062,0.0269328049718398,0.149639900388576,3.32845124572166,14.7295955151387,0.157594087369369,0.298999999999999,0.525313624564563,0.996666666666665,0.173203803242182,0.299002775853046,418.5,908.5,0,4.3528739,4.40718313,0,0,0,0,NaN,NaN,NaN,NaN,NaN,NaN,NaN,0,NaN,NaN,NaN,NaN,0,0,0,NaN,NaN
EXACT_CELL,14,P1,STAGE5_TOEPLITZ_CORRELATED,8,FULL4D_BEAMSPACE_CML_MULTISTART,10,10,10,1,0,0,10,0,0.110873087915955,0.169833987970137,0.076206937753684,0.163841055344195,3.42710699530189,15.0742905765603,0.115104397010281,0.202197050778752,0.383681323367606,0.673990169262509,0.117152222053655,0.226450679456525,5006,10012,0,4.2991553,6.06791926,10,9,0,1,0.9,-0.00859173050205174,-0.000510574819131304,0.10160650730025,0.160988905617062,0.110873087915955,0.169833987970137,10,0.10160650730025,0.160988905617062,0.110873087915955,0.169833987970137,9,0,1,-0.00859173050205174,-0.000510574819131304
EXACT_CELL,14,P1,STAGE5_TOEPLITZ_CORRELATED,8,BEAMSPACE_MUSIC_K2,10,10,0,0,0,0,0,0,NaN,NaN,NaN,NaN,NaN,NaN,NaN,NaN,NaN,NaN,NaN,NaN,19521,0,1,0.0330054580357143,0.0425861580357143,0,0,0,0,NaN,NaN,NaN,NaN,NaN,NaN,NaN,0,NaN,NaN,NaN,NaN,0,0,0,NaN,NaN
EXACT_CELL,14,P1,STAGE5_TOEPLITZ_CORRELATED,8,FULL4D_ELEMENT_CML_MULTISTART,10,0,0,NaN,0,0,0,0,NaN,NaN,NaN,NaN,NaN,NaN,NaN,NaN,NaN,NaN,NaN,NaN,NaN,NaN,NaN,NaN,NaN,0,0,0,0,NaN,NaN,NaN,NaN,NaN,NaN,NaN,0,NaN,NaN,NaN,NaN,0,0,0,NaN,NaN
EXACT_CELL,14,P2,STAGE5_TOEPLITZ_CORRELATED,8,TANGENT_PROFILE_SAFE,10,10,10,1,0,0,0,0,0.157311294323055,0.268117617995813,0.0788664423292054,0.23124611797498,20.9954094862681,28.8143490524349,0.1995,0.325793967449714,0.997500000000005,1.62896983724858,0.19954303853612,0.351381306606853,398.5,871,0,4.50917555,4.89404825,0,0,0,0,NaN,NaN,NaN,NaN,NaN,NaN,NaN,0,NaN,NaN,NaN,NaN,0,0,0,NaN,NaN
EXACT_CELL,14,P2,STAGE5_TOEPLITZ_CORRELATED,8,FULL4D_BEAMSPACE_CML_MULTISTART,10,10,10,1,1,0,9,0,0.245577232310292,0.355945357135149,0.185241213674819,0.340994387934292,18.1789025789761,28.7725893514578,0.277461592705799,0.373583943730264,1.387307963529,1.86791971865133,0.28937795386063,0.40163021762466,4099.5,8199,0,4.1848616,5.35953537,10,7,0,3,0.7,-0.0382213054454533,0.015275688264664,0.157311294323055,0.268117617995813,0.245577232310292,0.355945357135149,10,0.157311294323055,0.268117617995813,0.245577232310292,0.355945357135149,7,0,3,-0.0382213054454533,0.015275688264664
EXACT_CELL,14,P2,STAGE5_TOEPLITZ_CORRELATED,8,BEAMSPACE_MUSIC_K2,10,10,0,0,0,0,0,0,NaN,NaN,NaN,NaN,NaN,NaN,NaN,NaN,NaN,NaN,NaN,NaN,19521,0,1,0.0333629080357143,0.0423205180357143,0,0,0,0,NaN,NaN,NaN,NaN,NaN,NaN,NaN,0,NaN,NaN,NaN,NaN,0,0,0,NaN,NaN
EXACT_CELL,14,P2,STAGE5_TOEPLITZ_CORRELATED,8,FULL4D_ELEMENT_CML_MULTISTART,10,0,0,NaN,0,0,0,0,NaN,NaN,NaN,NaN,NaN,NaN,NaN,NaN,NaN,NaN,NaN,NaN,NaN,NaN,NaN,NaN,NaN,0,0,0,0,NaN,NaN,NaN,NaN,NaN,NaN,NaN,0,NaN,NaN,NaN,NaN,0,0,0,NaN,NaN
EXACT_CELL,14,P3,STAGE5_TOEPLITZ_CORRELATED,8,TANGENT_PROFILE_SAFE,10,10,10,1,0,0,0,0,0.0662459607483422,0.0820245095848838,0.0223537439022607,0.0359375067896697,13.7179549560035,47.3237652960556,0.110883102663016,0.148999999999998,0.739220684420117,0.993333333333329,0.123069245142288,0.155284440305555,398.5,869.5,0,4.4270709,4.6273431,0,0,0,0,NaN,NaN,NaN,NaN,NaN,NaN,NaN,0,NaN,NaN,NaN,NaN,0,0,0,NaN,NaN
EXACT_CELL,14,P3,STAGE5_TOEPLITZ_CORRELATED,8,FULL4D_BEAMSPACE_CML_MULTISTART,10,10,10,1,1,2,7,0,0.175290103225415,0.316858831000278,0.135675914053641,0.247502963705404,12.5300042404792,54.3712550732972,0.12144914413214,0.292098659913092,0.809660960880941,1.94732439942063,0.137061105438299,0.347785453781008,4912.5,9825,0,5.7781945,6.17864288,10,9,0,1,0.9,-0.128259464060826,-0.0568148526312918,0.0662459607483422,0.0820245095848838,0.175290103225415,0.316858831000278,10,0.0662459607483422,0.0820245095848838,0.175290103225415,0.316858831000278,9,0,1,-0.128259464060826,-0.0568148526312918
EXACT_CELL,14,P3,STAGE5_TOEPLITZ_CORRELATED,8,BEAMSPACE_MUSIC_K2,10,10,0,0,0,0,0,0,NaN,NaN,NaN,NaN,NaN,NaN,NaN,NaN,NaN,NaN,NaN,NaN,19521,0,1,0.0411361080357143,0.0419867080357143,0,0,0,0,NaN,NaN,NaN,NaN,NaN,NaN,NaN,0,NaN,NaN,NaN,NaN,0,0,0,NaN,NaN
EXACT_CELL,14,P3,STAGE5_TOEPLITZ_CORRELATED,8,FULL4D_ELEMENT_CML_MULTISTART,10,0,0,NaN,0,0,0,0,NaN,NaN,NaN,NaN,NaN,NaN,NaN,NaN,NaN,NaN,NaN,NaN,NaN,NaN,NaN,NaN,NaN,0,0,0,0,NaN,NaN,NaN,NaN,NaN,NaN,NaN,0,NaN,NaN,NaN,NaN,0,0,0,NaN,NaN
EXACT_CELL,14,P4,STAGE5_TOEPLITZ_CORRELATED,8,TANGENT_PROFILE_SAFE,10,10,10,1,0,0,0,0,0.0864724872452499,0.116332022055194,0.0455532016594187,0.0776352084297959,9.10265622618629,47.8187939548416,0.0990000000000011,0.186523062545959,0.990000000000012,1.8652306254596,0.0995655790170138,0.214355790107438,423,918,0,4.53698765,4.78596764,0,0,0,0,NaN,NaN,NaN,NaN,NaN,NaN,NaN,0,NaN,NaN,NaN,NaN,0,0,0,NaN,NaN
EXACT_CELL,14,P4,STAGE5_TOEPLITZ_CORRELATED,8,FULL4D_BEAMSPACE_CML_MULTISTART,10,10,10,1,0,0,10,0,0.193418505406379,0.286213305928808,0.134409380007588,0.210032475176593,15.6489644567521,45.8131708549624,0.149605068270915,0.541095116068702,1.49605068270915,5.41095116068703,0.177758939268232,0.547092559692379,5084,10168,0,4.6059294,6.31577761,10,10,0,0,1,-0.118890103696004,-0.0453776410264317,0.0864724872452499,0.116332022055194,0.193418505406379,0.286213305928808,10,0.0864724872452499,0.116332022055194,0.193418505406379,0.286213305928808,10,0,0,-0.118890103696004,-0.0453776410264317
EXACT_CELL,14,P4,STAGE5_TOEPLITZ_CORRELATED,8,BEAMSPACE_MUSIC_K2,10,10,0,0,0,0,0,0,NaN,NaN,NaN,NaN,NaN,NaN,NaN,NaN,NaN,NaN,NaN,NaN,19521,0,1,0.0330759080357143,0.0409376980357143,0,0,0,0,NaN,NaN,NaN,NaN,NaN,NaN,NaN,0,NaN,NaN,NaN,NaN,0,0,0,NaN,NaN
EXACT_CELL,14,P4,STAGE5_TOEPLITZ_CORRELATED,8,FULL4D_ELEMENT_CML_MULTISTART,10,0,0,NaN,0,0,0,0,NaN,NaN,NaN,NaN,NaN,NaN,NaN,NaN,NaN,NaN,NaN,NaN,NaN,NaN,NaN,NaN,NaN,0,0,0,0,NaN,NaN,NaN,NaN,NaN,NaN,NaN,0,NaN,NaN,NaN,NaN,0,0,0,NaN,NaN
EXACT_CELL,18,P1,WHITE,1,TANGENT_PROFILE_SAFE,10,10,10,1,0,0,0,0,0.102877545809631,0.32336725087506,0.059610158362785,0.23124611797498,4.73614155710386,32.3673808788662,0.152028598767871,0.321562112512352,0.506761995892902,1.07187370837451,0.170790895858453,0.327903764325158,405,881,0,4.6512952,5.30828461,0,0,0,0,NaN,NaN,NaN,NaN,NaN,NaN,NaN,0,NaN,NaN,NaN,NaN,0,0,0,NaN,NaN
EXACT_CELL,18,P1,WHITE,1,FULL4D_BEAMSPACE_CML_MULTISTART,10,10,10,1,4,3,3,0,0.128616011937045,0.372171481102459,0.0547802566844766,0.280609702069132,5.79975358784153,32.6622123397425,0.229744711784466,0.350217718510319,0.76581570594822,1.1673923950344,0.231932793335791,0.360205180754466,3377.5,6755,0,2.9747897,4.4512479,10,6,0,4,0.6,-0.0227303246447711,0.0554545798971318,0.102877545809631,0.32336725087506,0.128616011937045,0.372171481102459,10,0.102877545809631,0.32336725087506,0.128616011937045,0.372171481102459,6,0,4,-0.0227303246447711,0.0554545798971318
EXACT_CELL,18,P1,WHITE,1,BEAMSPACE_MUSIC_K2,10,0,0,NaN,0,0,0,0,NaN,NaN,NaN,NaN,NaN,NaN,NaN,NaN,NaN,NaN,NaN,NaN,NaN,NaN,NaN,NaN,NaN,0,0,0,0,NaN,NaN,NaN,NaN,NaN,NaN,NaN,0,NaN,NaN,NaN,NaN,0,0,0,NaN,NaN
EXACT_CELL,18,P1,WHITE,1,FULL4D_ELEMENT_CML_MULTISTART,10,0,0,NaN,0,0,0,0,NaN,NaN,NaN,NaN,NaN,NaN,NaN,NaN,NaN,NaN,NaN,NaN,NaN,NaN,NaN,NaN,NaN,0,0,0,0,NaN,NaN,NaN,NaN,NaN,NaN,NaN,0,NaN,NaN,NaN,NaN,0,0,0,NaN,NaN
EXACT_CELL,18,P2,WHITE,1,TANGENT_PROFILE_SAFE,10,10,10,1,0,0,0,0,0.213487086487937,0.344321988081544,0.071954658652759,0.209999999999999,26.8838854115709,56.8622751821363,0.225319513999077,0.64986230875387,1.12659756999539,3.24931154376935,0.276605783865918,0.6586526979303,396,866.5,0,4.4028455,4.94480321,0,0,0,0,NaN,NaN,NaN,NaN,NaN,NaN,NaN,0,NaN,NaN,NaN,NaN,0,0,0,NaN,NaN
EXACT_CELL,18,P2,WHITE,1,FULL4D_BEAMSPACE_CML_MULTISTART,10,10,10,1,0,3,7,0,0.298239240921459,0.429040560442518,0.164169320020244,0.418597829992474,24.8889418130141,33.8743353163629,0.179293904265905,0.700512026445607,0.896469521329526,3.50256013222805,0.216506007870994,0.706282276496965,3508,7016,0,3.08152605,4.72535919,10,8,0,2,0.8,-0.0539808008221406,0.00791617882765688,0.213487086487937,0.344321988081544,0.298239240921459,0.429040560442518,10,0.213487086487937,0.344321988081544,0.298239240921459,0.429040560442518,8,0,2,-0.0539808008221406,0.00791617882765688
EXACT_CELL,18,P2,WHITE,1,BEAMSPACE_MUSIC_K2,10,0,0,NaN,0,0,0,0,NaN,NaN,NaN,NaN,NaN,NaN,NaN,NaN,NaN,NaN,NaN,NaN,NaN,NaN,NaN,NaN,NaN,0,0,0,0,NaN,NaN,NaN,NaN,NaN,NaN,NaN,0,NaN,NaN,NaN,NaN,0,0,0,NaN,NaN
EXACT_CELL,18,P2,WHITE,1,FULL4D_ELEMENT_CML_MULTISTART,10,0,0,NaN,0,0,0,0,NaN,NaN,NaN,NaN,NaN,NaN,NaN,NaN,NaN,NaN,NaN,NaN,NaN,NaN,NaN,NaN,NaN,0,0,0,0,NaN,NaN,NaN,NaN,NaN,NaN,NaN,0,NaN,NaN,NaN,NaN,0,0,0,NaN,NaN
EXACT_CELL,18,P3,WHITE,1,TANGENT_PROFILE_SAFE,10,10,10,1,0,0,0,0,0.0821613432453595,0.119940031538997,0.0418871082348898,0.100232927535775,14.6204603373968,45.1858074164836,0.0521729384645062,0.148999999999997,0.347819589763378,0.993333333333327,0.100279376174178,0.154819600401585,401,874.5,0,4.3342469,4.70938711,0,0,0,0,NaN,NaN,NaN,NaN,NaN,NaN,NaN,0,NaN,NaN,NaN,NaN,0,0,0,NaN,NaN
EXACT_CELL,18,P3,WHITE,1,FULL4D_BEAMSPACE_CML_MULTISTART,10,10,10,1,2,2,6,2,0.0937669707826278,0.40696414760092,0.0729765183703681,0.362373485559861,14.1763857546047,61.9003152338098,0.102573244169666,0.266096503543961,0.683821627797781,1.77397669029309,0.115211718750286,0.370117847474271,4537,9074,0,4.0663223,4.63378249,10,6,0,4,0.6,-0.0254674192870739,0.0285323596886435,0.0821613432453595,0.119940031538997,0.0937669707826278,0.40696414760092,8,0.0737514207696617,0.149029892389934,0.140665164741326,0.423472460066773,6,0,2,-0.085505092578736,0.00643665287591311
EXACT_CELL,18,P3,WHITE,1,BEAMSPACE_MUSIC_K2,10,0,0,NaN,0,0,0,0,NaN,NaN,NaN,NaN,NaN,NaN,NaN,NaN,NaN,NaN,NaN,NaN,NaN,NaN,NaN,NaN,NaN,0,0,0,0,NaN,NaN,NaN,NaN,NaN,NaN,NaN,0,NaN,NaN,NaN,NaN,0,0,0,NaN,NaN
EXACT_CELL,18,P3,WHITE,1,FULL4D_ELEMENT_CML_MULTISTART,10,0,0,NaN,0,0,0,0,NaN,NaN,NaN,NaN,NaN,NaN,NaN,NaN,NaN,NaN,NaN,NaN,NaN,NaN,NaN,NaN,NaN,0,0,0,0,NaN,NaN,NaN,NaN,NaN,NaN,NaN,0,NaN,NaN,NaN,NaN,0,0,0,NaN,NaN
EXACT_CELL,18,P4,WHITE,1,TANGENT_PROFILE_SAFE,10,10,10,1,0,0,0,0,0.0726282840071387,0.253192747326079,0.0586195476888335,0.129312521969122,38.2543428918958,75.238214621009,0.0990000000000003,0.362492235949961,0.990000000000004,3.62492235949962,0.0992176931742546,0.437052325759426,403.5,879,0,4.40325335,4.87426163,0,0,0,0,NaN,NaN,NaN,NaN,NaN,NaN,NaN,0,NaN,NaN,NaN,NaN,0,0,0,NaN,NaN
EXACT_CELL,18,P4,WHITE,1,FULL4D_BEAMSPACE_CML_MULTISTART,10,10,10,1,0,0,10,1,0.282622003239056,0.473435138007462,0.230746253298358,0.375329391891783,31.8401755601372,47.6047753351628,0.0944118532122955,0.696551904407999,0.944118532122956,6.96551904408001,0.102285611078948,0.72983017203504,5031,10062,0,4.6904376,5.08567572,10,9,0,1,0.9,-0.137875681105829,-0.0346892727120804,0.0726282840071387,0.253192747326079,0.282622003239056,0.473435138007462,9,0.066230123896786,0.265701194814936,0.345515667783663,0.473719515704433,9,0,0,-0.169661715437857,-0.050066575780512
EXACT_CELL,18,P4,WHITE,1,BEAMSPACE_MUSIC_K2,10,0,0,NaN,0,0,0,0,NaN,NaN,NaN,NaN,NaN,NaN,NaN,NaN,NaN,NaN,NaN,NaN,NaN,NaN,NaN,NaN,NaN,0,0,0,0,NaN,NaN,NaN,NaN,NaN,NaN,NaN,0,NaN,NaN,NaN,NaN,0,0,0,NaN,NaN
EXACT_CELL,18,P4,WHITE,1,FULL4D_ELEMENT_CML_MULTISTART,10,0,0,NaN,0,0,0,0,NaN,NaN,NaN,NaN,NaN,NaN,NaN,NaN,NaN,NaN,NaN,NaN,NaN,NaN,NaN,NaN,NaN,0,0,0,0,NaN,NaN,NaN,NaN,NaN,NaN,NaN,0,NaN,NaN,NaN,NaN,0,0,0,NaN,NaN
EXACT_CELL,18,P1,WHITE,4,TANGENT_PROFILE_SAFE,10,10,10,1,0,0,0,0,0.0899599641094632,0.154247979482691,0.0277167668596138,0.0534808531923574,3.0590823857393,6.05803521301623,0.14517596105861,0.298999999999998,0.483919870195371,0.996666666666664,0.14772204328055,0.299000561247505,410.5,893.5,0,4.3407462,4.46653227,0,0,0,0,NaN,NaN,NaN,NaN,NaN,NaN,NaN,0,NaN,NaN,NaN,NaN,0,0,0,NaN,NaN
EXACT_CELL,18,P1,WHITE,4,FULL4D_BEAMSPACE_CML_MULTISTART,10,10,10,1,1,2,7,4,0.108408143141687,0.146160466765856,0.0869632097747263,0.126502869897345,4.80425568327631,5.61505676005545,0.0637595710272774,0.196314382386428,0.212531903424258,0.654381274621429,0.067774600928303,0.199643697195847,4982.5,9965,0,4.31644915,4.52105006,10,6,0,4,0.6,-0.00297205057764898,0.04447712038985,0.0899599641094632,0.154247979482691,0.108408143141687,0.146160466765856,6,0.11791684898691,0.152918540823294,0.120628713506221,0.156297884322621,4,0,2,-0.00537363614459976,0.032289827317073
EXACT_CELL,18,P1,WHITE,4,BEAMSPACE_MUSIC_K2,10,10,0,0,0,0,0,0,NaN,NaN,NaN,NaN,NaN,NaN,NaN,NaN,NaN,NaN,NaN,NaN,19521,0,1,0.0329462539285714,0.0340677039285714,0,0,0,0,NaN,NaN,NaN,NaN,NaN,NaN,NaN,0,NaN,NaN,NaN,NaN,0,0,0,NaN,NaN
EXACT_CELL,18,P1,WHITE,4,FULL4D_ELEMENT_CML_MULTISTART,10,5,5,1,0,2,3,0,0.109374164698817,0.131434113704174,0.10772389253279,0.130193682111931,1.40248766255189,5.28066248256527,0.0585036517790552,0.146843105453075,0.195012172596851,0.489477018176918,0.063582589328005,0.148898326248101,4763,4763,0,3.9764761,4.02768692,5,3,0,2,0.6,-0.00249750348023753,0.0431261536189942,0.141681308325435,0.152478581497518,0.109374164698817,0.131434113704174,0,NaN,NaN,NaN,NaN,0,0,0,NaN,NaN
EXACT_CELL,18,P2,WHITE,4,TANGENT_PROFILE_SAFE,10,10,10,1,0,0,0,0,0.223606797749979,0.288117617995813,0.15,0.24124611797498,3.80410737726476,19.8127774960002,0.200000000000001,0.42,1.00000000000001,2.10000000000001,0.200000000000001,0.42,377.5,828,0,4.2506733,4.44814944,0,0,0,0,NaN,NaN,NaN,NaN,NaN,NaN,NaN,0,NaN,NaN,NaN,NaN,0,0,0,NaN,NaN
EXACT_CELL,18,P2,WHITE,4,FULL4D_BEAMSPACE_CML_MULTISTART,10,10,10,1,1,0,9,1,0.239658799276978,0.393118246159641,0.162769271350652,0.367941552767361,13.5810858782765,23.5120676430199,0.214652457232048,0.468574132520612,1.07326228616025,2.34287066260307,0.248761997149121,0.469565044189298,3936,7872,0,3.5598359,4.72730169,10,7,0,3,0.7,-0.0160520015269989,0.0354484176639403,0.223606797749979,0.288117617995813,0.239658799276978,0.393118246159641,9,0.223606797749979,0.311660104885167,0.240407263077161,0.404774916623392,6,0,3,-0.0168004653271816,0.0374874446733326
EXACT_CELL,18,P2,WHITE,4,BEAMSPACE_MUSIC_K2,10,10,0,0,0,0,0,0,NaN,NaN,NaN,NaN,NaN,NaN,NaN,NaN,NaN,NaN,NaN,NaN,19521,0,1,0.0335993539285714,0.0343203539285714,0,0,0,0,NaN,NaN,NaN,NaN,NaN,NaN,NaN,0,NaN,NaN,NaN,NaN,0,0,0,NaN,NaN
EXACT_CELL,18,P2,WHITE,4,FULL4D_ELEMENT_CML_MULTISTART,10,5,5,1,1,2,2,0,0.238833062185337,0.251619217545861,0.134508562095539,0.184164560279205,13.1173417097827,25.8641988292371,0.314238955252416,0.448345291994322,1.57119477626209,2.24172645997162,0.339057263364675,0.452001079121989,3447,3447,0,2.9149849,4.22857104,5,4,0,1,0.8,-0.0320213075102207,0.0182774521178079,0.223606797749979,0.248187797763867,0.238833062185337,0.251619217545861,0,NaN,NaN,NaN,NaN,0,0,0,NaN,NaN
EXACT_CELL,18,P3,WHITE,4,TANGENT_PROFILE_SAFE,10,10,10,1,0,0,0,0,0.0757655998252917,0.0979539195884947,0.0182862521530201,0.0339907634032405,6.82788754483195,57.123077091977,0.148999999999997,0.171262956862873,0.993333333333327,1.1417530457525,0.149004431413061,0.186347162054517,399.5,870.5,0,4.28638835,4.33486613,0,0,0,0,NaN,NaN,NaN,NaN,NaN,NaN,NaN,0,NaN,NaN,NaN,NaN,0,0,0,NaN,NaN
EXACT_CELL,18,P3,WHITE,4,FULL4D_BEAMSPACE_CML_MULTISTART,10,10,10,1,0,2,8,1,0.160506406594718,0.26441729413297,0.10009470235837,0.251837779390607,7.52539938965203,54.9587381404897,0.122828301332533,0.275791057470326,0.818855342216896,1.83860704980219,0.123046919100594,0.292808408442033,4841.5,9683,0,4.41167675,5.14955646,10,8,0,2,0.8,-0.108374730178898,0.0178009511366717,0.0757655998252917,0.0979539195884947,0.160506406594718,0.26441729413297,9,0.0758148225846786,0.116155670286324,0.160509289318352,0.275413275779037,8,0,1,-0.115138007279192,-0.0224047803366275
EXACT_CELL,18,P3,WHITE,4,BEAMSPACE_MUSIC_K2,10,10,0,0,0,0,0,0,NaN,NaN,NaN,NaN,NaN,NaN,NaN,NaN,NaN,NaN,NaN,NaN,19521,0,1,0.0337405539285714,0.0343622139285714,0,0,0,0,NaN,NaN,NaN,NaN,NaN,NaN,NaN,0,NaN,NaN,NaN,NaN,0,0,0,NaN,NaN
EXACT_CELL,18,P3,WHITE,4,FULL4D_ELEMENT_CML_MULTISTART,10,5,5,1,0,3,2,0,0.160509879830204,0.283975699498994,0.100160759221009,0.15889004028224,8.51718163883864,58.3434335620829,0.250657063699372,0.381090681435024,1.67104709132916,2.54060454290018,0.251049960550092,0.469971374987457,4377,4377,0,3.6852921,4.09853232,5,4,0,1,0.8,-0.115140287401166,-0.0163200624878367,0.0453655165918924,0.18726980695206,0.160509879830204,0.283975699498994,0,NaN,NaN,NaN,NaN,0,0,0,NaN,NaN
EXACT_CELL,18,P4,WHITE,4,TANGENT_PROFILE_SAFE,10,10,10,1,0,0,0,0,0.132378239903302,0.203349895388054,0.0533308853252642,0.141411173944158,18.4860953339882,52.4846519404939,0.170299085811598,0.347213595499957,1.70299085811597,3.47213595499957,0.227409117584504,0.35376148215657,399,870,0,4.2718993,4.33496922,0,0,0,0,NaN,NaN,NaN,NaN,NaN,NaN,NaN,0,NaN,NaN,NaN,NaN,0,0,0,NaN,NaN
EXACT_CELL,18,P4,WHITE,4,FULL4D_BEAMSPACE_CML_MULTISTART,10,10,10,1,0,2,8,1,0.175265371902767,0.34630055389939,0.0992476083730945,0.230026605429825,18.4399228513094,53.8061600318833,0.226572912573436,0.477195462440574,2.26572912573437,4.77195462440575,0.2705997572608,0.48635716320471,4892.5,9785,0,4.44899415,4.66151312,10,6,0,4,0.6,-0.0361513629704857,0.0884699681294434,0.132378239903302,0.203349895388054,0.175265371902767,0.34630055389939,9,0.135078218836578,0.222887939786017,0.178419000771583,0.351740147790954,6,0,3,-0.0720878648046883,0.0372295185126993
EXACT_CELL,18,P4,WHITE,4,BEAMSPACE_MUSIC_K2,10,10,0,0,0,0,0,0,NaN,NaN,NaN,NaN,NaN,NaN,NaN,NaN,NaN,NaN,NaN,NaN,19521,0,1,0.0334705539285714,0.0338854039285714,0,0,0,0,NaN,NaN,NaN,NaN,NaN,NaN,NaN,0,NaN,NaN,NaN,NaN,0,0,0,NaN,NaN
EXACT_CELL,18,P4,WHITE,4,FULL4D_ELEMENT_CML_MULTISTART,10,5,5,1,0,2,3,0,0.178539477583601,0.300668658144246,0.0530093986810367,0.240985469787349,17.4736907343269,57.5081861713745,0.149969907935991,0.407819668135516,1.49969907935991,4.07819668135517,0.249516402988389,0.4153281959532,4855,4855,0,4.1353903,4.4044461,5,3,0,2,0.6,-0.000474741989038407,0.116995471587522,0.129678260970026,0.281546664516464,0.178539477583601,0.300668658144246,0,NaN,NaN,NaN,NaN,0,0,0,NaN,NaN
EXACT_CELL,18,P1,WHITE,8,TANGENT_PROFILE_SAFE,10,10,10,1,0,0,0,0,0.0388559844728571,0.0787361696265782,0.0140836907517407,0.0227631421150251,3.28525519015501,5.90667697702638,0.0602233631734056,0.156194739236917,0.200744543911352,0.520649130789725,0.0691079795105581,0.156899526948112,382.5,836.5,0,4.27397215,4.37318065,0,0,0,0,NaN,NaN,NaN,NaN,NaN,NaN,NaN,0,NaN,NaN,NaN,NaN,0,0,0,NaN,NaN
EXACT_CELL,18,P1,WHITE,8,FULL4D_BEAMSPACE_CML_MULTISTART,10,10,10,1,0,0,10,0,0.0920947134264809,0.116928122161917,0.090920657462545,0.113531726293722,3.62049870920845,5.58806999451068,0.0571415454271213,0.0944890224335211,0.190471818090405,0.314963408111738,0.0588639367109125,0.0982214601128955,4968.5,9937,0,4.50418715,4.88762188,10,9,0,1,0.9,-0.0289892089543114,-0.00703353787804757,0.0388559844728571,0.0787361696265782,0.0920947134264809,0.116928122161917,10,0.0388559844728571,0.0787361696265782,0.0920947134264809,0.116928122161917,9,0,1,-0.0289892089543114,-0.00703353787804757
EXACT_CELL,18,P1,WHITE,8,BEAMSPACE_MUSIC_K2,10,10,0,0,0,0,0,0,NaN,NaN,NaN,NaN,NaN,NaN,NaN,NaN,NaN,NaN,NaN,NaN,19521,0,1,0.0333622539285714,0.0355250639285714,0,0,0,0,NaN,NaN,NaN,NaN,NaN,NaN,NaN,0,NaN,NaN,NaN,NaN,0,0,0,NaN,NaN
EXACT_CELL,18,P1,WHITE,8,FULL4D_ELEMENT_CML_MULTISTART,10,0,0,NaN,0,0,0,0,NaN,NaN,NaN,NaN,NaN,NaN,NaN,NaN,NaN,NaN,NaN,NaN,NaN,NaN,NaN,NaN,NaN,0,0,0,0,NaN,NaN,NaN,NaN,NaN,NaN,NaN,0,NaN,NaN,NaN,NaN,0,0,0,NaN,NaN
EXACT_CELL,18,P2,WHITE,8,TANGENT_PROFILE_SAFE,10,10,10,1,0,0,0,0,0.163936892125751,0.223606797749979,0.0855072080338709,0.199999999999999,0.833117248566895,15.1380297495323,0.200000000000001,0.317543126717715,1.00000000000001,1.58771563358858,0.200000000000001,0.317706416540307,361,799,0,4.19109165,4.33065129,0,0,0,0,NaN,NaN,NaN,NaN,NaN,NaN,NaN,0,NaN,NaN,NaN,NaN,0,0,0,NaN,NaN
EXACT_CELL,18,P2,WHITE,8,FULL4D_BEAMSPACE_CML_MULTISTART,10,10,10,1,2,1,7,1,0.217599112785323,0.291635355688597,0.161903488697659,0.229266148526677,3.162160899012,15.9953878694518,0.313348444967012,0.361591508148392,1.56674222483507,1.80795754074196,0.314099047652366,0.396195581747408,3761,7522,0,3.6785033,4.57943877,10,8,0,2,0.8,-0.0403386297352037,0.00365876223021389,0.163936892125751,0.223606797749979,0.217599112785323,0.291635355688597,9,0.166503615634731,0.223606797749979,0.214662959367271,0.301950141212549,7,0,2,-0.0388330764558832,0.00424599291382434
EXACT_CELL,18,P2,WHITE,8,BEAMSPACE_MUSIC_K2,10,10,0,0,0,0,0,0,NaN,NaN,NaN,NaN,NaN,NaN,NaN,NaN,NaN,NaN,NaN,NaN,19521,0,1,0.0333726539285714,0.0348166839285714,0,0,0,0,NaN,NaN,NaN,NaN,NaN,NaN,NaN,0,NaN,NaN,NaN,NaN,0,0,0,NaN,NaN
EXACT_CELL,18,P2,WHITE,8,FULL4D_ELEMENT_CML_MULTISTART,10,0,0,NaN,0,0,0,0,NaN,NaN,NaN,NaN,NaN,NaN,NaN,NaN,NaN,NaN,NaN,NaN,NaN,NaN,NaN,NaN,NaN,0,0,0,0,NaN,NaN,NaN,NaN,NaN,NaN,NaN,0,NaN,NaN,NaN,NaN,0,0,0,NaN,NaN
EXACT_CELL,18,P3,WHITE,8,TANGENT_PROFILE_SAFE,10,10,10,1,0,0,0,0,0.051447549168248,0.0756077375785282,0.0114049729031043,0.0216707408662679,8.65312521628981,33.4453195686446,0.0659421336437784,0.148999999999998,0.43961422429186,0.993333333333329,0.0957659371995034,0.149030421597698,390.5,852,0,4.1989174,4.40291783,0,0,0,0,NaN,NaN,NaN,NaN,NaN,NaN,NaN,0,NaN,NaN,NaN,NaN,0,0,0,NaN,NaN
EXACT_CELL,18,P3,WHITE,8,FULL4D_BEAMSPACE_CML_MULTISTART,10,10,10,1,0,2,8,2,0.158827957273659,0.237013976140435,0.100708453357829,0.147969165805965,9.57739096072367,41.1668342471113,0.195370499956891,0.345153310142349,1.30246999971262,2.30102206761568,0.195808048320237,0.396588354816181,4829,9658,0,4.2729265,4.52698303,10,8,0,2,0.8,-0.0965004925888067,0.00471765906004413,0.051447549168248,0.0756077375785282,0.158827957273659,0.237013976140435,8,0.0549618919555822,0.0759576847041047,0.160529859376864,0.2609095354713,7,0,1,-0.122436551964114,-0.00920069834716703
EXACT_CELL,18,P3,WHITE,8,BEAMSPACE_MUSIC_K2,10,10,0,0,0,0,0,0,NaN,NaN,NaN,NaN,NaN,NaN,NaN,NaN,NaN,NaN,NaN,NaN,19521,0,1,0.0331254539285714,0.0336968839285714,0,0,0,0,NaN,NaN,NaN,NaN,NaN,NaN,NaN,0,NaN,NaN,NaN,NaN,0,0,0,NaN,NaN
EXACT_CELL,18,P3,WHITE,8,FULL4D_ELEMENT_CML_MULTISTART,10,0,0,NaN,0,0,0,0,NaN,NaN,NaN,NaN,NaN,NaN,NaN,NaN,NaN,NaN,NaN,NaN,NaN,NaN,NaN,NaN,NaN,0,0,0,0,NaN,NaN,NaN,NaN,NaN,NaN,NaN,0,NaN,NaN,NaN,NaN,0,0,0,NaN,NaN
EXACT_CELL,18,P4,WHITE,8,TANGENT_PROFILE_SAFE,10,10,10,1,0,0,0,0,0.0994851323721009,0.122096624170762,0.0537149345603231,0.0987159582518655,16.4651529872069,35.1817318868879,0.10920898466,0.19872656961546,1.0920898466,1.9872656961546,0.112224940402439,0.202675939422731,404.5,880,0,4.1955417,4.27511643,0,0,0,0,NaN,NaN,NaN,NaN,NaN,NaN,NaN,0,NaN,NaN,NaN,NaN,0,0,0,NaN,NaN
EXACT_CELL,18,P4,WHITE,8,FULL4D_BEAMSPACE_CML_MULTISTART,10,10,10,1,0,2,8,2,0.168214337908078,0.262290739683566,0.098097158007809,0.216010847058889,16.6426784918101,35.7578580334744,0.244597726202146,0.436009312965616,2.44597726202146,4.36009312965616,0.257415500619722,0.438618406757173,4928,9856,0,4.250831,4.49141801,10,9,0,1,0.9,-0.0700186145933465,-0.0124770458073117,0.0994851323721009,0.122096624170762,0.168214337908078,0.262290739683566,8,0.085825004794879,0.125081877420465,0.178929311132375,0.288381585699829,8,0,0,-0.0925259298734328,-0.0319159175169796
EXACT_CELL,18,P4,WHITE,8,BEAMSPACE_MUSIC_K2,10,10,0,0,0,0,0,0,NaN,NaN,NaN,NaN,NaN,NaN,NaN,NaN,NaN,NaN,NaN,NaN,19521,0,1,0.0332374039285714,0.0337624439285714,0,0,0,0,NaN,NaN,NaN,NaN,NaN,NaN,NaN,0,NaN,NaN,NaN,NaN,0,0,0,NaN,NaN
EXACT_CELL,18,P4,WHITE,8,FULL4D_ELEMENT_CML_MULTISTART,10,0,0,NaN,0,0,0,0,NaN,NaN,NaN,NaN,NaN,NaN,NaN,NaN,NaN,NaN,NaN,NaN,NaN,NaN,NaN,NaN,NaN,0,0,0,0,NaN,NaN,NaN,NaN,NaN,NaN,NaN,0,NaN,NaN,NaN,NaN,0,0,0,NaN,NaN
EXACT_CELL,18,P1,STAGE5_TOEPLITZ_CORRELATED,1,TANGENT_PROFILE_SAFE,10,10,10,1,0,0,0,0,0.141681308325435,0.260785521315754,0.0991759199566842,0.241246117974981,1.84545060248965,21.0914539406299,0.112243414378215,0.298875664833043,0.374144714594052,0.996252216110143,0.151972823764848,0.298882018559475,392.5,859,0,4.18717735,4.39199922,0,0,0,0,NaN,NaN,NaN,NaN,NaN,NaN,NaN,0,NaN,NaN,NaN,NaN,0,0,0,NaN,NaN
EXACT_CELL,18,P1,STAGE5_TOEPLITZ_CORRELATED,1,FULL4D_BEAMSPACE_CML_MULTISTART,10,10,10,1,0,2,8,0,0.145317261280338,0.262666942820038,0.143744048232438,0.254590656724347,1.88098212114643,18.429046623219,0.071224918250825,0.244775443563667,0.237416394169417,0.815918145212226,0.0830647545201487,0.271865323396833,5009.5,10019,0,4.2624122,4.40887417,10,7,0,3,0.7,-0.0156605460928499,0.0159386526514236,0.141681308325435,0.260785521315754,0.145317261280338,0.262666942820038,10,0.141681308325435,0.260785521315754,0.145317261280338,0.262666942820038,7,0,3,-0.0156605460928499,0.0159386526514236
EXACT_CELL,18,P1,STAGE5_TOEPLITZ_CORRELATED,1,BEAMSPACE_MUSIC_K2,10,0,0,NaN,0,0,0,0,NaN,NaN,NaN,NaN,NaN,NaN,NaN,NaN,NaN,NaN,NaN,NaN,NaN,NaN,NaN,NaN,NaN,0,0,0,0,NaN,NaN,NaN,NaN,NaN,NaN,NaN,0,NaN,NaN,NaN,NaN,0,0,0,NaN,NaN
EXACT_CELL,18,P1,STAGE5_TOEPLITZ_CORRELATED,1,FULL4D_ELEMENT_CML_MULTISTART,10,0,0,NaN,0,0,0,0,NaN,NaN,NaN,NaN,NaN,NaN,NaN,NaN,NaN,NaN,NaN,NaN,NaN,NaN,NaN,NaN,NaN,0,0,0,0,NaN,NaN,NaN,NaN,NaN,NaN,NaN,0,NaN,NaN,NaN,NaN,0,0,0,NaN,NaN
EXACT_CELL,18,P2,STAGE5_TOEPLITZ_CORRELATED,1,TANGENT_PROFILE_SAFE,10,10,10,1,0,0,0,0,0.264575131106459,0.414668495740996,0.148177503958908,0.401231056256176,22.7170769127368,69.9041347098334,0.247213595499959,0.438827666759317,1.2360679774998,2.1941383337966,0.284609751563697,0.452155309978998,419.5,913,0,4.2050197,4.50644768,0,0,0,0,NaN,NaN,NaN,NaN,NaN,NaN,NaN,0,NaN,NaN,NaN,NaN,0,0,0,NaN,NaN
EXACT_CELL,18,P2,STAGE5_TOEPLITZ_CORRELATED,1,FULL4D_BEAMSPACE_CML_MULTISTART,10,10,10,1,4,2,4,0,0.261436079024477,0.434212920288772,0.181594828076143,0.376441105576128,23.2204143126195,45.1352269742418,0.285811837292003,0.431686658350898,1.42905918646002,2.1584332917545,0.358358158923691,0.473939945045952,4471,8942,0,3.7736274,4.31206518,10,4,0,6,0.4,0.00191659645387715,0.0206884658192055,0.264575131106459,0.414668495740996,0.261436079024477,0.434212920288772,10,0.264575131106459,0.414668495740996,0.261436079024477,0.434212920288772,4,0,6,0.00191659645387715,0.0206884658192055
EXACT_CELL,18,P2,STAGE5_TOEPLITZ_CORRELATED,1,BEAMSPACE_MUSIC_K2,10,0,0,NaN,0,0,0,0,NaN,NaN,NaN,NaN,NaN,NaN,NaN,NaN,NaN,NaN,NaN,NaN,NaN,NaN,NaN,NaN,NaN,0,0,0,0,NaN,NaN,NaN,NaN,NaN,NaN,NaN,0,NaN,NaN,NaN,NaN,0,0,0,NaN,NaN
EXACT_CELL,18,P2,STAGE5_TOEPLITZ_CORRELATED,1,FULL4D_ELEMENT_CML_MULTISTART,10,0,0,NaN,0,0,0,0,NaN,NaN,NaN,NaN,NaN,NaN,NaN,NaN,NaN,NaN,NaN,NaN,NaN,NaN,NaN,NaN,NaN,0,0,0,0,NaN,NaN,NaN,NaN,NaN,NaN,NaN,0,NaN,NaN,NaN,NaN,0,0,0,NaN,NaN
EXACT_CELL,18,P3,STAGE5_TOEPLITZ_CORRELATED,1,TANGENT_PROFILE_SAFE,10,10,10,1,0,0,0,0,0.075360519734856,0.526409646632119,0.0404362177286049,0.211622776601683,25.0295235419239,79.2778727622866,0.103247520043012,0.75696486217178,0.688316800286752,5.04643241447859,0.131159580216574,0.854462379613313,403,878.5,0,4.2038725,4.2569408,0,0,0,0,NaN,NaN,NaN,NaN,NaN,NaN,NaN,0,NaN,NaN,NaN,NaN,0,0,0,NaN,NaN
EXACT_CELL,18,P3,STAGE5_TOEPLITZ_CORRELATED,1,FULL4D_BEAMSPACE_CML_MULTISTART,10,10,10,1,2,2,6,1,0.243221641274631,0.530666947593608,0.203303840012396,0.301559493424509,38.6546404283647,79.5771423727879,0.281577624352274,0.785270700248737,1.87718416234851,5.23513800165829,0.357383626201019,0.887366364465176,4420.5,8841,0,3.780783,4.33971846,10,10,0,0,1,-0.14105699853733,-0.00468709158018008,0.075360519734856,0.526409646632119,0.243221641274631,0.530666947593608,9,0.0796705008281666,0.527819293264238,0.245056362629775,0.532130318053064,9,0,0,-0.14561161084116,-0.00463336775284369
EXACT_CELL,18,P3,STAGE5_TOEPLITZ_CORRELATED,1,BEAMSPACE_MUSIC_K2,10,0,0,NaN,0,0,0,0,NaN,NaN,NaN,NaN,NaN,NaN,NaN,NaN,NaN,NaN,NaN,NaN,NaN,NaN,NaN,NaN,NaN,0,0,0,0,NaN,NaN,NaN,NaN,NaN,NaN,NaN,0,NaN,NaN,NaN,NaN,0,0,0,NaN,NaN
EXACT_CELL,18,P3,STAGE5_TOEPLITZ_CORRELATED,1,FULL4D_ELEMENT_CML_MULTISTART,10,0,0,NaN,0,0,0,0,NaN,NaN,NaN,NaN,NaN,NaN,NaN,NaN,NaN,NaN,NaN,NaN,NaN,NaN,NaN,NaN,NaN,0,0,0,0,NaN,NaN,NaN,NaN,NaN,NaN,NaN,0,NaN,NaN,NaN,NaN,0,0,0,NaN,NaN
EXACT_CELL,18,P4,STAGE5_TOEPLITZ_CORRELATED,1,TANGENT_PROFILE_SAFE,10,10,10,1,0,0,0,0,0.364238079693675,0.420863872858029,0.107610472017066,0.405521617400023,31.6244288171627,45.1157993677484,0.262968445007005,0.729794262513307,2.62968445007006,7.29794262513308,0.289898010059437,0.747285699035906,401.5,876.5,0,4.20821365,4.35435584,0,0,0,0,NaN,NaN,NaN,NaN,NaN,NaN,NaN,0,NaN,NaN,NaN,NaN,0,0,0,NaN,NaN
EXACT_CELL,18,P4,STAGE5_TOEPLITZ_CORRELATED,1,FULL4D_BEAMSPACE_CML_MULTISTART,10,10,10,1,1,3,6,1,0.401672565531298,0.525718493531285,0.176637660035011,0.447377934761665,40.3642519999196,56.2116963744068,0.372618688232022,0.787316630829912,3.72618688232023,7.87316630829913,0.403775650087059,0.813533423992547,4191.5,8383,0,3.47256575,4.19611799,10,10,0,0,1,-0.0603477223306572,-0.0115857590991344,0.364238079693675,0.420863872858029,0.401672565531298,0.525718493531285,9,0.386839321864612,0.4303980229326,0.40313218056735,0.531903304555284,9,0,0,-0.0621193316888061,-0.0156067787578151
EXACT_CELL,18,P4,STAGE5_TOEPLITZ_CORRELATED,1,BEAMSPACE_MUSIC_K2,10,0,0,NaN,0,0,0,0,NaN,NaN,NaN,NaN,NaN,NaN,NaN,NaN,NaN,NaN,NaN,NaN,NaN,NaN,NaN,NaN,NaN,0,0,0,0,NaN,NaN,NaN,NaN,NaN,NaN,NaN,0,NaN,NaN,NaN,NaN,0,0,0,NaN,NaN
EXACT_CELL,18,P4,STAGE5_TOEPLITZ_CORRELATED,1,FULL4D_ELEMENT_CML_MULTISTART,10,0,0,NaN,0,0,0,0,NaN,NaN,NaN,NaN,NaN,NaN,NaN,NaN,NaN,NaN,NaN,NaN,NaN,NaN,NaN,NaN,NaN,0,0,0,0,NaN,NaN,NaN,NaN,NaN,NaN,NaN,0,NaN,NaN,NaN,NaN,0,0,0,NaN,NaN
EXACT_CELL,18,P1,STAGE5_TOEPLITZ_CORRELATED,4,TANGENT_PROFILE_SAFE,10,10,10,1,0,0,0,0,0.0598543335767545,0.133008134529776,0.0152188836351783,0.0295649536239861,2.00553576975872,6.47069330754221,0.0990842749344946,0.260972386469202,0.330280916448315,0.86990795489734,0.109559121462798,0.261349940167381,405,881,0,4.4041284,5.17013883,0,0,0,0,NaN,NaN,NaN,NaN,NaN,NaN,NaN,0,NaN,NaN,NaN,NaN,0,0,0,NaN,NaN
EXACT_CELL,18,P1,STAGE5_TOEPLITZ_CORRELATED,4,FULL4D_BEAMSPACE_CML_MULTISTART,10,10,10,1,2,0,8,1,0.100280456994558,0.133666905546907,0.0330075083127516,0.117494116629673,2.85786457220819,5.02709465337349,0.0674133805070254,0.197473097812806,0.224711268356752,0.658243659376023,0.0735542694834394,0.199126813423944,4958.5,9917,0,4.128283,4.20820394,10,9,0,1,0.9,-0.00774544734130206,-0.000127263356338013,0.0598543335767545,0.133008134529776,0.100280456994558,0.133666905546907,9,0.0731945271460476,0.134856079522417,0.104137746173392,0.13580342071859,9,0,0,-0.0092566197977456,-0.002678762270425
EXACT_CELL,18,P1,STAGE5_TOEPLITZ_CORRELATED,4,BEAMSPACE_MUSIC_K2,10,10,0,0,0,0,0,0,NaN,NaN,NaN,NaN,NaN,NaN,NaN,NaN,NaN,NaN,NaN,NaN,19521,0,1,0.0323504580357143,0.0328348680357143,0,0,0,0,NaN,NaN,NaN,NaN,NaN,NaN,NaN,0,NaN,NaN,NaN,NaN,0,0,0,NaN,NaN
EXACT_CELL,18,P1,STAGE5_TOEPLITZ_CORRELATED,4,FULL4D_ELEMENT_CML_MULTISTART,10,5,5,1,0,1,4,0,0.0671497532782059,0.129558014032762,0.0427884371893919,0.127001760863526,1.43953174125354,7.76571476015747,0.0842504372623573,0.124860565689838,0.280834790874525,0.416201885632795,0.103362558634459,0.126500609974343,4929,4929,0,89.8532541,90.75703752,5,3,0,2,0.6,-0.0152534712509287,0.00667469354675362,0.0465141400074614,0.119061594536546,0.0671497532782059,0.129558014032762,0,NaN,NaN,NaN,NaN,0,0,0,NaN,NaN
EXACT_CELL,18,P2,STAGE5_TOEPLITZ_CORRELATED,4,TANGENT_PROFILE_SAFE,10,10,10,1,0,0,0,0,0.185231963193098,0.288117617995813,0.0730450225448639,0.24124611797498,10.5660007323873,27.4608961659749,0.229629683475634,0.475364201120506,1.14814841737818,2.37682100560254,0.266533170789513,0.476780654744525,393,865,0,4.5010363,4.69426314,0,0,0,0,NaN,NaN,NaN,NaN,NaN,NaN,NaN,0,NaN,NaN,NaN,NaN,0,0,0,NaN,NaN
EXACT_CELL,18,P2,STAGE5_TOEPLITZ_CORRELATED,4,FULL4D_BEAMSPACE_CML_MULTISTART,10,10,10,1,1,0,9,1,0.277909642483885,0.420184267467815,0.207150157801518,0.354504589361298,14.3473670340047,27.2876919156754,0.330218716657416,0.570100680966927,1.65109358328709,2.85050340483464,0.344792984237723,0.570337887780294,4193.5,8387,0,3.61993535,3.96987011,10,9,0,1,0.9,-0.0882181771082454,-0.00211239450091042,0.185231963193098,0.288117617995813,0.277909642483885,0.420184267467815,9,0.223606797749979,0.311660104885167,0.267137044783713,0.430540709576184,8,0,1,-0.0497385930369174,-0.00166287532456672
EXACT_CELL,18,P2,STAGE5_TOEPLITZ_CORRELATED,4,BEAMSPACE_MUSIC_K2,10,10,0,0,0,0,0,0,NaN,NaN,NaN,NaN,NaN,NaN,NaN,NaN,NaN,NaN,NaN,NaN,19521,0,1,0.0323556580357143,0.0330373080357143,0,0,0,0,NaN,NaN,NaN,NaN,NaN,NaN,NaN,0,NaN,NaN,NaN,NaN,0,0,0,NaN,NaN
EXACT_CELL,18,P2,STAGE5_TOEPLITZ_CORRELATED,4,FULL4D_ELEMENT_CML_MULTISTART,10,5,5,1,1,2,2,0,0.231820349238181,0.442962913557558,0.129678573630258,0.382888245908753,0,17.9365861784085,0.370488044851473,0.468363204987754,1.85244022425737,2.34181602493878,0.370488044851473,0.468363204987754,4224,4224,0,76.7295233,87.89025382,5,4,0,1,0.8,-0.016206899298719,-0.0023116171082659,0.223606797749979,0.389442719099991,0.231820349238181,0.442962913557558,0,NaN,NaN,NaN,NaN,0,0,0,NaN,NaN
EXACT_CELL,18,P3,STAGE5_TOEPLITZ_CORRELATED,4,TANGENT_PROFILE_SAFE,10,10,10,1,0,0,0,0,0.0641953153933798,0.0803433237178522,0.0227641422949732,0.0493634186414631,13.8338615999148,25.9386544581251,0.0864298783589052,0.149,0.576199189059372,0.99333333333334,0.0972351623552383,0.149048265729114,404,879.5,0,4.4244999,5.56760286,0,0,0,0,NaN,NaN,NaN,NaN,NaN,NaN,NaN,0,NaN,NaN,NaN,NaN,0,0,0,NaN,NaN
EXACT_CELL,18,P3,STAGE5_TOEPLITZ_CORRELATED,4,FULL4D_BEAMSPACE_CML_MULTISTART,10,10,10,1,1,0,9,2,0.160874246964306,0.270393261831374,0.103323841374518,0.263979771104975,11.1429319684865,38.0735396490011,0.155146126149276,0.278190623679577,1.03430750766185,1.85460415786387,0.186203430570709,0.353575340323768,5075.5,10151,0,4.4151838,4.68331193,10,9,0,1,0.9,-0.110001381257205,0.00110179773455034,0.0641953153933798,0.0803433237178522,0.160874246964306,0.270393261831374,8,0.0641953153933798,0.0783654412021493,0.161387169334723,0.296611759657949,7,0,1,-0.12895858510388,0.00546387866619043
EXACT_CELL,18,P3,STAGE5_TOEPLITZ_CORRELATED,4,BEAMSPACE_MUSIC_K2,10,10,0,0,0,0,0,0,NaN,NaN,NaN,NaN,NaN,NaN,NaN,NaN,NaN,NaN,NaN,NaN,19521,0,1,0.0335126080357143,0.0346696280357143,0,0,0,0,NaN,NaN,NaN,NaN,NaN,NaN,NaN,0,NaN,NaN,NaN,NaN,0,0,0,NaN,NaN
EXACT_CELL,18,P3,STAGE5_TOEPLITZ_CORRELATED,4,FULL4D_ELEMENT_CML_MULTISTART,10,5,5,1,2,1,2,0,0.0286547021800259,0.335023954788151,0.0171453980831247,0.23685021299725,7.30714409199156,45.1642942212677,0.0517245450400886,0.408544431613368,0.34483030026726,2.72362954408914,0.0517248326316096,0.472227411497596,4776,4776,0,88.0006525,93.57473652,5,3,0,2,0.6,-0.0016099413873122,0.0303742701261908,0.0360063278291365,0.0847787913447267,0.0286547021800259,0.335023954788151,0,NaN,NaN,NaN,NaN,0,0,0,NaN,NaN
EXACT_CELL,18,P4,STAGE5_TOEPLITZ_CORRELATED,4,TANGENT_PROFILE_SAFE,10,10,10,1,0,0,0,0,0.0861765480274645,0.347213427069491,0.0637947855284552,0.219080772815292,15.5601590784614,71.7541007101071,0.106068005234712,0.36573778915333,1.06068005234713,3.65737789153331,0.113144182699456,0.438138278810827,406,883.5,0,4.4502696,4.70232617,0,0,0,0,NaN,NaN,NaN,NaN,NaN,NaN,NaN,0,NaN,NaN,NaN,NaN,0,0,0,NaN,NaN
EXACT_CELL,18,P4,STAGE5_TOEPLITZ_CORRELATED,4,FULL4D_BEAMSPACE_CML_MULTISTART,10,10,10,1,0,1,9,1,0.195714032433551,0.375616354796031,0.122076664054292,0.305728524466677,18.3117529316478,72.4991385337032,0.273612027556233,0.491455264394834,2.73612027556234,4.91455264394835,0.278797580698127,0.492737295516026,4949,9898,0,5.20446935,6.09011819,10,8,0,2,0.8,-0.07480241130801,0.00828695841388953,0.0861765480274645,0.347213427069491,0.195714032433551,0.375616354796031,9,0.0866084222667704,0.352790016616244,0.199756004414306,0.37734121240647,7,0,2,-0.0801677628632084,0.010311257127487
EXACT_CELL,18,P4,STAGE5_TOEPLITZ_CORRELATED,4,BEAMSPACE_MUSIC_K2,10,10,0,0,0,0,0,0,NaN,NaN,NaN,NaN,NaN,NaN,NaN,NaN,NaN,NaN,NaN,NaN,19521,0,1,0.0347784580357143,0.0420435680357143,0,0,0,0,NaN,NaN,NaN,NaN,NaN,NaN,NaN,0,NaN,NaN,NaN,NaN,0,0,0,NaN,NaN
EXACT_CELL,18,P4,STAGE5_TOEPLITZ_CORRELATED,4,FULL4D_ELEMENT_CML_MULTISTART,10,5,5,1,0,1,4,0,0.222590881123247,0.383421417188582,0.194681406149928,0.318569690597137,26.926635953563,70.6509189905938,0.234262411939596,0.350077831401114,2.34262411939597,3.50077831401114,0.249251978785859,0.426951344036601,4848,4848,0,89.0558546,95.7526117,5,4,0,1,0.8,-0.0724605771186566,-0.005292689653171,0.083923019708537,0.272739509309424,0.222590881123247,0.383421417188582,0,NaN,NaN,NaN,NaN,0,0,0,NaN,NaN
EXACT_CELL,18,P1,STAGE5_TOEPLITZ_CORRELATED,8,TANGENT_PROFILE_SAFE,10,10,10,1,0,0,0,0,0.0600183479277211,0.149617334123657,0.0137414556700489,0.0359763874657036,2.20009194043327,8.64243140572511,0.101615250158384,0.298999999999999,0.338717500527945,0.996666666666666,0.107425469869321,0.299001722061552,402,875.5,0,4.35347065,4.44855921,0,0,0,0,NaN,NaN,NaN,NaN,NaN,NaN,NaN,0,NaN,NaN,NaN,NaN,0,0,0,NaN,NaN
EXACT_CELL,18,P1,STAGE5_TOEPLITZ_CORRELATED,8,FULL4D_BEAMSPACE_CML_MULTISTART,10,10,10,1,0,0,10,2,0.0745551373193653,0.118383009225598,0.05907299959557,0.112431420236675,2.27650969408571,8.72542405276789,0.0852167980633042,0.120575999047946,0.284055993544348,0.401919996826487,0.0864089591721981,0.128545551234865,4964.5,9929,0,4.2735558,6.14384994,10,7,0,3,0.7,-0.00609881358196914,0.0426714622065888,0.0600183479277211,0.149617334123657,0.0745551373193653,0.118383009225598,8,0.0564225679405126,0.0900797398224983,0.0745551373193653,0.123661125138212,7,0,1,-0.0125946042477407,0.00852948222591221
EXACT_CELL,18,P1,STAGE5_TOEPLITZ_CORRELATED,8,BEAMSPACE_MUSIC_K2,10,10,0,0,0,0,0,0,NaN,NaN,NaN,NaN,NaN,NaN,NaN,NaN,NaN,NaN,NaN,NaN,19521,0,1,0.0328093580357143,0.0412000280357143,0,0,0,0,NaN,NaN,NaN,NaN,NaN,NaN,NaN,0,NaN,NaN,NaN,NaN,0,0,0,NaN,NaN
EXACT_CELL,18,P1,STAGE5_TOEPLITZ_CORRELATED,8,FULL4D_ELEMENT_CML_MULTISTART,10,0,0,NaN,0,0,0,0,NaN,NaN,NaN,NaN,NaN,NaN,NaN,NaN,NaN,NaN,NaN,NaN,NaN,NaN,NaN,NaN,NaN,0,0,0,0,NaN,NaN,NaN,NaN,NaN,NaN,NaN,0,NaN,NaN,NaN,NaN,0,0,0,NaN,NaN
EXACT_CELL,18,P2,STAGE5_TOEPLITZ_CORRELATED,8,TANGENT_PROFILE_SAFE,10,10,10,1,0,0,0,0,0.10888152436543,0.14471816139603,0.0713279866942115,0.100000000000001,7.40027231219127,13.8853874596698,0.169146905734759,0.249152266488338,0.8457345286738,1.2457613324417,0.174498312409917,0.258659923150895,386.5,851,0,4.42026175,5.09305422,0,0,0,0,NaN,NaN,NaN,NaN,NaN,NaN,NaN,0,NaN,NaN,NaN,NaN,0,0,0,NaN,NaN
EXACT_CELL,18,P2,STAGE5_TOEPLITZ_CORRELATED,8,FULL4D_BEAMSPACE_CML_MULTISTART,10,10,10,1,0,2,8,2,0.17484258089624,0.240711221865273,0.137929622954829,0.185765267301117,4.50774833510064,11.435673063509,0.184835692638502,0.337215309924866,0.924178463192513,1.68607654962434,0.184835841078724,0.338780446140255,3864.5,7729,0,4.1637164,4.26255618,10,8,0,2,0.8,-0.0647886328290398,0.0109424551686638,0.10888152436543,0.14471816139603,0.17484258089624,0.240711221865273,8,0.106101822763216,0.15423837651113,0.190588004321152,0.241256999402196,7,0,1,-0.0687407581330245,-0.0175925503635853
EXACT_CELL,18,P2,STAGE5_TOEPLITZ_CORRELATED,8,BEAMSPACE_MUSIC_K2,10,10,0,0,0,0,0,0,NaN,NaN,NaN,NaN,NaN,NaN,NaN,NaN,NaN,NaN,NaN,NaN,19521,0,1,0.0334031080357143,0.0445549080357143,0,0,0,0,NaN,NaN,NaN,NaN,NaN,NaN,NaN,0,NaN,NaN,NaN,NaN,0,0,0,NaN,NaN
EXACT_CELL,18,P2,STAGE5_TOEPLITZ_CORRELATED,8,FULL4D_ELEMENT_CML_MULTISTART,10,0,0,NaN,0,0,0,0,NaN,NaN,NaN,NaN,NaN,NaN,NaN,NaN,NaN,NaN,NaN,NaN,NaN,NaN,NaN,NaN,NaN,0,0,0,0,NaN,NaN,NaN,NaN,NaN,NaN,NaN,0,NaN,NaN,NaN,NaN,0,0,0,NaN,NaN
EXACT_CELL,18,P3,STAGE5_TOEPLITZ_CORRELATED,8,TANGENT_PROFILE_SAFE,10,10,10,1,0,0,0,0,0.0747950062619861,0.100131754678853,0.0169290122858294,0.0496256864510769,8.1868265064273,47.8173867838539,0.140921356237309,0.148999999999999,0.939475708248733,0.993333333333339,0.149007931322321,0.155357760485023,403,879,0,4.45877725,4.85168437,0,0,0,0,NaN,NaN,NaN,NaN,NaN,NaN,NaN,0,NaN,NaN,NaN,NaN,0,0,0,NaN,NaN
EXACT_CELL,18,P3,STAGE5_TOEPLITZ_CORRELATED,8,FULL4D_BEAMSPACE_CML_MULTISTART,10,10,10,1,1,0,9,0,0.163014554824646,0.309754484457033,0.100691323839453,0.232398353550627,7.55703201109295,61.7986833861047,0.158578829549299,0.485628301140589,1.05719219699534,3.23752200760396,0.160530168271247,0.590929789708938,4957.5,9915,0,6.00517715,6.4253685,10,8,0,2,0.8,-0.111285019853125,0.00768107348239563,0.0747950062619861,0.100131754678853,0.163014554824646,0.309754484457033,10,0.0747950062619861,0.100131754678853,0.163014554824646,0.309754484457033,8,0,2,-0.111285019853125,0.00768107348239563
EXACT_CELL,18,P3,STAGE5_TOEPLITZ_CORRELATED,8,BEAMSPACE_MUSIC_K2,10,10,0,0,0,0,0,0,NaN,NaN,NaN,NaN,NaN,NaN,NaN,NaN,NaN,NaN,NaN,NaN,19521,0,1,0.0406412080357143,0.0434793080357143,0,0,0,0,NaN,NaN,NaN,NaN,NaN,NaN,NaN,0,NaN,NaN,NaN,NaN,0,0,0,NaN,NaN
EXACT_CELL,18,P3,STAGE5_TOEPLITZ_CORRELATED,8,FULL4D_ELEMENT_CML_MULTISTART,10,0,0,NaN,0,0,0,0,NaN,NaN,NaN,NaN,NaN,NaN,NaN,NaN,NaN,NaN,NaN,NaN,NaN,NaN,NaN,NaN,NaN,0,0,0,0,NaN,NaN,NaN,NaN,NaN,NaN,NaN,0,NaN,NaN,NaN,NaN,0,0,0,NaN,NaN
EXACT_CELL,18,P4,STAGE5_TOEPLITZ_CORRELATED,8,TANGENT_PROFILE_SAFE,10,10,10,1,0,0,0,0,0.0693194860663499,0.113866774446462,0.0462737999174868,0.0716444522148282,6.47025179976425,34.8855243605819,0.099,0.163573600432705,0.990000000000002,1.63573600432706,0.099032615255834,0.164088028705073,404.5,880.5,0,4.50434715,4.69028223,0,0,0,0,NaN,NaN,NaN,NaN,NaN,NaN,NaN,0,NaN,NaN,NaN,NaN,0,0,0,NaN,NaN
EXACT_CELL,18,P4,STAGE5_TOEPLITZ_CORRELATED,8,FULL4D_BEAMSPACE_CML_MULTISTART,10,10,10,1,0,0,10,1,0.192557497861826,0.249220224671032,0.1270346175729,0.196123379947513,5.40733264393117,33.9411766803341,0.168273045520107,0.384525088055263,1.68273045520107,3.84525088055264,0.173909840399256,0.384575764076154,4890,9780,0,4.4697895,6.09970834,10,9,0,1,0.9,-0.108908533091583,-0.0448046810322288,0.0693194860663499,0.113866774446462,0.192557497861826,0.249220224671032,9,0.06818320796931,0.11066298791964,0.193598705741367,0.253523042081184,9,0,0,-0.115437759182992,-0.0809041948645199
EXACT_CELL,18,P4,STAGE5_TOEPLITZ_CORRELATED,8,BEAMSPACE_MUSIC_K2,10,10,0,0,0,0,0,0,NaN,NaN,NaN,NaN,NaN,NaN,NaN,NaN,NaN,NaN,NaN,NaN,19521,0,1,0.0328523080357143,0.0409100780357143,0,0,0,0,NaN,NaN,NaN,NaN,NaN,NaN,NaN,0,NaN,NaN,NaN,NaN,0,0,0,NaN,NaN
EXACT_CELL,18,P4,STAGE5_TOEPLITZ_CORRELATED,8,FULL4D_ELEMENT_CML_MULTISTART,10,0,0,NaN,0,0,0,0,NaN,NaN,NaN,NaN,NaN,NaN,NaN,NaN,NaN,NaN,NaN,NaN,NaN,NaN,NaN,NaN,NaN,0,0,0,0,NaN,NaN,NaN,NaN,NaN,NaN,NaN,0,NaN,NaN,NaN,NaN,0,0,0,NaN,NaN
EXACT_CELL,22,P1,WHITE,1,TANGENT_PROFILE_SAFE,10,10,10,1,0,0,0,0,0.104126427762397,0.176396572389136,0.0376848633486453,0.0905306201104555,2.89962416218332,12.6550817822658,0.189088128953168,0.298800480008987,0.630293763177226,0.996001600029959,0.2041471716929,0.298801675251477,395,862.5,0,4.66945235,4.96779359,0,0,0,0,NaN,NaN,NaN,NaN,NaN,NaN,NaN,0,NaN,NaN,NaN,NaN,0,0,0,NaN,NaN
EXACT_CELL,22,P1,WHITE,1,FULL4D_BEAMSPACE_CML_MULTISTART,10,10,10,1,1,0,9,1,0.118028174840048,0.170663280599884,0.040201331010955,0.162210195778128,2.71140399373347,15.4431364512693,0.0892762483922539,0.282510982503751,0.297587494640847,0.941703275012505,0.100912121172416,0.282971805917974,4656.5,9313,0,4.2828625,4.89049241,10,5,0,5,0.5,0.00118036963947606,0.0585601571483907,0.104126427762397,0.176396572389136,0.118028174840048,0.170663280599884,9,0.106267966808941,0.19215871617971,0.121318709577291,0.186795636082492,5,0,4,-4.06472819909076e-05,0.0651801892129516
EXACT_CELL,22,P1,WHITE,1,BEAMSPACE_MUSIC_K2,10,0,0,NaN,0,0,0,0,NaN,NaN,NaN,NaN,NaN,NaN,NaN,NaN,NaN,NaN,NaN,NaN,NaN,NaN,NaN,NaN,NaN,0,0,0,0,NaN,NaN,NaN,NaN,NaN,NaN,NaN,0,NaN,NaN,NaN,NaN,0,0,0,NaN,NaN
EXACT_CELL,22,P1,WHITE,1,FULL4D_ELEMENT_CML_MULTISTART,10,0,0,NaN,0,0,0,0,NaN,NaN,NaN,NaN,NaN,NaN,NaN,NaN,NaN,NaN,NaN,NaN,NaN,NaN,NaN,NaN,NaN,0,0,0,0,NaN,NaN,NaN,NaN,NaN,NaN,NaN,0,NaN,NaN,NaN,NaN,0,0,0,NaN,NaN
EXACT_CELL,22,P2,WHITE,1,TANGENT_PROFILE_SAFE,10,10,10,1,0,0,0,0,0.168767974285631,0.231246117974981,0.0544149159421558,0.199999999999999,18.3953471119498,51.0221784409325,0.199500000000001,0.420000000000001,0.997500000000007,2.10000000000001,0.199585332430314,0.431786074811483,378.5,830.5,0,4.402608,4.73755984,0,0,0,0,NaN,NaN,NaN,NaN,NaN,NaN,NaN,0,NaN,NaN,NaN,NaN,0,0,0,NaN,NaN
EXACT_CELL,22,P2,WHITE,1,FULL4D_BEAMSPACE_CML_MULTISTART,10,10,10,1,1,2,7,0,0.284829937360134,0.387630010587839,0.223190267093341,0.314862208914093,20.3359403439714,26.9982446789448,0.245788838627139,0.529303148931897,1.2289441931357,2.64651574465949,0.25847982738896,0.54410486395264,4636,9272,0,4.1230781,4.57802887,10,7,0,3,0.7,-0.0869735785489651,0.00899793640562076,0.168767974285631,0.231246117974981,0.284829937360134,0.387630010587839,10,0.168767974285631,0.231246117974981,0.284829937360134,0.387630010587839,7,0,3,-0.0869735785489651,0.00899793640562076
EXACT_CELL,22,P2,WHITE,1,BEAMSPACE_MUSIC_K2,10,0,0,NaN,0,0,0,0,NaN,NaN,NaN,NaN,NaN,NaN,NaN,NaN,NaN,NaN,NaN,NaN,NaN,NaN,NaN,NaN,NaN,0,0,0,0,NaN,NaN,NaN,NaN,NaN,NaN,NaN,0,NaN,NaN,NaN,NaN,0,0,0,NaN,NaN
EXACT_CELL,22,P2,WHITE,1,FULL4D_ELEMENT_CML_MULTISTART,10,0,0,NaN,0,0,0,0,NaN,NaN,NaN,NaN,NaN,NaN,NaN,NaN,NaN,NaN,NaN,NaN,NaN,NaN,NaN,NaN,NaN,0,0,0,0,NaN,NaN,NaN,NaN,NaN,NaN,NaN,0,NaN,NaN,NaN,NaN,0,0,0,NaN,NaN
EXACT_CELL,22,P3,WHITE,1,TANGENT_PROFILE_SAFE,10,10,10,1,0,0,0,0,0.0638699032976958,0.108547176147897,0.0265045616409941,0.0731527557244469,10.9459755862489,45.1542866389164,0.0618214600133039,0.149,0.412143066755363,0.993333333333341,0.100416649122746,0.168721153472224,402,878,0,4.35585075,4.50220506,0,0,0,0,NaN,NaN,NaN,NaN,NaN,NaN,NaN,0,NaN,NaN,NaN,NaN,0,0,0,NaN,NaN
EXACT_CELL,22,P3,WHITE,1,FULL4D_BEAMSPACE_CML_MULTISTART,10,10,10,1,2,1,7,2,0.107170590353417,0.319501223550276,0.0765730148273396,0.297014984155002,8.39835513292197,48.0357947124417,0.0840287006452398,0.220788631868367,0.560191337634938,1.47192421245579,0.103144831549397,0.255089137736307,4850,9700,0,4.3222859,4.72049103,10,7,0,3,0.7,-0.0111125183468409,0.0123087852727741,0.0638699032976958,0.108547176147897,0.107170590353417,0.319501223550276,8,0.0597458705053471,0.151323329108322,0.153643494345007,0.323106337226167,7,0,1,-0.058543723859923,-0.000333490196271391
EXACT_CELL,22,P3,WHITE,1,BEAMSPACE_MUSIC_K2,10,0,0,NaN,0,0,0,0,NaN,NaN,NaN,NaN,NaN,NaN,NaN,NaN,NaN,NaN,NaN,NaN,NaN,NaN,NaN,NaN,NaN,0,0,0,0,NaN,NaN,NaN,NaN,NaN,NaN,NaN,0,NaN,NaN,NaN,NaN,0,0,0,NaN,NaN
EXACT_CELL,22,P3,WHITE,1,FULL4D_ELEMENT_CML_MULTISTART,10,0,0,NaN,0,0,0,0,NaN,NaN,NaN,NaN,NaN,NaN,NaN,NaN,NaN,NaN,NaN,NaN,NaN,NaN,NaN,NaN,NaN,0,0,0,0,NaN,NaN,NaN,NaN,NaN,NaN,NaN,0,NaN,NaN,NaN,NaN,0,0,0,NaN,NaN
EXACT_CELL,22,P4,WHITE,1,TANGENT_PROFILE_SAFE,10,10,10,1,0,0,0,0,0.0600850467895074,0.129137749635488,0.0337808782635517,0.117523593710748,32.188722147046,64.5825749217276,0.0990000000000001,0.104605867525806,0.990000000000004,1.04605867525806,0.0991932211211361,0.107668674347253,393.5,860,0,4.42098095,5.05501665,0,0,0,0,NaN,NaN,NaN,NaN,NaN,NaN,NaN,0,NaN,NaN,NaN,NaN,0,0,0,NaN,NaN
EXACT_CELL,22,P4,WHITE,1,FULL4D_BEAMSPACE_CML_MULTISTART,10,10,10,1,0,0,10,1,0.219443026041677,0.374876533712057,0.189528453456911,0.276421474386174,27.7783606654978,68.9233351890077,0.0950083106920279,0.496078658685603,0.950083106920281,4.96078658685604,0.140564349510905,0.507833809071199,4988,9976,0,4.65442785,5.10170643,10,9,0,1,0.9,-0.140350408318984,-0.0338173553107365,0.0600850467895074,0.129137749635488,0.219443026041677,0.374876533712057,9,0.0599676826499949,0.0998599009776736,0.239679426439015,0.37643599114113,9,0,0,-0.14418967083813,-0.048082842908173
EXACT_CELL,22,P4,WHITE,1,BEAMSPACE_MUSIC_K2,10,0,0,NaN,0,0,0,0,NaN,NaN,NaN,NaN,NaN,NaN,NaN,NaN,NaN,NaN,NaN,NaN,NaN,NaN,NaN,NaN,NaN,0,0,0,0,NaN,NaN,NaN,NaN,NaN,NaN,NaN,0,NaN,NaN,NaN,NaN,0,0,0,NaN,NaN
EXACT_CELL,22,P4,WHITE,1,FULL4D_ELEMENT_CML_MULTISTART,10,0,0,NaN,0,0,0,0,NaN,NaN,NaN,NaN,NaN,NaN,NaN,NaN,NaN,NaN,NaN,NaN,NaN,NaN,NaN,NaN,NaN,0,0,0,0,NaN,NaN,NaN,NaN,NaN,NaN,NaN,0,NaN,NaN,NaN,NaN,0,0,0,NaN,NaN
EXACT_CELL,22,P1,WHITE,4,TANGENT_PROFILE_SAFE,10,10,10,1,0,0,0,0,0.0754360675299164,0.151378499861216,0.0175562437237438,0.0389279852886542,2.44603845422492,3.98222369416312,0.105417506301168,0.298999999999997,0.35139168767056,0.99666666666666,0.106662747919823,0.29900028029766,398.5,869,0,4.2873534,4.47772205,0,0,0,0,NaN,NaN,NaN,NaN,NaN,NaN,NaN,0,NaN,NaN,NaN,NaN,0,0,0,NaN,NaN
EXACT_CELL,22,P1,WHITE,4,FULL4D_BEAMSPACE_CML_MULTISTART,10,10,10,1,0,1,9,4,0.0748933227500796,0.12853461040488,0.0223883301971337,0.116251609601288,2.34482784212793,3.59465789455596,0.0471482323300146,0.143620130719169,0.157160774433382,0.478733769063896,0.0479752579870762,0.14537824077922,4996,9992,0,4.34450395,4.42334591,10,4,0,6,0.4,0.0108367305416934,0.0393894492417969,0.0754360675299164,0.151378499861216,0.0748933227500796,0.12853461040488,6,0.0964393158779409,0.146848866545084,0.108295663858929,0.135314007140136,3,0,3,0.000542744779836762,0.0254507676972759
EXACT_CELL,22,P1,WHITE,4,BEAMSPACE_MUSIC_K2,10,10,0,0,0,0,0,0,NaN,NaN,NaN,NaN,NaN,NaN,NaN,NaN,NaN,NaN,NaN,NaN,19521,0,1,0.0332631539285714,0.0338664739285714,0,0,0,0,NaN,NaN,NaN,NaN,NaN,NaN,NaN,0,NaN,NaN,NaN,NaN,0,0,0,NaN,NaN
EXACT_CELL,22,P1,WHITE,4,FULL4D_ELEMENT_CML_MULTISTART,10,5,5,1,0,0,5,0,0.0829702622060311,0.110124106201079,0.0813177264871334,0.108584778024135,1.09807380823117,3.16125323601771,0.0476093965808697,0.0968119449430063,0.158697988602899,0.322706483143355,0.0476155632528296,0.0980462414386134,4911,4911,0,4.0950398,4.11511846,5,2,0,3,0.4,0.00363996123943884,0.0786376144342981,0.0866102234454699,0.147457094920003,0.0829702622060311,0.110124106201079,0,NaN,NaN,NaN,NaN,0,0,0,NaN,NaN
EXACT_CELL,22,P2,WHITE,4,TANGENT_PROFILE_SAFE,10,10,10,1,0,0,0,0,0.113400159937757,0.251246117974981,0.0834933366193115,0.219999999999999,2.29974145899936,14.5504184705156,0.198957293862248,0.42,0.994786469311243,2.10000000000001,0.198967861691896,0.42,362,800,0,4.28088395,4.41708625,0,0,0,0,NaN,NaN,NaN,NaN,NaN,NaN,NaN,0,NaN,NaN,NaN,NaN,0,0,0,NaN,NaN
EXACT_CELL,22,P2,WHITE,4,FULL4D_BEAMSPACE_CML_MULTISTART,10,10,10,1,2,1,7,1,0.213921218077834,0.263945080849704,0.144688842796505,0.239790267131558,1.55556765762147,10.3930906927259,0.205843930203747,0.382808708147542,1.02921965101874,1.91404354073772,0.205843930203747,0.384854706802879,4038.5,8077,0,3.7750481,4.49157369,10,7,0,3,0.7,-0.0295170034930309,0.019712715425165,0.113400159937757,0.251246117974981,0.213921218077834,0.263945080849704,9,0.119953978917418,0.278885438199983,0.215824546464678,0.279859296119655,6,0,3,-0.0326587217513536,0.0278365227913401
EXACT_CELL,22,P2,WHITE,4,BEAMSPACE_MUSIC_K2,10,10,0,0,0,0,0,0,NaN,NaN,NaN,NaN,NaN,NaN,NaN,NaN,NaN,NaN,NaN,NaN,19521,0,1,0.0336587039285714,0.0340202339285714,0,0,0,0,NaN,NaN,NaN,NaN,NaN,NaN,NaN,0,NaN,NaN,NaN,NaN,0,0,0,NaN,NaN
EXACT_CELL,22,P2,WHITE,4,FULL4D_ELEMENT_CML_MULTISTART,10,5,5,1,1,1,3,0,0.215913328293524,0.23718053044175,0.121764450776733,0.192542215265995,5.0859012783499,15.8037551161608,0.293439276513202,0.365113697953722,1.46719638256601,1.82556848976862,0.316302371146207,0.366492138920107,4039,4039,0,3.5297702,3.61419678,5,3,0,2,0.6,-0.00268058350119608,0.00815782362352401,0.130572981143349,0.223606797749979,0.215913328293524,0.23718053044175,0,NaN,NaN,NaN,NaN,0,0,0,NaN,NaN
EXACT_CELL,22,P3,WHITE,4,TANGENT_PROFILE_SAFE,10,10,10,1,0,0,0,0,0.0750408251452762,0.0886740078573536,0.0113986857304058,0.0209755789167766,3.70805567452909,46.390661977382,0.148999999999999,0.160519346965495,0.993333333333336,1.07012897976998,0.149001993772303,0.173514347209007,403.5,879.5,0,4.29134235,4.32870691,0,0,0,0,NaN,NaN,NaN,NaN,NaN,NaN,NaN,0,NaN,NaN,NaN,NaN,0,0,0,NaN,NaN
EXACT_CELL,22,P3,WHITE,4,FULL4D_BEAMSPACE_CML_MULTISTART,10,10,10,1,1,1,8,1,0.159626441820234,0.254989794989971,0.0995991010649621,0.228041730688801,3.57712878247215,46.7127829304205,0.127277613583942,0.256962927275474,0.848517423892953,1.71308618183651,0.127281228789211,0.271122749852744,4839,9678,0,4.30168435,4.8325311,10,7,0,3,0.7,-0.0920414374028303,0.0171172174471774,0.0750408251452762,0.0886740078573536,0.159626441820234,0.254989794989971,9,0.0750487398743792,0.100723409057061,0.160278100465766,0.255497894499054,7,0,2,-0.121638802888665,0.0124783527646421
EXACT_CELL,22,P3,WHITE,4,BEAMSPACE_MUSIC_K2,10,10,0,0,0,0,0,0,NaN,NaN,NaN,NaN,NaN,NaN,NaN,NaN,NaN,NaN,NaN,NaN,19521,0,1,0.0336686539285714,0.0347235839285714,0,0,0,0,NaN,NaN,NaN,NaN,NaN,NaN,NaN,0,NaN,NaN,NaN,NaN,0,0,0,NaN,NaN
EXACT_CELL,22,P3,WHITE,4,FULL4D_ELEMENT_CML_MULTISTART,10,5,5,1,0,2,3,0,0.16027802473539,0.218450563225895,0.100053920986032,0.113524173408901,2.56639232039542,54.9559658493181,0.25026620196264,0.287910830540812,1.66844134641761,1.91940553693877,0.250425702422089,0.371486494484768,3917,3917,0,3.1672707,4.27446818,5,4,0,1,0.8,-0.121711163263251,-0.000549698337311333,0.0373359802860363,0.148244438355418,0.16027802473539,0.218450563225895,0,NaN,NaN,NaN,NaN,0,0,0,NaN,NaN
EXACT_CELL,22,P4,WHITE,4,TANGENT_PROFILE_SAFE,10,10,10,1,0,0,0,0,0.0991105242016862,0.121238710968841,0.0390775920202137,0.104038324616826,14.6037319823858,53.3446502097377,0.0989999999999999,0.20577516673174,0.990000000000001,2.05775166731741,0.0992044402838354,0.217273247095217,401,874,0,4.27912585,4.34319757,0,0,0,0,NaN,NaN,NaN,NaN,NaN,NaN,NaN,0,NaN,NaN,NaN,NaN,0,0,0,NaN,NaN
EXACT_CELL,22,P4,WHITE,4,FULL4D_BEAMSPACE_CML_MULTISTART,10,10,10,1,0,2,8,2,0.170209844044536,0.298130396812239,0.101503862115949,0.207596420028196,14.6216279907511,54.142641471733,0.219358468719267,0.426317046820974,2.19358468719268,4.26317046820975,0.245932793710851,0.434063629640846,4901.5,9803,0,4.36400785,4.54384884,10,7,0,3,0.7,-0.0765423173899863,0.0174714151721519,0.0991105242016862,0.121238710968841,0.170209844044536,0.298130396812239,8,0.0890152299907359,0.109958263155302,0.187773129599768,0.301939761827022,7,0,1,-0.0872907743879744,-0.0429259856998485
EXACT_CELL,22,P4,WHITE,4,BEAMSPACE_MUSIC_K2,10,10,0,0,0,0,0,0,NaN,NaN,NaN,NaN,NaN,NaN,NaN,NaN,NaN,NaN,NaN,NaN,19521,0,1,0.0335863539285714,0.0360585639285714,0,0,0,0,NaN,NaN,NaN,NaN,NaN,NaN,NaN,0,NaN,NaN,NaN,NaN,0,0,0,NaN,NaN
EXACT_CELL,22,P4,WHITE,4,FULL4D_ELEMENT_CML_MULTISTART,10,5,5,1,0,1,4,0,0.17547289264705,0.268944675616547,0.0513442446231882,0.210526583608051,15.4409693188408,53.3810119061685,0.164208224870804,0.380260396628395,1.64208224870804,3.80260396628396,0.214745377573144,0.388243458793015,4860,4860,0,3.9673312,4.28447428,5,3,0,2,0.6,-0.0678509724531129,0.0493421148499055,0.107621920193937,0.123146710441873,0.17547289264705,0.268944675616547,0,NaN,NaN,NaN,NaN,0,0,0,NaN,NaN
EXACT_CELL,22,P1,WHITE,8,TANGENT_PROFILE_SAFE,10,10,10,1,0,0,0,0,0.0254662059029374,0.0566705111152374,0.00889375497494775,0.014334143427259,2.05640017591266,3.71997620901772,0.0398690090445896,0.112773932419017,0.132896696815299,0.375913108063391,0.045364640778732,0.113018041120975,379.5,830,0,4.26996055,4.90250663,0,0,0,0,NaN,NaN,NaN,NaN,NaN,NaN,NaN,0,NaN,NaN,NaN,NaN,0,0,0,NaN,NaN
EXACT_CELL,22,P1,WHITE,8,FULL4D_BEAMSPACE_CML_MULTISTART,10,10,10,1,0,0,10,2,0.0382423716202372,0.0936088771238729,0.0256013767599499,0.0916587759267201,1.94214995160883,3.53352014957599,0.0471583886365988,0.0718792550667281,0.157194628788663,0.239597516889094,0.0480104258357753,0.0736927370948893,4968,9936,0,4.5323939,5.5111279,10,8,0,2,0.8,-0.0122351922104407,0.0223525518117425,0.0254662059029374,0.0566705111152374,0.0382423716202372,0.0936088771238729,8,0.0254662059029374,0.0394734929791615,0.0382423716202372,0.0876320369179674,7,0,1,-0.0148746187563937,-0.00135594734370614
EXACT_CELL,22,P1,WHITE,8,BEAMSPACE_MUSIC_K2,10,10,0,0,0,0,0,0,NaN,NaN,NaN,NaN,NaN,NaN,NaN,NaN,NaN,NaN,NaN,NaN,19521,0,1,0.0337804039285714,0.0394557339285714,0,0,0,0,NaN,NaN,NaN,NaN,NaN,NaN,NaN,0,NaN,NaN,NaN,NaN,0,0,0,NaN,NaN
EXACT_CELL,22,P1,WHITE,8,FULL4D_ELEMENT_CML_MULTISTART,10,0,0,NaN,0,0,0,0,NaN,NaN,NaN,NaN,NaN,NaN,NaN,NaN,NaN,NaN,NaN,NaN,NaN,NaN,NaN,NaN,NaN,0,0,0,0,NaN,NaN,NaN,NaN,NaN,NaN,NaN,0,NaN,NaN,NaN,NaN,0,0,0,NaN,NaN
EXACT_CELL,22,P2,WHITE,8,TANGENT_PROFILE_SAFE,10,10,10,1,0,0,0,0,0.100000000000001,0.134652805929391,0.0642035773390502,0.110000000000001,1.76493493702129,7.81226047333462,0.102829193964597,0.201685776516503,0.514145969822985,1.00842888258252,0.111742878668587,0.201714407132795,357,790.5,0,4.1669422,4.30303166,0,0,0,0,NaN,NaN,NaN,NaN,NaN,NaN,NaN,0,NaN,NaN,NaN,NaN,0,0,0,NaN,NaN
EXACT_CELL,22,P2,WHITE,8,FULL4D_BEAMSPACE_CML_MULTISTART,10,10,10,1,1,4,5,2,0.117135505733932,0.213397616760784,0.100042091189467,0.141853292637958,0.216503999363876,6.95985791579687,0.194957617993435,0.248357438685926,0.974788089967176,1.24178719342963,0.194957768433533,0.248357438685926,2975,5950,0,2.71711735,3.8119236,10,7,0,3,0.7,-0.0106427110671792,0.0100861470809538,0.100000000000001,0.134652805929391,0.117135505733932,0.213397616760784,8,0.100000000000001,0.1544203596673,0.117135505733932,0.214135168940782,6,0,2,-0.0106427110671792,0.00712834966553713
EXACT_CELL,22,P2,WHITE,8,BEAMSPACE_MUSIC_K2,10,10,0,0,0,0,0,0,NaN,NaN,NaN,NaN,NaN,NaN,NaN,NaN,NaN,NaN,NaN,NaN,19521,0,1,0.0336918539285714,0.0379477639285714,0,0,0,0,NaN,NaN,NaN,NaN,NaN,NaN,NaN,0,NaN,NaN,NaN,NaN,0,0,0,NaN,NaN
EXACT_CELL,22,P2,WHITE,8,FULL4D_ELEMENT_CML_MULTISTART,10,0,0,NaN,0,0,0,0,NaN,NaN,NaN,NaN,NaN,NaN,NaN,NaN,NaN,NaN,NaN,NaN,NaN,NaN,NaN,NaN,NaN,0,0,0,0,NaN,NaN,NaN,NaN,NaN,NaN,NaN,0,NaN,NaN,NaN,NaN,0,0,0,NaN,NaN
EXACT_CELL,22,P3,WHITE,8,TANGENT_PROFILE_SAFE,10,10,10,1,0,0,0,0,0.037162382094463,0.0783055906474476,0.00724850048604274,0.0136339839932632,2.30261027002278,21.7619423541627,0.0639192399183315,0.148999999999998,0.426128266122214,0.99333333333333,0.0705204239587938,0.154717353634792,398,873.5,0,4.19463965,4.43467386,0,0,0,0,NaN,NaN,NaN,NaN,NaN,NaN,NaN,0,NaN,NaN,NaN,NaN,0,0,0,NaN,NaN
EXACT_CELL,22,P3,WHITE,8,FULL4D_BEAMSPACE_CML_MULTISTART,10,10,10,1,2,3,5,2,0.103850136228206,0.177393660392542,0.0803920331856397,0.115712133940393,2.6959557765098,20.9643028484927,0.130733033272891,0.269895473227441,0.871553555152613,1.79930315484962,0.13075186754939,0.283785332113796,4254.5,8509,0,3.7018098,4.37024069,10,9,0,1,0.9,-0.0287741044011235,-0.00197964959821989,0.037162382094463,0.0783055906474476,0.103850136228206,0.177393660392542,8,0.0565191445557992,0.0838104906458908,0.133004117674271,0.187653311527507,7,0,1,-0.0761149822553715,-0.00547001173188886
EXACT_CELL,22,P3,WHITE,8,BEAMSPACE_MUSIC_K2,10,10,0,0,0,0,0,0,NaN,NaN,NaN,NaN,NaN,NaN,NaN,NaN,NaN,NaN,NaN,NaN,19521,0,1,0.0330890539285714,0.0335755839285714,0,0,0,0,NaN,NaN,NaN,NaN,NaN,NaN,NaN,0,NaN,NaN,NaN,NaN,0,0,0,NaN,NaN
EXACT_CELL,22,P3,WHITE,8,FULL4D_ELEMENT_CML_MULTISTART,10,0,0,NaN,0,0,0,0,NaN,NaN,NaN,NaN,NaN,NaN,NaN,NaN,NaN,NaN,NaN,NaN,NaN,NaN,NaN,NaN,NaN,0,0,0,0,NaN,NaN,NaN,NaN,NaN,NaN,NaN,0,NaN,NaN,NaN,NaN,0,0,0,NaN,NaN
EXACT_CELL,22,P4,WHITE,8,TANGENT_PROFILE_SAFE,10,10,10,1,0,0,0,0,0.0865057585753267,0.107500144007752,0.0477017658619028,0.0986639554333979,8.75110976638023,19.3044947120496,0.0990000000000014,0.140085243122919,0.990000000000016,1.40085243122919,0.099161036186395,0.143297336440026,400,871,0,4.18832105,4.21490342,0,0,0,0,NaN,NaN,NaN,NaN,NaN,NaN,NaN,0,NaN,NaN,NaN,NaN,0,0,0,NaN,NaN
EXACT_CELL,22,P4,WHITE,8,FULL4D_BEAMSPACE_CML_MULTISTART,10,10,10,1,0,0,10,2,0.146523775313878,0.173271030122287,0.0855033578678827,0.112740503126201,8.284447166199,18.858129475909,0.182333227999563,0.311651185417853,1.82333227999563,3.11651185417853,0.184771369971771,0.316258436324736,4923,9846,0,4.27351195,4.34112896,10,8,0,2,0.8,-0.0740626187842285,0.00972314286608918,0.0865057585753267,0.107500144007752,0.146523775313878,0.173271030122287,8,0.0726694904054082,0.0985579191816538,0.15620468886583,0.181091978078844,7,0,1,-0.0764418913783897,-0.0401629554899641
EXACT_CELL,22,P4,WHITE,8,BEAMSPACE_MUSIC_K2,10,10,0,0,0,0,0,0,NaN,NaN,NaN,NaN,NaN,NaN,NaN,NaN,NaN,NaN,NaN,NaN,19521,0,1,0.0332546539285714,0.0334938039285714,0,0,0,0,NaN,NaN,NaN,NaN,NaN,NaN,NaN,0,NaN,NaN,NaN,NaN,0,0,0,NaN,NaN
EXACT_CELL,22,P4,WHITE,8,FULL4D_ELEMENT_CML_MULTISTART,10,0,0,NaN,0,0,0,0,NaN,NaN,NaN,NaN,NaN,NaN,NaN,NaN,NaN,NaN,NaN,NaN,NaN,NaN,NaN,NaN,NaN,0,0,0,0,NaN,NaN,NaN,NaN,NaN,NaN,NaN,0,NaN,NaN,NaN,NaN,0,0,0,NaN,NaN
EXACT_CELL,22,P1,STAGE5_TOEPLITZ_CORRELATED,1,TANGENT_PROFILE_SAFE,10,10,10,1,0,0,0,0,0.126400124566694,0.169816458274498,0.0300746121071632,0.157279220613578,1.11114524769361,10.256497514268,0.120220521267479,0.298999999999999,0.400735070891596,0.996666666666666,0.152969890597607,0.299000656979785,399,869,0,4.1938533,4.34089874,0,0,0,0,NaN,NaN,NaN,NaN,NaN,NaN,NaN,0,NaN,NaN,NaN,NaN,0,0,0,NaN,NaN
EXACT_CELL,22,P1,STAGE5_TOEPLITZ_CORRELATED,1,FULL4D_BEAMSPACE_CML_MULTISTART,10,10,10,1,1,0,9,0,0.115844253872881,0.140278948083832,0.0872324699028603,0.139002159503665,1.16046173405707,6.22390949496964,0.0795536593858173,0.231678409633914,0.265178864619392,0.77226136544638,0.0848836990091925,0.242399209999566,4971,9942,0,4.142058,4.54930257,10,6,0,4,0.6,-0.0163217589496492,0.0742837288781371,0.126400124566694,0.169816458274498,0.115844253872881,0.140278948083832,10,0.126400124566694,0.169816458274498,0.115844253872881,0.140278948083832,6,0,4,-0.0163217589496492,0.0742837288781371
EXACT_CELL,22,P1,STAGE5_TOEPLITZ_CORRELATED,1,BEAMSPACE_MUSIC_K2,10,0,0,NaN,0,0,0,0,NaN,NaN,NaN,NaN,NaN,NaN,NaN,NaN,NaN,NaN,NaN,NaN,NaN,NaN,NaN,NaN,NaN,0,0,0,0,NaN,NaN,NaN,NaN,NaN,NaN,NaN,0,NaN,NaN,NaN,NaN,0,0,0,NaN,NaN
EXACT_CELL,22,P1,STAGE5_TOEPLITZ_CORRELATED,1,FULL4D_ELEMENT_CML_MULTISTART,10,0,0,NaN,0,0,0,0,NaN,NaN,NaN,NaN,NaN,NaN,NaN,NaN,NaN,NaN,NaN,NaN,NaN,NaN,NaN,NaN,NaN,0,0,0,0,NaN,NaN,NaN,NaN,NaN,NaN,NaN,0,NaN,NaN,NaN,NaN,0,0,0,NaN,NaN
EXACT_CELL,22,P2,STAGE5_TOEPLITZ_CORRELATED,1,TANGENT_PROFILE_SAFE,10,10,10,1,0,0,0,0,0.172196553000824,0.268117617995813,0.0926255680976873,0.23124611797498,12.0100802315062,64.0109893601956,0.198924954685771,0.361247663826215,0.994624773428856,1.80623831913108,0.226361824803542,0.401794957751481,400,875,0,4.2090524,4.37507366,0,0,0,0,NaN,NaN,NaN,NaN,NaN,NaN,NaN,0,NaN,NaN,NaN,NaN,0,0,0,NaN,NaN
EXACT_CELL,22,P2,STAGE5_TOEPLITZ_CORRELATED,1,FULL4D_BEAMSPACE_CML_MULTISTART,10,10,10,1,2,1,7,0,0.234231244294722,0.327997347050443,0.172458448348132,0.310163803329744,17.1345198516045,51.2290760228974,0.299893979437951,0.399959966635916,1.49946989718976,1.99979983317959,0.31829698991752,0.425966300547009,3922,7844,0,3.27960405,4.0988133,10,7,0,3,0.7,-0.0178178051735725,0.0246510737846285,0.172196553000824,0.268117617995813,0.234231244294722,0.327997347050443,10,0.172196553000824,0.268117617995813,0.234231244294722,0.327997347050443,7,0,3,-0.0178178051735725,0.0246510737846285
EXACT_CELL,22,P2,STAGE5_TOEPLITZ_CORRELATED,1,BEAMSPACE_MUSIC_K2,10,0,0,NaN,0,0,0,0,NaN,NaN,NaN,NaN,NaN,NaN,NaN,NaN,NaN,NaN,NaN,NaN,NaN,NaN,NaN,NaN,NaN,0,0,0,0,NaN,NaN,NaN,NaN,NaN,NaN,NaN,0,NaN,NaN,NaN,NaN,0,0,0,NaN,NaN
EXACT_CELL,22,P2,STAGE5_TOEPLITZ_CORRELATED,1,FULL4D_ELEMENT_CML_MULTISTART,10,0,0,NaN,0,0,0,0,NaN,NaN,NaN,NaN,NaN,NaN,NaN,NaN,NaN,NaN,NaN,NaN,NaN,NaN,NaN,NaN,NaN,0,0,0,0,NaN,NaN,NaN,NaN,NaN,NaN,NaN,0,NaN,NaN,NaN,NaN,0,0,0,NaN,NaN
EXACT_CELL,22,P3,STAGE5_TOEPLITZ_CORRELATED,1,TANGENT_PROFILE_SAFE,10,10,10,1,0,0,0,0,0.0445576593574403,0.175523485014835,0.0254937083570467,0.0657898116073566,9.7731520959962,64.9143583736869,0.0575889406047562,0.208542719099991,0.383926270698378,1.39028479399996,0.0726411467029143,0.329327413762868,414,899.5,0,4.19629115,4.2694075,0,0,0,0,NaN,NaN,NaN,NaN,NaN,NaN,NaN,0,NaN,NaN,NaN,NaN,0,0,0,NaN,NaN
EXACT_CELL,22,P3,STAGE5_TOEPLITZ_CORRELATED,1,FULL4D_BEAMSPACE_CML_MULTISTART,10,10,10,1,3,1,6,1,0.191945043724,0.520502358147626,0.169963892973045,0.256462068101063,16.3275846897392,83.3560305231531,0.142983516592195,0.751498547862732,0.953223443947977,5.00999031908493,0.169824009872878,0.86862498510167,4788.5,9577,0,3.98829695,4.2960251,10,10,0,0,1,-0.12080881066973,-0.00405372981115361,0.0445576593574403,0.175523485014835,0.191945043724,0.520502358147626,9,0.0449959938497999,0.214354208902076,0.203079940817101,0.52132670217959,9,0,0,-0.135814152781098,-0.00594257356798661
EXACT_CELL,22,P3,STAGE5_TOEPLITZ_CORRELATED,1,BEAMSPACE_MUSIC_K2,10,0,0,NaN,0,0,0,0,NaN,NaN,NaN,NaN,NaN,NaN,NaN,NaN,NaN,NaN,NaN,NaN,NaN,NaN,NaN,NaN,NaN,0,0,0,0,NaN,NaN,NaN,NaN,NaN,NaN,NaN,0,NaN,NaN,NaN,NaN,0,0,0,NaN,NaN
EXACT_CELL,22,P3,STAGE5_TOEPLITZ_CORRELATED,1,FULL4D_ELEMENT_CML_MULTISTART,10,0,0,NaN,0,0,0,0,NaN,NaN,NaN,NaN,NaN,NaN,NaN,NaN,NaN,NaN,NaN,NaN,NaN,NaN,NaN,NaN,NaN,0,0,0,0,NaN,NaN,NaN,NaN,NaN,NaN,NaN,0,NaN,NaN,NaN,NaN,0,0,0,NaN,NaN
EXACT_CELL,22,P4,STAGE5_TOEPLITZ_CORRELATED,1,TANGENT_PROFILE_SAFE,10,10,10,1,0,0,0,0,0.187195964776992,0.488548088243826,0.0538756014921289,0.344589195689059,24.6920098086282,57.835444344326,0.335630874183998,0.571190369102164,3.35630874183999,5.71190369102165,0.340904848442445,0.587157829230915,421,916,0,4.2538206,4.34490708,0,0,0,0,NaN,NaN,NaN,NaN,NaN,NaN,NaN,0,NaN,NaN,NaN,NaN,0,0,0,NaN,NaN
EXACT_CELL,22,P4,STAGE5_TOEPLITZ_CORRELATED,1,FULL4D_BEAMSPACE_CML_MULTISTART,10,10,10,1,2,0,8,0,0.226922095380747,0.507766028090562,0.0909878965167837,0.365152277899667,29.0074413170864,50.0141709521876,0.353516326128529,0.613234698249808,3.5351632612853,6.13234698249809,0.36365783491163,0.636590819633504,4920.5,9841,0,4.0443503,4.36744467,10,7,0,3,0.7,-0.0545706711334216,0.0237544706589014,0.187195964776992,0.488548088243826,0.226922095380747,0.507766028090562,10,0.187195964776992,0.488548088243826,0.226922095380747,0.507766028090562,7,0,3,-0.0545706711334216,0.0237544706589014
EXACT_CELL,22,P4,STAGE5_TOEPLITZ_CORRELATED,1,BEAMSPACE_MUSIC_K2,10,0,0,NaN,0,0,0,0,NaN,NaN,NaN,NaN,NaN,NaN,NaN,NaN,NaN,NaN,NaN,NaN,NaN,NaN,NaN,NaN,NaN,0,0,0,0,NaN,NaN,NaN,NaN,NaN,NaN,NaN,0,NaN,NaN,NaN,NaN,0,0,0,NaN,NaN
EXACT_CELL,22,P4,STAGE5_TOEPLITZ_CORRELATED,1,FULL4D_ELEMENT_CML_MULTISTART,10,0,0,NaN,0,0,0,0,NaN,NaN,NaN,NaN,NaN,NaN,NaN,NaN,NaN,NaN,NaN,NaN,NaN,NaN,NaN,NaN,NaN,0,0,0,0,NaN,NaN,NaN,NaN,NaN,NaN,NaN,0,NaN,NaN,NaN,NaN,0,0,0,NaN,NaN
EXACT_CELL,22,P1,STAGE5_TOEPLITZ_CORRELATED,4,TANGENT_PROFILE_SAFE,10,10,10,1,0,0,0,0,0.0481232129417612,0.105081007581898,0.00968159706062876,0.0187447095375532,1.26348251189532,3.51499765812638,0.0924236685862902,0.207609717178808,0.308078895287634,0.692032390596027,0.0938478016361625,0.207770725672823,398.5,868.5,0,4.39177035,5.09131221,0,0,0,0,NaN,NaN,NaN,NaN,NaN,NaN,NaN,0,NaN,NaN,NaN,NaN,0,0,0,NaN,NaN
EXACT_CELL,22,P1,STAGE5_TOEPLITZ_CORRELATED,4,FULL4D_BEAMSPACE_CML_MULTISTART,10,10,10,1,0,0,10,2,0.0753251487650792,0.106644766583575,0.0275272528299445,0.105359166832167,1.47837202429835,2.78986614962103,0.0496638923176937,0.135330681733578,0.165546307725646,0.451102272445262,0.0507573757063035,0.136154248824351,4991,9982,0,4.19128945,4.34610574,10,9,0,1,0.9,-0.00653562005361974,0.00179438749049568,0.0481232129417612,0.105081007581898,0.0753251487650792,0.106644766583575,8,0.0604332750263911,0.114953842404539,0.0846550892006235,0.108999800819001,7,0,1,-0.00653562005361974,0.00736511723553114
EXACT_CELL,22,P1,STAGE5_TOEPLITZ_CORRELATED,4,BEAMSPACE_MUSIC_K2,10,10,0,0,0,0,0,0,NaN,NaN,NaN,NaN,NaN,NaN,NaN,NaN,NaN,NaN,NaN,NaN,19521,0,1,0.0326081580357143,0.0335739980357143,0,0,0,0,NaN,NaN,NaN,NaN,NaN,NaN,NaN,0,NaN,NaN,NaN,NaN,0,0,0,NaN,NaN
EXACT_CELL,22,P1,STAGE5_TOEPLITZ_CORRELATED,4,FULL4D_ELEMENT_CML_MULTISTART,10,5,5,1,0,0,5,0,0.0863851310153889,0.10081990465164,0.0171975614172006,0.0975354155633656,1.29979630625914,5.05928881188793,0.0872455612030123,0.132749127631939,0.290818537343375,0.442497092106466,0.0872585219958145,0.137049442705923,4909,4909,0,89.1783411,90.5049335,5,4,0,1,0.8,-0.0168471313695049,0.0226281363830545,0.0366237605207496,0.117520458428623,0.0863851310153889,0.10081990465164,0,NaN,NaN,NaN,NaN,0,0,0,NaN,NaN
EXACT_CELL,22,P2,STAGE5_TOEPLITZ_CORRELATED,4,TANGENT_PROFILE_SAFE,10,10,10,1,0,0,0,0,0.114571398856371,0.237301630729621,0.0649230769111925,0.120000000000001,5.14937177163198,15.4169343301366,0.198999999999999,0.4,0.994999999999999,2.00000000000001,0.1990180604408,0.4,385,850,0,4.4533537,4.55137461,0,0,0,0,NaN,NaN,NaN,NaN,NaN,NaN,NaN,0,NaN,NaN,NaN,NaN,0,0,0,NaN,NaN
EXACT_CELL,22,P2,STAGE5_TOEPLITZ_CORRELATED,4,FULL4D_BEAMSPACE_CML_MULTISTART,10,10,10,1,0,4,6,2,0.195264441038087,0.422696098904771,0.137618616662194,0.376302930912568,1.91870932784769,18.6245591108435,0.306693271826839,0.412124456805265,1.5334663591342,2.06062228402633,0.315459353019832,0.412124456805265,4113.5,8227,0,3.53221945,4.20382876,10,7,0,3,0.7,-0.0218999820860493,0.010827839391307,0.114571398856371,0.237301630729621,0.195264441038087,0.422696098904771,8,0.150592617803763,0.264691296688905,0.208692455569664,0.440223740430501,6,0,2,-0.0218999820860493,0.00590525572466317
EXACT_CELL,22,P2,STAGE5_TOEPLITZ_CORRELATED,4,BEAMSPACE_MUSIC_K2,10,10,0,0,0,0,0,0,NaN,NaN,NaN,NaN,NaN,NaN,NaN,NaN,NaN,NaN,NaN,NaN,19521,0,1,0.0325070080357143,0.0327273480357143,0,0,0,0,NaN,NaN,NaN,NaN,NaN,NaN,NaN,0,NaN,NaN,NaN,NaN,0,0,0,NaN,NaN
EXACT_CELL,22,P2,STAGE5_TOEPLITZ_CORRELATED,4,FULL4D_ELEMENT_CML_MULTISTART,10,5,5,1,0,4,1,0,0.19718467030148,0.356671679292439,0.127553635007084,0.292306556468688,0,11.6434000919752,0.342680040972825,0.389247838730258,1.71340020486413,1.9462391936513,0.342887265731726,0.389247838730258,3786,3786,0,68.7574088,81.03162344,5,3,0,2,0.6,-0.0747476774670733,0.0190225414695327,0.223606797749979,0.305775795627831,0.19718467030148,0.356671679292439,0,NaN,NaN,NaN,NaN,0,0,0,NaN,NaN
EXACT_CELL,22,P3,STAGE5_TOEPLITZ_CORRELATED,4,TANGENT_PROFILE_SAFE,10,10,10,1,0,0,0,0,0.0378549274855284,0.07686784979043,0.0148594625399572,0.0312633240021837,7.69836157025192,14.5254682841195,0.0533984406575789,0.148999999999999,0.355989604383863,0.99333333333334,0.0606064369997193,0.14901715729094,401,876.5,0,4.43552985,5.53413607,0,0,0,0,NaN,NaN,NaN,NaN,NaN,NaN,NaN,0,NaN,NaN,NaN,NaN,0,0,0,NaN,NaN
EXACT_CELL,22,P3,STAGE5_TOEPLITZ_CORRELATED,4,FULL4D_BEAMSPACE_CML_MULTISTART,10,10,10,1,1,1,8,1,0.0627989292156537,0.164161882292254,0.0531469286377597,0.110624014734686,7.17832742551446,18.3356023968378,0.068210109959579,0.254014224530094,0.454734066397198,1.69342816353398,0.0771089960827792,0.257378213919416,5001,10002,0,4.3429412,4.47765345,10,7,0,3,0.7,-0.0105517952781729,0.0216454879159287,0.0378549274855284,0.07686784979043,0.0627989292156537,0.164161882292254,9,0.0418781626033014,0.0772968348505325,0.0751289562282096,0.169618674904957,6,0,3,-0.0139243723347864,0.0221259850949622
EXACT_CELL,22,P3,STAGE5_TOEPLITZ_CORRELATED,4,BEAMSPACE_MUSIC_K2,10,10,0,0,0,0,0,0,NaN,NaN,NaN,NaN,NaN,NaN,NaN,NaN,NaN,NaN,NaN,NaN,19521,0,1,0.0330154080357143,0.0333009480357143,0,0,0,0,NaN,NaN,NaN,NaN,NaN,NaN,NaN,0,NaN,NaN,NaN,NaN,0,0,0,NaN,NaN
EXACT_CELL,22,P3,STAGE5_TOEPLITZ_CORRELATED,4,FULL4D_ELEMENT_CML_MULTISTART,10,5,5,1,1,3,1,0,0.0265667440898429,0.108038857171894,0.0124007806844711,0.0712457033607817,4.33749901302313,9.87334185547553,0.0500714958629104,0.170806757885735,0.333809972419406,1.13871171923825,0.0502852210577062,0.171240752527568,4628,4628,0,85.2438767,92.00716722,5,3,0,2,0.6,-0.000553948757711854,0.031404747127156,0.02666194628845,0.0603951955071732,0.0265667440898429,0.108038857171894,0,NaN,NaN,NaN,NaN,0,0,0,NaN,NaN
EXACT_CELL,22,P4,STAGE5_TOEPLITZ_CORRELATED,4,TANGENT_PROFILE_SAFE,10,10,10,1,0,0,0,0,0.0795880842734675,0.228067927182271,0.0550076818482882,0.134164078649987,11.311810693268,72.8307538388117,0.100020419647412,0.347213595499958,1.00020419647412,3.47213595499959,0.103194594755338,0.361013461832313,403.5,879,0,4.4132101,4.65095607,0,0,0,0,NaN,NaN,NaN,NaN,NaN,NaN,NaN,0,NaN,NaN,NaN,NaN,0,0,0,NaN,NaN
EXACT_CELL,22,P4,STAGE5_TOEPLITZ_CORRELATED,4,FULL4D_BEAMSPACE_CML_MULTISTART,10,10,10,1,1,1,8,0,0.206836354960889,0.378761210329347,0.122841448152802,0.302100496000294,15.0256055972226,71.2167242316635,0.321301956977303,0.430807677804218,3.21301956977304,4.30807677804219,0.350275547351998,0.45096724854063,4923,9846,0,4.33729355,5.86104547,10,9,0,1,0.9,-0.0768726666418669,-0.01542482209079,0.0795880842734675,0.228067927182271,0.206836354960889,0.378761210329347,10,0.0795880842734675,0.228067927182271,0.206836354960889,0.378761210329347,9,0,1,-0.0768726666418669,-0.01542482209079
EXACT_CELL,22,P4,STAGE5_TOEPLITZ_CORRELATED,4,BEAMSPACE_MUSIC_K2,10,10,0,0,0,0,0,0,NaN,NaN,NaN,NaN,NaN,NaN,NaN,NaN,NaN,NaN,NaN,NaN,19521,0,1,0.0345976080357143,0.0415650280357143,0,0,0,0,NaN,NaN,NaN,NaN,NaN,NaN,NaN,0,NaN,NaN,NaN,NaN,0,0,0,NaN,NaN
EXACT_CELL,22,P4,STAGE5_TOEPLITZ_CORRELATED,4,FULL4D_ELEMENT_CML_MULTISTART,10,5,5,1,0,1,4,0,0.214639504140646,0.36307917389534,0.182284329870835,0.286961116212817,19.043075386943,53.4261628426012,0.22657718415498,0.400879472662119,2.26577184154981,4.0087947266212,0.226649860545143,0.44438382156853,4870,4870,0,90.0729315,94.61361998,5,4,0,1,0.8,-0.0622798048123303,0.0323694810515147,0.0724614117557813,0.273127542510622,0.214639504140646,0.36307917389534,0,NaN,NaN,NaN,NaN,0,0,0,NaN,NaN
EXACT_CELL,22,P1,STAGE5_TOEPLITZ_CORRELATED,8,TANGENT_PROFILE_SAFE,10,10,10,1,0,0,0,0,0.0391744541177441,0.0806399663208584,0.00641547483042562,0.0118217087959298,1.58878504220168,4.82436594268611,0.074942153824757,0.15962131891294,0.249807179415857,0.532071063043134,0.075188124023321,0.159872307151928,398.5,869,0,4.30558485,4.39419919,0,0,0,0,NaN,NaN,NaN,NaN,NaN,NaN,NaN,0,NaN,NaN,NaN,NaN,0,0,0,NaN,NaN
EXACT_CELL,22,P1,STAGE5_TOEPLITZ_CORRELATED,8,FULL4D_BEAMSPACE_CML_MULTISTART,10,10,10,1,0,0,10,3,0.0447323780074567,0.0902371497648106,0.0164971000474373,0.0887832132651523,1.62992995515438,4.44557287140482,0.059694294552691,0.0876885859943346,0.198980981842304,0.292295286647782,0.0600268416611495,0.0930087232702953,4967.5,9935,0,4.4017853,6.03892999,10,8,0,2,0.8,-0.0125519841089158,0.0586312980823152,0.0391744541177441,0.0806399663208584,0.0447323780074567,0.0902371497648106,7,0.0388864056154191,0.0461569946247198,0.0477728378573549,0.101201970064756,7,0,0,-0.0156562053250838,-0.00473009358616307
EXACT_CELL,22,P1,STAGE5_TOEPLITZ_CORRELATED,8,BEAMSPACE_MUSIC_K2,10,10,0,0,0,0,0,0,NaN,NaN,NaN,NaN,NaN,NaN,NaN,NaN,NaN,NaN,NaN,NaN,19521,0,1,0.0340645580357143,0.0412186380357143,0,0,0,0,NaN,NaN,NaN,NaN,NaN,NaN,NaN,0,NaN,NaN,NaN,NaN,0,0,0,NaN,NaN
EXACT_CELL,22,P1,STAGE5_TOEPLITZ_CORRELATED,8,FULL4D_ELEMENT_CML_MULTISTART,10,0,0,NaN,0,0,0,0,NaN,NaN,NaN,NaN,NaN,NaN,NaN,NaN,NaN,NaN,NaN,NaN,NaN,NaN,NaN,NaN,NaN,0,0,0,0,NaN,NaN,NaN,NaN,NaN,NaN,NaN,0,NaN,NaN,NaN,NaN,0,0,0,NaN,NaN
EXACT_CELL,22,P2,STAGE5_TOEPLITZ_CORRELATED,8,TANGENT_PROFILE_SAFE,10,10,10,1,0,0,0,0,0.10170288443483,0.131349760529635,0.0627962383121789,0.100000000000001,3.32536047940488,8.99239423419427,0.155529493894038,0.219100000000001,0.777647469470189,1.09550000000001,0.158902704589677,0.219111264647313,378.5,833.5,0,4.5309748,5.37877836,0,0,0,0,NaN,NaN,NaN,NaN,NaN,NaN,NaN,0,NaN,NaN,NaN,NaN,0,0,0,NaN,NaN
EXACT_CELL,22,P2,STAGE5_TOEPLITZ_CORRELATED,8,FULL4D_BEAMSPACE_CML_MULTISTART,10,10,10,1,1,3,6,2,0.119021181235078,0.188190368024662,0.0673280763621829,0.141817414121765,2.2484756211704,8.27428748035728,0.163092752830032,0.238328972182377,0.815463764150161,1.19164486091189,0.163438870119454,0.238356870459689,3459,6918,0,3.35814895,4.36279385,10,6,0,4,0.6,-0.0115691276768083,0.019063889482364,0.10170288443483,0.131349760529635,0.119021181235078,0.188190368024662,8,0.107082039168923,0.151851324356378,0.122768179090345,0.19387156746485,6,0,2,-0.0140297904713966,0.00985990548212638
EXACT_CELL,22,P2,STAGE5_TOEPLITZ_CORRELATED,8,BEAMSPACE_MUSIC_K2,10,10,0,0,0,0,0,0,NaN,NaN,NaN,NaN,NaN,NaN,NaN,NaN,NaN,NaN,NaN,NaN,19521,0,1,0.0327990580357143,0.0421931380357143,0,0,0,0,NaN,NaN,NaN,NaN,NaN,NaN,NaN,0,NaN,NaN,NaN,NaN,0,0,0,NaN,NaN
EXACT_CELL,22,P2,STAGE5_TOEPLITZ_CORRELATED,8,FULL4D_ELEMENT_CML_MULTISTART,10,0,0,NaN,0,0,0,0,NaN,NaN,NaN,NaN,NaN,NaN,NaN,NaN,NaN,NaN,NaN,NaN,NaN,NaN,NaN,NaN,NaN,0,0,0,0,NaN,NaN,NaN,NaN,NaN,NaN,NaN,0,NaN,NaN,NaN,NaN,0,0,0,NaN,NaN
EXACT_CELL,22,P3,STAGE5_TOEPLITZ_CORRELATED,8,TANGENT_PROFILE_SAFE,10,10,10,1,0,0,0,0,0.0746155051105563,0.104954214596127,0.00875299955526583,0.014144737850534,4.62435262100779,48.8350319400051,0.0986925999728589,0.149,0.657950666485732,0.993333333333341,0.148855553082963,0.20981146596837,403,878.5,0,4.4201186,4.60696317,0,0,0,0,NaN,NaN,NaN,NaN,NaN,NaN,NaN,0,NaN,NaN,NaN,NaN,0,0,0,NaN,NaN
EXACT_CELL,22,P3,STAGE5_TOEPLITZ_CORRELATED,8,FULL4D_BEAMSPACE_CML_MULTISTART,10,10,10,1,1,1,8,0,0.150123408406152,0.243678963605673,0.0944043875713836,0.214173095699193,4.56118399704272,60.479669382577,0.147697735479609,0.360853374855806,0.984651569864066,2.4056891657054,0.148216220905609,0.46989345244923,4944,9888,0,5.7847212,6.38378472,10,7,0,3,0.7,-0.116580000432642,0.00179575447984076,0.0746155051105563,0.104954214596127,0.150123408406152,0.243678963605673,10,0.0746155051105563,0.104954214596127,0.150123408406152,0.243678963605673,7,0,3,-0.116580000432642,0.00179575447984076
EXACT_CELL,22,P3,STAGE5_TOEPLITZ_CORRELATED,8,BEAMSPACE_MUSIC_K2,10,10,0,0,0,0,0,0,NaN,NaN,NaN,NaN,NaN,NaN,NaN,NaN,NaN,NaN,NaN,NaN,19521,0,1,0.0405668080357143,0.0418439880357143,0,0,0,0,NaN,NaN,NaN,NaN,NaN,NaN,NaN,0,NaN,NaN,NaN,NaN,0,0,0,NaN,NaN
EXACT_CELL,22,P3,STAGE5_TOEPLITZ_CORRELATED,8,FULL4D_ELEMENT_CML_MULTISTART,10,0,0,NaN,0,0,0,0,NaN,NaN,NaN,NaN,NaN,NaN,NaN,NaN,NaN,NaN,NaN,NaN,NaN,NaN,NaN,NaN,NaN,0,0,0,0,NaN,NaN,NaN,NaN,NaN,NaN,NaN,0,NaN,NaN,NaN,NaN,0,0,0,NaN,NaN
EXACT_CELL,22,P4,STAGE5_TOEPLITZ_CORRELATED,8,TANGENT_PROFILE_SAFE,10,10,10,1,0,0,0,0,0.0674191664202853,0.114731950782082,0.0444426956751925,0.0681159512478685,5.70496724969782,26.0652454512058,0.0989999999999988,0.177442509927042,0.98999999999999,1.77442509927043,0.0990060013204087,0.177914941933321,395,861.5,0,4.45863225,4.67450649,0,0,0,0,NaN,NaN,NaN,NaN,NaN,NaN,NaN,0,NaN,NaN,NaN,NaN,0,0,0,NaN,NaN
EXACT_CELL,22,P4,STAGE5_TOEPLITZ_CORRELATED,8,FULL4D_BEAMSPACE_CML_MULTISTART,10,10,10,1,0,0,10,1,0.146789861554092,0.194870327444246,0.0975269034600576,0.157910113125231,3.21753817588272,25.5080797350203,0.158046305415393,0.314892841123046,1.58046305415393,3.14892841123047,0.182792942130821,0.315095297172476,4897,9794,0,4.53525275,5.77623206,10,9,0,1,0.9,-0.0658960998705975,-0.0226569896169599,0.0674191664202853,0.114731950782082,0.146789861554092,0.194870327444246,9,0.0670717860778705,0.113866513849328,0.172792060662091,0.195541208546544,9,0,0,-0.0672548065526054,-0.0465458920855769
EXACT_CELL,22,P4,STAGE5_TOEPLITZ_CORRELATED,8,BEAMSPACE_MUSIC_K2,10,10,0,0,0,0,0,0,NaN,NaN,NaN,NaN,NaN,NaN,NaN,NaN,NaN,NaN,NaN,NaN,19521,0,1,0.0328745080357143,0.0417629680357143,0,0,0,0,NaN,NaN,NaN,NaN,NaN,NaN,NaN,0,NaN,NaN,NaN,NaN,0,0,0,NaN,NaN
EXACT_CELL,22,P4,STAGE5_TOEPLITZ_CORRELATED,8,FULL4D_ELEMENT_CML_MULTISTART,10,0,0,NaN,0,0,0,0,NaN,NaN,NaN,NaN,NaN,NaN,NaN,NaN,NaN,NaN,NaN,NaN,NaN,NaN,NaN,NaN,NaN,0,0,0,0,NaN,NaN,NaN,NaN,NaN,NaN,NaN,0,NaN,NaN,NaN,NaN,0,0,0,NaN,NaN
