trial_id,white_snr_db,profile_id,noise_profile_id,L,replicate_id,tangent_valid,full4d_valid,tangent_loglik,full4d_loglik,likelihood_tolerance,numerical_optimization_incomplete_flag,complete_likelihood_subset_flag,tangent_joint_RMSE_deg,full4d_joint_RMSE_deg,paired_delta_deg,paired_outcome,optimizer_status,score_call_count,SVD_call_count,runtime_sec
MC1_K2_N1_L1_SM6_P1_R01,-6,P1,WHITE,1,1,1,1,-31.5251080189269,-31.5251080189269,4.4799872993802e-13,0,1,0.503991642739068,0.503991642739068,-4.44089209850063e-16,TIE,FULL4D_CML_STATIONARY,688,1376,0.6499252
MC1_K2_N1_L1_SM6_P1_R02,-6,P1,WHITE,1,2,1,1,-30.8768694015716,-30.8768694015716,4.38786705126e-13,0,1,0.581074165883851,0.581074165883851,-3.33066907387547e-16,TIE,FULL4D_CML_STATIONARY,2103,4206,1.8394664
MC1_K2_N1_L1_SM6_P1_R03,-6,P1,WHITE,1,3,1,1,-28.8446348401961,-28.6736832592364,4.09906915027081e-13,0,1,0.277138084395488,0.417046839016734,-0.139908754621246,TANGENT_WIN,FULL4D_CML_CONVERGED,2909,5818,2.6560198
MC1_K2_N1_L1_SM6_P1_R04,-6,P1,WHITE,1,4,1,1,-28.044056953761,-27.9574444611706,3.98530018994748e-13,0,1,0.548895979730589,0.649454316209246,-0.100558336478657,TANGENT_WIN,FULL4D_CML_STATIONARY,1343,2686,1.2876683
MC1_K2_N1_L1_SM6_P1_R05,-6,P1,WHITE,1,5,1,1,-33.5510514185138,-33.3576496118281,4.76789117250772e-13,0,1,0.617484248029375,0.61886751384325,-0.0013832658138746,TANGENT_WIN,FULL4D_CML_MAX_SWEEPS_VALID,3807,7614,3.4779153
MC1_K2_N1_L1_SM6_P1_R06,-6,P1,WHITE,1,6,1,1,-26.0858105784115,-26.0755740561209,3.70701664258085e-13,0,1,0.548895979730589,0.455665096061317,0.0932308836692721,TANGENT_LOSS,FULL4D_CML_CONVERGED,3235,6470,2.9197129
MC1_K2_N1_L1_SM6_P1_R07,-6,P1,WHITE,1,7,1,1,-26.5511468974783,-26.5270471199091,3.77314491082051e-13,0,1,0.548895979730589,0.649454316209247,-0.100558336478658,TANGENT_WIN,FULL4D_CML_STATIONARY,2494,4988,2.3068088
MC1_K2_N1_L1_SM6_P1_R08,-6,P1,WHITE,1,8,1,1,-22.1319761214256,-22.1319761214256,3.14514297221899e-13,0,1,0.543342230446356,0.543342230446356,0,TIE,FULL4D_CML_STATIONARY,1487,2974,1.3189629
MC1_K2_N1_L1_SM6_P1_R09,-6,P1,WHITE,1,9,1,1,-19.6285738752695,-19.0725507328346,2.78938811608064e-13,0,1,0.31634410556988,0.155428021285607,0.160916084284273,TANGENT_LOSS,FULL4D_CML_CONVERGED,1357,2714,1.3510725
MC1_K2_N1_L1_SM6_P1_R10,-6,P1,WHITE,1,10,1,1,-30.7562196373497,-30.6628680188962,4.37072168855219e-13,0,1,0.266716612317564,0.182663543364998,0.084053068952566,TANGENT_LOSS,FULL4D_CML_CONVERGED,947,1894,0.9622662
MC1_K2_N1_L1_SM6_P2_R01,-6,P2,WHITE,1,1,1,1,-39.7149094055129,-39.3482688190395,5.64382807589153e-13,0,1,0.435889894354067,0.735718243381258,-0.299828349027191,TANGENT_WIN,FULL4D_CML_MAX_SWEEPS_VALID,3622,7244,3.2577471
MC1_K2_N1_L1_SM6_P2_R02,-6,P2,WHITE,1,2,1,1,-33.2307873959011,-33.2307873959011,4.72237891754917e-13,0,1,0.574456264653802,0.574456264653802,-4.44089209850063e-16,TIE,FULL4D_CML_STATIONARY,526,1052,0.5037302
MC1_K2_N1_L1_SM6_P2_R03,-6,P2,WHITE,1,3,1,1,-19.9180517465829,-19.4356955858776,2.83052539580565e-13,0,1,0.714142842854284,0.750580338765504,-0.0364374959112196,TANGENT_WIN,FULL4D_CML_MAX_SWEEPS_VALID,3995,7990,3.667556
MC1_K2_N1_L1_SM6_P2_R04,-6,P2,WHITE,1,4,1,1,-29.6811144233938,-29.6809052295822,4.21794004856136e-13,0,1,0.728010988928051,0.355738515016786,0.372272473911265,TANGENT_LOSS,FULL4D_CML_STATIONARY,1207,2414,1.0792238
MC1_K2_N1_L1_SM6_P2_R05,-6,P2,WHITE,1,5,1,1,-23.7529895738266,-23.4281128236337,3.37550283885358e-13,0,1,0.818535277187244,0.801522860511797,0.0170124166754473,TANGENT_LOSS,FULL4D_CML_MAX_SWEEPS_VALID,2982,5964,2.7939907
MC1_K2_N1_L1_SM6_P2_R06,-6,P2,WHITE,1,6,1,1,-30.8748770357461,-30.8748770357461,4.38758391904715e-13,0,1,0.556776436283002,0.556776436283002,2.22044604925031e-16,TIE,FULL4D_CML_STATIONARY,570,1140,0.5107869
MC1_K2_N1_L1_SM6_P2_R07,-6,P2,WHITE,1,7,1,1,-17.411869429379,-17.3905850941729,2.47437546780972e-13,0,1,0.440082194136011,0.500083423040583,-0.0600012289045719,TANGENT_WIN,FULL4D_CML_STATIONARY,1068,2136,0.9475271
MC1_K2_N1_L1_SM6_P2_R08,-6,P2,WHITE,1,8,1,1,-24.1733431503803,-23.9548390023931,3.43523867490778e-13,0,1,0.818535277187244,0.803784496348298,0.0147507808389458,TANGENT_LOSS,FULL4D_CML_STATIONARY,1765,3530,1.6728694
MC1_K2_N1_L1_SM6_P2_R09,-6,P2,WHITE,1,9,1,1,-19.0301612209,-18.7303450890129,2.70434856317081e-13,0,1,0.360555127546398,0.211436593296525,0.149118534249873,TANGENT_LOSS,FULL4D_CML_MAX_SWEEPS_VALID,2617,5234,2.5552407
MC1_K2_N1_L1_SM6_P2_R10,-6,P2,WHITE,1,10,1,1,-21.9526201683893,-21.6327884944424,3.11965495830994e-13,0,1,0.21204455241651,0.722236885915198,-0.510192333498688,TANGENT_WIN,FULL4D_CML_MAX_SWEEPS_VALID,1834,3668,1.6794689
MC1_K2_N1_L1_SM6_P3_R01,-6,P3,WHITE,1,1,1,1,-33.5746202400875,-33.5746202400875,4.77124050349964e-13,0,1,0.62098711741871,0.62098711741871,-4.44089209850063e-16,TIE,FULL4D_CML_STATIONARY,1405,2810,1.2854374
MC1_K2_N1_L1_SM6_P3_R02,-6,P3,WHITE,1,2,1,1,-31.1185186867999,-30.9731852860196,4.42220748010412e-13,0,1,0.50062460986252,0.515218591697447,-0.0145939818349271,TANGENT_WIN,FULL4D_CML_STATIONARY,3902,7804,3.4271781
MC1_K2_N1_L1_SM6_P3_R03,-6,P3,WHITE,1,3,1,1,-26.1156821940444,-26.1156821940444,3.71126165447953e-13,0,1,0.50062460986252,0.50062460986252,3.33066907387547e-16,TIE,FULL4D_CML_STATIONARY,1574,3148,1.4608931
MC1_K2_N1_L1_SM6_P3_R04,-6,P3,WHITE,1,4,1,1,-31.8278725233229,-31.7634516456574,4.52301272322912e-13,0,1,0.458938993767145,0.405560652602871,0.0533783411642739,TANGENT_LOSS,FULL4D_CML_MAX_SWEEPS_VALID,5537,11074,4.9229401
MC1_K2_N1_L1_SM6_P3_R05,-6,P3,WHITE,1,5,1,1,-30.1712694616838,-29.6459336786267,4.28759526893199e-13,0,1,0.225,0.267032674525434,-0.0420326745254335,TANGENT_WIN,FULL4D_CML_CONVERGED,783,1566,0.741731
MC1_K2_N1_L1_SM6_P3_R06,-6,P3,WHITE,1,6,1,1,-21.9105799560824,-21.8185896816667,3.11368068481704e-13,0,1,0.224999999999999,0.0635901093077112,0.161409890692288,TANGENT_LOSS,FULL4D_CML_CONVERGED,2462,4924,2.2563465
MC1_K2_N1_L1_SM6_P3_R07,-6,P3,WHITE,1,7,1,1,-36.4629232216205,-36.058672486744,5.18169304394014e-13,0,1,0.515388203202207,0.504128432375717,0.0112597708264897,TANGENT_LOSS,FULL4D_CML_MAX_SWEEPS_VALID,2443,4886,2.171496
MC1_K2_N1_L1_SM6_P3_R08,-6,P3,WHITE,1,8,1,1,-34.0955927985809,-34.075790156309,4.84527515689321e-13,0,1,0.619956089442682,0.629289934519987,-0.00933384507730473,TANGENT_WIN,FULL4D_CML_MAX_SWEEPS_VALID,4877,9754,4.4839052
MC1_K2_N1_L1_SM6_P3_R09,-6,P3,WHITE,1,9,1,1,-27.6954301470278,-27.6379851454799,3.93575734094438e-13,0,1,0.430842198490352,0.514900966340308,-0.0840587678499558,TANGENT_WIN,FULL4D_CML_STATIONARY,1358,2716,1.2570988
MC1_K2_N1_L1_SM6_P3_R10,-6,P3,WHITE,1,10,1,1,-28.1375533373925,-28.0857738978027,3.99858682518932e-13,0,1,0.628987281270456,0.484508774294263,0.144478506976193,TANGENT_LOSS,FULL4D_CML_MAX_SWEEPS_VALID,2604,5208,2.4674834
MC1_K2_N1_L1_SM6_P4_R01,-6,P4,WHITE,1,1,1,1,-35.5720133626361,-35.3136338016616,5.05508713823646e-13,0,1,0.455992250140432,0.476751354861304,-0.0207591047208721,TANGENT_WIN,FULL4D_CML_STATIONARY,1130,2260,1.0418072
MC1_K2_N1_L1_SM6_P4_R02,-6,P4,WHITE,1,2,1,1,-33.9711402526535,-33.9564740313147,4.8275893864021e-13,0,1,0.440212217645539,0.425176440438588,0.0150357772069508,TANGENT_LOSS,FULL4D_CML_CONVERGED,2562,5124,2.4059988
MC1_K2_N1_L1_SM6_P4_R03,-6,P4,WHITE,1,3,1,1,-23.7511129906947,-23.6214062540667,3.37523616035109e-13,0,1,0.430116263352131,0.463988025053466,-0.033871761701335,TANGENT_WIN,FULL4D_CML_MAX_SWEEPS_VALID,2769,5538,2.5512853
MC1_K2_N1_L1_SM6_P4_R04,-6,P4,WHITE,1,4,1,1,-29.5362847356411,-29.4809142621159,4.19735851205034e-13,0,1,0.719672795225812,0.68729377644187,0.0323790187839423,TANGENT_LOSS,FULL4D_CML_CONVERGED,576,1152,0.5638873
MC1_K2_N1_L1_SM6_P4_R05,-6,P4,WHITE,1,5,1,1,-22.4423720733407,-22.4414130274641,3.18925288998751e-13,0,1,0.625186263745669,0.625747504374407,-0.000561240628737636,TANGENT_WIN,FULL4D_CML_STATIONARY,852,1704,0.7543124
MC1_K2_N1_L1_SM6_P4_R06,-6,P4,WHITE,1,6,1,1,-26.4820257063251,-26.4225697946127,3.76332219876831e-13,0,1,0.109121058674029,0.100676962966929,0.00844409570710035,TANGENT_LOSS,FULL4D_CML_CONVERGED,1210,2420,1.1962587
MC1_K2_N1_L1_SM6_P4_R07,-6,P4,WHITE,1,7,1,1,-24.0571171903181,-24.0243452451253,3.41872197258199e-13,0,1,0.506671223529162,0.409265338118788,0.0974058854103745,TANGENT_LOSS,FULL4D_CML_MAX_SWEEPS_VALID,3536,7072,3.3535011
MC1_K2_N1_L1_SM6_P4_R08,-6,P4,WHITE,1,8,1,1,-19.7712031995378,-19.291242116287,2.80965696213369e-13,0,1,0.654162771936874,0.671930043658467,-0.0177672717215934,TANGENT_WIN,FULL4D_CML_MAX_SWEEPS_VALID,3380,6760,3.1748513
MC1_K2_N1_L1_SM6_P4_R09,-6,P4,WHITE,1,9,1,1,-23.9743497025618,-23.245674740709,3.40696000514552e-13,0,1,0.507867041840809,0.152603955621244,0.355263086219565,TANGENT_LOSS,FULL4D_CML_CONVERGED,644,1288,0.7031141
MC1_K2_N1_L1_SM6_P4_R10,-6,P4,WHITE,1,10,1,1,-20.5467741249329,-17.5948430909023,2.91987221955493e-13,0,1,0.527189654856897,0.156583156401172,0.370606498455725,TANGENT_LOSS,FULL4D_CML_MAX_SWEEPS_VALID,2764,5528,2.9911668
MC1_K2_N1_L1_SP0_P1_R01,0,P1,WHITE,1,1,1,1,-31.2060886243274,-31.2060886243274,4.43465191670035e-13,0,1,0.503991642739068,0.503991642739068,-4.44089209850063e-16,TIE,FULL4D_CML_STATIONARY,1494,2988,1.3701924
MC1_K2_N1_L1_SP0_P1_R02,0,P1,WHITE,1,2,1,1,-30.620753552734,-30.620753552734,4.35147080007908e-13,0,1,0.544457512412142,0.544457512412142,3.33066907387547e-16,TIE,FULL4D_CML_STATIONARY,561,1122,0.5601566
MC1_K2_N1_L1_SP0_P1_R03,0,P1,WHITE,1,3,1,1,-29.263737149231,-29.2464773555491,4.15862717051581e-13,0,1,0.261357369473256,0.205313602732139,0.0560437667411171,TANGENT_LOSS,FULL4D_CML_MAX_SWEEPS_VALID,4263,8526,3.8268424
MC1_K2_N1_L1_SP0_P1_R04,0,P1,WHITE,1,4,1,1,-27.9226121720411,-27.7878583698134,3.96804184845807e-13,0,1,0.548895979730589,0.649421891095307,-0.100525911364718,TANGENT_WIN,FULL4D_CML_STATIONARY,2844,5688,2.5514027
MC1_K2_N1_L1_SP0_P1_R05,0,P1,WHITE,1,5,1,1,-33.7972057392309,-33.5247507389449,4.80287180540002e-13,0,1,0.55,0.615234758874163,-0.0652347588741626,TANGENT_WIN,FULL4D_CML_MAX_SWEEPS_VALID,3951,7902,3.5487671
MC1_K2_N1_L1_SP0_P1_R06,0,P1,WHITE,1,6,1,1,-26.1251506529539,-26.0181543543777,3.71260720341893e-13,0,1,0.617484248029375,0.434186434102259,0.183297813927116,TANGENT_LOSS,FULL4D_CML_MAX_SWEEPS_VALID,3389,6778,3.0732355
MC1_K2_N1_L1_SP0_P1_R07,0,P1,WHITE,1,7,1,1,-26.5674372100771,-26.575454469099,3.77545990347657e-13,1,0,0.310818907681661,0.244225804944151,0.06659310273751,TANGENT_LOSS,FULL4D_CML_CONVERGED,3219,6438,2.9529438
MC1_K2_N1_L1_SP0_P1_R08,0,P1,WHITE,1,8,1,1,-21.832411602135,-21.832411602135,3.10257229360431e-13,0,1,0.543342230446356,0.543342230446356,0,TIE,FULL4D_CML_STATIONARY,869,1738,0.7716896
MC1_K2_N1_L1_SP0_P1_R09,0,P1,WHITE,1,9,1,1,-19.9209657531907,-18.930612530441,2.83093950105108e-13,0,1,0.421482130413158,0.205392055130251,0.216090075282907,TANGENT_LOSS,FULL4D_CML_STATIONARY,1961,3922,1.8209324
MC1_K2_N1_L1_SP0_P1_R10,0,P1,WHITE,1,10,1,1,-30.6315958256465,-30.5329137164786,4.35301157973051e-13,0,1,0.186096806153759,0.154069198571461,0.0320276075822982,TANGENT_LOSS,FULL4D_CML_CONVERGED,2210,4420,2.0080683
MC1_K2_N1_L1_SP0_P2_R01,0,P2,WHITE,1,1,1,1,-39.5295210715216,-39.1754908659773,5.6174828090891e-13,0,1,0.33166247903554,0.714488527949329,-0.382826048913789,TANGENT_WIN,FULL4D_CML_MAX_SWEEPS_VALID,3156,6312,2.8671469
MC1_K2_N1_L1_SP0_P2_R02,0,P2,WHITE,1,2,1,1,-32.7506899054783,-32.7506899054783,4.65415296069385e-13,0,1,0.574456264653802,0.574456264653802,-4.44089209850063e-16,TIE,FULL4D_CML_STATIONARY,570,1140,0.504022
MC1_K2_N1_L1_SP0_P2_R03,0,P2,WHITE,1,3,1,1,-20.9040471329112,-18.9705834742703,2.97064376765536e-13,0,1,0.714142842854284,0.727785644573077,-0.0136428017187932,TANGENT_WIN,FULL4D_CML_MAX_SWEEPS_VALID,3179,6358,2.9359033
MC1_K2_N1_L1_SP0_P2_R04,0,P2,WHITE,1,4,1,1,-29.613018256717,-29.58874713704,4.2082630012483e-13,0,1,0.728010988928051,0.82922665155732,-0.101215662629269,TANGENT_WIN,FULL4D_CML_STATIONARY,3320,6640,3.0008302
MC1_K2_N1_L1_SP0_P2_R05,0,P2,WHITE,1,5,1,1,-23.6044051555033,-23.2405831247876,3.35438772303623e-13,0,1,0.714142842854284,0.782223815026901,-0.0680809721726171,TANGENT_WIN,FULL4D_CML_MAX_SWEEPS_VALID,4782,9564,4.2366146
MC1_K2_N1_L1_SP0_P2_R06,0,P2,WHITE,1,6,1,1,-30.099403696182,-30.099403696182,4.27738252940657e-13,0,1,0.574456264653802,0.574456264653802,-4.44089209850063e-16,TIE,FULL4D_CML_STATIONARY,531,1062,0.4878576
MC1_K2_N1_L1_SP0_P2_R07,0,P2,WHITE,1,7,1,1,-16.7716476533386,-16.7716476533386,2.38339448136153e-13,0,1,0.574456264653802,0.574456264653802,-4.44089209850063e-16,TIE,FULL4D_CML_STATIONARY,753,1506,0.6753369
MC1_K2_N1_L1_SP0_P2_R08,0,P2,WHITE,1,8,1,1,-24.2955007287332,-24.2955007287332,3.45259831089112e-13,0,1,0.574456264653802,0.574456264653802,-4.44089209850063e-16,TIE,FULL4D_CML_STATIONARY,619,1238,0.5430229
MC1_K2_N1_L1_SP0_P2_R09,0,P2,WHITE,1,9,1,1,-19.4658872511614,-18.9102361083313,2.76626895628758e-13,0,1,0.223606797749979,0.132784076051224,0.090822721698755,TANGENT_LOSS,FULL4D_CML_MAX_SWEEPS_VALID,3310,6620,3.084747
MC1_K2_N1_L1_SP0_P2_R10,0,P2,WHITE,1,10,1,1,-21.640644070314,-21.4102485488506,3.0753204882663e-13,0,1,0.699999999999999,0.705685960954437,-0.00568596095443807,TANGENT_WIN,FULL4D_CML_MAX_SWEEPS_VALID,3079,6158,2.7290703
MC1_K2_N1_L1_SP0_P3_R01,0,P3,WHITE,1,1,1,1,-33.5247406379544,-33.3390067802389,4.76415218570799e-13,0,1,0.62098711741871,0.37368547456612,0.24730164285259,TANGENT_LOSS,FULL4D_CML_MAX_SWEEPS_VALID,2852,5704,2.4831674
MC1_K2_N1_L1_SP0_P3_R02,0,P3,WHITE,1,2,1,1,-30.9647550903639,-30.9706390731343,4.40035635880973e-13,1,0,0.323926738354115,0.375141327362651,-0.0512145890085363,TANGENT_WIN,FULL4D_CML_MAX_SWEEPS_VALID,4342,8684,3.9857466
MC1_K2_N1_L1_SP0_P3_R03,0,P3,WHITE,1,3,1,1,-26.9221758855021,-26.1928139954361,3.82587130125985e-13,0,1,0.301039864469808,0.0487506727392778,0.25228919173053,TANGENT_LOSS,FULL4D_CML_CONVERGED,1494,2988,1.3886761
MC1_K2_N1_L1_SP0_P3_R04,0,P3,WHITE,1,4,1,1,-31.8794265828403,-31.7766552511584,4.53033899572692e-13,0,1,0.301039864469807,0.392615031209445,-0.0915751667396382,TANGENT_WIN,FULL4D_CML_MAX_SWEEPS_VALID,5437,10874,4.7699962
MC1_K2_N1_L1_SP0_P3_R05,0,P3,WHITE,1,5,1,1,-29.8486139768478,-29.4273763991119,4.24174316675132e-13,0,1,0.248259370176027,0.265046853732011,-0.0167874835559843,TANGENT_WIN,FULL4D_CML_CONVERGED,1117,2234,1.0331744
MC1_K2_N1_L1_SP0_P3_R06,0,P3,WHITE,1,6,1,1,-21.3417576968731,-21.2941644895285,3.03284617997308e-13,0,1,0.250505333775021,0.173976867538251,0.0765284662367705,TANGENT_LOSS,FULL4D_CML_CONVERGED,1314,2628,1.1720662
MC1_K2_N1_L1_SP0_P3_R07,0,P3,WHITE,1,7,1,1,-36.4347988350165,-35.8044163446391,5.17769632822031e-13,0,1,0.458938993767145,0.58734839072573,-0.128409396958585,TANGENT_WIN,FULL4D_CML_STATIONARY,2493,4986,2.3982035
MC1_K2_N1_L1_SP0_P3_R08,0,P3,WHITE,1,8,1,1,-34.1099276091177,-34.0141700041883,4.84731225599229e-13,0,1,0.640800280898814,0.655363282983958,-0.0145630020851436,TANGENT_WIN,FULL4D_CML_MAX_SWEEPS_VALID,3708,7416,3.3755609
MC1_K2_N1_L1_SP0_P3_R09,0,P3,WHITE,1,9,1,1,-27.6207990188852,-27.5664513204904,3.92515161975172e-13,0,1,0.430842198490352,0.51089569808339,-0.0800534995930383,TANGENT_WIN,FULL4D_CML_STATIONARY,1627,3254,1.4759655
MC1_K2_N1_L1_SP0_P3_R10,0,P3,WHITE,1,10,1,1,-28.3098213350012,-28.2425406180694,4.02306758005028e-13,0,1,0.274999999999999,0.344540295319458,-0.0695402953194593,TANGENT_WIN,FULL4D_CML_MAX_SWEEPS_VALID,4242,8484,3.7894717
MC1_K2_N1_L1_SP0_P4_R01,0,P4,WHITE,1,1,1,1,-35.4988139629263,-35.3368709943696,5.0446848778913e-13,0,1,0.455992250140432,0.455899898082995,9.23520574371284e-05,TANGENT_LOSS,FULL4D_CML_STATIONARY,1413,2826,1.3162354
MC1_K2_N1_L1_SP0_P4_R02,0,P4,WHITE,1,2,1,1,-34.2028201853436,-33.9985190736632,4.86051308504096e-13,0,1,0.440212217645539,0.274906573973344,0.165305643672195,TANGENT_LOSS,FULL4D_CML_CONVERGED,2735,5470,2.5302442
MC1_K2_N1_L1_SP0_P4_R03,0,P4,WHITE,1,3,1,1,-23.6364964057651,-23.6295616512885,3.35894816398722e-13,0,1,0.433507707184237,0.450929481397329,-0.017421774213092,TANGENT_WIN,FULL4D_CML_STATIONARY,1010,2020,0.9397861
MC1_K2_N1_L1_SP0_P4_R04,0,P4,WHITE,1,4,1,1,-30.2367353840877,-30.0216290734253,4.29689853605278e-13,0,1,0.343407821967023,0.250319943288464,0.0930878786785594,TANGENT_LOSS,FULL4D_CML_CONVERGED,898,1796,0.842173
MC1_K2_N1_L1_SP0_P4_R05,0,P4,WHITE,1,5,1,1,-22.6666456251571,-22.553404388897,3.22112407860077e-13,0,1,0.576691939538613,0.534324363394503,0.0423675761441096,TANGENT_LOSS,FULL4D_CML_STATIONARY,849,1698,0.74969
MC1_K2_N1_L1_SP0_P4_R06,0,P4,WHITE,1,6,1,1,-26.4817874702187,-26.4302687945632,3.76328834338135e-13,0,1,0.129429552676418,0.0865743394284609,0.0428552132479571,TANGENT_LOSS,FULL4D_CML_CONVERGED,1385,2770,1.2372627
MC1_K2_N1_L1_SP0_P4_R07,0,P4,WHITE,1,7,1,1,-24.1686214781811,-24.0230219109997,3.43456768493142e-13,0,1,0.479212542553586,0.358936766616885,0.120275775936701,TANGENT_LOSS,FULL4D_CML_MAX_SWEEPS_VALID,3644,7288,3.6543093
MC1_K2_N1_L1_SP0_P4_R08,0,P4,WHITE,1,8,1,1,-19.7621509380497,-18.8443952611306,2.80837055840517e-13,0,1,0.551168573636418,0.652598826390213,-0.101430252753795,TANGENT_WIN,FULL4D_CML_MAX_SWEEPS_VALID,2508,5016,2.3623992
MC1_K2_N1_L1_SP0_P4_R09,0,P4,WHITE,1,9,1,1,-24.8254569018537,-23.3738901100935,3.52790961270752e-13,0,1,0.436872824030368,0.0862136675686472,0.350659156461721,TANGENT_LOSS,FULL4D_CML_CONVERGED,1332,2664,1.2818945
MC1_K2_N1_L1_SP0_P4_R10,0,P4,WHITE,1,10,1,1,-18.1737310433075,-17.7372425254413,2.58264251489599e-13,0,1,0.0724477604607794,0.100481975967151,-0.0280342155063711,TANGENT_WIN,FULL4D_CML_MAX_SWEEPS_VALID,2708,5416,2.8787874
MC1_K2_N1_L1_SP10_P1_R01,10,P1,WHITE,1,1,1,1,-30.7566520534534,-30.7560418856341,4.37078313857646e-13,0,1,0.417142153169426,0.41493845446587,0.00220369870355608,TANGENT_LOSS,FULL4D_CML_STATIONARY,1062,2124,1.0015438
MC1_K2_N1_L1_SP10_P1_R02,10,P1,WHITE,1,2,1,1,-30.3487055000262,-30.222966380389,4.31281044655324e-13,0,1,0.466526726198633,0.452969169645469,0.0135575565531638,TANGENT_LOSS,FULL4D_CML_CONVERGED,3626,7252,3.2071894
MC1_K2_N1_L1_SP10_P1_R03,10,P1,WHITE,1,3,1,1,-30.0744770764974,-29.1827367510336,4.27384024369778e-13,0,1,0.185759755501198,0.115095942011975,0.070663813489223,TANGENT_LOSS,FULL4D_CML_MAX_SWEEPS_VALID,5009,10018,4.4319935
MC1_K2_N1_L1_SP10_P1_R04,10,P1,WHITE,1,4,1,1,-27.7685151174407,-27.2958466206927,3.9461433399084e-13,0,1,0.424350790182847,0.619338595525998,-0.194987805343151,TANGENT_WIN,FULL4D_CML_STATIONARY,2447,4894,2.1560417
MC1_K2_N1_L1_SP10_P1_R05,10,P1,WHITE,1,5,1,1,-34.326547383871,-34.082372563738,4.87809577746688e-13,0,1,0.141681308325435,0.140919703761007,0.000761604564427532,TANGENT_LOSS,FULL4D_CML_CONVERGED,2470,4940,2.1783457
MC1_K2_N1_L1_SP10_P1_R06,10,P1,WHITE,1,6,1,1,-26.9951862017742,-26.0890123032945,3.83624669123239e-13,0,1,0.42291889257068,0.23394612341709,0.18897276915359,TANGENT_LOSS,FULL4D_CML_MAX_SWEEPS_VALID,3797,7594,3.3826105
MC1_K2_N1_L1_SP10_P1_R07,10,P1,WHITE,1,7,1,1,-26.4232945496289,-26.3999596296387,3.75497599941765e-13,0,1,0.137333133996172,0.132971549192793,0.00436158480337856,TANGENT_LOSS,FULL4D_CML_CONVERGED,2891,5782,2.5583542
MC1_K2_N1_L1_SP10_P1_R08,10,P1,WHITE,1,8,1,1,-21.3275396519125,-21.2834895480171,3.03082567426038e-13,0,1,0.154910483815205,0.127482100986991,0.0274283828282143,TANGENT_LOSS,FULL4D_CML_CONVERGED,1556,3112,1.3816015
MC1_K2_N1_L1_SP10_P1_R09,10,P1,WHITE,1,9,1,1,-19.8454851889418,-18.463187706645,2.82021306772745e-13,0,1,0.240098284578658,0.155763798470523,0.0843344861081347,TANGENT_LOSS,FULL4D_CML_STATIONARY,3195,6390,3.07742
MC1_K2_N1_L1_SP10_P1_R10,10,P1,WHITE,1,10,1,1,-30.4018622287541,-30.2736454323818,4.32036447204412e-13,0,1,0.102289525064548,0.107053546380941,-0.00476402131639307,TANGENT_WIN,FULL4D_CML_STATIONARY,2343,4686,2.0609518
MC1_K2_N1_L1_SP10_P2_R01,10,P2,WHITE,1,1,1,1,-39.472888597173,-38.7224115048579,5.60943485043779e-13,0,1,0.113964451629746,0.713240952766995,-0.599276501137249,TANGENT_WIN,FULL4D_CML_MAX_SWEEPS_VALID,5642,11284,4.9582244
MC1_K2_N1_L1_SP10_P2_R02,10,P2,WHITE,1,2,1,1,-31.5505002615945,-31.5191271225468,4.48359575409462e-13,0,1,0.556776436283002,0.55700854217752,-0.00023210589451772,TANGENT_WIN,FULL4D_CML_STATIONARY,1327,2654,1.2203987
MC1_K2_N1_L1_SP10_P2_R03,10,P2,WHITE,1,3,1,1,-23.2265588275464,-18.6705374639754,3.30069253032354e-13,0,1,0.144596882962185,0.594554980338905,-0.44995809737672,TANGENT_WIN,FULL4D_CML_MAX_SWEEPS_VALID,4189,8378,3.73608
MC1_K2_N1_L1_SP10_P2_R04,10,P2,WHITE,1,4,1,1,-29.8836778844923,-29.4271707659214,4.24672604772415e-13,0,1,0.173205080756888,0.300607603287003,-0.127402522530115,TANGENT_WIN,FULL4D_CML_MAX_SWEEPS_VALID,4082,8164,3.6352582
MC1_K2_N1_L1_SP10_P2_R05,10,P2,WHITE,1,5,1,1,-24.0045941872772,-23.8360453183966,3.41125800492779e-13,0,1,0.360555127546399,0.453955780349689,-0.0934006528032902,TANGENT_WIN,FULL4D_CML_MAX_SWEEPS_VALID,4563,9126,4.0047303
MC1_K2_N1_L1_SP10_P2_R06,10,P2,WHITE,1,6,1,1,-27.8347282726904,-27.8347282726904,3.95555279520329e-13,0,1,0.574456264653802,0.574456264653802,-4.44089209850063e-16,TIE,FULL4D_CML_STATIONARY,1560,3120,1.4101603
MC1_K2_N1_L1_SP10_P2_R07,10,P2,WHITE,1,7,1,1,-16.9242953916875,-15.9659866199832,2.40508702968434e-13,0,1,0.519615242270663,0.442467601936016,0.077147640334647,TANGENT_LOSS,FULL4D_CML_CONVERGED,1469,2938,1.3105744
MC1_K2_N1_L1_SP10_P2_R08,10,P2,WHITE,1,8,1,1,-23.3093851755509,-23.3093851755509,3.31246286230437e-13,0,1,0.360555127546399,0.360555127546399,-1.11022302462516e-16,TIE,FULL4D_CML_STATIONARY,2213,4426,1.9627168
MC1_K2_N1_L1_SP10_P2_R09,10,P2,WHITE,1,9,1,1,-18.9233490173715,-18.888314738247,2.68916963610927e-13,0,1,0.155763187841808,0.149513592332352,0.00624959550945645,TANGENT_LOSS,FULL4D_CML_MAX_SWEEPS_VALID,4259,8518,3.8076431
MC1_K2_N1_L1_SP10_P2_R10,10,P2,WHITE,1,10,1,1,-21.4367560012228,-21.1102818372138,3.04634625098612e-13,0,1,0.556776436283001,0.516761393159951,0.0400150431230499,TANGENT_LOSS,FULL4D_CML_MAX_SWEEPS_VALID,3141,6282,2.8296277
MC1_K2_N1_L1_SP10_P3_R01,10,P3,WHITE,1,1,1,1,-33.4059998733069,-32.9022377386298,4.74727810815621e-13,0,1,0.274999999999999,0.150211635023778,0.124788364976221,TANGENT_LOSS,FULL4D_CML_MAX_SWEEPS_VALID,5215,10430,4.6285874
MC1_K2_N1_L1_SP10_P3_R02,10,P3,WHITE,1,2,1,1,-31.0631358952348,-31.0377245785629,4.41433711205758e-13,0,1,0.122757526100736,0.10812122808505,0.0146362980156864,TANGENT_LOSS,FULL4D_CML_MAX_SWEEPS_VALID,5230,10460,4.6244059
MC1_K2_N1_L1_SP10_P3_R03,10,P3,WHITE,1,3,1,1,-27.9862302113332,-26.1950611136261,3.97708251559453e-13,0,1,0.188745860881768,0.029748824199917,0.158997036681851,TANGENT_LOSS,FULL4D_CML_STATIONARY,826,1652,0.7684554
MC1_K2_N1_L1_SP10_P3_R04,10,P3,WHITE,1,4,1,1,-31.9162223946672,-31.8828205045601,4.53556799508692e-13,0,1,0.301039864469807,0.323756411027266,-0.022716546557459,TANGENT_WIN,FULL4D_CML_MAX_SWEEPS_VALID,4495,8990,3.9726841
MC1_K2_N1_L1_SP10_P3_R05,10,P3,WHITE,1,5,1,1,-29.3848826001716,-29.142750112801,4.17584297454306e-13,0,1,0.0898060005739475,0.185477657556055,-0.095671656982108,TANGENT_WIN,FULL4D_CML_CONVERGED,2776,5552,2.449569
MC1_K2_N1_L1_SP10_P3_R06,10,P3,WHITE,1,6,1,1,-20.3280355983908,-20.2259336547944,2.88878760534186e-13,0,1,0.116717770728224,0.145273929549187,-0.0285561588209631,TANGENT_WIN,FULL4D_CML_MAX_SWEEPS_VALID,4992,9984,4.5087
MC1_K2_N1_L1_SP10_P3_R07,10,P3,WHITE,1,7,1,1,-36.5840357201589,-35.9901179663476,5.19890416514939e-13,0,1,0.413067791046457,0.494610571356731,-0.0815427803102742,TANGENT_WIN,FULL4D_CML_MAX_SWEEPS_VALID,3599,7198,3.3265938
MC1_K2_N1_L1_SP10_P3_R08,10,P3,WHITE,1,8,1,1,-34.0658784753461,-34.0371336917302,4.84105249758871e-13,0,1,0.574999999999999,0.59220369487,-0.0172036948700006,TANGENT_WIN,FULL4D_CML_STATIONARY,1561,3122,1.4239087
MC1_K2_N1_L1_SP10_P3_R09,10,P3,WHITE,1,9,1,1,-27.916152471496,-27.5037108183003,3.96712386979857e-13,0,1,0.106057511685848,0.358209638639576,-0.252152126953728,TANGENT_WIN,FULL4D_CML_STATIONARY,4144,8288,3.7084244
MC1_K2_N1_L1_SP10_P3_R10,10,P3,WHITE,1,10,1,1,-28.572415826428,-28.5142573864283,4.06038450171707e-13,0,1,0.515388203202207,0.187295865774759,0.328092337427448,TANGENT_LOSS,FULL4D_CML_MAX_SWEEPS_VALID,1827,3654,1.6414124
MC1_K2_N1_L1_SP10_P4_R01,10,P4,WHITE,1,1,1,1,-35.5538365306781,-35.3976875403844,5.05250405505508e-13,0,1,0.418330013267037,0.411435964030024,0.00689404923701287,TANGENT_LOSS,FULL4D_CML_MAX_SWEEPS_VALID,4421,8842,3.9329655
MC1_K2_N1_L1_SP10_P4_R02,10,P4,WHITE,1,2,1,1,-34.0167932631402,-33.9559407516014,4.83407706939548e-13,0,1,0.489535147809299,0.560217736541438,-0.0706825887321387,TANGENT_WIN,FULL4D_CML_STATIONARY,873,1746,0.8022495
MC1_K2_N1_L1_SP10_P4_R03,10,P4,WHITE,1,3,1,1,-23.7156441663779,-23.2381714289467,3.37019573725824e-13,0,1,0.433507707184237,0.379664063037003,0.053843644147234,TANGENT_LOSS,FULL4D_CML_CONVERGED,2559,5118,2.3330483
MC1_K2_N1_L1_SP10_P4_R04,10,P4,WHITE,1,4,1,1,-30.3029247353403,-30.0565223050697,4.30630460859622e-13,0,1,0.0626851399740105,0.192659274638285,-0.129974134664275,TANGENT_WIN,FULL4D_CML_MAX_SWEEPS_VALID,3996,7992,3.5454566
MC1_K2_N1_L1_SP10_P4_R05,10,P4,WHITE,1,5,1,1,-22.8083446356042,-22.3330012645892,3.24126071910828e-13,0,1,0.509553393611182,0.503824270025011,0.00572912358617139,TANGENT_LOSS,FULL4D_CML_STATIONARY,3088,6176,3.0687329
MC1_K2_N1_L1_SP10_P4_R06,10,P4,WHITE,1,6,1,1,-26.4485837522596,-26.4329665736658,3.75856981126213e-13,0,1,0.112331480397877,0.0885058462256354,0.0238256341722416,TANGENT_LOSS,FULL4D_CML_CONVERGED,2177,4354,1.9635286
MC1_K2_N1_L1_SP10_P4_R07,10,P4,WHITE,1,7,1,1,-24.2247411495723,-23.9324321560145,3.44254276989948e-13,0,1,0.379192294969721,0.217684281000471,0.16150801396925,TANGENT_LOSS,FULL4D_CML_MAX_SWEEPS_VALID,4777,9554,4.5352336
MC1_K2_N1_L1_SP10_P4_R08,10,P4,WHITE,1,8,1,1,-19.8109502509379,-18.8163429225699,2.81530535786173e-13,0,1,0.409791327614598,0.556742022885714,-0.146950695271116,TANGENT_WIN,FULL4D_CML_MAX_SWEEPS_VALID,3613,7226,3.3084534
MC1_K2_N1_L1_SP10_P4_R09,10,P4,WHITE,1,9,1,1,-23.3147531939134,-23.4187454335256,3.31322570359495e-13,1,0,0.137680852766793,0.100115308043141,0.0375655447236515,TANGENT_LOSS,FULL4D_CML_MAX_SWEEPS_VALID,5278,10556,5.173192
MC1_K2_N1_L1_SP10_P4_R10,10,P4,WHITE,1,10,1,1,-18.0131649176129,-17.7485440340541,2.55982469605171e-13,0,1,0.0546851522238054,0.0849930228925963,-0.0303078706687909,TANGENT_WIN,FULL4D_CML_MAX_SWEEPS_VALID,4425,8850,5.1149895
MC1_K2_N1_L1_SP14_P1_R01,14,P1,WHITE,1,1,1,1,-31.5736656009812,-30.8518146189527,4.48688774681915e-13,0,1,0.0800168219844594,0.307025637352639,-0.22700881536818,TANGENT_WIN,FULL4D_CML_CONVERGED,1946,3892,1.7335703
MC1_K2_N1_L1_SP14_P1_R02,14,P1,WHITE,1,2,1,1,-30.5235745130532,-30.2251259178757,4.33766082793642e-13,0,1,0.369369710211893,0.376384159320704,-0.00701444910881099,TANGENT_WIN,FULL4D_CML_MAX_SWEEPS_VALID,5427,10854,4.7941271
MC1_K2_N1_L1_SP14_P1_R03,14,P1,WHITE,1,3,1,1,-30.2665436792974,-29.1209265952368,4.30113454957811e-13,0,1,0.167728709637879,0.0771531627890455,0.0905755468488335,TANGENT_LOSS,FULL4D_CML_MAX_SWEEPS_VALID,4243,8486,3.798604
MC1_K2_N1_L1_SP14_P1_R04,14,P1,WHITE,1,4,1,1,-27.6304794929807,-27.2465243264035,3.92652729786117e-13,0,1,0.424350790182847,0.51131346211853,-0.0869626719356832,TANGENT_WIN,FULL4D_CML_MAX_SWEEPS_VALID,3597,7194,3.1799957
MC1_K2_N1_L1_SP14_P1_R05,14,P1,WHITE,1,5,1,1,-34.6100231746231,-34.0156066900525,4.91838011024343e-13,0,1,0.0957033348059665,0.137556399310427,-0.0418530645044608,TANGENT_WIN,FULL4D_CML_CONVERGED,2283,4566,2.0957577
MC1_K2_N1_L1_SP14_P1_R06,14,P1,WHITE,1,6,1,1,-26.0207977509111,-26.0484660480909,3.69777776411853e-13,1,0,0.213168319667894,0.163365951697464,0.0498023679704304,TANGENT_LOSS,FULL4D_CML_MAX_SWEEPS_VALID,5087,10174,4.4986452
MC1_K2_N1_L1_SP14_P1_R07,14,P1,WHITE,1,7,1,1,-26.4285174225947,-26.2824452202799,3.75571821430678e-13,0,1,0.0796328321249378,0.119697280615905,-0.0400644484909667,TANGENT_WIN,FULL4D_CML_STATIONARY,3451,6902,3.0489054
MC1_K2_N1_L1_SP14_P1_R08,14,P1,WHITE,1,8,1,1,-21.1323026426923,-21.1467157883742,3.0030808265298e-13,1,0,0.0968227683659367,0.102647639531431,-0.00582487116549466,TANGENT_WIN,FULL4D_CML_CONVERGED,1459,2918,1.2825161
MC1_K2_N1_L1_SP14_P1_R09,14,P1,WHITE,1,9,1,1,-22.9556043393742,-18.3376013828016,3.26218758166507e-13,0,1,0.240098284578658,0.142815582109218,0.0972827024694396,TANGENT_LOSS,FULL4D_CML_STATIONARY,3016,6032,2.6867496
MC1_K2_N1_L1_SP14_P1_R10,14,P1,WHITE,1,10,1,1,-30.3081611700436,-30.1725078688193,4.30704875072416e-13,0,1,0.0885804875087584,0.0975528606477496,-0.00897237313899119,TANGENT_WIN,FULL4D_CML_CONVERGED,3017,6034,2.6901151
MC1_K2_N1_L1_SP14_P2_R01,14,P2,WHITE,1,1,1,1,-39.3012379063755,-38.8466171070234,5.58504182015092e-13,0,1,0.173205080756888,0.559754479125209,-0.386549398368321,TANGENT_WIN,FULL4D_CML_MAX_SWEEPS_VALID,5395,10790,4.7871623
MC1_K2_N1_L1_SP14_P2_R02,14,P2,WHITE,1,2,1,1,-31.2834649620577,-31.1729350883554,4.44564775563914e-13,0,1,0.435889894354067,0.435798223674998,9.16706790685673e-05,TANGENT_LOSS,FULL4D_CML_CONVERGED,1448,2896,1.3829116
MC1_K2_N1_L1_SP14_P2_R03,14,P2,WHITE,1,3,1,1,-19.8391273443659,-18.4727120332528,2.81930956367175e-13,0,1,0.556776436283001,0.503902400789906,0.0528740354930952,TANGENT_LOSS,FULL4D_CML_MAX_SWEEPS_VALID,4496,8992,4.013434
MC1_K2_N1_L1_SP14_P2_R04,14,P2,WHITE,1,4,1,1,-29.6374170040726,-29.4512241591537,4.21173027178733e-13,0,1,0.264575131106459,0.251442555606866,0.0131325754995935,TANGENT_LOSS,FULL4D_CML_MAX_SWEEPS_VALID,2698,5396,2.4252336
MC1_K2_N1_L1_SP14_P2_R05,14,P2,WHITE,1,5,1,1,-23.9897475033871,-23.4696855276841,3.40914816425014e-13,0,1,0.153804658387283,0.177987399668236,-0.0241827412809527,TANGENT_WIN,FULL4D_CML_MAX_SWEEPS_VALID,4686,9372,4.1659714
MC1_K2_N1_L1_SP14_P2_R06,14,P2,WHITE,1,6,1,1,-27.8857023792032,-27.710136361968,3.9627966514222e-13,0,1,0.574456264653802,0.52616858517006,0.0482876794837417,TANGENT_LOSS,FULL4D_CML_STATIONARY,1655,3310,1.4439204
MC1_K2_N1_L1_SP14_P2_R07,14,P2,WHITE,1,7,1,1,-17.2462837487116,-15.8247175074447,2.4508443273009e-13,0,1,0.519615242270663,0.351624372355736,0.167990869914927,TANGENT_LOSS,FULL4D_CML_CONVERGED,1712,3424,1.5089043
MC1_K2_N1_L1_SP14_P2_R08,14,P2,WHITE,1,8,1,1,-23.0049763250909,-23.0022957307517,3.26920376282528e-13,0,1,0.360555127546399,0.357171095955192,0.0033840315912067,TANGENT_LOSS,FULL4D_CML_STATIONARY,2403,4806,2.0957508
MC1_K2_N1_L1_SP14_P2_R09,14,P2,WHITE,1,9,1,1,-18.9282376464441,-18.8855548110021,2.68986435208434e-13,0,1,0.137294159469231,0.159619321902711,-0.02232516243348,TANGENT_WIN,FULL4D_CML_MAX_SWEEPS_VALID,5128,10256,4.5704611
MC1_K2_N1_L1_SP14_P2_R10,14,P2,WHITE,1,10,1,1,-21.6448060167029,-21.0392587187445,3.07591193642095e-13,0,1,0.412310562561766,0.479919201406029,-0.0676086388442631,TANGENT_WIN,FULL4D_CML_MAX_SWEEPS_VALID,3843,7686,3.5492315
MC1_K2_N1_L1_SP14_P3_R01,14,P3,WHITE,1,1,1,1,-32.5864522056782,-32.8024686148856,4.63081337978767e-13,1,0,0.128951817967873,0.0944790254064897,0.0344727925613833,TANGENT_LOSS,FULL4D_CML_MAX_SWEEPS_VALID,5243,10486,4.7147006
MC1_K2_N1_L1_SP14_P3_R02,14,P3,WHITE,1,2,1,1,-31.067596931202,-31.0202243246343,4.41497106339767e-13,0,1,0.0964588425065112,0.0809017727624493,0.0155570697440619,TANGENT_LOSS,FULL4D_CML_MAX_SWEEPS_VALID,5277,10554,4.6479473
MC1_K2_N1_L1_SP14_P3_R03,14,P3,WHITE,1,3,1,1,-26.2489226592455,-26.1800250834639,3.73019626341112e-13,0,1,0.0634147070530228,0.0275478711008287,0.0358668359521941,TANGENT_LOSS,FULL4D_CML_STATIONARY,756,1512,0.7071284
MC1_K2_N1_L1_SP14_P3_R04,14,P3,WHITE,1,4,1,1,-31.9876168669982,-31.9525696226454,4.54571375982456e-13,0,1,0.301039864469807,0.267013205053347,0.0340266594164598,TANGENT_LOSS,FULL4D_CML_MAX_SWEEPS_VALID,5104,10208,4.5490137
MC1_K2_N1_L1_SP14_P3_R05,14,P3,WHITE,1,5,1,1,-29.2869963781434,-29.0314031559584,4.16193250574443e-13,0,1,0.060312456718045,0.174739961267683,-0.114427504549638,TANGENT_WIN,FULL4D_CML_CONVERGED,4334,8668,3.9568253
MC1_K2_N1_L1_SP14_P3_R06,14,P3,WHITE,1,6,1,1,-20.0815355294576,-20.0751050023914,2.85375783867289e-13,0,1,0.0647936322014597,0.0702931372613852,-0.00549950505992552,TANGENT_WIN,FULL4D_CML_CONVERGED,2655,5310,2.3699531
MC1_K2_N1_L1_SP14_P3_R07,14,P3,WHITE,1,7,1,1,-36.9555233072635,-36.1353201397213,5.25169572643783e-13,0,1,0.381608438061844,0.426187351001763,-0.0445789129399191,TANGENT_WIN,FULL4D_CML_MAX_SWEEPS_VALID,5065,10130,4.5082096
MC1_K2_N1_L1_SP14_P3_R08,14,P3,WHITE,1,8,1,1,-34.7787849393065,-34.1181084498189,4.9423625994374e-13,0,1,0.106152184834217,0.552898526035291,-0.446746341201074,TANGENT_WIN,FULL4D_CML_STATIONARY,4176,8352,3.7846082
MC1_K2_N1_L1_SP14_P3_R09,14,P3,WHITE,1,9,1,1,-27.8921223107795,-27.5872930355576,3.96370897857132e-13,0,1,0.0887251543140041,0.380106400222091,-0.291381245908087,TANGENT_WIN,FULL4D_CML_MAX_SWEEPS_VALID,5280,10560,4.9648663
MC1_K2_N1_L1_SP14_P3_R10,14,P3,WHITE,1,10,1,1,-28.5189571765625,-28.5516730538787,4.05278757065197e-13,1,0,0.143196859367546,0.0846304620722555,0.0585663972952905,TANGENT_LOSS,FULL4D_CML_CONVERGED,4198,8396,3.7751939
MC1_K2_N1_L1_SP14_P4_R01,14,P4,WHITE,1,1,1,1,-35.6815921073007,-35.2075745105193,5.07065921443949e-13,0,1,0.141537548079697,0.496469232950267,-0.35493168487057,TANGENT_WIN,FULL4D_CML_MAX_SWEEPS_VALID,3507,7014,3.2292871
MC1_K2_N1_L1_SP14_P4_R02,14,P4,WHITE,1,2,1,1,-33.7771167089432,-33.7771167089432,4.80001698249214e-13,0,1,0.528814391767728,0.528814391767728,2.22044604925031e-16,TIE,FULL4D_CML_STATIONARY,2578,5156,2.3392571
MC1_K2_N1_L1_SP14_P4_R03,14,P4,WHITE,1,3,1,1,-23.7910525188773,-23.7373551333663,3.38091190867506e-13,0,1,0.105357410709506,0.142024282164018,-0.0366668714545123,TANGENT_WIN,FULL4D_CML_MAX_SWEEPS_VALID,4956,9912,4.4287625
MC1_K2_N1_L1_SP14_P4_R04,14,P4,WHITE,1,4,1,1,-30.3210295661289,-29.9658970824872,4.30887745979602e-13,0,1,0.0523260677184799,0.196557705022493,-0.144231637304013,TANGENT_WIN,FULL4D_CML_MAX_SWEEPS_VALID,4615,9230,4.1180192
MC1_K2_N1_L1_SP14_P4_R05,14,P4,WHITE,1,5,1,1,-23.0047044224437,-22.2994270771362,3.26916512313512e-13,0,1,0.493747705376342,0.497207038264977,-0.00345933288863537,TANGENT_WIN,FULL4D_CML_MAX_SWEEPS_VALID,5320,10640,4.7560738
MC1_K2_N1_L1_SP14_P4_R06,14,P4,WHITE,1,6,1,1,-26.4512695564508,-26.4379260878011,3.75895148699368e-13,0,1,0.1149996310732,0.093931441308902,0.021068189764298,TANGENT_LOSS,FULL4D_CML_STATIONARY,4733,9466,4.8290625
MC1_K2_N1_L1_SP14_P4_R07,14,P4,WHITE,1,7,1,1,-24.1930154964383,-23.9141254815035,3.43803428342515e-13,0,1,0.0781695254571093,0.189762821122059,-0.11159329566495,TANGENT_WIN,FULL4D_CML_MAX_SWEEPS_VALID,4951,9902,4.7365601
MC1_K2_N1_L1_SP14_P4_R08,14,P4,WHITE,1,8,1,1,-20.4464318122215,-19.1338468448742,2.90561271927764e-13,0,1,0.0499759489587158,0.429885351874996,-0.37990940291628,TANGENT_WIN,FULL4D_CML_MAX_SWEEPS_VALID,3436,6872,3.5193609
MC1_K2_N1_L1_SP14_P4_R09,14,P4,WHITE,1,9,1,1,-23.3643678665589,-23.4195837946093,3.32027637264203e-13,1,0,0.132246675344964,0.104392228000416,0.0278544473445485,TANGENT_LOSS,FULL4D_CML_MAX_SWEEPS_VALID,5089,10178,4.786534
MC1_K2_N1_L1_SP14_P4_R10,14,P4,WHITE,1,10,1,1,-17.9469900087675,-17.7283933682095,2.55042067589777e-13,0,1,0.0508595289895101,0.0875288603279926,-0.0366693313384825,TANGENT_WIN,FULL4D_CML_MAX_SWEEPS_VALID,5217,10434,5.4874841
MC1_K2_N1_L1_SP18_P1_R01,18,P1,WHITE,1,1,1,1,-31.3203646165167,-30.8756113913497,4.45089151192472e-13,0,1,0.0935153246837437,0.177753246667921,-0.0842379219841774,TANGENT_WIN,FULL4D_CML_CONVERGED,3461,6922,3.0415565
MC1_K2_N1_L1_SP18_P1_R02,18,P1,WHITE,1,2,1,1,-30.4652835437353,-30.1559952346402,4.32937718297457e-13,0,1,0.369369710211893,0.367671134805533,0.00169857540636048,TANGENT_LOSS,FULL4D_CML_STATIONARY,3260,6520,2.8615221
MC1_K2_N1_L1_SP18_P1_R03,18,P1,WHITE,1,3,1,1,-30.381652350604,-29.0684766002658,4.31749247562209e-13,0,1,0.15778572995796,0.0516670090441565,0.106118720913804,TANGENT_LOSS,FULL4D_CML_MAX_SWEEPS_VALID,4311,8622,3.9850706
MC1_K2_N1_L1_SP18_P1_R04,18,P1,WHITE,1,4,1,1,-27.5012835719519,-27.2760044671201,3.9081674532258e-13,0,1,0.318255866504301,0.412674597774795,-0.0944187312704942,TANGENT_WIN,FULL4D_CML_STATIONARY,2121,4242,1.889077
MC1_K2_N1_L1_SP18_P1_R05,18,P1,WHITE,1,5,1,1,-34.5573668639989,-33.9572460762618,4.91089719844224e-13,0,1,0.081992569476876,0.134984649096243,-0.0529920796193673,TANGENT_WIN,FULL4D_CML_STATIONARY,2410,4820,2.1391608
MC1_K2_N1_L1_SP18_P1_R06,18,P1,WHITE,1,6,1,1,-25.9944555549992,-25.9435957967431,3.69403431292869e-13,0,1,0.176709369777289,0.12688413888201,0.0498252308952794,TANGENT_LOSS,FULL4D_CML_MAX_SWEEPS_VALID,5126,10252,4.5649629
MC1_K2_N1_L1_SP18_P1_R07,18,P1,WHITE,1,7,1,1,-26.2612162791421,-26.1563839314401,3.73194329187386e-13,0,1,0.0888801541174974,0.116232685350477,-0.0273525312329792,TANGENT_WIN,FULL4D_CML_STATIONARY,3294,6588,2.9080229
MC1_K2_N1_L1_SP18_P1_R08,18,P1,WHITE,1,8,1,1,-20.7699486242865,-20.7597018740248,2.95158722341945e-13,0,1,0.087355278607717,0.0784345350394164,0.00892074356830061,TANGENT_LOSS,FULL4D_CML_CONVERGED,3100,6200,2.7594185
MC1_K2_N1_L1_SP18_P1_R09,18,P1,WHITE,1,9,1,1,-23.6185364096281,-18.2694680577853,3.35639589502934e-13,0,1,0.112239766935518,0.130347884992081,-0.0181081180565631,TANGENT_WIN,FULL4D_CML_MAX_SWEEPS_VALID,5019,10038,4.4386129
MC1_K2_N1_L1_SP18_P1_R10,18,P1,WHITE,1,10,1,1,-30.2462525456692,-30.0186708139481,4.29825100605814e-13,0,1,0.0872859818515183,0.119665014790252,-0.0323790329387338,TANGENT_WIN,FULL4D_CML_CONVERGED,4035,8070,3.6275796
MC1_K2_N1_L1_SP18_P2_R01,18,P2,WHITE,1,1,1,1,-39.3929365130458,-38.7418979580664,5.5980729759207e-13,0,1,0.110316538684102,0.423039020719683,-0.312722482035581,TANGENT_WIN,FULL4D_CML_MAX_SWEEPS_VALID,5284,10568,4.7089858
MC1_K2_N1_L1_SP18_P2_R02,18,P2,WHITE,1,2,1,1,-31.2149981499181,-30.9883481794572,4.43591803643785e-13,0,1,0.33166247903554,0.355151269756282,-0.0234887907207421,TANGENT_WIN,FULL4D_CML_CONVERGED,1786,3572,1.655162
MC1_K2_N1_L1_SP18_P2_R03,18,P2,WHITE,1,3,1,1,-22.7027124901032,-18.4115796804068,3.22624948837858e-13,0,1,0.171896115623821,0.442248979790932,-0.270352864167111,TANGENT_WIN,FULL4D_CML_MAX_SWEEPS_VALID,3051,6102,2.7578915
MC1_K2_N1_L1_SP18_P2_R04,18,P2,WHITE,1,4,1,1,-29.7448484973155,-29.4304442391282,4.22699720521045e-13,0,1,0.223606797749979,0.226314483452226,-0.00270768570224653,TANGENT_WIN,FULL4D_CML_MAX_SWEEPS_VALID,3551,7102,3.1284664
MC1_K2_N1_L1_SP18_P2_R05,18,P2,WHITE,1,5,1,1,-23.9991572657335,-23.166086560465,3.41048537190623e-13,0,1,0.135122982489577,0.193200038393068,-0.0580770559034912,TANGENT_WIN,FULL4D_CML_MAX_SWEEPS_VALID,4944,9888,4.4486597
MC1_K2_N1_L1_SP18_P2_R06,18,P2,WHITE,1,6,1,1,-29.322232245643,-28.822265678609,4.16693982368244e-13,0,1,0.458257569495584,0.427572958292694,0.0306846112028897,TANGENT_LOSS,FULL4D_CML_MAX_SWEEPS_VALID,2411,4822,2.2027131
MC1_K2_N1_L1_SP18_P2_R07,18,P2,WHITE,1,7,1,1,-17.213106332443,-15.6355272985613,2.44612953287671e-13,0,1,0.203367375225895,0.292902007203033,-0.089534631977138,TANGENT_WIN,FULL4D_CML_CONVERGED,4942,9884,4.3827931
MC1_K2_N1_L1_SP18_P2_R08,18,P2,WHITE,1,8,1,1,-24.4333500043895,-23.3155729508894,3.47218787118059e-13,0,1,0.223606797749979,0.301864834851106,-0.0782580371011268,TANGENT_WIN,FULL4D_CML_CONVERGED,3465,6930,3.0345857
MC1_K2_N1_L1_SP18_P2_R09,18,P2,WHITE,1,9,1,1,-18.9874190152838,-18.9028565721008,2.69827453042862e-13,0,1,0.116925716263421,0.166810262004211,-0.0498845457407901,TANGENT_WIN,FULL4D_CML_MAX_SWEEPS_VALID,5369,10738,4.8727197
MC1_K2_N1_L1_SP18_P2_R10,18,P2,WHITE,1,10,1,1,-21.6927479403679,-20.977859598569,3.08272489354066e-13,0,1,0.299999999999999,0.294613646991812,0.00538635300818657,TANGENT_LOSS,FULL4D_CML_MAX_SWEEPS_VALID,2431,4862,2.2066788
MC1_K2_N1_L1_SP18_P3_R01,18,P3,WHITE,1,1,1,1,-32.6106014351551,-32.7292291336756,4.63424519170347e-13,1,0,0.0998178278800186,0.0594854050235019,0.0403324228565167,TANGENT_LOSS,FULL4D_CML_MAX_SWEEPS_VALID,5198,10396,4.6134675
MC1_K2_N1_L1_SP18_P3_R02,18,P3,WHITE,1,2,1,1,-31.0646355660443,-30.9714104945074,4.41455022809752e-13,0,1,0.0838827614985601,0.0745758706586397,0.00930689083992044,TANGENT_LOSS,FULL4D_CML_MAX_SWEEPS_VALID,5263,10526,4.8166174
MC1_K2_N1_L1_SP18_P3_R03,18,P3,WHITE,1,3,1,1,-26.2216215409496,-26.1569722376084,3.72631654115446e-13,0,1,0.0314175822509437,0.0262110313596052,0.00520655089133854,TANGENT_LOSS,FULL4D_CML_CONVERGED,835,1670,0.7699391
MC1_K2_N1_L1_SP18_P3_R04,18,P3,WHITE,1,4,1,1,-32.0596725825983,-31.9256939885975,4.55595349288249e-13,0,1,0.0670015286624133,0.112958070906616,-0.0459565422442027,TANGENT_WIN,FULL4D_CML_MAX_SWEEPS_VALID,5023,10046,4.4838745
MC1_K2_N1_L1_SP18_P3_R05,18,P3,WHITE,1,5,1,1,-29.2210390768031,-28.9247628124113,4.15255940947689e-13,0,1,0.0433186156627675,0.168372258576037,-0.125053642913269,TANGENT_WIN,FULL4D_CML_CONVERGED,4725,9450,4.198925
MC1_K2_N1_L1_SP18_P3_R06,18,P3,WHITE,1,6,1,1,-19.9069799657797,-19.8822357132517,2.82895200112132e-13,0,1,0.0443671712849246,0.0493454676148696,-0.00497829632994503,TANGENT_WIN,FULL4D_CML_STATIONARY,2190,4380,1.9692111
MC1_K2_N1_L1_SP18_P3_R07,18,P3,WHITE,1,7,1,1,-36.9223589225607,-36.2361644496325,5.24698278391052e-13,0,1,0.0838213736138088,0.398709991367994,-0.314888617754185,TANGENT_WIN,FULL4D_CML_MAX_SWEEPS_VALID,4349,8698,3.9080497
MC1_K2_N1_L1_SP18_P3_R08,18,P3,WHITE,1,8,1,1,-34.6836885579855,-34.1851707776163,4.92884859084846e-13,0,1,0.301039864469806,0.481251553697259,-0.180211689227453,TANGENT_WIN,FULL4D_CML_MAX_SWEEPS_VALID,4338,8676,3.9337196
MC1_K2_N1_L1_SP18_P3_R09,18,P3,WHITE,1,9,1,1,-27.8669079770157,-27.6769812435389,3.96012580623274e-13,0,1,0.0805013128769102,0.267397213412563,-0.186895900535652,TANGENT_WIN,FULL4D_CML_MAX_SWEEPS_VALID,5037,10074,4.5966718
MC1_K2_N1_L1_SP18_P3_R10,18,P3,WHITE,1,10,1,1,-28.5541147840151,-28.5898345239452,4.0577837671684e-13,1,0,0.0852896223635334,0.0580683808046536,0.0272212415588798,TANGENT_LOSS,FULL4D_CML_STATIONARY,3583,7166,3.1941663
MC1_K2_N1_L1_SP18_P4_R01,18,P4,WHITE,1,1,1,1,-35.7195550329352,-35.283477131313,5.07605407064705e-13,0,1,0.111707246481833,0.376822192907773,-0.26511494642594,TANGENT_WIN,FULL4D_CML_MAX_SWEEPS_VALID,5053,10106,4.4600532
MC1_K2_N1_L1_SP18_P4_R02,18,P4,WHITE,1,2,1,1,-33.8516786526831,-33.6884460740023,4.81061287198985e-13,0,1,0.365768774725787,0.471858421499589,-0.106089646773802,TANGENT_WIN,FULL4D_CML_MAX_SWEEPS_VALID,3993,7986,3.555628
MC1_K2_N1_L1_SP18_P4_R03,18,P4,WHITE,1,3,1,1,-23.7772455886815,-23.6697152291085,3.37894982588431e-13,0,1,0.0790264441174915,0.131494827642464,-0.0524683835249725,TANGENT_WIN,FULL4D_CML_MAX_SWEEPS_VALID,4866,9732,4.341706
MC1_K2_N1_L1_SP18_P4_R04,18,P4,WHITE,1,4,1,1,-30.3235106881621,-29.6670159615769,4.30923004844347e-13,0,1,0.050066623256593,0.21972833869445,-0.169661715437857,TANGENT_WIN,FULL4D_CML_MAX_SWEEPS_VALID,4301,8602,3.988002
MC1_K2_N1_L1_SP18_P4_R05,18,P4,WHITE,1,5,1,1,-23.0858723970124,-22.4992036231776,3.28069978607635e-13,0,1,0.240684299837223,0.47315076031049,-0.232466460473267,TANGENT_WIN,FULL4D_CML_MAX_SWEEPS_VALID,4959,9918,4.9146042
MC1_K2_N1_L1_SP18_P4_R06,18,P4,WHITE,1,6,1,1,-26.4850680291932,-25.9791074257508,3.76375453885106e-13,0,1,0.0580614456475682,0.475994537280203,-0.417933091632635,TANGENT_WIN,FULL4D_CML_MAX_SWEEPS_VALID,5155,10310,4.6376511
MC1_K2_N1_L1_SP18_P4_R07,18,P4,WHITE,1,7,1,1,-24.1717527258821,-23.9083155020608,3.43501266199299e-13,0,1,0.066230123896786,0.162223173154145,-0.0959930492573589,TANGENT_WIN,FULL4D_CML_MAX_SWEEPS_VALID,5050,10100,4.7432241
MC1_K2_N1_L1_SP18_P4_R08,18,P4,WHITE,1,8,1,1,-20.3923581294648,-18.9438332187127,2.89792838678193e-13,0,1,0.0522069175354187,0.345515667783663,-0.293308750248244,TANGENT_WIN,FULL4D_CML_MAX_SWEEPS_VALID,5161,10322,4.9589928
MC1_K2_N1_L1_SP18_P4_R09,18,P4,WHITE,1,9,1,1,-23.4153738375378,-23.4578343136189,3.32752475707392e-13,1,0,0.126046232888606,0.108804856785378,0.0172413761032281,TANGENT_LOSS,FULL4D_CML_MAX_SWEEPS_VALID,5012,10024,5.0198861
MC1_K2_N1_L1_SP18_P4_R10,18,P4,WHITE,1,10,1,1,-17.9042242497745,-17.7316514641787,2.54434329601942e-13,0,1,0.0496093424548594,0.0900686872575296,-0.0404593448026702,TANGENT_WIN,FULL4D_CML_MAX_SWEEPS_VALID,5139,10278,5.6777823
MC1_K2_N1_L1_SP22_P1_R01,22,P1,WHITE,1,1,1,1,-31.007526121342,-30.7369675945427,4.40643448788222e-13,0,1,0.106267966808941,0.143237957977011,-0.0369699911680701,TANGENT_WIN,FULL4D_CML_STATIONARY,3285,6570,2.8677685
MC1_K2_N1_L1_SP22_P1_R02,22,P1,WHITE,1,2,1,1,-31.2144851653137,-30.363834308291,4.43584513694101e-13,0,1,0.154490277835285,0.154530925117276,-4.06472819909076e-05,TANGENT_WIN,FULL4D_CML_MAX_SWEEPS_VALID,5568,11136,4.9905194
MC1_K2_N1_L1_SP22_P1_R03,22,P1,WHITE,1,3,1,1,-30.4458878041152,-29.0246571906732,4.32662088259622e-13,0,1,0.15303236236598,0.0348919166365413,0.118140445729439,TANGENT_LOSS,FULL4D_CML_MAX_SWEEPS_VALID,4316,8632,3.9164692
MC1_K2_N1_L1_SP22_P1_R04,22,P1,WHITE,1,4,1,1,-27.7544247834978,-27.3985492409348,3.94414098302289e-13,0,1,0.318255866504301,0.315854479943358,0.00240138656094302,TANGENT_LOSS,FULL4D_CML_MAX_SWEEPS_VALID,5309,10618,4.6787024
MC1_K2_N1_L1_SP22_P1_R05,22,P1,WHITE,1,5,1,1,-34.4741475111599,-33.9078810274542,4.89907101711536e-13,0,1,0.0915218723328528,0.121318709577291,-0.0297968372444387,TANGENT_WIN,FULL4D_CML_MAX_SWEEPS_VALID,4221,8442,3.7732608
MC1_K2_N1_L1_SP22_P1_R06,22,P1,WHITE,1,6,1,1,-25.9615534459875,-25.8795779148031,3.6893586420188e-13,0,1,0.160634428598562,0.110750418893573,0.0498840097049894,TANGENT_LOSS,FULL4D_CML_MAX_SWEEPS_VALID,5007,10014,4.4861553
MC1_K2_N1_L1_SP22_P1_R07,22,P1,WHITE,1,7,1,1,-26.1492197107515,-26.1161435337386,3.71602762225386e-13,0,1,0.101984888715853,0.114737640102805,-0.0127527513869523,TANGENT_WIN,FULL4D_CML_MAX_SWEEPS_VALID,4997,9994,4.5521711
MC1_K2_N1_L1_SP22_P1_R08,22,P1,WHITE,1,8,1,1,-20.3451594359449,-20.3477508984109,2.89122104901834e-13,1,0,0.0971108653147464,0.078397669972382,0.0187131953423644,TANGENT_LOSS,FULL4D_CML_MAX_SWEEPS_VALID,3928,7856,3.4934461
MC1_K2_N1_L1_SP22_P1_R09,22,P1,WHITE,1,9,1,1,-22.9688540727863,-18.3964750378646,3.26407048203042e-13,0,1,0.0793838019843461,0.0274436769005163,0.0519401250838298,TANGENT_LOSS,FULL4D_CML_MAX_SWEEPS_VALID,4272,8544,4.0795697
MC1_K2_N1_L1_SP22_P1_R10,22,P1,WHITE,1,10,1,1,-30.290569883156,-29.8117633844385,4.30454887850203e-13,0,1,0.0717222084147055,0.122168559443433,-0.050446351028728,TANGENT_WIN,FULL4D_CML_MAX_SWEEPS_VALID,5361,10722,4.8793783
MC1_K2_N1_L1_SP22_P2_R01,22,P2,WHITE,1,1,1,1,-39.3511411028768,-38.9388106379685,5.59213349090396e-13,0,1,0.113297700502023,0.317998882079743,-0.20470118157772,TANGENT_WIN,FULL4D_CML_MAX_SWEEPS_VALID,5077,10154,4.5040684
MC1_K2_N1_L1_SP22_P2_R02,22,P2,WHITE,1,2,1,1,-32.0156143314477,-30.8756520940687,4.54969243882142e-13,0,1,0.3,0.292960093686721,0.00703990631327939,TANGENT_LOSS,FULL4D_CML_CONVERGED,2768,5536,2.4526782
MC1_K2_N1_L1_SP22_P2_R03,22,P2,WHITE,1,3,1,1,-22.6917678393398,-18.7029446797712,3.22469415995951e-13,0,1,0.101881014410815,0.422357982019684,-0.320476967608869,TANGENT_WIN,FULL4D_CML_MAX_SWEEPS_VALID,4335,8670,3.8729907
MC1_K2_N1_L1_SP22_P2_R04,22,P2,WHITE,1,4,1,1,-29.6665905105774,-29.2948583469694,4.21587607641206e-13,0,1,0.223606797749979,0.216289420573728,0.00731737717625119,TANGENT_LOSS,FULL4D_CML_STATIONARY,1933,3866,1.7209968
MC1_K2_N1_L1_SP22_P2_R05,22,P2,WHITE,1,5,1,1,-24.04566924513,-23.0225312454752,3.41709512172343e-13,0,1,0.12601063761023,0.227752227184058,-0.101741589573828,TANGENT_WIN,FULL4D_CML_MAX_SWEEPS_VALID,5000,10000,4.5558084
MC1_K2_N1_L1_SP22_P2_R06,22,P2,WHITE,1,6,1,1,-30.6501257362976,-30.5255087357857,4.35564483841199e-13,0,1,0.223606797749979,0.199483828280032,0.0241229694699469,TANGENT_LOSS,FULL4D_CML_CONVERGED,3363,6726,2.9801221
MC1_K2_N1_L1_SP22_P2_R07,22,P2,WHITE,1,7,1,1,-16.3939876639852,-15.4162572557373,2.32972576895708e-13,0,1,0.211525310961031,0.383771347095412,-0.172246036134381,TANGENT_WIN,FULL4D_CML_MAX_SWEEPS_VALID,5000,10000,4.5065552
MC1_K2_N1_L1_SP22_P2_R08,22,P2,WHITE,1,8,1,1,-24.7981372489119,-24.1266950192175,3.52402725651926e-13,0,1,0.113621962547281,0.367330095799022,-0.253708133251741,TANGENT_WIN,FULL4D_CML_MAX_SWEEPS_VALID,4937,9874,4.3731655
MC1_K2_N1_L1_SP22_P2_R09,22,P2,WHITE,1,9,1,1,-19.1078266517284,-18.9442773434012,2.71538548470977e-13,0,1,0.102025727252194,0.174231294776296,-0.0722055675241023,TANGENT_WIN,FULL4D_CML_MAX_SWEEPS_VALID,5372,10744,4.7780131
MC1_K2_N1_L1_SP22_P2_R10,22,P2,WHITE,1,10,1,1,-21.7980641653301,-20.988937257645,3.09769122926157e-13,0,1,0.223606797749979,0.276699781033548,-0.0530929832835689,TANGENT_WIN,FULL4D_CML_MAX_SWEEPS_VALID,1905,3810,1.7052682
MC1_K2_N1_L1_SP22_P3_R01,22,P3,WHITE,1,1,1,1,-32.6265634057791,-32.659804566525,4.63651352415853e-13,1,0,0.0854703437032447,0.041813727115946,0.0436566165872987,TANGENT_LOSS,FULL4D_CML_MAX_SWEEPS_VALID,5327,10654,4.7126186
MC1_K2_N1_L1_SP22_P3_R02,22,P3,WHITE,1,2,1,1,-31.0551021039407,-30.8996881971089,4.41319544164865e-13,0,1,0.0783313962653324,0.0713766890858095,0.0069547071795229,TANGENT_LOSS,FULL4D_CML_MAX_SWEEPS_VALID,5247,10494,4.7913429
MC1_K2_N1_L1_SP22_P3_R03,22,P3,WHITE,1,3,1,1,-26.1836170392497,-26.1220647045339,3.72091577663265e-13,0,1,0.019969907374509,0.0255361418256654,-0.00556623445115641,TANGENT_WIN,FULL4D_CML_STATIONARY,748,1496,0.6988813
MC1_K2_N1_L1_SP22_P3_R04,22,P3,WHITE,1,4,1,1,-32.0326918831952,-31.8436719487724,4.55211930488917e-13,0,1,0.042535846143703,0.142964491621024,-0.100428645477321,TANGENT_WIN,FULL4D_CML_MAX_SWEEPS_VALID,5027,10054,4.4396248
MC1_K2_N1_L1_SP22_P3_R05,22,P3,WHITE,1,5,1,1,-29.1750851462759,-28.8061598934282,4.14602896317375e-13,0,1,0.0346341994777492,0.164322497068991,-0.129688297591242,TANGENT_WIN,FULL4D_CML_MAX_SWEEPS_VALID,4786,9572,4.2898825
MC1_K2_N1_L1_SP22_P3_R06,22,P3,WHITE,1,6,1,1,-19.7803791271367,-19.7417052250246,2.81096093987354e-13,0,1,0.0336681880552072,0.0371251914125333,-0.00345700335732609,TANGENT_WIN,FULL4D_CML_STATIONARY,1949,3898,1.7746359
MC1_K2_N1_L1_SP22_P3_R07,22,P3,WHITE,1,7,1,1,-36.8277481171063,-36.5075986181215,5.23353777980252e-13,0,1,0.0871590996676855,0.335724235091782,-0.248565135424097,TANGENT_WIN,FULL4D_CML_MAX_SWEEPS_VALID,3923,7846,3.5314665
MC1_K2_N1_L1_SP22_P3_R08,22,P3,WHITE,1,8,1,1,-34.6696145702211,-34.4145228279196,4.92684855689463e-13,0,1,0.301039864469806,0.317698666712331,-0.0166588022425253,TANGENT_WIN,FULL4D_CML_MAX_SWEEPS_VALID,4914,9828,4.3546893
MC1_K2_N1_L1_SP22_P3_R09,22,P3,WHITE,1,9,1,1,-27.8353858524215,-27.7802797585778,3.95564624290351e-13,0,1,0.0769558948669913,0.181008590344398,-0.104052695477407,TANGENT_WIN,FULL4D_CML_MAX_SWEEPS_VALID,5045,10090,4.5585403
MC1_K2_N1_L1_SP22_P3_R10,22,P3,WHITE,1,10,1,1,-28.5724463182761,-28.6137464917415,4.0603888348693e-13,1,0,0.0507839117284004,0.0419582188239068,0.00882569290449358,TANGENT_LOSS,FULL4D_CML_CONVERGED,3306,6612,2.9918549
MC1_K2_N1_L1_SP22_P4_R01,22,P4,WHITE,1,1,1,1,-35.7483861308844,-35.4802991130399,5.0801512160894e-13,0,1,0.0773157022399491,0.332248020787276,-0.254932318547327,TANGENT_WIN,FULL4D_CML_MAX_SWEEPS_VALID,5046,10092,4.5191025
MC1_K2_N1_L1_SP22_P4_R02,22,P4,WHITE,1,2,1,1,-33.9265717495527,-33.6794527728754,4.8212558211777e-13,0,1,0.190036695928572,0.261002846577578,-0.0709661506490061,TANGENT_WIN,FULL4D_CML_MAX_SWEEPS_VALID,3936,7872,3.6079079
MC1_K2_N1_L1_SP22_P4_R03,22,P4,WHITE,1,3,1,1,-23.7352110277722,-23.5895631736857,3.37297635550331e-13,0,1,0.0693582286769503,0.11898067339659,-0.0496224447196399,TANGENT_WIN,FULL4D_CML_MAX_SWEEPS_VALID,4906,9812,4.4553877
MC1_K2_N1_L1_SP22_P4_R04,22,P4,WHITE,1,4,1,1,-30.3120206013757,-29.6600923423601,4.3075972089036e-13,0,1,0.0501797561283323,0.18669090192817,-0.136511145799838,TANGENT_WIN,FULL4D_CML_MAX_SWEEPS_VALID,4974,9948,4.4307024
MC1_K2_N1_L1_SP22_P4_R05,22,P4,WHITE,1,5,1,1,-23.2498159240328,-22.7332108531918,3.3039975625162e-13,0,1,0.0509031975961519,0.388911650573717,-0.338008452977565,TANGENT_WIN,FULL4D_CML_MAX_SWEEPS_VALID,4809,9618,4.2381992
MC1_K2_N1_L1_SP22_P4_R06,22,P4,WHITE,1,6,1,1,-26.5144854202837,-25.2614923558302,3.76793500155993e-13,0,1,0.0602024109290199,0.239679426439015,-0.179477015509995,TANGENT_WIN,FULL4D_CML_MAX_SWEEPS_VALID,5176,10352,4.8514631
MC1_K2_N1_L1_SP22_P4_R07,22,P4,WHITE,1,7,1,1,-24.1589241168262,-23.9354251248796,3.43318960699807e-13,0,1,0.0599676826499949,0.373317076282983,-0.313349393632988,TANGENT_WIN,FULL4D_CML_MAX_SWEEPS_VALID,5002,10004,4.9576685
MC1_K2_N1_L1_SP22_P4_R08,22,P4,WHITE,1,8,1,1,-20.3111109198734,-19.1592192342008,2.88638246386674e-13,0,1,0.05501695480621,0.19920662564434,-0.14418967083813,TANGENT_WIN,FULL4D_CML_MAX_SWEEPS_VALID,5112,10224,4.7897532
MC1_K2_N1_L1_SP22_P4_R09,22,P4,WHITE,1,9,1,1,-23.4930801371835,-23.5785207033079,3.33856748642113e-13,1,0,0.122371200047368,0.0832248321939879,0.0391463678533801,TANGENT_LOSS,FULL4D_CML_MAX_SWEEPS_VALID,4938,9876,5.0698658
MC1_K2_N1_L1_SP22_P4_R10,22,P4,WHITE,1,10,1,1,-17.8841285434287,-17.7617499757057,2.54148752438663e-13,0,1,0.0497793544332987,0.0917037900956037,-0.041924435662305,TANGENT_WIN,FULL4D_CML_MAX_SWEEPS_VALID,5034,10068,5.3882721
MC1_K2_N1_L1_SP6_P1_R01,6,P1,WHITE,1,1,1,1,-30.8807491980664,-30.855768697927,4.38841840350312e-13,0,1,0.50278660733479,0.499625855582868,0.00316075175192165,TANGENT_LOSS,FULL4D_CML_STATIONARY,797,1594,0.728039
MC1_K2_N1_L1_SP6_P1_R02,6,P1,WHITE,1,2,1,1,-30.3389731441933,-30.3389731441933,4.31142739560546e-13,0,1,0.544457512412142,0.544457512412142,3.33066907387547e-16,TIE,FULL4D_CML_STATIONARY,1442,2884,1.3360937
MC1_K2_N1_L1_SP6_P1_R03,6,P1,WHITE,1,3,1,1,-29.6822745948635,-29.2662341665547,4.21810491884337e-13,0,1,0.137333133996172,0.121219075247963,0.0161140587482091,TANGENT_LOSS,FULL4D_CML_MAX_SWEEPS_VALID,3535,7070,3.2274651
MC1_K2_N1_L1_SP6_P1_R04,6,P1,WHITE,1,4,1,1,-27.7929322082517,-27.6474160934226,3.94961321720923e-13,0,1,0.511162201815044,0.547868479398065,-0.0367062775830211,TANGENT_WIN,FULL4D_CML_MAX_SWEEPS_VALID,2732,5464,2.4786753
MC1_K2_N1_L1_SP6_P1_R05,6,P1,WHITE,1,5,1,1,-34.3565375443873,-34.1398938527043,4.88235763560671e-13,0,1,0.369369710211893,0.141088856385656,0.228280853826237,TANGENT_LOSS,FULL4D_CML_CONVERGED,1909,3818,1.6870268
MC1_K2_N1_L1_SP6_P1_R06,6,P1,WHITE,1,6,1,1,-26.365868987684,-26.0348617551623,3.74681533624027e-13,0,1,0.509974110253459,0.341375593065881,0.168598517187578,TANGENT_LOSS,FULL4D_CML_MAX_SWEEPS_VALID,5229,10458,4.722956
MC1_K2_N1_L1_SP6_P1_R07,6,P1,WHITE,1,7,1,1,-26.6068242749505,-26.4885702638394,3.78105714204231e-13,0,1,0.154698520437187,0.163069471441014,-0.00837095100382715,TANGENT_WIN,FULL4D_CML_CONVERGED,2863,5726,2.584503
MC1_K2_N1_L1_SP6_P1_R08,6,P1,WHITE,1,8,1,1,-21.3281666028704,-21.4985808221895,3.03091476935015e-13,1,0,0.280538532538893,0.185489816909971,0.0950487156289221,TANGENT_LOSS,FULL4D_CML_CONVERGED,1080,2160,0.9824733
MC1_K2_N1_L1_SP6_P1_R09,6,P1,WHITE,1,9,1,1,-22.109538937837,-18.6371392906574,3.14195445665703e-13,0,1,0.421482130413158,0.175767761042545,0.245714369370613,TANGENT_LOSS,FULL4D_CML_CONVERGED,2013,4026,1.9220953
MC1_K2_N1_L1_SP6_P1_R10,6,P1,WHITE,1,10,1,1,-30.4975001068078,-30.3804418476712,4.33395543194703e-13,0,1,0.128139044191636,0.123042928015539,0.00509611617609694,TANGENT_LOSS,FULL4D_CML_CONVERGED,2323,4646,2.0529128
MC1_K2_N1_L1_SP6_P2_R01,6,P2,WHITE,1,1,1,1,-39.3722127599764,-38.6560389997026,5.59512795348047e-13,0,1,0.33166247903554,0.830088099581439,-0.498425620545899,TANGENT_WIN,FULL4D_CML_STATIONARY,4880,9760,4.2915589
MC1_K2_N1_L1_SP6_P2_R02,6,P2,WHITE,1,2,1,1,-31.9611331040273,-31.9611331040273,4.54195019074565e-13,0,1,0.556776436283002,0.556776436283002,2.22044604925031e-16,TIE,FULL4D_CML_STATIONARY,548,1096,0.5092764
MC1_K2_N1_L1_SP6_P2_R03,6,P2,WHITE,1,3,1,1,-21.9868917419961,-18.6951584673788,3.12452524184381e-13,0,1,0.624499799839839,0.691953738113073,-0.0674539382732343,TANGENT_WIN,FULL4D_CML_MAX_SWEEPS_VALID,4912,9824,4.3942244
MC1_K2_N1_L1_SP6_P2_R04,6,P2,WHITE,1,4,1,1,-29.8724452064518,-29.4746735966209,4.24512978816719e-13,0,1,0.173205080756887,0.321476303828151,-0.148271223071264,TANGENT_WIN,FULL4D_CML_MAX_SWEEPS_VALID,3439,6878,3.1545401
MC1_K2_N1_L1_SP6_P2_R05,6,P2,WHITE,1,5,1,1,-23.7373075462618,-23.6484623677536,3.37327428869995e-13,0,1,0.519615242270663,0.624971709811795,-0.105356467541132,TANGENT_WIN,FULL4D_CML_MAX_SWEEPS_VALID,3008,6016,2.6830466
MC1_K2_N1_L1_SP6_P2_R06,6,P2,WHITE,1,6,1,1,-28.7878665802755,-28.7878665802755,4.09100189532914e-13,0,1,0.574456264653802,0.574456264653802,-4.44089209850063e-16,TIE,FULL4D_CML_STATIONARY,1075,2150,0.9558206
MC1_K2_N1_L1_SP6_P2_R07,6,P2,WHITE,1,7,1,1,-16.1518748900354,-16.1518748900354,2.29531947440412e-13,0,1,0.574456264653802,0.574456264653802,-4.44089209850063e-16,TIE,FULL4D_CML_STATIONARY,863,1726,0.7892373
MC1_K2_N1_L1_SP6_P2_R08,6,P2,WHITE,1,8,1,1,-23.7552471963261,-23.7552471963261,3.375823666307e-13,0,1,0.458257569495584,0.458257569495584,1.11022302462516e-16,TIE,FULL4D_CML_STATIONARY,660,1320,0.5747962
MC1_K2_N1_L1_SP6_P2_R09,6,P2,WHITE,1,9,1,1,-18.9814812570876,-18.9048113674316,2.69743072423802e-13,0,1,0.151668061912108,0.141237532851369,0.0104305290607385,TANGENT_LOSS,FULL4D_CML_MAX_SWEEPS_VALID,3395,6790,3.0964011
MC1_K2_N1_L1_SP6_P2_R10,6,P2,WHITE,1,10,1,1,-21.5825476425445,-21.2248180924784,3.06706448932125e-13,0,1,0.556776436283001,0.589678097272927,-0.0329016609899259,TANGENT_WIN,FULL4D_CML_MAX_SWEEPS_VALID,3155,6310,2.8075248
MC1_K2_N1_L1_SP6_P3_R01,6,P3,WHITE,1,1,1,1,-33.7853989039567,-33.0477926152504,4.80119395319274e-13,0,1,0.62098711741871,0.22673142298893,0.39425569442978,TANGENT_LOSS,FULL4D_CML_MAX_SWEEPS_VALID,2045,4090,1.9226817
MC1_K2_N1_L1_SP6_P3_R02,6,P3,WHITE,1,2,1,1,-31.0466850967939,-31.0330462612074,4.41199931299165e-13,0,1,0.172683850346503,0.169876243839815,0.00280760650668771,TANGENT_LOSS,FULL4D_CML_MAX_SWEEPS_VALID,4428,8856,3.9713884
MC1_K2_N1_L1_SP6_P3_R03,6,P3,WHITE,1,3,1,1,-27.2520969973575,-26.2029252715987,3.8727559111404e-13,0,1,0.103077640640442,0.0324938182805272,0.0705838223599148,TANGENT_LOSS,FULL4D_CML_STATIONARY,1191,2382,1.1166626
MC1_K2_N1_L1_SP6_P3_R04,6,P3,WHITE,1,4,1,1,-31.8900834985181,-31.8088715314263,4.53185343453102e-13,0,1,0.301039864469807,0.380164031170555,-0.0791241667007478,TANGENT_WIN,FULL4D_CML_MAX_SWEEPS_VALID,4145,8290,3.6620388
MC1_K2_N1_L1_SP6_P3_R05,6,P3,WHITE,1,5,1,1,-29.3548206644776,-29.2398512880021,4.17157091653701e-13,0,1,0.224999999999999,0.239200430757635,-0.0142004307576359,TANGENT_WIN,FULL4D_CML_CONVERGED,2108,4216,1.8937476
MC1_K2_N1_L1_SP6_P3_R06,6,P3,WHITE,1,6,1,1,-20.4293411811262,-20.0997369113053,2.90318399452278e-13,0,1,0.381608438061843,0.263789804703829,0.117818633358014,TANGENT_LOSS,FULL4D_CML_STATIONARY,3601,7202,3.2369806
MC1_K2_N1_L1_SP6_P3_R07,6,P3,WHITE,1,7,1,1,-36.5177896643869,-35.8447066715297,5.18949003440908e-13,0,1,0.413067791046457,0.56307795335623,-0.150010162309773,TANGENT_WIN,FULL4D_CML_STATIONARY,4396,8792,4.0288752
MC1_K2_N1_L1_SP6_P3_R08,6,P3,WHITE,1,8,1,1,-34.1693419422046,-33.960357281339,4.85575554054728e-13,0,1,0.574999999999999,0.628986013891555,-0.0539860138915559,TANGENT_WIN,FULL4D_CML_MAX_SWEEPS_VALID,4172,8344,3.7199341
MC1_K2_N1_L1_SP6_P3_R09,6,P3,WHITE,1,9,1,1,-27.622413179319,-27.5232336973142,3.92538100574583e-13,0,1,0.430842198490352,0.428582791091005,0.00225940739934727,TANGENT_LOSS,FULL4D_CML_CONVERGED,2341,4682,2.0851413
MC1_K2_N1_L1_SP6_P3_R10,6,P3,WHITE,1,10,1,1,-28.4526369414771,-28.4103336173064,4.04336289839721e-13,0,1,0.62098711741871,0.203515945954902,0.417471171463808,TANGENT_LOSS,FULL4D_CML_MAX_SWEEPS_VALID,2879,5758,2.5381309
MC1_K2_N1_L1_SP6_P4_R01,6,P4,WHITE,1,1,1,1,-35.5857599469765,-35.4202037074147,5.05704064536538e-13,0,1,0.452769256906871,0.423602588309709,0.0291666685971616,TANGENT_LOSS,FULL4D_CML_MAX_SWEEPS_VALID,5057,10114,4.6667283
MC1_K2_N1_L1_SP6_P4_R02,6,P4,WHITE,1,2,1,1,-34.1479839660984,-34.0115353076663,4.85272038959272e-13,0,1,0.593779077712247,0.217941693138589,0.375837384573658,TANGENT_LOSS,FULL4D_CML_MAX_SWEEPS_VALID,2422,4844,2.1769877
MC1_K2_N1_L1_SP6_P4_R03,6,P4,WHITE,1,3,1,1,-23.4749452967238,-23.4610702543611,3.33599037059057e-13,0,1,0.433507707184237,0.388499813940267,0.0450078932439703,TANGENT_LOSS,FULL4D_CML_STATIONARY,1124,2248,1.0266048
MC1_K2_N1_L1_SP6_P4_R04,6,P4,WHITE,1,4,1,1,-30.2634599014844,-30.0902577058876,4.30069631839336e-13,0,1,0.0960909498383444,0.191075677217718,-0.0949847273793739,TANGENT_WIN,FULL4D_CML_MAX_SWEEPS_VALID,2178,4356,2.0151491
MC1_K2_N1_L1_SP6_P4_R05,6,P4,WHITE,1,5,1,1,-22.6175340237544,-22.4060584496472,3.21414490027712e-13,0,1,0.509553393611182,0.510601143839824,-0.00104775022864156,TANGENT_WIN,FULL4D_CML_STATIONARY,2050,4100,1.9523423
MC1_K2_N1_L1_SP6_P4_R06,6,P4,WHITE,1,6,1,1,-26.4596434491618,-26.4311596760687,3.76014148872085e-13,0,1,0.117917859552344,0.0862203759372006,0.0316974836151434,TANGENT_LOSS,FULL4D_CML_CONVERGED,1335,2670,1.2993999
MC1_K2_N1_L1_SP6_P4_R07,6,P4,WHITE,1,7,1,1,-24.2819376182604,-23.9843378647469,3.45067087696697e-13,0,1,0.140433231633257,0.366351368312337,-0.22591813667908,TANGENT_WIN,FULL4D_CML_MAX_SWEEPS_VALID,3591,7182,3.339979
MC1_K2_N1_L1_SP6_P4_R08,6,P4,WHITE,1,8,1,1,-19.5497397080553,-18.5883427844461,2.77818510711189e-13,0,1,0.551168573636418,0.616810865527371,-0.0656422918909526,TANGENT_WIN,FULL4D_CML_MAX_SWEEPS_VALID,2728,5456,2.5349317
MC1_K2_N1_L1_SP6_P4_R09,6,P4,WHITE,1,9,1,1,-23.2448866250924,-23.4156199632211,3.3032970670053e-13,1,0,0.161609534567408,0.0968883456789712,0.0647211888884368,TANGENT_LOSS,FULL4D_CML_STATIONARY,2560,5120,2.4211012
MC1_K2_N1_L1_SP6_P4_R10,6,P4,WHITE,1,10,1,1,-18.0966687338458,-17.7585271473214,2.57169130205821e-13,0,1,0.061198642201514,0.0859423971046072,-0.0247437549030932,TANGENT_WIN,FULL4D_CML_MAX_SWEEPS_VALID,5248,10496,4.9244161
MC1_K2_N1_L4_SM6_P1_R01,-6,P1,WHITE,4,1,1,1,-121.920207504634,-121.730000186175,1.73259035569563e-12,0,1,0.50278660733479,0.217084484035532,0.285702123299258,TANGENT_LOSS,FULL4D_CML_CONVERGED,1208,2416,1.3146065
MC1_K2_N1_L4_SM6_P1_R02,-6,P1,WHITE,4,2,1,1,-125.658925842297,-125.530748692756,1.78572073881323e-12,0,1,0.55,0.56846463484904,-0.0184646348490402,TANGENT_WIN,FULL4D_CML_MAX_SWEEPS_VALID,3946,7892,3.5067011
MC1_K2_N1_L4_SM6_P1_R03,-6,P1,WHITE,4,3,1,1,-114.67417650462,-113.880524614505,1.62961806189259e-12,0,1,0.316344105569879,0.557897939907326,-0.241553834337447,TANGENT_WIN,FULL4D_CML_MAX_SWEEPS_VALID,4943,9886,4.332197
MC1_K2_N1_L4_SM6_P1_R04,-6,P1,WHITE,4,4,1,1,-116.702111955352,-115.334700047215,1.65843675795475e-12,0,1,0.425777872328288,0.217389194862229,0.208388677466059,TANGENT_LOSS,FULL4D_CML_MAX_SWEEPS_VALID,2721,5442,2.626677
MC1_K2_N1_L4_SM6_P1_R05,-6,P1,WHITE,4,5,1,1,-124.588602896399,-124.469243789267,1.77051053493072e-12,0,1,0.425777872328288,0.322684113121139,0.103093759207149,TANGENT_LOSS,FULL4D_CML_CONVERGED,1120,2240,1.0343892
MC1_K2_N1_L4_SM6_P1_R06,-6,P1,WHITE,4,6,1,1,-125.828480792017,-125.5126747916,1.78813025956994e-12,0,1,0.509974110253459,0.124657898996537,0.385316211256922,TANGENT_LOSS,FULL4D_CML_CONVERGED,2766,5532,2.4235766
MC1_K2_N1_L4_SM6_P1_R07,-6,P1,WHITE,4,7,1,1,-120.950264393583,-120.730467607299,1.71880663506248e-12,0,1,0.617484248029375,0.649761286324041,-0.0322770382946661,TANGENT_WIN,FULL4D_CML_STATIONARY,857,1714,0.7830099
MC1_K2_N1_L4_SM6_P1_R08,-6,P1,WHITE,4,8,1,1,-107.294978642949,-107.06837884231,1.52475335316565e-12,0,1,0.548895979730589,0.649454316209247,-0.100558336478658,TANGENT_WIN,FULL4D_CML_STATIONARY,1939,3878,1.6696002
MC1_K2_N1_L4_SM6_P1_R09,-6,P1,WHITE,4,9,1,1,-119.392713602305,-118.016227579869,1.69667250705608e-12,0,1,0.245099149588094,0.163091160054248,0.0820079895338465,TANGENT_LOSS,FULL4D_CML_CONVERGED,1312,2624,1.2123163
MC1_K2_N1_L4_SM6_P1_R10,-6,P1,WHITE,4,10,1,1,-138.122687248266,-137.567598546483,1.96284144135839e-12,0,1,0.617484248029375,0.610192479089174,0.007291768940201,TANGENT_LOSS,FULL4D_CML_MAX_SWEEPS_VALID,3854,7708,3.3884088
MC1_K2_N1_L4_SM6_P2_R01,-6,P2,WHITE,4,1,1,1,-118.855686861784,-116.444237529517,1.68904089806836e-12,0,1,0.624499799839839,0.276212474994279,0.34828732484556,TANGENT_LOSS,FULL4D_CML_CONVERGED,1209,2418,1.0940282
MC1_K2_N1_L4_SM6_P2_R02,-6,P2,WHITE,4,2,1,1,-113.288070296435,-113.039012392104,1.60992030794823e-12,0,1,0.360555127546399,0.23739502366872,0.123160103877679,TANGENT_LOSS,FULL4D_CML_CONVERGED,1119,2238,1.0046607
MC1_K2_N1_L4_SM6_P2_R03,-6,P2,WHITE,4,3,1,1,-132.587883507198,-132.576985260481,1.88418714951692e-12,0,1,0.3,0.292570854972381,0.00742914502761904,TANGENT_LOSS,FULL4D_CML_STATIONARY,947,1894,0.8940652
MC1_K2_N1_L4_SM6_P2_R04,-6,P2,WHITE,4,4,1,1,-114.084747524921,-113.71132109616,1.62124177229715e-12,0,1,0.435889894354067,0.458037191462482,-0.0221472971084147,TANGENT_WIN,FULL4D_CML_STATIONARY,1374,2748,1.3651257
MC1_K2_N1_L4_SM6_P2_R05,-6,P2,WHITE,4,5,1,1,-124.641183298049,-124.279814062449,1.77125774737944e-12,0,1,0.574456264653802,0.366531578145749,0.207924686508053,TANGENT_LOSS,FULL4D_CML_MAX_SWEEPS_VALID,1994,3988,1.7657859
MC1_K2_N1_L4_SM6_P2_R06,-6,P2,WHITE,4,6,1,1,-116.457221637238,-115.854257554777,1.65495665722287e-12,0,1,0.299999999999999,0.196245107681647,0.103754892318352,TANGENT_LOSS,FULL4D_CML_CONVERGED,997,1994,0.9269434
MC1_K2_N1_L4_SM6_P2_R07,-6,P2,WHITE,4,7,1,1,-119.764127511037,-119.040194391914,1.70195061615227e-12,0,1,0.714142842854284,0.753793258684935,-0.0396504158306508,TANGENT_WIN,FULL4D_CML_MAX_SWEEPS_VALID,3404,6808,3.1919258
MC1_K2_N1_L4_SM6_P2_R08,-6,P2,WHITE,4,8,1,1,-120.202804794577,-120.003619450831,1.70818459529552e-12,0,1,0.113251253181271,0.372865294279151,-0.25961404109788,TANGENT_WIN,FULL4D_CML_MAX_SWEEPS_VALID,3705,7410,3.4211969
MC1_K2_N1_L4_SM6_P2_R09,-6,P2,WHITE,4,9,1,1,-117.431089002104,-116.985948462756,1.66879614485686e-12,0,1,0.728010988928051,0.734494535934625,-0.00648354700657383,TANGENT_WIN,FULL4D_CML_CONVERGED,1647,3294,1.5343378
MC1_K2_N1_L4_SM6_P2_R10,-6,P2,WHITE,4,10,1,1,-113.869591392583,-112.93368248456,1.61818421975941e-12,0,1,0.714142842854284,0.484313580997567,0.229829261856717,TANGENT_LOSS,FULL4D_CML_MAX_SWEEPS_VALID,3588,7176,3.3007753
MC1_K2_N1_L4_SM6_P3_R01,-6,P3,WHITE,4,1,1,1,-121.407579182264,-120.640275207245,1.72530546908354e-12,0,1,0.50062460986252,0.242855837296752,0.257768772565768,TANGENT_LOSS,FULL4D_CML_CONVERGED,2029,4058,1.9041596
MC1_K2_N1_L4_SM6_P3_R02,-6,P3,WHITE,4,2,1,1,-122.933530702164,-122.417925374377,1.74699054443528e-12,0,1,0.340036762718387,0.464137566412929,-0.124100803694542,TANGENT_WIN,FULL4D_CML_CONVERGED,2602,5204,2.4165605
MC1_K2_N1_L4_SM6_P3_R03,-6,P3,WHITE,4,3,1,1,-123.391697762237,-123.391697762237,1.75350148996127e-12,0,1,0.515388203202207,0.515388203202207,0,TIE,FULL4D_CML_STATIONARY,492,984,0.4613036
MC1_K2_N1_L4_SM6_P3_R04,-6,P3,WHITE,4,4,1,1,-120.054311782945,-120.038589566215,1.706074382681e-12,0,1,0.515388203202207,0.530837557117229,-0.0154493539150217,TANGENT_WIN,FULL4D_CML_STATIONARY,1965,3930,1.70868
MC1_K2_N1_L4_SM6_P3_R05,-6,P3,WHITE,4,5,1,1,-108.539634296122,-108.183713336938,1.54244097382335e-12,0,1,0.442295150323853,0.180998990532107,0.261296159791746,TANGENT_LOSS,FULL4D_CML_MAX_SWEEPS_VALID,3435,6870,3.1311151
MC1_K2_N1_L4_SM6_P3_R06,-6,P3,WHITE,4,6,1,1,-117.187600575714,-116.646113985859,1.66533596620459e-12,0,1,0.62098711741871,0.618628775287173,0.00235834213153685,TANGENT_LOSS,FULL4D_CML_STATIONARY,1789,3578,1.8526116
MC1_K2_N1_L4_SM6_P3_R07,-6,P3,WHITE,4,7,1,1,-109.935872730213,-108.909410865399,1.56228271535799e-12,0,1,0.539096466321195,0.374666022679026,0.164430443642169,TANGENT_LOSS,FULL4D_CML_MAX_SWEEPS_VALID,2742,5484,2.830981
MC1_K2_N1_L4_SM6_P3_R08,-6,P3,WHITE,4,8,1,1,-123.078151473986,-122.713792925975,1.74904572921244e-12,0,1,0.608789783094296,0.609309065260469,-0.000519282166172808,TANGENT_WIN,FULL4D_CML_STATIONARY,1820,3640,1.8714494
MC1_K2_N1_L4_SM6_P3_R09,-6,P3,WHITE,4,9,1,1,-123.509972396857,-122.863436929995,1.75518227361034e-12,0,1,0.539096466321195,0.630679651199535,-0.0915831848783402,TANGENT_WIN,FULL4D_CML_MAX_SWEEPS_VALID,2342,4684,2.9114451
MC1_K2_N1_L4_SM6_P3_R10,-6,P3,WHITE,4,10,1,1,-122.61193001462,-122.299789656264,1.74242032378828e-12,0,1,0.103077640640442,0.0705057568109643,0.0325718838294777,TANGENT_LOSS,FULL4D_CML_MAX_SWEEPS_VALID,2725,5450,2.478754
MC1_K2_N1_L4_SM6_P4_R01,-6,P4,WHITE,4,1,1,1,-115.665553843711,-115.662946024325,1.64370638122635e-12,0,1,0.183811850990091,0.182306454455335,0.00150539653475604,TANGENT_LOSS,FULL4D_CML_CONVERGED,1329,2658,1.2096965
MC1_K2_N1_L4_SM6_P4_R02,-6,P4,WHITE,4,2,1,1,-128.302678382012,-128.135727215534,1.82329072205806e-12,0,1,0.133898962610374,0.214636021290523,-0.0807370586801494,TANGENT_WIN,FULL4D_CML_CONVERGED,1429,2858,1.4979272
MC1_K2_N1_L4_SM6_P4_R03,-6,P4,WHITE,4,3,1,1,-112.349230169994,-111.917319220466,1.59657858731057e-12,0,1,0.343407821967024,0.518309972381674,-0.17490215041465,TANGENT_WIN,FULL4D_CML_MAX_SWEEPS_VALID,4711,9422,4.0777205
MC1_K2_N1_L4_SM6_P4_R04,-6,P4,WHITE,4,4,1,1,-106.583676575774,-106.23400568584,1.5146451428304e-12,0,1,0.24637082930542,0.231212651747164,0.0151581775582557,TANGENT_LOSS,FULL4D_CML_MAX_SWEEPS_VALID,3678,7356,3.8442808
MC1_K2_N1_L4_SM6_P4_R05,-6,P4,WHITE,4,5,1,1,-86.3044370906446,-86.1632237809573,1.22645981677244e-12,0,1,0.627524339419917,0.517878499741078,0.109645839678839,TANGENT_LOSS,FULL4D_CML_CONVERGED,1660,3320,1.4906614
MC1_K2_N1_L4_SM6_P4_R06,-6,P4,WHITE,4,6,1,1,-123.802825056337,-123.645145245096,1.75934396020718e-12,0,1,0.379192294969721,0.39019094476482,-0.010998649795099,TANGENT_WIN,FULL4D_CML_STATIONARY,855,1710,0.8054032
MC1_K2_N1_L4_SM6_P4_R07,-6,P4,WHITE,4,7,1,1,-116.50930535137,-116.50930535137,1.65569681131743e-12,0,1,0.593779077712247,0.593779077712247,3.33066907387547e-16,TIE,FULL4D_CML_STATIONARY,2167,4334,1.9971521
MC1_K2_N1_L4_SM6_P4_R08,-6,P4,WHITE,4,8,1,1,-107.027160872827,-105.875442897302,1.5209474337443e-12,0,1,0.622839411235459,0.643448852323681,-0.0206094410882219,TANGENT_WIN,FULL4D_CML_MAX_SWEEPS_VALID,2429,4858,2.1702586
MC1_K2_N1_L4_SM6_P4_R09,-6,P4,WHITE,4,9,1,1,-105.926818948488,-105.115364127669,1.50531063452047e-12,0,1,0.430116263352131,0.468936992409257,-0.0388207290571258,TANGENT_WIN,FULL4D_CML_MAX_SWEEPS_VALID,4136,8272,3.7358182
MC1_K2_N1_L4_SM6_P4_R10,-6,P4,WHITE,4,10,1,1,-110.906973273343,-110.164546966285,1.57608288409027e-12,0,1,0.433507707184237,0.523894112253231,-0.090386405068994,TANGENT_WIN,FULL4D_CML_STATIONARY,3893,7786,3.5238003
MC1_K2_N1_L4_SP0_P1_R01,0,P1,WHITE,4,1,1,1,-121.720845331048,-121.77803235807,1.7297572488111e-12,1,0,0.167452135065002,0.117112177989975,0.0503399570750265,TANGENT_LOSS,FULL4D_CML_STATIONARY,1624,3248,1.8796509
MC1_K2_N1_L4_SP0_P1_R02,0,P1,WHITE,4,2,1,1,-126.715319550811,-126.50400639492,1.80073299632697e-12,0,1,0.55,0.553373668587843,-0.00337366858784316,TANGENT_WIN,FULL4D_CML_MAX_SWEEPS_VALID,3871,7742,3.4543938
MC1_K2_N1_L4_SP0_P1_R03,0,P1,WHITE,4,3,1,1,-114.442961927722,-113.619145046931,1.62633230513225e-12,0,1,0.141681308325435,0.418915558126396,-0.277234249800961,TANGENT_WIN,FULL4D_CML_MAX_SWEEPS_VALID,4489,8978,3.9718737
MC1_K2_N1_L4_SP0_P1_R04,0,P1,WHITE,4,4,1,1,-116.197260501902,-115.68657056382,1.65126238729701e-12,0,1,0.193924664868227,0.236054927034593,-0.0421302621663658,TANGENT_WIN,FULL4D_CML_MAX_SWEEPS_VALID,2770,5540,2.5416454
MC1_K2_N1_L4_SP0_P1_R05,0,P1,WHITE,4,5,1,1,-124.888801463057,-124.87079636457,1.77477661314721e-12,0,1,0.258567047174863,0.180474837293883,0.0780922098809799,TANGENT_LOSS,FULL4D_CML_CONVERGED,1019,2038,0.9151258
MC1_K2_N1_L4_SP0_P1_R06,0,P1,WHITE,4,6,1,1,-125.460292716028,-125.424783844842,1.78289799231419e-12,0,1,0.227789012789232,0.111328360398624,0.116460652390608,TANGENT_LOSS,FULL4D_CML_CONVERGED,3068,6136,2.6854644
MC1_K2_N1_L4_SP0_P1_R07,0,P1,WHITE,4,7,1,1,-123.522385943463,-122.704757832235,1.75535868071766e-12,0,1,0.50278660733479,0.629988438306677,-0.127201830971887,TANGENT_WIN,FULL4D_CML_MAX_SWEEPS_VALID,2515,5030,2.2558671
MC1_K2_N1_L4_SP0_P1_R08,0,P1,WHITE,4,8,1,1,-106.778437866468,-106.595765124687,1.5174128672366e-12,0,1,0.548895979730589,0.649446332884916,-0.100550353154327,TANGENT_WIN,FULL4D_CML_STATIONARY,1938,3876,1.7644019
MC1_K2_N1_L4_SP0_P1_R09,0,P1,WHITE,4,9,1,1,-118.40594208509,-118.270040738793,1.68264964038784e-12,0,1,0.141681308325435,0.131604630636583,0.0100766776888521,TANGENT_LOSS,FULL4D_CML_CONVERGED,1082,2164,0.9644676
MC1_K2_N1_L4_SP0_P1_R10,0,P1,WHITE,4,10,1,1,-138.693464388847,-138.473461396073,1.97095267237795e-12,0,1,0.31634410556988,0.183420824239008,0.132923281330872,TANGENT_LOSS,FULL4D_CML_MAX_SWEEPS_VALID,4415,8830,3.7946704
MC1_K2_N1_L4_SP0_P2_R01,0,P2,WHITE,4,1,1,1,-116.514592166877,-116.344431366956,1.6557719414845e-12,0,1,0.158710184680337,0.198528898469323,-0.039818713788986,TANGENT_WIN,FULL4D_CML_CONVERGED,2020,4040,1.8810511
MC1_K2_N1_L4_SP0_P2_R02,0,P2,WHITE,4,2,1,1,-113.291536379098,-113.21525903792,1.60996956394538e-12,0,1,0.223606797749979,0.206738779366363,0.0168680183836161,TANGENT_LOSS,FULL4D_CML_CONVERGED,1996,3992,1.7912745
MC1_K2_N1_L4_SP0_P2_R03,0,P2,WHITE,4,3,1,1,-132.548340386053,-132.538726107077,1.88362520796734e-12,0,1,0.556776436283002,0.458257569495584,0.0985188667874181,TANGENT_LOSS,FULL4D_CML_STATIONARY,678,1356,0.5985393
MC1_K2_N1_L4_SP0_P2_R04,0,P2,WHITE,4,4,1,1,-115.063044878323,-114.212880870081,1.63514421385462e-12,0,1,0.265604936862383,0.302589839257775,-0.0369849023953921,TANGENT_WIN,FULL4D_CML_MAX_SWEEPS_VALID,2649,5298,2.6951243
MC1_K2_N1_L4_SP0_P2_R05,0,P2,WHITE,4,5,1,1,-124.140848666564,-124.140848666564,1.76414756462242e-12,0,1,0.574456264653802,0.574456264653802,-4.44089209850063e-16,TIE,FULL4D_CML_STATIONARY,856,1712,0.7815576
MC1_K2_N1_L4_SP0_P2_R06,0,P2,WHITE,4,6,1,1,-115.637969826858,-115.77878302464,1.64331438877039e-12,1,0,0.213760864443194,0.172062152141195,0.0416987123019993,TANGENT_LOSS,FULL4D_CML_STATIONARY,1387,2774,1.262126
MC1_K2_N1_L4_SP0_P2_R07,0,P2,WHITE,4,7,1,1,-119.709631629409,-118.557561902237,1.70117618309588e-12,0,1,0.728010988928051,0.730454105773392,-0.00244311684534104,TANGENT_WIN,FULL4D_CML_MAX_SWEEPS_VALID,3378,6756,2.9974643
MC1_K2_N1_L4_SP0_P2_R08,0,P2,WHITE,4,8,1,1,-120.271203884342,-120.098375536699,1.70915660482282e-12,0,1,0.117092577053931,0.175782231746228,-0.0586896546922973,TANGENT_WIN,FULL4D_CML_MAX_SWEEPS_VALID,4542,9084,4.3269933
MC1_K2_N1_L4_SP0_P2_R09,0,P2,WHITE,4,9,1,1,-118.015197829669,-117.829343238201,1.67709683054325e-12,0,1,0.699999999999999,0.723706403553584,-0.023706403553585,TANGENT_WIN,FULL4D_CML_CONVERGED,3762,7524,3.3488333
MC1_K2_N1_L4_SP0_P2_R10,0,P2,WHITE,4,10,1,1,-113.957784143395,-113.655004235257,1.61943751412814e-12,0,1,0.217476484104623,0.27990952002433,-0.0624330359197068,TANGENT_WIN,FULL4D_CML_MAX_SWEEPS_VALID,4561,9122,4.1931019
MC1_K2_N1_L4_SP0_P3_R01,0,P3,WHITE,4,1,1,1,-120.714933258029,-120.655485385739,1.71546237848516e-12,0,1,0.115291211260189,0.185407943921879,-0.0701167326616904,TANGENT_WIN,FULL4D_CML_STATIONARY,1796,3592,1.6363016
MC1_K2_N1_L4_SP0_P3_R02,0,P3,WHITE,4,2,1,1,-124.772958457443,-123.250183837571,1.77313038502466e-12,0,1,0.340036762718387,0.217802300635981,0.122234462082406,TANGENT_LOSS,FULL4D_CML_CONVERGED,2094,4188,1.9377839
MC1_K2_N1_L4_SP0_P3_R03,0,P3,WHITE,4,3,1,1,-123.823522218426,-123.552473626573,1.75963808457064e-12,0,1,0.416591501368493,0.466886379927987,-0.0502948785594943,TANGENT_WIN,FULL4D_CML_CONVERGED,1167,2334,1.0678094
MC1_K2_N1_L4_SP0_P3_R04,0,P3,WHITE,4,4,1,1,-120.979919737586,-120.74701946395,1.71922806284763e-12,0,1,0.255003890697353,0.461943101872114,-0.206939211174761,TANGENT_WIN,FULL4D_CML_CONVERGED,1670,3340,1.4464683
MC1_K2_N1_L4_SP0_P3_R05,0,P3,WHITE,4,5,1,1,-108.176435046379,-108.13447572212,1.53727960205258e-12,0,1,0.120198050644254,0.279154427324477,-0.158956376680223,TANGENT_WIN,FULL4D_CML_MAX_SWEEPS_VALID,4209,8418,4.3220848
MC1_K2_N1_L4_SP0_P3_R06,0,P3,WHITE,4,6,1,1,-118.432145439692,-117.062302183831,1.68302201245314e-12,0,1,0.500624609862519,0.642621718332539,-0.14199710847002,TANGENT_WIN,FULL4D_CML_STATIONARY,2283,4566,2.1471318
MC1_K2_N1_L4_SP0_P3_R07,0,P3,WHITE,4,7,1,1,-109.316798601937,-109.288497347629,1.55348514286312e-12,0,1,0.238599819174001,0.263779316454417,-0.0251794972804164,TANGENT_WIN,FULL4D_CML_MAX_SWEEPS_VALID,2736,5472,2.6815176
MC1_K2_N1_L4_SP0_P3_R08,0,P3,WHITE,4,8,1,1,-122.85223756043,-122.551472576966,1.74583529940875e-12,0,1,0.62098711741871,0.710568747201647,-0.0895816297829372,TANGENT_WIN,FULL4D_CML_STATIONARY,2844,5688,2.6680525
MC1_K2_N1_L4_SP0_P3_R09,0,P3,WHITE,4,9,1,1,-123.481340559303,-122.60532738868,1.75477539072664e-12,0,1,0.539096466321195,0.638147005013085,-0.0990505386918904,TANGENT_WIN,FULL4D_CML_CONVERGED,3563,7126,3.5949132
MC1_K2_N1_L4_SP0_P3_R10,0,P3,WHITE,4,10,1,1,-122.654339795733,-122.193228061671,1.74302300302618e-12,0,1,0.103077640640442,0.09749648711157,0.00558115352887202,TANGENT_LOSS,FULL4D_CML_MAX_SWEEPS_VALID,2760,5520,2.5149297
MC1_K2_N1_L4_SP0_P4_R01,0,P4,WHITE,4,1,1,1,-115.60333855132,-115.565715916204,1.64282224874512e-12,0,1,0.183811850990091,0.183568264943167,0.000243586046924288,TANGENT_LOSS,FULL4D_CML_STATIONARY,1495,2990,1.2913191
MC1_K2_N1_L4_SP0_P4_R02,0,P4,WHITE,4,2,1,1,-128.126154581057,-127.61753687428,1.82078216796891e-12,0,1,0.477419032075738,0.189555958498545,0.287863073577193,TANGENT_LOSS,FULL4D_CML_CONVERGED,3147,6294,2.7100536
MC1_K2_N1_L4_SP0_P4_R03,0,P4,WHITE,4,3,1,1,-112.411732873616,-111.965048074566,1.59746680415105e-12,0,1,0.455992250140432,0.475431917040479,-0.0194396669000467,TANGENT_WIN,FULL4D_CML_STATIONARY,3309,6618,2.9068324
MC1_K2_N1_L4_SP0_P4_R04,0,P4,WHITE,4,4,1,1,-106.823397657849,-106.042361089093,1.51805178429994e-12,0,1,0.147403033686822,0.438994516397189,-0.291591482710367,TANGENT_WIN,FULL4D_CML_MAX_SWEEPS_VALID,3865,7730,4.0565393
MC1_K2_N1_L4_SP0_P4_R05,0,P4,WHITE,4,5,1,1,-87.6927425849179,-86.6182920533345,1.24618882445188e-12,0,1,0.254950975679639,0.406218988412584,-0.151268012732945,TANGENT_WIN,FULL4D_CML_MAX_SWEEPS_VALID,3629,7258,3.4359335
MC1_K2_N1_L4_SP0_P4_R06,0,P4,WHITE,4,6,1,1,-124.234608150165,-124.010175788847,1.76547996702205e-12,0,1,0.36975090094892,0.415419779414519,-0.0456688784655986,TANGENT_WIN,FULL4D_CML_STATIONARY,1112,2224,1.1467725
MC1_K2_N1_L4_SP0_P4_R07,0,P4,WHITE,4,7,1,1,-115.740103766166,-115.720326179514,1.64476579934339e-12,0,1,0.593779077712247,0.592451638888462,0.0013274388237855,TANGENT_LOSS,FULL4D_CML_STATIONARY,852,1704,0.8401061
MC1_K2_N1_L4_SP0_P4_R08,0,P4,WHITE,4,8,1,1,-107.248700302105,-105.932039765259,1.52409569838746e-12,0,1,0.622839411235459,0.63324525994671,-0.0104058487112506,TANGENT_WIN,FULL4D_CML_MAX_SWEEPS_VALID,1693,3386,1.5554063
MC1_K2_N1_L4_SP0_P4_R09,0,P4,WHITE,4,9,1,1,-106.004326844823,-105.045220228976,1.50641208797457e-12,0,1,0.433507707184237,0.464581072896495,-0.0310733657122582,TANGENT_WIN,FULL4D_CML_MAX_SWEEPS_VALID,3127,6254,2.8437898
MC1_K2_N1_L4_SP0_P4_R10,0,P4,WHITE,4,10,1,1,-110.088968039476,-109.783986331257,1.56445833055551e-12,0,1,0.135768945745809,0.503093240230049,-0.36732429448424,TANGENT_WIN,FULL4D_CML_MAX_SWEEPS_VALID,4710,9420,4.2521199
MC1_K2_N1_L4_SP10_P1_R01,10,P1,WHITE,4,1,1,1,-121.654175765674,-121.535822429902,1.72880981730364e-12,0,1,0.0700333203216198,0.109482196641645,-0.039448876320025,TANGENT_WIN,FULL4D_CML_CONVERGED,2806,5612,2.7399362
MC1_K2_N1_L4_SP10_P1_R02,10,P1,WHITE,4,2,1,1,-130.066662887707,-130.065893420034,1.84835844958836e-12,0,1,0.371008337180735,0.3717280924083,-0.0007197552275649,TANGENT_WIN,FULL4D_CML_STATIONARY,4726,9452,4.0522809
MC1_K2_N1_L4_SP10_P1_R03,10,P1,WHITE,4,3,1,1,-113.389219846818,-113.44257034589,1.61135772951323e-12,1,0,0.178530523527447,0.153637868826528,0.0248926547009189,TANGENT_LOSS,FULL4D_CML_MAX_SWEEPS_VALID,4213,8426,3.6848968
MC1_K2_N1_L4_SP10_P1_R04,10,P1,WHITE,4,4,1,1,-117.786975264747,-117.553967915624,1.67385359283041e-12,0,1,0.153541837912446,0.15125631604735,0.00228552186509567,TANGENT_LOSS,FULL4D_CML_MAX_SWEEPS_VALID,5086,10172,4.4015203
MC1_K2_N1_L4_SP10_P1_R05,10,P1,WHITE,4,5,1,1,-125.591091961828,-125.482271447428,1.78475676139311e-12,0,1,0.0742390288780799,0.104140119050186,-0.0299010901721057,TANGENT_WIN,FULL4D_CML_CONVERGED,2374,4748,2.023912
MC1_K2_N1_L4_SP10_P1_R06,10,P1,WHITE,4,6,1,1,-125.439062745356,-125.426879691408,1.78259629628536e-12,0,1,0.070351806007118,0.0818873781071446,-0.0115355721000266,TANGENT_WIN,FULL4D_CML_MAX_SWEEPS_VALID,4112,8224,3.672989
MC1_K2_N1_L4_SP10_P1_R07,10,P1,WHITE,4,7,1,1,-122.390002550527,-122.266201918419,1.73926654483874e-12,0,1,0.417142153169426,0.391249288628115,0.0258928645413105,TANGENT_LOSS,FULL4D_CML_CONVERGED,1494,2988,1.2952068
MC1_K2_N1_L4_SP10_P1_R08,10,P1,WHITE,4,8,1,1,-107.254690844695,-107.257753976338,1.52418082911787e-12,1,0,0.108822452102485,0.106350442317811,0.00247200978467439,TANGENT_LOSS,FULL4D_CML_MAX_SWEEPS_VALID,5262,10524,4.4954434
MC1_K2_N1_L4_SP10_P1_R09,10,P1,WHITE,4,9,1,1,-120.362057948881,-120.102420265156,1.71044771873427e-12,0,1,0.0971180951505798,0.120310380355787,-0.0231922852052069,TANGENT_WIN,FULL4D_CML_CONVERGED,2306,4612,2.0110955
MC1_K2_N1_L4_SP10_P1_R10,10,P1,WHITE,4,10,1,1,-137.611220394477,-137.483509591113,1.95557306020756e-12,0,1,0.185984466677352,0.132859764527095,0.0531247021502571,TANGENT_LOSS,FULL4D_CML_MAX_SWEEPS_VALID,4510,9020,3.8742608
MC1_K2_N1_L4_SP10_P2_R01,10,P2,WHITE,4,1,1,1,-116.366254993814,-116.331216620706,1.65366394346924e-12,0,1,0.114121324087787,0.180079055922553,-0.0659577318347661,TANGENT_WIN,FULL4D_CML_CONVERGED,4776,9552,4.0931883
MC1_K2_N1_L4_SP10_P2_R02,10,P2,WHITE,4,2,1,1,-113.033232520363,-112.943919513956,1.60629884533653e-12,0,1,0.195346935061561,0.210130012796121,-0.01478307773456,TANGENT_WIN,FULL4D_CML_STATIONARY,3274,6548,3.1067361
MC1_K2_N1_L4_SP10_P2_R03,10,P2,WHITE,4,3,1,1,-132.668328353611,-132.496396457452,1.88533033954188e-12,0,1,0.373681941173861,0.34390866125673,0.0297732799171305,TANGENT_LOSS,FULL4D_CML_CONVERGED,1490,2980,1.3623875
MC1_K2_N1_L4_SP10_P2_R04,10,P2,WHITE,4,4,1,1,-116.40967791744,-116.152362576283,1.6542810203282e-12,0,1,0.109481825071004,0.170383139414745,-0.0609013143437411,TANGENT_WIN,FULL4D_CML_MAX_SWEEPS_VALID,5262,10524,4.9245974
MC1_K2_N1_L4_SP10_P2_R05,10,P2,WHITE,4,5,1,1,-123.874653363421,-123.829816511743,1.76036470184359e-12,0,1,0.339015029711465,0.354264256844105,-0.0152492271326398,TANGENT_WIN,FULL4D_CML_CONVERGED,1787,3574,1.5219357
MC1_K2_N1_L4_SP10_P2_R06,10,P2,WHITE,4,6,1,1,-115.672088628138,-115.640671563357,1.64379924609844e-12,0,1,0.179517159017518,0.168920324397102,0.0105968346204159,TANGENT_LOSS,FULL4D_CML_MAX_SWEEPS_VALID,5071,10142,4.623695
MC1_K2_N1_L4_SP10_P2_R07,10,P2,WHITE,4,7,1,1,-120.489560598764,-118.844992975663,1.71225964036756e-12,0,1,0.300000000000001,0.531718066577243,-0.231718066577242,TANGENT_WIN,FULL4D_CML_MAX_SWEEPS_VALID,2919,5838,2.9223055
MC1_K2_N1_L4_SP10_P2_R08,10,P2,WHITE,4,8,1,1,-121.742432441412,-120.898435383579,1.7300640201002e-12,0,1,0.264575131106459,0.373816128575683,-0.109240997469224,TANGENT_WIN,FULL4D_CML_MAX_SWEEPS_VALID,5637,11274,5.0095388
MC1_K2_N1_L4_SP10_P2_R09,10,P2,WHITE,4,9,1,1,-116.982026330657,-116.744855532269,1.6624145804749e-12,0,1,0.5,0.495869273847835,0.00413072615216542,TANGENT_LOSS,FULL4D_CML_MAX_SWEEPS_VALID,5561,11122,4.9695177
MC1_K2_N1_L4_SP10_P2_R10,10,P2,WHITE,4,10,1,1,-114.742959419537,-112.721689626549,1.63059552590336e-12,0,1,0.13956995404674,0.391734650882984,-0.252164696836244,TANGENT_WIN,FULL4D_CML_MAX_SWEEPS_VALID,4606,9212,4.1533322
MC1_K2_N1_L4_SP10_P3_R01,10,P3,WHITE,4,1,1,1,-120.923844197119,-120.84939476944,1.71843118148898e-12,0,1,0.0774066304276374,0.163009961770853,-0.0856033313432157,TANGENT_WIN,FULL4D_CML_STATIONARY,1998,3996,1.8129899
MC1_K2_N1_L4_SP10_P3_R02,10,P3,WHITE,4,2,1,1,-123.625993929469,-123.089643885563,1.75683103875413e-12,0,1,0.114690122923807,0.162050167003667,-0.0473600440798602,TANGENT_WIN,FULL4D_CML_CONVERGED,1959,3918,1.8582786
MC1_K2_N1_L4_SP10_P3_R03,10,P3,WHITE,4,3,1,1,-123.80171414462,-123.502056752404,1.75932817320216e-12,0,1,0.40913757798004,0.417330280920068,-0.00819270294002811,TANGENT_WIN,FULL4D_CML_CONVERGED,2403,4806,2.2130353
MC1_K2_N1_L4_SP10_P3_R04,10,P3,WHITE,4,4,1,1,-121.981245063919,-121.513859154109,1.7334577515828e-12,0,1,0.134303251261976,0.227314425388206,-0.0930111741262302,TANGENT_WIN,FULL4D_CML_CONVERGED,4358,8716,3.7367885
MC1_K2_N1_L4_SP10_P3_R05,10,P3,WHITE,4,5,1,1,-108.080212137675,-107.891700807733,1.53591219227671e-12,0,1,0.0803114625030339,0.235181963672544,-0.15487050116951,TANGENT_WIN,FULL4D_CML_MAX_SWEEPS_VALID,4921,9842,4.7477859
MC1_K2_N1_L4_SP10_P3_R06,10,P3,WHITE,4,6,1,1,-121.427210959728,-120.797814397727,1.72558445342088e-12,0,1,0.103835686991158,0.270646633691338,-0.16681094670018,TANGENT_WIN,FULL4D_CML_MAX_SWEEPS_VALID,5325,10650,4.9426629
MC1_K2_N1_L4_SP10_P3_R07,10,P3,WHITE,4,7,1,1,-109.623598578205,-109.624251252576,1.5578450327525e-12,1,0,0.0897744269567399,0.0649998811971414,0.0247745457595985,TANGENT_LOSS,FULL4D_CML_MAX_SWEEPS_VALID,2622,5244,2.7500385
MC1_K2_N1_L4_SP10_P3_R08,10,P3,WHITE,4,8,1,1,-123.750564281827,-122.438772647373,1.75860128993331e-12,0,1,0.552833609687399,0.474881735073288,0.0779518746141115,TANGENT_LOSS,FULL4D_CML_CONVERGED,1547,3094,1.5972315
MC1_K2_N1_L4_SP10_P3_R09,10,P3,WHITE,4,9,1,1,-123.479949404244,-123.070253106799,1.75475562122421e-12,0,1,0.0812968885935342,0.0677106106189661,0.0135862779745681,TANGENT_LOSS,FULL4D_CML_MAX_SWEEPS_VALID,5413,10826,4.9905092
MC1_K2_N1_L4_SP10_P3_R10,10,P3,WHITE,4,10,1,1,-122.150784433755,-122.000171304445,1.73586705093605e-12,0,1,0.0906018842077873,0.105456266647428,-0.0148543824396408,TANGENT_WIN,FULL4D_CML_MAX_SWEEPS_VALID,5358,10716,4.6476625
MC1_K2_N1_L4_SP10_P4_R01,10,P4,WHITE,4,1,1,1,-115.441335809401,-115.189290533883,1.64052005131624e-12,0,1,0.183811850990091,0.182871132817712,0.000940718172379063,TANGENT_LOSS,FULL4D_CML_CONVERGED,3976,7952,3.4002046
MC1_K2_N1_L4_SP10_P4_R02,10,P4,WHITE,4,2,1,1,-127.775636100166,-126.704686212412,1.81580100076198e-12,0,1,0.0825800997759841,0.449316903516785,-0.366736803740801,TANGENT_WIN,FULL4D_CML_MAX_SWEEPS_VALID,5292,10584,4.5158524
MC1_K2_N1_L4_SP10_P4_R03,10,P4,WHITE,4,3,1,1,-112.740865223103,-112.26223290298,1.60214405615169e-12,0,1,0.433507707184237,0.477153834484555,-0.0436461273003185,TANGENT_WIN,FULL4D_CML_MAX_SWEEPS_VALID,5358,10716,4.6006838
MC1_K2_N1_L4_SP10_P4_R04,10,P4,WHITE,4,4,1,1,-106.609720970376,-105.342001937777,1.51501525593824e-12,0,1,0.379192294969721,0.417984588339365,-0.0387922933696441,TANGENT_WIN,FULL4D_CML_MAX_SWEEPS_VALID,4852,9704,4.3410617
MC1_K2_N1_L4_SP10_P4_R05,10,P4,WHITE,4,5,1,1,-86.0829095681444,-86.0276456782269,1.22331172133477e-12,0,1,0.138275133032799,0.157640303072181,-0.019365170039382,TANGENT_WIN,FULL4D_CML_MAX_SWEEPS_VALID,4625,9250,4.1811536
MC1_K2_N1_L4_SP10_P4_R06,10,P4,WHITE,4,6,1,1,-124.228665991314,-124.201931653855,1.76539552386592e-12,0,1,0.341636837522738,0.266813590179432,0.0748232473433063,TANGENT_LOSS,FULL4D_CML_CONVERGED,3684,7368,3.2738192
MC1_K2_N1_L4_SP10_P4_R07,10,P4,WHITE,4,7,1,1,-116.333350268977,-114.854408739188,1.65319633920514e-12,0,1,0.258027750614673,0.52636428911078,-0.268336538496107,TANGENT_WIN,FULL4D_CML_STATIONARY,2077,4154,1.9174534
MC1_K2_N1_L4_SP10_P4_R08,10,P4,WHITE,4,8,1,1,-108.748721553635,-108.700948251662,1.54541228246266e-12,0,1,0.183811850990091,0.179862796813262,0.00394905417682898,TANGENT_LOSS,FULL4D_CML_MAX_SWEEPS_VALID,4270,8540,3.8099854
MC1_K2_N1_L4_SP10_P4_R09,10,P4,WHITE,4,9,1,1,-105.985260383171,-105.411980456762,1.5061411372581e-12,0,1,0.119382886450971,0.502418694187759,-0.383035807736788,TANGENT_WIN,FULL4D_CML_MAX_SWEEPS_VALID,3990,7980,3.6151732
MC1_K2_N1_L4_SP10_P4_R10,10,P4,WHITE,4,10,1,1,-109.892524412411,-108.947974432547,1.56166669871156e-12,0,1,0.064976486357578,0.502836737989841,-0.437860251632263,TANGENT_WIN,FULL4D_CML_STATIONARY,4744,9488,4.1921253
MC1_K2_N1_L4_SP14_P1_R01,14,P1,WHITE,4,1,1,1,-121.470021284609,-121.340779447039,1.72619282472807e-12,0,1,0.0727985023913133,0.108347645594448,-0.0355491432031343,TANGENT_WIN,FULL4D_CML_STATIONARY,3965,7930,3.42568
MC1_K2_N1_L4_SP14_P1_R02,14,P1,WHITE,4,2,1,1,-130.432856107865,-130.260245694177,1.85356236823772e-12,0,1,0.141681308325435,0.165394796468458,-0.0237134881430228,TANGENT_WIN,FULL4D_CML_CONVERGED,5152,10304,4.7289976
MC1_K2_N1_L4_SP14_P1_R03,14,P1,WHITE,4,3,1,1,-113.197032078466,-113.34723965252,1.60862657705914e-12,1,0,0.161087055565007,0.131557962182363,0.0295290933826436,TANGENT_LOSS,FULL4D_CML_MAX_SWEEPS_VALID,4985,9970,4.4634373
MC1_K2_N1_L4_SP14_P1_R04,14,P1,WHITE,4,4,1,1,-118.326957975568,-118.082192425993,1.68152720868261e-12,0,1,0.151048817691264,0.138551996084939,0.0124968216063246,TANGENT_LOSS,FULL4D_CML_MAX_SWEEPS_VALID,5107,10214,4.6285194
MC1_K2_N1_L4_SP14_P1_R05,14,P1,WHITE,4,5,1,1,-125.587408035139,-125.364392292745,1.78470440964615e-12,0,1,0.0875330449238767,0.0988221965127011,-0.0112891515888244,TANGENT_WIN,FULL4D_CML_CONVERGED,4859,9718,4.1368531
MC1_K2_N1_L4_SP14_P1_R06,14,P1,WHITE,4,6,1,1,-125.476078124297,-125.490094655297,1.78312231645772e-12,1,0,0.0631963829195787,0.0848480882355127,-0.021651705315934,TANGENT_WIN,FULL4D_CML_MAX_SWEEPS_VALID,4954,9908,4.2482206
MC1_K2_N1_L4_SP14_P1_R07,14,P1,WHITE,4,7,1,1,-123.054748052288,-122.095507613371,1.74871314658685e-12,0,1,0.132842712474619,0.251535711326923,-0.118692998852304,TANGENT_WIN,FULL4D_CML_STATIONARY,2259,4518,1.9295186
MC1_K2_N1_L4_SP14_P1_R08,14,P1,WHITE,4,8,1,1,-107.125679070441,-107.126873046345,1.52234746153739e-12,1,0,0.0873907110147699,0.0897170719041068,-0.00232636088933692,TANGENT_WIN,FULL4D_CML_MAX_SWEEPS_VALID,4855,9710,4.1667991
MC1_K2_N1_L4_SP14_P1_R09,14,P1,WHITE,4,9,1,1,-121.349547863251,-121.150760724028,1.72448079444011e-12,0,1,0.0484548584381888,0.0978381332102356,-0.0493832747720468,TANGENT_WIN,FULL4D_CML_MAX_SWEEPS_VALID,5027,10054,4.2995115
MC1_K2_N1_L4_SP14_P1_R10,14,P1,WHITE,4,10,1,1,-137.521466744411,-136.943389516569,1.95429758412631e-12,0,1,0.164847966104633,0.131620526324216,0.033227439780417,TANGENT_LOSS,FULL4D_CML_MAX_SWEEPS_VALID,4507,9014,3.9939318
MC1_K2_N1_L4_SP14_P2_R01,14,P2,WHITE,4,1,1,1,-118.27826975185,-118.227032209395,1.68083530740901e-12,0,1,0.187861245703725,0.213257536042378,-0.0253962903386528,TANGENT_WIN,FULL4D_CML_CONVERGED,3932,7864,3.338626
MC1_K2_N1_L4_SP14_P2_R02,14,P2,WHITE,4,2,1,1,-113.239876650542,-112.922101787943,1.60923543504825e-12,0,1,0.157375805533654,0.16607361538322,-0.0086978098495665,TANGENT_WIN,FULL4D_CML_MAX_SWEEPS_VALID,5023,10046,4.9628739
MC1_K2_N1_L4_SP14_P2_R03,14,P2,WHITE,4,3,1,1,-132.591372102293,-132.499630980832,1.88423672543497e-12,0,1,0.3,0.260909737383057,0.0390902626169433,TANGENT_LOSS,FULL4D_CML_STATIONARY,1830,3660,1.7979504
MC1_K2_N1_L4_SP14_P2_R04,14,P2,WHITE,4,4,1,1,-118.83823735858,-118.741272677315,1.68879292571347e-12,0,1,0.102218939658367,0.160126552474108,-0.0579076128157412,TANGENT_WIN,FULL4D_CML_MAX_SWEEPS_VALID,5262,10524,5.1482764
MC1_K2_N1_L4_SP14_P2_R05,14,P2,WHITE,4,5,1,1,-124.306377272997,-123.961476664953,1.76649986759965e-12,0,1,0.26212181516274,0.297441651694213,-0.0353198365314734,TANGENT_WIN,FULL4D_CML_CONVERGED,2324,4648,2.1410701
MC1_K2_N1_L4_SP14_P2_R06,14,P2,WHITE,4,6,1,1,-115.733573006982,-115.720837766752,1.64467299167345e-12,0,1,0.105985826745163,0.118543999083935,-0.0125581723387716,TANGENT_WIN,FULL4D_CML_MAX_SWEEPS_VALID,3680,7360,3.3283754
MC1_K2_N1_L4_SP14_P2_R07,14,P2,WHITE,4,7,1,1,-120.142761975645,-119.370470448754,1.70733133551899e-12,0,1,0.264575131106459,0.275213036880907,-0.0106379057744484,TANGENT_WIN,FULL4D_CML_MAX_SWEEPS_VALID,1929,3858,2.1091848
MC1_K2_N1_L4_SP14_P2_R08,14,P2,WHITE,4,8,1,1,-122.182355898161,-121.693193787066,1.73631570842987e-12,0,1,0.264575131106459,0.281054156800165,-0.0164790256937056,TANGENT_WIN,FULL4D_CML_MAX_SWEEPS_VALID,3482,6964,3.2034231
MC1_K2_N1_L4_SP14_P2_R09,14,P2,WHITE,4,9,1,1,-116.297075845088,-115.988772276437,1.65268084863737e-12,0,1,0.499999999999999,0.495999315702772,0.00400068429722727,TANGENT_LOSS,FULL4D_CML_MAX_SWEEPS_VALID,5620,11240,5.070395
MC1_K2_N1_L4_SP14_P2_R10,14,P2,WHITE,4,10,1,1,-115.31708974999,-113.312593429002,1.63875440861702e-12,0,1,0.128658479309773,0.366765686176963,-0.23810720686719,TANGENT_WIN,FULL4D_CML_MAX_SWEEPS_VALID,5247,10494,4.6890586
MC1_K2_N1_L4_SP14_P3_R01,14,P3,WHITE,4,1,1,1,-121.053629444408,-120.940299177028,1.72027554078238e-12,0,1,0.0582558873170664,0.16132321209423,-0.103067324777163,TANGENT_WIN,FULL4D_CML_CONVERGED,2433,4866,2.1658792
MC1_K2_N1_L4_SP14_P3_R02,14,P3,WHITE,4,2,1,1,-123.589267750261,-122.743124988405,1.75630912835716e-12,0,1,0.0627959567697843,0.160962472843039,-0.0981665160732543,TANGENT_WIN,FULL4D_CML_CONVERGED,1683,3366,1.5305965
MC1_K2_N1_L4_SP14_P3_R03,14,P3,WHITE,4,3,1,1,-124.064349594059,-123.658471012261,1.7630604474172e-12,0,1,0.329553788290875,0.375929372000855,-0.0463755837099804,TANGENT_WIN,FULL4D_CML_CONVERGED,4341,8682,4.1514737
MC1_K2_N1_L4_SP14_P3_R04,14,P3,WHITE,4,4,1,1,-122.802437739707,-122.087432252156,1.74512760139162e-12,0,1,0.0718143283870306,0.190420977306466,-0.118606648919435,TANGENT_WIN,FULL4D_CML_CONVERGED,4718,9436,4.2190604
MC1_K2_N1_L4_SP14_P3_R05,14,P3,WHITE,4,5,1,1,-108.009619141621,-107.823751244959,1.53490900546588e-12,0,1,0.0769381493980883,0.2033492365944,-0.126411087196312,TANGENT_WIN,FULL4D_CML_MAX_SWEEPS_VALID,4891,9782,4.7733106
MC1_K2_N1_L4_SP14_P3_R06,14,P3,WHITE,4,6,1,1,-121.275824513229,-120.355722952225,1.72343312262383e-12,0,1,0.0871885649540792,0.262346514683343,-0.175157949729264,TANGENT_WIN,FULL4D_CML_MAX_SWEEPS_VALID,5365,10730,4.9929609
MC1_K2_N1_L4_SP14_P3_R07,14,P3,WHITE,4,7,1,1,-109.639298629675,-109.628264164089,1.55806814390296e-12,0,1,0.0802282206451732,0.0575965372137017,0.0226316834314714,TANGENT_LOSS,FULL4D_CML_MAX_SWEEPS_VALID,2612,5224,2.5659909
MC1_K2_N1_L4_SP14_P3_R08,14,P3,WHITE,4,8,1,1,-124.637197105264,-122.583278334332,1.7712011001729e-12,0,1,0.0773149690505543,0.514983266816507,-0.437668297765953,TANGENT_WIN,FULL4D_CML_STATIONARY,4747,9494,5.1132295
MC1_K2_N1_L4_SP14_P3_R09,14,P3,WHITE,4,9,1,1,-122.96345001962,-122.320964387593,1.74741572350882e-12,0,1,0.0775597946892746,0.254755903718522,-0.177196109029247,TANGENT_WIN,FULL4D_CML_MAX_SWEEPS_VALID,5386,10772,5.0319034
MC1_K2_N1_L4_SP14_P3_R10,14,P3,WHITE,4,10,1,1,-122.166318761897,-121.903388464616,1.73608780701638e-12,0,1,0.080858994790246,0.106539917001907,-0.0256809222116614,TANGENT_WIN,FULL4D_CML_MAX_SWEEPS_VALID,5322,10644,4.5661815
MC1_K2_N1_L4_SP14_P4_R01,14,P4,WHITE,4,1,1,1,-115.290806014955,-114.921925537814,1.63838089427706e-12,0,1,0.104809744504941,0.18128402196563,-0.0764742774606885,TANGENT_WIN,FULL4D_CML_CONVERGED,4679,9358,4.044219
MC1_K2_N1_L4_SP14_P4_R02,14,P4,WHITE,4,2,1,1,-128.705260689253,-127.399052296735,1.82901176073717e-12,0,1,0.0669416790427475,0.407331244844724,-0.340389565801976,TANGENT_WIN,FULL4D_CML_MAX_SWEEPS_VALID,5376,10752,4.6116023
MC1_K2_N1_L4_SP14_P4_R03,14,P4,WHITE,4,3,1,1,-113.546301232451,-112.462089837247,1.61358999026292e-12,0,1,0.143765367039434,0.410340515226397,-0.266575148186963,TANGENT_WIN,FULL4D_CML_STATIONARY,3756,7512,3.2354558
MC1_K2_N1_L4_SP14_P4_R04,14,P4,WHITE,4,4,1,1,-107.045709762595,-105.004162304991,1.52121102932192e-12,0,1,0.0663821863149929,0.224100323125822,-0.157718136810829,TANGENT_WIN,FULL4D_CML_MAX_SWEEPS_VALID,4587,9174,4.1664305
MC1_K2_N1_L4_SP14_P4_R05,14,P4,WHITE,4,5,1,1,-85.7739328973646,-85.7788306625953,1.21892089875593e-12,1,0,0.139234118316075,0.161104688553225,-0.0218705702371498,TANGENT_WIN,FULL4D_CML_CONVERGED,4581,9162,4.1540546
MC1_K2_N1_L4_SP14_P4_R06,14,P4,WHITE,4,6,1,1,-124.22339259201,-124.217798957063,1.76532058435455e-12,0,1,0.199366819633571,0.208171085526298,-0.00880426589272743,TANGENT_WIN,FULL4D_CML_MAX_SWEEPS_VALID,4828,9656,4.3344248
MC1_K2_N1_L4_SP14_P4_R07,14,P4,WHITE,4,7,1,1,-115.770534091719,-114.844238456101,1.64519824027876e-12,0,1,0.404705814838882,0.503960251974732,-0.0992544371358497,TANGENT_WIN,FULL4D_CML_MAX_SWEEPS_VALID,4150,8300,3.761847
MC1_K2_N1_L4_SP14_P4_R08,14,P4,WHITE,4,8,1,1,-108.510829843194,-108.379696367963,1.54203163792764e-12,0,1,0.183811850990091,0.173869393330877,0.00994245765921353,TANGENT_LOSS,FULL4D_CML_MAX_SWEEPS_VALID,4975,9950,4.4529207
MC1_K2_N1_L4_SP14_P4_R09,14,P4,WHITE,4,9,1,1,-105.544320939462,-105.466632323791,1.49987501088535e-12,0,1,0.112698209994952,0.175235385382128,-0.0625371753871757,TANGENT_WIN,FULL4D_CML_MAX_SWEEPS_VALID,3826,7652,3.5021159
MC1_K2_N1_L4_SP14_P4_R10,14,P4,WHITE,4,10,1,1,-109.579856347902,-108.985436880239,1.55722341827274e-12,0,1,0.0591901126017333,0.148765421545196,-0.089575308943463,TANGENT_WIN,FULL4D_CML_MAX_SWEEPS_VALID,4639,9278,4.1276523
MC1_K2_N1_L4_SP18_P1_R01,18,P1,WHITE,4,1,1,1,-121.294847990354,-121.214018519774,1.72370346249343e-12,0,1,0.0857675385705412,0.0945700068085104,-0.00880246823796921,TANGENT_WIN,FULL4D_CML_MAX_SWEEPS_VALID,4994,9988,4.32542
MC1_K2_N1_L4_SP18_P1_R02,18,P1,WHITE,4,2,1,1,-130.364629567663,-130.266243019877,1.85259281078719e-12,0,1,0.141681308325435,0.143626112376665,-0.00194480405123032,TANGENT_WIN,FULL4D_CML_CONVERGED,5247,10494,4.540991
MC1_K2_N1_L4_SP18_P1_R03,18,P1,WHITE,4,3,1,1,-112.931093400958,-113.321418374149,1.60484736114992e-12,1,0,0.15407992065944,0.107097744157755,0.0469821765016847,TANGENT_LOSS,FULL4D_CML_MAX_SWEEPS_VALID,4997,9994,4.318982
MC1_K2_N1_L4_SP18_P1_R04,18,P1,WHITE,4,4,1,1,-118.596418679451,-118.468808301935,1.68535647559695e-12,0,1,0.150076572754635,0.111618066103327,0.0384585066513084,TANGENT_LOSS,FULL4D_CML_MAX_SWEEPS_VALID,4969,9938,4.3139163
MC1_K2_N1_L4_SP18_P1_R05,18,P1,WHITE,4,5,1,1,-125.611463198854,-125.219178865009,1.78504625408286e-12,0,1,0.0685739446901432,0.109718542125618,-0.0411445974354746,TANGENT_WIN,FULL4D_CML_CONVERGED,5184,10368,4.5166475
MC1_K2_N1_L4_SP18_P1_R06,18,P1,WHITE,4,6,1,1,-125.4898888622,-125.553516646481,1.78331857884757e-12,1,0,0.0614947572202997,0.0810421613252146,-0.0195474041049149,TANGENT_WIN,FULL4D_CML_MAX_SWEEPS_VALID,4971,9942,4.2768174
MC1_K2_N1_L4_SP18_P1_R07,18,P1,WHITE,4,7,1,1,-123.032634370794,-121.320619858268,1.74839889227192e-12,0,1,0.0941523896483851,0.168969656268576,-0.0748172666201911,TANGENT_WIN,FULL4D_CML_STATIONARY,2498,4996,2.1293207
MC1_K2_N1_L4_SP18_P1_R08,18,P1,WHITE,4,8,1,1,-107.010586140643,-107.02614739719,1.52071189263329e-12,1,0,0.0614533654534195,0.0654526625574871,-0.00399929710406764,TANGENT_WIN,FULL4D_CML_MAX_SWEEPS_VALID,4966,9932,4.2622173
MC1_K2_N1_L4_SP18_P1_R09,18,P1,WHITE,4,9,1,1,-121.413115374585,-121.443134549204,1.72538414310829e-12,1,0,0.0551858140770407,0.0109870332551724,0.0441987808218683,TANGENT_LOSS,FULL4D_CML_MAX_SWEEPS_VALID,4948,9896,4.2667045
MC1_K2_N1_L4_SP18_P1_R10,18,P1,WHITE,4,10,1,1,-137.403820722188,-136.329976648224,1.95262573359668e-12,0,1,0.155760508891953,0.129639360909115,0.0261211479828376,TANGENT_LOSS,FULL4D_CML_MAX_SWEEPS_VALID,5305,10610,4.5188344
MC1_K2_N1_L4_SP18_P2_R01,18,P2,WHITE,4,1,1,1,-121.468225017709,-121.042454968824,1.72616729824013e-12,0,1,0.223606797749979,0.255610342050553,-0.0320035443005744,TANGENT_WIN,FULL4D_CML_STATIONARY,2947,5894,2.5251642
MC1_K2_N1_L4_SP18_P2_R02,18,P2,WHITE,4,2,1,1,-113.292106971155,-112.550467915699,1.60997767254621e-12,0,1,0.264575131106459,0.210775470357988,0.0537996607484714,TANGENT_LOSS,FULL4D_CML_MAX_SWEEPS_VALID,5179,10358,4.6971649
MC1_K2_N1_L4_SP18_P2_R03,18,P2,WHITE,4,3,1,1,-132.477166243484,-132.2624298093,1.88261376256781e-12,0,1,0.223606797749979,0.238910335476795,-0.0153035377268162,TANGENT_WIN,FULL4D_CML_MAX_SWEEPS_VALID,4736,9472,4.7128865
MC1_K2_N1_L4_SP18_P2_R04,18,P2,WHITE,4,4,1,1,-120.75429698702,-120.537105556477,1.7160217707189e-12,0,1,0.103551792363482,0.150704763412237,-0.0471529710487546,TANGENT_WIN,FULL4D_CML_MAX_SWEEPS_VALID,4225,8450,3.7372763
MC1_K2_N1_L4_SP18_P2_R05,18,P2,WHITE,4,5,1,1,-124.693289273565,-124.252618081795,1.77199821782729e-12,0,1,0.183840100571009,0.245817511251732,-0.0619774106807234,TANGENT_WIN,FULL4D_CML_MAX_SWEEPS_VALID,2213,4426,2.3879257
MC1_K2_N1_L4_SP18_P2_R06,18,P2,WHITE,4,6,1,1,-115.720635712485,-115.819778230581,1.64448914166094e-12,1,0,0.0698975278619618,0.0826912845341469,-0.0127937566721851,TANGENT_WIN,FULL4D_CML_MAX_SWEEPS_VALID,2480,4960,2.2911804
MC1_K2_N1_L4_SP18_P2_R07,18,P2,WHITE,4,7,1,1,-120.362807007192,-119.850171732816,1.7104583634931e-12,0,1,0.223606797749979,0.240407263077161,-0.0168004653271816,TANGENT_WIN,FULL4D_CML_MAX_SWEEPS_VALID,2353,4706,2.1968318
MC1_K2_N1_L4_SP18_P2_R08,18,P2,WHITE,4,8,1,1,-122.680946272138,-122.192914716128,1.74340110379686e-12,0,1,0.223606797749979,0.190197407095431,0.033409390654548,TANGENT_LOSS,FULL4D_CML_MAX_SWEEPS_VALID,3647,7294,3.3823955
MC1_K2_N1_L4_SP18_P2_R09,18,P2,WHITE,4,9,1,1,-115.44407899919,-115.23895619818,1.64055903438779e-12,0,1,0.499999999999999,0.4980282803334,0.0019717196665992,TANGENT_LOSS,FULL4D_CML_MAX_SWEEPS_VALID,5400,10800,4.8570384
MC1_K2_N1_L4_SP18_P2_R10,18,P2,WHITE,4,10,1,1,-115.76713254621,-114.364406298259,1.64514990140972e-12,0,1,0.12292887166732,0.38146157569589,-0.25853270402857,TANGENT_WIN,FULL4D_CML_MAX_SWEEPS_VALID,5139,10278,4.6481329
MC1_K2_N1_L4_SP18_P3_R01,18,P3,WHITE,4,1,1,1,-121.157717286711,-121.011222517306,1.72175471798697e-12,0,1,0.0453655165918924,0.160503523871085,-0.115138007279192,TANGENT_WIN,FULL4D_CML_CONVERGED,2854,5708,2.5942392
MC1_K2_N1_L4_SP18_P3_R02,18,P3,WHITE,4,2,1,1,-123.521228701239,-122.263150055353,1.75534223531655e-12,0,1,0.034871649962758,0.160509289318352,-0.125637639355594,TANGENT_WIN,FULL4D_CML_CONVERGED,1715,3430,1.5617932
MC1_K2_N1_L4_SP18_P3_R03,18,P3,WHITE,4,3,1,1,-124.522095830149,-124.139029658411,1.76956541267471e-12,0,1,0.261769675868963,0.363381128947567,-0.101611453078604,TANGENT_WIN,FULL4D_CML_MAX_SWEEPS_VALID,4382,8764,4.2858248
MC1_K2_N1_L4_SP18_P3_R04,18,P3,WHITE,4,4,1,1,-123.306174825441,-122.433705154296,1.75228613593164e-12,0,1,0.041727274540107,0.165330936107366,-0.123603661567259,TANGENT_WIN,FULL4D_CML_MAX_SWEEPS_VALID,4776,9552,4.1126393
MC1_K2_N1_L4_SP18_P3_R05,18,P3,WHITE,4,5,1,1,-107.925450887781,-107.96332319574,1.53371290263892e-12,1,0,0.0755200035767058,0.0364963393410287,0.0390236642356771,TANGENT_LOSS,FULL4D_CML_MAX_SWEEPS_VALID,4907,9814,4.608045
MC1_K2_N1_L4_SP18_P3_R06,18,P3,WHITE,4,6,1,1,-121.11493610982,-120.058313779656,1.72114676089762e-12,0,1,0.079752168890665,0.253421312486904,-0.173669143596239,TANGENT_WIN,FULL4D_CML_MAX_SWEEPS_VALID,5401,10802,5.2594308
MC1_K2_N1_L4_SP18_P3_R07,18,P3,WHITE,4,7,1,1,-109.623750733975,-109.600800262377,1.55784719501604e-12,0,1,0.0766648676617978,0.0612219957583489,0.0154428719034489,TANGENT_LOSS,FULL4D_CML_MAX_SWEEPS_VALID,2605,5210,2.5704277
MC1_K2_N1_L4_SP18_P3_R08,18,P3,WHITE,4,8,1,1,-124.868255607522,-124.335111985463,1.7744846389792e-12,0,1,0.0757163770659047,0.107583070462551,-0.0318666933966466,TANGENT_WIN,FULL4D_CML_MAX_SWEEPS_VALID,4955,9910,5.1373482
MC1_K2_N1_L4_SP18_P3_R09,18,P3,WHITE,4,9,1,1,-122.54856766403,-121.493636584544,1.74151989062963e-12,0,1,0.0758148225846786,0.253134977964201,-0.177320155379522,TANGENT_WIN,FULL4D_CML_MAX_SWEEPS_VALID,5414,10828,5.0194191
MC1_K2_N1_L4_SP18_P3_R10,18,P3,WHITE,4,10,1,1,-122.141547896318,-121.775133482674,1.73573579184446e-12,0,1,0.0770103774219003,0.109079099533869,-0.032068722111969,TANGENT_WIN,FULL4D_CML_MAX_SWEEPS_VALID,5244,10488,4.5375287
MC1_K2_N1_L4_SP18_P4_R01,18,P4,WHITE,4,1,1,1,-115.076304426561,-114.574235770437,1.63533264336822e-12,0,1,0.106187544061013,0.178419000771583,-0.0722314567105698,TANGENT_WIN,FULL4D_CML_MAX_SWEEPS_VALID,4924,9848,4.4292594
MC1_K2_N1_L4_SP18_P4_R02,18,P4,WHITE,4,2,1,1,-129.967838834489,-128.862012086874,1.84695407532571e-12,0,1,0.0777351154537253,0.340860960007827,-0.263125844554101,TANGENT_WIN,FULL4D_CML_MAX_SWEEPS_VALID,5006,10012,4.4838966
MC1_K2_N1_L4_SP18_P4_R03,18,P4,WHITE,4,3,1,1,-113.374427128254,-113.43629785955,1.61114751233887e-12,1,0,0.129678260970026,0.0468613142416374,0.0828169467283886,TANGENT_LOSS,FULL4D_CML_MAX_SWEEPS_VALID,4872,9744,4.6979381
MC1_K2_N1_L4_SP18_P4_R04,18,P4,WHITE,4,4,1,1,-106.627090804403,-104.806376422629,1.51526209612602e-12,0,1,0.379192294969721,0.239845134230785,0.139347160738936,TANGENT_LOSS,FULL4D_CML_MAX_SWEEPS_VALID,5057,10114,4.6574659
MC1_K2_N1_L4_SP18_P4_R05,18,P4,WHITE,4,5,1,1,-85.3043978385139,-85.2923697849257,1.21224840425091e-12,0,1,0.135078218836578,0.135293079972861,-0.000214861136283134,TANGENT_WIN,FULL4D_CML_CONVERGED,3938,7876,3.5922412
MC1_K2_N1_L4_SP18_P4_R06,18,P4,WHITE,4,6,1,1,-124.210976259296,-124.180288181425,1.76514413765426e-12,0,1,0.149227252717995,0.221315117522683,-0.0720878648046883,TANGENT_WIN,FULL4D_CML_MAX_SWEEPS_VALID,4693,9386,4.24215
MC1_K2_N1_L4_SP18_P4_R07,18,P4,WHITE,4,7,1,1,-116.099939387219,-115.114475037802,1.64987937107553e-12,0,1,0.139306451165496,0.395256898923463,-0.255950447757967,TANGENT_WIN,FULL4D_CML_MAX_SWEEPS_VALID,4849,9698,4.3382529
MC1_K2_N1_L4_SP18_P4_R08,18,P4,WHITE,4,8,1,1,-108.500213897554,-108.021020117157,1.54188077626648e-12,0,1,0.183811850990091,0.172111743033951,0.0117001079561401,TANGENT_LOSS,FULL4D_CML_MAX_SWEEPS_VALID,4913,9826,4.4687289
MC1_K2_N1_L4_SP18_P4_R09,18,P4,WHITE,4,9,1,1,-105.076921801215,-105.03492241485,1.49323286963771e-12,0,1,0.109999236062693,0.100632580448301,0.00936665561439157,TANGENT_LOSS,FULL4D_CML_CONVERGED,4220,8440,3.7481922
MC1_K2_N1_L4_SP18_P4_R10,18,P4,WHITE,4,10,1,1,-109.099688074636,-108.494664067745,1.55039981670251e-12,0,1,0.0562984715917349,0.131711142142721,-0.0754126705509861,TANGENT_WIN,FULL4D_CML_MAX_SWEEPS_VALID,5200,10400,4.6469248
MC1_K2_N1_L4_SP22_P1_R01,22,P1,WHITE,4,1,1,1,-121.253422713175,-121.146460468341,1.7231147738979e-12,0,1,0.0642619116143629,0.0669936953621297,-0.00273178374776684,TANGENT_WIN,FULL4D_CML_MAX_SWEEPS_VALID,5003,10006,4.3560352
MC1_K2_N1_L4_SP22_P1_R02,22,P1,WHITE,4,2,1,1,-130.586403548341,-130.331431891697,1.85574440860621e-12,0,1,0.141681308325435,0.115956436474551,0.0257248718508836,TANGENT_LOSS,FULL4D_CML_MAX_SWEEPS_VALID,4943,9886,4.3278972
MC1_K2_N1_L4_SP22_P1_R03,22,P1,WHITE,4,3,1,1,-112.608313952018,-113.341496603692,1.60026038929598e-12,1,0,0.151307619316381,0.0371660293674111,0.11414158994897,TANGENT_LOSS,FULL4D_CML_MAX_SWEEPS_VALID,4970,9940,4.3449695
MC1_K2_N1_L4_SP22_P1_R04,22,P1,WHITE,4,4,1,1,-118.780814487792,-118.740321460237,1.68797689763937e-12,0,1,0.0866102234454699,0.0827929501380295,0.00381727330744036,TANGENT_LOSS,FULL4D_CML_MAX_SWEEPS_VALID,5017,10034,4.3440384
MC1_K2_N1_L4_SP22_P1_R05,22,P1,WHITE,4,5,1,1,-125.625749251027,-124.969758386044,1.78524927109474e-12,0,1,0.0461063500248108,0.100634891243306,-0.0545285412184949,TANGENT_WIN,FULL4D_CML_MAX_SWEEPS_VALID,5125,10250,4.4210531
MC1_K2_N1_L4_SP22_P1_R06,22,P1,WHITE,4,6,1,1,-125.495935563244,-125.610226959668,1.78340450763761e-12,1,0,0.0452681303846524,0.0141844745547636,0.0310836558298888,TANGENT_LOSS,FULL4D_CML_MAX_SWEEPS_VALID,5007,10014,4.3219227
MC1_K2_N1_L4_SP22_P1_R07,22,P1,WHITE,4,7,1,1,-121.195149039358,-120.169229886539,1.72228665518557e-12,0,1,0.106268408310412,0.143788253059207,-0.0375198447487946,TANGENT_WIN,FULL4D_CML_CONVERGED,3349,6698,2.8390062
MC1_K2_N1_L4_SP22_P1_R08,22,P1,WHITE,4,8,1,1,-106.918898071342,-106.937635167937,1.51940892680133e-12,1,0,0.0417347030205232,0.0489326027341924,-0.00719789971366919,TANGENT_WIN,FULL4D_CML_MAX_SWEEPS_VALID,4989,9978,4.3404316
MC1_K2_N1_L4_SP22_P1_R09,22,P1,WHITE,4,9,1,1,-121.33362808739,-121.374863418507,1.72425456081825e-12,1,0,0.0338458121030159,0.0159896243270694,0.0178561877759465,TANGENT_LOSS,FULL4D_CML_MAX_SWEEPS_VALID,4937,9874,4.3662549
MC1_K2_N1_L4_SP22_P1_R10,22,P1,WHITE,4,10,1,1,-137.303100564542,-135.725604440324,1.95119441406948e-12,0,1,0.152016424764734,0.126839761221066,0.0251766635436683,TANGENT_LOSS,FULL4D_CML_MAX_SWEEPS_VALID,5192,10384,4.4439812
MC1_K2_N1_L4_SP22_P2_R01,22,P2,WHITE,4,1,1,1,-121.38638313787,-121.272780530246,1.72500425517612e-12,0,1,0.223606797749979,0.220983125763258,0.00262367198672073,TANGENT_LOSS,FULL4D_CML_CONVERGED,2404,4808,2.1472308
MC1_K2_N1_L4_SP22_P2_R02,22,P2,WHITE,4,2,1,1,-113.949037371358,-112.164767366112,1.61931321502149e-12,0,1,0.0830369820420473,0.248030865579754,-0.164993883537707,TANGENT_WIN,FULL4D_CML_MAX_SWEEPS_VALID,4321,8642,3.8689149
MC1_K2_N1_L4_SP22_P2_R03,22,P2,WHITE,4,3,1,1,-132.279392080431,-131.924730416407,1.87980322267025e-12,0,1,0.223606797749979,0.212017889690989,0.0115889080589898,TANGENT_LOSS,FULL4D_CML_MAX_SWEEPS_VALID,4799,9598,4.550205
MC1_K2_N1_L4_SP22_P2_R04,22,P2,WHITE,4,4,1,1,-121.017089515823,-120.755069970019,1.71975627716596e-12,0,1,0.106846340958095,0.10833498265531,-0.00148864169721484,TANGENT_WIN,FULL4D_CML_MAX_SWEEPS_VALID,4194,8388,3.8292179
MC1_K2_N1_L4_SP22_P2_R05,22,P2,WHITE,4,5,1,1,-124.989941061911,-124.81273661163,1.77621389329248e-12,0,1,0.130572981143349,0.215824546464678,-0.0852515653213292,TANGENT_WIN,FULL4D_CML_STATIONARY,3883,7766,3.7208783
MC1_K2_N1_L4_SP22_P2_R06,22,P2,WHITE,4,6,1,1,-115.664667163486,-117.678289452014,1.6436937807425e-12,1,0,0.0758527748332675,0.102228060067976,-0.0263752852347081,TANGENT_WIN,FULL4D_CML_STATIONARY,1407,2814,1.3766185
MC1_K2_N1_L4_SP22_P2_R07,22,P2,WHITE,4,7,1,1,-120.426724858449,-120.033009195282,1.71136669079102e-12,0,1,0.100000000000001,0.188931350274607,-0.0889313502746065,TANGENT_WIN,FULL4D_CML_MAX_SWEEPS_VALID,3415,6830,3.1533653
MC1_K2_N1_L4_SP22_P2_R08,22,P2,WHITE,4,8,1,1,-122.744875151926,-122.408563086096,1.74430958781963e-12,0,1,0.100000000000001,0.132658721751355,-0.0326587217513536,TANGENT_WIN,FULL4D_CML_MAX_SWEEPS_VALID,3660,7320,3.3529442
MC1_K2_N1_L4_SP22_P2_R09,22,P2,WHITE,4,9,1,1,-115.0352585543,-114.792080492669,1.63474934644086e-12,0,1,0.499999999999999,0.407173018279258,0.0928269817207415,TANGENT_LOSS,FULL4D_CML_MAX_SWEEPS_VALID,4981,9962,4.4850591
MC1_K2_N1_L4_SP22_P2_R10,22,P2,WHITE,4,10,1,1,-115.943129882812,-115.140715849813,1.64765097399044e-12,0,1,0.119953978917418,0.247894123077788,-0.12794014416037,TANGENT_WIN,FULL4D_CML_MAX_SWEEPS_VALID,4496,8992,4.1223148
MC1_K2_N1_L4_SP22_P3_R01,22,P3,WHITE,4,1,1,1,-121.210851843342,-121.072909393196,1.72250980545161e-12,0,1,0.0373359802860363,0.158974783174701,-0.121638802888665,TANGENT_WIN,FULL4D_CML_CONVERGED,3333,6666,3.0258838
MC1_K2_N1_L4_SP22_P3_R02,22,P3,WHITE,4,2,1,1,-123.417002576034,-121.64110665927,1.75386109299373e-12,0,1,0.0217058849433048,0.160278100465766,-0.138572215522461,TANGENT_WIN,FULL4D_CML_STATIONARY,2011,4022,1.8444238
MC1_K2_N1_L4_SP22_P3_R03,22,P3,WHITE,4,3,1,1,-125.447477369337,-125.350011915107,1.78271587528424e-12,0,1,0.197118618654725,0.25956269057172,-0.0624440719169955,TANGENT_WIN,FULL4D_CML_MAX_SWEEPS_VALID,4712,9424,4.1366988
MC1_K2_N1_L4_SP22_P3_R04,22,P3,WHITE,4,4,1,1,-123.376991882169,-122.259921837538,1.75329250683616e-12,0,1,0.0334011520782366,0.160918353816722,-0.127517201738485,TANGENT_WIN,FULL4D_CML_MAX_SWEEPS_VALID,4012,8024,3.466641
MC1_K2_N1_L4_SP22_P3_R05,22,P3,WHITE,4,5,1,1,-107.862331342406,-107.906819227114,1.53281591994991e-12,1,0,0.0749331679064587,0.0374752643811129,0.0374579035253458,TANGENT_LOSS,FULL4D_CML_MAX_SWEEPS_VALID,5004,10008,4.6856795
MC1_K2_N1_L4_SP22_P3_R06,22,P3,WHITE,4,6,1,1,-120.952220643046,-120.139380296145,1.71883443503938e-12,0,1,0.0766246066576457,0.226461144774748,-0.149836538117102,TANGENT_WIN,FULL4D_CML_MAX_SWEEPS_VALID,5174,10348,4.8010107
MC1_K2_N1_L4_SP22_P3_R07,22,P3,WHITE,4,7,1,1,-109.577063462986,-109.54587873429,1.55718372899096e-12,0,1,0.0753296561479232,0.063446000496188,0.0118836556517352,TANGENT_LOSS,FULL4D_CML_MAX_SWEEPS_VALID,2608,5216,2.7346398
MC1_K2_N1_L4_SP22_P3_R08,22,P3,WHITE,4,8,1,1,-125.591429980928,-125.523971939484,1.78476156493343e-12,0,1,0.0750329104161733,0.0601757691999035,0.0148571412162698,TANGENT_LOSS,FULL4D_CML_MAX_SWEEPS_VALID,4966,9932,5.1162147
MC1_K2_N1_L4_SP22_P3_R09,22,P3,WHITE,4,9,1,1,-122.209893632348,-121.051705204189,1.73670704316959e-12,0,1,0.0750487398743792,0.254481695480888,-0.179432955606508,TANGENT_WIN,FULL4D_CML_MAX_SWEEPS_VALID,5464,10928,4.7106592
MC1_K2_N1_L4_SP22_P3_R10,22,P3,WHITE,4,10,1,1,-122.078086341711,-121.626214752019,1.73483394891194e-12,0,1,0.0754865998558715,0.110522940171716,-0.0350363403158443,TANGENT_WIN,FULL4D_CML_MAX_SWEEPS_VALID,5218,10436,4.4666699
MC1_K2_N1_L4_SP22_P4_R01,22,P4,WHITE,4,1,1,1,-114.811817960421,-114.173368065918,1.63157406462376e-12,0,1,0.107621920193937,0.175525101898994,-0.0679031817050565,TANGENT_WIN,FULL4D_CML_MAX_SWEEPS_VALID,4956,9912,4.3025435
MC1_K2_N1_L4_SP22_P4_R02,22,P4,WHITE,4,2,1,1,-130.6249666943,-128.743090106148,1.8562924238708e-12,0,1,0.0905991282094354,0.296225714304847,-0.205626586095412,TANGENT_WIN,FULL4D_CML_MAX_SWEEPS_VALID,4901,9802,4.2266097
MC1_K2_N1_L4_SP22_P4_R03,22,P4,WHITE,4,3,1,1,-113.261498188332,-113.458071551784,1.6095426955805e-12,1,0,0.120857111074235,0.0419610511115955,0.0788960599626395,TANGENT_LOSS,FULL4D_CML_MAX_SWEEPS_VALID,4892,9784,4.618515
MC1_K2_N1_L4_SP22_P4_R04,22,P4,WHITE,4,4,1,1,-106.964478580538,-104.586650334409,1.52005666479536e-12,0,1,0.0585943125256794,0.227827912709122,-0.169233600183443,TANGENT_WIN,FULL4D_CML_MAX_SWEEPS_VALID,5005,10010,4.5205767
MC1_K2_N1_L4_SP22_P4_R05,22,P4,WHITE,4,5,1,1,-84.8773804317518,-84.9401248598367,1.20618012192255e-12,1,0,0.124673110020298,0.118462085574965,0.00621102444533343,TANGENT_LOSS,FULL4D_CML_CONVERGED,4554,9108,4.0611549
MC1_K2_N1_L4_SP22_P4_R06,22,P4,WHITE,4,6,1,1,-124.229514361142,-124.097293949261,1.76540757992629e-12,0,1,0.110621061599509,0.200021157300542,-0.0894000957010326,TANGENT_WIN,FULL4D_CML_MAX_SWEEPS_VALID,4786,9572,4.2939837
MC1_K2_N1_L4_SP22_P4_R07,22,P4,WHITE,4,7,1,1,-116.10992859492,-115.69972325972,1.65002132625489e-12,0,1,0.0874313317720364,0.315272539378763,-0.227841207606727,TANGENT_WIN,FULL4D_CML_MAX_SWEEPS_VALID,4925,9850,4.4254722
MC1_K2_N1_L4_SP22_P4_R08,22,P4,WHITE,4,8,1,1,-109.071731233025,-107.708520025461,1.55000252608808e-12,0,1,0.0797131331151615,0.164894586190078,-0.0851814530749161,TANGENT_WIN,FULL4D_CML_MAX_SWEEPS_VALID,4902,9804,4.5355526
MC1_K2_N1_L4_SP22_P4_R09,22,P4,WHITE,4,9,1,1,-104.619794093511,-104.593435797389,1.48673669419723e-12,0,1,0.109674206679213,0.0990277520393375,0.0106464546398755,TANGENT_LOSS,FULL4D_CML_CONVERGED,3948,7896,3.5128341
MC1_K2_N1_L4_SP22_P4_R10,22,P4,WHITE,4,10,1,1,-108.442273327887,-107.808283054369,1.54105739124883e-12,0,1,0.0547929086223915,0.120678511610693,-0.0658856029883017,TANGENT_WIN,FULL4D_CML_MAX_SWEEPS_VALID,4985,9970,4.5060335
MC1_K2_N1_L4_SP6_P1_R01,6,P1,WHITE,4,1,1,1,-121.768218619571,-121.711193573178,1.73043046373168e-12,0,1,0.0868144133681557,0.12541450851849,-0.0386000951503345,TANGENT_WIN,FULL4D_CML_CONVERGED,2318,4636,2.1849292
MC1_K2_N1_L4_SP6_P1_R02,6,P1,WHITE,4,2,1,1,-128.929707143859,-128.893900879783,1.83220133669492e-12,0,1,0.470411305736164,0.481944149727317,-0.0115328439911529,TANGENT_WIN,FULL4D_CML_MAX_SWEEPS_VALID,3413,6826,2.978704
MC1_K2_N1_L4_SP6_P1_R03,6,P1,WHITE,4,3,1,1,-113.514407676677,-113.589940352133,1.61313675557547e-12,1,0,0.220602142174224,0.173265033860951,0.0473371083132732,TANGENT_LOSS,FULL4D_CML_MAX_SWEEPS_VALID,4997,9994,4.3188426
MC1_K2_N1_L4_SP6_P1_R04,6,P1,WHITE,4,4,1,1,-116.964237287257,-116.772562510231,1.66216178296362e-12,0,1,0.16011453284753,0.20271187642306,-0.0425973435755304,TANGENT_WIN,FULL4D_CML_MAX_SWEEPS_VALID,5338,10676,4.592238
MC1_K2_N1_L4_SP6_P1_R05,6,P1,WHITE,4,5,1,1,-125.46430494243,-125.445546544165,1.78295500948067e-12,0,1,0.108624240248386,0.118228549550615,-0.009604309302229,TANGENT_WIN,FULL4D_CML_CONVERGED,1420,2840,1.2356036
MC1_K2_N1_L4_SP6_P1_R06,6,P1,WHITE,4,6,1,1,-125.424246206989,-125.369147315211,1.78238574061125e-12,0,1,0.106297780763313,0.100895827386528,0.00540195337678545,TANGENT_LOSS,FULL4D_CML_CONVERGED,3317,6634,2.9067011
MC1_K2_N1_L4_SP6_P1_R07,6,P1,WHITE,4,7,1,1,-122.445476892341,-122.437521424031,1.74005488265068e-12,0,1,0.50278660733479,0.496319577856006,0.00646702947878436,TANGENT_LOSS,FULL4D_CML_STATIONARY,1178,2356,1.0077076
MC1_K2_N1_L4_SP6_P1_R08,6,P1,WHITE,4,8,1,1,-107.396200527802,-107.399020758411,1.52619180266529e-12,1,0,0.122933284829033,0.110289759343296,0.0126435254857371,TANGENT_LOSS,FULL4D_CML_STATIONARY,1765,3530,1.5186703
MC1_K2_N1_L4_SP6_P1_R09,6,P1,WHITE,4,9,1,1,-119.064545340653,-118.875077327457,1.6920089555676e-12,0,1,0.127689246184612,0.129912438419162,-0.00222319223454973,TANGENT_WIN,FULL4D_CML_CONVERGED,1886,3772,1.5985532
MC1_K2_N1_L4_SP6_P1_R10,6,P1,WHITE,4,10,1,1,-137.646411085466,-137.935315157273,1.95607315000453e-12,1,0,0.231799952303772,0.138017617952916,0.0937823343508559,TANGENT_LOSS,FULL4D_CML_MAX_SWEEPS_VALID,5335,10670,4.5648741
MC1_K2_N1_L4_SP6_P2_R01,6,P2,WHITE,4,1,1,1,-116.085691159761,-116.041354328127,1.64967689158517e-12,0,1,0.117224379123903,0.182365997593036,-0.0651416184691333,TANGENT_WIN,FULL4D_CML_STATIONARY,3781,7562,3.3548048
MC1_K2_N1_L4_SP6_P2_R02,6,P2,WHITE,4,2,1,1,-113.163211393233,-113.05567398526,1.60814595621493e-12,0,1,0.17745381804222,0.202188824480386,-0.0247350064381658,TANGENT_WIN,FULL4D_CML_STATIONARY,2681,5362,2.4380375
MC1_K2_N1_L4_SP6_P2_R03,6,P2,WHITE,4,3,1,1,-132.618487021443,-132.336766320694,1.88462205161163e-12,0,1,0.556776436283002,0.49131275118966,0.0654636850933416,TANGENT_LOSS,FULL4D_CML_STATIONARY,1727,3454,1.5511805
MC1_K2_N1_L4_SP6_P2_R04,6,P2,WHITE,4,4,1,1,-115.479792254717,-115.048255838613,1.64106655027349e-12,0,1,0.139536619610627,0.19047785167867,-0.0509412320680427,TANGENT_WIN,FULL4D_CML_MAX_SWEEPS_VALID,3534,7068,3.5315259
MC1_K2_N1_L4_SP6_P2_R05,6,P2,WHITE,4,5,1,1,-123.879317567492,-123.878721150181,1.76043098417e-12,0,1,0.458257569495584,0.453797533268748,0.00446003622683627,TANGENT_LOSS,FULL4D_CML_CONVERGED,923,1846,0.829798
MC1_K2_N1_L4_SP6_P2_R06,6,P2,WHITE,4,6,1,1,-115.69823158186,-115.700277894904,1.64417075981561e-12,1,0,0.153220556793275,0.151251236127318,0.00196932066595684,TANGENT_LOSS,FULL4D_CML_STATIONARY,1786,3572,1.6060207
MC1_K2_N1_L4_SP6_P2_R07,6,P2,WHITE,4,7,1,1,-120.20607974432,-118.560364693918,1.70823113513052e-12,0,1,0.556776436283001,0.649461741067747,-0.0926853047847458,TANGENT_WIN,FULL4D_CML_MAX_SWEEPS_VALID,3557,7114,3.4986417
MC1_K2_N1_L4_SP6_P2_R08,6,P2,WHITE,4,8,1,1,-120.811824287938,-120.616221454241,1.7168392828344e-12,0,1,0.113915711845477,0.184546659116452,-0.0706309472709749,TANGENT_WIN,FULL4D_CML_MAX_SWEEPS_VALID,5503,11006,4.9350522
MC1_K2_N1_L4_SP6_P2_R09,6,P2,WHITE,4,9,1,1,-117.467747663217,-117.401054540092,1.66931709576399e-12,0,1,0.5,0.500679078746161,-0.00067907874616091,TANGENT_WIN,FULL4D_CML_CONVERGED,4303,8606,3.8138374
MC1_K2_N1_L4_SP6_P2_R10,6,P2,WHITE,4,10,1,1,-114.334143740409,-113.573092166412,1.62478590568197e-12,0,1,0.159495547697498,0.391552814866091,-0.232057267168593,TANGENT_WIN,FULL4D_CML_MAX_SWEEPS_VALID,4575,9150,4.1133041
MC1_K2_N1_L4_SP6_P3_R01,6,P3,WHITE,4,1,1,1,-120.806259779743,-120.758199486403,1.71676020641688e-12,0,1,0.101911811261221,0.166496851700576,-0.0645850404393545,TANGENT_WIN,FULL4D_CML_STATIONARY,1213,2426,1.1247346
MC1_K2_N1_L4_SP6_P3_R02,6,P3,WHITE,4,2,1,1,-123.694694709651,-123.301393517895,1.75780733556012e-12,0,1,0.188745860881769,0.166383983244895,0.022361877636874,TANGENT_LOSS,FULL4D_CML_CONVERGED,2413,4826,2.2000187
MC1_K2_N1_L4_SP6_P3_R03,6,P3,WHITE,4,3,1,1,-123.669375745283,-123.510482628659,1.75744753143594e-12,0,1,0.430842198490352,0.427216402778554,0.00362579571179811,TANGENT_LOSS,FULL4D_CML_CONVERGED,1881,3762,1.664138
MC1_K2_N1_L4_SP6_P3_R04,6,P3,WHITE,4,4,1,1,-121.423019378927,-121.18679427732,1.72552488747509e-12,0,1,0.203368739452307,0.249910734120613,-0.0465419946683059,TANGENT_WIN,FULL4D_CML_CONVERGED,3956,7912,3.3795617
MC1_K2_N1_L4_SP6_P3_R05,6,P3,WHITE,4,5,1,1,-108.130963511423,-108.008190072906,1.53663341267564e-12,0,1,0.0880790026152994,0.249142996973406,-0.161063994358107,TANGENT_WIN,FULL4D_CML_MAX_SWEEPS_VALID,5002,10004,4.6692323
MC1_K2_N1_L4_SP6_P3_R06,6,P3,WHITE,4,6,1,1,-120.540561666569,-119.262423318158,1.71298440913246e-12,0,1,0.500624609862519,0.494237428300188,0.0063871815623307,TANGENT_LOSS,FULL4D_CML_CONVERGED,2491,4982,2.327362
MC1_K2_N1_L4_SP6_P3_R07,6,P3,WHITE,4,7,1,1,-109.566356849187,-109.531606851738,1.55703157885777e-12,0,1,0.114900515562909,0.251146920514764,-0.136246404951855,TANGENT_WIN,FULL4D_CML_MAX_SWEEPS_VALID,2720,5440,2.6888855
MC1_K2_N1_L4_SP6_P3_R08,6,P3,WHITE,4,8,1,1,-122.875586298139,-122.123779253443,1.74616710492812e-12,0,1,0.62098711741871,0.595059917130762,0.0259272002879485,TANGENT_LOSS,FULL4D_CML_STATIONARY,1111,2222,1.1348078
MC1_K2_N1_L4_SP6_P3_R09,6,P3,WHITE,4,9,1,1,-124.033285453208,-123.566936432069,1.76261899942472e-12,0,1,0.0886018107830088,0.076320056133341,0.0122817546496678,TANGENT_LOSS,FULL4D_CML_MAX_SWEEPS_VALID,5452,10904,5.0411966
MC1_K2_N1_L4_SP6_P3_R10,6,P3,WHITE,4,10,1,1,-122.076391976986,-122.081313262754,1.734809870541e-12,1,0,0.114119870153778,0.104097106793051,0.0100227633607273,TANGENT_LOSS,FULL4D_CML_MAX_SWEEPS_VALID,3612,7224,3.2422642
MC1_K2_N1_L4_SP6_P4_R01,6,P4,WHITE,4,1,1,1,-115.506983985649,-115.382000515009,1.64145296801122e-12,0,1,0.183811850990091,0.183475060982395,0.000336790007696347,TANGENT_LOSS,FULL4D_CML_CONVERGED,2312,4624,1.9973312
MC1_K2_N1_L4_SP6_P4_R02,6,P4,WHITE,4,2,1,1,-127.552112401575,-126.578073193892,1.8126245379559e-12,0,1,0.152335296749414,0.555016625590845,-0.402681328841431,TANGENT_WIN,FULL4D_CML_STATIONARY,4337,8674,3.8867305
MC1_K2_N1_L4_SP6_P4_R03,6,P4,WHITE,4,3,1,1,-112.769155216433,-112.01268554106,1.60254608113679e-12,0,1,0.194753516497481,0.502024016134554,-0.307270499637073,TANGENT_WIN,FULL4D_CML_MAX_SWEEPS_VALID,5355,10710,4.6873206
MC1_K2_N1_L4_SP6_P4_R04,6,P4,WHITE,4,4,1,1,-106.932302879923,-105.535815427191,1.51959942058856e-12,0,1,0.379192294969721,0.432502310558635,-0.0533100155889142,TANGENT_WIN,FULL4D_CML_MAX_SWEEPS_VALID,4702,9404,4.2340874
MC1_K2_N1_L4_SP6_P4_R05,6,P4,WHITE,4,5,1,1,-86.6195334558398,-86.570508497176,1.23093760543952e-12,0,1,0.260631794277165,0.365338530840362,-0.104706736563197,TANGENT_WIN,FULL4D_CML_STATIONARY,1906,3812,1.7331963
MC1_K2_N1_L4_SP6_P4_R06,6,P4,WHITE,4,6,1,1,-124.214301304159,-124.156399184312,1.76519138938373e-12,0,1,0.341636837522738,0.350793505894054,-0.00915666837131612,TANGENT_WIN,FULL4D_CML_CONVERGED,1664,3328,1.5002915
MC1_K2_N1_L4_SP6_P4_R07,6,P4,WHITE,4,7,1,1,-115.489010424407,-115.038482589618,1.6411975483437e-12,0,1,0.591307585729011,0.571869251748611,0.0194383339803995,TANGENT_LOSS,FULL4D_CML_STATIONARY,1261,2522,1.2600301
MC1_K2_N1_L4_SP6_P4_R08,6,P4,WHITE,4,8,1,1,-108.989901601148,-107.27577013325,1.54883965707808e-12,0,1,0.183811850990091,0.61549864333001,-0.431686792339919,TANGENT_WIN,FULL4D_CML_CONVERGED,2783,5566,2.5811987
MC1_K2_N1_L4_SP6_P4_R09,6,P4,WHITE,4,9,1,1,-106.121394755137,-104.629906261916,1.50807572303985e-12,0,1,0.433507707184237,0.504801639989563,-0.0712939328053262,TANGENT_WIN,FULL4D_CML_MAX_SWEEPS_VALID,3801,7602,3.5146679
MC1_K2_N1_L4_SP6_P4_R10,6,P4,WHITE,4,10,1,1,-110.070946252925,-109.231419313736,1.56420222556513e-12,0,1,0.0775122837239147,0.504442735135845,-0.42693045141193,TANGENT_WIN,FULL4D_CML_STATIONARY,3791,7582,3.4684989
MC1_K2_N1_L8_SM6_P1_R01,-6,P1,WHITE,8,1,1,1,-232.618647801314,-232.531889961177,3.30570980795122e-12,0,1,0.42291889257068,0.39741962643826,0.02549926613242,TANGENT_LOSS,FULL4D_CML_MAX_SWEEPS_VALID,4179,8358,3.7613967
MC1_K2_N1_L8_SM6_P1_R02,-6,P1,WHITE,8,2,1,1,-224.580402594677,-224.542881167783,3.19147947315453e-12,0,1,0.240098284578658,0.189942607016792,0.0501556775618659,TANGENT_LOSS,FULL4D_CML_CONVERGED,2385,4770,2.1880712
MC1_K2_N1_L8_SM6_P1_R03,-6,P1,WHITE,8,3,1,1,-234.858642374349,-234.351525210289,3.33754204539146e-12,0,1,0.314420720839468,0.315930325363795,-0.00150960452432708,TANGENT_WIN,FULL4D_CML_MAX_SWEEPS_VALID,3562,7124,3.2886522
MC1_K2_N1_L8_SM6_P1_R04,-6,P1,WHITE,8,4,1,1,-213.502327632904,-213.502327632904,3.03405055934866e-12,0,1,0.548895979730589,0.548895979730589,-1.11022302462516e-16,TIE,FULL4D_CML_STATIONARY,569,1138,0.5231742
MC1_K2_N1_L8_SM6_P1_R05,-6,P1,WHITE,8,5,1,1,-253.862532962583,-253.820578741929,3.60760357356445e-12,0,1,0.42291889257068,0.452074427123074,-0.0291555345523941,TANGENT_WIN,FULL4D_CML_STATIONARY,2473,4946,2.209862
MC1_K2_N1_L8_SM6_P1_R06,-6,P1,WHITE,8,6,1,1,-239.026759471622,-238.173740995105,3.39677455189675e-12,0,1,0.314420720839468,0.244722351423951,0.0696983694155169,TANGENT_LOSS,FULL4D_CML_CONVERGED,2905,5810,2.7248748
MC1_K2_N1_L8_SM6_P1_R07,-6,P1,WHITE,8,7,1,1,-228.450266788418,-228.40950321777,3.24647355097935e-12,0,1,0.247561702539797,0.285395005492668,-0.0378333029528709,TANGENT_WIN,FULL4D_CML_CONVERGED,755,1510,0.7227423
MC1_K2_N1_L8_SM6_P1_R08,-6,P1,WHITE,8,8,1,1,-229.94966844663,-229.726715070089,3.26778133010393e-12,0,1,0.249999999999999,0.270143005500268,-0.0201430055002692,TANGENT_WIN,FULL4D_CML_MAX_SWEEPS_VALID,3555,7110,3.3037322
MC1_K2_N1_L8_SM6_P1_R09,-6,P1,WHITE,8,9,1,1,-240.896403110768,-240.061431966235,3.42334378602186e-12,0,1,0.548895979730589,0.511822873868624,0.037073105861965,TANGENT_LOSS,FULL4D_CML_CONVERGED,1160,2320,1.0825679
MC1_K2_N1_L8_SM6_P1_R10,-6,P1,WHITE,8,10,1,1,-241.525656003695,-241.01504448811,3.43228600746237e-12,0,1,0.240098284578658,0.135179219614057,0.104919064964601,TANGENT_LOSS,FULL4D_CML_CONVERGED,3383,6766,3.8903254
MC1_K2_N1_L8_SM6_P2_R01,-6,P2,WHITE,8,1,1,1,-233.697962852383,-232.896390230654,3.32104779733389e-12,0,1,0.264575131106458,0.172685043343032,0.0918900877634261,TANGENT_LOSS,FULL4D_CML_CONVERGED,1207,2414,1.8523089
MC1_K2_N1_L8_SM6_P2_R02,-6,P2,WHITE,8,2,1,1,-240.016713512981,-239.831704095784,3.41084264495323e-12,0,1,0.334645697181372,0.242707282962431,0.0919384142189408,TANGENT_LOSS,FULL4D_CML_MAX_SWEEPS_VALID,3546,7092,4.2603781
MC1_K2_N1_L8_SM6_P2_R03,-6,P2,WHITE,8,3,1,1,-219.765744091343,-219.2293647033,3.12305906066034e-12,0,1,0.360555127546399,0.457709520480164,-0.0971543929337654,TANGENT_WIN,FULL4D_CML_STATIONARY,2445,4890,2.2152401
MC1_K2_N1_L8_SM6_P2_R04,-6,P2,WHITE,8,4,1,1,-249.567463486876,-249.243916529641,3.54656696525348e-12,0,1,0.519615242270663,0.488610433213071,0.0310048090575924,TANGENT_LOSS,FULL4D_CML_CONVERGED,2168,4336,1.9582025
MC1_K2_N1_L8_SM6_P2_R05,-6,P2,WHITE,8,5,1,1,-214.221024205758,-214.134760885773,3.0442638519298e-12,0,1,0.53851648071345,0.532991644526194,0.00552483618725563,TANGENT_LOSS,FULL4D_CML_STATIONARY,2395,4790,2.1784545
MC1_K2_N1_L8_SM6_P2_R06,-6,P2,WHITE,8,6,1,1,-240.160040051426,-239.887770539294,3.41287943756791e-12,0,1,0.360555127546399,0.457682146027175,-0.0971270184807764,TANGENT_WIN,FULL4D_CML_STATIONARY,2431,4862,2.1556521
MC1_K2_N1_L8_SM6_P2_R07,-6,P2,WHITE,8,7,1,1,-219.605839375054,-219.218898736067,3.12078667796888e-12,0,1,0.223606797749978,0.195972034535246,0.0276347632147317,TANGENT_LOSS,FULL4D_CML_CONVERGED,1188,2376,1.0417914
MC1_K2_N1_L8_SM6_P2_R08,-6,P2,WHITE,8,8,1,1,-231.380924075393,-230.305051999889,3.2881206959046e-12,0,1,0.268478615853127,0.410975087845282,-0.142496471992155,TANGENT_WIN,FULL4D_CML_STATIONARY,2918,5836,2.5319343
MC1_K2_N1_L8_SM6_P2_R09,-6,P2,WHITE,8,9,1,1,-237.08071470615,-236.723996853399,3.36911959246535e-12,0,1,0.360555127546398,0.231543622058347,0.129011505488051,TANGENT_LOSS,FULL4D_CML_CONVERGED,1642,3284,1.4858899
MC1_K2_N1_L8_SM6_P2_R10,-6,P2,WHITE,8,10,1,1,-229.599714006804,-229.429892317676,3.26280817840262e-12,0,1,0.45990603567542,0.492029836320724,-0.0321238006453042,TANGENT_WIN,FULL4D_CML_CONVERGED,1003,2006,0.9162675
MC1_K2_N1_L8_SM6_P3_R01,-6,P3,WHITE,8,1,1,1,-236.959555759072,-236.633981530586,3.36739782027098e-12,0,1,0.340036762718387,0.20914787358197,0.130888889136417,TANGENT_LOSS,FULL4D_CML_CONVERGED,3063,6126,2.8764807
MC1_K2_N1_L8_SM6_P3_R02,-6,P3,WHITE,8,2,1,1,-230.113695536355,-229.847210663586,3.27011229524537e-12,0,1,0.188745860881769,0.20541487852834,-0.0166690176465711,TANGENT_WIN,FULL4D_CML_CONVERGED,1002,2004,0.8963331
MC1_K2_N1_L8_SM6_P3_R03,-6,P3,WHITE,8,3,1,1,-231.895930301358,-231.699314546618,3.29543937455921e-12,0,1,0.188745860881769,0.124773338656861,0.0639725222249085,TANGENT_LOSS,FULL4D_CML_CONVERGED,1755,3510,1.5461668
MC1_K2_N1_L8_SM6_P3_R04,-6,P3,WHITE,8,4,1,1,-228.662936232801,-228.277802669055,3.24949576555584e-12,0,1,0.413067791046458,0.414211294077629,-0.00114350303117078,TANGENT_WIN,FULL4D_CML_STATIONARY,1439,2878,1.2597051
MC1_K2_N1_L8_SM6_P3_R05,-6,P3,WHITE,8,5,1,1,-254.418885956981,-253.606995765711,3.6155098251382e-12,0,1,0.188745860881769,0.208268688196467,-0.0195228273146981,TANGENT_WIN,FULL4D_CML_CONVERGED,2014,4028,1.7579235
MC1_K2_N1_L8_SM6_P3_R06,-6,P3,WHITE,8,6,1,1,-231.334456938421,-231.235737062522,3.28746035817205e-12,0,1,0.50062460986252,0.449027319847274,0.0515972900152456,TANGENT_LOSS,FULL4D_CML_CONVERGED,1350,2700,1.2351602
MC1_K2_N1_L8_SM6_P3_R07,-6,P3,WHITE,8,7,1,1,-223.572698357717,-223.502996973314,3.1771591346472e-12,0,1,0.361420807370024,0.355335174580436,0.00608563278958824,TANGENT_LOSS,FULL4D_CML_STATIONARY,1265,2530,1.0984201
MC1_K2_N1_L8_SM6_P3_R08,-6,P3,WHITE,8,8,1,1,-239.774371327744,-239.774371327725,3.40739875536747e-12,0,1,0.524999999999999,0.525,-5.55111512312578e-16,TIE,FULL4D_CML_CONVERGED,1096,2192,0.9432935
MC1_K2_N1_L8_SM6_P3_R09,-6,P3,WHITE,8,9,1,1,-218.17482541631,-217.826842277119,3.10045074650574e-12,0,1,0.430842198490352,0.514902207031087,-0.0840600085407353,TANGENT_WIN,FULL4D_CML_STATIONARY,1979,3958,1.7108704
MC1_K2_N1_L8_SM6_P3_R10,-6,P3,WHITE,8,10,1,1,-249.755925932005,-247.058084713931,3.54924517768048e-12,0,1,0.539096466321195,0.216807158384113,0.322289307937082,TANGENT_LOSS,FULL4D_CML_CONVERGED,934,1868,0.8754433
MC1_K2_N1_L8_SM6_P4_R01,-6,P4,WHITE,8,1,1,1,-217.554432648232,-217.554432648232,3.09163443501222e-12,0,1,0.622839411235459,0.622839411235459,-3.33066907387547e-16,TIE,FULL4D_CML_STATIONARY,630,1260,0.5629549
MC1_K2_N1_L8_SM6_P4_R02,-6,P4,WHITE,8,2,1,1,-231.587387624308,-230.999845641161,3.29105471940221e-12,0,1,0.183811850990091,0.165084431838861,0.0187274191512299,TANGENT_LOSS,FULL4D_CML_CONVERGED,1050,2100,0.9535106
MC1_K2_N1_L8_SM6_P4_R03,-6,P4,WHITE,8,3,1,1,-242.089721720453,-239.83735592461,3.44030186341304e-12,0,1,0.527189654856897,0.225518616420577,0.30167103843632,TANGENT_LOSS,FULL4D_CML_MAX_SWEEPS_VALID,2743,5486,2.5107234
MC1_K2_N1_L8_SM6_P4_R04,-6,P4,WHITE,8,4,1,1,-234.336776185668,-234.285120382228,3.33012588080334e-12,0,1,0.351833478458778,0.351715843197905,0.000117635260872884,TANGENT_LOSS,FULL4D_CML_STATIONARY,940,1880,0.8281512
MC1_K2_N1_L8_SM6_P4_R05,-6,P4,WHITE,8,5,1,1,-240.669162879995,-238.511706940288,3.4201145081169e-12,0,1,0.527189654856897,0.205477999428717,0.32171165542818,TANGENT_LOSS,FULL4D_CML_CONVERGED,1218,2436,1.099742
MC1_K2_N1_L8_SM6_P4_R06,-6,P4,WHITE,8,6,1,1,-220.548826337523,-220.465090073412,3.13418732869086e-12,0,1,0.357671542323588,0.17883710536936,0.178834436954228,TANGENT_LOSS,FULL4D_CML_CONVERGED,3698,7396,3.2129205
MC1_K2_N1_L8_SM6_P4_R07,-6,P4,WHITE,8,7,1,1,-233.677037740029,-231.44255787116,3.32075043360233e-12,0,1,0.608981004938798,0.196975232410694,0.412005772528105,TANGENT_LOSS,FULL4D_CML_CONVERGED,2222,4444,1.9376729
MC1_K2_N1_L8_SM6_P4_R08,-6,P4,WHITE,8,8,1,1,-222.640446830473,-217.76262179174,3.16391104363551e-12,0,1,0.527189654856897,0.254131797722372,0.273057857134525,TANGENT_LOSS,FULL4D_CML_MAX_SWEEPS_VALID,2719,5438,2.4642924
MC1_K2_N1_L8_SM6_P4_R09,-6,P4,WHITE,8,9,1,1,-239.058452456016,-239.058452456016,3.39722493629347e-12,0,1,0.62655693526511,0.62655693526511,4.44089209850063e-16,TIE,FULL4D_CML_STATIONARY,671,1342,0.5838856
MC1_K2_N1_L8_SM6_P4_R10,-6,P4,WHITE,8,10,1,1,-241.368659741287,-240.744254083148,3.43005495638646e-12,0,1,0.563851870785345,0.646768750462094,-0.0829168796767488,TANGENT_WIN,FULL4D_CML_MAX_SWEEPS_VALID,4230,8460,3.6814795
MC1_K2_N1_L8_SP0_P1_R01,0,P1,WHITE,8,1,1,1,-232.856661023491,-232.47377301946,3.30909217927187e-12,0,1,0.42291889257068,0.373599618008928,0.0493192745617519,TANGENT_LOSS,FULL4D_CML_CONVERGED,4303,8606,3.8850426
MC1_K2_N1_L8_SP0_P1_R02,0,P1,WHITE,8,2,1,1,-224.739629608267,-224.645190302394,3.19374222511139e-12,0,1,0.137333133996172,0.110810960347151,0.0265221736490206,TANGENT_LOSS,FULL4D_CML_CONVERGED,4366,8732,3.9053355
MC1_K2_N1_L8_SP0_P1_R03,0,P1,WHITE,8,3,1,1,-234.463250548505,-234.022006131401,3.33192318959881e-12,0,1,0.194380005494394,0.228121028403672,-0.0337410229092781,TANGENT_WIN,FULL4D_CML_MAX_SWEEPS_VALID,4406,8812,3.9588569
MC1_K2_N1_L8_SP0_P1_R04,0,P1,WHITE,8,4,1,1,-213.850401755448,-213.690007093373,3.03899699013425e-12,0,1,0.2181090528094,0.235525642927301,-0.0174165901179015,TANGENT_WIN,FULL4D_CML_MAX_SWEEPS_VALID,2464,4928,2.2912173
MC1_K2_N1_L8_SP0_P1_R05,0,P1,WHITE,8,5,1,1,-254.20968788023,-254.104770142531,3.6125369416628e-12,0,1,0.371008337180735,0.392807810767259,-0.0217994735865244,TANGENT_WIN,FULL4D_CML_STATIONARY,3438,6876,3.0500296
MC1_K2_N1_L8_SP0_P1_R06,0,P1,WHITE,8,6,1,1,-239.468540278056,-238.005241220375,3.40305263475295e-12,0,1,0.233115312165053,0.172360438340237,0.0607548738248161,TANGENT_LOSS,FULL4D_CML_CONVERGED,3042,6084,2.7375588
MC1_K2_N1_L8_SP0_P1_R07,0,P1,WHITE,8,7,1,1,-229.259139723079,-228.901276131282,3.25796832673687e-12,0,1,0.156999138690505,0.1674731123649,-0.0104739736743954,TANGENT_WIN,FULL4D_CML_CONVERGED,1023,2046,1.0022387
MC1_K2_N1_L8_SP0_P1_R08,0,P1,WHITE,8,8,1,1,-232.084283095543,-231.668228847199,3.29811602875257e-12,0,1,0.249999999999999,0.306239048367383,-0.0562390483673836,TANGENT_WIN,FULL4D_CML_MAX_SWEEPS_VALID,3597,7194,3.2928761
MC1_K2_N1_L8_SP0_P1_R09,0,P1,WHITE,8,9,1,1,-242.340887468899,-240.462293326754,3.44387114337364e-12,0,1,0.511162201815044,0.583893087532777,-0.0727308857177332,TANGENT_WIN,FULL4D_CML_CONVERGED,5296,10592,4.7363652
MC1_K2_N1_L8_SP0_P1_R10,0,P1,WHITE,8,10,1,1,-242.228894554637,-241.170033154334,3.44227962833993e-12,0,1,0.316344105569879,0.152987977926677,0.163356127643202,TANGENT_LOSS,FULL4D_CML_CONVERGED,3605,7210,4.607272
MC1_K2_N1_L8_SP0_P2_R01,0,P2,WHITE,8,1,1,1,-232.249214139209,-232.318182689519,3.30045983985214e-12,1,0,0.173460348853832,0.171176699155018,0.0022836496988142,TANGENT_LOSS,FULL4D_CML_CONVERGED,1177,2354,1.6368766
MC1_K2_N1_L8_SP0_P2_R02,0,P2,WHITE,8,2,1,1,-239.919335495645,-239.759378240128,3.40945882009642e-12,0,1,0.192617584189371,0.196222162456354,-0.00360457826698332,TANGENT_WIN,FULL4D_CML_MAX_SWEEPS_VALID,3528,7056,3.9688171
MC1_K2_N1_L8_SP0_P2_R03,0,P2,WHITE,8,3,1,1,-219.430478081619,-218.637627392979,3.11829464410521e-12,0,1,0.360555127546399,0.310570498335015,0.0499846292113835,TANGENT_LOSS,FULL4D_CML_MAX_SWEEPS_VALID,2683,5366,2.4078005
MC1_K2_N1_L8_SP0_P2_R04,0,P2,WHITE,8,4,1,1,-250.216858080394,-250.049513127403,3.5557954174748e-12,0,1,0.331662479035539,0.31542823596357,0.0162342430719694,TANGENT_LOSS,FULL4D_CML_CONVERGED,3981,7962,3.6090459
MC1_K2_N1_L8_SP0_P2_R05,0,P2,WHITE,8,5,1,1,-214.448818308891,-214.243123787745,3.0475010008344e-12,0,1,0.435889894354067,0.408763693463624,0.027126200890443,TANGENT_LOSS,FULL4D_CML_CONVERGED,4286,8572,3.9169236
MC1_K2_N1_L8_SP0_P2_R06,0,P2,WHITE,8,6,1,1,-240.59979353984,-239.945052657234,3.41912871050226e-12,0,1,0.300000000000001,0.42586735049518,-0.125867350495179,TANGENT_WIN,FULL4D_CML_CONVERGED,3048,6096,2.825239
MC1_K2_N1_L8_SP0_P2_R07,0,P2,WHITE,8,7,1,1,-220.433786983314,-220.350267478861,3.13255252114166e-12,0,1,0.223606797749978,0.219559977779655,0.004046819970323,TANGENT_LOSS,FULL4D_CML_MAX_SWEEPS_VALID,2810,5620,2.4769889
MC1_K2_N1_L8_SP0_P2_R08,0,P2,WHITE,8,8,1,1,-231.400019447039,-230.296572691769,3.28839205745679e-12,0,1,0.1644319698273,0.411605056885321,-0.247173087058021,TANGENT_WIN,FULL4D_CML_STATIONARY,3263,6526,2.9954974
MC1_K2_N1_L8_SP0_P2_R09,0,P2,WHITE,8,9,1,1,-236.638242344209,-236.465047330128,3.36283168201432e-12,0,1,0.223606797749978,0.228953283673837,-0.00534648592385886,TANGENT_WIN,FULL4D_CML_CONVERGED,1702,3404,1.5579098
MC1_K2_N1_L8_SP0_P2_R10,0,P2,WHITE,8,10,1,1,-230.442034913011,-230.270903897171,3.27477827842431e-12,0,1,0.306581304789207,0.325754117935706,-0.0191728131464989,TANGENT_WIN,FULL4D_CML_CONVERGED,1313,2626,1.1426734
MC1_K2_N1_L8_SP0_P3_R01,0,P3,WHITE,8,1,1,1,-236.786271861346,-236.41468011767,3.36493530797591e-12,0,1,0.108876776002069,0.177621626645479,-0.06874485064341,TANGENT_WIN,FULL4D_CML_CONVERGED,2948,5896,2.5521881
MC1_K2_N1_L8_SP0_P3_R02,0,P3,WHITE,8,2,1,1,-230.16993456648,-229.919244540849,3.2709114999318e-12,0,1,0.188745860881769,0.209410737143318,-0.0206648762615494,TANGENT_WIN,FULL4D_CML_CONVERGED,2857,5714,2.4611899
MC1_K2_N1_L8_SP0_P3_R03,0,P3,WHITE,8,3,1,1,-231.839585647834,-231.849420151222,3.294638668874e-12,1,0,0.137055833765688,0.194201952958987,-0.0571461191932989,TANGENT_WIN,FULL4D_CML_CONVERGED,1580,3160,1.4526856
MC1_K2_N1_L8_SP0_P3_R04,0,P3,WHITE,8,4,1,1,-228.54405614078,-228.350841264698,3.24780637783959e-12,0,1,0.430842198490352,0.37213927099249,0.0587029274978623,TANGENT_LOSS,FULL4D_CML_STATIONARY,1419,2838,1.2873303
MC1_K2_N1_L8_SP0_P3_R05,0,P3,WHITE,8,5,1,1,-254.052053438007,-254.161993534359,3.61029682150625e-12,1,0,0.133801825301107,0.0992337776978308,0.0345680476032762,TANGENT_LOSS,FULL4D_CML_MAX_SWEEPS_VALID,5149,10298,4.4765832
MC1_K2_N1_L8_SP0_P3_R06,0,P3,WHITE,8,6,1,1,-234.398790170859,-233.247771986405,3.3310071525372e-12,0,1,0.301039864469808,0.175306646888216,0.125733217581592,TANGENT_LOSS,FULL4D_CML_CONVERGED,1497,2994,1.3728772
MC1_K2_N1_L8_SP0_P3_R07,0,P3,WHITE,8,7,1,1,-224.039643758838,-223.792786604678,3.18379482790246e-12,0,1,0.361420807370024,0.376145482953374,-0.0147246755833497,TANGENT_WIN,FULL4D_CML_STATIONARY,1224,2448,1.0874933
MC1_K2_N1_L8_SP0_P3_R08,0,P3,WHITE,8,8,1,1,-236.895008835584,-236.817511641477,3.36648055331898e-12,0,1,0.62098711741871,0.617622788738234,0.00336432868047576,TANGENT_LOSS,FULL4D_CML_CONVERGED,1105,2210,0.9781336
MC1_K2_N1_L8_SP0_P3_R09,0,P3,WHITE,8,9,1,1,-219.785640126969,-219.752087705978,3.12334180033203e-12,0,1,0.178426655530724,0.207005733735778,-0.0285790782050543,TANGENT_WIN,FULL4D_CML_MAX_SWEEPS_VALID,3820,7640,3.3005244
MC1_K2_N1_L8_SP0_P3_R10,0,P3,WHITE,8,10,1,1,-247.294014978309,-247.08840987587,3.51425931879574e-12,0,1,0.127201421554101,0.202760423301743,-0.0755590017476422,TANGENT_WIN,FULL4D_CML_CONVERGED,1374,2748,1.2437411
MC1_K2_N1_L8_SP0_P4_R01,0,P4,WHITE,8,1,1,1,-218.230580799812,-218.227856031274,3.10124307816028e-12,0,1,0.503772564322833,0.520196581845847,-0.0164240175230141,TANGENT_WIN,FULL4D_CML_STATIONARY,744,1488,0.6693112
MC1_K2_N1_L8_SP0_P4_R02,0,P4,WHITE,8,2,1,1,-231.6286513562,-231.078864060235,3.29164111230114e-12,0,1,0.183811850990091,0.165871470312757,0.0179403806773341,TANGENT_LOSS,FULL4D_CML_CONVERGED,1955,3910,1.7118528
MC1_K2_N1_L8_SP0_P4_R03,0,P4,WHITE,8,3,1,1,-239.841697129426,-239.858816950666,3.40835551255375e-12,1,0,0.227196207457017,0.198132064878072,0.0290641425789454,TANGENT_LOSS,FULL4D_CML_MAX_SWEEPS_VALID,5251,10502,4.6368497
MC1_K2_N1_L8_SP0_P4_R04,0,P4,WHITE,8,4,1,1,-234.536888321995,-234.52765005145,3.33296964529943e-12,0,1,0.341636837522738,0.339321678545111,0.00231515897762746,TANGENT_LOSS,FULL4D_CML_STATIONARY,765,1530,0.6606646
MC1_K2_N1_L8_SP0_P4_R05,0,P4,WHITE,8,5,1,1,-238.670202871056,-238.612942776358,3.39170757784837e-12,0,1,0.202133283692392,0.196219484760144,0.00591379893224758,TANGENT_LOSS,FULL4D_CML_CONVERGED,1028,2056,0.9075386
MC1_K2_N1_L8_SP0_P4_R06,0,P4,WHITE,8,6,1,1,-220.552396219862,-220.52374843846,3.13423805977013e-12,0,1,0.526037763618295,0.541792500167978,-0.0157547365496826,TANGENT_WIN,FULL4D_CML_STATIONARY,1655,3310,1.464691
MC1_K2_N1_L8_SP0_P4_R07,0,P4,WHITE,8,7,1,1,-232.13330289684,-230.649693107624,3.29881264202697e-12,0,1,0.194753516497481,0.149307232852385,0.0454462836450963,TANGENT_LOSS,FULL4D_CML_CONVERGED,2651,5302,2.2811533
MC1_K2_N1_L8_SP0_P4_R08,0,P4,WHITE,8,8,1,1,-224.273898178961,-217.862905020726,3.18712378343322e-12,0,1,0.343407821967024,0.235406515541523,0.108001306425501,TANGENT_LOSS,FULL4D_CML_MAX_SWEEPS_VALID,2742,5484,2.489227
MC1_K2_N1_L8_SP0_P4_R09,0,P4,WHITE,8,9,1,1,-239.456566311762,-239.445858219953,3.40288247445758e-12,0,1,0.531576516720601,0.540191661868167,-0.00861514514756578,TANGENT_WIN,FULL4D_CML_STATIONARY,806,1612,0.7400521
MC1_K2_N1_L8_SP0_P4_R10,0,P4,WHITE,8,10,1,1,-242.99835432657,-241.390733822334,3.45321430936806e-12,0,1,0.520440067996564,0.652225270687693,-0.131785202691129,TANGENT_WIN,FULL4D_CML_CONVERGED,4584,9168,3.9593118
MC1_K2_N1_L8_SP10_P1_R01,10,P1,WHITE,8,1,1,1,-233.573611968405,-232.834399918803,3.31928066498797e-12,0,1,0.0387386835726446,0.190624277038383,-0.151885593465738,TANGENT_WIN,FULL4D_CML_CONVERGED,5212,10424,4.6733506
MC1_K2_N1_L8_SP10_P1_R02,10,P1,WHITE,8,2,1,1,-224.785725065549,-224.602548896358,3.19439728095786e-12,0,1,0.0577353781836698,0.0861194464695361,-0.0283840682858663,TANGENT_WIN,FULL4D_CML_MAX_SWEEPS_VALID,4916,9832,4.371403
MC1_K2_N1_L8_SP10_P1_R03,10,P1,WHITE,8,3,1,1,-234.403042249752,-234.186820139361,3.33106757821258e-12,0,1,0.154714828809156,0.15590808871233,-0.00119325990317395,TANGENT_WIN,FULL4D_CML_CONVERGED,4770,9540,4.2328956
MC1_K2_N1_L8_SP10_P1_R04,10,P1,WHITE,8,4,1,1,-213.408750185175,-213.295407224766,3.03272074383436e-12,0,1,0.076618758125791,0.11210606182209,-0.0354873036962987,TANGENT_WIN,FULL4D_CML_MAX_SWEEPS_VALID,4942,9884,4.4650408
MC1_K2_N1_L8_SP10_P1_R05,10,P1,WHITE,8,5,1,1,-254.796946959444,-254.786909436136,3.62088239511769e-12,0,1,0.149826074080884,0.170217423693624,-0.0203913496127404,TANGENT_WIN,FULL4D_CML_MAX_SWEEPS_VALID,4969,9938,4.4487265
MC1_K2_N1_L8_SP10_P1_R06,10,P1,WHITE,8,6,1,1,-238.867642132017,-237.447158701748,3.39451335850096e-12,0,1,0.0780840952877272,0.142774232926001,-0.0646901376382742,TANGENT_WIN,FULL4D_CML_CONVERGED,3241,6482,2.8810435
MC1_K2_N1_L8_SP10_P1_R07,10,P1,WHITE,8,7,1,1,-230.857926646174,-230.826274358254,3.28068845542154e-12,0,1,0.0928158202503808,0.0969719027439976,-0.00415608249361676,TANGENT_WIN,FULL4D_CML_STATIONARY,4543,9086,3.9966011
MC1_K2_N1_L8_SP10_P1_R08,10,P1,WHITE,8,8,1,1,-236.134408522261,-235.720902992236,3.35567177277001e-12,0,1,0.242611602552744,0.188732704910159,0.0538788976425852,TANGENT_LOSS,FULL4D_CML_CONVERGED,4165,8330,3.7726308
MC1_K2_N1_L8_SP10_P1_R09,10,P1,WHITE,8,9,1,1,-242.909444499964,-242.179059292522,3.45195082473941e-12,0,1,0.152164238280679,0.170723176546561,-0.0185589382658817,TANGENT_WIN,FULL4D_CML_MAX_SWEEPS_VALID,5320,10640,4.7471435
MC1_K2_N1_L8_SP10_P1_R10,10,P1,WHITE,8,10,1,1,-241.815181333007,-241.128479143355,3.43640040985359e-12,0,1,0.141681308325435,0.125900903693897,0.0157804046315377,TANGENT_LOSS,FULL4D_CML_MAX_SWEEPS_VALID,5036,10072,8.3170344
MC1_K2_N1_L8_SP10_P2_R01,10,P2,WHITE,8,1,1,1,-233.525208137248,-233.041437421315,3.31859280517574e-12,0,1,0.125466148935367,0.196156850652288,-0.0706907017169206,TANGENT_WIN,FULL4D_CML_CONVERGED,4659,9318,4.6986216
MC1_K2_N1_L8_SP10_P2_R02,10,P2,WHITE,8,2,1,1,-242.036696366249,-242.004256219869,3.43954832780823e-12,0,1,0.133506490531585,0.124203300206281,0.00930319032530387,TANGENT_LOSS,FULL4D_CML_MAX_SWEEPS_VALID,4528,9056,4.0929844
MC1_K2_N1_L8_SP10_P2_R03,10,P2,WHITE,8,3,1,1,-220.299692061145,-218.188362097037,3.13064691768467e-12,0,1,0.300000000000001,0.256931340210537,0.0430686597894638,TANGENT_LOSS,FULL4D_CML_MAX_SWEEPS_VALID,2445,4890,2.3765283
MC1_K2_N1_L8_SP10_P2_R04,10,P2,WHITE,8,4,1,1,-251.455785656367,-250.869664883093,3.57340163725961e-12,0,1,0.519615242270662,0.507545488468469,0.0120697538021934,TANGENT_LOSS,FULL4D_CML_MAX_SWEEPS_VALID,4032,8064,3.6856146
MC1_K2_N1_L8_SP10_P2_R05,10,P2,WHITE,8,5,1,1,-215.061786604402,-214.323110703919,3.05621180422693e-12,0,1,0.387298334620741,0.355237192277283,0.0320611423434577,TANGENT_LOSS,FULL4D_CML_MAX_SWEEPS_VALID,5138,10276,4.7378574
MC1_K2_N1_L8_SP10_P2_R06,10,P2,WHITE,8,6,1,1,-240.985787695449,-240.679933979241,3.42461401736854e-12,0,1,0.300000000000001,0.232231556295875,0.0677684437041265,TANGENT_LOSS,FULL4D_CML_MAX_SWEEPS_VALID,3561,7122,3.3884767
MC1_K2_N1_L8_SP10_P2_R07,10,P2,WHITE,8,7,1,1,-220.182541930928,-219.526602324601,3.12898211420429e-12,0,1,0.3,0.294624427015783,0.00537557298421715,TANGENT_LOSS,FULL4D_CML_CONVERGED,2453,4906,2.1555208
MC1_K2_N1_L8_SP10_P2_R08,10,P2,WHITE,8,8,1,1,-231.199102502129,-230.994415111655,3.28553685594285e-12,0,1,0.300000000000001,0.243914503523541,0.0560854964764598,TANGENT_LOSS,FULL4D_CML_MAX_SWEEPS_VALID,2698,5396,2.3081607
MC1_K2_N1_L8_SP10_P2_R09,10,P2,WHITE,8,9,1,1,-235.037010509777,-234.84061610293,3.34007680904985e-12,0,1,0.21910035643284,0.235302156147967,-0.016201799715127,TANGENT_WIN,FULL4D_CML_STATIONARY,2450,4900,2.1118489
MC1_K2_N1_L8_SP10_P2_R10,10,P2,WHITE,8,10,1,1,-230.932812500109,-230.511644125791,3.28175264741203e-12,0,1,0.297106152576851,0.290666948846013,0.00643920373083839,TANGENT_LOSS,FULL4D_CML_STATIONARY,2696,5392,2.3831078
MC1_K2_N1_L8_SP10_P3_R01,10,P3,WHITE,8,1,1,1,-236.187964301062,-235.827249587129,3.35643284616171e-12,0,1,0.188745860881769,0.179131701762993,0.00961415911877569,TANGENT_LOSS,FULL4D_CML_CONVERGED,3633,7266,3.1931495
MC1_K2_N1_L8_SP10_P3_R02,10,P3,WHITE,8,2,1,1,-230.424800597639,-230.191535646191,3.27453336407244e-12,0,1,0.0785681247041823,0.188761257682347,-0.110193132978165,TANGENT_WIN,FULL4D_CML_MAX_SWEEPS_VALID,4982,9964,4.4817789
MC1_K2_N1_L8_SP10_P3_R03,10,P3,WHITE,8,3,1,1,-232.057714766957,-231.694118262557,3.29773847009501e-12,0,1,0.0588030492513281,0.217956910923043,-0.159153861671715,TANGENT_WIN,FULL4D_CML_MAX_SWEEPS_VALID,2893,5786,2.5169059
MC1_K2_N1_L8_SP10_P3_R04,10,P3,WHITE,8,4,1,1,-228.46132265821,-228.083762231773,3.24663066433871e-12,0,1,0.361420807370024,0.354717255222917,0.00670355214710733,TANGENT_LOSS,FULL4D_CML_MAX_SWEEPS_VALID,5184,10368,4.4512775
MC1_K2_N1_L8_SP10_P3_R05,10,P3,WHITE,8,5,1,1,-254.688874218901,-254.596970317931,3.61934658910316e-12,0,1,0.0806409247144359,0.103636969200188,-0.0229960444857523,TANGENT_WIN,FULL4D_CML_MAX_SWEEPS_VALID,3344,6688,3.2725102
MC1_K2_N1_L8_SP10_P3_R06,10,P3,WHITE,8,6,1,1,-234.8435604414,-234.827697818666,3.3373277182335e-12,0,1,0.107269353710201,0.054395108773952,0.052874244936249,TANGENT_LOSS,FULL4D_CML_STATIONARY,1376,2752,1.2263856
MC1_K2_N1_L8_SP10_P3_R07,10,P3,WHITE,8,7,1,1,-225.294658900981,-224.714530005489,3.20162966575283e-12,0,1,0.183832206883914,0.360830448553423,-0.176998241669509,TANGENT_WIN,FULL4D_CML_MAX_SWEEPS_VALID,5276,10552,4.5599657
MC1_K2_N1_L8_SP10_P3_R08,10,P3,WHITE,8,8,1,1,-239.728884750877,-239.469215317315,3.40675235223212e-12,0,1,0.091132139030046,0.163232821640883,-0.0721006826108374,TANGENT_WIN,FULL4D_CML_CONVERGED,2499,4998,2.3005348
MC1_K2_N1_L8_SP10_P3_R09,10,P3,WHITE,8,9,1,1,-220.964096424759,-220.752813360951,3.14008867156814e-12,0,1,0.0901475270786515,0.275811229576857,-0.185663702498205,TANGENT_WIN,FULL4D_CML_MAX_SWEEPS_VALID,5151,10302,4.4938111
MC1_K2_N1_L8_SP10_P3_R10,10,P3,WHITE,8,10,1,1,-247.412499724071,-247.169955067606,3.51594308830373e-12,0,1,0.0388140260342935,0.206874307489606,-0.168060281455313,TANGENT_WIN,FULL4D_CML_MAX_SWEEPS_VALID,4986,9972,4.310246
MC1_K2_N1_L8_SP10_P4_R01,10,P4,WHITE,8,1,1,1,-220.453133865305,-218.679810548896,3.13282745687083e-12,0,1,0.496704870876597,0.49055271700239,0.00615215387420676,TANGENT_LOSS,FULL4D_CML_STATIONARY,1721,3442,1.5219367
MC1_K2_N1_L8_SP10_P4_R02,10,P4,WHITE,8,2,1,1,-232.053184157233,-231.455932366718,3.29767408625845e-12,0,1,0.183811850990091,0.164384948582186,0.0194269024079052,TANGENT_LOSS,FULL4D_CML_MAX_SWEEPS_VALID,4949,9898,4.4430184
MC1_K2_N1_L8_SP10_P4_R03,10,P4,WHITE,8,3,1,1,-240.543177358829,-239.753910600788,3.41832414617939e-12,0,1,0.0729513615911841,0.193920825037767,-0.120969463446583,TANGENT_WIN,FULL4D_CML_MAX_SWEEPS_VALID,4414,8828,3.8069368
MC1_K2_N1_L8_SP10_P4_R04,10,P4,WHITE,8,4,1,1,-235.4806100149,-235.211681122826,3.34638073716889e-12,0,1,0.20925294875916,0.237292191495865,-0.0280392427367051,TANGENT_WIN,FULL4D_CML_CONVERGED,3175,6350,2.7072646
MC1_K2_N1_L8_SP10_P4_R05,10,P4,WHITE,8,5,1,1,-239.65235314161,-239.357960815049,3.4056647726517e-12,0,1,0.114843761064123,0.188035997369716,-0.073192236305593,TANGENT_WIN,FULL4D_CML_CONVERGED,3202,6404,2.8452255
MC1_K2_N1_L8_SP10_P4_R06,10,P4,WHITE,8,6,1,1,-222.113130664497,-221.715664457567,3.15641743021185e-12,0,1,0.288189781653802,0.415400605858435,-0.127210824204633,TANGENT_WIN,FULL4D_CML_MAX_SWEEPS_VALID,4058,8116,3.5639269
MC1_K2_N1_L8_SP10_P4_R07,10,P4,WHITE,8,7,1,1,-230.05860998985,-229.750797989169,3.26932948254708e-12,0,1,0.0886084739497782,0.192436209780714,-0.103827735830936,TANGENT_WIN,FULL4D_CML_CONVERGED,3596,7192,3.1178669
MC1_K2_N1_L8_SP10_P4_R08,10,P4,WHITE,8,8,1,1,-219.369705702357,-218.693426915573,3.11743101665282e-12,0,1,0.0751902269885904,0.233751554725052,-0.158561327736462,TANGENT_WIN,FULL4D_CML_MAX_SWEEPS_VALID,5234,10468,4.6550198
MC1_K2_N1_L8_SP10_P4_R09,10,P4,WHITE,8,9,1,1,-241.31853318808,-240.005309164613,3.42934261522146e-12,0,1,0.499644534585011,0.499910833114885,-0.000266298529873976,TANGENT_WIN,FULL4D_CML_STATIONARY,4414,8828,3.7466541
MC1_K2_N1_L8_SP10_P4_R10,10,P4,WHITE,8,10,1,1,-244.175458379424,-243.153273054218,3.46994196404785e-12,0,1,0.48351504274883,0.506202633171189,-0.022687590422359,TANGENT_WIN,FULL4D_CML_STATIONARY,3950,7900,3.4427644
MC1_K2_N1_L8_SP14_P1_R01,14,P1,WHITE,8,1,1,1,-233.654852327308,-233.079968471042,3.32043515992535e-12,0,1,0.039123540546384,0.136732561921262,-0.0976090213748781,TANGENT_WIN,FULL4D_CML_MAX_SWEEPS_VALID,4920,9840,4.5158489
MC1_K2_N1_L8_SP14_P1_R02,14,P1,WHITE,8,2,1,1,-224.748113748797,-224.639041179307,3.19386279199985e-12,0,1,0.0377456515005894,0.0656979213363157,-0.0279522698357263,TANGENT_WIN,FULL4D_CML_MAX_SWEEPS_VALID,4930,9860,4.3958442
MC1_K2_N1_L8_SP14_P1_R03,14,P1,WHITE,8,3,1,1,-234.530611327737,-234.355183274663,3.33288044384598e-12,0,1,0.0680953242033561,0.115849939352738,-0.0477546151493823,TANGENT_WIN,FULL4D_CML_MAX_SWEEPS_VALID,4894,9788,4.4446945
MC1_K2_N1_L8_SP14_P1_R04,14,P1,WHITE,8,4,1,1,-213.421978591701,-213.228425133584,3.03290873079762e-12,0,1,0.0391391627932451,0.0957011241583655,-0.0565619613651204,TANGENT_WIN,FULL4D_CML_MAX_SWEEPS_VALID,4953,9906,4.4391606
MC1_K2_N1_L8_SP14_P1_R05,14,P1,WHITE,8,5,1,1,-254.82493131728,-254.747811405364,3.6212800767612e-12,0,1,0.149703026869265,0.13219454118972,0.0175084856795445,TANGENT_LOSS,FULL4D_CML_MAX_SWEEPS_VALID,4895,9790,4.5068565
MC1_K2_N1_L8_SP14_P1_R06,14,P1,WHITE,8,6,1,1,-238.736248582497,-237.262775362676,3.39264614385822e-12,0,1,0.0694089544023436,0.132053807013086,-0.0626448526107422,TANGENT_WIN,FULL4D_CML_CONVERGED,4908,9816,4.3489426
MC1_K2_N1_L8_SP14_P1_R07,14,P1,WHITE,8,7,1,1,-231.010049316771,-230.944273598779,3.28285024859228e-12,0,1,0.108407934256015,0.103831682326489,0.00457625192952642,TANGENT_LOSS,FULL4D_CML_MAX_SWEEPS_VALID,4448,8896,3.9448577
MC1_K2_N1_L8_SP14_P1_R08,14,P1,WHITE,8,8,1,1,-236.485851278156,-236.213385069986,3.36066607471474e-12,0,1,0.0548707122939126,0.115321144527163,-0.0604504322332508,TANGENT_WIN,FULL4D_CML_MAX_SWEEPS_VALID,4880,9760,4.5343904
MC1_K2_N1_L8_SP14_P1_R09,14,P1,WHITE,8,9,1,1,-242.635140140909,-242.062918447682,3.44805272534514e-12,0,1,0.150622299605759,0.15402139905689,-0.00339909945113145,TANGENT_WIN,FULL4D_CML_MAX_SWEEPS_VALID,5209,10418,4.6725174
MC1_K2_N1_L8_SP14_P1_R10,14,P1,WHITE,8,10,1,1,-241.599040887153,-241.155642657089,3.43332886937948e-12,0,1,0.0580015741005386,0.093678877462382,-0.0356773033618434,TANGENT_WIN,FULL4D_CML_MAX_SWEEPS_VALID,4871,9742,6.9941259
MC1_K2_N1_L8_SP14_P2_R01,14,P2,WHITE,8,1,1,1,-238.587573453371,-238.444572514452,3.39053334319844e-12,0,1,0.114342390410884,0.177645150239681,-0.063302759828797,TANGENT_WIN,FULL4D_CML_MAX_SWEEPS_VALID,4682,9364,4.7045991
MC1_K2_N1_L8_SP14_P2_R02,14,P2,WHITE,8,2,1,1,-243.246587282134,-242.915631852063,3.45674191183511e-12,0,1,0.152601114372813,0.373831178442169,-0.221230064069356,TANGENT_WIN,FULL4D_CML_MAX_SWEEPS_VALID,4846,9692,4.4362733
MC1_K2_N1_L8_SP14_P2_R03,14,P2,WHITE,8,3,1,1,-219.794538548627,-217.871120750274,3.1234682545094e-12,0,1,0.223606797749979,0.23810082470179,-0.0144940269518113,TANGENT_WIN,FULL4D_CML_MAX_SWEEPS_VALID,1767,3534,1.615896
MC1_K2_N1_L8_SP14_P2_R04,14,P2,WHITE,8,4,1,1,-251.904960640588,-250.982071744999,3.57978479770208e-12,0,1,0.519615242270662,0.507005377405884,0.0126098648647782,TANGENT_LOSS,FULL4D_CML_MAX_SWEEPS_VALID,5135,10270,4.6601088
MC1_K2_N1_L8_SP14_P2_R05,14,P2,WHITE,8,5,1,1,-215.443778153739,-214.901847473891,3.061640230637e-12,0,1,0.110918448831928,0.361605844860471,-0.250687396028543,TANGENT_WIN,FULL4D_CML_MAX_SWEEPS_VALID,4951,9902,4.4155105
MC1_K2_N1_L8_SP14_P2_R06,14,P2,WHITE,8,6,1,1,-241.075443785868,-240.913894931521,3.42588810704382e-12,0,1,0.223606797749979,0.178746430085232,0.0448603676647469,TANGENT_LOSS,FULL4D_CML_MAX_SWEEPS_VALID,2740,5480,2.6860004
MC1_K2_N1_L8_SP14_P2_R07,14,P2,WHITE,8,7,1,1,-219.968608151497,-219.443629791528,3.12594193234612e-12,0,1,0.217531517002466,0.251910017736629,-0.034378500734163,TANGENT_WIN,FULL4D_CML_CONVERGED,3898,7796,3.3884151
MC1_K2_N1_L8_SP14_P2_R08,14,P2,WHITE,8,8,1,1,-231.263252508125,-231.207033822244,3.28644848235804e-12,0,1,0.223606797749979,0.231699960010433,-0.00809316226045367,TANGENT_WIN,FULL4D_CML_STATIONARY,1503,3006,1.3556734
MC1_K2_N1_L8_SP14_P2_R09,14,P2,WHITE,8,9,1,1,-234.85457965399,-234.831670465112,3.33748431066269e-12,0,1,0.249551944216456,0.246973648334455,0.00257829588200129,TANGENT_LOSS,FULL4D_CML_STATIONARY,3855,7710,3.3107131
MC1_K2_N1_L8_SP14_P2_R10,14,P2,WHITE,8,10,1,1,-231.702549205967,-230.712175613523,3.29269126390794e-12,0,1,0.223606797749979,0.261458644691556,-0.0378518469415766,TANGENT_WIN,FULL4D_CML_MAX_SWEEPS_VALID,2461,4922,2.1210231
MC1_K2_N1_L8_SP14_P3_R01,14,P3,WHITE,8,1,1,1,-236.402535917021,-235.517787635645,3.35948209222211e-12,0,1,0.0395828899800406,0.178862689739775,-0.139279799759734,TANGENT_WIN,FULL4D_CML_MAX_SWEEPS_VALID,4645,9290,4.0431238
MC1_K2_N1_L8_SP14_P3_R02,14,P3,WHITE,8,2,1,1,-230.718298698542,-230.565766512435,3.27870422294356e-12,0,1,0.0763969106299715,0.171271136942121,-0.0948742263121499,TANGENT_WIN,FULL4D_CML_MAX_SWEEPS_VALID,4934,9868,4.3194959
MC1_K2_N1_L8_SP14_P3_R03,14,P3,WHITE,8,3,1,1,-232.155190619698,-231.597401065251,3.29912368527656e-12,0,1,0.0624521296392318,0.221191149028959,-0.158739019389727,TANGENT_WIN,FULL4D_CML_MAX_SWEEPS_VALID,2990,5980,2.6030335
MC1_K2_N1_L8_SP14_P3_R04,14,P3,WHITE,8,4,1,1,-228.406962749707,-228.127682834023,3.24585816357664e-12,0,1,0.0751063043743904,0.320510017754526,-0.245403713380136,TANGENT_WIN,FULL4D_CML_MAX_SWEEPS_VALID,4704,9408,4.0873533
MC1_K2_N1_L8_SP14_P3_R05,14,P3,WHITE,8,5,1,1,-254.771488028062,-254.596506869828,3.62052060194262e-12,0,1,0.0768322906999102,0.0875385632985525,-0.0107062725986423,TANGENT_WIN,FULL4D_CML_MAX_SWEEPS_VALID,2574,5148,2.4283487
MC1_K2_N1_L8_SP14_P3_R06,14,P3,WHITE,8,6,1,1,-235.125562065595,-235.116817228102,3.34133520234438e-12,0,1,0.0613502184579305,0.0389054785684965,0.022444739889434,TANGENT_LOSS,FULL4D_CML_CONVERGED,880,1760,0.8050562
MC1_K2_N1_L8_SP14_P3_R07,14,P3,WHITE,8,7,1,1,-226.527753316094,-225.916141570603,3.21915299133613e-12,0,1,0.137418607823582,0.359658483083002,-0.22223987525942,TANGENT_WIN,FULL4D_CML_CONVERGED,5068,10136,4.5385022
MC1_K2_N1_L8_SP14_P3_R08,14,P3,WHITE,8,8,1,1,-239.734893354853,-239.170433049353,3.40683773963026e-12,0,1,0.0628514464119855,0.160510256853315,-0.09765881044133,TANGENT_WIN,FULL4D_CML_CONVERGED,2545,5090,2.1930315
MC1_K2_N1_L8_SP14_P3_R09,14,P3,WHITE,8,9,1,1,-221.068496469562,-220.834039625053,3.14157228543709e-12,0,1,0.081087951983422,0.218889477968025,-0.137801525984603,TANGENT_WIN,FULL4D_CML_MAX_SWEEPS_VALID,4974,9948,4.3351279
MC1_K2_N1_L8_SP14_P3_R10,14,P3,WHITE,8,10,1,1,-247.451769210911,-247.201937333328,3.51650114127595e-12,0,1,0.0327062669163951,0.161853456227596,-0.129147189311201,TANGENT_WIN,FULL4D_CML_MAX_SWEEPS_VALID,5195,10390,4.5016228
MC1_K2_N1_L8_SP14_P4_R01,14,P4,WHITE,8,1,1,1,-221.965499862446,-219.875400236835,3.15431947033241e-12,0,1,0.14333212251415,0.48987603913849,-0.34654391662434,TANGENT_WIN,FULL4D_CML_STATIONARY,4398,8796,3.9080196
MC1_K2_N1_L8_SP14_P4_R02,14,P4,WHITE,8,2,1,1,-232.300561649602,-231.5073045283,3.30118953186232e-12,0,1,0.109238568729482,0.187292978337043,-0.0780544096075615,TANGENT_WIN,FULL4D_CML_MAX_SWEEPS_VALID,4946,9892,4.3014006
MC1_K2_N1_L8_SP14_P4_R03,14,P4,WHITE,8,3,1,1,-240.666541169813,-239.657084548163,3.42007725137439e-12,0,1,0.0586211268212716,0.200328146870127,-0.141707020048855,TANGENT_WIN,FULL4D_CML_MAX_SWEEPS_VALID,5003,10006,4.3149901
MC1_K2_N1_L8_SP14_P4_R04,14,P4,WHITE,8,4,1,1,-235.520975288915,-235.299497920346,3.34695436221345e-12,0,1,0.160375462557186,0.175955393158994,-0.0155799306018078,TANGENT_WIN,FULL4D_CML_CONVERGED,4936,9872,4.3745873
MC1_K2_N1_L8_SP14_P4_R05,14,P4,WHITE,8,5,1,1,-240.48451947702,-240.421709576924,3.4174905675431e-12,0,1,0.111233934799034,0.180598605258052,-0.069364670459018,TANGENT_WIN,FULL4D_CML_MAX_SWEEPS_VALID,3226,6452,3.1299354
MC1_K2_N1_L8_SP14_P4_R06,14,P4,WHITE,8,6,1,1,-223.483113077041,-222.741770585835,3.17588605123889e-12,0,1,0.209450472278043,0.415831999785911,-0.206381527507868,TANGENT_WIN,FULL4D_CML_MAX_SWEEPS_VALID,4711,9422,4.067357
MC1_K2_N1_L8_SP14_P4_R07,14,P4,WHITE,8,7,1,1,-229.893483104813,-229.375265119828,3.26698288837424e-12,0,1,0.0819338446894883,0.189708042722376,-0.107774198032888,TANGENT_WIN,FULL4D_CML_CONVERGED,4739,9478,4.0786624
MC1_K2_N1_L8_SP14_P4_R08,14,P4,WHITE,8,8,1,1,-220.527709768573,-220.234868976437,3.13388724419742e-12,0,1,0.0599262190389677,0.184787197212527,-0.124860978173559,TANGENT_WIN,FULL4D_CML_MAX_SWEEPS_VALID,5109,10218,4.3881644
MC1_K2_N1_L8_SP14_P4_R09,14,P4,WHITE,8,9,1,1,-241.947209217833,-240.370189995742,3.43827663894321e-12,0,1,0.127571451477607,0.17929644056866,-0.0517249890910535,TANGENT_WIN,FULL4D_CML_MAX_SWEEPS_VALID,5176,10352,4.4509847
MC1_K2_N1_L8_SP14_P4_R10,14,P4,WHITE,8,10,1,1,-245.519325460647,-244.185495055968,3.48903946389565e-12,0,1,0.0502930003381164,0.480517851655983,-0.430224851317867,TANGENT_WIN,FULL4D_CML_MAX_SWEEPS_VALID,5140,10280,4.5775195
MC1_K2_N1_L8_SP18_P1_R01,18,P1,WHITE,8,1,1,1,-233.726288917001,-233.338574991802,3.32145033492283e-12,0,1,0.0323387114650679,0.101013439208478,-0.0686747277434103,TANGENT_WIN,FULL4D_CML_MAX_SWEEPS_VALID,4967,9934,4.4875394
MC1_K2_N1_L8_SP18_P1_R02,18,P1,WHITE,8,2,1,1,-224.723889956714,-224.677283623976,3.19351855120991e-12,0,1,0.0243733185294216,0.034735173094086,-0.0103618545646644,TANGENT_WIN,FULL4D_CML_MAX_SWEEPS_VALID,4933,9866,4.410351
MC1_K2_N1_L8_SP18_P1_R03,18,P1,WHITE,8,3,1,1,-234.639966794491,-234.519934383569,3.33443447849633e-12,0,1,0.0364358418781233,0.0942822664148309,-0.0578464245367076,TANGENT_WIN,FULL4D_CML_MAX_SWEEPS_VALID,4960,9920,4.4509135
MC1_K2_N1_L8_SP18_P1_R04,18,P1,WHITE,8,4,1,1,-213.445200490938,-213.172947179612,3.03323873383388e-12,0,1,0.0234213982856205,0.089907160438131,-0.0664857621525105,TANGENT_WIN,FULL4D_CML_MAX_SWEEPS_VALID,4964,9928,4.4258845
MC1_K2_N1_L8_SP18_P1_R05,18,P1,WHITE,8,5,1,1,-254.850255511013,-254.758052900049,3.62163995519911e-12,0,1,0.064156067752929,0.106698297972498,-0.0425422302195693,TANGENT_WIN,FULL4D_CML_MAX_SWEEPS_VALID,4923,9846,4.5306176
MC1_K2_N1_L8_SP18_P1_R06,18,P1,WHITE,8,6,1,1,-238.715381171783,-237.13549027777,3.39234960011628e-12,0,1,0.0423727104517401,0.115292284530828,-0.0729195740790882,TANGENT_WIN,FULL4D_CML_MAX_SWEEPS_VALID,5057,10114,4.631341
MC1_K2_N1_L8_SP18_P1_R07,18,P1,WHITE,8,7,1,1,-231.153995830009,-230.786420774095,3.28489585157867e-12,0,1,0.0708221733366034,0.086258361025657,-0.0154361876890536,TANGENT_WIN,FULL4D_CML_MAX_SWEEPS_VALID,5014,10028,4.5208349
MC1_K2_N1_L8_SP18_P1_R08,18,P1,WHITE,8,8,1,1,-236.495389270222,-236.420531428323,3.36080161773427e-12,0,1,0.0389752938642305,0.048824944328132,-0.0098496504639015,TANGENT_WIN,FULL4D_CML_MAX_SWEEPS_VALID,4976,9952,4.5472663
MC1_K2_N1_L8_SP18_P1_R09,18,P1,WHITE,8,9,1,1,-242.305424169347,-242.154984462913,3.44336717957599e-12,0,1,0.149962136236352,0.131650660841714,0.0183114753946379,TANGENT_LOSS,FULL4D_CML_MAX_SWEEPS_VALID,4995,9990,4.4808869
MC1_K2_N1_L8_SP18_P1_R10,18,P1,WHITE,8,10,1,1,-241.442683366012,-241.196776926698,3.43110689536292e-12,0,1,0.0387366750814837,0.0537304912319405,-0.0149938161504568,TANGENT_WIN,FULL4D_CML_MAX_SWEEPS_VALID,4970,9940,7.1941498
MC1_K2_N1_L8_SP18_P2_R01,18,P2,WHITE,8,1,1,1,-239.530811486985,-239.172431673061,3.40393756185598e-12,0,1,0.0852959184953064,0.201343999710679,-0.116048081215373,TANGENT_WIN,FULL4D_CML_MAX_SWEEPS_VALID,3363,6726,3.4747879
MC1_K2_N1_L8_SP18_P2_R02,18,P2,WHITE,8,2,1,1,-243.081580929243,-243.189885945025,3.45439703052709e-12,1,0,0.14236961204856,0.270418200840789,-0.128048588792229,TANGENT_WIN,FULL4D_CML_MAX_SWEEPS_VALID,5059,10118,4.5737129
MC1_K2_N1_L8_SP18_P2_R03,18,P2,WHITE,8,3,1,1,-219.25948079803,-217.441649866029,3.11586462655143e-12,0,1,0.223606797749979,0.226349762932458,-0.00274296518247871,TANGENT_WIN,FULL4D_CML_MAX_SWEEPS_VALID,1972,3944,1.7818035
MC1_K2_N1_L8_SP18_P2_R04,18,P2,WHITE,8,4,1,1,-252.586625817417,-251.867208405,3.5894718424944e-12,0,1,0.223606797749979,0.482589749318878,-0.258982951568899,TANGENT_WIN,FULL4D_CML_MAX_SWEEPS_VALID,4938,9876,4.4334759
MC1_K2_N1_L8_SP18_P2_R05,18,P2,WHITE,8,5,1,1,-215.947724211075,-215.708302114105,3.0688017348421e-12,0,1,0.112688048268026,0.15453223128255,-0.0418441830145242,TANGENT_WIN,FULL4D_CML_MAX_SWEEPS_VALID,5020,10040,4.6309716
MC1_K2_N1_L8_SP18_P2_R06,18,P2,WHITE,8,6,1,1,-241.197399188292,-241.071816910236,3.4276211975494e-12,0,1,0.100000000000001,0.138833076455884,-0.0388330764558832,TANGENT_WIN,FULL4D_CML_CONVERGED,3509,7018,3.8168112
MC1_K2_N1_L8_SP18_P2_R07,18,P2,WHITE,8,7,1,1,-219.728213999855,-219.471307315349,3.12252572598275e-12,0,1,0.166503615634731,0.169052985321325,-0.00254936968659394,TANGENT_WIN,FULL4D_CML_MAX_SWEEPS_VALID,4013,8026,3.5401954
MC1_K2_N1_L8_SP18_P2_R08,18,P2,WHITE,8,8,1,1,-231.499278485372,-231.465226710429,3.28980261322971e-12,0,1,0.223606797749979,0.220535266203376,0.00307153154660345,TANGENT_LOSS,FULL4D_CML_STATIONARY,2002,4004,1.7751777
MC1_K2_N1_L8_SP18_P2_R09,18,P2,WHITE,8,9,1,1,-237.635258869868,-236.896496416469,3.37700013900911e-12,0,1,0.161370168616771,0.256790239185968,-0.0954200705691967,TANGENT_WIN,FULL4D_CML_MAX_SWEEPS_VALID,5075,10150,4.3922778
MC1_K2_N1_L8_SP18_P2_R10,18,P2,WHITE,8,10,1,1,-231.824116229585,-231.406320607813,3.29441883521874e-12,0,1,0.223606797749979,0.214662959367271,0.00894383838270796,TANGENT_LOSS,FULL4D_CML_STATIONARY,1460,2920,1.2876217
MC1_K2_N1_L8_SP18_P3_R01,18,P3,WHITE,8,1,1,1,-236.322783171157,-235.212913207652,3.3583487375375e-12,0,1,0.0349144266352627,0.175930940983556,-0.141016514348293,TANGENT_WIN,FULL4D_CML_MAX_SWEEPS_VALID,4810,9620,4.3246842
MC1_K2_N1_L8_SP18_P3_R02,18,P3,WHITE,8,2,1,1,-231.493534009968,-231.445531837272,3.28972097932433e-12,0,1,0.0318978566067514,0.0482307736971995,-0.0163329170904481,TANGENT_WIN,FULL4D_CML_MAX_SWEEPS_VALID,5029,10058,4.3732397
MC1_K2_N1_L8_SP18_P3_R03,18,P3,WHITE,8,3,1,1,-232.423166283078,-231.786146641311,3.30293184849606e-12,0,1,0.0624513541850821,0.225066196475002,-0.16261484228992,TANGENT_WIN,FULL4D_CML_MAX_SWEEPS_VALID,3266,6532,2.8637876
MC1_K2_N1_L8_SP18_P3_R04,18,P3,WHITE,8,4,1,1,-228.331146551732,-228.352165021945,3.24478075060216e-12,1,0,0.0554226686104137,0.0570279129827368,-0.00160524437232312,TANGENT_WIN,FULL4D_CML_MAX_SWEEPS_VALID,4929,9858,4.3032028
MC1_K2_N1_L8_SP18_P3_R05,18,P3,WHITE,8,5,1,1,-254.806168685499,-254.581327781562,3.62101344372688e-12,0,1,0.0754327640157399,0.0679916186285843,0.00744114538715555,TANGENT_LOSS,FULL4D_CML_MAX_SWEEPS_VALID,2581,5162,2.352324
MC1_K2_N1_L8_SP18_P3_R06,18,P3,WHITE,8,6,1,1,-235.281613291809,-235.282351652246,3.34355282364824e-12,1,0,0.035487199804519,0.0310721503363761,0.00441504946814286,TANGENT_LOSS,FULL4D_CML_CONVERGED,874,1748,0.797928
MC1_K2_N1_L8_SP18_P3_R07,18,P3,WHITE,8,7,1,1,-228.872240612362,-228.419325597451,3.25247015968503e-12,0,1,0.074873316540279,0.344543993129326,-0.269670676589047,TANGENT_WIN,FULL4D_CML_MAX_SWEEPS_VALID,4848,9696,4.2426502
MC1_K2_N1_L8_SP18_P3_R08,18,P3,WHITE,8,8,1,1,-239.666607368744,-238.735128786938,3.40586733740258e-12,0,1,0.0474724297260823,0.160217444761038,-0.112745015034955,TANGENT_WIN,FULL4D_CML_CONVERGED,2030,4060,1.7624698
MC1_K2_N1_L8_SP18_P3_R09,18,P3,WHITE,8,9,1,1,-221.091817778242,-220.916902649671,3.14190370116651e-12,0,1,0.0771824996436227,0.157438469786281,-0.080255970142658,TANGENT_WIN,FULL4D_CML_MAX_SWEEPS_VALID,5228,10456,4.5243165
MC1_K2_N1_L8_SP18_P3_R10,18,P3,WHITE,8,10,1,1,-247.529020287139,-247.265212059822,3.51759894509682e-12,0,1,0.0287141850994171,0.16084227399269,-0.132128088893273,TANGENT_WIN,FULL4D_CML_MAX_SWEEPS_VALID,5018,10036,4.5509818
MC1_K2_N1_L8_SP18_P4_R01,18,P4,WHITE,8,1,1,1,-224.470413408552,-224.594424133518,3.18991643281026e-12,1,0,0.112085855301836,0.166583176711331,-0.0544973214094946,TANGENT_WIN,FULL4D_CML_MAX_SWEEPS_VALID,4980,9960,4.3716201
MC1_K2_N1_L8_SP18_P4_R02,18,P4,WHITE,8,2,1,1,-232.393370065875,-231.688625059376,3.30250841878232e-12,0,1,0.0845355957375092,0.167635961444014,-0.083100365706505,TANGENT_WIN,FULL4D_CML_MAX_SWEEPS_VALID,4902,9804,4.2591633
MC1_K2_N1_L8_SP18_P4_R03,18,P4,WHITE,8,3,1,1,-240.851807526678,-239.903755485071,3.42271004465542e-12,0,1,0.0533685827031163,0.213018205667387,-0.15964962296427,TANGENT_WIN,FULL4D_CML_MAX_SWEEPS_VALID,5158,10316,4.6051214
MC1_K2_N1_L8_SP18_P4_R04,18,P4,WHITE,8,4,1,1,-235.737222161003,-235.679555506672,3.35002741509531e-12,0,1,0.12060399754591,0.134732987753043,-0.0141289902071325,TANGENT_WIN,FULL4D_CML_MAX_SWEEPS_VALID,4805,9610,4.2014172
MC1_K2_N1_L8_SP18_P4_R05,18,P4,WHITE,8,5,1,1,-241.026834043229,-241.082300404549,3.42519732105343e-12,1,0,0.112599357055813,0.110208903264738,0.00239045379107523,TANGENT_LOSS,FULL4D_CML_CONVERGED,3723,7446,3.2737816
MC1_K2_N1_L8_SP18_P4_R06,18,P4,WHITE,8,6,1,1,-224.702685517396,-223.788240950204,3.19321721800344e-12,0,1,0.135530263794428,0.249245316675435,-0.113715052881007,TANGENT_WIN,FULL4D_CML_MAX_SWEEPS_VALID,4799,9598,4.1467844
MC1_K2_N1_L8_SP18_P4_R07,18,P4,WHITE,8,7,1,1,-229.723714802065,-229.10952028458,3.26457033568865e-12,0,1,0.0871144138522488,0.189065907892609,-0.101951494040361,TANGENT_WIN,FULL4D_CML_CONVERGED,4460,8920,4.0364188
MC1_K2_N1_L8_SP18_P4_R08,18,P4,WHITE,8,8,1,1,-222.280646075427,-222.159857352268,3.15879796737913e-12,0,1,0.0560955841494977,0.0956344705135546,-0.0395388863640569,TANGENT_WIN,FULL4D_CML_MAX_SWEEPS_VALID,5250,10500,4.4787843
MC1_K2_N1_L8_SP18_P4_R09,18,P4,WHITE,8,9,1,1,-241.809834923365,-239.909239464557,3.43632443280292e-12,0,1,0.111855850891953,0.168792714372141,-0.0569368634801881,TANGENT_WIN,FULL4D_CML_MAX_SWEEPS_VALID,4966,9932,4.2666742
MC1_K2_N1_L8_SP18_P4_R10,18,P4,WHITE,8,10,1,1,-246.567739811249,-246.219572230069,3.50393832791339e-12,0,1,0.0270920140775476,0.379699546756749,-0.352607532679202,TANGENT_WIN,FULL4D_CML_MAX_SWEEPS_VALID,4954,9908,4.2424987
MC1_K2_N1_L8_SP22_P1_R01,22,P1,WHITE,8,1,1,1,-233.778085107127,-233.551213506075,3.32218640305551e-12,0,1,0.0238850913693058,0.0419612685728219,-0.0180761772035161,TANGENT_WIN,FULL4D_CML_MAX_SWEEPS_VALID,4962,9924,4.6623666
MC1_K2_N1_L8_SP22_P1_R02,22,P1,WHITE,8,2,1,1,-224.708512721862,-224.717574056992,3.1933000275595e-12,1,0,0.0156140501099962,0.0284113742216064,-0.0127973241116102,TANGENT_WIN,FULL4D_CML_MAX_SWEEPS_VALID,4960,9920,4.5764224
MC1_K2_N1_L8_SP22_P1_R03,22,P1,WHITE,8,3,1,1,-234.718144199871,-234.685184208061,3.3355454462462e-12,0,1,0.0214119010493792,0.0330849613586504,-0.0116730603092712,TANGENT_WIN,FULL4D_CML_MAX_SWEEPS_VALID,4994,9988,4.4823199
MC1_K2_N1_L8_SP22_P1_R04,22,P1,WHITE,8,4,1,1,-213.463460030055,-213.147236603491,3.03349821749144e-12,0,1,0.0144890341231501,0.0394996908654298,-0.0250106567422797,TANGENT_WIN,FULL4D_CML_MAX_SWEEPS_VALID,4978,9956,4.5111673
MC1_K2_N1_L8_SP22_P1_R05,22,P1,WHITE,8,5,1,1,-254.863903667833,-254.840466733017,3.62183390717281e-12,0,1,0.0365327509808394,0.0170223318113828,0.0195104191694566,TANGENT_LOSS,FULL4D_CML_MAX_SWEEPS_VALID,4952,9904,4.4192172
MC1_K2_N1_L8_SP22_P1_R06,22,P1,WHITE,8,6,1,1,-238.712062148558,-237.161920607947,3.39230243395943e-12,0,1,0.0254799177201978,0.0927036027173211,-0.0672236849971233,TANGENT_WIN,FULL4D_CML_MAX_SWEEPS_VALID,5004,10008,4.4971555
MC1_K2_N1_L8_SP22_P1_R07,22,P1,WHITE,8,7,1,1,-231.215089076612,-230.803526107061,3.28576403883022e-12,0,1,0.0463352243085799,0.0854585087182444,-0.0391232844096645,TANGENT_WIN,FULL4D_CML_MAX_SWEEPS_VALID,4963,9926,4.5536205
MC1_K2_N1_L8_SP22_P1_R08,22,P1,WHITE,8,8,1,1,-236.486658705697,-236.48615810515,3.36067754895022e-12,0,1,0.0264401993858358,0.0369850523750445,-0.0105448529892087,TANGENT_WIN,FULL4D_CML_MAX_SWEEPS_VALID,4973,9946,4.4859532
MC1_K2_N1_L8_SP22_P1_R09,22,P1,WHITE,8,9,1,1,-241.983413791662,-242.412292936201,3.43879113688192e-12,1,0,0.149688092375155,0.101756346782839,0.0479317455923157,TANGENT_LOSS,FULL4D_CML_MAX_SWEEPS_VALID,4996,9992,5.097654
MC1_K2_N1_L8_SP22_P1_R10,22,P1,WHITE,8,10,1,1,-241.33943644194,-241.220873779475,3.42963966832514e-12,0,1,0.0254524940856771,0.0357511699350244,-0.0102986758493473,TANGENT_WIN,FULL4D_CML_MAX_SWEEPS_VALID,4948,9896,9.232393
MC1_K2_N1_L8_SP22_P2_R01,22,P2,WHITE,8,1,1,1,-239.722235186509,-239.127865575109,3.40665785623897e-12,0,1,0.0690253872123779,0.137226185411738,-0.0682007981993599,TANGENT_WIN,FULL4D_CML_CONVERGED,2095,4190,2.2969536
MC1_K2_N1_L8_SP22_P2_R02,22,P2,WHITE,8,2,1,1,-242.93360247389,-243.19941514693,3.45229413019709e-12,1,0,0.112975525795647,0.173359258223127,-0.0603837324274796,TANGENT_WIN,FULL4D_CML_MAX_SWEEPS_VALID,3104,6208,2.8274108
MC1_K2_N1_L8_SP22_P2_R03,22,P2,WHITE,8,3,1,1,-219.207358904645,-217.389584339444,3.11512392989705e-12,0,1,0.223606797749979,0.216716601570776,0.00689019617920322,TANGENT_LOSS,FULL4D_CML_CONVERGED,1645,3290,1.4921852
MC1_K2_N1_L8_SP22_P2_R04,22,P2,WHITE,8,4,1,1,-252.617466790203,-252.586250436003,3.58991011907794e-12,0,1,0.0688518574504021,0.117186023541076,-0.0483341660906743,TANGENT_WIN,FULL4D_CML_CONVERGED,2846,5692,2.6068239
MC1_K2_N1_L8_SP22_P2_R05,22,P2,WHITE,8,5,1,1,-216.397466254382,-216.37839320429,3.07519295367885e-12,0,1,0.0780468211100707,0.0893633965678058,-0.0113165754577351,TANGENT_WIN,FULL4D_CML_MAX_SWEEPS_VALID,4178,8356,4.2539235
MC1_K2_N1_L8_SP22_P2_R06,22,P2,WHITE,8,6,1,1,-241.347592878182,-241.141434865555,3.42975557825557e-12,0,1,0.100000000000001,0.109968846676624,-0.00996884667662341,TANGENT_WIN,FULL4D_CML_MAX_SWEEPS_VALID,2599,5198,2.3153864
MC1_K2_N1_L8_SP22_P2_R07,22,P2,WHITE,8,7,1,1,-219.630382367211,-219.446602962332,3.1211354548647e-12,0,1,0.124769029060437,0.117084987926787,0.00768404113364958,TANGENT_LOSS,FULL4D_CML_CONVERGED,3234,6468,2.912342
MC1_K2_N1_L8_SP22_P2_R08,22,P2,WHITE,8,8,1,1,-231.830305495001,-231.794617978319,3.29450678997036e-12,0,1,0.100000000000001,0.109108767746472,-0.00910876774647129,TANGENT_WIN,FULL4D_CML_MAX_SWEEPS_VALID,3415,6830,3.0614267
MC1_K2_N1_L8_SP22_P2_R09,22,P2,WHITE,8,9,1,1,-239.972292130206,-240.113566751157,3.41021137913637e-12,1,0,0.0829240954119376,0.051218994805246,0.0317051006066916,TANGENT_LOSS,FULL4D_CML_MAX_SWEEPS_VALID,4181,8362,3.7628125
MC1_K2_N1_L8_SP22_P2_R10,22,P2,WHITE,8,10,1,1,-232.508571592696,-231.290801696505,3.30414553094295e-12,0,1,0.100000000000001,0.213028840670785,-0.113028840670784,TANGENT_WIN,FULL4D_CML_STATIONARY,2815,5630,2.580277
MC1_K2_N1_L8_SP22_P3_R01,22,P3,WHITE,8,1,1,1,-236.261113165799,-235.00675455807,3.35747235405107e-12,0,1,0.0312776009890508,0.17226383482506,-0.140986233836009,TANGENT_WIN,FULL4D_CML_MAX_SWEEPS_VALID,4972,9944,4.3231797
MC1_K2_N1_L8_SP22_P3_R02,22,P3,WHITE,8,2,1,1,-231.895720970719,-231.795566303105,3.29543639979191e-12,0,1,0.0209623309949364,0.0363873430524639,-0.0154250120575275,TANGENT_WIN,FULL4D_CML_CONVERGED,4410,8820,3.8147314
MC1_K2_N1_L8_SP22_P3_R03,22,P3,WHITE,8,3,1,1,-233.027563972177,-232.954070442202,3.31152085624605e-12,0,1,0.103077640640442,0.223562090499883,-0.120484449859441,TANGENT_WIN,FULL4D_CML_MAX_SWEEPS_VALID,3237,6474,2.7796937
MC1_K2_N1_L8_SP22_P3_R04,22,P3,WHITE,8,4,1,1,-228.473835018806,-228.496615669816,3.24680847567728e-12,1,0,0.0358853980832658,0.0400581556769843,-0.00417275759371852,TANGENT_WIN,FULL4D_CML_CONVERGED,4099,8198,3.5888882
MC1_K2_N1_L8_SP22_P3_R05,22,P3,WHITE,8,5,1,1,-254.805370610325,-254.550878982446,3.62100210239653e-12,0,1,0.0748656347711661,0.0571073124098982,0.0177583223612679,TANGENT_LOSS,FULL4D_CML_MAX_SWEEPS_VALID,2591,5182,2.3643507
MC1_K2_N1_L8_SP22_P3_R06,22,P3,WHITE,8,6,1,1,-235.355244866372,-235.365672796457,3.3445991912568e-12,1,0,0.0228451291130703,0.027505945603172,-0.00466081649010169,TANGENT_WIN,FULL4D_CML_STATIONARY,840,1680,0.7668448
MC1_K2_N1_L8_SP22_P3_R07,22,P3,WHITE,8,7,1,1,-229.821651663188,-229.733779522638,3.26596210219333e-12,0,1,0.0745989230059381,0.10634443765724,-0.0317455146513017,TANGENT_WIN,FULL4D_CML_MAX_SWEEPS_VALID,5021,10042,4.3688531
MC1_K2_N1_L8_SP22_P3_R08,22,P3,WHITE,8,8,1,1,-239.564858214143,-238.346054252675,3.40442139494915e-12,0,1,0.0384393661056602,0.160130143357419,-0.121690777251759,TANGENT_WIN,FULL4D_CML_STATIONARY,1922,3844,1.6845737
MC1_K2_N1_L8_SP22_P3_R09,22,P3,WHITE,8,9,1,1,-221.05961419403,-220.960538860191,3.14144606070997e-12,0,1,0.075553140648226,0.101355834799171,-0.0258026941509452,TANGENT_WIN,FULL4D_CML_CONVERGED,4647,9294,4.1128708
MC1_K2_N1_L8_SP22_P3_R10,22,P3,WHITE,8,10,1,1,-247.603068600908,-247.372845391996,3.5186512349257e-12,0,1,0.0264348281290201,0.159663797691302,-0.133228969562282,TANGENT_WIN,FULL4D_CML_MAX_SWEEPS_VALID,5041,10082,4.382729
MC1_K2_N1_L8_SP22_P4_R01,22,P4,WHITE,8,1,1,1,-226.489693478731,-226.570752777481,3.21861212851688e-12,1,0,0.110108457670489,0.0434881870451728,0.0666202706253162,TANGENT_LOSS,FULL4D_CML_MAX_SWEEPS_VALID,4964,9928,4.2815389
MC1_K2_N1_L8_SP22_P4_R02,22,P4,WHITE,8,2,1,1,-232.516184452138,-231.891166104906,3.30425371618244e-12,0,1,0.0658077293873301,0.155219326533846,-0.0894115971465161,TANGENT_WIN,FULL4D_CML_MAX_SWEEPS_VALID,4909,9818,4.265485
MC1_K2_N1_L8_SP22_P4_R03,22,P4,WHITE,8,3,1,1,-241.288649828518,-240.900658364203,3.42891794714032e-12,0,1,0.05187270786003,0.168164142050789,-0.116291434190759,TANGENT_WIN,FULL4D_CML_MAX_SWEEPS_VALID,4967,9934,4.3200198
MC1_K2_N1_L8_SP22_P4_R04,22,P4,WHITE,8,4,1,1,-236.248195106746,-236.193273071358,3.35728877739066e-12,0,1,0.0934802657271671,0.0900790259454364,0.00340123978173065,TANGENT_LOSS,FULL4D_CML_MAX_SWEEPS_VALID,4919,9838,4.2597315
MC1_K2_N1_L8_SP22_P4_R05,22,P4,WHITE,8,5,1,1,-241.127507482225,-241.150859132017,3.42662797666868e-12,1,0,0.107210331378559,0.113499647609025,-0.00628931623046633,TANGENT_WIN,FULL4D_CML_MAX_SWEEPS_VALID,4856,9712,4.1965844
MC1_K2_N1_L8_SP22_P4_R06,22,P4,WHITE,8,6,1,1,-225.433281618247,-224.302175985634,3.20359961304813e-12,0,1,0.103452360303505,0.208465295926793,-0.105012935623288,TANGENT_WIN,FULL4D_CML_MAX_SWEEPS_VALID,4841,9682,4.2546826
MC1_K2_N1_L8_SP22_P4_R07,22,P4,WHITE,8,7,1,1,-229.584856710862,-229.26485271124,3.26259704352853e-12,0,1,0.0964603015580033,0.169360556144009,-0.0729002545860054,TANGENT_WIN,FULL4D_CML_MAX_SWEEPS_VALID,5026,10052,4.3393407
MC1_K2_N1_L8_SP22_P4_R08,22,P4,WHITE,8,8,1,1,-223.939443385216,-223.610379703081,3.18237089495051e-12,0,1,0.0411870493700324,0.100020374262151,-0.058833324892119,TANGENT_WIN,FULL4D_CML_MAX_SWEEPS_VALID,5015,10030,4.3057011
MC1_K2_N1_L8_SP22_P4_R09,22,P4,WHITE,8,9,1,1,-241.730969871265,-239.786617179369,3.43520369300542e-12,0,1,0.0795312514234863,0.157190051197814,-0.0776587997743277,TANGENT_WIN,FULL4D_CML_MAX_SWEEPS_VALID,4927,9854,4.3572233
MC1_K2_N1_L8_SP22_P4_R10,22,P4,WHITE,8,10,1,1,-247.01128873043,-247.004883365042,3.51024153716295e-12,0,1,0.0626032411114574,0.137828224093909,-0.0752249829824517,TANGENT_WIN,FULL4D_CML_MAX_SWEEPS_VALID,4906,9812,4.2540562
MC1_K2_N1_L8_SP6_P1_R01,6,P1,WHITE,8,1,1,1,-233.504298707758,-232.614744060157,3.31829566431108e-12,0,1,0.0359728196338721,0.255691538877021,-0.219718719243149,TANGENT_WIN,FULL4D_CML_MAX_SWEEPS_VALID,5391,10782,4.7950777
MC1_K2_N1_L8_SP6_P1_R02,6,P1,WHITE,8,2,1,1,-224.842945651325,-224.608634558397,3.19521043438904e-12,0,1,0.0865932565508538,0.0996608076697945,-0.0130675511189407,TANGENT_WIN,FULL4D_CML_CONVERGED,4285,8570,3.8021267
MC1_K2_N1_L8_SP6_P1_R03,6,P1,WHITE,8,3,1,1,-234.330421266302,-234.032009990964,3.3300355719675e-12,0,1,0.162552196046987,0.179832985746515,-0.0172807896995283,TANGENT_WIN,FULL4D_CML_MAX_SWEEPS_VALID,4350,8700,3.909587
MC1_K2_N1_L8_SP6_P1_R04,6,P1,WHITE,8,4,1,1,-213.468543314187,-213.388381941885,3.03357045530372e-12,0,1,0.169070877416767,0.126482580926799,0.0425882964899677,TANGENT_LOSS,FULL4D_CML_MAX_SWEEPS_VALID,5002,10004,4.6566634
MC1_K2_N1_L8_SP6_P1_R05,6,P1,WHITE,8,5,1,1,-254.628933639816,-254.589335104537,3.61849478224224e-12,0,1,0.242611602552744,0.266933157614964,-0.0243215550622202,TANGENT_WIN,FULL4D_CML_CONVERGED,4584,9168,4.0241134
MC1_K2_N1_L8_SP6_P1_R06,6,P1,WHITE,8,6,1,1,-238.832969830673,-237.68481993966,3.39402063546392e-12,0,1,0.137333133996172,0.149841726731547,-0.0125085927353751,TANGENT_WIN,FULL4D_CML_CONVERGED,2827,5654,2.532251
MC1_K2_N1_L8_SP6_P1_R07,6,P1,WHITE,8,7,1,1,-230.301349234364,-230.292040856048,3.27277901468455e-12,0,1,0.113788957069461,0.11124140047199,0.00254755659747054,TANGENT_LOSS,FULL4D_CML_STATIONARY,2049,4098,1.8724566
MC1_K2_N1_L8_SP6_P1_R08,6,P1,WHITE,8,8,1,1,-234.748711820107,-234.468464738904,3.33597983825636e-12,0,1,0.371008337180735,0.367688557493402,0.00331977968733338,TANGENT_LOSS,FULL4D_CML_STATIONARY,2446,4892,2.2467935
MC1_K2_N1_L8_SP6_P1_R09,6,P1,WHITE,8,9,1,1,-242.846227283149,-241.782564499823,3.45105245405576e-12,0,1,0.424350790182847,0.409224304340936,0.015126485841911,TANGENT_LOSS,FULL4D_CML_STATIONARY,3878,7756,3.5932984
MC1_K2_N1_L8_SP6_P1_R10,6,P1,WHITE,8,10,1,1,-241.566082443483,-241.227410286928,3.43286050172485e-12,0,1,0.141681308325435,0.138373347783937,0.00330796054149793,TANGENT_LOSS,FULL4D_CML_MAX_SWEEPS_VALID,5001,10002,7.635719
MC1_K2_N1_L8_SP6_P2_R01,6,P2,WHITE,8,1,1,1,-232.24335710544,-232.062288227565,3.30037660639618e-12,0,1,0.174669980839604,0.17413884830411,0.000531132535493556,TANGENT_LOSS,FULL4D_CML_STATIONARY,2584,5168,3.366695
MC1_K2_N1_L8_SP6_P2_R02,6,P2,WHITE,8,2,1,1,-240.559202336087,-240.394415567833,3.41855187480301e-12,0,1,0.146716859712076,0.1708002328764,-0.0240833731643242,TANGENT_WIN,FULL4D_CML_MAX_SWEEPS_VALID,4953,9906,4.7644504
MC1_K2_N1_L8_SP6_P2_R03,6,P2,WHITE,8,3,1,1,-220.156867628561,-218.363342217175,3.12861726042344e-12,0,1,0.300000000000001,0.273224229465313,0.0267757705346876,TANGENT_LOSS,FULL4D_CML_MAX_SWEEPS_VALID,2531,5062,2.423949
MC1_K2_N1_L8_SP6_P2_R04,6,P2,WHITE,8,4,1,1,-250.990308510761,-250.72415405352,3.56678680917015e-12,0,1,0.435889894354067,0.292961939290657,0.14292795506341,TANGENT_LOSS,FULL4D_CML_MAX_SWEEPS_VALID,3885,7770,3.6118363
MC1_K2_N1_L8_SP6_P2_R05,6,P2,WHITE,8,5,1,1,-214.719493844131,-214.20679789388,3.05134753154066e-12,0,1,0.387298334620741,0.360759407628055,0.0265389269926856,TANGENT_LOSS,FULL4D_CML_MAX_SWEEPS_VALID,4608,9216,4.1709278
MC1_K2_N1_L8_SP6_P2_R06,6,P2,WHITE,8,6,1,1,-240.598809708185,-240.397977053029,3.41911472941355e-12,0,1,0.300000000000001,0.301962914426949,-0.00196291442694796,TANGENT_WIN,FULL4D_CML_MAX_SWEEPS_VALID,4114,8228,3.6703722
MC1_K2_N1_L8_SP6_P2_R07,6,P2,WHITE,8,7,1,1,-220.386435423184,-219.863182051234,3.13187961500012e-12,0,1,0.3,0.388571955418027,-0.0885719554180269,TANGENT_WIN,FULL4D_CML_CONVERGED,2817,5634,2.5137846
MC1_K2_N1_L8_SP6_P2_R08,6,P2,WHITE,8,8,1,1,-230.775653667148,-230.68629124754,3.27951928606961e-12,0,1,0.300000000000001,0.267490752390181,0.0325092476098201,TANGENT_LOSS,FULL4D_CML_MAX_SWEEPS_VALID,2474,4948,2.2348149
MC1_K2_N1_L8_SP6_P2_R09,6,P2,WHITE,8,9,1,1,-235.703733632516,-235.542389751724,3.34955151448236e-12,0,1,0.212634925398426,0.22326914290188,-0.0106342175034543,TANGENT_WIN,FULL4D_CML_CONVERGED,1390,2780,1.212642
MC1_K2_N1_L8_SP6_P2_R10,6,P2,WHITE,8,10,1,1,-231.066985266714,-230.574011843042,3.28365935710499e-12,0,1,0.245340586373147,0.329420982200083,-0.0840803958269359,TANGENT_WIN,FULL4D_CML_CONVERGED,1488,2976,1.3166496
MC1_K2_N1_L8_SP6_P3_R01,6,P3,WHITE,8,1,1,1,-236.593353877756,-236.098216754297,3.36219377853916e-12,0,1,0.0578581893450417,0.177244656097469,-0.119386466752428,TANGENT_WIN,FULL4D_CML_CONVERGED,3775,7550,3.2857227
MC1_K2_N1_L8_SP6_P3_R02,6,P3,WHITE,8,2,1,1,-230.327496919455,-230.044723890242,3.27315059563851e-12,0,1,0.0456695479674694,0.207878088991908,-0.162208541024439,TANGENT_WIN,FULL4D_CML_MAX_SWEEPS_VALID,5053,10106,4.360732
MC1_K2_N1_L8_SP6_P3_R03,6,P3,WHITE,8,3,1,1,-231.996442029239,-231.804489556528,3.2968677321213e-12,0,1,0.0610275556739854,0.206472308993293,-0.145444753319308,TANGENT_WIN,FULL4D_CML_CONVERGED,2376,4752,2.1184369
MC1_K2_N1_L8_SP6_P3_R04,6,P3,WHITE,8,4,1,1,-228.495479093325,-228.248848134343,3.24711605647572e-12,0,1,0.361420807370024,0.355682090732035,0.00573871663798914,TANGENT_LOSS,FULL4D_CML_MAX_SWEEPS_VALID,5676,11352,4.9367039
MC1_K2_N1_L8_SP6_P3_R05,6,P3,WHITE,8,5,1,1,-254.533274542795,-254.541526756839,3.61713538471228e-12,1,0,0.0901326192335986,0.0443309830599487,0.0458016361736499,TANGENT_LOSS,FULL4D_CML_MAX_SWEEPS_VALID,3375,6750,2.9817004
MC1_K2_N1_L8_SP6_P3_R06,6,P3,WHITE,8,6,1,1,-234.664827293986,-234.363146493946,3.3347877674428e-12,0,1,0.103077640640442,0.0824897265949223,0.0205879140455197,TANGENT_LOSS,FULL4D_CML_CONVERGED,2115,4230,1.8506764
MC1_K2_N1_L8_SP6_P3_R07,6,P3,WHITE,8,7,1,1,-224.670501228818,-224.121621504147,3.19275985175435e-12,0,1,0.228076660358048,0.363135606406971,-0.135058946048923,TANGENT_WIN,FULL4D_CML_STATIONARY,2458,4916,2.138226
MC1_K2_N1_L8_SP6_P3_R08,6,P3,WHITE,8,8,1,1,-235.417951584176,-235.320467036373,3.34549030731318e-12,0,1,0.539096466321195,0.550605078603168,-0.0115086122819734,TANGENT_WIN,FULL4D_CML_CONVERGED,3302,6604,2.9493792
MC1_K2_N1_L8_SP6_P3_R09,6,P3,WHITE,8,9,1,1,-220.712764583805,-220.687513063612,3.13651703129104e-12,0,1,0.109905381271618,0.109857387771739,4.79934998788845e-05,TANGENT_LOSS,FULL4D_CML_MAX_SWEEPS_VALID,5166,10332,4.6493106
MC1_K2_N1_L8_SP6_P3_R10,6,P3,WHITE,8,10,1,1,-247.394505569407,-247.103957154765,3.51568737598608e-12,0,1,0.051855502384997,0.20414799582751,-0.152292493442513,TANGENT_WIN,FULL4D_CML_CONVERGED,3658,7316,3.147796
MC1_K2_N1_L8_SP6_P4_R01,6,P4,WHITE,8,1,1,1,-218.908958099139,-218.352413854418,3.11088339940311e-12,0,1,0.496704870876597,0.490692600695184,0.00601227018141326,TANGENT_LOSS,FULL4D_CML_STATIONARY,1113,2226,0.9990982
MC1_K2_N1_L8_SP6_P4_R02,6,P4,WHITE,8,2,1,1,-231.774568187853,-231.273514718563,3.29371471519626e-12,0,1,0.183811850990091,0.169104697984848,0.0147071530052433,TANGENT_LOSS,FULL4D_CML_CONVERGED,3750,7500,3.2178035
MC1_K2_N1_L8_SP6_P4_R03,6,P4,WHITE,8,3,1,1,-240.378150677665,-239.761478892558,3.41597897598923e-12,0,1,0.10560901647748,0.199148551120246,-0.0935395346427657,TANGENT_WIN,FULL4D_CML_MAX_SWEEPS_VALID,4646,9292,3.9952955
MC1_K2_N1_L8_SP6_P4_R04,6,P4,WHITE,8,4,1,1,-234.891606087917,-234.79320315774,3.33801048793585e-12,0,1,0.341636837522738,0.350230078127889,-0.00859324060515121,TANGENT_WIN,FULL4D_CML_STATIONARY,1140,2280,0.9875628
MC1_K2_N1_L8_SP6_P4_R05,6,P4,WHITE,8,5,1,1,-238.922389296732,-238.827554934645,3.39529136250479e-12,0,1,0.202133283692392,0.194491514031976,0.0076417696604158,TANGENT_LOSS,FULL4D_CML_CONVERGED,1415,2830,1.2271483
MC1_K2_N1_L8_SP6_P4_R06,6,P4,WHITE,8,6,1,1,-221.188544231248,-220.965175168551,3.1432782667373e-12,0,1,0.301426383012949,0.500857603736306,-0.199431220723357,TANGENT_WIN,FULL4D_CML_MAX_SWEEPS_VALID,4185,8370,3.7816132
MC1_K2_N1_L8_SP6_P4_R07,6,P4,WHITE,8,7,1,1,-230.227824223138,-230.145902973784,3.27173416143208e-12,0,1,0.123492999486479,0.200576746376585,-0.0770837468901058,TANGENT_WIN,FULL4D_CML_CONVERGED,2808,5616,2.4592345
MC1_K2_N1_L8_SP6_P4_R08,6,P4,WHITE,8,8,1,1,-218.682760577995,-218.08073066461,3.10766893929319e-12,0,1,0.114750324501592,0.24108755383121,-0.126337229329618,TANGENT_WIN,FULL4D_CML_MAX_SWEEPS_VALID,4373,8746,3.7725127
MC1_K2_N1_L8_SP6_P4_R09,6,P4,WHITE,8,9,1,1,-240.13640625666,-239.743463458745,3.41254358114412e-12,0,1,0.499644534585011,0.506987380600543,-0.0073428460155317,TANGENT_WIN,FULL4D_CML_STATIONARY,2794,5588,2.3987593
MC1_K2_N1_L8_SP6_P4_R10,6,P4,WHITE,8,10,1,1,-243.128865561095,-242.520888722948,3.4550689855606e-12,0,1,0.500857129704937,0.527754921183128,-0.0268977914781909,TANGENT_WIN,FULL4D_CML_STATIONARY,4873,9746,4.1335024
MC1_K2_N2_L1_SM6_P1_R01,-6,P1,STAGE5_TOEPLITZ_CORRELATED,1,1,1,1,-35.255048037202,-35.2227259171722,5.01004365634145e-13,0,1,0.509974110253459,0.514427906769736,-0.00445379651627675,TANGENT_WIN,FULL4D_CML_MAX_SWEEPS_VALID,3091,6182,2.7245825
MC1_K2_N2_L1_SM6_P1_R02,-6,P1,STAGE5_TOEPLITZ_CORRELATED,1,2,1,1,-27.2444801594849,-27.2324899768269,3.87167349337643e-13,0,1,0.503991642739068,0.508300103883154,-0.00430846114408623,TANGENT_WIN,FULL4D_CML_CONVERGED,1591,3182,1.3886272
MC1_K2_N2_L1_SM6_P1_R03,-6,P1,STAGE5_TOEPLITZ_CORRELATED,1,3,1,1,-28.7746308579644,-28.6900597582043,4.089120986061e-13,0,1,0.617484248029375,0.483921077702905,0.13356317032647,TANGENT_LOSS,FULL4D_CML_CONVERGED,580,1160,0.5699971
MC1_K2_N2_L1_SM6_P1_R04,-6,P1,STAGE5_TOEPLITZ_CORRELATED,1,4,1,1,-28.0061729268751,-27.7425253873407,3.97991654592646e-13,0,1,0.509974110253459,0.398188671640078,0.111785438613381,TANGENT_LOSS,FULL4D_CML_CONVERGED,1469,2938,1.2572775
MC1_K2_N2_L1_SM6_P1_R05,-6,P1,STAGE5_TOEPLITZ_CORRELATED,1,5,1,1,-32.1462516129964,-31.9408219435961,4.5682571131062e-13,0,1,0.425777872328288,0.245716202196226,0.180061670132062,TANGENT_LOSS,FULL4D_CML_CONVERGED,1579,3158,1.4232057
MC1_K2_N2_L1_SM6_P1_R06,-6,P1,STAGE5_TOEPLITZ_CORRELATED,1,6,1,1,-21.9594004761686,-21.654523532157,3.1206184979977e-13,0,1,0.548895979730589,0.580590489668554,-0.031694509937965,TANGENT_WIN,FULL4D_CML_MAX_SWEEPS_VALID,3919,7838,3.3158105
MC1_K2_N2_L1_SM6_P1_R07,-6,P1,STAGE5_TOEPLITZ_CORRELATED,1,7,1,1,-33.2170812098065,-33.1953180829362,4.72043115135627e-13,0,1,0.617484248029375,0.564793958499811,0.0526902895295639,TANGENT_LOSS,FULL4D_CML_STATIONARY,914,1828,0.764183
MC1_K2_N2_L1_SM6_P1_R08,-6,P1,STAGE5_TOEPLITZ_CORRELATED,1,8,1,1,-21.7623604127227,-21.71704940363,3.09261742085066e-13,0,1,0.509974110253459,0.514438772830373,-0.00446466257691436,TANGENT_WIN,FULL4D_CML_CONVERGED,1469,2938,1.23527
MC1_K2_N2_L1_SM6_P1_R09,-6,P1,STAGE5_TOEPLITZ_CORRELATED,1,9,1,1,-27.6830385303949,-27.5535365378073,3.93399638630781e-13,0,1,0.508783244312557,0.570781787690424,-0.0619985433778669,TANGENT_WIN,FULL4D_CML_MAX_SWEEPS_VALID,3139,6278,2.6466374
MC1_K2_N2_L1_SM6_P1_R10,-6,P1,STAGE5_TOEPLITZ_CORRELATED,1,10,1,1,-32.5503285575269,-31.9746210665484,4.62567990063106e-13,0,1,0.511162201815044,0.649445062666827,-0.138282860851783,TANGENT_WIN,FULL4D_CML_STATIONARY,1498,2996,1.303551
MC1_K2_N2_L1_SM6_P2_R01,-6,P2,STAGE5_TOEPLITZ_CORRELATED,1,1,1,1,-25.3742719384721,-25.0151873517925,3.60590092021654e-13,0,1,0.360555127546399,0.200598465560387,0.159956661986012,TANGENT_LOSS,FULL4D_CML_CONVERGED,1020,2040,0.8919301
MC1_K2_N2_L1_SM6_P2_R02,-6,P2,STAGE5_TOEPLITZ_CORRELATED,1,2,1,1,-25.0352748942406,-25.0346002302925,3.55772654277197e-13,0,1,0.435889894354067,0.436754849854556,-0.000864955500488818,TANGENT_WIN,FULL4D_CML_STATIONARY,491,982,0.4662678
MC1_K2_N2_L1_SM6_P2_R03,-6,P2,STAGE5_TOEPLITZ_CORRELATED,1,3,1,1,-28.3141541992343,-28.2560408416087,4.02368331709145e-13,0,1,0.360555127546399,0.354713836882712,0.00584129066368677,TANGENT_LOSS,FULL4D_CML_MAX_SWEEPS_VALID,2343,4686,1.9359794
MC1_K2_N2_L1_SM6_P2_R04,-6,P2,STAGE5_TOEPLITZ_CORRELATED,1,4,1,1,-28.2529733130751,-28.2529733130751,4.0149889902459e-13,0,1,0.435889894354067,0.435889894354067,-4.44089209850063e-16,TIE,FULL4D_CML_STATIONARY,594,1188,0.5063568
MC1_K2_N2_L1_SM6_P2_R05,-6,P2,STAGE5_TOEPLITZ_CORRELATED,1,5,1,1,-29.5300635236075,-29.3916773896192,4.19647442464672e-13,0,1,0.624499799839839,0.689228438311651,-0.0647286384718118,TANGENT_WIN,FULL4D_CML_CONVERGED,1997,3994,1.7543761
MC1_K2_N2_L1_SM6_P2_R06,-6,P2,STAGE5_TOEPLITZ_CORRELATED,1,6,1,1,-20.2511244870676,-19.921526704426,2.87785787905187e-13,0,1,0.818535277187244,0.830541693753311,-0.0120064165660672,TANGENT_WIN,FULL4D_CML_STATIONARY,1272,2544,1.0949658
MC1_K2_N2_L1_SM6_P2_R07,-6,P2,STAGE5_TOEPLITZ_CORRELATED,1,7,1,1,-23.0298599107435,-22.768293231594,3.27273993303031e-13,0,1,0.165392384979724,0.180457993277554,-0.0150656082978298,TANGENT_WIN,FULL4D_CML_MAX_SWEEPS_VALID,3852,7704,3.2555459
MC1_K2_N2_L1_SM6_P2_R08,-6,P2,STAGE5_TOEPLITZ_CORRELATED,1,8,1,1,-28.516178093452,-28.3604941886181,4.05239263918872e-13,0,1,0.360555127546399,0.457709520480164,-0.0971543929337654,TANGENT_WIN,FULL4D_CML_STATIONARY,2304,4608,2.045816
MC1_K2_N2_L1_SM6_P2_R09,-6,P2,STAGE5_TOEPLITZ_CORRELATED,1,9,1,1,-25.0208525301835,-23.5506637045202,3.55567700156932e-13,0,1,0.435889894354067,0.315135278047712,0.120754616306355,TANGENT_LOSS,FULL4D_CML_CONVERGED,1260,2520,1.0703222
MC1_K2_N2_L1_SM6_P2_R10,-6,P2,STAGE5_TOEPLITZ_CORRELATED,1,10,1,1,-26.2240057875943,-26.0133889982418,3.72665536298119e-13,0,1,0.360555127546399,0.386372211416966,-0.025817083870567,TANGENT_WIN,FULL4D_CML_STATIONARY,2199,4398,1.8593843
MC1_K2_N2_L1_SM6_P3_R01,-6,P3,STAGE5_TOEPLITZ_CORRELATED,1,1,1,1,-22.989185610034,-22.6884554914168,3.26695976725006e-13,0,1,0.539096466321195,0.457153123138394,0.0819433431828009,TANGENT_LOSS,FULL4D_CML_STATIONARY,2552,5104,2.218825
MC1_K2_N2_L1_SM6_P3_R02,-6,P3,STAGE5_TOEPLITZ_CORRELATED,1,2,1,1,-27.2625020435738,-27.2625020435738,3.87423455714125e-13,0,1,0.628987281270456,0.628987281270456,2.22044604925031e-16,TIE,FULL4D_CML_STATIONARY,2688,5376,2.2435128
MC1_K2_N2_L1_SM6_P3_R03,-6,P3,STAGE5_TOEPLITZ_CORRELATED,1,3,1,1,-31.88577200124,-31.6934884853025,4.53124073391677e-13,0,1,0.50062460986252,0.465174587115409,0.0354500227471112,TANGENT_LOSS,FULL4D_CML_STATIONARY,1030,2060,0.8716512
MC1_K2_N2_L1_SM6_P3_R04,-6,P3,STAGE5_TOEPLITZ_CORRELATED,1,4,1,1,-30.6079523841684,-30.6028169956223,4.34965164461238e-13,0,1,0.728440114216672,0.752667100049792,-0.0242269858331202,TANGENT_WIN,FULL4D_CML_STATIONARY,573,1146,0.5032233
MC1_K2_N2_L1_SM6_P3_R05,-6,P3,STAGE5_TOEPLITZ_CORRELATED,1,5,1,1,-34.6053852972261,-34.1730505159747,4.91772102822468e-13,0,1,0.188745860881769,0.256837769169981,-0.0680919082882116,TANGENT_WIN,FULL4D_CML_MAX_SWEEPS_VALID,2715,5430,2.3592485
MC1_K2_N2_L1_SM6_P3_R06,-6,P3,STAGE5_TOEPLITZ_CORRELATED,1,6,1,1,-29.5945386098834,-29.1779715222608,4.20563688548489e-13,0,1,0.442295150323853,0.516712757927331,-0.0744176076034782,TANGENT_WIN,FULL4D_CML_MAX_SWEEPS_VALID,4042,8084,3.5419993
MC1_K2_N2_L1_SM6_P3_R07,-6,P3,STAGE5_TOEPLITZ_CORRELATED,1,7,1,1,-27.5025753830356,-27.497120347357,3.9083510306221e-13,0,1,0.458938993767145,0.41929030646711,0.039648687300035,TANGENT_LOSS,FULL4D_CML_STATIONARY,813,1626,0.7120454
MC1_K2_N2_L1_SM6_P3_R08,-6,P3,STAGE5_TOEPLITZ_CORRELATED,1,8,1,1,-20.6755907456996,-20.6177870037468,2.93817816238112e-13,0,1,0.413067791046458,0.412832344644463,0.000235446401994632,TANGENT_LOSS,FULL4D_CML_STATIONARY,1062,2124,0.9008461
MC1_K2_N2_L1_SM6_P3_R09,-6,P3,STAGE5_TOEPLITZ_CORRELATED,1,9,1,1,-32.2957067589932,-32.2957067589932,4.5894959667682e-13,0,1,0.682367203197808,0.682367203197808,-1.11022302462516e-16,TIE,FULL4D_CML_STATIONARY,506,1012,0.4274626
MC1_K2_N2_L1_SM6_P3_R10,-6,P3,STAGE5_TOEPLITZ_CORRELATED,1,10,1,1,-26.8622868207558,-26.606533710291,3.81736055327846e-13,0,1,0.183499834463969,0.52147641728638,-0.337976582822411,TANGENT_WIN,FULL4D_CML_MAX_SWEEPS_VALID,3634,7268,3.0667396
MC1_K2_N2_L1_SM6_P4_R01,-6,P4,STAGE5_TOEPLITZ_CORRELATED,1,1,1,1,-35.0024988959897,-34.9838919948246,4.97415426479928e-13,0,1,0.343407821967024,0.32870611819499,0.0147017037720337,TANGENT_LOSS,FULL4D_CML_CONVERGED,1703,3406,1.506277
MC1_K2_N2_L1_SM6_P4_R02,-6,P4,STAGE5_TOEPLITZ_CORRELATED,1,2,1,1,-22.4263144594856,-22.3059814925157,3.18697096581184e-13,0,1,0.158113883008418,0.289318752345515,-0.131204869337097,TANGENT_WIN,FULL4D_CML_MAX_SWEEPS_VALID,4098,8196,3.456917
MC1_K2_N2_L1_SM6_P4_R03,-6,P4,STAGE5_TOEPLITZ_CORRELATED,1,3,1,1,-21.0563968469766,-19.857759879264,2.99229396418022e-13,0,1,0.719672795225812,0.487753064999101,0.231919730226711,TANGENT_LOSS,FULL4D_CML_MAX_SWEEPS_VALID,2642,5284,2.3185657
MC1_K2_N2_L1_SM6_P4_R04,-6,P4,STAGE5_TOEPLITZ_CORRELATED,1,4,1,1,-25.430823386017,-25.430823386017,3.61393736426649e-13,0,1,0.654162771936874,0.654162771936874,4.44089209850063e-16,TIE,FULL4D_CML_STATIONARY,531,1062,0.448698
MC1_K2_N2_L1_SM6_P4_R05,-6,P4,STAGE5_TOEPLITZ_CORRELATED,1,5,1,1,-32.135491213498,-32.0656899528967,4.56672796836671e-13,0,1,0.654162771936874,0.644017059454139,0.0101457124827348,TANGENT_LOSS,FULL4D_CML_MAX_SWEEPS_VALID,3788,7576,3.3140823
MC1_K2_N2_L1_SM6_P4_R06,-6,P4,STAGE5_TOEPLITZ_CORRELATED,1,6,1,1,-23.8512977151216,-22.4337431247948,3.38947326598623e-13,0,1,0.636396103067892,0.628327470808226,0.00806863225966581,TANGENT_LOSS,FULL4D_CML_MAX_SWEEPS_VALID,4153,8306,4.6323194
MC1_K2_N2_L1_SM6_P4_R07,-6,P4,STAGE5_TOEPLITZ_CORRELATED,1,7,1,1,-34.7781385293741,-34.7781385293741,4.94227073906104e-13,0,1,0.621864719012534,0.621864719012534,4.44089209850063e-16,TIE,FULL4D_CML_STATIONARY,600,1200,0.4971568
MC1_K2_N2_L1_SM6_P4_R08,-6,P4,STAGE5_TOEPLITZ_CORRELATED,1,8,1,1,-25.4953187177461,-25.4953187177461,3.6231027021566e-13,0,1,0.598691454344452,0.598691454344452,-4.44089209850063e-16,TIE,FULL4D_CML_STATIONARY,525,1050,0.4512013
MC1_K2_N2_L1_SM6_P4_R09,-6,P4,STAGE5_TOEPLITZ_CORRELATED,1,9,1,1,-30.8706903535549,-30.6823989645297,4.38698895572357e-13,0,1,0.433507707184237,0.523891661540181,-0.0903839543559444,TANGENT_WIN,FULL4D_CML_STATIONARY,1683,3366,1.4318509
MC1_K2_N2_L1_SM6_P4_R10,-6,P4,STAGE5_TOEPLITZ_CORRELATED,1,10,1,1,-25.9628850550199,-24.7542519703464,3.68954787504377e-13,0,1,0.593779077712247,0.208499536306499,0.385279541405748,TANGENT_LOSS,FULL4D_CML_CONVERGED,2281,4562,2.0590829
MC1_K2_N2_L1_SP0_P1_R01,0,P1,STAGE5_TOEPLITZ_CORRELATED,1,1,1,1,-34.7139383956562,-34.3077570344024,4.93314735133143e-13,0,1,0.421482130413157,0.521979157944632,-0.100497027531475,TANGENT_WIN,FULL4D_CML_STATIONARY,1567,3134,1.8418518
MC1_K2_N2_L1_SP0_P1_R02,0,P1,STAGE5_TOEPLITZ_CORRELATED,1,2,1,1,-26.89311944797,-26.8881528006649,3.82174213313675e-13,0,1,0.503991642739068,0.506679346667133,-0.00268770392806505,TANGENT_WIN,FULL4D_CML_CONVERGED,1755,3510,1.5283366
MC1_K2_N2_L1_SP0_P1_R03,0,P1,STAGE5_TOEPLITZ_CORRELATED,1,3,1,1,-29.9204574472163,-29.3325874443629,4.25195273794775e-13,0,1,0.171701065633616,0.19317128528394,-0.0214702196503241,TANGENT_WIN,FULL4D_CML_CONVERGED,1896,3792,2.2150778
MC1_K2_N2_L1_SP0_P1_R04,0,P1,STAGE5_TOEPLITZ_CORRELATED,1,4,1,1,-27.56384037988,-27.3857115204641,3.91705731031493e-13,0,1,0.509974110253459,0.361935958327071,0.148038151926388,TANGENT_LOSS,FULL4D_CML_CONVERGED,1314,2628,1.1849823
MC1_K2_N2_L1_SP0_P1_R05,0,P1,STAGE5_TOEPLITZ_CORRELATED,1,5,1,1,-32.0372265200402,-31.9768772427098,4.55276371554308e-13,0,1,0.314420720839468,0.285144739944968,0.0292759808945001,TANGENT_LOSS,FULL4D_CML_CONVERGED,3092,6184,2.5716008
MC1_K2_N2_L1_SP0_P1_R06,0,P1,STAGE5_TOEPLITZ_CORRELATED,1,6,1,1,-21.4398522656567,-21.1876599728251,3.04678625662642e-13,0,1,0.55,0.571293430036335,-0.021293430036335,TANGENT_WIN,FULL4D_CML_MAX_SWEEPS_VALID,3066,6132,2.6517785
MC1_K2_N2_L1_SP0_P1_R07,0,P1,STAGE5_TOEPLITZ_CORRELATED,1,7,1,1,-33.3355896627007,-33.207434241684,4.73727221542229e-13,0,1,0.509974110253459,0.415436306509224,0.0945378037442353,TANGENT_LOSS,FULL4D_CML_STATIONARY,977,1954,0.8754366
MC1_K2_N2_L1_SP0_P1_R08,0,P1,STAGE5_TOEPLITZ_CORRELATED,1,8,1,1,-22.0429210721573,-21.7291380758009,3.13248748855092e-13,0,1,0.509974110253459,0.511161756590227,-0.00118764633676782,TANGENT_WIN,FULL4D_CML_STATIONARY,1091,2182,0.935575
MC1_K2_N2_L1_SP0_P1_R09,0,P1,STAGE5_TOEPLITZ_CORRELATED,1,9,1,1,-27.3308311566577,-27.2804140213972,3.88394470812979e-13,0,1,0.458473774225521,0.486979998299337,-0.0285062240738163,TANGENT_WIN,FULL4D_CML_MAX_SWEEPS_VALID,5213,10426,4.3185625
MC1_K2_N2_L1_SP0_P1_R10,0,P1,STAGE5_TOEPLITZ_CORRELATED,1,10,1,1,-32.0869521760419,-31.4044185294334,4.55983015627366e-13,0,1,0.511162201815044,0.64943359148673,-0.138271389671686,TANGENT_WIN,FULL4D_CML_STATIONARY,1438,2876,1.2200333
MC1_K2_N2_L1_SP0_P2_R01,0,P2,STAGE5_TOEPLITZ_CORRELATED,1,1,1,1,-25.1077861775052,-25.021113511886,3.56803101588883e-13,0,1,0.223606797749978,0.212668703306013,0.0109380944439651,TANGENT_LOSS,FULL4D_CML_CONVERGED,1870,3740,1.639962
MC1_K2_N2_L1_SP0_P2_R02,0,P2,STAGE5_TOEPLITZ_CORRELATED,1,2,1,1,-26.5334123787274,-26.3324651939907,3.77062468412638e-13,0,1,0.360555127546399,0.457696592912302,-0.0971414653659029,TANGENT_WIN,FULL4D_CML_STATIONARY,2596,5192,2.1520997
MC1_K2_N2_L1_SP0_P2_R03,0,P2,STAGE5_TOEPLITZ_CORRELATED,1,3,1,1,-26.9395480045701,-26.5534610809291,3.82834002786156e-13,0,1,0.33166247903554,0.371545592624849,-0.0398831135893086,TANGENT_WIN,FULL4D_CML_MAX_SWEEPS_VALID,3169,6338,2.7939548
MC1_K2_N2_L1_SP0_P2_R04,0,P2,STAGE5_TOEPLITZ_CORRELATED,1,4,1,1,-28.4445500619615,-28.3812900696803,4.04221368369825e-13,0,1,0.264575131106459,0.278641009343895,-0.0140658782374359,TANGENT_WIN,FULL4D_CML_CONVERGED,2265,4530,1.8909383
MC1_K2_N2_L1_SP0_P2_R05,0,P2,STAGE5_TOEPLITZ_CORRELATED,1,5,1,1,-29.7193744449593,-29.6593790068822,4.22337712464004e-13,0,1,0.53851648071345,0.422321665484603,0.116194815228848,TANGENT_LOSS,FULL4D_CML_CONVERGED,3800,7600,3.1642873
MC1_K2_N2_L1_SP0_P2_R06,0,P2,STAGE5_TOEPLITZ_CORRELATED,1,6,1,1,-21.0363157604615,-20.7215560073953,2.98944027015033e-13,0,1,0.714142842854284,0.646009690049322,0.068133152804962,TANGENT_LOSS,FULL4D_CML_STATIONARY,3255,6510,2.7676324
MC1_K2_N2_L1_SP0_P2_R07,0,P2,STAGE5_TOEPLITZ_CORRELATED,1,7,1,1,-23.0227717148993,-22.7153511153689,3.27173263981696e-13,0,1,0.133127123191268,0.188232685955892,-0.0551055627646241,TANGENT_WIN,FULL4D_CML_MAX_SWEEPS_VALID,4736,9472,4.0782517
MC1_K2_N2_L1_SP0_P2_R08,0,P2,STAGE5_TOEPLITZ_CORRELATED,1,8,1,1,-28.4799799122055,-28.2652777020815,4.04724856824224e-13,0,1,0.360555127546399,0.436584288430654,-0.0760291608842548,TANGENT_WIN,FULL4D_CML_STATIONARY,2760,5520,2.2726463
MC1_K2_N2_L1_SP0_P2_R09,0,P2,STAGE5_TOEPLITZ_CORRELATED,1,9,1,1,-24.253799369419,-23.8529882768143,3.44667219130471e-13,0,1,0.360555127546399,0.218168194091205,0.142386933455194,TANGENT_LOSS,FULL4D_CML_CONVERGED,1940,3880,1.7201344
MC1_K2_N2_L1_SP0_P2_R10,0,P2,STAGE5_TOEPLITZ_CORRELATED,1,10,1,1,-26.0631101057246,-26.0379781950777,3.70379071138765e-13,0,1,0.33166247903554,0.344516238782974,-0.0128537597474339,TANGENT_WIN,FULL4D_CML_STATIONARY,2335,4670,1.9767647
MC1_K2_N2_L1_SP0_P3_R01,0,P3,STAGE5_TOEPLITZ_CORRELATED,1,1,1,1,-22.6725095995491,-22.5307396750529,3.22195739948215e-13,0,1,0.24837542764983,0.34545498862978,-0.0970795609799499,TANGENT_WIN,FULL4D_CML_MAX_SWEEPS_VALID,4589,9178,3.9284636
MC1_K2_N2_L1_SP0_P3_R02,0,P3,STAGE5_TOEPLITZ_CORRELATED,1,2,1,1,-27.2234477825665,-27.1933330997425,3.86868461284941e-13,0,1,0.628987281270456,0.594629473126031,0.034357808144425,TANGENT_LOSS,FULL4D_CML_STATIONARY,2100,4200,1.7380383
MC1_K2_N2_L1_SP0_P3_R03,0,P3,STAGE5_TOEPLITZ_CORRELATED,1,3,1,1,-31.8344752134847,-31.7451410665569,4.5239510219353e-13,0,1,0.62098711741871,0.622771972542272,-0.00178485512356152,TANGENT_WIN,FULL4D_CML_MAX_SWEEPS_VALID,2566,5132,2.1127895
MC1_K2_N2_L1_SP0_P3_R04,0,P3,STAGE5_TOEPLITZ_CORRELATED,1,4,1,1,-31.7190704520705,-31.4569237550829,4.50755101895631e-13,0,1,0.539096466321195,0.452922408376366,0.0861740579448292,TANGENT_LOSS,FULL4D_CML_CONVERGED,1351,2702,1.1970917
MC1_K2_N2_L1_SP0_P3_R05,0,P3,STAGE5_TOEPLITZ_CORRELATED,1,5,1,1,-35.1309083065998,-34.0892338338789,4.99240233958173e-13,0,1,0.224999999999999,0.258421720520251,-0.033421720520252,TANGENT_WIN,FULL4D_CML_MAX_SWEEPS_VALID,4451,8902,3.6888443
MC1_K2_N2_L1_SP0_P3_R06,0,P3,STAGE5_TOEPLITZ_CORRELATED,1,6,1,1,-29.5726767798385,-29.2351328079022,4.20253013257913e-13,0,1,0.442295150323853,0.494192341328429,-0.0518971910045763,TANGENT_WIN,FULL4D_CML_MAX_SWEEPS_VALID,3160,6320,2.768793
MC1_K2_N2_L1_SP0_P3_R07,0,P3,STAGE5_TOEPLITZ_CORRELATED,1,7,1,1,-27.3373084412606,-27.3373084412606,3.8848651856342e-13,0,1,0.62098711741871,0.62098711741871,-4.44089209850063e-16,TIE,FULL4D_CML_STATIONARY,604,1208,0.5169415
MC1_K2_N2_L1_SP0_P3_R08,0,P3,STAGE5_TOEPLITZ_CORRELATED,1,8,1,1,-20.8066423948343,-20.5702330597999,2.95680172184153e-13,0,1,0.413067791046458,0.413827252139213,-0.000759461092754932,TANGENT_WIN,FULL4D_CML_STATIONARY,761,1522,0.6372623
MC1_K2_N2_L1_SP0_P3_R09,0,P3,STAGE5_TOEPLITZ_CORRELATED,1,9,1,1,-32.1460515290735,-32.1460515290735,4.56822867947061e-13,0,1,0.682367203197808,0.682367203197808,-1.11022302462516e-16,TIE,FULL4D_CML_STATIONARY,749,1498,0.6310954
MC1_K2_N2_L1_SP0_P3_R10,0,P3,STAGE5_TOEPLITZ_CORRELATED,1,10,1,1,-26.8920453295636,-26.5983287925642,3.82158949173055e-13,0,1,0.122115033570178,0.327666395159801,-0.205551361589623,TANGENT_WIN,FULL4D_CML_MAX_SWEEPS_VALID,4494,8988,3.7412171
MC1_K2_N2_L1_SP0_P4_R01,0,P4,STAGE5_TOEPLITZ_CORRELATED,1,1,1,1,-34.7941469927836,-34.6558648138415,4.9445456785383e-13,0,1,0.347646176990729,0.33020858985676,0.0174375871339692,TANGENT_LOSS,FULL4D_CML_CONVERGED,2120,4240,1.8535031
MC1_K2_N2_L1_SP0_P4_R02,0,P4,STAGE5_TOEPLITZ_CORRELATED,1,2,1,1,-22.5890691898578,-22.2897850419521,3.21009980408715e-13,0,1,0.296528130517383,0.179037837881197,0.117490292636186,TANGENT_LOSS,FULL4D_CML_CONVERGED,2919,5838,2.4832338
MC1_K2_N2_L1_SP0_P4_R03,0,P4,STAGE5_TOEPLITZ_CORRELATED,1,3,1,1,-20.2589218661118,-19.9202177643303,2.87896595325944e-13,0,1,0.627524339419917,0.428509252215746,0.199015087204171,TANGENT_LOSS,FULL4D_CML_MAX_SWEEPS_VALID,4205,8410,3.5671464
MC1_K2_N2_L1_SP0_P4_R04,0,P4,STAGE5_TOEPLITZ_CORRELATED,1,4,1,1,-25.2975700912671,-25.0172917881516,3.59500093214636e-13,0,1,0.654162771936874,0.618495483160447,0.0356672887764271,TANGENT_LOSS,FULL4D_CML_STATIONARY,1051,2102,0.9430885
MC1_K2_N2_L1_SP0_P4_R05,0,P4,STAGE5_TOEPLITZ_CORRELATED,1,5,1,1,-31.8063158988139,-31.7052432075824,4.51994934263864e-13,0,1,0.654162771936874,0.744480135910397,-0.0903173639735227,TANGENT_WIN,FULL4D_CML_STATIONARY,1728,3456,1.6643481
MC1_K2_N2_L1_SP0_P4_R06,0,P4,STAGE5_TOEPLITZ_CORRELATED,1,6,1,1,-24.3256128189476,-22.2255786058641,3.4568774962832e-13,0,1,0.373690595199655,0.630900687072376,-0.257210091872721,TANGENT_WIN,FULL4D_CML_MAX_SWEEPS_VALID,4127,8254,3.6403425
MC1_K2_N2_L1_SP0_P4_R07,0,P4,STAGE5_TOEPLITZ_CORRELATED,1,7,1,1,-34.1043913594706,-34.1043913594706,4.84652550759827e-13,0,1,0.621864719012534,0.621864719012534,4.44089209850063e-16,TIE,FULL4D_CML_STATIONARY,540,1080,0.4622117
MC1_K2_N2_L1_SP0_P4_R08,0,P4,STAGE5_TOEPLITZ_CORRELATED,1,8,1,1,-25.5078865241753,-25.5078865241753,3.62488869486914e-13,0,1,0.598691454344452,0.598691454344452,-4.44089209850063e-16,TIE,FULL4D_CML_STATIONARY,732,1464,0.6181693
MC1_K2_N2_L1_SP0_P4_R09,0,P4,STAGE5_TOEPLITZ_CORRELATED,1,9,1,1,-31.3979298613329,-30.6587772257845,4.46191419617504e-13,0,1,0.620483682299542,0.523891661540181,0.0965920207593606,TANGENT_LOSS,FULL4D_CML_STATIONARY,1479,2958,1.3306057
MC1_K2_N2_L1_SP0_P4_R10,0,P4,STAGE5_TOEPLITZ_CORRELATED,1,10,1,1,-25.0656942839205,-24.7715873043119,3.56204939804464e-13,0,1,0.593779077712247,0.157084730461304,0.436694347250943,TANGENT_LOSS,FULL4D_CML_MAX_SWEEPS_VALID,3369,6738,2.8437354
MC1_K2_N2_L1_SP10_P1_R01,10,P1,STAGE5_TOEPLITZ_CORRELATED,1,1,1,1,-33.6202080071425,-33.5867940801654,4.77771891484373e-13,0,1,0.316344105569879,0.326162231422647,-0.00981812585276792,TANGENT_WIN,FULL4D_CML_CONVERGED,1229,2458,1.087912
MC1_K2_N2_L1_SP10_P1_R02,10,P1,STAGE5_TOEPLITZ_CORRELATED,1,2,1,1,-27.1297064364267,-26.9484678374255,3.85536316634141e-13,0,1,0.505193803788627,0.497029894869009,0.00816390891961821,TANGENT_LOSS,FULL4D_CML_CONVERGED,1543,3086,1.4152464
MC1_K2_N2_L1_SP10_P1_R03,10,P1,STAGE5_TOEPLITZ_CORRELATED,1,3,1,1,-28.8812119218391,-28.6363324143388,4.10426706620215e-13,0,1,0.511162201815044,0.618001218471641,-0.106839016656597,TANGENT_WIN,FULL4D_CML_STATIONARY,2702,5404,2.7711035
MC1_K2_N2_L1_SP10_P1_R04,10,P1,STAGE5_TOEPLITZ_CORRELATED,1,4,1,1,-27.2112083455715,-26.6793268000079,3.86694528424009e-13,0,1,0.316344105569879,0.223128402588892,0.0932157029809867,TANGENT_LOSS,FULL4D_CML_CONVERGED,3805,7610,3.146946
MC1_K2_N2_L1_SP10_P1_R05,10,P1,STAGE5_TOEPLITZ_CORRELATED,1,5,1,1,-32.1305187137926,-31.8695375970642,4.56602133365786e-13,0,1,0.141681308325435,0.212925436565576,-0.0712441282401408,TANGENT_WIN,FULL4D_CML_CONVERGED,3196,6392,2.6815485
MC1_K2_N2_L1_SP10_P1_R06,10,P1,STAGE5_TOEPLITZ_CORRELATED,1,6,1,1,-21.2916956761364,-19.9342718354463,3.02573193893869e-13,0,1,0.470411305736164,0.538891010868031,-0.0684797051318667,TANGENT_WIN,FULL4D_CML_MAX_SWEEPS_VALID,3537,7074,2.9545919
MC1_K2_N2_L1_SP10_P1_R07,10,P1,STAGE5_TOEPLITZ_CORRELATED,1,7,1,1,-32.9044821486552,-32.7597844435198,4.67600815293497e-13,0,1,0.367723781371863,0.186718427726321,0.181005353645542,TANGENT_LOSS,FULL4D_CML_CONVERGED,2136,4272,1.7966792
MC1_K2_N2_L1_SP10_P1_R08,10,P1,STAGE5_TOEPLITZ_CORRELATED,1,8,1,1,-23.0918476543426,-22.2355757347573,3.28154892121441e-13,0,1,0.0747138042366086,0.251329707771106,-0.176615903534497,TANGENT_WIN,FULL4D_CML_CONVERGED,4933,9866,4.1854414
MC1_K2_N2_L1_SP10_P1_R09,10,P1,STAGE5_TOEPLITZ_CORRELATED,1,9,1,1,-26.970230531737,-26.7594868772495,3.8327002772202e-13,0,1,0.371008337180735,0.322220316015288,0.0487880211654466,TANGENT_LOSS,FULL4D_CML_MAX_SWEEPS_VALID,5141,10282,4.2640588
MC1_K2_N2_L1_SP10_P1_R10,10,P1,STAGE5_TOEPLITZ_CORRELATED,1,10,1,1,-31.2481685089499,-30.3804528905365,4.44063182796837e-13,0,1,0.511162201815044,0.63487733932534,-0.123715137510296,TANGENT_WIN,FULL4D_CML_STATIONARY,2967,5934,2.6026624
MC1_K2_N2_L1_SP10_P2_R01,10,P2,STAGE5_TOEPLITZ_CORRELATED,1,1,1,1,-25.1412301350299,-24.9862535994519,3.57278368810368e-13,0,1,0.146509928988837,0.27098593107376,-0.124476002084923,TANGENT_WIN,FULL4D_CML_CONVERGED,3846,7692,3.1735886
MC1_K2_N2_L1_SP10_P2_R02,10,P2,STAGE5_TOEPLITZ_CORRELATED,1,2,1,1,-24.6229142487904,-24.3109587433952,3.49912657054438e-13,0,1,0.360555127546399,0.457709520480164,-0.0971543929337654,TANGENT_WIN,FULL4D_CML_STATIONARY,592,1184,0.5277611
MC1_K2_N2_L1_SP10_P2_R03,10,P2,STAGE5_TOEPLITZ_CORRELATED,1,3,1,1,-26.3149057724779,-25.5755466446166,3.73957302776914e-13,0,1,0.178406935162276,0.329254670191264,-0.150847735028988,TANGENT_WIN,FULL4D_CML_MAX_SWEEPS_VALID,4522,9044,3.7681111
MC1_K2_N2_L1_SP10_P2_R04,10,P2,STAGE5_TOEPLITZ_CORRELATED,1,4,1,1,-28.4084725627053,-28.3087301837346,4.03708676269407e-13,0,1,0.173205080756888,0.202268990572299,-0.0290639098154112,TANGENT_WIN,FULL4D_CML_CONVERGED,4895,9790,4.0216431
MC1_K2_N2_L1_SP10_P2_R05,10,P2,STAGE5_TOEPLITZ_CORRELATED,1,5,1,1,-29.7599637181974,-29.6746670862999,4.22914520728986e-13,0,1,0.331662479035539,0.329269512478796,0.00239296655674337,TANGENT_LOSS,FULL4D_CML_MAX_SWEEPS_VALID,4354,8708,3.8757636
MC1_K2_N2_L1_SP10_P2_R06,10,P2,STAGE5_TOEPLITZ_CORRELATED,1,6,1,1,-20.5812897016126,-20.3015499553085,2.924777178011e-13,0,1,0.53851648071345,0.49012648701511,0.0483899936983403,TANGENT_LOSS,FULL4D_CML_CONVERGED,1994,3988,1.6515013
MC1_K2_N2_L1_SP10_P2_R07,10,P2,STAGE5_TOEPLITZ_CORRELATED,1,7,1,1,-23.0229648658931,-22.6169640903141,3.27176008822407e-13,0,1,0.113029819712267,0.197480086285829,-0.0844502665735618,TANGENT_WIN,FULL4D_CML_MAX_SWEEPS_VALID,2582,5164,2.1134288
MC1_K2_N2_L1_SP10_P2_R08,10,P2,STAGE5_TOEPLITZ_CORRELATED,1,8,1,1,-28.6992223984981,-27.8627421146619,4.07840479944328e-13,0,1,0.203321120277987,0.424071596072016,-0.220750475794029,TANGENT_WIN,FULL4D_CML_STATIONARY,3851,7702,3.2142419
MC1_K2_N2_L1_SP10_P2_R09,10,P2,STAGE5_TOEPLITZ_CORRELATED,1,9,1,1,-24.2782446658727,-23.8787120872312,3.45014607686845e-13,0,1,0.222095137929672,0.206228136996233,0.0158670009334389,TANGENT_LOSS,FULL4D_CML_CONVERGED,2730,5460,2.3326495
MC1_K2_N2_L1_SP10_P2_R10,10,P2,STAGE5_TOEPLITZ_CORRELATED,1,10,1,1,-26.1135730800153,-26.0534473395049,3.71096193134908e-13,0,1,0.387298334620742,0.535185826605992,-0.14788749198525,TANGENT_WIN,FULL4D_CML_STATIONARY,2511,5022,2.1986068
MC1_K2_N2_L1_SP10_P3_R01,10,P3,STAGE5_TOEPLITZ_CORRELATED,1,1,1,1,-22.0467730615878,-21.207888767961,3.13303488917253e-13,0,1,0.413067791046457,0.670355824325786,-0.257288033279329,TANGENT_WIN,FULL4D_CML_MAX_SWEEPS_VALID,5267,10534,4.3411427
MC1_K2_N2_L1_SP10_P3_R02,10,P3,STAGE5_TOEPLITZ_CORRELATED,1,2,1,1,-27.1342957279866,-27.0698621952287,3.85601534389744e-13,0,1,0.301039864469807,0.393856161559086,-0.0928162970892786,TANGENT_WIN,FULL4D_CML_MAX_SWEEPS_VALID,3019,6038,2.4714223
MC1_K2_N2_L1_SP10_P3_R03,10,P3,STAGE5_TOEPLITZ_CORRELATED,1,3,1,1,-31.4826939755954,-31.4383536007079,4.47395990130352e-13,0,1,0.574999999999999,0.586770462462764,-0.0117704624627648,TANGENT_WIN,FULL4D_CML_MAX_SWEEPS_VALID,1889,3778,1.6306393
MC1_K2_N2_L1_SP10_P3_R04,10,P3,STAGE5_TOEPLITZ_CORRELATED,1,4,1,1,-31.7349324714769,-31.7349324714769,4.50980514748905e-13,0,1,0.62098711741871,0.62098711741871,-4.44089209850063e-16,TIE,FULL4D_CML_STATIONARY,2171,4342,1.7879532
MC1_K2_N2_L1_SP10_P3_R05,10,P3,STAGE5_TOEPLITZ_CORRELATED,1,5,1,1,-35.121589768462,-33.7568001845878,4.99107809566539e-13,0,1,0.224999999999999,0.246741067285279,-0.0217410672852799,TANGENT_WIN,FULL4D_CML_MAX_SWEEPS_VALID,4454,8908,3.7124544
MC1_K2_N2_L1_SP10_P3_R06,10,P3,STAGE5_TOEPLITZ_CORRELATED,1,6,1,1,-29.4187059231307,-29.2515498077113,4.18064955782863e-13,0,1,0.458938993767145,0.38305327888663,0.0758857148805147,TANGENT_LOSS,FULL4D_CML_MAX_SWEEPS_VALID,2307,4614,1.9514539
MC1_K2_N2_L1_SP10_P3_R07,10,P3,STAGE5_TOEPLITZ_CORRELATED,1,7,1,1,-26.8956934641677,-26.8919078006091,3.82210792283895e-13,0,1,0.430842198490352,0.441378595580013,-0.0105363970896608,TANGENT_WIN,FULL4D_CML_STATIONARY,2560,5120,2.0805217
MC1_K2_N2_L1_SP10_P3_R08,10,P3,STAGE5_TOEPLITZ_CORRELATED,1,8,1,1,-21.1434931549558,-20.9767973466987,3.00467109396945e-13,0,1,0.361420807370024,0.361266867578398,0.000153939791625757,TANGENT_LOSS,FULL4D_CML_STATIONARY,1650,3300,1.3752957
MC1_K2_N2_L1_SP10_P3_R09,10,P3,STAGE5_TOEPLITZ_CORRELATED,1,9,1,1,-32.0255671396312,-31.9490918007508,4.55110681793246e-13,0,1,0.185619371644733,0.319362552969692,-0.133743181324959,TANGENT_WIN,FULL4D_CML_CONVERGED,1779,3558,1.4801476
MC1_K2_N2_L1_SP10_P3_R10,10,P3,STAGE5_TOEPLITZ_CORRELATED,1,10,1,1,-26.9180750358656,-26.3888397845678,3.82528853547592e-13,0,1,0.0810438066449941,0.222448204504395,-0.1414043978594,TANGENT_WIN,FULL4D_CML_CONVERGED,5283,10566,4.4149043
MC1_K2_N2_L1_SP10_P4_R01,10,P4,STAGE5_TOEPLITZ_CORRELATED,1,1,1,1,-34.4927820806764,-34.4529647945786,4.90171914871615e-13,0,1,0.202133283692392,0.206239192128985,-0.00410590843659328,TANGENT_WIN,FULL4D_CML_CONVERGED,3849,7698,3.1748529
MC1_K2_N2_L1_SP10_P4_R02,10,P4,STAGE5_TOEPLITZ_CORRELATED,1,2,1,1,-22.2534915233326,-22.2649663087875,3.16241134944059e-13,1,0,0.108437751607529,0.102116965393052,0.00632078621447656,TANGENT_LOSS,FULL4D_CML_CONVERGED,3782,7564,3.1050207
MC1_K2_N2_L1_SP10_P4_R03,10,P4,STAGE5_TOEPLITZ_CORRELATED,1,3,1,1,-20.9502165060276,-20.0686263535226,2.97720483019185e-13,0,1,0.532716431663604,0.297303922982185,0.235412508681419,TANGENT_LOSS,FULL4D_CML_MAX_SWEEPS_VALID,4935,9870,4.1400062
MC1_K2_N2_L1_SP10_P4_R04,10,P4,STAGE5_TOEPLITZ_CORRELATED,1,4,1,1,-25.4244180136789,-24.3732736481745,3.61302710610956e-13,0,1,0.506671223529162,0.567709295309175,-0.0610380717800127,TANGENT_WIN,FULL4D_CML_STATIONARY,2398,4796,2.0353801
MC1_K2_N2_L1_SP10_P4_R05,10,P4,STAGE5_TOEPLITZ_CORRELATED,1,5,1,1,-31.7886364760473,-31.7276892462864,4.51743694555479e-13,0,1,0.606571456786531,0.572203749409874,0.0343677073766575,TANGENT_LOSS,FULL4D_CML_MAX_SWEEPS_VALID,4625,9250,4.1856777
MC1_K2_N2_L1_SP10_P4_R06,10,P4,STAGE5_TOEPLITZ_CORRELATED,1,6,1,1,-23.5343328328242,-22.5949850611743,3.34442984706473e-13,0,1,0.415419779414518,0.543295825784802,-0.127876046370284,TANGENT_WIN,FULL4D_CML_MAX_SWEEPS_VALID,2594,5188,2.2373857
MC1_K2_N2_L1_SP10_P4_R07,10,P4,STAGE5_TOEPLITZ_CORRELATED,1,7,1,1,-31.7595587829254,-31.7595587829254,4.51330475683071e-13,0,1,0.591307585729011,0.591307585729011,-2.22044604925031e-16,TIE,FULL4D_CML_STATIONARY,1052,2104,0.9675508
MC1_K2_N2_L1_SP10_P4_R08,10,P4,STAGE5_TOEPLITZ_CORRELATED,1,8,1,1,-25.9699373556203,-25.4898593002573,3.69055006723617e-13,0,1,0.397402732990268,0.434079260885211,-0.0366765278949428,TANGENT_WIN,FULL4D_CML_CONVERGED,3191,6382,2.7819085
MC1_K2_N2_L1_SP10_P4_R09,10,P4,STAGE5_TOEPLITZ_CORRELATED,1,9,1,1,-30.8261799739195,-30.1923925021506,4.3806636503404e-13,0,1,0.409791327614598,0.50325392779999,-0.0934626001853915,TANGENT_WIN,FULL4D_CML_CONVERGED,2728,5456,2.3317429
MC1_K2_N2_L1_SP10_P4_R10,10,P4,STAGE5_TOEPLITZ_CORRELATED,1,10,1,1,-22.3877570396933,-22.3877570396933,3.18149162690322e-13,0,1,0.593779077712247,0.593779077712247,3.33066907387547e-16,TIE,FULL4D_CML_STATIONARY,516,1032,0.4332965
MC1_K2_N2_L1_SP14_P1_R01,14,P1,STAGE5_TOEPLITZ_CORRELATED,1,1,1,1,-34.4026159576324,-33.4848311653356,4.88890577196804e-13,0,1,0.316344105569879,0.219924345700231,0.0964197598696485,TANGENT_LOSS,FULL4D_CML_MAX_SWEEPS_VALID,3745,7490,3.1101789
MC1_K2_N2_L1_SP14_P1_R02,14,P1,STAGE5_TOEPLITZ_CORRELATED,1,2,1,1,-27.8379010571022,-27.6474216324925,3.95600367498648e-13,0,1,0.116370775151212,0.0983469911084926,0.0180237840427194,TANGENT_LOSS,FULL4D_CML_CONVERGED,3216,6432,2.9461779
MC1_K2_N2_L1_SP14_P1_R03,14,P1,STAGE5_TOEPLITZ_CORRELATED,1,3,1,1,-28.8000724728746,-28.7332751889784,4.09273645699309e-13,0,1,0.242611602552744,0.291543994480197,-0.048932391927453,TANGENT_WIN,FULL4D_CML_CONVERGED,4124,8248,3.6995116
MC1_K2_N2_L1_SP14_P1_R04,14,P1,STAGE5_TOEPLITZ_CORRELATED,1,4,1,1,-26.9532437476569,-26.4259419911125,3.83028631001379e-13,0,1,0.141681308325435,0.184510332545086,-0.0428290242196506,TANGENT_WIN,FULL4D_CML_CONVERGED,3454,6908,2.8757295
MC1_K2_N2_L1_SP14_P1_R05,14,P1,STAGE5_TOEPLITZ_CORRELATED,1,5,1,1,-32.2994672792523,-31.8158347698948,4.59003036883875e-13,0,1,0.0941069220780598,0.171473252127543,-0.0773663300494836,TANGENT_WIN,FULL4D_CML_STATIONARY,2872,5744,2.4789531
MC1_K2_N2_L1_SP14_P1_R06,14,P1,STAGE5_TOEPLITZ_CORRELATED,1,6,1,1,-22.2526348648183,-19.6329907054917,3.16228961094372e-13,0,1,0.511162201815044,0.508489580101067,0.00267262171397731,TANGENT_LOSS,FULL4D_CML_MAX_SWEEPS_VALID,2877,5754,2.4233435
MC1_K2_N2_L1_SP14_P1_R07,14,P1,STAGE5_TOEPLITZ_CORRELATED,1,7,1,1,-33.0773131818736,-32.4439986867805,4.70056891996842e-13,0,1,0.0793960478981503,0.154243569877758,-0.0748475219796081,TANGENT_WIN,FULL4D_CML_CONVERGED,2244,4488,1.8794741
MC1_K2_N2_L1_SP14_P1_R08,14,P1,STAGE5_TOEPLITZ_CORRELATED,1,8,1,1,-23.0988471606878,-22.2432873118934,3.28254361089191e-13,0,1,0.141681308325435,0.194586188200705,-0.0529048798752697,TANGENT_WIN,FULL4D_CML_MAX_SWEEPS_VALID,4295,8590,3.5657696
MC1_K2_N2_L1_SP14_P1_R09,14,P1,STAGE5_TOEPLITZ_CORRELATED,1,9,1,1,-27.2612754436516,-26.7407502749122,3.87406024680837e-13,0,1,0.242611602552744,0.233615013037074,0.00899658951567012,TANGENT_LOSS,FULL4D_CML_MAX_SWEEPS_VALID,5330,10660,4.9679111
MC1_K2_N2_L1_SP14_P1_R10,14,P1,STAGE5_TOEPLITZ_CORRELATED,1,10,1,1,-32.1520363565571,-31.0474359379708,4.56907917460926e-13,0,1,0.511162201815044,0.503747201302919,0.00741500051212485,TANGENT_LOSS,FULL4D_CML_MAX_SWEEPS_VALID,5341,10682,4.3974026
MC1_K2_N2_L1_SP14_P2_R01,14,P2,STAGE5_TOEPLITZ_CORRELATED,1,1,1,1,-25.1614074364441,-25.1396386065457,3.5756510550931e-13,0,1,0.1255062682799,0.37604236879717,-0.25053610051727,TANGENT_WIN,FULL4D_CML_CONVERGED,4227,8454,3.5292885
MC1_K2_N2_L1_SP14_P2_R02,14,P2,STAGE5_TOEPLITZ_CORRELATED,1,2,1,1,-25.5146676996674,-23.8174805578517,3.62585235786631e-13,0,1,0.360555127546399,0.292721329740649,0.0678337978057502,TANGENT_LOSS,FULL4D_CML_STATIONARY,2800,5600,2.3055584
MC1_K2_N2_L1_SP14_P2_R03,14,P2,STAGE5_TOEPLITZ_CORRELATED,1,3,1,1,-26.5795521132721,-25.7077039963121,3.7771815347685e-13,0,1,0.134201506334164,0.268526098589006,-0.134324592254842,TANGENT_WIN,FULL4D_CML_MAX_SWEEPS_VALID,5022,10044,4.1602545
MC1_K2_N2_L1_SP14_P2_R04,14,P2,STAGE5_TOEPLITZ_CORRELATED,1,4,1,1,-28.1301243176443,-28.0740492450993,3.99753109798614e-13,0,1,0.264575131106459,0.254885643033109,0.00968948807335046,TANGENT_LOSS,FULL4D_CML_MAX_SWEEPS_VALID,4819,9638,4.0777568
MC1_K2_N2_L1_SP14_P2_R05,14,P2,STAGE5_TOEPLITZ_CORRELATED,1,5,1,1,-29.7703246731209,-29.6120326234702,4.23061758754115e-13,0,1,0.331662479035539,0.360949488841082,-0.0292870098055431,TANGENT_WIN,FULL4D_CML_MAX_SWEEPS_VALID,5300,10600,4.4229492
MC1_K2_N2_L1_SP14_P2_R06,14,P2,STAGE5_TOEPLITZ_CORRELATED,1,6,1,1,-20.4943194710516,-20.1931945935224,2.9124179649005e-13,0,1,0.371101115628551,0.372601212485547,-0.00150009685699615,TANGENT_WIN,FULL4D_CML_CONVERGED,2060,4120,1.7590327
MC1_K2_N2_L1_SP14_P2_R07,14,P2,STAGE5_TOEPLITZ_CORRELATED,1,7,1,1,-23.0311516926486,-22.3191448777586,3.27292350628008e-13,0,1,0.110108573366236,0.282524085102208,-0.172415511735972,TANGENT_WIN,FULL4D_CML_STATIONARY,2812,5624,2.3216624
MC1_K2_N2_L1_SP14_P2_R08,14,P2,STAGE5_TOEPLITZ_CORRELATED,1,8,1,1,-28.6728998199758,-27.7625619503097,4.07466413605218e-13,0,1,0.5,0.41813099133859,0.0818690086614101,TANGENT_LOSS,FULL4D_CML_STATIONARY,4039,8078,3.3881902
MC1_K2_N2_L1_SP14_P2_R09,14,P2,STAGE5_TOEPLITZ_CORRELATED,1,9,1,1,-24.1448510924915,-23.8410977748354,3.43118970995583e-13,0,1,0.17087821071226,0.206131956076252,-0.0352537453639919,TANGENT_WIN,FULL4D_CML_CONVERGED,4944,9888,4.230252
MC1_K2_N2_L1_SP14_P2_R10,14,P2,STAGE5_TOEPLITZ_CORRELATED,1,10,1,1,-26.209778634496,-26.07028936426,3.72463356292428e-13,0,1,0.173205080756888,0.247346546810684,-0.0741414660537955,TANGENT_WIN,FULL4D_CML_CONVERGED,2601,5202,2.1632031
MC1_K2_N2_L1_SP14_P3_R01,14,P3,STAGE5_TOEPLITZ_CORRELATED,1,1,1,1,-21.9734396314087,-21.1110325486423,3.12261358195211e-13,0,1,0.301039864469807,0.514672633846206,-0.213632769376399,TANGENT_WIN,FULL4D_CML_MAX_SWEEPS_VALID,5187,10374,4.2884171
MC1_K2_N2_L1_SP14_P3_R02,14,P3,STAGE5_TOEPLITZ_CORRELATED,1,2,1,1,-27.1483209092671,-27.0334930781163,3.85800844203276e-13,0,1,0.301039864469807,0.311613093941408,-0.0105732294716011,TANGENT_WIN,FULL4D_CML_MAX_SWEEPS_VALID,3033,6066,2.5677659
MC1_K2_N2_L1_SP14_P3_R03,14,P3,STAGE5_TOEPLITZ_CORRELATED,1,3,1,1,-31.9328973319857,-31.9547319963207,4.5379376462031e-13,1,0,0.0567439818250791,0.0716255052115392,-0.0148815233864601,TANGENT_WIN,FULL4D_CML_CONVERGED,3729,7458,3.055472
MC1_K2_N2_L1_SP14_P3_R04,14,P3,STAGE5_TOEPLITZ_CORRELATED,1,4,1,1,-31.530847257773,-31.4110240353206,4.48080289427438e-13,0,1,0.62098711741871,0.614423571089555,0.00656354632915501,TANGENT_LOSS,FULL4D_CML_STATIONARY,1807,3614,1.5305908
MC1_K2_N2_L1_SP14_P3_R05,14,P3,STAGE5_TOEPLITZ_CORRELATED,1,5,1,1,-35.0558068220411,-33.4880586639957,4.98172977672213e-13,0,1,0.121258214433068,0.245501026966604,-0.124242812533536,TANGENT_WIN,FULL4D_CML_MAX_SWEEPS_VALID,5284,10568,4.3596713
MC1_K2_N2_L1_SP14_P3_R06,14,P3,STAGE5_TOEPLITZ_CORRELATED,1,6,1,1,-29.3032424490704,-29.3024226731721,4.1642412112808e-13,0,1,0.539096466321195,0.530552619123428,0.0085438471977668,TANGENT_LOSS,FULL4D_CML_STATIONARY,809,1618,0.6901096
MC1_K2_N2_L1_SP14_P3_R07,14,P3,STAGE5_TOEPLITZ_CORRELATED,1,7,1,1,-26.9473397365937,-26.8050710395686,3.82944729957923e-13,0,1,0.394493345951487,0.372656170980857,0.0218371749706298,TANGENT_LOSS,FULL4D_CML_MAX_SWEEPS_VALID,5020,10040,4.1220997
MC1_K2_N2_L1_SP14_P3_R08,14,P3,STAGE5_TOEPLITZ_CORRELATED,1,8,1,1,-21.3819417656901,-20.8809459593336,3.03855667961132e-13,0,1,0.309603124573765,0.357823450778204,-0.0482203262044386,TANGENT_WIN,FULL4D_CML_STATIONARY,3690,7380,3.0201347
MC1_K2_N2_L1_SP14_P3_R09,14,P3,STAGE5_TOEPLITZ_CORRELATED,1,9,1,1,-32.0682762564451,-31.843106198227,4.55717614847303e-13,0,1,0.319504229902302,0.23150123334608,0.0880029965562222,TANGENT_LOSS,FULL4D_CML_CONVERGED,4557,9114,3.7709226
MC1_K2_N2_L1_SP14_P3_R10,14,P3,STAGE5_TOEPLITZ_CORRELATED,1,10,1,1,-26.9243743653948,-26.2101674405597,3.82618372404335e-13,0,1,0.0244100236689531,0.210294213566482,-0.185884189897529,TANGENT_WIN,FULL4D_CML_CONVERGED,5323,10646,4.3727702
MC1_K2_N2_L1_SP14_P4_R01,14,P4,STAGE5_TOEPLITZ_CORRELATED,1,1,1,1,-34.5101864200422,-34.4134303373244,4.90419245409757e-13,0,1,0.131817441176335,0.187600336728857,-0.0557828955525216,TANGENT_WIN,FULL4D_CML_CONVERGED,3827,7654,3.149185
MC1_K2_N2_L1_SP14_P4_R02,14,P4,STAGE5_TOEPLITZ_CORRELATED,1,2,1,1,-22.2411109161613,-22.245345517597,3.16065195934262e-13,1,0,0.0887672672996147,0.0888177324255543,-5.04651259395639e-05,TANGENT_WIN,FULL4D_CML_STATIONARY,3807,7614,3.2972435
MC1_K2_N2_L1_SP14_P4_R03,14,P4,STAGE5_TOEPLITZ_CORRELATED,1,3,1,1,-20.900618456131,-20.4117747198158,2.97015652337947e-13,0,1,0.365768774725787,0.296367309667902,0.0694014650578854,TANGENT_LOSS,FULL4D_CML_MAX_SWEEPS_VALID,1453,2906,1.216354
MC1_K2_N2_L1_SP14_P4_R04,14,P4,STAGE5_TOEPLITZ_CORRELATED,1,4,1,1,-25.6973849472566,-24.4153113712542,3.65181804046082e-13,0,1,0.209079151729048,0.534194690558531,-0.325115538829483,TANGENT_WIN,FULL4D_CML_STATIONARY,2551,5102,2.1573967
MC1_K2_N2_L1_SP14_P4_R05,14,P4,STAGE5_TOEPLITZ_CORRELATED,1,5,1,1,-31.8322746389286,-31.7776354307683,4.52363830148224e-13,0,1,0.409791327614598,0.511364277737937,-0.101572950123339,TANGENT_WIN,FULL4D_CML_MAX_SWEEPS_VALID,4391,8782,4.0527375
MC1_K2_N2_L1_SP14_P4_R06,14,P4,STAGE5_TOEPLITZ_CORRELATED,1,6,1,1,-24.0375706063073,-22.6475043954624,3.41594423592643e-13,0,1,0.341636837522738,0.440768093525118,-0.0991312560023795,TANGENT_WIN,FULL4D_CML_MAX_SWEEPS_VALID,3488,6976,2.8955478
MC1_K2_N2_L1_SP14_P4_R07,14,P4,STAGE5_TOEPLITZ_CORRELATED,1,7,1,1,-30.2433037883055,-30.1483899883866,4.29783196243328e-13,0,1,0.591307585729011,0.589133197597312,0.00217438813169946,TANGENT_LOSS,FULL4D_CML_STATIONARY,1169,2338,1.010566
MC1_K2_N2_L1_SP14_P4_R08,14,P4,STAGE5_TOEPLITZ_CORRELATED,1,8,1,1,-26.0220553344908,-25.4836115437885,3.69795647749396e-13,0,1,0.397402732990268,0.360587808698775,0.0368149242914932,TANGENT_LOSS,FULL4D_CML_MAX_SWEEPS_VALID,4510,9020,3.7518663
MC1_K2_N2_L1_SP14_P4_R09,14,P4,STAGE5_TOEPLITZ_CORRELATED,1,9,1,1,-30.8581193612897,-29.8967272618552,4.3852025102765e-13,0,1,0.409791327614598,0.504917758849388,-0.0951264312347898,TANGENT_WIN,FULL4D_CML_STATIONARY,3068,6136,2.5448246
MC1_K2_N2_L1_SP14_P4_R10,14,P4,STAGE5_TOEPLITZ_CORRELATED,1,10,1,1,-22.0587931408655,-22.0031348506038,3.13474304517534e-13,0,1,0.489535147809299,0.514040360830026,-0.0245052130207268,TANGENT_WIN,FULL4D_CML_STATIONARY,891,1782,0.7554752
MC1_K2_N2_L1_SP18_P1_R01,18,P1,STAGE5_TOEPLITZ_CORRELATED,1,1,1,1,-37.2836850589742,-33.4070437707248,5.2983303162043e-13,0,1,0.141681308325435,0.142706299213218,-0.00102499088778255,TANGENT_WIN,FULL4D_CML_MAX_SWEEPS_VALID,2867,5734,2.4721968
MC1_K2_N2_L1_SP18_P1_R02,18,P1,STAGE5_TOEPLITZ_CORRELATED,1,2,1,1,-27.8732784360922,-27.5940913678653,3.96103110291679e-13,0,1,0.0711292404485227,0.0916318539371244,-0.0205026134886017,TANGENT_WIN,FULL4D_CML_MAX_SWEEPS_VALID,5137,10274,4.7251528
MC1_K2_N2_L1_SP18_P1_R03,18,P1,STAGE5_TOEPLITZ_CORRELATED,1,3,1,1,-29.169584726267,-28.5467877434776,4.14524730647756e-13,0,1,0.242611602552744,0.184779328759061,0.0578322737936834,TANGENT_LOSS,FULL4D_CML_CONVERGED,4835,9670,4.3469485
MC1_K2_N2_L1_SP18_P1_R04,18,P1,STAGE5_TOEPLITZ_CORRELATED,1,4,1,1,-26.7329505250915,-26.3936350359992,3.79898076020758e-13,0,1,0.141681308325435,0.137326623305098,0.00435468502033742,TANGENT_LOSS,FULL4D_CML_MAX_SWEEPS_VALID,5033,10066,4.3372848
MC1_K2_N2_L1_SP18_P1_R05,18,P1,STAGE5_TOEPLITZ_CORRELATED,1,5,1,1,-32.2212374835704,-31.7920934772819,4.5789132462304e-13,0,1,0.0788714173809499,0.141745173061853,-0.0628737556809027,TANGENT_WIN,FULL4D_CML_MAX_SWEEPS_VALID,4986,9972,4.2353407
MC1_K2_N2_L1_SP18_P1_R06,18,P1,STAGE5_TOEPLITZ_CORRELATED,1,6,1,1,-22.4045656654819,-19.9480644266128,3.18388027629366e-13,0,1,0.424350790182847,0.479684315139783,-0.0553335249569358,TANGENT_WIN,FULL4D_CML_MAX_SWEEPS_VALID,2765,5530,2.251257
MC1_K2_N2_L1_SP18_P1_R07,18,P1,STAGE5_TOEPLITZ_CORRELATED,1,7,1,1,-32.6416276731957,-32.0230465171301,4.63865428531501e-13,0,1,0.0972865689661122,0.139648608111417,-0.0423620391453045,TANGENT_WIN,FULL4D_CML_CONVERGED,2871,5742,2.4027922
MC1_K2_N2_L1_SP18_P1_R08,18,P1,STAGE5_TOEPLITZ_CORRELATED,1,8,1,1,-22.9236324551762,-22.1616324850208,3.25764410365198e-13,0,1,0.141681308325435,0.152499787022533,-0.0108184786970982,TANGENT_WIN,FULL4D_CML_MAX_SWEEPS_VALID,5146,10292,4.2194521
MC1_K2_N2_L1_SP18_P1_R09,18,P1,STAGE5_TOEPLITZ_CORRELATED,1,9,1,1,-27.3029657547457,-26.8961563900708,3.87998479634827e-13,0,1,0.159212029205298,0.147928223347459,0.0112838058578393,TANGENT_LOSS,FULL4D_CML_MAX_SWEEPS_VALID,5223,10446,4.2894837
MC1_K2_N2_L1_SP18_P1_R10,18,P1,STAGE5_TOEPLITZ_CORRELATED,1,10,1,1,-32.8702847850776,-32.1052413296808,4.67114841528053e-13,0,1,0.154130642003247,0.238553901451177,-0.0844232594479305,TANGENT_WIN,FULL4D_CML_MAX_SWEEPS_VALID,5299,10598,4.3737321
MC1_K2_N2_L1_SP18_P2_R01,18,P2,STAGE5_TOEPLITZ_CORRELATED,1,1,1,1,-25.2502544435305,-25.1413486804489,3.58827697418896e-13,0,1,0.0807520619237667,0.277269317490879,-0.196517255567112,TANGENT_WIN,FULL4D_CML_MAX_SWEEPS_VALID,4827,9654,3.9829126
MC1_K2_N2_L1_SP18_P2_R02,18,P2,STAGE5_TOEPLITZ_CORRELATED,1,2,1,1,-25.1541021905658,-23.0201255543996,3.57461291721475e-13,0,1,0.264575131106459,0.264316856553274,0.0002582745531855,TANGENT_LOSS,FULL4D_CML_STATIONARY,2813,5626,2.3219161
MC1_K2_N2_L1_SP18_P2_R03,18,P2,STAGE5_TOEPLITZ_CORRELATED,1,3,1,1,-26.245653368305,-25.8930950405768,3.72973166922534e-13,0,1,0.264575131106459,0.178186897826767,0.086388233279692,TANGENT_LOSS,FULL4D_CML_MAX_SWEEPS_VALID,5050,10100,4.298723
MC1_K2_N2_L1_SP18_P2_R04,18,P2,STAGE5_TOEPLITZ_CORRELATED,1,4,1,1,-28.1007774988108,-27.8128668885559,3.99336066419818e-13,0,1,0.264575131106459,0.256324834998556,0.0082502961079034,TANGENT_LOSS,FULL4D_CML_STATIONARY,1817,3634,1.5382394
MC1_K2_N2_L1_SP18_P2_R05,18,P2,STAGE5_TOEPLITZ_CORRELATED,1,5,1,1,-30.0032652457619,-29.5594450348959,4.26372043389192e-13,0,1,0.435889894354067,0.432314975999498,0.0035749183545688,TANGENT_LOSS,FULL4D_CML_MAX_SWEEPS_VALID,5357,10714,4.4321448
MC1_K2_N2_L1_SP18_P2_R06,18,P2,STAGE5_TOEPLITZ_CORRELATED,1,6,1,1,-20.3639409814907,-20.1381257155286,2.89389006716912e-13,0,1,0.292685769167881,0.279297277510952,0.0133884916569293,TANGENT_LOSS,FULL4D_CML_CONVERGED,2387,4774,2.0400538
MC1_K2_N2_L1_SP18_P2_R07,18,P2,STAGE5_TOEPLITZ_CORRELATED,1,7,1,1,-22.7780200645642,-21.813739967708,3.23695133837478e-13,0,1,0.208943175862391,0.236119042801203,-0.0271758669388117,TANGENT_WIN,FULL4D_CML_STATIONARY,3124,6248,2.589176
MC1_K2_N2_L1_SP18_P2_R08,18,P2,STAGE5_TOEPLITZ_CORRELATED,1,8,1,1,-28.4393183307156,-27.8729410645062,4.04147020997181e-13,0,1,0.412310562561766,0.451294418892234,-0.0389838563304677,TANGENT_WIN,FULL4D_CML_MAX_SWEEPS_VALID,4175,8350,3.6106624
MC1_K2_N2_L1_SP18_P2_R09,18,P2,STAGE5_TOEPLITZ_CORRELATED,1,9,1,1,-24.0519019487872,-23.832616039684,3.41798084218499e-13,0,1,0.165824454796018,0.18911195483015,-0.0232875000341317,TANGENT_WIN,FULL4D_CML_CONVERGED,4882,9764,4.0294996
MC1_K2_N2_L1_SP18_P2_R10,18,P2,STAGE5_TOEPLITZ_CORRELATED,1,10,1,1,-26.096452142219,-26.0440995369071,3.70852889975296e-13,0,1,0.264575131106459,0.258555301495681,0.00601982961077802,TANGENT_LOSS,FULL4D_CML_STATIONARY,4767,9534,3.9365924
MC1_K2_N2_L1_SP18_P3_R01,18,P3,STAGE5_TOEPLITZ_CORRELATED,1,1,1,1,-22.5202824344198,-22.4181673227811,3.20032461820855e-13,0,1,0.0368613982718114,0.3862345624089,-0.349373164137089,TANGENT_WIN,FULL4D_CML_MAX_SWEEPS_VALID,3875,7750,3.223103
MC1_K2_N2_L1_SP18_P3_R02,18,P3,STAGE5_TOEPLITZ_CORRELATED,1,2,1,1,-27.1771262551545,-27.0480513045807,3.86210192788703e-13,0,1,0.0692236060978147,0.245056362629775,-0.17583275653196,TANGENT_WIN,FULL4D_CML_MAX_SWEEPS_VALID,3241,6482,2.8223721
MC1_K2_N2_L1_SP18_P3_R03,18,P3,STAGE5_TOEPLITZ_CORRELATED,1,3,1,1,-31.9368541165969,-31.9388263574012,4.5384999391156e-13,1,0,0.0324855125873385,0.0406512946065228,-0.00816578201918432,TANGENT_WIN,FULL4D_CML_CONVERGED,3918,7836,3.3851702
MC1_K2_N2_L1_SP18_P3_R04,18,P3,STAGE5_TOEPLITZ_CORRELATED,1,4,1,1,-31.8071630130224,-31.3343252763809,4.52006972480808e-13,0,1,0.539096466321195,0.543837281728711,-0.00474081540751647,TANGENT_WIN,FULL4D_CML_CONVERGED,3735,7470,3.0977261
MC1_K2_N2_L1_SP18_P3_R05,18,P3,STAGE5_TOEPLITZ_CORRELATED,1,5,1,1,-34.9364757291224,-33.1216391359401,4.96477180847739e-13,0,1,0.0957753090783281,0.241386919919488,-0.14561161084116,TANGENT_WIN,FULL4D_CML_MAX_SWEEPS_VALID,5263,10526,4.3311554
MC1_K2_N2_L1_SP18_P3_R06,18,P3,STAGE5_TOEPLITZ_CORRELATED,1,6,1,1,-28.712646584592,-28.5504547675617,4.08031249102578e-13,0,1,0.524999999999999,0.529203577134152,-0.00420357713415254,TANGENT_WIN,FULL4D_CML_STATIONARY,1300,2600,1.0948652
MC1_K2_N2_L1_SP18_P3_R07,18,P3,STAGE5_TOEPLITZ_CORRELATED,1,7,1,1,-27.1868658425168,-26.8116901576656,3.86348600649694e-13,0,1,0.0710505386415454,0.219726826761106,-0.148676288119561,TANGENT_WIN,FULL4D_CML_MAX_SWEEPS_VALID,5059,10118,4.1934136
MC1_K2_N2_L1_SP18_P3_R08,18,P3,STAGE5_TOEPLITZ_CORRELATED,1,8,1,1,-21.4316557767695,-20.8583720191846,3.04562146549891e-13,0,1,0.219999102910499,0.356501489143999,-0.1365023862335,TANGENT_WIN,FULL4D_CML_MAX_SWEEPS_VALID,4923,9846,4.1892311
MC1_K2_N2_L1_SP18_P3_R09,18,P3,STAGE5_TOEPLITZ_CORRELATED,1,9,1,1,-32.0434023507858,-31.6970404091321,4.55364135387779e-13,0,1,0.0796705008281666,0.165052073547198,-0.0853815727190315,TANGENT_WIN,FULL4D_CML_MAX_SWEEPS_VALID,4926,9852,4.1763958
MC1_K2_N2_L1_SP18_P3_R10,18,P3,STAGE5_TOEPLITZ_CORRELATED,1,10,1,1,-26.9274060640748,-25.9558080595491,3.82661455433816e-13,0,1,0.0343814429902904,0.205247159904491,-0.170865716914201,TANGENT_WIN,FULL4D_CML_STATIONARY,5317,10634,4.416786
MC1_K2_N2_L1_SP18_P4_R01,18,P4,STAGE5_TOEPLITZ_CORRELATED,1,1,1,1,-34.4949625848285,-34.3238712054828,4.90202901699327e-13,0,1,0.101765428142751,0.177974050935799,-0.0762086227930482,TANGENT_WIN,FULL4D_CML_CONVERGED,4063,8126,3.3816545
MC1_K2_N2_L1_SP18_P4_R02,18,P4,STAGE5_TOEPLITZ_CORRELATED,1,2,1,1,-22.2143101650509,-22.2144856792061,3.15684334353973e-13,1,0,0.0826261360719039,0.0827215962601288,-9.54601882248718e-05,TANGENT_WIN,FULL4D_CML_CONVERGED,3802,7604,3.1922326
MC1_K2_N2_L1_SP18_P4_R03,18,P4,STAGE5_TOEPLITZ_CORRELATED,1,3,1,1,-20.7255211767242,-20.2580478677972,2.9452737033927e-13,0,1,0.114654566056127,0.242275810078289,-0.127621244022162,TANGENT_WIN,FULL4D_CML_MAX_SWEEPS_VALID,5098,10196,4.1761423
MC1_K2_N2_L1_SP18_P4_R04,18,P4,STAGE5_TOEPLITZ_CORRELATED,1,4,1,1,-24.7349923818895,-24.5164528794737,3.5150538312066e-13,0,1,0.506671223529162,0.519533682507286,-0.0128624589781243,TANGENT_WIN,FULL4D_CML_STATIONARY,3484,6968,2.8569771
MC1_K2_N2_L1_SP18_P4_R05,18,P4,STAGE5_TOEPLITZ_CORRELATED,1,5,1,1,-32.2283329065465,-31.8132766744474,4.57992156648096e-13,0,1,0.409791327614598,0.481378115003465,-0.0715867873888668,TANGENT_WIN,FULL4D_CML_MAX_SWEEPS_VALID,4765,9530,4.3758992
MC1_K2_N2_L1_SP18_P4_R06,18,P4,STAGE5_TOEPLITZ_CORRELATED,1,6,1,1,-23.867493362885,-22.834829191168,3.39177480596007e-13,0,1,0.341636837522738,0.400212950495246,-0.0585761129725083,TANGENT_WIN,FULL4D_CML_MAX_SWEEPS_VALID,4320,8640,3.5584375
MC1_K2_N2_L1_SP18_P4_R07,18,P4,STAGE5_TOEPLITZ_CORRELATED,1,7,1,1,-31.2612339762673,-28.9869213732769,4.44248854254671e-13,0,1,0.411329722783459,0.581381792747274,-0.170052069963815,TANGENT_WIN,FULL4D_CML_CONVERGED,3037,6074,2.5268375
MC1_K2_N2_L1_SP18_P4_R08,18,P4,STAGE5_TOEPLITZ_CORRELATED,1,8,1,1,-25.8151104751431,-25.4689751065479,3.66854784419148e-13,0,1,0.217273359271839,0.279392690960645,-0.0621193316888061,TANGENT_WIN,FULL4D_CML_MAX_SWEEPS_VALID,4997,9994,4.1392057
MC1_K2_N2_L1_SP18_P4_R09,18,P4,STAGE5_TOEPLITZ_CORRELATED,1,9,1,1,-31.4249935430715,-29.9232823978308,4.4657601766675e-13,0,1,0.409791327614598,0.447639235052538,-0.0378479074379402,TANGENT_WIN,FULL4D_CML_MAX_SWEEPS_VALID,4773,9546,3.9136464
MC1_K2_N2_L1_SP18_P4_R10,18,P4,STAGE5_TOEPLITZ_CORRELATED,1,10,1,1,-22.3599108854009,-21.9672142617149,3.17753445037296e-13,0,1,0.386839321864612,0.40313218056735,-0.0162928587027378,TANGENT_WIN,FULL4D_CML_MAX_SWEEPS_VALID,4028,8056,3.386694
MC1_K2_N2_L1_SP22_P1_R01,22,P1,STAGE5_TOEPLITZ_CORRELATED,1,1,1,1,-35.7579594566968,-33.3537890076936,5.08151166751202e-13,0,1,0.141681308325435,0.0920807169754854,0.0496005913499496,TANGENT_LOSS,FULL4D_CML_MAX_SWEEPS_VALID,2841,5682,2.4297732
MC1_K2_N2_L1_SP22_P1_R02,22,P1,STAGE5_TOEPLITZ_CORRELATED,1,2,1,1,-27.8957035069938,-27.5685956902422,3.9642178971624e-13,0,1,0.0442093789080344,0.0789756738792528,-0.0347662949712184,TANGENT_WIN,FULL4D_CML_MAX_SWEEPS_VALID,4960,9920,4.4927392
MC1_K2_N2_L1_SP22_P1_R03,22,P1,STAGE5_TOEPLITZ_CORRELATED,1,3,1,1,-29.3566485721302,-28.3748493132555,4.17183067783785e-13,0,1,0.0830937392200336,0.119339671913732,-0.0362459326936984,TANGENT_WIN,FULL4D_CML_MAX_SWEEPS_VALID,5031,10062,4.9768887
MC1_K2_N2_L1_SP22_P1_R04,22,P1,STAGE5_TOEPLITZ_CORRELATED,1,4,1,1,-28.4499349036963,-26.4176233613812,4.04297891573383e-13,0,1,0.0241121941517409,0.0856641040467084,-0.0615519098949675,TANGENT_WIN,FULL4D_CML_MAX_SWEEPS_VALID,5027,10054,4.1595038
MC1_K2_N2_L1_SP22_P1_R05,22,P1,STAGE5_TOEPLITZ_CORRELATED,1,5,1,1,-32.1814185015106,-31.7885877975026,4.57325462854081e-13,0,1,0.0782964888631993,0.112348835832031,-0.0340523469688314,TANGENT_WIN,FULL4D_CML_MAX_SWEEPS_VALID,4910,9820,4.0627252
MC1_K2_N2_L1_SP22_P1_R06,22,P1,STAGE5_TOEPLITZ_CORRELATED,1,6,1,1,-23.5733360884083,-23.161538390588,3.34997254304999e-13,0,1,0.318255866504301,0.122269688908576,0.195986177595725,TANGENT_LOSS,FULL4D_CML_MAX_SWEEPS_VALID,3276,6552,2.6960188
MC1_K2_N2_L1_SP22_P1_R07,22,P1,STAGE5_TOEPLITZ_CORRELATED,1,7,1,1,-32.0520889129898,-31.5110224259365,4.55487578861235e-13,0,1,0.111118940807953,0.133241059519559,-0.022122118711606,TANGENT_WIN,FULL4D_CML_STATIONARY,2492,4984,2.0667843
MC1_K2_N2_L1_SP22_P1_R08,22,P1,STAGE5_TOEPLITZ_CORRELATED,1,8,1,1,-22.8008887179831,-22.0184804956383,3.24020116948746e-13,0,1,0.141681308325435,0.137869271254105,0.00381203707133018,TANGENT_LOSS,FULL4D_CML_MAX_SWEEPS_VALID,5315,10630,4.501793
MC1_K2_N2_L1_SP22_P1_R09,22,P1,STAGE5_TOEPLITZ_CORRELATED,1,9,1,1,-27.1936380273334,-27.0139348582734,3.86444839184227e-13,0,1,0.153323190693409,0.092561956117226,0.0607612345761829,TANGENT_LOSS,FULL4D_CML_MAX_SWEEPS_VALID,4982,9964,4.1246122
MC1_K2_N2_L1_SP22_P1_R10,22,P1,STAGE5_TOEPLITZ_CORRELATED,1,10,1,1,-32.6931996518729,-32.4277676066833,4.64598310427859e-13,0,1,0.151444640363686,0.161966039551378,-0.0105213991876925,TANGENT_WIN,FULL4D_CML_MAX_SWEEPS_VALID,5076,10152,4.1955025
MC1_K2_N2_L1_SP22_P2_R01,22,P2,STAGE5_TOEPLITZ_CORRELATED,1,1,1,1,-25.3682097446296,-25.026355666459,3.60503943065703e-13,0,1,0.12291437494779,0.147037309954712,-0.0241229350069223,TANGENT_WIN,FULL4D_CML_MAX_SWEEPS_VALID,3424,6848,2.9316396
MC1_K2_N2_L1_SP22_P2_R02,22,P2,STAGE5_TOEPLITZ_CORRELATED,1,2,1,1,-24.4633638783796,-22.1346806332612,3.47645309920773e-13,0,1,0.264575131106459,0.258610440119915,0.00596469098654367,TANGENT_LOSS,FULL4D_CML_STATIONARY,1930,3860,1.6241589
MC1_K2_N2_L1_SP22_P2_R03,22,P2,STAGE5_TOEPLITZ_CORRELATED,1,3,1,1,-26.9158664943852,-26.0039573165712,3.82497468285482e-13,0,1,0.264575131106459,0.231633260875452,0.0329418702310068,TANGENT_LOSS,FULL4D_CML_MAX_SWEEPS_VALID,4304,8608,3.6330963
MC1_K2_N2_L1_SP22_P2_R04,22,P2,STAGE5_TOEPLITZ_CORRELATED,1,4,1,1,-29.3018298755547,-27.7802348782262,4.16404047251073e-13,0,1,0.142157666375219,0.236829227713992,-0.0946715613387726,TANGENT_WIN,FULL4D_CML_MAX_SWEEPS_VALID,2818,5636,2.3596892
MC1_K2_N2_L1_SP22_P2_R05,22,P2,STAGE5_TOEPLITZ_CORRELATED,1,5,1,1,-30.455700111782,-29.7437080950376,4.32801529538295e-13,0,1,0.129904196039258,0.45295241620491,-0.323048220165652,TANGENT_WIN,FULL4D_CML_MAX_SWEEPS_VALID,4397,8794,3.6662348
MC1_K2_N2_L1_SP22_P2_R06,22,P2,STAGE5_TOEPLITZ_CORRELATED,1,6,1,1,-20.3525487267982,-20.0972060859498,2.89227113040599e-13,0,1,0.228656948893645,0.20492707471417,0.0237298741794753,TANGENT_LOSS,FULL4D_CML_CONVERGED,2344,4688,1.9656722
MC1_K2_N2_L1_SP22_P2_R07,22,P2,STAGE5_TOEPLITZ_CORRELATED,1,7,1,1,-21.9272367090614,-21.3297353423732,3.11604775178316e-13,0,1,0.202235439626429,0.213050444292167,-0.0108150046657377,TANGENT_WIN,FULL4D_CML_STATIONARY,3540,7080,2.9528672
MC1_K2_N2_L1_SP22_P2_R08,22,P2,STAGE5_TOEPLITZ_CORRELATED,1,8,1,1,-28.267751217755,-27.764118805848,4.01708905680991e-13,0,1,0.299999999999999,0.314113450477724,-0.014113450477725,TANGENT_WIN,FULL4D_CML_MAX_SWEEPS_VALID,4304,8608,3.6063409
MC1_K2_N2_L1_SP22_P2_R09,22,P2,STAGE5_TOEPLITZ_CORRELATED,1,9,1,1,-24.0870808712352,-23.9200062482514,3.42298006774445e-13,0,1,0.140627888392828,0.162150048262248,-0.0215221598694199,TANGENT_WIN,FULL4D_CML_MAX_SWEEPS_VALID,4969,9938,4.0921035
MC1_K2_N2_L1_SP22_P2_R10,22,P2,STAGE5_TOEPLITZ_CORRELATED,1,10,1,1,-26.3465790534341,-26.0465274522473,3.74407407170936e-13,0,1,0.080912679315815,0.244094491648546,-0.163181812332731,TANGENT_WIN,FULL4D_CML_MAX_SWEEPS_VALID,5045,10090,4.1592015
MC1_K2_N2_L1_SP22_P3_R01,22,P3,STAGE5_TOEPLITZ_CORRELATED,1,1,1,1,-22.5154245827849,-22.5197433040823,3.19963427597044e-13,1,0,0.0280382929789646,0.0322178311652121,-0.00417953818624748,TANGENT_WIN,FULL4D_CML_STATIONARY,3925,7850,3.4205713
MC1_K2_N2_L1_SP22_P3_R02,22,P3,STAGE5_TOEPLITZ_CORRELATED,1,2,1,1,-27.1869660758268,-27.1660804603999,3.863500250507e-13,0,1,0.0441193248650806,0.0548200533516675,-0.0107007284865869,TANGENT_WIN,FULL4D_CML_CONVERGED,3289,6578,2.6994105
MC1_K2_N2_L1_SP22_P3_R03,22,P3,STAGE5_TOEPLITZ_CORRELATED,1,3,1,1,-31.9386085058475,-31.929202404467,4.53874925282314e-13,0,1,0.0239088921376085,0.0306067454887646,-0.00669785335115607,TANGENT_WIN,FULL4D_CML_STATIONARY,4556,9112,3.7735746
MC1_K2_N2_L1_SP22_P3_R04,22,P3,STAGE5_TOEPLITZ_CORRELATED,1,4,1,1,-32.5721873274722,-31.2471606427858,4.62878621867051e-13,0,1,0.0299604527308165,0.519678014115661,-0.489717561384844,TANGENT_WIN,FULL4D_CML_MAX_SWEEPS_VALID,5133,10266,4.2137615
MC1_K2_N2_L1_SP22_P3_R05,22,P3,STAGE5_TOEPLITZ_CORRELATED,1,5,1,1,-34.8270742195138,-32.4602212885139,4.94922491889068e-13,0,1,0.0836216725992871,0.247583474608438,-0.163961802009151,TANGENT_WIN,FULL4D_CML_MAX_SWEEPS_VALID,5223,10446,4.2828923
MC1_K2_N2_L1_SP22_P3_R06,22,P3,STAGE5_TOEPLITZ_CORRELATED,1,6,1,1,-28.7812330299271,-28.5785699167169,4.09005921112667e-13,0,1,0.524999999999999,0.527921454435308,-0.00292145443530878,TANGENT_WIN,FULL4D_CML_STATIONARY,3368,6736,2.9250899
MC1_K2_N2_L1_SP22_P3_R07,22,P3,STAGE5_TOEPLITZ_CORRELATED,1,7,1,1,-27.1837775702597,-26.7274654722533,3.86304713661328e-13,0,1,0.0449959938497999,0.180810146630898,-0.135814152781098,TANGENT_WIN,FULL4D_CML_MAX_SWEEPS_VALID,5024,10048,4.273419
MC1_K2_N2_L1_SP22_P3_R08,22,P3,STAGE5_TOEPLITZ_CORRELATED,1,8,1,1,-21.5170003981046,-20.8876778974796,3.05774966564408e-13,0,1,0.136692761127595,0.358164365487755,-0.22147160436016,TANGENT_WIN,FULL4D_CML_MAX_SWEEPS_VALID,4881,9762,4.0767552
MC1_K2_N2_L1_SP22_P3_R09,22,P3,STAGE5_TOEPLITZ_CORRELATED,1,9,1,1,-31.9896177551219,-31.3373245043275,4.54599810312884e-13,0,1,0.0554047849284773,0.161208253486838,-0.105803468558361,TANGENT_WIN,FULL4D_CML_MAX_SWEEPS_VALID,4696,9392,3.8998387
MC1_K2_N2_L1_SP22_P3_R10,22,P3,STAGE5_TOEPLITZ_CORRELATED,1,10,1,1,-26.9296218090556,-25.645007712204,3.82692943063824e-13,0,1,0.0296386027151689,0.203079940817101,-0.173441338101932,TANGENT_WIN,FULL4D_CML_MAX_SWEEPS_VALID,5386,10772,4.4142203
MC1_K2_N2_L1_SP22_P4_R01,22,P4,STAGE5_TOEPLITZ_CORRELATED,1,1,1,1,-34.4482854317025,-34.098496912886,4.89539579457734e-13,0,1,0.0943781480500198,0.173271953323267,-0.0788938052732473,TANGENT_WIN,FULL4D_CML_MAX_SWEEPS_VALID,4594,9188,3.9526584
MC1_K2_N2_L1_SP22_P4_R02,22,P4,STAGE5_TOEPLITZ_CORRELATED,1,2,1,1,-22.1780340039657,-22.1755193789158,3.15168819099166e-13,0,1,0.0848189750801807,0.083356249041886,0.00146272603829473,TANGENT_LOSS,FULL4D_CML_STATIONARY,3375,6750,2.7692861
MC1_K2_N2_L1_SP22_P4_R03,22,P4,STAGE5_TOEPLITZ_CORRELATED,1,3,1,1,-20.6767753877003,-20.3539072686751,2.93834651013474e-13,0,1,0.086437080495686,0.223676799709373,-0.137239719213687,TANGENT_WIN,FULL4D_CML_MAX_SWEEPS_VALID,4977,9954,4.1257
MC1_K2_N2_L1_SP22_P4_R04,22,P4,STAGE5_TOEPLITZ_CORRELATED,1,4,1,1,-24.9173978117342,-24.7333950679379,3.54097520183447e-13,0,1,0.506671223529162,0.50522366026118,0.00144756326798245,TANGENT_LOSS,FULL4D_CML_STATIONARY,4894,9788,3.9964438
MC1_K2_N2_L1_SP22_P4_R05,22,P4,STAGE5_TOEPLITZ_CORRELATED,1,5,1,1,-32.3872765091857,-31.6281030247572,4.60250881093113e-13,0,1,0.397402732990268,0.173022560745906,0.224380172244362,TANGENT_LOSS,FULL4D_CML_MAX_SWEEPS_VALID,5055,10110,5.1313347
MC1_K2_N2_L1_SP22_P4_R06,22,P4,STAGE5_TOEPLITZ_CORRELATED,1,6,1,1,-23.7939687158922,-22.7085185592088,3.38132632519606e-13,0,1,0.122980855060336,0.221805763226393,-0.0988249081660566,TANGENT_WIN,FULL4D_CML_MAX_SWEEPS_VALID,4947,9894,4.0922568
MC1_K2_N2_L1_SP22_P4_R07,22,P4,STAGE5_TOEPLITZ_CORRELATED,1,7,1,1,-30.8673828903723,-28.8558459441753,4.38651893693593e-13,0,1,0.486534406545455,0.530647338555,-0.0441129320095448,TANGENT_WIN,FULL4D_CML_MAX_SWEEPS_VALID,3739,7478,3.1829701
MC1_K2_N2_L1_SP22_P4_R08,22,P4,STAGE5_TOEPLITZ_CORRELATED,1,8,1,1,-25.7207660438661,-25.4278497330824,3.65514069413082e-13,0,1,0.165138980794823,0.230167391052121,-0.0650284102572984,TANGENT_WIN,FULL4D_CML_MAX_SWEEPS_VALID,5033,10066,4.1304134
MC1_K2_N2_L1_SP22_P4_R09,22,P4,STAGE5_TOEPLITZ_CORRELATED,1,9,1,1,-31.1604985926535,-30.1514912682619,4.42817318353455e-13,0,1,0.20925294875916,0.362533700731407,-0.153280751972247,TANGENT_WIN,FULL4D_CML_MAX_SWEEPS_VALID,5181,10362,4.282568
MC1_K2_N2_L1_SP22_P4_R10,22,P4,STAGE5_TOEPLITZ_CORRELATED,1,10,1,1,-22.6790522919389,-22.3465609846104,3.22288717199213e-13,0,1,0.276976043643739,0.305932824384141,-0.0289567807404016,TANGENT_WIN,FULL4D_CML_MAX_SWEEPS_VALID,3934,7868,3.2793159
MC1_K2_N2_L1_SP6_P1_R01,6,P1,STAGE5_TOEPLITZ_CORRELATED,1,1,1,1,-33.9790367138014,-33.7479353116312,4.82871154102347e-13,0,1,0.421482130413157,0.448133284347879,-0.0266511539347222,TANGENT_WIN,FULL4D_CML_CONVERGED,1425,2850,1.3010598
MC1_K2_N2_L1_SP6_P1_R02,6,P1,STAGE5_TOEPLITZ_CORRELATED,1,2,1,1,-26.6497090999652,-26.6176602468259,3.78715144222002e-13,0,1,0.503991642739068,0.499320283701078,0.00467135903798976,TANGENT_LOSS,FULL4D_CML_CONVERGED,1786,3572,1.5562358
MC1_K2_N2_L1_SP6_P1_R03,6,P1,STAGE5_TOEPLITZ_CORRELATED,1,3,1,1,-29.1004417530223,-28.8380695684165,4.13542149900398e-13,0,1,0.470411305736164,0.351217197626979,0.119194108109185,TANGENT_LOSS,FULL4D_CML_MAX_SWEEPS_VALID,3843,7686,3.7322025
MC1_K2_N2_L1_SP6_P1_R04,6,P1,STAGE5_TOEPLITZ_CORRELATED,1,4,1,1,-28.1563773710621,-26.974401275632,4.00126188126565e-13,0,1,0.509974110253459,0.276276164498434,0.233697945755025,TANGENT_LOSS,FULL4D_CML_CONVERGED,2669,5338,2.2561569
MC1_K2_N2_L1_SP6_P1_R05,6,P1,STAGE5_TOEPLITZ_CORRELATED,1,5,1,1,-32.1335707296019,-31.9516241763084,4.5664550511904e-13,0,1,0.543342230446356,0.260396028141224,0.282946202305132,TANGENT_LOSS,FULL4D_CML_CONVERGED,2962,5924,2.441071
MC1_K2_N2_L1_SP6_P1_R06,6,P1,STAGE5_TOEPLITZ_CORRELATED,1,6,1,1,-21.5740828892425,-20.4102423070189,3.06586157552751e-13,0,1,0.55,0.564894717486291,-0.0148947174862912,TANGENT_WIN,FULL4D_CML_MAX_SWEEPS_VALID,3257,6514,2.8944894
MC1_K2_N2_L1_SP6_P1_R07,6,P1,STAGE5_TOEPLITZ_CORRELATED,1,7,1,1,-32.9329284699908,-32.9320061660494,4.68005061833179e-13,0,1,0.367723781371863,0.362524068938093,0.00519971243376993,TANGENT_LOSS,FULL4D_CML_STATIONARY,638,1276,0.5573213
MC1_K2_N2_L1_SP6_P1_R08,6,P1,STAGE5_TOEPLITZ_CORRELATED,1,8,1,1,-22.4188911200715,-22.1198362403101,3.18591604583268e-13,0,1,0.369369710211893,0.342489352448585,0.0268803577633083,TANGENT_LOSS,FULL4D_CML_CONVERGED,4782,9564,4.351396
MC1_K2_N2_L1_SP6_P1_R09,6,P1,STAGE5_TOEPLITZ_CORRELATED,1,9,1,1,-27.158427298694,-26.970757403813,3.85944464635116e-13,0,1,0.371008337180735,0.35395708682014,0.0170512503605946,TANGENT_LOSS,FULL4D_CML_MAX_SWEEPS_VALID,4201,8402,3.4617414
MC1_K2_N2_L1_SP6_P1_R10,6,P1,STAGE5_TOEPLITZ_CORRELATED,1,10,1,1,-31.4510558724146,-30.6295338352583,4.46946385642585e-13,0,1,0.511162201815044,0.646994811983379,-0.135832610168335,TANGENT_WIN,FULL4D_CML_STATIONARY,1665,3330,1.5155228
MC1_K2_N2_L1_SP6_P2_R01,6,P2,STAGE5_TOEPLITZ_CORRELATED,1,1,1,1,-25.107669676355,-24.9869849439272,3.56801446007964e-13,0,1,0.173205080756887,0.246724046325488,-0.073518965568601,TANGENT_WIN,FULL4D_CML_CONVERGED,3186,6372,2.7125222
MC1_K2_N2_L1_SP6_P2_R02,6,P2,STAGE5_TOEPLITZ_CORRELATED,1,2,1,1,-25.2908674521765,-24.9852971569297,3.59404842984311e-13,0,1,0.360555127546399,0.457709520480164,-0.0971543929337654,TANGENT_WIN,FULL4D_CML_STATIONARY,592,1184,0.5287957
MC1_K2_N2_L1_SP6_P2_R03,6,P2,STAGE5_TOEPLITZ_CORRELATED,1,3,1,1,-25.6706927437075,-25.5798077460474,3.64802485019418e-13,0,1,0.33166247903554,0.341155161974206,-0.00949268293866573,TANGENT_WIN,FULL4D_CML_MAX_SWEEPS_VALID,4659,9318,3.8712113
MC1_K2_N2_L1_SP6_P2_R04,6,P2,STAGE5_TOEPLITZ_CORRELATED,1,4,1,1,-28.531863574449,-28.3966605009704,4.05462168010459e-13,0,1,0.223606797749979,0.207325776354398,0.0162810213955814,TANGENT_LOSS,FULL4D_CML_CONVERGED,2956,5912,2.4727588
MC1_K2_N2_L1_SP6_P2_R05,6,P2,STAGE5_TOEPLITZ_CORRELATED,1,5,1,1,-29.7875242890794,-29.6957022809875,4.23306179997658e-13,0,1,0.458257569495583,0.341946553786238,0.116311015709345,TANGENT_LOSS,FULL4D_CML_MAX_SWEEPS_VALID,4774,9548,3.9668657
MC1_K2_N2_L1_SP6_P2_R06,6,P2,STAGE5_TOEPLITZ_CORRELATED,1,6,1,1,-20.5945521957243,-20.5263120719818,2.92666189178082e-13,0,1,0.556776436283002,0.544946673902857,0.0118297623801452,TANGENT_LOSS,FULL4D_CML_CONVERGED,1683,3366,1.3770165
MC1_K2_N2_L1_SP6_P2_R07,6,P2,STAGE5_TOEPLITZ_CORRELATED,1,7,1,1,-23.0201153571456,-22.6611010233696,3.27135514867587e-13,0,1,0.118018778952534,0.192314964042082,-0.0742961850895475,TANGENT_WIN,FULL4D_CML_MAX_SWEEPS_VALID,2947,5894,2.440403
MC1_K2_N2_L1_SP6_P2_R08,6,P2,STAGE5_TOEPLITZ_CORRELATED,1,8,1,1,-28.4946410172449,-28.0557102786166,4.04933203657903e-13,0,1,0.300000000000001,0.432884523494458,-0.132884523494457,TANGENT_WIN,FULL4D_CML_STATIONARY,3624,7248,3.0873254
MC1_K2_N2_L1_SP6_P2_R09,6,P2,STAGE5_TOEPLITZ_CORRELATED,1,9,1,1,-25.8694113786184,-23.9068962446935,3.6762644666934e-13,0,1,0.33166247903554,0.204828441965981,0.126834037069559,TANGENT_LOSS,FULL4D_CML_CONVERGED,3561,7122,2.9501353
MC1_K2_N2_L1_SP6_P2_R10,6,P2,STAGE5_TOEPLITZ_CORRELATED,1,10,1,1,-26.1824789044798,-26.1276554474851,3.72075403795404e-13,0,1,0.264575131106459,0.285356762506696,-0.0207816314002366,TANGENT_WIN,FULL4D_CML_MAX_SWEEPS_VALID,1701,3402,1.47198
MC1_K2_N2_L1_SP6_P3_R01,6,P3,STAGE5_TOEPLITZ_CORRELATED,1,1,1,1,-22.405139168972,-21.8288822283099,3.18396177604143e-13,0,1,0.413067791046457,0.71056295779553,-0.297495166749073,TANGENT_WIN,FULL4D_CML_STATIONARY,4584,9168,3.8136667
MC1_K2_N2_L1_SP6_P3_R02,6,P3,STAGE5_TOEPLITZ_CORRELATED,1,2,1,1,-27.131339261127,-27.120561079248,3.85559520468732e-13,0,1,0.442295150323853,0.487844637542895,-0.0455494872190419,TANGENT_WIN,FULL4D_CML_CONVERGED,3146,6292,2.6205504
MC1_K2_N2_L1_SP6_P3_R03,6,P3,STAGE5_TOEPLITZ_CORRELATED,1,3,1,1,-31.6714299345714,-31.4346483933542,4.50078089422894e-13,0,1,0.552833609687399,0.625825672399578,-0.0729920627121788,TANGENT_WIN,FULL4D_CML_MAX_SWEEPS_VALID,1961,3922,1.6957494
MC1_K2_N2_L1_SP6_P3_R04,6,P3,STAGE5_TOEPLITZ_CORRELATED,1,4,1,1,-32.3711154829798,-32.0325008292777,4.60021219097652e-13,0,1,0.62098711741871,0.269996132869701,0.350990984549009,TANGENT_LOSS,FULL4D_CML_CONVERGED,3461,6922,2.8750047
MC1_K2_N2_L1_SP6_P3_R05,6,P3,STAGE5_TOEPLITZ_CORRELATED,1,5,1,1,-35.0002312550945,-33.9270659648326,4.9738320136462e-13,0,1,0.224999999999999,0.2508542532548,-0.0258542532548005,TANGENT_WIN,FULL4D_CML_MAX_SWEEPS_VALID,4457,8914,3.8023531
MC1_K2_N2_L1_SP6_P3_R06,6,P3,STAGE5_TOEPLITZ_CORRELATED,1,6,1,1,-30.0535784707477,-29.27708234491,4.27087037319718e-13,0,1,0.413067791046458,0.434958219992334,-0.0218904289458763,TANGENT_WIN,FULL4D_CML_MAX_SWEEPS_VALID,4625,9250,3.8071201
MC1_K2_N2_L1_SP6_P3_R07,6,P3,STAGE5_TOEPLITZ_CORRELATED,1,7,1,1,-26.9593928726271,-26.9593928726271,3.83116015322956e-13,0,1,0.515388203202207,0.515388203202207,-4.44089209850063e-16,TIE,FULL4D_CML_STATIONARY,765,1530,0.6412984
MC1_K2_N2_L1_SP6_P3_R08,6,P3,STAGE5_TOEPLITZ_CORRELATED,1,8,1,1,-21.0684583077461,-20.8490835306825,2.9940080008467e-13,0,1,0.361420807370024,0.362037639142109,-0.000616831772084991,TANGENT_WIN,FULL4D_CML_STATIONARY,1612,3224,1.333555
MC1_K2_N2_L1_SP6_P3_R09,6,P3,STAGE5_TOEPLITZ_CORRELATED,1,9,1,1,-32.1165962532645,-32.0630701908357,4.56404283301943e-13,0,1,0.539096466321195,0.406781166792329,0.132315299528866,TANGENT_LOSS,FULL4D_CML_STATIONARY,1503,3006,1.2524327
MC1_K2_N2_L1_SP6_P3_R10,6,P3,STAGE5_TOEPLITZ_CORRELATED,1,10,1,1,-26.8341364430735,-26.5040936281146,3.81336014400425e-13,0,1,0.301039864469806,0.247796179320604,0.0532436851492017,TANGENT_LOSS,FULL4D_CML_MAX_SWEEPS_VALID,5268,10536,4.5736034
MC1_K2_N2_L1_SP6_P4_R01,6,P4,STAGE5_TOEPLITZ_CORRELATED,1,1,1,1,-34.6108537082354,-34.4934087695634,4.91849813616844e-13,0,1,0.202133283692392,0.238535187257196,-0.0364019035648039,TANGENT_WIN,FULL4D_CML_CONVERGED,3217,6434,2.6653126
MC1_K2_N2_L1_SP6_P4_R02,6,P4,STAGE5_TOEPLITZ_CORRELATED,1,2,1,1,-22.2575805009796,-22.2773193474528,3.16299242811334e-13,1,0,0.155564114380584,0.123185237562778,0.0323788768178061,TANGENT_LOSS,FULL4D_CML_CONVERGED,3654,7308,3.030512
MC1_K2_N2_L1_SP6_P4_R03,6,P4,STAGE5_TOEPLITZ_CORRELATED,1,3,1,1,-20.4016538468856,-20.0151917432457,2.89924938767933e-13,0,1,0.41334956680305,0.353628654577707,0.059720912225343,TANGENT_LOSS,FULL4D_CML_MAX_SWEEPS_VALID,4191,8382,3.5963334
MC1_K2_N2_L1_SP6_P4_R04,6,P4,STAGE5_TOEPLITZ_CORRELATED,1,4,1,1,-25.6220153000274,-24.5043783010317,3.64110736939372e-13,0,1,0.551168573636418,0.601227950667971,-0.0500593770315526,TANGENT_WIN,FULL4D_CML_MAX_SWEEPS_VALID,2909,5818,2.4525791
MC1_K2_N2_L1_SP6_P4_R05,6,P4,STAGE5_TOEPLITZ_CORRELATED,1,5,1,1,-31.7640759373224,-31.6231560330512,4.51394668307933e-13,0,1,0.654162771936874,0.722475859442233,-0.0683130875053591,TANGENT_WIN,FULL4D_CML_STATIONARY,646,1292,0.6197957
MC1_K2_N2_L1_SP6_P4_R06,6,P4,STAGE5_TOEPLITZ_CORRELATED,1,6,1,1,-23.2535821169252,-22.4002755422723,3.30453277071643e-13,0,1,0.545828665597671,0.586335799765706,-0.0405071341680349,TANGENT_WIN,FULL4D_CML_MAX_SWEEPS_VALID,3749,7498,3.1684206
MC1_K2_N2_L1_SP6_P4_R07,6,P4,STAGE5_TOEPLITZ_CORRELATED,1,7,1,1,-33.0540295169926,-33.0132023848652,4.6972601121798e-13,0,1,0.591307585729011,0.59503335171609,-0.00372576598707897,TANGENT_WIN,FULL4D_CML_STATIONARY,484,968,0.4198296
MC1_K2_N2_L1_SP6_P4_R08,6,P4,STAGE5_TOEPLITZ_CORRELATED,1,8,1,1,-25.4942368853002,-25.4753743969847,3.62294896451945e-13,0,1,0.534324363394503,0.523396392554902,0.010927970839601,TANGENT_LOSS,FULL4D_CML_STATIONARY,2478,4956,2.0440539
MC1_K2_N2_L1_SP6_P4_R09,6,P4,STAGE5_TOEPLITZ_CORRELATED,1,9,1,1,-30.9382838297629,-30.4850868797868,4.39659456642444e-13,0,1,0.409791327614598,0.501953106551628,-0.0921617789370303,TANGENT_WIN,FULL4D_CML_STATIONARY,2055,4110,1.7395626
MC1_K2_N2_L1_SP6_P4_R10,6,P4,STAGE5_TOEPLITZ_CORRELATED,1,10,1,1,-23.54870082951,-23.54870082951,3.34647166219924e-13,0,1,0.593779077712247,0.593779077712247,3.33066907387547e-16,TIE,FULL4D_CML_STATIONARY,516,1032,0.4373699
MC1_K2_N2_L4_SM6_P1_R01,-6,P1,STAGE5_TOEPLITZ_CORRELATED,4,1,1,1,-109.327459660168,-108.577938855781,1.55363664561276e-12,0,1,0.316344105569879,0.148375982662394,0.167968122907485,TANGENT_LOSS,FULL4D_CML_MAX_SWEEPS_VALID,3642,7284,3.1847529
MC1_K2_N2_L4_SM6_P1_R02,-6,P1,STAGE5_TOEPLITZ_CORRELATED,4,2,1,1,-117.563657942216,-117.164471665427,1.67068006280454e-12,0,1,0.306377481094225,0.207004805496908,0.0993726755973166,TANGENT_LOSS,FULL4D_CML_MAX_SWEEPS_VALID,2739,5478,2.4795768
MC1_K2_N2_L4_SM6_P1_R03,-6,P1,STAGE5_TOEPLITZ_CORRELATED,4,3,1,1,-125.142215106252,-124.590422000688,1.7783778376135e-12,0,1,0.245099149588094,0.184761403249968,0.0603377463381256,TANGENT_LOSS,FULL4D_CML_CONVERGED,2186,4372,1.8532467
MC1_K2_N2_L4_SM6_P1_R04,-6,P1,STAGE5_TOEPLITZ_CORRELATED,4,4,1,1,-123.786095657603,-123.730156776738,1.75910622115229e-12,0,1,0.318255866504301,0.32112945249137,-0.00287358598706944,TANGENT_WIN,FULL4D_CML_STATIONARY,973,1946,0.8217208
MC1_K2_N2_L4_SM6_P1_R05,-6,P1,STAGE5_TOEPLITZ_CORRELATED,4,5,1,1,-119.241819568131,-119.035458742369,1.69452817385904e-12,0,1,0.617484248029375,0.649764319226284,-0.0322800711969091,TANGENT_WIN,FULL4D_CML_STATIONARY,592,1184,0.5509793
MC1_K2_N2_L4_SM6_P1_R06,-6,P1,STAGE5_TOEPLITZ_CORRELATED,4,6,1,1,-98.3534910289943,-97.8707196530221,1.39768717174596e-12,0,1,0.185672618419647,0.250577120152741,-0.0649045017330943,TANGENT_WIN,FULL4D_CML_MAX_SWEEPS_VALID,3552,7104,3.0433775
MC1_K2_N2_L4_SM6_P1_R07,-6,P1,STAGE5_TOEPLITZ_CORRELATED,4,7,1,1,-110.826610379163,-110.634902239961,1.57494085867658e-12,0,1,0.55,0.565291791572833,-0.0152917915728328,TANGENT_WIN,FULL4D_CML_MAX_SWEEPS_VALID,3910,7820,3.3341132
MC1_K2_N2_L4_SM6_P1_R08,-6,P1,STAGE5_TOEPLITZ_CORRELATED,4,8,1,1,-121.318139992421,-121.318139992421,1.72403446175083e-12,0,1,0.50278660733479,0.50278660733479,-1.11022302462516e-16,TIE,FULL4D_CML_STATIONARY,2323,4646,1.9146436
MC1_K2_N2_L4_SM6_P1_R09,-6,P1,STAGE5_TOEPLITZ_CORRELATED,4,9,1,1,-118.849683286175,-118.511265057268,1.6889555821276e-12,0,1,0.548895979730589,0.648286688999224,-0.0993907092686354,TANGENT_WIN,FULL4D_CML_STATIONARY,997,1994,0.8593957
MC1_K2_N2_L4_SM6_P1_R10,-6,P1,STAGE5_TOEPLITZ_CORRELATED,4,10,1,1,-120.519889797715,-120.169572456328,1.71269064420748e-12,0,1,0.249999999999999,0.214369734068714,0.0356302659312853,TANGENT_LOSS,FULL4D_CML_CONVERGED,1232,2464,1.0925123
MC1_K2_N2_L4_SM6_P2_R01,-6,P2,STAGE5_TOEPLITZ_CORRELATED,4,1,1,1,-121.857680568163,-121.04242305952,1.73170179448566e-12,0,1,0.574456264653802,0.723251480933119,-0.148795216279317,TANGENT_WIN,FULL4D_CML_MAX_SWEEPS_VALID,4059,8118,3.4505324
MC1_K2_N2_L4_SM6_P2_R02,-6,P2,STAGE5_TOEPLITZ_CORRELATED,4,2,1,1,-112.254734157024,-112.123565805967,1.59523571819909e-12,0,1,0.360555127546398,0.265363807248634,0.0951913202977642,TANGENT_LOSS,FULL4D_CML_CONVERGED,1333,2666,1.2135595
MC1_K2_N2_L4_SM6_P2_R03,-6,P2,STAGE5_TOEPLITZ_CORRELATED,4,3,1,1,-132.708417583433,-131.960080719071,1.88590004176253e-12,0,1,0.33166247903554,0.153994633015435,0.177667846020105,TANGENT_LOSS,FULL4D_CML_MAX_SWEEPS_VALID,3580,7160,3.1666608
MC1_K2_N2_L4_SM6_P2_R04,-6,P2,STAGE5_TOEPLITZ_CORRELATED,4,4,1,1,-91.7712991693565,-91.7593408016472,1.30414859952106e-12,0,1,0.53851648071345,0.548688645235402,-0.0101721645219517,TANGENT_WIN,FULL4D_CML_STATIONARY,2388,4776,2.1416722
MC1_K2_N2_L4_SM6_P2_R05,-6,P2,STAGE5_TOEPLITZ_CORRELATED,4,5,1,1,-118.203994544591,-118.181529646039,1.67977979322971e-12,0,1,0.168096251559547,0.156607338270966,0.0114889132885808,TANGENT_LOSS,FULL4D_CML_CONVERGED,1086,2172,0.9262946
MC1_K2_N2_L4_SM6_P2_R06,-6,P2,STAGE5_TOEPLITZ_CORRELATED,4,6,1,1,-118.292101717944,-118.292101717944,1.6810318714696e-12,0,1,0.574456264653802,0.574456264653802,-4.44089209850063e-16,TIE,FULL4D_CML_STATIONARY,518,1036,0.4419596
MC1_K2_N2_L4_SM6_P2_R07,-6,P2,STAGE5_TOEPLITZ_CORRELATED,4,7,1,1,-118.45961885796,-118.232597687381,1.68341243320867e-12,0,1,0.360555127546399,0.206496914350016,0.154058213196383,TANGENT_LOSS,FULL4D_CML_MAX_SWEEPS_VALID,3358,6716,2.9633714
MC1_K2_N2_L4_SM6_P2_R08,-6,P2,STAGE5_TOEPLITZ_CORRELATED,4,8,1,1,-119.751231617526,-119.175091951072,1.70176735448317e-12,0,1,0.360555127546399,0.376313359398549,-0.0157582318521501,TANGENT_WIN,FULL4D_CML_MAX_SWEEPS_VALID,3985,7970,3.375281
MC1_K2_N2_L4_SM6_P2_R09,-6,P2,STAGE5_TOEPLITZ_CORRELATED,4,9,1,1,-116.601810615989,-116.452219031074,1.65701139019332e-12,0,1,0.173205080756888,0.256469671588224,-0.0832645908313359,TANGENT_WIN,FULL4D_CML_CONVERGED,1225,2450,1.0398911
MC1_K2_N2_L4_SM6_P2_R10,-6,P2,STAGE5_TOEPLITZ_CORRELATED,4,10,1,1,-116.521766229124,-115.990695009255,1.65587389104081e-12,0,1,0.173205080756888,0.373058055032143,-0.199852974275255,TANGENT_WIN,FULL4D_CML_MAX_SWEEPS_VALID,2104,4208,1.9466196
MC1_K2_N2_L4_SM6_P3_R01,-6,P3,STAGE5_TOEPLITZ_CORRELATED,4,1,1,1,-97.0926676984565,-96.8447367451767,1.37976979457415e-12,0,1,0.574999999999999,0.512391950954521,0.0626080490454778,TANGENT_LOSS,FULL4D_CML_CONVERGED,2072,4144,1.7441731
MC1_K2_N2_L4_SM6_P3_R02,-6,P3,STAGE5_TOEPLITZ_CORRELATED,4,2,1,1,-124.145136582656,-124.043703619761,1.76420849957503e-12,0,1,0.274999999999999,0.277445899059826,-0.00244589905982662,TANGENT_WIN,FULL4D_CML_MAX_SWEEPS_VALID,3541,7082,3.1677356
MC1_K2_N2_L4_SM6_P3_R03,-6,P3,STAGE5_TOEPLITZ_CORRELATED,4,3,1,1,-109.420004427951,-109.420004427951,1.55495178586237e-12,0,1,0.682367203197808,0.682367203197808,-1.11022302462516e-16,TIE,FULL4D_CML_STATIONARY,1344,2688,1.1585296
MC1_K2_N2_L4_SM6_P3_R04,-6,P3,STAGE5_TOEPLITZ_CORRELATED,4,4,1,1,-99.5802630382302,-98.4580318822444,1.41512065053789e-12,0,1,0.361420807370023,0.323480662071218,0.0379401452988051,TANGENT_LOSS,FULL4D_CML_MAX_SWEEPS_VALID,2811,5622,2.9742734
MC1_K2_N2_L4_SM6_P3_R05,-6,P3,STAGE5_TOEPLITZ_CORRELATED,4,5,1,1,-116.956648570885,-116.737557453458,1.66205394081778e-12,0,1,0.62098711741871,0.710267814292487,-0.0892806968737767,TANGENT_WIN,FULL4D_CML_STATIONARY,2007,4014,1.7368656
MC1_K2_N2_L4_SM6_P3_R06,-6,P3,STAGE5_TOEPLITZ_CORRELATED,4,6,1,1,-131.607144849046,-130.051440213397,1.87025001493234e-12,0,1,0.628987281270456,0.267321831520191,0.361665449750265,TANGENT_LOSS,FULL4D_CML_CONVERGED,1129,2258,0.9940873
MC1_K2_N2_L4_SM6_P3_R07,-6,P3,STAGE5_TOEPLITZ_CORRELATED,4,7,1,1,-117.085842204509,-117.085842204509,1.66388989277534e-12,0,1,0.515388203202207,0.515388203202207,0,TIE,FULL4D_CML_STATIONARY,604,1208,0.5221328
MC1_K2_N2_L4_SM6_P3_R08,-6,P3,STAGE5_TOEPLITZ_CORRELATED,4,8,1,1,-119.077116482826,-118.139056096419,1.69218760224263e-12,0,1,0.24953785611678,0.427269279988237,-0.177731423871457,TANGENT_WIN,FULL4D_CML_MAX_SWEEPS_VALID,4262,8524,3.7407998
MC1_K2_N2_L4_SM6_P3_R09,-6,P3,STAGE5_TOEPLITZ_CORRELATED,4,9,1,1,-108.587147150795,-107.984366391014,1.54311617209821e-12,0,1,0.574999999999999,0.257723356577703,0.317276643422296,TANGENT_LOSS,FULL4D_CML_CONVERGED,3042,6084,2.6936741
MC1_K2_N2_L4_SM6_P3_R10,-6,P3,STAGE5_TOEPLITZ_CORRELATED,4,10,1,1,-126.068310311415,-124.5541077097,1.79153844202652e-12,0,1,0.0879450041304198,0.71056287595261,-0.62261787182219,TANGENT_WIN,FULL4D_CML_STATIONARY,1876,3752,1.6392817
MC1_K2_N2_L4_SM6_P4_R01,-6,P4,STAGE5_TOEPLITZ_CORRELATED,4,1,1,1,-117.036456658524,-116.945944366769,1.66318808195632e-12,0,1,0.342881997986568,0.274218195860735,0.0686638021258332,TANGENT_LOSS,FULL4D_CML_MAX_SWEEPS_VALID,2770,5540,2.5508861
MC1_K2_N2_L4_SM6_P4_R02,-6,P4,STAGE5_TOEPLITZ_CORRELATED,4,2,1,1,-114.412520074609,-113.794526577187,1.6258997003804e-12,0,1,0.296528130517383,0.282597885226003,0.0139302452913797,TANGENT_LOSS,FULL4D_CML_MAX_SWEEPS_VALID,3556,7112,3.3074271
MC1_K2_N2_L4_SM6_P4_R03,-6,P4,STAGE5_TOEPLITZ_CORRELATED,4,3,1,1,-113.602399505849,-113.434375881576,1.61438719467596e-12,0,1,0.625186263745669,0.51565868931164,0.109527574434029,TANGENT_LOSS,FULL4D_CML_CONVERGED,1498,2996,1.2864656
MC1_K2_N2_L4_SM6_P4_R04,-6,P4,STAGE5_TOEPLITZ_CORRELATED,4,4,1,1,-115.917615453334,-115.446645132645,1.64728839213998e-12,0,1,0.133898962610374,0.129659978421754,0.00423898418862009,TANGENT_LOSS,FULL4D_CML_MAX_SWEEPS_VALID,4283,8566,3.656045
MC1_K2_N2_L4_SM6_P4_R05,-6,P4,STAGE5_TOEPLITZ_CORRELATED,4,5,1,1,-125.74339145127,-123.706872382276,1.78692106731077e-12,0,1,0.455992250140432,0.273824521590208,0.182167728550224,TANGENT_LOSS,FULL4D_CML_CONVERGED,1762,3524,1.5698008
MC1_K2_N2_L4_SM6_P4_R06,-6,P4,STAGE5_TOEPLITZ_CORRELATED,4,6,1,1,-105.747600316847,-105.747600316847,1.50276378458396e-12,0,1,0.621864719012534,0.621864719012534,4.44089209850063e-16,TIE,FULL4D_CML_STATIONARY,2189,4378,2.6127584
MC1_K2_N2_L4_SM6_P4_R07,-6,P4,STAGE5_TOEPLITZ_CORRELATED,4,7,1,1,-107.87624652897,-107.148623837041,1.53301366664451e-12,0,1,0.312935987365044,0.25456329242706,0.0583726949379842,TANGENT_LOSS,FULL4D_CML_CONVERGED,1080,2160,1.3214633
MC1_K2_N2_L4_SM6_P4_R08,-6,P4,STAGE5_TOEPLITZ_CORRELATED,4,8,1,1,-125.145887486141,-125.145887486141,1.77843002527057e-12,0,1,0.495482114023243,0.495482114023243,3.88578058618805e-16,TIE,FULL4D_CML_STATIONARY,585,1170,0.6879315
MC1_K2_N2_L4_SM6_P4_R09,-6,P4,STAGE5_TOEPLITZ_CORRELATED,4,9,1,1,-119.784985777216,-119.645855162041,1.70224702994255e-12,0,1,0.620483682299542,0.644806307058999,-0.024322624759457,TANGENT_WIN,FULL4D_CML_CONVERGED,2863,5726,3.5173007
MC1_K2_N2_L4_SM6_P4_R10,-6,P4,STAGE5_TOEPLITZ_CORRELATED,4,10,1,1,-126.428232026245,-126.41887275899,1.79665323722482e-12,0,1,0.235476627120525,0.244635494570804,-0.00915886745027922,TANGENT_WIN,FULL4D_CML_MAX_SWEEPS_VALID,2136,4272,2.631049
MC1_K2_N2_L4_SP0_P1_R01,0,P1,STAGE5_TOEPLITZ_CORRELATED,4,1,1,1,-109.221807261563,-108.572092635812,1.55213523472587e-12,0,1,0.149643683573483,0.163519209381137,-0.0138755258076537,TANGENT_WIN,FULL4D_CML_MAX_SWEEPS_VALID,3230,6460,2.7320941
MC1_K2_N2_L4_SP0_P1_R02,0,P1,STAGE5_TOEPLITZ_CORRELATED,4,2,1,1,-117.420680027434,-116.823240236656,1.66864822443009e-12,0,1,0.205624528670629,0.163258636337207,0.0423658923334221,TANGENT_LOSS,FULL4D_CML_MAX_SWEEPS_VALID,4465,8930,3.7396051
MC1_K2_N2_L4_SP0_P1_R03,0,P1,STAGE5_TOEPLITZ_CORRELATED,4,3,1,1,-125.93130243935,-124.872779970674,1.78959144306177e-12,0,1,0.137333133996172,0.143580277531039,-0.00624714353486674,TANGENT_WIN,FULL4D_CML_CONVERGED,2257,4514,1.8972905
MC1_K2_N2_L4_SP0_P1_R04,0,P1,STAGE5_TOEPLITZ_CORRELATED,4,4,1,1,-123.705836307948,-123.612197423548,1.75796566719481e-12,0,1,0.318255866504301,0.432956164878517,-0.114700298374216,TANGENT_WIN,FULL4D_CML_STATIONARY,2032,4064,1.8444271
MC1_K2_N2_L4_SP0_P1_R05,0,P1,STAGE5_TOEPLITZ_CORRELATED,4,5,1,1,-122.817452013107,-122.254540820394,1.74534096704956e-12,0,1,0.247561702539797,0.213210895721018,0.0343508068187786,TANGENT_LOSS,FULL4D_CML_CONVERGED,2205,4410,1.9277279
MC1_K2_N2_L4_SP0_P1_R06,0,P1,STAGE5_TOEPLITZ_CORRELATED,4,6,1,1,-99.0122313992187,-98.7177777968075,1.40704843544226e-12,0,1,0.166316738475848,0.212279432521534,-0.0459626940456859,TANGENT_WIN,FULL4D_CML_MAX_SWEEPS_VALID,4459,8918,3.7310514
MC1_K2_N2_L4_SP0_P1_R07,0,P1,STAGE5_TOEPLITZ_CORRELATED,4,7,1,1,-111.476665666413,-110.961451669098,1.58417869992054e-12,0,1,0.377491721763537,0.534291503261898,-0.156799781498361,TANGENT_WIN,FULL4D_CML_MAX_SWEEPS_VALID,4777,9554,4.0034913
MC1_K2_N2_L4_SP0_P1_R08,0,P1,STAGE5_TOEPLITZ_CORRELATED,4,8,1,1,-121.010425364331,-121.010425364331,1.7196615738773e-12,0,1,0.417142153169426,0.417142153169426,-1.66533453693773e-16,TIE,FULL4D_CML_STATIONARY,1686,3372,1.4062049
MC1_K2_N2_L4_SP0_P1_R09,0,P1,STAGE5_TOEPLITZ_CORRELATED,4,9,1,1,-119.162037737404,-118.574579787841,1.69339440585367e-12,0,1,0.548895979730589,0.641447286964272,-0.0925513072336832,TANGENT_WIN,FULL4D_CML_STATIONARY,1685,3370,1.4530731
MC1_K2_N2_L4_SP0_P1_R10,0,P1,STAGE5_TOEPLITZ_CORRELATED,4,10,1,1,-121.843311177685,-121.750450776472,1.73149759316523e-12,0,1,0.249999999999999,0.221406108787989,0.0285938912120096,TANGENT_LOSS,FULL4D_CML_CONVERGED,1574,3148,1.3217551
MC1_K2_N2_L4_SP0_P2_R01,0,P2,STAGE5_TOEPLITZ_CORRELATED,4,1,1,1,-121.163291613851,-121.038857356926,1.72183393394009e-12,0,1,0.574456264653802,0.560102295088237,0.0143539695655647,TANGENT_LOSS,FULL4D_CML_STATIONARY,753,1506,0.6389308
MC1_K2_N2_L4_SP0_P2_R02,0,P2,STAGE5_TOEPLITZ_CORRELATED,4,2,1,1,-111.465803071276,-111.469150139148,1.58402433315922e-12,1,0,0.256629507792472,0.222836756739804,0.0337927510526675,TANGENT_LOSS,FULL4D_CML_CONVERGED,1169,2338,1.1230684
MC1_K2_N2_L4_SP0_P2_R03,0,P2,STAGE5_TOEPLITZ_CORRELATED,4,3,1,1,-131.853524823526,-131.871855814402,1.87375128495441e-12,1,0,0.1877469203345,0.160925594864697,0.0268213254698029,TANGENT_LOSS,FULL4D_CML_MAX_SWEEPS_VALID,4497,8994,3.7682332
MC1_K2_N2_L4_SP0_P2_R04,0,P2,STAGE5_TOEPLITZ_CORRELATED,4,4,1,1,-91.9034517905995,-91.6097290108958,1.30602660122178e-12,0,1,0.168771660263273,0.521653390678907,-0.352881730415634,TANGENT_WIN,FULL4D_CML_STATIONARY,3586,7172,3.2197514
MC1_K2_N2_L4_SP0_P2_R05,0,P2,STAGE5_TOEPLITZ_CORRELATED,4,5,1,1,-118.191727841454,-118.189064991934,1.6796054728936e-12,0,1,0.223606797749979,0.227665287097177,-0.00405848934719844,TANGENT_WIN,FULL4D_CML_CONVERGED,1643,3286,1.3735091
MC1_K2_N2_L4_SP0_P2_R06,0,P2,STAGE5_TOEPLITZ_CORRELATED,4,6,1,1,-116.938963465277,-116.938963465277,1.66180262035137e-12,0,1,0.574456264653802,0.574456264653802,-4.44089209850063e-16,TIE,FULL4D_CML_STATIONARY,625,1250,0.5390966
MC1_K2_N2_L4_SP0_P2_R07,0,P2,STAGE5_TOEPLITZ_CORRELATED,4,7,1,1,-119.213698152023,-119.055957156376,1.69412854450034e-12,0,1,0.223606797749979,0.122035060175204,0.101571737574775,TANGENT_LOSS,FULL4D_CML_MAX_SWEEPS_VALID,4838,9676,4.045672
MC1_K2_N2_L4_SP0_P2_R08,0,P2,STAGE5_TOEPLITZ_CORRELATED,4,8,1,1,-120.48971486916,-119.312044960389,1.71226183268175e-12,0,1,0.223606797749979,0.330054777510559,-0.10644797976058,TANGENT_WIN,FULL4D_CML_MAX_SWEEPS_VALID,3579,7158,3.0353713
MC1_K2_N2_L4_SP0_P2_R09,0,P2,STAGE5_TOEPLITZ_CORRELATED,4,9,1,1,-117.384350897756,-116.631365264634,1.6681319564463e-12,0,1,0.173205080756887,0.214981958788088,-0.0417768780312015,TANGENT_WIN,FULL4D_CML_CONVERGED,1621,3242,1.4421487
MC1_K2_N2_L4_SP0_P2_R10,0,P2,STAGE5_TOEPLITZ_CORRELATED,4,10,1,1,-115.339948904154,-115.246417620407,1.63907925673576e-12,0,1,0.235179134106517,0.309956064805063,-0.0747769306985464,TANGENT_WIN,FULL4D_CML_MAX_SWEEPS_VALID,4421,8842,3.7166612
MC1_K2_N2_L4_SP0_P3_R01,0,P3,STAGE5_TOEPLITZ_CORRELATED,4,1,1,1,-98.3820468754884,-96.8703503344696,1.39809297473176e-12,0,1,0.524999999999999,0.383481606080309,0.14151839391969,TANGENT_LOSS,FULL4D_CML_MAX_SWEEPS_VALID,4458,8916,3.79761
MC1_K2_N2_L4_SP0_P3_R02,0,P3,STAGE5_TOEPLITZ_CORRELATED,4,2,1,1,-124.46907121393,-124.066496408401,1.76881188755729e-12,0,1,0.188745860881769,0.254580453021164,-0.0658345921393948,TANGENT_WIN,FULL4D_CML_MAX_SWEEPS_VALID,4302,8604,3.9501168
MC1_K2_N2_L4_SP0_P3_R03,0,P3,STAGE5_TOEPLITZ_CORRELATED,4,3,1,1,-107.957955356361,-107.955779903892,1.53417481891951e-12,0,1,0.682367203197808,0.643726539254365,0.0386406639434428,TANGENT_LOSS,FULL4D_CML_STATIONARY,557,1114,0.5021675
MC1_K2_N2_L4_SP0_P3_R04,0,P3,STAGE5_TOEPLITZ_CORRELATED,4,4,1,1,-104.086986569007,-99.2245413332453,1.47916504387534e-12,0,1,0.430842198490352,0.20733993759068,0.223502260899672,TANGENT_LOSS,FULL4D_CML_CONVERGED,2860,5720,2.8300114
MC1_K2_N2_L4_SP0_P3_R05,0,P3,STAGE5_TOEPLITZ_CORRELATED,4,5,1,1,-117.104345264312,-116.577436091931,1.66415283706999e-12,0,1,0.188350220660482,0.710544843360797,-0.522194622700315,TANGENT_WIN,FULL4D_CML_STATIONARY,3403,6806,2.937029
MC1_K2_N2_L4_SP0_P3_R06,0,P3,STAGE5_TOEPLITZ_CORRELATED,4,6,1,1,-131.899562241112,-129.70016475254,1.87440551600719e-12,0,1,0.515388203202207,0.192586709378913,0.322801493823294,TANGENT_LOSS,FULL4D_CML_CONVERGED,1518,3036,1.334032
MC1_K2_N2_L4_SP0_P3_R07,0,P3,STAGE5_TOEPLITZ_CORRELATED,4,7,1,1,-117.127512941218,-117.000702664843,1.66448206956059e-12,0,1,0.539096466321195,0.635789214105847,-0.0966927477846523,TANGENT_WIN,FULL4D_CML_STATIONARY,1528,3056,1.3315915
MC1_K2_N2_L4_SP0_P3_R08,0,P3,STAGE5_TOEPLITZ_CORRELATED,4,8,1,1,-119.700900670484,-118.583443354465,1.70105210870707e-12,0,1,0.275,0.304441544907503,-0.0294415449075033,TANGENT_WIN,FULL4D_CML_MAX_SWEEPS_VALID,4429,8858,4.0367175
MC1_K2_N2_L4_SP0_P3_R09,0,P3,STAGE5_TOEPLITZ_CORRELATED,4,9,1,1,-108.098542237921,-108.200123787177,1.53617267866822e-12,1,0,0.311159523790354,0.20945680414158,0.101702719648774,TANGENT_LOSS,FULL4D_CML_CONVERGED,2695,5390,2.333049
MC1_K2_N2_L4_SP0_P3_R10,0,P3,STAGE5_TOEPLITZ_CORRELATED,4,10,1,1,-126.020833104624,-124.64358788557,1.79086375033853e-12,0,1,0.0648214248784591,0.649472810631116,-0.584651385752657,TANGENT_WIN,FULL4D_CML_STATIONARY,1455,2910,1.2895027
MC1_K2_N2_L4_SP0_P4_R01,0,P4,STAGE5_TOEPLITZ_CORRELATED,4,1,1,1,-117.457904200525,-117.415722160439,1.66917721174578e-12,0,1,0.195522701251105,0.266843307528278,-0.0713206062771728,TANGENT_WIN,FULL4D_CML_STATIONARY,5064,10128,4.4837796
MC1_K2_N2_L4_SP0_P4_R02,0,P4,STAGE5_TOEPLITZ_CORRELATED,4,2,1,1,-112.542289513858,-112.734856008978,1.59932212559764e-12,1,0,0.271805142397285,0.228521843371433,0.0432832990258524,TANGENT_LOSS,FULL4D_CML_MAX_SWEEPS_VALID,5224,10448,4.4575913
MC1_K2_N2_L4_SP0_P4_R03,0,P4,STAGE5_TOEPLITZ_CORRELATED,4,3,1,1,-113.377073209242,-113.292693187485,1.61118511541136e-12,0,1,0.436872824030368,0.456402774818758,-0.0195299507883895,TANGENT_WIN,FULL4D_CML_CONVERGED,3012,6024,2.5580311
MC1_K2_N2_L4_SP0_P4_R04,0,P4,STAGE5_TOEPLITZ_CORRELATED,4,4,1,1,-115.426930559386,-115.364396986093,1.64031534040114e-12,0,1,0.0951931432528498,0.118892711324423,-0.0236995680715732,TANGENT_WIN,FULL4D_CML_MAX_SWEEPS_VALID,4400,8800,3.6996948
MC1_K2_N2_L4_SP0_P4_R05,0,P4,STAGE5_TOEPLITZ_CORRELATED,4,5,1,1,-125.730306951765,-123.985778512326,1.78673512538928e-12,0,1,0.430116263352131,0.197688418306805,0.232427845045326,TANGENT_LOSS,FULL4D_CML_CONVERGED,2938,5876,2.6041861
MC1_K2_N2_L4_SP0_P4_R06,0,P4,STAGE5_TOEPLITZ_CORRELATED,4,6,1,1,-104.864958448146,-104.683082589452,1.4902206892223e-12,0,1,0.607984095960307,0.590974808218775,0.0170092877415324,TANGENT_LOSS,FULL4D_CML_CONVERGED,2808,5616,3.4662679
MC1_K2_N2_L4_SP0_P4_R07,0,P4,STAGE5_TOEPLITZ_CORRELATED,4,7,1,1,-108.296533100754,-107.721775305765,1.53898629805488e-12,0,1,0.202133283692392,0.234336633398333,-0.0322033497059407,TANGENT_WIN,FULL4D_CML_CONVERGED,3193,6386,3.7431955
MC1_K2_N2_L4_SP0_P4_R08,0,P4,STAGE5_TOEPLITZ_CORRELATED,4,8,1,1,-124.504446012184,-124.504446012184,1.76931459367586e-12,0,1,0.495482114023243,0.495482114023243,3.88578058618805e-16,TIE,FULL4D_CML_STATIONARY,815,1630,0.9795053
MC1_K2_N2_L4_SP0_P4_R09,0,P4,STAGE5_TOEPLITZ_CORRELATED,4,9,1,1,-119.62039849234,-119.552341192532,1.69990810394921e-12,0,1,0.545828665597671,0.568180899153142,-0.0223522335554712,TANGENT_WIN,FULL4D_CML_STATIONARY,1334,2668,1.556959
MC1_K2_N2_L4_SP0_P4_R10,0,P4,STAGE5_TOEPLITZ_CORRELATED,4,10,1,1,-126.362724413541,-126.313813636093,1.79572231805794e-12,0,1,0.160273045255626,0.214130512146337,-0.0538574668907108,TANGENT_WIN,FULL4D_CML_MAX_SWEEPS_VALID,2539,5078,3.3210497
MC1_K2_N2_L4_SP10_P1_R01,10,P1,STAGE5_TOEPLITZ_CORRELATED,4,1,1,1,-109.387472721494,-108.062101724737,1.55448948250827e-12,0,1,0.150165085570158,0.192693410382721,-0.0425283248125628,TANGENT_WIN,FULL4D_CML_MAX_SWEEPS_VALID,5214,10428,4.2866769
MC1_K2_N2_L4_SP10_P1_R02,10,P1,STAGE5_TOEPLITZ_CORRELATED,4,2,1,1,-117.658192811889,-117.42626343508,1.67202348410298e-12,0,1,0.156522557164741,0.11782487350215,0.0386976836625907,TANGENT_LOSS,FULL4D_CML_MAX_SWEEPS_VALID,5208,10416,4.2894867
MC1_K2_N2_L4_SP10_P1_R03,10,P1,STAGE5_TOEPLITZ_CORRELATED,4,3,1,1,-126.649703005333,-126.563098366435,1.79980052913227e-12,0,1,0.0953562857925206,0.0952038923619784,0.000152393430542172,TANGENT_LOSS,FULL4D_CML_STATIONARY,3454,6908,2.8880111
MC1_K2_N2_L4_SP10_P1_R04,10,P1,STAGE5_TOEPLITZ_CORRELATED,4,4,1,1,-125.034597728473,-124.980295079948,1.77684850269306e-12,0,1,0.371008337180735,0.372346276445429,-0.00133793926469361,TANGENT_WIN,FULL4D_CML_MAX_SWEEPS_VALID,3728,7456,3.0356101
MC1_K2_N2_L4_SP10_P1_R05,10,P1,STAGE5_TOEPLITZ_CORRELATED,4,5,1,1,-122.760056877924,-122.477472994238,1.74452533312211e-12,0,1,0.0895282172410998,0.119646495828701,-0.0301182785876012,TANGENT_WIN,FULL4D_CML_CONVERGED,2014,4028,1.6536956
MC1_K2_N2_L4_SP10_P1_R06,10,P1,STAGE5_TOEPLITZ_CORRELATED,4,6,1,1,-103.994553500357,-103.644513885245,1.47785149096588e-12,0,1,0.0660694829448926,0.125184588806176,-0.0591151058612834,TANGENT_WIN,FULL4D_CML_MAX_SWEEPS_VALID,5225,10450,4.3381651
MC1_K2_N2_L4_SP10_P1_R07,10,P1,STAGE5_TOEPLITZ_CORRELATED,4,7,1,1,-113.990725768054,-113.039987257689,1.61990564277025e-12,0,1,0.511162201815044,0.467329190295204,0.0438330115198401,TANGENT_LOSS,FULL4D_CML_MAX_SWEEPS_VALID,2844,5688,2.333355
MC1_K2_N2_L4_SP10_P1_R08,10,P1,STAGE5_TOEPLITZ_CORRELATED,4,8,1,1,-120.635306875953,-120.540911494608,1.71433081953798e-12,0,1,0.237558377713811,0.214792101724499,0.0227662759893116,TANGENT_LOSS,FULL4D_CML_STATIONARY,1842,3684,1.6144329
MC1_K2_N2_L4_SP10_P1_R09,10,P1,STAGE5_TOEPLITZ_CORRELATED,4,9,1,1,-120.672068174815,-120.580099185966,1.71485322901525e-12,0,1,0.119467206541694,0.118497635973997,0.000969570567697156,TANGENT_LOSS,FULL4D_CML_CONVERGED,4523,9046,3.6822663
MC1_K2_N2_L4_SP10_P1_R10,10,P1,STAGE5_TOEPLITZ_CORRELATED,4,10,1,1,-126.623693967572,-126.371466458687,1.79943091847537e-12,0,1,0.420040453792272,0.417376856650716,0.00266359714155645,TANGENT_LOSS,FULL4D_CML_CONVERGED,1927,3854,1.6341398
MC1_K2_N2_L4_SP10_P2_R01,10,P2,STAGE5_TOEPLITZ_CORRELATED,4,1,1,1,-121.05959868245,-120.206372395172,1.72036036875696e-12,0,1,0.412310562561766,0.503216277718264,-0.0909057151564976,TANGENT_WIN,FULL4D_CML_MAX_SWEEPS_VALID,3398,6796,2.8480847
MC1_K2_N2_L4_SP10_P2_R02,10,P2,STAGE5_TOEPLITZ_CORRELATED,4,2,1,1,-110.575547615697,-110.617864420839,1.57137304222057e-12,1,0,0.189759777149546,0.262679081305457,-0.0729193041559115,TANGENT_WIN,FULL4D_CML_STATIONARY,3231,6462,3.1884416
MC1_K2_N2_L4_SP10_P2_R03,10,P2,STAGE5_TOEPLITZ_CORRELATED,4,3,1,1,-132.032947983594,-131.939882726499,1.87630104141468e-12,0,1,0.264575131106459,0.257526049330458,0.00704908177600067,TANGENT_LOSS,FULL4D_CML_STATIONARY,3349,6698,2.7776344
MC1_K2_N2_L4_SP10_P2_R04,10,P2,STAGE5_TOEPLITZ_CORRELATED,4,4,1,1,-90.9741139124463,-90.4685181004749,1.29281991565401e-12,0,1,0.499999999999999,0.514542399505707,-0.014542399505708,TANGENT_WIN,FULL4D_CML_MAX_SWEEPS_VALID,3432,6864,3.1906536
MC1_K2_N2_L4_SP10_P2_R05,10,P2,STAGE5_TOEPLITZ_CORRELATED,4,5,1,1,-118.557618046054,-118.420785934598,1.68480508543288e-12,0,1,0.21160880831153,0.240190947936876,-0.0285821396253461,TANGENT_WIN,FULL4D_CML_MAX_SWEEPS_VALID,4800,9600,4.0069143
MC1_K2_N2_L4_SP10_P2_R06,10,P2,STAGE5_TOEPLITZ_CORRELATED,4,6,1,1,-115.159677062861,-114.66933847044,1.6365174397899e-12,0,1,0.435889894354067,0.524412025923695,-0.0885221315696277,TANGENT_WIN,FULL4D_CML_CONVERGED,2212,4424,1.8460668
MC1_K2_N2_L4_SP10_P2_R07,10,P2,STAGE5_TOEPLITZ_CORRELATED,4,7,1,1,-119.093189389322,-119.064403025313,1.69241601198169e-12,0,1,0.173205080756888,0.180118497855933,-0.00691341709904467,TANGENT_WIN,FULL4D_CML_CONVERGED,4865,9730,4.0025409
MC1_K2_N2_L4_SP10_P2_R08,10,P2,STAGE5_TOEPLITZ_CORRELATED,4,8,1,1,-121.741128398286,-120.026488590468,1.7300454885328e-12,0,1,0.123744396811239,0.1917709951844,-0.0680265983731612,TANGENT_WIN,FULL4D_CML_MAX_SWEEPS_VALID,5311,10622,4.5989068
MC1_K2_N2_L4_SP10_P2_R09,10,P2,STAGE5_TOEPLITZ_CORRELATED,4,9,1,1,-117.064525568148,-116.975801221505,1.663586965153e-12,0,1,0.264575131106459,0.257712915580828,0.00686221552563071,TANGENT_LOSS,FULL4D_CML_MAX_SWEEPS_VALID,4693,9386,3.8480472
MC1_K2_N2_L4_SP10_P2_R10,10,P2,STAGE5_TOEPLITZ_CORRELATED,4,10,1,1,-113.950789810696,-113.535102720726,1.61933811868232e-12,0,1,0.109301056133162,0.174785359764953,-0.0654843036317911,TANGENT_WIN,FULL4D_CML_MAX_SWEEPS_VALID,5307,10614,4.3812223
MC1_K2_N2_L4_SP10_P3_R01,10,P3,STAGE5_TOEPLITZ_CORRELATED,4,1,1,1,-102.339059233038,-100.240124899863,1.45432550245116e-12,0,1,0.0917679477951424,0.218184371897854,-0.126416424102711,TANGENT_WIN,FULL4D_CML_MAX_SWEEPS_VALID,5228,10456,4.434101
MC1_K2_N2_L4_SP10_P3_R02,10,P3,STAGE5_TOEPLITZ_CORRELATED,4,2,1,1,-125.278311197485,-125.038108257852,1.78031187939332e-12,0,1,0.0467780661629842,0.230644246093037,-0.183866179930053,TANGENT_WIN,FULL4D_CML_MAX_SWEEPS_VALID,5205,10410,4.4868191
MC1_K2_N2_L4_SP10_P3_R03,10,P3,STAGE5_TOEPLITZ_CORRELATED,4,3,1,1,-107.917138316799,-107.849541530557,1.53359477390039e-12,0,1,0.413067791046457,0.312898174031242,0.100169617015215,TANGENT_LOSS,FULL4D_CML_MAX_SWEEPS_VALID,3255,6510,2.843681
MC1_K2_N2_L4_SP10_P3_R04,10,P3,STAGE5_TOEPLITZ_CORRELATED,4,4,1,1,-99.4646702184194,-99.4608301773274,1.41347797776944e-12,0,1,0.0459472666710988,0.030743789058694,0.0152034776124048,TANGENT_LOSS,FULL4D_CML_CONVERGED,4183,8366,4.3738669
MC1_K2_N2_L4_SP10_P3_R05,10,P3,STAGE5_TOEPLITZ_CORRELATED,4,5,1,1,-117.95106125217,-117.86231845711,1.67618539495848e-12,0,1,0.188745860881769,0.19205650039666,-0.00331063951489116,TANGENT_WIN,FULL4D_CML_MAX_SWEEPS_VALID,4684,9368,4.0154921
MC1_K2_N2_L4_SP10_P3_R06,10,P3,STAGE5_TOEPLITZ_CORRELATED,4,6,1,1,-130.732890370262,-129.018775927986,1.85782611155022e-12,0,1,0.430842198490352,0.240704999081696,0.190137199408656,TANGENT_LOSS,FULL4D_CML_MAX_SWEEPS_VALID,3122,6244,2.6938607
MC1_K2_N2_L4_SP10_P3_R07,10,P3,STAGE5_TOEPLITZ_CORRELATED,4,7,1,1,-117.420984168837,-117.083151039484,1.66865254653938e-12,0,1,0.101850608419838,0.533332434775795,-0.431481826355957,TANGENT_WIN,FULL4D_CML_CONVERGED,3528,7056,3.0530593
MC1_K2_N2_L4_SP10_P3_R08,10,P3,STAGE5_TOEPLITZ_CORRELATED,4,8,1,1,-120.116853142014,-118.490068355145,1.70696314884842e-12,0,1,0.0833166920366582,0.255708252798057,-0.172391560761399,TANGENT_WIN,FULL4D_CML_MAX_SWEEPS_VALID,5328,10656,4.6846214
MC1_K2_N2_L4_SP10_P3_R09,10,P3,STAGE5_TOEPLITZ_CORRELATED,4,9,1,1,-108.803576663732,-108.720784244735,1.54619182046264e-12,0,1,0.14524044553842,0.166791081532383,-0.0215506359939635,TANGENT_WIN,FULL4D_CML_STATIONARY,2402,4804,2.0985874
MC1_K2_N2_L4_SP10_P3_R10,10,P3,STAGE5_TOEPLITZ_CORRELATED,4,10,1,1,-125.914683842733,-125.183095207067,1.78935527859967e-12,0,1,0.0496230262128036,0.423117818867272,-0.373494792654469,TANGENT_WIN,FULL4D_CML_MAX_SWEEPS_VALID,3935,7870,3.4761319
MC1_K2_N2_L4_SP10_P4_R01,10,P4,STAGE5_TOEPLITZ_CORRELATED,4,1,1,1,-118.097819517837,-117.452652448507,1.67827095535013e-12,0,1,0.397402732990268,0.401274815787294,-0.0038720827970255,TANGENT_WIN,FULL4D_CML_MAX_SWEEPS_VALID,4737,9474,4.1129059
MC1_K2_N2_L4_SP10_P4_R02,10,P4,STAGE5_TOEPLITZ_CORRELATED,4,2,1,1,-112.302455300601,-111.960796298137,1.59591387643731e-12,0,1,0.094141382713074,0.194764863879956,-0.100623481166882,TANGENT_WIN,FULL4D_CML_MAX_SWEEPS_VALID,4410,8820,3.9382882
MC1_K2_N2_L4_SP10_P4_R03,10,P4,STAGE5_TOEPLITZ_CORRELATED,4,3,1,1,-113.692738739298,-113.350391921394,1.61567099239758e-12,0,1,0.266191405526679,0.450752683422998,-0.184561277896319,TANGENT_WIN,FULL4D_CML_MAX_SWEEPS_VALID,5013,10026,4.1490569
MC1_K2_N2_L4_SP10_P4_R04,10,P4,STAGE5_TOEPLITZ_CORRELATED,4,4,1,1,-115.383996016069,-115.239199295293,1.6397052038438e-12,0,1,0.0836239561820764,0.110472866518982,-0.0268489103369053,TANGENT_WIN,FULL4D_CML_MAX_SWEEPS_VALID,5167,10334,4.2669149
MC1_K2_N2_L4_SP10_P4_R05,10,P4,STAGE5_TOEPLITZ_CORRELATED,4,5,1,1,-124.62707862273,-124.16924349517,1.77105730788767e-12,0,1,0.123895714635722,0.156033527428311,-0.0321378127925893,TANGENT_WIN,FULL4D_CML_MAX_SWEEPS_VALID,4791,9582,4.1399272
MC1_K2_N2_L4_SP10_P4_R06,10,P4,STAGE5_TOEPLITZ_CORRELATED,4,6,1,1,-103.941696104575,-103.813126874893,1.47710034219379e-12,0,1,0.468662630194336,0.440053241502628,0.0286093886917075,TANGENT_LOSS,FULL4D_CML_CONVERGED,2678,5356,3.321514
MC1_K2_N2_L4_SP10_P4_R07,10,P4,STAGE5_TOEPLITZ_CORRELATED,4,7,1,1,-110.491368660271,-110.257901914276,1.57017678731493e-12,0,1,0.12260559968639,0.190655601904109,-0.0680500022177194,TANGENT_WIN,FULL4D_CML_CONVERGED,4343,8686,5.1174624
MC1_K2_N2_L4_SP10_P4_R08,10,P4,STAGE5_TOEPLITZ_CORRELATED,4,8,1,1,-124.711090537342,-123.243347315684,1.77225118900057e-12,0,1,0.141363293955992,0.359804632146918,-0.218441338190926,TANGENT_WIN,FULL4D_CML_STATIONARY,1400,2800,1.9044181
MC1_K2_N2_L4_SP10_P4_R09,10,P4,STAGE5_TOEPLITZ_CORRELATED,4,9,1,1,-119.720815059897,-119.573951321837,1.70133510920176e-12,0,1,0.476146751277941,0.490195961510593,-0.0140492102326517,TANGENT_WIN,FULL4D_CML_MAX_SWEEPS_VALID,2964,5928,3.417174
MC1_K2_N2_L4_SP10_P4_R10,10,P4,STAGE5_TOEPLITZ_CORRELATED,4,10,1,1,-126.194705802306,-126.132960819631,1.79333462998423e-12,0,1,0.110736906111852,0.180974160554224,-0.0702372544423721,TANGENT_WIN,FULL4D_CML_CONVERGED,4522,9044,5.4895981
MC1_K2_N2_L4_SP14_P1_R01,14,P1,STAGE5_TOEPLITZ_CORRELATED,4,1,1,1,-109.231998993721,-107.993565474881,1.55228006795086e-12,0,1,0.14982940863129,0.163975866286162,-0.0141464576548719,TANGENT_WIN,FULL4D_CML_MAX_SWEEPS_VALID,5190,10380,4.3915203
MC1_K2_N2_L4_SP14_P1_R02,14,P1,STAGE5_TOEPLITZ_CORRELATED,4,2,1,1,-118.116900303844,-118.065042803339,1.67854210962793e-12,0,1,0.0472998148852639,0.057404208196455,-0.0101043933111911,TANGENT_WIN,FULL4D_CML_MAX_SWEEPS_VALID,4976,9952,4.1292287
MC1_K2_N2_L4_SP14_P1_R03,14,P1,STAGE5_TOEPLITZ_CORRELATED,4,3,1,1,-127.250603247415,-127.247969521111,1.80833983517083e-12,0,1,0.059963963590005,0.0569751725097449,0.0029887910802601,TANGENT_LOSS,FULL4D_CML_MAX_SWEEPS_VALID,4986,9972,4.125523
MC1_K2_N2_L4_SP14_P1_R04,14,P1,STAGE5_TOEPLITZ_CORRELATED,4,4,1,1,-125.578049728924,-125.27443399436,1.78457142011615e-12,0,1,0.0358430733032915,0.141317333945475,-0.105474260642183,TANGENT_WIN,FULL4D_CML_MAX_SWEEPS_VALID,5020,10040,4.1458959
MC1_K2_N2_L4_SP14_P1_R05,14,P1,STAGE5_TOEPLITZ_CORRELATED,4,5,1,1,-122.734769566367,-122.225937346971,1.74416597881144e-12,0,1,0.0676831319767644,0.117710721908116,-0.0500275899313518,TANGENT_WIN,FULL4D_CML_CONVERGED,2355,4710,1.9499192
MC1_K2_N2_L4_SP14_P1_R06,14,P1,STAGE5_TOEPLITZ_CORRELATED,4,6,1,1,-104.330561238218,-104.110148199135,1.4826264481118e-12,0,1,0.0448014693755632,0.107497292614648,-0.0626958232390849,TANGENT_WIN,FULL4D_CML_CONVERGED,4533,9066,3.7438938
MC1_K2_N2_L4_SP14_P1_R07,14,P1,STAGE5_TOEPLITZ_CORRELATED,4,7,1,1,-115.050730745739,-115.043139394365,1.63496921950552e-12,0,1,0.0620775995454723,0.0690145450886602,-0.00693694554318791,TANGENT_WIN,FULL4D_CML_MAX_SWEEPS_VALID,4365,8730,3.7732929
MC1_K2_N2_L4_SP14_P1_R08,14,P1,STAGE5_TOEPLITZ_CORRELATED,4,8,1,1,-120.435351326256,-120.343973889873,1.71148928027173e-12,0,1,0.134476963886206,0.156435401294656,-0.0219584374084501,TANGENT_WIN,FULL4D_CML_CONVERGED,2893,5786,2.3954297
MC1_K2_N2_L4_SP14_P1_R09,14,P1,STAGE5_TOEPLITZ_CORRELATED,4,9,1,1,-120.514149689268,-120.419692513408,1.71260907236029e-12,0,1,0.116271313881638,0.114152287669239,0.00211902621239907,TANGENT_LOSS,FULL4D_CML_STATIONARY,4463,8926,3.6505867
MC1_K2_N2_L4_SP14_P1_R10,14,P1,STAGE5_TOEPLITZ_CORRELATED,4,10,1,1,-127.685446215919,-127.601504157875,1.81451932542016e-12,0,1,0.135419643537306,0.14277932606348,-0.00735968252617375,TANGENT_WIN,FULL4D_CML_CONVERGED,4016,8032,3.2931709
MC1_K2_N2_L4_SP14_P2_R01,14,P2,STAGE5_TOEPLITZ_CORRELATED,4,1,1,1,-121.101059439146,-120.250813686441,1.72094956154675e-12,0,1,0.3,0.478862518851244,-0.178862518851244,TANGENT_WIN,FULL4D_CML_MAX_SWEEPS_VALID,3841,7682,3.2232477
MC1_K2_N2_L4_SP14_P2_R02,14,P2,STAGE5_TOEPLITZ_CORRELATED,4,2,1,1,-110.475565375244,-110.327955737197,1.56995220912739e-12,0,1,0.195876329291986,0.179112655573495,0.0167636737184907,TANGENT_LOSS,FULL4D_CML_CONVERGED,4852,9704,4.2356365
MC1_K2_N2_L4_SP14_P2_R03,14,P2,STAGE5_TOEPLITZ_CORRELATED,4,3,1,1,-132.060618927239,-131.788838694442,1.87669426917465e-12,0,1,0.264575131106459,0.255616191752087,0.00895893935437236,TANGENT_LOSS,FULL4D_CML_MAX_SWEEPS_VALID,4852,9704,4.0673389
MC1_K2_N2_L4_SP14_P2_R04,14,P2,STAGE5_TOEPLITZ_CORRELATED,4,4,1,1,-90.3308565166451,-89.6634339700689,1.2836786782578e-12,0,1,0.499999999999999,0.514931520213868,-0.0149315202138689,TANGENT_WIN,FULL4D_CML_MAX_SWEEPS_VALID,3072,6144,2.6620755
MC1_K2_N2_L4_SP14_P2_R05,14,P2,STAGE5_TOEPLITZ_CORRELATED,4,5,1,1,-118.842614972271,-119.041018054372,1.68885513534563e-12,1,0,0.138116376017801,0.247838627097258,-0.109722251079457,TANGENT_WIN,FULL4D_CML_MAX_SWEEPS_VALID,5122,10244,4.2844126
MC1_K2_N2_L4_SP14_P2_R06,14,P2,STAGE5_TOEPLITZ_CORRELATED,4,6,1,1,-116.056697427163,-114.480258168124,1.64926486586357e-12,0,1,0.33166247903554,0.382376929178765,-0.0507144501432248,TANGENT_WIN,FULL4D_CML_CONVERGED,1279,2558,1.1064048
MC1_K2_N2_L4_SP14_P2_R07,14,P2,STAGE5_TOEPLITZ_CORRELATED,4,7,1,1,-118.724303991102,-118.56836908967,1.68717383518103e-12,0,1,0.264575131106459,0.206752752364484,0.0578223787419746,TANGENT_LOSS,FULL4D_CML_MAX_SWEEPS_VALID,4345,8690,3.6755396
MC1_K2_N2_L4_SP14_P2_R08,14,P2,STAGE5_TOEPLITZ_CORRELATED,4,8,1,1,-122.672132122277,-120.878685480938,1.74327584719374e-12,0,1,0.116286985647311,0.267177452642328,-0.150890466995017,TANGENT_WIN,FULL4D_CML_MAX_SWEEPS_VALID,5335,10670,4.3883944
MC1_K2_N2_L4_SP14_P2_R09,14,P2,STAGE5_TOEPLITZ_CORRELATED,4,9,1,1,-117.466773747714,-117.226358122242,1.66930325559227e-12,0,1,0.264575131106459,0.255837534362817,0.00873759674364177,TANGENT_LOSS,FULL4D_CML_MAX_SWEEPS_VALID,2524,5048,2.1195671
MC1_K2_N2_L4_SP14_P2_R10,14,P2,STAGE5_TOEPLITZ_CORRELATED,4,10,1,1,-114.736034245494,-113.533959935263,1.63049711326116e-12,0,1,0.10304390332543,0.2441475001805,-0.14110359685507,TANGENT_WIN,FULL4D_CML_MAX_SWEEPS_VALID,4494,8988,3.7701221
MC1_K2_N2_L4_SP14_P3_R01,14,P3,STAGE5_TOEPLITZ_CORRELATED,4,1,1,1,-103.066971069933,-101.859220502829,1.46466975181075e-12,0,1,0.0828526004818411,0.210469772229217,-0.127617171747376,TANGENT_WIN,FULL4D_CML_MAX_SWEEPS_VALID,5194,10388,4.3084177
MC1_K2_N2_L4_SP14_P3_R02,14,P3,STAGE5_TOEPLITZ_CORRELATED,4,2,1,1,-125.669426658438,-125.605663702117,1.7858699643858e-12,0,1,0.029301034570163,0.160142590231357,-0.130841555661194,TANGENT_WIN,FULL4D_CML_MAX_SWEEPS_VALID,2961,5922,2.6142606
MC1_K2_N2_L4_SP14_P3_R03,14,P3,STAGE5_TOEPLITZ_CORRELATED,4,3,1,1,-109.034727965957,-109.016684441989,1.54947667803579e-12,0,1,0.113374121287487,0.511180324699903,-0.397806203412416,TANGENT_WIN,FULL4D_CML_STATIONARY,3903,7806,3.3302054
MC1_K2_N2_L4_SP14_P3_R04,14,P3,STAGE5_TOEPLITZ_CORRELATED,4,4,1,1,-99.4010328902362,-99.4043525214274,1.41257363694416e-12,1,0,0.0291262235044264,0.0306512492931856,-0.00152502578875919,TANGENT_WIN,FULL4D_CML_CONVERGED,4152,8304,3.5896322
MC1_K2_N2_L4_SP14_P3_R05,14,P3,STAGE5_TOEPLITZ_CORRELATED,4,5,1,1,-118.650535276772,-118.38820333898,1.68612551869916e-12,0,1,0.0491812116468179,0.165400613399259,-0.116219401752441,TANGENT_WIN,FULL4D_CML_MAX_SWEEPS_VALID,5064,10128,4.387968
MC1_K2_N2_L4_SP14_P3_R06,14,P3,STAGE5_TOEPLITZ_CORRELATED,4,6,1,1,-129.335682528203,-128.689337558381,1.83797059389978e-12,0,1,0.0978667344328698,0.230782308977309,-0.132915574544439,TANGENT_WIN,FULL4D_CML_MAX_SWEEPS_VALID,4914,9828,4.2962583
MC1_K2_N2_L4_SP14_P3_R07,14,P3,STAGE5_TOEPLITZ_CORRELATED,4,7,1,1,-117.460977942658,-117.440896557903,1.66922089224866e-12,0,1,0.0862984668034785,0.0509126622767969,0.0353858045266816,TANGENT_LOSS,FULL4D_CML_MAX_SWEEPS_VALID,5194,10388,4.557509
MC1_K2_N2_L4_SP14_P3_R08,14,P3,STAGE5_TOEPLITZ_CORRELATED,4,8,1,1,-120.174609962206,-118.176706226163,1.70778392262898e-12,0,1,0.0783813363701739,0.255599183768278,-0.177217847398104,TANGENT_WIN,FULL4D_CML_MAX_SWEEPS_VALID,5258,10516,4.5386758
MC1_K2_N2_L4_SP14_P3_R09,14,P3,STAGE5_TOEPLITZ_CORRELATED,4,9,1,1,-109.112098057156,-108.960983512983,1.55057617316112e-12,0,1,0.0959059254400985,0.163115103925344,-0.0672091784852453,TANGENT_WIN,FULL4D_CML_CONVERGED,3535,7070,3.2260945
MC1_K2_N2_L4_SP14_P3_R10,14,P3,STAGE5_TOEPLITZ_CORRELATED,4,10,1,1,-125.856684707813,-125.248782354195,1.78853106131972e-12,0,1,0.0447602248970381,0.40110302634362,-0.356342801446582,TANGENT_WIN,FULL4D_CML_MAX_SWEEPS_VALID,3900,7800,3.3832047
MC1_K2_N2_L4_SP14_P4_R01,14,P4,STAGE5_TOEPLITZ_CORRELATED,4,1,1,1,-117.637323689818,-117.303494532397,1.67172691604119e-12,0,1,0.397402732990268,0.352972657085049,0.0444300759052194,TANGENT_LOSS,FULL4D_CML_MAX_SWEEPS_VALID,4722,9444,4.2785857
MC1_K2_N2_L4_SP14_P4_R02,14,P4,STAGE5_TOEPLITZ_CORRELATED,4,2,1,1,-112.823268040421,-112.54440492378,1.60331507061672e-12,0,1,0.0656233880842725,0.157109212645953,-0.0914858245616802,TANGENT_WIN,FULL4D_CML_MAX_SWEEPS_VALID,4433,8866,3.740301
MC1_K2_N2_L4_SP14_P4_R03,14,P4,STAGE5_TOEPLITZ_CORRELATED,4,3,1,1,-113.880348785823,-113.394796632639,1.61833709151186e-12,0,1,0.266191405526679,0.363238312764926,-0.0970469072382473,TANGENT_WIN,FULL4D_CML_MAX_SWEEPS_VALID,4925,9850,4.0894865
MC1_K2_N2_L4_SP14_P4_R04,14,P4,STAGE5_TOEPLITZ_CORRELATED,4,4,1,1,-115.348669059204,-115.20212384374,1.63920317759226e-12,0,1,0.0845905381873394,0.11023489953901,-0.0256443613516703,TANGENT_WIN,FULL4D_CML_MAX_SWEEPS_VALID,5076,10152,4.5064481
MC1_K2_N2_L4_SP14_P4_R05,14,P4,STAGE5_TOEPLITZ_CORRELATED,4,5,1,1,-124.640855567268,-124.2714398686,1.77125309004492e-12,0,1,0.0920424486739683,0.176419692681166,-0.0843772440071979,TANGENT_WIN,FULL4D_CML_MAX_SWEEPS_VALID,4946,9892,5.7856503
MC1_K2_N2_L4_SP14_P4_R06,14,P4,STAGE5_TOEPLITZ_CORRELATED,4,6,1,1,-105.010364276239,-104.27319180002,1.49228703032007e-12,0,1,0.341636837522738,0.35832802263353,-0.016691185110792,TANGENT_WIN,FULL4D_CML_CONVERGED,2919,5838,3.497491
MC1_K2_N2_L4_SP14_P4_R07,14,P4,STAGE5_TOEPLITZ_CORRELATED,4,7,1,1,-111.973690984397,-111.162807293879,1.59124185450419e-12,0,1,0.116791617618137,0.17952540340621,-0.062733785788073,TANGENT_WIN,FULL4D_CML_MAX_SWEEPS_VALID,4979,9958,5.8176556
MC1_K2_N2_L4_SP14_P4_R08,14,P4,STAGE5_TOEPLITZ_CORRELATED,4,8,1,1,-124.303363711707,-122.659737809744,1.76645704231798e-12,0,1,0.134183476330116,0.301561985757482,-0.167378509427366,TANGENT_WIN,FULL4D_CML_CONVERGED,3254,6508,3.8067693
MC1_K2_N2_L4_SP14_P4_R09,14,P4,STAGE5_TOEPLITZ_CORRELATED,4,9,1,1,-119.769316176662,-119.614776494156,1.70202435152564e-12,0,1,0.341636837522738,0.473299422247642,-0.131662584724904,TANGENT_WIN,FULL4D_CML_STATIONARY,2828,5656,3.540566
MC1_K2_N2_L4_SP14_P4_R10,14,P4,STAGE5_TOEPLITZ_CORRELATED,4,10,1,1,-126.095735827696,-126.061233315208,1.79192818205388e-12,0,1,0.106656602976209,0.151115306857691,-0.0444587038814824,TANGENT_WIN,FULL4D_CML_MAX_SWEEPS_VALID,5067,10134,6.4905672
MC1_K2_N2_L4_SP18_P1_R01,18,P1,STAGE5_TOEPLITZ_CORRELATED,4,1,1,1,-109.015475405129,-107.901025556444,1.54920308269097e-12,0,1,0.149639639463545,0.152895542092054,-0.00325590262850886,TANGENT_WIN,FULL4D_CML_MAX_SWEEPS_VALID,5126,10252,4.2937988
MC1_K2_N2_L4_SP18_P1_R02,18,P1,STAGE5_TOEPLITZ_CORRELATED,4,2,1,1,-118.315860539084,-118.279358584656,1.68136950462502e-12,0,1,0.0465141400074614,0.0512103117362889,-0.00469617172882753,TANGENT_WIN,FULL4D_CML_MAX_SWEEPS_VALID,4987,9974,4.135995
MC1_K2_N2_L4_SP18_P1_R03,18,P1,STAGE5_TOEPLITZ_CORRELATED,4,3,1,1,-127.599099253286,-127.620293014364,1.81329226127909e-12,1,0,0.0343912491380918,0.0323320751586662,0.00205917397942564,TANGENT_LOSS,FULL4D_CML_MAX_SWEEPS_VALID,5015,10030,4.1882874
MC1_K2_N2_L4_SP18_P1_R04,18,P1,STAGE5_TOEPLITZ_CORRELATED,4,4,1,1,-125.633161777321,-125.297605325036,1.78535460942898e-12,0,1,0.0189282187124971,0.108733656442685,-0.0898054377301882,TANGENT_WIN,FULL4D_CML_MAX_SWEEPS_VALID,4959,9918,4.1197933
MC1_K2_N2_L4_SP18_P1_R05,18,P1,STAGE5_TOEPLITZ_CORRELATED,4,5,1,1,-122.56166764281,-122.036525141824,1.74170605252485e-12,0,1,0.0731945271460476,0.11855898534369,-0.0453644581976421,TANGENT_WIN,FULL4D_CML_STATIONARY,3059,6118,2.6532345
MC1_K2_N2_L4_SP18_P1_R06,18,P1,STAGE5_TOEPLITZ_CORRELATED,4,6,1,1,-104.393906905447,-104.13681607043,1.48352664418563e-12,0,1,0.0334686015916784,0.0938236412280213,-0.0603550396363429,TANGENT_WIN,FULL4D_CML_MAX_SWEEPS_VALID,4931,9862,4.1087521
MC1_K2_N2_L4_SP18_P1_R07,18,P1,STAGE5_TOEPLITZ_CORRELATED,4,7,1,1,-115.046956644888,-115.045287435508,1.63491558630665e-12,0,1,0.0369144172458578,0.0431486921307163,-0.00623427488485852,TANGENT_WIN,FULL4D_CML_MAX_SWEEPS_VALID,4942,9884,4.120571
MC1_K2_N2_L4_SP18_P1_R08,18,P1,STAGE5_TOEPLITZ_CORRELATED,4,8,1,1,-120.166874541181,-120.134386058164,1.70767399568463e-12,0,1,0.131160189537135,0.131530390375225,-0.000370200838089529,TANGENT_WIN,FULL4D_CML_STATIONARY,4192,8384,3.4769916
MC1_K2_N2_L4_SP18_P1_R09,18,P1,STAGE5_TOEPLITZ_CORRELATED,4,9,1,1,-120.438066893333,-120.35458683,1.71152787080094e-12,0,1,0.0871665480179789,0.0964231678157245,-0.0092566197977456,TANGENT_WIN,FULL4D_CML_MAX_SWEEPS_VALID,4958,9916,4.1452689
MC1_K2_N2_L4_SP18_P1_R10,18,P1,STAGE5_TOEPLITZ_CORRELATED,4,10,1,1,-127.791001703107,-127.64009126086,1.81601935911299e-12,0,1,0.0906931019675376,0.104137746173392,-0.013444644205854,TANGENT_WIN,FULL4D_CML_MAX_SWEEPS_VALID,5023,10046,4.1986934
MC1_K2_N2_L4_SP18_P2_R01,18,P2,STAGE5_TOEPLITZ_CORRELATED,4,1,1,1,-121.366432795171,-120.800643536507,1.7247207437545e-12,0,1,0.223606797749979,0.409827825359447,-0.186221027609468,TANGENT_WIN,FULL4D_CML_MAX_SWEEPS_VALID,4201,8402,3.5743873
MC1_K2_N2_L4_SP18_P2_R02,18,P2,STAGE5_TOEPLITZ_CORRELATED,4,2,1,1,-110.630980873162,-110.2813442767,1.5721607961888e-12,0,1,0.146857128636217,0.196595721673134,-0.0497385930369174,TANGENT_WIN,FULL4D_CML_MAX_SWEEPS_VALID,4898,9796,4.0999382
MC1_K2_N2_L4_SP18_P2_R03,18,P2,STAGE5_TOEPLITZ_CORRELATED,4,3,1,1,-132.446732981656,-131.585151535275,1.88218127990547e-12,0,1,0.223606797749979,0.221673519663796,0.00193327808618285,TANGENT_LOSS,FULL4D_CML_MAX_SWEEPS_VALID,4701,9402,3.9554181
MC1_K2_N2_L4_SP18_P2_R04,18,P2,STAGE5_TOEPLITZ_CORRELATED,4,4,1,1,-89.6926322698881,-88.7952347516643,1.27460896621142e-12,0,1,0.499999999999999,0.513392246443128,-0.0133922464431292,TANGENT_WIN,FULL4D_CML_MAX_SWEEPS_VALID,3369,6738,2.8197302
MC1_K2_N2_L4_SP18_P2_R05,18,P2,STAGE5_TOEPLITZ_CORRELATED,4,5,1,1,-119.02910837754,-119.422873653916,1.69150536603325e-12,1,0,0.0871528530890094,0.393574932751428,-0.306422079662419,TANGENT_WIN,FULL4D_CML_MAX_SWEEPS_VALID,4254,8508,3.6122361
MC1_K2_N2_L4_SP18_P2_R06,18,P2,STAGE5_TOEPLITZ_CORRELATED,4,6,1,1,-116.00163379456,-114.542596919712,1.64848236458056e-12,0,1,0.239311784857775,0.288682240184057,-0.0493704553262816,TANGENT_WIN,FULL4D_CML_STATIONARY,2111,4222,1.7606628
MC1_K2_N2_L4_SP18_P2_R07,18,P2,STAGE5_TOEPLITZ_CORRELATED,4,7,1,1,-118.662674982049,-118.173959776645,1.68629803428713e-12,0,1,0.0962974987117412,0.222995259891315,-0.126697761179574,TANGENT_WIN,FULL4D_CML_MAX_SWEEPS_VALID,4086,8172,3.6276346
MC1_K2_N2_L4_SP18_P2_R08,18,P2,STAGE5_TOEPLITZ_CORRELATED,4,8,1,1,-121.902734889225,-121.85730370838,1.73234205489656e-12,0,1,0.264575131106459,0.267137044783713,-0.00256191367725411,TANGENT_WIN,FULL4D_CML_MAX_SWEEPS_VALID,4452,8904,3.7112333
MC1_K2_N2_L4_SP18_P2_R09,18,P2,STAGE5_TOEPLITZ_CORRELATED,4,9,1,1,-118.308908968885,-117.632776629341,1.68127071687088e-12,0,1,0.07050721945439,0.236000134827732,-0.165492915373342,TANGENT_WIN,FULL4D_CML_MAX_SWEEPS_VALID,2717,5434,2.3091104
MC1_K2_N2_L4_SP18_P2_R10,18,P2,STAGE5_TOEPLITZ_CORRELATED,4,10,1,1,-116.394159428513,-113.512847611631,1.65406048933666e-12,0,1,0.104159049189678,0.304208695229276,-0.200049646039598,TANGENT_WIN,FULL4D_CML_MAX_SWEEPS_VALID,4186,8372,3.6514746
MC1_K2_N2_L4_SP18_P3_R01,18,P3,STAGE5_TOEPLITZ_CORRELATED,4,1,1,1,-103.441963001611,-103.036381186921,1.46999870767119e-12,0,1,0.0779459069751001,0.0813658094187128,-0.0034199024436127,TANGENT_WIN,FULL4D_CML_MAX_SWEEPS_VALID,3382,6764,3.0208487
MC1_K2_N2_L4_SP18_P3_R02,18,P3,STAGE5_TOEPLITZ_CORRELATED,4,2,1,1,-125.567052477642,-125.506309673548,1.78441513977592e-12,0,1,0.0278756580688957,0.160386655682479,-0.132510997613583,TANGENT_WIN,FULL4D_CML_MAX_SWEEPS_VALID,3723,7446,3.2847347
MC1_K2_N2_L4_SP18_P3_R03,18,P3,STAGE5_TOEPLITZ_CORRELATED,4,3,1,1,-110.797969171368,-110.820946072564,1.57453384263374e-12,1,0,0.0893340475911445,0.136259805645132,-0.0469257580539872,TANGENT_WIN,FULL4D_CML_MAX_SWEEPS_VALID,5078,10156,4.4346108
MC1_K2_N2_L4_SP18_P3_R04,18,P3,STAGE5_TOEPLITZ_CORRELATED,4,4,1,1,-99.332957771968,-99.3354478333486,1.41160623132873e-12,1,0,0.0258933959689594,0.0275794764034291,-0.00168608043446973,TANGENT_WIN,FULL4D_CML_MAX_SWEEPS_VALID,5182,10364,5.3860394
MC1_K2_N2_L4_SP18_P3_R05,18,P3,STAGE5_TOEPLITZ_CORRELATED,4,5,1,1,-118.9770500249,-118.754035128009,1.69076557234717e-12,0,1,0.0360063278291365,0.161412500423314,-0.125406172594178,TANGENT_WIN,FULL4D_CML_MAX_SWEEPS_VALID,5263,10526,4.5372156
MC1_K2_N2_L4_SP18_P3_R06,18,P3,STAGE5_TOEPLITZ_CORRELATED,4,6,1,1,-129.265908198095,-128.451052349614,1.83697904103177e-12,0,1,0.061625382460859,0.223123800613507,-0.161498418152648,TANGENT_WIN,FULL4D_CML_MAX_SWEEPS_VALID,5073,10146,4.6052311
MC1_K2_N2_L4_SP18_P3_R07,18,P3,STAGE5_TOEPLITZ_CORRELATED,4,7,1,1,-117.509812902164,-117.45812021563,1.66991487876322e-12,0,1,0.0793443543985975,0.0531516531428664,0.0261927012557311,TANGENT_LOSS,FULL4D_CML_MAX_SWEEPS_VALID,5137,10274,4.4159746
MC1_K2_N2_L4_SP18_P3_R08,18,P3,STAGE5_TOEPLITZ_CORRELATED,4,8,1,1,-120.235661150795,-118.194905143481,1.70865151220021e-12,0,1,0.076138896891877,0.257284012918087,-0.18114511602621,TANGENT_WIN,FULL4D_CML_MAX_SWEEPS_VALID,5080,10160,4.414393
MC1_K2_N2_L4_SP18_P3_R09,18,P3,STAGE5_TOEPLITZ_CORRELATED,4,9,1,1,-109.301837304052,-109.276608675629,1.55327253003253e-12,0,1,0.0667652483259006,0.161361838246132,-0.0945965899202316,TANGENT_WIN,FULL4D_CML_STATIONARY,3223,6446,2.7862189
MC1_K2_N2_L4_SP18_P3_R10,18,P3,STAGE5_TOEPLITZ_CORRELATED,4,10,1,1,-125.794666191893,-125.570116077206,1.78764972520032e-12,0,1,0.0392949710927864,0.388376502050962,-0.349081530958175,TANGENT_WIN,FULL4D_CML_MAX_SWEEPS_VALID,3851,7702,3.3261563
MC1_K2_N2_L4_SP18_P4_R01,18,P4,STAGE5_TOEPLITZ_CORRELATED,4,1,1,1,-117.374658907256,-117.356869866292,1.66799422497741e-12,0,1,0.397402732990268,0.391140073289976,0.00626265970029211,TANGENT_LOSS,FULL4D_CML_MAX_SWEEPS_VALID,5011,10022,4.8560354
MC1_K2_N2_L4_SP18_P4_R02,18,P4,STAGE5_TOEPLITZ_CORRELATED,4,2,1,1,-114.469713584101,-114.241024874931,1.62671246903444e-12,0,1,0.053236503129476,0.122673562882288,-0.0694370597528117,TANGENT_WIN,FULL4D_CML_MAX_SWEEPS_VALID,5223,10446,4.3366451
MC1_K2_N2_L4_SP18_P4_R03,18,P4,STAGE5_TOEPLITZ_CORRELATED,4,3,1,1,-114.71576195176,-113.438806137556,1.63020902664016e-12,0,1,0.0655980199825749,0.373891497185593,-0.308293477203018,TANGENT_WIN,FULL4D_CML_MAX_SWEEPS_VALID,4912,9824,4.0564238
MC1_K2_N2_L4_SP18_P4_R04,18,P4,STAGE5_TOEPLITZ_CORRELATED,4,4,1,1,-115.313743807475,-115.173521325836,1.63870685991405e-12,0,1,0.0857446737881585,0.112149398003134,-0.0264047242149752,TANGENT_WIN,FULL4D_CML_MAX_SWEEPS_VALID,5043,10086,5.855417
MC1_K2_N2_L4_SP18_P4_R05,18,P4,STAGE5_TOEPLITZ_CORRELATED,4,5,1,1,-124.732580075931,-124.397510680301,1.77255657371136e-12,0,1,0.083923019708537,0.168034147971368,-0.0841111282628307,TANGENT_WIN,FULL4D_CML_MAX_SWEEPS_VALID,4903,9806,5.7002751
MC1_K2_N2_L4_SP18_P4_R06,18,P4,STAGE5_TOEPLITZ_CORRELATED,4,6,1,1,-105.70301958974,-105.445270376936,1.50213025434795e-12,0,1,0.0866084222667704,0.199756004414306,-0.113147582147535,TANGENT_WIN,FULL4D_CML_MAX_SWEEPS_VALID,4748,9496,6.0959141
MC1_K2_N2_L4_SP18_P4_R07,18,P4,STAGE5_TOEPLITZ_CORRELATED,4,7,1,1,-112.646025857011,-111.130376417813,1.60079630769887e-12,0,1,0.111504297589587,0.191672060452795,-0.0801677628632084,TANGENT_WIN,FULL4D_CML_MAX_SWEEPS_VALID,4986,9972,6.0894742
MC1_K2_N2_L4_SP18_P4_R08,18,P4,STAGE5_TOEPLITZ_CORRELATED,4,8,1,1,-123.63003566886,-122.050449111677,1.75688847532541e-12,0,1,0.13305196221361,0.25458461968808,-0.12153265747447,TANGENT_WIN,FULL4D_CML_CONVERGED,4348,8696,5.091107
MC1_K2_N2_L4_SP18_P4_R09,18,P4,STAGE5_TOEPLITZ_CORRELATED,4,9,1,1,-119.737399481808,-119.677491759721,1.70157078801208e-12,0,1,0.341636837522738,0.315131190686472,0.0265056468362664,TANGENT_LOSS,FULL4D_CML_MAX_SWEEPS_VALID,4593,9186,5.3178317
MC1_K2_N2_L4_SP18_P4_R10,18,P4,STAGE5_TOEPLITZ_CORRELATED,4,10,1,1,-126.009258568925,-126.014757341302,1.79069926629332e-12,1,0,0.0850166692780883,0.121647603084688,-0.0366309338065993,TANGENT_WIN,FULL4D_CML_MAX_SWEEPS_VALID,5067,10134,4.4792529
MC1_K2_N2_L4_SP22_P1_R01,22,P1,STAGE5_TOEPLITZ_CORRELATED,4,1,1,1,-108.802153356017,-108.04142995701,1.54617159404349e-12,0,1,0.149508764283782,0.117242420642989,0.0322663436407927,TANGENT_LOSS,FULL4D_CML_MAX_SWEEPS_VALID,4997,9994,4.1479196
MC1_K2_N2_L4_SP22_P1_R02,22,P1,STAGE5_TOEPLITZ_CORRELATED,4,2,1,1,-118.390634576364,-118.367786972282,1.68243210760528e-12,0,1,0.0366237605207496,0.0413542623762529,-0.00473050185550328,TANGENT_WIN,FULL4D_CML_MAX_SWEEPS_VALID,4974,9948,4.2337641
MC1_K2_N2_L4_SP22_P1_R03,22,P1,STAGE5_TOEPLITZ_CORRELATED,4,3,1,1,-127.771467202248,-127.814303757709,1.81574175715934e-12,1,0,0.021326994988651,0.0229183804037439,-0.00159138541509287,TANGENT_WIN,FULL4D_CML_MAX_SWEEPS_VALID,4998,9996,4.1299675
MC1_K2_N2_L4_SP22_P1_R04,22,P1,STAGE5_TOEPLITZ_CORRELATED,4,4,1,1,-125.647117267831,-125.351869262236,1.7855529288771e-12,0,1,0.0115205815931247,0.0878576259246957,-0.076337044331571,TANGENT_WIN,FULL4D_CML_MAX_SWEEPS_VALID,4953,9906,4.2464327
MC1_K2_N2_L4_SP22_P1_R05,22,P1,STAGE5_TOEPLITZ_CORRELATED,4,5,1,1,-122.520843725941,-121.92052916187,1.74112590977332e-12,0,1,0.069537999645884,0.105467249465863,-0.0359292498199786,TANGENT_WIN,FULL4D_CML_MAX_SWEEPS_VALID,5261,10522,4.351525
MC1_K2_N2_L4_SP22_P1_R06,22,P1,STAGE5_TOEPLITZ_CORRELATED,4,6,1,1,-104.417357703044,-104.161691177073,1.48385990006324e-12,0,1,0.0229184937771859,0.0814525524765512,-0.0585340586993653,TANGENT_WIN,FULL4D_CML_MAX_SWEEPS_VALID,4985,9970,4.3455036
MC1_K2_N2_L4_SP22_P1_R07,22,P1,STAGE5_TOEPLITZ_CORRELATED,4,7,1,1,-115.044324407138,-115.051557778014,1.63487817995841e-12,1,0,0.0222978304445061,0.031038917022508,-0.00874108657800188,TANGENT_WIN,FULL4D_CML_MAX_SWEEPS_VALID,4946,9892,4.1034426
MC1_K2_N2_L4_SP22_P1_R08,22,P1,STAGE5_TOEPLITZ_CORRELATED,4,8,1,1,-120.161193049754,-119.859741878618,1.70759325683539e-12,0,1,0.100144590170578,0.10345142710873,-0.0033068369381524,TANGENT_WIN,FULL4D_CML_MAX_SWEEPS_VALID,5035,10070,4.1488148
MC1_K2_N2_L4_SP22_P1_R09,22,P1,STAGE5_TOEPLITZ_CORRELATED,4,9,1,1,-120.399214430761,-120.341397191346,1.7109757441e-12,0,1,0.0596226653627728,0.0647400451064145,-0.00511737974364168,TANGENT_WIN,FULL4D_CML_MAX_SWEEPS_VALID,4931,9862,4.0987012
MC1_K2_N2_L4_SP22_P1_R10,22,P1,STAGE5_TOEPLITZ_CORRELATED,4,10,1,1,-127.790905322237,-127.668969852606,1.81601798945844e-12,0,1,0.0612438846900094,0.0691977450536072,-0.00795386036359779,TANGENT_WIN,FULL4D_CML_MAX_SWEEPS_VALID,4999,9998,4.3146283
MC1_K2_N2_L4_SP22_P2_R01,22,P2,STAGE5_TOEPLITZ_CORRELATED,4,1,1,1,-121.251197028904,-120.846050207948,1.72308314502209e-12,0,1,0.223606797749979,0.218747505846824,0.00485929190315465,TANGENT_LOSS,FULL4D_CML_CONVERGED,4102,8204,3.494083
MC1_K2_N2_L4_SP22_P2_R02,22,P2,STAGE5_TOEPLITZ_CORRELATED,4,2,1,1,-110.806273846515,-110.435522708425,1.57465185916571e-12,0,1,0.114889372075992,0.188404930711975,-0.0735155586359833,TANGENT_WIN,FULL4D_CML_MAX_SWEEPS_VALID,4046,8092,3.4474862
MC1_K2_N2_L4_SP22_P2_R03,22,P2,STAGE5_TOEPLITZ_CORRELATED,4,3,1,1,-132.39363552798,-131.22172930901,1.88142671970553e-12,0,1,0.223606797749979,0.215260959775129,0.00834583797484972,TANGENT_LOSS,FULL4D_CML_MAX_SWEEPS_VALID,4769,9538,4.329895
MC1_K2_N2_L4_SP22_P2_R04,22,P2,STAGE5_TOEPLITZ_CORRELATED,4,4,1,1,-89.5142828216965,-88.2272553779183,1.27207446811463e-12,0,1,0.360555127546399,0.501570485770558,-0.141015358224159,TANGENT_WIN,FULL4D_CML_MAX_SWEEPS_VALID,4984,9968,4.1898214
MC1_K2_N2_L4_SP22_P2_R05,22,P2,STAGE5_TOEPLITZ_CORRELATED,4,5,1,1,-119.117641438183,-119.51284803383,1.69276349649554e-12,1,0,0.0637336877679755,0.169071979290064,-0.105338291522088,TANGENT_WIN,FULL4D_CML_CONVERGED,4113,8226,3.5703559
MC1_K2_N2_L4_SP22_P2_R06,22,P2,STAGE5_TOEPLITZ_CORRELATED,4,6,1,1,-115.6512207954,-114.913700050686,1.64350269635918e-12,0,1,0.186295863531535,0.202123951364199,-0.0158280878326643,TANGENT_WIN,FULL4D_CML_CONVERGED,1904,3808,1.5713416
MC1_K2_N2_L4_SP22_P2_R07,22,P2,STAGE5_TOEPLITZ_CORRELATED,4,7,1,1,-118.509912531442,-118.011362073442,1.68412714929562e-12,0,1,0.0790830783895899,0.0888376823481307,-0.00975460395854076,TANGENT_WIN,FULL4D_CML_MAX_SWEEPS_VALID,4114,8228,3.4573023
MC1_K2_N2_L4_SP22_P2_R08,22,P2,STAGE5_TOEPLITZ_CORRELATED,4,8,1,1,-123.43992157036,-122.688868513688,1.75418679149232e-12,0,1,0.114253425636751,0.142225301976185,-0.0279718763394342,TANGENT_WIN,FULL4D_CML_MAX_SWEEPS_VALID,4468,8936,3.7287838
MC1_K2_N2_L4_SP22_P2_R09,22,P2,STAGE5_TOEPLITZ_CORRELATED,4,9,1,1,-118.440072390152,-118.737177597626,1.68313466119446e-12,1,0,0.0660628712045523,0.0328970190651296,0.0331658521394227,TANGENT_LOSS,FULL4D_CML_CONVERGED,1523,3046,1.3098847
MC1_K2_N2_L4_SP22_P2_R10,22,P2,STAGE5_TOEPLITZ_CORRELATED,4,10,1,1,-117.216078096327,-114.728459681846,1.66574065611267e-12,0,1,0.107165193954079,0.413932278141906,-0.306767084187826,TANGENT_WIN,FULL4D_CML_MAX_SWEEPS_VALID,4473,8946,3.7121241
MC1_K2_N2_L4_SP22_P3_R01,22,P3,STAGE5_TOEPLITZ_CORRELATED,4,1,1,1,-103.643694209916,-103.41554007393,1.47286548056394e-12,0,1,0.0177674294892369,0.0316918018240233,-0.0139243723347864,TANGENT_WIN,FULL4D_CML_MAX_SWEEPS_VALID,3419,6838,3.0480234
MC1_K2_N2_L4_SP22_P3_R02,22,P3,STAGE5_TOEPLITZ_CORRELATED,4,2,1,1,-125.420948056413,-125.380841523834,1.78233887107258e-12,0,1,0.02666194628845,0.127251411163758,-0.100589464875308,TANGENT_WIN,FULL4D_CML_MAX_SWEEPS_VALID,3574,7148,3.1279481
MC1_K2_N2_L4_SP22_P3_R03,22,P3,STAGE5_TOEPLITZ_CORRELATED,4,3,1,1,-111.652183081426,-111.210448397676,1.58667295240528e-12,0,1,0.0807287153313524,0.0751289562282096,0.00559975910314277,TANGENT_LOSS,FULL4D_CML_MAX_SWEEPS_VALID,5177,10354,4.4670926
MC1_K2_N2_L4_SP22_P3_R04,22,P3,STAGE5_TOEPLITZ_CORRELATED,4,4,1,1,-99.2934173114794,-99.2945390599064,1.41104432758936e-12,1,0,0.0207170432077948,0.021875477947006,-0.0011584347392112,TANGENT_WIN,FULL4D_CML_MAX_SWEEPS_VALID,4961,9922,4.3226683
MC1_K2_N2_L4_SP22_P3_R05,22,P3,STAGE5_TOEPLITZ_CORRELATED,4,5,1,1,-119.139132998835,-118.992603635479,1.69306890994157e-12,0,1,0.0298949157709045,0.158705089679551,-0.128810173908647,TANGENT_WIN,FULL4D_CML_MAX_SWEEPS_VALID,5170,10340,4.5727011
MC1_K2_N2_L4_SP22_P3_R06,22,P3,STAGE5_TOEPLITZ_CORRELATED,4,6,1,1,-129.180725259867,-128.558790815762,1.8357685186724e-12,0,1,0.0418781626033014,0.213273015806578,-0.171394853203276,TANGENT_WIN,FULL4D_CML_MAX_SWEEPS_VALID,5133,10266,4.4636865
MC1_K2_N2_L4_SP22_P3_R07,22,P3,STAGE5_TOEPLITZ_CORRELATED,4,7,1,1,-117.557594836105,-117.504828766761,1.67059390088447e-12,0,1,0.0764388647303275,0.0504689022030977,0.0259699625272298,TANGENT_LOSS,FULL4D_CML_MAX_SWEEPS_VALID,5041,10082,4.3632141
MC1_K2_N2_L4_SP22_P3_R08,22,P3,STAGE5_TOEPLITZ_CORRELATED,4,8,1,1,-120.370420942475,-119.587961900495,1.71056656402122e-12,0,1,0.0751764660055591,0.115008731605746,-0.0398322656001872,TANGENT_WIN,FULL4D_CML_MAX_SWEEPS_VALID,5095,10190,4.3944654
MC1_K2_N2_L4_SP22_P3_R09,22,P3,STAGE5_TOEPLITZ_CORRELATED,4,9,1,1,-109.410860286381,-109.408782146478,1.55482183979503e-12,0,1,0.04938894352683,0.0282239527899347,0.0211649907368953,TANGENT_LOSS,FULL4D_CML_STATIONARY,2300,4600,1.9985693
MC1_K2_N2_L4_SP22_P3_R10,22,P3,STAGE5_TOEPLITZ_CORRELATED,4,10,1,1,-125.737505955812,-125.706192123523,1.78683742938989e-12,0,1,0.0338316923677553,0.0410109105893148,-0.00717921822155945,TANGENT_WIN,FULL4D_CML_CONVERGED,3278,6556,2.8202074
MC1_K2_N2_L4_SP22_P4_R01,22,P4,STAGE5_TOEPLITZ_CORRELATED,4,1,1,1,-118.139716090444,-117.583638107011,1.67886634145651e-12,0,1,0.397402732990268,0.385878685018758,0.0115240479715101,TANGENT_LOSS,FULL4D_CML_MAX_SWEEPS_VALID,4933,9866,4.2844177
MC1_K2_N2_L4_SP22_P4_R02,22,P4,STAGE5_TOEPLITZ_CORRELATED,4,2,1,1,-118.519249308606,-117.588245244573,1.68425983287941e-12,0,1,0.050267943897937,0.377970379808302,-0.327702435910365,TANGENT_WIN,FULL4D_CML_MAX_SWEEPS_VALID,4804,9608,4.0145121
MC1_K2_N2_L4_SP22_P4_R03,22,P4,STAGE5_TOEPLITZ_CORRELATED,4,3,1,1,-114.636181826994,-113.470297092626,1.62907812504889e-12,0,1,0.0595870891217626,0.365962187764621,-0.306375098642859,TANGENT_WIN,FULL4D_CML_MAX_SWEEPS_VALID,4920,9840,4.0775431
MC1_K2_N2_L4_SP22_P4_R04,22,P4,STAGE5_TOEPLITZ_CORRELATED,4,4,1,1,-115.274867186041,-115.253540017958,1.63815438989504e-12,0,1,0.0867147567911537,0.105133897777755,-0.0184191409866011,TANGENT_WIN,FULL4D_CML_MAX_SWEEPS_VALID,4926,9852,4.255912
MC1_K2_N2_L4_SP22_P4_R05,22,P4,STAGE5_TOEPLITZ_CORRELATED,4,5,1,1,-124.87212364459,-124.681718697153,1.77453960709201e-12,0,1,0.0724614117557813,0.144371017731767,-0.0719096059759853,TANGENT_WIN,FULL4D_CML_MAX_SWEEPS_VALID,4954,9908,4.3901694
MC1_K2_N2_L4_SP22_P4_R06,22,P4,STAGE5_TOEPLITZ_CORRELATED,4,6,1,1,-105.724937065251,-105.575113938604,1.50244172040816e-12,0,1,0.0614260650170148,0.122795718199969,-0.0613696531829538,TANGENT_WIN,FULL4D_CML_MAX_SWEEPS_VALID,4953,9906,5.8656829
MC1_K2_N2_L4_SP22_P4_R07,22,P4,STAGE5_TOEPLITZ_CORRELATED,4,7,1,1,-113.308130953229,-110.865875018966,1.61020538702742e-12,0,1,0.108366964840702,0.190202692148451,-0.0818357273077486,TANGENT_WIN,FULL4D_CML_MAX_SWEEPS_VALID,4974,9948,5.8605302
MC1_K2_N2_L4_SP22_P4_R08,22,P4,STAGE5_TOEPLITZ_CORRELATED,4,8,1,1,-122.685651574858,-121.57120122674,1.7434679701702e-12,0,1,0.134465546677096,0.223470017773328,-0.0890044710962319,TANGENT_WIN,FULL4D_CML_STATIONARY,4827,9654,5.6687771
MC1_K2_N2_L4_SP22_P4_R09,22,P4,STAGE5_TOEPLITZ_CORRELATED,4,9,1,1,-119.95756815565,-119.76089963295,1.70469957304888e-12,0,1,0.20925294875916,0.292252882744679,-0.0829999339855186,TANGENT_WIN,FULL4D_CML_MAX_SWEEPS_VALID,4795,9590,5.5964804
MC1_K2_N2_L4_SP22_P4_R10,22,P4,STAGE5_TOEPLITZ_CORRELATED,4,10,1,1,-125.964263474205,-125.954395125161,1.79005984753935e-12,0,1,0.0607437848641446,0.0872445428704624,-0.0265007580063178,TANGENT_WIN,FULL4D_CML_CONVERGED,4908,9816,4.1185005
MC1_K2_N2_L4_SP6_P1_R01,6,P1,STAGE5_TOEPLITZ_CORRELATED,4,1,1,1,-109.447407414495,-108.347784166612,1.55534120572291e-12,0,1,0.150480324650595,0.186401041619976,-0.0359207169693811,TANGENT_WIN,FULL4D_CML_MAX_SWEEPS_VALID,4837,9674,3.9919663
MC1_K2_N2_L4_SP6_P1_R02,6,P1,STAGE5_TOEPLITZ_CORRELATED,4,2,1,1,-117.317441544916,-116.892456954116,1.667181117354e-12,0,1,0.166135139363015,0.131217969548792,0.0349171698142227,TANGENT_LOSS,FULL4D_CML_MAX_SWEEPS_VALID,4632,9264,3.8238659
MC1_K2_N2_L4_SP6_P1_R03,6,P1,STAGE5_TOEPLITZ_CORRELATED,4,3,1,1,-125.924627465578,-125.743591563407,1.78949658597926e-12,0,1,0.166300931093895,0.10727944941707,0.0590214816768245,TANGENT_LOSS,FULL4D_CML_CONVERGED,2693,5386,2.2587859
MC1_K2_N2_L4_SP6_P1_R04,6,P1,STAGE5_TOEPLITZ_CORRELATED,4,4,1,1,-124.121501623769,-123.881828976687,1.76387262660809e-12,0,1,0.424350790182847,0.428665448693317,-0.00431465851046964,TANGENT_WIN,FULL4D_CML_STATIONARY,1446,2892,1.2216828
MC1_K2_N2_L4_SP6_P1_R05,6,P1,STAGE5_TOEPLITZ_CORRELATED,4,5,1,1,-122.59215542278,-122.645922538323,1.74213930993659e-12,1,0,0.151074363274492,0.12693103187289,0.0241433314016017,TANGENT_LOSS,FULL4D_CML_STATIONARY,1525,3050,1.2702992
MC1_K2_N2_L4_SP6_P1_R06,6,P1,STAGE5_TOEPLITZ_CORRELATED,4,6,1,1,-101.729296590622,-101.1489561406,1.44566025412902e-12,0,1,0.145899953956139,0.226780278824057,-0.0808803248679182,TANGENT_WIN,FULL4D_CML_MAX_SWEEPS_VALID,5542,11084,4.7090453
MC1_K2_N2_L4_SP6_P1_R07,6,P1,STAGE5_TOEPLITZ_CORRELATED,4,7,1,1,-111.862770045935,-111.389666705289,1.58966557316283e-12,0,1,0.470411305736164,0.496315169153141,-0.0259038634169765,TANGENT_WIN,FULL4D_CML_MAX_SWEEPS_VALID,4362,8724,3.6236139
MC1_K2_N2_L4_SP6_P1_R08,6,P1,STAGE5_TOEPLITZ_CORRELATED,4,8,1,1,-121.101435193538,-120.731415334799,1.72095490133782e-12,0,1,0.162013916451317,0.296105868082837,-0.13409195163152,TANGENT_WIN,FULL4D_CML_CONVERGED,1815,3630,1.5552942
MC1_K2_N2_L4_SP6_P1_R09,6,P1,STAGE5_TOEPLITZ_CORRELATED,4,9,1,1,-119.717114895672,-119.261052426081,1.70128252670554e-12,0,1,0.511162201815044,0.618883247008357,-0.107721045193313,TANGENT_WIN,FULL4D_CML_STATIONARY,2582,5164,2.2499777
MC1_K2_N2_L4_SP6_P1_R10,6,P1,STAGE5_TOEPLITZ_CORRELATED,4,10,1,1,-124.531801536574,-124.428021841034,1.76970333905862e-12,0,1,0.505193803788627,0.464070005762737,0.0411237980258903,TANGENT_LOSS,FULL4D_CML_STATIONARY,1323,2646,1.1182281
MC1_K2_N2_L4_SP6_P2_R01,6,P2,STAGE5_TOEPLITZ_CORRELATED,4,1,1,1,-120.553457133296,-120.257896669942,1.7131676647366e-12,0,1,0.556776436283002,0.560580375064793,-0.00380393878179119,TANGENT_WIN,FULL4D_CML_STATIONARY,1528,3056,1.2807378
MC1_K2_N2_L4_SP6_P2_R02,6,P2,STAGE5_TOEPLITZ_CORRELATED,4,2,1,1,-110.94733829412,-110.895860581472,1.57665650553611e-12,0,1,0.181506975545273,0.265370898755389,-0.0838639232101163,TANGENT_WIN,FULL4D_CML_CONVERGED,1688,3376,1.5483235
MC1_K2_N2_L4_SP6_P2_R03,6,P2,STAGE5_TOEPLITZ_CORRELATED,4,3,1,1,-132.082541571302,-131.85566743887,1.8770058086844e-12,0,1,0.146329878777356,0.155065425274308,-0.00873554649695193,TANGENT_WIN,FULL4D_CML_MAX_SWEEPS_VALID,5380,10760,4.4496871
MC1_K2_N2_L4_SP6_P2_R04,6,P2,STAGE5_TOEPLITZ_CORRELATED,4,4,1,1,-91.4726897285711,-91.0768370985993,1.29990510414147e-12,0,1,0.499999999999999,0.518747884517669,-0.01874788451767,TANGENT_WIN,FULL4D_CML_MAX_SWEEPS_VALID,3136,6272,2.8100924
MC1_K2_N2_L4_SP6_P2_R05,6,P2,STAGE5_TOEPLITZ_CORRELATED,4,5,1,1,-118.276035358593,-118.223410352093,1.68080355477106e-12,0,1,0.242862611117652,0.263110289851049,-0.0202476787333974,TANGENT_WIN,FULL4D_CML_STATIONARY,2563,5126,2.1339469
MC1_K2_N2_L4_SP6_P2_R06,6,P2,STAGE5_TOEPLITZ_CORRELATED,4,6,1,1,-115.231278634534,-115.129793087744,1.63753495932232e-12,0,1,0.556776436283002,0.55878589161187,-0.00200945532886809,TANGENT_WIN,FULL4D_CML_STATIONARY,2987,5974,2.5069788
MC1_K2_N2_L4_SP6_P2_R07,6,P2,STAGE5_TOEPLITZ_CORRELATED,4,7,1,1,-119.585918344606,-119.479367004101,1.69941811157921e-12,0,1,0.203098189606282,0.240511842463379,-0.0374136528570967,TANGENT_WIN,FULL4D_CML_CONVERGED,3128,6256,2.6090287
MC1_K2_N2_L4_SP6_P2_R08,6,P2,STAGE5_TOEPLITZ_CORRELATED,4,8,1,1,-120.733874388821,-119.668924489972,1.71573154814298e-12,0,1,0.173205080756888,0.21900974443418,-0.045804663677292,TANGENT_WIN,FULL4D_CML_MAX_SWEEPS_VALID,4400,8800,3.6760299
MC1_K2_N2_L4_SP6_P2_R09,6,P2,STAGE5_TOEPLITZ_CORRELATED,4,9,1,1,-117.032213361123,-116.849083147742,1.66312778107344e-12,0,1,0.264575131106459,0.218752956620451,0.0458221744860085,TANGENT_LOSS,FULL4D_CML_MAX_SWEEPS_VALID,4928,9856,4.0892691
MC1_K2_N2_L4_SP6_P2_R10,6,P2,STAGE5_TOEPLITZ_CORRELATED,4,10,1,1,-114.351542509822,-114.13100537096,1.62503315706633e-12,0,1,0.133545448749671,0.16441586856353,-0.0308704198138586,TANGENT_WIN,FULL4D_CML_MAX_SWEEPS_VALID,5306,10612,4.387158
MC1_K2_N2_L4_SP6_P3_R01,6,P3,STAGE5_TOEPLITZ_CORRELATED,4,1,1,1,-100.478835559937,-98.5060716111788,1.42789013409494e-12,0,1,0.188745860881769,0.246902157852212,-0.0581562969704432,TANGENT_WIN,FULL4D_CML_MAX_SWEEPS_VALID,5273,10546,4.3814785
MC1_K2_N2_L4_SP6_P3_R02,6,P3,STAGE5_TOEPLITZ_CORRELATED,4,2,1,1,-124.715604145653,-124.298547482724,1.77231533123252e-12,0,1,0.0630958048298167,0.249902038880932,-0.186806234051115,TANGENT_WIN,FULL4D_CML_MAX_SWEEPS_VALID,5251,10502,4.5344281
MC1_K2_N2_L4_SP6_P3_R03,6,P3,STAGE5_TOEPLITZ_CORRELATED,4,3,1,1,-107.997161028766,-107.743630544873,1.53473196503407e-12,0,1,0.241087322738994,0.574795888110997,-0.333708565372003,TANGENT_WIN,FULL4D_CML_CONVERGED,2921,5842,2.4944993
MC1_K2_N2_L4_SP6_P3_R04,6,P3,STAGE5_TOEPLITZ_CORRELATED,4,4,1,1,-99.5196929617697,-99.4510708643133,1.41425989798122e-12,0,1,0.104377785354474,0.201677906916502,-0.0973001215620277,TANGENT_WIN,FULL4D_CML_CONVERGED,4929,9858,4.7299997
MC1_K2_N2_L4_SP6_P3_R05,6,P3,STAGE5_TOEPLITZ_CORRELATED,4,5,1,1,-117.559221841245,-117.385642932332,1.67061702201813e-12,0,1,0.112174826947087,0.202428392834437,-0.0902535658873495,TANGENT_WIN,FULL4D_CML_MAX_SWEEPS_VALID,4268,8536,3.6486285
MC1_K2_N2_L4_SP6_P3_R06,6,P3,STAGE5_TOEPLITZ_CORRELATED,4,6,1,1,-129.815108745677,-129.339678791816,1.84478365022296e-12,0,1,0.274999999999999,0.253643597191495,0.0213564028085036,TANGENT_LOSS,FULL4D_CML_CONVERGED,2250,4500,1.9732516
MC1_K2_N2_L4_SP6_P3_R07,6,P3,STAGE5_TOEPLITZ_CORRELATED,4,7,1,1,-116.966638497469,-116.928760833574,1.66219590621309e-12,0,1,0.552833609687399,0.568400200079365,-0.0155665903919664,TANGENT_WIN,FULL4D_CML_STATIONARY,1796,3592,1.5421359
MC1_K2_N2_L4_SP6_P3_R08,6,P3,STAGE5_TOEPLITZ_CORRELATED,4,8,1,1,-120.014810429745,-118.657016573463,1.70551303468962e-12,0,1,0.093887149424162,0.262053804798341,-0.168166655374179,TANGENT_WIN,FULL4D_CML_MAX_SWEEPS_VALID,4418,8836,3.9575774
MC1_K2_N2_L4_SP6_P3_R09,6,P3,STAGE5_TOEPLITZ_CORRELATED,4,9,1,1,-108.547158913304,-108.530781606908,1.54254790506491e-12,0,1,0.172570920194481,0.173445966185294,-0.000875045990812506,TANGENT_WIN,FULL4D_CML_STATIONARY,1566,3132,1.3589247
MC1_K2_N2_L4_SP6_P3_R10,6,P3,STAGE5_TOEPLITZ_CORRELATED,4,10,1,1,-125.963569172051,-124.722577400126,1.79004998091231e-12,0,1,0.0543724075986547,0.503959091445931,-0.449586683847277,TANGENT_WIN,FULL4D_CML_CONVERGED,3871,7742,3.3255343
MC1_K2_N2_L4_SP6_P4_R01,6,P4,STAGE5_TOEPLITZ_CORRELATED,4,1,1,1,-117.873472176046,-117.715026992525,1.6750827878702e-12,0,1,0.107937955610875,0.459310507461363,-0.351372551850488,TANGENT_WIN,FULL4D_CML_MAX_SWEEPS_VALID,5577,11154,4.7877196
MC1_K2_N2_L4_SP6_P4_R02,6,P4,STAGE5_TOEPLITZ_CORRELATED,4,2,1,1,-112.250414189368,-112.076440492881,1.59517432776636e-12,0,1,0.144411748353181,0.193511021233237,-0.0490992728800564,TANGENT_WIN,FULL4D_CML_MAX_SWEEPS_VALID,4486,8972,4.0053046
MC1_K2_N2_L4_SP6_P4_R03,6,P4,STAGE5_TOEPLITZ_CORRELATED,4,3,1,1,-113.79058514832,-113.315736610482,1.6170614735006e-12,0,1,0.551168573636418,0.401587979334646,0.149580594301772,TANGENT_LOSS,FULL4D_CML_MAX_SWEEPS_VALID,4374,8748,3.6901965
MC1_K2_N2_L4_SP6_P4_R04,6,P4,STAGE5_TOEPLITZ_CORRELATED,4,4,1,1,-115.420994510953,-115.283740473589,1.64023098407928e-12,0,1,0.0838600832673281,0.11269177764787,-0.0288316943805419,TANGENT_WIN,FULL4D_CML_MAX_SWEEPS_VALID,4474,8948,3.7271762
MC1_K2_N2_L4_SP6_P4_R05,6,P4,STAGE5_TOEPLITZ_CORRELATED,4,5,1,1,-125.79160945444,-124.113890107585,1.78760628634848e-12,0,1,0.433507707184237,0.168807631064508,0.264700076119729,TANGENT_LOSS,FULL4D_CML_MAX_SWEEPS_VALID,3495,6990,3.0561919
MC1_K2_N2_L4_SP6_P4_R06,6,P4,STAGE5_TOEPLITZ_CORRELATED,4,6,1,1,-103.868574565686,-103.800874599273,1.47606122262809e-12,0,1,0.576691939538613,0.579310353444855,-0.00261841390624229,TANGENT_WIN,FULL4D_CML_CONVERGED,2723,5446,3.2076973
MC1_K2_N2_L4_SP6_P4_R07,6,P4,STAGE5_TOEPLITZ_CORRELATED,4,7,1,1,-109.013691158904,-108.771836603478,1.54917772702709e-12,0,1,0.139625053265783,0.210419085908668,-0.0707940326428846,TANGENT_WIN,FULL4D_CML_CONVERGED,3726,7452,4.510117
MC1_K2_N2_L4_SP6_P4_R08,6,P4,STAGE5_TOEPLITZ_CORRELATED,4,8,1,1,-124.904973877679,-123.777856165427,1.7750064369818e-12,0,1,0.183811850990091,0.425885603574212,-0.242073752584121,TANGENT_WIN,FULL4D_CML_CONVERGED,891,1782,1.0781173
MC1_K2_N2_L4_SP6_P4_R09,6,P4,STAGE5_TOEPLITZ_CORRELATED,4,9,1,1,-119.735331692445,-119.698122621432,1.70154140295786e-12,0,1,0.500857129704937,0.504875182928375,-0.00401805322343818,TANGENT_WIN,FULL4D_CML_STATIONARY,3430,6860,4.0347253
MC1_K2_N2_L4_SP6_P4_R10,6,P4,STAGE5_TOEPLITZ_CORRELATED,4,10,1,1,-126.27697816769,-126.212737980878,1.79450379061578e-12,0,1,0.120907211055145,0.194207367136699,-0.073300156081554,TANGENT_WIN,FULL4D_CML_CONVERGED,2941,5882,3.5757817
MC1_K2_N2_L8_SM6_P1_R01,-6,P1,STAGE5_TOEPLITZ_CORRELATED,8,1,1,1,-222.606805799801,-222.177634673118,3.16343297583616e-12,0,1,0.55,0.561670271232652,-0.0116702712326517,TANGENT_WIN,FULL4D_CML_MAX_SWEEPS_VALID,2910,5820,2.5666847
MC1_K2_N2_L8_SM6_P1_R02,-6,P1,STAGE5_TOEPLITZ_CORRELATED,8,2,1,1,-232.817220029448,-232.799646777539,3.3085316890357e-12,0,1,0.373312369263557,0.389233130481661,-0.0159207612181039,TANGENT_WIN,FULL4D_CML_CONVERGED,1734,3468,1.4753155
MC1_K2_N2_L8_SM6_P1_R03,-6,P1,STAGE5_TOEPLITZ_CORRELATED,8,3,1,1,-259.048643389557,-258.73095140114,3.68130263537917e-12,0,1,0.272824019541741,0.394373909060867,-0.121549889519126,TANGENT_WIN,FULL4D_CML_MAX_SWEEPS_VALID,3592,7184,3.0941707
MC1_K2_N2_L8_SM6_P1_R04,-6,P1,STAGE5_TOEPLITZ_CORRELATED,8,4,1,1,-246.076144765874,-245.620820540317,3.49695234214485e-12,0,1,0.42291889257068,0.649399976544933,-0.226481083974253,TANGENT_WIN,FULL4D_CML_STATIONARY,1198,2396,1.0347124
MC1_K2_N2_L8_SM6_P1_R05,-6,P1,STAGE5_TOEPLITZ_CORRELATED,8,5,1,1,-239.822086688346,-238.949155384241,3.40807683142467e-12,0,1,0.369369710211893,0.605478054764609,-0.236108344552716,TANGENT_WIN,FULL4D_CML_MAX_SWEEPS_VALID,3503,7006,3.1848179
MC1_K2_N2_L8_SM6_P1_R06,-6,P1,STAGE5_TOEPLITZ_CORRELATED,8,6,1,1,-229.955014785818,-229.746539193285,3.26785730615339e-12,0,1,0.141681308325435,0.411673471605639,-0.269992163280204,TANGENT_WIN,FULL4D_CML_STATIONARY,1332,2664,1.1832592
MC1_K2_N2_L8_SM6_P1_R07,-6,P1,STAGE5_TOEPLITZ_CORRELATED,8,7,1,1,-210.919457039654,-210.41650306474,2.99734576059981e-12,0,1,0.31634410556988,0.252368834577698,0.063975270992182,TANGENT_LOSS,FULL4D_CML_MAX_SWEEPS_VALID,3659,7318,3.3956408
MC1_K2_N2_L8_SM6_P1_R08,-6,P1,STAGE5_TOEPLITZ_CORRELATED,8,8,1,1,-203.25325975128,-202.951299679722,2.88840254471666e-12,0,1,0.247561702539798,0.208196861704082,0.0393648408357163,TANGENT_LOSS,FULL4D_CML_CONVERGED,864,1728,0.8815267
MC1_K2_N2_L8_SM6_P1_R09,-6,P1,STAGE5_TOEPLITZ_CORRELATED,8,9,1,1,-244.874331283355,-244.911468863447,3.47987354535e-12,1,0,0.272254186968554,0.250914919482014,0.02133926748654,TANGENT_LOSS,FULL4D_CML_MAX_SWEEPS_VALID,3533,7066,4.335784
MC1_K2_N2_L8_SM6_P1_R10,-6,P1,STAGE5_TOEPLITZ_CORRELATED,8,10,1,1,-230.028126803025,-229.839983224076,3.26889629040785e-12,0,1,0.42291889257068,0.478945764903381,-0.056026872332701,TANGENT_WIN,FULL4D_CML_MAX_SWEEPS_VALID,4986,9972,5.8885836
MC1_K2_N2_L8_SM6_P2_R01,-6,P2,STAGE5_TOEPLITZ_CORRELATED,8,1,1,1,-243.873732765563,-243.450856097796,3.46565418518541e-12,0,1,0.33166247903554,0.366624170923975,-0.0349616918884345,TANGENT_WIN,FULL4D_CML_STATIONARY,1205,2410,1.5088982
MC1_K2_N2_L8_SM6_P2_R02,-6,P2,STAGE5_TOEPLITZ_CORRELATED,8,2,1,1,-233.604130645844,-233.280482255684,3.31971436147916e-12,0,1,0.173205080756888,0.272983457970547,-0.0997783772136593,TANGENT_WIN,FULL4D_CML_CONVERGED,1225,2450,1.6645971
MC1_K2_N2_L8_SM6_P2_R03,-6,P2,STAGE5_TOEPLITZ_CORRELATED,8,3,1,1,-236.764208122458,-236.734927444034,3.3646217633881e-12,0,1,0.33166247903554,0.337618378691993,-0.00595589965645327,TANGENT_WIN,FULL4D_CML_CONVERGED,1970,3940,2.52145
MC1_K2_N2_L8_SM6_P2_R04,-6,P2,STAGE5_TOEPLITZ_CORRELATED,8,4,1,1,-229.165409888833,-227.359626140603,3.25663634567992e-12,0,1,0.331662479035539,0.24078666280259,0.0908758162329495,TANGENT_LOSS,FULL4D_CML_CONVERGED,2222,4444,2.9818784
MC1_K2_N2_L8_SM6_P2_R05,-6,P2,STAGE5_TOEPLITZ_CORRELATED,8,5,1,1,-229.780856781521,-229.156190588366,3.26538237205683e-12,0,1,0.728010988928051,0.233524483562373,0.494486505365678,TANGENT_LOSS,FULL4D_CML_MAX_SWEEPS_VALID,2369,4738,2.052808
MC1_K2_N2_L8_SM6_P2_R06,-6,P2,STAGE5_TOEPLITZ_CORRELATED,8,6,1,1,-236.092851488058,-236.00522360068,3.35508121179456e-12,0,1,0.173205080756887,0.144514649659016,0.0286904310978714,TANGENT_LOSS,FULL4D_CML_CONVERGED,1892,3784,1.5922449
MC1_K2_N2_L8_SM6_P2_R07,-6,P2,STAGE5_TOEPLITZ_CORRELATED,8,7,1,1,-242.397340019133,-242.358743256261,3.44467338236332e-12,0,1,0.3,0.317912600658081,-0.017912600658081,TANGENT_WIN,FULL4D_CML_STATIONARY,2681,5362,2.195806
MC1_K2_N2_L8_SM6_P2_R08,-6,P2,STAGE5_TOEPLITZ_CORRELATED,8,8,1,1,-227.54104281622,-227.47584020827,3.23355270120686e-12,0,1,0.173205080756887,0.17442723903542,-0.00122215827853253,TANGENT_WIN,FULL4D_CML_CONVERGED,1203,2406,1.0617115
MC1_K2_N2_L8_SM6_P2_R09,-6,P2,STAGE5_TOEPLITZ_CORRELATED,8,9,1,1,-250.442857536728,-250.442857536728,3.55900706291447e-12,0,1,0.360555127546399,0.360555127546399,-1.11022302462516e-16,TIE,FULL4D_CML_STATIONARY,647,1294,0.5453056
MC1_K2_N2_L8_SM6_P2_R10,-6,P2,STAGE5_TOEPLITZ_CORRELATED,8,10,1,1,-252.765007348115,-252.329780448575,3.59200679651103e-12,0,1,0.331662479035539,0.213482756817403,0.118179722218136,TANGENT_LOSS,FULL4D_CML_MAX_SWEEPS_VALID,3434,6868,2.9682441
MC1_K2_N2_L8_SM6_P3_R01,-6,P3,STAGE5_TOEPLITZ_CORRELATED,8,1,1,1,-258.504743397991,-258.508321174741,3.67357335161942e-12,1,0,0.271810771731672,0.274707017916447,-0.00289624618477491,TANGENT_WIN,FULL4D_CML_CONVERGED,881,1762,1.1195582
MC1_K2_N2_L8_SM6_P3_R02,-6,P3,STAGE5_TOEPLITZ_CORRELATED,8,2,1,1,-233.575682492315,-232.48163676667,3.31931008890244e-12,0,1,0.587898800815242,0.149241929810065,0.438656871005177,TANGENT_LOSS,FULL4D_CML_MAX_SWEEPS_VALID,4496,8992,5.3853609
MC1_K2_N2_L8_SM6_P3_R03,-6,P3,STAGE5_TOEPLITZ_CORRELATED,8,3,1,1,-216.535765110621,-212.322769075418,3.07715829863214e-12,0,1,0.640800280898814,0.236358845412096,0.404441435486718,TANGENT_LOSS,FULL4D_CML_MAX_SWEEPS_VALID,3569,7138,4.3261278
MC1_K2_N2_L8_SM6_P3_R04,-6,P3,STAGE5_TOEPLITZ_CORRELATED,8,4,1,1,-207.240269759846,-206.842943926562,2.94506136469644e-12,0,1,0.361420807370024,0.414217403053956,-0.0527965956839317,TANGENT_WIN,FULL4D_CML_STATIONARY,2069,4138,2.4983529
MC1_K2_N2_L8_SM6_P3_R05,-6,P3,STAGE5_TOEPLITZ_CORRELATED,8,5,1,1,-245.508360789142,-242.665687974445,3.48888364654189e-12,0,1,0.188745860881769,0.48467951909771,-0.295933658215941,TANGENT_WIN,FULL4D_CML_MAX_SWEEPS_VALID,4883,9766,5.7745555
MC1_K2_N2_L8_SM6_P3_R06,-6,P3,STAGE5_TOEPLITZ_CORRELATED,8,6,1,1,-235.849345808167,-235.425459661397,3.3516207879553e-12,0,1,0.301039864469806,0.273182330986431,0.0278575334833746,TANGENT_LOSS,FULL4D_CML_MAX_SWEEPS_VALID,2201,4402,2.689416
MC1_K2_N2_L8_SM6_P3_R07,-6,P3,STAGE5_TOEPLITZ_CORRELATED,8,7,1,1,-223.654638420332,-222.620679344054,3.17832357297237e-12,0,1,0.442295150323853,0.262637821501865,0.179657328821988,TANGENT_LOSS,FULL4D_CML_CONVERGED,2484,4968,3.0237007
MC1_K2_N2_L8_SM6_P3_R08,-6,P3,STAGE5_TOEPLITZ_CORRELATED,8,8,1,1,-244.910043039293,-244.390600872178,3.48038103992526e-12,0,1,0.442295150323853,0.188713084541371,0.253582065782482,TANGENT_LOSS,FULL4D_CML_CONVERGED,2372,4744,3.0669829
MC1_K2_N2_L8_SM6_P3_R09,-6,P3,STAGE5_TOEPLITZ_CORRELATED,8,9,1,1,-247.814105601887,-247.198196115724,3.52165025108614e-12,0,1,0.154383150497388,0.242925200258971,-0.0885420497615827,TANGENT_WIN,FULL4D_CML_MAX_SWEEPS_VALID,3606,7212,4.3571398
MC1_K2_N2_L8_SM6_P3_R10,-6,P3,STAGE5_TOEPLITZ_CORRELATED,8,10,1,1,-250.637817676273,-250.637817676273,3.5617776131328e-12,0,1,0.628987281270456,0.628987281270456,2.22044604925031e-16,TIE,FULL4D_CML_STATIONARY,823,1646,0.9728772
MC1_K2_N2_L8_SM6_P4_R01,-6,P4,STAGE5_TOEPLITZ_CORRELATED,8,1,1,1,-233.861500964613,-233.861500964613,3.32337181368719e-12,0,1,0.579225798214255,0.579225798214255,-2.22044604925031e-16,TIE,FULL4D_CML_STATIONARY,749,1498,0.9003163
MC1_K2_N2_L8_SM6_P4_R02,-6,P4,STAGE5_TOEPLITZ_CORRELATED,8,2,1,1,-231.744797351313,-230.649674774422,3.29329164616344e-12,0,1,0.440212217645539,0.381299191703357,0.0589130259421822,TANGENT_LOSS,FULL4D_CML_MAX_SWEEPS_VALID,3486,6972,4.2261864
MC1_K2_N2_L8_SM6_P4_R03,-6,P4,STAGE5_TOEPLITZ_CORRELATED,8,3,1,1,-233.944124366489,-233.837597533706,3.32454596284732e-12,0,1,0.371387846042563,0.257640593542207,0.113747252500356,TANGENT_LOSS,FULL4D_CML_CONVERGED,1466,2932,1.7726699
MC1_K2_N2_L8_SM6_P4_R04,-6,P4,STAGE5_TOEPLITZ_CORRELATED,8,4,1,1,-217.202174286581,-217.10297861301,3.08662854261259e-12,0,1,0.183412021386867,0.0891378942992788,0.0942741270875882,TANGENT_LOSS,FULL4D_CML_MAX_SWEEPS_VALID,2702,5404,3.362529
MC1_K2_N2_L8_SM6_P4_R05,-6,P4,STAGE5_TOEPLITZ_CORRELATED,8,5,1,1,-222.643079959744,-222.089706587238,3.16394846265302e-12,0,1,0.436872824030368,0.6138804239926,-0.177007599962232,TANGENT_WIN,FULL4D_CML_MAX_SWEEPS_VALID,3981,7962,4.9644906
MC1_K2_N2_L8_SM6_P4_R06,-6,P4,STAGE5_TOEPLITZ_CORRELATED,8,6,1,1,-239.44725599785,-239.344648069785,3.40275016693923e-12,0,1,0.551168573636418,0.575263393240609,-0.0240948196041908,TANGENT_WIN,FULL4D_CML_STATIONARY,965,1930,0.8626228
MC1_K2_N2_L8_SM6_P4_R07,-6,P4,STAGE5_TOEPLITZ_CORRELATED,8,7,1,1,-234.609294313085,-234.486977639033,3.33399859631932e-12,0,1,0.118254902228043,0.25465321338544,-0.136398311157397,TANGENT_WIN,FULL4D_CML_STATIONARY,2263,4526,2.0020955
MC1_K2_N2_L8_SM6_P4_R08,-6,P4,STAGE5_TOEPLITZ_CORRELATED,8,8,1,1,-243.571317914228,-243.548605555492,3.46135661166937e-12,0,1,0.276520326316105,0.191817067643067,0.084703258673038,TANGENT_LOSS,FULL4D_CML_CONVERGED,2448,4896,2.1819134
MC1_K2_N2_L8_SM6_P4_R09,-6,P4,STAGE5_TOEPLITZ_CORRELATED,8,9,1,1,-207.75504930916,-207.75504930916,2.9523768220821e-12,0,1,0.502567003621215,0.502567003621215,-2.22044604925031e-16,TIE,FULL4D_CML_STATIONARY,548,1096,0.4849862
MC1_K2_N2_L8_SM6_P4_R10,-6,P4,STAGE5_TOEPLITZ_CORRELATED,8,10,1,1,-210.934730583489,-210.717760348363,2.99756281071224e-12,0,1,0.0957004260026775,0.24654138367867,-0.150840957675992,TANGENT_WIN,FULL4D_CML_MAX_SWEEPS_VALID,4509,9018,3.9629475
MC1_K2_N2_L8_SP0_P1_R01,0,P1,STAGE5_TOEPLITZ_CORRELATED,8,1,1,1,-224.164090230281,-223.062731950877,3.18556331862796e-12,0,1,0.512347538297979,0.538309504320053,-0.0259619660220737,TANGENT_WIN,FULL4D_CML_MAX_SWEEPS_VALID,4580,9160,3.8337241
MC1_K2_N2_L8_SP0_P1_R02,0,P1,STAGE5_TOEPLITZ_CORRELATED,8,2,1,1,-234.475628576363,-234.327878685786,3.33209909195436e-12,0,1,0.466526726198633,0.435110005365892,0.0314167208327409,TANGENT_LOSS,FULL4D_CML_STATIONARY,1604,3208,1.3323289
MC1_K2_N2_L8_SP0_P1_R03,0,P1,STAGE5_TOEPLITZ_CORRELATED,8,3,1,1,-259.087405516214,-258.95233210377,3.68185347832954e-12,0,1,0.173711701581669,0.326635318861646,-0.152923617279977,TANGENT_WIN,FULL4D_CML_MAX_SWEEPS_VALID,4520,9040,3.7994619
MC1_K2_N2_L8_SP0_P1_R04,0,P1,STAGE5_TOEPLITZ_CORRELATED,8,4,1,1,-246.412757003889,-246.242834461004,3.50173588975464e-12,0,1,0.240098284578658,0.427218993483512,-0.187120708904854,TANGENT_WIN,FULL4D_CML_STATIONARY,2113,4226,1.7750729
MC1_K2_N2_L8_SP0_P1_R05,0,P1,STAGE5_TOEPLITZ_CORRELATED,8,5,1,1,-239.019828398074,-238.988986914684,3.39667605541754e-12,0,1,0.424350790182847,0.424046924133717,0.000303866049129742,TANGENT_LOSS,FULL4D_CML_CONVERGED,4732,9464,3.9111521
MC1_K2_N2_L8_SP0_P1_R06,0,P1,STAGE5_TOEPLITZ_CORRELATED,8,6,1,1,-229.898602537406,-229.69477120472,3.26705563988705e-12,0,1,0.141681308325435,0.168604699557001,-0.0269233912315658,TANGENT_WIN,FULL4D_CML_CONVERGED,2402,4804,2.0967659
MC1_K2_N2_L8_SP0_P1_R07,0,P1,STAGE5_TOEPLITZ_CORRELATED,8,7,1,1,-210.65244729216,-210.163463621331,2.99355132387063e-12,0,1,0.170957839533245,0.200224390698043,-0.0292665511647975,TANGENT_WIN,FULL4D_CML_MAX_SWEEPS_VALID,4498,8996,4.1507607
MC1_K2_N2_L8_SP0_P1_R08,0,P1,STAGE5_TOEPLITZ_CORRELATED,8,8,1,1,-203.9471314338,-203.676383326634,2.89826305438794e-12,0,1,0.154804067689157,0.176383750962204,-0.0215796832730469,TANGENT_WIN,FULL4D_CML_CONVERGED,991,1982,1.4387348
MC1_K2_N2_L8_SP0_P1_R09,0,P1,STAGE5_TOEPLITZ_CORRELATED,8,9,1,1,-246.827905149393,-246.721094420245,3.50763549973568e-12,0,1,0.180170064933699,0.160524451732278,0.0196456132014206,TANGENT_LOSS,FULL4D_CML_MAX_SWEEPS_VALID,5268,10536,6.4077891
MC1_K2_N2_L8_SP0_P1_R10,0,P1,STAGE5_TOEPLITZ_CORRELATED,8,10,1,1,-230.434874015805,-230.121721306843,3.27467651595448e-12,0,1,0.242611602552744,0.266397142279346,-0.0237855397266019,TANGENT_WIN,FULL4D_CML_MAX_SWEEPS_VALID,3650,7300,4.549627
MC1_K2_N2_L8_SP0_P2_R01,0,P2,STAGE5_TOEPLITZ_CORRELATED,8,1,1,1,-245.046948978967,-244.331981725308,3.48232659034362e-12,0,1,0.53851648071345,0.21539794210611,0.323118538607341,TANGENT_LOSS,FULL4D_CML_MAX_SWEEPS_VALID,2417,4834,2.9693783
MC1_K2_N2_L8_SP0_P2_R02,0,P2,STAGE5_TOEPLITZ_CORRELATED,8,2,1,1,-233.592193550761,-233.549257308553,3.31954472515521e-12,0,1,0.173205080756888,0.157564739458964,0.0156403412979244,TANGENT_LOSS,FULL4D_CML_CONVERGED,1483,2966,1.9333027
MC1_K2_N2_L8_SP0_P2_R03,0,P2,STAGE5_TOEPLITZ_CORRELATED,8,3,1,1,-237.787216689325,-237.51300460337,3.37915958950425e-12,0,1,0.162023477793966,0.596097682725132,-0.434074204931166,TANGENT_WIN,FULL4D_CML_MAX_SWEEPS_VALID,4665,9330,5.6762666
MC1_K2_N2_L8_SP0_P2_R04,0,P2,STAGE5_TOEPLITZ_CORRELATED,8,4,1,1,-228.379435555908,-228.360691405689,3.24546697862485e-12,0,1,0.180066252197402,0.217805877839962,-0.0377396256425601,TANGENT_WIN,FULL4D_CML_CONVERGED,2785,5570,3.256266
MC1_K2_N2_L8_SP0_P2_R05,0,P2,STAGE5_TOEPLITZ_CORRELATED,8,5,1,1,-229.61798670686,-228.928522492152,3.26306784908837e-12,0,1,0.728010988928051,0.193823409893016,0.534187579035035,TANGENT_LOSS,FULL4D_CML_MAX_SWEEPS_VALID,3031,6062,2.5404631
MC1_K2_N2_L8_SP0_P2_R06,0,P2,STAGE5_TOEPLITZ_CORRELATED,8,6,1,1,-236.148174961235,-236.110655025466,3.35586740563421e-12,0,1,0.173205080756887,0.156762126903605,0.0164429538532823,TANGENT_LOSS,FULL4D_CML_CONVERGED,3858,7716,3.4140742
MC1_K2_N2_L8_SP0_P2_R07,0,P2,STAGE5_TOEPLITZ_CORRELATED,8,7,1,1,-242.078149188598,-242.025990101436,3.44013740784416e-12,0,1,0.223606797749979,0.255840477625833,-0.0322336798758543,TANGENT_WIN,FULL4D_CML_CONVERGED,3135,6270,2.59337
MC1_K2_N2_L8_SP0_P2_R08,0,P2,STAGE5_TOEPLITZ_CORRELATED,8,8,1,1,-226.982546473459,-226.728700303029,3.22561599082091e-12,0,1,0.173205080756887,0.177444731625678,-0.0042396508687913,TANGENT_WIN,FULL4D_CML_CONVERGED,1477,2954,1.2758924
MC1_K2_N2_L8_SP0_P2_R09,0,P2,STAGE5_TOEPLITZ_CORRELATED,8,9,1,1,-250.606672727392,-249.835305779008,3.56133501678914e-12,0,1,0.360555127546399,0.3193429599283,0.0412121676180993,TANGENT_LOSS,FULL4D_CML_STATIONARY,1584,3168,1.3367509
MC1_K2_N2_L8_SP0_P2_R10,0,P2,STAGE5_TOEPLITZ_CORRELATED,8,10,1,1,-252.327136605883,-252.260217630085,3.58578427900913e-12,0,1,0.144938876285776,0.221158924158881,-0.0762200478731051,TANGENT_WIN,FULL4D_CML_MAX_SWEEPS_VALID,4161,8322,3.6984654
MC1_K2_N2_L8_SP0_P3_R01,0,P3,STAGE5_TOEPLITZ_CORRELATED,8,1,1,1,-258.806265128171,-258.3473619689,3.67785823312049e-12,0,1,0.165422794390978,0.245467428617746,-0.0800446342267684,TANGENT_WIN,FULL4D_CML_CONVERGED,1467,2934,1.7836432
MC1_K2_N2_L8_SP0_P3_R02,0,P3,STAGE5_TOEPLITZ_CORRELATED,8,2,1,1,-233.267002516869,-232.500984972943,3.31492348261789e-12,0,1,0.19908668395554,0.0798193585926488,0.119267325362891,TANGENT_LOSS,FULL4D_CML_CONVERGED,4095,8190,4.7778516
MC1_K2_N2_L8_SP0_P3_R03,0,P3,STAGE5_TOEPLITZ_CORRELATED,8,3,1,1,-214.981068679047,-212.140535996199,3.0550647335168e-12,0,1,0.100680578027387,0.234979909859006,-0.134299331831619,TANGENT_WIN,FULL4D_CML_MAX_SWEEPS_VALID,3577,7154,4.3576605
MC1_K2_N2_L8_SP0_P3_R04,0,P3,STAGE5_TOEPLITZ_CORRELATED,8,4,1,1,-206.953249363073,-206.707194393197,2.9409825595376e-12,0,1,0.361420807370024,0.420165995373002,-0.0587451880029775,TANGENT_WIN,FULL4D_CML_CONVERGED,4256,8512,5.4051332
MC1_K2_N2_L8_SP0_P3_R05,0,P3,STAGE5_TOEPLITZ_CORRELATED,8,5,1,1,-245.328558872904,-245.047924673892,3.48632850763272e-12,0,1,0.199621884043905,0.638287727139106,-0.438665843095201,TANGENT_WIN,FULL4D_CML_MAX_SWEEPS_VALID,2999,5998,3.4893679
MC1_K2_N2_L8_SP0_P3_R06,0,P3,STAGE5_TOEPLITZ_CORRELATED,8,6,1,1,-235.897725971194,-235.89204674406,3.35230831142317e-12,0,1,0.413067791046458,0.446956682336664,-0.033888891290206,TANGENT_WIN,FULL4D_CML_CONVERGED,1437,2874,1.7213961
MC1_K2_N2_L8_SP0_P3_R07,0,P3,STAGE5_TOEPLITZ_CORRELATED,8,7,1,1,-223.018422717177,-222.961872271948,3.16928240404731e-12,0,1,0.216244106702751,0.219545153234157,-0.00330104653140584,TANGENT_WIN,FULL4D_CML_MAX_SWEEPS_VALID,4242,8484,5.0416101
MC1_K2_N2_L8_SP0_P3_R08,0,P3,STAGE5_TOEPLITZ_CORRELATED,8,8,1,1,-245.049570216399,-244.701466244099,3.48236384036794e-12,0,1,0.275,0.0825172452825858,0.192482754717414,TANGENT_LOSS,FULL4D_CML_CONVERGED,3861,7722,5.0776996
MC1_K2_N2_L8_SP0_P3_R09,0,P3,STAGE5_TOEPLITZ_CORRELATED,8,9,1,1,-248.0492547595,-246.944480817922,3.52499192160138e-12,0,1,0.0920914587643915,0.242538463698503,-0.150447004934111,TANGENT_WIN,FULL4D_CML_MAX_SWEEPS_VALID,4452,8904,5.8914525
MC1_K2_N2_L8_SP0_P3_R10,0,P3,STAGE5_TOEPLITZ_CORRELATED,8,10,1,1,-249.267568701411,-249.267568701411,3.54230520402739e-12,0,1,0.608789783094296,0.608789783094296,3.33066907387547e-16,TIE,FULL4D_CML_STATIONARY,888,1776,1.0397852
MC1_K2_N2_L8_SP0_P4_R01,0,P4,STAGE5_TOEPLITZ_CORRELATED,8,1,1,1,-233.269000862179,-233.202470365499,3.31495188081276e-12,0,1,0.579225798214255,0.580208158800895,-0.000982360586640141,TANGENT_WIN,FULL4D_CML_CONVERGED,1449,2898,1.7583699
MC1_K2_N2_L8_SP0_P4_R02,0,P4,STAGE5_TOEPLITZ_CORRELATED,8,2,1,1,-232.143271381655,-231.409777919833,3.29895430271641e-12,0,1,0.127538963325729,0.184822570683275,-0.0572836073575461,TANGENT_WIN,FULL4D_CML_MAX_SWEEPS_VALID,4369,8738,5.17211
MC1_K2_N2_L8_SP0_P4_R03,0,P4,STAGE5_TOEPLITZ_CORRELATED,8,3,1,1,-233.683224474761,-233.672439726982,3.32083835239077e-12,0,1,0.145505598722747,0.154360713102593,-0.00885511437984604,TANGENT_WIN,FULL4D_CML_CONVERGED,3959,7918,4.790503
MC1_K2_N2_L8_SP0_P4_R04,0,P4,STAGE5_TOEPLITZ_CORRELATED,8,4,1,1,-217.307161779131,-217.22765778364,3.08812050461613e-12,0,1,0.110477545476784,0.114552596272203,-0.00407505079541887,TANGENT_WIN,FULL4D_CML_MAX_SWEEPS_VALID,4621,9242,5.5778676
MC1_K2_N2_L8_SP0_P4_R05,0,P4,STAGE5_TOEPLITZ_CORRELATED,8,5,1,1,-223.628818501977,-222.899868582235,3.17795664986387e-12,0,1,0.266191405526679,0.4793928794344,-0.213201473907721,TANGENT_WIN,FULL4D_CML_MAX_SWEEPS_VALID,4577,9154,5.6239667
MC1_K2_N2_L8_SP0_P4_R06,0,P4,STAGE5_TOEPLITZ_CORRELATED,8,6,1,1,-239.666529488744,-239.665999121587,3.40586623066122e-12,0,1,0.502567003621215,0.502502994288737,6.40093324780766e-05,TANGENT_LOSS,FULL4D_CML_STATIONARY,1688,3376,1.4723054
MC1_K2_N2_L8_SP0_P4_R07,0,P4,STAGE5_TOEPLITZ_CORRELATED,8,7,1,1,-234.949139104424,-234.703809459282,3.33882808127476e-12,0,1,0.0755295712104419,0.257690760678993,-0.182161189468551,TANGENT_WIN,FULL4D_CML_CONVERGED,4386,8772,3.8463741
MC1_K2_N2_L8_SP0_P4_R08,0,P4,STAGE5_TOEPLITZ_CORRELATED,8,8,1,1,-243.663235148414,-243.610696888556,3.46266283413021e-12,0,1,0.200231959945168,0.19834847354731,0.00188348639785846,TANGENT_LOSS,FULL4D_CML_CONVERGED,2260,4520,1.9927221
MC1_K2_N2_L8_SP0_P4_R09,0,P4,STAGE5_TOEPLITZ_CORRELATED,8,9,1,1,-207.006417782727,-206.8575916345,2.94173812822474e-12,0,1,0.502567003621215,0.511599388845939,-0.00903238522472427,TANGENT_WIN,FULL4D_CML_STATIONARY,861,1722,0.8635153
MC1_K2_N2_L8_SP0_P4_R10,0,P4,STAGE5_TOEPLITZ_CORRELATED,8,10,1,1,-211.291387337319,-210.985622618589,3.00263120802411e-12,0,1,0.0565238662154329,0.159010053468768,-0.102486187253335,TANGENT_WIN,FULL4D_CML_MAX_SWEEPS_VALID,4497,8994,3.9545795
MC1_K2_N2_L8_SP10_P1_R01,10,P1,STAGE5_TOEPLITZ_CORRELATED,8,1,1,1,-224.613645632295,-224.320525016402,3.19195188513241e-12,0,1,0.0810954465710164,0.129697035220733,-0.0486015886497166,TANGENT_WIN,FULL4D_CML_CONVERGED,4281,8562,3.5730061
MC1_K2_N2_L8_SP10_P1_R02,10,P1,STAGE5_TOEPLITZ_CORRELATED,8,2,1,1,-235.610319428556,-235.407714212803,3.34822401880155e-12,0,1,0.0535204848125986,0.0741358014079121,-0.0206153165953135,TANGENT_WIN,FULL4D_CML_MAX_SWEEPS_VALID,4934,9868,4.1412299
MC1_K2_N2_L8_SP10_P1_R03,10,P1,STAGE5_TOEPLITZ_CORRELATED,8,3,1,1,-260.64420846909,-260.388750468778,3.70397697891306e-12,0,1,0.371008337180735,0.361725330112207,0.00928300706852825,TANGENT_LOSS,FULL4D_CML_MAX_SWEEPS_VALID,4691,9382,3.9060055
MC1_K2_N2_L8_SP10_P1_R04,10,P1,STAGE5_TOEPLITZ_CORRELATED,8,4,1,1,-246.550285515988,-246.447258312524,3.50369028745928e-12,0,1,0.114323440029842,0.109907262892153,0.00441617713768928,TANGENT_LOSS,FULL4D_CML_MAX_SWEEPS_VALID,5098,10196,4.2938749
MC1_K2_N2_L8_SP10_P1_R05,10,P1,STAGE5_TOEPLITZ_CORRELATED,8,5,1,1,-238.967972711952,-238.5357346819,3.39593914179591e-12,0,1,0.371008337180735,0.358552006134264,0.0124563310464709,TANGENT_LOSS,FULL4D_CML_MAX_SWEEPS_VALID,5489,10978,4.8159502
MC1_K2_N2_L8_SP10_P1_R06,10,P1,STAGE5_TOEPLITZ_CORRELATED,8,6,1,1,-229.595391110179,-229.273994571865,3.26274674634674e-12,0,1,0.122230814920606,0.120116155788677,0.00211465913192901,TANGENT_LOSS,FULL4D_CML_CONVERGED,4485,8970,3.7254932
MC1_K2_N2_L8_SP10_P1_R07,10,P1,STAGE5_TOEPLITZ_CORRELATED,8,7,1,1,-210.321040125508,-209.61565367519,2.98884174477377e-12,0,1,0.149827186843238,0.169896182427231,-0.0200689955839931,TANGENT_WIN,FULL4D_CML_MAX_SWEEPS_VALID,5230,10460,4.5885429
MC1_K2_N2_L8_SP10_P1_R08,10,P1,STAGE5_TOEPLITZ_CORRELATED,8,8,1,1,-206.620538764383,-206.296505113196,2.93625445755741e-12,0,1,0.155206453157948,0.212423433271906,-0.0572169801139583,TANGENT_WIN,FULL4D_CML_MAX_SWEEPS_VALID,5139,10278,7.1262723
MC1_K2_N2_L8_SP10_P1_R09,10,P1,STAGE5_TOEPLITZ_CORRELATED,8,9,1,1,-248.939261168607,-248.775093448262,3.5376396733768e-12,0,1,0.0378153401496834,0.102105484274652,-0.0642901441249684,TANGENT_WIN,FULL4D_CML_MAX_SWEEPS_VALID,4993,9986,6.1547019
MC1_K2_N2_L8_SP10_P1_R10,10,P1,STAGE5_TOEPLITZ_CORRELATED,8,10,1,1,-230.210496235233,-229.962481322055,3.27148791591345e-12,0,1,0.141681308325435,0.148706283487574,-0.00702497516213929,TANGENT_WIN,FULL4D_CML_MAX_SWEEPS_VALID,5232,10464,6.1773196
MC1_K2_N2_L8_SP10_P2_R01,10,P2,STAGE5_TOEPLITZ_CORRELATED,8,1,1,1,-245.64635894588,-244.70062762805,3.49084471829826e-12,0,1,0.499999999999999,0.514339721672333,-0.0143397216723339,TANGENT_WIN,FULL4D_CML_MAX_SWEEPS_VALID,4085,8170,4.7532082
MC1_K2_N2_L8_SP10_P2_R02,10,P2,STAGE5_TOEPLITZ_CORRELATED,8,2,1,1,-233.266344887019,-232.987574529703,3.31491413713563e-12,0,1,0.229433191626031,0.200462527356306,0.0289706642697248,TANGENT_LOSS,FULL4D_CML_CONVERGED,4004,8008,5.9717189
MC1_K2_N2_L8_SP10_P2_R03,10,P2,STAGE5_TOEPLITZ_CORRELATED,8,3,1,1,-238.144322098671,-237.658963576926,3.38423436259448e-12,0,1,0.118369523828272,0.484792206425722,-0.36642268259745,TANGENT_WIN,FULL4D_CML_MAX_SWEEPS_VALID,5405,10810,6.5357503
MC1_K2_N2_L8_SP10_P2_R04,10,P2,STAGE5_TOEPLITZ_CORRELATED,8,4,1,1,-231.0831857044,-230.058741662604,3.28388957917127e-12,0,1,0.264575131106459,0.401574929993907,-0.136999798887448,TANGENT_WIN,FULL4D_CML_MAX_SWEEPS_VALID,2587,5174,3.2393398
MC1_K2_N2_L8_SP10_P2_R05,10,P2,STAGE5_TOEPLITZ_CORRELATED,8,5,1,1,-229.506220375214,-228.739291198693,3.2614795539873e-12,0,1,0.142073625922403,0.203433763428283,-0.0613601375058803,TANGENT_WIN,FULL4D_CML_MAX_SWEEPS_VALID,5446,10892,4.7163554
MC1_K2_N2_L8_SP10_P2_R06,10,P2,STAGE5_TOEPLITZ_CORRELATED,8,6,1,1,-237.02962972115,-236.812136372013,3.36839363116539e-12,0,1,0.300000000000001,0.293858010998952,0.00614198900104929,TANGENT_LOSS,FULL4D_CML_MAX_SWEEPS_VALID,5239,10478,4.3223045
MC1_K2_N2_L8_SP10_P2_R07,10,P2,STAGE5_TOEPLITZ_CORRELATED,8,7,1,1,-241.900363828268,-241.012999736834,3.43761092591802e-12,0,1,0.120302358442409,0.221438949440396,-0.101136590997987,TANGENT_WIN,FULL4D_CML_MAX_SWEEPS_VALID,5047,10094,4.2830797
MC1_K2_N2_L8_SP10_P2_R08,10,P2,STAGE5_TOEPLITZ_CORRELATED,8,8,1,1,-228.929311972517,-228.386316535909,3.25328119249259e-12,0,1,0.183844829043167,0.181232027403193,0.00261280163997435,TANGENT_LOSS,FULL4D_CML_MAX_SWEEPS_VALID,3768,7536,3.1267037
MC1_K2_N2_L8_SP10_P2_R09,10,P2,STAGE5_TOEPLITZ_CORRELATED,8,9,1,1,-250.275044427942,-249.9580851832,3.55662229520621e-12,0,1,0.264575131106459,0.255757629496493,0.00881750160996597,TANGENT_LOSS,FULL4D_CML_STATIONARY,2310,4620,2.0426607
MC1_K2_N2_L8_SP10_P2_R10,10,P2,STAGE5_TOEPLITZ_CORRELATED,8,10,1,1,-252.951529458134,-252.31029418121,3.59465743511768e-12,0,1,0.117194119091438,0.271268317795372,-0.154074198703934,TANGENT_WIN,FULL4D_CML_MAX_SWEEPS_VALID,5225,10450,5.8495264
MC1_K2_N2_L8_SP10_P3_R01,10,P3,STAGE5_TOEPLITZ_CORRELATED,8,1,1,1,-259.086451917632,-258.481713588383,3.68183992687864e-12,0,1,0.0699512919097315,0.215675002548766,-0.145723710639034,TANGENT_WIN,FULL4D_CML_MAX_SWEEPS_VALID,4749,9498,5.6845012
MC1_K2_N2_L8_SP10_P3_R02,10,P3,STAGE5_TOEPLITZ_CORRELATED,8,2,1,1,-232.772065071612,-232.450369936136,3.30788999849022e-12,0,1,0.0619099822723772,0.0419242885008133,0.0199856937715639,TANGENT_LOSS,FULL4D_CML_CONVERGED,5141,10282,6.5078368
MC1_K2_N2_L8_SP10_P3_R03,10,P3,STAGE5_TOEPLITZ_CORRELATED,8,3,1,1,-214.067242145209,-211.417777727018,3.04207847740953e-12,0,1,0.301039864469806,0.237900365346784,0.0631394991230216,TANGENT_LOSS,FULL4D_CML_MAX_SWEEPS_VALID,5271,10542,6.2671388
MC1_K2_N2_L8_SP10_P3_R04,10,P3,STAGE5_TOEPLITZ_CORRELATED,8,4,1,1,-208.198733806966,-207.061690900691,2.95868195801981e-12,0,1,0.0866923716797217,0.307897866315951,-0.221205494636229,TANGENT_WIN,FULL4D_CML_MAX_SWEEPS_VALID,4762,9524,5.5141251
MC1_K2_N2_L8_SP10_P3_R05,10,P3,STAGE5_TOEPLITZ_CORRELATED,8,5,1,1,-245.383461241633,-245.048307004472,3.48710871721825e-12,0,1,0.0487840148675806,0.167247373782157,-0.118463358914577,TANGENT_WIN,FULL4D_CML_CONVERGED,3720,7440,4.5558513
MC1_K2_N2_L8_SP10_P3_R06,10,P3,STAGE5_TOEPLITZ_CORRELATED,8,6,1,1,-236.589187781383,-236.236917860335,3.36213457474888e-12,0,1,0.0783074140369915,0.253786527995572,-0.175479113958581,TANGENT_WIN,FULL4D_CML_MAX_SWEEPS_VALID,5038,10076,5.8567713
MC1_K2_N2_L8_SP10_P3_R07,10,P3,STAGE5_TOEPLITZ_CORRELATED,8,7,1,1,-223.35837387059,-223.296356760995,3.17411340049873e-12,0,1,0.096339838111812,0.202029287394314,-0.105689449282502,TANGENT_WIN,FULL4D_CML_CONVERGED,4958,9916,5.8385924
MC1_K2_N2_L8_SP10_P3_R08,10,P3,STAGE5_TOEPLITZ_CORRELATED,8,8,1,1,-245.202628618645,-244.781769311569,3.4845389310852e-12,0,1,0.0578985753328579,0.163366857026768,-0.10546828169391,TANGENT_WIN,FULL4D_CML_MAX_SWEEPS_VALID,3997,7994,4.9597954
MC1_K2_N2_L8_SP10_P3_R09,10,P3,STAGE5_TOEPLITZ_CORRELATED,8,9,1,1,-248.211067411453,-246.506447783096,3.52729141768937e-12,0,1,0.301039864469807,0.247612892445333,0.0534269720244742,TANGENT_LOSS,FULL4D_CML_MAX_SWEEPS_VALID,5270,10540,7.2445077
MC1_K2_N2_L8_SP10_P3_R10,10,P3,STAGE5_TOEPLITZ_CORRELATED,8,10,1,1,-246.98737677315,-246.916122025751,3.50990172781209e-12,0,1,0.50062460986252,0.47277085267923,0.0278537571832902,TANGENT_LOSS,FULL4D_CML_STATIONARY,816,1632,0.9773813
MC1_K2_N2_L8_SP10_P4_R01,10,P4,STAGE5_TOEPLITZ_CORRELATED,8,1,1,1,-233.727221314156,-233.383738208901,3.32146358508334e-12,0,1,0.276976043643739,0.386681019740178,-0.109704976096439,TANGENT_WIN,FULL4D_CML_MAX_SWEEPS_VALID,4100,8200,4.8393638
MC1_K2_N2_L8_SP10_P4_R02,10,P4,STAGE5_TOEPLITZ_CORRELATED,8,2,1,1,-232.251919504699,-232.079438966193,3.30049828540807e-12,0,1,0.109037388702141,0.128522184278396,-0.0194847955762553,TANGENT_WIN,FULL4D_CML_MAX_SWEEPS_VALID,5224,10448,6.1896001
MC1_K2_N2_L8_SP10_P4_R03,10,P4,STAGE5_TOEPLITZ_CORRELATED,8,3,1,1,-234.315525482836,-234.317281033429,3.3298238901528e-12,1,0,0.080987612293856,0.0901934649358658,-0.00920585264200983,TANGENT_WIN,FULL4D_CML_MAX_SWEEPS_VALID,4983,9966,5.8835379
MC1_K2_N2_L8_SP10_P4_R04,10,P4,STAGE5_TOEPLITZ_CORRELATED,8,4,1,1,-217.765688340407,-217.328804354178,3.09463655896148e-12,0,1,0.058643117162515,0.168855765976521,-0.110212648814006,TANGENT_WIN,FULL4D_CML_MAX_SWEEPS_VALID,4934,9868,5.917597
MC1_K2_N2_L8_SP10_P4_R05,10,P4,STAGE5_TOEPLITZ_CORRELATED,8,5,1,1,-226.197247329821,-223.29624835903,3.2144562187827e-12,0,1,0.0856710440648232,0.2588117455341,-0.173140701469277,TANGENT_WIN,FULL4D_CML_MAX_SWEEPS_VALID,5345,10690,4.8057933
MC1_K2_N2_L8_SP10_P4_R06,10,P4,STAGE5_TOEPLITZ_CORRELATED,8,6,1,1,-242.15613512044,-240.314084698522,3.4412456545914e-12,0,1,0.276976043643739,0.41673821198252,-0.139762168338781,TANGENT_WIN,FULL4D_CML_MAX_SWEEPS_VALID,4920,9840,4.3134807
MC1_K2_N2_L8_SP10_P4_R07,10,P4,STAGE5_TOEPLITZ_CORRELATED,8,7,1,1,-236.788774142259,-235.881221179427,3.36497086752642e-12,0,1,0.0660244255392305,0.502992604854742,-0.436968179315512,TANGENT_WIN,FULL4D_CML_STATIONARY,5118,10236,4.4466119
MC1_K2_N2_L8_SP10_P4_R08,10,P4,STAGE5_TOEPLITZ_CORRELATED,8,8,1,1,-245.234649594159,-245.076104136879,3.48499397651607e-12,0,1,0.141440607641234,0.178370858359369,-0.0369302507181346,TANGENT_WIN,FULL4D_CML_CONVERGED,4747,9494,4.2199315
MC1_K2_N2_L8_SP10_P4_R09,10,P4,STAGE5_TOEPLITZ_CORRELATED,8,9,1,1,-207.736002773632,-205.266269823983,2.95210615453288e-12,0,1,0.276976043643739,0.372265263677814,-0.0952892200340753,TANGENT_WIN,FULL4D_CML_CONVERGED,4156,8312,3.7992107
MC1_K2_N2_L8_SP10_P4_R10,10,P4,STAGE5_TOEPLITZ_CORRELATED,8,10,1,1,-211.907372689833,-211.445400294402,3.01138488637538e-12,0,1,0.0547421016192404,0.146638971784036,-0.091896870164796,TANGENT_WIN,FULL4D_CML_MAX_SWEEPS_VALID,5259,10518,4.730187
MC1_K2_N2_L8_SP14_P1_R01,14,P1,STAGE5_TOEPLITZ_CORRELATED,8,1,1,1,-224.469460322761,-224.411223413359,3.18990288864656e-12,0,1,0.0929881982616312,0.0959601017043598,-0.00297190344272859,TANGENT_WIN,FULL4D_CML_MAX_SWEEPS_VALID,5040,10080,4.2191388
MC1_K2_N2_L8_SP14_P1_R02,14,P1,STAGE5_TOEPLITZ_CORRELATED,8,2,1,1,-235.570114706716,-235.458973049719,3.34765267534061e-12,0,1,0.0320251922111811,0.0432845013613497,-0.0112593091501686,TANGENT_WIN,FULL4D_CML_MAX_SWEEPS_VALID,4954,9908,4.1765127
MC1_K2_N2_L8_SP14_P1_R03,14,P1,STAGE5_TOEPLITZ_CORRELATED,8,3,1,1,-261.386058332224,-260.897381505214,3.71451929953855e-12,0,1,0.242611602552744,0.247671469957506,-0.00505986740476161,TANGENT_WIN,FULL4D_CML_MAX_SWEEPS_VALID,5204,10408,4.2961844
MC1_K2_N2_L8_SP14_P1_R04,14,P1,STAGE5_TOEPLITZ_CORRELATED,8,4,1,1,-246.571874886886,-246.40547412443,3.5039970908725e-12,0,1,0.0767844912952631,0.0984192981130805,-0.0216348068178174,TANGENT_WIN,FULL4D_CML_MAX_SWEEPS_VALID,4972,9944,4.2512955
MC1_K2_N2_L8_SP14_P1_R05,14,P1,STAGE5_TOEPLITZ_CORRELATED,8,5,1,1,-239.348247656687,-239.328264057214,3.40134317378737e-12,0,1,0.110224816338868,0.111156879186311,-0.000932062847443474,TANGENT_WIN,FULL4D_CML_MAX_SWEEPS_VALID,4839,9678,4.022726
MC1_K2_N2_L8_SP14_P1_R06,14,P1,STAGE5_TOEPLITZ_CORRELATED,8,6,1,1,-229.592826113735,-229.099103636233,3.26271029555492e-12,0,1,0.0894897032535334,0.110589296645599,-0.0210995933920659,TANGENT_WIN,FULL4D_CML_MAX_SWEEPS_VALID,5105,10210,4.3021262
MC1_K2_N2_L8_SP14_P1_R07,14,P1,STAGE5_TOEPLITZ_CORRELATED,8,7,1,1,-210.048681874934,-209.684386617884,2.98497130124437e-12,0,1,0.149573033893938,0.157490833106265,-0.00791779921232655,TANGENT_WIN,FULL4D_CML_MAX_SWEEPS_VALID,5235,10470,4.9796621
MC1_K2_N2_L8_SP14_P1_R08,14,P1,STAGE5_TOEPLITZ_CORRELATED,8,8,1,1,-206.348725035616,-206.307184410128,2.93239175214831e-12,0,1,0.151919717068653,0.16118537886043,-0.00926566179177693,TANGENT_WIN,FULL4D_CML_MAX_SWEEPS_VALID,4955,9910,6.0105972
MC1_K2_N2_L8_SP14_P1_R09,14,P1,STAGE5_TOEPLITZ_CORRELATED,8,9,1,1,-249.007901369955,-248.838981902057,3.53861510930578e-12,0,1,0.0185911183504911,0.0874025822007963,-0.0688114638503052,TANGENT_WIN,FULL4D_CML_MAX_SWEEPS_VALID,4886,9772,6.0591926
MC1_K2_N2_L8_SP14_P1_R10,14,P1,STAGE5_TOEPLITZ_CORRELATED,8,10,1,1,-230.155943979463,-229.91797389076,3.27071268173232e-12,0,1,0.141681308325435,0.138398490889757,0.00328281743567824,TANGENT_LOSS,FULL4D_CML_MAX_SWEEPS_VALID,5236,10472,6.1464592
MC1_K2_N2_L8_SP14_P2_R01,14,P2,STAGE5_TOEPLITZ_CORRELATED,8,1,1,1,-245.781550410407,-245.451108050419,3.49276590455939e-12,0,1,0.133496356369049,0.189609772423235,-0.0561134160541858,TANGENT_WIN,FULL4D_CML_MAX_SWEEPS_VALID,4381,8762,5.6145915
MC1_K2_N2_L8_SP14_P2_R02,14,P2,STAGE5_TOEPLITZ_CORRELATED,8,2,1,1,-233.375325336928,-233.077260505105,3.31646284247608e-12,0,1,0.181126232277061,0.22070281674603,-0.0395765844689688,TANGENT_WIN,FULL4D_CML_MAX_SWEEPS_VALID,3818,7636,5.3311958
MC1_K2_N2_L8_SP14_P2_R03,14,P2,STAGE5_TOEPLITZ_CORRELATED,8,3,1,1,-238.145308675318,-237.784287206974,3.38424838269188e-12,0,1,0.223606797749979,0.218960415449368,0.00464638230061118,TANGENT_LOSS,FULL4D_CML_MAX_SWEEPS_VALID,3661,7322,4.3710986
MC1_K2_N2_L8_SP14_P2_R04,14,P2,STAGE5_TOEPLITZ_CORRELATED,8,4,1,1,-231.126149943478,-230.544243359645,3.28450013773076e-12,0,1,0.299999999999999,0.336866026421937,-0.0368660264219379,TANGENT_WIN,FULL4D_CML_MAX_SWEEPS_VALID,1403,2806,1.6424125
MC1_K2_N2_L8_SP14_P2_R05,14,P2,STAGE5_TOEPLITZ_CORRELATED,8,5,1,1,-229.469685285724,-229.103376815883,3.26096035913855e-12,0,1,0.130715296532022,0.527659333554057,-0.396944037022036,TANGENT_WIN,FULL4D_CML_MAX_SWEEPS_VALID,4947,9894,4.1632814
MC1_K2_N2_L8_SP14_P2_R06,14,P2,STAGE5_TOEPLITZ_CORRELATED,8,6,1,1,-237.42601370933,-236.969967688937,3.37402658643285e-12,0,1,0.264575131106459,0.240924469145912,0.0236506619605469,TANGENT_LOSS,FULL4D_CML_MAX_SWEEPS_VALID,3550,7100,3.0142404
MC1_K2_N2_L8_SP14_P2_R07,14,P2,STAGE5_TOEPLITZ_CORRELATED,8,7,1,1,-241.886315161982,-240.510171512505,3.43741128236249e-12,0,1,0.0877211612172012,0.255765157589686,-0.168043996372485,TANGENT_WIN,FULL4D_CML_STATIONARY,4751,9502,3.9630669
MC1_K2_N2_L8_SP14_P2_R08,14,P2,STAGE5_TOEPLITZ_CORRELATED,8,8,1,1,-233.875136036148,-233.750286148176,3.3235655797078e-12,0,1,0.102906154859023,0.13539009177604,-0.0324839369170172,TANGENT_WIN,FULL4D_CML_MAX_SWEEPS_VALID,5242,10484,4.4438001
MC1_K2_N2_L8_SP14_P2_R09,14,P2,STAGE5_TOEPLITZ_CORRELATED,8,9,1,1,-250.99207525994,-250.066028203221,3.56681191618605e-12,0,1,0.264575131106459,0.250229995474671,0.0143451356317881,TANGENT_LOSS,FULL4D_CML_MAX_SWEEPS_VALID,4572,9144,3.9426426
MC1_K2_N2_L8_SP14_P2_R10,14,P2,STAGE5_TOEPLITZ_CORRELATED,8,10,1,1,-253.566762970789,-252.650187689499,3.60340042918195e-12,0,1,0.116106612950757,0.269719213290014,-0.153612600339257,TANGENT_WIN,FULL4D_CML_MAX_SWEEPS_VALID,3513,7026,4.2064418
MC1_K2_N2_L8_SP14_P3_R01,14,P3,STAGE5_TOEPLITZ_CORRELATED,8,1,1,1,-259.223319127062,-258.697610273266,3.68378492690712e-12,0,1,0.0552057471156871,0.177975744004428,-0.122769996888741,TANGENT_WIN,FULL4D_CML_MAX_SWEEPS_VALID,4955,9910,6.0055393
MC1_K2_N2_L8_SP14_P3_R02,14,P3,STAGE5_TOEPLITZ_CORRELATED,8,2,1,1,-232.662645839624,-232.458445524136,3.30633505768139e-12,0,1,0.0575191476128225,0.0349466683304558,0.0225724792823667,TANGENT_LOSS,FULL4D_CML_STATIONARY,4870,9740,5.6609068
MC1_K2_N2_L8_SP14_P3_R03,14,P3,STAGE5_TOEPLITZ_CORRELATED,8,3,1,1,-213.865207556864,-211.195129066744,3.03920739322712e-12,0,1,0.0755139630293347,0.243119413604886,-0.167605450575552,TANGENT_WIN,FULL4D_CML_MAX_SWEEPS_VALID,5061,10122,6.0909964
MC1_K2_N2_L8_SP14_P3_R04,14,P3,STAGE5_TOEPLITZ_CORRELATED,8,4,1,1,-208.46985265905,-207.45979993807,2.96253478863733e-12,0,1,0.0796852728009329,0.30932783381971,-0.229642561018777,TANGENT_WIN,FULL4D_CML_MAX_SWEEPS_VALID,4728,9456,5.5467429
MC1_K2_N2_L8_SP14_P3_R05,14,P3,STAGE5_TOEPLITZ_CORRELATED,8,5,1,1,-245.310442755634,-244.815010432737,3.48607106212219e-12,0,1,0.0360445347696258,0.164818507559206,-0.12877397278958,TANGENT_WIN,FULL4D_CML_CONVERGED,4289,8578,5.1183808
MC1_K2_N2_L8_SP14_P3_R06,14,P3,STAGE5_TOEPLITZ_CORRELATED,8,6,1,1,-236.56491561045,-236.540187238934,3.36178964645413e-12,0,1,0.0760727791887314,0.172604462446401,-0.0965316832576698,TANGENT_WIN,FULL4D_CML_MAX_SWEEPS_VALID,4975,9950,5.9338536
MC1_K2_N2_L8_SP14_P3_R07,14,P3,STAGE5_TOEPLITZ_CORRELATED,8,7,1,1,-223.47947331449,-223.4496604949,3.17583432710208e-12,0,1,0.0550802801991258,0.120715947487491,-0.065635667288365,TANGENT_WIN,FULL4D_CML_MAX_SWEEPS_VALID,5002,10004,5.8954822
MC1_K2_N2_L8_SP14_P3_R08,14,P3,STAGE5_TOEPLITZ_CORRELATED,8,8,1,1,-245.311364513374,-244.572348412101,3.48608416108752e-12,0,1,0.0334930609823931,0.161238016314465,-0.127744955332072,TANGENT_WIN,FULL4D_CML_MAX_SWEEPS_VALID,4202,8404,5.0356033
MC1_K2_N2_L8_SP14_P3_R09,14,P3,STAGE5_TOEPLITZ_CORRELATED,8,9,1,1,-248.990761098027,-247.063473576166,3.53837153139163e-12,0,1,0.0749727738838619,0.245867251802467,-0.170894477918605,TANGENT_WIN,FULL4D_CML_MAX_SWEEPS_VALID,5238,10476,6.9674612
MC1_K2_N2_L8_SP14_P3_R10,14,P3,STAGE5_TOEPLITZ_CORRELATED,8,10,1,1,-250.198985115175,-246.189191740033,3.55554142736274e-12,0,1,0.103077640640442,0.38463780562539,-0.281560164984948,TANGENT_WIN,FULL4D_CML_CONVERGED,1558,3116,1.8353811
MC1_K2_N2_L8_SP14_P4_R01,14,P4,STAGE5_TOEPLITZ_CORRELATED,8,1,1,1,-234.068584385971,-233.616860687505,3.32631464610203e-12,0,1,0.0966550740314695,0.285316581735616,-0.188661507704146,TANGENT_WIN,FULL4D_CML_MAX_SWEEPS_VALID,4777,9554,5.6679671
MC1_K2_N2_L8_SP14_P4_R02,14,P4,STAGE5_TOEPLITZ_CORRELATED,8,2,1,1,-232.902022683806,-232.777306402429,3.30973680723625e-12,0,1,0.109718244430371,0.131493740445378,-0.0217754960150068,TANGENT_WIN,FULL4D_CML_MAX_SWEEPS_VALID,5178,10356,6.0992716
MC1_K2_N2_L8_SP14_P4_R03,14,P4,STAGE5_TOEPLITZ_CORRELATED,8,3,1,1,-234.658433712869,-234.587870099791,3.33469690919044e-12,0,1,0.0732558124709814,0.155573180054011,-0.0823173675830299,TANGENT_WIN,FULL4D_CML_MAX_SWEEPS_VALID,4912,9824,6.5395321
MC1_K2_N2_L8_SP14_P4_R04,14,P4,STAGE5_TOEPLITZ_CORRELATED,8,4,1,1,-217.938744183228,-217.281956495487,3.09709583040143e-12,0,1,0.0545025326634947,0.275760400992528,-0.221257868329033,TANGENT_WIN,FULL4D_CML_MAX_SWEEPS_VALID,5086,10172,6.290916
MC1_K2_N2_L8_SP14_P4_R05,14,P4,STAGE5_TOEPLITZ_CORRELATED,8,5,1,1,-226.067610463363,-223.190546153177,3.21261396810773e-12,0,1,0.0762899004590303,0.224203795127562,-0.147913894668531,TANGENT_WIN,FULL4D_CML_MAX_SWEEPS_VALID,5144,10288,4.6207558
MC1_K2_N2_L8_SP14_P4_R06,14,P4,STAGE5_TOEPLITZ_CORRELATED,8,6,1,1,-242.08769082578,-240.611526645997,3.4402730026639e-12,0,1,0.10137493429331,0.264866094591142,-0.163491160297832,TANGENT_WIN,FULL4D_CML_MAX_SWEEPS_VALID,5115,10230,4.5081132
MC1_K2_N2_L8_SP14_P4_R07,14,P4,STAGE5_TOEPLITZ_CORRELATED,8,7,1,1,-237.016536834479,-236.555564518441,3.36820757005511e-12,0,1,0.0670839168208214,0.143164734671707,-0.0760808178508853,TANGENT_WIN,FULL4D_CML_MAX_SWEEPS_VALID,5074,10148,4.5781994
MC1_K2_N2_L8_SP14_P4_R08,14,P4,STAGE5_TOEPLITZ_CORRELATED,8,8,1,1,-247.809472444031,-247.256799131093,3.52158440995298e-12,0,1,0.11463311410194,0.162633215685197,-0.0480001015832567,TANGENT_WIN,FULL4D_CML_MAX_SWEEPS_VALID,5082,10164,4.4059939
MC1_K2_N2_L8_SP14_P4_R09,14,P4,STAGE5_TOEPLITZ_CORRELATED,8,9,1,1,-207.214976241882,-204.854524750852,2.94470192218742e-12,0,1,0.131622193634485,0.294283823667534,-0.162661630033049,TANGENT_WIN,FULL4D_CML_MAX_SWEEPS_VALID,4865,9730,4.5323716
MC1_K2_N2_L8_SP14_P4_R10,14,P4,STAGE5_TOEPLITZ_CORRELATED,8,10,1,1,-212.576352951452,-212.088759383998,3.02089166768059e-12,0,1,0.054096416653507,0.143962729376984,-0.0898663127234768,TANGENT_WIN,FULL4D_CML_MAX_SWEEPS_VALID,5167,10334,4.591103
MC1_K2_N2_L8_SP18_P1_R01,18,P1,STAGE5_TOEPLITZ_CORRELATED,8,1,1,1,-224.488955794895,-224.458285558291,3.19017993596866e-12,0,1,0.0601781391359918,0.0616228448525893,-0.00144470571659751,TANGENT_WIN,FULL4D_CML_MAX_SWEEPS_VALID,4970,9940,4.2939262
MC1_K2_N2_L8_SP18_P1_R02,18,P1,STAGE5_TOEPLITZ_CORRELATED,8,2,1,1,-235.539811486368,-235.496868878282,3.34722204067884e-12,0,1,0.0202237793778589,0.0292246752057158,-0.00900089582785686,TANGENT_WIN,FULL4D_CML_MAX_SWEEPS_VALID,4938,9876,4.1399651
MC1_K2_N2_L8_SP18_P1_R03,18,P1,STAGE5_TOEPLITZ_CORRELATED,8,3,1,1,-262.595384426139,-261.090686457427,3.73170485696248e-12,0,1,0.0529865791615747,0.15582006835993,-0.102833489198355,TANGENT_WIN,FULL4D_CML_MAX_SWEEPS_VALID,5145,10290,4.2422512
MC1_K2_N2_L8_SP18_P1_R04,18,P1,STAGE5_TOEPLITZ_CORRELATED,8,4,1,1,-246.58277853213,-246.420531633184,3.50415204099093e-12,0,1,0.0501279697188962,0.0663162823865207,-0.0161883126676245,TANGENT_WIN,FULL4D_CML_MAX_SWEEPS_VALID,4959,9918,4.2531854
MC1_K2_N2_L8_SP18_P1_R05,18,P1,STAGE5_TOEPLITZ_CORRELATED,8,5,1,1,-239.531939998893,-239.451416222998,3.40395359897475e-12,0,1,0.0679647818926683,0.0711615132287497,-0.00319673133608142,TANGENT_WIN,FULL4D_CML_MAX_SWEEPS_VALID,4836,9672,4.0538387
MC1_K2_N2_L8_SP18_P1_R06,18,P1,STAGE5_TOEPLITZ_CORRELATED,8,6,1,1,-229.59720930969,-228.848813208218,3.26277258451583e-12,0,1,0.0598585567194505,0.101510236543767,-0.0416516798243166,TANGENT_WIN,FULL4D_CML_MAX_SWEEPS_VALID,4987,9974,4.1483841
MC1_K2_N2_L8_SP18_P1_R07,18,P1,STAGE5_TOEPLITZ_CORRELATED,8,7,1,1,-209.697278363597,-209.988599469513,2.97997755699835e-12,1,0,0.149521625477095,0.11422333598845,0.0352982894886449,TANGENT_LOSS,FULL4D_CML_MAX_SWEEPS_VALID,4985,9970,4.8855952
MC1_K2_N2_L8_SP18_P1_R08,18,P1,STAGE5_TOEPLITZ_CORRELATED,8,8,1,1,-206.103607501443,-206.376269704251,2.92890842248202e-12,1,0,0.150478711942715,0.0414486952746305,0.109030016668085,TANGENT_LOSS,FULL4D_CML_MAX_SWEEPS_VALID,4950,9900,5.7478722
MC1_K2_N2_L8_SP18_P1_R09,18,P1,STAGE5_TOEPLITZ_CORRELATED,8,9,1,1,-248.973369444311,-248.844066250349,3.53812438112742e-12,0,1,0.0117715177243167,0.0779487614099809,-0.0661772436856642,TANGENT_WIN,FULL4D_CML_MAX_SWEEPS_VALID,4933,9866,6.0785405
MC1_K2_N2_L8_SP18_P1_R10,18,P1,STAGE5_TOEPLITZ_CORRELATED,8,10,1,1,-230.491798351821,-230.046073811176,3.27548545942336e-12,0,1,0.141681308325435,0.109878720900333,0.0318025874251016,TANGENT_LOSS,FULL4D_CML_MAX_SWEEPS_VALID,4978,9956,6.7316349
MC1_K2_N2_L8_SP18_P2_R01,18,P2,STAGE5_TOEPLITZ_CORRELATED,8,1,1,1,-245.685792402212,-245.789755331716,3.49140510141712e-12,1,0,0.105559403204429,0.166909391979187,-0.0613499887747585,TANGENT_WIN,FULL4D_CML_CONVERGED,4227,8454,4.4573637
MC1_K2_N2_L8_SP18_P2_R02,18,P2,STAGE5_TOEPLITZ_CORRELATED,8,2,1,1,-233.774007057796,-235.454411394532,3.32212845048895e-12,1,0,0.135952757356702,0.0762416177402866,0.0597111396164155,TANGENT_LOSS,FULL4D_CML_CONVERGED,2079,4158,2.8833649
MC1_K2_N2_L8_SP18_P2_R03,18,P2,STAGE5_TOEPLITZ_CORRELATED,8,3,1,1,-238.153173914593,-237.747352775398,3.38436015446452e-12,0,1,0.100000000000001,0.199718123733144,-0.0997181237331432,TANGENT_WIN,FULL4D_CML_MAX_SWEEPS_VALID,3276,6552,4.1312148
MC1_K2_N2_L8_SP18_P2_R04,18,P2,STAGE5_TOEPLITZ_CORRELATED,8,4,1,1,-231.350977571344,-230.949782843593,3.28769513048633e-12,0,1,0.100000000000001,0.168227276883322,-0.068227276883321,TANGENT_WIN,FULL4D_CML_MAX_SWEEPS_VALID,2464,4928,2.1648774
MC1_K2_N2_L8_SP18_P2_R05,18,P2,STAGE5_TOEPLITZ_CORRELATED,8,5,1,1,-229.422461101995,-229.074741744805,3.26028926312453e-12,0,1,0.124509053123052,0.240438333096812,-0.11592927997376,TANGENT_WIN,FULL4D_CML_MAX_SWEEPS_VALID,5076,10152,4.2055499
MC1_K2_N2_L8_SP18_P2_R06,18,P2,STAGE5_TOEPLITZ_CORRELATED,8,6,1,1,-237.580235135372,-237.069300544169,3.3762182047123e-12,0,1,0.100000000000001,0.1274995201418,-0.0274995201417991,TANGENT_WIN,FULL4D_CML_MAX_SWEEPS_VALID,3521,7042,3.1048038
MC1_K2_N2_L8_SP18_P2_R07,18,P2,STAGE5_TOEPLITZ_CORRELATED,8,7,1,1,-241.929588025396,-240.333836519949,3.43802622673758e-12,0,1,0.070054124809784,0.243167220781425,-0.173113095971641,TANGENT_WIN,FULL4D_CML_MAX_SWEEPS_VALID,5088,10176,4.2316891
MC1_K2_N2_L8_SP18_P2_R08,18,P2,STAGE5_TOEPLITZ_CORRELATED,8,8,1,1,-234.308719014506,-233.981557995391,3.32972716442023e-12,0,1,0.112203645526431,0.181457884909159,-0.0692542393827279,TANGENT_WIN,FULL4D_CML_MAX_SWEEPS_VALID,4208,8416,3.5206512
MC1_K2_N2_L8_SP18_P2_R09,18,P2,STAGE5_TOEPLITZ_CORRELATED,8,9,1,1,-251.225007684361,-250.134744345325,3.57012208502796e-12,0,1,0.223606797749979,0.218083085297732,0.00552371245224698,TANGENT_LOSS,FULL4D_CML_MAX_SWEEPS_VALID,4766,9532,4.196218
MC1_K2_N2_L8_SP18_P2_R10,18,P2,STAGE5_TOEPLITZ_CORRELATED,8,10,1,1,-253.969703632036,-253.05504660175,3.60912656037777e-12,0,1,0.115921930389325,0.161669716765762,-0.0457477863764365,TANGENT_WIN,FULL4D_CML_MAX_SWEEPS_VALID,3453,6906,4.2409109
MC1_K2_N2_L8_SP18_P3_R01,18,P3,STAGE5_TOEPLITZ_CORRELATED,8,1,1,1,-259.4296744859,-259.062490345828,3.68671741293127e-12,0,1,0.0458205635894952,0.163128069277035,-0.11730750568754,TANGENT_WIN,FULL4D_CML_MAX_SWEEPS_VALID,5002,10004,6.2230913
MC1_K2_N2_L8_SP18_P3_R02,18,P3,STAGE5_TOEPLITZ_CORRELATED,8,2,1,1,-232.605679085982,-232.270338598536,3.30552551142179e-12,0,1,0.0778086313687477,0.0452838767805952,0.0325247545881525,TANGENT_LOSS,FULL4D_CML_MAX_SWEEPS_VALID,5229,10458,6.0862389
MC1_K2_N2_L8_SP18_P3_R03,18,P3,STAGE5_TOEPLITZ_CORRELATED,8,3,1,1,-213.634198101223,-211.916316239546,3.03592455141516e-12,0,1,0.0749203066581099,0.180182840676821,-0.105262534018711,TANGENT_WIN,FULL4D_CML_MAX_SWEEPS_VALID,4985,9970,6.3858159
MC1_K2_N2_L8_SP18_P3_R04,18,P3,STAGE5_TOEPLITZ_CORRELATED,8,4,1,1,-209.068641073979,-207.996713430459,2.97104408380703e-12,0,1,0.0768133524864916,0.374204628604451,-0.29739127611796,TANGENT_WIN,FULL4D_CML_MAX_SWEEPS_VALID,4701,9402,5.7530224
MC1_K2_N2_L8_SP18_P3_R05,18,P3,STAGE5_TOEPLITZ_CORRELATED,8,5,1,1,-245.219634574628,-244.567160499045,3.48478060025496e-12,0,1,0.0301219709133827,0.162901040372257,-0.132779069458875,TANGENT_WIN,FULL4D_CML_MAX_SWEEPS_VALID,4289,8578,5.372931
MC1_K2_N2_L8_SP18_P3_R06,18,P3,STAGE5_TOEPLITZ_CORRELATED,8,6,1,1,-236.497091338869,-236.355348807067,3.36082580558453e-12,0,1,0.0751504199186257,0.0702297554479808,0.00492066447064488,TANGENT_LOSS,FULL4D_CML_MAX_SWEEPS_VALID,5081,10162,6.2736125
MC1_K2_N2_L8_SP18_P3_R07,18,P3,STAGE5_TOEPLITZ_CORRELATED,8,7,1,1,-223.572994609748,-223.565525669769,3.17716334464177e-12,0,1,0.0267561102699163,0.0460377128557489,-0.0192816025858326,TANGENT_WIN,FULL4D_CML_MAX_SWEEPS_VALID,4930,9860,5.7775967
MC1_K2_N2_L8_SP18_P3_R08,18,P3,STAGE5_TOEPLITZ_CORRELATED,8,8,1,1,-245.336699658218,-244.19280335765,3.48644419515009e-12,0,1,0.0211857601822657,0.158949149021552,-0.137763388839286,TANGENT_WIN,FULL4D_CML_MAX_SWEEPS_VALID,4469,8938,5.9241154
MC1_K2_N2_L8_SP18_P3_R09,18,P3,STAGE5_TOEPLITZ_CORRELATED,8,9,1,1,-249.797703063096,-247.921240626114,3.54983886642083e-12,0,1,0.0746697058658622,0.250616172200085,-0.175946466334223,TANGENT_WIN,FULL4D_CML_MAX_SWEEPS_VALID,5134,10268,6.7813419
MC1_K2_N2_L8_SP18_P3_R10,18,P3,STAGE5_TOEPLITZ_CORRELATED,8,10,1,1,-249.844112339035,-246.059094217691,3.55049838189863e-12,0,1,0.301039864469806,0.302593357329542,-0.00155349285973588,TANGENT_WIN,FULL4D_CML_STATIONARY,3053,6106,3.5753788
MC1_K2_N2_L8_SP18_P4_R01,18,P4,STAGE5_TOEPLITZ_CORRELATED,8,1,1,1,-234.052708743302,-233.646195815805,3.32608903965055e-12,0,1,0.0704557641633898,0.193598705741367,-0.123142941577977,TANGENT_WIN,FULL4D_CML_MAX_SWEEPS_VALID,4849,9698,5.7815951
MC1_K2_N2_L8_SP18_P4_R02,18,P4,STAGE5_TOEPLITZ_CORRELATED,8,2,1,1,-233.749502281059,-233.932687955094,3.32178021666691e-12,1,0,0.110326222304502,0.0991547917371446,0.0111714305673574,TANGENT_LOSS,FULL4D_CML_MAX_SWEEPS_VALID,4916,9832,6.0678618
MC1_K2_N2_L8_SP18_P4_R03,18,P4,STAGE5_TOEPLITZ_CORRELATED,8,3,1,1,-234.954930487437,-234.819561914274,3.33891038177735e-12,0,1,0.0539396332463519,0.156318940246527,-0.102379307000175,TANGENT_WIN,FULL4D_CML_MAX_SWEEPS_VALID,4864,9728,6.3863272
MC1_K2_N2_L8_SP18_P4_R04,18,P4,STAGE5_TOEPLITZ_CORRELATED,8,4,1,1,-218.006346830405,-217.189537702135,3.09805652179882e-12,0,1,0.0535279570672016,0.287945581362399,-0.234417624295197,TANGENT_WIN,FULL4D_CML_MAX_SWEEPS_VALID,4816,9632,5.9941339
MC1_K2_N2_L8_SP18_P4_R05,18,P4,STAGE5_TOEPLITZ_CORRELATED,8,5,1,1,-225.986696632269,-223.018921085582,3.2114641134096e-12,0,1,0.070553852027774,0.210302458926665,-0.139748606898891,TANGENT_WIN,FULL4D_CML_MAX_SWEEPS_VALID,4659,9318,4.2057526
MC1_K2_N2_L8_SP18_P4_R06,18,P4,STAGE5_TOEPLITZ_CORRELATED,8,6,1,1,-241.778604343945,-240.605708398477,3.43588061957611e-12,0,1,0.101895798968524,0.217333558151516,-0.115437759182992,TANGENT_WIN,FULL4D_CML_MAX_SWEEPS_VALID,5019,10038,4.3791847
MC1_K2_N2_L8_SP18_P4_R07,18,P4,STAGE5_TOEPLITZ_CORRELATED,8,7,1,1,-236.91941078619,-236.547881107891,3.36682732589381e-12,0,1,0.06818320796931,0.119207456957048,-0.0510242489877384,TANGENT_WIN,FULL4D_CML_MAX_SWEEPS_VALID,4848,9696,4.2498153
MC1_K2_N2_L8_SP18_P4_R08,18,P4,STAGE5_TOEPLITZ_CORRELATED,8,8,1,1,-249.394383017398,-248.486027861533,3.54410734384769e-12,0,1,0.0673562027298991,0.191516289982284,-0.124160087252385,TANGENT_WIN,FULL4D_CML_MAX_SWEEPS_VALID,4920,9840,4.4044541
MC1_K2_N2_L8_SP18_P4_R09,18,P4,STAGE5_TOEPLITZ_CORRELATED,8,9,1,1,-206.076391857924,-204.72699612273,2.92852166492599e-12,0,1,0.145731743724102,0.24491740726088,-0.0991856635367778,TANGENT_WIN,FULL4D_CML_MAX_SWEEPS_VALID,4928,9856,4.2975896
MC1_K2_N2_L8_SP18_P4_R10,18,P4,STAGE5_TOEPLITZ_CORRELATED,8,10,1,1,-213.946525237386,-213.380913423745,3.04036298697079e-12,0,1,0.0537172942625336,0.142091475596249,-0.0883741813337152,TANGENT_WIN,FULL4D_CML_MAX_SWEEPS_VALID,5031,10062,4.5351249
MC1_K2_N2_L8_SP22_P1_R01,22,P1,STAGE5_TOEPLITZ_CORRELATED,8,1,1,1,-224.494522007521,-224.481760553048,3.1902590366076e-12,0,1,0.0388864056154191,0.0427347804605884,-0.00384837484516927,TANGENT_WIN,FULL4D_CML_MAX_SWEEPS_VALID,4974,9948,4.2273944
MC1_K2_N2_L8_SP22_P1_R02,22,P1,STAGE5_TOEPLITZ_CORRELATED,8,2,1,1,-235.518802360956,-235.543123675364,3.34692348304992e-12,1,0,0.0128355140598341,0.0235990693199099,-0.0107635552600758,TANGENT_WIN,FULL4D_CML_MAX_SWEEPS_VALID,4945,9890,4.1279553
MC1_K2_N2_L8_SP22_P1_R03,22,P1,STAGE5_TOEPLITZ_CORRELATED,8,3,1,1,-262.853973430069,-260.978124223628,3.73537962772828e-12,0,1,0.0330500738004612,0.123131610664647,-0.0900815368641861,TANGENT_WIN,FULL4D_CML_MAX_SWEEPS_VALID,5029,10058,4.3673994
MC1_K2_N2_L8_SP22_P1_R04,22,P1,STAGE5_TOEPLITZ_CORRELATED,8,4,1,1,-246.589795116375,-246.438149670662,3.50425175265023e-12,0,1,0.0323895625965693,0.0467299755543251,-0.0143404129577558,TANGENT_WIN,FULL4D_CML_MAX_SWEEPS_VALID,4961,9922,4.1900889
MC1_K2_N2_L8_SP22_P1_R05,22,P1,STAGE5_TOEPLITZ_CORRELATED,8,5,1,1,-239.677086665804,-239.550771206096,3.40601625717062e-12,0,1,0.042454931777196,0.0477728378573549,-0.00531790608015893,TANGENT_WIN,FULL4D_CML_MAX_SWEEPS_VALID,4959,9918,4.1457195
MC1_K2_N2_L8_SP22_P1_R06,22,P1,STAGE5_TOEPLITZ_CORRELATED,8,6,1,1,-229.605412674165,-228.877831143736,3.26288916133656e-12,0,1,0.0394625026200691,0.0825200050041985,-0.0430575023841294,TANGENT_WIN,FULL4D_CML_MAX_SWEEPS_VALID,4986,9972,4.4361712
MC1_K2_N2_L8_SP22_P1_R07,22,P1,STAGE5_TOEPLITZ_CORRELATED,8,7,1,1,-209.376138265111,-210.310184980842,2.97541388171554e-12,1,0,0.149509281951958,0.0259611940427781,0.12354808790918,TANGENT_LOSS,FULL4D_CML_MAX_SWEEPS_VALID,5020,10040,4.6432011
MC1_K2_N2_L8_SP22_P1_R08,22,P1,STAGE5_TOEPLITZ_CORRELATED,8,8,1,1,-206.01395757096,-206.393464985712,2.9276344203447e-12,1,0,0.0729878201396251,0.0215694987047392,0.0514183214348859,TANGENT_LOSS,FULL4D_CML_MAX_SWEEPS_VALID,4959,9918,5.9629259
MC1_K2_N2_L8_SP22_P1_R09,22,P1,STAGE5_TOEPLITZ_CORRELATED,8,9,1,1,-248.918713670003,-248.849678642924,3.53734767585938e-12,0,1,0.00787044673673015,0.023526652061814,-0.0156562053250838,TANGENT_WIN,FULL4D_CML_MAX_SWEEPS_VALID,4954,9908,6.032988
MC1_K2_N2_L8_SP22_P1_R10,22,P1,STAGE5_TOEPLITZ_CORRELATED,8,10,1,1,-230.802883813544,-230.280279135434,3.27990624972392e-12,0,1,0.0517100888960054,0.0865822096648287,-0.0348721207688233,TANGENT_WIN,FULL4D_CML_MAX_SWEEPS_VALID,5007,10014,6.0924079
MC1_K2_N2_L8_SP22_P2_R01,22,P2,STAGE5_TOEPLITZ_CORRELATED,8,1,1,1,-245.693407146373,-245.875866920717,3.49151331344008e-12,1,0,0.0817096990165828,0.0653091715096465,0.0164005275069363,TANGENT_LOSS,FULL4D_CML_STATIONARY,1627,3254,1.4315697
MC1_K2_N2_L8_SP22_P2_R02,22,P2,STAGE5_TOEPLITZ_CORRELATED,8,2,1,1,-234.242097811283,-235.45154268685,3.32878042018028e-12,1,0,0.096451116604257,0.0534169693430436,0.0430341472612134,TANGENT_LOSS,FULL4D_CML_CONVERGED,2696,5392,3.5900324
MC1_K2_N2_L8_SP22_P2_R03,22,P2,STAGE5_TOEPLITZ_CORRELATED,8,3,1,1,-238.22369338846,-237.773741308737,3.38536229646223e-12,0,1,0.100000000000001,0.134681516042364,-0.0346815160423626,TANGENT_WIN,FULL4D_CML_MAX_SWEEPS_VALID,3351,6702,4.0301898
MC1_K2_N2_L8_SP22_P2_R04,22,P2,STAGE5_TOEPLITZ_CORRELATED,8,4,1,1,-231.211877754047,-230.971202795438,3.28571840319181e-12,0,1,0.114445078835431,0.124241549384621,-0.00979647054919032,TANGENT_WIN,FULL4D_CML_CONVERGED,1565,3130,1.3213644
MC1_K2_N2_L8_SP22_P2_R05,22,P2,STAGE5_TOEPLITZ_CORRELATED,8,5,1,1,-229.337251162506,-229.147903954552,3.25907835705416e-12,0,1,0.121098978616264,0.185349768304568,-0.0642507896883036,TANGENT_WIN,FULL4D_CML_MAX_SWEEPS_VALID,5201,10402,4.3306678
MC1_K2_N2_L8_SP22_P2_R06,22,P2,STAGE5_TOEPLITZ_CORRELATED,8,6,1,1,-237.431298797478,-237.116201303001,3.37410169205268e-12,0,1,0.110758309468185,0.100877699764859,0.00988060970332556,TANGENT_LOSS,FULL4D_CML_MAX_SWEEPS_VALID,3555,7110,3.0271548
MC1_K2_N2_L8_SP22_P2_R07,22,P2,STAGE5_TOEPLITZ_CORRELATED,8,7,1,1,-242.021023470228,-240.876128693368,3.4393256025599e-12,0,1,0.0625603685760629,0.0772781647144297,-0.0147177961383668,TANGENT_WIN,FULL4D_CML_MAX_SWEEPS_VALID,3419,6838,2.9271516
MC1_K2_N2_L8_SP22_P2_R08,22,P2,STAGE5_TOEPLITZ_CORRELATED,8,8,1,1,-234.092824223612,-233.985924945016,3.32665911491307e-12,0,1,0.10340576886966,0.116747553674086,-0.0133417848044264,TANGENT_WIN,FULL4D_CML_CONVERGED,3692,7384,3.1262655
MC1_K2_N2_L8_SP22_P2_R09,22,P2,STAGE5_TOEPLITZ_CORRELATED,8,9,1,1,-251.742295895207,-249.834876548372,3.57747319263818e-12,0,1,0.223606797749979,0.213755765505509,0.00985103224446959,TANGENT_LOSS,FULL4D_CML_MAX_SWEEPS_VALID,4698,9396,4.3412937
MC1_K2_N2_L8_SP22_P2_R10,22,P2,STAGE5_TOEPLITZ_CORRELATED,8,10,1,1,-254.176638859883,-253.394553844736,3.61206728683617e-12,0,1,0.100000000000001,0.121294808796069,-0.0212948087960679,TANGENT_WIN,FULL4D_CML_MAX_SWEEPS_VALID,3499,6998,4.5562952
MC1_K2_N2_L8_SP22_P3_R01,22,P3,STAGE5_TOEPLITZ_CORRELATED,8,1,1,1,-259.744607997342,-259.424245257494,3.69119288730732e-12,0,1,0.0380031402244517,0.141802177570599,-0.103799037346147,TANGENT_WIN,FULL4D_CML_MAX_SWEEPS_VALID,5033,10066,6.2217406
MC1_K2_N2_L8_SP22_P3_R02,22,P3,STAGE5_TOEPLITZ_CORRELATED,8,2,1,1,-232.577165795065,-232.187957915727,3.30512031318712e-12,0,1,0.0756757905368988,0.0739244688969048,0.001751321639994,TANGENT_LOSS,FULL4D_CML_MAX_SWEEPS_VALID,5251,10502,6.3576526
MC1_K2_N2_L8_SP22_P3_R03,22,P3,STAGE5_TOEPLITZ_CORRELATED,8,3,1,1,-213.604530635901,-212.819685446514,3.0355029513757e-12,0,1,0.0746711819202489,0.109033602708089,-0.0343624207878399,TANGENT_WIN,FULL4D_CML_MAX_SWEEPS_VALID,4996,9992,5.8409061
MC1_K2_N2_L8_SP22_P3_R04,22,P3,STAGE5_TOEPLITZ_CORRELATED,8,4,1,1,-210.359426429016,-208.6848680565,2.98938724695597e-12,0,1,0.121843380197297,0.344842198620515,-0.222998818423218,TANGENT_WIN,FULL4D_CML_MAX_SWEEPS_VALID,4754,9508,5.6320992
MC1_K2_N2_L8_SP22_P3_R05,22,P3,STAGE5_TOEPLITZ_CORRELATED,8,5,1,1,-245.124907564439,-244.363081252202,3.48343444847556e-12,0,1,0.0273025626969203,0.161573067727877,-0.134270505030956,TANGENT_WIN,FULL4D_CML_MAX_SWEEPS_VALID,4506,9012,5.3307924
MC1_K2_N2_L8_SP22_P3_R06,22,P3,STAGE5_TOEPLITZ_CORRELATED,8,6,1,1,-236.414097089061,-236.205763440505,3.35964638635831e-12,0,1,0.0747575599830482,0.0734280459073503,0.00132951407569785,TANGENT_LOSS,FULL4D_CML_MAX_SWEEPS_VALID,5108,10216,6.2668709
MC1_K2_N2_L8_SP22_P3_R07,22,P3,STAGE5_TOEPLITZ_CORRELATED,8,7,1,1,-223.636623105856,-223.63514414522,3.17806755995571e-12,0,1,0.0152160420017106,0.013020391963249,0.00219565003846159,TANGENT_LOSS,FULL4D_CML_CONVERGED,4892,9784,5.7285363
MC1_K2_N2_L8_SP22_P3_R08,22,P3,STAGE5_TOEPLITZ_CORRELATED,8,8,1,1,-245.288143329644,-243.618943228764,3.48575416821922e-12,0,1,0.0177919295985811,0.158444639241706,-0.140652709643124,TANGENT_WIN,FULL4D_CML_MAX_SWEEPS_VALID,4296,8592,5.402995
MC1_K2_N2_L8_SP22_P3_R09,22,P3,STAGE5_TOEPLITZ_CORRELATED,8,9,1,1,-250.267534347384,-248.889412786148,3.5565155705425e-12,0,1,0.0745598283008637,0.214943423874008,-0.140383595573145,TANGENT_WIN,FULL4D_CML_MAX_SWEEPS_VALID,5050,10100,6.6189738
MC1_K2_N2_L8_SP22_P3_R10,22,P3,STAGE5_TOEPLITZ_CORRELATED,8,10,1,1,-250.867845131993,-248.026526603186,3.56504649988655e-12,0,1,0.103077640640442,0.232438604159579,-0.129360963519137,TANGENT_WIN,FULL4D_CML_STATIONARY,3302,6604,3.8908184
MC1_K2_N2_L8_SP22_P4_R01,22,P4,STAGE5_TOEPLITZ_CORRELATED,8,1,1,1,-234.04928558354,-233.635462450504,3.32604039362451e-12,0,1,0.0512811298403775,0.172792060662091,-0.121510930821713,TANGENT_WIN,FULL4D_CML_MAX_SWEEPS_VALID,4887,9774,5.7673055
MC1_K2_N2_L8_SP22_P4_R02,22,P4,STAGE5_TOEPLITZ_CORRELATED,8,2,1,1,-234.632060329399,-234.889290637671,3.3343221208696e-12,1,0,0.110755544011759,0.0567515397280987,0.0540040042836603,TANGENT_LOSS,FULL4D_CML_MAX_SWEEPS_VALID,4968,9936,5.8565711
MC1_K2_N2_L8_SP22_P4_R03,22,P4,STAGE5_TOEPLITZ_CORRELATED,8,3,1,1,-235.104115460085,-234.962237164293,3.34103042774935e-12,0,1,0.0555910502053992,0.114893725813886,-0.0593026756084872,TANGENT_WIN,FULL4D_CML_MAX_SWEEPS_VALID,4879,9758,5.7584909
MC1_K2_N2_L8_SP22_P4_R04,22,P4,STAGE5_TOEPLITZ_CORRELATED,8,4,1,1,-218.02008309421,-217.282643123272,3.09825172584809e-12,0,1,0.0536441661735787,0.118181559362168,-0.0645373931885895,TANGENT_WIN,FULL4D_CML_MAX_SWEEPS_VALID,4840,9680,5.7480283
MC1_K2_N2_L8_SP22_P4_R05,22,P4,STAGE5_TOEPLITZ_CORRELATED,8,5,1,1,-225.973597574089,-223.155606028906,3.2112779645969e-12,0,1,0.0670717860778705,0.194199446341948,-0.127127660264078,TANGENT_WIN,FULL4D_CML_MAX_SWEEPS_VALID,4951,9902,4.3522121
MC1_K2_N2_L8_SP22_P4_R06,22,P4,STAGE5_TOEPLITZ_CORRELATED,8,6,1,1,-241.514837559771,-240.602708054717,3.43213226812752e-12,0,1,0.104703239382912,0.178810701938495,-0.0741074625555829,TANGENT_WIN,FULL4D_CML_MAX_SWEEPS_VALID,4868,9736,4.4820246
MC1_K2_N2_L8_SP22_P4_R07,22,P4,STAGE5_TOEPLITZ_CORRELATED,8,7,1,1,-236.743915781441,-236.500423724792,3.36433339187808e-12,0,1,0.0690368337933676,0.100211711621507,-0.0311748778281399,TANGENT_WIN,FULL4D_CML_MAX_SWEEPS_VALID,4879,9758,4.3195298
MC1_K2_N2_L8_SP22_P4_R08,22,P4,STAGE5_TOEPLITZ_CORRELATED,8,8,1,1,-249.768631234424,-248.559799313804,3.54942573088726e-12,0,1,0.0677665467627001,0.182700597616016,-0.114934050853315,TANGENT_WIN,FULL4D_CML_MAX_SWEEPS_VALID,4923,9846,4.5884809
MC1_K2_N2_L8_SP22_P4_R09,22,P4,STAGE5_TOEPLITZ_CORRELATED,8,9,1,1,-205.479648264528,-204.725339817129,2.92004142841802e-12,0,1,0.150519611714993,0.200908257364929,-0.0503886456499362,TANGENT_WIN,FULL4D_CML_MAX_SWEEPS_VALID,4992,9984,4.3665125
MC1_K2_N2_L8_SP22_P4_R10,22,P4,STAGE5_TOEPLITZ_CORRELATED,8,10,1,1,-216.853386837858,-216.498252100196,3.0816719748523e-12,0,1,0.0535328558934888,0.120787662446094,-0.0672548065526054,TANGENT_WIN,FULL4D_CML_MAX_SWEEPS_VALID,4907,9814,4.2682544
MC1_K2_N2_L8_SP6_P1_R01,6,P1,STAGE5_TOEPLITZ_CORRELATED,8,1,1,1,-224.812964339836,-224.357660238184,3.1947843743273e-12,0,1,0.237558377713812,0.122974312126566,0.114584065587246,TANGENT_LOSS,FULL4D_CML_CONVERGED,4764,9528,4.1173208
MC1_K2_N2_L8_SP6_P1_R02,6,P1,STAGE5_TOEPLITZ_CORRELATED,8,2,1,1,-235.651148049323,-235.334639329588,3.34880422839949e-12,0,1,0.103724601629875,0.138316659032221,-0.0345920574023457,TANGENT_WIN,FULL4D_CML_MAX_SWEEPS_VALID,4941,9882,4.2750534
MC1_K2_N2_L8_SP6_P1_R03,6,P1,STAGE5_TOEPLITZ_CORRELATED,8,3,1,1,-260.05776054571,-259.713484372122,3.69564305267588e-12,0,1,0.424350790182847,0.449379636082367,-0.0250288458995198,TANGENT_WIN,FULL4D_CML_CONVERGED,2001,4002,1.754162
MC1_K2_N2_L8_SP6_P1_R04,6,P1,STAGE5_TOEPLITZ_CORRELATED,8,4,1,1,-246.559565459068,-246.493806001308,3.50382216338215e-12,0,1,0.119679036146849,0.14276669056468,-0.0230876544178312,TANGENT_WIN,FULL4D_CML_CONVERGED,3406,6812,2.8155071
MC1_K2_N2_L8_SP6_P1_R05,6,P1,STAGE5_TOEPLITZ_CORRELATED,8,5,1,1,-238.743156592554,-238.50337372969,3.39274431258551e-12,0,1,0.371008337180735,0.362007603794841,0.00900073338589424,TANGENT_LOSS,FULL4D_CML_MAX_SWEEPS_VALID,5134,10268,4.2564942
MC1_K2_N2_L8_SP6_P1_R06,6,P1,STAGE5_TOEPLITZ_CORRELATED,8,6,1,1,-229.706368184181,-229.467878361352,3.2643238254221e-12,0,1,0.114602839835447,0.127221681922377,-0.0126188420869297,TANGENT_WIN,FULL4D_CML_CONVERGED,2106,4212,1.7594925
MC1_K2_N2_L8_SP6_P1_R07,6,P1,STAGE5_TOEPLITZ_CORRELATED,8,7,1,1,-210.520031594772,-209.795913677216,2.99166958363304e-12,0,1,0.151193794675293,0.181057491740687,-0.0298636970653937,TANGENT_WIN,FULL4D_CML_MAX_SWEEPS_VALID,5316,10632,4.535331
MC1_K2_N2_L8_SP6_P1_R08,6,P1,STAGE5_TOEPLITZ_CORRELATED,8,8,1,1,-206.526621294869,-206.170238594482,2.93491981004293e-12,0,1,0.162155490209015,0.199882417846313,-0.0377269276372979,TANGENT_WIN,FULL4D_CML_MAX_SWEEPS_VALID,5220,10440,7.4134062
MC1_K2_N2_L8_SP6_P1_R09,6,P1,STAGE5_TOEPLITZ_CORRELATED,8,9,1,1,-248.530298337793,-248.390049917537,3.53182796200419e-12,0,1,0.156520928539722,0.111011000859941,0.0455099276797806,TANGENT_LOSS,FULL4D_CML_MAX_SWEEPS_VALID,5232,10464,6.1355139
MC1_K2_N2_L8_SP6_P1_R10,6,P1,STAGE5_TOEPLITZ_CORRELATED,8,10,1,1,-230.350981576679,-230.019264320663,3.27348433269036e-12,0,1,0.141681308325435,0.172953456206361,-0.0312721478809261,TANGENT_WIN,FULL4D_CML_MAX_SWEEPS_VALID,5388,10776,6.5285215
MC1_K2_N2_L8_SP6_P2_R01,6,P2,STAGE5_TOEPLITZ_CORRELATED,8,1,1,1,-245.523564711454,-244.649091631351,3.48909970727297e-12,0,1,0.499999999999999,0.522357052150941,-0.0223570521509415,TANGENT_WIN,FULL4D_CML_STATIONARY,3323,6646,4.0891224
MC1_K2_N2_L8_SP6_P2_R02,6,P2,STAGE5_TOEPLITZ_CORRELATED,8,2,1,1,-233.556417836251,-233.274460645943,3.31903632167398e-12,0,1,0.216616168433262,0.146601838399157,0.070014330034105,TANGENT_LOSS,FULL4D_CML_CONVERGED,2351,4702,3.4920643
MC1_K2_N2_L8_SP6_P2_R03,6,P2,STAGE5_TOEPLITZ_CORRELATED,8,3,1,1,-238.045151078516,-237.450838357532,3.3828250576351e-12,0,1,0.123493212464296,0.529449103787999,-0.405955891323703,TANGENT_WIN,FULL4D_CML_MAX_SWEEPS_VALID,4136,8272,4.9417476
MC1_K2_N2_L8_SP6_P2_R04,6,P2,STAGE5_TOEPLITZ_CORRELATED,8,4,1,1,-230.075487916423,-229.622285182827,3.2695693323095e-12,0,1,0.556776436283001,0.489997838595782,0.0667785976872193,TANGENT_LOSS,FULL4D_CML_MAX_SWEEPS_VALID,4191,8382,4.9590099
MC1_K2_N2_L8_SP6_P2_R05,6,P2,STAGE5_TOEPLITZ_CORRELATED,8,5,1,1,-229.589716615709,-228.70239211646,3.26266610693024e-12,0,1,0.162406510821436,0.191416324594292,-0.0290098137728563,TANGENT_WIN,FULL4D_CML_MAX_SWEEPS_VALID,5468,10936,4.5453874
MC1_K2_N2_L8_SP6_P2_R06,6,P2,STAGE5_TOEPLITZ_CORRELATED,8,6,1,1,-236.772356084922,-236.488292060909,3.3647375528989e-12,0,1,0.173205080756887,0.413611836645743,-0.240406755888856,TANGENT_WIN,FULL4D_CML_STATIONARY,4388,8776,3.6543254
MC1_K2_N2_L8_SP6_P2_R07,6,P2,STAGE5_TOEPLITZ_CORRELATED,8,7,1,1,-241.771712929739,-241.481530105471,3.43578268669005e-12,0,1,0.264575131106459,0.214151429085652,0.0504237020208071,TANGENT_LOSS,FULL4D_CML_MAX_SWEEPS_VALID,4935,9870,4.0655961
MC1_K2_N2_L8_SP6_P2_R08,6,P2,STAGE5_TOEPLITZ_CORRELATED,8,8,1,1,-227.320853614368,-226.527352433608,3.23042362444949e-12,0,1,0.17872582490753,0.180322569236164,-0.00159674432863366,TANGENT_WIN,FULL4D_CML_CONVERGED,2782,5564,2.4057753
MC1_K2_N2_L8_SP6_P2_R09,6,P2,STAGE5_TOEPLITZ_CORRELATED,8,9,1,1,-250.337119250363,-250.044143637288,3.55750443148911e-12,0,1,0.264575131106459,0.259264662294608,0.00531046881185088,TANGENT_LOSS,FULL4D_CML_STATIONARY,1375,2750,1.1988717
MC1_K2_N2_L8_SP6_P2_R10,6,P2,STAGE5_TOEPLITZ_CORRELATED,8,10,1,1,-252.457539758243,-252.33691065018,3.58763741926172e-12,0,1,0.121054888552098,0.314791134397881,-0.193736245845783,TANGENT_WIN,FULL4D_CML_MAX_SWEEPS_VALID,4403,8806,3.8613715
MC1_K2_N2_L8_SP6_P3_R01,6,P3,STAGE5_TOEPLITZ_CORRELATED,8,1,1,1,-258.977138479922,-258.366943828053,3.68028648949692e-12,0,1,0.0944876408734031,0.225359100232926,-0.130871459359523,TANGENT_WIN,FULL4D_CML_CONVERGED,3376,6752,4.0447404
MC1_K2_N2_L8_SP6_P3_R02,6,P3,STAGE5_TOEPLITZ_CORRELATED,8,2,1,1,-232.95051207583,-232.766610538206,3.31042588294153e-12,0,1,0.117245882544386,0.111995742317156,0.00525014022723007,TANGENT_LOSS,FULL4D_CML_MAX_SWEEPS_VALID,5089,10178,6.1525043
MC1_K2_N2_L8_SP6_P3_R03,6,P3,STAGE5_TOEPLITZ_CORRELATED,8,3,1,1,-214.513564335149,-211.804565939437,3.04842109720694e-12,0,1,0.301039864469806,0.235118907345375,0.0659209571244309,TANGENT_LOSS,FULL4D_CML_MAX_SWEEPS_VALID,5230,10460,6.6982241
MC1_K2_N2_L8_SP6_P3_R04,6,P3,STAGE5_TOEPLITZ_CORRELATED,8,4,1,1,-207.687295072767,-206.805783060821,2.95141397647238e-12,0,1,0.361420807370024,0.37677471965501,-0.0153539122849861,TANGENT_WIN,FULL4D_CML_MAX_SWEEPS_VALID,3335,6670,4.066689
MC1_K2_N2_L8_SP6_P3_R05,6,P3,STAGE5_TOEPLITZ_CORRELATED,8,5,1,1,-245.412235768511,-245.223061578838,3.48751762783921e-12,0,1,0.077799077682113,0.171029754398267,-0.0932306767161543,TANGENT_WIN,FULL4D_CML_STATIONARY,2466,4932,2.9047802
MC1_K2_N2_L8_SP6_P3_R06,6,P3,STAGE5_TOEPLITZ_CORRELATED,8,6,1,1,-236.413254304938,-236.069128312027,3.35963440967558e-12,0,1,0.413067791046458,0.372647866809461,0.040419924236997,TANGENT_LOSS,FULL4D_CML_MAX_SWEEPS_VALID,5296,10592,6.3355127
MC1_K2_N2_L8_SP6_P3_R07,6,P3,STAGE5_TOEPLITZ_CORRELATED,8,7,1,1,-223.224342421793,-223.157240387711,3.1722086990526e-12,0,1,0.123166503176722,0.207883538039224,-0.084717034862502,TANGENT_WIN,FULL4D_CML_MAX_SWEEPS_VALID,4537,9074,5.3930157
MC1_K2_N2_L8_SP6_P3_R08,6,P3,STAGE5_TOEPLITZ_CORRELATED,8,8,1,1,-245.006460409254,-244.839565441355,3.4817512131618e-12,0,1,0.0992811802191714,0.170688787363229,-0.0714076071440577,TANGENT_WIN,FULL4D_CML_MAX_SWEEPS_VALID,4267,8534,5.0257998
MC1_K2_N2_L8_SP6_P3_R09,6,P3,STAGE5_TOEPLITZ_CORRELATED,8,9,1,1,-247.943810597421,-246.592594705912,3.52349346993351e-12,0,1,0.301039864469807,0.248511027015852,0.052528837453955,TANGENT_LOSS,FULL4D_CML_MAX_SWEEPS_VALID,5324,10648,7.8422685
MC1_K2_N2_L8_SP6_P3_R10,6,P3,STAGE5_TOEPLITZ_CORRELATED,8,10,1,1,-247.742810117522,-247.742810117522,3.52063708131598e-12,0,1,0.608789783094296,0.608789783094296,3.33066907387547e-16,TIE,FULL4D_CML_STATIONARY,791,1582,0.937806
MC1_K2_N2_L8_SP6_P4_R01,6,P4,STAGE5_TOEPLITZ_CORRELATED,8,1,1,1,-233.468121081489,-233.19726511064,3.31778154932023e-12,0,1,0.471777058713973,0.47829161833764,-0.00651455962366654,TANGENT_WIN,FULL4D_CML_CONVERGED,2343,4686,2.7705741
MC1_K2_N2_L8_SP6_P4_R02,6,P4,STAGE5_TOEPLITZ_CORRELATED,8,2,1,1,-231.979303915477,-231.737362372097,3.29662418487654e-12,0,1,0.109221299383563,0.134965171465564,-0.0257438720820013,TANGENT_WIN,FULL4D_CML_MAX_SWEEPS_VALID,4425,8850,5.4343683
MC1_K2_N2_L8_SP6_P4_R03,6,P4,STAGE5_TOEPLITZ_CORRELATED,8,3,1,1,-234.006393956624,-233.992079759289,3.32543086694591e-12,0,1,0.0943205567740926,0.0982777780791479,-0.0039572213050553,TANGENT_WIN,FULL4D_CML_MAX_SWEEPS_VALID,5044,10088,6.0169533
MC1_K2_N2_L8_SP6_P4_R04,6,P4,STAGE5_TOEPLITZ_CORRELATED,8,4,1,1,-217.53460993647,-217.257557275731,3.09135273733531e-12,0,1,0.0698583081492325,0.201041123710057,-0.131182815560824,TANGENT_WIN,FULL4D_CML_MAX_SWEEPS_VALID,4857,9714,5.73202
MC1_K2_N2_L8_SP6_P4_R05,6,P4,STAGE5_TOEPLITZ_CORRELATED,8,5,1,1,-226.319629540566,-223.248717368811,3.21619537459932e-12,0,1,0.100607988769483,0.326951711838482,-0.226343723068999,TANGENT_WIN,FULL4D_CML_MAX_SWEEPS_VALID,4582,9164,4.7059376
MC1_K2_N2_L8_SP6_P4_R06,6,P4,STAGE5_TOEPLITZ_CORRELATED,8,6,1,1,-239.962061263658,-239.80082542675,3.41006598977825e-12,0,1,0.502567003621215,0.505206363009025,-0.00263935938780968,TANGENT_WIN,FULL4D_CML_STATIONARY,1730,3460,1.6604674
MC1_K2_N2_L8_SP6_P4_R07,6,P4,STAGE5_TOEPLITZ_CORRELATED,8,7,1,1,-235.880232448122,-235.404391822801,3.35205971350834e-12,0,1,0.0660751316096938,0.526872713641722,-0.460797582032028,TANGENT_WIN,FULL4D_CML_STATIONARY,4817,9634,4.2019171
MC1_K2_N2_L8_SP6_P4_R08,6,P4,STAGE5_TOEPLITZ_CORRELATED,8,8,1,1,-244.118445733058,-244.040781922643,3.46913176561341e-12,0,1,0.170713871534583,0.18995621435542,-0.0192423428208365,TANGENT_WIN,FULL4D_CML_CONVERGED,3110,6220,2.7304475
MC1_K2_N2_L8_SP6_P4_R09,6,P4,STAGE5_TOEPLITZ_CORRELATED,8,9,1,1,-206.390151170806,-205.806845833232,2.9329804529369e-12,0,1,0.373690595199655,0.487288764069554,-0.113598168869899,TANGENT_WIN,FULL4D_CML_CONVERGED,4029,8058,3.6209588
MC1_K2_N2_L8_SP6_P4_R10,6,P4,STAGE5_TOEPLITZ_CORRELATED,8,10,1,1,-211.563308605346,-211.205214376818,3.00649544165802e-12,0,1,0.0556121383725127,0.145641363902036,-0.0900292255295233,TANGENT_WIN,FULL4D_CML_MAX_SWEEPS_VALID,5210,10420,4.5213636
