global_trial_index,trial_id,element_trial_hash,measurement_hash,checkpoint_valid,scientific_hash,white_target_error_db,runtime_sec
1,MC1_K2_N1_L1_SM6_P1_R01,09dede20a1672ff4f90b4bc1188c4d3252e65551578e344d7322002addf46344,31a85cf10323dcb0ff906b98f8f0dab39e853ab81d2695b1979df50869258a07,1,de4ddbdd770f89698718920ebc9a63b43b116f4c3451c83e963cb1792cbe2544,6.21724893790088e-15,2.2752021
2,MC1_K2_N1_L1_SP0_P1_R01,0b8d70d678c03c2ab07f508a16dd4e298c18f86c722b0dfefcfbaee5d3c555f5,31a85cf10323dcb0ff906b98f8f0dab39e853ab81d2695b1979df50869258a07,1,88ef5d5ed77156fe4814562b5e294e2af5ad7cf943253cbfaf200d7e9ae29083,1.06076021320862e-14,1.902748
3,MC1_K2_N1_L1_SP6_P1_R01,d9508cb6d9cedd4c8845c02118997f2cd4e377fb725d8a85efe1d41be2dcaf4f,31a85cf10323dcb0ff906b98f8f0dab39e853ab81d2695b1979df50869258a07,1,bbfa89a9b105fec0aa9e0b872312a697ec6d7f06fa8c205a67483b9ae6d30d7f,1.06581410364015e-14,1.8937961
4,MC1_K2_N1_L1_SP10_P1_R01,e4ab91178c3994a83804c29636c0306f1574dedd82297390c97d94707a1d5308,31a85cf10323dcb0ff906b98f8f0dab39e853ab81d2695b1979df50869258a07,1,23a32c8ebbd194a5ec9c53a6c4e3bfcc09141b9daf26c09749021f601d3132f0,5.32907051820075e-15,1.8784261
5,MC1_K2_N1_L1_SP14_P1_R01,ad0c428b9977b63ed23d63ccb11986768752282f110ea1293f82d02d13a98e52,31a85cf10323dcb0ff906b98f8f0dab39e853ab81d2695b1979df50869258a07,1,c4c50f6534bb9fec5944cbb7d804e7dc85db5f5c7faf1cbb50f2dbbe20eedf62,1.59872115546023e-14,1.9290196
6,MC1_K2_N1_L1_SP18_P1_R01,73aa26cb0940e82f2ab2eff29ca1cfdbaf7e0ebddbb5f0700fe455e90fb33083,31a85cf10323dcb0ff906b98f8f0dab39e853ab81d2695b1979df50869258a07,1,15309827e962209439074ea3257071d5cfd8092f1f71c2a5faf5c4b061396fff,0,1.8520488
7,MC1_K2_N1_L1_SP22_P1_R01,397bb5a88b26d751af582ada7cd3609e6af5c3cae017d31057d2e5da9f955a23,31a85cf10323dcb0ff906b98f8f0dab39e853ab81d2695b1979df50869258a07,1,540f3f8e409611074b8a81a6a3268ca22ed59f951fa934b44f324077f74bb7d2,3.5527136788005e-15,1.8419704
8,MC1_K2_N1_L1_SM6_P1_R02,8364cc992f0feb462ae746eb499697f7f56e9c174320c47daa7dc269b0e495b2,31a85cf10323dcb0ff906b98f8f0dab39e853ab81d2695b1979df50869258a07,1,076ef1d3e5d5586bcefd37b6619d9c1364db05a9cbd895279cd0606b8e3672ed,8.88178419700125e-16,1.8432974
9,MC1_K2_N1_L1_SP0_P1_R02,86e2d6abb8b45df7884aeead1f2ca1a49eb096acd34001519f3160cc2150872c,31a85cf10323dcb0ff906b98f8f0dab39e853ab81d2695b1979df50869258a07,1,f39f322b1573cfc605e4124cee615a19035248e0b797d5f5bb073d882515b2cc,6.75029226587301e-15,1.8394021
10,MC1_K2_N1_L1_SP6_P1_R02,8aa07ffd783457d9fa1ffd1a5787806d4f1d32ec0dbe8a4f48073374c8982abe,31a85cf10323dcb0ff906b98f8f0dab39e853ab81d2695b1979df50869258a07,1,5bcfa56ccc530a552340201618d5adc2e34f2bd3fbc7c39e5a7db54657567f3d,7.99360577730113e-15,1.8402653
11,MC1_K2_N1_L1_SP10_P1_R02,ca9be2ce5251246659f747d64e8319128b64f080abcec1b62bffb46b1dadba43,31a85cf10323dcb0ff906b98f8f0dab39e853ab81d2695b1979df50869258a07,1,20ad56dbd2d25e22f8738722bcffc41f355a48d6bcd4482d813234135d58ea87,1.77635683940025e-15,1.8398856
12,MC1_K2_N1_L1_SP14_P1_R02,1dd8a3f65fe402573afe1eebf924eff530f3ae1703fdaaf33d97fd99252204fa,31a85cf10323dcb0ff906b98f8f0dab39e853ab81d2695b1979df50869258a07,1,7b86e85adc15ed7a6f1f978af3d58f3e9360d211bc0844d178503df7be48fe36,3.5527136788005e-15,1.8441071
13,MC1_K2_N1_L1_SP18_P1_R02,bace1c45c8db3c8bb3b567a0c34279f4c44e04646ea4520576caa9bbca6f90a2,31a85cf10323dcb0ff906b98f8f0dab39e853ab81d2695b1979df50869258a07,1,f1708ac44855710a2a9f6517d5e75cf999f839762c1d9fd568b92fff4830b992,7.105427357601e-15,1.8350023
14,MC1_K2_N1_L1_SP22_P1_R02,d7fc9b467790b16e6a4d28be626c85f59f9acaeecbe8b38b00219e4833466172,31a85cf10323dcb0ff906b98f8f0dab39e853ab81d2695b1979df50869258a07,1,c3f473d5de46954e5e8199240eaa303ebeeefdf8fb174deed2011c477dd8bc3e,0,1.8812391
15,MC1_K2_N1_L1_SM6_P1_R03,d868b9f3627662cbc4ea7cf898451698b3e048a6603e4332fac399a1ae49774e,31a85cf10323dcb0ff906b98f8f0dab39e853ab81d2695b1979df50869258a07,1,6a27fb9a5bce4cb26f199c8377d7685e52b10f6908b244fd12adcb2755c013b2,1.4210854715202e-14,1.8682356
16,MC1_K2_N1_L1_SP0_P1_R03,fbc8a64a7008be052a90b0a3c05335a60bd80a7e9b6d1b2634332c67f493092a,31a85cf10323dcb0ff906b98f8f0dab39e853ab81d2695b1979df50869258a07,1,7dbb1e3375ecfd87a06d041343175ee8115f63b17240c9014db5d7a98779469d,8.67894719897959e-15,1.914277
17,MC1_K2_N1_L1_SP6_P1_R03,e3baddfc5e574cf21cd16341abe26c5ccc944e7b792be23991a974195ae4a237,31a85cf10323dcb0ff906b98f8f0dab39e853ab81d2695b1979df50869258a07,1,a4b9a340defc4a9dbc7928047c3b4d0ef270ef60f063d7c5b7e531a859bb3ad0,3.01980662698043e-14,1.874627
18,MC1_K2_N1_L1_SP10_P1_R03,057802cda7bc64e00d0ed5e6fc6ce4bb6eab22c6dd68d92ce36575279d891a13,31a85cf10323dcb0ff906b98f8f0dab39e853ab81d2695b1979df50869258a07,1,21f2251e915808aff47e0cad68c42d15295e2bfc44024fcf79290112e33d3156,2.30926389122033e-14,1.8714849
19,MC1_K2_N1_L1_SP14_P1_R03,70df56cfb51c2fd042462ab1dac3aff5b3c036221509756736bc1cd67ab6754d,31a85cf10323dcb0ff906b98f8f0dab39e853ab81d2695b1979df50869258a07,1,a2bcff232bb5418f03798f1982fa1e2cb8bab579c54443ae14ec498f10e1116a,1.77635683940025e-14,1.8562359
20,MC1_K2_N1_L1_SP18_P1_R03,dad16bc15b41e0d8e8bb68b87c954276d79360164763a76e105a4da8f1c10f2f,31a85cf10323dcb0ff906b98f8f0dab39e853ab81d2695b1979df50869258a07,1,b908aa72b8a54b2e3d3f51f545a4d5078f5d3d207882021b938cc8a394d0ecbd,1.77635683940025e-14,1.8762386
21,MC1_K2_N1_L1_SP22_P1_R03,1d4f657909508fcea79e9e96c8a54418d5130664d46dea810cbec8d962da9bbb,31a85cf10323dcb0ff906b98f8f0dab39e853ab81d2695b1979df50869258a07,1,9f5146e0f017b86b00a3cd430c75f516c6c7ff6719eebcada379577b60d53021,0,1.8724549
22,MC1_K2_N1_L1_SM6_P1_R04,e04d5825e1797e5978882b4e4c93948c291525f781c54fb63d0e90177fdd49b1,31a85cf10323dcb0ff906b98f8f0dab39e853ab81d2695b1979df50869258a07,1,ded7ea5b1d2425e0b4564499ede870a3a4846b4ee236d4a095ee0fde2b834d2b,5.32907051820075e-15,1.8655216
23,MC1_K2_N1_L1_SP0_P1_R04,84700d9504a6d5339b5c94e29f2cf091101a96da5ea43a10e70eab59e0428101,31a85cf10323dcb0ff906b98f8f0dab39e853ab81d2695b1979df50869258a07,1,ce0880ddc287e7f40971f92c9e07d7635795270fc2cab251312a5be5c847600b,1.92865493310657e-15,1.8576178
24,MC1_K2_N1_L1_SP6_P1_R04,a0d433bb78c97a3ac7c4c63850d75ece8a2235c08c01918cc41c617a08a2acc2,31a85cf10323dcb0ff906b98f8f0dab39e853ab81d2695b1979df50869258a07,1,6fac17df5fb992ad3b2f7d775cd5eff7a689216bea82e4d576501beb462edf71,1.77635683940025e-15,1.8478896
25,MC1_K2_N1_L1_SP10_P1_R04,5ad70c05e4e47590662a40d0f844319c1735f54a592910141b2a1fd1ffaf84f6,31a85cf10323dcb0ff906b98f8f0dab39e853ab81d2695b1979df50869258a07,1,ec5930acc2cb1f1fae96b24df4e75670d6666a7c35183a6872e7df796edb04a8,3.5527136788005e-15,1.8657455
26,MC1_K2_N1_L1_SP14_P1_R04,f2b8060eedcc460224fc2e021c57e51842ba1a939d1a0691b6a1de1888c16d79,31a85cf10323dcb0ff906b98f8f0dab39e853ab81d2695b1979df50869258a07,1,2d1c2b644542c22ef21ab4f97df8d542be48005173ebec2640bb3432b6195d7b,0,1.8623997
27,MC1_K2_N1_L1_SP18_P1_R04,200249da2b32d29017a1cfba13176657b5aeb6d268e9dee8df0a5f567d42f489,31a85cf10323dcb0ff906b98f8f0dab39e853ab81d2695b1979df50869258a07,1,43885e87e097a8642bbf582118582fcb4b14d9557865dba1f73a2f3d874e9776,1.06581410364015e-14,1.8605115
28,MC1_K2_N1_L1_SP22_P1_R04,dd17d2cb3c91cdf7715899db61d3204ff23b0a7784e66c87a14b8e80a4a67516,31a85cf10323dcb0ff906b98f8f0dab39e853ab81d2695b1979df50869258a07,1,3be41fa176983e6f378522dc0842f070bf32e453cad3385691fa2df8eb787bf7,3.5527136788005e-15,1.8304742
29,MC1_K2_N1_L1_SM6_P1_R05,2b571a0d3fc67b910492f47d33ccb6f88521e9fd55882dabc8130c2da7c32d90,31a85cf10323dcb0ff906b98f8f0dab39e853ab81d2695b1979df50869258a07,1,33c9274e2c7db68a3f7e657b4aca29ce9692ed71381849ef58c673d7450bc5ea,3.5527136788005e-15,1.8297453
30,MC1_K2_N1_L1_SP0_P1_R05,3b91c902feeb05719575da880bf2e940ddcae7e541148f817732ca2e914164fd,31a85cf10323dcb0ff906b98f8f0dab39e853ab81d2695b1979df50869258a07,1,beafdf393b65a342fe3271af14241dcee105234de694b63781e5eaaedafa8f02,3.85730986621315e-15,1.8387192
31,MC1_K2_N1_L1_SP6_P1_R05,55ad8ac46dff8b54e7ef1e43ef48d3d97a1e725e2fc2129d9b49a8c663eed40b,31a85cf10323dcb0ff906b98f8f0dab39e853ab81d2695b1979df50869258a07,1,b71c9e5362d071ae1707a0da691a795b6d3f770de831155cf493a589e4831df7,1.24344978758018e-14,1.8419941
32,MC1_K2_N1_L1_SP10_P1_R05,8afae059f7e27cba0aac9229d007bf5cbf5088d3765d1ef8f7337ad7e7a967ea,31a85cf10323dcb0ff906b98f8f0dab39e853ab81d2695b1979df50869258a07,1,f48e2a586e02563cd783b17051dc639642eb949b8b50f4abdc916d870f9cae81,1.77635683940025e-14,1.821889
33,MC1_K2_N1_L1_SP14_P1_R05,27e5ad6b371560d29ce8123a00ad08ff77e2305c02ea1aaf5a54a54d89e7d4be,31a85cf10323dcb0ff906b98f8f0dab39e853ab81d2695b1979df50869258a07,1,b63a7e081bc6ba31c19c1bb22d04c0bb6bf5c349f8243d1eea43d6f3a408578f,1.24344978758018e-14,1.8228588
34,MC1_K2_N1_L1_SP18_P1_R05,dcea58675025d6607156ee334b3f9f94e73af656ecd523662671281ab52c5700,31a85cf10323dcb0ff906b98f8f0dab39e853ab81d2695b1979df50869258a07,1,134f43071dba5fb76cf703b1ffd90bbba36ef832e13f9b4f338ec23732d46f80,3.5527136788005e-15,1.8180599
35,MC1_K2_N1_L1_SP22_P1_R05,947c6d6c37d7a3369782af9572729b8523a9f54069701eaa4b4608822003466d,31a85cf10323dcb0ff906b98f8f0dab39e853ab81d2695b1979df50869258a07,1,1bf6497aa0d8a892ea621a72f3784e78b12110146e93e7a0d1e3b28ac8d69197,1.4210854715202e-14,1.8179783
36,MC1_K2_N1_L1_SM6_P1_R06,b886cd852e20f7ad56b7db59987b2c10b1e4353507f1f57719857aa207e3cf2e,31a85cf10323dcb0ff906b98f8f0dab39e853ab81d2695b1979df50869258a07,1,ff32e0f7c3e3a6a44f262acd63d89ca60786c4385da17519abcdaf083fd42b34,5.32907051820075e-15,1.8170057
37,MC1_K2_N1_L1_SP0_P1_R06,df602269f5bc1dc2af50e0cddd08ad095ac4837050f1f1bede77292ef3f95f39,31a85cf10323dcb0ff906b98f8f0dab39e853ab81d2695b1979df50869258a07,1,8fd4be7a2546d7f7f4a4d771f739d9a27753f318b2eaa9fdc3542540bb021a96,1.92865493310657e-15,1.8173904
38,MC1_K2_N1_L1_SP6_P1_R06,739c40be2c9006d39310891ecaa4f47e8d84b021535a78012fc430756f0121d3,31a85cf10323dcb0ff906b98f8f0dab39e853ab81d2695b1979df50869258a07,1,91c073ac16ac866bf9d656f46f0a5ce6bc89d97eb883afc96802db38e37d0d2b,5.32907051820075e-15,1.8221679
39,MC1_K2_N1_L1_SP10_P1_R06,bad67807e8708be392eaa45abc67640c04b9e2cb59b98f9eb53db5ba2e4fb074,31a85cf10323dcb0ff906b98f8f0dab39e853ab81d2695b1979df50869258a07,1,4d947c73df1d8eb280caec6d0a06c40730b671a50d10634240fb4d11dcfd452b,1.77635683940025e-15,1.8142736
40,MC1_K2_N1_L1_SP14_P1_R06,500c2bbe55168305117213ccda887ce7b8de051b19383526dbb2006dedde0d09,31a85cf10323dcb0ff906b98f8f0dab39e853ab81d2695b1979df50869258a07,1,06a18e33b12b5fd08ee051eed44fbcb196fc098e0f65da1ad8778f1a9c234034,0,1.8154617
41,MC1_K2_N1_L1_SP18_P1_R06,1084636cc499d4bb65e502a202cb6a9b9ca2fd6805a75568700109f001821bd5,31a85cf10323dcb0ff906b98f8f0dab39e853ab81d2695b1979df50869258a07,1,aa754f80736f861b00d8bde4b6c313dd523226489bda8b6f8b7d24c58480173c,1.4210854715202e-14,1.8170985
42,MC1_K2_N1_L1_SP22_P1_R06,42e1e07258aaa9d6c29fe175daaaff13f3d6b2bb243b234b2862e33c2c9597c6,31a85cf10323dcb0ff906b98f8f0dab39e853ab81d2695b1979df50869258a07,1,a6e8a34912352d52aed34ece286eb39192c560169620f5cb4c04d24539ba9474,3.5527136788005e-15,1.8143338
43,MC1_K2_N1_L1_SM6_P1_R07,ffee7cb2eb2d640deb1f3d075e7ff39ea4224645cc1654ccc628201226544f7d,31a85cf10323dcb0ff906b98f8f0dab39e853ab81d2695b1979df50869258a07,1,9f3dda84222536ca0fdfddc10f471098c9b1702079915505614ca32bda91254c,8.88178419700125e-16,1.8120126
44,MC1_K2_N1_L1_SP0_P1_R07,bbcb3d2dd2a38a0b146fbe1873c97217976d9cdab4c6cb62517f31b5e55bd7d7,31a85cf10323dcb0ff906b98f8f0dab39e853ab81d2695b1979df50869258a07,1,644d39917abebdfdcd61559a9e1c2475163621ff6e1fe59fff051fe40682a835,5.78596479931973e-15,1.8151433
45,MC1_K2_N1_L1_SP6_P1_R07,6f317a80a53e6649374b56b5f82024497e177ddc32287dd7548924f21b6e39a7,31a85cf10323dcb0ff906b98f8f0dab39e853ab81d2695b1979df50869258a07,1,13bf955f62f1df5f64bc3df8a2ff3d1da96087507bcf267f926bf9968016111a,8.88178419700125e-16,1.8091099
46,MC1_K2_N1_L1_SP10_P1_R07,2e277285f1533b67ec21c25a178c6455a5b13dcd913822916d63db7a560911c8,31a85cf10323dcb0ff906b98f8f0dab39e853ab81d2695b1979df50869258a07,1,35a57322f62dc22c4e5620e08d191c2814fa6424eb9a8fbc3442aabf60b828ba,3.5527136788005e-15,1.845712
47,MC1_K2_N1_L1_SP14_P1_R07,d8e65615ff4eb88e2d41f80c577bc9ee7937596ee994897e0790b5f4e79193b0,31a85cf10323dcb0ff906b98f8f0dab39e853ab81d2695b1979df50869258a07,1,ff48e7577b9223c63f33447c2ffc745c7fae63eebd6bb4f22a508a445ed79f7f,1.24344978758018e-14,1.8122249
48,MC1_K2_N1_L1_SP18_P1_R07,c69ad205323c71adf74fba76b28fc965f8550a8608e1701b4ba55724446be4a8,31a85cf10323dcb0ff906b98f8f0dab39e853ab81d2695b1979df50869258a07,1,457d8344aef6950a02f9fe0f96d0610c978473f934baa7cea1895de1c32115ec,3.5527136788005e-15,1.810861
49,MC1_K2_N1_L1_SP22_P1_R07,3e44f131eda3caf129bd51a08575ce07f3d97469285403657ad7bc73328f374e,31a85cf10323dcb0ff906b98f8f0dab39e853ab81d2695b1979df50869258a07,1,a4a5a2681e1d7962a3e5741a7ce991b5066d78d7b07927bee12ab939dbd8e28f,3.5527136788005e-15,1.8135587
50,MC1_K2_N1_L1_SM6_P1_R08,7f937e14bfd71c34b1475bc4f062284e74e53c7d6c06292d0c8e6dc16f616654,31a85cf10323dcb0ff906b98f8f0dab39e853ab81d2695b1979df50869258a07,1,fb2a8f33d13a72c23f6b87a4f7bc140a3392dc9a7787fddc8a85decc07ed2b70,5.32907051820075e-15,1.8091482
51,MC1_K2_N1_L1_SP0_P1_R08,898c011347a55e37c27ab0b93023bf65ad259c09dcc749f2e4da29b25af3f6c7,31a85cf10323dcb0ff906b98f8f0dab39e853ab81d2695b1979df50869258a07,1,b517571080c2010b27362388664a6dbd76daae4fbbee76eec1acef2ba2952d9b,4.82163733276644e-15,1.8157204
52,MC1_K2_N1_L1_SP6_P1_R08,75796d2cb3f36382ca42406f13da046cb00f7e26a3e0415a8e6ead95ff6aeb57,31a85cf10323dcb0ff906b98f8f0dab39e853ab81d2695b1979df50869258a07,1,b0c9ca47bf63dec7421fd12caf83b56cab2b27c2da06565068a02aec9bb54fe9,5.32907051820075e-15,1.8103672
53,MC1_K2_N1_L1_SP10_P1_R08,382c4110766abefc6a904ede662ad919b1ba625dfda4bdfbf633d8fc2ba9805c,31a85cf10323dcb0ff906b98f8f0dab39e853ab81d2695b1979df50869258a07,1,0db68405d8429ee839b994d60f8d2a77f1ec37ba26831c837ddfe23f17c9621a,0,1.8073103
54,MC1_K2_N1_L1_SP14_P1_R08,ec143de57cc6b14c13c53d23dbcfaab55790a83ec5a750b8d7989fc637db1a5a,31a85cf10323dcb0ff906b98f8f0dab39e853ab81d2695b1979df50869258a07,1,ed4596ddfcd05def445ffffd50c81bb3082265adeefa4be6d78f5a9543cec396,1.24344978758018e-14,1.8109553
55,MC1_K2_N1_L1_SP18_P1_R08,30a2a8617b822bb5cb7ea2bbf0fff3e5d95312b4f8d327ec221a854ef3703104,31a85cf10323dcb0ff906b98f8f0dab39e853ab81d2695b1979df50869258a07,1,81b353f3764b6d79b42f81c44e8671fd7a71d4feb9e55fed8b5b29fe858fe22a,3.5527136788005e-15,1.8084901
56,MC1_K2_N1_L1_SP22_P1_R08,97670a2ac8f0405deaf5f745d27c5b2111d31212727010359cb8608a6dee3286,31a85cf10323dcb0ff906b98f8f0dab39e853ab81d2695b1979df50869258a07,1,372a241ac87928fab6946effaf381d2a066f3727b4d88be634c415aafc7475e4,3.5527136788005e-15,1.8053098
57,MC1_K2_N1_L1_SM6_P1_R09,42434e38c16cd8b5acb39d4de661b8980f8ddb42b8376fdbff95e0ddcd49f5a6,31a85cf10323dcb0ff906b98f8f0dab39e853ab81d2695b1979df50869258a07,1,800f9ad48d7ad08eeb1bde31d8ca0d5769c097d28cde765d6e5a0f65a83c4747,3.5527136788005e-15,1.8069212
58,MC1_K2_N1_L1_SP0_P1_R09,3f0e308edaa2247c02f01d3a0b6760f7e06956dd1ee77b58537b3958d9f8e430,31a85cf10323dcb0ff906b98f8f0dab39e853ab81d2695b1979df50869258a07,1,c41c2fac977f15ab4bea10fc12f055f8a104be1a5ca12fe02fc279da522a1a32,1.63935669314058e-14,1.8055253
59,MC1_K2_N1_L1_SP6_P1_R09,d272f0be2817a512fe34874863e5b48a90e5ad1bc740237cd2181b212c4fa4cc,31a85cf10323dcb0ff906b98f8f0dab39e853ab81d2695b1979df50869258a07,1,75f3b359da58bcb75e4ba3740250243c1991e056534ec1d034553f8074f68d98,1.06581410364015e-14,1.8076888
60,MC1_K2_N1_L1_SP10_P1_R09,b35cd68775fa046a049b18c74af0b055000fc32813e9b2c6bbe666702148880b,31a85cf10323dcb0ff906b98f8f0dab39e853ab81d2695b1979df50869258a07,1,a5f639a7152f84474bce02a78eef88a6458594be5deaf167a55fa81f25247ccb,1.06581410364015e-14,1.8091276
61,MC1_K2_N1_L1_SP14_P1_R09,2385901c968d9bbf69a9b0dafade98e8bc41b2cdcc2ab14b96ec4befaaac532d,31a85cf10323dcb0ff906b98f8f0dab39e853ab81d2695b1979df50869258a07,1,08edf96b9b1f65d98fbe2c4ffe6b69e99394b16086f5bf6791ad0cf8f34ca7db,1.06581410364015e-14,1.8349258
62,MC1_K2_N1_L1_SP18_P1_R09,5b55fc2b87088928ff899a33cdb4b4b50176d55e498c15c282b8b53e37f24e3a,31a85cf10323dcb0ff906b98f8f0dab39e853ab81d2695b1979df50869258a07,1,8d4026a993b5b53abae3ddbc3a6aaf390424bc39ae7afb0255f9a490e3b8895b,7.105427357601e-15,1.8083651
63,MC1_K2_N1_L1_SP22_P1_R09,06009ced7b1a5518e9898326f83dad0243398b1a4107fb6569c59dacdc54f539,31a85cf10323dcb0ff906b98f8f0dab39e853ab81d2695b1979df50869258a07,1,0a3a97ee5eed6d09a2e183fcda796bd8c3256a7dc349c4d5b5b467a209e7ffeb,0,4.2130641
64,MC1_K2_N1_L1_SM6_P1_R10,aeacc0c642999577f7944809bd51ff9366f7605f943a45f24f0b3a6d4c255bf8,31a85cf10323dcb0ff906b98f8f0dab39e853ab81d2695b1979df50869258a07,1,3f9951d6560bae03400619ef1562f1aacaa206fb41453cbcef2e1912f056dfe6,1.77635683940025e-15,1.8089465
65,MC1_K2_N1_L1_SP0_P1_R10,ac98e263a554212c64ccc0c01ff8bab75b2c3c30f0a70becc93e0a6035fe0047,31a85cf10323dcb0ff906b98f8f0dab39e853ab81d2695b1979df50869258a07,1,df77b3b71780bdcd3ed992814af5978edfadfa1102f4679010266240f9063444,9.64327466553287e-16,1.8099359
66,MC1_K2_N1_L1_SP6_P1_R10,43f2be322fe2ac16ffb91baa194f4606fc590e75ddf36930278152bd820bb524,31a85cf10323dcb0ff906b98f8f0dab39e853ab81d2695b1979df50869258a07,1,78e5e83cbac4c4383b3f1f58aa3f5f12e13aee46cdd72ec178d161ae23399021,5.32907051820075e-15,1.8140509
67,MC1_K2_N1_L1_SP10_P1_R10,3e3d3641a22499e462ee06cb9d6bcd03395a343d87eda0dc2669c0307070e9e3,31a85cf10323dcb0ff906b98f8f0dab39e853ab81d2695b1979df50869258a07,1,71891fc969967e63bf7f895c08787b12f3093be7fa749f7b3a0abd490d0bb578,1.06581410364015e-14,1.8605974
68,MC1_K2_N1_L1_SP14_P1_R10,b166e3af6cd82a3e366f75dd17407c20613c16834790f3bd0fe5dd4400b88f57,31a85cf10323dcb0ff906b98f8f0dab39e853ab81d2695b1979df50869258a07,1,5a21f6e813f326ec5caa65e4c17e3df6b082f6bcb1be6be8a35f2117bbca64ec,3.5527136788005e-15,2.0275956
69,MC1_K2_N1_L1_SP18_P1_R10,2774d16fd87554912fc3e3eeba40cf9113019ddec9ab97048522413cb751eec2,31a85cf10323dcb0ff906b98f8f0dab39e853ab81d2695b1979df50869258a07,1,dca69c75b9b01684448545a7dc3c3ef782aec640a86e32b9ffd5e86f7ae5b12b,1.06581410364015e-14,1.8143396
70,MC1_K2_N1_L1_SP22_P1_R10,877da74753fb853325319b90df551ab47179085346d260d6dc66095679f5c2ca,31a85cf10323dcb0ff906b98f8f0dab39e853ab81d2695b1979df50869258a07,1,14d6893725f324b22300eb7763f9f5fd0f6a416bb5eee331622924b9fc0ca90b,0,1.8147324
71,MC1_K2_N1_L1_SM6_P2_R01,0041c3a473413333ae863fdfe5808a7be3b8454ba640d9d9456f86183f18be0d,31a85cf10323dcb0ff906b98f8f0dab39e853ab81d2695b1979df50869258a07,1,8cbfe2767ec3ef3bcc23429985c02331a6375b1a89a3da04c376ba12e4648cd8,6.21724893790088e-15,1.8145775
72,MC1_K2_N1_L1_SP0_P2_R01,ba183a5459df7f9c54fefa8944a25d3f348fe8bb39d742a69f59cd19eae244d2,31a85cf10323dcb0ff906b98f8f0dab39e853ab81d2695b1979df50869258a07,1,04f183ddd7ae47c9c219b70976d2b7950fd2b477a90365479c5db7fcd7b49f51,4.82163733276644e-15,1.8209303
73,MC1_K2_N1_L1_SP6_P2_R01,475fc9cdea6498dc6b017e65047ea2c8e931d4f5296272730c95e4502cd61596,31a85cf10323dcb0ff906b98f8f0dab39e853ab81d2695b1979df50869258a07,1,be93b35f376e9362f70dbb48975d9e9c0940c80609e6c8315ca8d19c0af4c47c,3.5527136788005e-15,1.8296444
74,MC1_K2_N1_L1_SP10_P2_R01,19735ce04a2b47caf66c8976196857789cbd134450b95c42c96a39fc060a1413,31a85cf10323dcb0ff906b98f8f0dab39e853ab81d2695b1979df50869258a07,1,f41f6113dda1ef6a0b9e9bc3f86a18a23830b77e6c4154f261d419570d3ccb83,3.5527136788005e-15,1.8218727
75,MC1_K2_N1_L1_SP14_P2_R01,27017713ed65ef21ed3311895ef7bab3a8892dee1842780d002a8adbaf4cc4c4,31a85cf10323dcb0ff906b98f8f0dab39e853ab81d2695b1979df50869258a07,1,00b3672a3efb3bc132645332b4420e8ba756cb910e872c7d5dd73bed8b1d27cf,1.06581410364015e-14,1.845234
76,MC1_K2_N1_L1_SP18_P2_R01,49066aed1ae08d42e25ca0c151f040d49926d84f30e2b59cbc3752b844a0de90,31a85cf10323dcb0ff906b98f8f0dab39e853ab81d2695b1979df50869258a07,1,b639bb2782f58639245aad03c46134dee1f62ab6e8d81b70162e95ee5fef81d9,7.105427357601e-15,1.8340466
77,MC1_K2_N1_L1_SP22_P2_R01,52c2ae4cf58d6a8a9bfe9d5e9f1e08e58915a555019d21e31df43cb5fa1e3421,31a85cf10323dcb0ff906b98f8f0dab39e853ab81d2695b1979df50869258a07,1,03b680b107bcf1f9b169093c65244acca1b98007f2a54065866b8d298dfaaf5b,1.06581410364015e-14,1.8383272
78,MC1_K2_N1_L1_SM6_P2_R02,5c639f84da133aee45474d678ab9758bc13c505ef3114bf9742ed5ba84724bd0,31a85cf10323dcb0ff906b98f8f0dab39e853ab81d2695b1979df50869258a07,1,f087053a77333211e196577a6de26ede89d7bf39fa073b88c03194498130270c,8.88178419700125e-15,1.823869
79,MC1_K2_N1_L1_SP0_P2_R02,78e01da53281db9bddfdde3d1f8f937ca7d59c8c9c1e912dd5089a2a9a2a89e5,31a85cf10323dcb0ff906b98f8f0dab39e853ab81d2695b1979df50869258a07,1,af7bd1da307eeeafc8a147106987810d3ec070b6dfc0654b4916509d9e44a80e,1.20540933319161e-14,1.825199
80,MC1_K2_N1_L1_SP6_P2_R02,e5ebd71f594f9078a6b491bbff9883e81508dcb1926ec358b7a6a463e2911a67,31a85cf10323dcb0ff906b98f8f0dab39e853ab81d2695b1979df50869258a07,1,4cb612072639972e67842ddbac13e11e2064257897916fe23c37f6d241898a90,3.5527136788005e-15,1.8876789
81,MC1_K2_N1_L1_SP10_P2_R02,7b8b48847ba38c435902042999b03e61811e2e895a75803fee530b81d1184614,31a85cf10323dcb0ff906b98f8f0dab39e853ab81d2695b1979df50869258a07,1,abe5b1d17128a0b53e9b97ceba2daa40f6baeed9b2d74e89e11e2adfe0d851d9,8.88178419700125e-15,1.8333662
82,MC1_K2_N1_L1_SP14_P2_R02,9c2daba6eae53d26c748fe04e98db0cc3c910cca5025ff82aa6cb6746002916f,31a85cf10323dcb0ff906b98f8f0dab39e853ab81d2695b1979df50869258a07,1,58c0a6615cb89f69a15566f4ad83ae2970c1fe6f4cd5e6425dd20861d012a37e,7.105427357601e-15,1.8228514
83,MC1_K2_N1_L1_SP18_P2_R02,fa5b4b954a5dc40b7702c5b382e09c13e4c9572af907eebbf5464b220a8d4385,31a85cf10323dcb0ff906b98f8f0dab39e853ab81d2695b1979df50869258a07,1,5f7d33e52a9a7dbc3ea5989eaf699b0711a02b45b5c13399630618d126b786a0,3.5527136788005e-15,1.8364657
84,MC1_K2_N1_L1_SP22_P2_R02,1fa068337d8070611a3dfbbaa31814fc5b93b122322ff5906cdd685b97baa35a,31a85cf10323dcb0ff906b98f8f0dab39e853ab81d2695b1979df50869258a07,1,b6321f907924271c073ec9748aa9246328a0c63c8e3a1b5e77236cad76f0b2a9,0,1.8312725
85,MC1_K2_N1_L1_SM6_P2_R03,eca4b4e13c6ca0244e5ec397c8b497878820b2e18f906a07bfdcabe862675bf6,31a85cf10323dcb0ff906b98f8f0dab39e853ab81d2695b1979df50869258a07,1,02c6df208bdb2ccbf62aca0d2d1d474d6e0797743ba191cd7785ed568bc97de5,5.32907051820075e-15,1.862298
86,MC1_K2_N1_L1_SP0_P2_R03,ab52743977a1e30a91168a77bf3dc9ba540e4eac737de4cbce4581966a2eb859,31a85cf10323dcb0ff906b98f8f0dab39e853ab81d2695b1979df50869258a07,1,afd83881d694349f515829ab5d45fe39a6a44a9dc2196319e80b6aa7e85601a0,9.64327466553287e-16,1.8623027
87,MC1_K2_N1_L1_SP6_P2_R03,24822dd936ea3385ebea19730cef5be05f59c68f3b84278805a9b72ae42c0bfa,31a85cf10323dcb0ff906b98f8f0dab39e853ab81d2695b1979df50869258a07,1,cda14ea1632dc7ae0c51b84d7762d0d078432f7abe752f18bbfc00d35ca78e09,5.32907051820075e-15,1.8258772
88,MC1_K2_N1_L1_SP10_P2_R03,39d2c6a658a94e313a31d8a5737e51dd48c258f953f6681c817ab212e62fa88c,31a85cf10323dcb0ff906b98f8f0dab39e853ab81d2695b1979df50869258a07,1,383f39132288b65369f98406f768a197b51c5a29d3358194a46cef2c109b7b81,3.5527136788005e-15,1.8364069
89,MC1_K2_N1_L1_SP14_P2_R03,cd03b61b9797de7974ae66c65021026177188e08392a6b7774f40a10f0842388,31a85cf10323dcb0ff906b98f8f0dab39e853ab81d2695b1979df50869258a07,1,25f376f5e1bfd69ace89606496b6cdd26b56fef823b91c18bf66f011d005f8dd,1.77635683940025e-15,1.8869673
90,MC1_K2_N1_L1_SP18_P2_R03,de6052ca7fa045a9f803b5b294ab1932981b664d8f8f04e058cf09ba9137667f,31a85cf10323dcb0ff906b98f8f0dab39e853ab81d2695b1979df50869258a07,1,8f88130181d177e46d267419d734d5affc3fbd677c3a001a43cb99ccd222926e,7.105427357601e-15,1.8450597
91,MC1_K2_N1_L1_SP22_P2_R03,d9857dab23ae55141a3f935e4df14fb42ae08fd8c4dbfea2200c0c9d4f485916,31a85cf10323dcb0ff906b98f8f0dab39e853ab81d2695b1979df50869258a07,1,7e8408ca683a143e0a3dd2173ee37d5e86a9208c131d0e83c1162be39f71f1cb,3.5527136788005e-15,1.866143
92,MC1_K2_N1_L1_SM6_P2_R04,113471d28fdfe0d2067f62945622cfcfb1e34f10c95f36f317e3bbf4357edffd,31a85cf10323dcb0ff906b98f8f0dab39e853ab81d2695b1979df50869258a07,1,f396eb9056ae636feab0f5584ad92fac55140bcb006f210e0697d7c788768247,1.4210854715202e-14,1.8484135
93,MC1_K2_N1_L1_SP0_P2_R04,a78e4d7947d394b8d73b148d468c28b19fedabbe6b0b971ea4c2718a7b79a0d5,31a85cf10323dcb0ff906b98f8f0dab39e853ab81d2695b1979df50869258a07,1,c36a55da6563418c0854c73d32ccd7576c91c858e91a2d202618583bdb5f81ce,1.06076021320861e-14,1.8432617
94,MC1_K2_N1_L1_SP6_P2_R04,4ada3e3cff3fb04c0199c931900d069e685fe25b16225f9c4bd4c72ac4d781e8,31a85cf10323dcb0ff906b98f8f0dab39e853ab81d2695b1979df50869258a07,1,d9cf1fc4bb3851175e545c5d184966ec3b479220e25931d630078447d6280424,4.44089209850063e-15,1.8397385
95,MC1_K2_N1_L1_SP10_P2_R04,dcde6b4eb4f6365d21c5786b5336abd726fb85f7d76f0de4a3d14a07d12271bf,31a85cf10323dcb0ff906b98f8f0dab39e853ab81d2695b1979df50869258a07,1,704aa1591d7b5c9ceea316101cc899bf7b555eec15d999bce6c1839002a4e7cc,1.77635683940025e-14,1.859106
96,MC1_K2_N1_L1_SP14_P2_R04,848748114bdcfa79481db2c51ecb9d1c74ab18591fc8550d69ba4a88693bdbad,31a85cf10323dcb0ff906b98f8f0dab39e853ab81d2695b1979df50869258a07,1,5917e979019e2fc57a5ef03737e2c9ea2ed2da60cb0f9da3aa9985b9994e5dd5,1.4210854715202e-14,1.8857417
97,MC1_K2_N1_L1_SP18_P2_R04,c70bbbc28cf304579b837b59c58ba8d0512767080f8657c99c2d3ef3009aece6,31a85cf10323dcb0ff906b98f8f0dab39e853ab81d2695b1979df50869258a07,1,730d440b42db0908dc20a33ccef70dffeab5737c4f73fc9914874b3523178fc1,1.06581410364015e-14,1.8574033
98,MC1_K2_N1_L1_SP22_P2_R04,05000970a38ccd10b477247bd3da91a37dc81a264a008e9a3f21261f44e041aa,31a85cf10323dcb0ff906b98f8f0dab39e853ab81d2695b1979df50869258a07,1,ee32ef8f2531f676eda84a7fdc56cd9e42a183d1f1809d50d933ea619506510c,1.06581410364015e-14,1.8382219
99,MC1_K2_N1_L1_SM6_P2_R05,a375e1fb1c690bd63615c463bc4e76f2f6e6ffd3565a84081d4e317056d15633,31a85cf10323dcb0ff906b98f8f0dab39e853ab81d2695b1979df50869258a07,1,a6ca132b06b3a1a88ac80f5d99323001ec013fec28a2468600342ceda4fc51f3,1.06581410364015e-14,1.8381232
100,MC1_K2_N1_L1_SP0_P2_R05,9cbaafd7db04bd111f7d83ebfea0a1ccfdc26fd863ff023f57c5e1bb884cfa2e,31a85cf10323dcb0ff906b98f8f0dab39e853ab81d2695b1979df50869258a07,1,ab8e83694a2f7000175fa4c7598cb7b0dcfe8446dcb708fff045321652370132,1.44649119982993e-15,1.8585378
101,MC1_K2_N1_L1_SP6_P2_R05,d1dba9bfdc5dfeeddc65e76d7bc82a898b981f57cc47efbc4d08a69c968e19f9,31a85cf10323dcb0ff906b98f8f0dab39e853ab81d2695b1979df50869258a07,1,539aa8fd80f4bedc5995cfd68cec7c0cd6cec46e7018d353be38a78faab3b453,9.76996261670138e-15,1.8471256
102,MC1_K2_N1_L1_SP10_P2_R05,b7075225940bdc6e6dea6e31fe085852a05166dc19332cea68547700cb4077c7,31a85cf10323dcb0ff906b98f8f0dab39e853ab81d2695b1979df50869258a07,1,cbca46f7a7de89b78f0c2c34e59c458868e786d2c29da2c6f250992655db9f32,1.06581410364015e-14,1.8411333
103,MC1_K2_N1_L1_SP14_P2_R05,7c0e5daf43905ed326ec1ee459637ee1f203459279f3fea2ed852a9b75b74335,31a85cf10323dcb0ff906b98f8f0dab39e853ab81d2695b1979df50869258a07,1,6b0cc6d066e15421faeb921773409fdc6eb88e3ab11f212b6a68825d7b00fc70,1.06581410364015e-14,1.8421329
104,MC1_K2_N1_L1_SP18_P2_R05,c7190502dccaf4752ccfb11a6e2438107b7579e0b79d8a6a63d9e69d6e3b6f93,31a85cf10323dcb0ff906b98f8f0dab39e853ab81d2695b1979df50869258a07,1,a0cd41f870c57bfce6d9c56b596c8ca3856fbd58c09df5ee151edab9fd4a7514,1.4210854715202e-14,1.8679186
105,MC1_K2_N1_L1_SP22_P2_R05,2dc4e80febbc0791b72be2c8db4ea7f669e34fedccb9f8a481ed8ce3ab1e253d,31a85cf10323dcb0ff906b98f8f0dab39e853ab81d2695b1979df50869258a07,1,0fefbd76ddcb5be057c6cd65a47c0327901385917a5e10f43de6c2573569fb11,1.4210854715202e-14,1.8443265
106,MC1_K2_N1_L1_SM6_P2_R06,93dee6731bb64c2724af1e7815ee53e25d14698335e260eb526b2f1c33272fef,31a85cf10323dcb0ff906b98f8f0dab39e853ab81d2695b1979df50869258a07,1,eefe84936ff943f79c1727c8caaeed051174ab6052d886a901217f46cfb49b8d,1.24344978758018e-14,1.835182
107,MC1_K2_N1_L1_SP0_P2_R06,54109b6e3be25df5c3395398239189d3ca68184311637bf948c16f785f1850a2,31a85cf10323dcb0ff906b98f8f0dab39e853ab81d2695b1979df50869258a07,1,3934202ff1dea6bd59632a6203a8de02054782dd105ccd3b18b0e3be79203fa9,7.7146197324263e-15,1.8359725
108,MC1_K2_N1_L1_SP6_P2_R06,ba9514cc5984ae2b68acbc99e6dfe4c648a07a1dc6ac2c1a799421f347fde429,31a85cf10323dcb0ff906b98f8f0dab39e853ab81d2695b1979df50869258a07,1,ba9970cf6a66fc018f4684c032a896124291a410aefb1244e5506aaa2557495e,1.77635683940025e-15,1.8348731
109,MC1_K2_N1_L1_SP10_P2_R06,b9d48484001472bca9d7755f44839c0a97bbefa5f8df238f2dec2bff535565e4,31a85cf10323dcb0ff906b98f8f0dab39e853ab81d2695b1979df50869258a07,1,4b8f1b77872adbd9fc4d3eaa8768fcc8e658924e69fbc7f5e44448d46e926ad8,1.95399252334028e-14,1.838001
110,MC1_K2_N1_L1_SP14_P2_R06,9f950cd69196aa53e6a4e753830e7794506046c75bf50644f8ab8b21160f59b5,31a85cf10323dcb0ff906b98f8f0dab39e853ab81d2695b1979df50869258a07,1,8dc35579564ff94ef677644f81ffbad56e745064921bae6e34528859f1d10682,2.30926389122033e-14,1.8401877
111,MC1_K2_N1_L1_SP18_P2_R06,202fb101dfbf6cdff1f4de3e22a6ad570d9dac1eb46372164e2f62084e482bc1,31a85cf10323dcb0ff906b98f8f0dab39e853ab81d2695b1979df50869258a07,1,94de9be18779ab439bf3bcc03e79bd9bb95757711d127bdf47fe0aa44859a67c,7.105427357601e-15,1.8331736
112,MC1_K2_N1_L1_SP22_P2_R06,a011c63fa0489ae9934ae4d9f319c2c8a67c1a58afe536c04a4132221d8f9b43,31a85cf10323dcb0ff906b98f8f0dab39e853ab81d2695b1979df50869258a07,1,69d408ea81516f2bb7992c3ac160050a0936b4f1d0bab10652a365f2fd7ab7b6,3.5527136788005e-15,1.8336345
113,MC1_K2_N1_L1_SM6_P2_R07,b0ce4d9e5419152e33ed4669947ade7957f8e009ca3e682dc5244763824f25c9,31a85cf10323dcb0ff906b98f8f0dab39e853ab81d2695b1979df50869258a07,1,cab5c9e13c4c05165cbb6abc1c019bd1fd0b38446867d023e15ff5a98762a64f,2.66453525910038e-15,1.8327633
114,MC1_K2_N1_L1_SP0_P2_R07,3cd3b1856ad59507fa69e50205d0967242fe769fc47c252356f710dfef5d1c9a,31a85cf10323dcb0ff906b98f8f0dab39e853ab81d2695b1979df50869258a07,1,82cbb31b86c9ada1849a711ee16fa71ddaf204619c3137c7dde9358860b9c110,8.67894719897959e-15,1.8378639
115,MC1_K2_N1_L1_SP6_P2_R07,587cef18cd4da3e11c2d492cb5f433511f4e23b963e8c3a583fc0c4b53e3c4fa,31a85cf10323dcb0ff906b98f8f0dab39e853ab81d2695b1979df50869258a07,1,8392ba20566a9ea90922a3b952a7c55f81aa8a3b4432efd1b96405928648c2c0,8.88178419700125e-16,1.8381894
116,MC1_K2_N1_L1_SP10_P2_R07,09307ba50d6a1516b22048c8f7d5629434af78faa6f6bb4632fcd17c9cb970b4,31a85cf10323dcb0ff906b98f8f0dab39e853ab81d2695b1979df50869258a07,1,d8926d16e365f714ae21808c943d57689cf1947c8db18e46ea029fa4fc8a3040,3.5527136788005e-15,1.8464109
117,MC1_K2_N1_L1_SP14_P2_R07,cec4d1dbd94d8e22f66ffa4595e396e9526e50e32d1d8ad13e7078f19b84d7b6,31a85cf10323dcb0ff906b98f8f0dab39e853ab81d2695b1979df50869258a07,1,936f63aec56f275b9f2d630bf32260813bd16087d36bbb823567e8fc54e7ea9f,2.1316282072803e-14,1.8521626
118,MC1_K2_N1_L1_SP18_P2_R07,353b36f606b38376aa01a95bfed58f1e4ba6dd90ce535f544e86cd2fe520fb4e,31a85cf10323dcb0ff906b98f8f0dab39e853ab81d2695b1979df50869258a07,1,f2b2fcef8f844233e0a6d10623059fe9df629c481038057d98b55aa1b70d4a1c,7.105427357601e-15,1.8544057
119,MC1_K2_N1_L1_SP22_P2_R07,df77d7b7796bbb2b5b68793f5621c00730036b35a4713820ac131ba0c9c6023d,31a85cf10323dcb0ff906b98f8f0dab39e853ab81d2695b1979df50869258a07,1,b8d4f3cb192fbd32ad13abf05e4fb67e25ee472ccce8d4bf00eb870bbd453aff,3.5527136788005e-15,1.8357008
120,MC1_K2_N1_L1_SM6_P2_R08,8be328e5429cccf7814867384684e521b84de6e57d27c9f97ac7f6ee297898c0,31a85cf10323dcb0ff906b98f8f0dab39e853ab81d2695b1979df50869258a07,1,8d62f6cd1a1833366daef6d2ec8ed616b6dfea0000eeb5754643d6e5bf8a3866,3.5527136788005e-15,1.828656
121,MC1_K2_N1_L1_SP0_P2_R08,72ba90ad26b5e428dd4fca29b2b5f409a433388c641771b1878628ae35bddc45,31a85cf10323dcb0ff906b98f8f0dab39e853ab81d2695b1979df50869258a07,1,ba37bf24dac406c32651f795ab0ee0002ced98471061feeec8ad6df1c4010b95,4.82163733276644e-15,1.8296312
122,MC1_K2_N1_L1_SP6_P2_R08,302a6c30dabe7a5a99ec92d901bb2f38f1fa737a20f5f6ba72b33f1419cc9d97,31a85cf10323dcb0ff906b98f8f0dab39e853ab81d2695b1979df50869258a07,1,7a996bc6d7668c9c12e36d33c90cdb3466911d0aca4c4e62121161cd6ebabd5f,5.32907051820075e-15,1.8301491
123,MC1_K2_N1_L1_SP10_P2_R08,d73ade7c3300988caf08ad17029c3f11a21279d0624bd43852c7d15791d84ec8,31a85cf10323dcb0ff906b98f8f0dab39e853ab81d2695b1979df50869258a07,1,f61efd782af11a9f27a87213b4c8a284ff767a74c91995cfbe43d347757fd541,7.105427357601e-15,1.8409942
124,MC1_K2_N1_L1_SP14_P2_R08,9d4840cb0acf2cc16b08d9302ee7ae2264f95671e1272152ef3c79376e23cf07,31a85cf10323dcb0ff906b98f8f0dab39e853ab81d2695b1979df50869258a07,1,b4858fe06aebfe5657de932c4b8c19137800f59ba6fd7bde8ac7caf98319bbb1,0,1.8334358
125,MC1_K2_N1_L1_SP18_P2_R08,1ec6fb5214820a58d0be7bb472adf5bf8bae39172bd65a63a090dae862de5a5a,31a85cf10323dcb0ff906b98f8f0dab39e853ab81d2695b1979df50869258a07,1,829b2e60824b912750d15b937c151a62832cf096cc805c2d299085f4b0ed3c6f,3.5527136788005e-15,1.837034
126,MC1_K2_N1_L1_SP22_P2_R08,260eb0deb206ea9821f2dab28c06361e2efcf66e1e4f39be42bf580ff59ddeb4,31a85cf10323dcb0ff906b98f8f0dab39e853ab81d2695b1979df50869258a07,1,4b801632cf3458452972574eb5081251d4fd37f023344014605ec7ca492c9a9c,1.4210854715202e-14,1.8474887
127,MC1_K2_N1_L1_SM6_P2_R09,10999f61686c6d1f4293337b9be8d4fb440422d0fcda1dd73f2a01901ea26fd0,31a85cf10323dcb0ff906b98f8f0dab39e853ab81d2695b1979df50869258a07,1,2e048290dffa3bd19cb36833f1db7153ffa8c2afb3e21ecbba4a6f084cb4bf1a,1.24344978758018e-14,1.8355311
128,MC1_K2_N1_L1_SP0_P2_R09,808cb84c677f0a7ad5941e716e5f68d94b3f5da27badc3efb5dd958b762aa922,31a85cf10323dcb0ff906b98f8f0dab39e853ab81d2695b1979df50869258a07,1,abc5f7585e43502fb3e8c3990dbb012eeaf2bd73f5050527ae2a8857ec72d14a,3.85730986621315e-15,1.8359719
129,MC1_K2_N1_L1_SP6_P2_R09,6a7a8ccebfcc53c48c0e371ddd2d4be838b06ac6c6e3bf04e7863a7797b5e8bd,31a85cf10323dcb0ff906b98f8f0dab39e853ab81d2695b1979df50869258a07,1,851d1250a5ca90aa166d75e47d8e30de3e3eb900132510b9c9cdc93c62e244f4,3.5527136788005e-15,1.8340276
130,MC1_K2_N1_L1_SP10_P2_R09,954c40c23c4943bcf0a76aba82b2ef68293cdca3209571cc69f39c87507a1239,31a85cf10323dcb0ff906b98f8f0dab39e853ab81d2695b1979df50869258a07,1,a0d618552733b24ef7a90771b48db64ad6adbad9ac4e06ce198d8eb23c4b0002,0,1.8292932
131,MC1_K2_N1_L1_SP14_P2_R09,c9c56643a5d6aabcbf8fc37ba8ce7b671aba2cbafe4051cb7d40a92231e5eb9c,31a85cf10323dcb0ff906b98f8f0dab39e853ab81d2695b1979df50869258a07,1,2794e2b134fd2911ed0c67b7f28986e1513b22448744446ab932b672cf0f64ad,1.06581410364015e-14,1.8452732
132,MC1_K2_N1_L1_SP18_P2_R09,87bebb5ee1aec1eaae06cfc1d4e66a50dd07b01cca5da6f0bf31e71fc568d952,31a85cf10323dcb0ff906b98f8f0dab39e853ab81d2695b1979df50869258a07,1,a6c8e168ef48e1c1e07ecdde053338a2883ce4d1f1ab54b72a032e2f66cb99bf,1.06581410364015e-14,1.8279762
133,MC1_K2_N1_L1_SP22_P2_R09,167751ee30852f3e6142bb528eec0f67fe7b5532ea784e6bc581337a984b5cf1,31a85cf10323dcb0ff906b98f8f0dab39e853ab81d2695b1979df50869258a07,1,988117139d1b86170b17f1bcfbfff0bc9d010c5ce29acd238244221f79109cec,7.105427357601e-15,1.8446538
134,MC1_K2_N1_L1_SM6_P2_R10,2f50c975c7164aef7326d54e3dd9a244c28099679f2397b9047908d556d675e8,31a85cf10323dcb0ff906b98f8f0dab39e853ab81d2695b1979df50869258a07,1,355e67a52b1a05618e11e96b4ccdb2680ec261ce269863f2ebd599b424fbd4a6,6.21724893790088e-15,1.8253826
135,MC1_K2_N1_L1_SP0_P2_R10,27669835042b367a9220bd8f74800fca9a36f1fa9b9edfd88820a1e6dffdc76e,31a85cf10323dcb0ff906b98f8f0dab39e853ab81d2695b1979df50869258a07,1,4e2979a34f36ad9b3875582221b32b67687629447f17e9840f35f22a22c75802,1.92865493310657e-15,1.8362765
136,MC1_K2_N1_L1_SP6_P2_R10,cdf499ea428ed85da7b6f3016b324f33e8103c5eaed5692ae1908aa5f4683aed,31a85cf10323dcb0ff906b98f8f0dab39e853ab81d2695b1979df50869258a07,1,f078a205eca3560f0108dcb08edf5971b3fda6099f84971a05d08564e54abd4b,6.21724893790088e-15,1.8390954
137,MC1_K2_N1_L1_SP10_P2_R10,2c20b1346d6db5720caabb4eaf31974132c5c5ad9100b135034029f1fb1d801d,31a85cf10323dcb0ff906b98f8f0dab39e853ab81d2695b1979df50869258a07,1,0e6129fe41f9a938d8eb3a8f2ab8830ce35112da082c4be885b0aac7d80e0e01,1.77635683940025e-15,1.8500004
138,MC1_K2_N1_L1_SP14_P2_R10,954051460ee48ba8264fe4e3024c19fc091dca8072accbd02e2d2bba6e8969dc,31a85cf10323dcb0ff906b98f8f0dab39e853ab81d2695b1979df50869258a07,1,934816c98e3cde69633c4b69f3f5d19556ff0d4fa17230c36d302a3e22462895,7.105427357601e-15,1.8316869
139,MC1_K2_N1_L1_SP18_P2_R10,60e8905199036ad202cc267a297869e70e067f234519c554297c1dcf296fc64a,31a85cf10323dcb0ff906b98f8f0dab39e853ab81d2695b1979df50869258a07,1,436ea940f128653add8984247ba93aa968cc247886f262f32cfbd18c1720d271,0,1.8391447
140,MC1_K2_N1_L1_SP22_P2_R10,2bb3697487f1015a2e1d280930980514f13fbb0ca4d91f04f860715a6215dddc,31a85cf10323dcb0ff906b98f8f0dab39e853ab81d2695b1979df50869258a07,1,5ce23ca6e419da262674c5c7d74177d4f4db8473e706db11cc9d536485127f0c,0,1.843851
141,MC1_K2_N1_L1_SM6_P3_R01,a10c74ba2bd12b73b4f2b5e31919aaf8ed428bda3ea4afa46ede1f3f1da02df1,31a85cf10323dcb0ff906b98f8f0dab39e853ab81d2695b1979df50869258a07,1,2606f24653ab8b8dd37fede802e05ed1711d534564a9495aa455cc653f5ea126,1.86517468137026e-14,1.8520696
142,MC1_K2_N1_L1_SP0_P3_R01,7e72d5f935baa7f4cb83e8e2f294d214e04be8acc8448f2a8e3f5dc18bd56cd3,31a85cf10323dcb0ff906b98f8f0dab39e853ab81d2695b1979df50869258a07,1,cce659ec0fa12fc0daa1268e01e7c35be5ae2d91dd84b1d801f24882aff5f315,5.78596479931973e-15,1.8428699
143,MC1_K2_N1_L1_SP6_P3_R01,58edf1d77364617d10e123faf7bedbdbe4d7feb1a8cc99eef39e163a5bb1f99c,31a85cf10323dcb0ff906b98f8f0dab39e853ab81d2695b1979df50869258a07,1,62baf56bf36bf754ea8cfba560aa271bfb3958fb86c824dc2a8096d330d6ad48,1.68753899743024e-14,1.8563217
144,MC1_K2_N1_L1_SP10_P3_R01,62b5973ec752f38df6f1792b29b393ce96e587cde1daf8bcb1b1b2bdee0f5918,31a85cf10323dcb0ff906b98f8f0dab39e853ab81d2695b1979df50869258a07,1,2c06ba82aaaf862d46e3c8b788d10a85848c0e136a02968db2dcd57d9447ce49,1.59872115546023e-14,1.8509928
145,MC1_K2_N1_L1_SP14_P3_R01,052db1708eec4de9ccbf01e90b58882cf1b5f8de1d25eeac206bb74db8d7f7b5,31a85cf10323dcb0ff906b98f8f0dab39e853ab81d2695b1979df50869258a07,1,4849d00302df22b3dbed563cfbbd8a7fe740cfa50987ac9baa2df4494192a4d0,1.24344978758018e-14,1.8421763
146,MC1_K2_N1_L1_SP18_P3_R01,4f9f5040feb3962fbfe6a0e9418ec3989b3805d879318a47f8457548e57caf22,31a85cf10323dcb0ff906b98f8f0dab39e853ab81d2695b1979df50869258a07,1,5528af1bebba7241927b01e83847745e162855c2d26fbd9e68b0d7e7c97423f3,1.06581410364015e-14,1.837878
147,MC1_K2_N1_L1_SP22_P3_R01,377ff52548b73f8f7f2fadcbd444257d158b879d57a3cbcf873038c194513ede,31a85cf10323dcb0ff906b98f8f0dab39e853ab81d2695b1979df50869258a07,1,ad2079d2e8d85996c343acdc38aeed9720b4a359e564fc8450fc3a82b40a178d,1.06581410364015e-14,1.8799689
148,MC1_K2_N1_L1_SM6_P3_R02,ce129e7a6fddb15959ec6378bea664196006ccbef2e8b0e9d5f773a3f8dcf1a4,31a85cf10323dcb0ff906b98f8f0dab39e853ab81d2695b1979df50869258a07,1,2588ea0f680afcbbb845ad8accca0edce6f2155fa83bca9e020c63421f8555ad,2.66453525910038e-15,1.8366423
149,MC1_K2_N1_L1_SP0_P3_R02,27715ab83854ddf1467a70d471ec504a179fd8548752088e0385cab1bdcd68e4,31a85cf10323dcb0ff906b98f8f0dab39e853ab81d2695b1979df50869258a07,1,62183ef0764856c4bd18fd8d448ce64d372790311ba1d3231f7333006e13cc71,9.64327466553287e-16,1.8369022
150,MC1_K2_N1_L1_SP6_P3_R02,4d2e999741f98108a6d2a88f50e7a8758b757adae7d5e5babfe4ad366ba10d4c,31a85cf10323dcb0ff906b98f8f0dab39e853ab81d2695b1979df50869258a07,1,4dff41a072274ec07cf83afa1a135342265130398973bd0adccc0313218f2c9e,7.99360577730113e-15,1.8544073
151,MC1_K2_N1_L1_SP10_P3_R02,395be42ff3ab00336b3ad260f8d260d650c5c4855d3ed979d87e188c38cbdb26,31a85cf10323dcb0ff906b98f8f0dab39e853ab81d2695b1979df50869258a07,1,6d86d4d0140ba7404c0bc71b5c4283f013760368244e39cbbaecc64103b3f221,5.32907051820075e-15,1.8469175
152,MC1_K2_N1_L1_SP14_P3_R02,69a688ca0fb5f1a0f89eef91992693a0829567bdecc252d1fa3b422db25dca51,31a85cf10323dcb0ff906b98f8f0dab39e853ab81d2695b1979df50869258a07,1,a7db34e13a67df8d2cb4c11d122917f0ab9a8a79c86f5e11bb6a5da2f62957ac,7.105427357601e-15,1.8373518
153,MC1_K2_N1_L1_SP18_P3_R02,d37ba2495edfd6bbf57175bf60060c4b1c060a1484ad75bf608cc304d258cff4,31a85cf10323dcb0ff906b98f8f0dab39e853ab81d2695b1979df50869258a07,1,94629f239275cb00a30af2c0b55b414e5547b14cf3f00592db36bf0bcffeba85,7.105427357601e-15,1.8434454
154,MC1_K2_N1_L1_SP22_P3_R02,f0317127bcb90e04da8858826bbcac4cab98a893516e2ab382677ddb4717bb53,31a85cf10323dcb0ff906b98f8f0dab39e853ab81d2695b1979df50869258a07,1,1ac7096a3adac61932e74e7fd976ab073788cc4ef9a09d3e32c4428312b5a58e,0,1.8466901
155,MC1_K2_N1_L1_SM6_P3_R03,93fbc427f66e4439ec03ddc38050893ee99f205d4a86c9e85fa093159979260b,31a85cf10323dcb0ff906b98f8f0dab39e853ab81d2695b1979df50869258a07,1,a03c6dda24eddb2de72f11514c031981a7fd9b133d1d41d004d9d711f111a900,3.5527136788005e-15,1.8381498
156,MC1_K2_N1_L1_SP0_P3_R03,02a7ee55b4b30da527f170231b4e5557751dbda55d1590e1bf6a7975b2995798,31a85cf10323dcb0ff906b98f8f0dab39e853ab81d2695b1979df50869258a07,1,cce3ded04de79b48f5ccbddfb20bd10c8af21103f41e3b95607333e6efad7c3f,1.06076021320862e-14,1.8447736
157,MC1_K2_N1_L1_SP6_P3_R03,53a8a922b7d716fa8c74c18a6a65df7eb4287bf46dcb909dbcecb630fa177af0,31a85cf10323dcb0ff906b98f8f0dab39e853ab81d2695b1979df50869258a07,1,2cb9925800fcbac09cb26234e01ef67f2c378f264b68f4f09848a72a3e86e2e9,1.77635683940025e-15,1.8381422
158,MC1_K2_N1_L1_SP10_P3_R03,f4cf183e0b154b964b814ae1f433c026414ae822784558f47aaa8355d10d422b,31a85cf10323dcb0ff906b98f8f0dab39e853ab81d2695b1979df50869258a07,1,d463d52966bdc363bf3f0226ec7a00175b582c995db741521890e4cdd345d61d,3.5527136788005e-15,1.8490484
159,MC1_K2_N1_L1_SP14_P3_R03,c6be7f6eeeedf9e974636b9b6c2c4b34cb61cbe48fe0ece8a17ebcf5829b7a76,31a85cf10323dcb0ff906b98f8f0dab39e853ab81d2695b1979df50869258a07,1,3ffeeb9bbd3be34087814148810b463be599e464e5acf8f8de5910bf3942e4b2,7.105427357601e-15,1.8451608
160,MC1_K2_N1_L1_SP18_P3_R03,a46f0c6d83b896af7125aea423b3f067f947aabd2142a3d49ac40a90dfbccc14,31a85cf10323dcb0ff906b98f8f0dab39e853ab81d2695b1979df50869258a07,1,162962f6a138a8ed8b28539362bcf339e343c5b19012d4b0b34c6b709f509c32,3.5527136788005e-15,1.8414047
161,MC1_K2_N1_L1_SP22_P3_R03,16cff86967eeac2c5ad13ab10b1592ea4e3d11b0bafef3813b61a2b4ad34efe4,31a85cf10323dcb0ff906b98f8f0dab39e853ab81d2695b1979df50869258a07,1,2f49c57e07dc626bfe8a49499548350badeeef3a3d069028788ace708fab704b,7.105427357601e-15,3.7082969
162,MC1_K2_N1_L1_SM6_P3_R04,0d311b5f006ff224482ce8a529035afed958a85744a27ba2ce47da76df064598,31a85cf10323dcb0ff906b98f8f0dab39e853ab81d2695b1979df50869258a07,1,7c6dea1101596b7e8a144d1cdd60ecddb22526216c389be6a76c8bb545e6a5a5,8.88178419700125e-16,1.8412189
163,MC1_K2_N1_L1_SP0_P3_R04,4d9ff0c4b1e9142dc7db285411efef5d4042a72678b0167b4a4d7068a7ec2683,31a85cf10323dcb0ff906b98f8f0dab39e853ab81d2695b1979df50869258a07,1,8a6bfaa8fd9fcfbbff00e6b757f8ffc8a9f842d8207ad8636c0d537f7a6ea726,4.82163733276643e-15,1.8486048
164,MC1_K2_N1_L1_SP6_P3_R04,5fdddab592efccc533aa4bbd38f87d9663d67082909ca995321b546746f9f9a5,31a85cf10323dcb0ff906b98f8f0dab39e853ab81d2695b1979df50869258a07,1,be0401598ba9e5db96f0d1c595327480bbf183b3c25820a88d44a5d88cf69a45,3.5527136788005e-15,1.8519954
165,MC1_K2_N1_L1_SP10_P3_R04,d3784f7a26628275f6df3e59fa41b4d2dccb1e4bb0833cc143068b09b227e5ba,31a85cf10323dcb0ff906b98f8f0dab39e853ab81d2695b1979df50869258a07,1,e18c85da0a501b5f2f559c3c3e41873133bd71c19d9a05518d9c337c403a560c,8.88178419700125e-15,1.8421891
166,MC1_K2_N1_L1_SP14_P3_R04,c7fb2a526d4bfa8b7a3d71280be130b7c1b401d2bff4b289de2ae95daca02da6,31a85cf10323dcb0ff906b98f8f0dab39e853ab81d2695b1979df50869258a07,1,ad206fe096184253dcc39d2184a24c7c802447fcafef3df127366cc8f23f35d2,5.32907051820075e-15,1.8493871
167,MC1_K2_N1_L1_SP18_P3_R04,0c528bc5f7866d516089339065559012733a74addd89c13ab7cfbaad19df46cf,31a85cf10323dcb0ff906b98f8f0dab39e853ab81d2695b1979df50869258a07,1,4825553cecd3d94b0a4b5083398bef826b7f538b389912846bbed735c95e4afc,3.5527136788005e-15,1.8518573
168,MC1_K2_N1_L1_SP22_P3_R04,2cb186a2802e0c895e0d580111bd8458822c50dd7d3dba8b2865ffd83b00eadc,31a85cf10323dcb0ff906b98f8f0dab39e853ab81d2695b1979df50869258a07,1,7e2244a5738a852d004b6d9c47af5d6081da834d2a7b04686ff074988252d112,0,1.8435205
169,MC1_K2_N1_L1_SM6_P3_R05,8072ce03781eb4cebc9adf9859863abef9a7c8af7eb88a3993946954cb47e354,31a85cf10323dcb0ff906b98f8f0dab39e853ab81d2695b1979df50869258a07,1,f4fe2a2a0c4c11617d7a2116e21dcdba04f75928c0b069224dff54fcf8bde063,3.5527136788005e-15,1.8421731
170,MC1_K2_N1_L1_SP0_P3_R05,4ca6d8cdc7bbff9c3a66a8be51dfda731d4304947f9f39d93fc180c8183e7a44,31a85cf10323dcb0ff906b98f8f0dab39e853ab81d2695b1979df50869258a07,1,c6f4dfe3dc0051f8813dda327b595a7d6c5a29d68260a6c31a672dca5fd497da,1.20540933319161e-14,1.8354906
171,MC1_K2_N1_L1_SP6_P3_R05,14cfb59070c4269b2a3e83825591447b2cee7f4002b2e16d3732130685d7c805,31a85cf10323dcb0ff906b98f8f0dab39e853ab81d2695b1979df50869258a07,1,ee7954a031f5be5018569af12600a5d9534ec352e37266c79c5c658bac0064e7,1.77635683940025e-15,1.8477388
172,MC1_K2_N1_L1_SP10_P3_R05,bfe92cafed5f33e53e08bce280dc579c32ad04a76e76f7531f1496934454edce,31a85cf10323dcb0ff906b98f8f0dab39e853ab81d2695b1979df50869258a07,1,fc90f46cfbe4c5b6633965e81980f321b320451a53d7145af38df02dbf19345a,1.77635683940025e-14,1.8521461
173,MC1_K2_N1_L1_SP14_P3_R05,60eaa576f8c3ee7725efa20fcceb4b22861e52108b712161b13acf06e6d5efdc,31a85cf10323dcb0ff906b98f8f0dab39e853ab81d2695b1979df50869258a07,1,db1a6db0bf738881d5bc0c8777ee909c6106b22342f950affeca660eb3018934,0,1.843133
174,MC1_K2_N1_L1_SP18_P3_R05,4b01893c453cd2929be637bffef8908eec477d59da00bcd05e74be5e043407a4,31a85cf10323dcb0ff906b98f8f0dab39e853ab81d2695b1979df50869258a07,1,c749c9a1c2ea2f00ad52bb7393018b16594d10546559d9db9f431032458f08ba,0,1.8612403
175,MC1_K2_N1_L1_SP22_P3_R05,2d0be4c9091f44676304444db556411f1ba6d8a94848b5cf082b4e9b1fde0c4b,31a85cf10323dcb0ff906b98f8f0dab39e853ab81d2695b1979df50869258a07,1,3592c02bb9f6bcd8b403ba8ebc53a441f27a60443410a9d2ae9616babf793113,0,1.8515867
176,MC1_K2_N1_L1_SM6_P3_R06,409f4691b603dd2b3dc679534ee0be066f3fd2972ed46dc2a08635db5997d618,31a85cf10323dcb0ff906b98f8f0dab39e853ab81d2695b1979df50869258a07,1,6044633bd95df9b58b2dcd9cbe86efd7ee6697f6fd5e5eede4791303772788f2,1.24344978758018e-14,1.8425899
177,MC1_K2_N1_L1_SP0_P3_R06,aeabff636e862ded0e9636e7a4c31aef52ab880fcc46e0cbdcac21ded2737ba3,31a85cf10323dcb0ff906b98f8f0dab39e853ab81d2695b1979df50869258a07,1,2e928649c3d3667b1d50b8d88ceb4a051585afa8b744dc704d2fba4b66c9c7eb,5.78596479931972e-15,1.8426483
178,MC1_K2_N1_L1_SP6_P3_R06,7c4b42298f2fd8026cf641da1d546f6b52c3c3da9d6ce63c4892e1aee2aea228,31a85cf10323dcb0ff906b98f8f0dab39e853ab81d2695b1979df50869258a07,1,4d72940c200df86859cf91a4f941ce0159f3c917976f644127b3126329c658a5,7.99360577730113e-15,1.8471784
179,MC1_K2_N1_L1_SP10_P3_R06,1c58cce648cdc52f5aaca4b54f09bcb4c3b41dc073f96693107cc58d6ba2f66f,31a85cf10323dcb0ff906b98f8f0dab39e853ab81d2695b1979df50869258a07,1,ce159956d99b71f0158e38cba226766c1a315e5ac243ec7fc8d91bfba2f7fb3e,1.77635683940025e-15,1.8384281
180,MC1_K2_N1_L1_SP14_P3_R06,0d14e971bbefbd87b9614346dbec0f74afd9fb5f852b5d39fbd76695e5eaad60,31a85cf10323dcb0ff906b98f8f0dab39e853ab81d2695b1979df50869258a07,1,09650d89e8b32938ef869cdcd4f0d2968b1eb1b25df737f4cd6a747795f0f112,3.5527136788005e-15,1.8414584
181,MC1_K2_N1_L1_SP18_P3_R06,b3c4bffeacdcf195d54f71f57a7f263d3ad2ccbe7ecd4bdb226af111e2d759f3,31a85cf10323dcb0ff906b98f8f0dab39e853ab81d2695b1979df50869258a07,1,747100e22a2678e036619f6b2a269992233e7e2a130e3e83d65266145cd954d1,0,1.8493677
182,MC1_K2_N1_L1_SP22_P3_R06,b263cb4612d5ddd1d70fc58fe7220cedfa8556437b9388e6a730454ee8106bc5,31a85cf10323dcb0ff906b98f8f0dab39e853ab81d2695b1979df50869258a07,1,4874cb1201275d16c55a1b73897284235305638d6b3cfde9eb975a18641a7fa3,7.105427357601e-15,1.843635
183,MC1_K2_N1_L1_SM6_P3_R07,19202d48956774f5795801643ee2de10bbe79d67eb3047933792975175325a15,31a85cf10323dcb0ff906b98f8f0dab39e853ab81d2695b1979df50869258a07,1,2ca0b0e3f61b81f928038e1033c98d9cc90af80069dfec3d7cfd8d6404f85dcb,2.66453525910038e-15,1.8438805
184,MC1_K2_N1_L1_SP0_P3_R07,e37d8b43117f794981eb150858f667dc6d6a1cb09b3f10df4a3c491344bc1c26,31a85cf10323dcb0ff906b98f8f0dab39e853ab81d2695b1979df50869258a07,1,17c3b0bb022bef540fa9a0920fdcdbec990eb7e4fd7bae7477729da73ca762b6,9.64327466553287e-16,1.8370263
185,MC1_K2_N1_L1_SP6_P3_R07,2d8c6aea0ec6b3aacba26b0d830f474e0db616cf4d867b9b959339586f607e80,31a85cf10323dcb0ff906b98f8f0dab39e853ab81d2695b1979df50869258a07,1,c582b690ec0828baacd6743b4be38f6608c3325bf095c927d9d0f35756da6d28,5.32907051820075e-15,1.8325282
186,MC1_K2_N1_L1_SP10_P3_R07,97957c7a86800bf2940f85513dd2cbf875fec2b90733c7e3138a7a06cfd6decf,31a85cf10323dcb0ff906b98f8f0dab39e853ab81d2695b1979df50869258a07,1,e9674dd86ef3f2ebc0bc6c329fd1f18b353596c955df7d6e764e371a49919a9d,7.105427357601e-15,1.8444078
187,MC1_K2_N1_L1_SP14_P3_R07,5ee087bd9e1ca71b92c53db76bb7ec94aea96fbf61945ca9cc39f7f8d8854afa,31a85cf10323dcb0ff906b98f8f0dab39e853ab81d2695b1979df50869258a07,1,d3cfba6421d0efcaf160d3b69d2150feca4ab96f93e57668a6e8f481376541a2,0,1.8432358
188,MC1_K2_N1_L1_SP18_P3_R07,e4b60c35f8167d983b1d13f6722fc50deb555ff4c25711faff4118c5d3c232dd,31a85cf10323dcb0ff906b98f8f0dab39e853ab81d2695b1979df50869258a07,1,8f8d058c7645fbf3ec3b24de2d367f388844b51b18038bcaaa8301d17aca1d2b,0,1.8542893
189,MC1_K2_N1_L1_SP22_P3_R07,96e3a3aff042e06aa0815518b7483d98bac063e400665ee31177f9d3a309d037,31a85cf10323dcb0ff906b98f8f0dab39e853ab81d2695b1979df50869258a07,1,932caf0ed4662479afc6bedc00a90b9f3adf4e8bf0f31675153ab8b04e992253,2.1316282072803e-14,1.8524587
190,MC1_K2_N1_L1_SM6_P3_R08,1fd7fa72ffef2f72b652b57e6c429185a64bcd05a1946a718e22ce40c2e2da0d,31a85cf10323dcb0ff906b98f8f0dab39e853ab81d2695b1979df50869258a07,1,c1452a5e7c9f73e334722c9d20b288ef95cd38517c79418d4b8c87f9e9c1cdd1,2.66453525910038e-15,1.8474536
191,MC1_K2_N1_L1_SP0_P3_R08,2ebcd74f11b19732193747a80910f74a117dfef2440dae35c00ab56244d363e1,31a85cf10323dcb0ff906b98f8f0dab39e853ab81d2695b1979df50869258a07,1,4d7a06e85ba6ccc1550ca2e222e3539685f13a9c34628f39d78901737214755c,9.64327466553286e-15,1.8264157
192,MC1_K2_N1_L1_SP6_P3_R08,af10838479543d254e1c2ea3de8f27339ec8e2a520f33a11850d30f0d7f7fde0,31a85cf10323dcb0ff906b98f8f0dab39e853ab81d2695b1979df50869258a07,1,538db7d48a536a7386dbd554e90cee09285e6c7311dea6eacedae80477d0caf3,1.77635683940025e-15,1.8267171
193,MC1_K2_N1_L1_SP10_P3_R08,8ee714f521868c5db61e289cb72d00752fcd2034684c793a1f15efb13f0ebf98,31a85cf10323dcb0ff906b98f8f0dab39e853ab81d2695b1979df50869258a07,1,b5f37a1d323736698326ec2fedf59117cb467c6d0c0807bc81b730ecf7fbd3bd,3.5527136788005e-15,1.8240966
194,MC1_K2_N1_L1_SP14_P3_R08,00c513a658edff4dea57bc78f842aff554d1a1941a08d94c10646f85f97a927e,31a85cf10323dcb0ff906b98f8f0dab39e853ab81d2695b1979df50869258a07,1,529d7ba60dbce27362d6cba714d3a0dc370a6fa3239ca008b113164a28fd353d,3.5527136788005e-15,1.8222082
195,MC1_K2_N1_L1_SP18_P3_R08,2fc5af5bbbda66f1b3c91b55f286ce063810c223361fbbce0482bc19a03761e8,31a85cf10323dcb0ff906b98f8f0dab39e853ab81d2695b1979df50869258a07,1,5aadbb6da2f0890901e9218f6819e33cd7d5470d5e3bbb4116d48326636c5ee0,3.5527136788005e-15,1.8207003
196,MC1_K2_N1_L1_SP22_P3_R08,722e0a180199afc03d67fa51a7db845db51c73d39654d7a617719a1a400531c7,31a85cf10323dcb0ff906b98f8f0dab39e853ab81d2695b1979df50869258a07,1,3b7914870fac88080bcbca96e0c541c7c9c375ed40a41e380eb14c919e0c2e6e,3.5527136788005e-15,1.8174904
197,MC1_K2_N1_L1_SM6_P3_R09,28c11a24993be54cbb8da1268463a42dbf2400fbb5ebb2074955a20c268e0604,31a85cf10323dcb0ff906b98f8f0dab39e853ab81d2695b1979df50869258a07,1,8078d4bc765c3974fb179581539ce7bd8408c2b46cdadfd4da46a91d7a070910,8.88178419700125e-16,1.8169079
198,MC1_K2_N1_L1_SP0_P3_R09,316623ea2ecc086c9623d70e7c1fff32331aa8ee204ef04562e2615279c016a2,31a85cf10323dcb0ff906b98f8f0dab39e853ab81d2695b1979df50869258a07,1,bf4019b3ee770ff9b849fbf72c59ae0370ee738fac9de9f628a561d6255eb4d5,3.85730986621315e-15,1.8226438
199,MC1_K2_N1_L1_SP6_P3_R09,0f2683658d211fce854084275c26ea3b35dab5c47dc2f74ae96a8c48a81df40a,31a85cf10323dcb0ff906b98f8f0dab39e853ab81d2695b1979df50869258a07,1,9b4158d5df3177306ac69e727d504046783ddf96c215f916e8fb991b1e02f8f0,8.88178419700125e-16,1.8187089
200,MC1_K2_N1_L1_SP10_P3_R09,b8814cb47eabc87976cbe6fc31debb1689a1aadac41bf16d299cac48699bed6a,31a85cf10323dcb0ff906b98f8f0dab39e853ab81d2695b1979df50869258a07,1,5d54c7d8d4894665b61ae5795fa7e79e50d31b7eb63d1eb151e7176d093e38d8,7.105427357601e-15,1.8181353
201,MC1_K2_N1_L1_SP14_P3_R09,608bcbca88d41fffad81019abbd4c408f52aec0a19641d7da008eb3ea7b7c857,31a85cf10323dcb0ff906b98f8f0dab39e853ab81d2695b1979df50869258a07,1,b8d994fc0b699bace4f02890439ec024f6b7c6e67ee62002447bbce545b4f011,5.32907051820075e-15,1.8220228
202,MC1_K2_N1_L1_SP18_P3_R09,29f8861ae237f32fa11af0109442c7136b753b22334ecce0ae79633e4a825378,31a85cf10323dcb0ff906b98f8f0dab39e853ab81d2695b1979df50869258a07,1,81f3358fe85da4c7499414da64dbfd5f45838189eb34ef463d4c7264366d294e,0,1.8946079
203,MC1_K2_N1_L1_SP22_P3_R09,b717c7d2199eca3cd551914e873569c9a1c1148f56775dc34f20666bb9bfad59,31a85cf10323dcb0ff906b98f8f0dab39e853ab81d2695b1979df50869258a07,1,4f20e7056425ed873b28317e9114f80d90cfba0353340e181b563994fdd95220,7.105427357601e-15,1.8566323
204,MC1_K2_N1_L1_SM6_P3_R10,dcb744542c4a052e56565440827f55707cc4f2c248b1986df395ecb4b8429663,31a85cf10323dcb0ff906b98f8f0dab39e853ab81d2695b1979df50869258a07,1,aec59c15e80f0ef23b1dc95f07f5daffaac7713eab1f9ebe9becfe46bcf64158,5.32907051820075e-15,1.8239072
205,MC1_K2_N1_L1_SP0_P3_R10,7470a81aae7cacca727daebcdefa3f58752b61125a32664b32e5b4cdae9a04aa,31a85cf10323dcb0ff906b98f8f0dab39e853ab81d2695b1979df50869258a07,1,2b046dfc72b0b84061eaa4ad140fe3596a251d84e21efeac6617e27739741ff7,9.64327466553287e-16,1.8270253
206,MC1_K2_N1_L1_SP6_P3_R10,d78951f488db47be314c7e1f9254ab24cfb414d3d89642d30669748f4ec5de91,31a85cf10323dcb0ff906b98f8f0dab39e853ab81d2695b1979df50869258a07,1,4b02ccdf55bf5a7bdfed59b93dd3dc868486109a79176bdb93bf0c9350ac8abf,1.77635683940025e-15,1.8232688
207,MC1_K2_N1_L1_SP10_P3_R10,10add4c441da2d289356b8236d5e7ec3d56e4bbdf4a33499e586c49b3a4a453c,31a85cf10323dcb0ff906b98f8f0dab39e853ab81d2695b1979df50869258a07,1,a5971ec1915bda1085e79f4760a54b32f1f29abf2b96c86bb0367cdc588e7373,1.77635683940025e-15,1.8278198
208,MC1_K2_N1_L1_SP14_P3_R10,4d660f5b35bea916a1002d6d9f35182ecae1209df27491c72d0f679abdfdf4de,31a85cf10323dcb0ff906b98f8f0dab39e853ab81d2695b1979df50869258a07,1,1ec28192875019994bb2f78e4a1bb64ba8231512f00fa55d2d7b2e15827f66d8,3.5527136788005e-15,1.8227509
209,MC1_K2_N1_L1_SP18_P3_R10,ec0f0d20456e6ecbb6f98fd1b25f6d6dcc0742ff162f38517ee2418a0a6f36d2,31a85cf10323dcb0ff906b98f8f0dab39e853ab81d2695b1979df50869258a07,1,6cea89ef217546f3f068cd05f5bb9c6e65643abf328bdeb98a33982ee004d5b0,0,1.8317881
210,MC1_K2_N1_L1_SP22_P3_R10,8e2089973c44356073d85fd9991c0e3d9f2c1ff98c688c106770319c7679c480,31a85cf10323dcb0ff906b98f8f0dab39e853ab81d2695b1979df50869258a07,1,6f8f78dec4c5d510550b5916a1d58486375f4ee33562f9197f77919f35669a5f,3.5527136788005e-15,1.8406938
211,MC1_K2_N1_L1_SM6_P4_R01,4c6feaed678ed79ff59901a96dba4500b3e459ffe011e0a418b0825dfdb373db,31a85cf10323dcb0ff906b98f8f0dab39e853ab81d2695b1979df50869258a07,1,43458d174ca44bac870dc70a6e199835f4f7d5802719f0a1336b037f935db66d,8.88178419700125e-16,1.833955
212,MC1_K2_N1_L1_SP0_P4_R01,bb11f718e26fd58564739540e84c4a6ffdb13cd76b9edb03199d2c4bc50354c6,31a85cf10323dcb0ff906b98f8f0dab39e853ab81d2695b1979df50869258a07,1,1a5dee4b630078bb2437e6a1a2668d785f8e16d8ee94d2d1124c1af14cd3a914,1.92865493310657e-15,1.8274901
213,MC1_K2_N1_L1_SP6_P4_R01,13d07a3ae72581b84cc6e0a08c5aa8dbb9929c57fbed865c479ddbe5be5cd448,31a85cf10323dcb0ff906b98f8f0dab39e853ab81d2695b1979df50869258a07,1,11a68c22228e5352e8a3c290b5d930192dc88ac100b1021f9d079e70badcaba4,3.5527136788005e-15,1.8815259
214,MC1_K2_N1_L1_SP10_P4_R01,7eda43d29747ecf5b4e65f9fe526c137d7fd9818da372487c1387d5194503a6f,31a85cf10323dcb0ff906b98f8f0dab39e853ab81d2695b1979df50869258a07,1,61d8313c7cb18dece991380e2f3afc688f2906252648a52ec4c8a809073ad7bf,7.105427357601e-15,1.8462675
215,MC1_K2_N1_L1_SP14_P4_R01,384935fe4ba2985af7e63ea24dd04ce43a3d02b690b8a9e9c55c4d595ce47b95,31a85cf10323dcb0ff906b98f8f0dab39e853ab81d2695b1979df50869258a07,1,b2b33e0d5af573f4c0e79b5d2ce0cfb65da2ca357a7314b1a46505a6e21f331c,1.06581410364015e-14,1.8767146
216,MC1_K2_N1_L1_SP18_P4_R01,f4e8c52c91d5bab9ebfa194c109287d446f49b6c85a5bf787ccc90b270389735,31a85cf10323dcb0ff906b98f8f0dab39e853ab81d2695b1979df50869258a07,1,31bd6f331179fc6b45cdcf29d1f2a62b13b5e91055d5d64deae82eec0c8b9f7a,7.105427357601e-15,1.9075342
217,MC1_K2_N1_L1_SP22_P4_R01,4d3f44cfe2d38d492be0886546c7b8c97696ad35e5e399677bdb5c98b07d39bf,31a85cf10323dcb0ff906b98f8f0dab39e853ab81d2695b1979df50869258a07,1,f5fffc8783f67a9b7fad4e7c15171372fe255bd723c059e6a3fbbeccf029f2b8,1.06581410364015e-14,1.9100952
218,MC1_K2_N1_L1_SM6_P4_R02,0c8b2716a5c4226de41917f720fa9ce7e7e54aaa26c6555ded1c71fbcce91f27,31a85cf10323dcb0ff906b98f8f0dab39e853ab81d2695b1979df50869258a07,1,7c4cd98e676c04f6f49e8b44beda7843c37237bbbaf53c55960ae51306752606,8.88178419700125e-15,1.9674603
219,MC1_K2_N1_L1_SP0_P4_R02,e01a1605779684c408cb11fd7909550bfa399021f5f111418959d71e1f23b9bb,31a85cf10323dcb0ff906b98f8f0dab39e853ab81d2695b1979df50869258a07,1,e9d57827c0d56d5c23a0904fbe6168ee35b891acf8a3025da0d0aeb59ce26afa,2.89298239965986e-15,1.8807706
220,MC1_K2_N1_L1_SP6_P4_R02,d74df8144fc21fbcbd8a1bc9a6cb6783665ca1d03097fcdd789cf111a7074c02,31a85cf10323dcb0ff906b98f8f0dab39e853ab81d2695b1979df50869258a07,1,1ddaad4fbee607cb48347a8c96afac816e900b6e9f50f17c59807ac59966b3a0,1.77635683940025e-15,2.5609184
221,MC1_K2_N1_L1_SP10_P4_R02,7561fd078ae21d6fa52cb26277fc2a9102e9510c7275ff8fb6ffecd2b75cdedb,31a85cf10323dcb0ff906b98f8f0dab39e853ab81d2695b1979df50869258a07,1,03ec3444c4accdc83b5a8eaa37392386fc3913d2761dd028aa70d53c9f1b934e,7.105427357601e-15,2.5278777
222,MC1_K2_N1_L1_SP14_P4_R02,ebf3d8408def24eff3edfd19410705e5dc54f91e469ea48983641ea338660da4,31a85cf10323dcb0ff906b98f8f0dab39e853ab81d2695b1979df50869258a07,1,dfe6784d01bbca0e49f595ddea3a372b7fc21f246294f8fa3c90751447fda726,3.5527136788005e-15,2.5553535
223,MC1_K2_N1_L1_SP18_P4_R02,d8eaffa051d55023f76a3c73944e79ca4f6c9f52be3194c9164a62b0293d5cd4,31a85cf10323dcb0ff906b98f8f0dab39e853ab81d2695b1979df50869258a07,1,dc0f8e2d832d9792c0d0f0249f1d6eb7f11e6b400a078b1f685bd28b8c6326cd,1.77635683940025e-14,2.6122665
224,MC1_K2_N1_L1_SP22_P4_R02,191d743ead8dda2df1ddb0bc0731dddcc6538473a0479af50bff8915dff7831d,31a85cf10323dcb0ff906b98f8f0dab39e853ab81d2695b1979df50869258a07,1,36d0597917bcb6cd5b7e2c4ea6a5d9458e3a396277427cdea7270a19e73b7088,1.06581410364015e-14,2.5908738
225,MC1_K2_N1_L1_SM6_P4_R03,04bbdaeccb081ffbb27fde185ae61d54644c704952c300e45930de822f04603c,31a85cf10323dcb0ff906b98f8f0dab39e853ab81d2695b1979df50869258a07,1,70f4889c9af3b611b01f3a22363bb703c1fed0433d384f709aa5fb25d97f69a2,8.88178419700125e-16,1.8379109
226,MC1_K2_N1_L1_SP0_P4_R03,dbfcc52212d6e3e31a0dcf2425ec83d66d372ff6b4d625960d288cb6fdc22154,31a85cf10323dcb0ff906b98f8f0dab39e853ab81d2695b1979df50869258a07,1,e4dc3642486c0aafde3b21b14f8f73cbf6aae7d32dbccf0da763b1546f5977f1,9.64327466553286e-15,1.9183934
227,MC1_K2_N1_L1_SP6_P4_R03,1315b0000bf6c5016512e90c064a66e52a01c6753f7aaa77cb84bf1a78785a91,31a85cf10323dcb0ff906b98f8f0dab39e853ab81d2695b1979df50869258a07,1,820f9fc590a23ceec928649dbf329a6cadfc24dab038416a5e10f9731cbfffe3,8.88178419700125e-15,1.8475071
228,MC1_K2_N1_L1_SP10_P4_R03,2db106b21b0eeedfe77bb4f9b8dc4c84899b60e163e492beebd37d03e690c033,31a85cf10323dcb0ff906b98f8f0dab39e853ab81d2695b1979df50869258a07,1,aa7c57c3e7cd1a26fa99e2be88d0651f603fbfabef30d5d98b628f2cf8a8bfb7,8.88178419700125e-15,1.8594845
229,MC1_K2_N1_L1_SP14_P4_R03,89760f6a22847d9e75c8b15a750d881c0388ad50b3ffacc85abb987abef6476d,31a85cf10323dcb0ff906b98f8f0dab39e853ab81d2695b1979df50869258a07,1,f127cb1114f967e50fd3e2963bd958bf52fd8bc2968fe13ddc5d6de41858980d,3.5527136788005e-15,1.8372631
230,MC1_K2_N1_L1_SP18_P4_R03,34f6b3078b6158317f6195f1b36788f71e7f24a6df3fbfc0aa904e15040a258a,31a85cf10323dcb0ff906b98f8f0dab39e853ab81d2695b1979df50869258a07,1,7d8f8458c2e11aeafbdbb1d4de32837ba224e2d06f20f6609c52cb5c8fa58773,0,1.8454517
231,MC1_K2_N1_L1_SP22_P4_R03,c6a2f5a25ba7fb9af9b99a0ff8e352751a518d72c5e4b7e02254b9a1271bf567,31a85cf10323dcb0ff906b98f8f0dab39e853ab81d2695b1979df50869258a07,1,29e51048788c1ecd3327f06ff97c57d97344834b9ac04dd5296395a0a65aed7d,7.105427357601e-15,1.8483908
232,MC1_K2_N1_L1_SM6_P4_R04,8ffeca904d2ad81e66869a362dc5cf8637042d98cbfdc25aa0021da08c845bf8,31a85cf10323dcb0ff906b98f8f0dab39e853ab81d2695b1979df50869258a07,1,09f0228330b56546a59e88dff85a14b75f25f19f10fcd5989f377735ba38990a,3.5527136788005e-15,3.7728905
233,MC1_K2_N1_L1_SP0_P4_R04,01bbe38754f32cb9e23a8faac39dc7053b3de43f114b6073551f8eabfcb6066c,31a85cf10323dcb0ff906b98f8f0dab39e853ab81d2695b1979df50869258a07,1,875c48994750086d4509d110442ab93341d14790f85c58f67302515eadadc067,8.67894719897957e-15,1.8338856
234,MC1_K2_N1_L1_SP6_P4_R04,3eb0e8922bb458a3ab1bfcf044b016d77d35c7422ece3c7eeb6396baa6094dca,31a85cf10323dcb0ff906b98f8f0dab39e853ab81d2695b1979df50869258a07,1,4d3604539dcff89f480e312af8f479c3e8eb15bc8b4ecddb2d4966de8291f98b,1.4210854715202e-14,1.8325282
235,MC1_K2_N1_L1_SP10_P4_R04,4717bdde2f2936aff9f543c9b1bd74e7053dc2a687cb11bdd762acc9a3ad70a6,31a85cf10323dcb0ff906b98f8f0dab39e853ab81d2695b1979df50869258a07,1,1ca13aa366773a12640b793d2e0efc00373ec1c6eafef4901a04950fd3effafb,8.88178419700125e-15,1.8423708
236,MC1_K2_N1_L1_SP14_P4_R04,d15c6c7f4d78e60e50541977742dd15811f89a46d0009cd6b4eb1f84da03505e,31a85cf10323dcb0ff906b98f8f0dab39e853ab81d2695b1979df50869258a07,1,2b486ecff4eb24946aff377301daa0103773e35b0053551140e445723888e470,1.24344978758018e-14,1.8322208
237,MC1_K2_N1_L1_SP18_P4_R04,0ccd1878c589b92251071c702bd4b324efbbe82932dfddf078cae3289cf6dfb7,31a85cf10323dcb0ff906b98f8f0dab39e853ab81d2695b1979df50869258a07,1,8aedbde5a9916acd492cf026f19260d7136f2f015820234b992671cf6713d84f,1.06581410364015e-14,1.8319776
238,MC1_K2_N1_L1_SP22_P4_R04,ac5cfc5126fe420dae32463e28c89e0fe72af59ac15cf68d7d6ef6793eeffa26,31a85cf10323dcb0ff906b98f8f0dab39e853ab81d2695b1979df50869258a07,1,e7276e4d4ff8095bf95190ff29d91de9304587926d87222a99fdea9dc4c03322,1.4210854715202e-14,1.8385578
239,MC1_K2_N1_L1_SM6_P4_R05,e72571c8802b85d657e1ca6efec9d2f14a715d725e1c991e881bc8f44cd13823,31a85cf10323dcb0ff906b98f8f0dab39e853ab81d2695b1979df50869258a07,1,48b8f144cbba10c912bd2042c8acd08d9cdabf66e8712a8bebf86e1afcc3658e,8.88178419700125e-16,1.8397313
240,MC1_K2_N1_L1_SP0_P4_R05,998b2be8c11960e72043b8753d927bd23a8c57297e4b0d1f51ad9422e599c34a,31a85cf10323dcb0ff906b98f8f0dab39e853ab81d2695b1979df50869258a07,1,80e5621465f6de754f5edeb03e163c7920a6f5c2d13ce6be8d5300d087efc437,2.41081866638322e-15,1.8338869
241,MC1_K2_N1_L1_SP6_P4_R05,790d5428b860891e4fa8e835d3124362ccd7fe1d69ad81b9ca6e2f5df165d0f7,31a85cf10323dcb0ff906b98f8f0dab39e853ab81d2695b1979df50869258a07,1,e3fea00c975b231530c8accea6dd29c20b0667d9545db7a1db0671b2ec86474c,1.59872115546023e-14,1.8475791
242,MC1_K2_N1_L1_SP10_P4_R05,86cccac3a56429d58c4fa2d945ec3dc82f1479b950be13984192796336c27c4c,31a85cf10323dcb0ff906b98f8f0dab39e853ab81d2695b1979df50869258a07,1,646eb26b0c95d92776a54b8943d1f4c2ca9f34580f8ea30dc2cfa711606755a7,1.77635683940025e-15,1.8378765
243,MC1_K2_N1_L1_SP14_P4_R05,116783cd4e48a3928c97506c523a27036fe4d01b1d29e681e5709478a9783ea6,31a85cf10323dcb0ff906b98f8f0dab39e853ab81d2695b1979df50869258a07,1,d379ec0fb2714d52b7c54356c63de62d7dfe22016fa43fecedef3de637777083,5.32907051820075e-15,1.8321006
244,MC1_K2_N1_L1_SP18_P4_R05,8d6e7aa0dbd478793ce45ca8e71c965501301f3a215c110821b471137f0e2289,31a85cf10323dcb0ff906b98f8f0dab39e853ab81d2695b1979df50869258a07,1,2ac0e76f787156336b72576ef51f2f5f03e84b8c767b064c4bde57c5c0222488,1.4210854715202e-14,1.8265231
245,MC1_K2_N1_L1_SP22_P4_R05,feaad748c0ece6ec5e9d2382753f007ea62dd372bd7b37c9c76d9a4ed485d141,31a85cf10323dcb0ff906b98f8f0dab39e853ab81d2695b1979df50869258a07,1,e4774821b6ebc24879c8f5b49c583d8c94076bb51b907f67728be150f83880da,0,1.8340826
246,MC1_K2_N1_L1_SM6_P4_R06,dd848578a9c0c8536a8caf22433f4857e86925bfc621d9e482d1b7570c44901a,31a85cf10323dcb0ff906b98f8f0dab39e853ab81d2695b1979df50869258a07,1,8e86fba8ae56565d8c4e701fab7b86c68bcc9cf0cdd85dd9dca84cb54de3ddcd,3.5527136788005e-15,1.8368287
247,MC1_K2_N1_L1_SP0_P4_R06,1f4edccb74a0d8c906379b17c1670f7c02717a82dfb4f326e1758be4dcfd7165,31a85cf10323dcb0ff906b98f8f0dab39e853ab81d2695b1979df50869258a07,1,847b9126c8db800e3dab617ea5ffa51aac11f142e728f85252b9045f4c29b51d,4.82163733276643e-15,1.8317838
248,MC1_K2_N1_L1_SP6_P4_R06,0d64300acf7456b3fd81ebf9c35feeb3e126fe785c23dbb5a0064a6f62183d82,31a85cf10323dcb0ff906b98f8f0dab39e853ab81d2695b1979df50869258a07,1,1bcd91ccfa758de1bf3ae6344f42cab7a01e7695262309bc0c99a8db8711c05f,7.99360577730113e-15,1.8330435
249,MC1_K2_N1_L1_SP10_P4_R06,845914de67783c2aae5313bc379a74d03adbc23a98f5ce1909c09cbf1ebab492,31a85cf10323dcb0ff906b98f8f0dab39e853ab81d2695b1979df50869258a07,1,b9bc5ae3d4aff00cc4c3c0687abea00f2b78aa9b441746076cec5a0d876860e5,1.06581410364015e-14,1.8353568
250,MC1_K2_N1_L1_SP14_P4_R06,5466e0bd464e839e5f8bc158ea84ced6b736551df8d1f8fbf37cd229349c9799,31a85cf10323dcb0ff906b98f8f0dab39e853ab81d2695b1979df50869258a07,1,4221bebd0db9b65403d5edb5ad1a62ecc0dc911f03efcda3e30fd0db4122c408,1.24344978758018e-14,1.9951859
251,MC1_K2_N1_L1_SP18_P4_R06,f009975d91a59d3bd158b5513e271016d449d6e120651589dffcd2c2f3c0fad5,31a85cf10323dcb0ff906b98f8f0dab39e853ab81d2695b1979df50869258a07,1,7efee39f835c696926c4029af81d7de970460083608d685ab8f75009757e5232,0,1.8411213
252,MC1_K2_N1_L1_SP22_P4_R06,42a13d907490e2f2783626533acd5aeb3d50a1b19d0e8eecf6f97d36dfb94d6d,31a85cf10323dcb0ff906b98f8f0dab39e853ab81d2695b1979df50869258a07,1,46b4d8e7d06a511f30d0ab3357b847eca02fb4bc17b1fa327675317de5d65d3a,1.06581410364015e-14,1.8495908
253,MC1_K2_N1_L1_SM6_P4_R07,45ad0a97e87539270db2b48f5d506f2cac17fc02dd29151e16121675bd7efaca,31a85cf10323dcb0ff906b98f8f0dab39e853ab81d2695b1979df50869258a07,1,ce1c70f57a7e0d00965770f7cd2669c882ae4e02d783d1045b6a59e3860b0ab8,3.5527136788005e-15,1.8422935
254,MC1_K2_N1_L1_SP0_P4_R07,84f49737a9bb6f8e8decd24cdf6f3f141bc2b2bac0cb8a8c611c4bb4257a4686,31a85cf10323dcb0ff906b98f8f0dab39e853ab81d2695b1979df50869258a07,1,bb671e08379ccac1f84ea872796193ae463680ec8a4d2d4836782193c652c6fa,4.82163733276644e-15,1.8504365
255,MC1_K2_N1_L1_SP6_P4_R07,44b53f687ffbbf3a81c13962641f5d63fda32ccbc511eddba13b4b42389f8da3,31a85cf10323dcb0ff906b98f8f0dab39e853ab81d2695b1979df50869258a07,1,4f436f4dc97301b1a69ea93354395f72c8dce8897212bbe53c4a37e932953bac,7.99360577730113e-15,1.8467863
256,MC1_K2_N1_L1_SP10_P4_R07,9a3188b4e9668ef6cbb7585646f5ed73c21b50dacc617f8789358cedf7b76f9a,31a85cf10323dcb0ff906b98f8f0dab39e853ab81d2695b1979df50869258a07,1,bf6a1e63759428384819937224614f4192ffdf274456efc57ed615a268f47641,2.30926389122033e-14,1.8402454
257,MC1_K2_N1_L1_SP14_P4_R07,2c062e4acd63a9eb8ba7f25fb7a85aeb92c0be044a60f6585e4e228dcba8cbb8,31a85cf10323dcb0ff906b98f8f0dab39e853ab81d2695b1979df50869258a07,1,dfaa7e89d5cd1e720d70ac68205adeaf7b2740932e26df0c25051c7445105b71,1.77635683940025e-15,1.8349453
258,MC1_K2_N1_L1_SP18_P4_R07,c10ac07b2ef00619c99d8cd15088527a34a08f8468fd45e6b0a7aeab0dfb7ebd,31a85cf10323dcb0ff906b98f8f0dab39e853ab81d2695b1979df50869258a07,1,c724e227dae0fe5cd40de547d577744787e160f260d623f3df2c59a51ff7fa25,7.105427357601e-15,1.8349779
259,MC1_K2_N1_L1_SP22_P4_R07,f0f3429efcb6132d9d9d9ef827c5355e8fc2da00484c6f9662503490d699431e,31a85cf10323dcb0ff906b98f8f0dab39e853ab81d2695b1979df50869258a07,1,ce9a0550b56cc0e0919beb06cee5841b55b3540ca9100d5bc713e3cf72484da9,7.105427357601e-15,1.8364721
260,MC1_K2_N1_L1_SM6_P4_R08,474e03a9f28672e61e7bc5b0ef3e238933827f128e560b5e1d61f511dc84c5cb,31a85cf10323dcb0ff906b98f8f0dab39e853ab81d2695b1979df50869258a07,1,d2ce1b284f07eaef4ae31dc6b16732e18ebb48a8d8bb483b40b8d954d4df28c0,8.88178419700125e-16,1.8426163
261,MC1_K2_N1_L1_SP0_P4_R08,bb55b8d062c9927c877eba75fb10bf8c5547e0f9a8f4c5b363a91bc68e925cf9,31a85cf10323dcb0ff906b98f8f0dab39e853ab81d2695b1979df50869258a07,1,00c93e253d9a611eec624dd82bc770d8e0ad30f0d71d1b0ad1cf4fe406bc7d5f,1.44649119982993e-15,1.8393683
262,MC1_K2_N1_L1_SP6_P4_R08,455d6326a9f6e5e1dc8e88266a92f9922887e8286dfdb2e613a047e1688cd8bd,31a85cf10323dcb0ff906b98f8f0dab39e853ab81d2695b1979df50869258a07,1,6f779e49bdac9ccf7201a97086c063812f534f15b7409bf1f48d602527d26603,8.88178419700125e-16,1.8404616
263,MC1_K2_N1_L1_SP10_P4_R08,e3cbe32b3a38ba51a2f84c027412913f08ae38ed81c7f6041d70fc6dbbe1e8a9,31a85cf10323dcb0ff906b98f8f0dab39e853ab81d2695b1979df50869258a07,1,a03081d330e1cc86b8daa93f4f7541a26ecf9c5a7ddb2bfc892be9d301c80f72,1.06581410364015e-14,1.8495862
264,MC1_K2_N1_L1_SP14_P4_R08,fab2492dbbd4b748e4958dcb92cb20ac0fb1af528997381067803c7fb1cdd35d,31a85cf10323dcb0ff906b98f8f0dab39e853ab81d2695b1979df50869258a07,1,46e76f4157963a7ad78490e2bcd40027b31535f0e4aeeec93ab1ace83ec23bb2,5.32907051820075e-15,1.8416143
265,MC1_K2_N1_L1_SP18_P4_R08,b3efa14cdef3f00b2292048ce6ceea2f3ad1deffc3803d16490b8b2c6814b9f6,31a85cf10323dcb0ff906b98f8f0dab39e853ab81d2695b1979df50869258a07,1,adeb19c35581711d26ed78e7595be4170f6316997c772e7bec1147c6ccc737a3,7.105427357601e-15,1.8358486
266,MC1_K2_N1_L1_SP22_P4_R08,d832f2fee6f67de251649847b5a797f951b8f202114f04a22168dc7f27dcc89d,31a85cf10323dcb0ff906b98f8f0dab39e853ab81d2695b1979df50869258a07,1,afd50e72d73dec9ec6c7359f72122aa8354d5b84af09a4b2ad73c7fbdf83f586,1.06581410364015e-14,1.8337549
267,MC1_K2_N1_L1_SM6_P4_R09,261d322e62b23ef4f19bedec0c2d2018b8ad78821eee557c8fa36575dac8dba9,31a85cf10323dcb0ff906b98f8f0dab39e853ab81d2695b1979df50869258a07,1,a62b3a2c6fabac4d6190383002a5fd2c3191187a7034139e4d7e6f7551dd6650,1.95399252334028e-14,1.8341565
268,MC1_K2_N1_L1_SP0_P4_R09,440af724b429a3ff0e961ea76daf691075a5b949f4e5cfcc3367df3807b871fd,31a85cf10323dcb0ff906b98f8f0dab39e853ab81d2695b1979df50869258a07,1,d21886a205b01e62581ad3939f2ee7f94af293a77075ba53a4240c9d3a16ec22,1.3500584531746e-14,1.8593841
269,MC1_K2_N1_L1_SP6_P4_R09,c9cc7879d45c967c88272df3f510127b1180f07dca6c7ad94f68480043c59f9d,31a85cf10323dcb0ff906b98f8f0dab39e853ab81d2695b1979df50869258a07,1,f7f6fbe5ae5a35913553418265b103181fcbd4fb6524f2a053b2dd4f272b5204,1.50990331349021e-14,1.8395262
270,MC1_K2_N1_L1_SP10_P4_R09,9e2d6661bbb8788c18f40b04e7e5ea8fb652d5c07f8db7893fac04e45b06b33b,31a85cf10323dcb0ff906b98f8f0dab39e853ab81d2695b1979df50869258a07,1,bb2d23824968d8349f77c13614bf6e3e94db1432add0161b767193d62272819e,0,1.849015
271,MC1_K2_N1_L1_SP14_P4_R09,eb0cccfb08159a45a587427e5b96ef224125c1080af51a9d4b066fad6729b674,31a85cf10323dcb0ff906b98f8f0dab39e853ab81d2695b1979df50869258a07,1,33c345f10ddb95e8198e5b0cfa928b79fc660a6367698dd82a40c77ccb06ffc9,5.32907051820075e-15,1.8473027
272,MC1_K2_N1_L1_SP18_P4_R09,81685312cc2af5195897e0aa5f9cb5d23ef6ebde65215c77d12588bf73ccb0a6,31a85cf10323dcb0ff906b98f8f0dab39e853ab81d2695b1979df50869258a07,1,92b89420eaeb32cec4e97f8bb2c9bbfd8240562e161700fa5c39cc144dc8a8bb,1.06581410364015e-14,1.8420265
273,MC1_K2_N1_L1_SP22_P4_R09,37060b35215d38cc88394060136260c348c535525a93b30b6e8f5fa5b2778c97,31a85cf10323dcb0ff906b98f8f0dab39e853ab81d2695b1979df50869258a07,1,bc56a9aeb481265cadd4d8b6cef1fcb859f8be7f379ed393b3c04a9b235644c4,1.4210854715202e-14,1.8428525
274,MC1_K2_N1_L1_SM6_P4_R10,e541a9a8ce9e5b718739f22e5e15b4c1ed4abff7a61ac8fc564ac5c974b6c717,31a85cf10323dcb0ff906b98f8f0dab39e853ab81d2695b1979df50869258a07,1,4a9362ce51d87099f99bcb366d427a77c79feb47087fd4d9355c2f8ad7cebb4a,1.77635683940025e-15,1.837947
275,MC1_K2_N1_L1_SP0_P4_R10,a8ebcb755a5511048e46f52851619107491ad52defe0a1a7f8b6a7c43f049817,31a85cf10323dcb0ff906b98f8f0dab39e853ab81d2695b1979df50869258a07,1,1cf29d76e8536f2e7d93b45ffabf1a75b80dc2f838cbc54bf4d3ec3664f5198d,4.82163733276644e-15,1.8340749
276,MC1_K2_N1_L1_SP6_P4_R10,36998bf3e563c91077235812d353dd1eec734b6619851fdbc487ca3bd30a1d7f,31a85cf10323dcb0ff906b98f8f0dab39e853ab81d2695b1979df50869258a07,1,4fb4133d84eff28b65a95deb949919ec30eaf954f2064ca519152ba34e29b333,1.77635683940025e-14,1.8363381
277,MC1_K2_N1_L1_SP10_P4_R10,8a0b0c6c59f4fd9e1a3f28fe6b305d322e3b41b9f0790b17805121bf277588b2,31a85cf10323dcb0ff906b98f8f0dab39e853ab81d2695b1979df50869258a07,1,6ab6154bdbfa708240c744f5e589b9feb86a4ac43229774dfcf74d856ec97bfe,7.105427357601e-15,1.8467778
278,MC1_K2_N1_L1_SP14_P4_R10,c3f0b793660e4eb8f70bd000a0d0fb63a762fdd673286fd9e045d70b1ec91256,31a85cf10323dcb0ff906b98f8f0dab39e853ab81d2695b1979df50869258a07,1,a6a72b252274be8804f87ccf4256d8a0d42af9f76e02996d86c70d868e8f86b5,1.24344978758018e-14,1.8430996
279,MC1_K2_N1_L1_SP18_P4_R10,137d071e34077efc54474222a4dac7c4ef76deafd16bf494e9b20778595ad1ca,31a85cf10323dcb0ff906b98f8f0dab39e853ab81d2695b1979df50869258a07,1,a89f5ded06a4a27b96b26d46087908b3401f1ecb54851653374a4ce096f0ab72,1.4210854715202e-14,1.8415684
280,MC1_K2_N1_L1_SP22_P4_R10,0f4147edd9c0496fbfff79f42f97a3249e813d8f1e52af15f1a6ee0e5632b4f9,31a85cf10323dcb0ff906b98f8f0dab39e853ab81d2695b1979df50869258a07,1,a3af3c1eb48f22f96980ea1bb589b88a92c77adac44a0090cab9eda749bf69e9,7.105427357601e-15,1.8446821
281,MC1_K2_N1_L4_SM6_P1_R01,70ce1c7319deaab52e28cbc94658a86d94dcd7dc26ada697bea5b64dcd4d79d2,31a85cf10323dcb0ff906b98f8f0dab39e853ab81d2695b1979df50869258a07,1,f581d0e5e4d6e7b9c20831330f24ebc9a3eccdf59b2c370aa1384aac8759f7a6,3.5527136788005e-15,8.0853881
282,MC1_K2_N1_L4_SP0_P1_R01,fd1adb059f8be11282e57be14e89ad9bd1d17a9bd543e8dee3bf62642cbea84f,31a85cf10323dcb0ff906b98f8f0dab39e853ab81d2695b1979df50869258a07,1,07dc75f28ddbe32504b5e190fd9100a754a4b3926103cd5aae347ee50a09b9ae,9.64327466553287e-16,8.6599463
283,MC1_K2_N1_L4_SP6_P1_R01,6548337004fea6c2b7c24419efcd15baa729e32a85c3cb46187080bd0b2854d4,31a85cf10323dcb0ff906b98f8f0dab39e853ab81d2695b1979df50869258a07,1,210d9631e15da6491d1d601a7f1280827dbc8b0517c4c7dba6998a2cd9cb3f06,8.88178419700125e-16,7.3164194
284,MC1_K2_N1_L4_SP10_P1_R01,17158d6bef72109c23f0f1e9b89e84f13141505e10a425a26dc84eaea9edeb75,31a85cf10323dcb0ff906b98f8f0dab39e853ab81d2695b1979df50869258a07,1,e0df93f4edc47373861c2a08742505158df820f0d5225c0fdfbda1a2f1223655,1.77635683940025e-15,7.2235298
285,MC1_K2_N1_L4_SP14_P1_R01,c7a4edc609afe687aac6237b67733764829ae2c6a31ec17c5b1cee74440d7bd3,31a85cf10323dcb0ff906b98f8f0dab39e853ab81d2695b1979df50869258a07,1,2a10285eaa4698f47a33265e40d0f70b2d18fda9a18cb9e6fbea18d85cd02e8a,0,7.1691344
286,MC1_K2_N1_L4_SP18_P1_R01,3b81cebb21094a85963598ba77fe4887f18f1c92bb6a45a4386e6ed1480246e9,31a85cf10323dcb0ff906b98f8f0dab39e853ab81d2695b1979df50869258a07,1,34bc7f1bdda3c22e8b147993d821bc917cc67d942ee77b429f6131f99eb9f37c,0,7.165463
287,MC1_K2_N1_L4_SP22_P1_R01,2daacedca0b57a2854bf257f3a3a48dabc87a7ccff59d1f9ab62ffd804e52de3,31a85cf10323dcb0ff906b98f8f0dab39e853ab81d2695b1979df50869258a07,1,4c86e2be0ade3f552eef7fa7cb3ef9726264b4a1ce272b289dc3d846cf9b8daa,0,7.1965685
288,MC1_K2_N1_L4_SM6_P1_R02,0d965fab2b5b85563bd82f9be47e04f861f7456c9474ceccdbf2817ebab149a7,31a85cf10323dcb0ff906b98f8f0dab39e853ab81d2695b1979df50869258a07,1,0f07a1c8d3bbf022bcad2bfe3a7c1696ee0bb387a53424732abf4b5ae38f73b7,3.5527136788005e-15,7.2277728
289,MC1_K2_N1_L4_SP0_P1_R02,a2a7368a3b7d5b711aa61e03c3a494b19586329e7907d0c538b3e7aa54b9cbd5,31a85cf10323dcb0ff906b98f8f0dab39e853ab81d2695b1979df50869258a07,1,07b7d37de510a317f51e9758273c8ba1b5c939c2ab427d7980e41f1bddb21df2,9.64327466553287e-16,7.2208944
290,MC1_K2_N1_L4_SP6_P1_R02,76973cff3a46fdc336a04a41245b2b6347a9a99c06d34fd2b17929f89b79f2e6,31a85cf10323dcb0ff906b98f8f0dab39e853ab81d2695b1979df50869258a07,1,c152608c398f78fb7c2ccf50bbaef5ae768c638e2a1f30af5d60fbaa726bb4f7,8.88178419700125e-16,7.1278533
291,MC1_K2_N1_L4_SP10_P1_R02,01f7170c1cd8479ac4a91c7273700d047cfbce05e52d35746a8b58e124c814c7,31a85cf10323dcb0ff906b98f8f0dab39e853ab81d2695b1979df50869258a07,1,7b7505d852cf067883e2e045bc797c71a080a561a79b91a2e9a37124d82d6d5c,1.77635683940025e-15,7.1156827
292,MC1_K2_N1_L4_SP14_P1_R02,12dadf0ebf03fb24b7cdadfa803eb326825892d40d6abb559f0d5a5ad581d95d,31a85cf10323dcb0ff906b98f8f0dab39e853ab81d2695b1979df50869258a07,1,879adb86ba0698795b6c8a7fccfdeaf50265a7eac67c3d9673dbbe3adafb368f,0,7.1019308
293,MC1_K2_N1_L4_SP18_P1_R02,509adee249e6440d622db2ffd797981fb7a41d8011a8c1fd8defd72e40a86e50,31a85cf10323dcb0ff906b98f8f0dab39e853ab81d2695b1979df50869258a07,1,798239e1dc7faf41521b7af5490f4e9cc10aeb6dcbbc0ceb6802b009ff6f4624,0,7.0932672
294,MC1_K2_N1_L4_SP22_P1_R02,538e4789572068a1120ab1a935e0ba98a228297086ba90330791e0d9067644af,31a85cf10323dcb0ff906b98f8f0dab39e853ab81d2695b1979df50869258a07,1,07dd3c464b8fbae0214c3670bfbff5ff685b583142a5dd7d638315127e297885,0,7.0811648
295,MC1_K2_N1_L4_SM6_P1_R03,adf9a428d5c585c46671ec4fc483c8d0d0b1d4b2b3f4e0b6d77dccf6033cbd02,31a85cf10323dcb0ff906b98f8f0dab39e853ab81d2695b1979df50869258a07,1,2f694bdc23c374e0f1bd455dd769a5613c90907b8b152230d2322d84fb303a7e,3.5527136788005e-15,7.0859828
296,MC1_K2_N1_L4_SP0_P1_R03,ecff08d838ea7cb279b262015aec494aceb7c1e53d3d1da4d7315ae2d1afcf87,31a85cf10323dcb0ff906b98f8f0dab39e853ab81d2695b1979df50869258a07,1,3b1b862d6a00d769a43a5c164c6f60d2c040b286d3639e0093199195e3ba87ae,9.64327466553287e-16,7.1606302
297,MC1_K2_N1_L4_SP6_P1_R03,bb212ad8d8fa7c0584e488c8c2e0aa5089cbd2811a648d7a4cf35bc3a7b2d5a7,31a85cf10323dcb0ff906b98f8f0dab39e853ab81d2695b1979df50869258a07,1,48722e1a82c83a8e3e14729dca152173b47ecdc12b7991d88bd64a0a2930eeb2,8.88178419700125e-16,7.0563731
298,MC1_K2_N1_L4_SP10_P1_R03,22e6f31c5c4e2c3cde7bf3c66911ddb8b196a313c5a379364a6eafcf4cd9ea4d,31a85cf10323dcb0ff906b98f8f0dab39e853ab81d2695b1979df50869258a07,1,6ff311e9a8e16eb54648bd068cbecba8793901d9b34755c076419f7dd86a73c8,1.77635683940025e-15,7.0909158
299,MC1_K2_N1_L4_SP14_P1_R03,c05a7c3414b3744e8a1ffb62e07ef6cfd2229b2978a658576e9862ab4994d784,31a85cf10323dcb0ff906b98f8f0dab39e853ab81d2695b1979df50869258a07,1,fcc8c90987363b0d598d1c5caf432f091d3e372cb2645108a9fb3ec55f7eef94,0,8.951401
300,MC1_K2_N1_L4_SP18_P1_R03,a7e79156e2dabc00dfea7fdcad7d86d9c3e70481ae011813f9714c267256486e,31a85cf10323dcb0ff906b98f8f0dab39e853ab81d2695b1979df50869258a07,1,571a238b69086e2c83c583a8a4894346194f84920751fe589dd4cc280912795b,0,7.1432069
301,MC1_K2_N1_L4_SP22_P1_R03,2dea227ef79f4f5defc0c41ff63ef0af0ddd2325c7041b1ee2b3d687b79d5b63,31a85cf10323dcb0ff906b98f8f0dab39e853ab81d2695b1979df50869258a07,1,a67452a88504a56c37ffd4f7d5f2d6d1657e157ac103c6d7fc404982d91cad22,0,7.0593265
302,MC1_K2_N1_L4_SM6_P1_R04,0c1a72b7474cf6cfe4daaee30c0e2a36680e5dcf1cb705961bf30f76713a02fb,31a85cf10323dcb0ff906b98f8f0dab39e853ab81d2695b1979df50869258a07,1,09ba3371064410951dd37cb9a496dbc25b383def2e647afb220c7dab69afad46,3.5527136788005e-15,7.0588274
303,MC1_K2_N1_L4_SP0_P1_R04,dfbb71a7bd785195d169b2718c930a363c6d167e530850170e2bb488ae6d8d9d,31a85cf10323dcb0ff906b98f8f0dab39e853ab81d2695b1979df50869258a07,1,364432b1ab01c9928ec3646ec2e0c615a48d18ae0fd6da6227af8b7bc4bc9277,9.64327466553287e-16,7.0755246
304,MC1_K2_N1_L4_SP6_P1_R04,dab0f4e061df0e44cb464b90adbdac5b596a00349ccbe4890edf3ec93a96deaa,31a85cf10323dcb0ff906b98f8f0dab39e853ab81d2695b1979df50869258a07,1,6fb3b32d63f6144e78159b41538d4e442c5734aa926fa8e95da4b47466b2c111,8.88178419700125e-16,7.0985558
305,MC1_K2_N1_L4_SP10_P1_R04,884d8816e52ea6d78d7c11acf02caffa484e3216e34da4c7707a9061dc81a2a2,31a85cf10323dcb0ff906b98f8f0dab39e853ab81d2695b1979df50869258a07,1,a307ebb900bc9bfbe13042bafda95d11650b7b18654273630220f1d16f9e6066,1.77635683940025e-15,7.0573436
306,MC1_K2_N1_L4_SP14_P1_R04,364eec457754931cd0f207f67c32174ee4a3756f0e34735a84a5c1c1fd91dfec,31a85cf10323dcb0ff906b98f8f0dab39e853ab81d2695b1979df50869258a07,1,499f60b55d48fc2daf2fa3c01057f4c479c389a7ecca1a9f4d175edf6ce53c9a,0,7.0898667
307,MC1_K2_N1_L4_SP18_P1_R04,7349c24c7c3627b1f666bc7ada52ef2a5fda7e5603d9e2d44d9479506871775f,31a85cf10323dcb0ff906b98f8f0dab39e853ab81d2695b1979df50869258a07,1,c6720f4c41e0230847368dcf7e75a4ddbf2bd9a347decb14a468abe00941a4d9,0,7.1079395
308,MC1_K2_N1_L4_SP22_P1_R04,7980c14c16ce0ee74fa7c12680410ac95884598c71b56266130ff30ef22e308c,31a85cf10323dcb0ff906b98f8f0dab39e853ab81d2695b1979df50869258a07,1,b163cc43492e31c99f65589e301adbc3a4b1424843f28ad8f3af2b28fd7d25ce,0,7.4098674
309,MC1_K2_N1_L4_SM6_P1_R05,19160ae3370fff7be46369b64d1e1a497555dfc800c546f4dc905115fc8abf96,31a85cf10323dcb0ff906b98f8f0dab39e853ab81d2695b1979df50869258a07,1,ee42745279486fc98579c7f38b570d3c6128db176d7a89c95ae5b3ad671ef9e7,3.5527136788005e-15,7.1616796
310,MC1_K2_N1_L4_SP0_P1_R05,86bbb5a10f67dd5e988487afd84cf2e317722f50d48b275d56e2135d7814962e,31a85cf10323dcb0ff906b98f8f0dab39e853ab81d2695b1979df50869258a07,1,872ee07598d58a7c04ba3aef36de1c7de3c54eb3c61781d9eda272548b099ab6,9.64327466553287e-16,7.1881455
311,MC1_K2_N1_L4_SP6_P1_R05,4a53f44cf716c8a180d56ccd6bc3e2d86dc2f8ade09fc6d2bec2f263ad730069,31a85cf10323dcb0ff906b98f8f0dab39e853ab81d2695b1979df50869258a07,1,1dc6d0a1246ade468f77d13bea637bbb7e559364362e8fcae759dd0f47cd68c5,8.88178419700125e-16,7.2063835
312,MC1_K2_N1_L4_SP10_P1_R05,b2ee787e739797c5dd9a3f8e815aba61f92926918b87d53ca0be1d81d1839b69,31a85cf10323dcb0ff906b98f8f0dab39e853ab81d2695b1979df50869258a07,1,05f2bf3da1c064f7222e3e216ba6b77f4dcec9b2926f436821594a029a3e978d,1.77635683940025e-15,7.2596492
313,MC1_K2_N1_L4_SP14_P1_R05,d0202a65dfe2c11db00172a850a66a9f0667410e9ebfcf68850e99e8601c6c8f,31a85cf10323dcb0ff906b98f8f0dab39e853ab81d2695b1979df50869258a07,1,563748efba640f86af651f6c131fa9020c83c85483d248e3a7a468920ab2cbbc,0,7.214154
314,MC1_K2_N1_L4_SP18_P1_R05,9dbc8093af5448c2c2c4f90bade7aa79295770819353c760e75d45af8d3c326f,31a85cf10323dcb0ff906b98f8f0dab39e853ab81d2695b1979df50869258a07,1,54912b43a17b0510de72f746d202ad3fc7bcad8218fc6174d647d3439a103bcb,0,7.3595987
315,MC1_K2_N1_L4_SP22_P1_R05,1a1c1e2bf36c6ddb42fed0dec369cdbf2d3fe898815bd1219dcf1cd44ee7b5f6,31a85cf10323dcb0ff906b98f8f0dab39e853ab81d2695b1979df50869258a07,1,ace59a55f7c87cd8fbf377cd8e5a82f1b2dfe595e12501456db2d6d8933c2151,0,9.2463537
316,MC1_K2_N1_L4_SM6_P1_R06,60c0ddc81c0ae13e6fabbd71b79326d63535dcf4745c6d652dbca95c735c0661,31a85cf10323dcb0ff906b98f8f0dab39e853ab81d2695b1979df50869258a07,1,c4c218843afca0df2c6062c7f76dffa7374a8b2680638d98a32f11eb001d82f1,3.5527136788005e-15,10.4885752
317,MC1_K2_N1_L4_SP0_P1_R06,c87adaf3ec5d26d3496d73056ec2e1f8c321222ebe49b8ed26f462012ab68869,31a85cf10323dcb0ff906b98f8f0dab39e853ab81d2695b1979df50869258a07,1,12224a3fed6c3b04a286b9ef9a4ac62f2b798c2ed684ebebe33dde75fb827525,9.64327466553287e-16,10.4046175
318,MC1_K2_N1_L4_SP6_P1_R06,033632411944fa612f7dd23af8a0c46462aaa84c3a863749ba85e8951c40a5f3,31a85cf10323dcb0ff906b98f8f0dab39e853ab81d2695b1979df50869258a07,1,691c8f62190ec34adf768fddae67b1051fdcc230ca77312593d19eae93f4ca71,8.88178419700125e-16,10.234123
319,MC1_K2_N1_L4_SP10_P1_R06,12407207fbbb37104fef45df72e756444080af12f0b5890f521b61bd4069db12,31a85cf10323dcb0ff906b98f8f0dab39e853ab81d2695b1979df50869258a07,1,91c1f7e66fe3f6c03a637a15236219fb4439731c0325f0c797bca9adc224be72,1.77635683940025e-15,9.2921646
320,MC1_K2_N1_L4_SP14_P1_R06,40d778cd583ce1db8e06d8ef5d35db1440734ae2ec570e7e6ddbc99293f2b17d,31a85cf10323dcb0ff906b98f8f0dab39e853ab81d2695b1979df50869258a07,1,69e39cb01da79907bf14c6030b0c96fa084dc780c20e4438ed543c9bb9e90b17,0,7.45543
321,MC1_K2_N1_L4_SP18_P1_R06,1e486eadafb5a4c65d5cb2b035cec076e41ce473d746752e7b447e9f80de991e,31a85cf10323dcb0ff906b98f8f0dab39e853ab81d2695b1979df50869258a07,1,e39a6260d404de4089f803f6fed28a54c695086480e12ea9eeb53e3e7a8cdd30,0,7.4177448
322,MC1_K2_N1_L4_SP22_P1_R06,a11f865f64d614feb1498945010f54ab7342dc522048204a531dad116ed7c394,31a85cf10323dcb0ff906b98f8f0dab39e853ab81d2695b1979df50869258a07,1,6a24f4fee64c9872f88e76557fad6343d54f79aa86754b3289c6b84b3da3f9ed,0,7.34516
323,MC1_K2_N1_L4_SM6_P1_R07,73071fc9a963bdec25cead94ce1e5943f62d92a87003b30ffb3f7489631e83b2,31a85cf10323dcb0ff906b98f8f0dab39e853ab81d2695b1979df50869258a07,1,f6050a29cfadb75389f04b39aaa673eb9f57bc1a9707940c9254450cbf66e9ea,3.5527136788005e-15,7.3699035
324,MC1_K2_N1_L4_SP0_P1_R07,2999b035de6571f8a5e935746d65850e05dcd1ba874e261181744d6aee3d95b4,31a85cf10323dcb0ff906b98f8f0dab39e853ab81d2695b1979df50869258a07,1,55d1fbf90fcbf7b284faf75badda9ecfcd6f3712a2730883262168b9b5fed3c1,9.64327466553287e-16,7.2098448
325,MC1_K2_N1_L4_SP6_P1_R07,5ed2e85ad03ddeb6af37f3d3ddcaaa8da3ec81ce7f7b4ef5077b236d3ce0299e,31a85cf10323dcb0ff906b98f8f0dab39e853ab81d2695b1979df50869258a07,1,9ec9b1663e89d2eadfefd7d522acd2d8d521e63a163985afa31ca0d96c3327db,8.88178419700125e-16,7.4496043
326,MC1_K2_N1_L4_SP10_P1_R07,1365a4274c3bee60fdddd81d6a47b31fc38deb3f872de9956efe1a72994e4b50,31a85cf10323dcb0ff906b98f8f0dab39e853ab81d2695b1979df50869258a07,1,f98848ec026fdb3364d856d224acbcee0fcf62ba260ad9def08d0a99201b9b34,1.77635683940025e-15,7.2320879
327,MC1_K2_N1_L4_SP14_P1_R07,1ef31dd43883e9993b8ede1acfe50f4bc3bd583ff64bb452f2979679af03b4b5,31a85cf10323dcb0ff906b98f8f0dab39e853ab81d2695b1979df50869258a07,1,cdcc2c3076358cb000f4b224bec215dda2fa7395ecd6a63a955431e8418326a7,0,7.1472366
328,MC1_K2_N1_L4_SP18_P1_R07,558ccfa61825878b19510ea560727e5e5ceaa090aa55b05dd8cdaaef07c3d017,31a85cf10323dcb0ff906b98f8f0dab39e853ab81d2695b1979df50869258a07,1,65bc7f4527807c8db80d8e2eb3a4386095b3c3f188f8846a1603de1d8a86f25f,0,7.1766129
329,MC1_K2_N1_L4_SP22_P1_R07,66fcfac323b0226a5a6ac20be83ef7dbb84498b2d030bb3faaa91c5fa44e9292,31a85cf10323dcb0ff906b98f8f0dab39e853ab81d2695b1979df50869258a07,1,d1714a4372f2653204dc694284dc758583cf4453899e73a7d2aec6cbb8e4a780,0,7.1785872
330,MC1_K2_N1_L4_SM6_P1_R08,b69dfc4437ec3cdde88023f9a7759e9f32978210d57b62a2dbd60fe672e7bdf3,31a85cf10323dcb0ff906b98f8f0dab39e853ab81d2695b1979df50869258a07,1,e4db8f1a3089bfde316f46a3016e243b886d11f517d36306726fe691f7bdbfe9,3.5527136788005e-15,7.207955
331,MC1_K2_N1_L4_SP0_P1_R08,57cd2e4269ed706aa9b5b436510d9241a24c6c224b633e3a2bb93ff2c326868d,31a85cf10323dcb0ff906b98f8f0dab39e853ab81d2695b1979df50869258a07,1,08bc98f5fecc93bf5d7ead6a44ff8880e040ff48b12d9a3cc131e4ab1962d53f,9.64327466553287e-16,7.1703819
332,MC1_K2_N1_L4_SP6_P1_R08,6cebb66a99d583d2651f2bba918db8ecf318ea8802e3f82fe2da819f8b9894d6,31a85cf10323dcb0ff906b98f8f0dab39e853ab81d2695b1979df50869258a07,1,3dc2f143b1d3461730779ac5ad55316009b0445476c0ca9b43f6ca99ddcfb11e,8.88178419700125e-16,7.2143072
333,MC1_K2_N1_L4_SP10_P1_R08,1792ce076cfc1f4f0aadf4499d68e504c5276d6e4f8146ce9c325eb11a15b0fb,31a85cf10323dcb0ff906b98f8f0dab39e853ab81d2695b1979df50869258a07,1,941ffb8e8a8faa910419303c3ae5208c17e61ef3e48b55aedfe0acf010dabee4,1.77635683940025e-15,7.2336897
334,MC1_K2_N1_L4_SP14_P1_R08,808c1fec344401ee0f606eb48c462479bb7813f4bc7a81012cf23fdb2ae665dd,31a85cf10323dcb0ff906b98f8f0dab39e853ab81d2695b1979df50869258a07,1,e1a847ef7768fa2fc64c7e65048246ffd2f655a9eeaa11506b647fce4c72fc90,0,7.3493033
335,MC1_K2_N1_L4_SP18_P1_R08,8a1e33ae90305830d0370b3be68b6136d1f537e31051d551b7f15bc7b7aca630,31a85cf10323dcb0ff906b98f8f0dab39e853ab81d2695b1979df50869258a07,1,8349a672efa24fa52d95cc41080976c7e974344d49ad58e750e5f21a64d01199,0,7.4752689
336,MC1_K2_N1_L4_SP22_P1_R08,fa93760d2cc2d427dcd754e6df07a76a1e22088e9d25f4698b1ed6b56a55515f,31a85cf10323dcb0ff906b98f8f0dab39e853ab81d2695b1979df50869258a07,1,dd82f26691c597a15b2fc1d043e13b2710f355addeced4c2c8348d02d0598140,0,7.4111159
337,MC1_K2_N1_L4_SM6_P1_R09,32560a5a36989ca19ec5320f5c16ce03dbd8df6848825cb62214bc1e98e5d801,31a85cf10323dcb0ff906b98f8f0dab39e853ab81d2695b1979df50869258a07,1,b89f010850e2164cdbb29956f49c7ab5729c75b6668496228ae84e3ef02e29e8,3.5527136788005e-15,7.8338365
338,MC1_K2_N1_L4_SP0_P1_R09,2f84753d0f2fe7cb0d04e59d45d8482cb787c9bda6339a37791509e1c5364ce7,31a85cf10323dcb0ff906b98f8f0dab39e853ab81d2695b1979df50869258a07,1,62dbf8fe262865f0c227ef70435cf08abc9730ccdf5507ce7035810786766481,9.64327466553287e-16,7.4493804
339,MC1_K2_N1_L4_SP6_P1_R09,5b24b7ca9fbf8ddb1c44b2e62af7da9ee9b9208bb24a6df18a6b1f9ba4eb8e7c,31a85cf10323dcb0ff906b98f8f0dab39e853ab81d2695b1979df50869258a07,1,563d63f0f3ea4e9d924d3d2fc7f500dba0444bd6cd205dd8e6a2a5fb2cb21deb,8.88178419700125e-16,8.5146155
340,MC1_K2_N1_L4_SP10_P1_R09,1aa006509513917c3ea79274f4602a7359571ce6910e6f084d8b21207385c13b,31a85cf10323dcb0ff906b98f8f0dab39e853ab81d2695b1979df50869258a07,1,3695e84dca4e48ba584c33f4fb493f5cc9da3dbeb1e046810dd9c4a2288690a6,1.77635683940025e-15,9.9733448
341,MC1_K2_N1_L4_SP14_P1_R09,46846dc8eee49da1db17fb14b4cf03191eaabb1976aef9fb48eb875a1b3a00bc,31a85cf10323dcb0ff906b98f8f0dab39e853ab81d2695b1979df50869258a07,1,09be2a2c7354689c7ad7bc8d002b830bd0d86765924aef40835b2d8975ef9677,0,7.6826099
342,MC1_K2_N1_L4_SP18_P1_R09,02117d4100b3ce9a05db86a359f13d4e2a4e269cef57ac1fe98f7eff060ee31d,31a85cf10323dcb0ff906b98f8f0dab39e853ab81d2695b1979df50869258a07,1,2ffe0b08f8986befea8e8fb91f04b1afdcf77aa0b7e69614ef5f87cfabe9fd08,0,7.5720772
343,MC1_K2_N1_L4_SP22_P1_R09,9cda002c800b71bb7b81c25f99d3bbec5c1fe7eb63f1b81c86e5c6563959d67f,31a85cf10323dcb0ff906b98f8f0dab39e853ab81d2695b1979df50869258a07,1,cbaa893fc70f64881ad70eee2be82e8ebaf5b118f2b292f9d3f538c7be9773b2,0,7.5542052
344,MC1_K2_N1_L4_SM6_P1_R10,f77d2064cc8ac27a8809dbffd21bd889d7bf7fcac1dbb67ea66f93c7e1061df2,31a85cf10323dcb0ff906b98f8f0dab39e853ab81d2695b1979df50869258a07,1,0c0aea31269340e1b1ab6e091561faf7ace2d470cdaa619e71709e08294430ad,3.5527136788005e-15,7.5732101
345,MC1_K2_N1_L4_SP0_P1_R10,c0c88b107236db9daa7fa0f2783541cc68ccfd6dd466273b5f0d128dd45c6054,31a85cf10323dcb0ff906b98f8f0dab39e853ab81d2695b1979df50869258a07,1,79426c62ee83e5094c5218f1b75f911e0ae204a1bdda94a753abda7ab4e37593,9.64327466553287e-16,7.3751804
346,MC1_K2_N1_L4_SP6_P1_R10,57e0629fa97e8775198c9c5e5ca1ee0cbbd82623e240b0e2ad2c8335d9a5a7a5,31a85cf10323dcb0ff906b98f8f0dab39e853ab81d2695b1979df50869258a07,1,047b831cba27edbfca549ca632dd37adc7991514e7610b610a70f86e08814ca9,8.88178419700125e-16,7.5053181
347,MC1_K2_N1_L4_SP10_P1_R10,cfa4ec65048840e660526c31baad6001eb436957cf68d0a127715ae716754d4e,31a85cf10323dcb0ff906b98f8f0dab39e853ab81d2695b1979df50869258a07,1,c399de04c2e71d0547c0dde01089cf964f7b152e9721c02514a83b0c68c1f999,1.77635683940025e-15,7.5123938
348,MC1_K2_N1_L4_SP14_P1_R10,9467780a72a9a1545be56b92a2f39f069f8055b3eee350a75340131291a76584,31a85cf10323dcb0ff906b98f8f0dab39e853ab81d2695b1979df50869258a07,1,f770ecba3ef3d5dcbc1eb8d05478c8144a21c1dd872055c9b2dc3e92561a0475,0,7.4693749
349,MC1_K2_N1_L4_SP18_P1_R10,17958ab2aae25ddcd3976cf7b8cd7b9046af7936251a98254339ca2d3abb6a70,31a85cf10323dcb0ff906b98f8f0dab39e853ab81d2695b1979df50869258a07,1,378dbcfb3f27adf8c7ceeda85247cd66d1da42187ed01e6ef6c1f14abb383f97,0,7.4494923
350,MC1_K2_N1_L4_SP22_P1_R10,c27de10bca4118915f33b15f53bd26b68e9adae49010eee78edf6f0428d1fe1b,31a85cf10323dcb0ff906b98f8f0dab39e853ab81d2695b1979df50869258a07,1,c2dfe7a4a19e85e03dcbdbfc531e2f8a4e7df6e17d5d65945a6bcd4c7ea255d4,0,7.495381
351,MC1_K2_N1_L4_SM6_P2_R01,ef713d5bca1943864bf9658ec74c4169c9dbcd5494e341c1a622319c9a4b00a7,31a85cf10323dcb0ff906b98f8f0dab39e853ab81d2695b1979df50869258a07,1,b04c8bdb40b41faaf7483dffeead04ca2b7472f152c506d9b7b07ec7934c1bc3,8.88178419700125e-16,7.334754
352,MC1_K2_N1_L4_SP0_P2_R01,2231e895bb2662bb7ce1acbcdceac3d72996b6ff5ff1a336d14582734d3c2f10,31a85cf10323dcb0ff906b98f8f0dab39e853ab81d2695b1979df50869258a07,1,ad788b57d2ddf89c898d09fda35a6e63a09e02368b12ef7d64c070a4c53fb47d,2.89298239965986e-15,7.8582833
353,MC1_K2_N1_L4_SP6_P2_R01,e0522d7c579f98b59085a6163fc5f49480ff23019133dad7a1657332f6ed6263,31a85cf10323dcb0ff906b98f8f0dab39e853ab81d2695b1979df50869258a07,1,932353b7a5de9daa2a199a3332d61a8cb84b2986d8b3c88f0fd71cac292efd72,8.88178419700125e-16,7.7420042
354,MC1_K2_N1_L4_SP10_P2_R01,1f92d8a23c6c1726fb1e4a148bb6486159b3d7066394b69d0fdf228573438b1d,31a85cf10323dcb0ff906b98f8f0dab39e853ab81d2695b1979df50869258a07,1,f5c2cd4d550337b91c578e3a7ff10f6d6b7847461ee429e9234d512c1412b3ad,3.5527136788005e-15,7.5800989
355,MC1_K2_N1_L4_SP14_P2_R01,e1851707b1b4a652524d0178de48bf4d2c7e960cb186148554e5bdaa0a29c72e,31a85cf10323dcb0ff906b98f8f0dab39e853ab81d2695b1979df50869258a07,1,4d637bfc46dc750992f6c9945afd80547050491e967458e57d7c06c9623f03d0,0,7.5105439
356,MC1_K2_N1_L4_SP18_P2_R01,2cd60628ae4987830c1539eaa7b9d1b34b182ac44b82c3bda53c94cc0e25d83a,31a85cf10323dcb0ff906b98f8f0dab39e853ab81d2695b1979df50869258a07,1,469be9a5b2cc247ee057f7ca95b6a737b7919ad4f3d3e23b8c986bf7d64004b1,0,7.6200701
357,MC1_K2_N1_L4_SP22_P2_R01,6229fb59d7a18e8726fc00b43c40ae1a836819c9b8e9a5aa0bf46fcb29a87ebc,31a85cf10323dcb0ff906b98f8f0dab39e853ab81d2695b1979df50869258a07,1,01bd6dbdcc638976d1704107d0e6efaa4a8eee9cb825ff2b685628f7396bb5fd,0,7.6538083
358,MC1_K2_N1_L4_SM6_P2_R02,60dd1cbf6cb727ac4c2af553d56c21d89bdfc02cc09759f51b1b083425363058,31a85cf10323dcb0ff906b98f8f0dab39e853ab81d2695b1979df50869258a07,1,4dc9474ba48648769eda128e171ebeae32ca8f58e548504caaadab7075693fc2,8.88178419700125e-16,7.675304
359,MC1_K2_N1_L4_SP0_P2_R02,8616fc343052df934d2932096934b69ef20c7c60966c19c6479112b9c7364b16,31a85cf10323dcb0ff906b98f8f0dab39e853ab81d2695b1979df50869258a07,1,0f5232e32f3a853a7fd63ed25d25c64ce1d0799f95fa3ff7e115e408fd718943,2.89298239965986e-15,7.59789
360,MC1_K2_N1_L4_SP6_P2_R02,69496f72e2645b8a0a37dd951bfaa8b53083c9116878eb8f95e91b0c1379bdea,31a85cf10323dcb0ff906b98f8f0dab39e853ab81d2695b1979df50869258a07,1,79f0bafca2ea9c03bd24a064a049a8dcb1b1a0a9431aafe9f37f7dee05a1bdbf,8.88178419700125e-16,7.4838069
361,MC1_K2_N1_L4_SP10_P2_R02,d16c55704d38eadc0a97cf778b686c513dd12e51bf9107d860efc11e9e6ab29b,31a85cf10323dcb0ff906b98f8f0dab39e853ab81d2695b1979df50869258a07,1,a51cdec3a125f941d3eaf54d3c4543f1b84921946bf609fd546edbedefdf0c75,3.5527136788005e-15,7.4962888
362,MC1_K2_N1_L4_SP14_P2_R02,232173c4ce0932542758008a8079acc82863e89417007bcd19eec831682e12fe,31a85cf10323dcb0ff906b98f8f0dab39e853ab81d2695b1979df50869258a07,1,3e2569de418907f6e13296975f4a8d9d8193fda99afb4eefff9f96986fd52191,0,7.4959451
363,MC1_K2_N1_L4_SP18_P2_R02,3111742f151c9884118587da5ce96c7d415147549e861a026cd0db82edc3289a,31a85cf10323dcb0ff906b98f8f0dab39e853ab81d2695b1979df50869258a07,1,21d728f3de7a6476b7ca357510e5bd348e23119cce08eb04b48a2a33c7e28d4d,0,7.5232068
364,MC1_K2_N1_L4_SP22_P2_R02,ed656b76c632fc3250325926a0d5cd8640551220b7f9edd62b102c5d19a656bb,31a85cf10323dcb0ff906b98f8f0dab39e853ab81d2695b1979df50869258a07,1,caa12421e6dec994ebe91390fd4496e22c80b4e3515d372e94790f2a8f0e476b,0,7.4937085
365,MC1_K2_N1_L4_SM6_P2_R03,28fe0e40237da2eacb2b028b2750dbd8d986c797bcf639fd1e5347fe5de46e9e,31a85cf10323dcb0ff906b98f8f0dab39e853ab81d2695b1979df50869258a07,1,571f5913dbcbf60aca67004ddc0bb0fc7ef6f84c0a5787df7bde46932778c5e9,8.88178419700125e-16,7.4827756
366,MC1_K2_N1_L4_SP0_P2_R03,646002e5b4e43132cd1148dda11b0e7fa25d83524ff34f1ae5a79db147306a77,31a85cf10323dcb0ff906b98f8f0dab39e853ab81d2695b1979df50869258a07,1,d88634c996b9af28264a841e6c4b4d4ea462f3d1d2b24a42b9e39135c7bf2664,2.89298239965986e-15,7.5018774
367,MC1_K2_N1_L4_SP6_P2_R03,7b52acbbd7a8c1ae615e5a91e477dc365b04dcd2ac45cbd0d02c5c03d78a5359,31a85cf10323dcb0ff906b98f8f0dab39e853ab81d2695b1979df50869258a07,1,30cc10e42b2648ce9afe88b75e56c4d0e8e68a8a565d9ae9e5503607600c1893,8.88178419700125e-16,7.4847846
368,MC1_K2_N1_L4_SP10_P2_R03,886bdcd1bfca879f3f86ad7a5ff4c4d6593434461b6b410de8dbdeb154968778,31a85cf10323dcb0ff906b98f8f0dab39e853ab81d2695b1979df50869258a07,1,7136aa3d4d9f94d54c002151166ae40378338e45a4ce6e2e6659008242dc1ea7,3.5527136788005e-15,7.5116715
369,MC1_K2_N1_L4_SP14_P2_R03,171c2718dc738ff7e5c02acdb463e7e75e055a75f34cb9bd721cd552d824be6c,31a85cf10323dcb0ff906b98f8f0dab39e853ab81d2695b1979df50869258a07,1,03574bff208e3533656f849db7d2ef20f402fef625a733e2fb6cd6de7d227531,0,7.4276811
370,MC1_K2_N1_L4_SP18_P2_R03,9da9fc898a5537859129f5a0f80e3824988b30fa3495b057564ea27faa346e35,31a85cf10323dcb0ff906b98f8f0dab39e853ab81d2695b1979df50869258a07,1,e4a957fe847c832cf27f209d212c1a4055b6dea63871161987064d25a0717f85,0,7.453925
371,MC1_K2_N1_L4_SP22_P2_R03,51b012ca5d9472efc5aa83aa9731a11e777e2ccb87f6767a12884da53730c337,31a85cf10323dcb0ff906b98f8f0dab39e853ab81d2695b1979df50869258a07,1,183109505db89a219b59b925bd91fbc1290b5bb9268851c85496adc5839b348a,0,7.5726674
372,MC1_K2_N1_L4_SM6_P2_R04,14277c7992753324543fb6fb51b59f9df17dc22cf3169d5aac348e0f28a53b3c,31a85cf10323dcb0ff906b98f8f0dab39e853ab81d2695b1979df50869258a07,1,541ce0343d0c99e205bbde2044cfd0ea6ef74639cd69f697bdada322f199816f,8.88178419700125e-16,7.3781994
373,MC1_K2_N1_L4_SP0_P2_R04,fbf664ec6e6b58647297baecd407eb4bdba91182b392bfce8ad3cc462221ff43,31a85cf10323dcb0ff906b98f8f0dab39e853ab81d2695b1979df50869258a07,1,bf046b597b6f85464659be70d651027ee07c8a6cb042813c498be2a079636850,2.89298239965986e-15,7.2119671
374,MC1_K2_N1_L4_SP6_P2_R04,f6c4464fff119e28e47f694f5c3a702d58cd22720508c3a3a5fa9a07c43c11ab,31a85cf10323dcb0ff906b98f8f0dab39e853ab81d2695b1979df50869258a07,1,0845eba5ef1175aee49e9f7ca26326b4c7ba989c194098f392432f4a6d6ae742,8.88178419700125e-16,7.1662833
375,MC1_K2_N1_L4_SP10_P2_R04,f8feaf3a190d3075274c184189fce372beb825deba8e6658f2075e531cf24d61,31a85cf10323dcb0ff906b98f8f0dab39e853ab81d2695b1979df50869258a07,1,c1ff7a9e9adac0bc0f52b822482a31af662913a0dfa409a5c606395d52fbbf2f,3.5527136788005e-15,7.1256704
376,MC1_K2_N1_L4_SP14_P2_R04,b467fa0f8e2c9a047403194900dd775ef31ad34bb5bfee6af44515dc6406e8bb,31a85cf10323dcb0ff906b98f8f0dab39e853ab81d2695b1979df50869258a07,1,3719a79432f1579c03c338478f37c8bd5ea0c4a2da42a2cc687e7932e62d01bd,0,7.080138
377,MC1_K2_N1_L4_SP18_P2_R04,ce719a5bfd4353d86f6262d0cf7ceca54dd94d11babeb1177701d9c890d351c2,31a85cf10323dcb0ff906b98f8f0dab39e853ab81d2695b1979df50869258a07,1,8e872eb345d9893793188d9923cfa2c566ad851815b5b8d6a57e6acca7e8f959,0,7.4244563
378,MC1_K2_N1_L4_SP22_P2_R04,234d387d9fc8b130be1d3a82b4f529fc001579d170405ecca0b812460bf539eb,31a85cf10323dcb0ff906b98f8f0dab39e853ab81d2695b1979df50869258a07,1,0aaae8f324b5812cbde97d2f1613da3a1ba5efd6e28622eba7a691cad813a49c,0,7.6101009
379,MC1_K2_N1_L4_SM6_P2_R05,987b78b37c9b589436b1c41647d79553ef2fb02627214cad935bca61a4f483c9,31a85cf10323dcb0ff906b98f8f0dab39e853ab81d2695b1979df50869258a07,1,17f9e67a86094bf47b8cb31e0da0573bdcbb211b3430b0da5f826af0ee84012f,8.88178419700125e-16,7.4572213
380,MC1_K2_N1_L4_SP0_P2_R05,eb12bafabb0f16a63570d2c472552b25a219972785f926b5cc3cc0ad11b9d239,31a85cf10323dcb0ff906b98f8f0dab39e853ab81d2695b1979df50869258a07,1,748cd95510711eff5782a12e6ae958d606cd0a873ab253162d8d921fcf015f2c,2.89298239965986e-15,7.5103499
381,MC1_K2_N1_L4_SP6_P2_R05,0247ce6fe20cc41cf993a40e3b81a710b68677f630b1e83c576f68f8ea0561b7,31a85cf10323dcb0ff906b98f8f0dab39e853ab81d2695b1979df50869258a07,1,5be800b108f7a7f0b93ca5374a6aa50a20c29129506e7f9a348046b4855b2cbd,8.88178419700125e-16,7.4224439
382,MC1_K2_N1_L4_SP10_P2_R05,1a01570b384f488afd9b1fad385a695b8f17e0a8d309ef0be46d353ace755856,31a85cf10323dcb0ff906b98f8f0dab39e853ab81d2695b1979df50869258a07,1,4639457096e69335c59e54d2c4e93eda31b7c7a572a682e64088fc46060364e4,3.5527136788005e-15,7.4222195
383,MC1_K2_N1_L4_SP14_P2_R05,616ee0c41e6d2fb62d64e2a387507573cd116707fb47a7c3da5d6237e21a4836,31a85cf10323dcb0ff906b98f8f0dab39e853ab81d2695b1979df50869258a07,1,a011f3a52088335aa5e6ed3c69bf36cfce78535ebc631d9f873a3f0d776f0e52,0,7.3456338
384,MC1_K2_N1_L4_SP18_P2_R05,186add89bda4a5247d3a4e736f4b3db1f9a475920f67b45d9f153af13c4433aa,31a85cf10323dcb0ff906b98f8f0dab39e853ab81d2695b1979df50869258a07,1,cb887023198bb8e120d24961dbc1a883357399b868f123dba304e5292857dd29,0,7.3617147
385,MC1_K2_N1_L4_SP22_P2_R05,07e0bd6c04a89cfbe46ea883dc0a2bca18016ed2a5f6a76faf2b50b6e23c6bba,31a85cf10323dcb0ff906b98f8f0dab39e853ab81d2695b1979df50869258a07,1,fc7065bb736828737456f18b9c5ab3a56383cb6638671eb48f62b41be6792a33,0,7.4038261
386,MC1_K2_N1_L4_SM6_P2_R06,6ec11e32e534e2d6d3077d8018a161672f254a1dbb9c69cbcbf6c0d6ab8ae148,31a85cf10323dcb0ff906b98f8f0dab39e853ab81d2695b1979df50869258a07,1,ed4c16f3a459cd5166617cccd7f5e99fe24fe0d7f802d2cdc5a9959b6f090c15,8.88178419700125e-16,7.252056
387,MC1_K2_N1_L4_SP0_P2_R06,6e43264ae6e8c6c14ffba85c05b3334cda996238ddf405eb6d96b8f3727c1e79,31a85cf10323dcb0ff906b98f8f0dab39e853ab81d2695b1979df50869258a07,1,e52da385bb99eb9aa09a37acfd11e6c1b91fe391261b59ccfb555de1e7e00887,2.89298239965986e-15,7.5760222
388,MC1_K2_N1_L4_SP6_P2_R06,496d42c627f4c20dd48c864960a0dd7ded63fa7d6fd42aa898d768d2d6825d9b,31a85cf10323dcb0ff906b98f8f0dab39e853ab81d2695b1979df50869258a07,1,40dd311338a51397729d104fda4cde3605c96ed07072772a5c506b9884dd43dc,8.88178419700125e-16,7.374376
389,MC1_K2_N1_L4_SP10_P2_R06,718052918a883e3a24eab08f795803d0a16d2e1155fc201b8fe21abbedee747c,31a85cf10323dcb0ff906b98f8f0dab39e853ab81d2695b1979df50869258a07,1,777ab5d5fa8a90a2f8b74f88b67aa610dd1b6681bf7ad048bfec41018dcb7e21,3.5527136788005e-15,7.1988901
390,MC1_K2_N1_L4_SP14_P2_R06,1085f7e16d3dde9b64c5e842d8c1bce3f5c8fe5518232f564fb80f9afc46f80c,31a85cf10323dcb0ff906b98f8f0dab39e853ab81d2695b1979df50869258a07,1,20010da5f7de7579053cbcc851ef1d871c435d8b4c1828dc2dbbc7398a4ea2a4,0,7.1743742
391,MC1_K2_N1_L4_SP18_P2_R06,3cc02d299e3ae3884636be7b3759ae7a32278d05c32145f6a5cff0795842267e,31a85cf10323dcb0ff906b98f8f0dab39e853ab81d2695b1979df50869258a07,1,6f50abfe52a8d7b5619e8e2fc330394190bb31ed62cb44ab2ed79f7f6f6c860a,0,7.1486218
392,MC1_K2_N1_L4_SP22_P2_R06,5887230e5a65508f1449706051e0bf25970012783799c9cd7c13aea68e0ed7bf,31a85cf10323dcb0ff906b98f8f0dab39e853ab81d2695b1979df50869258a07,1,329527e2c2a820a6595776054a1b3be09bc80f0e2d6e5be25dd32aed803cfe9b,0,7.3027143
393,MC1_K2_N1_L4_SM6_P2_R07,ec58ca023191494b2d7ac432b50348ffb897b5f02068b1b6470dd45f85308e8c,31a85cf10323dcb0ff906b98f8f0dab39e853ab81d2695b1979df50869258a07,1,a67d3d4e3bfcf7e85f0f2b5ce28e7756ede694b9fda4ce631f20efd2415ffdca,8.88178419700125e-16,7.1842618
394,MC1_K2_N1_L4_SP0_P2_R07,bb4b5946471a6b4170a57160c6e719e0922744e867ccea6fd550193d345bcb73,31a85cf10323dcb0ff906b98f8f0dab39e853ab81d2695b1979df50869258a07,1,5781e326d22b76b41a4a939df1073fe9646bf866240f1ff42a11b2a3796fdbbb,2.89298239965986e-15,7.1362853
395,MC1_K2_N1_L4_SP6_P2_R07,6ce88da88aa264a64d751609355f356d281aca58741080a9f0830afb9e2141b9,31a85cf10323dcb0ff906b98f8f0dab39e853ab81d2695b1979df50869258a07,1,4dabfb887bbe8d6a8db34cd44fc52f51a892f39b2a9781ad4bf1ecae72506e58,8.88178419700125e-16,7.1495116
396,MC1_K2_N1_L4_SP10_P2_R07,6c7f005431c4231247959f8c64ea2ff8141193ffdae2fae1593762569ea0e533,31a85cf10323dcb0ff906b98f8f0dab39e853ab81d2695b1979df50869258a07,1,788719e5a82fda58b37b22dffc2e331da76e55abaddf09f9c4d580f053a677e3,3.5527136788005e-15,7.1332508
397,MC1_K2_N1_L4_SP14_P2_R07,fe6388b7d8c6339ad583a487058a37bcc278ebdce75b9a883050e805bcbff396,31a85cf10323dcb0ff906b98f8f0dab39e853ab81d2695b1979df50869258a07,1,781e49e4732a00d606578f2112df9e310e42d534b2fa2b80461ec4392a556a8d,0,7.12975
398,MC1_K2_N1_L4_SP18_P2_R07,ff452b5311d1c8d43147709dbd84cb794a04a6992182ca51003ecebce38ae160,31a85cf10323dcb0ff906b98f8f0dab39e853ab81d2695b1979df50869258a07,1,2e7d4dfa9d6795d32fa777625a402ddea387235232fc643eb5f7ce2bfac866b2,0,7.2768703
399,MC1_K2_N1_L4_SP22_P2_R07,25de2ec6663494b1d7933aee52344ffbf489c180bec2899edae1d6bd2a16258f,31a85cf10323dcb0ff906b98f8f0dab39e853ab81d2695b1979df50869258a07,1,94e5783aad607dc6ecde4d1d106e4936e29baa8716e786096f2f0d4baf6c1973,0,7.3421404
400,MC1_K2_N1_L4_SM6_P2_R08,4761b3925249a27393479e63d344867391ce77b113957edeca5ef1a2003e2497,31a85cf10323dcb0ff906b98f8f0dab39e853ab81d2695b1979df50869258a07,1,fb258cb44cc764e6247c3d4d5ae6a51f3c34155afcd1c102e12469f8799b8c54,8.88178419700125e-16,7.3862022
401,MC1_K2_N1_L4_SP0_P2_R08,99278dd692ae8227c224b1403a5b6c9be2eeddc1bd104cb9bf64fe3dd6a60002,31a85cf10323dcb0ff906b98f8f0dab39e853ab81d2695b1979df50869258a07,1,9949acc4fb32c99872406ced3ad6283f96761f3e7398d01440ef2be4c0943347,2.89298239965986e-15,7.4046384
402,MC1_K2_N1_L4_SP6_P2_R08,d83d4cda576f400ed2cef65f6f42f14121a2c3a0e9e7c47ae03359087ea31c28,31a85cf10323dcb0ff906b98f8f0dab39e853ab81d2695b1979df50869258a07,1,59e8e11de5bbadbf89260e53be55d4adb611dde1df041af73b68293ea41b3c33,8.88178419700125e-16,7.4655621
403,MC1_K2_N1_L4_SP10_P2_R08,476471f78b43de0cf382305f20b4c1e01977b6e9a7b3ae227ffca55b2a47b12d,31a85cf10323dcb0ff906b98f8f0dab39e853ab81d2695b1979df50869258a07,1,fe6b2f70367a3e177d70f45c28a18c1d0dc8ff7bdf454038ef66e94e8b17fc15,3.5527136788005e-15,7.494003
404,MC1_K2_N1_L4_SP14_P2_R08,05a7bff0b09f19a758c44cd4f219a735a6f110bc8def8b80910883c5bc9c27ac,31a85cf10323dcb0ff906b98f8f0dab39e853ab81d2695b1979df50869258a07,1,5c76edc5dca2182aa5d11f29d599226c4f0197c3b7c98151796d1c277ed4bf16,0,7.5070661
405,MC1_K2_N1_L4_SP18_P2_R08,e4dbb675f517a09dfecb804660426e69e7fa9bcc2fdbc86145927a9caaafaaef,31a85cf10323dcb0ff906b98f8f0dab39e853ab81d2695b1979df50869258a07,1,2350e858c92c7cd25a974b96ebab1da342d3e9179758e8a7826152176f7f7791,0,7.5872388
406,MC1_K2_N1_L4_SP22_P2_R08,5efe312368fedabd3e89c1fb546b535c81ce81a84e77d3d6b3d3fbadc3452c6f,31a85cf10323dcb0ff906b98f8f0dab39e853ab81d2695b1979df50869258a07,1,99e51461fc0c16cc4bdab850f8edb111090706ad46f7c70176ad03c05d417654,0,7.4082191
407,MC1_K2_N1_L4_SM6_P2_R09,64f58740e3d2923287643efa6e8ba77f7faebbf141771938759093c082b7fdb2,31a85cf10323dcb0ff906b98f8f0dab39e853ab81d2695b1979df50869258a07,1,feded31978847ef7ae31070a6402dcfdc7edb440279b26db33cfc9219950c129,8.88178419700125e-16,7.381803
408,MC1_K2_N1_L4_SP0_P2_R09,53e71a3f3dd6743766c251c31dcd1ca748b0e14acf52cdb64234785d89cbc815,31a85cf10323dcb0ff906b98f8f0dab39e853ab81d2695b1979df50869258a07,1,9cc3522aa467d888fe977f8faabb7e6d2055728436b6da9e06f2828e655ac433,2.89298239965986e-15,7.3331046
409,MC1_K2_N1_L4_SP6_P2_R09,0eea382c1ebec2f3c4338d2255d2dae42809c86b0320a8f0e14b7d02a73031c7,31a85cf10323dcb0ff906b98f8f0dab39e853ab81d2695b1979df50869258a07,1,18e8adab329639e72d970a90552b7ff0b5176a34301cff86e785dfa3cb1ffdf6,8.88178419700125e-16,7.4426114
410,MC1_K2_N1_L4_SP10_P2_R09,e3fff0aa953ace31f2a76c95daaeedd5a1dd325bdea1c489620fb434ba08b591,31a85cf10323dcb0ff906b98f8f0dab39e853ab81d2695b1979df50869258a07,1,a445f2b09ae23276617de331ea4baa80ef836617e215c77251efdf8c0e9a7083,3.5527136788005e-15,7.39679
411,MC1_K2_N1_L4_SP14_P2_R09,9192194dc3ee21dfb12f2c217db183febf1626b54fe7d3f3e3584459fe0bb371,31a85cf10323dcb0ff906b98f8f0dab39e853ab81d2695b1979df50869258a07,1,3cbeb43ffd3a2f6bd1245d6dd19562983f1c8ea2ec0858b99e1e07a835133b71,0,7.3023966
412,MC1_K2_N1_L4_SP18_P2_R09,6a1b1b8231fbc39cd2378301aade170170c5fe431eebe610314ffdbd9f3e1318,31a85cf10323dcb0ff906b98f8f0dab39e853ab81d2695b1979df50869258a07,1,e0a1e7f8e13e51f12725120cf454f634386fe7452ceab8ab6dcd215aa30b9453,0,7.2137169
413,MC1_K2_N1_L4_SP22_P2_R09,d8a4056725e4733a23afc170b981d55c95edde16274940982ed3635dab7dd68e,31a85cf10323dcb0ff906b98f8f0dab39e853ab81d2695b1979df50869258a07,1,8c85e34e8e6b1d82368536d5066bc284802bd0ebd4f047034f82b9b472b2c322,0,7.2239516
414,MC1_K2_N1_L4_SM6_P2_R10,322d8f2e22575be9dd58c652b24ba03d35698c687f510aac4aa1312f25a32339,31a85cf10323dcb0ff906b98f8f0dab39e853ab81d2695b1979df50869258a07,1,c78c01507dc67b9d9a8a582ddcf31919e557044dd5ba91873037cde0d7f40f1d,8.88178419700125e-16,7.2014872
415,MC1_K2_N1_L4_SP0_P2_R10,1aad16b9c2d1b53cbaf5198a8d05962d1dd57a0928c1b6529aa898fb9e266c20,31a85cf10323dcb0ff906b98f8f0dab39e853ab81d2695b1979df50869258a07,1,17473c85fa91af374efd4fc3ce891818e52d7e6ed7060debaa4819d88f3c37a5,2.89298239965986e-15,7.5783795
416,MC1_K2_N1_L4_SP6_P2_R10,e825425f984414bf6d12bb14f57f95f6d9690b741c6548286baad0da788b84fc,31a85cf10323dcb0ff906b98f8f0dab39e853ab81d2695b1979df50869258a07,1,0d6cc90f610636f7df7a0b1558368a95d1b9c11ee5bbe82d716c1d3bd12b2357,8.88178419700125e-16,7.5837906
417,MC1_K2_N1_L4_SP10_P2_R10,ec1d14ba25448c954b11151bcf64e1b1ca8a2567d140906d93a11c158e7f249d,31a85cf10323dcb0ff906b98f8f0dab39e853ab81d2695b1979df50869258a07,1,65c4ec76efcd33763f7ac4e935a9e7f27e281ff1797b2381971ef1b030d1cb24,3.5527136788005e-15,7.6504086
418,MC1_K2_N1_L4_SP14_P2_R10,83db71c31cb4f8d6f941e1087f5bc04d3a9775112c57852f3f442722a4b52064,31a85cf10323dcb0ff906b98f8f0dab39e853ab81d2695b1979df50869258a07,1,ed00de4afc825d70562f7ff6f8ab0ab37774539c34e096a1df53be3401d40828,0,7.419388
419,MC1_K2_N1_L4_SP18_P2_R10,cfb2f8ee68f6f6ad8b64fa082106846b48f842b20c66b661a71861723c89562a,31a85cf10323dcb0ff906b98f8f0dab39e853ab81d2695b1979df50869258a07,1,fa9173e0c0a7300d176b70745b592e5e4f48e7b01a6316f00c8f90cd558ae234,0,7.4964596
420,MC1_K2_N1_L4_SP22_P2_R10,48b2899ee3c5e664e38ea3ea2a5c4c31517ab1262e7cdf79d5c266e921c54eeb,31a85cf10323dcb0ff906b98f8f0dab39e853ab81d2695b1979df50869258a07,1,a4e80ea858f9ab240a6dd0c31a338ef6ced59ad5ff2644ac5e094fd738052864,0,7.4469915
421,MC1_K2_N1_L4_SM6_P3_R01,981f18b1c41e0e6aee31ff98c4b9e41919a3b808963fe6bd2eb60e30eab2f8eb,31a85cf10323dcb0ff906b98f8f0dab39e853ab81d2695b1979df50869258a07,1,8668e1ba0cd043f06b45e4342b8a841d899b3d5fadf8a948f7b627078afc87bb,2.66453525910038e-15,7.8070735
422,MC1_K2_N1_L4_SP0_P3_R01,b4999f5a244f7b3aa3e05733217777f15adc243e6a494c7a505c608b6db4869f,31a85cf10323dcb0ff906b98f8f0dab39e853ab81d2695b1979df50869258a07,1,6a30fc620e7c5115ae8cf983ae443a92d7efc52d4b5b6bfc91867b8ccfc66a07,4.82163733276644e-16,7.5342974
423,MC1_K2_N1_L4_SP6_P3_R01,ebf19aa51d00af1e85e2a09b8c5454d240d7ee5d73142c774fddf109ad42010d,31a85cf10323dcb0ff906b98f8f0dab39e853ab81d2695b1979df50869258a07,1,3e6d86bda02e2a35d04ba1a06f0b9cdf323398cb3dbe15873760ba8d33ba67b3,1.77635683940025e-15,7.5283804
424,MC1_K2_N1_L4_SP10_P3_R01,142df10cc1ceddb376633c71fcacc4bbacbf5256dd0e8e6ce20b38e703ab8044,31a85cf10323dcb0ff906b98f8f0dab39e853ab81d2695b1979df50869258a07,1,22240f4d5ac086d09899e86e7aa538a91e8487de592360ab63c28feda1cced24,1.77635683940025e-15,7.6282447
425,MC1_K2_N1_L4_SP14_P3_R01,2c4050a154a1d97eeef4cbf9655490209d2d560e4e83a3737c760b1274d49727,31a85cf10323dcb0ff906b98f8f0dab39e853ab81d2695b1979df50869258a07,1,1665a91fc6c047b7809347516048b9dd9cf6a715024c2105501de38f901976ad,0,7.315442
426,MC1_K2_N1_L4_SP18_P3_R01,ca36b65742b11de432c55bc235617dfeb82eace622f639440dc891e66991da7f,31a85cf10323dcb0ff906b98f8f0dab39e853ab81d2695b1979df50869258a07,1,48777434fec042cfd3330794fe336cc3644897b9fd167d86c2d04d3776a88f1c,0,7.4694477
427,MC1_K2_N1_L4_SP22_P3_R01,19798ccc91c03d005e57ead52034b22e22d651c380a22fab5ddea4540a26d35c,31a85cf10323dcb0ff906b98f8f0dab39e853ab81d2695b1979df50869258a07,1,8df17b0b5463e6f8dad0719d4225887cf7bb80b7d261ff70714eb9464a92a7c4,0,7.4870269
428,MC1_K2_N1_L4_SM6_P3_R02,3629ab1fb9c0870b6628b73ffeb65b689f8f657e795a511c80f7a8fd6c327a4c,31a85cf10323dcb0ff906b98f8f0dab39e853ab81d2695b1979df50869258a07,1,520b4415c5ad206d720afbb92397ed73017eb96aca75dc3a9df3d25290631da0,8.88178419700125e-16,7.4634038
429,MC1_K2_N1_L4_SP0_P3_R02,b26c3ddf23c798ae5ed53d4987bb59e22f6e6e1a2d10046fc2d4a2c2a7d68310,31a85cf10323dcb0ff906b98f8f0dab39e853ab81d2695b1979df50869258a07,1,842683240bff6441b25723d9ada0029ac7e296e5dd95a7c43eae3b0d61d1ca09,4.82163733276644e-16,7.9664107
430,MC1_K2_N1_L4_SP6_P3_R02,e6e88c2acc2ea818ca7b8181357feb225ab5aa2555493c3215b4d576d4c7d56d,31a85cf10323dcb0ff906b98f8f0dab39e853ab81d2695b1979df50869258a07,1,4df715835f5fc7e5b93123d3bb26070bfa8e1273e1a312dfca5585d0ea31c303,1.77635683940025e-15,7.4143983
431,MC1_K2_N1_L4_SP10_P3_R02,ad27907d11af3e18997a1d165385c1fdbb23387e1879fb547ba88046bf95c0c2,31a85cf10323dcb0ff906b98f8f0dab39e853ab81d2695b1979df50869258a07,1,d7b0aa766d2f2c02aff2aed7f8bc2db5f93a56f0432f53455e3807940e979c87,1.77635683940025e-15,7.3998538
432,MC1_K2_N1_L4_SP14_P3_R02,108cddca2462838dfecba94ddd9bf1ecab54aa28004d0278ef386e4cc53d5c39,31a85cf10323dcb0ff906b98f8f0dab39e853ab81d2695b1979df50869258a07,1,254f975202b0a617abef46a5c80b3e6a824947786fc49da8d4bc54cf27ea8e3c,3.5527136788005e-15,7.4361653
433,MC1_K2_N1_L4_SP18_P3_R02,9848245cdca35b75d89c8d0cc7896ae404cdeb3c6d583ee62c452b04f6839bb4,31a85cf10323dcb0ff906b98f8f0dab39e853ab81d2695b1979df50869258a07,1,c0b40a94a7a270a1904095964ac7c807847bc4b05de7607ad12947cc940e6639,0,7.5724565
434,MC1_K2_N1_L4_SP22_P3_R02,146d2eebc42b4238ef0e46bd4bdd5c4a7634db6666ae7b2db43a1a0ecad45fcf,31a85cf10323dcb0ff906b98f8f0dab39e853ab81d2695b1979df50869258a07,1,fcc765b5ebd610383c90d0de5c8369ed47f4c2e1b1d089be7333e72d6fa48ff3,0,7.3634002
435,MC1_K2_N1_L4_SM6_P3_R03,3b2f13a0cc2529c10f7a4a1b63fe0519a3fb82a6dad49b8800e6945c28b6c0e9,31a85cf10323dcb0ff906b98f8f0dab39e853ab81d2695b1979df50869258a07,1,82c5c77c34d07c3974ef6049573d7f3aaeeb05745aa2571add98757fc7d572f9,8.88178419700125e-16,7.5601585
436,MC1_K2_N1_L4_SP0_P3_R03,ca56d840fdae053d11691aa727c1a57f6eeb7321d9a5a3f2116bef862fd2b8be,31a85cf10323dcb0ff906b98f8f0dab39e853ab81d2695b1979df50869258a07,1,457d4df1faa90949f70b70cdb95c8b2b613f9a458a40f2bc2bca6630709f37c6,3.37514613293651e-15,7.3554802
437,MC1_K2_N1_L4_SP6_P3_R03,42026ccc2833eb6e11f31a49fed1a3ce24dd14f254850eb28804d996e5a74c79,31a85cf10323dcb0ff906b98f8f0dab39e853ab81d2695b1979df50869258a07,1,f1f809cd88c19c81d6ad87de8ed857c2c163d84bdd53036b4dd36e60003a6fa1,3.5527136788005e-15,7.407991
438,MC1_K2_N1_L4_SP10_P3_R03,536b0345f86fce8ed6fbec027c726694b365e5f8a5fa53f26d89b131aface4cb,31a85cf10323dcb0ff906b98f8f0dab39e853ab81d2695b1979df50869258a07,1,d6f6470b01112d6a4038cba236c771ff2e9775622e30d1209142fd6d697864b0,3.5527136788005e-15,7.3643194
439,MC1_K2_N1_L4_SP14_P3_R03,1bc99c0089c0eb4981618a6df64af4a4247b212bb3425a959f59b70131c045af,31a85cf10323dcb0ff906b98f8f0dab39e853ab81d2695b1979df50869258a07,1,2fedabfaf8b38d12bc65b36bf7dbfaed1412d9180ff1c94f7e12f932c93f06de,3.5527136788005e-15,7.4218676
440,MC1_K2_N1_L4_SP18_P3_R03,f5d7429b8a86cff15c9a3b61b3153c45bddb5801ac96eb8687b3e0fabe3d84b4,31a85cf10323dcb0ff906b98f8f0dab39e853ab81d2695b1979df50869258a07,1,b7cd519de407d91af4f461567a22b78fe65861481146cc32f0289dfe20547b16,0,7.3613318
441,MC1_K2_N1_L4_SP22_P3_R03,647a431b7460390d9187957870993b227152db2672e3c8eeeb097f846a9c067b,31a85cf10323dcb0ff906b98f8f0dab39e853ab81d2695b1979df50869258a07,1,a30a3d0fb8d7f34e220fbaa6e33f17755c5b95896086713d72087faa74c28d15,0,7.3555504
442,MC1_K2_N1_L4_SM6_P3_R04,6f0f9149e4d11d261bb555a7802f319a4ab6f0a396f0d3451350da131dde0a7e,31a85cf10323dcb0ff906b98f8f0dab39e853ab81d2695b1979df50869258a07,1,182ea122b7a8f9738e0487ad248bae2d5ebf4cd89b5f2714c4e6e5087c06ccfd,2.66453525910038e-15,7.3320426
443,MC1_K2_N1_L4_SP0_P3_R04,a2a03241e148ff8f9944fd487181528322ef34ecd124a4d2bd1be399f90e0f51,31a85cf10323dcb0ff906b98f8f0dab39e853ab81d2695b1979df50869258a07,1,4c79e6367340f211d688c50c05c7377a1f522d4409ce3cbd0359233c0da45a79,4.82163733276644e-16,7.3554522
444,MC1_K2_N1_L4_SP6_P3_R04,56800b446d8faeb0e17dd0eff6b7b0a8babb08f468196c30a5cc65532c280c7e,31a85cf10323dcb0ff906b98f8f0dab39e853ab81d2695b1979df50869258a07,1,f4d5e29c69c84ee4e2633a62cd47cc057a48f69246132b37308aede3be8272e4,1.77635683940025e-15,7.3111697
445,MC1_K2_N1_L4_SP10_P3_R04,5e89af73492a94e350bb18dfdea8592efea877132d5d3e39c9c7192833fc0462,31a85cf10323dcb0ff906b98f8f0dab39e853ab81d2695b1979df50869258a07,1,44532d99fba025f5732c56df5a3a2cf1d80c555106534bdf8f7c469ba38b3208,0,7.3876693
446,MC1_K2_N1_L4_SP14_P3_R04,278ae00acaf9250b4c1683f9192c6f6297efb369f142e8bc3133f6b690724ea5,31a85cf10323dcb0ff906b98f8f0dab39e853ab81d2695b1979df50869258a07,1,ca6ca108989f0812b57a9f4ff12956b81d7cac3213daedb097ff9101279a298a,0,7.1314506
447,MC1_K2_N1_L4_SP18_P3_R04,55c5e346457d5dd73d84309f2f43084e45f9d38c382bc9bd0a68b7a82024b2b0,31a85cf10323dcb0ff906b98f8f0dab39e853ab81d2695b1979df50869258a07,1,61be91af99ea836ca88d749b73830a27dfcca16844682cb41c443745063fc85c,3.5527136788005e-15,7.1242227
448,MC1_K2_N1_L4_SP22_P3_R04,4fffab308b1453ce8d9041d8ffaa2f27e71cb5e2d9856657f524712ed63b7936,31a85cf10323dcb0ff906b98f8f0dab39e853ab81d2695b1979df50869258a07,1,4c9928d0f74b5149ccc87de1fde51291206da463aab247b002e52654a2e815f1,0,7.1166818
449,MC1_K2_N1_L4_SM6_P3_R05,e0a8acdd6fb41dd63f3664488c83e445997d1513b983ad424d5e8f489eca50e6,31a85cf10323dcb0ff906b98f8f0dab39e853ab81d2695b1979df50869258a07,1,4ee257857b04f6ce978d79e11faa547e46df8e1b24407714d4563f1c23ad2795,1.77635683940025e-15,7.145183
450,MC1_K2_N1_L4_SP0_P3_R05,e3b154c1f631b457159499313741b79e23a47cc7f3794de9bf5ffc9cc65f7466,31a85cf10323dcb0ff906b98f8f0dab39e853ab81d2695b1979df50869258a07,1,deff94c6292e50aa503b70f858a6cf23815398bef167f9732e5e81a622b4fc5c,2.41081866638322e-15,7.1163677
451,MC1_K2_N1_L4_SP6_P3_R05,dd25862226e5d7fa8df9db128a405a3e29132b2c04fabd26645ee8961690e743,31a85cf10323dcb0ff906b98f8f0dab39e853ab81d2695b1979df50869258a07,1,f19fa7ec0c8ba359b7bc97daf9ceca3dbebc7d700d013442dd074c5a9ffb531a,1.77635683940025e-15,7.1110836
452,MC1_K2_N1_L4_SP10_P3_R05,a0f96d31437a307c7a6c5eb2948e20058cf030601bacb2a5f3e60ab4a3436667,31a85cf10323dcb0ff906b98f8f0dab39e853ab81d2695b1979df50869258a07,1,191181d66346955121306a57cfd74d3dbf9695290a49b312a952d503bb1a9e10,3.5527136788005e-15,7.1585707
453,MC1_K2_N1_L4_SP14_P3_R05,3daaaf60ee760dee038ade0b9edcc8a1899a3d05bc42a88e0554e13afad03e35,31a85cf10323dcb0ff906b98f8f0dab39e853ab81d2695b1979df50869258a07,1,77ce3ec2307624b7c192612f12d6ca8b0d9c0c2c70d14452c1379d7b3e82a2da,0,7.138324
454,MC1_K2_N1_L4_SP18_P3_R05,d7963288c7991f11480ac32b7d0b8d5bb7fcb07271ac7bc4aaf113448674cec6,31a85cf10323dcb0ff906b98f8f0dab39e853ab81d2695b1979df50869258a07,1,ea9ad5ce955df573952dfbafc1d7a76b65cf7b4572ed9d93e809bed8207c635f,0,7.4580397
455,MC1_K2_N1_L4_SP22_P3_R05,ce58ae87c9f71569d4bd87a9be2254fa194f79f0022ad4ab2907e8215759e584,31a85cf10323dcb0ff906b98f8f0dab39e853ab81d2695b1979df50869258a07,1,09c0f64ea016f2454a4eca07d1d1f25d7662877daa660b2df896d4ce723ef4f8,0,7.2256954
456,MC1_K2_N1_L4_SM6_P3_R06,64ecfe164d1f1563634123f79a71e16d10802d04661e920b16d5d7d13fb7bf35,31a85cf10323dcb0ff906b98f8f0dab39e853ab81d2695b1979df50869258a07,1,a7043f6202888dbeb225c7d9aa125d26fd36d1eaa85c447dcd574d88c88a8dd9,1.77635683940025e-15,7.2543447
457,MC1_K2_N1_L4_SP0_P3_R06,6a7d8690f440e721384cf7575bad9c9ad7f7c6605c57e1db78256b7fc0ae93c6,31a85cf10323dcb0ff906b98f8f0dab39e853ab81d2695b1979df50869258a07,1,b3a511f49948d6a8d3ff2b1eb790b8edc974e7f07434598f98a111e62dafc666,4.82163733276644e-16,7.2971117
458,MC1_K2_N1_L4_SP6_P3_R06,863d4f4568c3590dc05431e7f04bfda5294aa8eda285e166da9a72ad051b13ac,31a85cf10323dcb0ff906b98f8f0dab39e853ab81d2695b1979df50869258a07,1,18e1db1ca64d54ef06d32ba96d8dae5f6c0d59230c5351581e0b6e4e81bb4fe9,8.88178419700125e-16,7.1230699
459,MC1_K2_N1_L4_SP10_P3_R06,34af4a3b5cc3fdd89fb1c0d4aa28aca4c43c8c96cf6842f87a77c996e15b86fc,31a85cf10323dcb0ff906b98f8f0dab39e853ab81d2695b1979df50869258a07,1,70a4df4b69f5527d48817009ddabecac09a7587fc3ed32060339551a6b549196,1.77635683940025e-15,7.0124185
460,MC1_K2_N1_L4_SP14_P3_R06,ab93020e6fd5e5c3b575529060c08ee743f34ca3abca67e9f6d9029b374cf868,31a85cf10323dcb0ff906b98f8f0dab39e853ab81d2695b1979df50869258a07,1,b7199317fcdd8b47e6e32a03beeeb02137583197a8e6aca7beac7bd25344ffb1,3.5527136788005e-15,7.023013
461,MC1_K2_N1_L4_SP18_P3_R06,aa39a45e2539b1946238d385fc55bbd413835b2b736510839923a7fc95234dbc,31a85cf10323dcb0ff906b98f8f0dab39e853ab81d2695b1979df50869258a07,1,95eda856de8e63b9a6b40713beac890568a97d62a04415cbb113f24896de0369,0,7.0344266
462,MC1_K2_N1_L4_SP22_P3_R06,1060e1c6d4642f29937120c568cd975a98119b8fc56c7998a270761f027d88a9,31a85cf10323dcb0ff906b98f8f0dab39e853ab81d2695b1979df50869258a07,1,a4840a7363911a630bcb151c8c9c49a18f2ba26a3ae6b6616c2df551a3d2c79a,0,7.0610085
463,MC1_K2_N1_L4_SM6_P3_R07,218be89535d6ba47e3b5efb7b4adb540af4c10f1cb263fbd560112fbeba73dbf,31a85cf10323dcb0ff906b98f8f0dab39e853ab81d2695b1979df50869258a07,1,0aee29fb8b5630433554abe6b437927fccbb21726c0a5dca11bb7010f0453175,8.88178419700125e-16,7.0070952
464,MC1_K2_N1_L4_SP0_P3_R07,9dd54dce7bcf9583267821da4a35719f17412802099fb4cd9e959c5f3c8e4650,31a85cf10323dcb0ff906b98f8f0dab39e853ab81d2695b1979df50869258a07,1,b14d85050c3e991b5fa1b11e0aeab01aeb3e3acd9dcb7ea01830978515fe6eae,1.44649119982993e-15,7.0370845
465,MC1_K2_N1_L4_SP6_P3_R07,5ea08b7ab2936b78bb2cd17b956ef1e91c60b0bf5461b6f33776581a0cb89812,31a85cf10323dcb0ff906b98f8f0dab39e853ab81d2695b1979df50869258a07,1,949908ec5fb4a47b960f49f57e2d9c66f2762a7967892d335413bf53a8a9278e,1.77635683940025e-15,7.0021468
466,MC1_K2_N1_L4_SP10_P3_R07,216b978d97db1c14a2b2a5161744e51daf41775cb95d80ea7bd9a2602eb66e26,31a85cf10323dcb0ff906b98f8f0dab39e853ab81d2695b1979df50869258a07,1,af457636ca9592cbb35bca0e1a4aa8c1d98648df6973b0ed4f1701115fa3be21,1.77635683940025e-15,7.0286015
467,MC1_K2_N1_L4_SP14_P3_R07,bc9cb224a46e3c365ae7ed1b109d8b6822aa5c863ab072461213239f1f32cefa,31a85cf10323dcb0ff906b98f8f0dab39e853ab81d2695b1979df50869258a07,1,34223b9ac6177f6e1e157824dd3c0d8fd9dbf0fda7e1a1105b690291100a4fd2,1.77635683940025e-15,7.0012878
468,MC1_K2_N1_L4_SP18_P3_R07,a1489de89e43cc007b62c961daa37f3d3a603ae242e5cfbfaf45362d3677214a,31a85cf10323dcb0ff906b98f8f0dab39e853ab81d2695b1979df50869258a07,1,756008c73dd3a6b7252dd0e9ecd2e19dddfac7e5586a63decbcd6f63f6e56d96,0,9.2810747
469,MC1_K2_N1_L4_SP22_P3_R07,9809bdc0655d8b2e2693565950c05e7bb34faf8909ede73475f0b91081881889,31a85cf10323dcb0ff906b98f8f0dab39e853ab81d2695b1979df50869258a07,1,064234f82f612685b204b88f5451433f1491760134b0f9adbe451111905279fb,0,8.7955172
470,MC1_K2_N1_L4_SM6_P3_R08,bb7927b5fcd91bf9a22eb0c23dadfe15520a72ebdb1db1552faadeb4005622f2,31a85cf10323dcb0ff906b98f8f0dab39e853ab81d2695b1979df50869258a07,1,a71f9d3523e89aef6996391d2696fa42d7b5c6a4ff7213b9dd4a2bc073eca43b,8.88178419700125e-16,6.9811207
471,MC1_K2_N1_L4_SP0_P3_R08,bebaac71ee0869149294f1c46e0920a3fc950dd5c13a3f7e459a7717ec37ed1b,31a85cf10323dcb0ff906b98f8f0dab39e853ab81d2695b1979df50869258a07,1,f340ade94ae0bf0b184dcef7d22348da2e0b12d98eb13f57eaaf315a36b19921,1.44649119982993e-15,6.9935044
472,MC1_K2_N1_L4_SP6_P3_R08,49d73a3a4463ba5a7d385ac955664a013f1bec41eacb6ebb0e9b0fa82b54c037,31a85cf10323dcb0ff906b98f8f0dab39e853ab81d2695b1979df50869258a07,1,e32a8ac80a71bf1ab7690c098908bed6a9fb3a5c7b8f135f0f4a16457098e3c0,1.77635683940025e-15,6.9711567
473,MC1_K2_N1_L4_SP10_P3_R08,f2b9b7f851e38c022d551d2d2851fc12fff81eff9b67b9e012509947e58d081d,31a85cf10323dcb0ff906b98f8f0dab39e853ab81d2695b1979df50869258a07,1,65afd911849dad1c98835ceb92431e24be375090c648cf053dfaef1ac0d8feb0,3.5527136788005e-15,6.984216
474,MC1_K2_N1_L4_SP14_P3_R08,01ad56bd3157c6f14202435b3f0194e3c9d6f2d60e77dc6c71597c1849099671,31a85cf10323dcb0ff906b98f8f0dab39e853ab81d2695b1979df50869258a07,1,e563a0a9101f79c6f51d201c2e85a0c61fa9dbef34f8c48c0ce0347908a422f1,3.5527136788005e-15,7.0038331
475,MC1_K2_N1_L4_SP18_P3_R08,cae5deb8ebad0fd3df5db8c9be8638d78a72e2d2c361b85fbee9a5fcc182a153,31a85cf10323dcb0ff906b98f8f0dab39e853ab81d2695b1979df50869258a07,1,2ebf775a3177cd57008004978953b0b8790da1333c6dd06ee204228900b1f1eb,0,7.0062375
476,MC1_K2_N1_L4_SP22_P3_R08,5485b29dcf6e954b30094eb3b3d236f95ac9df99f515f56373eb6339e99f4349,31a85cf10323dcb0ff906b98f8f0dab39e853ab81d2695b1979df50869258a07,1,44f0393e0ef2c531ff2aace8694cf283ddf5755eb7fb754472405d51701798e9,3.5527136788005e-15,6.9746989
477,MC1_K2_N1_L4_SM6_P3_R09,b12e810ba2d93ef37145ec70a1034aa5c084a290b7a957f410906a03f237f01b,31a85cf10323dcb0ff906b98f8f0dab39e853ab81d2695b1979df50869258a07,1,8207ae84abe02fb18189da4a6075716eb09d0771523ac8b074e445d8833b4cb3,8.88178419700125e-16,6.9652403
478,MC1_K2_N1_L4_SP0_P3_R09,a2c8a6c6d62881154d79016d799e4d89e5855298f848f7a0b94424862aea1837,31a85cf10323dcb0ff906b98f8f0dab39e853ab81d2695b1979df50869258a07,1,3e7514c8be5e69277dabf0fe5454cf09eab9a25f957a0a8282eaa3ed0ddf0258,9.64327466553287e-16,7.0023368
479,MC1_K2_N1_L4_SP6_P3_R09,43835507024c224a9bfefcfd92364ab60a9364558bb996d2fac85a13d0befc34,31a85cf10323dcb0ff906b98f8f0dab39e853ab81d2695b1979df50869258a07,1,c20989fefa62cf686e77028ba37edf8176f1917165ffe2cb271989566ca27e63,1.77635683940025e-15,6.9823412
480,MC1_K2_N1_L4_SP10_P3_R09,a8a1d7908a0831d1a65bf7afdd0ce9ac477eee6f79089b8a9cbb5e936a1ecf15,31a85cf10323dcb0ff906b98f8f0dab39e853ab81d2695b1979df50869258a07,1,79eeac20a9eabe05025ab2375fa5894e7ac7f6473fa76e35afb4761ca63aa68d,0,6.9716114
481,MC1_K2_N1_L4_SP14_P3_R09,d67b22cd3c8a2ed01c8575c12b45ab7fb1bb19e3273b6481a5b828db714695fb,31a85cf10323dcb0ff906b98f8f0dab39e853ab81d2695b1979df50869258a07,1,f5448f0677c797c33cb6c66665029a3eca6b9e0390a4c7627de5e2f9bae0d1e0,3.5527136788005e-15,6.9787268
482,MC1_K2_N1_L4_SP18_P3_R09,2c0b73fc47a327bea6b9972af47c686ae545a8c4bc9af11eb7b6d69ee3e6ae4e,31a85cf10323dcb0ff906b98f8f0dab39e853ab81d2695b1979df50869258a07,1,528b5fd919bc56c51fabe24d5b9285673e25cfde19cc3f8fe2826668a2d8ba54,3.5527136788005e-15,6.9926294
483,MC1_K2_N1_L4_SP22_P3_R09,7fd8d13e1e6b7c5dd24e0d703bb978d796f865c5d960abf4a7a95e8bd34075c5,31a85cf10323dcb0ff906b98f8f0dab39e853ab81d2695b1979df50869258a07,1,81ad88c9900bbe4d0e8dcca9236ca47a66cb4873ba8b2db9f85678bdb0e3cc2f,7.105427357601e-15,7.0094567
484,MC1_K2_N1_L4_SM6_P3_R10,cf3e83eae1a360fe793f505e5be6be50450f5fcde350fe7b8e8baa67c192384e,31a85cf10323dcb0ff906b98f8f0dab39e853ab81d2695b1979df50869258a07,1,f0af96ec3c4aebb8483bd11e4f8e4a81928ccfd2e6c072d059c78c96d54acccb,1.77635683940025e-15,6.953059
485,MC1_K2_N1_L4_SP0_P3_R10,22d45ab6f047d888ac8b46fbbe4f95abc9f7d627964e4ceb2f96a17c3eef3049,31a85cf10323dcb0ff906b98f8f0dab39e853ab81d2695b1979df50869258a07,1,9ab1faf46e6f88bee6162d3335206bf98fbdb72e3f0d3e0e19a6cf11e9e78278,4.82163733276644e-16,6.9826918
486,MC1_K2_N1_L4_SP6_P3_R10,9641c8f32d687ef0c8b48fab09f0a404d3b06415faa3ac7df311ddb26e65c5d6,31a85cf10323dcb0ff906b98f8f0dab39e853ab81d2695b1979df50869258a07,1,7b34b4fdb41c997aad83db67b9c8a93855ba1f2f9bd28e6339e9d252d8b10946,8.88178419700125e-16,6.9897586
487,MC1_K2_N1_L4_SP10_P3_R10,a4eb540736ab5b7b968fb6d8f7a96aa99381dd2fa64ccef6d1db9503263be3d0,31a85cf10323dcb0ff906b98f8f0dab39e853ab81d2695b1979df50869258a07,1,0fa83a7e003ac4a465770c113b3ca20d4ff57c597ff56ecb178c911ce37ff824,1.77635683940025e-15,6.9726007
488,MC1_K2_N1_L4_SP14_P3_R10,00c12db64e2f51ad9f2867eb9e55d7012d82b26424e5da9c4aa2e578c41bb2e5,31a85cf10323dcb0ff906b98f8f0dab39e853ab81d2695b1979df50869258a07,1,080a1ff59decd90640298dda0401821cd6bd5025806e09c7d92832c83eadb8e1,0,6.9476977
489,MC1_K2_N1_L4_SP18_P3_R10,47c6d241529d4a90098fab0af13e86897d972c0d88819ec2582cf0f1f3ec67a1,31a85cf10323dcb0ff906b98f8f0dab39e853ab81d2695b1979df50869258a07,1,e0fd729db9984785fb5ea48d4f17a8ea395462a18c4748b159b617c32dfe77fd,0,6.9854855
490,MC1_K2_N1_L4_SP22_P3_R10,f4360b77404cb6865bf6daff2b2e9771933a100394c3137c153d170c4eac24d8,31a85cf10323dcb0ff906b98f8f0dab39e853ab81d2695b1979df50869258a07,1,85d720476e2fd018f1649e78d9c2c9264e5012862eb4172c00550063f9241494,0,7.1714852
491,MC1_K2_N1_L4_SM6_P4_R01,bbd0a897645b5cba6aae235d95c8d42c72c91590a4a21809d861377ddcfb745d,31a85cf10323dcb0ff906b98f8f0dab39e853ab81d2695b1979df50869258a07,1,2d566eb6dea75d5055b4451f7e403bda8765742acfdf58ac7d57f4c3afa57005,2.66453525910038e-15,6.988891
492,MC1_K2_N1_L4_SP0_P4_R01,fb81905a25fc693e8b83f64bb08f9b5730ae9f23b929625bd8e138a686e43cc1,31a85cf10323dcb0ff906b98f8f0dab39e853ab81d2695b1979df50869258a07,1,0c7452fa4e3b6fc63b9a18a57021c0a7bcd7ffd18f3aa933a9bc397a8b23731a,9.64327466553287e-16,6.9762988
493,MC1_K2_N1_L4_SP6_P4_R01,e910251b1fb920939d85631e67295574909897962d35add6eeef06594c54fd58,31a85cf10323dcb0ff906b98f8f0dab39e853ab81d2695b1979df50869258a07,1,a245449b0ba666d1274c2117a720f7304c8c65f5865bee725f70d33ed270ee8d,8.88178419700125e-16,6.9649929
494,MC1_K2_N1_L4_SP10_P4_R01,408642dc671c22a01f0793a12fe605d31c076f17c3e0d3ca1f4ca03bf62a50d5,31a85cf10323dcb0ff906b98f8f0dab39e853ab81d2695b1979df50869258a07,1,0d0fc70a9b7f89a9b5302058a46a7b179fc1569be8c86a821dec816a2405ca4e,1.77635683940025e-15,6.9972855
495,MC1_K2_N1_L4_SP14_P4_R01,395a707a1902269d70ef9b75bd0c92a2ade2db1eb91ad4bdc8a901fc16e88d5e,31a85cf10323dcb0ff906b98f8f0dab39e853ab81d2695b1979df50869258a07,1,8382fc932752a5c18f74102689e576fa885ae81e854e629fe1f4e833fb539443,1.77635683940025e-15,7.0118837
496,MC1_K2_N1_L4_SP18_P4_R01,79dce84e524c707dd384b0039d49680eb8028eab31e4b0797effb96c0ea5c937,31a85cf10323dcb0ff906b98f8f0dab39e853ab81d2695b1979df50869258a07,1,12283f08e8a8d2d41c448a3bddac2c1f20d05a4ec190115a9d0475e2067e50a6,0,6.9500904
497,MC1_K2_N1_L4_SP22_P4_R01,a471d2e38fd51c912a7046de9ddfb729b36b0b38170f5ea873c40c0beffe7682,31a85cf10323dcb0ff906b98f8f0dab39e853ab81d2695b1979df50869258a07,1,c0733a2ba72093e71b7152958756d3bbbe2234110a8021c87139bed25fc25d83,0,6.975407
498,MC1_K2_N1_L4_SM6_P4_R02,7a84d700ef999c748fb5b0f3a4ce62392f1fc44639592101a2f0b3a44e90f82d,31a85cf10323dcb0ff906b98f8f0dab39e853ab81d2695b1979df50869258a07,1,09d9ec7f9ce7ef8d39b2132b2eedda9f06ab43bd628f276e21dccc0b342d8954,8.88178419700125e-16,6.983259
499,MC1_K2_N1_L4_SP0_P4_R02,d4938b1c80e252359a97e5afbc3fb87636d6449eb56358739107a87cc6323ff8,31a85cf10323dcb0ff906b98f8f0dab39e853ab81d2695b1979df50869258a07,1,2b89290eecfd15c6feaf8199e09859900ffcf1362b16d52685db7143cee26e39,9.64327466553287e-16,6.9621215
500,MC1_K2_N1_L4_SP6_P4_R02,6c4bafb46ae71e72a27e98dfcf0d1ccb4c7df2948d7586a5c06ff248446d0d44,31a85cf10323dcb0ff906b98f8f0dab39e853ab81d2695b1979df50869258a07,1,a0ad770bebe36d3fbe7bca1419e30fa15c1486d3ea73622b987112ba341fb8c3,1.77635683940025e-15,6.9868763
501,MC1_K2_N1_L4_SP10_P4_R02,c703f39b9188aeeae1215ec6cdb3ebde6c506972c11e3a50fc309404faff0984,31a85cf10323dcb0ff906b98f8f0dab39e853ab81d2695b1979df50869258a07,1,237a13acea7605d27a5b1b2b10334d0adade1aa57d6ff46644fc0945b17faaa1,1.77635683940025e-15,6.9909163
502,MC1_K2_N1_L4_SP14_P4_R02,2e20e8f053a748f7dd2ff13c647bb886a1c2f38f7f9af19ed57a577eae8c266c,31a85cf10323dcb0ff906b98f8f0dab39e853ab81d2695b1979df50869258a07,1,a2c03969a868bedbd3d25fb71eb60d206815556d65b2857e0ad0e677a4277123,0,6.9795113
503,MC1_K2_N1_L4_SP18_P4_R02,e31e8148aa7f9f6eb0ed6fc6cfdafd67bdf7eac5cc8e2e9f2c1518a4f8754998,31a85cf10323dcb0ff906b98f8f0dab39e853ab81d2695b1979df50869258a07,1,c8de0c61a947ff5b8f1350203f0155aa592bece598f8fc338faa6edbfe1b6712,0,6.9761523
504,MC1_K2_N1_L4_SP22_P4_R02,f3a4019d2a4d943fffed197f9d1dabc39cade863ad872414ee7e9435cf7e5484,31a85cf10323dcb0ff906b98f8f0dab39e853ab81d2695b1979df50869258a07,1,7fdcdf6df83aaa68763ec17dc3d24c34e26d40b16adf2fb00acb54fba0c0ddac,0,6.9653697
505,MC1_K2_N1_L4_SM6_P4_R03,77e96ec71709cbcc9d86ad79d772674e358d55459dbc5631c524300467905132,31a85cf10323dcb0ff906b98f8f0dab39e853ab81d2695b1979df50869258a07,1,cb1a6a2619d2fff005afc884d53afeb4403ec5afafa310346ed6f6e019f66201,8.88178419700125e-16,8.3166463
506,MC1_K2_N1_L4_SP0_P4_R03,35c7a262c30a0b7f3d3dfbc0ec5d26b9e8fd8a5c6755c6e1532c4a02c9e1f3b2,31a85cf10323dcb0ff906b98f8f0dab39e853ab81d2695b1979df50869258a07,1,02908dbacd4b69eaf4e281564daf2b49a803296c13b4d9956fbf8d990b27a5e9,9.64327466553287e-16,6.9693415
507,MC1_K2_N1_L4_SP6_P4_R03,ae2fbab27350f7ad3684ddbef42e524444adf8b3624a229a8c2de370c3aa52c2,31a85cf10323dcb0ff906b98f8f0dab39e853ab81d2695b1979df50869258a07,1,eefa95c56e71217f4b53c9cfe0919c1fb21627b5950532c5bc5175cc611d041f,1.77635683940025e-15,6.9460492
508,MC1_K2_N1_L4_SP10_P4_R03,c102e2f70ac789ace5c76e2149aba251b3bb65c1d9caa554f16c1e67c5b83a23,31a85cf10323dcb0ff906b98f8f0dab39e853ab81d2695b1979df50869258a07,1,828219f26078b0b20416c39d88363c88eebe7ed5236a5c2f17aaa7bd688a3329,0,6.9527298
509,MC1_K2_N1_L4_SP14_P4_R03,452198bdf1f08be47baacc00e569706ad40233c65b82b0a2703268c0a6c90515,31a85cf10323dcb0ff906b98f8f0dab39e853ab81d2695b1979df50869258a07,1,50d69ef3fe3d6f8c73ecb70e9bb7070fab6806f4fd75603754a52fb3fe66c95b,1.77635683940025e-15,6.983895
510,MC1_K2_N1_L4_SP18_P4_R03,67a03ea3567b9b35087b6e86334a6a70a67f12641973985a51d75b4a76484d6d,31a85cf10323dcb0ff906b98f8f0dab39e853ab81d2695b1979df50869258a07,1,8a987a13d9cc14719ce8e17bbf8c61a755f5aae4160268051103aa324eed6c04,0,6.9658856
511,MC1_K2_N1_L4_SP22_P4_R03,85c5e704741a718bccc54ff708c8ac6b9361a54d8a896baab83a6abebf96c340,31a85cf10323dcb0ff906b98f8f0dab39e853ab81d2695b1979df50869258a07,1,7cb548774c7b16af750940d2b0e4478d170199a8b5c4f2ec897e97f40badb4f5,0,6.9986335
512,MC1_K2_N1_L4_SM6_P4_R04,e067d22c85a77692ee0eccce2f6d4945693cbf36a5a0aef36026a08b4b4045b8,31a85cf10323dcb0ff906b98f8f0dab39e853ab81d2695b1979df50869258a07,1,a8d0ed118074a10c43dedee9b3c8849ce3fd56d587068fe629331735a70431ae,8.88178419700125e-16,6.9550625
513,MC1_K2_N1_L4_SP0_P4_R04,4ce6c76ac6af140fa5c47611d07f4717a9bc8b83e070c9d3c87f678b1358bcbb,31a85cf10323dcb0ff906b98f8f0dab39e853ab81d2695b1979df50869258a07,1,203144c222bcfa533079307e2d86f2b139234f6521a3a3ca8b92a1a8dee686c3,2.41081866638322e-15,6.9784364
514,MC1_K2_N1_L4_SP6_P4_R04,cf2819b17ed950704d1c6ef0a8c08ca6b6a26f1305218dda61297e681948245d,31a85cf10323dcb0ff906b98f8f0dab39e853ab81d2695b1979df50869258a07,1,4c24e4dcf2b849c4b033c60852947acde992aff632567f7297e79342ea594624,1.77635683940025e-15,6.9506012
515,MC1_K2_N1_L4_SP10_P4_R04,384b68e73e19b41ff3bb62871116f6e66475c45c2fa6182f1591d8fcf4b5eb52,31a85cf10323dcb0ff906b98f8f0dab39e853ab81d2695b1979df50869258a07,1,ef7476b33fb79fa0a589a8577325dd0ab9faa93ac4b74df3cd88ac2a694e8330,1.77635683940025e-15,7.2701951
516,MC1_K2_N1_L4_SP14_P4_R04,b73d9ce2bc2b261b8ce18bd647f2536b17d6dced711d3f3a100e9c95a7bdf679,31a85cf10323dcb0ff906b98f8f0dab39e853ab81d2695b1979df50869258a07,1,d1bbbd300f36dcc6280b4f759ed41fd281978a2e2dfbe35a9c650ff6dc606b9d,0,7.1902124
517,MC1_K2_N1_L4_SP18_P4_R04,796753f8cf1933fea49a5a40eb0781d8ed0f726747e1a7a75f674e33a033c169,31a85cf10323dcb0ff906b98f8f0dab39e853ab81d2695b1979df50869258a07,1,099b5641f55acba3764e974524f8509f0916555634a33f2dac48424c5bc5313d,0,7.2266412
518,MC1_K2_N1_L4_SP22_P4_R04,338afcb3bc9520a56227989aedffcee5a31f0233d590ec06aafbaea14e5a8674,31a85cf10323dcb0ff906b98f8f0dab39e853ab81d2695b1979df50869258a07,1,6488b24b566888437db26961911d3cb9362b25ae32e7a51c428c74bdb0ca7e5b,0,7.1978136
519,MC1_K2_N1_L4_SM6_P4_R05,543f80465063d725e7db0e2de05cfc064979abbec62abd92d3d63f33239b812c,31a85cf10323dcb0ff906b98f8f0dab39e853ab81d2695b1979df50869258a07,1,8e2b3c8bc3b8dfe9cc0506da7e232423f4cdc3f800e5b92314a535aec4be57e8,8.88178419700125e-16,7.2393948
520,MC1_K2_N1_L4_SP0_P4_R05,d8a3c728673c1e2fcb08683313d29429930786bf34736056f39c4452f7a3320a,31a85cf10323dcb0ff906b98f8f0dab39e853ab81d2695b1979df50869258a07,1,fa30dc3a57b7004772654aefda1fe011d43c056792d17d0e8bf2466ce511de62,9.64327466553287e-16,7.2009204
521,MC1_K2_N1_L4_SP6_P4_R05,57b3d93c355eafcbe33df73a1d8fc25c5463cd0e1ceb377486e9dc57bdac9af8,31a85cf10323dcb0ff906b98f8f0dab39e853ab81d2695b1979df50869258a07,1,973a102de3bf32d9ce30755fc94b9719a738c3cc33375784838a5db65b08fbdf,8.88178419700125e-16,7.2480811
522,MC1_K2_N1_L4_SP10_P4_R05,74680b6e06986ba4e6e7fd862659aef9f1040ea9fa890f2b8283e7de820f8719,31a85cf10323dcb0ff906b98f8f0dab39e853ab81d2695b1979df50869258a07,1,3acf7b446be0a4218abca3ffccb9d7434481f550905120431065267d34feb258,0,7.2101522
523,MC1_K2_N1_L4_SP14_P4_R05,63ccf4e461e636a33a468809e8137ba56b4e2e79420a6bf6ae1179439ac967ca,31a85cf10323dcb0ff906b98f8f0dab39e853ab81d2695b1979df50869258a07,1,60364f8e875b3d8f3da838b1959a25b912a40d7346b527d4d38794b8b1c37a71,0,7.1971083
524,MC1_K2_N1_L4_SP18_P4_R05,03c5e4c071af879c7504e9574196b3d3380d657e1f8bf2d83d1561bb86a8007f,31a85cf10323dcb0ff906b98f8f0dab39e853ab81d2695b1979df50869258a07,1,b28198210193caa99efc8fb3c006e58f129d6636ee6d984640c744a3c50ec910,0,7.0162595
525,MC1_K2_N1_L4_SP22_P4_R05,c95ca18118292f6ac146403655881e0f26a6a31da8101738ca62e73e5aa5484e,31a85cf10323dcb0ff906b98f8f0dab39e853ab81d2695b1979df50869258a07,1,eec1e238d212a8727685d35a8e518d3f4f9c3fb730359c310337abdd79a59e01,0,7.041163
526,MC1_K2_N1_L4_SM6_P4_R06,3fc748fc2c690580fed123d266523d88283ec0100464650eac6995f1eab6ee01,31a85cf10323dcb0ff906b98f8f0dab39e853ab81d2695b1979df50869258a07,1,e49c9230ac3243d9808ed2989b3e2bd4869b57e798900eed22d53fd8021c35cb,8.88178419700125e-16,6.9770331
527,MC1_K2_N1_L4_SP0_P4_R06,f02e972f8a1c6cbe379c86e0161b629176a8be33bf82a7d1636f59a325b1c372,31a85cf10323dcb0ff906b98f8f0dab39e853ab81d2695b1979df50869258a07,1,999731c5b3878d21c964efee28dc934cc0247dccecca1dcb062502dacc8af4c8,2.41081866638322e-15,6.9856455
528,MC1_K2_N1_L4_SP6_P4_R06,c90c4d6cd3c4085b4d46875ee8d25472e8000ac7855f7b6a3e31141e6fb414ba,31a85cf10323dcb0ff906b98f8f0dab39e853ab81d2695b1979df50869258a07,1,2b32f9c355ec975848c14eee36c4660b5410cbdc09d257260aa73c8d5708f412,8.88178419700125e-16,6.9563734
529,MC1_K2_N1_L4_SP10_P4_R06,21970c89b8bec881d05cc03875ac6337f08a1afc87a34e71f6739635d042e925,31a85cf10323dcb0ff906b98f8f0dab39e853ab81d2695b1979df50869258a07,1,67d88b9bc6b72d5a564621955d8747cc0a4e6d0906e2a014bcd3d0322c3db1e1,1.77635683940025e-15,7.0262151
530,MC1_K2_N1_L4_SP14_P4_R06,1459311ec86a727f298d699373503166fe4a58fc56601b8bc5e46665ef78b913,31a85cf10323dcb0ff906b98f8f0dab39e853ab81d2695b1979df50869258a07,1,137b98c23ffa6b1bfb5f2f6d3d8bdd8fd6bc6cb0851a53152912c384be9b4848,3.5527136788005e-15,6.9658121
531,MC1_K2_N1_L4_SP18_P4_R06,06d42a63736e93416cbccc39df315d7ecabf75310100f31d18bd27d187ae5d96,31a85cf10323dcb0ff906b98f8f0dab39e853ab81d2695b1979df50869258a07,1,599bf02fc4d78a6f2213246bf4c04489081824426b3f68c9c6e8ae53594162b2,0,6.970037
532,MC1_K2_N1_L4_SP22_P4_R06,350e24a27b1460a9a28ba96f05dfea3d9deaf48171e477c1ea8a691adfe99fc8,31a85cf10323dcb0ff906b98f8f0dab39e853ab81d2695b1979df50869258a07,1,6a91d1fef0d5cfb93f9fbd340350bb5d19fc61918567b2b027c542e0c0a1e286,0,6.9472205
533,MC1_K2_N1_L4_SM6_P4_R07,88e08a9476a25a6b6b183788692b0a6b4fb9cbbffa3c343b5f59c7ecae81e6c0,31a85cf10323dcb0ff906b98f8f0dab39e853ab81d2695b1979df50869258a07,1,9ce4d58c0b770bdc0cc3ee122c99e68cf3639c40573ec37f85322bd1d4295ef0,8.88178419700125e-16,7.0040872
534,MC1_K2_N1_L4_SP0_P4_R07,2061dfa6d686bf5addd42b78e33f27c76d1e3e1bc3cf56cbb2d482ee9e8c12f4,31a85cf10323dcb0ff906b98f8f0dab39e853ab81d2695b1979df50869258a07,1,ccc38a6b844ec7376aad4d3790b86c5d813d19b8e044ab6b0ee4261a4001ea9c,1.44649119982993e-15,6.9653349
535,MC1_K2_N1_L4_SP6_P4_R07,efc2a1f7d428db6029ab9150ff0cf2ba14e9455f2bf12a5ff837627b09dfba8b,31a85cf10323dcb0ff906b98f8f0dab39e853ab81d2695b1979df50869258a07,1,765039d57a1aaa6ff1a56754f32adc621630ffa4753923514dd4cfa825414ceb,3.5527136788005e-15,6.9755536
536,MC1_K2_N1_L4_SP10_P4_R07,89c5dbd1953111956c0f9dc32963c89158a683e00360797f673c02ff8735f07a,31a85cf10323dcb0ff906b98f8f0dab39e853ab81d2695b1979df50869258a07,1,90d7e68c5b21a889dc3b5a183c30e5b015d949f8af9e37a879a342777fd39f4e,1.77635683940025e-15,6.9591943
537,MC1_K2_N1_L4_SP14_P4_R07,69b26b94920c7f065b512285eacf1ee8517e47f5972881e106ba20b14387c329,31a85cf10323dcb0ff906b98f8f0dab39e853ab81d2695b1979df50869258a07,1,7fa416cb13fd30e1fc6fa7db1562796510ac3b2c6b0345299c1d12a86ebed2a9,5.32907051820075e-15,7.0262417
538,MC1_K2_N1_L4_SP18_P4_R07,c17e964ce76f6d80a7b2eeed368050b9a005089722cf7d3e62da3e01121b34fd,31a85cf10323dcb0ff906b98f8f0dab39e853ab81d2695b1979df50869258a07,1,4cf29b23d7df94b52c472e3067b222f5e402dd55ffd7f9736bb0ff095eb079f2,0,6.9723403
539,MC1_K2_N1_L4_SP22_P4_R07,5ccfd5df3d8f976eb5db912941530a86e74d062b1f43cc7dc4e00072b2672cbb,31a85cf10323dcb0ff906b98f8f0dab39e853ab81d2695b1979df50869258a07,1,7c307445bcb5bd7e5326c4205c6764902d3a2ced2e70841ef62533eaa8cc5856,0,6.9743861
540,MC1_K2_N1_L4_SM6_P4_R08,b5eb3cef006511d85ca1a624c4ac189e4a057fbd8e904b4f60f6915e6bf1b4e8,31a85cf10323dcb0ff906b98f8f0dab39e853ab81d2695b1979df50869258a07,1,652336368369bb757d07f5401fd4ed29a6ddaef55ea5549c49aed48517d73a33,8.88178419700125e-16,6.9675204
541,MC1_K2_N1_L4_SP0_P4_R08,ee2972850f33bce6067dc04f09b105b3f00468539b17d27d36136b839f0e30a8,31a85cf10323dcb0ff906b98f8f0dab39e853ab81d2695b1979df50869258a07,1,0a1cf304c2276df3afdd90b0f1ed9b8ec143f1a7f683a0ec293abc8d0fae608f,9.64327466553287e-16,7.0016041
542,MC1_K2_N1_L4_SP6_P4_R08,ea8be5191b92cad533ab84493e8cc5c959d8dadfd08a0c5c2a1832dce93568bc,31a85cf10323dcb0ff906b98f8f0dab39e853ab81d2695b1979df50869258a07,1,e3d46e3ab0abef05cf18daf9c29fbc85694fa32870ee5fd3f0b94448e07713d9,3.5527136788005e-15,6.9787468
543,MC1_K2_N1_L4_SP10_P4_R08,3772886227f0ce8ac20771492eb4ffd0d5919310f85b615d73ac9d05ab190b80,31a85cf10323dcb0ff906b98f8f0dab39e853ab81d2695b1979df50869258a07,1,d842d31804974d0ce617a07a6130d6e61b0b98e877691c17ffa0f4da29b003fc,1.77635683940025e-15,6.941171
544,MC1_K2_N1_L4_SP14_P4_R08,ebde3ff5c46f85cec13ec5f006902dc931d4ff69f5a026029cc03825e21c7cb0,31a85cf10323dcb0ff906b98f8f0dab39e853ab81d2695b1979df50869258a07,1,914c92945fcaf6063feffb1a8bc477ddf2bf363063edee24cfb2d26517606980,0,6.942991
545,MC1_K2_N1_L4_SP18_P4_R08,53d3e27e188bc78c3e8ff8d4d525681f98c8005aebe53e3fe352a02279485752,31a85cf10323dcb0ff906b98f8f0dab39e853ab81d2695b1979df50869258a07,1,5f99d79a2fe1412d8c60000b040912f851e546cc3ec45545af2fa9758b597bc1,0,6.98108
546,MC1_K2_N1_L4_SP22_P4_R08,432c281aadf266337d4d8d9844650ee009fb121823ded47b47ce386111f234be,31a85cf10323dcb0ff906b98f8f0dab39e853ab81d2695b1979df50869258a07,1,310734bd2b36a56d59a0aa0bb161dc3c55d5bb3aec8e6a9b94d2db3b1b4bd858,0,6.9381496
547,MC1_K2_N1_L4_SM6_P4_R09,5e9018168069ad3671785cf5fcce0b265539e499c70c18fbe9283611716ee19c,31a85cf10323dcb0ff906b98f8f0dab39e853ab81d2695b1979df50869258a07,1,2546a64587c29773ed7ac76476ad123216fde5c09a788ba6d11ec489ddbce5ee,5.32907051820075e-15,6.9814267
548,MC1_K2_N1_L4_SP0_P4_R09,67ef682b5ac0f025401d09c2f474f1d940ed3053ccb3e1d9b10420dede1cc4d3,31a85cf10323dcb0ff906b98f8f0dab39e853ab81d2695b1979df50869258a07,1,344ac95e6d6b02e917287c57585bb0700208578b6238df0188e062a59793db18,1.92865493310657e-15,6.9618252
549,MC1_K2_N1_L4_SP6_P4_R09,29dd49a0aa988f2e862e0aa52f68d208c8edd520dd3e9169ecfcc2da5869ae66,31a85cf10323dcb0ff906b98f8f0dab39e853ab81d2695b1979df50869258a07,1,a78b8e111264a38245871b61be2aa2bb0067f195789bc79212268f299c431a8a,1.77635683940025e-15,6.985588
550,MC1_K2_N1_L4_SP10_P4_R09,4a576a8b913620a603dfd98c0dbb0da912235acb02a12a4cb8c15ced3fe02ecb,31a85cf10323dcb0ff906b98f8f0dab39e853ab81d2695b1979df50869258a07,1,7cba3d869618d2eea08dfdccc129b01eeda37fb7fb49a0a5263b9c11ec0d1c1d,1.77635683940025e-15,6.962303
551,MC1_K2_N1_L4_SP14_P4_R09,b0b03c79743fc022329022d0f30ac16ce8129dad593d21d1528ec8a306f6e93c,31a85cf10323dcb0ff906b98f8f0dab39e853ab81d2695b1979df50869258a07,1,b68297e5a095553fd54c75d66cb0488d64ee44d66634cac9f31594a8430d8d16,0,6.9565341
552,MC1_K2_N1_L4_SP18_P4_R09,074b26c84d62849487cb68c66830b63d11c474931872b3b2308d6d069a28997a,31a85cf10323dcb0ff906b98f8f0dab39e853ab81d2695b1979df50869258a07,1,8a50003d4dc917bcab27fc5e04f5cfc11f69fac140eea043f4a5d5645ede23c1,0,6.9671988
553,MC1_K2_N1_L4_SP22_P4_R09,32781436c5d7595316ffb1328f5afb754854df050bb010aca93a48d37271e1b8,31a85cf10323dcb0ff906b98f8f0dab39e853ab81d2695b1979df50869258a07,1,d45d01a42d094085dd9a281b59c8f42f951503880cc2025f56e6972363f2cfd0,0,6.9890475
554,MC1_K2_N1_L4_SM6_P4_R10,c2bfc07c86a12c9697fe448dd483f874da4120e422f41bea3167d90b0d48fe5a,31a85cf10323dcb0ff906b98f8f0dab39e853ab81d2695b1979df50869258a07,1,42049fd42f657efd1492a497273b108af49745944bec3341ef1cda5e0fa0d14a,1.77635683940025e-15,6.9703254
555,MC1_K2_N1_L4_SP0_P4_R10,174dd3a5064c51958ec9caf8c0d5c1f414c719c7fc6de36036ed6fa3d4853e8d,31a85cf10323dcb0ff906b98f8f0dab39e853ab81d2695b1979df50869258a07,1,fe14e56d7ae4b57620dafc39f118df5e42a3fc8f13ecfd481ad247418d2b80d3,4.82163733276644e-16,6.9459405
556,MC1_K2_N1_L4_SP6_P4_R10,2ada2e17ed0947c30122dbfcc6eef0e1aa0cf6ed60802c87d4f159b40075419c,31a85cf10323dcb0ff906b98f8f0dab39e853ab81d2695b1979df50869258a07,1,afba1a171f9eb72d35d60b44d67c0124ae6b204c5489e95d901d513a07ca6feb,8.88178419700125e-16,6.9424614
557,MC1_K2_N1_L4_SP10_P4_R10,d6f6cae3c0512ef189480c1908d2ab6a9514b119442e7eef4dc1c185f2c4f4cc,31a85cf10323dcb0ff906b98f8f0dab39e853ab81d2695b1979df50869258a07,1,30a5dc770777fc860540965fc18088fd3d5a61e87e02abe34a5a02207be64aa6,1.77635683940025e-15,6.9872201
558,MC1_K2_N1_L4_SP14_P4_R10,3ebea37fe43a7e0341f6a9a2b057761a960e630b0b674319eedee9ed00608d63,31a85cf10323dcb0ff906b98f8f0dab39e853ab81d2695b1979df50869258a07,1,92b830dd8c348035422075a74638d50510d5fa89352c49c4c1a56d21de8a792e,0,6.9660451
559,MC1_K2_N1_L4_SP18_P4_R10,d34cc2a89e97c9f780acc6b15348f84eea988ac33cb4d6c57689f16a43546bef,31a85cf10323dcb0ff906b98f8f0dab39e853ab81d2695b1979df50869258a07,1,a7808184702822bbd996562f40a313370b555ff13748ff5158fe3400a8a679a8,0,6.9726165
560,MC1_K2_N1_L4_SP22_P4_R10,be31ad4c09db298e27853d62b635cbd3d384f7ddf3f98a4bc2558f1b340c8f35,31a85cf10323dcb0ff906b98f8f0dab39e853ab81d2695b1979df50869258a07,1,a9268379f763b16525d2b4458eab673a67dfb57f1c0dacdfffdd6b863152a49d,0,6.9641965
561,MC1_K2_N1_L8_SM6_P1_R01,d0b494972cbb9e92d8fac99ed33c732346c78b77a7c466b484f1eb98247f1375,31a85cf10323dcb0ff906b98f8f0dab39e853ab81d2695b1979df50869258a07,1,605cbff74bb8cfbb086c320c2c0b8000262e736e75e11f1915de4c729d6e7268,0,12.1957927
562,MC1_K2_N1_L8_SP0_P1_R01,e98b9635f58ac8a9e9613cbbf756481620d11a7d2ac3c4f9ffb85875b356a6c0,31a85cf10323dcb0ff906b98f8f0dab39e853ab81d2695b1979df50869258a07,1,c3f82bf0626f43a116a124aa73162d2092082112c7a319faf4cde34e7e082ace,9.64327466553287e-16,12.1201962
563,MC1_K2_N1_L8_SP6_P1_R01,05bd7f2039b9bd904cc0619116a0352daa21aef232886542b3a6c18e67b0d0b2,31a85cf10323dcb0ff906b98f8f0dab39e853ab81d2695b1979df50869258a07,1,2de781c2d8823118eeea0046fe2722aa06c8b083e7e4e59f87ff97c2676af868,1.77635683940025e-15,12.1174252
564,MC1_K2_N1_L8_SP10_P1_R01,ae1ca3c9d5f9160e043bc9a83a00dcda233466227469bbf56aa50af2031f5db8,31a85cf10323dcb0ff906b98f8f0dab39e853ab81d2695b1979df50869258a07,1,daebeebb6737abc88f40d3d751cf32db9bc1cbd4e5dafefd37e240278e6d6117,3.5527136788005e-15,12.1306155
565,MC1_K2_N1_L8_SP14_P1_R01,4f90f9346304da6fdcd7aadb5ad2296981825000368455924982d72e5a145296,31a85cf10323dcb0ff906b98f8f0dab39e853ab81d2695b1979df50869258a07,1,a8ffa02b6a51459eb5920c97756aad974dc6ae5cb2ebe692d1b69be959f579ea,3.5527136788005e-15,12.1844235
566,MC1_K2_N1_L8_SP18_P1_R01,727092a2d3f12416b8e1fed7a9b5f41121b8100c71d08be09638a835c7930cad,31a85cf10323dcb0ff906b98f8f0dab39e853ab81d2695b1979df50869258a07,1,f281f345d436aee389cfcc4058251c29a09798a381b2e9ac0f6831b55bb58a04,0,12.1274423
567,MC1_K2_N1_L8_SP22_P1_R01,7d4e02af089a639ea44911ed0a7f997863db355779f1ee4473286cec930c04f8,31a85cf10323dcb0ff906b98f8f0dab39e853ab81d2695b1979df50869258a07,1,64e4ef2eb0232576bfa557c410b22491ee3402dba414177b3fbf5dd358285a3b,0,12.1300918
568,MC1_K2_N1_L8_SM6_P1_R02,28f106cd0367605d7cb735808aef614baf0552ea7bfd27a0b0ac1db2135dd03c,31a85cf10323dcb0ff906b98f8f0dab39e853ab81d2695b1979df50869258a07,1,95748d8c976ff00212bfb35f411894fbace7588ac5549b93239410c7fd005d2a,0,7.0368717
569,MC1_K2_N1_L8_SP0_P1_R02,1a88b922058b2bb108fcf628c73c013b42edbed6ca69013490681b034db2923c,31a85cf10323dcb0ff906b98f8f0dab39e853ab81d2695b1979df50869258a07,1,1789c71c3bd53d2e44b99b596bc1c5ee0f950dddc700c3dac7cbeb30a23489c2,9.64327466553287e-16,6.9664157
570,MC1_K2_N1_L8_SP6_P1_R02,e4d19fd61eb6684bd50d7b3e7f3c644fac20b7603322161829e5e8d7204a0480,31a85cf10323dcb0ff906b98f8f0dab39e853ab81d2695b1979df50869258a07,1,897269b21970eb5fae1c9037c6afe7645f960bedcdd77da282b0473212dce9a4,1.77635683940025e-15,6.9592976
571,MC1_K2_N1_L8_SP10_P1_R02,c8142491619c4ee088ca8500bc257e26bab5dc7f9a77ae5f53377dd97bf86b90,31a85cf10323dcb0ff906b98f8f0dab39e853ab81d2695b1979df50869258a07,1,9636a30a4e047327263c0b49ef4bf9540a830f4dcb503c521e42a2f9ee544bb3,3.5527136788005e-15,6.9667777
572,MC1_K2_N1_L8_SP14_P1_R02,45a7feb5cecec5ea7b02722d904390323abb2468c7fb9e63f9b577d628a4a940,31a85cf10323dcb0ff906b98f8f0dab39e853ab81d2695b1979df50869258a07,1,7ee77b4cf23f77eccff80f5eb02ab0d3e70eaefba74ef03b9e330b8b58f38d5a,3.5527136788005e-15,6.9866054
573,MC1_K2_N1_L8_SP18_P1_R02,f961010c07a97a66c36b9af7892d4ccad57637947aa8db03397dedeb37555afc,31a85cf10323dcb0ff906b98f8f0dab39e853ab81d2695b1979df50869258a07,1,e611e2fc9ebbaba459cd60f2fb973fed5d024e27ad40603d0f1381e85f16d1a8,0,6.9640434
574,MC1_K2_N1_L8_SP22_P1_R02,cbe1a1b94cc7dcb36c9194026147416cb5dae4a3ba18c4e6cd0101627c6455e2,31a85cf10323dcb0ff906b98f8f0dab39e853ab81d2695b1979df50869258a07,1,9e74c6c978d3af9de3206e76fea97e0bf26368fd3e177d3f7ad8cd37fe62396c,0,6.953632
575,MC1_K2_N1_L8_SM6_P1_R03,dd87607bd57c10f32d722afcb8003913c64468bcb96e717a9fdb10d0c7789df2,31a85cf10323dcb0ff906b98f8f0dab39e853ab81d2695b1979df50869258a07,1,8c3c374e6d4cd0826828a147849edd7c7f592614325b91c8e5b43c14535b3143,0,6.9509316
576,MC1_K2_N1_L8_SP0_P1_R03,5d5523df61948d81571dbe014a6fd7aa1909af02d7eb6dfa8192b3251b014a60,31a85cf10323dcb0ff906b98f8f0dab39e853ab81d2695b1979df50869258a07,1,750f8d7c5e549c22c2758044c6623e092fb3681b04c3ea37b705abfed9b352b5,9.64327466553287e-16,7.0005455
577,MC1_K2_N1_L8_SP6_P1_R03,04171febd859b0a410560fa92a22bd5a234a423e2f14777b7985ca26e155a63c,31a85cf10323dcb0ff906b98f8f0dab39e853ab81d2695b1979df50869258a07,1,a0fae711ebdb976dfbfa3fa8c076796eb50e096b9bbf60be6dd8ff2c720961c3,1.77635683940025e-15,6.9591623
578,MC1_K2_N1_L8_SP10_P1_R03,93159cf67bf7d5ad785850b72963b2f5289e66e9a6897d854e674215c4deb6f8,31a85cf10323dcb0ff906b98f8f0dab39e853ab81d2695b1979df50869258a07,1,1a478e2a291b0f6f91313da89c67360945804b1a4419055732fd37ccc4f63f68,3.5527136788005e-15,6.9499263
579,MC1_K2_N1_L8_SP14_P1_R03,9880486b6e33f3486b12b2d6fcf248aaf511941ee2095b0c6835946b614a44af,31a85cf10323dcb0ff906b98f8f0dab39e853ab81d2695b1979df50869258a07,1,a7f20489e929d7dad3219f62dff4b620ee09ddfa58602085f50d2902a686e946,3.5527136788005e-15,6.9506486
580,MC1_K2_N1_L8_SP18_P1_R03,e8ae37058cc792c670fd5637ac1c525d280e1cdb4252e65f3279252de2eb0ec7,31a85cf10323dcb0ff906b98f8f0dab39e853ab81d2695b1979df50869258a07,1,92e3812756e2f15ecba33feb2d49ad1cbbd0d88cd89a6581690c30461459134c,0,6.9862995
581,MC1_K2_N1_L8_SP22_P1_R03,c3aa3cb91b2e0c971063c1a0f2352765867c7b8d445cd424f17671e60704f90b,31a85cf10323dcb0ff906b98f8f0dab39e853ab81d2695b1979df50869258a07,1,3444959efe20e325f2c63df4ff3948c03202b24c6dc77ca5657c75d041436aa4,0,6.9673015
582,MC1_K2_N1_L8_SM6_P1_R04,fddbfd3a9fffb9c8ae61a53e37129b9ceef827aeb41c9be059fc2dda83128711,31a85cf10323dcb0ff906b98f8f0dab39e853ab81d2695b1979df50869258a07,1,97adc1ca2d13ba50062711b192a94b23569fcf08fcb16a94df89438c4bb1b49d,0,6.9693281
583,MC1_K2_N1_L8_SP0_P1_R04,75d8f03d27465ec87cf7031737802fdc400ae0ca41ee12abd9316d368ec862da,31a85cf10323dcb0ff906b98f8f0dab39e853ab81d2695b1979df50869258a07,1,79b21c0f99459372d08627889fb04921627446ac12207c44f72be2a237bd732a,9.64327466553287e-16,6.9485065
584,MC1_K2_N1_L8_SP6_P1_R04,8519bfb6a6953af9006352364b2e580e66834159fdabddcadb6a7c1b070f7fc9,31a85cf10323dcb0ff906b98f8f0dab39e853ab81d2695b1979df50869258a07,1,94b052b4504c3decd8aa56a74e997f0ab3f0b044039062ff4da5b343b098d5bb,1.77635683940025e-15,7.0017755
585,MC1_K2_N1_L8_SP10_P1_R04,f9e3438c941059ed143ec70169eb031f53144e5af71b0b2a45421a303dba623a,31a85cf10323dcb0ff906b98f8f0dab39e853ab81d2695b1979df50869258a07,1,8cfb3aeee75222f10d5428581914e8c9dd38f136f8868eea94387802face321f,3.5527136788005e-15,6.9730566
586,MC1_K2_N1_L8_SP14_P1_R04,2598d7b68904526de4933e9a722e604ebb002e354fd76008b1464ea101045331,31a85cf10323dcb0ff906b98f8f0dab39e853ab81d2695b1979df50869258a07,1,55dacb059f5785b3ab77cbc04c666b5513e7971669f9f9192b64f986d6d48079,3.5527136788005e-15,6.967803
587,MC1_K2_N1_L8_SP18_P1_R04,2a5ac0fa05ba351f4ac2b7e952af682f31804b6912860e7b2d55ee8522a7f338,31a85cf10323dcb0ff906b98f8f0dab39e853ab81d2695b1979df50869258a07,1,43d1580b9de9747bba5a3abe33eff99623c68d1d986c78c62a6fdac4643d01ee,0,6.9390166
588,MC1_K2_N1_L8_SP22_P1_R04,b80509e295f3a239fe83b8574df7112b762eca91b240487b09158e0d69679d35,31a85cf10323dcb0ff906b98f8f0dab39e853ab81d2695b1979df50869258a07,1,1b93780e4fd78745600277db724a23d676d1f1a35c2c861b89b31616781e7851,0,6.9760934
589,MC1_K2_N1_L8_SM6_P1_R05,fa6aa4241ddde20b551be7471d408ddadfdb709c8b4d3d9118acf7e86fe8543f,31a85cf10323dcb0ff906b98f8f0dab39e853ab81d2695b1979df50869258a07,1,f2916e1be64b6933729b7f10c3e128285a52d4764b92987a2c235de9355948f9,0,6.9495171
590,MC1_K2_N1_L8_SP0_P1_R05,3dd9fa291c451ce33d2092a97cb7f06814cdbcb8f8deabbeef50e4609e58c44b,31a85cf10323dcb0ff906b98f8f0dab39e853ab81d2695b1979df50869258a07,1,791ab58b602ed08166b3e13efa762799075031678ee49167cd08f5eec9e2724f,9.64327466553287e-16,6.957464
591,MC1_K2_N1_L8_SP6_P1_R05,e08d7bcbbb0c543baa6bfe6caeb8f298175010f6ce5866ff61d0e57fd1010ad8,31a85cf10323dcb0ff906b98f8f0dab39e853ab81d2695b1979df50869258a07,1,ed1335a580c8300fbc56a2ad5ccc3faefc88c8bbcd1e27deb2ebfdf8856be02b,1.77635683940025e-15,6.9596083
592,MC1_K2_N1_L8_SP10_P1_R05,5f2547d228216ec36f80db8703a55933295613b084441d200e8509e9929dae42,31a85cf10323dcb0ff906b98f8f0dab39e853ab81d2695b1979df50869258a07,1,e0d58e470ca69c63f36062c1cfbc69bae0375e79bf8ada22513ec87b1548ccda,3.5527136788005e-15,6.9693648
593,MC1_K2_N1_L8_SP14_P1_R05,a4d50b18d79f212d90af02b5d0626e881221f832f454655495cb25a51811f5cf,31a85cf10323dcb0ff906b98f8f0dab39e853ab81d2695b1979df50869258a07,1,273146d49a324fdc3b2853aadb37d85f55215b0151bc9953d8f8c434daaecec8,3.5527136788005e-15,6.976848
594,MC1_K2_N1_L8_SP18_P1_R05,77059ef9431bfc3af296f6d716a62b7c484abd92df09a57eeaaf097467c21dfa,31a85cf10323dcb0ff906b98f8f0dab39e853ab81d2695b1979df50869258a07,1,a3916ffd58eda14db1da7f22b1c0f468a9f725c8caa9d9461405d6269532fdf9,0,6.9511987
595,MC1_K2_N1_L8_SP22_P1_R05,14da3f509aab12e23cd841acce7ae174dc08d01c244a234acfc425d8e569be71,31a85cf10323dcb0ff906b98f8f0dab39e853ab81d2695b1979df50869258a07,1,f6acad5359c1980cd494eaa5d9000b4e01751c17a5d1234ef1da3adce90adc09,0,6.9492033
596,MC1_K2_N1_L8_SM6_P1_R06,1101b0372e1188bc7afee3550a6da274700e6099b824bdbad58660c57f687613,31a85cf10323dcb0ff906b98f8f0dab39e853ab81d2695b1979df50869258a07,1,e8f56c0c520d4cfcdc7b11223ca96b2eac90a2816cd7faf54fadad6e3a8d2e2c,0,6.9562361
597,MC1_K2_N1_L8_SP0_P1_R06,14b183255e6fa83babe5d090b2bae3717fff919ba1b342937bae1218f1161ed4,31a85cf10323dcb0ff906b98f8f0dab39e853ab81d2695b1979df50869258a07,1,30f6167724f13ea113f499affa505038f9fb55b7ddaf6510715d2c3a3a324071,9.64327466553287e-16,6.9565336
598,MC1_K2_N1_L8_SP6_P1_R06,7e2f8e05aac962f676089ac647713baa00434dbd72a00a63b6a82d5fcea2eb2f,31a85cf10323dcb0ff906b98f8f0dab39e853ab81d2695b1979df50869258a07,1,724ed86029c63488b1b724f0b9c1975c659f908e4da899fc1b34804f966fd30f,1.77635683940025e-15,6.9496482
599,MC1_K2_N1_L8_SP10_P1_R06,3f479d3ccf4cf88ab1383ec73a6405ec9d865192cb709121cda7a88b29bf2fbf,31a85cf10323dcb0ff906b98f8f0dab39e853ab81d2695b1979df50869258a07,1,b35fe3debddc75b4ced394cee21bf679068abb7caea94b202cc1796fe593eeb2,3.5527136788005e-15,6.9641825
600,MC1_K2_N1_L8_SP14_P1_R06,b25dc1c661a5a9fd74ef1743e8a00733851c85826bcb1d9133c0fcf1f4191422,31a85cf10323dcb0ff906b98f8f0dab39e853ab81d2695b1979df50869258a07,1,dddba94b56a6b72981069a3f0d6b1ca25396db540f68a369d10399bdf70f7dae,3.5527136788005e-15,6.9685032
601,MC1_K2_N1_L8_SP18_P1_R06,60e58323ad7b3ef2d3fa3fcac57caad5403a084c8ad6480b1deeca38953cbe08,31a85cf10323dcb0ff906b98f8f0dab39e853ab81d2695b1979df50869258a07,1,ddf9f024b16ce5dafc55b3cdcfc9a22ea426388ff94606f5c7ca7b7c18e19327,0,6.9868888
602,MC1_K2_N1_L8_SP22_P1_R06,e138bdf0d3abb5e642c975e99b999b57d6625202aa039241150fe6fd9092737b,31a85cf10323dcb0ff906b98f8f0dab39e853ab81d2695b1979df50869258a07,1,a233d7c22ddb7f4f1604df6cd528268db35cb3fc1cc299d174eaf25437c3dbbe,0,7.2565015
603,MC1_K2_N1_L8_SM6_P1_R07,173a888b52b20f7fe2ae01358c89ba83a66385ad26feaf7e506fb2e15487d127,31a85cf10323dcb0ff906b98f8f0dab39e853ab81d2695b1979df50869258a07,1,2cf616a034e112ca80a02fe94665c3f6e09c8bea9b9ca5f068d1f47954b7e052,0,7.1316429
604,MC1_K2_N1_L8_SP0_P1_R07,5efc96565c04dccfd3176303d5325425995fbfcc33bcb696cde0c2d5770daa68,31a85cf10323dcb0ff906b98f8f0dab39e853ab81d2695b1979df50869258a07,1,d3dc2c27b4d773e5fc4737860a58a585e0d7c2b03adb9417e1ce5cd920b2410b,9.64327466553287e-16,7.2268894
605,MC1_K2_N1_L8_SP6_P1_R07,294d14aac90bd3d8b14618313a68be5a3a37b2ded2046ee04c81c74046bf4e2d,31a85cf10323dcb0ff906b98f8f0dab39e853ab81d2695b1979df50869258a07,1,fa1376f3e33a9bab882dd545e1ca497052b3a4aae3def4ff9312168519b438bc,1.77635683940025e-15,7.1238652
606,MC1_K2_N1_L8_SP10_P1_R07,b7af2d6b409eb512c738da9c128de44026eef2523c1e4b026e509088400c0ed3,31a85cf10323dcb0ff906b98f8f0dab39e853ab81d2695b1979df50869258a07,1,6c498b3e14ea175148b72ea6aaa2fe7d73c38b62440f990e9c2372e94c6ffbf8,3.5527136788005e-15,6.9672188
607,MC1_K2_N1_L8_SP14_P1_R07,20dd49ee7a7b429056f5ce2d1fdee30e5c5e2f43f75a0aae94980978c5a21a5b,31a85cf10323dcb0ff906b98f8f0dab39e853ab81d2695b1979df50869258a07,1,f2efca65a0971a482d70eafb34622cba93710dc9b08d36966dfbcf649cf1d8e9,3.5527136788005e-15,6.9924264
608,MC1_K2_N1_L8_SP18_P1_R07,11aff563cc3ef594f42cdcebbb41c0fb07917b77ffcf857e8ce7268974a64c68,31a85cf10323dcb0ff906b98f8f0dab39e853ab81d2695b1979df50869258a07,1,2d6cb00528222f6fd85895645cb4192b9f6ff8f8d5c6fe915b0e69be005857f8,0,6.9569865
609,MC1_K2_N1_L8_SP22_P1_R07,c29cfe9546f70b14742ac82d8a480702d6a444ae0e42c7e4f5eeb10f320af0fa,31a85cf10323dcb0ff906b98f8f0dab39e853ab81d2695b1979df50869258a07,1,fbfc1f73a0004178a489a3701940365793443830bd1b21ccf5eabb7e0f708570,0,6.9713106
610,MC1_K2_N1_L8_SM6_P1_R08,ac38fe1969e209053a4d5f062fddc2f302842a6f966d4548e498680488352e28,31a85cf10323dcb0ff906b98f8f0dab39e853ab81d2695b1979df50869258a07,1,adc14d41a0f28c1c58650d1745293e1da2bfd2217f1f87c2d16cd292221a5642,0,6.9581887
611,MC1_K2_N1_L8_SP0_P1_R08,bfb675b5204b6959b806238dacaab4fb6be54c6fa1da561cae5fe141dd54710b,31a85cf10323dcb0ff906b98f8f0dab39e853ab81d2695b1979df50869258a07,1,d480efc02430e7a94b179470c5dd3a6b3b39cfe1c9600da5345afa083f850313,9.64327466553287e-16,6.9975198
612,MC1_K2_N1_L8_SP6_P1_R08,919d45d5b73bf2e3486c0b69b2dcbcdd4b23cd50912b635ab51dd97afd0ebc3b,31a85cf10323dcb0ff906b98f8f0dab39e853ab81d2695b1979df50869258a07,1,c6fa98fa0b0d5f1d11c9ae2b8ff22b7836cc4297491f2309820a366fb9d3ca95,1.77635683940025e-15,6.9680398
613,MC1_K2_N1_L8_SP10_P1_R08,cd6f38b7537089cf073ba7a45f8b2e5a3ee4d98b5a9dcdd7fe20e3f95a977518,31a85cf10323dcb0ff906b98f8f0dab39e853ab81d2695b1979df50869258a07,1,6fda86ddcc417f83e8f3a378d70ddfe22b9e2ebbcaa0ed13101c9f50ba00d227,3.5527136788005e-15,6.9580256
614,MC1_K2_N1_L8_SP14_P1_R08,20777c5d4cea4dea5209bd2512eb4d3d96994d71523d2287a6731d4b9fbf79b4,31a85cf10323dcb0ff906b98f8f0dab39e853ab81d2695b1979df50869258a07,1,7ffd9bcf92b0fd6056a43b09a57c669bea490757d9aeade25de779cfab744635,3.5527136788005e-15,6.9498555
615,MC1_K2_N1_L8_SP18_P1_R08,687f68d7d5b375e4ad6554c5c82e3c239ec0ecef5d9b4ed1b776d53ec686ca55,31a85cf10323dcb0ff906b98f8f0dab39e853ab81d2695b1979df50869258a07,1,859df12e84383ae3843010ba822c05aeeecbae3354761124d480c3a549c56b77,0,7.0139861
616,MC1_K2_N1_L8_SP22_P1_R08,061c41da76c74eccc50891d124a273424bf0c09202521720498de96ca0795843,31a85cf10323dcb0ff906b98f8f0dab39e853ab81d2695b1979df50869258a07,1,06891b8087f6e27ac9f7171424b70f5161614e6ff990eb5779523ddbf9cdd13e,0,6.9457003
617,MC1_K2_N1_L8_SM6_P1_R09,a4373849343a77106b276ee37caec7236f5a0b7f954054272428374953309f14,31a85cf10323dcb0ff906b98f8f0dab39e853ab81d2695b1979df50869258a07,1,29177f26d91fb0668e54dc7827b2f51270bc0c63e33ec80696716ea9b14f8992,0,6.9690516
618,MC1_K2_N1_L8_SP0_P1_R09,029885a6ac2c13366ebb7c98e3e052f85ed7720d23b695cb4864473399568650,31a85cf10323dcb0ff906b98f8f0dab39e853ab81d2695b1979df50869258a07,1,515b456d84709dcc6d2839579fcc6a934a3a38c88bd3d57ba2a57f4b0e20b7ee,9.64327466553287e-16,6.9476608
619,MC1_K2_N1_L8_SP6_P1_R09,b7427de805ce49520236de261658515505cb408e9260ae5ebc7a924702013d57,31a85cf10323dcb0ff906b98f8f0dab39e853ab81d2695b1979df50869258a07,1,bd2feb5b77581f6635dbd7d029e2dd75274d1a2e0fd4d2f29eaacc7dbfa96759,1.77635683940025e-15,7.0228959
620,MC1_K2_N1_L8_SP10_P1_R09,b6905d21038aaf0dc6d3ab751524528349dd5e2edaaa3bce2b1811387aed7234,31a85cf10323dcb0ff906b98f8f0dab39e853ab81d2695b1979df50869258a07,1,9cff029257c35c6f9f418b3666bb97fd3df136ab55d4dfd2f34fe21946e1f7bf,3.5527136788005e-15,6.9569024
621,MC1_K2_N1_L8_SP14_P1_R09,e6a3835efa02fc97db79ec2f8aefb9911308e28574bb6ba4746ec30ba07f2591,31a85cf10323dcb0ff906b98f8f0dab39e853ab81d2695b1979df50869258a07,1,550f7140c3b4170ae8687adec422d3d56bfd4573672a0f02d6edaf493ff5ef5b,3.5527136788005e-15,6.9648353
622,MC1_K2_N1_L8_SP18_P1_R09,c014454fe3be6f2eba235b46aa8aaa77acbc01276aec8d53764cbaa778d0b7f6,31a85cf10323dcb0ff906b98f8f0dab39e853ab81d2695b1979df50869258a07,1,faf263dc4e831f80b5e23b45e06c42f27490c76b5f3e1d91957de49c62d1481e,0,6.9619575
623,MC1_K2_N1_L8_SP22_P1_R09,277833cfcc5f8304c1728ca610f0655208546ba511c3f5953db73288d5126aba,31a85cf10323dcb0ff906b98f8f0dab39e853ab81d2695b1979df50869258a07,1,7d0657c33c0544ed3f457b81ab8a4174f63cfb536a79d155e3c6aba49ecd501a,0,7.0349716
624,MC1_K2_N1_L8_SM6_P1_R10,79730eec90bc80caba4a002791f93000af99970a942baae711dc4b12b6a43b2b,31a85cf10323dcb0ff906b98f8f0dab39e853ab81d2695b1979df50869258a07,1,9e86c3f402c9f31d52cc199084a02a3406b188fbccccf7b67f028533c1e2d060,0,6.951849
625,MC1_K2_N1_L8_SP0_P1_R10,f60ede1f9e3a7dabb5419462303ca2d8c397c0a5bc0aa39079274972be644e2a,31a85cf10323dcb0ff906b98f8f0dab39e853ab81d2695b1979df50869258a07,1,6b166d1252658a6392f87cb5026c1b806d8c5d1d25efde478a4dafa1dfeb568b,9.64327466553287e-16,6.9565635
626,MC1_K2_N1_L8_SP6_P1_R10,f999644cdcf4eef42fb0a9878112847c655f0492392444487e62b6bc56637d1f,31a85cf10323dcb0ff906b98f8f0dab39e853ab81d2695b1979df50869258a07,1,be2a42ed426ce27ac0e0c7cebc63ad67f37addfdca7e5b14cf1a7edb721ee935,1.77635683940025e-15,6.9378563
627,MC1_K2_N1_L8_SP10_P1_R10,a04b9209129dd484574c3a6d0be611db95b3d8e4a57cc7c708924696c2f5ffca,31a85cf10323dcb0ff906b98f8f0dab39e853ab81d2695b1979df50869258a07,1,a9050054f2726bf9003c4fb5eb559ced658e18633cb51461df254815c65fc2d4,3.5527136788005e-15,7.0031833
628,MC1_K2_N1_L8_SP14_P1_R10,cff7abb6bbf574217f66784f2dc6dc059cc55b5af1b89d2c9a429885345dcfcc,31a85cf10323dcb0ff906b98f8f0dab39e853ab81d2695b1979df50869258a07,1,9e15bce1ce5bf61f7174d45efa542b86e97ed641a807fda8d0f149266d1edccc,3.5527136788005e-15,7.0566275
629,MC1_K2_N1_L8_SP18_P1_R10,ecc908486fb3754958ca8d78f00a35a8fa710b9cde1dc00506c1f32c0c82ad0c,31a85cf10323dcb0ff906b98f8f0dab39e853ab81d2695b1979df50869258a07,1,4782d3da68ea0a63d8ad1a91a493cc1e77aadc8af93a315f4e6bfec8058f0c6d,0,7.1986887
630,MC1_K2_N1_L8_SP22_P1_R10,f20780c9a44ea83fa174f9cdc515a1b9ab4d37d33d8f615c1d58602d3ee1685b,31a85cf10323dcb0ff906b98f8f0dab39e853ab81d2695b1979df50869258a07,1,a7601674cdfe9283285942a6a59f4a58ef682d471f28df5c1689d51b9339e14e,0,7.1590773
631,MC1_K2_N1_L8_SM6_P2_R01,01694e4b408f496aa344d921eec1c327132bfa3b3e9a30ed5da3a129df430b36,31a85cf10323dcb0ff906b98f8f0dab39e853ab81d2695b1979df50869258a07,1,3cac7c654fe3f9f52a58b5752b771a91bdb684677afb3270531ec0b84556fd59,2.66453525910038e-15,12.5320552
632,MC1_K2_N1_L8_SP0_P2_R01,444a6641a126d836117fe1c6a77db85c8822de34237ff8a293e465f514b8dfb2,31a85cf10323dcb0ff906b98f8f0dab39e853ab81d2695b1979df50869258a07,1,ead1fe481be72a6855867fdba36bbdea9493dd0cc6b866529595aa41712adb0e,1.92865493310657e-15,12.5625827
633,MC1_K2_N1_L8_SP6_P2_R01,aa84bb1fbc7e261d9216e885ef443272ba5d0e0e096890a3f387590799e4b8c0,31a85cf10323dcb0ff906b98f8f0dab39e853ab81d2695b1979df50869258a07,1,3b61d7c6440d9d717ef52c3253ceb6d78d83b06d9de90950ab6df67eedef8bbf,0,12.5554938
634,MC1_K2_N1_L8_SP10_P2_R01,8c7e1f9f32e005532c84fc734b67194a8d45c2d4e1456be33ed51e936e53f4e1,31a85cf10323dcb0ff906b98f8f0dab39e853ab81d2695b1979df50869258a07,1,225610a30941486ffbfd67a316a3c229fd11a9832f9a0fd1b68915b36ee2f33e,1.77635683940025e-15,12.6450828
635,MC1_K2_N1_L8_SP14_P2_R01,2e41a6146fd91df29dfa3ed9dd53a9773360907ff170cbca078611ad9d9ea5f2,31a85cf10323dcb0ff906b98f8f0dab39e853ab81d2695b1979df50869258a07,1,f200af0fa27c8f0f0460225b677fcbd9dcc55c675cdec7bb9e92d98c639ec041,1.77635683940025e-15,12.4724308
636,MC1_K2_N1_L8_SP18_P2_R01,5eb22567e96b826d21a549f1ec84049851cf51555be67968b6398d5324fb97e3,31a85cf10323dcb0ff906b98f8f0dab39e853ab81d2695b1979df50869258a07,1,44d15b178ade5443557403f999afd56de06eb7116a744e6fedcb6ebd7fade7fe,0,12.1766668
637,MC1_K2_N1_L8_SP22_P2_R01,656c7615b6974b7079331cc6e07acc0e485fd39fc3d7ff5b272f381e0490bc71,31a85cf10323dcb0ff906b98f8f0dab39e853ab81d2695b1979df50869258a07,1,a8c46e2482e323284cc879c1b6b1b6d9850f51920c19d11a32e805faef8ea15d,0,12.1308703
638,MC1_K2_N1_L8_SM6_P2_R02,4a2500f6e6b6256c025ae1dac556b3965bcc86a45e2ea982aab752a4ceda78b3,31a85cf10323dcb0ff906b98f8f0dab39e853ab81d2695b1979df50869258a07,1,133838710e3cba4d697db0c115c8ea852b67a608daffcdac9cd8d5b9783cf6ac,2.66453525910038e-15,6.9901123
639,MC1_K2_N1_L8_SP0_P2_R02,c0f77de57db9e035e1f630031011b7c1d3c1f5d21b132ea974e8d6c6af47989e,31a85cf10323dcb0ff906b98f8f0dab39e853ab81d2695b1979df50869258a07,1,7617821f04e012421311a8ed8a7934c3aa8c0f5568131d1eaa854eba24e2c369,1.92865493310657e-15,6.9799253
640,MC1_K2_N1_L8_SP6_P2_R02,9eaa29275846955c0508f4f80e6323d137110c8f4625c8df90bf8f056f209f3c,31a85cf10323dcb0ff906b98f8f0dab39e853ab81d2695b1979df50869258a07,1,742ab51733247fc07b61468bafa9a330598f8013273c108c0cc4327a43c93502,0,6.9628895
641,MC1_K2_N1_L8_SP10_P2_R02,cd4d9d346bfacf179be4f192e84a22780536321bfc2745bc4100ccff51d7a87f,31a85cf10323dcb0ff906b98f8f0dab39e853ab81d2695b1979df50869258a07,1,c1bf2a829ff76822e16122a67ed1c5483ef1509f4a9cb5fbd3ffa681d8f7dd79,1.77635683940025e-15,6.9549427
642,MC1_K2_N1_L8_SP14_P2_R02,4ce3b593b31ac397cb94e1cf6089a610fa433b3aacf2a2677975dea6b1ae564d,31a85cf10323dcb0ff906b98f8f0dab39e853ab81d2695b1979df50869258a07,1,5c00fc06cecb40a787ba12e57e6502d7c2a48061a983afb866005933cd7cc2a5,1.77635683940025e-15,6.9847395
643,MC1_K2_N1_L8_SP18_P2_R02,83679e4ac3f33d7b36fedce4582b355cc99aa38c4a4c457ecbc5b7336aa16c14,31a85cf10323dcb0ff906b98f8f0dab39e853ab81d2695b1979df50869258a07,1,bf7524b73f07763e18014d55f8211aba349d3ce285186551790532a94eb00d0b,0,6.9855021
644,MC1_K2_N1_L8_SP22_P2_R02,a5b1427bdebfd09afb27f61ab0a7b8514260f97ee30b7043efc7b15afa523658,31a85cf10323dcb0ff906b98f8f0dab39e853ab81d2695b1979df50869258a07,1,a3f4c0c940678a417a38999f4590bc394137c73426a445449a0a5767ca3de25b,0,6.9473315
645,MC1_K2_N1_L8_SM6_P2_R03,3eaa736e17caadf1df39a0c4abe255cf06e96a07fd6988fac8d5d53f26c4b730,31a85cf10323dcb0ff906b98f8f0dab39e853ab81d2695b1979df50869258a07,1,4205fce1adaaab8e925d0846f214bbe1ef6ea162e5dc3916e694b217781f702b,2.66453525910038e-15,6.976032
646,MC1_K2_N1_L8_SP0_P2_R03,37653ae0cdd8684558b99356bba1fc770f838d3edce415b02c08f63ac1802957,31a85cf10323dcb0ff906b98f8f0dab39e853ab81d2695b1979df50869258a07,1,36376807c6b5bb7907f2edc0780232d5a7e5bd4f08b5d36cacb6c4960cb01267,1.92865493310657e-15,6.9565881
647,MC1_K2_N1_L8_SP6_P2_R03,b51d141ffd4bb37aa00cb7606367cf4b23d99a8198831d79f2f9642829ac5955,31a85cf10323dcb0ff906b98f8f0dab39e853ab81d2695b1979df50869258a07,1,e628bb1f44a822ef55ba54b027965867d61b0928e93adaf67c1faef304f8e6f4,0,6.9704052
648,MC1_K2_N1_L8_SP10_P2_R03,59eeafae5a0dadfe7e2fe77d6501cee948f7c861f3f60afa5567c44e5486ca35,31a85cf10323dcb0ff906b98f8f0dab39e853ab81d2695b1979df50869258a07,1,23f2fa2a9eefd9fd7d275bd95a3d6fd676b31d0c30cc5e0fade98dd84804c547,1.77635683940025e-15,6.9630912
649,MC1_K2_N1_L8_SP14_P2_R03,7ad4f505e96073e45117b32e718274b3f527cbd1044b6534925adc591f5ced46,31a85cf10323dcb0ff906b98f8f0dab39e853ab81d2695b1979df50869258a07,1,fe70b03c1afc7811e5e0951b427a2dea6a5c2f4905e6b228b2e53c85af3aa5f6,1.77635683940025e-15,6.9727148
650,MC1_K2_N1_L8_SP18_P2_R03,4144b8d683b5c1d3d0a31f065bdb181ef4bd599d26f0c68a9f35a4526a4dfff8,31a85cf10323dcb0ff906b98f8f0dab39e853ab81d2695b1979df50869258a07,1,734ccda3ad39bf714b743dad31451f16abce8c2570d9bc56e0fdd946e9c0fde1,0,6.9533532
651,MC1_K2_N1_L8_SP22_P2_R03,78efd9948000ea5f9a01bc4d109b14b52272039b61ba94d4b6b80edad0aaaf24,31a85cf10323dcb0ff906b98f8f0dab39e853ab81d2695b1979df50869258a07,1,3cefa2fa05bb8adf537bba2cdf704d7fd319c096b0bead4a91bbf4a91526203f,0,7.0117124
652,MC1_K2_N1_L8_SM6_P2_R04,b861e552ba69b162bc395b5326e3f214de5825b5c1faf7438728dc891e9d34d1,31a85cf10323dcb0ff906b98f8f0dab39e853ab81d2695b1979df50869258a07,1,dc4d8c560e362b7ce4240e1fdd874f9ffb721865b61034fd8685deda9b4bfaf3,2.66453525910038e-15,6.9464089
653,MC1_K2_N1_L8_SP0_P2_R04,6e74f1ecf2b345b8edd6f2a06ccf5235a46b8b84a42a7e3c2fca1b1fc0c1f9df,31a85cf10323dcb0ff906b98f8f0dab39e853ab81d2695b1979df50869258a07,1,476f9b188aeb1189891dd2e8bee3abc8dca0f13cdfd14018e4d3d7b8f28eba8e,1.92865493310657e-15,6.981304
654,MC1_K2_N1_L8_SP6_P2_R04,3aeb215da9254139f990128e4b53ba4237652fda70d2e19384a4831c212584f4,31a85cf10323dcb0ff906b98f8f0dab39e853ab81d2695b1979df50869258a07,1,6c361f4d8995b5ac519280884672a2fc2a5508be8d2d62cc99e3f2d76f8cb0e9,0,6.9508658
655,MC1_K2_N1_L8_SP10_P2_R04,a562a3261527877e56850a0b5f41f152065d1f72585e8ea4af4b11e7dc0967e5,31a85cf10323dcb0ff906b98f8f0dab39e853ab81d2695b1979df50869258a07,1,32241a1f0e448615b8d3ebb87b17dbf7cbee349f99108157d8df091902abf24e,1.77635683940025e-15,6.9495756
656,MC1_K2_N1_L8_SP14_P2_R04,2186a4071a28bb4253e9b6b694288a963adb8338c9785ded88e2683ff85e379e,31a85cf10323dcb0ff906b98f8f0dab39e853ab81d2695b1979df50869258a07,1,7205c00dbc76ccae4e36a6710d002503fdb3753506179a285846d3c0fe15a642,1.77635683940025e-15,6.9541771
657,MC1_K2_N1_L8_SP18_P2_R04,bdc47e0f6f0c0f2358abf7301bcf9bb980359b2acff6220afa2daaebc07bdff4,31a85cf10323dcb0ff906b98f8f0dab39e853ab81d2695b1979df50869258a07,1,616fed87dfc4304ec5287b67c0fd5bf2dbfa624d48d9318a4bcf2bde6e8ab904,0,6.9815214
658,MC1_K2_N1_L8_SP22_P2_R04,08873ae6069f49b248f841f1c2916fa1777cd88b5a29763c3bc5adedccc84fa5,31a85cf10323dcb0ff906b98f8f0dab39e853ab81d2695b1979df50869258a07,1,ffc80d92f93719ce2344c2d006571e2eab3f662390cbe42dd1c9b58109000584,0,6.9292805
659,MC1_K2_N1_L8_SM6_P2_R05,8ce5b359ba013be5f7520e1fddff3643c6a5191091d82cf1f6ee966740877e8f,31a85cf10323dcb0ff906b98f8f0dab39e853ab81d2695b1979df50869258a07,1,842810526a1385ccb6fb7d8eacb7e6644df266467bbea4e9142f12ebf9bc0cf8,2.66453525910038e-15,6.9592798
660,MC1_K2_N1_L8_SP0_P2_R05,5d53e3c77d374385b25ed8ccfffb72c3f5c6904d078997fc7501fd5d539c7d16,31a85cf10323dcb0ff906b98f8f0dab39e853ab81d2695b1979df50869258a07,1,3418a8e3c088c3ff69d58c6ad037649256b484340647656c63ef690ca221f3c0,1.92865493310657e-15,6.9558386
661,MC1_K2_N1_L8_SP6_P2_R05,22a32a39f4727a5f353d76adae20a2a307f493c91f84ba5ded6633a2fe35f402,31a85cf10323dcb0ff906b98f8f0dab39e853ab81d2695b1979df50869258a07,1,6aa9854d1563d7512a82f4c284b7e78553b7202ffd74c637e0252b3add30e1e7,0,6.9918126
662,MC1_K2_N1_L8_SP10_P2_R05,b2f6409c70ac6204fb810361427e116f0d499e02615c0e7311ad318fa4a6149a,31a85cf10323dcb0ff906b98f8f0dab39e853ab81d2695b1979df50869258a07,1,9ae06faf00c358b0cac53e5457b31b42818ba1cefe95e313af57a788e1de32a0,1.77635683940025e-15,6.9588791
663,MC1_K2_N1_L8_SP14_P2_R05,13ced7116be9d183e4d4cc906222bcd80fe2cbe2b0f954f2631227c9150dcdaa,31a85cf10323dcb0ff906b98f8f0dab39e853ab81d2695b1979df50869258a07,1,f9390e6c3d38bdb7ccad091e1ecc68a367a48b94e8da8cd7df7174bf1550c6ef,1.77635683940025e-15,6.9282525
664,MC1_K2_N1_L8_SP18_P2_R05,3d2c2c036411bbb37c2923d2a84bc87fbfa2be9982299187a0447ea3c9c251a7,31a85cf10323dcb0ff906b98f8f0dab39e853ab81d2695b1979df50869258a07,1,686c41dc84abe01acad1d7b8029379502ead7a4b5c7160ee082e09847acf73d4,0,6.9398874
665,MC1_K2_N1_L8_SP22_P2_R05,eef26c4d97f1b5b0b99449182829e1c41c9b7f005ea115fd5fa679e43b072ef9,31a85cf10323dcb0ff906b98f8f0dab39e853ab81d2695b1979df50869258a07,1,790f18e4282b98626493c9d71a3c0ec7c2065c5e5399d69818cf5afee57170b4,0,6.9750358
666,MC1_K2_N1_L8_SM6_P2_R06,5f7b50470129d00803df92927c5069dab2f40c5f328d775813df9603a83a55d6,31a85cf10323dcb0ff906b98f8f0dab39e853ab81d2695b1979df50869258a07,1,fb7279a30db05f9f7debaac0b23fba5f6c45bfdd2f1646a8d670e5be0e19b792,2.66453525910038e-15,6.9491846
667,MC1_K2_N1_L8_SP0_P2_R06,0705d3f35173533e712fc4b5008f37160604b82d3000ac70a48cac369b2ab845,31a85cf10323dcb0ff906b98f8f0dab39e853ab81d2695b1979df50869258a07,1,67fd9b2a8ac6d09396aab50d541c5daf2ac5d3323a1a1692d7134373274b6332,1.92865493310657e-15,6.9647106
668,MC1_K2_N1_L8_SP6_P2_R06,9e0d0a2c36ade9a8c05ba17c15c43df43558f2fff8d6219216b3c5ddb26d6b0c,31a85cf10323dcb0ff906b98f8f0dab39e853ab81d2695b1979df50869258a07,1,1984a9a2b7f0efe7fae9302d036ad930c23726f9db96fa4d951089ac16ca0013,0,6.9349513
669,MC1_K2_N1_L8_SP10_P2_R06,94e7858943c55689c48ebee2bb1a595686251758b15ef2f4715b69b2aa216f12,31a85cf10323dcb0ff906b98f8f0dab39e853ab81d2695b1979df50869258a07,1,8db3478b2f0be258dcdf55dccd55d0cfd9453572305bba83957035fb9b61f91c,1.77635683940025e-15,7.0398402
670,MC1_K2_N1_L8_SP14_P2_R06,941e155b72893a3ff2c79a5213547ba60c4955aa812aac50644630e6ad1f669a,31a85cf10323dcb0ff906b98f8f0dab39e853ab81d2695b1979df50869258a07,1,262bcf12907506d9f643ac81015123341750931b2729278861f76be445fb5e7f,1.77635683940025e-15,6.9495547
671,MC1_K2_N1_L8_SP18_P2_R06,4c45f0800ea1e1e09cdd848fb975d460943d452d7b28f5f5922375ec69ded474,31a85cf10323dcb0ff906b98f8f0dab39e853ab81d2695b1979df50869258a07,1,7ec4b32cf63fec2c579510c9e8d73c0b191338676e79d077329a3e902556848b,0,6.9407722
672,MC1_K2_N1_L8_SP22_P2_R06,2e33ac372aa093467e0879bc91b0046e3df161e531126ac0d791f5098dbcabcb,31a85cf10323dcb0ff906b98f8f0dab39e853ab81d2695b1979df50869258a07,1,c9fffd48b8e1f92a336fc5391703f8c7b3a56d424504e75414fcc4e912a332c9,0,6.9259174
673,MC1_K2_N1_L8_SM6_P2_R07,f20caebe4bd87e4441267309bf467d67d6a1a26129b109f5448a359b96fbca14,31a85cf10323dcb0ff906b98f8f0dab39e853ab81d2695b1979df50869258a07,1,1c51a5a27b2c636aae22eeb8d23c45177350f4543787b32c5b9ddc4521d2a1b2,2.66453525910038e-15,7.0077412
674,MC1_K2_N1_L8_SP0_P2_R07,2533034842685d2be509635cc98703e08f20213b6fc368a974e741bef380c7b9,31a85cf10323dcb0ff906b98f8f0dab39e853ab81d2695b1979df50869258a07,1,be0f22b36187286ab186cb85bd7e8cef4fefda81f959bf8a03b23a7480133aa0,1.92865493310657e-15,6.9455843
675,MC1_K2_N1_L8_SP6_P2_R07,0bd0aa9d1a7c0a7f8985bba96adb1fedc39976b6070bc2ca787eac05c235405a,31a85cf10323dcb0ff906b98f8f0dab39e853ab81d2695b1979df50869258a07,1,8682051f3dc9f0576dfd01ef9e4931780f4a6339fbce911ccb40ed0a655ece5b,0,7.140951
676,MC1_K2_N1_L8_SP10_P2_R07,38b87e69edb39ba8333af11f7151c803079a8fc90acc32206abde783297d0621,31a85cf10323dcb0ff906b98f8f0dab39e853ab81d2695b1979df50869258a07,1,eb1f15536d897122405d9d433ccb75dd66d96e1103c9eb7d7dda487346c89819,1.77635683940025e-15,7.0970295
677,MC1_K2_N1_L8_SP14_P2_R07,b6436e0bfd28c820ba7e62be4301c2e3470c4aec5a752b7af82d68992c98505a,31a85cf10323dcb0ff906b98f8f0dab39e853ab81d2695b1979df50869258a07,1,2aace245674aed31f540dc7bac6f61b589f0bbe5bde8cd9f8c1709ebe4226ee0,1.77635683940025e-15,7.1562193
678,MC1_K2_N1_L8_SP18_P2_R07,409f5af5a93b8edcaeb21a788fd1752f99bff58fb35296b4571b4389957bf873,31a85cf10323dcb0ff906b98f8f0dab39e853ab81d2695b1979df50869258a07,1,2255991835658c110897b8acd89ca64e1c8003e3f9dc5c9c52d2fe0007569e43,0,7.0933498
679,MC1_K2_N1_L8_SP22_P2_R07,eaae113c18582a59414341f8c8a99daddbaacdddca8ad3d5de505f4b2e5a3ad8,31a85cf10323dcb0ff906b98f8f0dab39e853ab81d2695b1979df50869258a07,1,050bf1f632f3d826b4e45ae481de9558d4a9a2d59e5729a4786c550461e1205d,0,7.1097473
680,MC1_K2_N1_L8_SM6_P2_R08,741ef69c0a88a3a855ce14d0ceb30d415c7f0e918c2d4538f702b65e06b04fd8,31a85cf10323dcb0ff906b98f8f0dab39e853ab81d2695b1979df50869258a07,1,f1e5c57a06a3335d2d07fd40caecc6f5386e78c424de385a8d089679e0545889,2.66453525910038e-15,7.1016139
681,MC1_K2_N1_L8_SP0_P2_R08,b078c796cb08800fb18eb3c73d57a6789bc3b117c845fdb151113f27e2e563e5,31a85cf10323dcb0ff906b98f8f0dab39e853ab81d2695b1979df50869258a07,1,1d05fb2d9d36c7c15469a7711bdc63f6e740bccc058f9dd20a223063a717ceb7,1.92865493310657e-15,7.1269149
682,MC1_K2_N1_L8_SP6_P2_R08,04acf0ce56e97c2daff9c5cb88ebc76ffb144afee6c7b848c40fb79d5f5fca22,31a85cf10323dcb0ff906b98f8f0dab39e853ab81d2695b1979df50869258a07,1,3d0b7177b0c92d1b1b7ca935c95f473b38b22a41de5c7462758971c29adc6682,0,7.1281523
683,MC1_K2_N1_L8_SP10_P2_R08,cb1cc4883c6c751d80896a6ca560585d26d38aa80b8156e5473310fd9fd50995,31a85cf10323dcb0ff906b98f8f0dab39e853ab81d2695b1979df50869258a07,1,e06d8d69a5bdad71988159d8f6e6c56a27ff0ede0656789394cf47880111bc4c,1.77635683940025e-15,7.155177
684,MC1_K2_N1_L8_SP14_P2_R08,a8a5b02f3e288d5acbe7b127b211375bd4741b6e3532109638bc8a20615a41a2,31a85cf10323dcb0ff906b98f8f0dab39e853ab81d2695b1979df50869258a07,1,88437b2ba1d350423264f428ceec18e821e9ef7cd15fb893d69d8f92d4a3490a,1.77635683940025e-15,7.1810966
685,MC1_K2_N1_L8_SP18_P2_R08,c407a329a3e32de1ee74a6543504e43ba375f2cc6cdf60a5552fabf072b5659e,31a85cf10323dcb0ff906b98f8f0dab39e853ab81d2695b1979df50869258a07,1,8558842d771dab6e6ec9494985b18b998cc317a1e3752a391174c69239e065cf,0,7.5728502
686,MC1_K2_N1_L8_SP22_P2_R08,7edbb42334e08c975cec2b1501b58b1511538356dea3e02444e2616ee7cf24f2,31a85cf10323dcb0ff906b98f8f0dab39e853ab81d2695b1979df50869258a07,1,7868e1919cc18a9d323a4e2af4df1d9a08e7717768aff73966195ebfd9f779ba,0,7.1761938
687,MC1_K2_N1_L8_SM6_P2_R09,a7ccb525786383422c4279454117c9601969730dbd4c56eb9e15fb0a625b56bc,31a85cf10323dcb0ff906b98f8f0dab39e853ab81d2695b1979df50869258a07,1,20ee362a5958a654f30f4de63115f67a6c52f7a016cce63576a8a9d5434ff7be,2.66453525910038e-15,7.4776817
688,MC1_K2_N1_L8_SP0_P2_R09,d9c0043bce151f98e5d70b42fa59fdb77d6b264e8c2b3c077ca8abd9a6130d8b,31a85cf10323dcb0ff906b98f8f0dab39e853ab81d2695b1979df50869258a07,1,8f3263a201b0abfad8fd2ff9642db372c87ee97012dc9396fc728e11d8eb5b2b,1.92865493310657e-15,7.6240329
689,MC1_K2_N1_L8_SP6_P2_R09,b2e538718ba697358e60e974cb0a3822ac8b812d74547577d75daf7d66c1aa3c,31a85cf10323dcb0ff906b98f8f0dab39e853ab81d2695b1979df50869258a07,1,c6885a267fff8ca293b0e7aeaa5b4ef16b9c611f51e424c286120eeff04ea2d6,0,7.3582617
690,MC1_K2_N1_L8_SP10_P2_R09,1399a9a494271d55d9b3e402edb6a74f1e086ed6031e172e3119097b97528c0d,31a85cf10323dcb0ff906b98f8f0dab39e853ab81d2695b1979df50869258a07,1,8109e846df4cdc03134cbe0424edf4f89b1bc7942c286a49d4ac22f6eed2662e,1.77635683940025e-15,7.4345229
691,MC1_K2_N1_L8_SP14_P2_R09,ce4eb3922e138e2ddcbda92d21173b3f7b7f0d3d370a8ff733bec3154fd98ee5,31a85cf10323dcb0ff906b98f8f0dab39e853ab81d2695b1979df50869258a07,1,9209a838f9fa592521edd4ea1736ea8678f99d59c9013ff95341acb26644628f,1.77635683940025e-15,7.301118
692,MC1_K2_N1_L8_SP18_P2_R09,5effc78e6b07a5316d0ed421fcd8987334c6c9efca5d18e04cf0b3b408d66eef,31a85cf10323dcb0ff906b98f8f0dab39e853ab81d2695b1979df50869258a07,1,b0a3f189e248236456dbff6a0398d3f0dcdc14ff41efff8cabe240cd6df4c95f,0,7.2208695
693,MC1_K2_N1_L8_SP22_P2_R09,0676a4cca1f0572167c0b0ab58ac0dc88097d6a8646cd28903f4489d3e9b189e,31a85cf10323dcb0ff906b98f8f0dab39e853ab81d2695b1979df50869258a07,1,a6f3ac08357931e8e9c1b1eeda0141049d469c71e4b12e8a8c0970aed89a865a,0,7.1809374
694,MC1_K2_N1_L8_SM6_P2_R10,5511ea04badc2b383aa283066008729ebc0a82f4ef3bad882668d1d62756dde5,31a85cf10323dcb0ff906b98f8f0dab39e853ab81d2695b1979df50869258a07,1,d883dcd9385a104c9040a1d726e759825084d3129576ff9d44ef18eb7f4f3a53,2.66453525910038e-15,7.1488947
695,MC1_K2_N1_L8_SP0_P2_R10,1b7cc1d1dfbaa686abd3b3ee21f5c23a2bf4bccf5c46ea5f2a9dadf79bac4a69,31a85cf10323dcb0ff906b98f8f0dab39e853ab81d2695b1979df50869258a07,1,6615c74f31c893b8d2f14aec28c8fa8f06715c4078c05f7974b68e3c93922253,1.92865493310657e-15,7.1577013
696,MC1_K2_N1_L8_SP6_P2_R10,7fde1316414d788b4793e68b263e3cbe93955ee7b3724e7904f494943c847e18,31a85cf10323dcb0ff906b98f8f0dab39e853ab81d2695b1979df50869258a07,1,ebac76740b6b8d21297fdeb780193f75eced28f559f911587cba5ccc780ff936,0,7.1925061
697,MC1_K2_N1_L8_SP10_P2_R10,8d9677aafac4dfc6e8c25252b1ed84844ec3fd6846699d4a1a14676e18086ea6,31a85cf10323dcb0ff906b98f8f0dab39e853ab81d2695b1979df50869258a07,1,14f9534c1a8fcfd0d4fd051753f2c92d06d22e52e6a7209c4a8632af7555abb5,1.77635683940025e-15,7.2064129
698,MC1_K2_N1_L8_SP14_P2_R10,a2e1b42a10bd06975d7cd28eed0b2d2cc4bd339fcb4279b75903507ed2bae88a,31a85cf10323dcb0ff906b98f8f0dab39e853ab81d2695b1979df50869258a07,1,ac49584072ff9548d7d38d4915a5746b6da66999311a47496bf7cf76375dde01,1.77635683940025e-15,7.1702374
699,MC1_K2_N1_L8_SP18_P2_R10,471a495eade0fea238e5cef6603fb399ee063f006ef0d6841860e2f3cfb185f3,31a85cf10323dcb0ff906b98f8f0dab39e853ab81d2695b1979df50869258a07,1,c8b27d8e404c3ad0f2aa003e1c2438d0c2aaf5f1a82f8d05d3eadff250f4ca2d,0,7.1623095
700,MC1_K2_N1_L8_SP22_P2_R10,4121525b29868f0904b9addd02603c9e1194dc8d2ab02e0b1addf1a5313d3daa,31a85cf10323dcb0ff906b98f8f0dab39e853ab81d2695b1979df50869258a07,1,a60d9dda2060eca1cb82e6d02313b83fbd1da1bb196a37905d1995bd980a651b,0,7.2280961
701,MC1_K2_N1_L8_SM6_P3_R01,115b693c0d4d7bec9f82ef94e75d47846f057ef6dfd3e732a039cd03dfde2b8f,31a85cf10323dcb0ff906b98f8f0dab39e853ab81d2695b1979df50869258a07,1,643fe344628ee12a5891b773470c6746fe1f3efc4bebdf9201f4b4da4307535f,2.66453525910038e-15,12.5024292
702,MC1_K2_N1_L8_SP0_P3_R01,379e41ef4ccdbcccefaa403353815845537603ee42c8adec89d6d906861eb7fe,31a85cf10323dcb0ff906b98f8f0dab39e853ab81d2695b1979df50869258a07,1,55d81b6e374bdd1797de5a15cc8117ae53fe91dcb2b6e156e25f51908f336d55,9.64327466553287e-16,12.6179734
703,MC1_K2_N1_L8_SP6_P3_R01,ba860d309eb328b7422dae3182ceee1df0496c71e237a340dc6aa984a1997dce,31a85cf10323dcb0ff906b98f8f0dab39e853ab81d2695b1979df50869258a07,1,f8cca0cb3ea39f4bb131520f01c05ee92090e529f5670c92aa5149527d669174,8.88178419700125e-16,12.6727872
704,MC1_K2_N1_L8_SP10_P3_R01,81f6be3be43cb8c11169f8c8acaa7686748fbe3cebdf67eeb87ae0df86d8ff9a,31a85cf10323dcb0ff906b98f8f0dab39e853ab81d2695b1979df50869258a07,1,4e6dc3ca20370667611f1ac0443509233442730e075e2a4731439e79b517e488,1.77635683940025e-15,12.6005763
705,MC1_K2_N1_L8_SP14_P3_R01,0b5fc2381f753706fb9b19fbcf131a3b0d7ede1afd62ae23bb4183f46020bbd2,31a85cf10323dcb0ff906b98f8f0dab39e853ab81d2695b1979df50869258a07,1,091aec49a9e8ef2a0d28b36564d8c13811cdb0ad3843c5f41095e38f8eb2f2dd,1.77635683940025e-15,12.5112877
706,MC1_K2_N1_L8_SP18_P3_R01,dd6aa230473440bff86cd4d5df0db7e369547a4cfac4ce5a9357fd3bb5739e4b,31a85cf10323dcb0ff906b98f8f0dab39e853ab81d2695b1979df50869258a07,1,b2dcf1796cd8819581c9d93d4f1d9c892506907777dc8520b3d06ca97644018f,3.5527136788005e-15,12.824019
707,MC1_K2_N1_L8_SP22_P3_R01,7cf7b8f7a5d43d2f38baf8b45a0aad6995351e42aef8ff35ef5fda0def1d5b11,31a85cf10323dcb0ff906b98f8f0dab39e853ab81d2695b1979df50869258a07,1,2b0357a0098ff18089500c1db19542e6d32db853cf9bccbb05d34bbab929547e,0,13.0696287
708,MC1_K2_N1_L8_SM6_P3_R02,fbd2b5f1c7420d4392310ce35aeee7feb51914754eb6cc5e4d251b54ecc3c26b,31a85cf10323dcb0ff906b98f8f0dab39e853ab81d2695b1979df50869258a07,1,41f133225bb2b643d7e2cf566a2b0506ceec8bbb9d4386a0683928f9018b2431,0,7.6110543
709,MC1_K2_N1_L8_SP0_P3_R02,dfdb36a7c6c2e5e20e35965ab71cf83352da87a6def75ea9da2ce72cc7941924,31a85cf10323dcb0ff906b98f8f0dab39e853ab81d2695b1979df50869258a07,1,6616cec73da9dbb8844d29c82dc592f2ea794584414b1f752db61e2f413d0303,9.64327466553287e-16,7.4164526
710,MC1_K2_N1_L8_SP6_P3_R02,78914dfe552c733cef3b644b2f4dd4ff0b3018aeba5be30b8f8ac990b48b12e1,31a85cf10323dcb0ff906b98f8f0dab39e853ab81d2695b1979df50869258a07,1,6cb393951a174f80520e100fdac33f7ff71151cff1cc35d0ddd9c5adfc8572bb,8.88178419700125e-16,7.4472999
711,MC1_K2_N1_L8_SP10_P3_R02,6d60df7be202d35fe70c54bfdf2ad06b5880f203e1cf3b85ee73824a412360fb,31a85cf10323dcb0ff906b98f8f0dab39e853ab81d2695b1979df50869258a07,1,5037f9e6697858cdabd16fc096e0c8b03541df583634d432d57d826f35263964,1.77635683940025e-15,7.4519369
712,MC1_K2_N1_L8_SP14_P3_R02,e780510ef7545580be6420ee20de6ea18d6b6a6eee278cd1d00f643a688faa33,31a85cf10323dcb0ff906b98f8f0dab39e853ab81d2695b1979df50869258a07,1,379b503224df6cbafc8e63e0c7f2e2652618bb68f7b83cb4cf57c5a36ffad32b,0,7.4030519
713,MC1_K2_N1_L8_SP18_P3_R02,030c6fb0aa545da9157c17ee10f30528b1e526cf7dec179615c29911884c07eb,31a85cf10323dcb0ff906b98f8f0dab39e853ab81d2695b1979df50869258a07,1,d1656768d29d3e1e17e57256c8cae91c959988fcc454620f9f547d8f3648ca9b,0,7.4709078
714,MC1_K2_N1_L8_SP22_P3_R02,ccf2bd1746ad2d1e12cc252a66f683f70870bd1e68c588a87fd92e96d22e8020,31a85cf10323dcb0ff906b98f8f0dab39e853ab81d2695b1979df50869258a07,1,f76c7988cf76b6ab20f7997c269c64c1e298f5e928c518759713a86cece59384,0,7.5230983
715,MC1_K2_N1_L8_SM6_P3_R03,3cc61982b220229ab15cb9d9029415e21f2d52cc0fcc49e0dcf08b013bdf6c92,31a85cf10323dcb0ff906b98f8f0dab39e853ab81d2695b1979df50869258a07,1,b055ecaadcdef375729c39f45b452e0a906f12921e4b044202fd60a03605c86e,2.66453525910038e-15,7.5284696
716,MC1_K2_N1_L8_SP0_P3_R03,b67148644240fedebaa38d0376c02ba8a7c96437ee87e62a6515e8fb75c0b667,31a85cf10323dcb0ff906b98f8f0dab39e853ab81d2695b1979df50869258a07,1,27da82cc99c1bd569a6e16e45335babf6e7a208a1d20e2d1be76c938880ebc92,1.92865493310657e-15,7.5544667
717,MC1_K2_N1_L8_SP6_P3_R03,13d62336a2164a955ef02999b9c072cec51bcc71ec1c569ae6c266252f204bc7,31a85cf10323dcb0ff906b98f8f0dab39e853ab81d2695b1979df50869258a07,1,b91c0b0ec94451d3a2d447cb281e588cd6c34d53bbd51b3fea4b5630c9140064,0,7.5385557
718,MC1_K2_N1_L8_SP10_P3_R03,b25afff7b5db5013520ece62f65b18ad063a374c9a302020a41abf6e2eaa275c,31a85cf10323dcb0ff906b98f8f0dab39e853ab81d2695b1979df50869258a07,1,4683974b16823de80f2988234773d459f5bdee55234406d7d8924aba2953dc9f,1.77635683940025e-15,7.460268
719,MC1_K2_N1_L8_SP14_P3_R03,d442eabd8070cc029512c827cdafc86887c9930808ce4be4f462144063dd9c52,31a85cf10323dcb0ff906b98f8f0dab39e853ab81d2695b1979df50869258a07,1,5fa25d4a86d888486f4de3aaf01ba12685d8c68009885603b583ea33cbe0b879,0,7.5051491
720,MC1_K2_N1_L8_SP18_P3_R03,c3ea4d20e9524156d8c776dd7f0b036bde1a1baa6c042fd890c216dcdbbbd3eb,31a85cf10323dcb0ff906b98f8f0dab39e853ab81d2695b1979df50869258a07,1,ccfb197b99787328c672a276e7b1f0fa2a6de71978027ca162d1e51270072eaa,3.5527136788005e-15,7.5385202
721,MC1_K2_N1_L8_SP22_P3_R03,bd553bc8c1cc247a26992b4edb13d7686a1fdf6576bd29ba5946d6c01553e919,31a85cf10323dcb0ff906b98f8f0dab39e853ab81d2695b1979df50869258a07,1,e80cb8171c175e002a991b773277936e1eac9137d02fea2926a7706b1f4ff284,0,7.4787765
722,MC1_K2_N1_L8_SM6_P3_R04,993e037de6f27b38fbb0c81b0026c1d1b66b51faca46e283ca42243a8bc3c64c,31a85cf10323dcb0ff906b98f8f0dab39e853ab81d2695b1979df50869258a07,1,add9fd088ed504141a65320e7f5ce4c62fc2348c98ee4257f72837f266c4e752,3.5527136788005e-15,7.4517401
723,MC1_K2_N1_L8_SP0_P3_R04,3158b9b248b1c7dab460ba70802299d11100a7076e388b1772afc0b45d238a7f,31a85cf10323dcb0ff906b98f8f0dab39e853ab81d2695b1979df50869258a07,1,04f48e76721e5c849985545840d4c39fbdded3158f09d602ef68cfe36ef59a42,1.92865493310657e-15,7.5346856
724,MC1_K2_N1_L8_SP6_P3_R04,93d2017fde180a819caa6b041339ff5048aee24a87450aec21c020489d0cf0e2,31a85cf10323dcb0ff906b98f8f0dab39e853ab81d2695b1979df50869258a07,1,bfbb83d28c4cf894d5cf4cffb1c263f5871bd07dcc2363e995ce8dfbdbb8c5d8,0,7.5719944
725,MC1_K2_N1_L8_SP10_P3_R04,1954265e207bf74b859d838fcc9f99c7b2d48c195fee36ddcfbc892788db8582,31a85cf10323dcb0ff906b98f8f0dab39e853ab81d2695b1979df50869258a07,1,a19c9328ec8739a705336a9cfedb3e3b40faf7704c015ca6caea365aa9c3c6e4,1.77635683940025e-15,7.5569055
726,MC1_K2_N1_L8_SP14_P3_R04,e9300d065dc8a00cfb14bf500bc96afb9e69204143b61f4d1651cc22921e55eb,31a85cf10323dcb0ff906b98f8f0dab39e853ab81d2695b1979df50869258a07,1,54afdec6b0990ce1e6e0df325e3d4f2962047d2270008704a9a61d48891c2430,1.77635683940025e-15,7.4981592
727,MC1_K2_N1_L8_SP18_P3_R04,817caa7b851834fd2488741039e90aee475313ab09613c8a8a47940eba570574,31a85cf10323dcb0ff906b98f8f0dab39e853ab81d2695b1979df50869258a07,1,31fa5437e2d6a314045bf1da89393aff526cf82f3188d0d7cf419a136a1acfa6,3.5527136788005e-15,7.4518993
728,MC1_K2_N1_L8_SP22_P3_R04,df75b2a829fdd53ae8de569c3d6fb9365336fc2fd4796722033aa60a13961ee3,31a85cf10323dcb0ff906b98f8f0dab39e853ab81d2695b1979df50869258a07,1,7b6d265340780b09e92f4f155f25be2375e3ef0a5d15bb08cdf3b01078618b10,0,7.6626209
729,MC1_K2_N1_L8_SM6_P3_R05,276ce833e7dc47b47058338b70f37a7b49d0c6b742153e55c835df4d78945280,31a85cf10323dcb0ff906b98f8f0dab39e853ab81d2695b1979df50869258a07,1,b898e3f1dd63a78fdc7cca24c30637acd2b5bb0b72a297ff6ffa8c70e8585314,0,7.4244013
730,MC1_K2_N1_L8_SP0_P3_R05,e6d44c738dac4d354a090db85708b8dcd863888cda5ef3487b5fe7dd0e9e6124,31a85cf10323dcb0ff906b98f8f0dab39e853ab81d2695b1979df50869258a07,1,9d14dcdabe1436b0faa113d97d5086cd60aa0be2a5da98a35f3a4c3d98a741b8,9.64327466553287e-16,7.5176096
731,MC1_K2_N1_L8_SP6_P3_R05,7784aa5f8329bf66e4bb6da792d76555d6d7bdee439f682f26169f60cfe126db,31a85cf10323dcb0ff906b98f8f0dab39e853ab81d2695b1979df50869258a07,1,b5ab8caee3f34ecf2153f085cbbc1b2564c88c1becc94ed183d16e69753b60fd,4.44089209850063e-15,7.5752435
732,MC1_K2_N1_L8_SP10_P3_R05,0bdaae19940728ed8f5b3a3289b40caa10316944a8da7e77d9ca28bdbbe73fde,31a85cf10323dcb0ff906b98f8f0dab39e853ab81d2695b1979df50869258a07,1,1281f4ec93619567f759e37a4abc18e898d6d8156800dc8e80f18a2694663ff4,1.77635683940025e-15,7.4852123
733,MC1_K2_N1_L8_SP14_P3_R05,9fcac07265cf18ea3dacf0c9102bcc76ccf02aa179c06f4e0dd0435d7f5d97fd,31a85cf10323dcb0ff906b98f8f0dab39e853ab81d2695b1979df50869258a07,1,a4aed80de7240a343bd6482a50aa7fbbabb66543d904e21a96e3bc462e87f07a,3.5527136788005e-15,7.6336237
734,MC1_K2_N1_L8_SP18_P3_R05,1b419a8c6bba54c0d99aaac99329ec839660896bc746c7103982e829ba8ee93a,31a85cf10323dcb0ff906b98f8f0dab39e853ab81d2695b1979df50869258a07,1,417c5ffbd7c97eda64e4c2918817ab41bf9d1dd4fa5eef5f26518f3f41dab06a,3.5527136788005e-15,13.6215773
735,MC1_K2_N1_L8_SP22_P3_R05,91896b795b1edd3057735565d3a386ce504f865a48cd1549cf336365fbd07997,31a85cf10323dcb0ff906b98f8f0dab39e853ab81d2695b1979df50869258a07,1,23ff47a4b4d9ab4fe703e82f976bdcfe72a32bf7b8c5128f0111ab6b4cac77cc,0,12.7908895
736,MC1_K2_N1_L8_SM6_P3_R06,44d4486eaedcdfb487a836b6f64a81efbcbbf7b0671b5212946c61e10ccbb203,31a85cf10323dcb0ff906b98f8f0dab39e853ab81d2695b1979df50869258a07,1,692a55c553620139191c853a50d030f966395cc6a778c5e03d647d8f6c7ae4d4,0,7.4570165
737,MC1_K2_N1_L8_SP0_P3_R06,f880e6e3338e968a524062360879fe18295af7951ecad33da376dcbd2dd44330,31a85cf10323dcb0ff906b98f8f0dab39e853ab81d2695b1979df50869258a07,1,310db38995619c67856e7f2a6e16d80b35e377766df8df4538bb24abbfc23bd0,9.64327466553287e-16,7.6139184
738,MC1_K2_N1_L8_SP6_P3_R06,0b9497b853eb271d154b5980801e276df0f6e34617db58df93dc13c6a0bb8384,31a85cf10323dcb0ff906b98f8f0dab39e853ab81d2695b1979df50869258a07,1,6a13de755eedaea355f8f70c73a2b73204a61ff8bd95b1b8d91215a58596dad1,1.77635683940025e-15,7.5491395
739,MC1_K2_N1_L8_SP10_P3_R06,7120bd0b7ccdec45018d22ef39f8ce4574e2ec4939fe32a529ce2f3fb7a0b56a,31a85cf10323dcb0ff906b98f8f0dab39e853ab81d2695b1979df50869258a07,1,7d796edb0879697d33a8f986f3afb089387ba242f332910b6701fc8e1f48c03e,3.5527136788005e-15,7.565025
740,MC1_K2_N1_L8_SP14_P3_R06,19d39c1392daada94e33b28c0f389127f2d789576adef61319522c9641e0d4e3,31a85cf10323dcb0ff906b98f8f0dab39e853ab81d2695b1979df50869258a07,1,b061888a93a1b174020d5a0d6a14f72b25a70ec98631740adcc4f6260a8a0e68,0,7.5363629
741,MC1_K2_N1_L8_SP18_P3_R06,6f9dc7c381526731a1fb7180911a72fe7da27bbd41aaee1f16870cf17e3a8ccf,31a85cf10323dcb0ff906b98f8f0dab39e853ab81d2695b1979df50869258a07,1,80609f08de71c5eee4bb7761632aac4fd9bcf9f974c9eb7832ae9a0696d83c3e,3.5527136788005e-15,7.6061581
742,MC1_K2_N1_L8_SP22_P3_R06,465a440b1428e47e9ef8ca3e26195f005e05eb1b6a2d71c8b2f6af2e46c2a61e,31a85cf10323dcb0ff906b98f8f0dab39e853ab81d2695b1979df50869258a07,1,ad5d115f10344a679577aadb231d893aabce24f802122f96de9b9c94a325dbd3,0,7.5911944
743,MC1_K2_N1_L8_SM6_P3_R07,01d6db8d546a2e61e747916b142b8496c6d1c19019c79a30f0435ba9aa78888c,31a85cf10323dcb0ff906b98f8f0dab39e853ab81d2695b1979df50869258a07,1,96ca6ddc67e36f633914dde2d20fb713f3cd177d8a4f7e4efc7ad109355950e0,0,7.5466742
744,MC1_K2_N1_L8_SP0_P3_R07,487c35ca18885dc9079f645b9453f7ae6dbf0e2afd18fbd76d3bc0fdc4e2bef5,31a85cf10323dcb0ff906b98f8f0dab39e853ab81d2695b1979df50869258a07,1,39cbf21fa26ca76896e038d7eaec50e540d704996c1096d9423b96ff572f5996,9.64327466553287e-16,7.5171063
745,MC1_K2_N1_L8_SP6_P3_R07,9d55b3e408b5b434594455a9a3a50caa3ccac27e2b5ef4c4194656382f4209b5,31a85cf10323dcb0ff906b98f8f0dab39e853ab81d2695b1979df50869258a07,1,a3c3d9c45d5c002de348f2b0bd34fc31d48aec7ab4700282c87b222390395445,0,7.5384664
746,MC1_K2_N1_L8_SP10_P3_R07,7acb6f0cafd86463af163094308b871221d16f6341a8a5f531e231e5d8879a55,31a85cf10323dcb0ff906b98f8f0dab39e853ab81d2695b1979df50869258a07,1,799bc4cdadd75d981c47762b3a51a4bb018ab9a505e729c5840bf89e46629333,1.77635683940025e-15,7.5451345
747,MC1_K2_N1_L8_SP14_P3_R07,33a2e28db0916bcbcefbf6dc15cf8803ebce36c4ca266fc7fa3aa4a051685d4a,31a85cf10323dcb0ff906b98f8f0dab39e853ab81d2695b1979df50869258a07,1,d7794bca3a4a10d49573d28854551b8154536425e44adced8a4411a72b574725,0,7.4215896
748,MC1_K2_N1_L8_SP18_P3_R07,c2566aae3af25e13ba685aafe1d644d8bbc57b0260cbe5fbfd6084b7f42699d0,31a85cf10323dcb0ff906b98f8f0dab39e853ab81d2695b1979df50869258a07,1,f9595a97cc0853a34fd505884a0d5b94faf11e87cad393de57f3cd8ce214e0ac,0,7.3933228
749,MC1_K2_N1_L8_SP22_P3_R07,010833868d41578a061a431b38f898c74ddf9606ac07fe30a2e197b93e41e15b,31a85cf10323dcb0ff906b98f8f0dab39e853ab81d2695b1979df50869258a07,1,c14774347fbca99d4f05c96d4f5756ea900d9f20edc977455b5255ff90f58d8a,0,7.3182712
750,MC1_K2_N1_L8_SM6_P3_R08,4b8719a600482fbb25f224448bf77c78024fc5eec4fb7eaf83d7fe1248d5c6e7,31a85cf10323dcb0ff906b98f8f0dab39e853ab81d2695b1979df50869258a07,1,c8c990fbcb35b7dcb874ff5d687a00baa70f6ce299e7aa527648017c8b91b91f,0,7.2101411
751,MC1_K2_N1_L8_SP0_P3_R08,aafc62e381c13348e154775183212a26346d399153aa627a4d53338fb1526b60,31a85cf10323dcb0ff906b98f8f0dab39e853ab81d2695b1979df50869258a07,1,155f38accc24c191dd874a1ab32a0b66515d1fbca83f9c9228a6e05d1300352d,9.64327466553287e-16,7.1851795
752,MC1_K2_N1_L8_SP6_P3_R08,9f19ae5f715ca3428e018c2d7ca093b134c688923e7496fd7135f40e017267ba,31a85cf10323dcb0ff906b98f8f0dab39e853ab81d2695b1979df50869258a07,1,6038ea0bc15cf0f29d8851f2776409b48aa77f871cda7c2d8d857895b0983a3a,1.77635683940025e-15,7.2135514
753,MC1_K2_N1_L8_SP10_P3_R08,ed09a2515af7ef86a71588db4b45b065b07a812af259825225adfdc58606f399,31a85cf10323dcb0ff906b98f8f0dab39e853ab81d2695b1979df50869258a07,1,223e3793c8e3e6d1ce4b04a3cc43825eb5cca771f854a2a4a12165063fda5957,1.77635683940025e-15,7.376791
754,MC1_K2_N1_L8_SP14_P3_R08,c2f3cccc447d3bb34ac49ea01861c5548bbf0c58a8cb188fee82e5efbbcc0dd4,31a85cf10323dcb0ff906b98f8f0dab39e853ab81d2695b1979df50869258a07,1,b1a3ebeefc76dd31d709ce5f877e8071406b1cf2b3f5c017a58ff43c20ddb035,3.5527136788005e-15,7.405333
755,MC1_K2_N1_L8_SP18_P3_R08,e3da04f3d59dfbb4010e95e909f52fdbc3a86d1eec8549897739eac62036b29a,31a85cf10323dcb0ff906b98f8f0dab39e853ab81d2695b1979df50869258a07,1,cfd92119b3590a9b02a7707fa8434ec4a58f1e63b5becb8fb684a59745559fb9,0,7.4597709
756,MC1_K2_N1_L8_SP22_P3_R08,2e4ccfb7b16e951fedbf0a0c96726648f24d1f37b34d88fccddd1db19bce015b,31a85cf10323dcb0ff906b98f8f0dab39e853ab81d2695b1979df50869258a07,1,3abf50a90dc1d236199c607b6af7c02cd181a04693d2dcbb0b38c5668c899a33,0,10.1074474
757,MC1_K2_N1_L8_SM6_P3_R09,c7a663b0888617eb9fa8ce815fd08c15712896e48387253b22797bdfd5c2cd90,31a85cf10323dcb0ff906b98f8f0dab39e853ab81d2695b1979df50869258a07,1,60b1564807b735d588f7b1ae22503b6338c9f57cb8d2c86d3681388f8bf41905,2.66453525910038e-15,7.3458262
758,MC1_K2_N1_L8_SP0_P3_R09,f9bd44433c37387cd2d54cd11193a694208f56ca8e8e3e416f3e012e8bdee575,31a85cf10323dcb0ff906b98f8f0dab39e853ab81d2695b1979df50869258a07,1,9d432fe1e9c7537df2276d1577a88ca15d788e980deb31aa1be26158da7c4ea1,9.64327466553287e-16,7.2362611
759,MC1_K2_N1_L8_SP6_P3_R09,d4d9747d23c1bd0e3efd5b4f41029b6798f6ce0351f8a4ddce42a6c711b53c47,31a85cf10323dcb0ff906b98f8f0dab39e853ab81d2695b1979df50869258a07,1,8ba234c03b73c377ebb75110ccb6e4cfb8f37e8e4a59c1d5ade86d21c22ac1d0,0,7.2845155
760,MC1_K2_N1_L8_SP10_P3_R09,963fc65390e7c8aba7255bfa8564da3a3e8b20737ad9469406fae46b5f5fe517,31a85cf10323dcb0ff906b98f8f0dab39e853ab81d2695b1979df50869258a07,1,7cf5f43cfcc4902027a5a5b8b8c96c24c92ad179887189679f3628a1c3b9861b,1.77635683940025e-15,7.2008625
761,MC1_K2_N1_L8_SP14_P3_R09,b38b9007eb25e393e7ab80795ac64893ab14bd0b93bd7aee651547a8a6b7456a,31a85cf10323dcb0ff906b98f8f0dab39e853ab81d2695b1979df50869258a07,1,42d29648dd47999f78bc5a93e61602d32045812428b6804b984f967101d8c77c,0,7.2903229
762,MC1_K2_N1_L8_SP18_P3_R09,3d0b5033880bb249c4ff9f8f172308a5ae06af9c7c34366fa7d7e3a87129287a,31a85cf10323dcb0ff906b98f8f0dab39e853ab81d2695b1979df50869258a07,1,6c8c5191832397957c1780d6c30eabcbcc707fc4d6297010fe4f72a9c1d40a6b,0,7.3548463
763,MC1_K2_N1_L8_SP22_P3_R09,6cee8316d0e8fea3b9700e8ee6450470b818df4a6efc18eb3a9e8a5e8b7b8058,31a85cf10323dcb0ff906b98f8f0dab39e853ab81d2695b1979df50869258a07,1,17d5ed8f83839e41516d996af9b6219e63ca4086110d6a753766c82ac79d6315,0,11.3013025
764,MC1_K2_N1_L8_SM6_P3_R10,817cea1b0beb91ed88d69d3f3537d16a65beef680e506fdedac7304f28c9ec68,31a85cf10323dcb0ff906b98f8f0dab39e853ab81d2695b1979df50869258a07,1,ecdc5907f423c1bbfc72cd4b69569421118c7a677f71c4cb13ce3f011dafdc31,8.88178419700125e-16,7.3992131
765,MC1_K2_N1_L8_SP0_P3_R10,954e7488f86dc310a090b92fa4f5718552098f7fe43a104cd5c3ba4550711363,31a85cf10323dcb0ff906b98f8f0dab39e853ab81d2695b1979df50869258a07,1,230ec8b9138d95c36ac88d3862b409a05babfcb55b646d9e33b57ca39a6b423f,9.64327466553287e-16,7.2504185
766,MC1_K2_N1_L8_SP6_P3_R10,73e5f8b8a28a635d0156c4dd6eaa7f809a00a4d95539b7a551c0bdde5c3075d9,31a85cf10323dcb0ff906b98f8f0dab39e853ab81d2695b1979df50869258a07,1,cf84f2703ef7afb91134e9113a723dd77bc10332336723a72a9dc44554550079,0,7.2863586
767,MC1_K2_N1_L8_SP10_P3_R10,f1ab4ed056059049ee27ceca0e2fc475cca018dcd94eda0aefa28d037e28b1f9,31a85cf10323dcb0ff906b98f8f0dab39e853ab81d2695b1979df50869258a07,1,6e32ba487015534ee8c224ca36f0edd10e8892b875222677b8f9f69a874ea432,1.77635683940025e-15,7.386002
768,MC1_K2_N1_L8_SP14_P3_R10,126bde2b9ae595ca7c8a369a8c69862807efa5bbbf3879223579bbf6d1974456,31a85cf10323dcb0ff906b98f8f0dab39e853ab81d2695b1979df50869258a07,1,5cbc36812ed0284c144ca3875b54576c4dbf42359be2e33b9737f16829b5a2c8,1.77635683940025e-15,7.3207009
769,MC1_K2_N1_L8_SP18_P3_R10,364fb19b97aa0b0aeee18c1070facbf2dde2202c8c266af576e5801f170908c4,31a85cf10323dcb0ff906b98f8f0dab39e853ab81d2695b1979df50869258a07,1,037b1e2f1593fb797763f495ae992c460de6340709dc05ff7bc924e2285b8a01,0,7.4987142
770,MC1_K2_N1_L8_SP22_P3_R10,60627e308a05f251310d1ace3afc9e50d85dd881930e6a14328d1513c5075714,31a85cf10323dcb0ff906b98f8f0dab39e853ab81d2695b1979df50869258a07,1,85e693c987e05d536bc2bfaba419f5b3bf2ed404dbc1192a451e258f15beff3c,3.5527136788005e-15,7.4241351
771,MC1_K2_N1_L8_SM6_P4_R01,d19d4f0f7daee35100048613374a2d28ce2960684ce45a68f6c82995a8c3155a,31a85cf10323dcb0ff906b98f8f0dab39e853ab81d2695b1979df50869258a07,1,c14ddb895ffece77fd4544f0f71498ced01e6395301f527601ba110a82413ba4,3.5527136788005e-15,13.0111933
772,MC1_K2_N1_L8_SP0_P4_R01,056895bc764c1f92f8102de20f4d4c64e8fc52de66cf473b2961383a049cdef5,31a85cf10323dcb0ff906b98f8f0dab39e853ab81d2695b1979df50869258a07,1,444c06572c5991df66bad49bbcd087fa7eb98d26157ff33803e284dc40e68d91,9.64327466553287e-16,13.0933323
773,MC1_K2_N1_L8_SP6_P4_R01,cbd262f2d2891cce44993fd2487576e9480b2d06f7bfe3d84e8947fda1ff35f2,31a85cf10323dcb0ff906b98f8f0dab39e853ab81d2695b1979df50869258a07,1,499a8610b7eab7b1667066380a4b3b167ee922bc4fa5ef4c91e438976f1bbbd9,1.77635683940025e-15,13.3656027
774,MC1_K2_N1_L8_SP10_P4_R01,c514f6166c6c549ca2b48be735504e0c713ddc1d270867fc3a3ab63c49457463,31a85cf10323dcb0ff906b98f8f0dab39e853ab81d2695b1979df50869258a07,1,8c432c47c9f86a4de2d8305347c59734842a48460a466a2f54697825d0ffcf32,1.77635683940025e-15,12.7818537
775,MC1_K2_N1_L8_SP14_P4_R01,fab65f60ab0e20f874451ecc82bb4e3073e6702d574f1571473200fb0e50daa4,31a85cf10323dcb0ff906b98f8f0dab39e853ab81d2695b1979df50869258a07,1,e23bc0132165a311698b8489351ff1219a5da02d23ad792d3b5d6654c62d219b,0,12.6234505
776,MC1_K2_N1_L8_SP18_P4_R01,d509903fa6b707e39ee8affb98135bd9f0e31121a96f9c3a73d62bf70322209d,31a85cf10323dcb0ff906b98f8f0dab39e853ab81d2695b1979df50869258a07,1,20b10da55413056b2f958b7e153517b86d3e2143f7d83127326cd01f87558eaf,0,12.6492302
777,MC1_K2_N1_L8_SP22_P4_R01,782ac42453ee3785f89c542c027ae53b459cb46c888f34655d4d047fa5ba704a,31a85cf10323dcb0ff906b98f8f0dab39e853ab81d2695b1979df50869258a07,1,047f64f278fa394e318d1d9959d2f912de051394a0d3550bda268b27800bb680,0,12.5397066
778,MC1_K2_N1_L8_SM6_P4_R02,42dc30c93baa36507fd8ffb089f965a1e8f9cbf6266a3ba3eb85d23b7dbd9cb2,31a85cf10323dcb0ff906b98f8f0dab39e853ab81d2695b1979df50869258a07,1,0972098411440775b2e9e2252ade1ca8fee9433e58a7fc6b3d3e598e9b741b59,0,7.2060385
779,MC1_K2_N1_L8_SP0_P4_R02,13dd7376fe0042061514bf40633ffce1bf2f6c266b72888e80376bdf3e3adbad,31a85cf10323dcb0ff906b98f8f0dab39e853ab81d2695b1979df50869258a07,1,ac23434c76eb6265e42bb5bde5df65a5f004b851ef9110ae027eca5dd6ad11a3,9.64327466553287e-16,7.3112404
780,MC1_K2_N1_L8_SP6_P4_R02,db7cc9bfebe84690728dc789e6f2eecb1bda9ed4e903f34c87f67c4653b3512f,31a85cf10323dcb0ff906b98f8f0dab39e853ab81d2695b1979df50869258a07,1,a31cae507afc8c0ff613c14cc0386de325254e0cf207d8bb224c185047bf2b0a,1.77635683940025e-15,7.2399215
781,MC1_K2_N1_L8_SP10_P4_R02,008a836d9f89d21669c75c92c83ec3c44e094661e513734bd33d9d2033ca5e88,31a85cf10323dcb0ff906b98f8f0dab39e853ab81d2695b1979df50869258a07,1,335b2092cf5714b49e62319f7bf25e50da76eb0ff249ae24c04bfcd845f6829a,3.5527136788005e-15,7.2372765
782,MC1_K2_N1_L8_SP14_P4_R02,049e23e8c1e957889049199e1aa926718afeb2e661f5b91c4164602c2578b590,31a85cf10323dcb0ff906b98f8f0dab39e853ab81d2695b1979df50869258a07,1,53a0fcfe39c5fa1a394202540cd22f2d54eaa6dd010c98877fc758b7823f81b4,3.5527136788005e-15,7.3037911
783,MC1_K2_N1_L8_SP18_P4_R02,871a519e0f63d821e5a53331d9ec8d569f30bf477f2dd4a0a0c1236811c430fd,31a85cf10323dcb0ff906b98f8f0dab39e853ab81d2695b1979df50869258a07,1,7565785ef8f9b9162b2b696dd6527b74d8be610d3388eea5c93315024734937b,0,7.3999685
784,MC1_K2_N1_L8_SP22_P4_R02,55f0bcc94d14ac239638adb0c25e71fd85f1b2d61a8502e1d83b7a5bc9cfda5f,31a85cf10323dcb0ff906b98f8f0dab39e853ab81d2695b1979df50869258a07,1,c2170c0b63363b9faa3e2f6c09555177eb18d425d8d82c00b9d1e7deadd0186c,0,7.4202645
785,MC1_K2_N1_L8_SM6_P4_R03,029579abd5bf496e74f26894958a098077c5ef35a46825fdc5b6598c4f0f577a,31a85cf10323dcb0ff906b98f8f0dab39e853ab81d2695b1979df50869258a07,1,09d5d52458dd3724a37ae5578d7d5ef7e0aa2320938b9d5be55d5010ca763a0b,8.88178419700125e-16,7.3258386
786,MC1_K2_N1_L8_SP0_P4_R03,59d67ed58c2c5a57a0e2be44aeee14e0fa3ad6aa560eb4e9e2695b48cdcf71cc,31a85cf10323dcb0ff906b98f8f0dab39e853ab81d2695b1979df50869258a07,1,123dee62fa64bba35adfa0c837a7f56136455c8225d91fe32b77ef1d1602268a,1.92865493310657e-15,7.472181
787,MC1_K2_N1_L8_SP6_P4_R03,05bf31af0386861fd6767b76e85b0a4a9cb25e38d8dfd8279f5f1f3f8e3c1e56,31a85cf10323dcb0ff906b98f8f0dab39e853ab81d2695b1979df50869258a07,1,5ac465475d5f8d28e086ade2da62fea08526f761e0bac23bf9a15708ed3ccf02,8.88178419700125e-16,7.3478243
788,MC1_K2_N1_L8_SP10_P4_R03,9f49ae0c9d45893f941f46a36a28ef76b9e31f620f44830b93233f57fbdde7ae,31a85cf10323dcb0ff906b98f8f0dab39e853ab81d2695b1979df50869258a07,1,b1cf982878f0997b0a85673a77aaba50044d2920c760b5ac6b579150f84676a8,1.77635683940025e-15,7.5729959
789,MC1_K2_N1_L8_SP14_P4_R03,edf9825197053f61e90f1893c61457996c1783bd3b0c07d213b19493f0972107,31a85cf10323dcb0ff906b98f8f0dab39e853ab81d2695b1979df50869258a07,1,e096bf97ea403b361d7c02a588fd159532d42b57708e84910c2703acd585119f,0,7.3324605
790,MC1_K2_N1_L8_SP18_P4_R03,b10a092657b8e70094a1d7fa290dfca71508d9d3baad653e0090e425e0d91c5d,31a85cf10323dcb0ff906b98f8f0dab39e853ab81d2695b1979df50869258a07,1,315d8a77bf2e3bbd249ffcf067d5eb5288b70b03eae9a729509663ffd670e241,3.5527136788005e-15,7.3051739
791,MC1_K2_N1_L8_SP22_P4_R03,151c188e37668d097c6c07e5e3ea2729f8efe8c5af12328ae96874a612f78f6c,31a85cf10323dcb0ff906b98f8f0dab39e853ab81d2695b1979df50869258a07,1,2f3187e1f7d8210292404a1ba5d343bec7b4f10d526c6883676da6d8c4feeeb5,0,7.3498367
792,MC1_K2_N1_L8_SM6_P4_R04,4e4156b4941c608ab7d0f48976eb63666eb5ee517c7872af3b14c50d9d2c8646,31a85cf10323dcb0ff906b98f8f0dab39e853ab81d2695b1979df50869258a07,1,afe576515fcf3c122b4f5c8b5f05901fbf3d395cbe114405859a199b60368209,3.5527136788005e-15,7.2803073
793,MC1_K2_N1_L8_SP0_P4_R04,ef3b032a25f96768e227aa7d7e9864030a4fb1d31c193214a9e4cd39c465b550,31a85cf10323dcb0ff906b98f8f0dab39e853ab81d2695b1979df50869258a07,1,6db8a284d5853722531087b0dc9df7f5a1eaf081e585da00df0b1dc7a0c3b4fe,1.92865493310657e-15,7.2823952
794,MC1_K2_N1_L8_SP6_P4_R04,be1abb251e596bbe689a76156702e61c7136863cc92ff08dea143b9b0709398d,31a85cf10323dcb0ff906b98f8f0dab39e853ab81d2695b1979df50869258a07,1,9daaa3f921b552d18456bc067fdf858fb6d4c7ee98f620336e67b0fa769a6bda,1.77635683940025e-15,7.3198938
795,MC1_K2_N1_L8_SP10_P4_R04,1a89051daf527e2c8e650dc93e9306a167b10f77795e574f4599dac95cee1528,31a85cf10323dcb0ff906b98f8f0dab39e853ab81d2695b1979df50869258a07,1,e3195ad2ac071af0001b4c820ca4f9b0f9af75c2a7ae4d0df8857fd81ed75363,1.77635683940025e-15,7.3004223
796,MC1_K2_N1_L8_SP14_P4_R04,b85be25c913dbaaf665cc5d187d66c6ef2ace99b04eebedfc45352ca12594cef,31a85cf10323dcb0ff906b98f8f0dab39e853ab81d2695b1979df50869258a07,1,a01f7e571c683a2a35bfe16942812880e373e11cc5737f6d399164885202ebe8,0,7.2241429
797,MC1_K2_N1_L8_SP18_P4_R04,5f29f3d3d0adfad1072ce23f91e756af8663f794ec17fe58aeb03cdf63f1d731,31a85cf10323dcb0ff906b98f8f0dab39e853ab81d2695b1979df50869258a07,1,9cc4d127a23d1556b6db13721586ba128bd35935b177fd954d948ae0b3b61bea,0,7.3102179
798,MC1_K2_N1_L8_SP22_P4_R04,ad7d23cf81d93f1d1df85b31da390da31fbe9ce0cc7f6f97694e8013efbe2602,31a85cf10323dcb0ff906b98f8f0dab39e853ab81d2695b1979df50869258a07,1,53786cbae0ebb9e8254baa710878de33ffd522bc84acd50b53eddbad8406b78e,0,7.2923532
799,MC1_K2_N1_L8_SM6_P4_R05,bd56a659a07f08673ec5f9626113c8dcc4d0ef31c34f62d597fc26d4032735bf,31a85cf10323dcb0ff906b98f8f0dab39e853ab81d2695b1979df50869258a07,1,a7bdd783f717392d08f85c2b925178da1d4150825ce0d433c5b0da80c7c16a10,8.88178419700125e-16,7.2224204
800,MC1_K2_N1_L8_SP0_P4_R05,f77076d8955db73196e12b130960c3fcc8f21f52adf3525e0524537b21f5e27d,31a85cf10323dcb0ff906b98f8f0dab39e853ab81d2695b1979df50869258a07,1,bb2d1e613254ece4c0eb6395fda4b311b029c17b2f6284b3dfb028efc80a91f3,2.89298239965986e-15,7.2212098
801,MC1_K2_N1_L8_SP6_P4_R05,5b51ab6cf45a3eeaa11037f4a0e25bbbb125baa3b7997550ba35c9aa096185d0,31a85cf10323dcb0ff906b98f8f0dab39e853ab81d2695b1979df50869258a07,1,2b18c4a729c1ba52a934f1e14953f65222731c2225d8e86bf47808b07ec6e4fd,1.77635683940025e-15,7.9116269
802,MC1_K2_N1_L8_SP10_P4_R05,69135e558d2d8ef2a0874bad992ef2b7126029bd7941944e2b79e9b3bd0c5d30,31a85cf10323dcb0ff906b98f8f0dab39e853ab81d2695b1979df50869258a07,1,7c1c49864004526711fa6e8f0c5f0455b2ea91492e5ad33d435f291a69670329,1.77635683940025e-15,7.3363346
803,MC1_K2_N1_L8_SP14_P4_R05,a8dcf08fd6502c8d4b1799f4033c99c1f4704c3d99d5483860068ebaf5549fbe,31a85cf10323dcb0ff906b98f8f0dab39e853ab81d2695b1979df50869258a07,1,df52eb823f3a333cc9323946cdc7c183db5935593fcd1099071b498fcdfc319e,0,7.209471
804,MC1_K2_N1_L8_SP18_P4_R05,c37a7ac83b90916e1427010a6eee40fc671710338cfe3c294d2e6306b4d81433,31a85cf10323dcb0ff906b98f8f0dab39e853ab81d2695b1979df50869258a07,1,141ac618c99cdc8f479269ec7a1822007033b7273a068d56c20cb069c120d1c7,0,7.1995485
805,MC1_K2_N1_L8_SP22_P4_R05,da8aca8300fa00005c2a7c2edacb9cd587c6e407d0d3be40f78e6ad0159c8c94,31a85cf10323dcb0ff906b98f8f0dab39e853ab81d2695b1979df50869258a07,1,97cda78122e983235e89253a849a3fd08a97926a91455aef2850e89a0e3794d4,0,7.2292243
806,MC1_K2_N1_L8_SM6_P4_R06,38bd2d9a8052780c7d480b1b2dc50932a0f3aea17e1f0de697fd15f39ea19d64,31a85cf10323dcb0ff906b98f8f0dab39e853ab81d2695b1979df50869258a07,1,c7b63b7d2450e0e1426f2c79214c297ac65f1da41eb87bb4dc055e049143dbbc,2.66453525910038e-15,7.2014779
807,MC1_K2_N1_L8_SP0_P4_R06,af4d041781cc5aea5c90947db55e9b14f12501e2a1591ad0ff58de00868356b5,31a85cf10323dcb0ff906b98f8f0dab39e853ab81d2695b1979df50869258a07,1,be46b7049221481c30abaa5afbf9b84e20c0fdff94ad92670a68cb6d41f04aa5,9.64327466553287e-16,7.3982202
808,MC1_K2_N1_L8_SP6_P4_R06,708580835be8fcf3023fbec23062bd0506887e31f70afb4020180be7a731cfdc,31a85cf10323dcb0ff906b98f8f0dab39e853ab81d2695b1979df50869258a07,1,7ca108d4bdaad2c11a64130b1e135907efa535b8103882942de6d54fd0e5007d,8.88178419700125e-16,7.8281156
809,MC1_K2_N1_L8_SP10_P4_R06,1cb21f10f730989529fd675c8617344d588a0c66e2a8ccb86226363687407980,31a85cf10323dcb0ff906b98f8f0dab39e853ab81d2695b1979df50869258a07,1,43c6a3ddbbaa0c142bbd1b00d2becf39b8a7753bd54c1ed1338b8f5d148cce99,1.77635683940025e-15,7.5556712
810,MC1_K2_N1_L8_SP14_P4_R06,2bbcf01201864c64535b3b396f41577bb497bfc8c10de641a3d57441b4c4e0d0,31a85cf10323dcb0ff906b98f8f0dab39e853ab81d2695b1979df50869258a07,1,b702f3ab00998488ba9d6ca95ecfd97a2f64be21dfbcafaebf5b9fab0bfc2088,0,7.628345
811,MC1_K2_N1_L8_SP18_P4_R06,2739229cc83b47e4dd4eeb3ad7426fcaa7fb436a0475c2f76a3b18d0d884a60c,31a85cf10323dcb0ff906b98f8f0dab39e853ab81d2695b1979df50869258a07,1,7a7af38f6b47f1570f1cc3666e104a7b8788e41df006a4de674dbf5de0305578,0,7.5886993
812,MC1_K2_N1_L8_SP22_P4_R06,80d6f2726a34c08aeffdff385a9b7b836192a99462fd4b8d7d3db0e73a19985e,31a85cf10323dcb0ff906b98f8f0dab39e853ab81d2695b1979df50869258a07,1,fe811bcc04e836e588e1fa26325d4868d06008aea9619c0e706d564c3501d823,0,7.6179065
813,MC1_K2_N1_L8_SM6_P4_R07,2e2da949cdd99130e33cdcf28533523a2c32b671c63dae49af02bd730baf8318,31a85cf10323dcb0ff906b98f8f0dab39e853ab81d2695b1979df50869258a07,1,cca70b5294071bd369d8f0841fe31f4ae4a92f56aa039a17f3b74a767eb5e2d5,2.66453525910038e-15,7.9369065
814,MC1_K2_N1_L8_SP0_P4_R07,ddfe8c7339117f0956d1e440fed8e6d60c272595de8943fb5c92430afd8b076c,31a85cf10323dcb0ff906b98f8f0dab39e853ab81d2695b1979df50869258a07,1,199703353ec9f7aa1fbfd6fb09371092df9c72c3c3c5d90d529ee90b0b5fb4fa,9.64327466553287e-16,7.9287545
815,MC1_K2_N1_L8_SP6_P4_R07,6aa569988f1843ef138348c3ff2a2ff95037ab366c8fad30235f65172223786b,31a85cf10323dcb0ff906b98f8f0dab39e853ab81d2695b1979df50869258a07,1,a3229555febc4b37c8a787054b00f4cb11dbe0c492b5a4b8f329a53a90109015,1.77635683940025e-15,7.541407
816,MC1_K2_N1_L8_SP10_P4_R07,5c83260530f0396980ad2263bf25935263b704deb127c6c87727fdef9694b3b6,31a85cf10323dcb0ff906b98f8f0dab39e853ab81d2695b1979df50869258a07,1,1033322266c29b379c1cedf2b556efa39b5ee5c35b02cfb98818d1130a73b4f7,3.5527136788005e-15,7.4993842
817,MC1_K2_N1_L8_SP14_P4_R07,64056d79f0ba4e64c621c45b93955a961a269d6d95bb9ab9e6e19a8f1223efbc,31a85cf10323dcb0ff906b98f8f0dab39e853ab81d2695b1979df50869258a07,1,6cf517c2926432f6e7ae6923e685f0f037b6a3bb160b224bce532c021a6ceb84,1.77635683940025e-15,7.4717112
818,MC1_K2_N1_L8_SP18_P4_R07,b8ea4a4e8e5ebf970921828cbdc5d6a50c1e973c9156cb5431566a215f22cabd,31a85cf10323dcb0ff906b98f8f0dab39e853ab81d2695b1979df50869258a07,1,5006bbf9835b862e409193e9b27767d6246bd6d14b2403ec27be5b3f3e44787f,3.5527136788005e-15,7.4550726
819,MC1_K2_N1_L8_SP22_P4_R07,6dbf03076267d384beaac525c25b1b74564143384764ec5054e5bbbe0b9f9070,31a85cf10323dcb0ff906b98f8f0dab39e853ab81d2695b1979df50869258a07,1,5131976b2c9de699ad5ade1160111e56a25f51785411c56cbe2d6bf0975a8a81,0,7.4188338
820,MC1_K2_N1_L8_SM6_P4_R08,4b40cdf3ecb5f58dd9f4ade2d1c3fbb41bcb160efbce6733dce7988ed6add5ee,31a85cf10323dcb0ff906b98f8f0dab39e853ab81d2695b1979df50869258a07,1,ec2d1e096b0e2f20245ecad6a64e38dfd5c51689309c27eb64a87f2b77b6329e,2.66453525910038e-15,9.8210935
821,MC1_K2_N1_L8_SP0_P4_R08,018aa5a372f2a138bf5620ef7ca15ac486832f6f161c4d32f21cc63ac92a412d,31a85cf10323dcb0ff906b98f8f0dab39e853ab81d2695b1979df50869258a07,1,2753084a8468551465cede5ec7437aa02780245b59164a3dd1d135be4d3cd419,1.92865493310657e-15,7.386021
822,MC1_K2_N1_L8_SP6_P4_R08,fe144beb669e081c122c924147311425d1eecc434be8d12663df4865fcd8ecc0,31a85cf10323dcb0ff906b98f8f0dab39e853ab81d2695b1979df50869258a07,1,d9e2be416bb78739e4160a2a6b795aa8182ed438a7b0a23221f5eb769a72736e,3.5527136788005e-15,7.9085418
823,MC1_K2_N1_L8_SP10_P4_R08,906d277d79347279e0aa7fa0535c93788de87b393865e78b09e13488af3d83e0,31a85cf10323dcb0ff906b98f8f0dab39e853ab81d2695b1979df50869258a07,1,f875b2b33aeb37e52aba3f22d79c008e04102846d06531c50fff7cb5a4425953,3.5527136788005e-15,7.5432684
824,MC1_K2_N1_L8_SP14_P4_R08,932d6852a74add4ac8ffd4afd7de4dd493c0160b45c7e58138ee933956bdd0b0,31a85cf10323dcb0ff906b98f8f0dab39e853ab81d2695b1979df50869258a07,1,0f039dcf2ee340afd5a9bd153b8b12ad497f758ab284ba472ab4da0b2f0f320a,1.77635683940025e-15,7.3661259
825,MC1_K2_N1_L8_SP18_P4_R08,a08f66d0022f992d7900513db9f070fff05cf0a948f63802ce7fbf57dd40291f,31a85cf10323dcb0ff906b98f8f0dab39e853ab81d2695b1979df50869258a07,1,0f16c675f69dc048dca323f06f1a4456123959562b2c49570faf3525b5674991,3.5527136788005e-15,7.3470222
826,MC1_K2_N1_L8_SP22_P4_R08,5b140bd39e6d77a81888d123b51ed81b8ed568a7f680676d90999d22fc4e6495,31a85cf10323dcb0ff906b98f8f0dab39e853ab81d2695b1979df50869258a07,1,fbc3f122f5e002109801cd9593d09e56dc85b0425fa95f86e69db1ed61623871,0,7.3438004
827,MC1_K2_N1_L8_SM6_P4_R09,8046a95b326f14e4022c1b50adc058f4c21cc010fac682265405fca476544215,31a85cf10323dcb0ff906b98f8f0dab39e853ab81d2695b1979df50869258a07,1,cdaaf192eafb28a7cf7ae6d264e2689082129449fd5cd75ed56169441333d9a8,2.66453525910038e-15,8.9277685
828,MC1_K2_N1_L8_SP0_P4_R09,a5ccdbd85097eb667a4370b079e204408a886c1c7db1ee71a03afca8d8cfb7c1,31a85cf10323dcb0ff906b98f8f0dab39e853ab81d2695b1979df50869258a07,1,e67aebb196371ffef6c3b022f0fcabb52abca96068f85d65506073fbea4e051f,9.64327466553287e-16,7.3423421
829,MC1_K2_N1_L8_SP6_P4_R09,b61473ec26ed36c48401ed580a0d9a84bb7acf9622c3c9f8888866119af85ad5,31a85cf10323dcb0ff906b98f8f0dab39e853ab81d2695b1979df50869258a07,1,8e724c43d485bd63c37f332246edbfa88222106c3c3cf4a2f2105f187d51a3e3,0,7.1276084
830,MC1_K2_N1_L8_SP10_P4_R09,a8976ec29315f5f5842044ef3fb7eebd6bacf6cecaf66f4b5d5c961f75434d78,31a85cf10323dcb0ff906b98f8f0dab39e853ab81d2695b1979df50869258a07,1,dfe6cdcdb7632802175d6ec48249d946eeb8d5f1bb77f2c5203e403fcc83805c,3.5527136788005e-15,7.0519591
831,MC1_K2_N1_L8_SP14_P4_R09,fd45515b7ae88d65e6e2218d55174618bcfd3d556e48f8fc3f37524960fcdb5e,31a85cf10323dcb0ff906b98f8f0dab39e853ab81d2695b1979df50869258a07,1,7d8db4ec23422a1db77ccb942f48eb454c964c6b3a20513ab187d39b5652ef03,3.5527136788005e-15,7.0539703
832,MC1_K2_N1_L8_SP18_P4_R09,a04991d74b493db27225c034e6260b3ac730c98ed2d02c831fa63cfe91541744,31a85cf10323dcb0ff906b98f8f0dab39e853ab81d2695b1979df50869258a07,1,8d4aed6210915f02b86088783c8c9884dba725639241b7d1372a7d7b67d01aaf,3.5527136788005e-15,7.0179965
833,MC1_K2_N1_L8_SP22_P4_R09,37d6e1c9a0bfbf846dbd11ef14fd4150f5c83ad7a76b0cc090a8cc59a5808dfe,31a85cf10323dcb0ff906b98f8f0dab39e853ab81d2695b1979df50869258a07,1,bfe5ac8823b26161ff430d417ca1b64dedbbdb95a0a25c649b5c803ed15f159c,0,7.0935148
834,MC1_K2_N1_L8_SM6_P4_R10,1f8b67472274a7d59b2610915b94d0a5004e5d3b04f48487faba220adcfa3198,31a85cf10323dcb0ff906b98f8f0dab39e853ab81d2695b1979df50869258a07,1,d0f57be45031c63b825369608ee347dc58360d12b207bdf2dd706817d4d59605,8.88178419700125e-16,7.0476018
835,MC1_K2_N1_L8_SP0_P4_R10,5a42cf13c82059192658cb5a99f567bf534a1939960120e3d8880efb7979a037,31a85cf10323dcb0ff906b98f8f0dab39e853ab81d2695b1979df50869258a07,1,84ee63088ca57926d2e5f640ffc9e8549d584c035b109f7eca36cabad3feaca3,9.64327466553287e-16,7.0196856
836,MC1_K2_N1_L8_SP6_P4_R10,cac255b7eb7e3846918e2100fa81feb04813ae4065fc9043c65b67d388820fc2,31a85cf10323dcb0ff906b98f8f0dab39e853ab81d2695b1979df50869258a07,1,959c18fcace74bbc2ab2398528ca9922511b8c22aac68c8cbab7e95422a3e260,0,6.9988835
837,MC1_K2_N1_L8_SP10_P4_R10,2c0e6b139c105286b308640e6a47cb7f5f6db18ae246c47bdf991e9b143b78cb,31a85cf10323dcb0ff906b98f8f0dab39e853ab81d2695b1979df50869258a07,1,339d32ab414cbe4a130147ad8e50a3d58a7fd323d5df99d007cfc5cc06f8b53e,1.77635683940025e-15,7.0524086
838,MC1_K2_N1_L8_SP14_P4_R10,f66a5a3c4fd528bcfa24ac559323e651af6bc74e11b657c905575e6d40a8d089,31a85cf10323dcb0ff906b98f8f0dab39e853ab81d2695b1979df50869258a07,1,33798329faadad91ec27f7c92c59a24f4b9f3d330c5254d77e03daeecad7204e,3.5527136788005e-15,7.0045056
839,MC1_K2_N1_L8_SP18_P4_R10,3ada4607cf8633510a025edcb4dc616dcf757a1dbb236b0ce53d0d3869b20aaa,31a85cf10323dcb0ff906b98f8f0dab39e853ab81d2695b1979df50869258a07,1,d253dd0301d7e015df7ca49770acd3181dfc36027f018f0a2518e5f885ccfdd4,0,6.9835686
840,MC1_K2_N1_L8_SP22_P4_R10,020879bfb91017d461b374bed0d94de2aa7b1bab61b0f09c90238b779450839f,31a85cf10323dcb0ff906b98f8f0dab39e853ab81d2695b1979df50869258a07,1,8e0c804a57f1ac39cde22cbb3a0ff653b97de794c53d6db06f8fefc1556bb9ea,0,7.0044872
841,MC1_K2_N2_L1_SM6_P1_R01,2f263c5cd6441133f3db24947fb9e3fcf464f83d3c0dee373c5e69859bcdf867,7ac5f2ed7f8b920df52a4e1cde4f3ee8f80b69a8208c8d8579b1925f9a445627,1,87f367964e15f7141270846997c896f26c8e46c4c0d05eea96620238684b6433,2.1227464230833e-13,1.8418559
842,MC1_K2_N2_L1_SP0_P1_R01,95370bb9c0be73264bf1386314f1c899fd9e2eefe0642d401599540405e66898,7ac5f2ed7f8b920df52a4e1cde4f3ee8f80b69a8208c8d8579b1925f9a445627,1,a3a4da51112d04a61e3e5507c7b8919090fcf1a58c49b32e2747bfac88d35321,8.4571518816715e-13,1.8247481
843,MC1_K2_N2_L1_SP6_P1_R01,2a7d5ce87ebf261517ff4fa9a209ab084a2a92cb98f444d2c8d1f058de675af4,7ac5f2ed7f8b920df52a4e1cde4f3ee8f80b69a8208c8d8579b1925f9a445627,1,e750830776df8358d72ba7422346fe27883d038e420f8f86a20c6350e9d50bf7,7.15871806278301e-13,1.8255113
844,MC1_K2_N2_L1_SP10_P1_R01,c7d206b4cbd25dbea3ba6a19f4c091dc9840523c1cf351bb25673c6986b296cf,7ac5f2ed7f8b920df52a4e1cde4f3ee8f80b69a8208c8d8579b1925f9a445627,1,847dcf707f1b9e94b7f29738713c0658c5c0231e1e1cd02ed01f61d10bf27c7f,6.14619466432487e-13,1.8255278
845,MC1_K2_N2_L1_SP14_P1_R01,690c3e0bc0a21edad229b2dd0564ee8a8d47a49552bb239f7dc1ecb9532fd72a,7ac5f2ed7f8b920df52a4e1cde4f3ee8f80b69a8208c8d8579b1925f9a445627,1,47a723d46e4732e39a62dd9a0cd5c0d274b32f1c64c15c1d63e8edfcfda8c60a,2.73558953267639e-13,1.8246499
846,MC1_K2_N2_L1_SP18_P1_R01,aaa9c329326136c6219f22d1341f77b6d087f39546dc483fb28d7bf66afa0e2f,7ac5f2ed7f8b920df52a4e1cde4f3ee8f80b69a8208c8d8579b1925f9a445627,1,923c396750cbe8ce0f2578d45198c8e5dd14a0d2f1d114413ae08934b1a49b34,8.24229573481716e-13,1.8253823
847,MC1_K2_N2_L1_SP22_P1_R01,7ccbd3acf22babb47b10084e14c79f61b2b0c9b174fb618643b8c5082cd276a6,7ac5f2ed7f8b920df52a4e1cde4f3ee8f80b69a8208c8d8579b1925f9a445627,1,0bddff13dbed492c720763eb42e96812ccb6264a2cdd417e1fc9802c2fd37554,3.5527136788005e-15,1.848435
848,MC1_K2_N2_L1_SM6_P1_R02,793621d201e70da299a8fd9b9613ef668d0fff720a82544340e7fd8d01797eb4,7ac5f2ed7f8b920df52a4e1cde4f3ee8f80b69a8208c8d8579b1925f9a445627,1,5e6c250c2b51c823ef11b81c66ddb675eadcb2d42e3fccea967d1f783eae0c9c,1.72306613421824e-13,1.8244976
849,MC1_K2_N2_L1_SP0_P1_R02,d3f000d21c6c30e8b2e5b5dab1ea01234aacfeb9dde3bb9eb3a3da270b942ed6,7ac5f2ed7f8b920df52a4e1cde4f3ee8f80b69a8208c8d8579b1925f9a445627,1,be0ecc6273852c1c987b11003b2a1bf855a976549fd5d2f762664f79dfd0ccec,4.64323675145433e-13,1.8229676
850,MC1_K2_N2_L1_SP6_P1_R02,1adb31cc1185c42ce3f8e6cadbf60aa322a16d3ecd04904821fe8aae45394f23,7ac5f2ed7f8b920df52a4e1cde4f3ee8f80b69a8208c8d8579b1925f9a445627,1,97e7d101ff9723aff083310899e0382bb846a76c0c1c3617b5d84ffd2942b9a8,2.1405099914773e-13,1.8368497
851,MC1_K2_N2_L1_SP10_P1_R02,eee378dd8d5b9581d11c0f0315adc8a0663822f0508ad22dd796dce73d5daed8,7ac5f2ed7f8b920df52a4e1cde4f3ee8f80b69a8208c8d8579b1925f9a445627,1,d9c1b7db41c08eb1209134083005fd83a0022da5aa76bab2970bdf64be6ed63e,4.9560355819267e-13,1.8369309
852,MC1_K2_N2_L1_SP14_P1_R02,d0c186e8dab8786563440a69509ef0936eda4f6a8c4e7c0be08e77775f0638b1,7ac5f2ed7f8b920df52a4e1cde4f3ee8f80b69a8208c8d8579b1925f9a445627,1,f79f4f3e27d126905e7cde00180dfe49652a198704987f9484e2e3bbd037738b,7.8159700933611e-14,1.8429175
853,MC1_K2_N2_L1_SP18_P1_R02,77bdb2540d01af72a59ab6c14854b0a5fd3e85de2a10142c0cf53a77a9309cc5,7ac5f2ed7f8b920df52a4e1cde4f3ee8f80b69a8208c8d8579b1925f9a445627,1,cb262ecd0083df99603ca920e54b00b7804ab045217861ebdb52e00e35be7083,3.19744231092045e-13,1.8252465
854,MC1_K2_N2_L1_SP22_P1_R02,8f956d50e72c2fa75d96332cfd336e2614ed53c3ae65db33ffeec3303f69bcee,7ac5f2ed7f8b920df52a4e1cde4f3ee8f80b69a8208c8d8579b1925f9a445627,1,01be66aa52b7807aaed666d57df25c7c561fcd8097d12551fa1746fb54b76b93,8.5265128291212e-14,1.832708
855,MC1_K2_N2_L1_SM6_P1_R03,9d9707e3a25aebd727b5e4f0dde05443875321aad649fea50643711a2f2bd427,7ac5f2ed7f8b920df52a4e1cde4f3ee8f80b69a8208c8d8579b1925f9a445627,1,eed78323efb20aa79631b80bb4abaff1abc8174f0d4ffea704eed126b2057b80,1.31450406115619e-13,1.8230465
856,MC1_K2_N2_L1_SP0_P1_R03,aa1a2086e150f735617b078a97ebe4adb9ca2ca5bb5410ba89ffa49c37755a9f,7ac5f2ed7f8b920df52a4e1cde4f3ee8f80b69a8208c8d8579b1925f9a445627,1,a61cd682331514d065bc1dfcd00777295d73b9699942b172940cd9bc5d8327df,5.09164902340165e-13,1.8249983
857,MC1_K2_N2_L1_SP6_P1_R03,04abf01121feb3b1a0ab8db956c5a2af5c0d01551c333e7d89fea63f98a82059,7ac5f2ed7f8b920df52a4e1cde4f3ee8f80b69a8208c8d8579b1925f9a445627,1,39fc870a9882365273837bcff554436a0d14acd454976c38a96e62bd2d440127,1.26121335597418e-13,1.8254688
858,MC1_K2_N2_L1_SP10_P1_R03,047e953a43bd1f3d27295ac70cf8cfe167d6f601c9d4b23765790c37f9182759,7ac5f2ed7f8b920df52a4e1cde4f3ee8f80b69a8208c8d8579b1925f9a445627,1,6f5934fb98d92243fc615a105f1527b648162a8d96f42826f17d0b077d98095d,1.11910480882216e-13,1.8316381
859,MC1_K2_N2_L1_SP14_P1_R03,a5e8743e86d4125d81b9b11cdbf9f906aff1d296ecd00aadeb3eecf8d0acb410,7ac5f2ed7f8b920df52a4e1cde4f3ee8f80b69a8208c8d8579b1925f9a445627,1,9bb6c2ba7e86158dd6bf25d43a73ffac001a2f9fe1b762d72887674db70294f5,1.09423581307055e-12,1.8259336
860,MC1_K2_N2_L1_SP18_P1_R03,c08d3c46158a1aac1a18858c4a072482c4926caaf45745c2f10688e64ee51c0b,7ac5f2ed7f8b920df52a4e1cde4f3ee8f80b69a8208c8d8579b1925f9a445627,1,7c0a02f7e6f5a63d4974c0852a407774010cc86d7d38d9f1a2482c49228594af,1.10134124042816e-13,1.8306646
861,MC1_K2_N2_L1_SP22_P1_R03,10cab2f54285bd32b2257a3efda3a8872fc65d8dcda7b716aab3c3336222882b,7ac5f2ed7f8b920df52a4e1cde4f3ee8f80b69a8208c8d8579b1925f9a445627,1,27072e6c7abe6924dfb6557df0cf4090470b0e2a9ab4c7009633c2164bbc15bf,3.5527136788005e-13,1.8252166
862,MC1_K2_N2_L1_SM6_P1_R04,95309ee8e15a0aa5c60b64cb8afd98c96548fd7511c000fc19782b966be880ae,7ac5f2ed7f8b920df52a4e1cde4f3ee8f80b69a8208c8d8579b1925f9a445627,1,08ef3f1403a9cc75b8d87277c5167e8afcacbd58cd54ae201e22cfe595b005a1,1.59872115546023e-14,1.8229487
863,MC1_K2_N2_L1_SP0_P1_R04,6e05b778bdb02b9e6cd26751344eef99d1418b2d74ffd054f26e63080fdf1172,7ac5f2ed7f8b920df52a4e1cde4f3ee8f80b69a8208c8d8579b1925f9a445627,1,34c04944cd2ad916bdfef8ec3ce1719c5416ccf4a869b3677c07139f1faf72de,6.13312268727847e-13,1.8319954
864,MC1_K2_N2_L1_SP6_P1_R04,cc7a08d53a0dcc7998af186b0ea4b6ae690e2a652f9ff61e15fdc48fd73f4957,7ac5f2ed7f8b920df52a4e1cde4f3ee8f80b69a8208c8d8579b1925f9a445627,1,fa11ba5d0207471b6df81bee2059e126a2e1ae77414f33465acedd0c4544b98f,2.8510527272374e-13,1.8207853
865,MC1_K2_N2_L1_SP10_P1_R04,7b95163c1562b661d2b6b7f9993527cb9368197786535d2d0a9a8c422e093cd2,7ac5f2ed7f8b920df52a4e1cde4f3ee8f80b69a8208c8d8579b1925f9a445627,1,47032cd9afeffe72a968a843540f778f7a52becab91137d5fef94995e1594178,8.89954776539525e-13,1.82997
866,MC1_K2_N2_L1_SP14_P1_R04,102ad1eabc1b22624be886628b9bf09153853e7ebf16c8b87b3d08826b7b80af,7ac5f2ed7f8b920df52a4e1cde4f3ee8f80b69a8208c8d8579b1925f9a445627,1,2bd8e84a201d37d7fef654da78ddc91b4c62a8ec8064eeaeb2e355cc44547a6d,1.27897692436818e-13,1.8322361
867,MC1_K2_N2_L1_SP18_P1_R04,266db962f1a24b12b3e73de0d48b0ec9b887662d5e837333187077182c705641,7ac5f2ed7f8b920df52a4e1cde4f3ee8f80b69a8208c8d8579b1925f9a445627,1,0792fc4e4a7de1c1fc9367c05b4916fe320a5713b71a163b98fd5aab1fb856e2,7.92255150372512e-13,1.8249157
868,MC1_K2_N2_L1_SP22_P1_R04,26391c08719773bdd6081fc3b753f9c063ef0daf2f23e84ee23c09f6b7d1a341,7ac5f2ed7f8b920df52a4e1cde4f3ee8f80b69a8208c8d8579b1925f9a445627,1,94b1f1edaf52abc76445e84f33a555a78d60b4c42c5bbf7d1f2be56a39b8ff00,6.50146603220492e-13,1.8211719
869,MC1_K2_N2_L1_SM6_P1_R05,c4d59866a9017a1d1314c8aeb70cafccfb69384e0d804a279d4db12ac689df1c,7ac5f2ed7f8b920df52a4e1cde4f3ee8f80b69a8208c8d8579b1925f9a445627,1,948b83db285b783e788125004a2c2f09a70b28a503b13a319d3c047ee36dcff0,5.93303184359684e-13,1.8233833
870,MC1_K2_N2_L1_SP0_P1_R05,45a8ed863e6b0f5459675f4c644fe8fdbe4364b9431e43645373207f0c72d94c,7ac5f2ed7f8b920df52a4e1cde4f3ee8f80b69a8208c8d8579b1925f9a445627,1,382acee3eccd02a5a706bf8689368d0b74499cb3e8b039fc9acbbb188fe014a9,5.50148819668685e-13,1.8238014
871,MC1_K2_N2_L1_SP6_P1_R05,af8674be5b7af88d95e9a95eae85b535903d2634d50814ada69b5f6ca8ad0873,7ac5f2ed7f8b920df52a4e1cde4f3ee8f80b69a8208c8d8579b1925f9a445627,1,4987a0a367d9f6404f978f6a79794191762d1e56a317d9048a4d263ae13ecf64,1.11732845198276e-12,1.8243068
872,MC1_K2_N2_L1_SP10_P1_R05,8bb9c409c4037d6dab5ca07d1b7c841bf2841810c5abfff01238475135e70706,7ac5f2ed7f8b920df52a4e1cde4f3ee8f80b69a8208c8d8579b1925f9a445627,1,46beac83d4c86a316fbec1dc844a4b2028498e2511ee6b916bf8067f08556f06,9.13047415451729e-13,1.8248563
873,MC1_K2_N2_L1_SP14_P1_R05,c6a7f6e4d8be6b69e7eec205ba26574675aa4f70e2e03eb982242d7f10fe6c42,7ac5f2ed7f8b920df52a4e1cde4f3ee8f80b69a8208c8d8579b1925f9a445627,1,a5f873f86335ed59291781802be757464b224303eae88e2255c61339606ebedb,8.65085780787922e-13,1.8272238
874,MC1_K2_N2_L1_SP18_P1_R05,efb4b875227f40b7af6b058d63dd50975af6e27f3132f3ed418e75bed9a490bf,7ac5f2ed7f8b920df52a4e1cde4f3ee8f80b69a8208c8d8579b1925f9a445627,1,9e67bc06c61be0e68e2e4515091ab1fcd3c3f0b8cb7d195d95be874899ee7214,6.43041175862891e-13,1.8232362
875,MC1_K2_N2_L1_SP22_P1_R05,c1584a579b9000ac42f7125a7750b768ed07789c036bd9768e26192c3e821a2d,7ac5f2ed7f8b920df52a4e1cde4f3ee8f80b69a8208c8d8579b1925f9a445627,1,a9a3044573b7006bf885fdbc588e4a7b3fbfdea0d10419d960a735d4016389c0,7.105427357601e-15,1.8203056
876,MC1_K2_N2_L1_SM6_P1_R06,fc86d61e1b1671cfdc9e2c21ab689b381b1cbdf3d3c8fbf98af9e7d56509be6e,7ac5f2ed7f8b920df52a4e1cde4f3ee8f80b69a8208c8d8579b1925f9a445627,1,eca9f64930f19505e96c91132194f99729b3fafd1b0c94298bd6c59269a7a1e4,6.3593574850529e-13,1.813418
877,MC1_K2_N2_L1_SP0_P1_R06,9a2560cfc348588c17af9a88fcb8907caebef055be7a1a68a20465aa4035a05c,7ac5f2ed7f8b920df52a4e1cde4f3ee8f80b69a8208c8d8579b1925f9a445627,1,a1d83d8e9a1ef95b31ccc93e8148d9992503335487cadbd8fd321ca9aab5aca8,4.18518120484106e-13,1.8167412
878,MC1_K2_N2_L1_SP6_P1_R06,fe919a52abaf1d7fdd2820a81d9f349ee50940776d4f7b35227d1cd5926c104b,7ac5f2ed7f8b920df52a4e1cde4f3ee8f80b69a8208c8d8579b1925f9a445627,1,c08914876b7af5e75a92fa58607c9b4918c4e7c9653d6cb4a818a6c668f8cc08,1.27009514017118e-13,1.8147052
879,MC1_K2_N2_L1_SP10_P1_R06,07336f06f9f5025a59c0fddda1b0bdf26b1e2fd23de1c2710dbad2016efe7c68,7ac5f2ed7f8b920df52a4e1cde4f3ee8f80b69a8208c8d8579b1925f9a445627,1,606c042aa515e301a29821ecda783cbc5fabe3711cb7aad4a1b868324bd1fd9c,1.98951966012828e-13,1.815338
880,MC1_K2_N2_L1_SP14_P1_R06,9968c718d343a2a2dfddd97da3872ffeb329270aedf5efaaf26dc2153ad9d542,7ac5f2ed7f8b920df52a4e1cde4f3ee8f80b69a8208c8d8579b1925f9a445627,1,cc807ac95492c370b535eaa9186f98e4425f70f696ac9f08e35e1f7ed246b537,7.46069872548105e-14,1.8181023
881,MC1_K2_N2_L1_SP18_P1_R06,c5210541b0ec715e747c1d261e97b7146ffd0b933346c20b6cf0c0a49f1c46c5,7ac5f2ed7f8b920df52a4e1cde4f3ee8f80b69a8208c8d8579b1925f9a445627,1,8ffe27554dad45ec2352a61e8ed54a6422c4adc04e91e64250a76058e28cfc51,2.1316282072803e-14,1.8292881
882,MC1_K2_N2_L1_SP22_P1_R06,d084b9247fb45375e3d588d8059cc27bbdb761fa8a6fee9c020a9fb5ecdcb66e,7ac5f2ed7f8b920df52a4e1cde4f3ee8f80b69a8208c8d8579b1925f9a445627,1,f5b2cf2b4429076aa2262a1c44968dd97a6fcb2313c64e0c972faecc133b62b2,2.55795384873636e-13,1.8176899
883,MC1_K2_N2_L1_SM6_P1_R07,7272adff5e4882a4adb925b75f373c3c7d30df3d9adbaa1adfca35ddaf4a1f38,7ac5f2ed7f8b920df52a4e1cde4f3ee8f80b69a8208c8d8579b1925f9a445627,1,3fe909cc2860d7cdd1485bd495a7d3ecbb7a83bcf8593117bda316b24601a354,3.5704772471945e-13,1.8172235
884,MC1_K2_N2_L1_SP0_P1_R07,8e9369f28d4a8f3071306549d8a2a0ea5573a92ec9c8f23affe773cad1bf166b,7ac5f2ed7f8b920df52a4e1cde4f3ee8f80b69a8208c8d8579b1925f9a445627,1,be12cd3a6337cc57e3807bc697572fc8c3bafac01208c05890f3e5f7f0d06fb9,2.20830989840708e-13,1.8384407
885,MC1_K2_N2_L1_SP6_P1_R07,193702775588d7efb84789d502cd993aeb66bbc1a9935d21d46a8549a931c223,7ac5f2ed7f8b920df52a4e1cde4f3ee8f80b69a8208c8d8579b1925f9a445627,1,e0f4af22c0978a84f220af7593c12855bb4bddb283a407de3f0d584be08bec65,1.19015908239817e-13,1.8325113
886,MC1_K2_N2_L1_SP10_P1_R07,e06d1fc5b80a34f35c52e99606671716975fd573c8909acaa378bdc0d347c703,7ac5f2ed7f8b920df52a4e1cde4f3ee8f80b69a8208c8d8579b1925f9a445627,1,9b7215fa87ccfc52a81d8a4aba815a335551580f8bd148e2ccfb1132935c5837,8.5265128291212e-14,1.8386548
887,MC1_K2_N2_L1_SP14_P1_R07,bbe5c07d8a742c3eeefb035eed0ffbade2e796eaeae8f216f88b2937e5678380,7ac5f2ed7f8b920df52a4e1cde4f3ee8f80b69a8208c8d8579b1925f9a445627,1,e7d604a2816f7a1b569cb72de6492de551235eb4ab00cc5ea82a5c37cc62de01,5.71986902286881e-13,1.8417182
888,MC1_K2_N2_L1_SP18_P1_R07,d595579c1430403ba8bab33b9d6c37e6fdc0531ed3adfaae75733be1a56aa41d,7ac5f2ed7f8b920df52a4e1cde4f3ee8f80b69a8208c8d8579b1925f9a445627,1,d7c31bbf32ad7bf6bed3a9f3ca46e3a7fff9f0cc6355479f31f1f4e143161f02,5.36459765498876e-13,1.8349419
889,MC1_K2_N2_L1_SP22_P1_R07,9c6056f5b93f8712ebf53c6d9b9e6ba4dba9da2619025509fb1f79a8050e16d7,7ac5f2ed7f8b920df52a4e1cde4f3ee8f80b69a8208c8d8579b1925f9a445627,1,344ca532dc252435b21dcd1ddb016233bd37246af03debedff840847dfc76c91,8.5265128291212e-13,1.8366815
890,MC1_K2_N2_L1_SM6_P1_R08,8083d82b7234ef35b9e85cb7dd5746434d06756eaf9c9b1625207030148b6152,7ac5f2ed7f8b920df52a4e1cde4f3ee8f80b69a8208c8d8579b1925f9a445627,1,97e813512ecf52e93ea0cdf8795f80235c37a4eaa13d617fb2ef1b7b218d4e00,1.74082970261225e-13,1.8363193
891,MC1_K2_N2_L1_SP0_P1_R08,b91d9564a46caac0f63ca40d623a4bdc4c8609efb99263dca234f2d427b27a8a,7ac5f2ed7f8b920df52a4e1cde4f3ee8f80b69a8208c8d8579b1925f9a445627,1,b79ffc316e5354e28ff777319b1fadbf2d04ab430c339fdf47e294e2993dae95,6.036689940624e-13,1.8457412
892,MC1_K2_N2_L1_SP6_P1_R08,c89053aefa48681fd7a8dd3df765625406d5d0841e9c0195f32794d1e86761be,7ac5f2ed7f8b920df52a4e1cde4f3ee8f80b69a8208c8d8579b1925f9a445627,1,b8387153a0f118e8aff93c07a8909c558c293e7b27054dcc59f65f609c4d5ab2,3.96127575186256e-13,1.861489
893,MC1_K2_N2_L1_SP10_P1_R08,6d53f9e9c8b9913f4a01c91f6e664e62f75b0594c164a8f974ffc1a47b08bc6c,7ac5f2ed7f8b920df52a4e1cde4f3ee8f80b69a8208c8d8579b1925f9a445627,1,feb8fea9f479084944e2b11a5218bd906e28263ad1b9141eb8a0bc40281acda2,6.78568312650896e-13,1.8454413
894,MC1_K2_N2_L1_SP14_P1_R08,6c56fceadb124a531af9b0486cfe6084cea5efecc32ce8c1acd914573514f9a7,7ac5f2ed7f8b920df52a4e1cde4f3ee8f80b69a8208c8d8579b1925f9a445627,1,28a345f0fe248e7c4c3e0db2b36f3b190b66e50a7dcb60d5290e29b7d66817ab,1.06581410364015e-14,1.8622058
895,MC1_K2_N2_L1_SP18_P1_R08,d67a12cf666b5d0be41955ae1c34c34cb6d862fe09c253e01b9defbac44d67a0,7ac5f2ed7f8b920df52a4e1cde4f3ee8f80b69a8208c8d8579b1925f9a445627,1,9518b4922f546684df858ea821ff95326db44b93151ac834e58ddb35e66ba556,1.26476606965298e-12,1.843308
896,MC1_K2_N2_L1_SP22_P1_R08,6c38778bd18179300fbe94159fa6d3db6da8dd3aa3cb047f654144c973b4490b,7ac5f2ed7f8b920df52a4e1cde4f3ee8f80b69a8208c8d8579b1925f9a445627,1,df4001578a78cecf60a438d37646265dae88e7ba935ddd540df3a0db921d495e,6.14619466432487e-13,1.8480251
897,MC1_K2_N2_L1_SM6_P1_R09,54403f4c3aa4a99a78d414789e19e46923fd1a9e82b5aeb5d584a2b0fbb7abac,7ac5f2ed7f8b920df52a4e1cde4f3ee8f80b69a8208c8d8579b1925f9a445627,1,9dff1793262d65f27bb4f46d155f9d6b1b6377c26ee507474ded0ac7228053ca,5.55111512312578e-13,1.8462069
898,MC1_K2_N2_L1_SP0_P1_R09,1200ffc768247b189ecbfdff3e9f8684abada7f90f661ba3df1fb3efebc93530,7ac5f2ed7f8b920df52a4e1cde4f3ee8f80b69a8208c8d8579b1925f9a445627,1,565342a6f237f930d557dc1f51b9e6e91265994eb4d42758127c528e6aee7e9e,3.23049701295339e-13,1.8413888
899,MC1_K2_N2_L1_SP6_P1_R09,1648cdc25310c1ab86c6220114b642398bff29ec4fd70143f688e721203ab143,7ac5f2ed7f8b920df52a4e1cde4f3ee8f80b69a8208c8d8579b1925f9a445627,1,ef8d680f3c39d8fc45d397988eac17e13bd8fab86595704701dd97a80320051d,4.15667500419659e-13,1.8652869
900,MC1_K2_N2_L1_SP10_P1_R09,3291e352966e9e88ca22977147e28a9316aad0c80a71c0ce15367f1d71316c9f,7ac5f2ed7f8b920df52a4e1cde4f3ee8f80b69a8208c8d8579b1925f9a445627,1,86c55880d8e4da51eac29787d692751367afab0eedde3dc439e73631a4b4031a,5.00932628710871e-13,1.8565598
901,MC1_K2_N2_L1_SP14_P1_R09,45e8c67d40aa903e3bf3669119c76816b7b6051d82169ce17cb1775d569ee690,7ac5f2ed7f8b920df52a4e1cde4f3ee8f80b69a8208c8d8579b1925f9a445627,1,77d5ea896cc409c4fed16dec8e5f3cd88e28fc56e5a8ae8beb28b803fa38cdee,5.25801624462474e-13,1.8368033
902,MC1_K2_N2_L1_SP18_P1_R09,fa0686ddc3690db7fca33edf1c11bc31ad18491897c7ab8c9965c047154bc942,7ac5f2ed7f8b920df52a4e1cde4f3ee8f80b69a8208c8d8579b1925f9a445627,1,71bc0962a71bcf0e7657d9d96b4ccae3f83e842fe1ec59471c5137fee9ee7f20,2.87769807982841e-13,1.8418445
903,MC1_K2_N2_L1_SP22_P1_R09,88c0b2157bd1279f6f8c852a530563b6cfc86f7597e88653cb77094a84f208ea,7ac5f2ed7f8b920df52a4e1cde4f3ee8f80b69a8208c8d8579b1925f9a445627,1,d103eb1d10f78fc9c69679fd7f26c0353b28f709e915ec361e372431cecdf219,6.46593889541691e-13,1.8343802
904,MC1_K2_N2_L1_SM6_P1_R10,94e7b46a71fd101117cc24a23e1be7e541b39e640463166718b84fc36b2950f6,7ac5f2ed7f8b920df52a4e1cde4f3ee8f80b69a8208c8d8579b1925f9a445627,1,3750d221c22edd2136a0d4a065012abe16e77c1c5558fb7d45345f4cef70366c,1.47437617670221e-13,1.8270028
905,MC1_K2_N2_L1_SP0_P1_R10,a43ccef47878c907a5509d5a90eb6c9c57386c7c07d2aa1fa807630561fbc2c7,7ac5f2ed7f8b920df52a4e1cde4f3ee8f80b69a8208c8d8579b1925f9a445627,1,4430bb17aa76334c85ab81343518b1b3a2db92e5a4f1114a7f1bef455d0d5c08,4.72520458611136e-13,1.8278023
906,MC1_K2_N2_L1_SP6_P1_R10,16192f0da7fc5eafad1396d378429c9062d2b24a9a3b442852ae9adb32b7584e,7ac5f2ed7f8b920df52a4e1cde4f3ee8f80b69a8208c8d8579b1925f9a445627,1,187ff1d6536a688fe2aebc78f8bd7a7b91ac175bb1c86cb1459f7e637499efe2,3.5704772471945e-13,1.8179754
907,MC1_K2_N2_L1_SP10_P1_R10,5e62a02dbc5cd1ff9535b0114d6694310ae125c722e3d4f49df3a6dd8e9bd196,7ac5f2ed7f8b920df52a4e1cde4f3ee8f80b69a8208c8d8579b1925f9a445627,1,6f67f2ed8f314797264e2c29b56d3bd58736353ef183e9c7d4b1930242ae6ecb,2.48689957516035e-13,1.8256887
908,MC1_K2_N2_L1_SP14_P1_R10,5997ae287be615cbb3091c20be9f7b7d34eba5114362a76f76b0f021d787a2ba,7ac5f2ed7f8b920df52a4e1cde4f3ee8f80b69a8208c8d8579b1925f9a445627,1,953873d6593294c0aa033982b3a2143dbf4c292fc56d160b36a63661471bfe71,6.64357457935694e-13,1.8184017
909,MC1_K2_N2_L1_SP18_P1_R10,22cef06090e86de6b64cb89e72ab5d6f51c75b3706e2decb8f66d3297871b5ba,7ac5f2ed7f8b920df52a4e1cde4f3ee8f80b69a8208c8d8579b1925f9a445627,1,4bbd1faea8bf1c9c0d0f16a032b66a8255eec11de37ce359729c3f002a887ab4,6.92779167366098e-13,1.8150289
910,MC1_K2_N2_L1_SP22_P1_R10,2aab0ca9cd24a2ef5e4ab0ce7012f9331c751805e5efbdedc330833bf6c469e1,7ac5f2ed7f8b920df52a4e1cde4f3ee8f80b69a8208c8d8579b1925f9a445627,1,d0071f81c23951c0465ae1e59715960fdea8f4a6f5b145cd53fb0ad304a636b4,4.68958205601666e-13,1.8235375
911,MC1_K2_N2_L1_SM6_P2_R01,ba0a81ef9f0a1661a7ee8fe572cd260e4bb597753bfb6f9c63dbfbe055c88b0d,7ac5f2ed7f8b920df52a4e1cde4f3ee8f80b69a8208c8d8579b1925f9a445627,1,11e52ca547248055075c28385b84e8e8d2fd1e6ac933a92bae7dcea2366e862d,4.45865566689463e-13,1.8162622
912,MC1_K2_N2_L1_SP0_P2_R01,70bf09081af66105b124b448e3ba27ae6295bfaa2b92edaa116ad670498b6328,7ac5f2ed7f8b920df52a4e1cde4f3ee8f80b69a8208c8d8579b1925f9a445627,1,52ee074c4dc90b24794b23cd894742a42692dc3f2cdde8f69d4cc5d8d1d71733,2.79654965300444e-13,1.8115938
913,MC1_K2_N2_L1_SP6_P2_R01,37d2a1fbfc97dedd1f170aed294e8acf835571b4b0c8307ccaf6671bd98709b4,7ac5f2ed7f8b920df52a4e1cde4f3ee8f80b69a8208c8d8579b1925f9a445627,1,37b246cc1f732d8d27825abd47c1af2ddb57b68f39dc99b05f5320268395804d,1.66977542903624e-13,1.8174258
914,MC1_K2_N2_L1_SP10_P2_R01,4d4ffb0879adf897c8a31d5f0ad70d54ce8fdf8842c9d654fe47d36d72f997a9,7ac5f2ed7f8b920df52a4e1cde4f3ee8f80b69a8208c8d8579b1925f9a445627,1,67721f2bd24d2fff24bd3e38ce43382bf1a8f1b10251a6c03279b14bf2075c17,6.11066752753686e-13,1.8264041
915,MC1_K2_N2_L1_SP14_P2_R01,39aff64852fe5b5770e9d064b2dca4e81212554c8d81f18f34b2593ece93e417,7ac5f2ed7f8b920df52a4e1cde4f3ee8f80b69a8208c8d8579b1925f9a445627,1,d914730603d06cf80a8bc9c45fc54644f42982b47a096a02d7f9715cfe8ef78a,3.30402372128447e-13,1.8181178
916,MC1_K2_N2_L1_SP18_P2_R01,a6a32e4d2a61cd58655a62155433ce9536913a49b6fcc26a3b272cdfdc3a0687,7ac5f2ed7f8b920df52a4e1cde4f3ee8f80b69a8208c8d8579b1925f9a445627,1,8b11b800eb7087958bd083b0decffcefaf5baefa916ccf171445a80b1d9afd3b,1.03028696685215e-13,1.8153635
917,MC1_K2_N2_L1_SP22_P2_R01,c3ebc1945b5fb2d865cdab42cd9faf2ee620995da8656f2de68735cd04c8ce30,7ac5f2ed7f8b920df52a4e1cde4f3ee8f80b69a8208c8d8579b1925f9a445627,1,67fc3939799a2ce78ff85a7f0879484e82c86078813d005cf24dbc3db40794ed,3.12638803734444e-13,1.8088662
918,MC1_K2_N2_L1_SM6_P2_R02,0685b7b15b38378371df5cac993b5823c1cbaf0f1fcc00cfa4667906f24ead5f,7ac5f2ed7f8b920df52a4e1cde4f3ee8f80b69a8208c8d8579b1925f9a445627,1,58081d96b1f9adcb79a421da240a3fe63baeba11f59ab2ba211b8dd5c235cd18,6.3593574850529e-13,1.8178092
919,MC1_K2_N2_L1_SP0_P2_R02,d605510545ce1b13a5e2c56ca18154ddfc4f450aa33580af475c7d30c4a85caa,7ac5f2ed7f8b920df52a4e1cde4f3ee8f80b69a8208c8d8579b1925f9a445627,1,fccbc374cb9fc8566ea72bf872e0bbdbdd4eae18417ab3149429388f15aa3173,2.68083035701806e-13,1.8110208
920,MC1_K2_N2_L1_SP6_P2_R02,aba165a0aef4bcf05834e146d3aae6ac850573193c81568fd21e014e2f3cd2ef,7ac5f2ed7f8b920df52a4e1cde4f3ee8f80b69a8208c8d8579b1925f9a445627,1,9f68040b2b9f4069b39b13db253cbf0298883a040c171d382123b5d44a130efa,4.60076421404665e-13,1.8114506
921,MC1_K2_N2_L1_SP10_P2_R02,e6f7563aba3f04ec0318c64f412813e1184845557bc66a415836c66d1efb4828,7ac5f2ed7f8b920df52a4e1cde4f3ee8f80b69a8208c8d8579b1925f9a445627,1,5ed9030f594c73d1c559b10783e56f1ca9d805cd6d6ddb72e313950ceede3a6b,2.29150032282632e-13,1.8159137
922,MC1_K2_N2_L1_SP14_P2_R02,9f7f59cc7d538d23e2a8ae2351a2806d35b2cba5504e1d0c740b54419119168e,7ac5f2ed7f8b920df52a4e1cde4f3ee8f80b69a8208c8d8579b1925f9a445627,1,2d54e97b1aabba9ecbf9c9c1d894b68be3ebef5261cc371c4348af92a75f94e1,9.30810983845731e-13,1.8138254
923,MC1_K2_N2_L1_SP18_P2_R02,b81b7fa1397109788be8f370f8dbcedd73e1a80752fdd1b25e388a13e9d37ff2,7ac5f2ed7f8b920df52a4e1cde4f3ee8f80b69a8208c8d8579b1925f9a445627,1,8359968ab0809555f2b68af5f09c02e64fa001b7de38e556760acd9d70e9e1be,8.5265128291212e-13,1.8080372
924,MC1_K2_N2_L1_SP22_P2_R02,d1b280be32b94466e4f42bf27f9f197e88446a7de7b9a8c21125f9d9d365005b,7ac5f2ed7f8b920df52a4e1cde4f3ee8f80b69a8208c8d8579b1925f9a445627,1,ac9a923534a3a2a22a7cf606e3e2f59e20c5e918fcbdb6910882aa722e48f3ef,2.73558953267639e-13,1.8126653
925,MC1_K2_N2_L1_SM6_P2_R03,271a06d0942d57a3fcc596a3ac8f10fc9a73c9d29d209500950c5ca0eaa50ff9,7ac5f2ed7f8b920df52a4e1cde4f3ee8f80b69a8208c8d8579b1925f9a445627,1,2d23b62264fb1c4c2e68ab3a2cd28ce9973e0f57e09167e70bdbde45b1a4da7d,1.37134748001699e-12,1.8455215
926,MC1_K2_N2_L1_SP0_P2_R03,d15ed84c35bef93d98c08c7a59d1b73c00d22ff6f398737e788b0811be0c07b0,7ac5f2ed7f8b920df52a4e1cde4f3ee8f80b69a8208c8d8579b1925f9a445627,1,159ac79807aae0acc985e532456cca7e60c6b231a19a63a09ab7ab925e8f5217,2.80137129033739e-13,1.8141005
927,MC1_K2_N2_L1_SP6_P2_R03,ec043854a19b928f55bf3e76f6b80045bf230a06d63e35d8c19c733a75be2a5c,7ac5f2ed7f8b920df52a4e1cde4f3ee8f80b69a8208c8d8579b1925f9a445627,1,a7e337e65fb1eaf8cd6bbfb042c3906f340a75a3c8c3c92312c4666fede5b154,7.69162511460308e-13,1.8084735
928,MC1_K2_N2_L1_SP10_P2_R03,1a1321d3f88ba94fe42cec7bdb29af324158320d72366fa696b888ddd9d53524,7ac5f2ed7f8b920df52a4e1cde4f3ee8f80b69a8208c8d8579b1925f9a445627,1,0106c4f235f1b1ac9042e30403de4200835dc7b30b0342f972e8ebd43458be22,1.36601840949879e-12,1.8080132
929,MC1_K2_N2_L1_SP14_P2_R03,6ce3f841bf8325df7bdbe9cb01e535cf78a414508c4b80028e4f08e0c246934e,7ac5f2ed7f8b920df52a4e1cde4f3ee8f80b69a8208c8d8579b1925f9a445627,1,3c2e50675513e7a07b67996113795ca23c4cfde95ac0618b665080c2f4d185d4,1.94688709598267e-12,1.8080425
930,MC1_K2_N2_L1_SP18_P2_R03,715c0238fb6cbc2fc25c00023a3e0856070a09cc2435cd560c6e7af99f56d7d1,7ac5f2ed7f8b920df52a4e1cde4f3ee8f80b69a8208c8d8579b1925f9a445627,1,e8bffb330f14f717c1ccfd39b8a105ff2c10928d30e22bd3d82eb5c9074c0dd6,1.66977542903624e-12,1.8141748
931,MC1_K2_N2_L1_SP22_P2_R03,4974f8b15c97ace9715d1c08400df0d98a57384d80af13cf91c70f9599b64ea1,7ac5f2ed7f8b920df52a4e1cde4f3ee8f80b69a8208c8d8579b1925f9a445627,1,5d99fc9d721135e6b8c7bfb6050e74018ed147c55269d684b5382129b4772d7b,8.66862137627322e-13,1.8119369
932,MC1_K2_N2_L1_SM6_P2_R04,1ac018e0322759494c9b464a8f72516eddd643621cba6e974f7d97da5906c0a2,7ac5f2ed7f8b920df52a4e1cde4f3ee8f80b69a8208c8d8579b1925f9a445627,1,63b7d255efc2d09963800faf4f76d071c9f820db2b34c0de493f80a375dfe453,3.32178728967847e-13,1.8060906
933,MC1_K2_N2_L1_SP0_P2_R04,07b45d8f79e11b765010487950c7b9d38d487ff047d62209efc1c0e524d72ba1,7ac5f2ed7f8b920df52a4e1cde4f3ee8f80b69a8208c8d8579b1925f9a445627,1,825a5003f214ec11abe19d470b178678fd52721fe44f760628d293b879ba010e,3.65480109823711e-13,1.8127561
934,MC1_K2_N2_L1_SP6_P2_R04,2ff640852f52ab6a1afd9a5b22d81f5ccc842a2dbaf91c1521aca42742fb60e9,7ac5f2ed7f8b920df52a4e1cde4f3ee8f80b69a8208c8d8579b1925f9a445627,1,2451994fada31fc12dccfdd9a317d70a23a786ea2404c3571417f1c76f96a5af,1.76747505520325e-13,1.8115873
935,MC1_K2_N2_L1_SP10_P2_R04,6e2cf82db8728bc5acf2990a17a63b204587922c9efc5b451ad17f9621369c7e,7ac5f2ed7f8b920df52a4e1cde4f3ee8f80b69a8208c8d8579b1925f9a445627,1,df4d5aaef9b9070245c4c42c5654a12878ed77603dacbb1b7c77a9062b0315aa,1.22568621918617e-13,1.8061247
936,MC1_K2_N2_L1_SP14_P2_R04,90176b69e6340f32280751feaa744db08b4bd616e969fb939381fdba6973a64c,7ac5f2ed7f8b920df52a4e1cde4f3ee8f80b69a8208c8d8579b1925f9a445627,1,6fb6febf9bb3739089b4de6d8114e4082a2b924fcc65d527fbb5f1e58a96714e,7.8159700933611e-14,1.8296499
937,MC1_K2_N2_L1_SP18_P2_R04,b73b6cc763e3236110a173a2c80be2e3a4e261df6a9f3ab23acb8ddbecaeaf79,7ac5f2ed7f8b920df52a4e1cde4f3ee8f80b69a8208c8d8579b1925f9a445627,1,65964d73b1c18372214725f62e6d632dbdd0f42f23636905f711dd8c324fdb08,3.76587649952853e-13,1.8064798
938,MC1_K2_N2_L1_SP22_P2_R04,0d858c2fd3011f75d5b9121449544ab7ca7cc89c72a236bc3811be94f6f7e898,7ac5f2ed7f8b920df52a4e1cde4f3ee8f80b69a8208c8d8579b1925f9a445627,1,95950e2ddd8bc916068115d55e1535c76346edeeeef8e9eb466ce2c69878fd23,3.23296944770846e-13,1.80963
939,MC1_K2_N2_L1_SM6_P2_R05,0237804a4c7bba9ffec009576b9ae5079156da9fa7da620c2f3d2563a8008ba9,7ac5f2ed7f8b920df52a4e1cde4f3ee8f80b69a8208c8d8579b1925f9a445627,1,868bba5ad5ee245056af7d9e2fdb4e87c9f0c7207136cf70fc5b8ff555274ab2,1.45572442988851e-12,1.8158893
940,MC1_K2_N2_L1_SP0_P2_R05,b3b17904ef418f1ac4986b34e1f160e44a22e291eea45e25fb5771d326b90889,7ac5f2ed7f8b920df52a4e1cde4f3ee8f80b69a8208c8d8579b1925f9a445627,1,0aa4f7660069ad771a20d7afe8ca0b5a0d3d17efaf997b6e564856fd08db3c42,2.66636544501992e-13,1.813889
941,MC1_K2_N2_L1_SP6_P2_R05,98bee03492b9247f5c3d85e753d794e36e8092a43e371298942af7188f814af2,7ac5f2ed7f8b920df52a4e1cde4f3ee8f80b69a8208c8d8579b1925f9a445627,1,c89e13f621a73f87a019e171fd7b494f285948c7f37adb258f6fe20f775eef33,6.45705711121991e-13,1.809877
942,MC1_K2_N2_L1_SP10_P2_R05,60659e4c082d54ed3266ac3a538bd97723d428529539cb31fc8b8a91782f1625,7ac5f2ed7f8b920df52a4e1cde4f3ee8f80b69a8208c8d8579b1925f9a445627,1,e3a4866a82b419ae6d26e26f65d4b2bd6a0fbedf089c7cec9a2ca20c25510a3f,8.88178419700125e-13,1.8192901
943,MC1_K2_N2_L1_SP14_P2_R05,163a0100d88367a08dc21460268762173a6658d8b794c92bfcf2bee2b8f56a55,7ac5f2ed7f8b920df52a4e1cde4f3ee8f80b69a8208c8d8579b1925f9a445627,1,4d0406dcd3393edce3e5c5304a246938c01a06a5e03dfcbc58b312837ff9cb0b,3.03757019537443e-13,1.813737
944,MC1_K2_N2_L1_SP18_P2_R05,2da0e8e34c63007c939b47bd718769c038a9932994983c929aa3026c96505613,7ac5f2ed7f8b920df52a4e1cde4f3ee8f80b69a8208c8d8579b1925f9a445627,1,93fa530cdc6c3a36341c4514766b6ca99eecbef0dd48e5f7bd79abebead29197,1.37134748001699e-12,1.8076045
945,MC1_K2_N2_L1_SP22_P2_R05,72c9c462fb834977d4154dd60c1779c3e43c01dde2f323a2df3a0e29332ebf35,7ac5f2ed7f8b920df52a4e1cde4f3ee8f80b69a8208c8d8579b1925f9a445627,1,4bc4ced14916f2fd5b9d718bf5d3bfcffa059a69313178c35e5ec7fae2a845a5,1.10134124042816e-12,1.8120114
946,MC1_K2_N2_L1_SM6_P2_R06,385e6482941ac381d296f615b04489e9091eebe05db88853c2f4d08ea9211409,7ac5f2ed7f8b920df52a4e1cde4f3ee8f80b69a8208c8d8579b1925f9a445627,1,f6db12c19e1705e759245adb2878547b25e96dc5b698a88edea77a2fae223c89,1.00897068477934e-12,1.8022238
947,MC1_K2_N2_L1_SP0_P2_R06,022582a6cd0e6e642bf5d71e753b79f6ee6537edd83f74b6275955f400a14530,7ac5f2ed7f8b920df52a4e1cde4f3ee8f80b69a8208c8d8579b1925f9a445627,1,9d7070ca1094e108ea8d616b4d89647935515bf8229bbca1e76f8a92764db634,8.00391797239154e-13,1.8298876
948,MC1_K2_N2_L1_SP6_P2_R06,0c80629516ff36cd3fc26d437e7558c7d58d0b63fa952ce4ca7e5ef27d2fb8c3,7ac5f2ed7f8b920df52a4e1cde4f3ee8f80b69a8208c8d8579b1925f9a445627,1,df921bfaeed1febaee53c8997b6e8e8ab850e040ac75370131d47cce7e8ba368,6.87450096847897e-13,1.8151532
949,MC1_K2_N2_L1_SP10_P2_R06,61bffc98f5920dfd358aa6b926a4fbec3a80a84b67f01867299dfd485afbbb22,7ac5f2ed7f8b920df52a4e1cde4f3ee8f80b69a8208c8d8579b1925f9a445627,1,a94c9c9e12a6e4baf1425070782f87545f159548b2e56e0db592dcad72690e98,3.69482222595252e-13,1.8133082
950,MC1_K2_N2_L1_SP14_P2_R06,cd2614d2d7d24b734f7fc9c621aa850fed920ff68faeeb7d95a3776ebe4c703d,7ac5f2ed7f8b920df52a4e1cde4f3ee8f80b69a8208c8d8579b1925f9a445627,1,3d1a225c7e399930693233a1a50ce7f83f4f47a163cd392ee7a93dd782791154,1.4033219031262e-13,1.813384
951,MC1_K2_N2_L1_SP18_P2_R06,b8bb3c652462b7fdbe11649c5cfb6c005045e50b9396e3a8188bedb043a01502,7ac5f2ed7f8b920df52a4e1cde4f3ee8f80b69a8208c8d8579b1925f9a445627,1,ebc521287ad4326fcbc4257a1ef3a7b15c93eabe35b67acff1d4056affaa3521,8.20676859802916e-13,1.8134565
952,MC1_K2_N2_L1_SP22_P2_R06,f923679a4279e3ea22b7c6ad6d1b445386b5a0fa397e824daf2fb8d410b970c9,7ac5f2ed7f8b920df52a4e1cde4f3ee8f80b69a8208c8d8579b1925f9a445627,1,087bd4fd9a0f7044a5b0b85db555f88ea18fc7b53c4f8641deb5ee8687660eb0,6.32383034826489e-13,1.8311151
953,MC1_K2_N2_L1_SM6_P2_R07,c85004d5ffdde63940b50379f4f29c0d122fd6d77553f6327d2f18d2795f3498,7ac5f2ed7f8b920df52a4e1cde4f3ee8f80b69a8208c8d8579b1925f9a445627,1,973b6c68425842e814eed31a7b1d43de9abf0781af042848a455a9c15df94090,5.78204151224782e-13,1.8112132
954,MC1_K2_N2_L1_SP0_P2_R07,1e5c5bbd59dd5e462b7633b657204e257eac887c960329eaeac9c10322b6a2ca,7ac5f2ed7f8b920df52a4e1cde4f3ee8f80b69a8208c8d8579b1925f9a445627,1,53e23582298fdc043610ed81b09a63766f96b86be188c3333bf92a5256d349b1,5.82453789798146e-13,1.8132157
955,MC1_K2_N2_L1_SP6_P2_R07,9f6caa746eee68cd7c53fe78f58f4a384776c8cb21db7b890a1c25d8e80b12eb,7ac5f2ed7f8b920df52a4e1cde4f3ee8f80b69a8208c8d8579b1925f9a445627,1,750120e31739355db30054bdbd9f266b51c4dcd47dd980095b714f987ce4b8eb,1.14575016141316e-12,1.8146187
956,MC1_K2_N2_L1_SP10_P2_R07,02c2d15e4f2a7da4796a825ab257a8295a0efdce324b52917097abe94deb6610,7ac5f2ed7f8b920df52a4e1cde4f3ee8f80b69a8208c8d8579b1925f9a445627,1,289eeb2f18b957f7e3ee1f7a7138c694ec76f06460a8adf3fbbe416b40e54043,4.2454928461666e-13,1.8083474
957,MC1_K2_N2_L1_SP14_P2_R07,9983cb753937102a0177ac49f6b56b6189d8c64b05068faf33269dd9c4d7f130,7ac5f2ed7f8b920df52a4e1cde4f3ee8f80b69a8208c8d8579b1925f9a445627,1,9bec45d96b3cfa3eb62beeae48dcc039bc8c728402381acb235a0a81c5fcdbf2,1.18305365504057e-12,1.8038979
958,MC1_K2_N2_L1_SP18_P2_R07,d28d70f2eff40134daf63bf236436d8f3ef4b81ee6ae283ee2a57f1ea80e99d0,7ac5f2ed7f8b920df52a4e1cde4f3ee8f80b69a8208c8d8579b1925f9a445627,1,6e0cb7841c7cc0bd1c14ee88c005ddf28e56f3723aabf972d4a1715c62695425,9.69890834312537e-13,1.8305777
959,MC1_K2_N2_L1_SP22_P2_R07,cfbd02188cdae4eb779a1f0c041dc27e4d778e9a3d36a11f5a7f787401cd476c,7ac5f2ed7f8b920df52a4e1cde4f3ee8f80b69a8208c8d8579b1925f9a445627,1,425ee16baca73b53e906f87e615b334031821ecab4421a4554914ce6ae81145d,7.46069872548105e-14,1.8121218
960,MC1_K2_N2_L1_SM6_P2_R08,1ff7bcf4d1267b3cca2616d153a56607b52cdfc0a712d3fd0f514a4daa6cf810,7ac5f2ed7f8b920df52a4e1cde4f3ee8f80b69a8208c8d8579b1925f9a445627,1,66c6c100d2b7549983cafb80749455c1ab16a0f1c7a08aa4c8f9b5058e114edb,6.4037664060379e-13,1.8101745
961,MC1_K2_N2_L1_SP0_P2_R08,c52fca2da96e874ae8e05638c6af3f6151c80a4296765c5b147ffe4c69d8ec69,7ac5f2ed7f8b920df52a4e1cde4f3ee8f80b69a8208c8d8579b1925f9a445627,1,b1e0eaa236cd948c04172738f84ed14740d38ddf3f50d44e091a9ad358db37a5,2.69529526901652e-13,1.8188047
962,MC1_K2_N2_L1_SP6_P2_R08,08ba78049753601672b5dcf97c3b19d2f1acb594e097570f4590e8c4e316324c,7ac5f2ed7f8b920df52a4e1cde4f3ee8f80b69a8208c8d8579b1925f9a445627,1,e5a204038a7d35138b8e409e7917a8f572023d0e18209698cfd6aa4b4508da75,4.63629135083465e-13,1.8120728
963,MC1_K2_N2_L1_SP10_P2_R08,5750b684830afcfe1d1e8a266b1d3e96eb4ae5c0f9fad8e92254b87983330b6f,7ac5f2ed7f8b920df52a4e1cde4f3ee8f80b69a8208c8d8579b1925f9a445627,1,a703592098e63b9762732144b656649102749bee40bb67efc34a6d1b96f8acbe,1.32338584535319e-12,1.8075143
964,MC1_K2_N2_L1_SP14_P2_R08,2b77f0cf3a2a4ed3ee081987b4984e3c0a99dad194d1880903acca8a441a0c94,7ac5f2ed7f8b920df52a4e1cde4f3ee8f80b69a8208c8d8579b1925f9a445627,1,a529ae63c45d9914a92ed63ce19b565c03bc3031877c26d4cf51510ede41a6e4,1.15107923193136e-12,1.8093263
965,MC1_K2_N2_L1_SP18_P2_R08,3dc58f35bfceb1e23d11350f303fec814b18a4fd890b7675c9bc7430c8e78a3a,7ac5f2ed7f8b920df52a4e1cde4f3ee8f80b69a8208c8d8579b1925f9a445627,1,31bfb2e5462742e66c6913657b2bdaa7fe3beb41f887a853834913c22dd67857,1.49213974509621e-13,1.8304483
966,MC1_K2_N2_L1_SP22_P2_R08,7b4ba66c19a802ec08c2c45b4e6e8b213e910339310b04e04f1c1c9bdccac73a,7ac5f2ed7f8b920df52a4e1cde4f3ee8f80b69a8208c8d8579b1925f9a445627,1,01e91a8981b5213e1ec803896ecc0dcd5c7a7cbb0bf49bfb3d4f10b917658805,6.18172180111287e-13,1.8105342
967,MC1_K2_N2_L1_SM6_P2_R09,e0bf9db92b04f81239e6d94fc0dfe2f3b42e9d39b1a34dfb812be2e83f04eea6,7ac5f2ed7f8b920df52a4e1cde4f3ee8f80b69a8208c8d8579b1925f9a445627,1,2ffd7e14409ee82c0c5da54dbeefaf5a502c8fd78449c6304aad32d1d9683e09,8.78408457083424e-13,1.8145446
968,MC1_K2_N2_L1_SP0_P2_R09,112e37b98ece9bb538eed3519305d86e5adb5a8615c5a023fb5059464e60f292,7ac5f2ed7f8b920df52a4e1cde4f3ee8f80b69a8208c8d8579b1925f9a445627,1,d70640cba0b3d88cca88cb7c7715a0cffd2293e08ffdf4ae3747b7e29fd1d539,1.29798476998053e-12,1.8177082
969,MC1_K2_N2_L1_SP6_P2_R09,c4918ef8eef1a56b4e061d87baa14bc5d264fbe62e38dbd1b55a56f8ba9dafe8,7ac5f2ed7f8b920df52a4e1cde4f3ee8f80b69a8208c8d8579b1925f9a445627,1,7edea9cd5e6d93948392753a967d2b25cdcfa7e1e9978a9bec08a42507664764,1.06048503312195e-12,1.8339209
970,MC1_K2_N2_L1_SP10_P2_R09,f5b7a3ec4d5f39b1cd3648b4bee0661740eedc4a6fbc9b9dabad84f08faab65c,7ac5f2ed7f8b920df52a4e1cde4f3ee8f80b69a8208c8d8579b1925f9a445627,1,51ab3e73431db4bd2ae8edbbf318fdaf820afd1ddb0805c2dbf83c7bf4a6083d,2.57571741713036e-13,1.8146136
971,MC1_K2_N2_L1_SP14_P2_R09,f95439220d46a2ee659a068ea8634ee1f65e17eab6734c420781fe153bdac8d6,7ac5f2ed7f8b920df52a4e1cde4f3ee8f80b69a8208c8d8579b1925f9a445627,1,9b3a9b6d05418e402cec1fcb42df5732ccf0bad274395532e306ff0bc12ba0e3,9.41469124882133e-14,1.8115119
972,MC1_K2_N2_L1_SP18_P2_R09,f501b2816620b034d930eb64f49e3a337244c1a00396f18f30cd56a238bac39c,7ac5f2ed7f8b920df52a4e1cde4f3ee8f80b69a8208c8d8579b1925f9a445627,1,94a6a40a6357e83d2d8cf2ddf0581e98a1261d5757fa9fab48cf889cfe744442,2.48689957516035e-14,1.8080808
973,MC1_K2_N2_L1_SP22_P2_R09,9e551fbe495251bdced86fbca5ba23bb4ced5d2a564733eb1e1979157d71da50,7ac5f2ed7f8b920df52a4e1cde4f3ee8f80b69a8208c8d8579b1925f9a445627,1,c9c0f58662567b8f78bad8823effa576f5d0e5ecbb8374c504a61420e73418d1,1.84741111297626e-13,1.8387309
974,MC1_K2_N2_L1_SM6_P2_R10,822a0f734a6fb7e4a22f7d17b34982bb6c87386d4daec832deef13fa9dc22c66,7ac5f2ed7f8b920df52a4e1cde4f3ee8f80b69a8208c8d8579b1925f9a445627,1,b082b4e3cdff1477eb9cd8cb0253741cb9cdf009cb77e6d615a3b68b6e8d7320,2.22044604925031e-13,1.8135486
975,MC1_K2_N2_L1_SP0_P2_R10,4502b3ec7adada03314d109a92c7faf33e2a649edcf624370f06cd7162c7f486,7ac5f2ed7f8b920df52a4e1cde4f3ee8f80b69a8208c8d8579b1925f9a445627,1,d867c4d5bb8451bd0eb1867ee35b55a1116f1d26d9c3ce7e26609d3196adff5a,3.14370754096383e-13,1.809672
976,MC1_K2_N2_L1_SP6_P2_R10,e3e26bfdff493e42691f7dbb1c99b33852eebd66dfebd48d6168b198675e7cb8,7ac5f2ed7f8b920df52a4e1cde4f3ee8f80b69a8208c8d8579b1925f9a445627,1,d5457f305662ca3f5b913c3ffb8c14bc903aafb5e7f33308d245338152403a07,1.06403774680075e-12,1.810831
977,MC1_K2_N2_L1_SP10_P2_R10,a09f12fedb7d31b0725b0a0d1e588bc2e2a09ef92b97c4d519ad7e4655c82e12,7ac5f2ed7f8b920df52a4e1cde4f3ee8f80b69a8208c8d8579b1925f9a445627,1,f05c2e9c68ae956532ace805f9e608e1042256c42aa33dbed6e41cf874655844,1.58273394390562e-12,1.800679
978,MC1_K2_N2_L1_SP14_P2_R10,329e4569149c47e4d4955a95dea1c6ad219d5605c1dcb4ca36aa58fbc124c52d,7ac5f2ed7f8b920df52a4e1cde4f3ee8f80b69a8208c8d8579b1925f9a445627,1,58ea9656d6b4523b4e958f3875cee55c970e23b998b4213c8fd0a5fc407a4cc3,6.67910171614494e-13,1.8073609
979,MC1_K2_N2_L1_SP18_P2_R10,2addc07a7c75153fbf377bfc6a88be8237427e5d3480c19bdd658e7b60f5965f,7ac5f2ed7f8b920df52a4e1cde4f3ee8f80b69a8208c8d8579b1925f9a445627,1,291d0975a0e95917ca9e81d4e9b283e5e99ab31bf1c87115cb5f889ebc825f47,9.73443547991337e-13,1.8068402
980,MC1_K2_N2_L1_SP22_P2_R10,d47a5a106fbb401c991ad2d65d74a1b921b7309ad6889a3f11ab9fb71dc794e1,7ac5f2ed7f8b920df52a4e1cde4f3ee8f80b69a8208c8d8579b1925f9a445627,1,ae8facfd7936b2fc57199a760e5c8251f6e7128dec81fc5702024ca26a73434e,2.48689957516035e-13,1.8204813
981,MC1_K2_N2_L1_SM6_P3_R01,eb01b3b309f04c7a318a0ff1980b54d7a7153984e75d0f1aba86005c11800e9c,7ac5f2ed7f8b920df52a4e1cde4f3ee8f80b69a8208c8d8579b1925f9a445627,1,20f56cb2094fa3cd3ea8c219da6ca273edeb9018e830422c48c157ffd7445052,3.79252185211953e-13,1.8168692
982,MC1_K2_N2_L1_SP0_P3_R01,729347b650af7ed045a0437c4b9c54928d9df2efc1d412b72fae3084776c0f4f,7ac5f2ed7f8b920df52a4e1cde4f3ee8f80b69a8208c8d8579b1925f9a445627,1,839555c3c5c8094333bc43c74efa28df8c2681361e72f3cc0bace26fdcc1106f,7.06852032983502e-13,1.8124774
983,MC1_K2_N2_L1_SP6_P3_R01,f2ddf0a58f19a9351abefaef0d48349547433519c2d8e283f05ac33ab5d8abfc,7ac5f2ed7f8b920df52a4e1cde4f3ee8f80b69a8208c8d8579b1925f9a445627,1,a54a78ef8835c03131b96223e4f7fa074e71e5cbc025a5a85ca94b067fbd5057,7.105427357601e-15,1.8088153
984,MC1_K2_N2_L1_SP10_P3_R01,64da19f294d100d46e919f50f54bfe72ab37b7d2aeb46382516c8dd25d163484,7ac5f2ed7f8b920df52a4e1cde4f3ee8f80b69a8208c8d8579b1925f9a445627,1,93f56fd4b9055e9dd219c25f1e6e920bb82ed673be0cee552e332ad6d581497e,2.77111666946439e-13,1.8132544
985,MC1_K2_N2_L1_SP14_P3_R01,4941fa05cf1d910cafc2046c14d41924c620d24767e96486c70830f64c4fb8e4,7ac5f2ed7f8b920df52a4e1cde4f3ee8f80b69a8208c8d8579b1925f9a445627,1,654b86d28c9533d4af9a9e673ae9cd8549a88c585acc0fafb760181c594509fc,4.9737991503207e-14,1.8083662
986,MC1_K2_N2_L1_SP18_P3_R01,96b702168f353547417f22c3efb8734868a89ce98798c67cb87fc8b4125df232,7ac5f2ed7f8b920df52a4e1cde4f3ee8f80b69a8208c8d8579b1925f9a445627,1,32dc908d55df4b89babaf25bfd106aa5904c48d85812ef8eba31b7b3e4d64cf7,3.5527136788005e-13,1.8122676
987,MC1_K2_N2_L1_SP22_P3_R01,b1cbc1deee4bd641d1d873136159bd96dbfd02047f07cd6e798f28fd065f4efd,7ac5f2ed7f8b920df52a4e1cde4f3ee8f80b69a8208c8d8579b1925f9a445627,1,9f49009aad191f59241042b3257004816711d27cfdcc847dd2201a5337e983e0,7.8159700933611e-14,1.8135225
988,MC1_K2_N2_L1_SM6_P3_R02,4bf6a05410d8c31ea60a2a5f7617b131d8908ba4f15e04839ae1ab9f03578f59,7ac5f2ed7f8b920df52a4e1cde4f3ee8f80b69a8208c8d8579b1925f9a445627,1,16c38597064f09da83fd50ab91fd42ad65bae337af74246fb6df2421c4190052,2.40696351738734e-13,1.8094806
989,MC1_K2_N2_L1_SP0_P3_R02,b3aedfaddd54115d6ea8da86235ad2ac851d2ab5e122341e293a974bb9ff2b7e,7ac5f2ed7f8b920df52a4e1cde4f3ee8f80b69a8208c8d8579b1925f9a445627,1,8b9d33fa71c6f97c8bfbad7fe0b14fc81904649c630039c4af7bb6046c87bbfe,2.59404088502842e-13,1.8102438
990,MC1_K2_N2_L1_SP6_P3_R02,f60f6557764e6a740fb8e7b25fed0731b53cc365a908c110a4ec96b53f85bf34,7ac5f2ed7f8b920df52a4e1cde4f3ee8f80b69a8208c8d8579b1925f9a445627,1,367c2450c655f512154c3c07f2f3eaad5d847ee7872b3f55521253cc87d13ec8,6.67910171614494e-13,1.8057856
991,MC1_K2_N2_L1_SP10_P3_R02,3a438ac29e223069dff24bd3ea621a521267737af5010bc87c2210dd93885b9b,7ac5f2ed7f8b920df52a4e1cde4f3ee8f80b69a8208c8d8579b1925f9a445627,1,c9ed53ad3def1ae303ce51bd9adf31c07ad578c56f87d80584d3335f3d6ef3b7,5.86197757002083e-14,1.8268829
992,MC1_K2_N2_L1_SP14_P3_R02,46efbcf049a66e6426ef2a48b0bf0623353a584ebb9a2f5ebd6825599e0bdbbe,7ac5f2ed7f8b920df52a4e1cde4f3ee8f80b69a8208c8d8579b1925f9a445627,1,6e4124f13c0bc7fda5d56c1ac77c89750fe4aa915bddd846ab9cfee44c870a39,1.74082970261225e-13,1.8084682
993,MC1_K2_N2_L1_SP18_P3_R02,7030ff5ac6e66f5be213569597b2516190db3b52aeeb5cedffe1dc67a46ea75a,7ac5f2ed7f8b920df52a4e1cde4f3ee8f80b69a8208c8d8579b1925f9a445627,1,7b08de68f9ac5d153f03766a097bc03271f08bb366a1eaf0e65aff69dccbb760,5.57776047571679e-13,1.8111888
994,MC1_K2_N2_L1_SP22_P3_R02,ccb6bd200ed1b4baddafd51abf988c77b3cb293ce6877a08f591bf57f0b7c754,7ac5f2ed7f8b920df52a4e1cde4f3ee8f80b69a8208c8d8579b1925f9a445627,1,b1f4a81f7e2ef521b1e470c4c4d235c5ec26008983767377c05c2ade379365f4,2.94875235340442e-13,1.8157597
995,MC1_K2_N2_L1_SM6_P3_R03,5c67bccdd185851c0b83a852525b6832822e7b867e5aa9e907cf7f391711ed91,7ac5f2ed7f8b920df52a4e1cde4f3ee8f80b69a8208c8d8579b1925f9a445627,1,133214b877c3569987d2cc0b8fea7f43bcb4b3069a800d6acf2f2e2e2301f9f5,8.88178419700125e-15,1.8067522
996,MC1_K2_N2_L1_SP0_P3_R03,40905c2af155e792c35f9d7408dec716fd271cac6731edf590e8d55cc14eec47,7ac5f2ed7f8b920df52a4e1cde4f3ee8f80b69a8208c8d8579b1925f9a445627,1,53c79c710a47a3a2f58691bf72dd4b4ca276d8f2f954a4de918759183bc507f2,5.51113147135239e-13,1.8086413
997,MC1_K2_N2_L1_SP6_P3_R03,40e35cdd987354a21771d1a884dfb77a3170c0e2bfb63c2708428803a2864303,7ac5f2ed7f8b920df52a4e1cde4f3ee8f80b69a8208c8d8579b1925f9a445627,1,258d6330b00f019536b3264ad24eb04cbff80555abfac217114ab8a192c52e3a,4.34319247233361e-13,1.8050582
998,MC1_K2_N2_L1_SP10_P3_R03,be0d8638024024675e36c02bd8cc8a86d32b2d48de675373f6a94d5299a6400b,7ac5f2ed7f8b920df52a4e1cde4f3ee8f80b69a8208c8d8579b1925f9a445627,1,d86171b3bd38cf574af104af94b387d8b4d3025161cf8176ed8ded298106cbf8,5.93303184359684e-13,1.8136818
999,MC1_K2_N2_L1_SP14_P3_R03,d67d9c50062d2a8d3ecc7b36278e50335b8d8e6028906745a8c15ae965627afb,7ac5f2ed7f8b920df52a4e1cde4f3ee8f80b69a8208c8d8579b1925f9a445627,1,2e0d98d4b4eaa87bfa3df60b7649f1c8533e8b04946da1a85284e17ef419826b,0,1.8089716
1000,MC1_K2_N2_L1_SP18_P3_R03,fb3741cdadb1b6145d1be8ce3600ccc53505a389ccb970a95a34c6ce87e982b5,7ac5f2ed7f8b920df52a4e1cde4f3ee8f80b69a8208c8d8579b1925f9a445627,1,89f4ea04343706cde710143b779da3452828144c5f3bd78f3f81b43fd7e1b2b0,5.54223333892878e-13,1.8493754
1001,MC1_K2_N2_L1_SP22_P3_R03,359652a5fd39ce8d84a6e1a8c38a49ac0ab251e6538b73ab7aa49694553374c2,7ac5f2ed7f8b920df52a4e1cde4f3ee8f80b69a8208c8d8579b1925f9a445627,1,a5b9dfc7dd1297bcd0c43621999785550259ca61cf46e3dc9c38f23797279d37,3.94351218346856e-13,1.8251137
1002,MC1_K2_N2_L1_SM6_P3_R04,832f57075eaabaffef59eaf8b3ee90237191808efbca38160bc3324eddff4962,7ac5f2ed7f8b920df52a4e1cde4f3ee8f80b69a8208c8d8579b1925f9a445627,1,b5dc146e0dd48bcb1fe77cd20aa4c4b14e9017c0ec42bd524b6601c060352b42,1.59428026336172e-12,1.8210564
1003,MC1_K2_N2_L1_SP0_P3_R04,b5983a1cfb2fd1f199a624dee585404da834f29bbfff18e5e30595fbb172b24f,7ac5f2ed7f8b920df52a4e1cde4f3ee8f80b69a8208c8d8579b1925f9a445627,1,0e7128cd1e512a6361dea85d47f7955f5b485d0c39595f965090c93bf4a921a2,9.5179120948799e-13,1.8140653
1004,MC1_K2_N2_L1_SP6_P3_R04,31452c024577b375ec9cf8721f53dacdc2f12e8f827aa2065b818229e303e971,7ac5f2ed7f8b920df52a4e1cde4f3ee8f80b69a8208c8d8579b1925f9a445627,1,b74650771716d9fea3f6efe6d29693340d831630f545e6396b168914aaf45be1,3.10862446895044e-13,1.8430489
1005,MC1_K2_N2_L1_SP10_P3_R04,678a0e62537a86801fc886391aca6bbf99191e37d01fd6b03ae9e2f38841fd4a,7ac5f2ed7f8b920df52a4e1cde4f3ee8f80b69a8208c8d8579b1925f9a445627,1,dd1559225aa5ac16249ddef75dafbbc8602d00433bc40cae2238bf007151079d,1.15640830244956e-12,1.8172349
1006,MC1_K2_N2_L1_SP14_P3_R04,d0ebf45df086b0d607d35b8b7a73bf089bcc8209c2acb0d412ef2baedcfb8e71,7ac5f2ed7f8b920df52a4e1cde4f3ee8f80b69a8208c8d8579b1925f9a445627,1,4649a736586185b2c97a8afdee7f699c2cbfb21207e3e7b3b78e003129dc3fa5,8.34887714518118e-13,1.819713
1007,MC1_K2_N2_L1_SP18_P3_R04,4b3f998a20bffdc7995e22f5a0bbd80691baba2b0c7431352bf781f241b6c210,7ac5f2ed7f8b920df52a4e1cde4f3ee8f80b69a8208c8d8579b1925f9a445627,1,d91693da54e3c497e0a2c616680e2c67556eb5011c2907dc3a2a0efd0c3c74d7,6.71462885293295e-13,1.8116667
1008,MC1_K2_N2_L1_SP22_P3_R04,b16c9ffefb1229cc96ef8123f12b84874e089e57a35e9cf4c71e441ffbf20bc8,7ac5f2ed7f8b920df52a4e1cde4f3ee8f80b69a8208c8d8579b1925f9a445627,1,cdec8ab6977a386c5b7c4281056ac7d03f84634eb07151964e7551d428370568,1.19726450975577e-12,1.8187522
1009,MC1_K2_N2_L1_SM6_P3_R05,d34c6d0f105ca90dd4067948fe6b3d8c8b2fc51ab3bd198fd13e8996f454c168,7ac5f2ed7f8b920df52a4e1cde4f3ee8f80b69a8208c8d8579b1925f9a445627,1,65e75b632a00b65bfee063ad6e0bd293a3aba0cffac424a53d892ff17aafa0a8,5.63105118089879e-13,1.809961
1010,MC1_K2_N2_L1_SP0_P3_R05,6fe7f39c2cb2a1313d40f258a13c5d30d6d43f788a7910de774d472bc80ed120,7ac5f2ed7f8b920df52a4e1cde4f3ee8f80b69a8208c8d8579b1925f9a445627,1,8dd568c5569a0324acaf74a5bf79e0e89cd94f754596b8f3b8a2a6214854239c,1.95758475710313e-13,1.8071076
1011,MC1_K2_N2_L1_SP6_P3_R05,1b575ea9008c9dbb3fc68dea51458b28785affe4a7d00ddf79330b311d62fd20,7ac5f2ed7f8b920df52a4e1cde4f3ee8f80b69a8208c8d8579b1925f9a445627,1,50385bc5313cd049037b6d24442aef5ce1dbe40b4db2c0a07f154b8a773e01a1,2.32702745961433e-13,1.8054951
1012,MC1_K2_N2_L1_SP10_P3_R05,81a8426b30dffb699c190553cefd7d791b1867aee391cdacca923735cc732dc3,7ac5f2ed7f8b920df52a4e1cde4f3ee8f80b69a8208c8d8579b1925f9a445627,1,f2ca6b5db6132648f51ef90a17aea6584d815af39967d94f2c45652e20bbd945,4.76063632959267e-13,1.8121863
1013,MC1_K2_N2_L1_SP14_P3_R05,b194faae1c8b10f964ef7b37cce615b89346fda84cb1fc0db4ca8c2e4204c1df,7ac5f2ed7f8b920df52a4e1cde4f3ee8f80b69a8208c8d8579b1925f9a445627,1,978287dc805f6eb1b777ba27e3ebd7c59e3797f758655f989caa12a17343e1f5,8.45545855554519e-13,1.8133226
1014,MC1_K2_N2_L1_SP18_P3_R05,e8acdaaa4f7d1d5f8d0c39bf54302b428a667b62f19409a29166d25830013800,7ac5f2ed7f8b920df52a4e1cde4f3ee8f80b69a8208c8d8579b1925f9a445627,1,cd3c1ef6e8f227c33a5abff620c2238745885f9fdecb44fecd01db50bce17eaa,3.90798504668055e-14,1.8059052
1015,MC1_K2_N2_L1_SP22_P3_R05,ddf0e1c0cf467ea5cae9b6148c5df0d50a87c913323570b0fa3d293b380e8ec9,7ac5f2ed7f8b920df52a4e1cde4f3ee8f80b69a8208c8d8579b1925f9a445627,1,4d6741c1e1c03ef664429c31e9b854eea6fec10d8cec2c052a0570e49128cc1c,4.61852778244065e-14,1.8135845
1016,MC1_K2_N2_L1_SM6_P3_R06,6939fd99a8b5c775eb960d6794e0a2cbe2cb65dd4acc550d5da086002b7cc84a,7ac5f2ed7f8b920df52a4e1cde4f3ee8f80b69a8208c8d8579b1925f9a445627,1,6cd59dab8c1ac53a3b102edb1434f8f009af424cd2d9be6b9c6f6a83457cad67,2.55795384873636e-13,1.8099548
1017,MC1_K2_N2_L1_SP0_P3_R06,7fc9399c23c5ac99434647d454ea3acdee49f11453e4424229fe3bb919b0eec2,7ac5f2ed7f8b920df52a4e1cde4f3ee8f80b69a8208c8d8579b1925f9a445627,1,031e9dbed4fb3fd71df4df33f9f0afbdac46e25c706dca9bbc9dd1e3fa6a1c5d,2.27099118373305e-13,1.8214475
1018,MC1_K2_N2_L1_SP6_P3_R06,f7b64fc5d900949689485af99fdbde569c8eee13c9dc9f10f1a5b02ed4406017,7ac5f2ed7f8b920df52a4e1cde4f3ee8f80b69a8208c8d8579b1925f9a445627,1,cbc5b28fd27c03bfabbe95db948c29820712a0d06028d77155ad5cfe85b18e05,4.52970994047064e-14,1.8116998
1019,MC1_K2_N2_L1_SP10_P3_R06,6695283348094d3deb938186559ff7e5f261475e5bcccba6aa155e0361adbb3d,7ac5f2ed7f8b920df52a4e1cde4f3ee8f80b69a8208c8d8579b1925f9a445627,1,ac7548ca104f90277adb14825e85495cd5750d652ec206e323fb70d74caec69c,1.4033219031262e-13,1.8057311
1020,MC1_K2_N2_L1_SP14_P3_R06,7d0fd97dbdfa24a47bda206eee9caf9660e44e262ee956ee5a4107b3d605d3f9,7ac5f2ed7f8b920df52a4e1cde4f3ee8f80b69a8208c8d8579b1925f9a445627,1,a8924652f1463d36c573ff147998d7443264b6a2ba2eac1134be05cf069fbf48,1.24344978758018e-14,1.8050628
1021,MC1_K2_N2_L1_SP18_P3_R06,042a2edc06d65f0f18167dc684cc62a2782fbd9e233d28ff3b86c96ee3dea626,7ac5f2ed7f8b920df52a4e1cde4f3ee8f80b69a8208c8d8579b1925f9a445627,1,7d018b7bb846cd5df6cf8f547be95c13cc41aaf5dd4cbeb883d5bdd504b99ca9,2.0961010704923e-13,1.8109132
1022,MC1_K2_N2_L1_SP22_P3_R06,5a32a9d3f74b660d3d2f4077b3a06332241ccf177eb5b2f3eac93ceba1af16a7,7ac5f2ed7f8b920df52a4e1cde4f3ee8f80b69a8208c8d8579b1925f9a445627,1,774a4469a27931c2abf6f2c729603be42ef09d8140e9ed5bb640dd78c03a857e,5.57776047571679e-13,1.8059535
1023,MC1_K2_N2_L1_SM6_P3_R07,6b6f8e36386e8b4a71d54b074c451c6fdc16160f4aa82610fc1e787deba6c2e5,7ac5f2ed7f8b920df52a4e1cde4f3ee8f80b69a8208c8d8579b1925f9a445627,1,c7d995e0fbc67bc274b1fe6e794e6f1a077e35c8c23fa97dda9433ac9c1a0190,2.47801779096335e-13,1.8300488
1024,MC1_K2_N2_L1_SP0_P3_R07,75bd904b917b66b15be008a02f3ef719de4f3871ae9d3813ecbc85b4c931cd74,7ac5f2ed7f8b920df52a4e1cde4f3ee8f80b69a8208c8d8579b1925f9a445627,1,a89e02b8cbbd8ec5476cd3c0fd75b6c59af435e801c71a77d8758ec36fb7734c,2.15045025041378e-13,1.8043766
1025,MC1_K2_N2_L1_SP6_P3_R07,aed5ff521def9dbdecf80bd90a93da6cb731a2e22776c64f2b4041081ad0094b,7ac5f2ed7f8b920df52a4e1cde4f3ee8f80b69a8208c8d8579b1925f9a445627,1,7f5ae08755e4a01d59e6173eb5941e5a46b0ef35c7a7c3b28e238574d8a40473,2.1316282072803e-14,1.808782
1026,MC1_K2_N2_L1_SP10_P3_R07,3752c4444873b7ea5b01107243b7a4c9c6ff69cb592f60eede2f401b3bbcb122,7ac5f2ed7f8b920df52a4e1cde4f3ee8f80b69a8208c8d8579b1925f9a445627,1,ed6a3fa7b7317cafab785f1c3ee578a1e0892991cd16f3ce71be03f08aed8302,2.77111666946439e-13,1.8145218
1027,MC1_K2_N2_L1_SP14_P3_R07,45ce690bc3945953b915732f5fefa3c802b12e32a76ce3fb950f747b22a4401d,7ac5f2ed7f8b920df52a4e1cde4f3ee8f80b69a8208c8d8579b1925f9a445627,1,5cdaca59d8ecb27e73329a2d869d8bac90caec778260eed57dbc12d2a5da8a98,2.61124455391837e-13,1.806832
1028,MC1_K2_N2_L1_SP18_P3_R07,d031c21986d22cd6705efc1c12b8a3c8f8bcdcf2c555228d290f92fc10f09ea2,7ac5f2ed7f8b920df52a4e1cde4f3ee8f80b69a8208c8d8579b1925f9a445627,1,963fcd4bf4dfc8532c3c9caefbad5fbf583ededd566f718cdbbfbe15b122d65c,1.45661260830821e-13,1.8087151
1029,MC1_K2_N2_L1_SP22_P3_R07,b464cc3b0b8a7a1ac602eaa8b972caed5e5a86606d9030f6d33b509632f29a7e,7ac5f2ed7f8b920df52a4e1cde4f3ee8f80b69a8208c8d8579b1925f9a445627,1,700db4badc2e065d7cb0842aac14af390a6d66c0cb4f28ba03dacf0fb79cd9d9,1.06581410364015e-14,1.8155515
1030,MC1_K2_N2_L1_SM6_P3_R08,42f5346a9b65241fced216670538f7797c42621cce472036618021806b89d4f0,7ac5f2ed7f8b920df52a4e1cde4f3ee8f80b69a8208c8d8579b1925f9a445627,1,75950eca10dfea87059138c8a7c828b56304cfa460cf66d18d62735d83fd911e,2.16715534406831e-13,1.8117258
1031,MC1_K2_N2_L1_SP0_P3_R08,ab472e44453c3e29e2259c73f5345f7053ac95b475e413af49641107dc232ed1,7ac5f2ed7f8b920df52a4e1cde4f3ee8f80b69a8208c8d8579b1925f9a445627,1,706c667e56397bd0f811cc0d7926567e331f39ca6b74e8c176a8d772ec0b7280,3.88623969020992e-13,1.8030378
1032,MC1_K2_N2_L1_SP6_P3_R08,1bda2920cb59a13da5500322e9c594cd5dad9d65b6ad593474ed525b3dc2319b,7ac5f2ed7f8b920df52a4e1cde4f3ee8f80b69a8208c8d8579b1925f9a445627,1,7e31f7541c469f4f8285f571b3f962b61c63d268c6846b90e4f9cb71b292f48f,4.30766533554561e-13,1.8071303
1033,MC1_K2_N2_L1_SP10_P3_R08,66719beb3fede6db4b33543fa949db44fcea1860224465db3fc6a67be6214793,7ac5f2ed7f8b920df52a4e1cde4f3ee8f80b69a8208c8d8579b1925f9a445627,1,f0fe76fefad6df5a098e6c64f424c54c587a7ed8ea4a5c5a5e9f9d97aa57a59a,2.75335310107039e-13,1.8054059
1034,MC1_K2_N2_L1_SP14_P3_R08,d2ce66911e3ca6b18b102712b3b350e9312cb09aef296469571b04212b71b51d,7ac5f2ed7f8b920df52a4e1cde4f3ee8f80b69a8208c8d8579b1925f9a445627,1,946358039924a6e3394d5509c07a1da9a3c184772e6c7e7e46c175057db9e63c,2.77111666946439e-13,1.834038
1035,MC1_K2_N2_L1_SP18_P3_R08,a5db5ff99baf4827b1bf1273da16f2abdc05c5193c896722f833e28df85a89ac,7ac5f2ed7f8b920df52a4e1cde4f3ee8f80b69a8208c8d8579b1925f9a445627,1,2d6550ba9e4110ce6446ef1819e93805ea2b5757e52dc424bd04bb2b99a03eeb,6.60804744256893e-13,1.8095703
1036,MC1_K2_N2_L1_SP22_P3_R08,62ab392de69642136ccfd89dd3350d6be470461b1e15142965df33c190335c92,7ac5f2ed7f8b920df52a4e1cde4f3ee8f80b69a8208c8d8579b1925f9a445627,1,4dc627254bdf0b0069010d816911457e1fa6b1321682b3d97b328b949b9a5491,8.31335000839317e-13,1.8109076
1037,MC1_K2_N2_L1_SM6_P3_R09,155951343f81963fbab03d73651bdb2c30180656ebbb48176d13a475fa29b885,7ac5f2ed7f8b920df52a4e1cde4f3ee8f80b69a8208c8d8579b1925f9a445627,1,2a1a73e2f7bb8a8bf1e42f3698456aeba29f275e4a975b2c954f7db846909b26,5.73763259126281e-13,1.8194725
1038,MC1_K2_N2_L1_SP0_P3_R09,0445b21c835ade9375e03cfc6ed89804f1eceb50aa89af1cdb6d494e75cbfa67,7ac5f2ed7f8b920df52a4e1cde4f3ee8f80b69a8208c8d8579b1925f9a445627,1,3d3c1b71da65315aac56f0ab0a9ab82f5d97ef7988531cc646cf15c1440e6e6d,2.85440930099764e-13,1.8054356
1039,MC1_K2_N2_L1_SP6_P3_R09,f976589774861a059741cacc00f99f7d404404e144e17e6612728e665e90159b,7ac5f2ed7f8b920df52a4e1cde4f3ee8f80b69a8208c8d8579b1925f9a445627,1,e8407efb1282932cf2825f70fd248f6c0bcbc7e3ded48777320c89939106c4fd,2.1316282072803e-14,1.8152992
1040,MC1_K2_N2_L1_SP10_P3_R09,e976e20c8deebc24351d7e276d5bd645af667814f97a85dee5c348f4abf7852c,7ac5f2ed7f8b920df52a4e1cde4f3ee8f80b69a8208c8d8579b1925f9a445627,1,5453f4e6b5f1fd60dd99e795e729f66c4042bef45f52602922eb614cc6887235,1.95399252334028e-14,1.8055989
1041,MC1_K2_N2_L1_SP14_P3_R09,4c77565bca37a5f82fe734cfe745849fc34d35f1c6c42b587572aa7dedb1710e,7ac5f2ed7f8b920df52a4e1cde4f3ee8f80b69a8208c8d8579b1925f9a445627,1,655e6d2776ce7f39f8b6a774487756c57e2174e7db406bf98b51de86afeef584,4.9737991503207e-14,1.8042406
1042,MC1_K2_N2_L1_SP18_P3_R09,a29d58408d63a15e124e3d7efcb19d46d2705325abf91f34e49ed9c59370a451,7ac5f2ed7f8b920df52a4e1cde4f3ee8f80b69a8208c8d8579b1925f9a445627,1,ccb8cdaa5a439bea2e8c22675889334ca7269a9aaa36d852fc13f0c74495b2bf,3.05533376376843e-13,1.8146226
1043,MC1_K2_N2_L1_SP22_P3_R09,7b61fde726f28e00417ed815a178f1845e9669dc573342ed1f3a5e84ab6ebeb0,7ac5f2ed7f8b920df52a4e1cde4f3ee8f80b69a8208c8d8579b1925f9a445627,1,c013f77757a9fa49138969363dbe772b68425d3e89c5d7b6c36104543d110b55,8.41993141875719e-13,1.8128724
1044,MC1_K2_N2_L1_SM6_P3_R10,f94ccb19f7ef2355aea0f9d45352a1acb76b4e9274ff54da89867dcc0e736e6e,7ac5f2ed7f8b920df52a4e1cde4f3ee8f80b69a8208c8d8579b1925f9a445627,1,61e020811d4bede90f72afbc0df13cb7b2237427f6bb30c8e7e70dc01538ec58,4.69846384021366e-13,1.8017423
1045,MC1_K2_N2_L1_SP0_P3_R10,09a167f725a3e2d9e7f302256afa3d9e3cf37286a5c2199edd7aad8099b276eb,7ac5f2ed7f8b920df52a4e1cde4f3ee8f80b69a8208c8d8579b1925f9a445627,1,51fba0693298f3181f7501179a023b54c2b554a638bcf6f01c57b88a5debc909,1.66828651713715e-13,1.8380161
1046,MC1_K2_N2_L1_SP6_P3_R10,9e46608bf954cdc1c3f06c7b7ca197a867e14c9cc62a13f76d18c7f8ce7b4872,7ac5f2ed7f8b920df52a4e1cde4f3ee8f80b69a8208c8d8579b1925f9a445627,1,0cfb2493f7c88738c755fa1e9e1dceeb822886321204c6335ec3c46353ca9b95,5.91526827520283e-13,1.8073582
1047,MC1_K2_N2_L1_SP10_P3_R10,f0a2a8335f5e8135fb6825edbc454dacc638a0e59bccb9454e50e2156466301a,7ac5f2ed7f8b920df52a4e1cde4f3ee8f80b69a8208c8d8579b1925f9a445627,1,37f689b487c44c20b93be688deb7e40e50289d5584315999255824fb46d93a66,4.79616346638068e-13,1.8094205
1048,MC1_K2_N2_L1_SP14_P3_R10,d2075db13e71effed90a795d9bfa18bdf2b3a9449a8b92355019c43f645681a2,7ac5f2ed7f8b920df52a4e1cde4f3ee8f80b69a8208c8d8579b1925f9a445627,1,19f5a855f8da4c199985756f43fde5a6d81a2c06d465b89eefa09d29ebb8e8fe,8.88178419700125e-14,1.8060587
1049,MC1_K2_N2_L1_SP18_P3_R10,179e3ead21c2ae29c00531337dec5cc138576bda1443076327fb9ddc1cc241c9,7ac5f2ed7f8b920df52a4e1cde4f3ee8f80b69a8208c8d8579b1925f9a445627,1,e896d3bb19638de7bba00cb1782501e1165a621e9c447868f7d5db2dff21b041,3.69482222595252e-13,1.8132061
1050,MC1_K2_N2_L1_SP22_P3_R10,7a44b8e9b013deffa9e91db733363e9478d7cc3a9c34f7db84f3349292c02f64,7ac5f2ed7f8b920df52a4e1cde4f3ee8f80b69a8208c8d8579b1925f9a445627,1,970200100721bbc6e6983346e61803c4adfcdd62705a4ab101eecb52a7e36fed,4.2277292777726e-13,1.8117743
1051,MC1_K2_N2_L1_SM6_P4_R01,6819eda0a462a438f24035979caf956eb79a16460c9d831719c8e963e0f54505,7ac5f2ed7f8b920df52a4e1cde4f3ee8f80b69a8208c8d8579b1925f9a445627,1,830b215cad542c7054de8498404abf3e2e326ed673977d345bd0869afc914b7d,1.3908874052504e-12,22.0390637
1052,MC1_K2_N2_L1_SP0_P4_R01,ea0d31f2c803d34347d076f1da6a5ab4c1be166ecd47c2cf12ad5566902ceb1d,7ac5f2ed7f8b920df52a4e1cde4f3ee8f80b69a8208c8d8579b1925f9a445627,1,596a70c5b6fb928467e9d90ac80228b3f9fd7a2c9214f8fe0c71c031ba19fdf8,3.43300578092957e-13,1.8149715
1053,MC1_K2_N2_L1_SP6_P4_R01,925a838176374f6925a5d1c46f8f760b41f429f2579d950d1b39a46798d549be,7ac5f2ed7f8b920df52a4e1cde4f3ee8f80b69a8208c8d8579b1925f9a445627,1,2dafafc89f8457fc7f8ecce61df6baf884c5f8637919cdff8f1ae11fd644f46e,1.11466391672366e-12,1.8133463
1054,MC1_K2_N2_L1_SP10_P4_R01,c7c4d2f7a0b763d33a7dfbd40e325c06096b27201683dd6e9da8ab5cd5b13fbc,7ac5f2ed7f8b920df52a4e1cde4f3ee8f80b69a8208c8d8579b1925f9a445627,1,38be2fd926de9f04d7647fd3a789b3f6bd1ac0a4e5b3c5082e99043d12cdd029,2.25597318603832e-13,1.8080127
1055,MC1_K2_N2_L1_SP14_P4_R01,73b73a243139bdca025a806c78f7e9bfcf0c6cd9ff6c6aa02e63aea834388a76,7ac5f2ed7f8b920df52a4e1cde4f3ee8f80b69a8208c8d8579b1925f9a445627,1,00171b83a7a8c628b9cacd7a40d66d4e1e6672b7299309fd7841d2be8326ef66,1.00897068477934e-12,1.809461
1056,MC1_K2_N2_L1_SP18_P4_R01,6fa07c44005a8d402181deebbc9eea40f3fb4fd2b906d4e63e7c4e36b84aa203,7ac5f2ed7f8b920df52a4e1cde4f3ee8f80b69a8208c8d8579b1925f9a445627,1,9ee46c09a02fbcf3f6f7576784bc29e651ada2102a391d6efb8fed9d4f6d494b,2.0961010704923e-13,1.8071381
1057,MC1_K2_N2_L1_SP22_P4_R01,295cedd56c459af0711069d1b46773071dba254168cb0b151e675b4d9d7745ec,7ac5f2ed7f8b920df52a4e1cde4f3ee8f80b69a8208c8d8579b1925f9a445627,1,56918e58f1154803cd667407a56b1474b954566c97044a02133b7b2324ee5b77,9.2370555648813e-14,1.804743
1058,MC1_K2_N2_L1_SM6_P4_R02,08b03d0a5660d0670c50b7a04f05cfe0f5d4ae92b2cacf017ec56454d2207e11,7ac5f2ed7f8b920df52a4e1cde4f3ee8f80b69a8208c8d8579b1925f9a445627,1,3eb48c8898f9639e34c57dc9e17499abb68ac781e7fe78bd9d39f2c3044f48e1,2.33590924381133e-13,1.8065257
1059,MC1_K2_N2_L1_SP0_P4_R02,ae3152f1f84bf026f68b6cd8b8ce6b2bcf80a4ace7f6f1ebf08efc2c353e4955,7ac5f2ed7f8b920df52a4e1cde4f3ee8f80b69a8208c8d8579b1925f9a445627,1,7b8b8b422c868c587db216cbe2cd224a951cddc4d2854a1f3ec0094d967a0571,7.18423962582205e-14,1.8384988
1060,MC1_K2_N2_L1_SP6_P4_R02,099344651d5e23e8ca02a5f9f82ae37f74aa58c746926e8463f284fb3caa55ce,7ac5f2ed7f8b920df52a4e1cde4f3ee8f80b69a8208c8d8579b1925f9a445627,1,0d7d3db92b9b5b61d8a402e5a620972732b58289b24df932b71b32460d973c6a,6.80344669490296e-13,1.810008
1061,MC1_K2_N2_L1_SP10_P4_R02,d262d6982e00502ea7d3a8af4931483577e2a7687e78f5227d7e525778a89713,7ac5f2ed7f8b920df52a4e1cde4f3ee8f80b69a8208c8d8579b1925f9a445627,1,b03d824adbc59148d0c59868b99045f4c52c7a79f690ca964e5176d4efb13769,4.33431068813661e-13,1.8088199
1062,MC1_K2_N2_L1_SP14_P4_R02,24a0b1c71b974003fe1e9b442cc183270ac2c921b656b82c5189a621e647e06f,7ac5f2ed7f8b920df52a4e1cde4f3ee8f80b69a8208c8d8579b1925f9a445627,1,ca62888823f0e7746930bcbceccfc8abe52f3062a2e8de2e947b32ea0bf977df,7.38964445190504e-13,1.813532
1063,MC1_K2_N2_L1_SP18_P4_R02,0bd272f39b2b97a82db5c2da4e5346d24b04eb53771a431aac04e7684e4753c1,7ac5f2ed7f8b920df52a4e1cde4f3ee8f80b69a8208c8d8579b1925f9a445627,1,f7d6a7aa6de3a526e8cba71113091aa988795c4d7ac2f4f217ea0aaea8667647,6.3948846218409e-14,1.8128096
1064,MC1_K2_N2_L1_SP22_P4_R02,deadefdf2dfddb8f9764587061fdcab6c02dc4d6d48c353ceb1d955dac5ec2da,7ac5f2ed7f8b920df52a4e1cde4f3ee8f80b69a8208c8d8579b1925f9a445627,1,3b6fb8c2eb4f59b7ed210bceb8e164aa4a8792da6a4a890ea537064462c1f983,8.24229573481716e-13,1.8163968
1065,MC1_K2_N2_L1_SM6_P4_R03,1601173eb4547935e63c0b38f2b704f547a723dde2addf2e61c4b9f86391e289,7ac5f2ed7f8b920df52a4e1cde4f3ee8f80b69a8208c8d8579b1925f9a445627,1,2865ad080adef40d850bdfe702217248be3b6f5a5fbadc8166e860adc1b612ec,4.56523707725864e-13,1.8125557
1066,MC1_K2_N2_L1_SP0_P4_R03,59ba0922f75e9d4a09afea3aa1252c529e0e7cbaa4712e81ffd61220465893e1,7ac5f2ed7f8b920df52a4e1cde4f3ee8f80b69a8208c8d8579b1925f9a445627,1,efabad79a946d25327676da4e87ccd02c9f2d365f0ce56803b2c6e1a958eeb95,1.10897658653627e-13,1.8095221
1067,MC1_K2_N2_L1_SP6_P4_R03,da997080e7e4050249f4944427daeefae06e83325d2f726f2700d2cd6c327ff0,7ac5f2ed7f8b920df52a4e1cde4f3ee8f80b69a8208c8d8579b1925f9a445627,1,b211da75b49a1d9fba2c1d61bc79d26e3fbc021e7cbbc75c7fb3d666c19b8ace,7.28306304154103e-13,1.8020384
1068,MC1_K2_N2_L1_SP10_P4_R03,86779f2cebb0a7c5e69a7d7e9ada7d9675b0b8a78d8aa5ce02bc88228724a2df,7ac5f2ed7f8b920df52a4e1cde4f3ee8f80b69a8208c8d8579b1925f9a445627,1,a2c1fee01f33ba8ef96b6b8ca36301374d0a4c8d00091318192b0d1dd3b51865,1.17239551400417e-13,1.8117856
1069,MC1_K2_N2_L1_SP14_P4_R03,4d13127b4475176c1a59600fade610371e8f3c733258d45c6160f7c50ac6d4aa,7ac5f2ed7f8b920df52a4e1cde4f3ee8f80b69a8208c8d8579b1925f9a445627,1,96e2abcccdafcc3098f6630c413172125d2995cfdd06c4740eec570263163349,1.22213350550737e-12,1.8096664
1070,MC1_K2_N2_L1_SP18_P4_R03,28ddfdcd1092a487b9be2a0298da4a2492eef68fba5b3461dc44e2180a3038bd,7ac5f2ed7f8b920df52a4e1cde4f3ee8f80b69a8208c8d8579b1925f9a445627,1,d43a3fbfc139cdd0271bffc6072f8e5c1a148c5335b45316730af8a5217adf40,2.34479102800833e-13,1.8209418
1071,MC1_K2_N2_L1_SP22_P4_R03,7ff3bfaaf98cde2578b8774bfda105e25419900b54ccfa171149ca5bddbb0ce6,7ac5f2ed7f8b920df52a4e1cde4f3ee8f80b69a8208c8d8579b1925f9a445627,1,20fd1e57e7f743da7aa4dde61885978668a446739669d209d1c48744e0af87e8,9.30810983845731e-13,1.8107131
1072,MC1_K2_N2_L1_SM6_P4_R04,c7d0d9672c60224e9934a18baf52a288c63c094a13af4d3d7a9b2f4d3f36d990,7ac5f2ed7f8b920df52a4e1cde4f3ee8f80b69a8208c8d8579b1925f9a445627,1,d69042556f83e5a5689b8897fad21bb1160bbb87ca68e70eff94623404599a83,2.89546164822241e-13,1.8082793
1073,MC1_K2_N2_L1_SP0_P4_R04,8ebc748ec0a23bf42d87d3edd9ad10fefbc4c9ee7eeb052c3374dc4df393ac9b,7ac5f2ed7f8b920df52a4e1cde4f3ee8f80b69a8208c8d8579b1925f9a445627,1,f9166a66da338596eb8a3044cee1a9d0b98ea2d472a564994591f4c318a365b0,8.80430976963062e-13,1.8112544
1074,MC1_K2_N2_L1_SP6_P4_R04,dc9fd5bc13d8219b11136b033237271f0a903e323f8dd23bfb238e6527b40077,7ac5f2ed7f8b920df52a4e1cde4f3ee8f80b69a8208c8d8579b1925f9a445627,1,66353f426da1756265f47e6ef36a94d83b9944f45d2f60bffd1247bc19419a56,1.06403774680075e-12,1.8044558
1075,MC1_K2_N2_L1_SP10_P4_R04,d038967f806e62ab780898f25f58e9366825f696cdde1cd41aba2639e07e7c9b,7ac5f2ed7f8b920df52a4e1cde4f3ee8f80b69a8208c8d8579b1925f9a445627,1,f4e882a145b3533fa0a6d687bc2c4298063a275d8e969809a2b86fb8dc0a8182,1.77635683940025e-13,1.8075654
1076,MC1_K2_N2_L1_SP14_P4_R04,5f9fb9c887962c88d56a6d3677e5896d8a5294422d7d2593e6957d18065a6050,7ac5f2ed7f8b920df52a4e1cde4f3ee8f80b69a8208c8d8579b1925f9a445627,1,4839f42fb367adfe3ff887a61209571ae155119f5b2942f44ba690f2821518ce,1.14042109089496e-12,1.8120844
1077,MC1_K2_N2_L1_SP18_P4_R04,ae43f99e734ad71b63b2113b6086a7bdd8ac4d407f6ccfbaf487790f7e865f37,7ac5f2ed7f8b920df52a4e1cde4f3ee8f80b69a8208c8d8579b1925f9a445627,1,baf6de16bf41cfedc5c565c3d6fd1424d3b537578ef95a9a442ecb3d0795fcaa,9.37916411203332e-13,1.8053714
1078,MC1_K2_N2_L1_SP22_P4_R04,d626ceff8c4a70238b99c494d1ed9f8288702d9dffa2f756973cc9559cba4e10,7ac5f2ed7f8b920df52a4e1cde4f3ee8f80b69a8208c8d8579b1925f9a445627,1,579f107a0c6338dc68ac4bf0cd8f0353dfc9940eb59e86c2d77a9f0f47aaccd1,1.05870867628255e-12,1.8076479
1079,MC1_K2_N2_L1_SM6_P4_R05,5e085003e7cb71ee7e10fbc46fc95cb81876c8b5f5c284510cc92d3e3de494c3,7ac5f2ed7f8b920df52a4e1cde4f3ee8f80b69a8208c8d8579b1925f9a445627,1,57d125594c7e17fe4335c4963181bb3aeac8abf10b51f310c20e7bba810e1e49,1.12088116566156e-12,1.8093129
1080,MC1_K2_N2_L1_SP0_P4_R05,ad479ac1f210dda7e8337aca9c7c48ce3d58ef21b7e0750398122f4d04d341a0,7ac5f2ed7f8b920df52a4e1cde4f3ee8f80b69a8208c8d8579b1925f9a445627,1,fef6d1dedcb4b1008b410bc264a3c0deee73672043f0b7673c12f76f6a9b5f0f,4.27197067683085e-13,1.8193199
1081,MC1_K2_N2_L1_SP6_P4_R05,46746fae69d4b7962bb4c3cbff189cc51e7fe6b8945207dd573a4ea3f32c747d,7ac5f2ed7f8b920df52a4e1cde4f3ee8f80b69a8208c8d8579b1925f9a445627,1,0011d5dd870e02a718e88d061995ba2a1df18dea2fa5a2fbb20f4beba9af3b26,1.17328369242387e-12,1.8170079
1082,MC1_K2_N2_L1_SP10_P4_R05,26b56b5b0d3bacadd054a25f1713d25e335c944e47b95ff072ad0d5fe3ed88d4,7ac5f2ed7f8b920df52a4e1cde4f3ee8f80b69a8208c8d8579b1925f9a445627,1,ab5ac8ab20a271e57e9d4e2c195ef9ae933e5f871aaaff03c71ad6286766a309,2.55795384873636e-13,1.803277
1083,MC1_K2_N2_L1_SP14_P4_R05,b18a1d54d07d3cfa0dca2605dfcd7e4545f80d3198e7c4246b99e5f812970682,7ac5f2ed7f8b920df52a4e1cde4f3ee8f80b69a8208c8d8579b1925f9a445627,1,1e67d4bfd2961f7490f0567b4bc590e3f22cdde89ae402d36ec1ae066186b684,6.05737682235485e-13,1.8090073
1084,MC1_K2_N2_L1_SP18_P4_R05,9a6a119a89a7fd5c4e0b0aed2bf2123f07c5b9b2be7a5efa9cb7edabd205ed4f,7ac5f2ed7f8b920df52a4e1cde4f3ee8f80b69a8208c8d8579b1925f9a445627,1,4ea0e18265b296fb5150b4d3b550cfd354ad8c2522b773c9a875cf6f1945aa0f,1.13331566353736e-12,1.807471
1085,MC1_K2_N2_L1_SP22_P4_R05,8ced5b557d5489e46b19b410f28429b393f879f98cf17ded225aac4b3a514d66,7ac5f2ed7f8b920df52a4e1cde4f3ee8f80b69a8208c8d8579b1925f9a445627,1,c7a0205471df36d4145c5eefd50ecefe5a00560704a8b7df63467cdab8915ab9,9.48574552239734e-13,1.8016564
1086,MC1_K2_N2_L1_SM6_P4_R06,bd3559659d02fcb5cf4c4f6f2192dc28a1afde98b9208fad8d127ee87d1864c6,7ac5f2ed7f8b920df52a4e1cde4f3ee8f80b69a8208c8d8579b1925f9a445627,1,4c6763d310068e3434c32739c9843c3a5a80db92d60ea88f5502d74a74d58c32,4.08562073062058e-14,1.8056772
1087,MC1_K2_N2_L1_SP0_P4_R06,a4d9db5d4d276e2d84b37f5e07ec1f015b9264fcbefec1cfdd27bdc8250120b2,7ac5f2ed7f8b920df52a4e1cde4f3ee8f80b69a8208c8d8579b1925f9a445627,1,fa5146b0646541397dd1a07fa1ddd15d54abed5f9aa4b2b0c43741dec692ccd2,1.99615785576535e-13,1.8084715
1088,MC1_K2_N2_L1_SP6_P4_R06,e2af1ebac6683e39086bdbdb6978376f5879f48110e4e6f396dc74b17d8da99c,7ac5f2ed7f8b920df52a4e1cde4f3ee8f80b69a8208c8d8579b1925f9a445627,1,12cee2715203dae19522717ac1d2072d31b4cccf740f095fca71ffa861a1bb5a,1.86517468137026e-14,1.8027882
1089,MC1_K2_N2_L1_SP10_P4_R06,338b7ddb528562dc37f0929416fb911c1638dd2fbdca0ef27f21a7276eec3c3e,7ac5f2ed7f8b920df52a4e1cde4f3ee8f80b69a8208c8d8579b1925f9a445627,1,808aca9d4fb95c185ca7ddef1a266d3f604f4be9f1f2766dac7f2623907e898c,5.89750470680883e-13,1.8013652
1090,MC1_K2_N2_L1_SP14_P4_R06,56d95085bec1dd1eb7eedf2dd47e2bb06da78c5d54ff27d147dabe9e2e4f8ad0,7ac5f2ed7f8b920df52a4e1cde4f3ee8f80b69a8208c8d8579b1925f9a445627,1,5d0e22365203424027d66b9aeee11943a1f58ea92dff8e0fc682ede73e70d3d4,8.81072992342524e-13,1.7981157
1091,MC1_K2_N2_L1_SP18_P4_R06,ebde105f07b605279749c50680876b3f5354a1dd2127f4e0ec7be261bd0a99d7,7ac5f2ed7f8b920df52a4e1cde4f3ee8f80b69a8208c8d8579b1925f9a445627,1,d204b6ed8318b84e507a00afba4d96911f158ca63cf98081231117b98f8bacc3,2.02504679691629e-13,1.8234894
1092,MC1_K2_N2_L1_SP22_P4_R06,a733eeb2b4c7a1d804297fc7ea9713650c20dc14cbab2ad48231aa08d372feaf,7ac5f2ed7f8b920df52a4e1cde4f3ee8f80b69a8208c8d8579b1925f9a445627,1,c2dcbb8b8d359f710f3d3d2ac76ba75f3a678aaaf3efb807a36114400516c739,4.12114786740858e-13,1.8076619
1093,MC1_K2_N2_L1_SM6_P4_R07,0e42f2d895821b0bed9d2f28cd960e8fc43d265ca9bcfc258470ae983164ca00,7ac5f2ed7f8b920df52a4e1cde4f3ee8f80b69a8208c8d8579b1925f9a445627,1,fc57da2a94cb54dac08caa4d4bee27646b68d60e07a3aad15143f9e0ddf4454f,1.74082970261225e-13,1.803447
1094,MC1_K2_N2_L1_SP0_P4_R07,e9d5d6f361d56c7c7a61446c1fb515514982a3d4c6aa3840a716cd6d2c77d934,7ac5f2ed7f8b920df52a4e1cde4f3ee8f80b69a8208c8d8579b1925f9a445627,1,866a6b57acb0c80ca1be69f408f9b81774d94d3f4451d7db98872a1dc3267b98,2.63261398369039e-13,1.8117681
1095,MC1_K2_N2_L1_SP6_P4_R07,d0ccd12ceee853b018ae7600fa8dbeadaa105e8fe73d560ea786f188b9eda95c,7ac5f2ed7f8b920df52a4e1cde4f3ee8f80b69a8208c8d8579b1925f9a445627,1,7d9b6aeec84720e081c450a25cf98d1be620881c0f25a510a04f96b88aee1e5b,5.40012479177676e-13,1.8036635
1096,MC1_K2_N2_L1_SP10_P4_R07,23ca7d1c98ec9624031d0fce0d434e197ccede582e99aa1c1610a3010c928cf4,7ac5f2ed7f8b920df52a4e1cde4f3ee8f80b69a8208c8d8579b1925f9a445627,1,21322a2afbd651455cebd3d9b21da03fc2ad4121cd9274c41709161a7aab8402,4.83169060316868e-13,1.8034039
1097,MC1_K2_N2_L1_SP14_P4_R07,55a9d8f88108de0a8d7a0853af6715d9c0b69219c11797a01b029290fd344b0b,7ac5f2ed7f8b920df52a4e1cde4f3ee8f80b69a8208c8d8579b1925f9a445627,1,d18f2535338bc477f60fc42bc2e18b4f1af1e1ad42a65314ca2f5f0b3e2d8ec3,5.86197757002083e-14,1.8037298
1098,MC1_K2_N2_L1_SP18_P4_R07,96d687c8bc1709969b67e8ede9dfd7116e493ef059961ccde4d997b3f48a5670,7ac5f2ed7f8b920df52a4e1cde4f3ee8f80b69a8208c8d8579b1925f9a445627,1,5a89444a617374290f22339b3122361876cffea6af65447dcc9cb1eba495b3ef,1.12265752250096e-12,1.8074457
1099,MC1_K2_N2_L1_SP22_P4_R07,a14bc153bb7ebc80feb282268b026b7b37068c99883aaffe1d953d94b5d56b21,7ac5f2ed7f8b920df52a4e1cde4f3ee8f80b69a8208c8d8579b1925f9a445627,1,39ee3f9997a92331edc82377d1254b6ae329fa2149c0bd83c3e7a1102e34590f,7.17648163117701e-13,1.8067777
1100,MC1_K2_N2_L1_SM6_P4_R08,95be5b7ea5aab478fd4caa2f2c9777007a0ec418a731406739776b2d6cdc6f68,7ac5f2ed7f8b920df52a4e1cde4f3ee8f80b69a8208c8d8579b1925f9a445627,1,2de469d50777be97ea6080c35b58641867fdeac9e731f1a1079b0fb45ee9074f,3.35731442646647e-13,1.8077189
1101,MC1_K2_N2_L1_SP0_P4_R08,d3720edf669cf739ed7889972a978e9fdcbbc5f1b3b0d9d1e88a7f880e3a75d2,7ac5f2ed7f8b920df52a4e1cde4f3ee8f80b69a8208c8d8579b1925f9a445627,1,cebe72dd47c7f63f6d8d6b71e5c2648845f67f5f063da3256c8702d9eef73dc3,1.09065436467163e-12,1.8081904
1102,MC1_K2_N2_L1_SP6_P4_R08,ae28e26225432bd103c030f8c568d5294d496f1eae58234833535618516f3149,7ac5f2ed7f8b920df52a4e1cde4f3ee8f80b69a8208c8d8579b1925f9a445627,1,4b06df2c674e635858a8d5854de2ccfdc3824ee114c9ee23e26eb135c3f72397,5.76427794385381e-13,1.8093847
1103,MC1_K2_N2_L1_SP10_P4_R08,f20e00490f1982f31636a87182c8cff0146e13dacd1c8bdd0c0448e35494c16a,7ac5f2ed7f8b920df52a4e1cde4f3ee8f80b69a8208c8d8579b1925f9a445627,1,b662d885bb2ffd12069d07df23a7de2d44d5b0365db3d1cb9b50a35a5f2a51df,6.75015598972095e-14,1.8077338
1104,MC1_K2_N2_L1_SP14_P4_R08,62c5be1122adbab7765dd6a3e050fe0ca24fc5eb653f44bda7a44af66b1c6373,7ac5f2ed7f8b920df52a4e1cde4f3ee8f80b69a8208c8d8579b1925f9a445627,1,736370ed07cacedf633a9868f5cd3d315bb2fb7e5eb70c7e56e73e05c3338035,1.13686837721616e-13,1.807877
1105,MC1_K2_N2_L1_SP18_P4_R08,348bc7965641f6b25c93749330090f484c084f23629e7c8e800c539dc9ee5669,7ac5f2ed7f8b920df52a4e1cde4f3ee8f80b69a8208c8d8579b1925f9a445627,1,1c89d604ed370720222056bcbe3e91a4ef150642e947e588afd454e9de9a7de7,4.47641923528863e-13,1.8101994
1106,MC1_K2_N2_L1_SP22_P4_R08,82de2364827132cb8c35d088c8dd47b016c9866d77e2b7f76db482d4839c62c4,7ac5f2ed7f8b920df52a4e1cde4f3ee8f80b69a8208c8d8579b1925f9a445627,1,c3c90d0e61ec418683506a168667de7c43b57305d66046c740671acddec176c2,8.81072992342524e-13,1.8077476
1107,MC1_K2_N2_L1_SM6_P4_R09,9b2150ebfaa024c1116218125e80d0d3cbff42f4b32432a0dbad7833ce3e974c,7ac5f2ed7f8b920df52a4e1cde4f3ee8f80b69a8208c8d8579b1925f9a445627,1,75b193a126a5bb3f80aea0b0af6c8465640ec9a5e671f57715f99a0bc872eae3,1.34470212742599e-12,1.8062344
1108,MC1_K2_N2_L1_SP0_P4_R09,a131a710be0fa968877faf27a72fa00626dce1540de0c6ae63db15bec940e9e2,7ac5f2ed7f8b920df52a4e1cde4f3ee8f80b69a8208c8d8579b1925f9a445627,1,b739a7e729d3467bf9733a20ec8d5ad2ea230ede90e790efa2bd47877d8abc61,2.17648709201131e-12,1.8085718
1109,MC1_K2_N2_L1_SP6_P4_R09,32f11e7c048c182fbfcbab185c33754aa7dd482517fed5aa6774b3a83f582950,7ac5f2ed7f8b920df52a4e1cde4f3ee8f80b69a8208c8d8579b1925f9a445627,1,709749d5ba74a8d51c3297d2a3cbacb65b3215fd66e02e44b3dc79785498a2b7,1.86695103820966e-12,1.8036771
1110,MC1_K2_N2_L1_SP10_P4_R09,be55cd278c8f8fba5c3cb95890a62b831ecdebf13f66694182b32161946b1c50,7ac5f2ed7f8b920df52a4e1cde4f3ee8f80b69a8208c8d8579b1925f9a445627,1,59390236da26636bb6bb7214832c07e1a3e315dd92263b33be67a28c6d63cfc1,1.80122583515185e-12,1.8085948
1111,MC1_K2_N2_L1_SP14_P4_R09,8da1ce6a1a47b6a770c11188cb06493384aeea842e766b7567fe86fbf2b4d791,7ac5f2ed7f8b920df52a4e1cde4f3ee8f80b69a8208c8d8579b1925f9a445627,1,5594158093eaf59c6f0c8dd35ae1d15d38484ed32d6b52c769272ac9d449d050,1.4459544672718e-12,1.8099384
1112,MC1_K2_N2_L1_SP18_P4_R09,68b785ae94db20177fc8a2cf081d0cc68e8808bd09e30f5b8bf183b23df6e7a6,7ac5f2ed7f8b920df52a4e1cde4f3ee8f80b69a8208c8d8579b1925f9a445627,1,fd3e820afaac2e1008609263b808e3e800ec171aee25805c51cf2c66b7a24a65,1.87938553608546e-12,1.8297556
1113,MC1_K2_N2_L1_SP22_P4_R09,25ca6c58a767cf413955f63e67f31de1f4db15992f7578ba86201eb4aacecf99,7ac5f2ed7f8b920df52a4e1cde4f3ee8f80b69a8208c8d8579b1925f9a445627,1,ca01bf67ce25eaaf1b9613ee03583165f16c28ea1d9cc65d46b4a2e5694313c3,7.53175299905706e-13,1.8076114
1114,MC1_K2_N2_L1_SM6_P4_R10,847994f65c04fc41340f2d6f1902bb6782579a8926825a62ee4b274d37cb3d64,7ac5f2ed7f8b920df52a4e1cde4f3ee8f80b69a8208c8d8579b1925f9a445627,1,5f2f796470eae8c79239ec4da76be84ae2ae334ca113ef602233e9759777f173,9.18376485969929e-13,1.8074727
1115,MC1_K2_N2_L1_SP0_P4_R10,ff9d2fbef4da2ed93665c1d4fb38a561d01a29cf86f69bd171ecac11e4ffaf82,7ac5f2ed7f8b920df52a4e1cde4f3ee8f80b69a8208c8d8579b1925f9a445627,1,c547af5e926d0a9ebb58254617050c65a538fc782507db46bbc0ecbcf703ea10,3.1195993543e-13,1.8058365
1116,MC1_K2_N2_L1_SP6_P4_R10,698b9c5b9020d59bee2104fab3826bdb7497b4a2652e24c4931468d3e6b81394,7ac5f2ed7f8b920df52a4e1cde4f3ee8f80b69a8208c8d8579b1925f9a445627,1,a7dff7e94824f5689d679cc29a1a00fdbc9ced65b1e2c9cdf0a62a638f099399,4.20108392518159e-13,1.8047273
1117,MC1_K2_N2_L1_SP10_P4_R10,3223aa62a66927f14c18b7d9055dc2b062b4a0f9e1acb29b094d5159386dda77,7ac5f2ed7f8b920df52a4e1cde4f3ee8f80b69a8208c8d8579b1925f9a445627,1,41bfbe135fc2f8eea2f3ffe54d12497567443c021db9bb6baa742b1e1dd1e667,6.32383034826489e-13,1.8057662
1118,MC1_K2_N2_L1_SP14_P4_R10,9b38e8ef4550b081d5cbe48ec2896ce217be48c9f80135146b26da006580fb4e,7ac5f2ed7f8b920df52a4e1cde4f3ee8f80b69a8208c8d8579b1925f9a445627,1,8ebd815de0099e1f4680e2a77ad7946bb51ad8903c05436770c17b98d878e56a,7.38964445190504e-13,1.8046221
1119,MC1_K2_N2_L1_SP18_P4_R10,262430e06fcbccaa3b99cd506e937e556883206125a4d2f09942c1192c241367,7ac5f2ed7f8b920df52a4e1cde4f3ee8f80b69a8208c8d8579b1925f9a445627,1,33aa2e261262da204a5cc98139880e638e02c3fd2006e5c2fd74e82f1df13c34,1.27897692436818e-13,1.8086116
1120,MC1_K2_N2_L1_SP22_P4_R10,d08f5678eecce5eb67243c2213720a7f6466864c24506b4136f4feaf0aea5340,7ac5f2ed7f8b920df52a4e1cde4f3ee8f80b69a8208c8d8579b1925f9a445627,1,6f9819d9087e44a3fb864b2d377fa07ea52a5b959f863c3f2a6cf2b9f35faec9,1.66977542903624e-13,1.804464
1121,MC1_K2_N2_L4_SM6_P1_R01,a42db5dc16d3e880fbb000b62158ce330411f93fdd030222b1e125ece5d037f7,7ac5f2ed7f8b920df52a4e1cde4f3ee8f80b69a8208c8d8579b1925f9a445627,1,ec8232e6530039d5752df15be2f2691bf63060d838f8329b0b548445c7be32d2,2.48689957516035e-14,7.0553666
1122,MC1_K2_N2_L4_SP0_P1_R01,c5d7909b02f1126a5b731b30cd6f54a6f5c541aad48c840dbe0740624f86aab8,7ac5f2ed7f8b920df52a4e1cde4f3ee8f80b69a8208c8d8579b1925f9a445627,1,b2d2d05b06682a8d9e881c4100dc4851859d284d6dc70cb070b74118b4e90737,8.19678346570286e-14,6.9462645
1123,MC1_K2_N2_L4_SP6_P1_R01,e47a6e0c07d5a64b1d7bdbf8f03e555d4367cf218a2a9b6435a8b93aeff595a7,7ac5f2ed7f8b920df52a4e1cde4f3ee8f80b69a8208c8d8579b1925f9a445627,1,401261d139127e56a71422ce61a16ac55b2037d25d43cf59dee056667e1664f9,7.19424519957101e-14,6.9516209
1124,MC1_K2_N2_L4_SP10_P1_R01,82fc5ac899a02d393973aa341a1c47c8172f2ac30e8dee0e88c2c31bd0491710,7ac5f2ed7f8b920df52a4e1cde4f3ee8f80b69a8208c8d8579b1925f9a445627,1,9dc6caa1899bb7a3d5703285dfb9087e114321e93e201572cf43f32a50b90f5d,4.2632564145606e-14,6.9554938
1125,MC1_K2_N2_L4_SP14_P1_R01,b986d1c9b654bd6c2fec52203910786fed358abc0c3aa4340e02b2044fa1d147,7ac5f2ed7f8b920df52a4e1cde4f3ee8f80b69a8208c8d8579b1925f9a445627,1,0fcee5e7d35fee80f0b7744e0629f1a34259af584dd22ebf7c532194c4a0466f,1.77635683940025e-14,6.9831968
1126,MC1_K2_N2_L4_SP18_P1_R01,bd4ebbf03470653a0f060e3d062463e67a80f4cdd72031a2be010e6a52be23da,7ac5f2ed7f8b920df52a4e1cde4f3ee8f80b69a8208c8d8579b1925f9a445627,1,993630b8d7e6a1828d8bd57a0a0ab7aa61f712f66124001086fefda2a6f50079,4.2632564145606e-14,6.9548294
1127,MC1_K2_N2_L4_SP22_P1_R01,d3b83972cdf57b7d4edceb9de49cea3b67d73da635ab75ceddbc2cdaa6090757,7ac5f2ed7f8b920df52a4e1cde4f3ee8f80b69a8208c8d8579b1925f9a445627,1,31929039c181f8206cfc8c5a4b47deddca740326e9ee50c54bf620398b34189f,9.2370555648813e-14,7.0105308
1128,MC1_K2_N2_L4_SM6_P1_R02,3c353da824cf06673677bf63d57b11de8707e54e6f6748e57969be88596fb18e,7ac5f2ed7f8b920df52a4e1cde4f3ee8f80b69a8208c8d8579b1925f9a445627,1,9f6389333b65a575d2393e1899aa4c03ff1660731f86ff139908c2e8cd4f4561,2.48689957516035e-14,6.9412533
1129,MC1_K2_N2_L4_SP0_P1_R02,cbc21e300e8119fd52b722316ea57eaf9fa3feeca461faa2148486edb1d579cc,7ac5f2ed7f8b920df52a4e1cde4f3ee8f80b69a8208c8d8579b1925f9a445627,1,7dbb5001b1fc3b066ff281c6e1bc418ea3c150d8d45076c5f7cd139bbaa2133f,8.19678346570286e-14,6.9741429
1130,MC1_K2_N2_L4_SP6_P1_R02,a46ebe745306b9499f1193a2844dcd31fdcd2430c9be67a4f9d4b454920cfbd3,7ac5f2ed7f8b920df52a4e1cde4f3ee8f80b69a8208c8d8579b1925f9a445627,1,8fb0832276015192cadf41098d253785aae58e82e27c786c5af75e22aa2298b0,7.19424519957101e-14,6.9799095
1131,MC1_K2_N2_L4_SP10_P1_R02,6e8e49df5094e8be10ddaffd86ef02679927439e4bb3cbf2f285663e3436addc,7ac5f2ed7f8b920df52a4e1cde4f3ee8f80b69a8208c8d8579b1925f9a445627,1,98626ab251c5092a14eca1ae098df08a6c35ed15e54a9193d0ab2b48ed95410d,4.2632564145606e-14,6.9734702
1132,MC1_K2_N2_L4_SP14_P1_R02,fdc6f32667d064a21abf4156ccdd322567101e03d610b532cc3c3a1d89604ac9,7ac5f2ed7f8b920df52a4e1cde4f3ee8f80b69a8208c8d8579b1925f9a445627,1,bada1c41fe4e5e4c9fd33a7d5698f44cbaa51d2e97aa4e0106b01de61075e9d4,1.77635683940025e-14,7.0094636
1133,MC1_K2_N2_L4_SP18_P1_R02,5edb8fedcde05dd903bf1c44dcdeec15ef83584ab008e74eaf6f6c5a18b2c3d2,7ac5f2ed7f8b920df52a4e1cde4f3ee8f80b69a8208c8d8579b1925f9a445627,1,a2ce259322e0d0d6f955d768089cf5d742305a10dd938a8639feb65a661ec884,4.2632564145606e-14,6.9763402
1134,MC1_K2_N2_L4_SP22_P1_R02,4fd222622b1153c6292bcc51e72aaac5f49b12926e16b20a647f2a93d6221186,7ac5f2ed7f8b920df52a4e1cde4f3ee8f80b69a8208c8d8579b1925f9a445627,1,74694fb81a9830f13a6525dd27659e635bf4decd2008631f6687c5fc1a82efcf,9.2370555648813e-14,6.9582443
1135,MC1_K2_N2_L4_SM6_P1_R03,a3cf2053a218b182eefa7c669b40f2df940076937d6691788739165ed473093b,7ac5f2ed7f8b920df52a4e1cde4f3ee8f80b69a8208c8d8579b1925f9a445627,1,eeaa08c8bd22a11d02936b19d82aa2b6d82a687fa9c3c49d67dc0ae7fbcf719e,2.48689957516035e-14,6.9582811
1136,MC1_K2_N2_L4_SP0_P1_R03,2ce3a23e65a6075b07892f13d512318723331fe9b5962163ceca239fd547e444,7ac5f2ed7f8b920df52a4e1cde4f3ee8f80b69a8208c8d8579b1925f9a445627,1,659c76aa405fa0e56ecbd23cf84369fdb4bd04eb3a09df4dc0f3ec9f48d95f18,8.19678346570286e-14,7.0020571
1137,MC1_K2_N2_L4_SP6_P1_R03,3ca41554c0f8428f473af512583314e56ac8e4bb7d947d866fd3922489a2007f,7ac5f2ed7f8b920df52a4e1cde4f3ee8f80b69a8208c8d8579b1925f9a445627,1,471fe5dcc3e50ff89a1e9fad44aeec54fdf8472f559bef0432bd2aa97b9ca182,7.19424519957101e-14,7.0263612
1138,MC1_K2_N2_L4_SP10_P1_R03,de56e7a4915522e5ac4a223b165d8f3034119644e4c1ce4cd94820a29b935555,7ac5f2ed7f8b920df52a4e1cde4f3ee8f80b69a8208c8d8579b1925f9a445627,1,89c632323adbfd6d14d703e65d6626cfa836ebdd5d1e0b4c35665ef4aacb2c4e,4.2632564145606e-14,6.9882794
1139,MC1_K2_N2_L4_SP14_P1_R03,0896f6b2bd058aaf3a65cfc30fbecedc108e1db247ebb2ce04304948d5c09db7,7ac5f2ed7f8b920df52a4e1cde4f3ee8f80b69a8208c8d8579b1925f9a445627,1,e4b38327e349549d75b6a7c54a4598478a19fef83b2a7b914358460ad08a81e1,1.77635683940025e-14,6.9995134
1140,MC1_K2_N2_L4_SP18_P1_R03,30811fadcff18c15d59854f8a6ddf661e8a2c23890a09edf672a17ee039ea8be,7ac5f2ed7f8b920df52a4e1cde4f3ee8f80b69a8208c8d8579b1925f9a445627,1,f3bbe241fa50265ac44ddd5feb2a0e1beb616caffba17014de4376582aa75e39,4.2632564145606e-14,7.049662
1141,MC1_K2_N2_L4_SP22_P1_R03,eb1d304d533d48a49940a8b4b5075b0ab3b167be8814431463d28b22a39b0f80,7ac5f2ed7f8b920df52a4e1cde4f3ee8f80b69a8208c8d8579b1925f9a445627,1,d035be3176f53211b554b4a9eb935b8140772dced04fe6a1a13d0e3e1d6e9095,9.2370555648813e-14,6.9910972
1142,MC1_K2_N2_L4_SM6_P1_R04,167d0a23a357e3bb1d1326e919d8090ab44f0d4af8624ffe860c692ddfa69d30,7ac5f2ed7f8b920df52a4e1cde4f3ee8f80b69a8208c8d8579b1925f9a445627,1,1c71acafc91d6f4b6b08aaf8c8532dfa8e706132aecd1bbd776f1775c1dab22f,2.48689957516035e-14,6.9921129
1143,MC1_K2_N2_L4_SP0_P1_R04,7036ec21707dc0a4aae94607f73f10224a6d82faf17123132cb75cee115863a3,7ac5f2ed7f8b920df52a4e1cde4f3ee8f80b69a8208c8d8579b1925f9a445627,1,242f53a78409ba3287c52eecd6af444e7cc6dac989180d33e754b3b774802ad9,8.19678346570286e-14,6.9896698
1144,MC1_K2_N2_L4_SP6_P1_R04,ac3967cf84ef450a3d0b18404f0681140b7a27de0c48ec85e20331248481b9f6,7ac5f2ed7f8b920df52a4e1cde4f3ee8f80b69a8208c8d8579b1925f9a445627,1,afaf87a4fa4ba1902f375709e00beb60e49217d699a30493b4d99677800e6019,7.19424519957101e-14,7.0039088
1145,MC1_K2_N2_L4_SP10_P1_R04,8eacd0dfbd6ab0b7a584fde660189d68157318926b7fad4b1b9831a137ceb203,7ac5f2ed7f8b920df52a4e1cde4f3ee8f80b69a8208c8d8579b1925f9a445627,1,73ee3145c7bf7cebdb830eb15bb304a6b61820b4bfc6946cde710de3f1070c3b,4.2632564145606e-14,7.0164695
1146,MC1_K2_N2_L4_SP14_P1_R04,9c3a580a3b4f728be7922e02a61cc7b13ce50da143fad9b533d8de0a4d2a1546,7ac5f2ed7f8b920df52a4e1cde4f3ee8f80b69a8208c8d8579b1925f9a445627,1,a8cad3c75d2f9fc560b506a4dbaad9edcc03e850e3ea6b47f3d4f8812824e2f2,1.77635683940025e-14,6.9859665
1147,MC1_K2_N2_L4_SP18_P1_R04,b2b24aa9b66112ea9b1e205545c29cd20adad0aff2fcf74af2bfc385e522fa3e,7ac5f2ed7f8b920df52a4e1cde4f3ee8f80b69a8208c8d8579b1925f9a445627,1,7f71f2ad4e49bf1018336972cbaa4ce3f0097528001bf4483ba70df15b5e65e8,4.2632564145606e-14,6.9877951
1148,MC1_K2_N2_L4_SP22_P1_R04,7f1af5e2d514a074d38f93731e55a180f1c1c9983d0d99e1267b4aac22b408d7,7ac5f2ed7f8b920df52a4e1cde4f3ee8f80b69a8208c8d8579b1925f9a445627,1,a0c20aa6161a8702e71062de409c46e26574ec1f4ec58b78f671d35cf62867db,9.2370555648813e-14,6.9825401
1149,MC1_K2_N2_L4_SM6_P1_R05,d5ff83f26d90643c0578a242c60d48e9343a1482678566606645b0ca5cdee801,7ac5f2ed7f8b920df52a4e1cde4f3ee8f80b69a8208c8d8579b1925f9a445627,1,a128db4d3dfc71cc59f6da677602b94eb1a4771da200c84ad6f938536d6ddbbb,2.48689957516035e-14,7.2717743
1150,MC1_K2_N2_L4_SP0_P1_R05,96cbe9085544271ff2c7223b32c0b058ec5c51431025f7415327fe0bfdbfbafc,7ac5f2ed7f8b920df52a4e1cde4f3ee8f80b69a8208c8d8579b1925f9a445627,1,4da9177361ae554214041dd17b30a224cda4841862cea3e26b1b76a1f44ea779,8.19678346570286e-14,7.233878
1151,MC1_K2_N2_L4_SP6_P1_R05,a87f3916e6762050a00367b35c7a25aec2cde95941eb1231e5fd1ee69cdf8157,7ac5f2ed7f8b920df52a4e1cde4f3ee8f80b69a8208c8d8579b1925f9a445627,1,2d476d668c20c4b3f1b008f76ce7de123362f4838c8295c24eb13395c241e23f,7.19424519957101e-14,7.3958834
1152,MC1_K2_N2_L4_SP10_P1_R05,031e4f4773152596bc39769b7a6ef2e508ef15c71c6be94e440ab5b72c0499d2,7ac5f2ed7f8b920df52a4e1cde4f3ee8f80b69a8208c8d8579b1925f9a445627,1,a0b9a7fb10e41171d45508e2b78c97129f8ca5be96aa0e7bbf5245244308871c,4.2632564145606e-14,7.2383775
1153,MC1_K2_N2_L4_SP14_P1_R05,12a4ce768b964889b5c56cd86bc36d3a35b6d2f993a2f02704080d547814fa5c,7ac5f2ed7f8b920df52a4e1cde4f3ee8f80b69a8208c8d8579b1925f9a445627,1,e78f50f22f04513e4d3377a1dd3b2621ace020d0f156d4e76a03bee3c94c556e,1.77635683940025e-14,7.2300485
1154,MC1_K2_N2_L4_SP18_P1_R05,ad95da0c6a9c322b5c8879dd178fbd30a495360e9376c1d8b8878a765be4377c,7ac5f2ed7f8b920df52a4e1cde4f3ee8f80b69a8208c8d8579b1925f9a445627,1,a00e26e1892af224d7e09c34baf3786fe11aa74eadfe4cb91d7a00f1ef3c8200,4.2632564145606e-14,7.2380696
1155,MC1_K2_N2_L4_SP22_P1_R05,009695441ce04f93c42df43e0b6c5ede2eeb2ccc9c7a688433c8ebcbf2c2dba8,7ac5f2ed7f8b920df52a4e1cde4f3ee8f80b69a8208c8d8579b1925f9a445627,1,bf52ddec635b6320840a1bbc6a0dcb728c010086d43540742ad241de83d71774,9.2370555648813e-14,7.2472832
1156,MC1_K2_N2_L4_SM6_P1_R06,80f0e5a3139a6fe145d6f17c26076bf15b02003c07446b309d361747d31457c4,7ac5f2ed7f8b920df52a4e1cde4f3ee8f80b69a8208c8d8579b1925f9a445627,1,ea7254ace39440aa43e837f611348b29782d1ba20137770ce29bac12d146f1ba,2.48689957516035e-14,7.221603
1157,MC1_K2_N2_L4_SP0_P1_R06,ffba430f66d05d34f39d3c3116f8245e23567539797d39778ef62cb05bb622d4,7ac5f2ed7f8b920df52a4e1cde4f3ee8f80b69a8208c8d8579b1925f9a445627,1,0e9c24fd1d60dcfc48323d3bb3cdc19caa8072f2f09e810d508ca04cef065a67,8.19678346570286e-14,7.0711734
1158,MC1_K2_N2_L4_SP6_P1_R06,123ab6d381bf2d0b3a337127ac33eb322968a8f3fdd4a416ff98c590af56aff3,7ac5f2ed7f8b920df52a4e1cde4f3ee8f80b69a8208c8d8579b1925f9a445627,1,018be340c933fb0761d39d2b65a9f3c814f700b41ec53c878d8726c724b21aa6,7.19424519957101e-14,7.0810368
1159,MC1_K2_N2_L4_SP10_P1_R06,5745dcca2670acd8b7620c1223f27624bddced96a8e28df9e73e1325c8488021,7ac5f2ed7f8b920df52a4e1cde4f3ee8f80b69a8208c8d8579b1925f9a445627,1,23167f7da82435182e7b3995de5837333634cf56f9201b0ec370458188569e0f,4.2632564145606e-14,7.0048668
1160,MC1_K2_N2_L4_SP14_P1_R06,21c5bd7ffbf19f8d413f4854e29e3e90bb8461c5429bfdea9dbfec2aed8434bd,7ac5f2ed7f8b920df52a4e1cde4f3ee8f80b69a8208c8d8579b1925f9a445627,1,796d5f5852d867ca2d994942bda3003ee58c7697bb41e958f154a25d09665ba4,1.77635683940025e-14,6.9851021
1161,MC1_K2_N2_L4_SP18_P1_R06,e573655c7bf0cb1b75e8c277da1cc546406038b9c63a46c595237189ceba63bd,7ac5f2ed7f8b920df52a4e1cde4f3ee8f80b69a8208c8d8579b1925f9a445627,1,439fcc0feee723f8ba0db7d95730f98d38740b3dd36de58940c6c74303a8e456,4.2632564145606e-14,6.9799974
1162,MC1_K2_N2_L4_SP22_P1_R06,ccb0e44df1a33f637398e1d3f3892a231d228aa932f6a1b84eb39c0976d41aeb,7ac5f2ed7f8b920df52a4e1cde4f3ee8f80b69a8208c8d8579b1925f9a445627,1,bc328dfd0215ee2f14cc0e6b14c3311c6180db83978b93bcc70581b8d238525f,9.2370555648813e-14,7.0219388
1163,MC1_K2_N2_L4_SM6_P1_R07,d66759773c47dfb8925ac70088c829d55952cfe77651f4fb4692d492478d363a,7ac5f2ed7f8b920df52a4e1cde4f3ee8f80b69a8208c8d8579b1925f9a445627,1,f08351c258d2e913237e220ffc1ccc7efefc428dcd3b59426025f7f78c394171,2.48689957516035e-14,6.9977354
1164,MC1_K2_N2_L4_SP0_P1_R07,6fe9018d11119ffee89ba5381528a4cc2f17faeded671f77c0e273942e2328a9,7ac5f2ed7f8b920df52a4e1cde4f3ee8f80b69a8208c8d8579b1925f9a445627,1,f5a30d7c73d6caa2bb985a95bf9f69d5497dcb6fa97726c29333608cbe38b4f2,8.19678346570286e-14,6.9933622
1165,MC1_K2_N2_L4_SP6_P1_R07,6193442863fd5c144459f2800fa8fe59b01411e4650338c4ee6899c2d3b51e1b,7ac5f2ed7f8b920df52a4e1cde4f3ee8f80b69a8208c8d8579b1925f9a445627,1,a43dcc758290d4f14f1c1842efa3090b8b0934659f9955f1fba129bb2a2a4c84,7.19424519957101e-14,6.9864323
1166,MC1_K2_N2_L4_SP10_P1_R07,48040cf0ecf91425b6dcdd4d9de53b27d8fb17840647c868c365e1e501e6c1b1,7ac5f2ed7f8b920df52a4e1cde4f3ee8f80b69a8208c8d8579b1925f9a445627,1,d3a5588eb0e2d73ed52e274f860d4e36e68326276f4c3e94171e6ed174e0bb9b,4.2632564145606e-14,6.9945202
1167,MC1_K2_N2_L4_SP14_P1_R07,c80c7c0a59740938366fdd15922c54b6451eb2041157d1a53294b3a12f77709a,7ac5f2ed7f8b920df52a4e1cde4f3ee8f80b69a8208c8d8579b1925f9a445627,1,ca3ce39a6f78d59780c5042585c52d107b3956f155cb95b39ea75e7ee19e44dd,1.77635683940025e-14,6.9916988
1168,MC1_K2_N2_L4_SP18_P1_R07,1a6240490c39f1ca2328251d1ca1ff661504658dc7a4863dc3318ae60e72b889,7ac5f2ed7f8b920df52a4e1cde4f3ee8f80b69a8208c8d8579b1925f9a445627,1,393c8e7fc883f4f9a20f611f5990ed2704308d52a66593daba724e1779aac4be,4.2632564145606e-14,6.97335
1169,MC1_K2_N2_L4_SP22_P1_R07,7dc585f4f1c4b581e548c2de397efa64c60d4e8e9ca6fbe04a02a87b25cc97f2,7ac5f2ed7f8b920df52a4e1cde4f3ee8f80b69a8208c8d8579b1925f9a445627,1,8c3f37e001130e3e6cac38995bab4da2466a65e3b882d9abcb28c19f1c51821b,9.2370555648813e-14,7.0024162
1170,MC1_K2_N2_L4_SM6_P1_R08,8858cd5ccdfc4a5df4c82df186f7d01d9ca611bc8500fd899307442ad9d6ecaa,7ac5f2ed7f8b920df52a4e1cde4f3ee8f80b69a8208c8d8579b1925f9a445627,1,a4374f3010ae26c2bb9b9ffc49b3211896055d4410dd32b5abb948bafdb71e7e,2.48689957516035e-14,6.9654089
1171,MC1_K2_N2_L4_SP0_P1_R08,cbf944fa77ad95bebe5fb45c45a3911995ddb969664f83c86574e9c588e81274,7ac5f2ed7f8b920df52a4e1cde4f3ee8f80b69a8208c8d8579b1925f9a445627,1,514a9d2aa874e61098f1cce6852a00b4d71169fb2cc4f13eb6b364810ea54032,8.19678346570286e-14,7.1836849
1172,MC1_K2_N2_L4_SP6_P1_R08,f7bb6a5cb582263459096a918bfc9a61fc0390701fe317688dd4f9f02dabc09e,7ac5f2ed7f8b920df52a4e1cde4f3ee8f80b69a8208c8d8579b1925f9a445627,1,962301382005b0fba49437db64567b38062766e3c6cdb85763aa6dc9e68e3d81,7.19424519957101e-14,6.962394
1173,MC1_K2_N2_L4_SP10_P1_R08,2e82d0fd28af95d7b5195f04a66d593c03cad5125b7552de5e86aaf55b59f598,7ac5f2ed7f8b920df52a4e1cde4f3ee8f80b69a8208c8d8579b1925f9a445627,1,6c651679d7434886ddfd2aeb7366382af5efdba2f705bb863e5375b4cf8ac504,4.2632564145606e-14,7.0368003
1174,MC1_K2_N2_L4_SP14_P1_R08,0968c97263c19df99622ec9ff34f0ff8f63759173ebd8016f1bb358ec68be0f2,7ac5f2ed7f8b920df52a4e1cde4f3ee8f80b69a8208c8d8579b1925f9a445627,1,383f5f5f3636cc425303039ee069c0b511a0f4be5470f0605a5c530824063152,1.77635683940025e-14,6.9848267
1175,MC1_K2_N2_L4_SP18_P1_R08,5cea11d7246457018256953a732c66ccd9befed2fafd033041fb0c42180f6a21,7ac5f2ed7f8b920df52a4e1cde4f3ee8f80b69a8208c8d8579b1925f9a445627,1,5d4752e255c3f8de89d7690547fed0eecddef14c317784c3f0524e1032a51441,4.2632564145606e-14,6.9675894
1176,MC1_K2_N2_L4_SP22_P1_R08,33f8318923f657adcc04d17cb71314c7c787253215d0e326139fff1185988225,7ac5f2ed7f8b920df52a4e1cde4f3ee8f80b69a8208c8d8579b1925f9a445627,1,81ada8006c9d551ee55b692f9ea8a604062b99ede4e81993ed6082160bb0f000,9.2370555648813e-14,6.9713113
1177,MC1_K2_N2_L4_SM6_P1_R09,a633c1b148106e243b8238bdbd6a2436fbd82302e4cdf1d302ffcc6fe8f1fc96,7ac5f2ed7f8b920df52a4e1cde4f3ee8f80b69a8208c8d8579b1925f9a445627,1,dc2d708a5187f564cbc074f71e1726a9e127ce586252a1fad048aa3ae5038070,2.48689957516035e-14,6.9843365
1178,MC1_K2_N2_L4_SP0_P1_R09,e6f819c8d285e40fea995d23db8e6d696504a9cc921c8e22acc5cc29e5f9240d,7ac5f2ed7f8b920df52a4e1cde4f3ee8f80b69a8208c8d8579b1925f9a445627,1,7a7c8aa17b1a2a4661657dce45305d9be1bc2bc1d8ef16b934ebf8f4294c0c31,8.19678346570286e-14,6.984493
1179,MC1_K2_N2_L4_SP6_P1_R09,792eabc3adeb2c9d5fcfea18da762c8e496bfd8e196920406f13ea8a407b8c82,7ac5f2ed7f8b920df52a4e1cde4f3ee8f80b69a8208c8d8579b1925f9a445627,1,a873029842ff020bf9142c2321ff226a7a68fc9ca2decac71c8ddc2d5f7d2ffc,7.19424519957101e-14,6.9698834
1180,MC1_K2_N2_L4_SP10_P1_R09,484d10f1cf8f1e078143d972c30ea66ff9066182c48ec3ec4aa8e57176955e20,7ac5f2ed7f8b920df52a4e1cde4f3ee8f80b69a8208c8d8579b1925f9a445627,1,6e953a603623cd3cd2e25838f062e9e9838a554d738ac853c25041d84b572859,4.2632564145606e-14,6.9782423
1181,MC1_K2_N2_L4_SP14_P1_R09,4e7f292968838efb7a45e3dbc7000595961280252c213eb3c5b98c73a84cf40d,7ac5f2ed7f8b920df52a4e1cde4f3ee8f80b69a8208c8d8579b1925f9a445627,1,911abcf31e36887fc10f31204196a9aba5eba182d46fc10de4b187bfd1bf903b,1.77635683940025e-14,6.9617647
1182,MC1_K2_N2_L4_SP18_P1_R09,cf6ef4f40715887f0b07e315a848541fba7726ba5ba3e8ce401fd4af38df7e15,7ac5f2ed7f8b920df52a4e1cde4f3ee8f80b69a8208c8d8579b1925f9a445627,1,47b991c928028aee81dad13ed26ef8cd79444a3e54f860f8e3c09b767ad71b74,4.2632564145606e-14,6.9789438
1183,MC1_K2_N2_L4_SP22_P1_R09,054675590a408335561e35389230f3997e0f38717a7f946379f0900b3062b638,7ac5f2ed7f8b920df52a4e1cde4f3ee8f80b69a8208c8d8579b1925f9a445627,1,a500eeaa6133539076a2e52fb98f5983c77a084c526bc671e64117585db30590,9.2370555648813e-14,6.9647067
1184,MC1_K2_N2_L4_SM6_P1_R10,590176000ee3569a9e3d079b29bf9ab13a456f6d83f91feb6e022a58788c6139,7ac5f2ed7f8b920df52a4e1cde4f3ee8f80b69a8208c8d8579b1925f9a445627,1,8a5c527a5b2b367c33531726c95eb83e3243c75098cc13aa7ec5fab8f10b8f7c,2.48689957516035e-14,7.030522
1185,MC1_K2_N2_L4_SP0_P1_R10,3c218707daef4e7aca38b4ff515b18318bd19098beee48f3ed47a7cb680347fe,7ac5f2ed7f8b920df52a4e1cde4f3ee8f80b69a8208c8d8579b1925f9a445627,1,8023ee70b3c18a33ec23c1544c8f0ef90c3a1e4e257351ea755e661467000f32,8.19678346570286e-14,6.9808533
1186,MC1_K2_N2_L4_SP6_P1_R10,f8b1e3b98f81564e939bcdb4e0c96dd5d78f1a2a9c2c513972e3ef4375c0177d,7ac5f2ed7f8b920df52a4e1cde4f3ee8f80b69a8208c8d8579b1925f9a445627,1,263a64362398903e5fb051fc6cd363d1d65d4794291b4813707ab479a9906efe,7.19424519957101e-14,6.9697058
1187,MC1_K2_N2_L4_SP10_P1_R10,14cb451373ae33ff8abbfa39b8596abaa021886110e9ff3b29c5f2ab255157e7,7ac5f2ed7f8b920df52a4e1cde4f3ee8f80b69a8208c8d8579b1925f9a445627,1,5f906ad9f839aaa0caa6dfa201facaf8bf03dfeae92bcfa8d221f3b5e15fdf21,4.2632564145606e-14,6.9564641
1188,MC1_K2_N2_L4_SP14_P1_R10,6c4c29d12720df9d4c5b750678f458763711916e0257114fc333fef61919b625,7ac5f2ed7f8b920df52a4e1cde4f3ee8f80b69a8208c8d8579b1925f9a445627,1,aba835f1f1b7f711ee09f7e8c0b33993a03c42d25eba89454e2136cbbc2bede5,1.77635683940025e-14,6.9862296
1189,MC1_K2_N2_L4_SP18_P1_R10,55e0f4815781068823c48ccce30c89a5427411a6d65eac794304e079fe74fd2d,7ac5f2ed7f8b920df52a4e1cde4f3ee8f80b69a8208c8d8579b1925f9a445627,1,f14e86f00ed42684a222957b24807900a767e252b59fcac1d7c3ab7dcda0637a,4.2632564145606e-14,6.9731658
1190,MC1_K2_N2_L4_SP22_P1_R10,89371f5fdb89a2191f4b87245545be15377ba86a9216b7362d570ef1208bf310,7ac5f2ed7f8b920df52a4e1cde4f3ee8f80b69a8208c8d8579b1925f9a445627,1,70aa1a129e2e17c1aa620ef1a27d4592149c4606e4d11b5bf67817dfbc8442c4,9.2370555648813e-14,6.9429507
1191,MC1_K2_N2_L4_SM6_P2_R01,8b9d19c539caa01863be4fac1308b3a6355326dcabfc88f8af29e61323d890f7,7ac5f2ed7f8b920df52a4e1cde4f3ee8f80b69a8208c8d8579b1925f9a445627,1,9399b61a2877148b79124bc546b0dd45c7d14a4ba96048ea6ed765f56c218f4d,2.8421709430404e-14,6.9519888
1192,MC1_K2_N2_L4_SP0_P2_R01,4cc13364871490d30a9a2594e4bd4c28281fdaa6c9bcb49ed2c4185618dfaf74,7ac5f2ed7f8b920df52a4e1cde4f3ee8f80b69a8208c8d8579b1925f9a445627,1,3d5aa5152548c1f0c51d7fd3dd8520b8e4fda0dbc75a9cec6a9d50fb8a39c05c,1.32112862917798e-13,6.9547224
1193,MC1_K2_N2_L4_SP6_P2_R01,dbac7305e3ecc1631c13fdc52a4d96148403e95827b971ae42902e2fab795e98,7ac5f2ed7f8b920df52a4e1cde4f3ee8f80b69a8208c8d8579b1925f9a445627,1,3c51c893f133d1e2691cfee0230a4a8c471bfc6eeb8aeef4ae5967237de6d417,8.5265128291212e-14,6.9680013
1194,MC1_K2_N2_L4_SP10_P2_R01,cd79b7b9223230dd1bc57e79f90631a13f6a265fb9e84a5a71db03665f0a43df,7ac5f2ed7f8b920df52a4e1cde4f3ee8f80b69a8208c8d8579b1925f9a445627,1,41d6ad24e6f07a0a03d2285c991aa325325555892eda49a3e95eb5801900a928,9.05941988094128e-14,7.0430038
1195,MC1_K2_N2_L4_SP14_P2_R01,2da6388bb27ed72098c6c163492181644aac586f2078d36a482b67dbd6ed9f82,7ac5f2ed7f8b920df52a4e1cde4f3ee8f80b69a8208c8d8579b1925f9a445627,1,b4615a2669e824f4e4c4280626ca12eda715677983d1aa6eee3e9a312e6b7bc9,3.01980662698043e-14,7.02171
1196,MC1_K2_N2_L4_SP18_P2_R01,b6b37b1ad66cb97b7ed154230a6decfa12eb0ecbd73a6950453f9b9d11d29c05,7ac5f2ed7f8b920df52a4e1cde4f3ee8f80b69a8208c8d8579b1925f9a445627,1,970028094e58ec2f1337f1f02897ec2a12562ce7e88f6d29e3ff1802f7361a5c,3.5527136788005e-15,6.9743516
1197,MC1_K2_N2_L4_SP22_P2_R01,8f023eb29cc538bf050acef1828ee1d3f6c3bba9076d3ab3c44325b88b599182,7ac5f2ed7f8b920df52a4e1cde4f3ee8f80b69a8208c8d8579b1925f9a445627,1,b640d57ef32c2fcfb05a60c5340f76e2035956bbf55ccc4577a3592a523f3f91,2.48689957516035e-14,6.9610033
1198,MC1_K2_N2_L4_SM6_P2_R02,b5fac61a9f5ca05773beb41a347d0a5b072007ad9d0ce209098afd68bb50c26a,7ac5f2ed7f8b920df52a4e1cde4f3ee8f80b69a8208c8d8579b1925f9a445627,1,8b596e6ce44e6ae942d577af2ab1a75ca6161863934c1a5bcd85fed810cb6426,2.8421709430404e-14,6.9627676
1199,MC1_K2_N2_L4_SP0_P2_R02,ebd7ccf8dc716dd0b573083e739ee524293e3c687c7a5934953b872c22dd5a2a,7ac5f2ed7f8b920df52a4e1cde4f3ee8f80b69a8208c8d8579b1925f9a445627,1,83dfbe3e93cdeb5bed0fd841cfe1e8e774005a73e42ebee796149209eef9b91b,1.32112862917798e-13,7.0099439
1200,MC1_K2_N2_L4_SP6_P2_R02,fb209d2953eaedaeb26e3950a4cb0e680616f2fb4e184afc402d8b76269d1c95,7ac5f2ed7f8b920df52a4e1cde4f3ee8f80b69a8208c8d8579b1925f9a445627,1,b2dd5e75f93179f73d742ab5b6181ae90d7b8121a3655178e76990709fee8102,8.5265128291212e-14,6.9699651
1201,MC1_K2_N2_L4_SP10_P2_R02,e1449f009582858faa80dba5aaa51f29f0fbd68500eb18a0a3116e321577eefc,7ac5f2ed7f8b920df52a4e1cde4f3ee8f80b69a8208c8d8579b1925f9a445627,1,09faa14d5ab19cc92cd6d3a76c1044b79c3b635365b2eb909ff5f7bd698005f0,9.05941988094128e-14,6.9629285
1202,MC1_K2_N2_L4_SP14_P2_R02,77010decdb1ac31c32c2c91a6e726d79d2d6bec35baf0a85fcc757b671dc8493,7ac5f2ed7f8b920df52a4e1cde4f3ee8f80b69a8208c8d8579b1925f9a445627,1,80b90d8865dca2dc8a7963bd83bfc0c98657ef533d201e5e192839ae2d6344d1,3.01980662698043e-14,6.9775738
1203,MC1_K2_N2_L4_SP18_P2_R02,3ab0bffcf9b3bddc61de49a813d00429bf68333743b5b2a6f9d5a3719750e654,7ac5f2ed7f8b920df52a4e1cde4f3ee8f80b69a8208c8d8579b1925f9a445627,1,18b220f0934424ea4b85f06e68ac23e6a4f1c29f63372423de030c777a2a6519,3.5527136788005e-15,6.9808813
1204,MC1_K2_N2_L4_SP22_P2_R02,c78ff5bb394097c81c4a923d6c68afb98895dab2241f55078eaff725a2d15f9a,7ac5f2ed7f8b920df52a4e1cde4f3ee8f80b69a8208c8d8579b1925f9a445627,1,c2a234a764cd02286bba09d42312d5f226375028cea637c98a1a4b2c7459ae02,2.48689957516035e-14,6.9906507
1205,MC1_K2_N2_L4_SM6_P2_R03,5014fb0c4ecbc31da50a2890bfe63f67c19c57f2dfc9da983f3fc9ba3a644aff,7ac5f2ed7f8b920df52a4e1cde4f3ee8f80b69a8208c8d8579b1925f9a445627,1,b6370b5d08c38faae2aeab3bbec350b3c927780dca02a2acef5961752c70d8dd,2.8421709430404e-14,6.9525218
1206,MC1_K2_N2_L4_SP0_P2_R03,ec406f5bd2b6100ae599c10c0220cdc68d5a87b5832f6e3c53730181394e20b9,7ac5f2ed7f8b920df52a4e1cde4f3ee8f80b69a8208c8d8579b1925f9a445627,1,f03341634f625315fa2ad95634560045be62f0e7d75c60afdc59bc5f88f65c29,1.32112862917798e-13,6.9778423
1207,MC1_K2_N2_L4_SP6_P2_R03,d159e1d9c27bcb23c2dbbc5a661035febd649ad1e86f59297150efceecd51bb1,7ac5f2ed7f8b920df52a4e1cde4f3ee8f80b69a8208c8d8579b1925f9a445627,1,598013613ef2fd3c4f384f63a0f960f841f6ad3ef84d83e6d0a073fb4cca8c63,8.5265128291212e-14,6.9468972
1208,MC1_K2_N2_L4_SP10_P2_R03,07b93a9fbef5d4bae9dd82eeb62910090d442e8fe615f72917fbdf2b26c9383b,7ac5f2ed7f8b920df52a4e1cde4f3ee8f80b69a8208c8d8579b1925f9a445627,1,a4a36c1862a2476e4ff4432407f751aeadcf94258ecec768d95534d91cd3e0e4,9.05941988094128e-14,6.9735691
1209,MC1_K2_N2_L4_SP14_P2_R03,ee785a8bb0a5631d7e81f8cf85b6dbc7f3d88963da1dc970e07fceef37dd7d43,7ac5f2ed7f8b920df52a4e1cde4f3ee8f80b69a8208c8d8579b1925f9a445627,1,088a2516ab28deaca66ff9d45543b8866736d6ffb23b6c565726af602bd0880a,3.01980662698043e-14,6.9529392
1210,MC1_K2_N2_L4_SP18_P2_R03,27f44c2a632d4d4ada1d04a428624b96c7ca001dba154a4f99cdc11d9a2e4e75,7ac5f2ed7f8b920df52a4e1cde4f3ee8f80b69a8208c8d8579b1925f9a445627,1,00db6900800ac827c65ce5d5d9b77544604e1cbe1dddb2803ecc9833afdaa7e5,3.5527136788005e-15,7.0317599
1211,MC1_K2_N2_L4_SP22_P2_R03,ab0ed744c27c45a9e49eab90c2a0830d16e9129e2f2ba1603de86590f9c75ec0,7ac5f2ed7f8b920df52a4e1cde4f3ee8f80b69a8208c8d8579b1925f9a445627,1,8724c8edc7ee25553fbdc256f209a1a1018be2cd7fd77c1537f9e2804107db0d,2.48689957516035e-14,7.0168753
1212,MC1_K2_N2_L4_SM6_P2_R04,30ded4c8622c1b0f6ecd7884fe64e4c9a7edb59d66be2451ed99207461f1e001,7ac5f2ed7f8b920df52a4e1cde4f3ee8f80b69a8208c8d8579b1925f9a445627,1,0d2b58bf10aa0ff3ba766f5118e85008b60fea28465024f2793a1b873133ec6a,2.8421709430404e-14,6.9732521
1213,MC1_K2_N2_L4_SP0_P2_R04,6ac0e5833f989ca5f27636c8c8dfb1f7273f2f567813a333cacd225071606013,7ac5f2ed7f8b920df52a4e1cde4f3ee8f80b69a8208c8d8579b1925f9a445627,1,f7b91e5b9a28f3f212d53e0d3afeddaa1b210041239c2dff3d0d8aa398da0f48,1.32112862917798e-13,6.9679991
1214,MC1_K2_N2_L4_SP6_P2_R04,5aadcff3fd4fd7eef303ffb2a85dde077ff9fda23c23947fc6e48cf5d65bb53c,7ac5f2ed7f8b920df52a4e1cde4f3ee8f80b69a8208c8d8579b1925f9a445627,1,94a92b4aae2c88c0bf73ecd45f54b76d74b99d48fc10a83cc2ede0996d8fcd36,8.5265128291212e-14,6.9892036
1215,MC1_K2_N2_L4_SP10_P2_R04,8b717742ccb8de1c1c9dd8833f726e01aa670bf95d4324c6723116b0d7c07d05,7ac5f2ed7f8b920df52a4e1cde4f3ee8f80b69a8208c8d8579b1925f9a445627,1,b34518fbb4a0a9ac64e82953bc5fcdbb093d7dbf48f0034d37ba3013ef8645ec,9.05941988094128e-14,6.9626453
1216,MC1_K2_N2_L4_SP14_P2_R04,ac55dde7b0d2038a94fa3da1cc00492c7baff5acc2b7c76d50bb97bb5e12ae05,7ac5f2ed7f8b920df52a4e1cde4f3ee8f80b69a8208c8d8579b1925f9a445627,1,6c5fb8e8a154a254bde9ec5514dc7a5b7fe7f94e90104a5b3025e39358adc92c,3.01980662698043e-14,6.9679086
1217,MC1_K2_N2_L4_SP18_P2_R04,685bd6e6725945e90ff72aa8865192eb675f9c6e7b6b310d1b8af15a1ce6e457,7ac5f2ed7f8b920df52a4e1cde4f3ee8f80b69a8208c8d8579b1925f9a445627,1,6124d652a15ce732ee5ef7ff2d6155508cc534b7ce8eada18382a8a7065e0ca2,3.5527136788005e-15,6.9617069
1218,MC1_K2_N2_L4_SP22_P2_R04,0bea766a635c3770804996ebd774a122a6f8d1c9da08fc2af115edd83fc4fc72,7ac5f2ed7f8b920df52a4e1cde4f3ee8f80b69a8208c8d8579b1925f9a445627,1,2d0567205aff69ba8693c21198f28e37ab0cdc96b58c73d6389274f82eeb0f3d,2.48689957516035e-14,6.9785504
1219,MC1_K2_N2_L4_SM6_P2_R05,c237198be5c15aa1020e351c385d82b63b600a80b33d3a84060129f7d0f2e237,7ac5f2ed7f8b920df52a4e1cde4f3ee8f80b69a8208c8d8579b1925f9a445627,1,55b6f5fafcdfeac64cd91263a39dde642348258547b31f7b009c593d6c38ea53,2.8421709430404e-14,6.9827145
1220,MC1_K2_N2_L4_SP0_P2_R05,79ef082e52012c1ba6bafe51b22919a8e16febe66bd607e66529de7ab7a76c4a,7ac5f2ed7f8b920df52a4e1cde4f3ee8f80b69a8208c8d8579b1925f9a445627,1,b06ee71dd0b12785be2964ec504268a51e3522c8da6be131379034dd3b75922b,1.32112862917798e-13,6.9884467
1221,MC1_K2_N2_L4_SP6_P2_R05,4b27a4c832e76da9d9f628b4a79755412fa0df5ccb139221892fce46d2405319,7ac5f2ed7f8b920df52a4e1cde4f3ee8f80b69a8208c8d8579b1925f9a445627,1,3befb386fc5bc48a16deb601bbaa245e143013fc647a93c0528d55efd43b08b6,8.5265128291212e-14,7.0370977
1222,MC1_K2_N2_L4_SP10_P2_R05,d84fad408253b73a2b94a043132bc685a03dd088835a4e628d28f43751404ce3,7ac5f2ed7f8b920df52a4e1cde4f3ee8f80b69a8208c8d8579b1925f9a445627,1,ef9e9a7edc509ac73548c2e4e9d97d2c7b070b4f7b504de261e102986b471383,9.05941988094128e-14,6.9441231
1223,MC1_K2_N2_L4_SP14_P2_R05,1fc49268bdef8a78e0be11eb9f5b8804118c6a42844893696bdb64e465c679b2,7ac5f2ed7f8b920df52a4e1cde4f3ee8f80b69a8208c8d8579b1925f9a445627,1,f7f9f0e2b24f25c6d9a405500e8efc9ee3615088e1e60867ccca4836da195d13,3.01980662698043e-14,6.9535637
1224,MC1_K2_N2_L4_SP18_P2_R05,ab2569d94b27a7fb1ca03b16a08c9fbd916c32966aea5c455fbdfb4673f01558,7ac5f2ed7f8b920df52a4e1cde4f3ee8f80b69a8208c8d8579b1925f9a445627,1,94eca86c41d2c85e6a1069c0d565baed96c1de36af8b9bd3baf2cd2ee96e99f8,3.5527136788005e-15,6.95679
1225,MC1_K2_N2_L4_SP22_P2_R05,5049fdc0b8c98bd15b3bf447cdfaf44d4991df861093e650ce7a07c381dd8799,7ac5f2ed7f8b920df52a4e1cde4f3ee8f80b69a8208c8d8579b1925f9a445627,1,c927a57d0a724a31037fdca42ccdd2e3c01561cd002f20bdb37f57464073901d,2.48689957516035e-14,7.0216386
1226,MC1_K2_N2_L4_SM6_P2_R06,6c7dd4176d870eb7c3f8a513f2afc671d98de280572b0885138dde9074bedd50,7ac5f2ed7f8b920df52a4e1cde4f3ee8f80b69a8208c8d8579b1925f9a445627,1,3e7d3db132196eef831d4a8c64dedda241d3fa2e1c7f18e96aa361cf19ff9ece,2.8421709430404e-14,7.0186307
1227,MC1_K2_N2_L4_SP0_P2_R06,9ea1fa8a0f9b9f93b13cb68f1ac68dd8bae4b146747f5e94c05a3769cff9ed91,7ac5f2ed7f8b920df52a4e1cde4f3ee8f80b69a8208c8d8579b1925f9a445627,1,f157b49fef9cbd8933898ea3e733e9e3aece19dbddb22f828016b1d27035467a,1.32112862917798e-13,7.1813973
1228,MC1_K2_N2_L4_SP6_P2_R06,f3384bdd947a99d5d282b5363f6936e93e4a4c61669f46c5222bbd0ca3ae31f3,7ac5f2ed7f8b920df52a4e1cde4f3ee8f80b69a8208c8d8579b1925f9a445627,1,cb945bac268f1a3af63cbdcf3246ce9519f90a769bdce00270f4204c4894b769,8.5265128291212e-14,7.1961681
1229,MC1_K2_N2_L4_SP10_P2_R06,b23ca8b264194be034736f0011ad9a8d46330f001281ed69cb6f1c6af5e997ee,7ac5f2ed7f8b920df52a4e1cde4f3ee8f80b69a8208c8d8579b1925f9a445627,1,e34d740fa20c57b6be121ac86b2af2d303b83c594579672e8f34f67698fe02ea,9.05941988094128e-14,7.208948
1230,MC1_K2_N2_L4_SP14_P2_R06,e7c2c5acaaa3f998d0c797531f96415fbfe4d5d2489ac5b8e73264a337c06570,7ac5f2ed7f8b920df52a4e1cde4f3ee8f80b69a8208c8d8579b1925f9a445627,1,ced643f34986976b319b019bf473248cec222c1edd0018e067f428088547bc5e,3.01980662698043e-14,7.1989881
1231,MC1_K2_N2_L4_SP18_P2_R06,05dec15f64ca9ca28e4e21697b6537791a051bfe363fb3336685906dcdc9b93d,7ac5f2ed7f8b920df52a4e1cde4f3ee8f80b69a8208c8d8579b1925f9a445627,1,ccb488e8bb7a7126ce8b53ffe22c51f02bc22af48726b17aa428a8e6674ce42c,3.5527136788005e-15,7.1750044
1232,MC1_K2_N2_L4_SP22_P2_R06,b09414adc103b4153c00aa787319526879eadf6eebce34abf66a7cabefe662e3,7ac5f2ed7f8b920df52a4e1cde4f3ee8f80b69a8208c8d8579b1925f9a445627,1,52d9b426b5c5fd4ba926ffbf05b9691c8de446b19e13d29b4cee0aaa51b7fd47,2.48689957516035e-14,7.3267149
1233,MC1_K2_N2_L4_SM6_P2_R07,a9dbf5e6519fc1cc0436dc792a7d3500b94e9c73580929a709e58d05fe0f5aa6,7ac5f2ed7f8b920df52a4e1cde4f3ee8f80b69a8208c8d8579b1925f9a445627,1,38c9b3c9dbf238048f5459a051179601e647948e69dd110e824a310fbd5574ac,2.8421709430404e-14,7.2229327
1234,MC1_K2_N2_L4_SP0_P2_R07,e782ef7528617e37231d5262a57c69068f1cabdb409cd88eb079e8826d41a958,7ac5f2ed7f8b920df52a4e1cde4f3ee8f80b69a8208c8d8579b1925f9a445627,1,c2bdbb4ca91461528f3f3592d5c755aa3615e48089e205fbff78ced004f11d1e,1.32112862917798e-13,7.176032
1235,MC1_K2_N2_L4_SP6_P2_R07,a98dc9fd766d45253471cf780957d5180c50f5dc7689882e38ecd5003d1098d9,7ac5f2ed7f8b920df52a4e1cde4f3ee8f80b69a8208c8d8579b1925f9a445627,1,eb1071752e6acda0b953ab9cfe576a2a7b335aea2acfe4e11963c131417ffe30,8.5265128291212e-14,7.1710727
1236,MC1_K2_N2_L4_SP10_P2_R07,3c9acd61a781675f5859aac17d0c8202dc5b2dfe562b76c5d0bce6c3bcde707d,7ac5f2ed7f8b920df52a4e1cde4f3ee8f80b69a8208c8d8579b1925f9a445627,1,e44a6b4de777ff92da35e024e30321819373a7620d2e3271c09de45392e77114,9.05941988094128e-14,7.193647
1237,MC1_K2_N2_L4_SP14_P2_R07,20c26b8a9c29cc72912cd9dea72639862e72084db92fdf89dcb3fa08b3341f6a,7ac5f2ed7f8b920df52a4e1cde4f3ee8f80b69a8208c8d8579b1925f9a445627,1,043caeacccf8022899ca80e298f845071855b740691fb08f4439d29998d03d61,3.01980662698043e-14,7.0233269
1238,MC1_K2_N2_L4_SP18_P2_R07,1a06bfe8cd3bda39d49b506b6ff5c3e5d4b8aaa19d82cccb785d97cd79c6bdc1,7ac5f2ed7f8b920df52a4e1cde4f3ee8f80b69a8208c8d8579b1925f9a445627,1,b410b5698154fc8c6e721e5e31cb9d0a022438120a3866aa7e4112e902513cb8,3.5527136788005e-15,7.0148301
1239,MC1_K2_N2_L4_SP22_P2_R07,9dbe3fa8ef9bfa28095405017564f43590bcdc5a842df6971138efc99d2b1bce,7ac5f2ed7f8b920df52a4e1cde4f3ee8f80b69a8208c8d8579b1925f9a445627,1,d4de1d4f6347ad99fc557d783c9ae4850fca99a5795c8ad8a3fb2cc9c1ef4ac6,2.48689957516035e-14,7.0211033
1240,MC1_K2_N2_L4_SM6_P2_R08,b16aff3c7cf1abfdb53e5182b3437c1743b5d7a92efccf7fda8f1991a62a4bab,7ac5f2ed7f8b920df52a4e1cde4f3ee8f80b69a8208c8d8579b1925f9a445627,1,97c889530a7ccb41c0e309cf29fbf5fedbff816f6e3b5fb6d9b70ab23d981bf3,2.8421709430404e-14,6.9879507
1241,MC1_K2_N2_L4_SP0_P2_R08,f35c2d36c6de5b9d33957194c32d9c439c14d2d699b561c21c03926639a8da43,7ac5f2ed7f8b920df52a4e1cde4f3ee8f80b69a8208c8d8579b1925f9a445627,1,43a246367edbd6f461c929e75a2c3aa45b6b685784fe76be50c609d0de96e1b2,1.32112862917798e-13,6.9973729
1242,MC1_K2_N2_L4_SP6_P2_R08,864b39203adc0cbda9e85998965a43541351ee7834fea9f082cc06cb4201a9dc,7ac5f2ed7f8b920df52a4e1cde4f3ee8f80b69a8208c8d8579b1925f9a445627,1,c0f05dc8686012514fa6844581c9e0aed6bb38474125868c3315140560a17c6f,8.5265128291212e-14,6.9772268
1243,MC1_K2_N2_L4_SP10_P2_R08,3502d2bf3874ffcdea1120c77fb11ca035390cdf9990bbacdc9ab6c0edb7a733,7ac5f2ed7f8b920df52a4e1cde4f3ee8f80b69a8208c8d8579b1925f9a445627,1,6315b7fd52894aaee8406679841ccca05ce984b2fd88bc21c68323461fd44264,9.05941988094128e-14,7.0041573
1244,MC1_K2_N2_L4_SP14_P2_R08,f78eff321ec19e437f8e43f03f6323d949c5472b3aeeb9ed57225057f3258bb8,7ac5f2ed7f8b920df52a4e1cde4f3ee8f80b69a8208c8d8579b1925f9a445627,1,629c4592dbc9c871d7bfcf0131718c1ce285c6c675a614f0cad9bccb99189dde,3.01980662698043e-14,6.9640391
1245,MC1_K2_N2_L4_SP18_P2_R08,45f7535af5cb49828a0106e0e13c46dca4c30f9ac20e5aa64ce693f340d328cd,7ac5f2ed7f8b920df52a4e1cde4f3ee8f80b69a8208c8d8579b1925f9a445627,1,03e37c0d35fd91860a03fa3d07c419a52b62b02e69fb903013341a0cf50aad92,3.5527136788005e-15,6.9543981
1246,MC1_K2_N2_L4_SP22_P2_R08,d931017f6032ba9a758bfbccc140f26701c49797a0ac99984e6e072167648b95,7ac5f2ed7f8b920df52a4e1cde4f3ee8f80b69a8208c8d8579b1925f9a445627,1,1fe172b68bc94011665583a806860771099a79b94d5eaa0e5a2fe0124e22d1c7,2.48689957516035e-14,6.9456286
1247,MC1_K2_N2_L4_SM6_P2_R09,042452a4dafbc3526cce7d2d46ffc7484a1bfc65ae4e1a69e60bf3486af527e7,7ac5f2ed7f8b920df52a4e1cde4f3ee8f80b69a8208c8d8579b1925f9a445627,1,18548a2928c9dba3de9241637ee79bb2b905f2363bb9934df89f5777be96b1a7,2.8421709430404e-14,7.0089714
1248,MC1_K2_N2_L4_SP0_P2_R09,2d9e8a503b35ddd06dd030628427b153abd7213fe079743750bc3b9dd6e9faae,7ac5f2ed7f8b920df52a4e1cde4f3ee8f80b69a8208c8d8579b1925f9a445627,1,e7a6d3969abe887a436218c4482ed6ed17be4cc7b81eb8abed0c5f6689d2967d,1.32112862917798e-13,7.048631
1249,MC1_K2_N2_L4_SP6_P2_R09,4fe2e1ed846108deb0cba6ae485ee122641abad2da7512a7f63b46bc1115d406,7ac5f2ed7f8b920df52a4e1cde4f3ee8f80b69a8208c8d8579b1925f9a445627,1,e865299ea7cf484000638461391e160b917c01c99b09e40ba8baea430f193d37,8.5265128291212e-14,7.0138962
1250,MC1_K2_N2_L4_SP10_P2_R09,5f37011140c7b200810b0382a01fa8d8e86eb9819ceed35e67e4e90f7d227842,7ac5f2ed7f8b920df52a4e1cde4f3ee8f80b69a8208c8d8579b1925f9a445627,1,4f7ae887e443d7cd4fe5ede96ca0358470ff8ee1e5224aaf925f8063e676847c,9.05941988094128e-14,7.0409247
1251,MC1_K2_N2_L4_SP14_P2_R09,27e2c6ae027738b1a8ff5af003607f87e4a735f2e67b03de10dc4b9fa002c167,7ac5f2ed7f8b920df52a4e1cde4f3ee8f80b69a8208c8d8579b1925f9a445627,1,cf08b035bc2c5a6e782079149354d39356a14cc40ca4aec5f3888084704ffd0f,3.01980662698043e-14,7.0015064
1252,MC1_K2_N2_L4_SP18_P2_R09,62bc1184e7e4d5dfc5ca3698e2fd01304a322447c5538aef4999cc45a73964da,7ac5f2ed7f8b920df52a4e1cde4f3ee8f80b69a8208c8d8579b1925f9a445627,1,b078abb52999b7f6648659d019967ba50fc002597f4b68de38a794e4e4ffcc68,3.5527136788005e-15,6.994815
1253,MC1_K2_N2_L4_SP22_P2_R09,af7e59c46c5668098ec252b3c2df0cbf6dce89ed861ad5524f42304284813c52,7ac5f2ed7f8b920df52a4e1cde4f3ee8f80b69a8208c8d8579b1925f9a445627,1,8bfaaadcd476ec843a9cd50581cfd691e8ed942c9b195504b2892e097aa61668,2.48689957516035e-14,7.013698
1254,MC1_K2_N2_L4_SM6_P2_R10,f094a9d96fb57e0cb1d850ece4f05c16a6aa8f168cf0f0f724ba2a93cb6ec964,7ac5f2ed7f8b920df52a4e1cde4f3ee8f80b69a8208c8d8579b1925f9a445627,1,edd583f699755c544f35e684e806bcf2821315b006801723c65356d96dd82c21,2.8421709430404e-14,7.0508567
1255,MC1_K2_N2_L4_SP0_P2_R10,70d47362512802fde4cab028093c0328e2fd42dabae7a5f898d7511da0767f03,7ac5f2ed7f8b920df52a4e1cde4f3ee8f80b69a8208c8d8579b1925f9a445627,1,314e85fecbc9e4e395c1c95f03fc2481b2eb7a0b0a7c744bc4c56f07603beef3,1.32112862917798e-13,7.0038676
1256,MC1_K2_N2_L4_SP6_P2_R10,f3b21b5dfaa3ba69dfad328d046110a85babf4a639b36cde5506e2b29f018e31,7ac5f2ed7f8b920df52a4e1cde4f3ee8f80b69a8208c8d8579b1925f9a445627,1,ba59ec6e77800ed78f9c796dec513aad4a4a969a536bd54d33ea6980f1777b26,8.5265128291212e-14,6.9796905
1257,MC1_K2_N2_L4_SP10_P2_R10,2593762d831d0ac55af575fe5cf63a575920e652ad5ba30746ba4d761e792472,7ac5f2ed7f8b920df52a4e1cde4f3ee8f80b69a8208c8d8579b1925f9a445627,1,0c57fb95566c01ae2290dec6d8ae83b8c7e2ffff39285857964e2a7afdc0544a,9.05941988094128e-14,6.990552
1258,MC1_K2_N2_L4_SP14_P2_R10,116783df3b3ab8b359deba59efc517bdb1dcf9cb12770d77b45c5d6821269a63,7ac5f2ed7f8b920df52a4e1cde4f3ee8f80b69a8208c8d8579b1925f9a445627,1,92936f0e74b7c98b79f4fa1eccd6c263e847909bff46bc92437259f97328ff22,3.01980662698043e-14,7.0040053
1259,MC1_K2_N2_L4_SP18_P2_R10,5de02c2bffb7c4e101ba363f03530964df60c6d438e3624d688dcc9c5511cab3,7ac5f2ed7f8b920df52a4e1cde4f3ee8f80b69a8208c8d8579b1925f9a445627,1,c46ff45fcf5b6b5bc41d0c6ac2fa333b67dea71ef6f8cb6e06226564579f6fdc,3.5527136788005e-15,7.3721535
1260,MC1_K2_N2_L4_SP22_P2_R10,f40080bf6764a50699a9d6a75f5764c2401c42c569ebf4fcc74317833b9f6147,7ac5f2ed7f8b920df52a4e1cde4f3ee8f80b69a8208c8d8579b1925f9a445627,1,45029eda4a2d85dd4ffbffa482471001b8ee0e1fc50fa1769b6b6f8670720159,2.48689957516035e-14,7.196959
1261,MC1_K2_N2_L4_SM6_P3_R01,1f7eeebf9deb76d88edc808695eac875c1cea76c3cef92d149fc10e5927f8191,7ac5f2ed7f8b920df52a4e1cde4f3ee8f80b69a8208c8d8579b1925f9a445627,1,8cdffe055937d64d67cfd0796359a39358403f5f8010e0d72c76d04c523b814a,1.24344978758018e-14,7.0395619
1262,MC1_K2_N2_L4_SP0_P3_R01,e57aa82d03fda4e101689d5611b0d001d3f6da90d85dc198bfbb6421bbc73b7d,7ac5f2ed7f8b920df52a4e1cde4f3ee8f80b69a8208c8d8579b1925f9a445627,1,ead9385623ebfa5dbd440a9df7e7193177bd28cb6005354d4b87122f9180392c,1.44649119982993e-15,6.9899769
1263,MC1_K2_N2_L4_SP6_P3_R01,dae21766580117dbeee93ba19ec118420a19dd517f8ec2e8bcc7aa02b5a3ed0a,7ac5f2ed7f8b920df52a4e1cde4f3ee8f80b69a8208c8d8579b1925f9a445627,1,28e394b4e0cc878a2fb3722d94a5f288ce68710cf038e573122d70f4f3eda8aa,1.59872115546023e-14,6.9825203
1264,MC1_K2_N2_L4_SP10_P3_R01,a5c09dcca876bd700e533fb66fd1e91f020b4fa172bedcb3dc6f12957e15b67b,7ac5f2ed7f8b920df52a4e1cde4f3ee8f80b69a8208c8d8579b1925f9a445627,1,1bcc05043a8720ac7336c43cfb13b19457cbcb285fe0ac009e834e5620b6ecb7,4.44089209850063e-14,6.9736819
1265,MC1_K2_N2_L4_SP14_P3_R01,acd3792f508d7ddc2fc5fd5ba2ceac643caeba8d2dd9a9e725bfbbd3e97a0dc5,7ac5f2ed7f8b920df52a4e1cde4f3ee8f80b69a8208c8d8579b1925f9a445627,1,a51fc0f0e21322695abd4694d46f42164c5b616878d3bba093c558f27547bee6,6.03961325396085e-14,7.0037936
1266,MC1_K2_N2_L4_SP18_P3_R01,c4cec9e76aaff41afdb642681a8ada9d4589e1ca690fa0cd093c8c987c411e1e,7ac5f2ed7f8b920df52a4e1cde4f3ee8f80b69a8208c8d8579b1925f9a445627,1,2787771a550dafc0e989b500b72daa2b16d75d1959dec071938d1bb044957b05,0,6.9869541
1267,MC1_K2_N2_L4_SP22_P3_R01,be6fc6bfb52fcf5224af575abf53e646c0602e00b9bfbf6b7954e17ec27659bf,7ac5f2ed7f8b920df52a4e1cde4f3ee8f80b69a8208c8d8579b1925f9a445627,1,5274a0261a5e781517d8d6d5f5a2ee6bc954b127a641426809e83b4f4f645ffc,4.61852778244065e-14,6.9768578
1268,MC1_K2_N2_L4_SM6_P3_R02,4cdefcc97f96546128a2df22a02d3529a1f35372832aacb9c57adced39a118a0,7ac5f2ed7f8b920df52a4e1cde4f3ee8f80b69a8208c8d8579b1925f9a445627,1,cd037d702fb480e77336634da2fac3d61e68e4258c1a0faafbe8e523b5f83292,6.57252030578093e-14,6.9595662
1269,MC1_K2_N2_L4_SP0_P3_R02,82c6d281a3a22ba8837baaa888a9b2b2512486b3a0a60577099b93a74923b581,7ac5f2ed7f8b920df52a4e1cde4f3ee8f80b69a8208c8d8579b1925f9a445627,1,4fe6d7ba8727c1fb5f7e0754274b786504b9189d7ec1652b2dbdc2cbd487a1a8,4.19482447950682e-14,6.9909472
1270,MC1_K2_N2_L4_SP6_P3_R02,c2364207a7a2c999b5855bd4c81dcbcb3c4c8ab4301fe40ff5af23ac064870be,7ac5f2ed7f8b920df52a4e1cde4f3ee8f80b69a8208c8d8579b1925f9a445627,1,86163d8a08b7559652111c24ea1ae9a7c80b9fb3405f53e2f718e70eea4d57fd,3.19744231092045e-14,6.991503
1271,MC1_K2_N2_L4_SP10_P3_R02,bc215b3bd46d6b2c9b2469999949020e70a08f698990c34820a68e032448fbb5,7ac5f2ed7f8b920df52a4e1cde4f3ee8f80b69a8208c8d8579b1925f9a445627,1,10d55771b7063cf3e3a85a1bc536780194f08843b1398a075baef3bfd6f4e614,1.59872115546023e-14,6.9828321
1272,MC1_K2_N2_L4_SP14_P3_R02,f0c87824576e5d3d31d11970b81ccacb77042ab2c4e64ac34ba7c3de9e3d3676,7ac5f2ed7f8b920df52a4e1cde4f3ee8f80b69a8208c8d8579b1925f9a445627,1,7a3bf6f2a69327b655676a67c28e62b7baa3334ce27b9235e35aada6fdc4776b,1.24344978758018e-14,7.0118364
1273,MC1_K2_N2_L4_SP18_P3_R02,0496996c9e6c908a5074007e061d28f7b1c3b4c9f722aa0be13041ab3623b305,7ac5f2ed7f8b920df52a4e1cde4f3ee8f80b69a8208c8d8579b1925f9a445627,1,ae9ad72d7d579bf7eac5f2d36a61eabf666506796063c52eb6e256f50419543f,1.06581410364015e-14,6.9743109
1274,MC1_K2_N2_L4_SP22_P3_R02,8c5b45cd0b00ee415479363a201d3b1fa598f20ee3138dd6815b5a81b18156db,7ac5f2ed7f8b920df52a4e1cde4f3ee8f80b69a8208c8d8579b1925f9a445627,1,9a4048ebcd4d689accec8aec2d13c4b8eeb7a11916d76a01ff5de68bb67bd4db,4.9737991503207e-14,6.9704081
1275,MC1_K2_N2_L4_SM6_P3_R03,5abfcb24a2795a682438308ee4e9623681c0c8f3266821aff2b65f06aa899089,7ac5f2ed7f8b920df52a4e1cde4f3ee8f80b69a8208c8d8579b1925f9a445627,1,81bb56d2a6882b89a8d1058c5440e9af88f1217206dc117311b5d0a04a6ecdeb,4.2632564145606e-14,6.9763747
1276,MC1_K2_N2_L4_SP0_P3_R03,e6122f5cdc1b69283ce5c6f1d667d0c0a13591fd9587ad84cb8723ec283454cb,7ac5f2ed7f8b920df52a4e1cde4f3ee8f80b69a8208c8d8579b1925f9a445627,1,5f58d0706db922b579ab5ab5af002f202f88b467c15330d217a97318598cbf19,3.71266074623017e-14,7.043333
1277,MC1_K2_N2_L4_SP6_P3_R03,cf40d6f52c17015e65ec23d6ab7b7e652303123368ef9e17d2e4b5905c5a7388,7ac5f2ed7f8b920df52a4e1cde4f3ee8f80b69a8208c8d8579b1925f9a445627,1,a7682fec2c8cd54fd4b57df8e3158e72fd8e5574ef731e3240aa416e0758c1f2,5.32907051820075e-14,6.9811376
1278,MC1_K2_N2_L4_SP10_P3_R03,eb148b1636a57d2f7cbeea7685c50da842587fe03dc1b1d66727110bd6e9710f,7ac5f2ed7f8b920df52a4e1cde4f3ee8f80b69a8208c8d8579b1925f9a445627,1,7b53a7319a1aa9c1ebe59d045251361fb70c4c1cfd32104098317237ed7ab699,1.03028696685215e-13,6.9622877
1279,MC1_K2_N2_L4_SP14_P3_R03,de35555d8aa0f42c8705e39c9b975d2eef6b11916d616b7b9cd9c8baa87cd631,7ac5f2ed7f8b920df52a4e1cde4f3ee8f80b69a8208c8d8579b1925f9a445627,1,55ffdb58ead40e1b468a7afe6948b04fad0b617b03c2edf566cc2442d4228035,1.24344978758018e-14,6.9750055
1280,MC1_K2_N2_L4_SP18_P3_R03,a7b7177872cf3cbb3fcdaac26c574d3667ada302d76b7ac07e50d10f9e9467f4,7ac5f2ed7f8b920df52a4e1cde4f3ee8f80b69a8208c8d8579b1925f9a445627,1,8867748ef75ac57db843e5db51f9a2a5287fa0f425e42c58b2b71cdf0b770eb0,4.61852778244065e-14,6.9965342
1281,MC1_K2_N2_L4_SP22_P3_R03,feb8ddaa993ebde700610894b1aff87b5e4f7ce0ae368c4d5db2ffd7767cbb62,7ac5f2ed7f8b920df52a4e1cde4f3ee8f80b69a8208c8d8579b1925f9a445627,1,5735d500ec3b6956cdd20deba40988598a1d871bfd9734d197e480fca495fe0a,4.9737991503207e-14,6.9463095
1282,MC1_K2_N2_L4_SM6_P3_R04,8dc7e81efaa84d9e8cf0a9b509ce4b2740923dcda8580f58c697fbffa56d18cb,7ac5f2ed7f8b920df52a4e1cde4f3ee8f80b69a8208c8d8579b1925f9a445627,1,42d17e2289343c99e3071c796e409156302acdbeef1e595a4185450bd1aa70d8,3.19744231092045e-14,6.9958965
1283,MC1_K2_N2_L4_SP0_P3_R04,84be2a0e4f460b7624335c428f6ed250b72e47b99a976abe6fc07e48168d5dd4,7ac5f2ed7f8b920df52a4e1cde4f3ee8f80b69a8208c8d8579b1925f9a445627,1,5109bbdd67746edd00fabd90236f000a84b9323773b272b3c56e0f54b8e1beb3,6.94315775918361e-14,7.0093878
1284,MC1_K2_N2_L4_SP6_P3_R04,2bac0744de762742d6a6f091b1781e1d1addc624cf31f81c3d370e941b633192,7ac5f2ed7f8b920df52a4e1cde4f3ee8f80b69a8208c8d8579b1925f9a445627,1,10064099c751bf9074b5f0b98a752f2fe744232ebf125f502753483e983b6e0e,3.73034936274053e-14,6.959969
1285,MC1_K2_N2_L4_SP10_P3_R04,8036d1c8e67e3b09e74977fbb3795f8e3dbed488d6fbcd459c7d7ea7779582cd,7ac5f2ed7f8b920df52a4e1cde4f3ee8f80b69a8208c8d8579b1925f9a445627,1,0e504f64d88284117183c6bfe68d0766b1d130ea0a1b438746abf06b57ac14e7,1.77635683940025e-15,6.9747432
1286,MC1_K2_N2_L4_SP14_P3_R04,8258669c484ea50298f68a96cd89dfff6ef485dfc6135e549f1a300f52a69454,7ac5f2ed7f8b920df52a4e1cde4f3ee8f80b69a8208c8d8579b1925f9a445627,1,638568abbb8839677b56c8aaff739bedce85bf0e4bd03c7b75c5e23275575eec,2.30926389122033e-14,6.9602173
1287,MC1_K2_N2_L4_SP18_P3_R04,2e5a9f1b16c5373ad6dca6c27ed655cc0a211ac116c6f5bd3f1a5ea455e8b188,7ac5f2ed7f8b920df52a4e1cde4f3ee8f80b69a8208c8d8579b1925f9a445627,1,8292e61bedf829ad8b98a8a494c258c073f255bafdfe99287534c2745dee4c60,3.5527136788005e-15,7.0206134
1288,MC1_K2_N2_L4_SP22_P3_R04,92796e4e618a2434d0f86aad761f302d09eef6329addcb715a48c203cc03d31d,7ac5f2ed7f8b920df52a4e1cde4f3ee8f80b69a8208c8d8579b1925f9a445627,1,f4cd7f917296554321f765297123dbaecee342c0f883afc54e554e528108f720,4.9737991503207e-14,6.9415021
1289,MC1_K2_N2_L4_SM6_P3_R05,a8d51d1d7a7cb87f8138e9968587783ef549fcfc26312b6dc84c5f7023322a9d,7ac5f2ed7f8b920df52a4e1cde4f3ee8f80b69a8208c8d8579b1925f9a445627,1,622f55f93fb30d5eb9e238cf692b669780f7bb32ebe5274a7995aa2f681a7017,2.04281036531029e-14,6.9553018
1290,MC1_K2_N2_L4_SP0_P3_R05,5dd56d854768f451d0dbf9d754764d6fbe85901bae2e0918337aa568ca8ff797,7ac5f2ed7f8b920df52a4e1cde4f3ee8f80b69a8208c8d8579b1925f9a445627,1,3c060b9171ad28e648a84ea6dab1625d314b53bbbdb4dea1d6e0e313c8f245e2,1.25362570651927e-14,6.9486365
1291,MC1_K2_N2_L4_SP6_P3_R05,d19c4cc17ef26ac12ae1153ff8e0c1d5f29eb6b7c7518bf38f5f842a16bff783,7ac5f2ed7f8b920df52a4e1cde4f3ee8f80b69a8208c8d8579b1925f9a445627,1,c161bbc44a5a6ca8ae481240cad3cb930550b2cd2cefa3188a9edb598fceb245,1.59872115546023e-14,7.0035752
1292,MC1_K2_N2_L4_SP10_P3_R05,84ec5b58e1f47641dda413a3bdd7feed229f456a87c50b4fc4a5f051f61109c4,7ac5f2ed7f8b920df52a4e1cde4f3ee8f80b69a8208c8d8579b1925f9a445627,1,273940d6c043c4c5c668f65949fbad7636daa4e2edc6ec53c756c5d4b495c810,4.2632564145606e-14,6.9939671
1293,MC1_K2_N2_L4_SP14_P3_R05,b8bdfe5c23a6870ccc2979d23dabf974c525bb5d31dec2013342b68e3e0fc108,7ac5f2ed7f8b920df52a4e1cde4f3ee8f80b69a8208c8d8579b1925f9a445627,1,99f52dee9fa83c03a64671deb90a4a1ff372e36c1c1dfd2abc55c3e6558c4bc3,1.77635683940025e-14,6.96737
1294,MC1_K2_N2_L4_SP18_P3_R05,cc953ff7a1e968fa476cfd20bcff3a760fedec0d63436f65db01837b26cd06bf,7ac5f2ed7f8b920df52a4e1cde4f3ee8f80b69a8208c8d8579b1925f9a445627,1,0c880e71161e3297e10957fee6f71c67e27530ad5c3994bdc56903e195867c8c,7.105427357601e-15,7.0043918
1295,MC1_K2_N2_L4_SP22_P3_R05,c9e999aae6f7864dab4d28d0836cb35bf418b30153549733f2d362c7c1e5d19c,7ac5f2ed7f8b920df52a4e1cde4f3ee8f80b69a8208c8d8579b1925f9a445627,1,3f9697966c0fe4a835d7c63689fec7e0d3db065b63bc1ce3275087fa08788f8e,8.5265128291212e-14,6.9508646
1296,MC1_K2_N2_L4_SM6_P3_R06,1147cafeded493693948535bcc2976ea0d70ac2b88fcfc04f10bdb284ac40409,7ac5f2ed7f8b920df52a4e1cde4f3ee8f80b69a8208c8d8579b1925f9a445627,1,d202e4c5048f8eb2ade3fe3df52864c264ee6b2d91fd340998b0c2a88aebf578,2.57571741713036e-14,6.9627728
1297,MC1_K2_N2_L4_SP0_P3_R06,ae995fa3cd58a90557417fce5fc981a04e93bbf443570993173ab3c5201ff5d3,7ac5f2ed7f8b920df52a4e1cde4f3ee8f80b69a8208c8d8579b1925f9a445627,1,bd356c91db3599a0600221be24c4362910a3207dfff9a8aa23d942521175f860,4.24304085283444e-14,6.9576395
1298,MC1_K2_N2_L4_SP6_P3_R06,8d3a46facf52ea6dc9ebf1d3af8dbd7af301a5449167ee41c2963a154272ec4f,7ac5f2ed7f8b920df52a4e1cde4f3ee8f80b69a8208c8d8579b1925f9a445627,1,bd9880efa9b11dd9960fd3fff5482117a33b6f4f97a7993b1d67c90d28ad7585,1.4210854715202e-14,7.0163856
1299,MC1_K2_N2_L4_SP10_P3_R06,e359097b1270f2b533c5172d251b0fd3b92d2700360dd49d18882628ecce70ad,7ac5f2ed7f8b920df52a4e1cde4f3ee8f80b69a8208c8d8579b1925f9a445627,1,a9d3936dd12feb1f7ac591b852c11ad358148cdb7920fd40b611921a276e6573,4.61852778244065e-14,6.9581461
1300,MC1_K2_N2_L4_SP14_P3_R06,8b786a88d75beab97b743f0d84514420be5c9c97cb2931f0c779fef2c3413603,7ac5f2ed7f8b920df52a4e1cde4f3ee8f80b69a8208c8d8579b1925f9a445627,1,2ac6b271f3f737e84467d591b333d5068b73d9bbe69ba55bb1aa0e8ed16ee845,1.10134124042816e-13,6.9721448
1301,MC1_K2_N2_L4_SP18_P3_R06,d0ecf84e3320250dd4abc5eccd79bb5c1b291c1cd28122bd70bafee008594c90,7ac5f2ed7f8b920df52a4e1cde4f3ee8f80b69a8208c8d8579b1925f9a445627,1,8c59f29d5a90ac97690fe54bf5acb9222c1de0bbc17780e7136f18445e453b8a,2.48689957516035e-14,7.0024653
1302,MC1_K2_N2_L4_SP22_P3_R06,e93e4b104fbc8753438996503aa35665c1844bbb8e786f3b46894672c4ab7d38,7ac5f2ed7f8b920df52a4e1cde4f3ee8f80b69a8208c8d8579b1925f9a445627,1,77d02ddc946a8c1114845022887bcf257da7a17bf3429ebb192612ec2110138d,3.19744231092045e-14,6.9949367
1303,MC1_K2_N2_L4_SM6_P3_R07,6605eead999d509a19f310efb44a799377133dfa3cf66fe4de81432dafa40b07,7ac5f2ed7f8b920df52a4e1cde4f3ee8f80b69a8208c8d8579b1925f9a445627,1,533c8a16fedaa3eca735843db11349567e9090cef386c8e1401a69462029f926,3.37507799486048e-14,6.9543625
1304,MC1_K2_N2_L4_SP0_P3_R07,1ef446d324cc81780d3839a503876478425edb49f62cc494574427231e09e720,7ac5f2ed7f8b920df52a4e1cde4f3ee8f80b69a8208c8d8579b1925f9a445627,1,7fb53d9055e241cc5c51c5e4d72ee3ed1c0c6f52ed9e1e34f85277f4ccbbf556,6.21991215926875e-14,6.9631785
1305,MC1_K2_N2_L4_SP6_P3_R07,94e390d9168cee9be0cbd2adf1c00e4b1ddff5b97fbc0493e4fd41d3fafe63d1,7ac5f2ed7f8b920df52a4e1cde4f3ee8f80b69a8208c8d8579b1925f9a445627,1,134ef5a392a5428e2ef656f852e956a8a8831a3d7a6c9e9d6b140516af3b9678,7.99360577730113e-15,6.999317
1306,MC1_K2_N2_L4_SP10_P3_R07,78f9933666b78cbaf090d2c51d8534a1c9b4d5fd2af64722108c005709757de9,7ac5f2ed7f8b920df52a4e1cde4f3ee8f80b69a8208c8d8579b1925f9a445627,1,26cf6982293b1e24dd5e4374c881b7e350711863f9a7f8cb6958b30572ea32cf,2.66453525910038e-14,6.9576499
1307,MC1_K2_N2_L4_SP14_P3_R07,ede6bcfb1772b25bb78040ad6f90a324139cbed1d4b83be403c81f18b9cdc440,7ac5f2ed7f8b920df52a4e1cde4f3ee8f80b69a8208c8d8579b1925f9a445627,1,dc86dc16667393789c19e08805d070351aa16de8b0c99a313a7e39f9a91b224c,5.32907051820075e-14,6.9623081
1308,MC1_K2_N2_L4_SP18_P3_R07,63430652fe9be85cd6e5cb20245b260af478a116bbe2faa3fae14bce42aa1b90,7ac5f2ed7f8b920df52a4e1cde4f3ee8f80b69a8208c8d8579b1925f9a445627,1,0940ba9e7d5101009d884bea0d03e32bb507f73aa1f539433c670cd08b5a7a6d,0,6.963262
1309,MC1_K2_N2_L4_SP22_P3_R07,2b6e4e7a290cf1da643d5882ed2ba169c65558cfd486fb63c9ab1bd532dff42a,7ac5f2ed7f8b920df52a4e1cde4f3ee8f80b69a8208c8d8579b1925f9a445627,1,9c4d5ec9d2602257d72664d9f5349dc1079903707c45346b3d1cadd9dc894a2e,1.06581410364015e-14,7.007561
1310,MC1_K2_N2_L4_SM6_P3_R08,1e4e138c00e00d5b805ea543dffc2a027d5fa942c93a929ede4cd47b17c4ea19,7ac5f2ed7f8b920df52a4e1cde4f3ee8f80b69a8208c8d8579b1925f9a445627,1,d092ff5c75994d5da16023eae6c7daefa7d6c74a7c5ac1fef0fb8bdbb524000e,2.48689957516035e-14,6.9974945
1311,MC1_K2_N2_L4_SP0_P3_R08,23aed2562c3359e9d56a6a1d5ee4ae5450f4cb710fd0a16d4dae6869500073b2,7ac5f2ed7f8b920df52a4e1cde4f3ee8f80b69a8208c8d8579b1925f9a445627,1,54684b67a752b0c1dcf0f261d37af275e8132883831564d5a8923d07753db0a8,2.41081866638322e-15,6.961782
1312,MC1_K2_N2_L4_SP6_P3_R08,208905ebaece197503c3223f541311f0d85ce17de0b37a8d233964150a576d11,7ac5f2ed7f8b920df52a4e1cde4f3ee8f80b69a8208c8d8579b1925f9a445627,1,484451dacfd665fefd66f1b0b1820e74fd9ed3a9c54d4db21da2d857ebbd4025,1.24344978758018e-14,6.9636443
1313,MC1_K2_N2_L4_SP10_P3_R08,80bb2947a047cc482f2fac2bec5a8818be1f64359836d7530893d1bfbee67b0f,7ac5f2ed7f8b920df52a4e1cde4f3ee8f80b69a8208c8d8579b1925f9a445627,1,198cfb096f92a25ec0c33d748cd81a8e5f4bc0da59c29be78f4671570e87b562,1.77635683940025e-15,6.9994681
1314,MC1_K2_N2_L4_SP14_P3_R08,83a788d0a6c073e61f9d15d7254e3f7c3c4e7d3db9b3491df1d295660e390b21,7ac5f2ed7f8b920df52a4e1cde4f3ee8f80b69a8208c8d8579b1925f9a445627,1,142950bbd15bba08b7e4ef7331dbabb5744576cd8ee596feba816af365ee4306,5.6843418860808e-14,6.9887069
1315,MC1_K2_N2_L4_SP18_P3_R08,2e52f99f5873347406b07abc91cc12c19831f015e42430842b15240eb3f7ceb4,7ac5f2ed7f8b920df52a4e1cde4f3ee8f80b69a8208c8d8579b1925f9a445627,1,ec6ac0fa5404322f80ecaed55b3da80552d6027d2e2e84a380079bced3b04a98,9.9475983006414e-14,6.9490818
1316,MC1_K2_N2_L4_SP22_P3_R08,8682ce3817816d26c35f561fd871a47f35e505bb944fd3c25bd4dca510941d43,7ac5f2ed7f8b920df52a4e1cde4f3ee8f80b69a8208c8d8579b1925f9a445627,1,9e99e0f52fe55f7c0e8b0edb42b487aa035e7f5f555651bd4dfcec89c41910a2,5.6843418860808e-14,7.0175577
1317,MC1_K2_N2_L4_SM6_P3_R09,b311a55ec6f8c770528b08fb86c2d169edee5c877c5728c134e1bd93f2709893,7ac5f2ed7f8b920df52a4e1cde4f3ee8f80b69a8208c8d8579b1925f9a445627,1,d68a49d62631564e3118b0773cfd622cb84d4f8f0b2e27051717371e00f7a61c,7.105427357601e-15,6.9677059
1318,MC1_K2_N2_L4_SP0_P3_R09,1c6ac3e975404aa20b428217ad5b453994078c3d91994f31a576328f44e156aa,7ac5f2ed7f8b920df52a4e1cde4f3ee8f80b69a8208c8d8579b1925f9a445627,1,396797dba87564f60b4d4791dd993fa29030c8b7b869127f563c9a4f62b5b413,6.46099402590698e-14,6.967206
1319,MC1_K2_N2_L4_SP6_P3_R09,24a425e61a82c796f8f7d7fa21378fcec8ed22836bbd83aa9f73897d21e68b4e,7ac5f2ed7f8b920df52a4e1cde4f3ee8f80b69a8208c8d8579b1925f9a445627,1,345c599077364bbe7a14db6b305e73492902e2f974d1a292ace449a9106cd1c6,7.105427357601e-15,6.9605884
1320,MC1_K2_N2_L4_SP10_P3_R09,c9e6e9cd7c45d34cc5431738dd9dff516f4ca980a460f1258c57029cc7bbef31,7ac5f2ed7f8b920df52a4e1cde4f3ee8f80b69a8208c8d8579b1925f9a445627,1,45f1e2a5831e243ba5f2750a6deeabaab85d86fb86044765c7ff0603c28d1fc4,1.20792265079217e-13,7.0770062
1321,MC1_K2_N2_L4_SP14_P3_R09,bcd4bf1ce7c10a5283f1641c1fef61efe46767a2f4b1def630d1fb49dd09e7b8,7ac5f2ed7f8b920df52a4e1cde4f3ee8f80b69a8208c8d8579b1925f9a445627,1,d4bfc20c3f29309951a7f7ba55b429d108ebe4974e044c7b4ae326107e4f4347,2.48689957516035e-14,6.9853051
1322,MC1_K2_N2_L4_SP18_P3_R09,1b4be23157e23fe80d4d43b86f89ef20f22aeb655b07a02a8d140d953a146b5d,7ac5f2ed7f8b920df52a4e1cde4f3ee8f80b69a8208c8d8579b1925f9a445627,1,935f7c9c10529c6d60b6a91e9e14afe6cee5f0b72ce473e2068f3b687404ff31,7.105427357601e-15,6.967205
1323,MC1_K2_N2_L4_SP22_P3_R09,859729305243c3512f231db809d45f469ae0477cec34ca99e337008f483d1ee7,7ac5f2ed7f8b920df52a4e1cde4f3ee8f80b69a8208c8d8579b1925f9a445627,1,eaf5302e226784afdc7c11c7decd9c44eae7fdfd48d0e1f43d764cd6d6cba37d,1.31450406115619e-13,6.9627545
1324,MC1_K2_N2_L4_SM6_P3_R10,0e515fd882c653a4049fbb0de153009d079563442602d4dc07906dae0d70f2bd,7ac5f2ed7f8b920df52a4e1cde4f3ee8f80b69a8208c8d8579b1925f9a445627,1,e371c074fcc77be835ea67f28cfc31aa52f801b7a2c505201bf7200b778d128d,1.24344978758018e-14,6.9801703
1325,MC1_K2_N2_L4_SP0_P3_R10,17bc4c8a1b8903644603a7af9504f0cb37d1c8a72dfcaf7bc4737a59a1a7416a,7ac5f2ed7f8b920df52a4e1cde4f3ee8f80b69a8208c8d8579b1925f9a445627,1,d3d0726ca53b6a254dd804be124b1058558606b72fe1e3a02d45238e1ea9139d,2.0250876797619e-14,6.969446
1326,MC1_K2_N2_L4_SP6_P3_R10,488fcd80f20dfaa867e2eb4913ae9cd64f5676a19c31a3da2efa1c0b018e6232,7ac5f2ed7f8b920df52a4e1cde4f3ee8f80b69a8208c8d8579b1925f9a445627,1,9eda70964b03bf542eb85b0b243d33b639097769efeddb54f427f6cf7fa9ac30,4.52970994047064e-14,6.976138
1327,MC1_K2_N2_L4_SP10_P3_R10,c4cdc156fc4a3fcf807cc56d48b1198bee810426692ce56ca5b6e3f59c352488,7ac5f2ed7f8b920df52a4e1cde4f3ee8f80b69a8208c8d8579b1925f9a445627,1,f9239588397e89753e0af702c07a9e55ce7728b7d4d53fa40a22c496169147e9,5.32907051820075e-14,7.0025874
1328,MC1_K2_N2_L4_SP14_P3_R10,35cf507501500b8bb23730eabd0942fee4ccf6e94ca4d6c4f018e0a54eaa615a,7ac5f2ed7f8b920df52a4e1cde4f3ee8f80b69a8208c8d8579b1925f9a445627,1,8fbd25f39e1c64a3811e1ad53d3357042e6bec0da941f886992b69f0f61eb489,6.03961325396085e-14,6.9572873
1329,MC1_K2_N2_L4_SP18_P3_R10,b67119568712c27a08690d0e73a23a5b53fb25f833cb8a3b6988323b5734f495,7ac5f2ed7f8b920df52a4e1cde4f3ee8f80b69a8208c8d8579b1925f9a445627,1,a3e5ba40ec19c0a151aac55c72fac04b541bf6bb6a20426bfbfa0eda9c641c4b,0,6.9683594
1330,MC1_K2_N2_L4_SP22_P3_R10,1e0a16323a351e1eb9f558cab0e555c4905bd59c408681d8fce562084892544d,7ac5f2ed7f8b920df52a4e1cde4f3ee8f80b69a8208c8d8579b1925f9a445627,1,4f31bc22d7a86cfecd919d409ab5e38bee74d76088828559a38d808f2ee6dffb,3.19744231092045e-14,6.9594398
1331,MC1_K2_N2_L4_SM6_P4_R01,b2811f312cdc8f1286ebe534d9f474c13f875c1a78e257a0e0f33bbf5324a1c0,7ac5f2ed7f8b920df52a4e1cde4f3ee8f80b69a8208c8d8579b1925f9a445627,1,6d5ad9753a40d9f93afe8d735660bf74f10806a6d6ec70b3a887fb501ffd8d48,5.15143483426073e-14,7.0049726
1332,MC1_K2_N2_L4_SP0_P4_R01,ed0155f0958af4c66ad521c6780c72b862108d9e5847d2489eeb3495641833c6,7ac5f2ed7f8b920df52a4e1cde4f3ee8f80b69a8208c8d8579b1925f9a445627,1,2a0ae283df894dee9f85c96936f30629908ebddd9e96ef2f5ac686c91021cd1c,8.00391797239221e-14,6.9656692
1333,MC1_K2_N2_L4_SP6_P4_R01,191e5296851063346680df513b96580a5f360214c9085b23b29c33bd3a044f77,7ac5f2ed7f8b920df52a4e1cde4f3ee8f80b69a8208c8d8579b1925f9a445627,1,0cb751a947998fba925dd328a97e1369952d49925fdf2708202164477f2e43b6,1.06581410364015e-14,6.9633681
1334,MC1_K2_N2_L4_SP10_P4_R01,f2300d47db4a573ab808ad1cb360d2cc566b591bc2366512a2fe3d40d3717f89,7ac5f2ed7f8b920df52a4e1cde4f3ee8f80b69a8208c8d8579b1925f9a445627,1,f3161a8bb5ddd4868330a542468006ca455cd25c67326b24f078533a8ee94518,6.21724893790088e-14,6.9711691
1335,MC1_K2_N2_L4_SP14_P4_R01,f838fe421d8b5205ea7291a7f4869ba1f4ccf9bca3305958e72fec38eaafa9de,7ac5f2ed7f8b920df52a4e1cde4f3ee8f80b69a8208c8d8579b1925f9a445627,1,ad2e6160b63024e9217470f8cfc0abebbc2eb693c7047c668deb8b91dfd9d8ae,4.2632564145606e-14,6.9833149
1336,MC1_K2_N2_L4_SP18_P4_R01,8879ef9ae75661d80689eb1787f2c6d2e812b6d0291af8d197340ca40b31ed35,7ac5f2ed7f8b920df52a4e1cde4f3ee8f80b69a8208c8d8579b1925f9a445627,1,425469eacd48fcd2dd83c3e3acd09b9fc9dd8de64fe58e14954f76c104eefcc3,0,6.9933866
1337,MC1_K2_N2_L4_SP22_P4_R01,6cc5b6ce18640a22fd4c18a55e30532f755f8349059f246ee91cba96e1891a29,7ac5f2ed7f8b920df52a4e1cde4f3ee8f80b69a8208c8d8579b1925f9a445627,1,df7f0b0cfea5b8c79845df22ff5ff445e8d02b519614ec8086cfcdef8c354e9e,6.03961325396085e-14,6.9758649
1338,MC1_K2_N2_L4_SM6_P4_R02,04dfeeb29d9c2f79e03b95c2b971276720e1835548e5df1870bd6637c8be7deb,7ac5f2ed7f8b920df52a4e1cde4f3ee8f80b69a8208c8d8579b1925f9a445627,1,6c6af245c432d0e59beee844e23a94352d17ee052202065d2f0feb3fdbf457d0,1.4210854715202e-13,7.0176777
1339,MC1_K2_N2_L4_SP0_P4_R02,a69523db9d746b820f2305fb5d3f6754d6299235e2fd07625e53b22a25990919,7ac5f2ed7f8b920df52a4e1cde4f3ee8f80b69a8208c8d8579b1925f9a445627,1,fa719e8434ebd95b78ae2c02247f2a596fc9cf70dc8af05add169cf7f40aabb9,1.09933331187076e-13,6.9695029
1340,MC1_K2_N2_L4_SP6_P4_R02,05250cf5b58e6955703e3e8df10a68768ebe7558d25bf45c07ab041ee94dd064,7ac5f2ed7f8b920df52a4e1cde4f3ee8f80b69a8208c8d8579b1925f9a445627,1,c13f37941f3087aae23d47487602f97563eea4cbd38ecc86aaaf242c791951c8,1.93622895494627e-13,6.9477974
1341,MC1_K2_N2_L4_SP10_P4_R02,aea62c087a9f5cfa5d8d22110e3178ae24c68e5c829b93ba123ce04bfbbe6ea9,7ac5f2ed7f8b920df52a4e1cde4f3ee8f80b69a8208c8d8579b1925f9a445627,1,c16b653b0a59ead30a76549e59513d0dabe7064238e8bbb0aa327eb51b19e0a3,7.28306304154103e-14,6.9594394
1342,MC1_K2_N2_L4_SP14_P4_R02,a871ac302ec9238b08e6feb1ce3bc9bcf13708ce265d2682493692701dcf0674,7ac5f2ed7f8b920df52a4e1cde4f3ee8f80b69a8208c8d8579b1925f9a445627,1,8b19040f1e173a14b6160ff51ca959c2e5504560b5c16970445436b7f36c1a6d,8.34887714518118e-14,7.0186519
1343,MC1_K2_N2_L4_SP18_P4_R02,0fab89a361fdce3a9aeec88aacff0874b9c2864e4aef624fd02ef517b5bb9cca,7ac5f2ed7f8b920df52a4e1cde4f3ee8f80b69a8208c8d8579b1925f9a445627,1,1798bbec2ec8cdf29cf96792b9a98048c07f15e67989fa77a3fffffea485fb2b,5.6843418860808e-14,6.9760751
1344,MC1_K2_N2_L4_SP22_P4_R02,ca20054071146a83c95797a8549a87056a95ee07a81dbe55843f3c48abaca555,7ac5f2ed7f8b920df52a4e1cde4f3ee8f80b69a8208c8d8579b1925f9a445627,1,9017723a0feafe7d5f0bd7ccb08a6daab4a1fc863ebb6dbffeb58d6527ab3865,1.4210854715202e-13,6.9519527
1345,MC1_K2_N2_L4_SM6_P4_R03,93dec130217132f44d848064c26ab5e02572907b8ed280cbc673317284d51a04,7ac5f2ed7f8b920df52a4e1cde4f3ee8f80b69a8208c8d8579b1925f9a445627,1,813bd447a880fb318015cebfa3e99220f37dfcb1841ee63a6b003d0f08fd84c4,1.24344978758018e-13,6.9535487
1346,MC1_K2_N2_L4_SP0_P4_R03,6c6afd37afcfd2e9d300ee41e268eb8e203930755eff16ce5ff1ce682e71b0cd,7ac5f2ed7f8b920df52a4e1cde4f3ee8f80b69a8208c8d8579b1925f9a445627,1,8462e5f9a0d7a16873a53cc01cc3b69140193823e6667b79778c87a41d609cf8,1.92865493310657e-14,6.9982341
1347,MC1_K2_N2_L4_SP6_P4_R03,83eaa2b0fcfa57aea1e7753822f0f1f71c29abf2f628a8e677778da28dbb8998,7ac5f2ed7f8b920df52a4e1cde4f3ee8f80b69a8208c8d8579b1925f9a445627,1,f1e03beb4a3d1f7847e05faeb7bd2e7df6629b885adc3377da7872015c137a9b,5.15143483426073e-14,6.9671535
1348,MC1_K2_N2_L4_SP10_P4_R03,c00787e323143cb0c2aa41cec3c1c6e0fd45bdfba1f9e6ae7abf7b18949f9fee,7ac5f2ed7f8b920df52a4e1cde4f3ee8f80b69a8208c8d8579b1925f9a445627,1,4400299e4ddfcca829a3ec48df85eeaeb29aa5ebe6173d4869b758eddaf813fb,2.1316282072803e-14,6.9738705
1349,MC1_K2_N2_L4_SP14_P4_R03,a09e31a8adda76f74fdab6630a194af816337a99030bcaa985987fde20e1e6c7,7ac5f2ed7f8b920df52a4e1cde4f3ee8f80b69a8208c8d8579b1925f9a445627,1,c12a53e1d0f1c28d8ebd32ea4f1f9f646160cf56138bfcf46e69dc0ba9a23b05,1.24344978758018e-13,7.0178543
1350,MC1_K2_N2_L4_SP18_P4_R03,1d89217dc68c4086b03f386bfcaf57c988aaa1821f0cbbee60dc8ec4fd3f2b40,7ac5f2ed7f8b920df52a4e1cde4f3ee8f80b69a8208c8d8579b1925f9a445627,1,3d1eab4f2264957187c386ffc30569b63799e94bd1318b52de0b449438f0d38a,9.9475983006414e-14,6.9731455
1351,MC1_K2_N2_L4_SP22_P4_R03,799bae1ddfbb627e2dcefe7cc1cb862e8058dc5b6309703da42cacc11177c32b,7ac5f2ed7f8b920df52a4e1cde4f3ee8f80b69a8208c8d8579b1925f9a445627,1,46c4af0880d98825895c4ecaa8bdd9fcc918cf4f4021678fe140f837a3f12976,7.105427357601e-14,6.9708608
1352,MC1_K2_N2_L4_SM6_P4_R04,ab95faab49eafe79b1575226bd178be27093079c0a3ebe5e2c73f5978a8f4608,7ac5f2ed7f8b920df52a4e1cde4f3ee8f80b69a8208c8d8579b1925f9a445627,1,446d1e87120264b1b74e703b3e591286e20d12b99d1ad99e3617c11bf6aa0343,3.19744231092045e-14,6.9605742
1353,MC1_K2_N2_L4_SP0_P4_R04,838eabca9fcac115a9f470860ed8639b35c7d3463ce9373204bde5192ba45939,7ac5f2ed7f8b920df52a4e1cde4f3ee8f80b69a8208c8d8579b1925f9a445627,1,812b17a3f52101ec8b64ef20e1a3c6ea33a97dbc34f7e97f69e893940e1615cd,3.56801162624718e-14,7.0259802
1354,MC1_K2_N2_L4_SP6_P4_R04,4a700d0d383bae344c3242e78abd9666bf00efa25cc9feac17deb388a5299460,7ac5f2ed7f8b920df52a4e1cde4f3ee8f80b69a8208c8d8579b1925f9a445627,1,c956e888625c70c6965f01a89c91d9017173eda711f27629fcd59be59328f0aa,4.44089209850063e-14,6.9684459
1355,MC1_K2_N2_L4_SP10_P4_R04,07add3b6b731184d3527161d533917ca4f2d799a24f2ef389004d4ffe0e77099,7ac5f2ed7f8b920df52a4e1cde4f3ee8f80b69a8208c8d8579b1925f9a445627,1,08e6339f535066a96e7f0912840853397f5c77f0498ba2b070a3920482b61c8d,7.105427357601e-15,7.0187734
1356,MC1_K2_N2_L4_SP14_P4_R04,4d0ae443e02fdfefeaa4310b2f910db456fa36b79668962a8c3be3c856fb012a,7ac5f2ed7f8b920df52a4e1cde4f3ee8f80b69a8208c8d8579b1925f9a445627,1,54817f56b21781d74264744170efaabb2510ad7c2506cb510370c185ea659b8a,1.17239551400417e-13,7.0011171
1357,MC1_K2_N2_L4_SP18_P4_R04,8c142b1a1b729d69085c0f01d8e2f9e1a76bc4c3ad72cd9856364a6c7fb519f6,7ac5f2ed7f8b920df52a4e1cde4f3ee8f80b69a8208c8d8579b1925f9a445627,1,afa416231ee56b8f3fe56fa9f85b70ca13fd6171908b37729baec2a25f41a8cd,7.105427357601e-14,6.9870711
1358,MC1_K2_N2_L4_SP22_P4_R04,74ab5aa33c17eba4dc871fd1601256bbe641238f03101b6a9f88e12092506801,7ac5f2ed7f8b920df52a4e1cde4f3ee8f80b69a8208c8d8579b1925f9a445627,1,f814b8fb0e3a026078e5bbc5a1792bbbfcde3b861bad992a3441a1d4ce803930,3.19744231092045e-14,7.4258494
1359,MC1_K2_N2_L4_SM6_P4_R05,c1d8107833ce5c41c740de7c7181c3a63adc027e54daaaaa5194ed46c4beaa11,7ac5f2ed7f8b920df52a4e1cde4f3ee8f80b69a8208c8d8579b1925f9a445627,1,e46111f09ea691624c81311815dae486e4255572f3003d24e0f84a316cb6165f,4.08562073062058e-14,7.0284906
1360,MC1_K2_N2_L4_SP0_P4_R05,ba6285e45bdc22f02298fc45a4caa9f0b47192c7ea0d3a2cf6972094bf97f39d,7ac5f2ed7f8b920df52a4e1cde4f3ee8f80b69a8208c8d8579b1925f9a445627,1,3dca557e310ea720e72dd6575cd5ce062ef6481beec959e65ee4738739c34545,4.53233909280043e-14,7.0888476
1361,MC1_K2_N2_L4_SP6_P4_R05,ac704cdc13f31613eb2bae29e0fdf3e689c5c964360dd17604b62321e8e520ad,7ac5f2ed7f8b920df52a4e1cde4f3ee8f80b69a8208c8d8579b1925f9a445627,1,604381dad1db2f31632a3235165b46c6af5dccd0991bc4a18ffac1284dadd430,8.88178419700125e-15,7.0134466
1362,MC1_K2_N2_L4_SP10_P4_R05,5edf60566389e880300f579a91460d8a6165dac5efa895c6cc2cbeca21b87170,7ac5f2ed7f8b920df52a4e1cde4f3ee8f80b69a8208c8d8579b1925f9a445627,1,4cd632f26a22d31b690bdca5d1d7189f73811840b13f9b90f9f62c1b8727bbec,1.03028696685215e-13,7.026953
1363,MC1_K2_N2_L4_SP14_P4_R05,c88bef2159334808c2f7fa6c627942c69e7687f7f0e96868278cbc69e08eb824,7ac5f2ed7f8b920df52a4e1cde4f3ee8f80b69a8208c8d8579b1925f9a445627,1,57219d2e6c0d7d27c94d1a85c241d2a4f9e1816f08e2d5ae5ffc65989cb54e70,1.77635683940025e-15,7.0130196
1364,MC1_K2_N2_L4_SP18_P4_R05,537029d7884382c96f966399c9f7178f7e4d9a3ce6d203f03c63286df5e59470,7ac5f2ed7f8b920df52a4e1cde4f3ee8f80b69a8208c8d8579b1925f9a445627,1,364b82d4ff6f297151c53d33070463bb4208ee9924ef64b23375fb96875606bb,9.9475983006414e-14,7.0392246
1365,MC1_K2_N2_L4_SP22_P4_R05,5e7c7127a6eb05cb5b52d358d98f511041dd0e54d0efee896b5c036212cd699a,7ac5f2ed7f8b920df52a4e1cde4f3ee8f80b69a8208c8d8579b1925f9a445627,1,be911577d9682dd2679480e93a9fa77bd9252751ae8c7ed22d0effbc0e7bda6a,6.03961325396085e-14,7.0247911
1366,MC1_K2_N2_L4_SM6_P4_R06,b273157b40657b5ab05ea1a48d0cc9bef032dd30cfa6991bbd6d66a4c1f5790f,7ac5f2ed7f8b920df52a4e1cde4f3ee8f80b69a8208c8d8579b1925f9a445627,1,7e513d75e3cf6a2946c4f844a2e8f7c201f5c02b0c3476de5a737c35fc831585,1.33226762955019e-14,6.9858025
1367,MC1_K2_N2_L4_SP0_P4_R06,f127e8c8a33bd476884ee340f5d9058068b6f7dcd32b30341a88bff8f751e8af,7ac5f2ed7f8b920df52a4e1cde4f3ee8f80b69a8208c8d8579b1925f9a445627,1,66644b93efddce2307fe15b9663f139fa57ea24bee03cc6e6e6ec02913268d9b,5.20736831938778e-14,6.9959479
1368,MC1_K2_N2_L4_SP6_P4_R06,ece738e4b44a30329fe1f08d095bdaadf298f3b0b8ec67138e83e78472ada7a9,7ac5f2ed7f8b920df52a4e1cde4f3ee8f80b69a8208c8d8579b1925f9a445627,1,2fedc2574b64c07cf0ac214a8d8726e57034bc3114d9f3b5e3b404dfd3034229,9.05941988094128e-14,6.976057
1369,MC1_K2_N2_L4_SP10_P4_R06,44551fbdc811ae8b0a14ea72a723308d5056b3aaf80f658db51950a2cf6954d6,7ac5f2ed7f8b920df52a4e1cde4f3ee8f80b69a8208c8d8579b1925f9a445627,1,53cad9ab3effdf768528f27478329c3327a4f8339c2f12f51f37e04c235b8dd2,5.86197757002083e-14,7.2276461
1370,MC1_K2_N2_L4_SP14_P4_R06,5452d726a1139663427beaad8ea9553c00b9e574fcf328597fb834e3d3cbcd83,7ac5f2ed7f8b920df52a4e1cde4f3ee8f80b69a8208c8d8579b1925f9a445627,1,eb4e838d31c808ebcdf3f55a4fd34ba7dcd95f675d810a5f8cc99e82bf804a3b,1.03028696685215e-13,7.2519209
1371,MC1_K2_N2_L4_SP18_P4_R06,c7acb65b91a6a36514aa21b4d247cc5985fdd461b4bc000b97678dc83723e027,7ac5f2ed7f8b920df52a4e1cde4f3ee8f80b69a8208c8d8579b1925f9a445627,1,d3e1f250d0174aa0a46c82fe651a4a261c72595d90e2516e6e5dc0e91f0e268e,9.59232693276135e-14,7.299329
1372,MC1_K2_N2_L4_SP22_P4_R06,4a4b899860ee3b136b17d8c4e88ea37486371003d87705996cefb17e87547adb,7ac5f2ed7f8b920df52a4e1cde4f3ee8f80b69a8208c8d8579b1925f9a445627,1,e600a48317a3509fae1a7476a0772da4bdc99d48c616589a11c464d7cd75a7ff,3.5527136788005e-15,7.2840474
1373,MC1_K2_N2_L4_SM6_P4_R07,9c188a7792744254e58bbda20404a9924809aa293111425b5f478f4c4acd8daf,7ac5f2ed7f8b920df52a4e1cde4f3ee8f80b69a8208c8d8579b1925f9a445627,1,cb6d4410ea2ab955374291936c3d77e44fc21120284df2d0adfc775bf069bd3e,4.08562073062058e-14,7.2375524
1374,MC1_K2_N2_L4_SP0_P4_R07,fb3c72befa437692420f67119a872be5eef4014101dcc09148791ada93285b2a,7ac5f2ed7f8b920df52a4e1cde4f3ee8f80b69a8208c8d8579b1925f9a445627,1,c69cc3c2ef900fdb1601ecb70f0eb0cfcd4d329723c25e72556085a93903ce61,7.71461973242629e-15,7.0467932
1375,MC1_K2_N2_L4_SP6_P4_R07,a21e2b21b235c02cfc005faa8a531d862e5cd7c98b8768972953cc544d42595f,7ac5f2ed7f8b920df52a4e1cde4f3ee8f80b69a8208c8d8579b1925f9a445627,1,1d6233256b02ca5c594ea9d446443fa39776760d133f748c5d6ae89add867aeb,3.37507799486048e-14,7.0062995
1376,MC1_K2_N2_L4_SP10_P4_R07,329641a7492fa9f846ca08f7b9c70652516cb1ae8965a66fd00addbefd370c3a,7ac5f2ed7f8b920df52a4e1cde4f3ee8f80b69a8208c8d8579b1925f9a445627,1,bbdc41170a26cd7ccde59a8859e88d282f25d874da50ac21dd50d8f58b1b0efe,1.26121335597418e-13,6.9949845
1377,MC1_K2_N2_L4_SP14_P4_R07,f9f55fb276b2c07f187e779c40f1f4efb4434b261699ccbb9b05df6b018357f1,7ac5f2ed7f8b920df52a4e1cde4f3ee8f80b69a8208c8d8579b1925f9a445627,1,0f253e239995e657a59b8df536fe1662ff10cdfb5aede96bdb155b8345e86bf3,3.01980662698043e-14,6.9978259
1378,MC1_K2_N2_L4_SP18_P4_R07,f5d5a667be279f003b244966407b087cef65e3fca7bfaa3dff84f5370939d584,7ac5f2ed7f8b920df52a4e1cde4f3ee8f80b69a8208c8d8579b1925f9a445627,1,32ebf4cc0947d9609ffdc033ee6d6ad8e6f82490cfb8863a18032eac402aebcd,2.8421709430404e-14,7.0464417
1379,MC1_K2_N2_L4_SP22_P4_R07,458795c2118c214babb02ed2a50a7a51e745fc876ecc2f141ac7dd503a16386f,7ac5f2ed7f8b920df52a4e1cde4f3ee8f80b69a8208c8d8579b1925f9a445627,1,2903fed9711f513ab3b5ee1c30b7f2cc86a7dbd9817ff0f27a93d21196462b2e,1.06581410364015e-14,7.0116758
1380,MC1_K2_N2_L4_SM6_P4_R08,6838ae9c59620f398d538ccabb49d25268a4cba44e5cb708c636d4e14e62d91f,7ac5f2ed7f8b920df52a4e1cde4f3ee8f80b69a8208c8d8579b1925f9a445627,1,0511cc501a1b6d6fc17ac43a0e7b51446e6814495bf508729152382b94ceecc5,4.79616346638068e-14,6.975123
1381,MC1_K2_N2_L4_SP0_P4_R08,ed4ab325374a16f58a29878aca7f4dba1a641df5d3a8cf3ff776ba75ccf681c5,7ac5f2ed7f8b920df52a4e1cde4f3ee8f80b69a8208c8d8579b1925f9a445627,1,eb0d5ddbc1a16a0e0c19eccb7f703dbdf70e494381c73337f45faa8235e373a1,9.64327466553286e-15,6.9744563
1382,MC1_K2_N2_L4_SP6_P4_R08,1e86bb7ce3002cd383090d3036371bb3309422734ec0f22217e716bf4cba2590,7ac5f2ed7f8b920df52a4e1cde4f3ee8f80b69a8208c8d8579b1925f9a445627,1,4c441994cc6de0650ed57abce580abcae615cee439aa775773598fb9c4e0775f,5.32907051820075e-15,7.0122063
1383,MC1_K2_N2_L4_SP10_P4_R08,9b89f6601eaa53c5d01d94ce51b2230b9d110e9e5f4b01d286a34a91f96590f0,7ac5f2ed7f8b920df52a4e1cde4f3ee8f80b69a8208c8d8579b1925f9a445627,1,af97c3d5e67fa5e2f111069ab171c6caa6a14299dbe7bf8cff92405d6abbf984,0,7.0391323
1384,MC1_K2_N2_L4_SP14_P4_R08,1a6a89bb181f9cac3c7bdfd3dbe38f86ae3715c72c58d24be4d82f793305bac6,7ac5f2ed7f8b920df52a4e1cde4f3ee8f80b69a8208c8d8579b1925f9a445627,1,1e3c9ee5eadc5734bca7d4ec46c58fbc89c2ffe103b15bb0af5500dc2ec808f5,3.5527136788005e-14,6.9737302
1385,MC1_K2_N2_L4_SP18_P4_R08,5d4cb721ab2f39beaa870dca8701374d3d40b3fca4a53be835f3fc206907d8f7,7ac5f2ed7f8b920df52a4e1cde4f3ee8f80b69a8208c8d8579b1925f9a445627,1,770c161dc4ff18791709b17b4d50337d6256f1fad7a1136ecb5c1cf880ab38f5,6.03961325396085e-14,7.0153492
1386,MC1_K2_N2_L4_SP22_P4_R08,eb4ff3d21765fea0a7719b4172bf153541a428035195edca58bb6defcb9b6720,7ac5f2ed7f8b920df52a4e1cde4f3ee8f80b69a8208c8d8579b1925f9a445627,1,552aaeae3c8e9094a3f8598691039269f2c13c733ca8f03403644bf143d7743a,7.46069872548105e-14,6.9735936
1387,MC1_K2_N2_L4_SM6_P4_R09,4b4ac01bf767d5fca733f5832bfd6fe245a7547ad86f7d4650a10215db46cba0,7ac5f2ed7f8b920df52a4e1cde4f3ee8f80b69a8208c8d8579b1925f9a445627,1,924d6d3824e3c89ac9212d307ec21a490a76b30b42ccebb1a2fb65f6ea01a5d1,8.5265128291212e-14,6.9668698
1388,MC1_K2_N2_L4_SP0_P4_R09,c2dab5ee901be701183bb424fa4361b1540497a776a7ceb1d9102e5e72b71adb,7ac5f2ed7f8b920df52a4e1cde4f3ee8f80b69a8208c8d8579b1925f9a445627,1,7366c86844bc55219028353b87043824215ee197d113d9e8d1ce4fd9d21eeb38,3.56801162624715e-14,6.9622007
1389,MC1_K2_N2_L4_SP6_P4_R09,71a47b55ca4f9da8ff31942ada878dd6afc872ed1518a76e9f343cc2ff16a71d,7ac5f2ed7f8b920df52a4e1cde4f3ee8f80b69a8208c8d8579b1925f9a445627,1,8ae13b18fa53d48358f4c92002fc124aa0236393a8f3d78434b458469cc19a2f,8.43769498715119e-14,7.0151143
1390,MC1_K2_N2_L4_SP10_P4_R09,f2dcf88270a5da9ec1c63558e681def876315e6003b8730b4a14cc81edc7dbc8,7ac5f2ed7f8b920df52a4e1cde4f3ee8f80b69a8208c8d8579b1925f9a445627,1,7a0a0317749f2a18a012020aa37e4554f541f29bb7beceacdaa12f4e6fb4c490,5.50670620214078e-14,6.9693453
1391,MC1_K2_N2_L4_SP14_P4_R09,ec9229d6569010c7473ff13908f7211b685267e4bb54efdf5c6a50dc74078ebc,7ac5f2ed7f8b920df52a4e1cde4f3ee8f80b69a8208c8d8579b1925f9a445627,1,fd05191839c5700c267d7ef7334b7a9607e512a7967ee44630f340da716294ac,1.24344978758018e-14,7.1033308
1392,MC1_K2_N2_L4_SP18_P4_R09,f3bfce1a2ac39955eec455880a7e85021dbeab610e4776749b685a76887c870c,7ac5f2ed7f8b920df52a4e1cde4f3ee8f80b69a8208c8d8579b1925f9a445627,1,192f015be568a8ae0098d3d73a23fa139d9f4f72911f97d20dc5d8c1ad1be7f2,1.06581410364015e-13,6.9801025
1393,MC1_K2_N2_L4_SP22_P4_R09,fcbed10765106f803c81d863659c47cf76fe15db15b4e365a6628193ea862938,7ac5f2ed7f8b920df52a4e1cde4f3ee8f80b69a8208c8d8579b1925f9a445627,1,fa21f84d7cb0bbf927862b766078a50c52ae0cf5be05ffad3beefa349c1f8c93,2.8421709430404e-14,6.9810149
1394,MC1_K2_N2_L4_SM6_P4_R10,24eb9980c269d0b5b6635f2e4e991890ac55a37f669ee700b5860a72735cf2c8,7ac5f2ed7f8b920df52a4e1cde4f3ee8f80b69a8208c8d8579b1925f9a445627,1,2319d6a595fb7dc9c9e7bf4a73c4ba3784b14efe08ebd9adfe1bc1658e33081a,8.34887714518118e-14,6.9709265
1395,MC1_K2_N2_L4_SP0_P4_R10,a6c743dd875a6e102a535e5f3c5628128d4c690737d37986684533d6a69af680,7ac5f2ed7f8b920df52a4e1cde4f3ee8f80b69a8208c8d8579b1925f9a445627,1,3428e2b867e3c3e543e968b6d265e5e91117736f412e9606a8b5960ad8148b64,7.52175423911571e-14,6.9769459
1396,MC1_K2_N2_L4_SP6_P4_R10,d6995d38a998a8b6bac9f519e52c24002fcacf58a2da6e362885e0590517bb7c,7ac5f2ed7f8b920df52a4e1cde4f3ee8f80b69a8208c8d8579b1925f9a445627,1,a86a8d3adc3ab6093eb1fa514e96e3b1986185ec8f83ba616510b2e418d491bf,4.79616346638068e-14,7.0454126
1397,MC1_K2_N2_L4_SP10_P4_R10,5b59d3ae288cc8823040b03e8e08e5e9c6783ba459f4f80763f199a94b22a4ef,7ac5f2ed7f8b920df52a4e1cde4f3ee8f80b69a8208c8d8579b1925f9a445627,1,fc7320cdae459f60e7fad2d168f3f0fd7f36f60061c776b340e881f3039582d8,4.61852778244065e-14,6.9903033
1398,MC1_K2_N2_L4_SP14_P4_R10,84369968fd9a9a95e3c4b84fd29af21a3fe9966b83f9a40851383dd43490d3f1,7ac5f2ed7f8b920df52a4e1cde4f3ee8f80b69a8208c8d8579b1925f9a445627,1,a233b808cf7f980d6f13c8286b678258457eb32d78d98b58e425b97940784161,7.8159700933611e-14,6.9574718
1399,MC1_K2_N2_L4_SP18_P4_R10,fb6c4e9fc539cc0721d3ff38217a2a91f8ecae22a0c652dec740773d328abdfe,7ac5f2ed7f8b920df52a4e1cde4f3ee8f80b69a8208c8d8579b1925f9a445627,1,aaf43148cf1a4d2327239ece5a5d17bdc1553217f03811055fd14a58e9488410,1.06581410364015e-14,6.9772082
1400,MC1_K2_N2_L4_SP22_P4_R10,8383de312b4994235c69e7863e4a5d02bb7ddd20f993442d65c2ca0378df70c3,7ac5f2ed7f8b920df52a4e1cde4f3ee8f80b69a8208c8d8579b1925f9a445627,1,baf019c8a700fd00e97ef54ac3183f4a17a038af051166648e92ce9bdf88a6ab,3.19744231092045e-14,7.0021591
1401,MC1_K2_N2_L8_SM6_P1_R01,7bc8b72da277824d4454049833436535d4b43d1cdd11c3f26041dcacbc52d603,7ac5f2ed7f8b920df52a4e1cde4f3ee8f80b69a8208c8d8579b1925f9a445627,1,75d377f9239c6e4a8a41f28e47bf81bcdd593e2457a91e7f139e4fc0f76a895f,4.08562073062058e-14,12.0936058
1402,MC1_K2_N2_L8_SP0_P1_R01,eeb85115d7c2d2dbffca282218f4697c1f2b88debd7aebe494683f3289c92960,7ac5f2ed7f8b920df52a4e1cde4f3ee8f80b69a8208c8d8579b1925f9a445627,1,8c44af142984560e89358f41a70dd51b83910228aeee8aeb1392a2eae201328c,6.75029226587301e-15,12.150205
1403,MC1_K2_N2_L8_SP6_P1_R01,6c139ad89352fdf2d8861cb64f55e4f94a01941ee0e1d67a4325b5c825623838,7ac5f2ed7f8b920df52a4e1cde4f3ee8f80b69a8208c8d8579b1925f9a445627,1,7bb7ffda77e98e1755a8d0ecfc857792d43992e2870404f5f2d6051becefb7d8,7.63833440942108e-14,12.0971747
1404,MC1_K2_N2_L8_SP10_P1_R01,f0e0ea9a8d0c64d7ece5a9c8d3d65cd9d377c3a4091bd0a679d0d478d86629f8,7ac5f2ed7f8b920df52a4e1cde4f3ee8f80b69a8208c8d8579b1925f9a445627,1,6d1c3f27efa0150da4a1455b6a33153eba4d9f5ab99a054927e844225f4367ff,3.90798504668055e-14,12.1148372
1405,MC1_K2_N2_L8_SP14_P1_R01,e59631c0ae2ff5ad486cb72ef5b713a6fce15ecc222fa64dfceb5b612ab951a2,7ac5f2ed7f8b920df52a4e1cde4f3ee8f80b69a8208c8d8579b1925f9a445627,1,d3e09f2b0d3c394e67183e91e622009746be51d69d58a31fd22863ae303f7bc9,2.30926389122033e-14,12.14034
1406,MC1_K2_N2_L8_SP18_P1_R01,10a6a43423dc942feebb243771eb5ed988602b480e0bb19f8ef00862ebd3cdba,7ac5f2ed7f8b920df52a4e1cde4f3ee8f80b69a8208c8d8579b1925f9a445627,1,d5b01ba42a86783928dfa11130492c666522caab61187f50ca8200f46a970aa9,7.105427357601e-15,12.1162138
1407,MC1_K2_N2_L8_SP22_P1_R01,52883c0593db4c28abf7a2546e0b8c406466a0fe616bd5465ebc34e9838c7026,7ac5f2ed7f8b920df52a4e1cde4f3ee8f80b69a8208c8d8579b1925f9a445627,1,e142365370f5ea64871778edff8f6d980c842586365e70594557c1f31a8ebd0c,1.06581410364015e-14,12.1481184
1408,MC1_K2_N2_L8_SM6_P1_R02,c8dc52773389c7c34a39d491894e5fb6531ceb79d41c7932aff65790bf86aa7e,7ac5f2ed7f8b920df52a4e1cde4f3ee8f80b69a8208c8d8579b1925f9a445627,1,60752bc9cdb3c8e8510b7650a350ba42469691025a1adf2137abb830cc90284a,4.08562073062058e-14,6.9555744
1409,MC1_K2_N2_L8_SP0_P1_R02,72a08d69c37c6f77142dd1155ede2f0e2bc7fffa223cafa6cd0be2ab4896aae0,7ac5f2ed7f8b920df52a4e1cde4f3ee8f80b69a8208c8d8579b1925f9a445627,1,27fba7385133a0349f85be7335b73697c8e48a7a9d012bfb87b2832170d59587,6.75029226587301e-15,6.960404
1410,MC1_K2_N2_L8_SP6_P1_R02,d19074c16c24526aed8d6db9833ed068c0f65901cea13e9d23052d3d50bf1fe6,7ac5f2ed7f8b920df52a4e1cde4f3ee8f80b69a8208c8d8579b1925f9a445627,1,8e0f55085618356bbaebed29a2905025adc2ef46cbd39b28fe0eda48cf0e56d5,7.63833440942108e-14,7.0115728
1411,MC1_K2_N2_L8_SP10_P1_R02,28cd84fea517d85d7970ffae731476aebfb090325ceae7ea79a4209d5619795f,7ac5f2ed7f8b920df52a4e1cde4f3ee8f80b69a8208c8d8579b1925f9a445627,1,7dc88e4d50583331eec78100eae5f5dbae57a945c0308c7f88c173bbd2253207,3.90798504668055e-14,6.9881333
1412,MC1_K2_N2_L8_SP14_P1_R02,1b520d2b0f2bc355547250cf519f1882db9eea9be2161387a98ea7c847cbf0c0,7ac5f2ed7f8b920df52a4e1cde4f3ee8f80b69a8208c8d8579b1925f9a445627,1,1750760f0636cf0954bdbf5cb13b9f75fda9c3dc99dd3825808c648cf271cf50,2.30926389122033e-14,6.942842
1413,MC1_K2_N2_L8_SP18_P1_R02,e88570cb416149d8d7c652e3978e6b9c190ce8a7c626c0740f703d91d4a608fc,7ac5f2ed7f8b920df52a4e1cde4f3ee8f80b69a8208c8d8579b1925f9a445627,1,b80dbde399ddf463b907237014e857972ebe50f07f15c8aba735e7b96a6b7871,7.105427357601e-15,6.9924444
1414,MC1_K2_N2_L8_SP22_P1_R02,b69a2a52def1bfbda7a2961a6ef0e066be660e53ebd56d234be5b95125733860,7ac5f2ed7f8b920df52a4e1cde4f3ee8f80b69a8208c8d8579b1925f9a445627,1,3ebc3cea362564b492f42f7e23bc3f95a2cac9fb59f9b3692601326dd60d7d8f,1.06581410364015e-14,6.9760829
1415,MC1_K2_N2_L8_SM6_P1_R03,909224493ffe574cfb9008d66aa84df4c374d2e590f672c96a8a6b6754053fd6,7ac5f2ed7f8b920df52a4e1cde4f3ee8f80b69a8208c8d8579b1925f9a445627,1,9a64c37c961d8da21959a1679a806ec3a5c0d7b1d1878d2fa410f6d4e721219b,4.08562073062058e-14,6.9693131
1416,MC1_K2_N2_L8_SP0_P1_R03,aecaa7d974de85c577f3b3891fb5f2dcd4ec1330cf2cf543ca240ae62f7a18ab,7ac5f2ed7f8b920df52a4e1cde4f3ee8f80b69a8208c8d8579b1925f9a445627,1,9c5654d90f16bbb577d21429bfa01f3736faa177560e826ed11166f4be7ffbe9,6.75029226587301e-15,6.9752728
1417,MC1_K2_N2_L8_SP6_P1_R03,d70d21f8eaf996b1bd779596b538b5970785fb6cee521043d32e70895e9ba2ba,7ac5f2ed7f8b920df52a4e1cde4f3ee8f80b69a8208c8d8579b1925f9a445627,1,a4bcd037468f32a49c90919c2ff82c00d83a38c7fce231bbc1538399809b202d,7.63833440942108e-14,7.0138921
1418,MC1_K2_N2_L8_SP10_P1_R03,e50f069c3136f75e3106075c9d99b42c7f453a751af9bfbca8cb0752faabe684,7ac5f2ed7f8b920df52a4e1cde4f3ee8f80b69a8208c8d8579b1925f9a445627,1,3e45aef1e50635218647c5ea14464da20bf0c5b2d3abc64faa9f420c021db027,3.90798504668055e-14,6.9662713
1419,MC1_K2_N2_L8_SP14_P1_R03,bf683d66e3b342be2e78d46615a47234a143636d7193ac62d9d3ec3c03565818,7ac5f2ed7f8b920df52a4e1cde4f3ee8f80b69a8208c8d8579b1925f9a445627,1,569f6dd4260f0f8fc776bca7e7ee93d290f4516330690b3266162c5302d062b1,2.30926389122033e-14,6.9641468
1420,MC1_K2_N2_L8_SP18_P1_R03,479c555b801e9d2d06becb7ab62cfc84466638c94d892304bd9189d054182a7b,7ac5f2ed7f8b920df52a4e1cde4f3ee8f80b69a8208c8d8579b1925f9a445627,1,fcdff14c991eed38d14dacab746ab4e4111091a221b0e2c82bd87812d243a4e5,7.105427357601e-15,6.9772434
1421,MC1_K2_N2_L8_SP22_P1_R03,3dc201407cb44c5b27c961c69c74b5bc8d60acbf8976fa5efad57b3494cae340,7ac5f2ed7f8b920df52a4e1cde4f3ee8f80b69a8208c8d8579b1925f9a445627,1,890b92b5be7d708fc854e86e15e68ea922929aea3fff59dcf71530a6c7947e31,1.06581410364015e-14,6.9973258
1422,MC1_K2_N2_L8_SM6_P1_R04,1549441db99a83b64634a8b330f9db642bdd00970573f6b41285ada857073768,7ac5f2ed7f8b920df52a4e1cde4f3ee8f80b69a8208c8d8579b1925f9a445627,1,97a81e4737cf125596914236cab3a9f892180041879365291391abf889da914d,4.08562073062058e-14,6.9663837
1423,MC1_K2_N2_L8_SP0_P1_R04,7db8f6aabf0433a48afe0c1412b81788460790a20116317d5b2959204da08c88,7ac5f2ed7f8b920df52a4e1cde4f3ee8f80b69a8208c8d8579b1925f9a445627,1,91fd5f398ee8108240735d0259e4318e6782742af11a76c7619835217b3a3508,6.75029226587301e-15,6.9668471
1424,MC1_K2_N2_L8_SP6_P1_R04,92dc5f7e978c0b94c7f3c4e2c3eda7ed7f44c76f2fbbbdcd6f83d05e9db3fa42,7ac5f2ed7f8b920df52a4e1cde4f3ee8f80b69a8208c8d8579b1925f9a445627,1,f320181b514d472fb9cc5aa620797ab2b2652f33dd37825e1f3da94afe9cfa3f,7.63833440942108e-14,6.9758907
1425,MC1_K2_N2_L8_SP10_P1_R04,8d2589d4af45386528e0e6698b059cb1c3c5d92e1edba3c63b1650b0b9c76adf,7ac5f2ed7f8b920df52a4e1cde4f3ee8f80b69a8208c8d8579b1925f9a445627,1,834f93117a6a2ed21ee679f44c2f7f9bed0bb6a20918bec7fb4cf194df406e71,3.90798504668055e-14,6.976506
1426,MC1_K2_N2_L8_SP14_P1_R04,38d9ab3e7d18fefa07650b5d621533581506d43f99b300b4d2df922deb80eba5,7ac5f2ed7f8b920df52a4e1cde4f3ee8f80b69a8208c8d8579b1925f9a445627,1,fe45427d68ee2d8cbe605617061438f71399062868f4c70754e24de87116f58d,2.30926389122033e-14,6.980742
1427,MC1_K2_N2_L8_SP18_P1_R04,d0d2994b548816d15bc74ae32c987c00bdf594b4751c053f46a41db2a195328b,7ac5f2ed7f8b920df52a4e1cde4f3ee8f80b69a8208c8d8579b1925f9a445627,1,0a3aa09637a43252f1e42b217c419a1b9d335e5e9ff6d933026264e4fe4482f9,7.105427357601e-15,6.9750113
1428,MC1_K2_N2_L8_SP22_P1_R04,b4a3446e7504878408c0d6e7635589c477c9b6f264407b845156ec9850b42241,7ac5f2ed7f8b920df52a4e1cde4f3ee8f80b69a8208c8d8579b1925f9a445627,1,3c15f1beca87c77654e5851a202ba50334c993ca81fe1ba2b26f393e99561cb9,1.06581410364015e-14,7.046983
1429,MC1_K2_N2_L8_SM6_P1_R05,8f671afa5a244202561a26978fd6859e6338a6437e9af3f9dc9c99f0792261b3,7ac5f2ed7f8b920df52a4e1cde4f3ee8f80b69a8208c8d8579b1925f9a445627,1,b4d6e3606544a4a9aa31e146f72a8629bca60839c1b519789511c0a212705e9d,4.08562073062058e-14,6.9540146
1430,MC1_K2_N2_L8_SP0_P1_R05,9475d5e7d8d265e67ade1e386632acb54645cb128f14b3134b2bc13f66bfddac,7ac5f2ed7f8b920df52a4e1cde4f3ee8f80b69a8208c8d8579b1925f9a445627,1,7f919c97b5ce9709a083738dd09beaedc6a2a1ba1cdabb3ac27af2150594cb3a,6.75029226587301e-15,7.5823536
1431,MC1_K2_N2_L8_SP6_P1_R05,795cd360456d7871f0986cf691ae966ba7b57640ce80224465bbf0b9cd1dc0a3,7ac5f2ed7f8b920df52a4e1cde4f3ee8f80b69a8208c8d8579b1925f9a445627,1,d146e544d43bc0165917c3522304210cc0cf9317aa308dc2fd3345a317a02e9c,7.63833440942108e-14,6.9786242
1432,MC1_K2_N2_L8_SP10_P1_R05,45d5bcb3685acefaa5a06dfe0c366986b670be9ab3961438faf58d58878a148f,7ac5f2ed7f8b920df52a4e1cde4f3ee8f80b69a8208c8d8579b1925f9a445627,1,bc4ac9e396ee1f3b5e5f905440892b12c8771795e8bec071053fd99fd86a2a2e,3.90798504668055e-14,6.9825778
1433,MC1_K2_N2_L8_SP14_P1_R05,0ba5aeaf35bbeafced9b3cafa8723869b189bdb63a2b811cede5779ef7ec0622,7ac5f2ed7f8b920df52a4e1cde4f3ee8f80b69a8208c8d8579b1925f9a445627,1,e831b77c78e563733402ceab992b685b7ff3ea0ce6c56167e47aa43a665b0964,2.30926389122033e-14,6.9785046
1434,MC1_K2_N2_L8_SP18_P1_R05,f861502bf12a73c6e30e332e51b322e21f27ad3f0f529215ea22e791c9b32f0d,7ac5f2ed7f8b920df52a4e1cde4f3ee8f80b69a8208c8d8579b1925f9a445627,1,ae39bc479779edc3c666e980a4923a90098a7572e244468afe9092324fcc07e4,7.105427357601e-15,6.9742572
1435,MC1_K2_N2_L8_SP22_P1_R05,ab4cb49ada5dd64de89b1acca69c7bfdf8645baa684f9dcb906ba60ad6ff8db0,7ac5f2ed7f8b920df52a4e1cde4f3ee8f80b69a8208c8d8579b1925f9a445627,1,cb3aa046425b30987b2e5ea1a47ccf2b7164d513ce64b22d99abe96da41d7dab,1.06581410364015e-14,7.0223186
1436,MC1_K2_N2_L8_SM6_P1_R06,b385b6d7e8e0539c5e7b23ef86d75622aa1f59f305288c6021eb135606aff9c4,7ac5f2ed7f8b920df52a4e1cde4f3ee8f80b69a8208c8d8579b1925f9a445627,1,a35153d26c8aa7a10f1673b5e1782c104eaf5569e3e7f41287ed25be6947108c,4.08562073062058e-14,6.9616052
1437,MC1_K2_N2_L8_SP0_P1_R06,fb9738600a1db611bfd8d7b7583aa432426c1aa8a811754b8dbe7fd0900701c3,7ac5f2ed7f8b920df52a4e1cde4f3ee8f80b69a8208c8d8579b1925f9a445627,1,432906ec07cba8bdd95aea150a3ee767f8dbc7d29f630bde5cd43949c00d029d,6.75029226587301e-15,6.9674814
1438,MC1_K2_N2_L8_SP6_P1_R06,f21a34b9fe8fa47d3395af849f580bbb4a6b9a90e584020cc3041161ee33ecd9,7ac5f2ed7f8b920df52a4e1cde4f3ee8f80b69a8208c8d8579b1925f9a445627,1,eb68a0e42b275553bfd710ff69731d5daf176feeb9e84ccca45356d66953ab8f,7.63833440942108e-14,6.9748361
1439,MC1_K2_N2_L8_SP10_P1_R06,2aafb3ff0399110743fc996f33973a33e8a143645378440f92c2a1b7d0555ac8,7ac5f2ed7f8b920df52a4e1cde4f3ee8f80b69a8208c8d8579b1925f9a445627,1,25e5bacd2b335104216c4aa043ced2239d3c7da043d40759e44f93ae3709a4de,3.90798504668055e-14,7.0323765
1440,MC1_K2_N2_L8_SP14_P1_R06,d6c9c5d0b33689eeecd28e1280b2273bc3486af8d60fd4afc9449f0742663f7e,7ac5f2ed7f8b920df52a4e1cde4f3ee8f80b69a8208c8d8579b1925f9a445627,1,0b694acddca8c65483988a483d9e972f8968e5c83bacfdb577ac60e0f11b1c5a,2.30926389122033e-14,6.9977274
1441,MC1_K2_N2_L8_SP18_P1_R06,b0398b4347189dd635b0b90cdd5426a9e6642e160ebb549fe4d71bd864f9470e,7ac5f2ed7f8b920df52a4e1cde4f3ee8f80b69a8208c8d8579b1925f9a445627,1,ef3945cd15988d62c448505d7497a468446e73657a9b2e42f6467c7461f833fa,7.105427357601e-15,6.9653404
1442,MC1_K2_N2_L8_SP22_P1_R06,e362fd15fed09f051d4f28d98e49bfa55c91948257d4c1d29116ba0b83655ea6,7ac5f2ed7f8b920df52a4e1cde4f3ee8f80b69a8208c8d8579b1925f9a445627,1,306062597da86e274f7e36c782bc5b9e8b7cb0cee7e1b58ef09ad8b20a673cc8,1.06581410364015e-14,6.9755777
1443,MC1_K2_N2_L8_SM6_P1_R07,c344219a70910d48638afd082e4bb2e3245c16b96133ec4e13be803188a121d9,7ac5f2ed7f8b920df52a4e1cde4f3ee8f80b69a8208c8d8579b1925f9a445627,1,ead0f0d48d6ca23daf122aa6c45f87bf82355b58705ba28c38d4a21693bebea4,4.08562073062058e-14,6.9762088
1444,MC1_K2_N2_L8_SP0_P1_R07,c480108f698d8edc04726c12f8d699fb29c8dbc0e5e33808700bdf8b7c37eced,7ac5f2ed7f8b920df52a4e1cde4f3ee8f80b69a8208c8d8579b1925f9a445627,1,19e943e6cf907e110335cfa675938fd817687727edf47914345ddeeb905cac23,6.75029226587301e-15,6.9662834
1445,MC1_K2_N2_L8_SP6_P1_R07,d428035f533e00baba47a389ec4f496d0c5efd08fad6acdd9b8db29324ad59d0,7ac5f2ed7f8b920df52a4e1cde4f3ee8f80b69a8208c8d8579b1925f9a445627,1,380c676f8b09514875e99cb14ce8cde208f73184f8afcda2d18b7a0c48ef725c,7.63833440942108e-14,6.9711804
1446,MC1_K2_N2_L8_SP10_P1_R07,f3b30f2e6d377491bbe804855412bc7e2a1d3113ba2e5ec6c4ff2f872cfaef9f,7ac5f2ed7f8b920df52a4e1cde4f3ee8f80b69a8208c8d8579b1925f9a445627,1,6100e18694921c103c039d0022603d6c7584075d8678a46345a1606cde910a67,3.90798504668055e-14,7.0647768
1447,MC1_K2_N2_L8_SP14_P1_R07,cbf95d9afb2be88e02ed5c27ee9b232f5efae81ac3ae3ce82c4418a841f7ce6c,7ac5f2ed7f8b920df52a4e1cde4f3ee8f80b69a8208c8d8579b1925f9a445627,1,c49c44995671511fc481aae103cb60f82449bfba10ac5488db1dfb6a33137664,2.30926389122033e-14,6.9610766
1448,MC1_K2_N2_L8_SP18_P1_R07,d1375cd5c23743e0054268ce55cdea9994eadeaf8e12bdeffdfebdcfa49cd7b3,7ac5f2ed7f8b920df52a4e1cde4f3ee8f80b69a8208c8d8579b1925f9a445627,1,d13454d849238f8dfca705b9eb4456267e924c8b557aae7fcb6bbedcf6ac0df2,7.105427357601e-15,6.9587066
1449,MC1_K2_N2_L8_SP22_P1_R07,9072fee8ce4c4c094fb588fbe99b2574ae2287c59c598ae0b2463f3378c812c6,7ac5f2ed7f8b920df52a4e1cde4f3ee8f80b69a8208c8d8579b1925f9a445627,1,8182cfcc4103d0cf3a1198e8b0ff8a42d8713b1ff28203a895e3e3559aaef89c,1.06581410364015e-14,6.9852536
1450,MC1_K2_N2_L8_SM6_P1_R08,b771def74811e8cc0838e24838f9a5b20fbe1ac10317b7645ec32545c53e7afa,7ac5f2ed7f8b920df52a4e1cde4f3ee8f80b69a8208c8d8579b1925f9a445627,1,5e371ee16938ac74e79d31c5d0c835665aa2487b10776f6655ba69963c2e9291,4.08562073062058e-14,6.9938838
1451,MC1_K2_N2_L8_SP0_P1_R08,d5f7ac3a4f8149cc5d9ccb3910ece1b6c5cd5ce23c4c6a614af034a258eae9bc,7ac5f2ed7f8b920df52a4e1cde4f3ee8f80b69a8208c8d8579b1925f9a445627,1,daac38d8c4de347405beae58b3c6991e1f5467393c4f672bf73a1a7613eaa4f1,6.75029226587301e-15,7.0051658
1452,MC1_K2_N2_L8_SP6_P1_R08,b7c0eb7f0d2e97fbfe92732104dbaef3d4c07cd1a1e1c8e08d6a1bf0332692d4,7ac5f2ed7f8b920df52a4e1cde4f3ee8f80b69a8208c8d8579b1925f9a445627,1,e05379577569539890c3bb70e333a382632b539d69b34ad08dc6596301082098,7.63833440942108e-14,6.9743387
1453,MC1_K2_N2_L8_SP10_P1_R08,af544ed2b229f04e22d3b4f85eab892e050cb6faab6132b145eef8f358b32093,7ac5f2ed7f8b920df52a4e1cde4f3ee8f80b69a8208c8d8579b1925f9a445627,1,bdb725155245044e8847bbaa586ec0450172a8458ca7d8c4cf5df2a3ad907e90,3.90798504668055e-14,7.0051039
1454,MC1_K2_N2_L8_SP14_P1_R08,110e563507cf2eef66de968669f2dd18ac91c1df979875912e7947f447d74400,7ac5f2ed7f8b920df52a4e1cde4f3ee8f80b69a8208c8d8579b1925f9a445627,1,a2a83b4ee231427e202aa8b10bab11fb0228072b06dd4e82da3f132caf619127,2.30926389122033e-14,6.9602084
1455,MC1_K2_N2_L8_SP18_P1_R08,c662f45b8269ebcc906cc15050b2830a1d34531231451d174a6f29d954c77124,7ac5f2ed7f8b920df52a4e1cde4f3ee8f80b69a8208c8d8579b1925f9a445627,1,89040cc57a6a996cfbe3a6ee21ee8227037a3385d03e98f1e80188973d4ace96,7.105427357601e-15,6.9760203
1456,MC1_K2_N2_L8_SP22_P1_R08,fc15aa9cee7fb49cfd38ee15d586587d384d00927ac4b873c382533924297569,7ac5f2ed7f8b920df52a4e1cde4f3ee8f80b69a8208c8d8579b1925f9a445627,1,00a52c8768b81be53fea28aa1019903b54ba9ffb933d1dbd3997fa9a54091c60,1.06581410364015e-14,7.148237
1457,MC1_K2_N2_L8_SM6_P1_R09,a4bc234050c1c140e727223c9e020e039244677abc5cc1b231e791131c8a46d6,7ac5f2ed7f8b920df52a4e1cde4f3ee8f80b69a8208c8d8579b1925f9a445627,1,b1aab24ed3932ab2cef9be15b268589f496c025b9b569aeb15baa52f4b153d5d,4.08562073062058e-14,7.0611656
1458,MC1_K2_N2_L8_SP0_P1_R09,4a32e88caa0a88a2491fba03f30f144523cc7e8212d371cf29ba4e4bee9c69de,7ac5f2ed7f8b920df52a4e1cde4f3ee8f80b69a8208c8d8579b1925f9a445627,1,54d2d849ec5f6f97be8db1b6c9e9973d5ba1471a08200a260e019c69ca985c72,6.75029226587301e-15,6.982673
1459,MC1_K2_N2_L8_SP6_P1_R09,e2a3b450b23b644dd13d54f3246c7c58fa074b6da446e1d6bb99dfd2fc8a8712,7ac5f2ed7f8b920df52a4e1cde4f3ee8f80b69a8208c8d8579b1925f9a445627,1,657e1bc9c2cdaff84d8df1975ac74ea8603c7d4780e3fabe416522b61d469b55,7.63833440942108e-14,6.9799808
1460,MC1_K2_N2_L8_SP10_P1_R09,992b6fded743c81f154cdc2067d4573d9cb02ad0afafe130d11d225319e339ed,7ac5f2ed7f8b920df52a4e1cde4f3ee8f80b69a8208c8d8579b1925f9a445627,1,cf4d705a82f69e43de9a09e9b56000297ace2eeeda81588937893c5c16e5dcc1,3.90798504668055e-14,7.0088157
1461,MC1_K2_N2_L8_SP14_P1_R09,7d2c6126dcb206ae665d725a48c17ac8dd1f1878a4c672bd108f5b15e6c47a20,7ac5f2ed7f8b920df52a4e1cde4f3ee8f80b69a8208c8d8579b1925f9a445627,1,7df4ada9d226252e6269e9a3b8fd9b364fe41058de59d0b6f97ed3f12fc486a6,2.30926389122033e-14,6.970936
1462,MC1_K2_N2_L8_SP18_P1_R09,1e3116b438f487893ed6ccd5a90f11d235284b895a289f750b248520ddc34f7f,7ac5f2ed7f8b920df52a4e1cde4f3ee8f80b69a8208c8d8579b1925f9a445627,1,9127c618e80e8bb862752c9b310c517a409c9388f2cc719c47ccc8075eb87764,7.105427357601e-15,7.0629138
1463,MC1_K2_N2_L8_SP22_P1_R09,40c25e9da2075cfd2af0abb0615360b3e0d4779b74755543bac1547c979d44c0,7ac5f2ed7f8b920df52a4e1cde4f3ee8f80b69a8208c8d8579b1925f9a445627,1,c4c5991f81423f074c43421b77a7636a6a6728b417ea5b793bef637912746e5d,1.06581410364015e-14,7.0076227
1464,MC1_K2_N2_L8_SM6_P1_R10,dd70a1b871bf0a3ac941c73eab5f3fdd0a57d00beac37d5e8ae20110cb280d78,7ac5f2ed7f8b920df52a4e1cde4f3ee8f80b69a8208c8d8579b1925f9a445627,1,79648a434951d3f80459b48be199bf188c6901c8e569fb8eaaab2f1c9471126e,4.08562073062058e-14,7.0920759
1465,MC1_K2_N2_L8_SP0_P1_R10,33dff8d9b6bce5459df3b891543eb3fbda490abfaf044c8f4991795a5a721fcd,7ac5f2ed7f8b920df52a4e1cde4f3ee8f80b69a8208c8d8579b1925f9a445627,1,34ea26be6364d1e3e0f9e4a615f0eab9a055520548fb7c672878602542db23c6,6.75029226587301e-15,7.0068992
1466,MC1_K2_N2_L8_SP6_P1_R10,293e4ab56ad246b213c56ee34af132917e516f45b9d2b2f94bf1b04cae839695,7ac5f2ed7f8b920df52a4e1cde4f3ee8f80b69a8208c8d8579b1925f9a445627,1,c122db216601adc277cb44ffc599784c25b58f08e45d247421d67803745b028a,7.63833440942108e-14,6.9986466
1467,MC1_K2_N2_L8_SP10_P1_R10,af3bbe85241218abd6a476689516f9c3511a5305ee3faf5944c6634aab30da01,7ac5f2ed7f8b920df52a4e1cde4f3ee8f80b69a8208c8d8579b1925f9a445627,1,f489071d560a1ffd75f68cb7d485365b6f50bdf3da5d73f866d2fd7883da1378,3.90798504668055e-14,6.9928319
1468,MC1_K2_N2_L8_SP14_P1_R10,42e647cb5910df9019b10599b9cf085b3ddbbbbe9c17687d63c503803f9ceb41,7ac5f2ed7f8b920df52a4e1cde4f3ee8f80b69a8208c8d8579b1925f9a445627,1,d06561241baa1109d0113c5888ee67633a77c405fca58ad756de8a1ed371841d,2.30926389122033e-14,7.0400642
1469,MC1_K2_N2_L8_SP18_P1_R10,8f7cc0535d76c551a32cda094b597b2ef328032f798d0c8c0999255950fbb557,7ac5f2ed7f8b920df52a4e1cde4f3ee8f80b69a8208c8d8579b1925f9a445627,1,ac31e58608749818c14dced96d093973de1bad28e1ce64ae18577679590c6eb8,7.105427357601e-15,7.0111769
1470,MC1_K2_N2_L8_SP22_P1_R10,88094c3ed60064ea13d1ef64fec6c78b3db9ab09946456990ff5009ef67e1145,7ac5f2ed7f8b920df52a4e1cde4f3ee8f80b69a8208c8d8579b1925f9a445627,1,86a59dc57052ce28ddf503b4c7c65e611bba72056a51a8e10cfa9cfe90671b83,1.06581410364015e-14,6.9691319
1471,MC1_K2_N2_L8_SM6_P2_R01,230c374bd1b259a167a21d6f584ebb4e2a799679ebe06b6a0d104acdb18d2e0f,7ac5f2ed7f8b920df52a4e1cde4f3ee8f80b69a8208c8d8579b1925f9a445627,1,6b56411c93dedc5e505ecc1442e97cbae4e4216f2761ce5f8893b2a877db1f4d,1.06581410364015e-14,12.177281
1472,MC1_K2_N2_L8_SP0_P2_R01,41bb2cdf7d5f93dd12f9a6c4d448d6549095d6f52dcd2a334c1b6e372d354d27,7ac5f2ed7f8b920df52a4e1cde4f3ee8f80b69a8208c8d8579b1925f9a445627,1,5d0ca54bf5be31a6c24822d12d91c076b9bff41a41975e30c4153b9ed9b6759e,4.72520458611108e-14,12.6846461
1473,MC1_K2_N2_L8_SP6_P2_R01,b4e793c4ebd40a67a212e4fc64b9e97e30ed1cebf1b21584f162924270ed4410,7ac5f2ed7f8b920df52a4e1cde4f3ee8f80b69a8208c8d8579b1925f9a445627,1,be0cdfe69861c98b1222dcb71b7d31d1fd176dcb4dc31c3e391cda763eb33232,2.48689957516035e-14,12.7001353
1474,MC1_K2_N2_L8_SP10_P2_R01,4a901e3ec7e240f4b4d7f4918d12a9eb0f57abc9760f82e7ae03f9ceb3e4b562,7ac5f2ed7f8b920df52a4e1cde4f3ee8f80b69a8208c8d8579b1925f9a445627,1,c705647373b1a378f9b4197b10db003463d510a92be4e26db5d025689ede5564,6.75015598972095e-14,12.4544052
1475,MC1_K2_N2_L8_SP14_P2_R01,197ec9e5be6a2171b26958aa99fe408e38a51de459d62000276e5ecde869a618,7ac5f2ed7f8b920df52a4e1cde4f3ee8f80b69a8208c8d8579b1925f9a445627,1,ab15123459b7fc37797d67bf4a8b3c54815bcda1d95713d5e8943b1bde49a8fb,1.77635683940025e-14,12.2562416
1476,MC1_K2_N2_L8_SP18_P2_R01,e663ab76c5998a19405f1110d264b7585ff46d4f502fa8857f0e0a469a0e79ab,7ac5f2ed7f8b920df52a4e1cde4f3ee8f80b69a8208c8d8579b1925f9a445627,1,233b1c2c0cad64b00aeeaa5d2a9d5695dc40775a6e3bf416bc3e278c2de512c1,0,12.16981
1477,MC1_K2_N2_L8_SP22_P2_R01,45a65fe35ea365f83200051623275994b649c775958372235c64c5773f4d2ef2,7ac5f2ed7f8b920df52a4e1cde4f3ee8f80b69a8208c8d8579b1925f9a445627,1,06518d59e6911d62a16fd46986289a408095e26daa20c42a9afc9be01271b67d,2.48689957516035e-14,12.1511675
1478,MC1_K2_N2_L8_SM6_P2_R02,a887e5f785a94b63b4ef5c660528015ba1881315d72b06ff95f874b33f768feb,7ac5f2ed7f8b920df52a4e1cde4f3ee8f80b69a8208c8d8579b1925f9a445627,1,29ce0420468cd31c41976e94c18603f153a48ade0424fdd0a01eabaed708ab05,1.06581410364015e-14,6.978293
1479,MC1_K2_N2_L8_SP0_P2_R02,9a04b551b408f34f3fa6b6643d399d47478319c22b9311056a71fab7e49c69f9,7ac5f2ed7f8b920df52a4e1cde4f3ee8f80b69a8208c8d8579b1925f9a445627,1,a172b969e892f3dbeda64738b3a3be7bcd0ee8f2b3697f8f49bfa9166b274729,4.72520458611108e-14,6.9831904
1480,MC1_K2_N2_L8_SP6_P2_R02,7647b5a4056347fc74f1be891928029a5903a9fc0b9bdda668a0cf12b61f90f3,7ac5f2ed7f8b920df52a4e1cde4f3ee8f80b69a8208c8d8579b1925f9a445627,1,888f94d1a693b51597f5ef3fd9fd1fcdee5f154fe1fbbd52a441168353d2dee2,2.48689957516035e-14,6.9494956
1481,MC1_K2_N2_L8_SP10_P2_R02,bf763acadd3e9706794c313dc604639fde3b4dc9e637e367a7cb67815c47cf9b,7ac5f2ed7f8b920df52a4e1cde4f3ee8f80b69a8208c8d8579b1925f9a445627,1,d7a9463fa510fecf9eda1a8b1c214f8c01b1816be2cf9cd120bea430af60139c,6.75015598972095e-14,7.0504775
1482,MC1_K2_N2_L8_SP14_P2_R02,77f8718f8080875d44cb52f9190296e0c0a2447d4c8f572ec12fb80911c5c459,7ac5f2ed7f8b920df52a4e1cde4f3ee8f80b69a8208c8d8579b1925f9a445627,1,b1fd99591b2443ff902f0c9e6b8e3766d6eddf13d31cff530f65a65b9c0ff492,1.77635683940025e-14,6.9711113
1483,MC1_K2_N2_L8_SP18_P2_R02,7e71453394cdb2e86841412fda0bbbf9d4f6bce5cb7b1dd4d8c65257dcf35f5d,7ac5f2ed7f8b920df52a4e1cde4f3ee8f80b69a8208c8d8579b1925f9a445627,1,79111287d9d17166e323f163fed8dfe2ae98067a9b804b8a41a4d96f71a0b8c4,0,6.9833905
1484,MC1_K2_N2_L8_SP22_P2_R02,bf292381e1e8b3347ba5c27f336fccfb0fb8898102369f0cad6d2000243f5fcd,7ac5f2ed7f8b920df52a4e1cde4f3ee8f80b69a8208c8d8579b1925f9a445627,1,6abbf662de67dd7ad097d3ebbbacd6a3ad8e6306bc25d0405504a3bbf0c97dcb,2.48689957516035e-14,6.9632009
1485,MC1_K2_N2_L8_SM6_P2_R03,a2e85d569f816347be1323d9b1a37c95afbfe4d16a7663e1e8c97ee3c0ae07ce,7ac5f2ed7f8b920df52a4e1cde4f3ee8f80b69a8208c8d8579b1925f9a445627,1,3a8d79e63aaa7aa1b7593c722128b838c2823026d43aa7ce741f8a52ec71fbe9,1.06581410364015e-14,6.996371
1486,MC1_K2_N2_L8_SP0_P2_R03,0c1ad03663318470fb9727676921ac429ce86d9dacb3e15094453717094db07a,7ac5f2ed7f8b920df52a4e1cde4f3ee8f80b69a8208c8d8579b1925f9a445627,1,5e9eabb6956194931b77ff87d4ad87cb71b0fd827643e9247b6d996a9526cc22,4.72520458611108e-14,6.9952342
1487,MC1_K2_N2_L8_SP6_P2_R03,c9335f42394a58a5ddc727b0f248d3e86069604141cabc7a63ecdd77200289a0,7ac5f2ed7f8b920df52a4e1cde4f3ee8f80b69a8208c8d8579b1925f9a445627,1,56fa057fdfc43db57357dab940446a820e92d5f3751a87fcf679f68f5b3d03a2,2.48689957516035e-14,6.9616882
1488,MC1_K2_N2_L8_SP10_P2_R03,368f4c3f1bf5538e2d5840ab0a4523ea69173299fc286317eb86f98da5b25a71,7ac5f2ed7f8b920df52a4e1cde4f3ee8f80b69a8208c8d8579b1925f9a445627,1,f16fa341ed1e4a75b20a0c2d4f645ae8288d8f4bb196215103ec2b650548a2f4,6.75015598972095e-14,6.9984352
1489,MC1_K2_N2_L8_SP14_P2_R03,d3c1efc90e9be359cd38b1d8a138e446a15c8968abb32fdb3d00a886c1bdcc54,7ac5f2ed7f8b920df52a4e1cde4f3ee8f80b69a8208c8d8579b1925f9a445627,1,0e5523a1477a2991cec0d6b935be02012d90782cc78e5bd91b09bc087e10649d,1.77635683940025e-14,6.98421
1490,MC1_K2_N2_L8_SP18_P2_R03,3284e59bbc6ef28e94b6e910eea500b72d7fb9e9d64593a6caf28cb783f0cd30,7ac5f2ed7f8b920df52a4e1cde4f3ee8f80b69a8208c8d8579b1925f9a445627,1,a4ffd1bf847d322f3b6c2763b2b0d332ea35a37bcd8ee0371e3aa59a8e67693c,0,6.9682715
1491,MC1_K2_N2_L8_SP22_P2_R03,386b557a147d88fc79a24333d0a7ff1c6caadc6a726572ec588983d177ae15e9,7ac5f2ed7f8b920df52a4e1cde4f3ee8f80b69a8208c8d8579b1925f9a445627,1,4422edb2bfaaa8c692490e0e988927f8430b3ed8664b60f2c84f74e4813ef6c5,2.48689957516035e-14,7.2017391
1492,MC1_K2_N2_L8_SM6_P2_R04,1825a5a795bb1742923005292cddfcdc83f03b4678dc3e18acbb7cfa45464036,7ac5f2ed7f8b920df52a4e1cde4f3ee8f80b69a8208c8d8579b1925f9a445627,1,a5fc92e214c850ed17382ed5d73e0b4d4f98273ca8aa7eba480fccdd1b69da34,1.06581410364015e-14,7.0196178
1493,MC1_K2_N2_L8_SP0_P2_R04,430b48c12655516de500c5bf358115d521889e71385e37d9086c03aa8076d6cf,7ac5f2ed7f8b920df52a4e1cde4f3ee8f80b69a8208c8d8579b1925f9a445627,1,58cd37e8146ed798a003e68b33af0561bf6cff6b6dd8d6a4cf71ca6429e42299,4.72520458611108e-14,6.9888616
1494,MC1_K2_N2_L8_SP6_P2_R04,8c761fd77e94e05d7abc206176e8b06965dc27ab20792c76e49d59a92d638cdb,7ac5f2ed7f8b920df52a4e1cde4f3ee8f80b69a8208c8d8579b1925f9a445627,1,213b728c8eb12144b1bb026b5d7d712b2c1436df926a0741a35c303d84881c22,2.48689957516035e-14,7.0702872
1495,MC1_K2_N2_L8_SP10_P2_R04,50194585116d5c05ed781142256c42585acd3786a75e565aae8ecc7ffd629134,7ac5f2ed7f8b920df52a4e1cde4f3ee8f80b69a8208c8d8579b1925f9a445627,1,2e5841f1829674a1f021d990997ecfbd0a393e5af83c6c4628f280e8f2bff928,6.75015598972095e-14,6.9934274
1496,MC1_K2_N2_L8_SP14_P2_R04,24d099a950372bc165e0b4911ff329ffa61a4270006ecffc5006887f21a5a9ce,7ac5f2ed7f8b920df52a4e1cde4f3ee8f80b69a8208c8d8579b1925f9a445627,1,6b2cc7b29f633d378a41aebf5de7431c185192365339af2c20af53b3dd1590b5,1.77635683940025e-14,6.9848495
1497,MC1_K2_N2_L8_SP18_P2_R04,16cf8e5575ba21ca6fb5bbf0c0afcb39615e70f3e0f50bd63cc2ff0171afa3e4,7ac5f2ed7f8b920df52a4e1cde4f3ee8f80b69a8208c8d8579b1925f9a445627,1,43b8057027fb1821ee94b231722c7e8d5f59700f307272efe3e40b6e947cae9e,0,6.9603119
1498,MC1_K2_N2_L8_SP22_P2_R04,cac730d7330b902c9b84674079f4299ea27536386d96a6c64cbd7782f04c1254,7ac5f2ed7f8b920df52a4e1cde4f3ee8f80b69a8208c8d8579b1925f9a445627,1,07a8d48c4567dbcfd9195c131e7a5cd3a7575eb791565e4dbee85a0d690a1ce4,2.48689957516035e-14,6.9786711
1499,MC1_K2_N2_L8_SM6_P2_R05,723063e839eaa7f1bdbf6520723d625962e03b9b0867089e61e53d9044d94cdc,7ac5f2ed7f8b920df52a4e1cde4f3ee8f80b69a8208c8d8579b1925f9a445627,1,b0fa3f8036af6a167a10d49ab8e87d0a8972948add7ea8fb697b4f31fac49740,1.06581410364015e-14,7.0334466
1500,MC1_K2_N2_L8_SP0_P2_R05,fba675267b52674a9b8f59a62879216f5e53b0bd299dec62cebd05179eab88f0,7ac5f2ed7f8b920df52a4e1cde4f3ee8f80b69a8208c8d8579b1925f9a445627,1,b778b10e74d33f10e550177b796bed4a39e61dc5bca384d7cce801e6f5dd43e5,4.72520458611108e-14,6.9802102
1501,MC1_K2_N2_L8_SP6_P2_R05,02efbc61a13437294ad6fb0ef9af2099f9636443dcf30eb4a37e26212e4f90bd,7ac5f2ed7f8b920df52a4e1cde4f3ee8f80b69a8208c8d8579b1925f9a445627,1,085fc5b3b959c3745248e0fc17aa1174bcb50912e177e80c7306e7f264e1fc21,2.48689957516035e-14,6.9668881
1502,MC1_K2_N2_L8_SP10_P2_R05,3c7a42a039127be4ad5006a79ac3a4aac658e3af70127f5100078c9c8caa2485,7ac5f2ed7f8b920df52a4e1cde4f3ee8f80b69a8208c8d8579b1925f9a445627,1,245cf66a7c3db7580dca338da47a611c98c906257fe77a25f3781bfcbcd8373a,6.75015598972095e-14,6.9680819
1503,MC1_K2_N2_L8_SP14_P2_R05,6a40064a0b86e7a9df902911c2563d7acf9a959d8332ce8c70069d37ff35b35b,7ac5f2ed7f8b920df52a4e1cde4f3ee8f80b69a8208c8d8579b1925f9a445627,1,a641c0f9b01ad57c113defa108785c36b9c7d57ef873b9db9a8da7f4c8545b59,1.77635683940025e-14,6.9952769
1504,MC1_K2_N2_L8_SP18_P2_R05,663cded8047dd38f47904ee5beca2cbc10a0f9b95da5c132a7e980becddb97f0,7ac5f2ed7f8b920df52a4e1cde4f3ee8f80b69a8208c8d8579b1925f9a445627,1,1a39a0ef0be2943a5727679178668e7048a275db29fe2aab0e8421bcd2eb7f59,0,6.9582137
1505,MC1_K2_N2_L8_SP22_P2_R05,b447337c54fbedbb9aa32de2b12b0574f9b8b18ddb9168e50f996cfece52c357,7ac5f2ed7f8b920df52a4e1cde4f3ee8f80b69a8208c8d8579b1925f9a445627,1,1d5c94c414e055d3092f20a4bcfb56553f42d864e237861edd65b6ea6a46affd,2.48689957516035e-14,6.9964796
1506,MC1_K2_N2_L8_SM6_P2_R06,d9593c17ab33fc6fae6a003c321c3e4bb108714fd1412809fc52e4d344908635,7ac5f2ed7f8b920df52a4e1cde4f3ee8f80b69a8208c8d8579b1925f9a445627,1,f41b40fe1156853ec41a2069c527ac88154b1b3e2952ba914273363c5a8d1eb6,1.06581410364015e-14,7.0131688
1507,MC1_K2_N2_L8_SP0_P2_R06,510ee73079fa1f39f3e72b2a9dfc1280097b08505a601b6c2a8aabb00c32695f,7ac5f2ed7f8b920df52a4e1cde4f3ee8f80b69a8208c8d8579b1925f9a445627,1,c716532733c40a7774bfaf241454d5294b1dd528508480eabe71eec589823c75,4.72520458611108e-14,6.9933697
1508,MC1_K2_N2_L8_SP6_P2_R06,94ce542e3f2de492a9f61268edf86b33fa859822b0f3d0d396cb4deca526964d,7ac5f2ed7f8b920df52a4e1cde4f3ee8f80b69a8208c8d8579b1925f9a445627,1,538a4501dc4976764ed81701c3988f8eef799c086854a8ab7e1bf80a785ec984,2.48689957516035e-14,6.9761488
1509,MC1_K2_N2_L8_SP10_P2_R06,ff45f7e808b7e832da72dae72c08ae6db968bde3d07fd982f42b951748263e4d,7ac5f2ed7f8b920df52a4e1cde4f3ee8f80b69a8208c8d8579b1925f9a445627,1,0c35ce97609b50cd263512f13c09816ca11867af8b1cd3800feb2dd143270d2f,6.75015598972095e-14,6.9835155
1510,MC1_K2_N2_L8_SP14_P2_R06,a3fe521ca455eb70e9485e2fc50558476cde8c22a22297320afb1d08a9fd7b0e,7ac5f2ed7f8b920df52a4e1cde4f3ee8f80b69a8208c8d8579b1925f9a445627,1,d1a5318f90843eeca294f227d16d9a04451b03e8d6fef8666450618051a338a7,1.77635683940025e-14,7.0100827
1511,MC1_K2_N2_L8_SP18_P2_R06,a118524b3305f9e78abb935e287f3d1dbccc9f0fc4d080c8182e2cf96ce51a2f,7ac5f2ed7f8b920df52a4e1cde4f3ee8f80b69a8208c8d8579b1925f9a445627,1,86c4ac5125ecf227f983b066511e09df8ae8f453977d598a813eb577090b184a,0,6.9482922
1512,MC1_K2_N2_L8_SP22_P2_R06,fa1a660771b038193e8c9259380d31df69d8841eaff8c9543bffc80929fb877b,7ac5f2ed7f8b920df52a4e1cde4f3ee8f80b69a8208c8d8579b1925f9a445627,1,345fd9fa73d5a2bc16962fb4d4cd3c36bf929e0f1508fb36893c170dd765851f,2.48689957516035e-14,6.9661874
1513,MC1_K2_N2_L8_SM6_P2_R07,dab3fcde6346f57f67782e4d24bdaaa04727e69a07be980c98b8af0249c0826a,7ac5f2ed7f8b920df52a4e1cde4f3ee8f80b69a8208c8d8579b1925f9a445627,1,549d7b6ac4fce4419d27fbcf749a37966eaa6c03118c8c6cc16bdeeda1d85b66,1.06581410364015e-14,6.9915536
1514,MC1_K2_N2_L8_SP0_P2_R07,5c8402b26a81e767b84fc55b9b3abbcbbbb6ea7747af3cfedf4e488a6263f140,7ac5f2ed7f8b920df52a4e1cde4f3ee8f80b69a8208c8d8579b1925f9a445627,1,8b2b16f8e875a26f7c4f87b5053a001aff11e9ed68e7e69590a69bda5d244ddc,4.72520458611108e-14,6.9663033
1515,MC1_K2_N2_L8_SP6_P2_R07,ffea5dff660385bbec2624a4a732e99e2f0652fbca021cf9182cef909e6934de,7ac5f2ed7f8b920df52a4e1cde4f3ee8f80b69a8208c8d8579b1925f9a445627,1,d7ff03d8dc9a2bb4a4aaf90b4e1b932a3300475a155fa10288a32bbc376ac97f,2.48689957516035e-14,6.9636923
1516,MC1_K2_N2_L8_SP10_P2_R07,a03120baf2b7fe6eaf83f89dfa53444c5688f2c49c62d557992a294f3e61b45c,7ac5f2ed7f8b920df52a4e1cde4f3ee8f80b69a8208c8d8579b1925f9a445627,1,d9604d58f80b69e27e083b190ff593ab1b84a563fc0f1893dff7dca1d152b3f0,6.75015598972095e-14,6.9864327
1517,MC1_K2_N2_L8_SP14_P2_R07,9d87a27cbe955f5c727c80174418343a31d891a1dc191374797b351d877bb461,7ac5f2ed7f8b920df52a4e1cde4f3ee8f80b69a8208c8d8579b1925f9a445627,1,d4d4d4a816113b2d2ab35d398e1227c0126f3111bd3b90dd0f35c7f5e3ae0c75,1.77635683940025e-14,7.0127169
1518,MC1_K2_N2_L8_SP18_P2_R07,a8980e221fb045a1dc5c30688d45fa497a170418bd94864f96cdcd445fb37848,7ac5f2ed7f8b920df52a4e1cde4f3ee8f80b69a8208c8d8579b1925f9a445627,1,233cbfcab724a69bc5c094b90be1a0ad4ff6dccd393c7d9f758a80a393640200,0,7.0095224
1519,MC1_K2_N2_L8_SP22_P2_R07,0d96a1f8cc515e1a99ad35e75351746565602a21595ae3ec4d6c03dbc599871c,7ac5f2ed7f8b920df52a4e1cde4f3ee8f80b69a8208c8d8579b1925f9a445627,1,7325669a8187b5706f9cd2632b8a536253960b7977a7e8757b994b6810c1f0c8,2.48689957516035e-14,6.9719579
1520,MC1_K2_N2_L8_SM6_P2_R08,ce5dae382f752080ffe74e5451708beb46312212d4d870ee28962daf96fcda92,7ac5f2ed7f8b920df52a4e1cde4f3ee8f80b69a8208c8d8579b1925f9a445627,1,599dfc4da20c101e05a4a9f6e1393fc2b4d23ff35a353986df92f76aa2df72a2,1.06581410364015e-14,6.9753374
1521,MC1_K2_N2_L8_SP0_P2_R08,2a1a6a153a6be248108dc441e4abff680e3ba99551dff9940a28c1a18e83edb3,7ac5f2ed7f8b920df52a4e1cde4f3ee8f80b69a8208c8d8579b1925f9a445627,1,48c1f5a0e18679aba88b4e5f9e26c0498db05446eab9813aa39e308d7d6c013e,4.72520458611108e-14,6.9904701
1522,MC1_K2_N2_L8_SP6_P2_R08,59e58d345fb6c8338fa184b86792ce848f783c53b18f4da44dbc5231c0ae3ba5,7ac5f2ed7f8b920df52a4e1cde4f3ee8f80b69a8208c8d8579b1925f9a445627,1,8113688e1801c30092d659b0855de7e7a35cde90eaba0a04397e4a188f76851c,2.48689957516035e-14,6.9831951
1523,MC1_K2_N2_L8_SP10_P2_R08,cc4e9823fe81d3a42292bb5797203634403813f34dad56e6ecf8ac2883a22cd7,7ac5f2ed7f8b920df52a4e1cde4f3ee8f80b69a8208c8d8579b1925f9a445627,1,9dc4691ccb623de519b81644d78005861d996f7b9ac980bf1e144cd80b8de26c,6.75015598972095e-14,6.9755731
1524,MC1_K2_N2_L8_SP14_P2_R08,7be88a735409924e99df78c0bad572f8eb7677045cbf73c550e82a6ded6f1459,7ac5f2ed7f8b920df52a4e1cde4f3ee8f80b69a8208c8d8579b1925f9a445627,1,cc17d02e590437fb07d79798d0e30cf34bf18c2387b27e576d42146128d53478,1.77635683940025e-14,7.04014
1525,MC1_K2_N2_L8_SP18_P2_R08,be266e3e8a82fd622ebada0ae59d62139078efc23f83ea3772a3eef05b7c0597,7ac5f2ed7f8b920df52a4e1cde4f3ee8f80b69a8208c8d8579b1925f9a445627,1,c27c318176739c32595203b12212f61ac7482145ff394fe24936568007a0dd9c,0,6.9533956
1526,MC1_K2_N2_L8_SP22_P2_R08,69b359457bb14485226bfe658f132978120c108783b297138cd3ab9cd5c30af0,7ac5f2ed7f8b920df52a4e1cde4f3ee8f80b69a8208c8d8579b1925f9a445627,1,08969481d295a66cf33ec4d29e54f3d5f7ea38a4d0a9994522418f6e92ff6050,2.48689957516035e-14,6.9771085
1527,MC1_K2_N2_L8_SM6_P2_R09,dd17eb2983783910143122f07230b50a60a26d4ec3c4779718e5d06218a5f2f5,7ac5f2ed7f8b920df52a4e1cde4f3ee8f80b69a8208c8d8579b1925f9a445627,1,50ffb34e308d30cd5e246426c76b93aef77a0bb79f8e142680607bcf1a3d4932,1.06581410364015e-14,6.9513039
1528,MC1_K2_N2_L8_SP0_P2_R09,a8c54885e9769fcb489334951ba8721c7e2ce4b3ff46e6cb11d8bd970938f883,7ac5f2ed7f8b920df52a4e1cde4f3ee8f80b69a8208c8d8579b1925f9a445627,1,c9b13f403b47aa47b1417afe3dbae76f521bb013b6719abf540dc921a2240d91,4.72520458611108e-14,7.0083489
1529,MC1_K2_N2_L8_SP6_P2_R09,7a7ee87bf60ba41fe217917774d2ec2b0c95fcb67c4f0bd5cf1d30b83a228655,7ac5f2ed7f8b920df52a4e1cde4f3ee8f80b69a8208c8d8579b1925f9a445627,1,f0909c19e4028b5d5a707a3283d48ac8863d3b169f83590d776515b3c27bea97,2.48689957516035e-14,6.983804
1530,MC1_K2_N2_L8_SP10_P2_R09,dda2ef03336a71d726d18a219388c86a09bc7fee7dcfc58d9befab6b4ade76da,7ac5f2ed7f8b920df52a4e1cde4f3ee8f80b69a8208c8d8579b1925f9a445627,1,20309c4d4e014ebcc11eb6c540bb51706bd00b90fa7e1c2923466173ba2eddc3,6.75015598972095e-14,6.9515323
1531,MC1_K2_N2_L8_SP14_P2_R09,dd7bbf91ce08f698bc569efb52fa2480f48d25dcfee67c365fe24171f8cfb344,7ac5f2ed7f8b920df52a4e1cde4f3ee8f80b69a8208c8d8579b1925f9a445627,1,e899940828762147c30e13fc448672e090a6eb7cafe0e368d180a11897786add,1.77635683940025e-14,6.9919889
1532,MC1_K2_N2_L8_SP18_P2_R09,b4c3009449ed5ad9fccf301e555d50b3f77b3fa4ad8c204eaff8b3257d1ebd94,7ac5f2ed7f8b920df52a4e1cde4f3ee8f80b69a8208c8d8579b1925f9a445627,1,e2990e608a2399f7143b8dbe5c9145c8b13ff1e6742070a36b10d014252b9d42,0,6.939588
1533,MC1_K2_N2_L8_SP22_P2_R09,c694fec08d2e4268a80e58dee198f897ec1a2097a8e9353eb9ccdae5777736ab,7ac5f2ed7f8b920df52a4e1cde4f3ee8f80b69a8208c8d8579b1925f9a445627,1,4d1f6b9aac9baef04843c72f8f1477efb0565b8941e34f4ce572aa7308104b85,2.48689957516035e-14,6.9778211
1534,MC1_K2_N2_L8_SM6_P2_R10,5446b20101b1cb8a9a0bd62a01fb794af8057a1b345d12405905ebfc89ef9d56,7ac5f2ed7f8b920df52a4e1cde4f3ee8f80b69a8208c8d8579b1925f9a445627,1,d49cfb626b7b4c169943542cc80b4131aaed71a5c7d8d9950af9f76dc81335c2,1.06581410364015e-14,6.9674503
1535,MC1_K2_N2_L8_SP0_P2_R10,0f1da10f8134541234913ca8a2710035b1a6822a07ec7d8c0aaa2247e851f9a6,7ac5f2ed7f8b920df52a4e1cde4f3ee8f80b69a8208c8d8579b1925f9a445627,1,ab31323de7a1b264972f0e6194c70ed8cf8532dd6f9d356b8fc166d431b6211b,4.72520458611108e-14,7.0174223
1536,MC1_K2_N2_L8_SP6_P2_R10,857b45ad4b2b5164d64a0e5a707317f80ff187bab92ac25f67fddc8bce337fd2,7ac5f2ed7f8b920df52a4e1cde4f3ee8f80b69a8208c8d8579b1925f9a445627,1,89af7ef88edb2773af98fde321c2895f99dcf71028a08d039e0f84b1cc8e7adb,2.48689957516035e-14,6.9968578
1537,MC1_K2_N2_L8_SP10_P2_R10,798657ef59f047e57939adaaa8da9439cc3ce5d98bba915c6f78cb2497a1e35a,7ac5f2ed7f8b920df52a4e1cde4f3ee8f80b69a8208c8d8579b1925f9a445627,1,4ec505f8735a1f820ca1effb66752c1c8181bc82a3dae722a2c3f59ba6969e32,6.75015598972095e-14,6.9734737
1538,MC1_K2_N2_L8_SP14_P2_R10,dd8d309cfb384dd779ef2e28564218a88e949ea4974db7b3427836ac0aa86e10,7ac5f2ed7f8b920df52a4e1cde4f3ee8f80b69a8208c8d8579b1925f9a445627,1,4661fc0ec39ab53833ce6879b827fa39aaf4bafef8b113b2b7900ba46dc22348,1.77635683940025e-14,6.9693712
1539,MC1_K2_N2_L8_SP18_P2_R10,4e5ac1869275112432edbff3d0b54a72800101b65fd64003e189714425b6d528,7ac5f2ed7f8b920df52a4e1cde4f3ee8f80b69a8208c8d8579b1925f9a445627,1,1b3b1c89d382c9d650c17e754062f3bd90401d2df8c718faa3e4980788e74a71,0,6.9841654
1540,MC1_K2_N2_L8_SP22_P2_R10,bdae05f53fa325749f288c1c1297f94158b6e3f8d94c8b8c33720b88e9f2f5bd,7ac5f2ed7f8b920df52a4e1cde4f3ee8f80b69a8208c8d8579b1925f9a445627,1,0d74ad3eb863bab1a20596bcbe33d7334efa04e84db525d60b7202e98629bc34,2.48689957516035e-14,6.9826273
1541,MC1_K2_N2_L8_SM6_P3_R01,020bf8d6e0b9542cb78264d511499ad6a4a86f9a2c8697e67bd8139c10263401,7ac5f2ed7f8b920df52a4e1cde4f3ee8f80b69a8208c8d8579b1925f9a445627,1,46c5313201ac1fa6da5e405de9fe78a89b7329fbf0984ef8eba3335a5fec1285,9.76996261670138e-15,12.1155558
1542,MC1_K2_N2_L8_SP0_P3_R01,7c3b7a660e2a46d06dce061b2295ae9df6118946846f78e71aa29657364252ef,7ac5f2ed7f8b920df52a4e1cde4f3ee8f80b69a8208c8d8579b1925f9a445627,1,f6664f880d701deae64a489a2c710376bba86a2860df46fd94c13255d1301ce3,2.26616954640023e-14,12.1569804
1543,MC1_K2_N2_L8_SP6_P3_R01,8e1add1673b17e61596b27db1cf3f7dba9d1a794eff46602f42e6ce97eaee0ae,7ac5f2ed7f8b920df52a4e1cde4f3ee8f80b69a8208c8d8579b1925f9a445627,1,58218eefb42993e26e6a1af1d7e54f0d19d5d8c50055303d4fda87ba29b55f46,1.33226762955019e-14,12.1216257
1544,MC1_K2_N2_L8_SP10_P3_R01,ccc6b6181f059467d975755a3b00bfde09fee03d2ad307eca61826ef9b6a8757,7ac5f2ed7f8b920df52a4e1cde4f3ee8f80b69a8208c8d8579b1925f9a445627,1,ec60d3da181fc5518f2e317ad078642650a047f22517550e7e93491d61611b8f,1.59872115546023e-14,12.1462586
1545,MC1_K2_N2_L8_SP14_P3_R01,d942207b29513cd24d67e23fb096cdc18b413d0c7a22d8824c5b4a405cc147bd,7ac5f2ed7f8b920df52a4e1cde4f3ee8f80b69a8208c8d8579b1925f9a445627,1,b244353cecc8d91f4eda9b8754170eefb1cd8d39ac5d0317bf248c9987059f0a,3.5527136788005e-15,12.1293871
1546,MC1_K2_N2_L8_SP18_P3_R01,7304b0f7aafaef0a885892b83fe652e9a3da0897e721ce9a4121142ea0880ddd,7ac5f2ed7f8b920df52a4e1cde4f3ee8f80b69a8208c8d8579b1925f9a445627,1,119afddb6a89b4e5f0cd536d2fdd78a71b39a162570a33d1e39918a62a7f6016,3.5527136788005e-14,12.1637733
1547,MC1_K2_N2_L8_SP22_P3_R01,9f38479eb644dc0d159e00ed3c16a5014aff266008ea6dfa15e1262a4ac46c43,7ac5f2ed7f8b920df52a4e1cde4f3ee8f80b69a8208c8d8579b1925f9a445627,1,43faa413d80e10d66ff4b6eee6de259f1e0185eab5595ef7cbfa52f0cc011d7f,0,12.1235546
1548,MC1_K2_N2_L8_SM6_P3_R02,b9fc00e1eeb5ccb1c98965070163897f908b343a99c1945ae9d5a3f434be1506,7ac5f2ed7f8b920df52a4e1cde4f3ee8f80b69a8208c8d8579b1925f9a445627,1,0ba95f00ecab6603ef79319fb6a76cdd7e1cf3df73f4525c12f60a8db0d46ce7,6.92779167366098e-14,6.9663167
1549,MC1_K2_N2_L8_SP0_P3_R02,614a62a82d7998c55d9630c298e01b81416c4abdee293342497ea7bf2593643f,7ac5f2ed7f8b920df52a4e1cde4f3ee8f80b69a8208c8d8579b1925f9a445627,1,9f0e34008a083a3af5c24db9f0b0de1e713a02775ea81ef930accba92e3f80e4,1.15719295986394e-14,6.969615
1550,MC1_K2_N2_L8_SP6_P3_R02,730bc5c6200d4fb06937d08f51bf8f27c84b1ec4a6f631efd6c84546604c6ca6,7ac5f2ed7f8b920df52a4e1cde4f3ee8f80b69a8208c8d8579b1925f9a445627,1,67e03d5959a45eb176ceb56600385301157384406bae6f3d5ccab8e75d8e75b5,3.5527136788005e-15,7.0596248
1551,MC1_K2_N2_L8_SP10_P3_R02,2b4504be877c4c1f41e4efcc4e82793f5cb9db67a7f6f54e3e2ab0cb35189477,7ac5f2ed7f8b920df52a4e1cde4f3ee8f80b69a8208c8d8579b1925f9a445627,1,93417f6b5456014fd9d2637fc6cc77e3e419617bc1d84c918835a98adb83a667,1.06581410364015e-14,6.9877299
1552,MC1_K2_N2_L8_SP14_P3_R02,c86706f871af064c8275706463aa91a7affa28c0224757fe2894ca96145de9d5,7ac5f2ed7f8b920df52a4e1cde4f3ee8f80b69a8208c8d8579b1925f9a445627,1,f33e6897f42452b8c9f3ef8082c4069a7b7fe9ef8065688923161cb4664825d1,4.9737991503207e-14,7.0247825
1553,MC1_K2_N2_L8_SP18_P3_R02,f6203d97666c96742e135bbdf47ea28cde60e562b02a872fad33e8fbe9134ea8,7ac5f2ed7f8b920df52a4e1cde4f3ee8f80b69a8208c8d8579b1925f9a445627,1,b4ca0d04cbefb73ab427b57c6299d034f6741562e18a42d3ad8744988cc8ad8b,4.9737991503207e-14,6.9993048
1554,MC1_K2_N2_L8_SP22_P3_R02,f9cc16eb4dedeb4d426ecb91bb8cfdc9db7bccd775ff0855f5fff24ff21b27f5,7ac5f2ed7f8b920df52a4e1cde4f3ee8f80b69a8208c8d8579b1925f9a445627,1,8ac73211133794a0d66fabb30a4b31b9d8e6c29937719cfa20fe140a05afea15,8.17124146124115e-14,6.9746333
1555,MC1_K2_N2_L8_SM6_P3_R03,01dda40e3888a5e9f5f01c39a7394bc27ca04556c68996dbb0f9112ba3f16fc6,7ac5f2ed7f8b920df52a4e1cde4f3ee8f80b69a8208c8d8579b1925f9a445627,1,dbd273f50ed92854ebda9c95575a110819dc8cb43bfc17487537fd6fafb1e761,9.41469124882133e-14,6.9981719
1556,MC1_K2_N2_L8_SP0_P3_R03,bcf357b4d0f8af33999a6184b667532588fd5b5c5073f9ac973c8b7b1dd48cb5,7ac5f2ed7f8b920df52a4e1cde4f3ee8f80b69a8208c8d8579b1925f9a445627,1,3d0e358e769888bb9280b26f913c588b809b3c29d857c5f8a50473c46bc87657,7.03959050583894e-14,6.9791773
1557,MC1_K2_N2_L8_SP6_P3_R03,74b6fcae4c0415c6cfc2046d97c2fcdfb989ca6db2882f9916b5b27e51487f16,7ac5f2ed7f8b920df52a4e1cde4f3ee8f80b69a8208c8d8579b1925f9a445627,1,6c279f81447d93753aa071523201a3aab2ab73eebd405789a7d55715afea74e0,2.39808173319034e-14,7.0107351
1558,MC1_K2_N2_L8_SP10_P3_R03,bc907ddd9b93180047868c1b4f5220b77bc8d75e36b67c23808817f16b98b175,7ac5f2ed7f8b920df52a4e1cde4f3ee8f80b69a8208c8d8579b1925f9a445627,1,15c01f9c33cf2b5995dd9c693e3b1e09f31cf0ae914ee46c70ca952d29a1b1c2,3.37507799486048e-14,6.9678604
1559,MC1_K2_N2_L8_SP14_P3_R03,caab08f3a5f49485b6be8da890440de20e9502999c9cf5c14067679eb13f72fd,7ac5f2ed7f8b920df52a4e1cde4f3ee8f80b69a8208c8d8579b1925f9a445627,1,f9b6db01d6675faee8beadea078672ce72da0aa2b62330e98c2e1d1a2dd18bd1,5.32907051820075e-15,7.0242774
1560,MC1_K2_N2_L8_SP18_P3_R03,72260f5514b3f2efcc1d2315db3db6bbabee3b37f295f246e9b2ff0da89c6837,7ac5f2ed7f8b920df52a4e1cde4f3ee8f80b69a8208c8d8579b1925f9a445627,1,9c31c0f7a29c50639558741a3c9f95818ab81fc112c554f5c99dceb3c5599641,8.5265128291212e-14,7.1572284
1561,MC1_K2_N2_L8_SP22_P3_R03,c8d1f4e221c0008581ce00436d73ba119f51b2952d461625c2f698968e1ac3ad,7ac5f2ed7f8b920df52a4e1cde4f3ee8f80b69a8208c8d8579b1925f9a445627,1,703bc97a9863b543624e4f9c78105785cd838b2fa1f9247ccb28f5921ff14916,4.61852778244065e-14,6.9203101
1562,MC1_K2_N2_L8_SM6_P3_R04,b3131da058e2bf95fd4b9875df2d2c7086bd675459893388ae8c48eaf81d6007,7ac5f2ed7f8b920df52a4e1cde4f3ee8f80b69a8208c8d8579b1925f9a445627,1,8dde474c1c8354557ddd7138d1c3d1e3f4584aafe515060816fd3dfd0df098ab,2.66453525910038e-15,6.9165467
1563,MC1_K2_N2_L8_SP0_P3_R04,adb9bd4c041a320494fbdf407f321dea1ebcac47ee348304ee6439af3096a052,7ac5f2ed7f8b920df52a4e1cde4f3ee8f80b69a8208c8d8579b1925f9a445627,1,aa627da545b64759d6932046cfc2b07e1938daa5947f65c7aea0a426fdccea23,5.49666655935377e-14,6.9426758
1564,MC1_K2_N2_L8_SP6_P3_R04,b398d6c75ea78ed8dcc8cb1602956b8cf81ae30ae778e9ea511979f2c009a975,7ac5f2ed7f8b920df52a4e1cde4f3ee8f80b69a8208c8d8579b1925f9a445627,1,e3c59067ac07c4950fbe25a1d71ccb29bb9a944ca11048e53f6f3e85f5a4a0ae,6.48370246381091e-14,6.92911
1565,MC1_K2_N2_L8_SP10_P3_R04,d0c567b176d128afe35b2c8b5e36d2e4beaa8575cc46161ea28e6beb8a8e7eb8,7ac5f2ed7f8b920df52a4e1cde4f3ee8f80b69a8208c8d8579b1925f9a445627,1,b537f61beb0273142fe5b5675a2e8cd2aca3101b5183f530126e63e66e621a85,6.21724893790088e-14,6.917692
1566,MC1_K2_N2_L8_SP14_P3_R04,2fe415867d90207119e978ffba3ce3bb4f927627d83f82a6c2ab579abbb2b350,7ac5f2ed7f8b920df52a4e1cde4f3ee8f80b69a8208c8d8579b1925f9a445627,1,d83ddc4b5b034785044966e44b30659f029c2201a16015d605233010eacfec2d,1.06581410364015e-14,6.9581576
1567,MC1_K2_N2_L8_SP18_P3_R04,c0cd874b5c0ca3d7994a0f2943841593b61dfeb201efbb90b06d534afd912b89,7ac5f2ed7f8b920df52a4e1cde4f3ee8f80b69a8208c8d8579b1925f9a445627,1,5b04de6c30f1611bb6034d8512baffea705d0fd77fe365acae07bb495396398e,7.105427357601e-15,6.9420103
1568,MC1_K2_N2_L8_SP22_P3_R04,da1a8746ee44c66c4bd0c076068e28f0bb300c6653f4a8546b45379acc4ce771,7ac5f2ed7f8b920df52a4e1cde4f3ee8f80b69a8208c8d8579b1925f9a445627,1,aef5b9f6211b3ab2d03bebc5a607b2d569fc0c6a3edb898471ef29907bf4b64d,3.5527136788005e-14,6.9088838
1569,MC1_K2_N2_L8_SM6_P3_R05,f1f9c32aefc346aca80dbda04e7c85c2246a9b6376004406f4cade38c039b951,7ac5f2ed7f8b920df52a4e1cde4f3ee8f80b69a8208c8d8579b1925f9a445627,1,07271d17140bb8c07aeb97831306c46cbc36aebc5fec3384a1325f834153f5ba,2.22044604925031e-14,6.8943198
1570,MC1_K2_N2_L8_SP0_P3_R05,f833406077a853292dc476ebd41a675620980ff25fcd5905428e74c17487162b,7ac5f2ed7f8b920df52a4e1cde4f3ee8f80b69a8208c8d8579b1925f9a445627,1,26c6ec8d1f089eace7f48572972cd23142d8cb50c43d21afc454ff296f03c2ab,3.51979525291951e-14,6.9320854
1571,MC1_K2_N2_L8_SP6_P3_R05,6bf5f9aed69746f2b8d6b0b668c2fcfac43c9f2b781d58288c7034f104168cf0,7ac5f2ed7f8b920df52a4e1cde4f3ee8f80b69a8208c8d8579b1925f9a445627,1,4cfc85f33166ceab917c4271924a7e46b0ff9cfc12852f0b0245faa46452e5f4,8.88178419700125e-16,7.1091566
1572,MC1_K2_N2_L8_SP10_P3_R05,e874f6615e3cc99476f8d38409c32bb10fccb401b12c09fdf317605e56965dc7,7ac5f2ed7f8b920df52a4e1cde4f3ee8f80b69a8208c8d8579b1925f9a445627,1,6cbec8f6df6baa115a56b9d482b351617c314b11998a85aadebb1d70f31149a4,1.95399252334028e-14,7.149554
1573,MC1_K2_N2_L8_SP14_P3_R05,8357cfc2d37a379436a42237e7a4a453f10bf64371fd4e817ab6d96231b3933b,7ac5f2ed7f8b920df52a4e1cde4f3ee8f80b69a8208c8d8579b1925f9a445627,1,5e266690c3bb766dca7103bfab9d49114741ee2a85458928ab559bda01a2b684,2.8421709430404e-14,7.1769218
1574,MC1_K2_N2_L8_SP18_P3_R05,e617ffa81f02d5efab25233a96fefff9c893a7a9ab89d06b0395e779e9afec0e,7ac5f2ed7f8b920df52a4e1cde4f3ee8f80b69a8208c8d8579b1925f9a445627,1,3937d03fb15c312f798f05eb73760c6b06811bc14eb558a88b2e7f01e20579ec,2.8421709430404e-14,7.1737177
1575,MC1_K2_N2_L8_SP22_P3_R05,237fa9b064312910cd969bb09681a50c0bd8484ef615530ea43bd29f7565f97b,7ac5f2ed7f8b920df52a4e1cde4f3ee8f80b69a8208c8d8579b1925f9a445627,1,1fac8cbac338f28ea06e7b735c05c8e5926b133e47fd34b067351caacaff1684,4.9737991503207e-14,7.1920631
1576,MC1_K2_N2_L8_SM6_P3_R06,027819938d0cc9b2711c5ee4dbbc532233465502d61bae2a29966017e0f260ea,7ac5f2ed7f8b920df52a4e1cde4f3ee8f80b69a8208c8d8579b1925f9a445627,1,c9d526f523c3acdda26848b72443e0e4d9570c071bfe7753dc89e18e3064746a,4.2632564145606e-14,6.9631567
1577,MC1_K2_N2_L8_SP0_P3_R06,3788c31a84282980b5f6dcde569f90a08feec99bff5169723518e3a076a9343f,7ac5f2ed7f8b920df52a4e1cde4f3ee8f80b69a8208c8d8579b1925f9a445627,1,b413e0ab145942cb29f2cc51ed535c17e1803fdc5da878fd2a609ef861f5286a,2.41081866638322e-15,6.966824
1578,MC1_K2_N2_L8_SP6_P3_R06,a1f6a5462b5bef7677ba802e4658b5241b9dd8619c35f513810348da658eba54,7ac5f2ed7f8b920df52a4e1cde4f3ee8f80b69a8208c8d8579b1925f9a445627,1,c6fbb267d69be0c5c28568df24d68092a123432a3b960810b573f3c48303a9e6,1.33226762955019e-14,6.9090544
1579,MC1_K2_N2_L8_SP10_P3_R06,12e2fa8dd02687f1e063d11fa7be077c537d9ecbb6069b6f3a52e240dbd9a061,7ac5f2ed7f8b920df52a4e1cde4f3ee8f80b69a8208c8d8579b1925f9a445627,1,31a9e06d025d1f8a5fa57a8192986544d572deb53ecaae54481e6ac88d218a97,4.44089209850063e-14,6.9532252
1580,MC1_K2_N2_L8_SP14_P3_R06,ff7c92adf95e5cc762007f5498afc0498cb6448081f8337ebe1367cc20e9a37f,7ac5f2ed7f8b920df52a4e1cde4f3ee8f80b69a8208c8d8579b1925f9a445627,1,24e4c6b46face08b473c5ccda4affe274880c2a3689710884d0a8656f00cf5c4,4.9737991503207e-14,6.8932711
1581,MC1_K2_N2_L8_SP18_P3_R06,9090152eed1d28ff9b71f3ec215733aa859d17c9b3825612f7dac924ad43bb16,7ac5f2ed7f8b920df52a4e1cde4f3ee8f80b69a8208c8d8579b1925f9a445627,1,defe3d9347d1d21728d9a17dd744182196ab486191190fda640cb07d0ae7b09c,5.6843418860808e-14,6.8945185
1582,MC1_K2_N2_L8_SP22_P3_R06,8209ad6c66ba27b64d035d4f83ea8403a9cc30fb0331797a628927af478a3e69,7ac5f2ed7f8b920df52a4e1cde4f3ee8f80b69a8208c8d8579b1925f9a445627,1,5f06ee25e99fdd9e03abd2ccb8a4211b79a2f1e6036dac00259e64e0bda583e6,1.4210854715202e-14,6.8823466
1583,MC1_K2_N2_L8_SM6_P3_R07,f8899d250dbea190cac31454cf548cd751385e0ba5298b8d75c6c8880577076f,7ac5f2ed7f8b920df52a4e1cde4f3ee8f80b69a8208c8d8579b1925f9a445627,1,6a13faff73eb7abf1f1080d4ded67655ce66417ddf49c77374d1c19285ce2f3f,2.48689957516035e-14,6.9124972
1584,MC1_K2_N2_L8_SP0_P3_R07,886a2ddcc4e115b4971526bdf6eeedcd07ce40977c1c9589d22503bf04a60da6,7ac5f2ed7f8b920df52a4e1cde4f3ee8f80b69a8208c8d8579b1925f9a445627,1,8d1e2455e21abf77d841fa8be509d446a9f9192765f2d9ce37acf4af25ac771a,5.78596479931972e-15,6.9482356
1585,MC1_K2_N2_L8_SP6_P3_R07,c7b729b18ee7642b6dea480e8aed80510e410c13e55a17a615b9f16d00142d05,7ac5f2ed7f8b920df52a4e1cde4f3ee8f80b69a8208c8d8579b1925f9a445627,1,32a1b190ad538247d4dbad5c350f048a32384fa97c60ad19b1bc1bc0ec98c984,2.48689957516035e-14,6.9202443
1586,MC1_K2_N2_L8_SP10_P3_R07,511964218e89ddf58d77aada771f3380b73bc3362fcdd72c82e2ea05793d8105,7ac5f2ed7f8b920df52a4e1cde4f3ee8f80b69a8208c8d8579b1925f9a445627,1,7b85aea2a2985472a6a066cefc3d03772e95b6a54448812552d9e60f304ca190,1.06581410364015e-14,6.8916894
1587,MC1_K2_N2_L8_SP14_P3_R07,473d26977ae0c6d7cdf9bc4d4dff371c848ab8f96de596ac7eeaa919cc0ea2d2,7ac5f2ed7f8b920df52a4e1cde4f3ee8f80b69a8208c8d8579b1925f9a445627,1,3f1db7ddf7eefcf51e42c19bda2297761e3efed2e799b44682aea2837436079b,2.1316282072803e-14,6.9190865
1588,MC1_K2_N2_L8_SP18_P3_R07,8d8c01dde4fba8dcc525c2310b84bd0be62d46c3215d605bb8f29426ac0f59b0,7ac5f2ed7f8b920df52a4e1cde4f3ee8f80b69a8208c8d8579b1925f9a445627,1,8efaa266f3d057a114bcaf991e9faf33247b832fea04177ab1510721c73f3dfe,3.19744231092045e-14,6.9225741
1589,MC1_K2_N2_L8_SP22_P3_R07,f86e99945d3a156da941f5e768a30161c2f22c912895ddca5a8382affe017bfb,7ac5f2ed7f8b920df52a4e1cde4f3ee8f80b69a8208c8d8579b1925f9a445627,1,e0dd95efa1eb788d95381d737763f44b09aa62018374d569d27f25651cbc1cab,4.2632564145606e-14,6.9260613
1590,MC1_K2_N2_L8_SM6_P3_R08,a7d62d117fb4977d994e9bbaca76aac1fb4fd9923e798bb10fc08d95c854c197,7ac5f2ed7f8b920df52a4e1cde4f3ee8f80b69a8208c8d8579b1925f9a445627,1,9be478386451f3b7973aea5e34f6e980eab6968660cfdb93708e2709a89ef3d8,2.66453525910038e-15,6.8899942
1591,MC1_K2_N2_L8_SP0_P3_R08,0cd6b2c9ec4ddb892fb6a54f326b7997d85f1a7e150d2e3e20856fd4ea22ecbf,7ac5f2ed7f8b920df52a4e1cde4f3ee8f80b69a8208c8d8579b1925f9a445627,1,35d1de4486f2132125f56ae80ca690d07b29942b19d45cf45152d3a5e11e79e1,6.46099402590698e-14,6.9048176
1592,MC1_K2_N2_L8_SP6_P3_R08,35c29b8884e66e4d4d73ebe68ffcc7fefbe75e0550dc7df06680fc48572c0fc0,7ac5f2ed7f8b920df52a4e1cde4f3ee8f80b69a8208c8d8579b1925f9a445627,1,22803e044620bb8771d60aa127a6dcd2e955f1810413b1f471628bccc938984c,1.59872115546023e-14,6.893187
1593,MC1_K2_N2_L8_SP10_P3_R08,31eb2877c5991e6c14a243205ff9fd1d4e283e1faec4ae0e68488f6eaf1478b8,7ac5f2ed7f8b920df52a4e1cde4f3ee8f80b69a8208c8d8579b1925f9a445627,1,47b697991258698944f43de943c4136c37d51091dd3a2f6427e3edcf4849b201,7.105427357601e-14,6.9036868
1594,MC1_K2_N2_L8_SP14_P3_R08,5d6ce7943316e9f22f55dfe64791f3362a4b9a3bdf5b0f3e2ff8932ff6701ee8,7ac5f2ed7f8b920df52a4e1cde4f3ee8f80b69a8208c8d8579b1925f9a445627,1,1dd6cb5e3781c5282f019cd13f122fdf9f6f3001d8b23afe3f5f0425ccaebaa9,3.01980662698043e-14,7.0413711
1595,MC1_K2_N2_L8_SP18_P3_R08,7ecef8966b4c037e2de0a71c3e9b8e72f7e6eb481aa7992008087a4463475a44,7ac5f2ed7f8b920df52a4e1cde4f3ee8f80b69a8208c8d8579b1925f9a445627,1,5d3124aa30dee1d5ea3ff840612d065d5ef90abfbef6e894fc64e84e275645d1,7.105427357601e-14,6.9202788
1596,MC1_K2_N2_L8_SP22_P3_R08,e31fc0c1c2a41cb1cd9561cde8a970a922d4964a01f15d8eed0059d395a86203,7ac5f2ed7f8b920df52a4e1cde4f3ee8f80b69a8208c8d8579b1925f9a445627,1,3830635c5fff70a042339d10ccd679afc729e669ce0433da72db9993aaedf698,2.48689957516035e-14,6.9289534
1597,MC1_K2_N2_L8_SM6_P3_R09,daf59f1a88aa142e610308fdfa981891dbc82101323cf906e3e75c3939f1b5ab,7ac5f2ed7f8b920df52a4e1cde4f3ee8f80b69a8208c8d8579b1925f9a445627,1,c0c5197a64c1f9e0a5ab97a982fbce24c50c245b4e37f46803e0afd688b86e2e,3.90798504668055e-14,6.8991037
1598,MC1_K2_N2_L8_SP0_P3_R09,180b88c12e23f0c81783e3de7a4f4fb86826ecb888f4de4bd5cb6dc43588dc68,7ac5f2ed7f8b920df52a4e1cde4f3ee8f80b69a8208c8d8579b1925f9a445627,1,d9ce3edccfe2ca533be6e8e9a5725020778ebf98756582b7f82b257a056c15a9,6.89494138585606e-14,6.9137991
1599,MC1_K2_N2_L8_SP6_P3_R09,f127503e1550ff7ee3a6924c2df40a0423214794e9b8c2a5d34a6fefff72cacd,7ac5f2ed7f8b920df52a4e1cde4f3ee8f80b69a8208c8d8579b1925f9a445627,1,2289470995a1622cad2e65c6c15011d75770c094c213050aab862d8be6774746,7.99360577730113e-15,6.9009946
1600,MC1_K2_N2_L8_SP10_P3_R09,b4d339492b0f42692068288eb15abc4c514c43b5b6994ebd3c4e618b6f886031,7ac5f2ed7f8b920df52a4e1cde4f3ee8f80b69a8208c8d8579b1925f9a445627,1,16c4718a13f635b7a7cce042c98c71682682857f0cf102af2f421af3d94313f2,4.44089209850063e-14,6.8814127
1601,MC1_K2_N2_L8_SP14_P3_R09,11ff7f57162b8d38ec195215a37f267159cd5cbaf174ec2d36aa03303ff0314c,7ac5f2ed7f8b920df52a4e1cde4f3ee8f80b69a8208c8d8579b1925f9a445627,1,550167a301139e24c3b375d506cd97f0461858ef934f2c77da86613767af5324,1.4210854715202e-14,6.8988674
1602,MC1_K2_N2_L8_SP18_P3_R09,5492730465ae609683e1da4a6231debd11a59f8156334d0075995d97383777d2,7ac5f2ed7f8b920df52a4e1cde4f3ee8f80b69a8208c8d8579b1925f9a445627,1,23ffdb4cd8f23954a975cb4841c2455d2ce25c24ac009958c395ebf4d56669d6,1.4210854715202e-14,6.9345274
1603,MC1_K2_N2_L8_SP22_P3_R09,3c0efcacc93038bd55042b8ea27cba306d457be4b3651c3cb14f45f067a86c58,7ac5f2ed7f8b920df52a4e1cde4f3ee8f80b69a8208c8d8579b1925f9a445627,1,b01d1143b0abadf2e61d39ecd79aa921760150699e3037fdafb143d706af0414,4.2632564145606e-14,6.8978601
1604,MC1_K2_N2_L8_SM6_P3_R10,6f1a9f09ba5575df12655445e28bd7b2d10cd627be976edb8d6d9eb19d70ac1b,7ac5f2ed7f8b920df52a4e1cde4f3ee8f80b69a8208c8d8579b1925f9a445627,1,fbf165038a0975d3ec4d70c45554f9432918523ecc4bbadcf61c9e7b00e95d14,3.5527136788005e-15,6.8900462
1605,MC1_K2_N2_L8_SP0_P3_R10,d56f1b7dd40fe2683e2b528ee3739d01c86e88652448b57cd4649f64e03b8fb6,7ac5f2ed7f8b920df52a4e1cde4f3ee8f80b69a8208c8d8579b1925f9a445627,1,bad5606ef18dc2e5475e13608cfe058e7829e94a3dc295a59a046779c611e589,5.93061391930276e-14,6.8942348
1606,MC1_K2_N2_L8_SP6_P3_R10,14a7e65ce64cda7dd24c9e7c9df5ff216845b4439515bec0cab15876a78f9728,7ac5f2ed7f8b920df52a4e1cde4f3ee8f80b69a8208c8d8579b1925f9a445627,1,4280823f55447220dab8616b945c2096379362412a67d289b17f33322501a447,4.79616346638068e-14,6.9077389
1607,MC1_K2_N2_L8_SP10_P3_R10,db345fffdb18d59244d94f00062e233c6c2afd927e5920307c6ce46698e5c3d3,7ac5f2ed7f8b920df52a4e1cde4f3ee8f80b69a8208c8d8579b1925f9a445627,1,3669e2e9473a0880315f530fd20277e6e1622519c7af36c986671b2a13258965,5.15143483426073e-14,6.8912947
1608,MC1_K2_N2_L8_SP14_P3_R10,295693253444df7bd961541c7d903f6735adae99016f9bb4ef78bdd6b71d3765,7ac5f2ed7f8b920df52a4e1cde4f3ee8f80b69a8208c8d8579b1925f9a445627,1,a8297f1cc288a5bd8ca06121d6a6d7d17505a7a9be688716adb9c1dd6c474e56,2.48689957516035e-14,6.8880905
1609,MC1_K2_N2_L8_SP18_P3_R10,8f6ffdab86ce7d2d7d2b872434961fbabf5e6c5ecb8fbfbeb48640a859e3225a,7ac5f2ed7f8b920df52a4e1cde4f3ee8f80b69a8208c8d8579b1925f9a445627,1,84be847e612865ade56b3bd46646786cc5bdcb238f9f3d16795ec1a2f8b52e02,2.1316282072803e-14,6.9264158
1610,MC1_K2_N2_L8_SP22_P3_R10,e37cc88e02379dbec79c6a76a15b23aa692447a6502f8ae2ebdea8d2fd1db845,7ac5f2ed7f8b920df52a4e1cde4f3ee8f80b69a8208c8d8579b1925f9a445627,1,f69d360e35e3f546712efc2989b12f0d652b14d60a99bee922bd8c8b08c3db05,4.2632564145606e-14,6.8707983
1611,MC1_K2_N2_L8_SM6_P4_R01,0e3484efe3aab8f0c02aee67d4a1cb138e0dd01a017903eac21c05096dcf5863,7ac5f2ed7f8b920df52a4e1cde4f3ee8f80b69a8208c8d8579b1925f9a445627,1,928b556f795b44e9e0e70b46bbe644e642d08f87a09ad51fa1b7e015c06c854e,2.8421709430404e-14,12.0225448
1612,MC1_K2_N2_L8_SP0_P4_R01,f76ada0fba82af419b00e0a73cfab4e67b9e6fc1b32f302d62770954e0fc1cd6,7ac5f2ed7f8b920df52a4e1cde4f3ee8f80b69a8208c8d8579b1925f9a445627,1,5a50621b9ad503617c1aab283c841fbc92992e7c0e01dabbd200e7a83840c984,3.66444437290251e-14,12.07647
1613,MC1_K2_N2_L8_SP6_P4_R01,ac9013a2acee8183f115530f22b3df7f1cb2df5356b78402ccb515e2c5e66bfa,7ac5f2ed7f8b920df52a4e1cde4f3ee8f80b69a8208c8d8579b1925f9a445627,1,642ba32e62ec84b9fc842b10b8fc1ad6dfc9b5de139eaaa49227c778fe17206e,5.50670620214078e-14,12.0278567
1614,MC1_K2_N2_L8_SP10_P4_R01,9795a1ca95329e82544d80c92c683454024c33ad1ed1dad30e4b763d9fbc2171,7ac5f2ed7f8b920df52a4e1cde4f3ee8f80b69a8208c8d8579b1925f9a445627,1,71fdba1c9a69a8d952b91efc50c642aec2b5482163151d7b13b5137a7d0a24d6,6.75015598972095e-14,12.109231
1615,MC1_K2_N2_L8_SP14_P4_R01,ce1de11a7d49ef61f6f26f6bbb85ade27622f8c483e9104c133a8289b60e320f,7ac5f2ed7f8b920df52a4e1cde4f3ee8f80b69a8208c8d8579b1925f9a445627,1,930bd9981cf22d808d29d747ea2985764be865cae6dab09efdde9edd64e67ba3,7.105427357601e-14,12.0508791
1616,MC1_K2_N2_L8_SP18_P4_R01,3cf3bdd83a305d5498a6653a4bfd9cffb068bb551f6ed2e912e613c2ff702a12,7ac5f2ed7f8b920df52a4e1cde4f3ee8f80b69a8208c8d8579b1925f9a445627,1,309c8efb08075362c98dd25488617560474aac06924b656fc1b18b39e636b0d5,4.9737991503207e-14,12.0772203
1617,MC1_K2_N2_L8_SP22_P4_R01,2ba178c2942262044c4d2a07635626a8c6723b9b5182082943a347cfb44a1c27,7ac5f2ed7f8b920df52a4e1cde4f3ee8f80b69a8208c8d8579b1925f9a445627,1,da52b71e916487aeff61fadc9f497633556a7c495be4ed763fa46ab2364a2c66,9.2370555648813e-14,12.0160792
1618,MC1_K2_N2_L8_SM6_P4_R02,32ab4bd4cfa93afe25168b2622aea53c61e473a07c00762615164c1e6cc293e1,7ac5f2ed7f8b920df52a4e1cde4f3ee8f80b69a8208c8d8579b1925f9a445627,1,5ebdfefd987a1ee7e468c90fb34b2452f80021fd54d06c16a3d5a2fb41223bde,6.57252030578093e-14,6.8701339
1619,MC1_K2_N2_L8_SP0_P4_R02,ad284caa4bd5fc1e29aed31a6b6755c2782bafd6ed44b912240f81dea75966c1,7ac5f2ed7f8b920df52a4e1cde4f3ee8f80b69a8208c8d8579b1925f9a445627,1,0c9109a00dae6d8a962da082bcbb976a9064792d81e85d7ac34f4fda926d2c1d,1.55256722115076e-13,6.9240909
1620,MC1_K2_N2_L8_SP6_P4_R02,01d532a4d2e104269611ef99d06f420f7b5e9a653442dad339fd61688c9e91f7,7ac5f2ed7f8b920df52a4e1cde4f3ee8f80b69a8208c8d8579b1925f9a445627,1,4b839eb8e0d878b7f83b2885a4d514fa726b6dec6d10ec4d784cd80f6feeb97d,1.04805053524615e-13,6.914676
1621,MC1_K2_N2_L8_SP10_P4_R02,121591e856e463bb174dcdaef4343836fe6c49f289e8f5cc27b3b8caeb9361b8,7ac5f2ed7f8b920df52a4e1cde4f3ee8f80b69a8208c8d8579b1925f9a445627,1,c04b9e3eb86eff04a1296f4fc9278cb34810b85c4a4d1ffaedb2c17b03f91906,1.31450406115619e-13,6.8886407
1622,MC1_K2_N2_L8_SP14_P4_R02,a61a4bbf3ef63dcbe37292c44005de2c115318cb64c985e0990f354013afa0d5,7ac5f2ed7f8b920df52a4e1cde4f3ee8f80b69a8208c8d8579b1925f9a445627,1,a752adc3702acf6b9a7b4ed69d4f0f0800d70919912b044939540f995cbe212b,7.8159700933611e-14,6.9092278
1623,MC1_K2_N2_L8_SP18_P4_R02,842ceb4a577c670af3c4ea7dea926d2327f1e9e61d364d21dca592f9c94ce388,7ac5f2ed7f8b920df52a4e1cde4f3ee8f80b69a8208c8d8579b1925f9a445627,1,f22f3d5487f9a0fb08ad68b25e58c4b40c72b1c9c1ffbe65a9ad67ef058b7d52,1.17239551400417e-13,6.9236285
1624,MC1_K2_N2_L8_SP22_P4_R02,f0dd221209dc0755b6d2476ea21a940472a38029780440eb885272732e045422,7ac5f2ed7f8b920df52a4e1cde4f3ee8f80b69a8208c8d8579b1925f9a445627,1,0ba0b18be31f2a3c9ef6bacd642dbbcaea731862d445a20499935c90629bdc94,1.20792265079217e-13,6.893445
1625,MC1_K2_N2_L8_SM6_P4_R03,a783ae672918bbc0624ae32ebc227cb060848db6ddfb656cd1309d0cd25e663f,7ac5f2ed7f8b920df52a4e1cde4f3ee8f80b69a8208c8d8579b1925f9a445627,1,fe6bb0d8c1d937a800ecb8a1a551e3ada17417c93025231c65c49f62c127f3b9,1.59872115546023e-14,6.885926
1626,MC1_K2_N2_L8_SP0_P4_R03,0bbc07e30c7f80cf47e29b8f076956e83ee596aa9624aa5c8972884b6c63b22e,7ac5f2ed7f8b920df52a4e1cde4f3ee8f80b69a8208c8d8579b1925f9a445627,1,b64c68013ac6b367a13a2d1068e53ae8b3ce491e2b47e0fd7d8eeca8522e19cc,1.92865493310657e-15,6.9016277
1627,MC1_K2_N2_L8_SP6_P4_R03,913efc169321fdffeccfb7d66bd24d1f10b8dd5e3cf6f8831824e3cc91078217,7ac5f2ed7f8b920df52a4e1cde4f3ee8f80b69a8208c8d8579b1925f9a445627,1,6c9b2227663b89598917dd84bf899d53e469d17655099112f361fe6ad18e1520,1.68753899743024e-14,6.8907053
1628,MC1_K2_N2_L8_SP10_P4_R03,17960c19f418582590ae642f6f9aa300f3bec6611481d059a130371f3b2f83c8,7ac5f2ed7f8b920df52a4e1cde4f3ee8f80b69a8208c8d8579b1925f9a445627,1,419b75b53eb0e5eacb0808fb81af0874f6f7210a0cca616f3475bc0243eac4d3,4.08562073062058e-14,6.8974638
1629,MC1_K2_N2_L8_SP14_P4_R03,b94bc5a5c1eda08f78dee7e4b3712d5e266c995556f67a5cc5031cb160b1fd05,7ac5f2ed7f8b920df52a4e1cde4f3ee8f80b69a8208c8d8579b1925f9a445627,1,0d1cf3ec8c92a4de8d5d2cf90cd9d3abf3b7650faa8b0c9cc969170bc9f61460,4.61852778244065e-14,6.882771
1630,MC1_K2_N2_L8_SP18_P4_R03,bdbb145348b6829dc14dc21e07e60ab9a196d43808ed28907788bd6e954579f3,7ac5f2ed7f8b920df52a4e1cde4f3ee8f80b69a8208c8d8579b1925f9a445627,1,74cb306a6ebcd2d03e440890e796710fec92bc12c050ad3e054a0a318feed739,2.48689957516035e-14,6.9439545
1631,MC1_K2_N2_L8_SP22_P4_R03,c630c561e08d56d12e2186a21709df172c5c425acb8d8a7869bb07bb3b46d616,7ac5f2ed7f8b920df52a4e1cde4f3ee8f80b69a8208c8d8579b1925f9a445627,1,74598eeee7d34068f8e6b047c0c0afc5390c1a12f4a17ae715c22e310645810f,2.1316282072803e-14,6.8926762
1632,MC1_K2_N2_L8_SM6_P4_R04,b8a2290b93575af48b81d0934f4c687001ce80facb57d4ffb62dd62c7380c6cd,7ac5f2ed7f8b920df52a4e1cde4f3ee8f80b69a8208c8d8579b1925f9a445627,1,768f38168d4865a9869749bd84d9d8ac038e7fdd40396aa9b677e017f594de63,1.24344978758018e-14,6.8806723
1633,MC1_K2_N2_L8_SP0_P4_R04,4cd3a3c0ae927620e9961e0c1ea3db8209b581bf6a099e2d85a27bce7bc294a8,7ac5f2ed7f8b920df52a4e1cde4f3ee8f80b69a8208c8d8579b1925f9a445627,1,aa02dbd2310c6e5813568cb3795b258e8f5fcdeba5b0e332f058d741f27b1fd3,2.21795317307255e-14,6.9134054
1634,MC1_K2_N2_L8_SP6_P4_R04,84c51e44d5c2b425c4f0125fff69056d63deafda2a1c337cb31510026481c104,7ac5f2ed7f8b920df52a4e1cde4f3ee8f80b69a8208c8d8579b1925f9a445627,1,b74f9d68f4061f124e9a5cd2db519264c9584856ff534ae64ece2ae2df559fb8,6.30606677987089e-14,6.8877711
1635,MC1_K2_N2_L8_SP10_P4_R04,832d379319351145d24ed33eed09fa43478570ca410317fa819018e3d7895162,7ac5f2ed7f8b920df52a4e1cde4f3ee8f80b69a8208c8d8579b1925f9a445627,1,018765e4cbed0d89370df93b1eaf2de2daf8729241215d4744af442d9995b61d,6.03961325396085e-14,6.8969798
1636,MC1_K2_N2_L8_SP14_P4_R04,c15cdc9ed57ae7afdb28da3370f34fd95a83ebf1a0795d66d3dbf7bb8e22bf31,7ac5f2ed7f8b920df52a4e1cde4f3ee8f80b69a8208c8d8579b1925f9a445627,1,350696f864a01502e1919cb96d424b8e4a90a27654515e05f03a044a6c578836,4.61852778244065e-14,6.8788089
1637,MC1_K2_N2_L8_SP18_P4_R04,de49485291b98bb4d279379f3b51042d3bceaab5bcf4b7e57d9d051783b5099c,7ac5f2ed7f8b920df52a4e1cde4f3ee8f80b69a8208c8d8579b1925f9a445627,1,04879f24f9d07b100ff44c4228097f15c7caca586249396e3afb6fd2634d54f3,2.8421709430404e-14,6.9648682
1638,MC1_K2_N2_L8_SP22_P4_R04,acb404912c897004f4f7a8166c3a0c79e871b5acd9fa13fd0061d31de9b86d2d,7ac5f2ed7f8b920df52a4e1cde4f3ee8f80b69a8208c8d8579b1925f9a445627,1,89d4742f08d633d50564214ce168008ffb9fda1c2f880f73b588ac23929e7f7e,9.59232693276135e-14,6.8642733
1639,MC1_K2_N2_L8_SM6_P4_R05,07b44d892a5593c9255b98ed72add7568c4caf0b44ed24ba1258a671d6f3ba9e,7ac5f2ed7f8b920df52a4e1cde4f3ee8f80b69a8208c8d8579b1925f9a445627,1,50635838c70d534511a119fe34f13557b7bd248cfb09e90839eb6bd7d4daa604,3.19744231092045e-14,6.8822632
1640,MC1_K2_N2_L8_SP0_P4_R05,ed96b4ebb43e9c5abff2a1a95e2c28a35f04a490c7cc6245db639b9b7dfc21f2,7ac5f2ed7f8b920df52a4e1cde4f3ee8f80b69a8208c8d8579b1925f9a445627,1,a9a7301373989aca033c7f9d4d20f4745c64e27539b52b227887b98b8b204184,3.56801162624715e-14,6.9090526
1641,MC1_K2_N2_L8_SP6_P4_R05,faddd41cddebe9f25f18324e554a0e96bf12be2c4fd6f7db92d678e28383bb35,7ac5f2ed7f8b920df52a4e1cde4f3ee8f80b69a8208c8d8579b1925f9a445627,1,9866b5b7e7e351de47e6a165efdf988d9e82c9ae168a92701f028bad63b6fe7a,2.30926389122033e-14,6.9292568
1642,MC1_K2_N2_L8_SP10_P4_R05,f689ab0da54f9e51f75ac41e3d93842202a5aaace7cb5549fce7a9469ee16f81,7ac5f2ed7f8b920df52a4e1cde4f3ee8f80b69a8208c8d8579b1925f9a445627,1,a4c5a088c64436234d955285d0402951579fa4564800a4f2eabbf1bb0d08b94a,8.17124146124115e-14,6.9228724
1643,MC1_K2_N2_L8_SP14_P4_R05,a15def37da207a85240a221ef882bd49b14b2e81ad0ca5059ca6e3538e85607d,7ac5f2ed7f8b920df52a4e1cde4f3ee8f80b69a8208c8d8579b1925f9a445627,1,9e785e9393415ad5f2f37e6f00f166f48a88cd7410591278f5349123c4d5c50b,2.30926389122033e-14,6.8702445
1644,MC1_K2_N2_L8_SP18_P4_R05,8a527f9f78ac72286098432ddae7de4b547c1abbcbfb20710640222ad6eeb809,7ac5f2ed7f8b920df52a4e1cde4f3ee8f80b69a8208c8d8579b1925f9a445627,1,390b8632af8736192e36f3e8e70b8b1169b7a392d03ac49c6b88c53605409b17,1.35003119794419e-13,6.9355185
1645,MC1_K2_N2_L8_SP22_P4_R05,cec32977518e12c926353ee32d877976d40437a4807dbb396175801efea19614,7ac5f2ed7f8b920df52a4e1cde4f3ee8f80b69a8208c8d8579b1925f9a445627,1,7b14a07920f3c1d1a39abe8d44ff0556727d2120d5dcc0085f7a976c15e64e41,7.8159700933611e-14,6.8666392
1646,MC1_K2_N2_L8_SM6_P4_R06,1c49098e528a6e6d8d12fcd825c276e43ff01ccdab1899a38da4ae96559eb6f1,7ac5f2ed7f8b920df52a4e1cde4f3ee8f80b69a8208c8d8579b1925f9a445627,1,e561beb908bc68960e819a59a05e0b6d9471bad3f62bf49eb4aaa2463e8bb3c2,3.19744231092045e-14,6.8963757
1647,MC1_K2_N2_L8_SP0_P4_R06,c7f47f175548dbe8cde3c3f95a0b4e685e3766574406a423871a606593d2b3d4,7ac5f2ed7f8b920df52a4e1cde4f3ee8f80b69a8208c8d8579b1925f9a445627,1,afe38519bc6742963e9c2674a2b01275a5d3fe8406e56bc0b2921bd276984c45,2.0250876797619e-14,6.8967396
1648,MC1_K2_N2_L8_SP6_P4_R06,5e52852e0669b7095b77f4f849d0df936bd9c716a4a7c32a3bd1347fe55154e7,7ac5f2ed7f8b920df52a4e1cde4f3ee8f80b69a8208c8d8579b1925f9a445627,1,5f3aa712c34575a4e71bcce5c1d354befda927b785ac5f8f3bd883bf93dce597,6.48370246381091e-14,6.9220812
1649,MC1_K2_N2_L8_SP10_P4_R06,a83b608353e79cd30c19d5b411d1c68085ad1b961c786632814559cfbe3466ad,7ac5f2ed7f8b920df52a4e1cde4f3ee8f80b69a8208c8d8579b1925f9a445627,1,6445b10b9be17e65de0f67d84bb3a2f3543b012d7b82984f1b38f73a2bfedfea,2.1316282072803e-14,6.9373762
1650,MC1_K2_N2_L8_SP14_P4_R06,82b1a9220964b7a25556c820b170b145f5b426a61cfd54155ec59ee6447a82eb,7ac5f2ed7f8b920df52a4e1cde4f3ee8f80b69a8208c8d8579b1925f9a445627,1,60cfe397db9e8fafa81fac645ea510ddad76f3986785cbdd01f038401673d6d2,4.61852778244065e-14,6.8906906
1651,MC1_K2_N2_L8_SP18_P4_R06,eb5b18e5faac68bd1d7d56e5f384014ce5975f424607e4c644fdf8bfb9f1dd63,7ac5f2ed7f8b920df52a4e1cde4f3ee8f80b69a8208c8d8579b1925f9a445627,1,7e645106f12adf23276696076e9da22a2b8e46c56ea5a8c4993da4a233b068dc,3.5527136788005e-14,6.8897231
1652,MC1_K2_N2_L8_SP22_P4_R06,5d94d78bb3bb7a80a08c4f241e9c1d30b018ea5b8264668a076fa8ddc2dcff5b,7ac5f2ed7f8b920df52a4e1cde4f3ee8f80b69a8208c8d8579b1925f9a445627,1,1620aa890dc24fe2c9845010516564713ee7950ce3d7fccbb55a202e4d4cc5dc,7.105427357601e-15,6.8968981
1653,MC1_K2_N2_L8_SM6_P4_R07,808b0d37040e9b703dce0eae0ec26b184d771c0917ceb64cc8db520ad6f84719,7ac5f2ed7f8b920df52a4e1cde4f3ee8f80b69a8208c8d8579b1925f9a445627,1,76d410c02894f4b7b7b2021e80132e6ec9ac82c7f40a50e63ca975ae2c3afc11,3.5527136788005e-15,6.9124237
1654,MC1_K2_N2_L8_SP0_P4_R07,0271072901f3ed6ef526f92e2c74d599b92752d23f6bb75b7f33c8d9f03491ab,7ac5f2ed7f8b920df52a4e1cde4f3ee8f80b69a8208c8d8579b1925f9a445627,1,21dca5c33f5ed2bd07057322bfb8c0654ec353226158b161429b07217b5a71a1,6.750292265873e-15,6.8970381
1655,MC1_K2_N2_L8_SP6_P4_R07,2d61b09d38a63167dee8d0b8fe73d0a23776980143331dc1be0d70d07147639b,7ac5f2ed7f8b920df52a4e1cde4f3ee8f80b69a8208c8d8579b1925f9a445627,1,67dcb767e1293719bd34a944eceacb7c3f7f748972b877132988744aba84ea21,1.4210854715202e-14,6.9397393
1656,MC1_K2_N2_L8_SP10_P4_R07,91ff93695ebddad73b101fbfc0056c3b607f76a074dc62944fbc649aafdd3ba3,7ac5f2ed7f8b920df52a4e1cde4f3ee8f80b69a8208c8d8579b1925f9a445627,1,1af8b99d6562143850e083ef42fc5e30ddcffe4638690444315bf3ef892bf58b,1.59872115546023e-14,6.9048265
1657,MC1_K2_N2_L8_SP14_P4_R07,78784fa875d627b5e8af6fcbd17ec38e2ec5fa8c02d29e23837335592ef6b822,7ac5f2ed7f8b920df52a4e1cde4f3ee8f80b69a8208c8d8579b1925f9a445627,1,86767b687fef4d39e1eae0ddcfff1716cd55925e94f9ffb8701c28f166910cf0,1.4210854715202e-14,6.8864596
1658,MC1_K2_N2_L8_SP18_P4_R07,24c397c80c582f43c85b9e4e75ee617c9f9a0a2827f5d0dd8296c4c4320cb213,7ac5f2ed7f8b920df52a4e1cde4f3ee8f80b69a8208c8d8579b1925f9a445627,1,4010ab7b4a517aa61ab15a6b8600e29df641db6a869f878a4d14da173ef306fd,4.9737991503207e-14,6.899404
1659,MC1_K2_N2_L8_SP22_P4_R07,a65f2545ae7ffaa42cccd377ca1eb36045f46fb1bbc29b6efc79044f55ca68e0,7ac5f2ed7f8b920df52a4e1cde4f3ee8f80b69a8208c8d8579b1925f9a445627,1,dd5449991f3d79386e58d60e326bffb6c122d09abb1d3e17ced2d2303f9eb69e,1.06581410364015e-14,6.9058258
1660,MC1_K2_N2_L8_SM6_P4_R08,34c53ca244d80e3f5ef015dff46918e2d23ab4d51d14dff9aad44d3b11c66fa7,7ac5f2ed7f8b920df52a4e1cde4f3ee8f80b69a8208c8d8579b1925f9a445627,1,a505ec8d85bd9806cfe608ad9b4888c9bfbc878b5648640f09348ff2c08e7d2a,6.03961325396085e-14,6.8765187
1661,MC1_K2_N2_L8_SP0_P4_R08,0a61d19ace8b4ef406e970c80c3984722a226fc3d984ca1f01a5683a53721adf,7ac5f2ed7f8b920df52a4e1cde4f3ee8f80b69a8208c8d8579b1925f9a445627,1,949188f32e61b6d420ce740f4efb69a9c95e77be7c93ffd448c771a2c92f0d79,3.51979525291951e-14,6.890546
1662,MC1_K2_N2_L8_SP6_P4_R08,cc58314c6170ea0d2ec0b604f560a0d444030e2d3b174e639232e08067979cf0,7ac5f2ed7f8b920df52a4e1cde4f3ee8f80b69a8208c8d8579b1925f9a445627,1,f580cc538f936eca0704340a10b5d6793ba576815da0d5e1a6a6eb5bf73e1d2b,1.06581410364015e-14,6.9528195
1663,MC1_K2_N2_L8_SP10_P4_R08,9a6120f63ce30a34381e46012257b92245d2e180dc9fa8a9c203f3c7041e47de,7ac5f2ed7f8b920df52a4e1cde4f3ee8f80b69a8208c8d8579b1925f9a445627,1,18ec345aecd73943a340883157e9b538ac496ecd8054ce9a4d30c51837c61e70,6.21724893790088e-14,7.0723256
1664,MC1_K2_N2_L8_SP14_P4_R08,bda913235cf1a13bae90c2c44f15c1cd31bb4d05f2aa208fc5059a9b1f51cd94,7ac5f2ed7f8b920df52a4e1cde4f3ee8f80b69a8208c8d8579b1925f9a445627,1,3314f7e7e0137e9f31e82038ebdbfce5d0a02420b164d6a5e3a25c3d81c6d3ae,5.15143483426073e-14,6.8967065
1665,MC1_K2_N2_L8_SP18_P4_R08,1aa76070a37a3aa569611c3cd94577e2816971c6d1b752405ee703b93e8f050f,7ac5f2ed7f8b920df52a4e1cde4f3ee8f80b69a8208c8d8579b1925f9a445627,1,fae388d2ae3d71aeb19ee089d8eac41a9eae96d0ca6bb39b4dce624dd85ffb07,4.61852778244065e-14,6.9297794
1666,MC1_K2_N2_L8_SP22_P4_R08,bab113a882f15170f597ae15640336dce85d1f68e3afc69f98172c8c6115b186,7ac5f2ed7f8b920df52a4e1cde4f3ee8f80b69a8208c8d8579b1925f9a445627,1,08e5b8bc63960c613bdc3993d81636238906ba32f6114b6053a7c24680f1c42b,4.61852778244065e-14,6.9513425
1667,MC1_K2_N2_L8_SM6_P4_R09,7fa38be824fe31c77e22d1848748ee3136c386f3333edc5870c160de245a6a97,7ac5f2ed7f8b920df52a4e1cde4f3ee8f80b69a8208c8d8579b1925f9a445627,1,c2fe00d2f6177d2c53ed1aa62471e45554f30c8ca1a77fb9fcdadb9200fa6867,3.01980662698043e-14,6.9143686
1668,MC1_K2_N2_L8_SP0_P4_R09,5307aa5de40de4ac533ceec00ecbc5f14ebb566d9805c5ead53526cdfa4da13b,7ac5f2ed7f8b920df52a4e1cde4f3ee8f80b69a8208c8d8579b1925f9a445627,1,2d19778192f2374f921e7e2b1041df0a581b608c315180e5b6573147199f77de,2.41081866638321e-14,6.9196183
1669,MC1_K2_N2_L8_SP6_P4_R09,2935d8a2de1e134e6426dbfbf9d7dc35c2df4b5c90e5943960aa538fe5a8c78c,7ac5f2ed7f8b920df52a4e1cde4f3ee8f80b69a8208c8d8579b1925f9a445627,1,26ed2eace6d48c508df625155c0c762e81d9cd8eb294261e64436b3e30fd003b,5.15143483426073e-14,6.9993444
1670,MC1_K2_N2_L8_SP10_P4_R09,dee023ffaa7adb795714a46c5ecc7a9c4366a4d6d5657d0a77951e3093288d0b,7ac5f2ed7f8b920df52a4e1cde4f3ee8f80b69a8208c8d8579b1925f9a445627,1,50e8900bde5c02a1d87561f4f2dc4d9d0b8a0394470e51238a7d03999a13dc48,3.5527136788005e-15,6.9406086
1671,MC1_K2_N2_L8_SP14_P4_R09,4fa9e060ce7a2e3ab411b275c2e63eaf24d0942de58f8441c5684fc0867f84e1,7ac5f2ed7f8b920df52a4e1cde4f3ee8f80b69a8208c8d8579b1925f9a445627,1,24afc617bc2e3edf3ff36bb19b26f595672fbd420e12c3b4bc323fc628c23957,3.01980662698043e-14,6.903393
1672,MC1_K2_N2_L8_SP18_P4_R09,50504c4d12a489b9c44b87364c2b4f8741514c88339855575f94747608a48da3,7ac5f2ed7f8b920df52a4e1cde4f3ee8f80b69a8208c8d8579b1925f9a445627,1,44549d1f63d967c931202bcdb0dd39fd416e77aefc68abe57d659b212ff0dd2c,8.17124146124115e-14,6.9008879
1673,MC1_K2_N2_L8_SP22_P4_R09,5b3f0725b86d0843d1fb80c8a85bf97284ad0bf6507cd6c51c12f443ce129624,7ac5f2ed7f8b920df52a4e1cde4f3ee8f80b69a8208c8d8579b1925f9a445627,1,fb50f9764120577e9e383964ef0c0e275a02d5534d434870da8868dfe81a2fc9,9.2370555648813e-14,6.9272572
1674,MC1_K2_N2_L8_SM6_P4_R10,24d49f4b6525ee73edf9256b4b03ae9b37b9e2beaefdac0c22a6ae0d7f1f75d2,7ac5f2ed7f8b920df52a4e1cde4f3ee8f80b69a8208c8d8579b1925f9a445627,1,698f81be5429c105202b0e9d8b7f8693f9be7fc686f8b47ff72997f6c4594bfd,5.95079541199084e-14,7.3133789
1675,MC1_K2_N2_L8_SP0_P4_R10,1f9466ff74ffbdfa3683e3a9794e6e27e51f595b4b325550a351f1e8f908c599,7ac5f2ed7f8b920df52a4e1cde4f3ee8f80b69a8208c8d8579b1925f9a445627,1,0a077cddb5fc7380b7959b8c11848c3c2251753d2ed735e34ff787bb6651bc90,8.58251445232434e-14,7.1457162
1676,MC1_K2_N2_L8_SP6_P4_R10,72e8abd1f10f8af5c6fb4d9a09e891ee8e50e36630e3aee6cdbef212840981a9,7ac5f2ed7f8b920df52a4e1cde4f3ee8f80b69a8208c8d8579b1925f9a445627,1,7010cfad056794a637406df814b22707ff9c645dca300515aaebb46fb42aba3b,3.5527136788005e-15,7.1917822
1677,MC1_K2_N2_L8_SP10_P4_R10,b4764acde911ddd19af2e068f527e985d550f41c221f489dfd9738097badea0f,7ac5f2ed7f8b920df52a4e1cde4f3ee8f80b69a8208c8d8579b1925f9a445627,1,68cd598ab6b4f9b850b823c46fbe22ffd130743c3ed6cfdd9c4b1008c6d4fba6,4.9737991503207e-14,7.1538401
1678,MC1_K2_N2_L8_SP14_P4_R10,6d416927b375fd9b7ad0db7cf91bb2894acb82b87710ad676faf6d4bcc93646d,7ac5f2ed7f8b920df52a4e1cde4f3ee8f80b69a8208c8d8579b1925f9a445627,1,b9ffd1d34d74c42a9a4591cb5d9510b776ad97690c15b4da725d3767d33285a1,8.88178419700125e-14,7.1604151
1679,MC1_K2_N2_L8_SP18_P4_R10,1609a2fc1f0c7d99bd223befb5d36e2869022ab6c51f952363651f355e1b984d,7ac5f2ed7f8b920df52a4e1cde4f3ee8f80b69a8208c8d8579b1925f9a445627,1,3ff955536fab3454f3ef75c46acab8baaf3e6c358ef0edbd3bdcd854af6f8ca3,7.105427357601e-14,7.149176
1680,MC1_K2_N2_L8_SP22_P4_R10,fe93511288ebfcdb0075f7a7504c09b72cea007f71fb4f982c197f327fd295e8,7ac5f2ed7f8b920df52a4e1cde4f3ee8f80b69a8208c8d8579b1925f9a445627,1,0abcd6735af61a5c1ab9034c2a507427a04248ab75d6a32dc000f7b113c76d27,8.17124146124115e-14,7.1638444
