path,sha256,payload_hash,method_rows
checkpoints/beamspace/trial_0001_RTC_S01_B001.mat,96cc2ce9fb46814786e522b7c84e6205ec304dd6f8fbeb71e308589a7345f1df,0bc613f0ea7d468e285fc9844dcfe0d976f48f659baec7d208062a362805130c,3
checkpoints/beamspace/trial_0002_RTC_S01_B002.mat,4873da41df9db93727ac8491d9d699bea43d5a5c5fb7678caed6f0d3d0225165,12690218af532686a658b3307b9f6d0dfc4a12ee941335a55ab45ef51a1b96a6,3
checkpoints/beamspace/trial_0003_RTC_S01_B003.mat,f7f3484ece44591ba1241235ae08d06e3bf8f263020130bcb25a9d3402dba6de,55b7b2bdf6cb25bd73d19ac95532748704351d153c30d4b43e47fdb85732e5c4,3
checkpoints/beamspace/trial_0004_RTC_S01_B004.mat,b31c13a740fc3e870295f57f9d9b5ba198724e72d0acfa04c22e52aff009a53b,abd923e7de5a08653830271c368997453ced2aecddc32c7b94e13c99689e3033,3
checkpoints/beamspace/trial_0005_RTC_S01_B005.mat,4e17c14f2ab7f792387fa5e49c4010d5aced49f15de7fa9ae96d3d53aec97c98,9f8bb92933f9602a24c6609b445afefb8fb01728cab6006aaa608e0b17cc33bb,3
checkpoints/beamspace/trial_0006_RTC_S01_B006.mat,a230394f7431623453a3fd02b7870982dbf9e700cdf46a4fd5846b2862cd499b,f35afa26a652390b9ecd841dbf0dd0ab2be648d22683bfbbc1832db6c32db9cb,3
checkpoints/beamspace/trial_0007_RTC_S01_B007.mat,fc709d6d4ac10d0adfebd58b66eb91fa8a4bc97c697b7a9f28e4f5b84036f850,16725ff5cbe3f5e9139d1f8f0b2977fab4576a6b98ed404594c8d18a321e5e50,3
checkpoints/beamspace/trial_0008_RTC_S01_B008.mat,ad2cd6d9d183af7b58d05ddfbb5f4b37efd792ef47763a7c667fa4bce6fc04e0,c80c98efce9d578d0122663f6e0b96ca5129c885c45eb2e81741380ccfa4ae43,3
checkpoints/beamspace/trial_0009_RTC_S01_B009.mat,5d3985286c5ef057509b8c1441fb8a921cd72c64c59dcf68c97118c023e195b4,15f87d60b47885ef7074115052dc3043e7e05002615c8ac752504c0b48757a2b,3
checkpoints/beamspace/trial_0010_RTC_S01_B010.mat,4c4182a1df6a03b3181890d050e21dfba2b75968f74df28e87248557aa07082f,b87a357b4400f31e5cc131249a4d99d5469e509b37df8f7c96d9dd776ef621e9,3
checkpoints/beamspace/trial_0011_RTC_S01_B011.mat,a34a83fcb199b4363c179c4c1c6b67809c5bd6559b5f423dc16ef61b4ac75d5d,b9989e629d537045c050ec9e79651d3374254e17802a3e782d48fa2a375652ce,3
checkpoints/beamspace/trial_0012_RTC_S01_B012.mat,c00b7ea13ca9f0609fc788adca2c780a133e1b0fb91152c16c1e9911ae814635,934612dd0a9447451e94cbef4276674542be629285e9f17f910e2cc8c1d3a995,3
checkpoints/beamspace/trial_0013_RTC_S01_B013.mat,6c7fd34f4588910e0d689bfc09097dc156e7c16ecfe5f90bc2325ca9c1b049cf,ebab91e2ce7e3ced6a9391d739ecf0fa0f6d355503e49e4218fd83315f6b6ed2,3
checkpoints/beamspace/trial_0014_RTC_S01_B014.mat,9e95eb945352955f97850526da6c28412138cdc167ae8f1ef2817ba9c2e549dd,1a23ab22314150eb8aae020001f664b3e93428fa6894b9e07c64f238c13be56e,3
checkpoints/beamspace/trial_0015_RTC_S01_B015.mat,f0ac247ad60bf0988eea8afa1bc68a306c26e9021a313b8211034082cd98f49f,0db94a64d0aec4d314d76d1f3b1c3f3597f77c3cd7a1d8b7590b88abd9b03e8d,3
checkpoints/beamspace/trial_0016_RTC_S01_B016.mat,fd9f8bb8b6acfd5404410986d634b3cb8f3383165add6810e0d391ea4b0e50c3,969a2c913e885f83b7c94b39d2f00734fc949c181dbb8e2783d095eac6ee8f26,3
checkpoints/beamspace/trial_0017_RTC_S01_B017.mat,40a5432b9cc1f2f4669fbf8bc0e5e744249fcce1bd901635460a348bf5fd12bc,f15d6f81a4abcd2b3583893dbe114310f7b66cc7d64c518087c87c51eefa314d,3
checkpoints/beamspace/trial_0018_RTC_S01_B018.mat,48a90c7dee5f09fb37c22499470bfa719102d45304bf054fe273d584cf72d3b7,db226ffb405a243d0e290237397c9e0fbf362291fe1907481182c5a2661993b0,3
checkpoints/beamspace/trial_0019_RTC_S01_B019.mat,7c7ff489f918009b163e5be20baec39770f60f4daf81eacc42d9ae58014670bf,19bfba8b8528cff8872298ed1d1d800125afaff18b1bbef5ebd06fd7298a7597,3
checkpoints/beamspace/trial_0020_RTC_S01_B020.mat,9621d1f42102a3249d2666b9118f8856e14d2f4a0474eb05f98233a6118070c2,3fc2675981bbe257a17c2df6f84000c5263adfa2cce3447723b5a1c2b938769c,3
checkpoints/beamspace/trial_0021_RTC_S01_B021.mat,8e16d80e494c1b0f9825b39b06e9814a40db13b59c2a9065670bb379f16b8207,b9eb1f474ac651e52fef240bd17a8d0a38b01482f7346d2b8948bfc6045a8ea3,3
checkpoints/beamspace/trial_0022_RTC_S01_B022.mat,eaa11a5a6b01fd97395479f8b49e311de7af1fd93a0d8bd74fa722d3ec51cbe5,064821cdbe05e243a1abb24a835e7106cfaa4ed134a0a6ba0535e0d7bc6b4c9f,3
checkpoints/beamspace/trial_0023_RTC_S01_B023.mat,6bbb7918c7867fe855da3e8cd5ae01c0903b9f90b4231d8ae8ea76d4c1b10879,6a567297917e0c1c84ba644838245ee41d51c6c13f5031824022c77331730189,3
checkpoints/beamspace/trial_0024_RTC_S01_B024.mat,775f4655dad46d90bcb2b33f3b9fe7f10ea87e34864ed1c26ee62ed81e7da066,bd2ffb8d20b2598ea89d4b69ab7b692264a225349d5dd7f7d9439d20ac04e237,3
checkpoints/beamspace/trial_0025_RTC_S01_B025.mat,4278e47601f1c8fbaa1dd4ac757238775dec76d1da497f487a1f681d4346a0c6,3568158d2f17d3f1da9ecce87d7c57c2870f517c8faa62e8114de37c92523c58,3
checkpoints/beamspace/trial_0026_RTC_S01_B026.mat,8eb60de424105c9ca0fe2ee94a788f4b1960b0dd11189354184855e047c1201b,dea6a52b68eb53b2e8c319e101aeda9ea2a0a6cb852ab6232b959dd0b83c6689,3
checkpoints/beamspace/trial_0027_RTC_S01_B027.mat,bd62a794986d8b0827a4e126d8609c7e413cac3b3dfb3a2d5b440a66d9a2c470,5c821fe3879e94fec1b6776b1cabb51da9e6d52a89bd2aea15aa64c729ce8fcc,3
checkpoints/beamspace/trial_0028_RTC_S01_B028.mat,8dafcc331d700db8b151586c562edd56c83e23601e7235d371a57c2b68620262,a9dd5d749b059830f22e9df036cf9c3c168808e968ae389efdcf599254d39afa,3
checkpoints/beamspace/trial_0029_RTC_S01_B029.mat,77427370e1efcd3995700ac12e8095fdc2b35076b7a46357c4d7e21888dd404c,c6f6573d4bf456695284f9daeb7e71d6a5ea138a4ab13d320092faff01228d8c,3
checkpoints/beamspace/trial_0030_RTC_S01_B030.mat,c2031050cb3d2aa5ff4bfd77a0687ff9d9aa9ec50756a66247c41fbc7d5dff37,e903acae8651850e486649f226bdd23d04b19628ef7a4a5ef1fff2c5cce43f49,3
checkpoints/beamspace/trial_0031_RTC_S01_B031.mat,dd45b80134684206028a8abeac77077772989a24634292fc6a81101113946312,0c1dc6d714b21cf43eb78e241e379d9652a21a2d74a976898ba26be35153f0ba,3
checkpoints/beamspace/trial_0032_RTC_S01_B032.mat,98ddcaa0ff5d9d31a224c215025b825af48d82ce4900916441155604852b9e3b,19d24c49df287cf5bf558dedc2eeff28ded2c557d54822c04de50f4cf9789555,3
checkpoints/beamspace/trial_0033_RTC_S01_B033.mat,7090d672da602567eb328cc9e40684de03fab6cbc1d72e45201db1e8955ed465,01649686435795f2ce9f12004dc13eb107277f98aaf4863e2067dfb4f2219b52,3
checkpoints/beamspace/trial_0034_RTC_S01_B034.mat,90c52ef9c61e7005330746ba5e386acc4ae6ea6eeddfb0a3926b3c8d6a74ca1a,93da65e63f7e7a30902ea9e6fb848e7879eee35545eda67e30963f603a49af67,3
checkpoints/beamspace/trial_0035_RTC_S01_B035.mat,989a4a873feb362135de38dfa19c11a3a4e27ec206b532cef0e4585168ebd27e,51b0b7c3beb7d0158c71a754baee28124bfdb62e803d28d3e64f2931df21a6ac,3
checkpoints/beamspace/trial_0036_RTC_S01_B036.mat,0164fe16215f7a286e2ff10eb6731402e2ad55ddf9e4c4dc424699da4ceb0a18,b9689b8511f0b54d6325820ed892db456dddd0c84a5c0e7d527390be3b620e52,3
checkpoints/beamspace/trial_0037_RTC_S01_B037.mat,7076a1ce4b24e35d86a1c4ec022f7449c990f2222b393a9a299344a022db77ca,e0c9a448233bb97c757e9f77c7f8fadde8fd721306054aac7cf0f4edc8f5c8e8,3
checkpoints/beamspace/trial_0038_RTC_S01_B038.mat,bb8883b4b8f86c40f80ead91afd67c204feb4910ac678eb880c82e04f023cbcb,4d2752849116094afeea992a38d4dc81761099875c71271e9848cdcad0f09ada,3
checkpoints/beamspace/trial_0039_RTC_S01_B039.mat,8e4963d116977b19020d7c0a7d121c6fc2e910829978a9aa25926946cc36e771,6c2a7e03d92d2a845f420992f7e617ea2ab143c0b7dbce5aabfa87c433b9091e,3
checkpoints/beamspace/trial_0040_RTC_S01_B040.mat,246f1b4c34bc8782bd4039950e6825c16a2d04895cc186fe4ce751dd43628e7a,e55938f4c6ff03deed08c5fd5a6209eb70a55b9934fc07a11b0ea7f9a1d91ed8,3
checkpoints/beamspace/trial_0041_RTC_S01_B041.mat,f9d83a6753141776416f538e9cb2c17433417a762782d04fe6427fc9c6d15053,6e16205191ffa2cf5a1d0766fcd77c77d55a3f832f553cc315306322c12678cd,3
checkpoints/beamspace/trial_0042_RTC_S01_B042.mat,70b501d278e76db4abdd5a4c13b376980a320b5098427731c2fb728280c601ad,c832e1ca8f5f480152d175475ba04e74b931fd32f405a583415c1b861050ffb9,3
checkpoints/beamspace/trial_0043_RTC_S01_B043.mat,d2caaec0aaf6b5a5a84a2880ce8e2423cfd222a2bd6bff9d07f22fb9dd9bc5c4,ff749a517d8a8673e70e33d0a0065aee6d0c6c964cbbbe2e032c1f0dcddfe8e9,3
checkpoints/beamspace/trial_0044_RTC_S01_B044.mat,3f6c9908502a4dfe9b89ecad0503f07a045e62970d2f24ff88b145cdb7e6d9f9,6ef3a2961f08627b6edb041ddafa79130dbc3e01a40f57b2547b9e10e9d63a5a,3
checkpoints/beamspace/trial_0045_RTC_S01_B045.mat,6d5518563a329fd285f24e0df7474c642140d1553b5ead804786294d3ef4eec6,397d580278637924bcc3f569bf26415714e88392c70c4ed86e1af399edbab136,3
checkpoints/beamspace/trial_0046_RTC_S01_B046.mat,b4f2dd915e90147ea1638cef0fc7abe25245ef164983c9fbcb0653ea051d11ae,93462e4c0a56366f4644e0aa526c62a4c762f5d4ed74817b1b520de96fffd8b7,3
checkpoints/beamspace/trial_0047_RTC_S01_B047.mat,e4d1e8efb624745c5ea9843a4416ca3e89ee4dd95c7d78845f51496e68098e99,060e7689030e255c22a5861b3a39ba6125e542650b6861e2280fa3ea450fb95c,3
checkpoints/beamspace/trial_0048_RTC_S01_B048.mat,b385593ffc2a3bf6b2cbb14fa59edae7adde727bd33f918d211381e3c799d08c,7b902d4de82ab1a7f1bb0c9f44762273a0e674ebab6b4a41e3399f8e98f39ac0,3
checkpoints/beamspace/trial_0049_RTC_S01_B049.mat,1d51a9d5972eca14c549407dd10300dfd3dfda3d300396670b9cbd4dd8a46c52,acd3b232731aed10f8041edd9e2e577a815dd316eb6455b06243c23016e312ad,3
checkpoints/beamspace/trial_0050_RTC_S01_B050.mat,e5e68856d646af0d57f00f382d8dcf8f301dd187038784bbd5086218751756c7,6ae8524c2c148fee4ea39a4dadd8789373b4abae58b1977504a777ebbf76c954,3
checkpoints/beamspace/trial_0051_RTC_S01_B051.mat,a2edd88237a51341c0e431acc14e800a64c13851ba3f1094f79aaaae1b7680d4,6e47ad2c3f9e4981ce1a402fe6de64edcbb1a4b745754e0fed4f01b66f061221,3
checkpoints/beamspace/trial_0052_RTC_S01_B052.mat,25be94908028d128aae6f08ef75521276909f6b3e9bfc5cc6535408b0e96bd84,b764acac898b62d33e91a1c32954b764fbef3075b982b0429f1f1a711464a1df,3
checkpoints/beamspace/trial_0053_RTC_S01_B053.mat,d74257e31258fa80aea245e57569c1d3dfcba4231dabf60cbde82fd1d66052ef,baeea5211453fd3607683c5d9e055afcef3ff4633af2ec9b835db52b0c7bed8d,3
checkpoints/beamspace/trial_0054_RTC_S01_B054.mat,8bcc41375d41e82d9f5c88905634b49ecb566ec4bd87aa120d13faea506ab233,abf805c86bab01c6494ed037152b38cf33bddb94f61ddc281d0a972cfe7bc883,3
checkpoints/beamspace/trial_0055_RTC_S01_B055.mat,bfa7cf3c63e99cf6d529118c38ea99c0cfb94188d99a91201042700a7cc32153,6ee3fd9e2a3d8980e7a172555ccd95ce406bf94090c832a5677b9d499c395079,3
checkpoints/beamspace/trial_0056_RTC_S01_B056.mat,ae3a581e1df18ebf033273a5d9f2a11caad048b69fe0b4db9f54997a0f163eda,cfebd6c8e843b2f88196154181234cdd2fd9e1e53ae5e6e0aa7f03efff055704,3
checkpoints/beamspace/trial_0057_RTC_S01_B057.mat,6baa5f7c133da9c8fb2e65d95626606f4aef016218f3732513f25d9797a243e2,6a63beba29c5f865853797c4a801d23398cc8f229b86f8d0d252af452d46cd62,3
checkpoints/beamspace/trial_0058_RTC_S01_B058.mat,10cdb87c5a0a10eddaf534ca870ff5a2331cb7bcaa4971d4f92ef421a08bfba7,f87ebee54923ef62e19922682a748aa34df4ff6874a3457f33bf6b7d6bf77444,3
checkpoints/beamspace/trial_0059_RTC_S01_B059.mat,5118aa0f265295808d03e295e6070f64e34bb44060fa08fd1a3935d906cdd335,c097b3e38e461000ba816ea1d2d533620ff1f7e05ad30daf660f1694922166c1,3
checkpoints/beamspace/trial_0060_RTC_S01_B060.mat,20596ce83cb411ad9dc7badeafd76ed2743d3fdee00195468bdb0d6ba1ce0153,cadbd0203f84a4e3682c9627583107d2e267564a4b5e053893898685f26ca062,3
checkpoints/beamspace/trial_0061_RTC_S01_B061.mat,49af88734276ec6acd445558b23870b3d3c94973bb6b9d6d6f73bee7e51a63f5,c527e17b3cff1abebca0263a2892f5f03bb67afac926aeaaaab7337e7e52152b,3
checkpoints/beamspace/trial_0062_RTC_S01_B062.mat,4befeea7c586db48e536c55c77739ac8a93daf8f4253f69d5bd99284b2ac1f70,fa311ba110c4b8a769767dc411bb07b4fdaee4dc2f2aa2ecb1652fb6151c5bc7,3
checkpoints/beamspace/trial_0063_RTC_S01_B063.mat,b32d5a28b719d0f5abcf5d8c80067de3882dbf3605554c240422175a770cd264,2720e0574834b3161527ab417853563e8032ea2fa8471e5b2da04e1df85404f9,3
checkpoints/beamspace/trial_0064_RTC_S01_B064.mat,4046d43aec822d7953846f7106985fda8768feda1fb9379c9b178c667d2634e0,d54b4ff2b4a068e6b6326702acddb17405944d4b249739fa9ddab5b36c7f2b10,3
checkpoints/beamspace/trial_0065_RTC_S01_B065.mat,1c1f72f339c7a8fa21b80aa340ad56f2e3da7698cee76b210a9d3bdbb1d1d9b8,9e060f9a551b3efb5274651e3404175c06218efa9ab4dbc6f47ef7df75867cad,3
checkpoints/beamspace/trial_0066_RTC_S01_B066.mat,d49b0c04c8cf406ff41c6e4b3ca8b4230deb66221b5bd268db7dd2ee54e8cac2,616009449a5312c90e99455988c1e5cad1c98e17a889f78c495af92d2785f83a,3
checkpoints/beamspace/trial_0067_RTC_S01_B067.mat,4576924f7cfec45ec2e96ac7a815772602ae9bf7de459508bf9b624c4b963a1f,cea5fd0629e51105da7604b06c9abe0db684270f32ca6a5d7c2a62e3e63a1a88,3
checkpoints/beamspace/trial_0068_RTC_S01_B068.mat,4c6a91c821d1d2abccb852554dbecdf73c061e039d45884d98d79e91676164e9,44463676407c19b5c98c4b52c9dc716adaa5b200bc2f9c5574cc9e6a65ccd89c,3
checkpoints/beamspace/trial_0069_RTC_S01_B069.mat,b4dc6dbf2b788949598736c18db47a3ef6598df8e8365402b01146d0d04ba80d,9c214266b34b16ae72e6791e6cbadf47051ada7ca14006344df3eb7ad04e0a8b,3
checkpoints/beamspace/trial_0070_RTC_S01_B070.mat,f3d679d649667dff04b083bb0fc2d0883bd840dec10f8e69e6ba4dfc42a42697,18b54dc61fa8be04d1e22350d420af9bc36cee3f83243d423930683315ba3a69,3
checkpoints/beamspace/trial_0071_RTC_S01_B071.mat,5055ea1533116b03fdb1eed99394679750f5b5969b09b3b4cce250755095a9b6,ffe8175662c2bca122ae5b1724378acf6e63602f07925853e34699fa3114ba1e,3
checkpoints/beamspace/trial_0072_RTC_S01_B072.mat,abb80c7d4cce1b330a1808582f23f3bf048711ad1e41cc3fc97087ac8dcb148f,0672b5cf226a4d5a39d2c607527dfa6b048ac963d0ae2472650f47c1e53a258d,3
checkpoints/beamspace/trial_0073_RTC_S01_B073.mat,3d486906af7dedf972386e0c1d4fb5215210d414e06e64893f5213ebbc457e64,7ffcae6cf52ba2343715b167a0bd041771a3488bee335de2e6bc259a8eee1357,3
checkpoints/beamspace/trial_0074_RTC_S01_B074.mat,cc5ac1c8a1e3754bc649bb367c0f0602b3a72dab1b9735ba07cb1eb0a4cc49be,c2b0b43003d4a224127062b43894f67443d8f3b18cb79743ddeedd511051cf90,3
checkpoints/beamspace/trial_0075_RTC_S01_B075.mat,93cf92ea5d7daa4c3e498a2b9dd66db6e455130cc5a2af2d0be7d259722fb00f,2f589300f3a56ebc67784a49b3cd1140e456a7bcbb202d3f1545a297ca30314c,3
checkpoints/beamspace/trial_0076_RTC_S01_B076.mat,a5e30aaf2c4af7874a2011b20c83389aae8779091cc874bc865029d54a07d3f7,3097acffd3b9520cef1d858c9926a6eb0112df1cde16aff481517aed05b9f960,3
checkpoints/beamspace/trial_0077_RTC_S01_B077.mat,b5b926c7f84a9dfbf18b9779e690babc03bcdf38e953b36d3e7b7b567e2d792d,ab311658e9c08e62205dacc65de23e2cd7d009f5e9298a28c59426ceeb7e05c5,3
checkpoints/beamspace/trial_0078_RTC_S01_B078.mat,69615f483805ebf33557761afdfa814d6b7c6677ec6c51046ee7e471dc305564,34c87c6b3d6ce902d7b1f173df97f4a6af0c73266e9780885c73e58444b8f4f0,3
checkpoints/beamspace/trial_0079_RTC_S01_B079.mat,b3f70c45570f134d72830f2797cfa220644c127c8c3e2a7f486b10a81f0815c0,50d49401f5588b79b49886a84575245db8db282139e0704ec2d2c2f88eaf4a0a,3
checkpoints/beamspace/trial_0080_RTC_S01_B080.mat,9eb1be12761c3d01c550cd27903ad5723b0b74550fb73f15e79dadba80b94e41,69311072f0660184ad659bee4317ed47cf083237f5435c3415cbdb90a8ab399a,3
checkpoints/beamspace/trial_0081_RTC_S01_B081.mat,30e72d278c6d8fd04de1cb4c05cdb4125ac4ad8ad9f0cda71e4c67b1c07a7f8b,fd0d1dd91485af6ef7d1f028f778f7f231529b82ed5d415caa1df257aee6194f,3
checkpoints/beamspace/trial_0082_RTC_S01_B082.mat,106f06e7d4cccbbb877cf8e8821f48f262d313944107f350a30034082f164200,854ab56be1e29981b7f630298298c409adc0418b0a5b37b038f7d9102e0eacd6,3
checkpoints/beamspace/trial_0083_RTC_S01_B083.mat,c12e373d232ace3d24ba005f316b9236b30e5f52b2e307da7a66e680e9cc8cab,4f1d60a25091933d06257f6efc66323b9269aafd313b4449cc46cb9d95c0822f,3
checkpoints/beamspace/trial_0084_RTC_S01_B084.mat,70054e5474dee8ab518d41461d86bc19986821e4c6a0a70f1a4691b9cca02ece,4bbe6a850994852ecbe799a874f216f6b725e61b21122e47f21689f17bf7e67b,3
checkpoints/beamspace/trial_0085_RTC_S01_B085.mat,ce1b119aff08067140a2a220cf74508737b0f4f296afffdc12d6c6418d05d9a7,ff2591a0304437ea568b76586e073782689e4eda8195af31ef59625807cb07de,3
checkpoints/beamspace/trial_0086_RTC_S01_B086.mat,7deaf7d7a8393ef34141cd93a9d1d29120bd2ded028ddb2a5e753d2ab01402d0,803de5b4bf505cc42cd4be31ba24b4d24cdf616264849e3a0cfc77ecf5f8552b,3
checkpoints/beamspace/trial_0087_RTC_S01_B087.mat,dbefeb5e3e3e4b75ea929d136f6c5d8bace0c0c24e4b548756484974c4404d13,0a19cd01f3f57d8eab8770d5895564dc81fd1944ecaf2b4ec402c69625a6adee,3
checkpoints/beamspace/trial_0088_RTC_S01_B088.mat,65b21e73695d851e80beb999954d8a0504638340822be45a9e3534334324e044,17f4550280fe2202ea34e674f6bffeacfdff6385b8d04b4a9652af95e49896f4,3
checkpoints/beamspace/trial_0089_RTC_S01_B089.mat,47ebfb927ef1b87e8d9a2c80b5f56fb7eb24d7243ac12afecf785daa516bfb6c,f5f65cc23d468096196b165ac2571fa313977c40d6c87bd3e7a2eedff5cfbdeb,3
checkpoints/beamspace/trial_0090_RTC_S01_B090.mat,7e522a2f960b087c568fe96bd4970bf4095097a72fa555b6f9db3b70b59538e1,15ccf306dc47fe904a84ee60083f9602a3acd64b96e09338177656de4264bd35,3
checkpoints/beamspace/trial_0091_RTC_S01_B091.mat,efdbb35a35d6494f179d2288ca74e7cbcafe9b3df46b8331c1cb433be748d487,ed3b9ce783fbf332e9aa64e36749c5f880b2b49aaf52695cd06bf422bd7f0e39,3
checkpoints/beamspace/trial_0092_RTC_S01_B092.mat,e00c28e52fd723ce9c6f0ba1d166d5a81b68b9b00159cfe689eb8a6ce4d6a027,b56ae597eb9ab3b568654d74c74b35341fa7f4701ce6f07cc6074f6d4bb55f4b,3
checkpoints/beamspace/trial_0093_RTC_S01_B093.mat,30d4267b2afe4e59f642457a112bb129aa2decc96bc68bbe0dec0345c6b59c6c,781f621cb0d457061b52589b90167c5cf71343e0ab0a28d2276606d6a06c37ac,3
checkpoints/beamspace/trial_0094_RTC_S01_B094.mat,d778ab1d734dee32ad3b6d772e086537ffacb0b5a1fdde6295bce8d87739e4c1,f199dc1815850d7c416e41645d6c1ae6c5a54e65bc5da1ec9949914cc04a04c5,3
checkpoints/beamspace/trial_0095_RTC_S01_B095.mat,bf038396bb0e615c8e7a15356f12bb0645941c4b8d29718d0bde39cbe6ed8cd4,854ced3d049f2c93214dd244f555b9de02433126462c7481cd42a268e57a71eb,3
checkpoints/beamspace/trial_0096_RTC_S01_B096.mat,1d01d5de09d11b75b2bcb1198ca099b1ff40c3bd65f825d9bafefb319f3e9bc0,a224c9b28af6d9e7d9fa3a6116189b27e5bfcb720037e92350886d5c7a3d2d67,3
checkpoints/beamspace/trial_0097_RTC_S01_B097.mat,12a01916e8e0574f7da3e8901909c882719135e9a443d8838bb1a6d30da57108,da1fd6c80c9d187887685fd1981f18e1a60968eb0df3000bb0bec77ace211284,3
checkpoints/beamspace/trial_0098_RTC_S01_B098.mat,52420b58823b35e103612378b79e962fa870e2b8ef25f95f1d464a5df62f5fa1,964ea599ed4ef32b1835f651ce7361646919f4e147101dd4e06cc2eac2c94534,3
checkpoints/beamspace/trial_0099_RTC_S01_B099.mat,4d7f9a538b9fc9bdd37f8593736f48f480c93c3cf4f2f0769d4c114b4f4e1c8d,78c96dfd7cbedcea908a7bd30b6ceb24ef7b9789580eb249d212f72bdee9bc01,3
checkpoints/beamspace/trial_0100_RTC_S01_B100.mat,08d82862638b329f578df06855b70adcf166761efc047175970b02324da0f00b,a158a5414b550f1c6d458bfb35e45a03aab999bebbb81b11107a6dc7eeef1d05,3
checkpoints/beamspace/trial_0101_RTC_S01_B101.mat,8df020107bb3427f5256d5eef1bc1137ff19985f481b80c11e142c7973b0ccf4,291459539b2af750fae5fd9b9635194e9a80623fbdf9859a7d0323a84938b480,3
checkpoints/beamspace/trial_0102_RTC_S01_B102.mat,4add9a8786ba58945d8696851c3dcb7f5cc4ce301b2c95c15540fd909ebdfe54,b886b03938896bd4722f475386664d84075b1f4d0dd0d9c8710b9c74079e65bf,3
checkpoints/beamspace/trial_0103_RTC_S01_B103.mat,13b9bfeed0ca5c63a4fa74b75590a84908028295699a0b7d2e283da40dc543e7,9cd501d726a21b5a54a3e130c83dfdb26a759f9dd086d23dff30cfeb8b7442b7,3
checkpoints/beamspace/trial_0104_RTC_S01_B104.mat,258288a21674974448068596302bf7f77947bba500b584c9db8db1d695476bf1,97a88c2dd2a2fa86017f174a83a61f3fe622cb5b63790c1c7502bb46f5acc765,3
checkpoints/beamspace/trial_0105_RTC_S01_B105.mat,52fd51b412d98594aa7b5bf435cee02c369d94760bfcfc0996cb91cfc4f312c2,1e92a1d7ffa71ad5f7bf5ae8f460fd0a33c78f81a5340954610cb204a49e9c26,3
checkpoints/beamspace/trial_0106_RTC_S01_B106.mat,8f727c9570ee429a7da21bf789a1114e1c944b25730676bc07f2b99dfe124572,420fb514c865e7afebd987edadb67b9201f66df1a344a1f0c319f389b08b0cff,3
checkpoints/beamspace/trial_0107_RTC_S01_B107.mat,51907d4ada90cf68765702146538bbf2d49a25195e0d475f6a113ba906e6a729,338c5ad9bb6572936228ec878d997420398ba451d723d8ed9b127b4c7d6c88aa,3
checkpoints/beamspace/trial_0108_RTC_S01_B108.mat,6cdbb28f0026fcc93d93b0891b1cb63447c4087f6c7cf0de733db3eb22bca88b,ff8c5adb55f5745a79b5131208c9e960a72407d3d39b6a520da1a60a955b95c3,3
checkpoints/beamspace/trial_0109_RTC_S01_B109.mat,acdb8aeac40950d7a49159ea85fa7fdf187be1841ae7bb02b9549aede75efe02,65c077a4ca88fba3974830e05c03b7b0cb1a9d49c5d3b6b6a52cd7a3767930aa,3
checkpoints/beamspace/trial_0110_RTC_S01_B110.mat,276b5d25cbd4c8c05fd560a5c804314a48570748826d20027e436e7ec5f99b56,089e2455b513bf1d66b1664abf3c3e0cc59145db3709168b62f5bd172252d08d,3
checkpoints/beamspace/trial_0111_RTC_S01_B111.mat,4752fb4c5459416ad7689dbb91abd0a5c528c803015ea2a4c9e0cada19adf54f,5a2f267101fbe566c7f5f29f9392838021158b7bab408c22a42ddd055a08ebcb,3
checkpoints/beamspace/trial_0112_RTC_S01_B112.mat,c8221d5530c79831b68c23c51cad1c89f95e61f9af0db011908dfe7c585582b2,4e67af36f00ded2117efa81826339828bd16562dd81fdabdda51128622bbc6e4,3
checkpoints/beamspace/trial_0113_RTC_S01_B113.mat,b6e3e92cdde3f79c204f52f4b6bf245860b2d66f4f1b01d51146b43ade1203b3,fa2af1733313103ea9893539e0944647abae5cb4f115075e936bf80c3465fb7b,3
checkpoints/beamspace/trial_0114_RTC_S01_B114.mat,b1fa22f9827a8d4afc16eef0be9240e8fd18a364a3a936c830bf7b35f310489e,cb1d2e747a32173f96171485445de0d00a950e7eed0e005b5ca19f508a916256,3
checkpoints/beamspace/trial_0115_RTC_S01_B115.mat,49406bbda53e404fd418f0366d13ce1b42389be6ecbc0da5b50731f6f30ebeae,e6af218f7589383dc9c86977de80b867de6df485856a4540bff727c004df232c,3
checkpoints/beamspace/trial_0116_RTC_S01_B116.mat,b59283595dd038a0ac16f63d07bc98108c9fe288c4b912a6ced1f63dfd3a6374,4003b568b9b0d41621394a894f56e36d2bd8dd16153e0638f0ed0ef83022eb27,3
checkpoints/beamspace/trial_0117_RTC_S01_B117.mat,17c566091743326a8c1b7e0adda3a35e1f3856ce7a21fa0d0cdfe859589066a7,9c52efa83aa7883397ea2a1f4a5ab7c54e8dac262550cfc4660fabc46455657a,3
checkpoints/beamspace/trial_0118_RTC_S01_B118.mat,3fda87bbadb7064586af20034c40a2dd9e4a01a10aaf39a753aa6a33bfa354b5,7969155b09de2df58bf582112955aa7039aa2efe90c11074822ee59071f09b68,3
checkpoints/beamspace/trial_0119_RTC_S01_B119.mat,2854a6435c9a67d37ba213edc9df67372b5ffd278555d33d7c098a94dd975429,94aaabae19461e5fe21d45d5a24ebaadd6883a7c3ca7159d6488139fbb13b5a1,3
checkpoints/beamspace/trial_0120_RTC_S01_B120.mat,1715b7755741069932e90c80de719f1232756b1a402abbab4f34ab130f5ea8cb,da6624c8dc24e5d1f23f44feac6bb0f087dafabd60fb99ce79dcd013ad60cdd3,3
checkpoints/beamspace/trial_0121_RTC_S01_B121.mat,24104d7acd51586bb0942cdf53b200f70ecd5f524fccaeccc8279ac5c4c13464,bafdf72485f55d36f4ac07e94c807f165168f442b2821a39c5c92ee029567fbf,3
checkpoints/beamspace/trial_0122_RTC_S01_B122.mat,73041f44a8cffdd7afa18d217f6718aeb0019bd70bd847bf112f4ecc93448199,c33e41cdc191736a6918d04df35b8d98dcd7c3c5b0640e29545e310111b8b2ae,3
checkpoints/beamspace/trial_0123_RTC_S01_B123.mat,24777b04de4fb7a9211c6ed361d6473f2915097f3c9ad7d6561e8489f6753936,9b107969153eaaa5ba921b82fdb9202da369f20f16d99072dcd40467e56b129c,3
checkpoints/beamspace/trial_0124_RTC_S01_B124.mat,f14c2721cd4633b01f18dcff24211f3972018bd9f14e6006521ddfd0b4a09213,9c7060d35f194065721741b4a17bf0a2e406faecfa4fbd50788faa630d898896,3
checkpoints/beamspace/trial_0125_RTC_S01_B125.mat,79675e75abacca5edce399d389bc2a9f4ac379be531341db47a41fb8fb96c523,1079cc0d69cbc3adf7247f08b02ba46e422a0924c7fb3f9911431317c0ecdde8,3
checkpoints/beamspace/trial_0126_RTC_S01_B126.mat,a0fd1df613d217ae2a0d8ac66579a2b17078cc29583599eb711a6a81472f1f2a,afbc12092f11f82660c25470f03bd1c751f9872f241a2e327828666be1028437,3
checkpoints/beamspace/trial_0127_RTC_S01_B127.mat,d7ea0bc68de0129cdb671a72b86157b3e62498e44ea5afdabca6df4ea7888336,1710cce320c4bab78e3966c5c49516a756d1245564f36f7b9b0c998cbed256f6,3
checkpoints/beamspace/trial_0128_RTC_S01_B128.mat,09c3778bb7b77742c0f5ec3dc889d46a714083d656ca7fc50bfaae09cb58a106,f3e49ea2a62af93b4273db052c66204b05f850866c60974e88e3e65cccb64bd5,3
checkpoints/beamspace/trial_0129_RTC_S01_B129.mat,1d13142f77503bb50f98824214656cfdc7121fb353cb798612b64325773d7860,829c7a1ad827400fea7758705deeb9e917a72308642ab3e7f156f04ad3688b4a,3
checkpoints/beamspace/trial_0130_RTC_S01_B130.mat,d8a00f08ec55b58025b1feedaea1520cd59638db51f084c5372b68e5d11ddbd7,77fc025cd324de2c44ef9dfaaf5922b99740da477f9eacb51901188be14b7303,3
checkpoints/beamspace/trial_0131_RTC_S01_B131.mat,451c260ca8dc07574fe3a9909f5f361b9a17810352cbb948d1659bdf5b9b75bd,50fc0cad33532d3837dbb8258a03d1cb8e2f6c26f4e9c62906fa26a163146c68,3
checkpoints/beamspace/trial_0132_RTC_S01_B132.mat,d07c9e2d067a49ea2f51428da39604072fc73e611c41eaa23fcf650115113a7a,c22dac96e51984df5c72484308f87030487e7161e4ec8f5d025690cab2138438,3
checkpoints/beamspace/trial_0133_RTC_S01_B133.mat,944155a263b6cca19f985f4c99e9087e067b55130257c7c6ecb07ac5a7f23842,0ff70858d5251f7a190f5218aa6d9c8c848d3bcc1dcf7e85e9714d73b879211b,3
checkpoints/beamspace/trial_0134_RTC_S01_B134.mat,2fdfcb7466744baf4e83572bd4401add5dd79343aa7d132e2385abdb001fbc4f,c634f0526cd86cd1e878da37f9234cd076a4640bb7db5429961a9837eab7dbc8,3
checkpoints/beamspace/trial_0135_RTC_S01_B135.mat,00b5aa2d7570d98de9f08ef7ea1500a721e7c6f2baeaf58158fb733048159d5f,433cbc168fe46f2026e75aad4383af388331825d8eccfc994f10253189664357,3
checkpoints/beamspace/trial_0136_RTC_S01_B136.mat,f8bee3c293b680388c4ca091279f1a5e6616a450b748fc65a43648e0fdaf95fd,fb214be13d6bd6e3abf0f86005c242971a8b2b4787a18bfbeb789b3dfd83743d,3
checkpoints/beamspace/trial_0137_RTC_S01_B137.mat,565badd9f139329852aa19c683066ca70f871a9eb46c9d62ff206e6082c328dc,2bd5ddc124c7183257ddae44f5c4d5e5e6679957c21280c4a70ef35b4780b254,3
checkpoints/beamspace/trial_0138_RTC_S01_B138.mat,6e74acbf376fd37df83511bfab9a0a8c9af9135c49787b78df765fd3dc94f4e3,855543ed7f2d8903199fe85ad5dd5ed92eca29d4148a37bd71db6fddbdff27c1,3
checkpoints/beamspace/trial_0139_RTC_S01_B139.mat,a9671d537c231579bd4120050fd408a0ebdc4ccd0d4b172885c1196f9f38ae81,702832afa11bda48b66e703fd82e38671157e3093c4ff07c48c18ed638116d2c,3
checkpoints/beamspace/trial_0140_RTC_S01_B140.mat,12d13389863b73306e4a61842b1022c457c89897dbf4d3344ebad531116f477e,8eb6a2dfd90796b1359e9f2d75ba22747f6595db7da7e6ac1431cc6fc18bb695,3
checkpoints/beamspace/trial_0141_RTC_S01_B141.mat,54d12b62bfd1f55dd63198131c4ad900f75888c6e221ccd7457ed551e3f74e9b,b9b9b105378d75f50f35bfece9958786f5c2b7d2b4c0d0d0186bd11176e48fa7,3
checkpoints/beamspace/trial_0142_RTC_S01_B142.mat,e5a6176338182ab823392ca5324fd459c4f8cd50f80168d1ddd742a7938c9dec,23f4403eee679f83a7d509f808edaad81a13367de4c4c31546dc578536d5f491,3
checkpoints/beamspace/trial_0143_RTC_S01_B143.mat,42c7ddd742df60cff4e57fae1c4519f6c7f77175b06428052e6fcba702bd9bf4,d82b39eba4e20d6cc2de1d3ff593042a08cec697326c5eddac53d58cdbbd0290,3
checkpoints/beamspace/trial_0144_RTC_S01_B144.mat,93eae1b13734c0aa179161e266fb9a3f67071179f8cb8e7fddbb6748509c352a,6d559b4d6df65ca295204e8113a04f270a4a63ee4d4f20c2b7c1a276a2011e36,3
checkpoints/beamspace/trial_0145_RTC_S01_B145.mat,756df1e1b24dc4398c0d755a179f2ce6f513a1523a8aa19c4debba45c4e1cd02,79f164443c06074d2160e740e0a06b03b078b6b3de11d9478b0c25ec08086645,3
checkpoints/beamspace/trial_0146_RTC_S01_B146.mat,e7ca70c28bd56df2ef14a845dd7d14dfc40498fcb1820a5c673cf296f3fd2bab,154710ebdf82dcbf93fd58b2c2a325b7c32337616478eca1c649f9133a6afd87,3
checkpoints/beamspace/trial_0147_RTC_S01_B147.mat,bdf33b4561e64521ca8baff405aba25f6ab7bd2cbee4953baf76251adeacbdbd,4334c854e6338651fc72994db8f795f8da35d96e8b6a2a1878b615e1edde2d45,3
checkpoints/beamspace/trial_0148_RTC_S01_B148.mat,99074eca9750d9fb6e438d23be4a66e31e4f3c12fee396b2d9d546a7be1d22ac,cb6c4070516263395cf5420525c3bd00e937ae77b1210f99c08941f2bf90b979,3
checkpoints/beamspace/trial_0149_RTC_S01_B149.mat,b88255fb83f455000320d5c0602fe3159dd7065e0da4192323c21574ad22ab47,0e9c916fdfd37b69ce178dc9598d2c01fe5927551b7a782de7f9af80bd8146f3,3
checkpoints/beamspace/trial_0150_RTC_S01_B150.mat,7c79e6f2e9e6e409455021883a11a0b146c4c65b2e7295186f2e075f840695aa,fa38c43313253661616de92ba3243751b024893639797cf085795f6221c5228c,3
checkpoints/beamspace/trial_0151_RTC_S01_B151.mat,73e3ba9aad2b7168bcb6dc6c185dd0175cae1f86ead0564c6055de00535f7bd4,9c80a7e41ff4cb74a54ff92c833d0a41262b9256289ee52bcd24c6a1b1360669,3
checkpoints/beamspace/trial_0152_RTC_S01_B152.mat,5398aceab85955b9d06cd66757c1bbaa5d9817a999308c73f875c19e0730d84a,2399a7f07acd669443ead21906c4e68df12f00e72ac9f76b63beec636e3065a6,3
checkpoints/beamspace/trial_0153_RTC_S01_B153.mat,0dca5f51d4c5428ccd8a45ab457731a3e1804675a007682f91506df900d6e496,7223f7d5d942793082815f4650e231be5f4807d117fbc2d7e140f317176cff1f,3
checkpoints/beamspace/trial_0154_RTC_S01_B154.mat,d391ba24463681aa98c5ef682323e67fc0830da747f472caae7009e7d238c504,534744f5a977de24cf5be64c8488557f1803bb78eeb9f3e5ab0349e1ebaa9068,3
checkpoints/beamspace/trial_0155_RTC_S01_B155.mat,03543e823436af95b767de12f490fbff45cfdb4cc9d8645554bc3436600acbdf,84f73091d70dc8ca27bff9bf3a6f06e647304182b9bc2d40f960133a197b7c0d,3
checkpoints/beamspace/trial_0156_RTC_S01_B156.mat,bbeecc9b9b148d91c5557114fc616f0140905603eee313beca3ff3a50f050490,36272be8c36c2350945691f15da34a3a713ac3787b4e92308f4418957c4d04be,3
checkpoints/beamspace/trial_0157_RTC_S01_B157.mat,93a413614d5e6a6448a5e5e7da42e5b21ebb1f90a9a8dbfe03c5e977b5ffbf51,e84ed246cf8bd6107eb158a99f2f4bc754bb6f2a49deb27dc5c3c420bf254305,3
checkpoints/beamspace/trial_0158_RTC_S01_B158.mat,c3d7cc07bc5ed4724baf39e7582ead75a9630b8a2618d1a435a63ca4e01a960d,00fee443fcc0bc397571d0a64a01bc2793c9ab6e5b3190a6034c9ea13ddd6773,3
checkpoints/beamspace/trial_0159_RTC_S01_B159.mat,e552aa45acb4d1bb62862ed0a66c682b87da5910112f57d7f5d13de557f169c8,68c1a636cc359b32895d6e91df0c06bdbda8fd9ac99646e2d7c9299609e49ca9,3
checkpoints/beamspace/trial_0160_RTC_S01_B160.mat,b7c2b990d80578a1bf5526f71220ab1aa13942217ec8599b91b5ab0c43b75fab,4ed56060ab6d676a7f6d8f14d473a1b37bbd519630051824ecfcf6ba7c18d26b,3
checkpoints/beamspace/trial_0161_RTC_S01_B161.mat,25d246e8ecfbe9bd634543a27f4f9d9b11e6250d77e7463d2e42a7ad9f6c268a,42d39bba12378531f65b9950f139a08c7c765a7e31611fbcaea28d6da3ced193,3
checkpoints/beamspace/trial_0162_RTC_S01_B162.mat,019499bd492acab457671f42a05f1fa2495d94cb6b5b8d72eeebade0565a905f,4514d2bd28bda4e66b57b08d0d2e164e06a1f3c1e6c66dd0f9ce3a16646591a3,3
checkpoints/beamspace/trial_0163_RTC_S01_B163.mat,d0d066d6308f1730416c3e57c53031b889418c749de07699354c4ea998500f03,591f8683ce5994bab5fa1054afca4c44e140909e42dfa6f450d2f4eddbc687d5,3
checkpoints/beamspace/trial_0164_RTC_S01_B164.mat,5d89983ee8cfbb33f95ba93d1fdcba749ac20f87ecc1d6d0ade56bd98efa1173,cde2eb5bc2e9dabf5d5fc76d4955b82404d7ad554735d65583bf75b639053f1e,3
checkpoints/beamspace/trial_0165_RTC_S01_B165.mat,20248ca8990926ebb53481260054717232cf99a8eb8f622566e87f9da7bfcbe4,41361fea12081d1bb5d632e29c9d3270efbc8c9006ffd27e58cf7fa6f1936f96,3
checkpoints/beamspace/trial_0166_RTC_S01_B166.mat,86e8a247441dd231f28d36bd244c34b332aae9cb85a102af466aafe6da3955af,74a132c6ee8ed4c0abd0c082edccf31bc1b9b70015975b501f3064f9067778f3,3
checkpoints/beamspace/trial_0167_RTC_S01_B167.mat,988f44861ebe2ad7154b2e1990d850ae2530cd7319e2f429304773758567a184,6a3d47b884b588a1ec641510e030863a52382f1531484ee796682aafd0f25a86,3
checkpoints/beamspace/trial_0168_RTC_S01_B168.mat,7a009324bf8ce27ee2fb0cb66e93588a070cfb6eacec53dd5a4f2b7c4b9c4d02,9cbd46f81a7b057d8a5a3f2785ffec611d1ae05dd033c12f759ef9db949b6897,3
checkpoints/beamspace/trial_0169_RTC_S01_B169.mat,7c7458fe0727f2444ceb28c5f4f64c9d232ee7c19694d16ece253c0b1d4d16e6,70dec9d647b5cadd6879d5fd08335b6cbc7c2506828cd807ee8cc684fcd6e1b3,3
checkpoints/beamspace/trial_0170_RTC_S01_B170.mat,496e8891303a73e6288aaf192b20572ae84225db5881a02d77f7dc0fb6553015,1332be088dfcb3080e03e8a1a9e67baf7e6c987c15cb84a00241beab24ee3a6d,3
checkpoints/beamspace/trial_0171_RTC_S01_B171.mat,6b0e364448d0015c98ba516240378e56c2c012e630cb6cc5252fbf6946440da8,1dbfa55483f1c03bb31cb98e8c4710d66577cab18d6679a15527a98a0bd4b06f,3
checkpoints/beamspace/trial_0172_RTC_S01_B172.mat,d1749a0ba8285f776539d2cd291a125c0818dbae8c9264aa690c183c694e0b01,a0b8a6d4e35e7f7d6a37d68b872c2593669807114714f8dbb4a73c90139a6d82,3
checkpoints/beamspace/trial_0173_RTC_S01_B173.mat,374de3b50cbd09b6ff2294d36d28c9b18b034e7ecadfd20434c9e8932b61a945,e21a19a516812e00a1a22e4960994bdb486f7e2881d46f89fab81cfb01a9621a,3
checkpoints/beamspace/trial_0174_RTC_S01_B174.mat,9d11586d97b9d73d83971d87659e05dfd55c660adcc7ef4b671a78ae0ffa9f95,44589ff929d7680bcb04e2175305a18586a581f6166b8b347161a2698084e636,3
checkpoints/beamspace/trial_0175_RTC_S01_B175.mat,d71f5fd83c1ca0ae071e4e941fe4be5cc3a885f9be304212ebc662bd1d2db63e,2fca60390ba457743ade4cae1d99232e76218443382cad6e0c40f479ccf877d3,3
checkpoints/beamspace/trial_0176_RTC_S01_B176.mat,b1c4c12c1bb3afb2381216a7c4dd29b19a4777dcbe96e7c1170513aadae648cb,b50334d3fddb208feed219ed37ae81395e6b759558a18e12fb89770e2a64645c,3
checkpoints/beamspace/trial_0177_RTC_S01_B177.mat,aa364db6360f3e7f28da99149a2e72f3569879ee5d22eb4aadbf36e778afb455,6f43af3cb393895b1dc4ffad9d074abd2c1da4f066bba627b960883379acfd8e,3
checkpoints/beamspace/trial_0178_RTC_S01_B178.mat,f8c07d1618c2e6878d51227e51a078829def6d8d8c31da04d97c5bc0cf74771f,74341faa44ce53560675811ec536a37cbce44e853d1eaeb23eaa2cfc43681fb8,3
checkpoints/beamspace/trial_0179_RTC_S01_B179.mat,da93c74401b365d1e980c19b188e36ccb06a6395d5847682bf601ff5f9cea25e,9fc343fdb245ddd23af331332495cc133deab678196e9ea874f6f1d2dbfc2a24,3
checkpoints/beamspace/trial_0180_RTC_S01_B180.mat,1704b00190dbf1f7e9e9904c8d55d30d5a27532df43b45124db245d837482ddb,26f6d19eccd1e306e8c9db2dd27a1c210c22dd129c96e203af5921b789c3bfbc,3
checkpoints/beamspace/trial_0181_RTC_S01_B181.mat,c84bc3689517b3fd0baafc568346090256e11d4dbbeb2a2dbf53aa03fd5bee50,eac20009d9087c2d90643e89cfcff076b87028c5a6abaccccae8658ea5462f25,3
checkpoints/beamspace/trial_0182_RTC_S01_B182.mat,f5e8f3e18bbe53b094283d3e29eb18576b6caaf4cb10bdc65ed72c8fc8d3d4a6,26e1a30fdb9f6af6f797d054430d12bd76e527dcb4ae7f01dadfb367dc03fc3e,3
checkpoints/beamspace/trial_0183_RTC_S01_B183.mat,c2f321ebecba907ddcbf03fab6c1dffe12b9ebd11a2f330cfa033be9fb297dc1,33fa64cb3cce2f90f02b2ab54fac0b9033755676dedef6a5e6a036f650b7b85a,3
checkpoints/beamspace/trial_0184_RTC_S01_B184.mat,921a6c6fc46a6d212b5e3d2589c753760c6fbb8e71a5e0e3d4ff4f49d19ef198,0333cafdf00670e5fdae79d1d864c55c92ecdee06355d889e230fb60b6bf489a,3
checkpoints/beamspace/trial_0185_RTC_S01_B185.mat,37eb0d17fe1e8a6e8402ae8cf3bd1ecb662f1eeb8ab95eeb0c3792f006f37130,ab6f36a1f552d3621a568add181c4c8a0e26dff995b2713630e448400d73d488,3
checkpoints/beamspace/trial_0186_RTC_S01_B186.mat,ced3344eca1bfdb3f1d9425ae3a2eb44594975040bbc6dd45030f0b60a0287f0,c8bb053e1be8de2a11589c39a52105bff1e782c07e059a8f21e681d76b297a78,3
checkpoints/beamspace/trial_0187_RTC_S01_B187.mat,8aa9119416936d9f8ce2cff7786b760e6a6019845efd8d4f68073f3e89304dfa,fcd98134352b260c641c696743823ab5af4d852cd786ee198ef04e9a2a18523f,3
checkpoints/beamspace/trial_0188_RTC_S01_B188.mat,a972df1b791d8ea6bd45812a250b1ab334fe40b27fc453822788e67b82c0987e,f9806ec68f1ec46589a8aa3060c01938c90a403028cf1a40b6222a65880dd64e,3
checkpoints/beamspace/trial_0189_RTC_S01_B189.mat,c440184cfe257049b5dc572359bf767308601f9569ba04570b50db58a8c72b83,8e17a2403904634674e15e51bdae588c5c96dcb9927dd97f281f3efa2ce35392,3
checkpoints/beamspace/trial_0190_RTC_S01_B190.mat,465bacd06c7b873b7b1a24602f374950eb672d7d6915bcf7e54a511b78190db2,ff8c17b47497bcfae943ffcd23753bceb8514aae71cb24cc0806288a80b6674c,3
checkpoints/beamspace/trial_0191_RTC_S01_B191.mat,c9b41ed1754cc9071bdb4d19234cb51963d41140e3e0818e53b5cfcaff91da45,8461a04ee6606904af8b8781c92ece019452b627d17268375a1dbcabbfeaa04d,3
checkpoints/beamspace/trial_0192_RTC_S01_B192.mat,00d3f4ab9209a6733ddf8efdbd890c185b5e35655a0a0732e3e34f9c2d168d5c,9a584d75fd826c828d8af18a406ce158b03e7bb7ca3e033953d783ea99ca35e6,3
checkpoints/beamspace/trial_0193_RTC_S01_B193.mat,8850b72684b735934c1ded06ca5d8f378774f44c122d3952d3a9650bc83f3a37,5d29720cabe76e4a97eebb63b524c0e7e6d51fe4c06c96d91781b5c9dcc05159,3
checkpoints/beamspace/trial_0194_RTC_S01_B194.mat,a2eb84d899a58a740d6fa54597ec6148f53f89c6b3ae0e8ec389e7f60112ed2e,ece79083fdb77bc9cd60557099ccdac8bd7bd38fd5e6eebc33aa7a0007bee37d,3
checkpoints/beamspace/trial_0195_RTC_S01_B195.mat,05b7e2bf82c9ca71df2f7e7ef61bf48c3a0fbadc9657e6772f433d0fe3042906,74eea77f5d0bd5186d4dd3bfdb3286e9d937e9b8d5f677fbce9de0489cb8d6cf,3
checkpoints/beamspace/trial_0196_RTC_S01_B196.mat,6422c6702083b3a4c47670e83cfe6f506563e55f054cf8d69bf7e4451e19fceb,00cb6d8e707f84d36dceee4c195b23eec237a7040f483cd7e0d978ec4683425a,3
checkpoints/beamspace/trial_0197_RTC_S01_B197.mat,65e6b81f73f81ffee1161a1eb531d5f4f97acbcf18e2a293adeb1681a3a5f597,606f97523b0631dbc9ce1abe05e2bb1eff470bf9ffebde60dfde6d3ddde4c5a2,3
checkpoints/beamspace/trial_0198_RTC_S01_B198.mat,238c110c7c69eb3c367c03f56027cc0c6505e2c70cd77ade987cc94a20185b6f,64dad2329b8ab2d4d0cae442633a211ce3556160fcfaa93696d091f611d36fcf,3
checkpoints/beamspace/trial_0199_RTC_S01_B199.mat,e4c7347f607768762dc7dffd5d3784716cab2c2bd883b89dc47b1d9eff41a476,756c7a8eea4271e1d7bb715ed2057651358b0803f50aae84836524d6e097c46c,3
checkpoints/beamspace/trial_0200_RTC_S01_B200.mat,ca95bd1ae345af3d915f1931d82d97a789e9ac735dce01bb238ca7b051762e6a,d3538b5eccf35d0b02ccd3424aa6e554551468760625fde085775c6299c68480,3
checkpoints/beamspace/trial_0201_RTC_S01_B201.mat,e1253726700dbd19a6683e7c48a025bb0ba476f4c25dcf4c9ea3847d2f00e2c3,892c5c1553f18cdcf448840ff53a3a46f36989804dc5bebec7cd5ad17eb8cf7a,3
checkpoints/beamspace/trial_0202_RTC_S01_B202.mat,07e0b4c14b4797fb059344234e60fbc3cb54aae49370ca4cc3d77f7ba6f28377,f904901dc81d5e77c4d8e29706ff86932ab23a8cfd283cae61e4e0f8157827eb,3
checkpoints/beamspace/trial_0203_RTC_S01_B203.mat,27957203cd0578b9efd71cca4809d0e7ee8578c669470d00061ba8e90ac46bf3,7da5da7a40f0b22db9fdc1c7c21b7a83d3193f1cbee23c3d1e9387a1552a5660,3
checkpoints/beamspace/trial_0204_RTC_S01_B204.mat,0bd320639edb4fb216db19d52de53052fb8cad90c9b19effaf1372cadd423674,b1c19b693cd4e81fee4d37108482d12c506eb9375175dbb6864666ed4ccae96d,3
checkpoints/beamspace/trial_0205_RTC_S01_B205.mat,4498ae46aca0c082fea30b64a9d7e18088c4e3df670e32777b31864221b763ca,ffb2906dd425cbb778b79dd0a6ff6519829c429c415a8de526f6a8cc1cb975c9,3
checkpoints/beamspace/trial_0206_RTC_S01_B206.mat,76e3e06bea46ce2301b0557ba359b150bf70203abc4c15d6e590f5249e2340bf,2d66a8f9d87aa836ef44d065fe476eb1471a5fa148819580d8cd8b875777ab59,3
checkpoints/beamspace/trial_0207_RTC_S01_B207.mat,93fe620be49a6e3a8c22cafc733bd93a206c6592223d6fd3e526ce581c002f75,c256dd55e12d167ff996ec4e89a22659f8af0d488c86fd988500c94c7e26c110,3
checkpoints/beamspace/trial_0208_RTC_S01_B208.mat,cd37f0433a8a920cd75ce6da421fca11178f005c83435edc6e0f916696f714bc,f10be3d28fe3f3d190e5ec2179e352fe5a12ddc78090b8dc1f4ab83f9da18cbe,3
checkpoints/beamspace/trial_0209_RTC_S01_B209.mat,a50d8a6f7dba8c25065f0eff10b541ad5faa3009762d579b99bed94f915d27f6,534bd9f109517be9817f9ee40b2835ab1c642b3b5d334dd5f97582442f625973,3
checkpoints/beamspace/trial_0210_RTC_S01_B210.mat,c7af95527035c724cbfe93968a8e26e931463fc4f67dd601276987abff91a08d,fde93ce868f7ad0b9ebc03e73a6ffd0ea671af05c29fe138c27bb6e9c9d1208e,3
checkpoints/beamspace/trial_0211_RTC_S01_B211.mat,800caa46653a661c8310c6dee02069267ed4df78bc57ec0d5f41f696af293993,cf18001db27eb5f6c1c0e8f8d43697efd8c3f7a3a03a5f819ad2412d9c78f50f,3
checkpoints/beamspace/trial_0212_RTC_S01_B212.mat,e2b4dd4ea970028455c11a09b56c53eb50a0e5590a2c45790f1272abb59be293,e2573f41566b384c59da1e5ce9dec2e67528282790df56df88dbd95051a752a1,3
checkpoints/beamspace/trial_0213_RTC_S01_B213.mat,446a8e5a55598b97e60a9f460842797d0c49812aebef3464208235be72e5e0d6,69b85458381cb3a5f04580a96de5f35a6cf97fff7b2154037a4f1e026d5b66f8,3
checkpoints/beamspace/trial_0214_RTC_S01_B214.mat,70ebfc60800b53ac87f354570ed9ba1964bc1a1ca600c6e221e43a786fcfedc2,b94d64e1e5be02052f768621fd383df6579280b58e978b4a29b11bffc0aab721,3
checkpoints/beamspace/trial_0215_RTC_S01_B215.mat,93fa7805f33e7b61e06a8f1fc94ab624c286b2d2fcbaecd52bf584b6950827e6,fb8cde464a8c5c4c185d13404518816c880f5aa443741682678ee2681ec8f1d6,3
checkpoints/beamspace/trial_0216_RTC_S01_B216.mat,e0efd3be1ec0102dca91c25ab3a6f09d749683a8a18ac0ffbdadddfc1a5b1cff,ff232c556890522bf165283fbe8412672cd5cd448b32108f1a432eac68a1fc6b,3
checkpoints/beamspace/trial_0217_RTC_S01_B217.mat,63ecb62c32507cccefa16de9764331268f22ad6ef25a3831697cde41aa6e97f5,021b8b7591c65ac789a3bca6007184c4e3ebf286a3f288c84ff747ce5db8f244,3
checkpoints/beamspace/trial_0218_RTC_S01_B218.mat,e050b44ade0b35d6a9ccbe4e7331ff97f395f3d063bfb7b195b90ef9ce5334a8,92daa12af8dbc9b8352e425291b188d37a261e2d707e53cf6812c1208966c4e9,3
checkpoints/beamspace/trial_0219_RTC_S01_B219.mat,54b6d4f440a257712a4d4570688e6329037b8895917ad74f2ababfd3141ad560,ad3c01b21ffc04c2bc0e7b6e470ab3b9d1820a128e334565b390a853d0868247,3
checkpoints/beamspace/trial_0220_RTC_S01_B220.mat,a707287ccaf4eac8ecc54c6fbb836008351d491e943c6f76845fb9751ccabba1,ac7f70f394a4d5edb50568e895291180b052203720a8497b1ae2b3fa1c41bb7e,3
checkpoints/beamspace/trial_0221_RTC_S01_B221.mat,6de65dd0c43d91333063965b241f68655418910cdd44e5d640ea8d02477db738,71b1ee40cfa2593ac65f472960a021098441b098c67b0ffcefdff66e14b199d5,3
checkpoints/beamspace/trial_0222_RTC_S01_B222.mat,966cca59bf42e8d31092ecbeb7757c5f1cb35b7f6e8933430c605cc6bac3f2e6,7ad6fce23b9e3152298045883b30f37db2bf2849557719e080d9dbd282df0f18,3
checkpoints/beamspace/trial_0223_RTC_S01_B223.mat,ed3e18d7611d508e5accbe8a62300481e7282819be5192ba7a0955d764ae5d3d,d5308f3f2977e653b2989daf94fe962bdeea57aa11197ecfdbdaec54bdbd782f,3
checkpoints/beamspace/trial_0224_RTC_S01_B224.mat,26822c8cdbf8f147bc6d0aa36767404ef4dec8d047d45f38b8bca5826ace5692,4254b64504d638ba28f1f0c51c0b8b0a1017cbadeba042b17a9425362a4ef1cc,3
checkpoints/beamspace/trial_0225_RTC_S01_B225.mat,1a92dc69c5c6860656362b600c7e9b62bddc4e908c2af393d4bca3214be5b833,5bd1c4ae743a2ceb9df2aaa9116a0361caaa5d97ff11d7171fa572bccfd6b527,3
checkpoints/beamspace/trial_0226_RTC_S01_B226.mat,e72ff8c88bad69c82f76e8109ea704f8bf2591863cd350db2d03ea9c0aa00e63,336b20e142b14a52872e4d8d4b604400ba83e84de25f044d971b039bea0472ba,3
checkpoints/beamspace/trial_0227_RTC_S01_B227.mat,f904fec17cec20b6046e9b09d5538d6afc1a5c0b4d9104d199ac4eda9b31791e,d4d90a61344c47650f6d13cbe161e5cf60e1e31f1b09058bf2aca1e01fea9beb,3
checkpoints/beamspace/trial_0228_RTC_S01_B228.mat,e130ccd95e5ed92daf3eed56b7863622ada1e147b5f0c6275b9d5a6c2f8959fa,fdb4c3c5118291e0fb819a4f87f1fc0b3242de649a37aee4e671d3029371d83c,3
checkpoints/beamspace/trial_0229_RTC_S01_B229.mat,75c771ee300a0cb7970551ba65a3d9384e0943badbb16fb589f2371750cafa0d,7166be6fd83bbc5d4bb5eeb4ec0b7d113b27989ae23d5b8d65f141db4a921af9,3
checkpoints/beamspace/trial_0230_RTC_S01_B230.mat,81f08a3af23272b06afa96e10f9cba5264eb5840e1887373c31d202ac8ad879b,0ff6bbe35d4b1ae0bfff98c567286c7206a1a4d151483411cf098d1b744cfc35,3
checkpoints/beamspace/trial_0231_RTC_S01_B231.mat,cdbf5a181aa6ecee1c09120a85c53700b4f30bce99239df1409d8f8853ef6e3e,3f3f4074d2e4c6379ba04afbc1b0b7fe16da81bf0e24e3c9b4a958eeba3de04e,3
checkpoints/beamspace/trial_0232_RTC_S01_B232.mat,0a24ba2ad58eb71fe4788939dca5a506a71e7e4a8e65d261c2799186506485ef,c4044191b25bb60744055ce7ecafa5011f21714774929491aadb9d52878ce290,3
checkpoints/beamspace/trial_0233_RTC_S01_B233.mat,454cd7409ad4d4ca7ab0dcd91a0562606339245fa05da1b62b84a0a388525f41,2c0d2e90a53ca63da77b1967ffcc690dbbf6e588e9a55e713795ab6d902767f9,3
checkpoints/beamspace/trial_0234_RTC_S01_B234.mat,2f2b8c815fb60b28b413d98807b686a13719fe6fbbbf04efeb0bde40513661ee,832a67cb84d143f9b54f9867b1a83e9e8697cfdc3a542e6938a9b2589b717302,3
checkpoints/beamspace/trial_0235_RTC_S01_B235.mat,530e43a77a836480f703e57335f9b9571f232603adb00d147f68f14f35fcf3ec,dddf12b922d775eb84198e7fc0d28594cb2d4b7235d403e0fa022e74f24c2ee4,3
checkpoints/beamspace/trial_0236_RTC_S01_B236.mat,d50a04c6868a899d38c0e4b616ae02bad5bb0622475beb4b2892bbfed0509a6c,d863d5d1e5c9b368bae6fe2904313437a72908336f1f62b21f9c133c1492ed96,3
checkpoints/beamspace/trial_0237_RTC_S01_B237.mat,bbc39c9ec5249fc019b30c397d52e09fa5edc1df9d79076d339be4d5965d2a0b,d1de650d733b23f075dbdec56a35bf674cda24ab23d891b231fd4c07e8f83d6d,3
checkpoints/beamspace/trial_0238_RTC_S01_B238.mat,5d234a494d351b0a1ec5cf7a092d738f04deeaeb74c0811ae3464be88a89a40e,2daebb378d6055e9cdd9b48a6287de69c10ec3882c9ada5b113016709b8b0a6c,3
checkpoints/beamspace/trial_0239_RTC_S01_B239.mat,06d9b474620436e58476ca987f0e92843fc6bc3750692291ea438823bd75943b,5822fa439e190af2fe6cf863984a4b54de5c3343d2f7cc44c11af9142914693a,3
checkpoints/beamspace/trial_0240_RTC_S01_B240.mat,8f6f03eda3e7442765bd30ba677b013f2918d397fc98931ac5cbec82994ddfc4,8dfd81c9acabedb9b3349f8866875a42df01cfe214b37bce54c92bff4e303565,3
checkpoints/beamspace/trial_0241_RTC_S02_B001.mat,289271cf3e338a68ec5b42dd131c0df024f3657517234e641e2850f819918f3b,3b762bb0305d836f28eaf73aa4c9f8138cb887da85209c94a5aa769fc43436cf,3
checkpoints/beamspace/trial_0242_RTC_S02_B002.mat,1ea5160d56d00652021e8f7730ece541bb6694a4dc42ccc706710ed613b87125,991f5ff4446c12264859924d6b0a98b74df0556ba87dd0518b375a097bdaf094,3
checkpoints/beamspace/trial_0243_RTC_S02_B003.mat,68ba24ab2ee0f041439b3de8ade237fc9fdba7752485bafa5541abb6fa5c415a,c779d522a8c9348ef3345059951c83599a2a99ed836968892b2e5f5c6169e5f5,3
checkpoints/beamspace/trial_0244_RTC_S02_B004.mat,497769f571b9fdd52acae4ec632e8ca02bb90896656e0dec52e43f29c49db241,8377457855593c43553e6b27e197f534abd538387f7a65a83b651198d4c16439,3
checkpoints/beamspace/trial_0245_RTC_S02_B005.mat,ceb6a8eeebc298190f2a7a189a704bd86ebe18465d3d6c83bcea82fd596e09b4,7b741c4669a1d0b0e72727a9db8ff6e68add8ca9511ed43c782c5bbe1fd50b71,3
checkpoints/beamspace/trial_0246_RTC_S02_B006.mat,6fb76fcdef964278876df5fdf940436944735860ba41580486b5b0d9108eda60,b6ccf1f331ba7c2bafe1375ea2f046be8499a5c87f7bdcde9dcaebacfa7a4d7c,3
checkpoints/beamspace/trial_0247_RTC_S02_B007.mat,82d3e466b424941db6b21b30e07b94954a7af0a0f1abb27f729b0774ff985bd7,8d60ac0ecf62ca5763ce0ac2cc30d2f4b39903ea791dc0da7617f7459ef4e053,3
checkpoints/beamspace/trial_0248_RTC_S02_B008.mat,166a76ef9c4ed9481d5434410ea71ec951efa0f8e243e1a88c10f80c25a9d5a8,9a18ad548e9969052e4d02e93cd7e3dde724cc8b17e957f653af51a856f76f77,3
checkpoints/beamspace/trial_0249_RTC_S02_B009.mat,f8524fe62737428dedb098436f86a2b5a43b2b782358f1ebcc71b1099bb5f850,c558f446752b6ace97a1fa427a88e59d8e00e9cc98d0ec7dda102ad2239e7e7d,3
checkpoints/beamspace/trial_0250_RTC_S02_B010.mat,02f8c3f7dfd0a964a0051ec549971651818bc5bb4d33d7c2333d6c2b9e03257a,81bfb309fa089eb5be3269c1fbacbf5b7d2618bb57e13840cbef1d07e5a389df,3
checkpoints/beamspace/trial_0251_RTC_S02_B011.mat,dd1e8febd1d2b33baf6e3828069a87a699fa30fb4508591fef5a99c72f308bdc,8839b0ab614709fd357d5aacda45cdb8239ce9b76f0229eca659860e0090d435,3
checkpoints/beamspace/trial_0252_RTC_S02_B012.mat,20c2dc55587ce62e3f18f30d131bd5519fcfb6adab28cfd1481622ae923fd121,c6407b35bcd58add552b8b85c522469a7a1898ca361a70a645514bbff07969a5,3
checkpoints/beamspace/trial_0253_RTC_S02_B013.mat,d4617a88976ac312fe31a6e4715f32f6f637725292d9d1439fca899e6009a855,c6b94f6d31e0149b4acec8aea628463c13feaf52574c81a35e64a4d483b9efe1,3
checkpoints/beamspace/trial_0254_RTC_S02_B014.mat,5aeeb325f2b8c0c30ab5b9cd0452e87ad403312e6c7264abe3efb9f9a9ad6487,ad92e36914045626b2839dcab03efdf20a583256f01005287c15eaf54a3b35f1,3
checkpoints/beamspace/trial_0255_RTC_S02_B015.mat,b2a2ea904be9bfc96c5fd75613f08ef3d45eb6e5e68be63df77545dcd3321510,0c912367d4d165dc1b2d2c6e05e72f6f41d6564ab622b5c07b1f77df78890d86,3
checkpoints/beamspace/trial_0256_RTC_S02_B016.mat,ac3682b0be2db9de5610e950e6d0085e7a91b194fda59dd5da7a7700e668f307,fe1d599fff19bfe242f460395757c6b465a9baacdf9d93da4e5ba6d42a6e4879,3
checkpoints/beamspace/trial_0257_RTC_S02_B017.mat,d652d1abe8f33e032f46dc17d992507b1f42f2d086f1ef1649cea9dd769c27b3,ed0583ce08bc8ef1eee4ab923d13937c1b3a28e6c0a99ba9f1188e7717ce04b5,3
checkpoints/beamspace/trial_0258_RTC_S02_B018.mat,40041abd4467adea004612f7ef53796fedf2d28411a153beb0213d42fe0ed844,cd6eeddc65dc55d552830174fd540d0c2f3d95edd1d479f0ea21878152cda9d7,3
checkpoints/beamspace/trial_0259_RTC_S02_B019.mat,5c5b305b1048d38f2e9d877b9cb246ca53c8ee67686dc61b541054f47df89a53,ec4a7e5412e68044e7a8dfe8b4473d0cb5400e7bd2314042d04a8b2b1c6146ed,3
checkpoints/beamspace/trial_0260_RTC_S02_B020.mat,6fa9eceb2c915e4f35fb8b6054fc7d7c5849acfde396a1fa97af5537e43776b1,9cdd0368f1b931a1daede50d8d4b7dd7e3fd814975374c82b77a3c7d6b601be5,3
checkpoints/beamspace/trial_0261_RTC_S02_B021.mat,9c6a00fc584e3aa6e41db15fde0ffb685091e01955204b57b2d5a922b27510a6,76b035d34a4e58716d41110593514e243c9f9a44efa1f6e6198f4b49728991a9,3
checkpoints/beamspace/trial_0262_RTC_S02_B022.mat,eacfab564d7119ca7a0e9624ca5cc614095e4fadc69f9f14762251c9ba5342cd,813817073cee76383cbb9369fc210cf762a5c90854e364f3c94221cb3724d01c,3
checkpoints/beamspace/trial_0263_RTC_S02_B023.mat,12dad33fc83d5e4d978a3cb271ff40fb384866a7ce5fec09994905b0801530b2,71945eff4b1ad4737516e953b75feeeeaec96e49becb2d6a156bddeb2e7cac78,3
checkpoints/beamspace/trial_0264_RTC_S02_B024.mat,43ea372cea04245a404517a816e0930db38ead44c81b94b4c51c97ce47152da6,2f0d1120e6e66b34355231a3318b18a27f9ad25596cb1db8bee85dec62d994f8,3
checkpoints/beamspace/trial_0265_RTC_S02_B025.mat,bb565e5aaba4a84f519692de27b4b5c1fbc45b7c97c144fe9aa2ab5fd2da3003,4cd1ebb97fbeb85f6fa291340727de0b92a0386dd22c3bbc173049248e12dfe0,3
checkpoints/beamspace/trial_0266_RTC_S02_B026.mat,e56d823c43dee4e22cfd678f25ef2882657a23e6832166a186dd5f2e4ddc3940,7f06d99a12515ad2b3639a06b4d765ba91ddd9460e46b7e9f7c61ac751ed2097,3
checkpoints/beamspace/trial_0267_RTC_S02_B027.mat,738325e1301043bede207cc4693f13de0b366a7e0f1915910817189a3c7917f8,0f8ca1aaebab84147114e2b9564db98740a161707ad14589858c68c8c0601308,3
checkpoints/beamspace/trial_0268_RTC_S02_B028.mat,1509cceca829d02dee4594a3695f8d386c87a1eabacdfcd61463d614133546b2,3cfd9761d7e302c24c81b36698fa77a6992ac758a13b1ec202086268faab4abb,3
checkpoints/beamspace/trial_0269_RTC_S02_B029.mat,679212abd8e18b59fe43e38565293d0cb61f619862c3bf2ee425a2899344ab8d,8592cfc86cc189bcdbb1cf8fbedbea862f9c49ad928b37b94dcfc3126f71ff31,3
checkpoints/beamspace/trial_0270_RTC_S02_B030.mat,61aa4cb1386f53df167adeb92fdb740f14800f6b7cfc3198db9d85bd3069bee2,706da25fea27748be6529cfbe3819ce1d0a33b4fdb7fdb7e036144b2a81b1162,3
checkpoints/beamspace/trial_0271_RTC_S02_B031.mat,c472f9855bf536c7624b2314ebbc6530e9d7daacfac7ddb364926d354b1d4974,1baf7634f09fa22329ae49f80951b4d2d2266c669b44da4d9e7fcd5a780a24df,3
checkpoints/beamspace/trial_0272_RTC_S02_B032.mat,4ad15339f725691459d7310d240ad1ed3bfd03b5da15f79262b6fc7a3724b965,7c7ea63d19627d38a35cf189ce73feb76200d910c0336c97e4285637d8b64f56,3
checkpoints/beamspace/trial_0273_RTC_S02_B033.mat,615f2651073030a96c3aea42612b4bdec1c890ab135a19b2ea39c855a1769d8b,5f3a9af6ab007cb9e51e94595bbc7c7c4d1aafb99e20117262939a9f0815cf1a,3
checkpoints/beamspace/trial_0274_RTC_S02_B034.mat,6a225a35b0d03a4a89887f0bfd5739fd2a8b9827799e5c8dafe14e28c096be1d,1e4fb34283119c74d9c3a6ab86784dc2fd9c5c8888ac863cdc70b4f7aa4564e6,3
checkpoints/beamspace/trial_0275_RTC_S02_B035.mat,75d930d34993cc7fef7e8d5054971e1c6fe286308d5eea3268ffd30716a92b30,a5c003e6c7a96f0da64b1ec6b194c88c0681d2dc6e685cb5401a0952e9c0495d,3
checkpoints/beamspace/trial_0276_RTC_S02_B036.mat,b2b11828b0a51e29df6999017fe2853136c84f98fbc6b431f94424ef4527678c,9070f06b663c93b95146377308d6d19456874da2e2ac3a3dc4ab217623f9efd7,3
checkpoints/beamspace/trial_0277_RTC_S02_B037.mat,81562563481df0df5ca07582d69306d3dc2097b5128331886d14873c90a2f7cd,a19c36b282530bf19f71f2033c571a4075bf4838e8c39fd78fdae0d1294302cc,3
checkpoints/beamspace/trial_0278_RTC_S02_B038.mat,30e2bd6fa14b2082e730dbd66ff5752a71e56ab559521a30b08d03095d9c0b84,520e0ecf2c3ac9e2a347c2c41d00cd7290c21bece8f2eaa12c017d4f92f508ac,3
checkpoints/beamspace/trial_0279_RTC_S02_B039.mat,512b39fd0abd3494826e0c534069a3504d951bdbfc62e52d89208eee8c9e9d42,a9e8435352e301632ce0eb3eef5b8795b14d5dbb0a197f635b024840ea325811,3
checkpoints/beamspace/trial_0280_RTC_S02_B040.mat,3017f8ec9d4a18fbc19b04620ac0690c4d3d6800e564fe61d857db900696f05f,a28d98a32b4a72c985c86bf97876ac019b721c73344096fe92f213d5c589e085,3
checkpoints/beamspace/trial_0281_RTC_S02_B041.mat,6cdc284bb46dbe95e8cf20ca5459e7ee0f22f34aa153b3c5ff6cd01d027425f8,cb3198113b3928c17c7264acc234c6f4dc2051b58b2e4331d678b446bec18333,3
checkpoints/beamspace/trial_0282_RTC_S02_B042.mat,cea0dfe86e0153e6bbd930abe43394f90b453cb14c57e6d806b4dcb50612a36a,6e9f5ec7ce032df919f823807ab492575604dc09f98b1b6e17559879f49e4f83,3
checkpoints/beamspace/trial_0283_RTC_S02_B043.mat,4a3745abf6b4cb81bc49615c05425413bd160e97d172e4bafaeb0e1765cc716c,97430fe36dcc8f6759bb92365c9be757f2d0519008ceef300896070b984c2e22,3
checkpoints/beamspace/trial_0284_RTC_S02_B044.mat,c0936d603ae486df2812d892617b0a903780cc7d0ac8b66650d42671deddd76b,7eb73d87af83c75a43bd57b780822ed2993429bf21f8758d278f624565f4e82f,3
checkpoints/beamspace/trial_0285_RTC_S02_B045.mat,9673cc9ba6540d3ac22070e4a43d44a1a9b8317be9d15e1c10a48a584a1786d0,8f5e21db24b0e5c63d0bf9a86d9e1734a284047eeff3e720cdfae25881c1cd34,3
checkpoints/beamspace/trial_0286_RTC_S02_B046.mat,9855425ebb00568abb431df86d65488edde6d37b0c79f0c3f6a8fb928d726e31,201ddd22a0dc3085882a204a2d59063b4922c7c604cacd12d17136b66244c1ab,3
checkpoints/beamspace/trial_0287_RTC_S02_B047.mat,877cc196257cb91dcb0acac71975b6261c84233b6c919d003c1ac215d3803280,126f7b3c041f54c12e16eea354444d3fe08d02bb7964081382b1f9f34ffa7b8b,3
checkpoints/beamspace/trial_0288_RTC_S02_B048.mat,fcdd0e707496bc0c42899f4397a98d0aeaa1b6f80576b8ca996f79fd4d271f92,1189c62ee630e6a41411647187f710df15cada4aa728efca0a7005c319849a6c,3
checkpoints/beamspace/trial_0289_RTC_S02_B049.mat,b745ae7152de4e07b7981b3f80989135066a42b9933d003efd454e0a1da27b0f,4e804040bd70dab4dc331ef608bd0ed8eaf79c67eb42d2db200c82035b321b4f,3
checkpoints/beamspace/trial_0290_RTC_S02_B050.mat,519e4b2e960d46a48e75a5793d03317cbef4ba742820c7d7212f2f14889ccfcf,51549ee2883ee4ece38eb98659bb8e455842b0cb2a198cc96d2247698c6789df,3
checkpoints/beamspace/trial_0291_RTC_S02_B051.mat,ff76fda35d7006601f750455927f1256658f41ec19a8da3a60f4cd4e0d26ac85,6a666284f3cea2308fb08833bdad728658ad1504a842edf1ada47a7c7a959509,3
checkpoints/beamspace/trial_0292_RTC_S02_B052.mat,639bceebb5b375753dcce12036ee2b4c3169da9c7c2f4cf1c9f4b79c04246482,a786b7dd398f938510ea41773b8914773105f7f4a7cf17e5517e3b64c061eaa7,3
checkpoints/beamspace/trial_0293_RTC_S02_B053.mat,79fbb6a1e8b9bd94ab1ca6d9c76f2f01c49104bedb5383467560576323ec84e5,0a333c20acf57a8265d5287139b8e6c6995a53e0e094e204736fd7fa55e0ce95,3
checkpoints/beamspace/trial_0294_RTC_S02_B054.mat,1d6c535ac42007b9e33a06b00d3f34c33a7df8f0e05a64fb0210e35432f2bb3c,404532496c6cc8fcb4f5a03af643fbc6fba2f799a32f2e9cc8d9aa6e28edcebf,3
checkpoints/beamspace/trial_0295_RTC_S02_B055.mat,cfb07a2dc8a78b2c8b5d849423744a0b9735bdf96767fd8529d852bd4316a8bf,5bd9d55906d9cc43990c1b921bf575284139985b1517477430e72cfbdeca4260,3
checkpoints/beamspace/trial_0296_RTC_S02_B056.mat,58450de4649de1bbcbcb409124b4d52549d36b0e9439e8c2f14df5f0b90e7c76,6c4d83ce1cb4b33874053939b7447bdf33363250f0a07093ea8ae51897e82f38,3
checkpoints/beamspace/trial_0297_RTC_S02_B057.mat,b7147412fec133a4a653a35a0738d83375210dc777608986c8ea2f931118cbf5,de7b7441757e743392efae8cf34fa8d27edd6ffd6deb90d32ee1d693e45f6816,3
checkpoints/beamspace/trial_0298_RTC_S02_B058.mat,70b83bd28d59b7e6a2353c5cf1632f015abe6630b71b887ef4dcf870647910f8,224e2cff6945fd4df0f49c51ea3d2c00fa3b29c6a4afce742ed147fa1bd474af,3
checkpoints/beamspace/trial_0299_RTC_S02_B059.mat,8c1de70950696c8cc8e497d6416cd8bf19d836ee2270b107a875c1c0a1996c2e,2b1e5e209a29415f0ec6cdd5254de350a9f2c611bc6d980c41deb448a8a80334,3
checkpoints/beamspace/trial_0300_RTC_S02_B060.mat,f6a7916ffb65a29f7a930bddaa850f2d908a020f77f678baaec04d3e5e20675f,9258a5bb14c8ee50b17fb226f5460d7846ada02fd8913c990d006f2308a05506,3
checkpoints/beamspace/trial_0301_RTC_S02_B061.mat,31ffa55feb66effc1508edc9505944f5b7d06541447fdbc9a116dbd53bb29344,b99109f02344f146284b01673ffc899f3b7166fcc5eeccee90880d53e59619fb,3
checkpoints/beamspace/trial_0302_RTC_S02_B062.mat,607871485fac573cee0451bbd0516e3b763d74762bef0702569e4ade87e53439,bc3fb31909da9e8a8a625d74f91d1a2238e59cd739bb408eab9c66b23f52ccc4,3
checkpoints/beamspace/trial_0303_RTC_S02_B063.mat,73f6d350a9a39c8bc21964e7d8e436d23f25c180b646594d0b81367b3650f65d,c34609aa49d8d598214b65944f60ac578917dc0ca6811843b08d4fa7bb1951af,3
checkpoints/beamspace/trial_0304_RTC_S02_B064.mat,008109d12ac0845de83f705ba46753f741e388599df77269af1cecb3097b7acb,e727b9537bda2568f6a36fbe48fe88c886b2f4962e225e10d6ee9ec7b3362bc0,3
checkpoints/beamspace/trial_0305_RTC_S02_B065.mat,1a391ab9f016b4cc502ab172721715b6d920fad81d15afa42ee0c2a696b98574,c910afe56c22208fca3e78107f2e17c591d6ffda99f919094a1e12846d35c056,3
checkpoints/beamspace/trial_0306_RTC_S02_B066.mat,4a769a6e8072c140df4382b0a7407429853e8a8823ad0ccecbaa8556809cd5a3,c166140a946da1fe03a2d1a285e6a5748f06e621ad107e676f196fec818e9439,3
checkpoints/beamspace/trial_0307_RTC_S02_B067.mat,bb8ef4020af5bfdc5600b2b7d4bc2d594688f999b6dee3dc48690cc922ff1d6d,b4a09070956546ac0144d84d4d8417ba1fde6c23b4e7c73c915c9c98a12ddb27,3
checkpoints/beamspace/trial_0308_RTC_S02_B068.mat,056bf5f11d8cefe7af24c708e0291f0f3a3c8a45fc01b3953433293d2fe4e63c,50943b2c71eaf14eef4ef4d382c05a4b0bd9fd7efbd461befb57795bf1dc2d7d,3
checkpoints/beamspace/trial_0309_RTC_S02_B069.mat,178b3d4ef4f5d73d15bec5c38302457d174314826bc803b4edde0bf3ef62579d,bfe0428ba2b756dca6caa52cde10dcf434dd102aa3d9bee1974901beca5c97b3,3
checkpoints/beamspace/trial_0310_RTC_S02_B070.mat,70c6e9f08c3f5dd04f0118f1ddfca659a0f91222e60323f3ea16ec744c827a1c,13c072e966a1567cb278d13adf979e4c22a82c3ac9bb5d32f750481250ec8775,3
checkpoints/beamspace/trial_0311_RTC_S02_B071.mat,496e1b8fb71fa90e5df58a82340b5052ce017d0efa1e9529fdca551ac46dba76,aea3155b6e9c3924dfa92ea5aea3cbddc0fa9b6a49922cec3c348d83efd0ae67,3
checkpoints/beamspace/trial_0312_RTC_S02_B072.mat,009a343b6def6043bb9adfd75f537f51efb89bbb4dc3d830840e37e4e9cf18b9,ff0e78dcc8a002666387fc80d2d325d879d4611a2c4803c85641edb46bc30ffc,3
checkpoints/beamspace/trial_0313_RTC_S02_B073.mat,abc2dbb892834eeb948ed7a9142dde3359ed45e41949edfa6dbe00c2697efbd6,ce4131898363e3909c57c1e2762ee4f26031f0ccac9941bef9e8c0ab997b98ee,3
checkpoints/beamspace/trial_0314_RTC_S02_B074.mat,74d28a1397b8232035f97fef922af8a184f39b56858727a0fdb9fd28ab2b20ac,54cea3b911b78f677e738edc5a08be956aaf324b9c01270f9964190e69783373,3
checkpoints/beamspace/trial_0315_RTC_S02_B075.mat,0eeefe675ac42cafabba847b12f2f6b7629d22c5d9882d6d0a5c679f61047017,2881f8c75ea44449748fe804571ac209733103a72a7a0d0a53a2360d447d5b80,3
checkpoints/beamspace/trial_0316_RTC_S02_B076.mat,793f669b8775be96973e1d3f786966022b4e833d28ff44409cf6a358cf35a868,ae1ff9c3dc2d56f884e178c46ceb778d0be3b36a53d573fc5b784bedb7b7930b,3
checkpoints/beamspace/trial_0317_RTC_S02_B077.mat,9665181b7d5452de98385093d4dd5964bf28532dd893ea015bfae607f8226314,cd98179bec4f515f11586ae518bd933aa36ef012d4a6e0ed31330348d1fe4615,3
checkpoints/beamspace/trial_0318_RTC_S02_B078.mat,ea1a015afa79a0f3673f66394f55123eaa743e74bf0c147bc70dccaba33161fb,382f5381d2e4c7ddaa1f807a62ee73ed7e9125f7a4b4653a907795d5da050ea9,3
checkpoints/beamspace/trial_0319_RTC_S02_B079.mat,234d8b1d8aba30fa2d2fc64002f580d237aefbc2c54c707678f0268dbe7ecf3c,fa3feda1825d019ca2999bf6917205b47052448ab0aea4cd1a7f0c31c77148e4,3
checkpoints/beamspace/trial_0320_RTC_S02_B080.mat,7982256befdf5deec58962f27634ff643d9a429b84690e5261fc452480d15a30,8f54831a881a15fdef0987feebe9544a01e92ee03c150b343ed32cfd81466562,3
checkpoints/beamspace/trial_0321_RTC_S02_B081.mat,938dd5e7c3c33a14e1a0346c3ee7c5e1b47cfb3f88a45f584233f986228b3ae9,f5ccbf9c0b19d684bf34aad91f890b27fe18df7f762d9e39fbe344152ddaaede,3
checkpoints/beamspace/trial_0322_RTC_S02_B082.mat,0a8ce61ac08ae332d05b12d317411778cea02cd23a798f726c98a17966dfbdb5,796b6ec7b49ad019f6e67e5dc614387748e9b658f6e041c4022cf172e73202af,3
checkpoints/beamspace/trial_0323_RTC_S02_B083.mat,a5ab0a05457ad29ade8bfcfe400541c4a7be7b16750649621fb407f392e90c11,9e8ca6e55804e099553c19f739829d6e17a4c236d9aee3aed1b2d181953692db,3
checkpoints/beamspace/trial_0324_RTC_S02_B084.mat,fd385e55fa9e8d8d32f4d14cf55e0019e3b0ef9c8841ff56709a6a37d31ee0b9,fb2f3fc33c9e559d6c0f2c5b86a3f8ec9659ad9f68c27a283442e18c5c68b2d5,3
checkpoints/beamspace/trial_0325_RTC_S02_B085.mat,41f2087a2855c8b4d444233b281ce1d173dc27f723502f495bae9cc28709c54d,6d0f89f307b152b24c4785af9b3142f87651b96de4377ec953a6580c36ea97e2,3
checkpoints/beamspace/trial_0326_RTC_S02_B086.mat,a8393ef507dac1eaffd3617d56f3834d0e97fee108f08f07e828cf3360f487f7,c88f37347c51f376af1e7d9fdb3768516b529c15ef5a812850e3738a084f2b28,3
checkpoints/beamspace/trial_0327_RTC_S02_B087.mat,93fa1baf52ec59018d626954290aab9d4b861e47bdba8c7eb12bcc99f741cf46,8fef7040d603cefb7dcf378f47146f3cd85f43a67391035c7ad5828374bda6eb,3
checkpoints/beamspace/trial_0328_RTC_S02_B088.mat,d8d17094d26a338e8b871a718676061f9dcfea9f0beee8f9738da8fb273fe09a,3a4f7acc7ca0d1a31788927cb26dfc8bfa3ff264496f807fc5fbe6981e262f9e,3
checkpoints/beamspace/trial_0329_RTC_S02_B089.mat,fd449162d8c324010e4151717995108794f6257fc103772dc36b21cb4d4a2ff9,25229fa11252c54daee7c148ff5aed2feb3a282e6bf60ed385033f5ad312facb,3
checkpoints/beamspace/trial_0330_RTC_S02_B090.mat,f6e60325b028be2f04b8c6d3ae978e3a8752d4eebc2be84703e0f8951c76ed88,4198e8323f8fd55b7024ff1f1a508a6b81f2aafc0dd92fe1df8f19e3e0806e3b,3
checkpoints/beamspace/trial_0331_RTC_S02_B091.mat,7b4d693cfd7f3dbd720b9d6cebcb4da9c80818ea1c07242c29588597dc5b59ef,96f47d6cc43d320c8fde13642cb2453820d0263b7abb81c4d7d60c85dc21609a,3
checkpoints/beamspace/trial_0332_RTC_S02_B092.mat,7b19b2be81a2a66369f0baa8dc9db9e2d65ddb487fdc6789c1e1243268075bac,e379d3824f055b5783a00decee9ef13ca0e0099ac8c8ff2c37c380b90b8f6f28,3
checkpoints/beamspace/trial_0333_RTC_S02_B093.mat,0c7c39ae8ae6d4233d960137fbc9cc6e36f8b2e0a9eb7b07080f2eb3f3825b3b,13d7349372b7989f9ba30f0c38592de02913714948a1a26d181f48a7ce838305,3
checkpoints/beamspace/trial_0334_RTC_S02_B094.mat,6dedb3006b7f57529bdb5a8de279c62a6dd77edb7a7cb07db297bb655c3ec67c,51a580ddadfe9ab07b9c5bd0627ed8b159b2b602eff0b05e8b9f3cbf09cfc3ca,3
checkpoints/beamspace/trial_0335_RTC_S02_B095.mat,dda1f1c67bf89873a861e94f807f3fbdfadab8e5e9d14b9c3dfbc173f2a25771,fa9e19b3878e5dda2ff37a386d579c14e323036f29acffaefd6a80c882c8a1e6,3
checkpoints/beamspace/trial_0336_RTC_S02_B096.mat,d2cfc6f00bef3cff9a3728ee7ec04dfc2d010405f92d1968a0a720f862d90133,361a2f854e29cf44178adc6fead4c68708c6961b40960dc7b1ae1792f4fc4b4b,3
checkpoints/beamspace/trial_0337_RTC_S02_B097.mat,edcf60f257d27ed7525a1210d54ea9c28646f35f791ba25fa7b8538c641e6231,a4082d8c0d083afc997901be070634c12d7fe7d591fa2b66408e58c139b7c29c,3
checkpoints/beamspace/trial_0338_RTC_S02_B098.mat,d22b608d68a6c07e9ec3ea3e003a521d5155a9bf963b391351d6ffb209bca549,d5fc440a2e78b571d6ab21be4af35d1d2e7ba0e6995f79f463fdbae75a2d93af,3
checkpoints/beamspace/trial_0339_RTC_S02_B099.mat,97e7d88a145ecd7755c6cd984657baaac33c3b3c380e239f1982248f8ea282f9,9d1cab22ac5c6a16d74d3e28a29ee505debaa697b3c4c89357d59182f9bc618e,3
checkpoints/beamspace/trial_0340_RTC_S02_B100.mat,a9dd8450af1738ae0dbd7602fb5475c1c5a56a283b6f2c89e00282ba692adb49,5bbb497bf5ebd742e4b0c23f0894039745daaedd17f4b55cb49f1bcebb5939d9,3
checkpoints/beamspace/trial_0341_RTC_S02_B101.mat,970b880a9967e05081b6e176650ba8cdcae45bba7a2b8b5ffab5e8de2c442b68,70f2f13559d7c5f29690feb6488ea40536faaa608b7100755ca36f05a0e370dc,3
checkpoints/beamspace/trial_0342_RTC_S02_B102.mat,1f6276b7e2cddc0d5c06844b969cd2e0c77db1016f35c7c66b0fe0d60908abf5,8cb3a1bb375cad7084d01e90c476731df023bfe3f91f9a8ebb059303725e5e8f,3
checkpoints/beamspace/trial_0343_RTC_S02_B103.mat,1dd4954b0c693f7dc073ddaf7697e846d028f5a0cb5c923ec8eb79e7acc72f98,9afe2731777fc4eb20feb31c5c50b116b5cfd9eabdb0d43fb678db3a83fec509,3
checkpoints/beamspace/trial_0344_RTC_S02_B104.mat,f06cc0b736ccc297991f1519b16264162b6aa2adfc6179b0924fcae93add1d19,0a737fafc792fe44fb761427fd14e6c54e550fa7cc923ac53b946a1be36bdb77,3
checkpoints/beamspace/trial_0345_RTC_S02_B105.mat,3167f9715d23004b853cdd13e85de8096bee32be3bff281df6ad5e759aedb37a,de3599c3423419253210b596ccc49e7c0636bec6ed4b40e04b752b884f10568f,3
checkpoints/beamspace/trial_0346_RTC_S02_B106.mat,dffa7ff47b64a023969c2ebec25c86e0346face166ce04f63346ac23e6920dd3,50df9b679e34c94c3a8ed4a5945d5b731d6908a2a44f9702faf8e5a2f7a2d144,3
checkpoints/beamspace/trial_0347_RTC_S02_B107.mat,b9fa81611d2fd971da160f2928ff6b017a166b4612aca711ad382a208fe1433d,65433cbbee4b6133212324650e1e5f529dfd2c7209adb6179f11562a9d40582d,3
checkpoints/beamspace/trial_0348_RTC_S02_B108.mat,6264741baffeb08785fe80da44f943062322aa3c7fb8fcef5c28e68b47bf2912,bd485b6d0da77476dda2e5f0caaa529a246ec8b0f9398ea405bb238b6ada8e77,3
checkpoints/beamspace/trial_0349_RTC_S02_B109.mat,3f100c006268f3a55052a7c54d09dcc700d8743d8fab036774e2b3e13e11a24d,2e955b9cb70d522cd0ecc781ab9cff4d78238813cf7c68cd7869ae969a15eebd,3
checkpoints/beamspace/trial_0350_RTC_S02_B110.mat,1e69fa38e69b314846485ef62698ab34ed339433d43524fa48bb7cda051cc09d,0c6aad6ad0048d1641944cd50bc897706d58e15d4cfc28a2a973aea9b42fc33f,3
checkpoints/beamspace/trial_0351_RTC_S02_B111.mat,19e4927102e88d12bfbd97aa7f2ada5ca61c758bc7c72514a803be000f449c98,f676b2de8ce45137c155acd1502fc786d2a9814a886dfe33e11b936bb2a5fe70,3
checkpoints/beamspace/trial_0352_RTC_S02_B112.mat,b671a6b70b7e0ad4e9fb6e108199480a72723d0bce3c208f51e3d7ae8fea5563,b57c4a99f772158bd947da7b0fece6ebce7ec7768e09b6eda8e301fad4975137,3
checkpoints/beamspace/trial_0353_RTC_S02_B113.mat,9e3de6e8308a0f168335c1016f9913d2708a5a9bdb38b82961d62412150d4859,7caac4282bf929e9e0569261e278a74939e627b76d6820aaa0260607898817db,3
checkpoints/beamspace/trial_0354_RTC_S02_B114.mat,d3b2db1e41ae2c94d934755f504e657858ac62e7402dee373bbcb20c22a7fc60,af85668e2e69d785937ce5c9bf234d07c222e418072174950b382c5968877a46,3
checkpoints/beamspace/trial_0355_RTC_S02_B115.mat,edd913e8875f31bcc1109a25fd169eece79a7dd07a6aa7ed2bc13c4a163e1d2d,36902459fa9f592646f05fbc571379f7abb1952e325fe346cdf8c5c6baf7f9ae,3
checkpoints/beamspace/trial_0356_RTC_S02_B116.mat,7764dd332d224b0d29c4a7555d0eff63ba27c2eda97ad01a63f0b7cd61f0521e,694830c7f5cb3d824a9dc26b1896e184746f52754093ccf6f2b5b72c5d0f0467,3
checkpoints/beamspace/trial_0357_RTC_S02_B117.mat,9753a3b8d69d865181089e8a4a7bae9438c64981522ae184f5ee38cf48a2ad91,07c9312a18acbf81b1fc3bd8eb2426beab0139e5c1454855d8ffff394523938e,3
checkpoints/beamspace/trial_0358_RTC_S02_B118.mat,964b1fa514c441e0d7903b15b51af5257376914a01e3922b224f40caecd004f3,66a99d27fa7ce4e55d186936ffa5eab0f556399e0fa0a76d9ab1a34ac7745396,3
checkpoints/beamspace/trial_0359_RTC_S02_B119.mat,edc6fc0afbb4eb99de5c8cb8b03066b22a08a127c57aae5d6c626b2c7d71380e,8cc521c629f748159e6938e7de92ae8c9d641f2a1d4d395aa199a25e4f682c05,3
checkpoints/beamspace/trial_0360_RTC_S02_B120.mat,baab83deb2702380c091b7598459f5dbfda3a54c2ab8bca7b2698ad7cc4d6d55,0726cf111e8e6a31e671f9ecaae780c2eaffe77644789c0ccc8568c11f29da36,3
checkpoints/beamspace/trial_0361_RTC_S02_B121.mat,3ad74d7385b009cf258cb02bcbea9019ef50b439de86764be6ad8270de4c872e,c174b8399c4873dbd965b3ab4edb8a2efd0bbf278c6d2744997d940cd8218ac2,3
checkpoints/beamspace/trial_0362_RTC_S02_B122.mat,894c3ecdadfad12a8bf9c955c2078a034409beaa997949e1cb217aca9f4fc233,b15e76717bb77b491e6e7f7d0ca3bbcd9cd793b15b8ffc185aac5f97e445ea17,3
checkpoints/beamspace/trial_0363_RTC_S02_B123.mat,f9797549db21c57bb1503e2a1a8b3825ce687b6c48577d451d1a1a6b624221ab,ba0e4c332ec27bd3d5c141ca3e6f5c62053d65dedf020599b9f3e71992f194f9,3
checkpoints/beamspace/trial_0364_RTC_S02_B124.mat,b527ba3b93d3ebb7815b1db060ac6b092a2d9ebeb67e9c68dd99916dbd6aa1a0,cc86b449fdc1460046502245aa71375d2e82f9e867173c485ef80ebe6ed92033,3
checkpoints/beamspace/trial_0365_RTC_S02_B125.mat,491417c377e52a52decc454c1b4513c6d3aacee793ae7bcd632b8afa8f4bbc5f,32aba7d9bf0c97f634a8a8c574d669b42a08849280d66b66019aa10fa8e84958,3
checkpoints/beamspace/trial_0366_RTC_S02_B126.mat,f5b62fe8c831c384bf3e70c6612a737e09e1bc79c16c85c0eb59856e067aeaed,3813b3a2e12adae57722e223ee43468a3a46f2c32786fd87cd59686f1e25b0a5,3
checkpoints/beamspace/trial_0367_RTC_S02_B127.mat,3b6084112994979c318512bd5fa5a69366d863416bedf6885ebe129c578320b2,84d7c21308f78eddc97b8b4dc6e049ee8764a2a1b08986a219a0e322d1b764e1,3
checkpoints/beamspace/trial_0368_RTC_S02_B128.mat,462194ec16722c6de4061c08c0560d8f33eeb3dc5a9f5c78358031177168331f,8bafdb0ca5fcead8b5f0952a5bb6a1875dc1399c046b276e54f5b44b7d3cf0c9,3
checkpoints/beamspace/trial_0369_RTC_S02_B129.mat,a5565323c16c8bb7c6095a33f157f50f7485285e434de0e9eca1740c41480e72,f9d439ff1ef898c261377a3cca10114c6738fe0c39ac8c548c3a00ab253842de,3
checkpoints/beamspace/trial_0370_RTC_S02_B130.mat,a81bd2d480dd47fafd03696f66308ffeba0e06e474b408eb6eb17074274fa284,6eb8124920a6eddcb5e0b0e73a67511b8c518dc2db3ae8045270133bfcc611f0,3
checkpoints/beamspace/trial_0371_RTC_S02_B131.mat,6005ef64d1fa657f4b9163e5ccb2f6d5d62d8ca01bcd783914169232a906713c,886bcebf121a48441017f3f2b0b869879e9633351a5b6d3132fcbecf1ded2693,3
checkpoints/beamspace/trial_0372_RTC_S02_B132.mat,b79c9a3e680c096b0aa3e38a7511e301b5214995aae0a34b87c4714ebe2d7be9,69c55c6d374024a3b7d0ca4148210ef03253c39bb4ddce511d29a9c4861e44bf,3
checkpoints/beamspace/trial_0373_RTC_S02_B133.mat,cb93e6e7d2f58446d519ba872524c605e794817a3610daedd176b9265a6a39c5,a63effb59c342d2d3a96aa22a3e986c78c0d54882c97fee288cca3635dd4ee02,3
checkpoints/beamspace/trial_0374_RTC_S02_B134.mat,6536f2f1a68e9d3abaaf465054f63d8073232f325dc8431d74ddaf23e90b9e47,0910fdb9422ebc6a6824df95f199d9a7f87a8125029db59eefb0542cb3ceefd8,3
checkpoints/beamspace/trial_0375_RTC_S02_B135.mat,a2baff1b1b54b008f0154dba61e9fd196afd705516f07bbb9dbe06b5e6421feb,4a27504ec7335c24a51673c03c024c6874a17416ede6e69975198c210a4a298f,3
checkpoints/beamspace/trial_0376_RTC_S02_B136.mat,4c393a2879fbd24243dc936b9f69fa1f265f31bb9de0d7bcb1452f9ea2d3cae8,6a5d8a179f9f545152fe2155b0ab77008c82f584097f325fd960fec3f514b5a5,3
checkpoints/beamspace/trial_0377_RTC_S02_B137.mat,fba287bc27951c2fc66915a8da9a9b64fdf50a01a6878a1c770d96b9761b1ae3,d07951c465d092d1eacfcc927e56ff24e32574fcb78ed0533df7ca85aff3df65,3
checkpoints/beamspace/trial_0378_RTC_S02_B138.mat,42905aa7cde060ff16a66a61f1a61a35b8d02cb0633f8cfa2d55b244f369ef45,35f5705354d218e0cade25e20f6c6c6f78a8ff7a45ae526fe926c89f1af7e671,3
checkpoints/beamspace/trial_0379_RTC_S02_B139.mat,1be8138ea5d63c1cd5a5d65335fdcd22445137d267ec5f4ce90ed88ab950d58b,24edf2e03978490822510a579435691a4197f19ad59abf457afcba6817316457,3
checkpoints/beamspace/trial_0380_RTC_S02_B140.mat,bfbde62058dc1b86eb1e404fe48f53e364b816fdf44d73137648249405426783,1137913a41bd290ac7ce911a20d4a3d0808717bc54097180a85b150ea966aea3,3
checkpoints/beamspace/trial_0381_RTC_S02_B141.mat,7c393ef5bf6f81c1e831f51cb52e5048ef6467b81cbed8f6f32521e484a2685e,7f1bf501d627a3f5a9c506cfc07503502a46c652f6e30968522bd81934dd9ee5,3
checkpoints/beamspace/trial_0382_RTC_S02_B142.mat,9df40f3efb0d317cd6d8cdbf5e24c7d0ecdc35982590b7117632bd2dd1b212ff,62a7d5b74738bc9ff97100218d97e7aed5e16e025540e5c2d5f48ea249fab7f3,3
checkpoints/beamspace/trial_0383_RTC_S02_B143.mat,72f07dfe1d789400de792fb2788969251f0559341ad650ce981d21f4b55a18df,61a5ee16a18379c72bc08173e8d41b2bcb32341e660bc13f9d664a13fa8ac767,3
checkpoints/beamspace/trial_0384_RTC_S02_B144.mat,899be77d532f18b4a7e7b810b0ffa355c446d1753d80ef672152d2a4d110dadb,9890f93ded2ba602beb544666b1ff88e8d502d24d3bd6002746818c2824dddf4,3
checkpoints/beamspace/trial_0385_RTC_S02_B145.mat,5f56d33beccabbf4402d330dcebc15ee0b21bee842948adbb56ecee2cd9cf9fa,ee0cbf3cd8925a67a44ab266f72f7ec64a93409e2630ff126087f57dc431d2fb,3
checkpoints/beamspace/trial_0386_RTC_S02_B146.mat,80b6fa481a6b6d8d51e5185afaf43f6964e280276d0f04cbc50da6c113223d62,7b8be39ef805249ea97feddc75fb1d383cdb29958650fe99ada16a41eb4204fc,3
checkpoints/beamspace/trial_0387_RTC_S02_B147.mat,5d0f452885ac1edef314f96fcaa40750d9a3c4fec3110250a585376909258928,da4f3b5d239b0d18ec22ce4e20e2b113bba19bb25a7b7131ac4aeecf72793051,3
checkpoints/beamspace/trial_0388_RTC_S02_B148.mat,a949b3c649e714b00b7fb8b52672102bdb812875f72bfedc0fb05b634e31b40b,2db55cbb261cdc4fe20d4773860f41df3be36d002745f098b05ad97b531f210e,3
checkpoints/beamspace/trial_0389_RTC_S02_B149.mat,faa35c8c78cc52079d8cc660021a73d35cd1cb513e8f40f97abbecc5889ecf34,a4d7ad35f19dbccf91fec66be05e0408342ee8c537fc38510725edf0ef814d04,3
checkpoints/beamspace/trial_0390_RTC_S02_B150.mat,151d3ef2adcf57bb3752a7413891de35169ef3c7c2df63b989f9ce3041e963e4,ede029df88fa5d9ace426b71f5e94c2d6466755b227ed8f91c56e0a0e4d989f2,3
checkpoints/beamspace/trial_0391_RTC_S02_B151.mat,df2d0e2fc6583f4bf09cb2049138ca9611163d67a621f917b723aa5ca18545fb,50f0f3e89b9ccc25e4296ec3470c58dff848fbf8412ce27685d008bdfce057b4,3
checkpoints/beamspace/trial_0392_RTC_S02_B152.mat,d42b9f2eb9a8f324c82820d333a186811c1111a8bd9134330f94ea8f0523f44c,c756a582516ea4fcc1973c0268cdb5d7781edbe9bfe9d4284cb6f72c563b02b7,3
checkpoints/beamspace/trial_0393_RTC_S02_B153.mat,05fda31bf88b21ed8b4fdbca323a112a3e27dd6b086c2c11af23e4edfe6c355a,436f638f1289d4e3f19d739eadfd3255030b5196c5dbb23dfcf4288c61352a6b,3
checkpoints/beamspace/trial_0394_RTC_S02_B154.mat,d1c0b2e85036d6f3aa7d0d8525a8a8b4d537adb09224e36ef9c64002d535ac1f,225ab7bb9f45d4fc79f08284e776cf211ff8b208272bedd0c779a8d3d3608bca,3
checkpoints/beamspace/trial_0395_RTC_S02_B155.mat,7609e52649e66fb2535321bab2757544264ac1bb6868886cf5a3a9c9efe6a1cf,05fd11b38c15e5b69e88feff2714f4ce1d2b1953f7f5858c18d5f56244d85ebd,3
checkpoints/beamspace/trial_0396_RTC_S02_B156.mat,b4e2f0fe7a7ec6e73d55871deb7b19b3664a07a89efed45b6a5d49f57574494c,2205f5b116cc7a54ef4d628fc9a9fdc7a5bc88ec28603e24a862209ea4ec1694,3
checkpoints/beamspace/trial_0397_RTC_S02_B157.mat,99f8446cbf6283389f7afd363c0c04c3a83cb68dbd17e3a513755a14dc199320,af87232317f5e781594594a17ce3d8bc9887a7ee99ef177cef4c87caa2396bfc,3
checkpoints/beamspace/trial_0398_RTC_S02_B158.mat,b4b1a7732e139d55c1755a322dce7579b3611a7ae1ee66889d7a890c22936772,aec29e6ed862d379755bf6196ba85ea8daf17b8ba5d0714f423fb4a6e5b2d6ed,3
checkpoints/beamspace/trial_0399_RTC_S02_B159.mat,7a680fa979c7f7e41909c134345e475452f7d7389b23a1d0132b16653ca1c1c1,c5871aa4ff2cb4fc5030292e668a2caaaa01111760d02349626a2d5efe5d3c26,3
checkpoints/beamspace/trial_0400_RTC_S02_B160.mat,d644b73e7a0f216c2102789e005dbbaa22a716b1ab396aee5626fcd1735200f6,050cefeb5336c88ac2ae6c50eca6c36568fb5664651d3579df13e6efb500c72c,3
checkpoints/beamspace/trial_0401_RTC_S02_B161.mat,2afdd1d0149ea504a250f6dc62809b9522f239c187a5be097e4cd9b98d9c46c0,5074b4dc1a4fad00b9efe964ac95f33e001df2faad0c5f50c7533c7e4aab6a60,3
checkpoints/beamspace/trial_0402_RTC_S02_B162.mat,2496aad9026494fde1efdc765d7cb60d02d2a664d773e94f3173daa4e55a9130,0936e13b13294686d25b123d9940bbab14bfa9f675ac61836ba7c12a73d481c5,3
checkpoints/beamspace/trial_0403_RTC_S02_B163.mat,beb694672143dca1be4275365d68ae824e4e0dd55e0623dcede05b2dce65f741,fce5659b35c3e5dedc2d670acaaf1ab584f0beb65572e9c4c4e491bcc2cd879c,3
checkpoints/beamspace/trial_0404_RTC_S02_B164.mat,b062e926344185466bf674c6bcd6968acb51eb3616c54902aa6beb2537629f23,5d45ff2f7efad5a9cf3889bd131ea6ad9c14229b5adb4c330af68b2ab672a97c,3
checkpoints/beamspace/trial_0405_RTC_S02_B165.mat,0820bcc6e15fb6823d9b09c5c9fe67eff689df967335c4e3fc865a8ea2b1027c,af711b0f46519c8731f5e9195772de0a22876b309929ffd72443c0fe1ceabcc4,3
checkpoints/beamspace/trial_0406_RTC_S02_B166.mat,1d1d9e882dfb85729dc9c170a3695fd589c3653515b3a619a5c5c690373299db,6b95e66dc4d5a666a121a354183cf3309affa2e7adeb718f4541dcf9c89a82e2,3
checkpoints/beamspace/trial_0407_RTC_S02_B167.mat,b420150b30c19904a729f9250b03aef4eff4d30edc7d09602ca5de9e0368b028,06071ed5b293105c82c17f362d648ec5b7d24d87ebddb97b656d1aa053db49c0,3
checkpoints/beamspace/trial_0408_RTC_S02_B168.mat,a0baa644099fc28ba47e18fd8ce6e96aa5cbac9221cdea1aaa1d43d310a310b6,5fa11dcadeb7eb98209efde0132bcaa21c0f7e472ee7d29c6cddc80778efeff9,3
checkpoints/beamspace/trial_0409_RTC_S02_B169.mat,a390d773a565bf685a7f96bb6d586db696de9b7f1bbcac398caee23889dd79da,5ba26ab0f5c212dbc5bb00a7ae7ebb7fa4fcdc3ef0070159d0edfbb94eef287a,3
checkpoints/beamspace/trial_0410_RTC_S02_B170.mat,4d33c94a67d12a53789461e5d9cd6e6ad22c8f5007f89b63c2aed22e0427ac51,64000c8b2576e789e799f538bf05b98179d8abc1edef57a271f54a7c2b994ed9,3
checkpoints/beamspace/trial_0411_RTC_S02_B171.mat,d8976ae3e1665b2d3903ec587cb6987e6b725598b06c0dc219f8dbcb1ee1d8a2,17dcf65350a5203c749ff1f0199a70c69128f9e76afa604a7e5b99f757841340,3
checkpoints/beamspace/trial_0412_RTC_S02_B172.mat,082e1d0242c583187d4c0972c228c01563e1dfc2961e56aaf7de7e903d8707aa,2dc08e262abca3192b9659b9edd0e9b4051bf9cdada7662c594472336db631b6,3
checkpoints/beamspace/trial_0413_RTC_S02_B173.mat,d8d23f47d57827ec00d79532e9cba3857850da3210a105dd20fd46f60d27ecf0,f6a727216073c5c102dbad3d8653146ab25f0549418015129f84d5cc03bb191d,3
checkpoints/beamspace/trial_0414_RTC_S02_B174.mat,5f64ab2d333b38abf39614112c5bdec5854f91df474583c20ba60fe4e569e850,fd7099c5424cb0ae35e1d93a75454af5f7ac1b1786d871df6a2bfa06ceb7b00e,3
checkpoints/beamspace/trial_0415_RTC_S02_B175.mat,8ccd1a8c075de0acc8f503bb02db1d09741205d0470108965c1e6567ac2aabe1,cca7d983103877a006713858730adcf03cdde158bced2aad4c777966855a35ec,3
checkpoints/beamspace/trial_0416_RTC_S02_B176.mat,0a8442183d0bc4b8b66a009f33406bae0e7963388dc86a9c2cd6121a34e0bf9c,1910e83d97c7fb2440c2b928dbe0314a9c303016c63f9b4b616831834d9c5c24,3
checkpoints/beamspace/trial_0417_RTC_S02_B177.mat,574cb030acfe45897beac71755a0a822a40eeb9d5cc3e4cd4abc334951c26e44,6d08ae0d8932cb90ad096837f420868485858d5041fc6828fcc484affe2b76ae,3
checkpoints/beamspace/trial_0418_RTC_S02_B178.mat,856048b5f82f2368e445849c5db2d0ec4bed4e26d5c4d16a575ec050dd4299b4,681e05806eb1a19aba6ec14cc5b77c2d9d1a2195adca689f49eb750fe197f354,3
checkpoints/beamspace/trial_0419_RTC_S02_B179.mat,b8d6c374c80c58af2d42e0b531394151bca26d39e0c7321428ccd6b0d831b530,8bdf2a016824bdce7404d5ac35bab6400e57cd4f4edf43b3df3715a6f46ebe3b,3
checkpoints/beamspace/trial_0420_RTC_S02_B180.mat,09941ebaed848245d82cba7c5706e261e80c8acddfe19fc9feefdb4db399f91d,53c49ce1b81dbdfb94b55c1be4619fc64f55413bedf934f6b2c0a8920fa47003,3
checkpoints/beamspace/trial_0421_RTC_S02_B181.mat,dd755b54dc8bb250f3f88d32706a8486d23d28c60fec7ee3c0e1b36f5fe797fa,6bb782732c30cb233864dab2339035a07aa41daf413c2fa7d46b093569c6e3a5,3
checkpoints/beamspace/trial_0422_RTC_S02_B182.mat,8d7f7ea8862464785c73e79651af06258448da0ea234f30450123613f1b64363,a7e96c279fc69fc7bda43e96f21d554e7e11079f91f876328a7d2e7cf4623f68,3
checkpoints/beamspace/trial_0423_RTC_S02_B183.mat,31bb9dc2ce818fe957f354e3e470348c45b4a77c4932890b51ecb031e2d76716,92b728f2eb68af302a6b591a65d2b0fda945713b7148067452599b47d25374b7,3
checkpoints/beamspace/trial_0424_RTC_S02_B184.mat,330558ab9ba7b0f42d7bdd2839db1658ab4cb50fb8fe49e4b10c573057edb302,934bcc38721f97e881c73d43b2d25f2e088b67f5b3a2ecbbd1b9f9db55187394,3
checkpoints/beamspace/trial_0425_RTC_S02_B185.mat,e6a883241bb4a23cfaa9238cb7fb99815c5404894e3148e89ecb58fa1153f73a,c7c359d7bab254ac90576ae8aa149da3a23df1233d50453cc99f40a0e2814cf0,3
checkpoints/beamspace/trial_0426_RTC_S02_B186.mat,354ed330acdcf0753844d40e2976538ed8a4dd8aa94dbdc66688fecd9dcc4282,57c1162799aca97d00e86fdc6555971a382ebb62d3b6ec54f29aa7186a907875,3
checkpoints/beamspace/trial_0427_RTC_S02_B187.mat,57bfd609f93329da988d2b5afef4fa6868506a11a5d0cfecb5d5e6dade7b44a1,cbaa32cb3e85f06ff57e221859997cf1be9d1683ec3896b2d59deb1f9ad59aa4,3
checkpoints/beamspace/trial_0428_RTC_S02_B188.mat,6101265192c5c54a03673d83137581f298c9e1247f822163758cf045c627c782,ae305d982009f942aa41c868f1f0cd3da525099566a4bfeb4a55df46af575a31,3
checkpoints/beamspace/trial_0429_RTC_S02_B189.mat,9d0e793971594d923ea209f50fbef98ffbd604eabd58faf460a30638df12d959,3af891a36d1da97bd366e53030628cf961a772e5e06a8f71d209632d0b6526d6,3
checkpoints/beamspace/trial_0430_RTC_S02_B190.mat,18a6f3b28a776e48988e2729b5df6f3c663881ad50ac888c0e2d1413ede8a9b4,24e6f2ee4b3222a75dec229fa872c5e2f10a2d70f3de447d724f8fa1556429ba,3
checkpoints/beamspace/trial_0431_RTC_S02_B191.mat,f9723eb1e13792f5a9814026440d52e04607aa81e8bf2a2f2655d88ad25c5530,82e3d19b720640d5cd4369a25ef56cbb09deb743ef763fc5b8713fe3e9e66dfd,3
checkpoints/beamspace/trial_0432_RTC_S02_B192.mat,0c3d12373c6719bfc5eb35b0272e91cf851a8b1c77448933dde47add954091c1,1603bc4230ccfa4ff8ffbf54743ecb97a054d2d71899b1c22072ff96c1cfcc22,3
checkpoints/beamspace/trial_0433_RTC_S02_B193.mat,6d9bcd6e01ba0b3ef3a34b5614e995b38975924179ac6916f7bb671e08a4877d,38d72d289ca91fc2d7ba0ed99766b1d00badd70c03e0292e38d7db71035576d6,3
checkpoints/beamspace/trial_0434_RTC_S02_B194.mat,1736ced3822225d15d8273d5d55ed524491032d67d2e5fdeecf4dff60444a4f8,2783bcf62f0da3a19a9dab3447fccbf08eb5f1a4128cd085da640704e3bd371a,3
checkpoints/beamspace/trial_0435_RTC_S02_B195.mat,9117b41a892712a0d3f55b256bf659f36fc3c306b24f1d5843b516cb2b9a238a,e0bfa2b800451bde48a47740b831cde4471dfc9cfea51bc8af3a0d01656efcaa,3
checkpoints/beamspace/trial_0436_RTC_S02_B196.mat,90c241fef270231eaef993367767fbb034e5d0dc9f89ba46d03a65f38682eec9,4d36fc32e64737ecb5e19c1c9cf6dcaabb9788f88620677c73e0b31bdbc381ba,3
checkpoints/beamspace/trial_0437_RTC_S02_B197.mat,d5f5770aa7d2c76e3f7c9a78c7f1a3eb3531cb1ad16fd46906e3efaa0100ceb9,76e7ab6aa0d69da341c2a14a89985789abd504db60cbcba6576c6ef196891f6f,3
checkpoints/beamspace/trial_0438_RTC_S02_B198.mat,6a23a90f38ee53cf1d244a23715a695f3668dd9866c713ae49f54b286f2cdf78,169e9b1c9994a92e69e1993b6d27a0e4cc676388bfbda7a3b4cd500d0a47e567,3
checkpoints/beamspace/trial_0439_RTC_S02_B199.mat,0976ad4f39e7f418477cffda93629bccc048f3eed74d6ab97544ed5f7d8ba203,f5903a9cf8fbae1faa52d5f7f34f64c351356d0cac3e47d2ecdd6ac51b934162,3
checkpoints/beamspace/trial_0440_RTC_S02_B200.mat,9da8bc069301f3a00a743fe5d29527f69866f0b97de945baf651915e0ece62c6,64dd0299c1b210a0e4fe0c0ded4d8f88ecede03957ae2254af793f84a65e3421,3
checkpoints/beamspace/trial_0441_RTC_S02_B201.mat,7221fec0b43061a10810662b91d78280726b2a721ee1e4ffe423c298eed942c5,a8b3d92e88c50720a8a4846174398c248ca6052064ac3aed9e6c4ca4ad0aaa90,3
checkpoints/beamspace/trial_0442_RTC_S02_B202.mat,e402bad3ebcba47c9e280c01798df21af03cbab5707d61d3d36e68381823b42f,c107e050b12c736947751086834beb21411124223f6c4df8f77062a71c2d7f5e,3
checkpoints/beamspace/trial_0443_RTC_S02_B203.mat,b3b755f1d5e1ce43313691f426cd76b9397bb206c462f64baff5970544719611,20677bc116f34c761820748371f514957846362cfbfa1879a121474d16a84fb6,3
checkpoints/beamspace/trial_0444_RTC_S02_B204.mat,c224ffbcc739899627034b5fa0e61f181daa293974ea945a24c5c65d9f5b8353,49afa7c7e381d0106c8b127a742e9a4bd31cec83f7cf52bb2c3c167685925ef8,3
checkpoints/beamspace/trial_0445_RTC_S02_B205.mat,da5924b94ec33eb24f1f37f45e32e5c9e9644ee571dd44d1fef786bb9b1dcef7,c9815c29f3a2d1160f05f6b03b1ef46928f1149e30da0f6bf1c06518cc8b486b,3
checkpoints/beamspace/trial_0446_RTC_S02_B206.mat,ace911c5ccf9bea01125796207f3499182981fa43cf59fdbdceda8e1155a057f,b4543d76296eb5ace12f1f8ff0ae407e7dacde00f3385c0259cfc34533e80eb9,3
checkpoints/beamspace/trial_0447_RTC_S02_B207.mat,7780782f081c2b18590e628ff8bced257e10d19a7b0f8f2c29ac03172cd984d3,c10eb862bda4ed3dab9c82332fb0109d456c32cd9922e1df6cee8e50260a9517,3
checkpoints/beamspace/trial_0448_RTC_S02_B208.mat,0146c34ddce56bead967afb47479dae4254453e6b01f6762433d7ffe2ee2f7f5,b3c9fa065d314f5391c5c0fa0eea8412b6a123aaf74aa88c10f94393dd72eb23,3
checkpoints/beamspace/trial_0449_RTC_S02_B209.mat,c222fc52c3589fda798959c2d8f9c708edc8e556d9b52585c3b128c43ba69aa5,112d6ed9460db24991c8f331e40b083f6696983de2180e935336baca27bb0fc1,3
checkpoints/beamspace/trial_0450_RTC_S02_B210.mat,f53c5d1d4d3eccbdd36fbc76c766f1e56626751f9b1c4d0576119fb70fe500f7,5165f2608b504885500832dde0bf4669f64a009c171dc78f9a34c79b4c93add7,3
checkpoints/beamspace/trial_0451_RTC_S02_B211.mat,510b9c122d7f588433199087e6b224bf677dcd1f7ac180a65f6458036c169a93,d8c1acba940a8794ffeccdf5341d523a84e4d14663739bee14bd80c368809443,3
checkpoints/beamspace/trial_0452_RTC_S02_B212.mat,33bd142407410f1e3de515a694e93e99f82c8faabd59e03fee00fbd5f380a1bd,bb9d446a62ed8a9ff2df5b8461ba59963489d77d5e743a848df70a85007b1183,3
checkpoints/beamspace/trial_0453_RTC_S02_B213.mat,9cf9323187f3628be9814cf68933d92a3541e2f14648b43e59777cc31cab50e9,6dbf350e9bef93d932ab944ff66c1883fe1b7000bfd0a6cf72a3b3c33e53294d,3
checkpoints/beamspace/trial_0454_RTC_S02_B214.mat,2b17b03bc13399af4f822090c9679dfc7cbaa42fcf297d370e40ad829fec3e6b,fb668b3e84b165408c318c68a7862f85321b38e7907b3e2f4e8aafe82328b455,3
checkpoints/beamspace/trial_0455_RTC_S02_B215.mat,f1dfe9bf4516ed840bb0bcf75e06898324f8f82016ff19f07b52cd5e1f4e0023,f5e1018989aa4c21d15ea69dfea5345df94104f47f6eef341fa0dd59de8e8d7d,3
checkpoints/beamspace/trial_0456_RTC_S02_B216.mat,321509b6a97a54d2e926b685ea8e196b6a80a04d1822463a0ac934869eccae78,5d4c0ee3968e26dbd31d9ed96d7d58776d75fc30420c9c48ca817d485ba51ce1,3
checkpoints/beamspace/trial_0457_RTC_S02_B217.mat,f6d1c05bc8dbdfde87f579599fef21a63498b10debbe73663e7b3ec0c14b2efb,8612d423aab42b5e2f71d9881dbc2d971dedb9a5a1567e69350c38482dee25a9,3
checkpoints/beamspace/trial_0458_RTC_S02_B218.mat,0d3c6f9b348f7110291d2078719b95c5f565aa08b3ac38ba6969853300675ac3,a04c2185d210b88f1d3b6f8e59d99abf7d7ca4d40d19154e859b5163147a40f4,3
checkpoints/beamspace/trial_0459_RTC_S02_B219.mat,c3c6bd737dc0c601b7bd515b4beb61df6bca4ede49590ba5944584e0b43e0393,ee3c546fd47875ea9913156d20410f910cfb0607d98304227f9ca12a08e2b5fd,3
checkpoints/beamspace/trial_0460_RTC_S02_B220.mat,bd566318cde4267dca39db953053de73faf52d60596626dba72b19889046f4d7,d1c5bc4c9807b872b56443693eb45ac00e4e40e1917f8e34e579e18af96b1b9f,3
checkpoints/beamspace/trial_0461_RTC_S02_B221.mat,2363e0bc1e4f68e84d03d07dcae67954182943d7f576a368cfafa61cf4e290e2,be133ef6bc5150d91967ec0ea2c23e367566c1673e64d3a6d73948d57c596c20,3
checkpoints/beamspace/trial_0462_RTC_S02_B222.mat,eef4a8008035cd5b82c08af24904ba10e5e4eb5ce164b7d5efe5ea89c48b02e6,df451c7d1b0e928d98e854aacfb36c059b5749f85d9b28e45b61ca3392a11cee,3
checkpoints/beamspace/trial_0463_RTC_S02_B223.mat,9c4c96beb988602c264a5df28889a971245d4719c22098a9b7ee1f09fa0cfc02,8c97765d942887936896d0979f40a5bfe0458c45c9f30254739e7ac0da35761c,3
checkpoints/beamspace/trial_0464_RTC_S02_B224.mat,cd8b551ea1a456189f831fbea275bbe037457798f0a54619e6a199abf22264b1,1ea0ed2a47fe1ac8d11b77f6b1b7d131c140f8c45e635da2af95e45c253efb50,3
checkpoints/beamspace/trial_0465_RTC_S02_B225.mat,d00857179513e0e8631e35ee61b9e2b3f12081741e8858c67879b0f325b8a371,53320679882280a61641d13756c3cd6f7b124365e9ad00735d1939dd45eab1ce,3
checkpoints/beamspace/trial_0466_RTC_S02_B226.mat,92c52bd66134384684339319cd28a6f6fc91095d39e482771c920943bd249ec4,5d9b888075896af360bfc46db01801289bc45264a036fc798a4c752c44ad784f,3
checkpoints/beamspace/trial_0467_RTC_S02_B227.mat,bb5a9b46d0312cad7dcddab0a7db7297a2a7739b27bfbdbdb077e55095e98082,1662c9cbec5302860f2989fc01f01f08103f9b8a20e64a5619decb364f9768a3,3
checkpoints/beamspace/trial_0468_RTC_S02_B228.mat,3e933c13f82922ee44bba5543428a8d72e51895f3c34c234b77cb923eeca377a,f9ba666f3c928fdb872eba78ce1281763bb93d8a6ff9a40eac4007d227630122,3
checkpoints/beamspace/trial_0469_RTC_S02_B229.mat,a8d9ed814a3cebd5d23bc2d50aca253ac4b77879625031715e8c92cf9c09bb33,377ca5bbe15356a3a417a5d56c3bc2d98c243d7d4d9c7ee90f4042f0bd287c71,3
checkpoints/beamspace/trial_0470_RTC_S02_B230.mat,8eb08bb468a9b634c2456ccd5266c463e1d57a6456fc2acba991f5fd21562e9a,408266a57217459980d533245cedb94e60fa2b5527414d0f4b87caa3ab04fe65,3
checkpoints/beamspace/trial_0471_RTC_S02_B231.mat,5f589f5fae4dd504577cc5e3dd7efee4e748365fddd4933cb5cda7ded833a799,61fe474a0682d04dd9a35e1f478a1ccfcdb34ed99c9e49b97559653fb4fdc65f,3
checkpoints/beamspace/trial_0472_RTC_S02_B232.mat,3b3ef6fd02150d105e7f1680a2c37dd84319a958526d6d046c58c325c71a52f8,bcbc02f12e0fc15f786d03010c967274c3126b3c49c5f5b78a402ce3375c4a8a,3
checkpoints/beamspace/trial_0473_RTC_S02_B233.mat,dea8fdb4cfcf0ced1290d5b0b4c6ebf087257b4ccc01445591959c6f815e9fe6,757991b61a90c84ff80a115e9cfe0c2f67fb1a68aa7634fa75dfb1884f14261e,3
checkpoints/beamspace/trial_0474_RTC_S02_B234.mat,ec1a1f972d776a85a91e3d6e355e9e88e874205c6a5796277ce2023f08f4d0e5,ba6e972dc416f901e46bd908ad2aaca85f53e06b3274637cc2e9641952bac94a,3
checkpoints/beamspace/trial_0475_RTC_S02_B235.mat,1e398e088e0be740e836daeaedbe7eab288f4aba62d8d4d450a4aa43540eaf63,bfe137408a355adea4acea5a3569f406a1016d27266561524807455d1013b943,3
checkpoints/beamspace/trial_0476_RTC_S02_B236.mat,2e6edc565942a2bd4b93ecfea210d24b073528e90a716bfbc1e26fb1eb4f64f2,de842faae0ef35ed57d459b5ec862acfd12be5f52f27eab397bf0037a29629b7,3
checkpoints/beamspace/trial_0477_RTC_S02_B237.mat,04c4f6d0d6414db443e416cb4937d204bb79a44ba947b0ddceb9cb3ee1d7661c,a9a9b911e74d1bb5c51075b193a1811710f06619d9e6b0440b90cbebd6f4d98a,3
checkpoints/beamspace/trial_0478_RTC_S02_B238.mat,76f653b0b0089cbfd842e58853c013c4acbaf3bfda17efd6f9449a5ac9ec5bca,d3dae4c633d0221f287db9136bf36d0be1e152c9600b578d7b3c3b079568c5dd,3
checkpoints/beamspace/trial_0479_RTC_S02_B239.mat,2a76a0644b654528bb7a7f0805ef17bdb0fbf2808cab738cd2771f68898ffa89,682786c1b58ce073cb2720003e684f27997a79e474a5c465016df54dc8398f40,3
checkpoints/beamspace/trial_0480_RTC_S02_B240.mat,e75905012e891aa31d2c40515563c7ab2ba42090f6a6c95f2f0957091c1456f6,3c273cbd0b5e3ab0242f9ec24a2bed244bfebaa3ce36112e97262c94fe37c573,3
checkpoints/beamspace/trial_0481_RTC_S03_B001.mat,473c956bd7635d2080b6d38fddb83b15b5a8885f382ba4581bbf17a7ec6bb6bb,c26252b95bf1683627cf8ddcd0e6a00389efb38dd219773ed689a264b97dd6fd,3
checkpoints/beamspace/trial_0482_RTC_S03_B002.mat,d378b8f112d440d814b4e2680615a1a26596fb5feeea0726dd4b951437b56db3,c11eaa2ade90c895ffd7eac688dbb35beaf123e2fc2f7ab6ce6f3f93a8bdd439,3
checkpoints/beamspace/trial_0483_RTC_S03_B003.mat,82df1da4e80ecadc5808e7ef4b10aefbb0a652f4401b98f2a49abff038aa4f8a,ab3dfd3737497210f4c3041cade99dc9ddba5c70ec4a65ae2fff0d8c8f09920c,3
checkpoints/beamspace/trial_0484_RTC_S03_B004.mat,404ea0d5f6c6040a30d4aed96f4e4a7bf3ef0961a62517f8cb7cfa2bf56f56c6,6eadaac54b0459f7e6bb038295da08e36d50ad3c2b0fffd4a954e2fadb516b36,3
checkpoints/beamspace/trial_0485_RTC_S03_B005.mat,afca67ae07929260acbf7a044a27cc0c7332f0c20e9b4fcb1ae34d759256d6a6,37594cb21ea959e4ecea86389bac9b6e0bfafb4e6d9abf3bf73cd54cbab24e78,3
checkpoints/beamspace/trial_0486_RTC_S03_B006.mat,fc2ce24c9331cd3ea7130549181a4723f62050ab6143423617e7d1748d5f02a3,a76a53c002e32136d591aeefade79cd06f3191c85c60bda61fc64f96623ff76c,3
checkpoints/beamspace/trial_0487_RTC_S03_B007.mat,27a123fe67b39b7381f6c19c03931bdf0bd81c8b4675197a5165f1608a4457da,324738cbfeaaabc9edc53aa56299e811644833407b42255e1b902f9ed756ca36,3
checkpoints/beamspace/trial_0488_RTC_S03_B008.mat,9689b227d4bb150fd412231cb9ef6ed6aca45a7824de20e3020244935d09ff31,e76e318396f83f3afb744c6d9d27b2b5de2a5fd0e5f9c1f0d429bfce457a00f3,3
checkpoints/beamspace/trial_0489_RTC_S03_B009.mat,d551f2759adea23fab7f3ee92201f7d9630848d6d1e24758f33ad428058eaf00,3ab47cf97b5f21776a0496dfb45695861c46cb33879fbabe43b3e45c9c1969a8,3
checkpoints/beamspace/trial_0490_RTC_S03_B010.mat,2f43d6ea122b738f21959134d2ff475757e457c49f96167d5d4c1b8f8702b6a9,eaf03eba0836de5823b77bc584f134b459f447cccc80c730a936903440a01677,3
checkpoints/beamspace/trial_0491_RTC_S03_B011.mat,45251b8d0ec71c3dabd1ab5f82641f25651fef7921efc67e9826c9d2001f05e2,09eece475012d67da6dbd5852841cd7467a88f2adbc7d19297b8c1dc900b1868,3
checkpoints/beamspace/trial_0492_RTC_S03_B012.mat,32d01b7c18ef179456547066019e3746f4db0341ea535d3c6f601e49f81a1a82,0cd994d53016a9eae18ba46bc85b51ea3c0f19330be9321c9175fc9f23ca6268,3
checkpoints/beamspace/trial_0493_RTC_S03_B013.mat,f974939d475d7cc257d51baffa81798dbe05c8299da5a2d52043f90ddbb62b3d,bba6c5e47036ba62d1ee54e14e17bab448ee828c8e942401310667c299605352,3
checkpoints/beamspace/trial_0494_RTC_S03_B014.mat,421d61664a1a8c7b98c535a129b3644bd990d69562c6f18b0da2b96d968e85d0,d6af155f41df69f6757887dcd9aa387cf6570441a65ddaff291d335955f0cc24,3
checkpoints/beamspace/trial_0495_RTC_S03_B015.mat,b5751d31aea16878fd8693bab418572912e82093482c136a32a46b282d30bda3,45d126204ca3953073ba9138858ee38212d46067fd72f16abbedfbcd43c6f363,3
checkpoints/beamspace/trial_0496_RTC_S03_B016.mat,a9b11a1a040ee1adc2151e5e1f751bc436a188f0e8eb605f8b2ae24cb5e08e8a,915950dafa652cfdbeb3253ff25ba6d4b6abe71ce5396b9640a107850f0a311b,3
checkpoints/beamspace/trial_0497_RTC_S03_B017.mat,8050a0fed3d1417a30c00620893bb2307e8a148dcdbdac11d1263972e2a6de44,d09ec301efa951e9b2f4c7e424052ba89062fb7f59a13b1f5ab7b9dcda40c62e,3
checkpoints/beamspace/trial_0498_RTC_S03_B018.mat,a29022a4702a8b3959370bd9705dbb230f457622cc4b1369ad48cfc8598029f0,dbc68a403b612ba20993ee97707d41937f2bc975a511de1e0b2492aa8b68e8df,3
checkpoints/beamspace/trial_0499_RTC_S03_B019.mat,00270edae48b1d434b4ff5a399dbfcd4214fdf19357ba7d597da23476f7515e5,f21d559e10d9c0fab92ef239b41b3e96cd1663fe4e2d1250917e81848c90ff37,3
checkpoints/beamspace/trial_0500_RTC_S03_B020.mat,7a4ddc95367ae5193d15c21e2a308702c57c1cc29abcb9253ff02a45d4a2e111,a7a07832130333b63b302673a25c1dd76ae0a0ebb888205b497bceceae69ff98,3
checkpoints/beamspace/trial_0501_RTC_S03_B021.mat,f18b679c9efab854ea190448ee73f35d8fc0fb2fdd3465fc4e74998c3d303c5b,a7278058bdf94c8aed8dac36d8e26fbef71e66c65cd41be5342221a71f2d158c,3
checkpoints/beamspace/trial_0502_RTC_S03_B022.mat,2ba8074969c7ee97cf81eb7ec617d9dc1f948b2642cd0ba0e8862d36d34e785f,209d7d9c411eace9b3b42a00b20f4073f5ee862fa76074674883055b7aea72a6,3
checkpoints/beamspace/trial_0503_RTC_S03_B023.mat,556ed88797af7bbb3e1df51ec8850707607c61d5415c7779d70a1a82ac430ba0,822dac6a1fa7c45f1afebe7a2f3cc5814ff56da4504e4ce84500f45399fe398f,3
checkpoints/beamspace/trial_0504_RTC_S03_B024.mat,de73cbd041b7b2af9294b6e31fb5facb7ac07885f322b45bd5e55a0039bb05cd,2bf15533dd70a78e7624f6df233e3372c7c68209bb43b8149aa2eb44e119ddd6,3
checkpoints/beamspace/trial_0505_RTC_S03_B025.mat,8aa5ebcf3d786b1579bdf8dbd04a9fcfd1a1bed3af612cf8d3447e63d25434f1,07e7ca4522e3a96c105f7015f0423d570a8a7423790a3fcc0f77ea35c93248d2,3
checkpoints/beamspace/trial_0506_RTC_S03_B026.mat,25326eaeda04d5a22e3f9b954ac47000d8706939398c9d8d5a9106b8cdb8e844,aa24f5f7631afe32e0f4791ecbde43ce2aa83a9e2bccfaa95d9c4b1f6603c94b,3
checkpoints/beamspace/trial_0507_RTC_S03_B027.mat,81996d735650fe02b29c88ea126d81ecc0dae14636fbcbf5347bc087b1d26927,78324d8f7f705a5a3847ca0a75481f29607c9ac2a57169de7978b16ed04eb7cf,3
checkpoints/beamspace/trial_0508_RTC_S03_B028.mat,38dce028b746aa7afa7b94e2cea969c00e286d4f0d851cdaab95836d172d861d,5622ec7d001db37c0ca758cbc7ee318f91087c3bcdaaea47b753f56fa8189082,3
checkpoints/beamspace/trial_0509_RTC_S03_B029.mat,9cc5360496ecd880710a640704faf5d66f5e0efc6c15fa91af1357519cec37d5,a3474390aa50e26fdefb4be6939833473c3df55cb724c18a8107bc72673cb213,3
checkpoints/beamspace/trial_0510_RTC_S03_B030.mat,b3023e1371f0cd3c22dcd6f8c734fb73bedcc983cfa5be74835a39aa41fe1f94,93beb6a8c234f3fe0094a3f244a225980b18a1308b165efc25a3605ccc3b5d96,3
checkpoints/beamspace/trial_0511_RTC_S03_B031.mat,6866ec4a001d9b542dbf493477eadd919ce79c6cdbf98f1acba6fd87fcbaf2a1,1a1e981283cb10f3a214fa7fee259d6a6809b8323824245c9e26a65a0ba9a004,3
checkpoints/beamspace/trial_0512_RTC_S03_B032.mat,876cc76d583e2330d437891b06ec6fb9dc1ba8a9603f660409b186071e77e51c,4f10540b651c3b1883f433940450811a25c378cda9a67029cb3e753cbe0a962e,3
checkpoints/beamspace/trial_0513_RTC_S03_B033.mat,92633242a69e874d1ce404c1e5037fa2c5f758adda3fdc7b2437cf86e1761216,aa705e787d7ad44b0101930cb95c75e412592bfe05b02ad2a18fbb21fda19a2f,3
checkpoints/beamspace/trial_0514_RTC_S03_B034.mat,99e836677fc428a5c768c209ed83254492f07e4b617412a0105dc3de06ee6104,e5f6b35206dd9fe93c72be624a925dcd0b423e9dc9b866f970c1d05e0aa0410b,3
checkpoints/beamspace/trial_0515_RTC_S03_B035.mat,b4d019bb882c69c3f164780975071892f6b862be0b1e305ad9b6b7007eda8a0f,161083910ec66a799e117905793842cd1363965f15221efe929f333c03c8625a,3
checkpoints/beamspace/trial_0516_RTC_S03_B036.mat,32230cff2dbc16646d3e64600fa441f8783cf2749b2f36827c45d1fc7172be34,9265074779521f616e17acc6b2f42ef27f8d5a39571017c2e5ddb2e5cc9f3629,3
checkpoints/beamspace/trial_0517_RTC_S03_B037.mat,b5328e27df0782a0f447ffb333334d30cff242d40e29db2436a7f6b92669e55b,2849abe471f6a0ad51adbac7b822d8eb9d30365aa67a69b7df5dee3bbd7b07f8,3
checkpoints/beamspace/trial_0518_RTC_S03_B038.mat,bb6d26457f84c329bf9f6ea792f710f62aec2063bb183692d63502b6eacef9ca,00a0e642e58f3326296ea5967e712ee718e5b5eea46e1386a6e802c518e8672c,3
checkpoints/beamspace/trial_0519_RTC_S03_B039.mat,f673b2f3141cf67f6fcf1be4ee27dd95c6e49df799c21beb437c7bcad2c779a9,93a613e1b1187930e9ea48744b20b665fe4263b5432dc15a84a058ca30ad5800,3
checkpoints/beamspace/trial_0520_RTC_S03_B040.mat,4d2219d3d0ea6f28441d32d700f3c1265435963a9f665be1da00c14c01d2a74b,3f0b1419806106c5f8445ea36972a2abafa1d2256715b59882705c0247feeee6,3
checkpoints/beamspace/trial_0521_RTC_S03_B041.mat,fa6b0a8fa476a9c5653a9c3fe57a41328c70307bba648c76c7d0c49296f27bfd,37b3e71a2b2dc8014a691767029e8898b1a17a3a645e3a68a9c152db20964ec0,3
checkpoints/beamspace/trial_0522_RTC_S03_B042.mat,2c50ad0643f8d4841e8fb58895dc2fb6f4b85f9adc6bd9d42c1eedf03f71bed5,bd5f4f1dfbad419ee8c276f1eeb2d9d61de2609f55a790dec2f0bbb01df19714,3
checkpoints/beamspace/trial_0523_RTC_S03_B043.mat,16937565126de9d4a1975cbc48fb68234a75af9bea1754f788089aa2d4451c33,ae2982ee56e66d0dead57ba3e4e7764eb5a293c85dd9983490fbccf167b619d7,3
checkpoints/beamspace/trial_0524_RTC_S03_B044.mat,985c070e12afd8e3918521ecea492ac6167a8886ecdb7904c8473c06ce923b30,31b2cff03a9b585e6e8985b734a58f44d898cd2d1260c30febe077249cfa9f58,3
checkpoints/beamspace/trial_0525_RTC_S03_B045.mat,f5ad7b85d46bd0c1bc5d471cb192368be398ecc3b9b4c6a701ceb10a227dab6c,4c7d221eea29c6e57541ba77081a2fd4496bc3dd1ea145212024ec8bff7f4795,3
checkpoints/beamspace/trial_0526_RTC_S03_B046.mat,9733634ca58e5d67b06ee5014b4e8d693e3aafd4b34effca583f4746ba58c644,350c28905c1d9a3327537353ec13ce7aa6d228ebda3216e63013d2aa442d0bfb,3
checkpoints/beamspace/trial_0527_RTC_S03_B047.mat,68cd25354ac6dedbcc4dcf341a8d3c1df7e9377a769dd133134af67c86ddcd16,2ccbf90a6f6560c9af54abfb76866894ce3997c9b492df974fb15088d98b2cd1,3
checkpoints/beamspace/trial_0528_RTC_S03_B048.mat,eb996379f1441373ee50f62e58d9e7f28e74bfd1db9c887f78b2a43f4ff62afb,e6b656e57caed6304203d55ab44eade560a325c94c2a4b9ed47fa1acef702b0c,3
checkpoints/beamspace/trial_0529_RTC_S03_B049.mat,abf43183ed24b5dcc4820b98bd6fb128a673b3543af4eac7ff373596f198bf87,0c94ba8d1c4016e0ca1e7ce0cd2f9cad56f6ad3fb02ad6696d2893482c13d198,3
checkpoints/beamspace/trial_0530_RTC_S03_B050.mat,0b735ab6f1934e512285f0c4dc1ba1bef803ea505ff1ae417880f8cc999d36b3,dbc303447ace98fc16573c8b066b38fce9ac2e19a6b932f96fb932d03cf5ad37,3
checkpoints/beamspace/trial_0531_RTC_S03_B051.mat,c7c0400a102b244f4af00e55cfc81fbaf84a2558a0b2749210005c837ccf25f1,cff1f90ea576202e28cc61a8df043f751134c1d12b1abd3b241ed6dfb0fd2179,3
checkpoints/beamspace/trial_0532_RTC_S03_B052.mat,bf6ed5d7091a019f30d9ad132dcb51783c7d7e34e3dacbfbcdf9c1c26c39d566,439b4a40e34c868b3579d9c362889f446d9b2a83eef7444513ff4c27af80ddfc,3
checkpoints/beamspace/trial_0533_RTC_S03_B053.mat,119e0986958b72552919a1106a8ed4893c1d713ab6dbbf8f1abbcc2b077ba2f6,2c6f705d24f91b7992ae63ef219b1cb89314c2ae2262a83f9eafc4171247eafd,3
checkpoints/beamspace/trial_0534_RTC_S03_B054.mat,6102119f7fb6a638a74a5992b4e19915d71d15bcf22431a89178b9afc6b43f91,9650f0521a63854b3553a905fa0ee06bc65683273215223e79bc94cd628d3d30,3
checkpoints/beamspace/trial_0535_RTC_S03_B055.mat,80e9da3dcad70f0905685a431d4edb8546d6200cb897fa6bcdc0c98a17ba1269,c8e1561eb5bfeca27f7e3b3ce9960bdf195ad09e69c376ce337f0043374345aa,3
checkpoints/beamspace/trial_0536_RTC_S03_B056.mat,916d4e268cf99711453b360fb7d3a131770f1eae8b73be753bca14bbba0d56f3,06f8a8ce019593fbf4cbc80821ce208396af31ce7b73d62fd3c1474618edef9c,3
checkpoints/beamspace/trial_0537_RTC_S03_B057.mat,74e7ec0f535abbaca1d0f60863b079b64dcce75c8084f42ec13d897597f4aa36,9a0087a6ac771b475969044ba6da6f182bdde048afeb5210d6c537369b102cbb,3
checkpoints/beamspace/trial_0538_RTC_S03_B058.mat,e24bd7efbdad0696042894391fc60bf70d9b7bd8ccc6eb808b717a919b5ae56f,acfa2ed65f4f7fd7f6221579f7738ba7ca9af3209d4d98f043d3dd3691b4f68e,3
checkpoints/beamspace/trial_0539_RTC_S03_B059.mat,d541bb615c2309217c53700474785382356d9c8c49a02dccc5e8ea77636bb7d9,e44968d1ecba1c6016d8ed331a6bb8d6371d35ff8bd94194316f6d8d29df5d1d,3
checkpoints/beamspace/trial_0540_RTC_S03_B060.mat,fdfb6a92b3562e09a7b2becae15f88396266c08884f930af7c073d018491294b,c32ae5c50b29df6eacbfefe95b4811ba5821e03ff84b43f4570e149187b04de1,3
checkpoints/beamspace/trial_0541_RTC_S03_B061.mat,e781809a9a5daaac0d4b00713284322b20e23442d0170769b54b44a890de8ee0,2ff5fa49211bbb196d2f291a95a839b0257f61d88b64ac50ea1e308f750ddfea,3
checkpoints/beamspace/trial_0542_RTC_S03_B062.mat,5718aed69173f708d58b8412a5465a1f3ebac4de372f59ac286aeba9beb9d1ae,62bdf967ca7c7b5440d70ada0d5d5aa8357dc938527a2dc6483f18af1892b252,3
checkpoints/beamspace/trial_0543_RTC_S03_B063.mat,6075ed5c84a07d9e43e273b503080b95d5fabe1cfb2d483fee305e59fd324e16,fb621f8dc20db5cd63b24bbd42f487a4bcdff082663878204184d24cfce2cf6d,3
checkpoints/beamspace/trial_0544_RTC_S03_B064.mat,694dc3236ea6a5768a847e69a56ab65c44a86c58e11859839f0069d79d1a3ab9,aa0b5c1b888241bbc31c9a0cbd2997eba3629790ebb3219ccc1ad624a9eaabbe,3
checkpoints/beamspace/trial_0545_RTC_S03_B065.mat,4206ceb043a6f3f9ba39a5bfb29053a8c9fa24e11ca17bfb46b9deb2b300b743,65949fe99a49bacdf8553ee385ce73313d0884ff5ed788d5ff0f82856672ed94,3
checkpoints/beamspace/trial_0546_RTC_S03_B066.mat,670ef1ae5ba90998aafc47f809eb553c15447dad0e98f9bb983a46d38705faae,1c029bb45d24612c6def44ed54c2aa50d595f4870e51f12dfaefa7839c3f50e0,3
checkpoints/beamspace/trial_0547_RTC_S03_B067.mat,9d73a23240dbaf0336f40f6863207cd2094a1d4e8cd20e2184a525077a0f9f11,64e1e0f74cd9872106d8411e86bbbbdb650e017caedaf9c013154ec2091d3eca,3
checkpoints/beamspace/trial_0548_RTC_S03_B068.mat,6e6063043f5a61ba82f7d91ab3d2463d3ca2fe932f5289e571739f5127e6c69e,2b0db73ae07aa392a76b80d6dfd0cc04d0cb6c146ce1cdc0b9d6d5a2b9ecaed1,3
checkpoints/beamspace/trial_0549_RTC_S03_B069.mat,c67659e99827985cf301ca138b874fa6523931fe3cd28000244f2d2582c1933f,f4c85c619c033ad10935b8fde05e40f313803bcc23451fdd49b2d7615a04e02b,3
checkpoints/beamspace/trial_0550_RTC_S03_B070.mat,0e40963b92c85e8713484f27072120161eae8f026d2c0b9028dd410d48f4d7ac,0ba8410e95c9c17c752675390356dfc6e4861229520352448e060239cdff48d8,3
checkpoints/beamspace/trial_0551_RTC_S03_B071.mat,6b9caa157220e6c1d6b6db395988e6afcee8acc3dd1f78d3105e3b24a53d5955,02a5af7a7fb841e9d96632636bd6abd674d45e2ef2302a3bb30fa63ae6c6c026,3
checkpoints/beamspace/trial_0552_RTC_S03_B072.mat,e3f9ad0e89d1a7889d69900e700fc81139e3fb83743f424df371b28f51eefd8c,bdfaa667f0ab1660a39e31a672fbf0fdd72b68c0950a1554f72255ce7623cdcd,3
checkpoints/beamspace/trial_0553_RTC_S03_B073.mat,f9c9335b993390528351e4688b5f152a99924e1bee7d76f7557461e82259827b,d143cf86212e19e1538609c468e4257d496e104929530144fce6c2f02b37cb06,3
checkpoints/beamspace/trial_0554_RTC_S03_B074.mat,623154459cd9ae01b301a2d960db9429547f562eb2c385030172541ce9afcbaf,b7b3e74fa0711d6fae0cc8ae0f04da53cad2b8a4721bf41c544238e35718370a,3
checkpoints/beamspace/trial_0555_RTC_S03_B075.mat,5de31daa69b9c3eeb4ff0f9313bca3d886b82b6bac769aa7010dfc0664bafb8a,4065819cbc2506525e6cf373e30f5efed279be0f443e529d993a8aa73c660dcb,3
checkpoints/beamspace/trial_0556_RTC_S03_B076.mat,ec381184c552c6293de20b3d62fdf973435c2857abea5ed3c28710bafc1033bc,f1d6be70683206c5f37b1c7acc38bdb3b434bb8d685075409aa4c769b75d5140,3
checkpoints/beamspace/trial_0557_RTC_S03_B077.mat,d28ee5a22670e52a64fef28d4cc25bbe42579039d89604be385cc81429a2826f,ff3c83adf9d2166b6cdba3eb4ebcbce737c7026e71b3a6903662390fbeb5d801,3
checkpoints/beamspace/trial_0558_RTC_S03_B078.mat,932fe54c9bea641b23cdfc7808ed699fde30ef77aeac03c934149a083f8420e6,ba66c7d2d9c1a1d0186e1aec800210372c6357ee30e8a6296afddccac19409b9,3
checkpoints/beamspace/trial_0559_RTC_S03_B079.mat,5da879c2f16599628c169dcd5d0b037326dd012ee75f7864657ef8529c0817c0,c4416099ee6f15d51dc9cb2c8314b5844118836b55455e324a69649f7975164f,3
checkpoints/beamspace/trial_0560_RTC_S03_B080.mat,24679e8bae70b37635c376a81aff3e70fc1fe3e2d14eb15d8a8a5ce4c6df8ae5,33d61923d45137efd9f034f7d69fc002aae09755f4feb0887dcb7b967edb2a9d,3
checkpoints/beamspace/trial_0561_RTC_S03_B081.mat,b239f86322fa828addd7fd16bc951c5b2f7e4a28b4c3b9cc13a221c66c7a3950,cff848a0f4cad3a85d923d0686ed64aa361df35b21eb2b313ca5dff47d4a67b3,3
checkpoints/beamspace/trial_0562_RTC_S03_B082.mat,562c0fd038976b97b134d2367def769999d9a77d489cba5cc5840732e3b38533,918b27b21f00a462b584b8609a7951d12c53f14347de67549f33fba374b8bfa1,3
checkpoints/beamspace/trial_0563_RTC_S03_B083.mat,9fa5da88374c8d554509d9352d57ced24d0609b23484cabd81dffbb30573d691,d002747e9654a76c379d291ce37343c6231d1af823857c648cd16e580d161bf0,3
checkpoints/beamspace/trial_0564_RTC_S03_B084.mat,4b4fe14eb5deb61bbcb8f6254062ee13dcfd3beeaa8eeca9f2c357be55e38bdd,855268baf0e9c43d4f34cb653c8a29c329967907cd755ff01048a955b39226e2,3
checkpoints/beamspace/trial_0565_RTC_S03_B085.mat,89d8d3a0c0ea996adbcfa7b596230f1c052d90d121aa22f1440c0c66d5a35e44,d27f2f90efafb4c6d9aa608aeab46244978f99e6783306d0cafac83988354f2c,3
checkpoints/beamspace/trial_0566_RTC_S03_B086.mat,960f7177e590dfef1ab19af31fd64cd4201a1c942104351dfa8712e2490de919,a209d5a20a9fb2fa601089002c28700741a17546c3a335043c8116769ebe0337,3
checkpoints/beamspace/trial_0567_RTC_S03_B087.mat,d3726272808863debf28f06adbe612f547faa11f13647528fe741386a6019275,73e5960409a5d96b5091476c66b1b2607946e947321ac03f196de8e40bc89358,3
checkpoints/beamspace/trial_0568_RTC_S03_B088.mat,c98237bdfff986d5b0d4f927db108829766f7690e3d06b1d82b2ace55aaca709,a97ce3e48fd774267de91256fb13598eb54bfbd74d81f2675c1ebe0f38eab62b,3
checkpoints/beamspace/trial_0569_RTC_S03_B089.mat,f6ea91595ec51a203b63d0a84f8660711a6cb0f2b7a5be5543f96fe94e13b309,a6ade6352ec7f41bf52e0fea9056394e250bc4f6be1f98e1c1f728db9441238a,3
checkpoints/beamspace/trial_0570_RTC_S03_B090.mat,ccb68edf3b19348c53f6c0269a4905ac166a0837b80a92d9df0193bec7dcc533,3fc8c43070dd0e078bef2c025817c8e4baa77bcc2d19320a9f71ca61996c059c,3
checkpoints/beamspace/trial_0571_RTC_S03_B091.mat,67c2395f361538efccb8416e7eb30c3cdd9a5c8e02a1077d464f258b04e5edec,de68271e207b24e9b32406fcaa3325f595d80e985a87fc98695e2b48ddd31e92,3
checkpoints/beamspace/trial_0572_RTC_S03_B092.mat,ed78dd5cccf035be8c4627b576861333d7d42ff0962badcdfb097961b002f481,f9097e99cf563dae4056f13247d2ddbfacae9d1dec6a5841e8f2ede291ec0fef,3
checkpoints/beamspace/trial_0573_RTC_S03_B093.mat,e4519d02df13ccdfe0a76d3f355aab49d4321b13f29e9209bc930916f160eb73,c8821a869feec7236582140ec994f8e640bd029f09c6a1c45f3e7b113993766b,3
checkpoints/beamspace/trial_0574_RTC_S03_B094.mat,f0a9e89e4feb0a49d2f58f5a92b99b8bc7556e91e94ecc0a2a8a36a8ab6a6078,faa5abd1bafc49cae7abeeafe8761622c02b822d121f90080cc026656614403e,3
checkpoints/beamspace/trial_0575_RTC_S03_B095.mat,5c892cd146010ebe3788fdb00eabf604942eebb3ff055829a493f50e0510837a,798b57fc6f538dbc44d532007466d5a45e420eec7b869d72c5f4db9210e5e796,3
checkpoints/beamspace/trial_0576_RTC_S03_B096.mat,e8997001f045d540b09f529ca908cd075707f7d198572929ea5f56d5eb641bf5,982a5515b3e6d989f88ca774e937430099a1898372f92ad3921cb0ae84b9dcd3,3
checkpoints/beamspace/trial_0577_RTC_S03_B097.mat,3e23e3e380a717b8d8df5ed52cb0e8ae280e33548f5ea8e0a72ea697c1194fa3,f83731f43c8b97584ecd362fa98dbf923ec39b3a7ab1b6da03f259204eedc567,3
checkpoints/beamspace/trial_0578_RTC_S03_B098.mat,6546d24f82bb2c0ab1d836a5fb687aee1cf07a443c2d67881cdaad4740143e88,b7546f5c1445d69feb48c4954d275f38b4ebfbdf7bcd159e1d76b8a4e4ef09eb,3
checkpoints/beamspace/trial_0579_RTC_S03_B099.mat,c5ad2a9e5040111769694d08a3961a870f7462120a8e9732805747c5c791d864,43f7f67457553f4736063072b9dae9222ffb23367b5e9488c8d753418de8c888,3
checkpoints/beamspace/trial_0580_RTC_S03_B100.mat,e21984e866ec7a961f8ec8b4dcd42c6fefdfcdb75acd1a2e49e525e93f18d7c2,827911b6efa105f052285d770a655de1bbad2e5994aafa013579be030a339091,3
checkpoints/beamspace/trial_0581_RTC_S03_B101.mat,1291ac008cad622bc36c6ca7364d3de7a59457ca3331bd0bc4c9e8d0117e5410,ac042605f7c4a7c0636e0eff44f0108798f54bad7d32ef40de08544c28848961,3
checkpoints/beamspace/trial_0582_RTC_S03_B102.mat,ec49c72f4078fa24b63c82bba8f701574ebcb2440ba33b058eccd09566c836bd,6ee6bd8e0e984c1a5f855a83a57cc7828876a8599cbd157af337da5acb16cfd7,3
checkpoints/beamspace/trial_0583_RTC_S03_B103.mat,44227596c2ffcbd931d0547b49111939b28c799515d64baef37e54157395af9e,f7ae0387397be7e2ae85e063e2f48cb8364a34fa4c22b3bceefcdaf703aae36e,3
checkpoints/beamspace/trial_0584_RTC_S03_B104.mat,efa92aabf57cf01845c83eaba6348726a3977032803ec32c0c44ff933fb6f434,b4cfe74f55d1b5fe167008c12ccdcba6dba9de6e4db3f057309fee7b83e58fb2,3
checkpoints/beamspace/trial_0585_RTC_S03_B105.mat,eea2758f764b75f635403b41a8fd88e010a105c9c9f2a0af8159238037ddd065,be3c7af6ec1cc6827df4fc641ca9aae4d5994b21109a86619d053e44b5f6de21,3
checkpoints/beamspace/trial_0586_RTC_S03_B106.mat,f0930032dcf685db411d95ab48f7dc435dcdcb77c326d07a772a22f41f0decce,ba5c49acd92a0d46680177b55168c04b041cbdee9170effc3dc2356bd54d2b27,3
checkpoints/beamspace/trial_0587_RTC_S03_B107.mat,7d01a6397884c9a15f24eb9d49868d54a38faddf711fd32e8e30d56f4982ff81,4f1b7ca20fbf9b46089bad7772ded52d7afd68c7d38eccf6bd3f617200062643,3
checkpoints/beamspace/trial_0588_RTC_S03_B108.mat,f1c5535afa3b89274e18ac864121819e6b218c725c426c10ca81fd540c6db352,4ba702ed67f0baef1913e7f4efc7022d4455ca894dd54215d37e895a2f452c2c,3
checkpoints/beamspace/trial_0589_RTC_S03_B109.mat,3be479d7552b77edb70924ff87e542f94a22c697375ca7d3600916a338b22815,697f21bbe387f576700e74c73d0a5ea299af6f71bea3dc3f48ac535e06e33f0b,3
checkpoints/beamspace/trial_0590_RTC_S03_B110.mat,4c43490a99267c373c75f9b922fa05740ef3963dafd7e614d47e1367394c9074,e898dd3c33c7045840349e24f3428970e44f3f1e59fb996934c686dc34254401,3
checkpoints/beamspace/trial_0591_RTC_S03_B111.mat,42b8e84b0cf4fa9ffa88680f13a867f8ac3eeebbeba5a70841b0ff6583eb91c7,7f051a3c1954ef3a8b43b87d27f414a4971a32021d2b9a9254e7fac8240e301d,3
checkpoints/beamspace/trial_0592_RTC_S03_B112.mat,feb440be744e88fd8c402484e61fd07eb1b07f6397b6cc3fbae64507770b632c,9de46619ed0f47651738016fbe9084d5470d5c4a1200dfbc26ab9810cf4ca07e,3
checkpoints/beamspace/trial_0593_RTC_S03_B113.mat,23b206ff11c6521e95b2c653f070f62e6c0532c0fa3643c13aa52343c459485e,60f93de46f639b1b18b6825c4037587cb156a719553dfbbd29ec597a727be1a2,3
checkpoints/beamspace/trial_0594_RTC_S03_B114.mat,49c2a4509382af3273bc3726dbac24ed5eaac7bb56c6958a1bd7d8a77b0b79be,5edc9d34ccbc8d162bd562b32a67d69e1645d7dc1f4bff919919f08d03844e1a,3
checkpoints/beamspace/trial_0595_RTC_S03_B115.mat,07b819c5524bcead62da0fc041d80ab201a16b4a0bfacc03cc2d49db21e1a4e8,6daec533e0b0447c7d976e7fdc8a841269faf0b8152707b93741fd051606abb8,3
checkpoints/beamspace/trial_0596_RTC_S03_B116.mat,7c148cb2767339f3fa035490e3c7a972ccc9d731c2f827054c2ff7776573b8b1,92baee1c16bb157fb03aba318d079fbd40d53f93f60386e1485677812c5ba0a1,3
checkpoints/beamspace/trial_0597_RTC_S03_B117.mat,7c2bcfc818daef05619ac3e6f37765a98b7a1c2e296aebee409e8d70b847f5c5,5565a01a375e75948d65a1d1baa67fd2bedb2cfbe45cb72175db40117746000e,3
checkpoints/beamspace/trial_0598_RTC_S03_B118.mat,d912d5424c1b31da95ec5628e218c26760d31e3fc6132a495fb5832484eb0f57,1aa8ae51b2454f21d1ac482f3fe419272de4b8a6411b5a47ff11493be51efc36,3
checkpoints/beamspace/trial_0599_RTC_S03_B119.mat,634d7b883fdb84e2b378e31eba93eb5d9cab2f6e3cdbaea7701c6dceb9986770,acb1fd5292c3e44f7453100d6698d9a6fb9d2d442ff13c51173c7d48e3bced8a,3
checkpoints/beamspace/trial_0600_RTC_S03_B120.mat,1d52f5cd76dd483b94368b04896da76b6a5ec3c23cc0d8e54aaf962c6b88dcd3,3e05014d2e13cd6eb5b17307e81b6d071a107aa91bf34596572fde484f48aee1,3
checkpoints/beamspace/trial_0601_RTC_S03_B121.mat,e4a6fb0d8c1bdbae8f59e4e4f0736d30e0ee5fa829f5baeb944f457d0115d6e8,35a8414cfbc25c64f78c321ae37ac3ec6692ac60be7713fca32f55eb54e1f588,3
checkpoints/beamspace/trial_0602_RTC_S03_B122.mat,ca2edf6408ecb1ae061d64f3572e19adcc0e628fbcf2a9d6f2b8919f90c7d30f,f8d6e760e771e19143ea2f0cec105c9717ef3edf70fdf44b5b0800b3f0fbf67e,3
checkpoints/beamspace/trial_0603_RTC_S03_B123.mat,fb348dac7e3b9819993db329df5e5ca3252f3a4788704f56b83a66ebb5bdbcae,e64e210b274ebbe55f04d1fc717a904834a1ed294acc29766e2f5a42461dc063,3
checkpoints/beamspace/trial_0604_RTC_S03_B124.mat,dd503fc9c21e23186fb5035331679e1386da0f93eedee8019a2a611a4d3ae4f6,622b9611347f8331e31f6d1066365a39b992f15227841b1c3e9e09a02152caad,3
checkpoints/beamspace/trial_0605_RTC_S03_B125.mat,c422bb0f64df5b935af70c334765068df3ce6584aa92c73623ca62dacba09b22,131912496eadf574af37bf7dc3456f77ddb0fc8f8b7697823d1f87f8509ae147,3
checkpoints/beamspace/trial_0606_RTC_S03_B126.mat,c65dd2b19bc4d3bc0dbea9974ac51fbd0002bbd2689598c11de43506f4b60aa1,aa1cfe2ec802c82f8e8296d65052641cdaf5f15a1e2d3cf0c17c6ef974da49d4,3
checkpoints/beamspace/trial_0607_RTC_S03_B127.mat,8a191031a9668bf3711e3bfc8a2f27df1e859eccdec05306aea827dd3f4a08d6,1ec51bd4591572b2f2bebf7c126dc6d282082df20a4e0a9ef83997a1c74b77fb,3
checkpoints/beamspace/trial_0608_RTC_S03_B128.mat,46d83775cf6fef0b3cff8793dc8163d54a9264b35263341ed84e5101e6c9a360,9234684223d78bbf90c01d45787f68767abb8f8d75686bd43e9d099143eed76a,3
checkpoints/beamspace/trial_0609_RTC_S03_B129.mat,ba2949deb012dc9746c8a00daf6e614c9ab46389db30db21d5729c3935c01996,fb4869cf534aa6c1e8a451890c250070a1eb5a48b0f4b71a5f41c4b3f6b22c55,3
checkpoints/beamspace/trial_0610_RTC_S03_B130.mat,ebc2c0d5949d5b111d97eb6bdc3dd435aeb2ea9cbed6b1ca03d7be94d197a9bb,00459694a60dfe0757dfd7f399d55613024125ee37ffceb280d26528e077438c,3
checkpoints/beamspace/trial_0611_RTC_S03_B131.mat,8313a852e8232d975d9394ede551b36201b046dee1712da9eb328a6bd84ef843,ff6288f34b8aeb2f3ad3da00a81a18a4dab07acfca00e51ec78a817e4ef755ff,3
checkpoints/beamspace/trial_0612_RTC_S03_B132.mat,ff2218ab06a89c1748891a45a1fd1a798fe0b59881bd434e7711e8e06df258db,4bcfe7ff6f058e31995707a3b6e4806edc9d484745109bb84273baca96753f56,3
checkpoints/beamspace/trial_0613_RTC_S03_B133.mat,75b6dfd6eada74a785b99ea62c40913e1e44d7269aa6721aca2695e919d9ef31,1a63f1b892766153932804f595b4cb3a6bc5c73bc6a2f0a47a9d22ae43a12ca5,3
checkpoints/beamspace/trial_0614_RTC_S03_B134.mat,82be937628e9c9f9075006b6f4f03c924b96d8071789174ca7f4b6179a644d55,bf1b2027b62f60efc22953d3f6224ae3cf82dc0295b5392f0c07da0642ab9127,3
checkpoints/beamspace/trial_0615_RTC_S03_B135.mat,0bcec0a935523f4a1ef9f25ba50ab4f15d095c45bda4a2ee20532748bc66f330,c6ad1b51656645b164b4dcbca88fdf2a552adb9fcb563630b166f56d34983854,3
checkpoints/beamspace/trial_0616_RTC_S03_B136.mat,83d4427d8a40bbbf3975790fa93accce603f9dcaccb54cf9a7b000549f620e2d,4996f19938d07727fb526259af33b1cb551014b6559a7e856c1e951428833999,3
checkpoints/beamspace/trial_0617_RTC_S03_B137.mat,c7523844f2199323fc761f1323e3d6fef3613a7b4973b9a58571e7bb0e533549,1abf98b64eef5ce5ffa0d6332b6e074cdd2c674087c673bdb6e173462c2c6369,3
checkpoints/beamspace/trial_0618_RTC_S03_B138.mat,86d222e2548599bad7a6385edf3f8ec9c401fc9ff244bd0112af985b4dac4aff,9c5744e6765e434609306ed91b1c97dff7744f8b16b0a610ddcbf37ee5e135d5,3
checkpoints/beamspace/trial_0619_RTC_S03_B139.mat,3c1d43b751e69780f6068649284c612ecfb71f5598a08a912ff3350272724ae2,83df55624af85d991680179cdf5a2944c67ac45588db82a1c608656c7fb5e7ac,3
checkpoints/beamspace/trial_0620_RTC_S03_B140.mat,4bd5c88276c601298f309d364e95f9b7f67b0fddf9e733f93aec745055c404a6,888830de9764084381e618b525712eb4aa4c092ef7008ad56842a60d9f949941,3
checkpoints/beamspace/trial_0621_RTC_S03_B141.mat,a05302019c621d927385e16449faf0e41448e2005086f8ebd71e17d1d78c1690,394fd1c2f5346982c9d2af020770b23539f76a0e11f182e54db5c17ba11f6cac,3
checkpoints/beamspace/trial_0622_RTC_S03_B142.mat,c94f61d6cd2f502f7dd9a94ea95905a5eae767fadde63a32b6ced109e350fb4c,000cd518ff91de865369be9e86ca3b3263029f70d7337d26f0f68047a5e31e66,3
checkpoints/beamspace/trial_0623_RTC_S03_B143.mat,4026ebb3e4ae6cc56486cea3a6e91344f77f50fdcdce88613f3dd1d3e4037100,cbdc3dc4e01182854b97f7d1b6c8415f9d8833f88e27c3b843b3900eab8f0fc2,3
checkpoints/beamspace/trial_0624_RTC_S03_B144.mat,ec6d41f54203baf69057fe8d9f313846d546ab29a3fac86b89b6cde5e85ee319,859d0328d8be2e693de46da424927774483ec5d3ba557d8a76af9facde1f4c6d,3
checkpoints/beamspace/trial_0625_RTC_S03_B145.mat,e9e7c1eee04d57f5e48e21380b0299cafea55fe01cc1d26eeb906f6a3764e901,637166b8add0ade9ec2e5267d9070a6fabd7410770aa523484d2c2eda5c926f9,3
checkpoints/beamspace/trial_0626_RTC_S03_B146.mat,d7c2dc3a04d41b48c42d1312ac7ddfaf2edffe699018eaeddad4c8787364de70,0cf5662918a48276360b3477678af3f60fc5c173d9b9ad3ca32b599ae997d06a,3
checkpoints/beamspace/trial_0627_RTC_S03_B147.mat,23dff1330164ea88a832bf0fc0c79410081d372d33712d5cbfbba197d2986f1a,bf0af74911b053fad307b7ee5f8416bc54ae79ff1852ebb92da17f0707b50e5f,3
checkpoints/beamspace/trial_0628_RTC_S03_B148.mat,8545e5b9e46663226cf272efe1ae21ff51f39035ba3b71532c8ece2bbc9b8383,831b47d4f5ad575eeb1c1c904e8797370f5d1b609b677f5646856d10a23c4051,3
checkpoints/beamspace/trial_0629_RTC_S03_B149.mat,de23d6b2b8b16631e897450d097709bbe6414ab0a04c58866940a96dfd367574,f6411c3dfade0253e71ddc96470ad17e009eda6ea2a581e98f0763502bd561fb,3
checkpoints/beamspace/trial_0630_RTC_S03_B150.mat,3937cdee6b16fbfa10ceb2aa191a88917721f19ea382ff8910724ff331fa3f18,de7e4f650748b4b7a48e90bb7c5d1aba8821294acd882699ae27fb0c8658a6ca,3
checkpoints/beamspace/trial_0631_RTC_S03_B151.mat,209f1084cbdc22a71771a8ac130a429d9af2f0951b0e2d5e3eabd929c55c06cb,c27b0df23eeb43bec90f5c54296ff8795475c8a435f3f594d70db1c211a8140a,3
checkpoints/beamspace/trial_0632_RTC_S03_B152.mat,2a8fbb97cdea72cba2d52a85ff2477c4b8b76792988d7bd212e72b8f181d97d6,d31a2053c35f43aa77a2d0bbeff01218a49042a9c91c5e22efc2f7fd874c93d0,3
checkpoints/beamspace/trial_0633_RTC_S03_B153.mat,976b7d30af1cca237396d37975dc0ce106c7744c0882d991eb133ee7f6a52fdf,b0777d59d15c6b0a69980222121ea93b20bd39ff1d3a4d5a13ed695a62fb990e,3
checkpoints/beamspace/trial_0634_RTC_S03_B154.mat,122a99bb8b81a6d8fd149c97f23086ca9777db833ffbdc327df57ccff6c753b3,79cda788d6750d7fa0e81e4a584e20baa49dba0f14dc1a718f3f7be67d2bb564,3
checkpoints/beamspace/trial_0635_RTC_S03_B155.mat,828d16b81fce58a265ecba722f2989cd5c60f3de2f4e0e2341b5e6f01df8c2f0,774dee0a2b2f4f7a931220e38bceba22841ac73f07a822971c8acc5c10411824,3
checkpoints/beamspace/trial_0636_RTC_S03_B156.mat,52c7cbdc2b0f149a9c9ca4ab13c55b90a4f5f9ff78f656d344a99a4af1961d67,648587c2277d0ee1de2c21568ab596347b18bed37fdf513afd4e190e98738114,3
checkpoints/beamspace/trial_0637_RTC_S03_B157.mat,92f8e8851110def7a0d0ce922c7a01645f8b5f0d2eb0b31c62803ea58b9974ef,a6226a3ca9c84635f0990c25c30e49e8f722aa2d062b92938fa8acc949432312,3
checkpoints/beamspace/trial_0638_RTC_S03_B158.mat,1d295878aaea4ac409900e34d59916b428a0b947e1d579595d2fc7b284d7462d,88f1a8fc48155282e3d3fe6f0cf75d89fd4c6c785e6aca722061e19ace707a96,3
checkpoints/beamspace/trial_0639_RTC_S03_B159.mat,7e2757e5559138f9ce1763cc51f441f9271a6cb9df028f476c216c53e00af87a,8c98921ee5ee1e869384a2f717d22f437d9659b7e3bb2a39f3794c3f92032f44,3
checkpoints/beamspace/trial_0640_RTC_S03_B160.mat,571b29f7968914b6bbeaac861b2c66ef8ac67dcc792f66236e845cc9b8e484d1,764452eb40e30aca26a3315fc1f5ae31fd6048e0d5613ccf5423dd786d5ec9cd,3
checkpoints/beamspace/trial_0641_RTC_S03_B161.mat,4d15591c913c754ccd2ab519f27f9108fcf849514d5e446245e161abbe395cf2,062c24ffee7dfdd63f71f89b06a319fdba87dda26b7947e47172a33b4ebef8fb,3
checkpoints/beamspace/trial_0642_RTC_S03_B162.mat,a2b19114667aa2ede13e0ac8bd55168c2d7cd92494cf3e135d245a9d3a8347e4,9219be42c4368f20bd1c70e77a2ca7af2befa47ada6862f3924c23217116965e,3
checkpoints/beamspace/trial_0643_RTC_S03_B163.mat,8e71f26359da121beede2daa924fe097243d5723fa4d5042a46eba867ee36dcb,d9e99685bcffedfed0ffa82370628888631e9c2cb6106aac68893999260a735f,3
checkpoints/beamspace/trial_0644_RTC_S03_B164.mat,5407a57f36b990ea08de2aabae2ffe9afa041b04aaf639503e4eb7a1d9c50cc0,b9e0bd17a8d653e7ee316f423c1084b6c3acffbd03759a62393bff7f5e71d63d,3
checkpoints/beamspace/trial_0645_RTC_S03_B165.mat,11232887c28479c94b07da392f31e3fda1bd02e97b20ae3aeddbb3ed517a55b0,f03a0be6243584d99a1394347ad92c2b582496a115bc85b2ca4c3aa9e413d029,3
checkpoints/beamspace/trial_0646_RTC_S03_B166.mat,3a77f9a91e404dbf88245fc88b9554aaba0d53b5b5bda12903a1e7235387f08c,98f92236a32571697919cd0b108ab131020a0fe348cd544fb3e0142055e6c264,3
checkpoints/beamspace/trial_0647_RTC_S03_B167.mat,ff7fc3a6dfc8ad1af734285e126f53789ee9ddab68d1f1446eb77f86bd811667,6ffa9055c7b6e777caf0072267260757fa1e8d5d10c0ed22859a054121d454ad,3
checkpoints/beamspace/trial_0648_RTC_S03_B168.mat,6ec1847557fa387819eceb18d4e4bfd1886f2dcf7627581647b488cfbe34f56e,78eb6f8b116da0a8b86b9730c84d8492b85d0301ff30641c42212bdf9b5aabd1,3
checkpoints/beamspace/trial_0649_RTC_S03_B169.mat,339a6c7f6965b20131a440e4dbd2267b35b6a039d63e0b098de84217791b2a55,98d78138f023c3eaaa72127ecc2b96d6e8c59e24973d3a382af548a575cd9d7a,3
checkpoints/beamspace/trial_0650_RTC_S03_B170.mat,51b5ce11b7132fc7aa1ad805dbd7865f68bc1d42443dba6687b4afbbaed9cb51,4484c32885ad97b03b4cadb263f9ca3b328c40f29b0d13ec363765fb3cfc3ecc,3
checkpoints/beamspace/trial_0651_RTC_S03_B171.mat,aed62ef260fd35c9ab695d0a515dca144c3b02a7a36e8e0daa84660b393e553d,f396d8328824aa194e35838553d1dbb558b20fc4c172af851448a5a76efcc14a,3
checkpoints/beamspace/trial_0652_RTC_S03_B172.mat,d6ee5e6ce2bc523e186bd9f0598282621dcc6d479b10b20f8e02c21ad8629343,7392b11492c058ba102c6a53e36904674ca33336a1562af8ad429db7ccde7483,3
checkpoints/beamspace/trial_0653_RTC_S03_B173.mat,109970786c1de3424b875663f40f72170bec979d5cc7a2b6e63508ef7d02eeb0,cd3475c553aa92de6a72d9437563938cfd181e62e8d862dbd563c06b2416eb31,3
checkpoints/beamspace/trial_0654_RTC_S03_B174.mat,d06d07146a020885a92930c8cbc208e605156a8c04bf745b80431a5c5eb088bc,9e0cf270890d540c2a66fde31c53f2c85620e5e5597b42dc32e7cbe3f86d606c,3
checkpoints/beamspace/trial_0655_RTC_S03_B175.mat,114dff69cb1a2b802e1da5c992071f2cd8abbc08c23bed7ece3ce46d4d2650e2,4f687dd133009c36c3fbf9542cffdcaa84212021f2d6c41e83dab8d807d5bc2c,3
checkpoints/beamspace/trial_0656_RTC_S03_B176.mat,3d5a856b1838b4585bd89a641fc040cfc6c5c8fc6c7094501d128787c7eb19b5,f1dd7aae4cdde5cec57f003052cdddd098f2837571d1a7b1e9c4daa7445ed73a,3
checkpoints/beamspace/trial_0657_RTC_S03_B177.mat,1658a894cc13d70e743acc826c2acddad468f487e88c129b636964845404fc12,ebf35edea76c3b3954b4867009c802604e8fb04994e0dac833d287b3d82c3aab,3
checkpoints/beamspace/trial_0658_RTC_S03_B178.mat,768de7953411961f4660b077d12898fc63a7fb10db72f1d70eefe7bae99d45d2,e01fd279ee2f4d5ee933f187ec7265eca79409262018c058481f37161aa66a82,3
checkpoints/beamspace/trial_0659_RTC_S03_B179.mat,3d10cf878d3f2b01cc2d5b45886f86e49556e522fdbbe0ff8a6e851a31555f78,aa193cd29447c4461c1066531358363610fd80f0ab72bd0ce75b1c1c55a024bf,3
checkpoints/beamspace/trial_0660_RTC_S03_B180.mat,3f00cc69400c99f779d6daeeed0e724431a69540a7903118437ab44d8ed69231,290cf35b2add381da9058226a600fd907ebdaba4d7a9ffb29ee37d10131bd4ce,3
checkpoints/beamspace/trial_0661_RTC_S03_B181.mat,8cd061b2a92c2f70049cacceff3d7bf73be141abd512cbc8b565a365684469c5,1e7282a4efdb0630d1a5dda600c61890c3a509488a0ed987080c0934381c6acd,3
checkpoints/beamspace/trial_0662_RTC_S03_B182.mat,b1f3c88084d1947e6438e96a3ebd4f30846db5ee21caeacce5ad915df5ba2655,66741d20ad321c263f60a0d6341473dafcd489d8de9e3d8161b90440b734d21f,3
checkpoints/beamspace/trial_0663_RTC_S03_B183.mat,2fd1d7baca3a3f046a03aaa6f43839f35074eae8214bbc4dd9711b392321b08f,7ee54166c486b29283c2f7e27ce8103ee8deae765c410abe713200bd6bc96d10,3
checkpoints/beamspace/trial_0664_RTC_S03_B184.mat,8ace3d93a1448abb299cdc895e0007ba7a84fd4b5df559c5f814948c5416ff12,7df9221da68382a98b78d127c5f2cd010766e26b417fe7e1f50e05ca2132f6b8,3
checkpoints/beamspace/trial_0665_RTC_S03_B185.mat,50ebbea96a1ff70641872c0090d7c79d18fd3fdb657092e8eb60c8c4a5d8cd62,20ea27b443f77453d37bade06bda82b03e1a7a4ca51ba6edfd6a580e72011eea,3
checkpoints/beamspace/trial_0666_RTC_S03_B186.mat,70ff80c4dcff46fb2e0579e1d3697a3b7eac2446155de2c53e5a9be12a0f204d,9b1f270e1c8bc2d1b6b2da0ad6dbf8ed6ab4389c27327fdab2c7500a79f22ce9,3
checkpoints/beamspace/trial_0667_RTC_S03_B187.mat,35be6e0838566f1f87269b5a7446c89f679ffd9bd92087c2a65fbb6ef72384ae,f762eaa6e0003506088bd9cd5b0b2e3990cc20afcb107de0d5437109c62e5dd8,3
checkpoints/beamspace/trial_0668_RTC_S03_B188.mat,9f77f80c2df2b79721aba8d78ef3fd612941ba9d4b06b169bc01130542623370,b91e937c99dd62057bd4cbbf98430476ba8879704aa39fd6b0158f9e4929b949,3
checkpoints/beamspace/trial_0669_RTC_S03_B189.mat,312fb6db0b15a502d7c35f835c88577a43d1cbf730b49df76f7fdc1d222a9681,ecab4ffb10263da8c7ab688a5f76d4fe9bce69c9c441503f3f80faad7e11d6fe,3
checkpoints/beamspace/trial_0670_RTC_S03_B190.mat,f2ac97dc3cd68da2a013a896d6926feba2dc633de3f37a1b24961541e5e820ef,bab8556ee017acedb258175747a45ff86679762a91226c3e581cff45826cb080,3
checkpoints/beamspace/trial_0671_RTC_S03_B191.mat,2419feae239b9af44a8159f49f55a5f378102884c5aaf9c562868fc9da043f3c,1341fc593f2beaafbf484f3a897c61ad158b874ffe8eeef9acf2c38cb11fb2ed,3
checkpoints/beamspace/trial_0672_RTC_S03_B192.mat,a03f195abc6f636d3a0fefd62b8b0fdc3b5f450a5f9fc17234311daf385bd110,fdc730362158076abb64f15fed289688012e476aa40aa1e170e6a13e0c96631d,3
checkpoints/beamspace/trial_0673_RTC_S03_B193.mat,2a69285f1abbdfc4e2202f336eb75d1bcaa040936462e6b2500e4d7cc3f2f533,c7df53d0b8b3c3bdd2dc4df4497d50cfa5c3a7dd51d5f2d6f2676bf6cc3a0234,3
checkpoints/beamspace/trial_0674_RTC_S03_B194.mat,5217245faa19c460e30ea0fea512e07202537629dc301467b1840c5f40181b4d,e90f7980ff9bcba8c70c0e91c922d0f3459074c49efc4098f31cdd7cfbb20ee9,3
checkpoints/beamspace/trial_0675_RTC_S03_B195.mat,17eb51603190dc980a5d8cdd679eedc2d43d9fa8d6e5a3bfbd9450dc03fda212,8339c0c6b9449d87165e45acfb0f363e3d573078f916960f365b7b17227712f0,3
checkpoints/beamspace/trial_0676_RTC_S03_B196.mat,2869b77613d6e0180a12fed6ea15f5e6b73457d2b9b1db8814dfb54fd8156378,a5a3cc29a4b034deac58733ff822445ef7276fb038be121be57d133348adb659,3
checkpoints/beamspace/trial_0677_RTC_S03_B197.mat,812ff6199f4dd8d4fb3bfecdac6c8b84ec3cdedee8597b28a60910eb0dec319f,5a9c71b01b88e1349a8eb39eedb0bcf39fd0fcdd88f7c35efb613639d7722acd,3
checkpoints/beamspace/trial_0678_RTC_S03_B198.mat,e9776d8d26d0bed38c4c7df1045e78f2c3441a01b088d4fcb0b0f9e389c9d479,295353bc7c5ae8ebfc1345975c68dd7dddff1fcdc7687ff91e305b58d1b85643,3
checkpoints/beamspace/trial_0679_RTC_S03_B199.mat,bbe46c4338e7737b1857e5fd8207255e05528db6ffc765b4f79ef06a15af6823,e8e96798636142a40428349ab347a39b877e92fe6ada309510e6d78ad4c3d4d3,3
checkpoints/beamspace/trial_0680_RTC_S03_B200.mat,4d6f4829b038ee391045bdfd30fb281009a2874d15f0b39245c3d5bc3b917f75,1d33402649f34d2480e1d25605553973b755073078a5dfe7dd5ced29b6bc8ff0,3
checkpoints/beamspace/trial_0681_RTC_S03_B201.mat,fbed0d879188b8a4cb63b647373ea83cc5c40f44a114beb0c8e98abc607ffcf3,7443413081e5ccfd1fadc5caea564bbc0b3fd4b2569c6d09ccc747aafa9b9e0d,3
checkpoints/beamspace/trial_0682_RTC_S03_B202.mat,3f4dcf098fc60b845380a1f9d68f4a9e5f16ac01eddee2f567c80e00cf10ba70,0ca21947ee7b336785ac81a0ee91c8db4625276554f3832ced41fac2175c2986,3
checkpoints/beamspace/trial_0683_RTC_S03_B203.mat,9cbe5e8d33b1c4cbf464deefb4bbdb20df8bb0991334e12240d468fb130e1aba,81b2a5b7cff502a515951c9f57eb295741ff97a4c4020509f60bc9d5b986dfba,3
checkpoints/beamspace/trial_0684_RTC_S03_B204.mat,0770dc6550c906d9717d3fcb03eb536a9cc33a322767dd1e32ac3641385e880e,6ceffe6d0d73138fd27f5d6b2a3adc7cc2368dd6e1f1ff7f930783d6a555e7d6,3
checkpoints/beamspace/trial_0685_RTC_S03_B205.mat,b46098d399ec40720da0bf313837a157156eb35b38a1f59bf802a895a7bfc3a3,f25ff554f1df5b965a609b78480d08d36f24c479d943487bba83c3fb361da70d,3
checkpoints/beamspace/trial_0686_RTC_S03_B206.mat,ff8e53e0b32c378d804186f2c5f2cbf54958ce80a95f2038a2e2c718c2477a66,3267e66ead209d50b4f2a91612cad07287bb6a98386ae1e6b05611c19c9b278f,3
checkpoints/beamspace/trial_0687_RTC_S03_B207.mat,c5d8ede5b370c643f71347eb4b906719cce4ec23e493616368793e419a9a009c,ac214e4cf7025839a0bb12d0ddb5febcf68ef709e853ad8604a63982c1dc0f0a,3
checkpoints/beamspace/trial_0688_RTC_S03_B208.mat,f2db506de93cc5e58d124d1e53ba9b1c99ca9d3abb38b25c3507b016f51e9a52,6b660b2d11107f3dbd9f664e1636688b18290543eb2c4a69c22b3aeb6ecb2405,3
checkpoints/beamspace/trial_0689_RTC_S03_B209.mat,5603ddb70e8c6802794e4f1b6cd34c788bb0922ef827d336dce06bbf9046127b,3d252707a09d32345dc435c89009f7ef0df7dc460d67ad457cf7caef8837597b,3
checkpoints/beamspace/trial_0690_RTC_S03_B210.mat,a541004685d15d78a167bed9b16ea16f92f8779f2f24b62082799bc661d42acc,25da6a6ee398333ec532a5aef9793338e4f658aabac2af0d38d7bce9728c52a4,3
checkpoints/beamspace/trial_0691_RTC_S03_B211.mat,e664c9ac9fe226b44e687afb39393590cd5d85413e8f46e51f8c43f91c2971c6,cc700566106147f77f0fb5d3115be54111f67610f28df9e41d7853c908c5f28f,3
checkpoints/beamspace/trial_0692_RTC_S03_B212.mat,9d01dacb8e5ad7b72c4f9dd241a5527c2a2e3d95d7ef14d3b2dcaa860ac3329a,96b562e277d28e8c4885adbd7c31c4e93662b48a105d467d7de7764ba404825d,3
checkpoints/beamspace/trial_0693_RTC_S03_B213.mat,34cc58ed7855ec848c4ba3e4e123cdd5d8484e35256ab24da3e060cde40fa041,2c70721d6be52c234b4413c085d74c88469cb96db15098de8afb8e5854690949,3
checkpoints/beamspace/trial_0694_RTC_S03_B214.mat,a98e486434b5cb0a323b2fd21a45414cbb29c3e7a8f9636ee208cb192dcac561,57545f878a2c1ee88e8ee8c8f7aa52668ceeacd73927e3847454d134e455047c,3
checkpoints/beamspace/trial_0695_RTC_S03_B215.mat,1521ecf4ce02e248396f8e033ec5a89caf742adb82878a70c2ae065feff24bae,1743a44270e9d4da07cfed36a50a8abcd3f71085f4dd8d95220bf54ef9f1ad71,3
checkpoints/beamspace/trial_0696_RTC_S03_B216.mat,485196ce5afb08d95b80254690c567fae3515689e841c00d0c8ec1bba96cfbc4,b0feba0b01725e45867d77607912f76deb0607e17f070163a00940bb1ff49775,3
checkpoints/beamspace/trial_0697_RTC_S03_B217.mat,1484efc0b43f9783d70b97bda3421099ff8325fe24b80549c646cc7785d5e846,2a35004fbfbd20cccd0989c9e85ab8d6106a66f4f6c3bd00f8079008d232c970,3
checkpoints/beamspace/trial_0698_RTC_S03_B218.mat,7d4c9c1feceb997ecd20c595302ae836dbecd740ade91561aa4f82a4f0772071,d508ffa7ab1667a7894bd1f4a4dc4f606de4aedd11b1c691af5b8e52572afbee,3
checkpoints/beamspace/trial_0699_RTC_S03_B219.mat,87bc53ea96d1b8c6dd01ba1fdce211dc924656d16e0b0d24fa0d55e529498b57,940e7b7063dcd5c10c709186796e294e1a241583674a3fad2b80997ba5bc1f97,3
checkpoints/beamspace/trial_0700_RTC_S03_B220.mat,899526479c2b76b8536e601761960dc76880f26bb45ab5a29149797adf4a35e3,b3e9aa87c70c0e74c1e3b1a67a683598e34aa8570819b6b0292cec63a53aac66,3
checkpoints/beamspace/trial_0701_RTC_S03_B221.mat,d62f6db0c7cbdb1179f4d9ed50cbf4fa5fc4ff5ef35f88d493bdc27d9b0562a0,40d877d02195cb6c81c89974e9cd028c1f94e94bbd70bc5ae7d67ae6c456ca93,3
checkpoints/beamspace/trial_0702_RTC_S03_B222.mat,56a7d087ebd5a086dd2ccc5651311e66d6ff53672cbe8e66f7764b3e9d161944,897991706bba173e6f096df3d75acf73a09c691b95bc2cc137efb9647164751b,3
checkpoints/beamspace/trial_0703_RTC_S03_B223.mat,eb1203c0d12422000d66e32f1d4a11951ff03aabc3e3925a9b2afc7e8297460c,b2b6ecfdbfcf96ee6335cd855b1266d3a08b861b926b784c00c4976a751757af,3
checkpoints/beamspace/trial_0704_RTC_S03_B224.mat,4bec6d865bd178ba409fcf06b49f7d699f08ab1f83b17b683d5be4cbdd389175,0415a9e0bccc93d522029d7abd6c7c08114b2e6c007cc24a9e4146cc948f6f8d,3
checkpoints/beamspace/trial_0705_RTC_S03_B225.mat,cde32ade1f73c3e5866bbb4be01226905bd4ef7efe7ec6406cc41b02310993fa,2bcfba67dce2a75ddb27932eaf9bd7ff7e455511282237e23685951b73c19a94,3
checkpoints/beamspace/trial_0706_RTC_S03_B226.mat,149c2f31076bea01daeff1b7ac063d9922d7e3f084ad1a7ffa7f0ddfd1ffa54f,5028351ae7099eda1207ac9609817c82997fb66d58172a61be20cebc8d5bbfc1,3
checkpoints/beamspace/trial_0707_RTC_S03_B227.mat,abd138c37608071e4f4861e62f3562028c83c6d5f5be741b22b5015e3722a1c4,3dccc133e13800d945c6f0ab1666d2d4128e8441f9103bd076ca5dd2a6a91956,3
checkpoints/beamspace/trial_0708_RTC_S03_B228.mat,1b88b101d8af13c7f4bd64fd60f33f6597ae795499607ffd18071e66ac4a608e,bf1c892209f7402b196ebea2c148fa3a5e7e2b457ff55e12dec459a06b7165f8,3
checkpoints/beamspace/trial_0709_RTC_S03_B229.mat,b6a48ab1e22b72788caedda27d7c2fb26bd8863bae1cf2730d8337b604c2ce15,397754e0ccd10f5e5062089e310c23284a3910a85d76a37de7355b5cc7eba7cc,3
checkpoints/beamspace/trial_0710_RTC_S03_B230.mat,402d99b06a3560774f5f77ed7509929833a11cb1a70a92bd8cdfa6532cb3f061,87a16ce756c93d05b0d52b6d7ce733d4b92f7887803eb6f4ccf4aab4a9bb8339,3
checkpoints/beamspace/trial_0711_RTC_S03_B231.mat,0058130ac4fa9524ef6ce98314ddd56cf9e4d1009a74b4c3ddb149be14b6a5f8,7f3e4b9538d4d55e7ed527be9fd2898e37ddf7fee13dad63f3260d98a2542989,3
checkpoints/beamspace/trial_0712_RTC_S03_B232.mat,e3d2ee6374755e88c991b0cd03a68881e21223dde1283cc7c7d9c8289515a90c,25723ace9d0fb80f34906180e4e45a291882342d6355a98f9fd16fac28a7f6fa,3
checkpoints/beamspace/trial_0713_RTC_S03_B233.mat,240dcc7c6f5ec4b11510cb3f23871eb622e8798b612e22a2c4a7036682fa6c6a,2ec2dd7833fa73daa8ca65e7cc25fb542a83ce0283b8aac875ab94add063fc6e,3
checkpoints/beamspace/trial_0714_RTC_S03_B234.mat,cb8faeb9bee0d41f6eeca53a519f73b4b5e0565f393989d1b63fb08487d5591b,ca3cf9ffec8ffb9d5c6e748381f0f3ae1eb3fde7c60ed1c46e969445e427538d,3
checkpoints/beamspace/trial_0715_RTC_S03_B235.mat,812f6447b26c10f4706b63e4c4c50915a761b23655cf5fbf4653cddb37c9f1e3,5c906671c2600dc11b2afd1f703fb7916e0d9975a33651907cd92799d0ea1b22,3
checkpoints/beamspace/trial_0716_RTC_S03_B236.mat,8a98f1ddd7f91db52870eec70cf8344b63d0efffa240533f4fd0389f3df5d26a,87fac1294d943de956763267a6e71eaf03d8f847a19bc7ea4791a3dca772b05b,3
checkpoints/beamspace/trial_0717_RTC_S03_B237.mat,1adcb2503204a03ea71a109106ef5b7d3048bce99a375f38233e76a15e543302,d5f82b9b70f919379d0398c9550172abccc0fb2ef8318b20d34051264c538b65,3
checkpoints/beamspace/trial_0718_RTC_S03_B238.mat,6060b473b0109098108d3395043b002dc312508ce03215345ea43058066fb179,ff02ebe937cc7b0bc3d5e0deefa6f2e628ff9b1730f4d6e906a4af39d14d4ddb,3
checkpoints/beamspace/trial_0719_RTC_S03_B239.mat,a840dae7d54961cf10ba202686c2207fa06ee0642ea0cc2737c973e2cbf0e551,4ceb11c5701f41d8be18c25340aba65798d821abdac6409536cae84ea09a42aa,3
checkpoints/beamspace/trial_0720_RTC_S03_B240.mat,7cb3e91fe6c8059736ff477296ec0cf130e36ed18cb4e904fcb9de48fad5fc56,98253f167bd06d59f67ee7819ce34673dd285c08dcd06f95b8fbf0d7979dcac7,3
checkpoints/beamspace/trial_0721_RTC_S04_B001.mat,d8c8c4335b6d5cd5158ab4765cafcd3881702ac054186d3edfd4d9d356cd4f54,9d2f6931e3863dbe7b4f4852640681d68056b71659614106129f0afd4a8df585,3
checkpoints/beamspace/trial_0722_RTC_S04_B002.mat,60bc7ab0577a1dd62660b26b6478871c1cc5249046695ff7e905191d25ef84d8,ed8b5f540130296e884ef806a089c6150ecda6601edd9dff32d9d362b40be320,3
checkpoints/beamspace/trial_0723_RTC_S04_B003.mat,05710dc016e4ff2bdb6db948195b888a9a32e02ffa7ff1d5443430dcd514e400,dba2e1380e8b8321196d42ded5a1f47da9317940c1855eeaf2d233de6bacaac0,3
checkpoints/beamspace/trial_0724_RTC_S04_B004.mat,cf241ddd9a919739cc6ef6d13d3dc2eb715da2235aff2885773d3165a7816103,17349b6a02389d982eb04470612d38ad9ba0f9881bf0c9038c9bc60b16c45186,3
checkpoints/beamspace/trial_0725_RTC_S04_B005.mat,831566d6026e203285fcc103d85e3e58c7b1ffefb05678e44a335fddfb6f1b27,be11e3ba2246862bf5ef3e7d29bb557b6372d0ffc4b746b92d5dd48db44828cc,3
checkpoints/beamspace/trial_0726_RTC_S04_B006.mat,a732652b3e32a21ae3c59301372618ed282513265af06e78e6dd9c015017657f,8087baffd7e4abb97d474028ea319665e563f77be824bb0a2672f1ad89b8fcd4,3
checkpoints/beamspace/trial_0727_RTC_S04_B007.mat,d054d603aeb601f937c674ea94a5d3c82324889ef63b8c73555eee4973bca257,6bc897302d098d5a561fdee7c56577dfd0caf8fe71311b9cfb4947331b461918,3
checkpoints/beamspace/trial_0728_RTC_S04_B008.mat,f5c7f9cb877483ccb362f3ca6b1dd335f1258cca3412d742473787a307c35b38,add11ac82e02c74b433c55d46540a8b15c782ade4e8cf198ff260b2b2111fa19,3
checkpoints/beamspace/trial_0729_RTC_S04_B009.mat,e8e797b21917d07b62c1a4504c6866a693f335e392a6658a43095e143443c1ac,0c704d545bb2ab3f5c7041348e48216615d825b8e3b2a4433975af902ad451f6,3
checkpoints/beamspace/trial_0730_RTC_S04_B010.mat,45f3cb21618b6cf87a1080973961dc47d14cd60f2f3cbea35c75073e17ed03e4,120d96cb87c228b01e43b565d8385a0aa855eee64328d93561e2ad0a9564e232,3
checkpoints/beamspace/trial_0731_RTC_S04_B011.mat,c9eb25809b48e76956e8f148fe0d12c3232a705e45d3c60c2a674d930f9f11df,8b680e302276f534fa8ae50244e43be7b71d6c7bba12a11484692bfd7625ed57,3
checkpoints/beamspace/trial_0732_RTC_S04_B012.mat,8a6434d1dbc5ae15d032545790ae14a671cc1ab0bf9eca2b727a8d40c87e7e68,ff9cf61d8606506ed1d64015826779b306cfa94daced67234cdc084c92620afd,3
checkpoints/beamspace/trial_0733_RTC_S04_B013.mat,277ef1904466bb49a5d6bf175e3e321caa5539c9937035f35f29d180eae6e30b,c4a71a5b7c9752b231785297060bcd24404da90cd01b7636bfe7896f75e8be42,3
checkpoints/beamspace/trial_0734_RTC_S04_B014.mat,b26d209c4f2f60f79253fc7ccd832ebc7baff8ded72e9a904e30d062c8fe7cee,19cea637a8fca0c753f3466b96084a091b5314fcce1d544db8cb0dc69be1ccef,3
checkpoints/beamspace/trial_0735_RTC_S04_B015.mat,60f0c85616ac48d6829c989edd0f0ff374f41bf8747cd14cc25398d15c057890,37f5d7af3c5bad519e7d4e64a8a5624bf5671801b112a09950a4e81ae585d188,3
checkpoints/beamspace/trial_0736_RTC_S04_B016.mat,1042c557c06ce9de239c771a85688551d60b1d832f960dbcba59bde352c58dc3,bdda6ce4d163f00f9888c0c2a9a6c8ff125e9a04033f11ddfc48a41f3936175a,3
checkpoints/beamspace/trial_0737_RTC_S04_B017.mat,71509c4f80920b7f2760a3a202684c0a32c7f8a41b5a1e0c04ad95172a0f9427,eff5664d4495688fa54662279964fa2fddda2d4c95419bbcaffc8ec309389c1c,3
checkpoints/beamspace/trial_0738_RTC_S04_B018.mat,6880e378822da10c4114589841dc8d5d1045aa2f66cf47640c8a57c0415756ad,4d28e67f7b532a8eab89b8ae5714c095a4bbc3d660723756a756f1255685cbed,3
checkpoints/beamspace/trial_0739_RTC_S04_B019.mat,28dd5306f36b695926ecfc17ef26200af8a986c7b3fc701595a51379f1ceef90,4cf20fb5489ef0042d025b0f13f8023941f460177bdc95c289bbd9a43d86a303,3
checkpoints/beamspace/trial_0740_RTC_S04_B020.mat,c98c813b7949a9948165b0d3923e67581d7e547f6ae9b649c8f7787388ead619,2a1fc8e96d3d121610fa8b7db38c4de7ee239a62c624e56395850964b3e2a59f,3
checkpoints/beamspace/trial_0741_RTC_S04_B021.mat,253e669a32d0aefd65df56f2da523661307f3fc7ab63d5aab37f23ababa2f8f2,c697649edb513a033337455662ba6de3d127c8fbd1546d610798fc31d5a7efa8,3
checkpoints/beamspace/trial_0742_RTC_S04_B022.mat,e75bad85a3e0d5ab6fe866df0c6b0e3d48b1a8e6bab4e3e749949008e33be612,6292b40789d9f937260d5242f04433b9688224471e5d00c2beaa05932598cd02,3
checkpoints/beamspace/trial_0743_RTC_S04_B023.mat,7781547b8b4e9893682f77c18a49767e8ec51b69c26d6494d26bb897e4c48697,45b74cfc608afca8f3c30f193c3358927224f82aa7c251ec1489f178ca6f9a91,3
checkpoints/beamspace/trial_0744_RTC_S04_B024.mat,fe776a68098dd7de02f01179b9da736ab12a15035e6b621a4bf6d7388c72801c,6a28dabdb31931e9c614bb0c8c384cfb9ac9a0fec21f26ce4d2768b9639ef3d2,3
checkpoints/beamspace/trial_0745_RTC_S04_B025.mat,d552a7ee5fd7e1525abdbf7cf013bf00c5e05c0d48b8a9dee86d588b62f64784,a5634e76f71be66751aacfc8630978d53991bb62b995f944e10c269fe2627cd5,3
checkpoints/beamspace/trial_0746_RTC_S04_B026.mat,45f4eedeaae2969a29dedd6e0673361c7b460c7314ba39216595ec032a549a7e,3f010daed6dd0e70b2978d0950f344009e2ce3268c047867f60b78e3def5d11e,3
checkpoints/beamspace/trial_0747_RTC_S04_B027.mat,d73b4f1c873225a6d8fde206958d675c9cb6ee335a0035544a00b954a66321f4,cc05b2a52962e73e973469d891123dacff338a219466544658c5778cbcfcb773,3
checkpoints/beamspace/trial_0748_RTC_S04_B028.mat,4e5150dfc33f1c779ca45b0454c1e2f572ee891eabdeaf86c9739170d697a21c,08f5ef41d3489f482ecc26efdc55084e3b68fdad2433b9b37479022f31e57b6e,3
checkpoints/beamspace/trial_0749_RTC_S04_B029.mat,c1f4dd09c0e731058072b5270147b942e79cdcc36de407ab58735e1232316099,42dae5dd7f90fc1f0efb6a8fc8d9d32cbcdf7a8a5334350c1d529f60beea8618,3
checkpoints/beamspace/trial_0750_RTC_S04_B030.mat,59f6953a396767139416b892210ff18cb8d7fbc6c38d04484296bb70c8b04a3a,9d148b418d0de4fe7fa7b12226324dce2f193e11b49507fb20a69c3aba1ade8f,3
checkpoints/beamspace/trial_0751_RTC_S04_B031.mat,714b22b691467e22999b173e7d23ebe3ab5868c342aa727b6b4f8c844ec38d4e,81a140fc7e133d44b2c0d1cfa0d6fad4d7c12c944dda7615ddfc0d9e108159e9,3
checkpoints/beamspace/trial_0752_RTC_S04_B032.mat,79fa305563ebeacfe6ef1c1b7bd0b7d24f9aac911b0f286b937a6d6b279bfd5a,a7796b7fbb3e70e7b4adf62bfb8e6d53f183a22cc1f60ab8843260a1a0aa8483,3
checkpoints/beamspace/trial_0753_RTC_S04_B033.mat,7eee980a43663adad467de8826a4612d9376a368834cf6d4c6cd3f63c05672b4,77c7fe6f8707180c63957ac0f6d6674b884aedf35b074da9c373018a120849f7,3
checkpoints/beamspace/trial_0754_RTC_S04_B034.mat,01026ea96255713e83a7d49eef561bcc240ea1c40bd8783d0835a76620d471d7,9a99811ac600f0db059ed177f8342a87df106f7c27d8769ac63b7ddde4ec8f5f,3
checkpoints/beamspace/trial_0755_RTC_S04_B035.mat,780226309b5c7b979b2bc3a05e63f5de505a01f2833bca858adf8114b52d5c45,e4703013817080b7ebe3b91fbb08abe3b91eea9370ffd4e3574589cf6bbd9895,3
checkpoints/beamspace/trial_0756_RTC_S04_B036.mat,1aa4967a46eff03f5e1f0ba72c9f8f542e2aeff7cd7a56ae7ebf4c60a561cc26,52f156a26aba91580feb18c2d50c658a40ea33a9c7496363ec96e4c2bb7f08ab,3
checkpoints/beamspace/trial_0757_RTC_S04_B037.mat,a5e714fbcf88be4e919a7e63c5c28347867b91470faaba06315e8a9900d228c1,a7848b46d337b70189d3496b0d01568f81780ba19b414666718c633eb5924119,3
checkpoints/beamspace/trial_0758_RTC_S04_B038.mat,bd2ed67ac1610294d52b3d20cb57d36aca104725cc414e813500ba9aa6345238,918982ccc2126485068a1d036e4283c3f3874e4cf25046994eb5518fc68a8211,3
checkpoints/beamspace/trial_0759_RTC_S04_B039.mat,fc9838f71ef8792697026d8ec523ce0b1840e9265fd27e4da4705a9cc52ffe50,38c0a7c5544aac02a2972eafc3ae2bf24c8d52e399adeb2b3f1e7ad7902b82f7,3
checkpoints/beamspace/trial_0760_RTC_S04_B040.mat,391c25a89f9af988492243cc933e85a78e0bf3d0c12b0c5f0103ab4b8fd6b233,7ea0837625c33298622245376347f5fd4f4ab08a8dc59bc40f5dcce5db2b379f,3
checkpoints/beamspace/trial_0761_RTC_S04_B041.mat,1ed272dd70e55e27971a2d29ca20b61626af1345f97aa46ad7873da2fa9ed28d,3e6a8fb4eabeac306a40a0ee434b002e2120319f4018692f8b6bded82cf1f325,3
checkpoints/beamspace/trial_0762_RTC_S04_B042.mat,45d98e9d05e6e7f2e8f502731091a08398198a193c584aa7cf7eb1e6feced80b,fb6720a5082565ec5752da9bac5e6d656c074c9b20543ac6489733406301117d,3
checkpoints/beamspace/trial_0763_RTC_S04_B043.mat,b00cbab9abdf6462197a22246ff27a0b1b349301553375e59c229ba6ad36df29,b9dfe3f986b48a05b75816f0e0f4049fdcb92954772f69425cfd6e8e4b04899c,3
checkpoints/beamspace/trial_0764_RTC_S04_B044.mat,c133c7b5a9fdcfe94f324b67ffbf8991e7fe9d6579d8675877b752bb24211e1f,363a7c8f28d95a4f69b408577d96963369a49e02afc653efa1d9a9f0c2f0ebd4,3
checkpoints/beamspace/trial_0765_RTC_S04_B045.mat,8d1839093a8824fba3f9503e9980c0a7dad9c446f3257e77a865a17503056b2e,4f95f35b7e4c143f6f1ba0be84c30c0fc3b6e864a93afdebd9da92306ca0534b,3
checkpoints/beamspace/trial_0766_RTC_S04_B046.mat,2f1d0c1a44209d01e39b6d4287d17ef37d79d4f912787bad200fbd8aa489f154,597d2f877e0473edec61e2ee16b1e3a1827268c84d58431d7628015714e1d71b,3
checkpoints/beamspace/trial_0767_RTC_S04_B047.mat,288b46af5dd03705682ed58001c348298edd434cb5ff2659e0edfc34cf3f640b,83d37289cc4cc72605f832e7705199f84eb136d69e59d8ea447e45972c389425,3
checkpoints/beamspace/trial_0768_RTC_S04_B048.mat,f7f9a42b493e834b17a4794d8feef0d5506f35fd188ca53d84284eecc3692161,784d6e740af6dd275d345dd08c07eda607d036ce1e4e5cf4ca27b1bed96b405f,3
checkpoints/beamspace/trial_0769_RTC_S04_B049.mat,a6fcc7f10f047483a0a2c1cc90b642c96acee7a788c0dae7855b9544b7fcf678,67388a67562b054c4572cd982d8057df3a2371d266a322ecd84fa2cba6293fed,3
checkpoints/beamspace/trial_0770_RTC_S04_B050.mat,187e64e7ac8d974e8026c7d0409ccdf2a450e274c873f5255794f9dec0afd6f0,c0b90e2072e93008f0cd7c010cffd8bd8aa4f9b9ec61487eae6921bca4a487d2,3
checkpoints/beamspace/trial_0771_RTC_S04_B051.mat,10ef4f9eb76e169695d8e72372ff23b4bd756f2c72cdbb6d5b63539bc23bc894,4df356301b5ac6aabdb7bde5dd931ce5f5725eb20b6abeb8a4aaf1c0ef01fc25,3
checkpoints/beamspace/trial_0772_RTC_S04_B052.mat,3fa79089de0719901ce68ff64de265db21d9ec434c9fa20e01843580de03b3b8,8213c1fc1f0b49fc63d4864fa31c84fb7574008eef22da03312b35122c0d8918,3
checkpoints/beamspace/trial_0773_RTC_S04_B053.mat,559076918b3e3fd12bb5006ab19471802f1ea231cae17d253ec5534f09a99d8c,28f6c47fe7b1a57e66df653ddd7c35ab7e3b4dd1e683ef7013137c5653017f17,3
checkpoints/beamspace/trial_0774_RTC_S04_B054.mat,b9ff35c899b10c2b2853b6259a578cd7b901d3931bc1149a255a1a039593244a,1727778f0df1fb16961aedaa13f91a034575c56a34175c8e212a3898296b1045,3
checkpoints/beamspace/trial_0775_RTC_S04_B055.mat,7265d71e1269c64a2cc122caa558d35be5d96609fd6ce4b82119266f3e925de4,b022a09f72b67847c00a6f7edb4ab73e2bf5460270075e1465a4ac72739b9619,3
checkpoints/beamspace/trial_0776_RTC_S04_B056.mat,88dd60233fb450deddd03be4ad75be3fe40b8e55a6190d74071c781376fcd42b,a9f42d7184205c166938cc89aa4193a154fe108312267f6dd3df03d0bbfb071d,3
checkpoints/beamspace/trial_0777_RTC_S04_B057.mat,b054abf696ee7467d11a2d4da89bde6e6844d79fc94c87b17aa40872186602a3,68b7a4d8c9404bd0eca5c1bc863cabd063ce1d1c9d7d0b03ff0f0121a4098719,3
checkpoints/beamspace/trial_0778_RTC_S04_B058.mat,e1cf6530fbe2951fe420148f9bc632b2ce735e5e8c21837e19c9a288f84943b3,8bad52ed2cd2f3f99d36b709a2ad0c6a05fdbf650dda61ae21a4c3f43f796212,3
checkpoints/beamspace/trial_0779_RTC_S04_B059.mat,18cfe5761f1d4bec174b9c56b1a055ae8b56b3d984d62d786ba134b8e7d0c1eb,8e0432e6bed15851439c77347084a819a71a8d41bee0a366a54e0e887402dac3,3
checkpoints/beamspace/trial_0780_RTC_S04_B060.mat,e509f9e9c885c5ef69cbe195153d3f26e72a866abffdd4f51e00ca68cd9ea236,776beaab0c4af5da75aa54aaacaae3e8eb92b411c69b175d7f33c3c32e9a4828,3
checkpoints/beamspace/trial_0781_RTC_S04_B061.mat,2e9eb4109b457b4c55978bd20f34b1303debd05c55448dec79f06f2ea347a55a,4a3c3f9993b37597690acf19d46f884bc5f83238643e80c15e35a1fd3a7a90e4,3
checkpoints/beamspace/trial_0782_RTC_S04_B062.mat,c823ccb94c8ee403851f0e08bc3d77c4e196671f317672ff797b0d673624f3b7,e90f66e28d2207aaae66620b224366d0c495e72df9275eb90555169ee34ea58d,3
checkpoints/beamspace/trial_0783_RTC_S04_B063.mat,833c0190a6236f51a361f1792c84841ddb5bcdd88eadd7d822a2edeaa7c7265c,0b3167253600e23a6cde027ea00c73229aa163ed731834ef29cf103ad0883ba2,3
checkpoints/beamspace/trial_0784_RTC_S04_B064.mat,d8bf27c89c0413060306024867d1b316477229d7814a51f4affe91a384b4ad29,841e21e973b9533a04314e6be600170495a8507d10a689aac5a6e30fa9f4fb11,3
checkpoints/beamspace/trial_0785_RTC_S04_B065.mat,50c89a4b7cb39c23011ce62176616b68590e97c4cff78d458554a670a4ca0907,03bcf27b4dd891226ecc1a9d1f305e9b5d755fc130dcd588855966557d1bf154,3
checkpoints/beamspace/trial_0786_RTC_S04_B066.mat,c70972fc763c0ca655327608b8d98cab372b6c7fcd7718103cdba4a1702ca4e9,d6abf8435a9820dbdbcfddb99747ed1f077b30eef25172bf7be712d31a5385ab,3
checkpoints/beamspace/trial_0787_RTC_S04_B067.mat,2ce17da45042abc973ba7d9db989c7817e40bcec4991c392603513e1e6775ed5,bface5418d558b1a9f5d05bffb507fa133c81159efa739ec4d5e5069fc77de87,3
checkpoints/beamspace/trial_0788_RTC_S04_B068.mat,d2f0ecac80f9d79cb4510b80fce32014a3602b594164b3466c21136550325ce4,5ceec21fd9555fffe03bda7be701843aac3c0f867b05f8eafda2c9e578319da6,3
checkpoints/beamspace/trial_0789_RTC_S04_B069.mat,899df182db85d179b95fd09f47e0822064948c4be6fba6f12de85f3529126402,86b3e1c6fca6ba10de1e14b3454e9c2defdd5772f725b0aa1ef5dc4d5813f249,3
checkpoints/beamspace/trial_0790_RTC_S04_B070.mat,0ea5f8e17f7f772c96a467b30f34fafcd7a61615ada6228e708448338937f798,55a7bd4cc52422a8250850d4aa8bf356aedfddecd3633fbe8bb4654b2ebbebce,3
checkpoints/beamspace/trial_0791_RTC_S04_B071.mat,315a07aa17e7c9dc82ce3d890b295fbf8393c6ee4e300520238993e640396b15,1721d12ff910717c8517b50c80784150ae7e423d4bc3b0bc7f25489b8395b8c8,3
checkpoints/beamspace/trial_0792_RTC_S04_B072.mat,9c845d811e551ce00b88df0d54bd8c3827a0c0c38a58123b6a432efa65e6fc2d,e3248508e51c73e1203f175b40a514dccacb2ea734a092c2e4918c8bfe542ae7,3
checkpoints/beamspace/trial_0793_RTC_S04_B073.mat,15e8975b8e070521d3611a907ebfbaae722425691ecd9adaa489ad2171915796,e6ea1cc19cf7496151d57ad488294f6d6fe1dca2f419fe2cda8c4793179f17b8,3
checkpoints/beamspace/trial_0794_RTC_S04_B074.mat,9a6028ca36b8fbeb3950d289ca6430bd5d8ce3c1801ae36dfaae2225ed82dcd8,512fca2ed54764ece9909129ad791b010138c4af62bb3843bb74e222a6aefe38,3
checkpoints/beamspace/trial_0795_RTC_S04_B075.mat,4110cef53e532ca179beee3fa25a64ad9c7ed13a460c648a9942e5f16054db4b,f6661ad586fedc4b1025c54cf0a6f1a8c00911f1d4916ddcd94e5f71fe7eec25,3
checkpoints/beamspace/trial_0796_RTC_S04_B076.mat,32657277379c5dc15a541f962987ac5854cc5751cef8b111421407e4b43d1bb4,4493e9f1ea780f02d590819c569f75a92d0adce03e3a9ed98f072767b6d5dcdb,3
checkpoints/beamspace/trial_0797_RTC_S04_B077.mat,4456e97ba14894735f125ec716d2e27a3e62aef354ef4fcce789ea3a93ad2b6b,2673d0411a63d74f878f44df8aa52c31628d71b9791602be3c5085a6507aadc7,3
checkpoints/beamspace/trial_0798_RTC_S04_B078.mat,3deb6e80f277a5a4badf277265eb6a24f6ccb167edecdca2003c5392c09eb0dd,db62672678a95d807ec2a639c6fbf70764637b52be7f238129f7994a73758ba0,3
checkpoints/beamspace/trial_0799_RTC_S04_B079.mat,22d7e1f044e36ca593a5025118f9762b0870c88015c4f8184dbda515df349715,bb62f15ca7c38a0fcf523eaea97f1f741a4c357a0863d03243ac3ddb502e8b0a,3
checkpoints/beamspace/trial_0800_RTC_S04_B080.mat,91e29f519bfad6ace6cb6de6d1d45c8e690e3d10912ea85a26d56b1cb073a1e3,b40222aa394c8f60683be704c8cdbf6baf04d8390b1f90b91ee4fc3896327fcd,3
checkpoints/beamspace/trial_0801_RTC_S04_B081.mat,ace259a5696dbd0cb287d47e3f42bf140414046d64493cdb21fb52c40b6f6ad2,03e18671fc6c6806198dffb04fb517c93f5c2d2231d836bfc82cd13aae9e2e43,3
checkpoints/beamspace/trial_0802_RTC_S04_B082.mat,198d3ccb0762858e1105939696025f2495690edfe2ef859703805831c97df6b8,2fd3d1cebcc1f355c853d192d1f21193362c64ad2a58e85b027410849e81ea5c,3
checkpoints/beamspace/trial_0803_RTC_S04_B083.mat,1e81d19f0b519b30d35ac4e3a6a3ded5a4f63481a9b01eef27f35a65afaaeaf2,7e84f79ee7e2e0a0863e2ab1c5ed75e8f9c7faba222e1128596464e4c01430a4,3
checkpoints/beamspace/trial_0804_RTC_S04_B084.mat,87f19acf60afd4dd9ae11dfe4d8ab86182caac77f8e8f9a63c2c018361cc3703,647e58cb1847531fd9287e87369a7219b8dd3f7f6ad33144b9e11f11c6359a37,3
checkpoints/beamspace/trial_0805_RTC_S04_B085.mat,08a001bdb95b52b29bb0454c897ea6d8351363e55d7ae099f827cf7ba78f643c,1ac47b45fa5c1ddbc02cf7f235d5976381a1b3e98719972f26feac22bbb7da90,3
checkpoints/beamspace/trial_0806_RTC_S04_B086.mat,370cfa94d2f9dc19c42a7c3ee8dca3c93118ad0ca81979ec69ec78c80fdef199,5e201d346c9a2bdab67d8e6185c2f6a9abc2057ae9360f5a8d7678d58a933434,3
checkpoints/beamspace/trial_0807_RTC_S04_B087.mat,db97acb23606c916da34a7da9590cfb101f255f4863b70c198152013c6cd8488,ec2a742436a2ab4eb36af0bacf33105c0b432da1d2a8c175ee796dbbc6f21b24,3
checkpoints/beamspace/trial_0808_RTC_S04_B088.mat,cb1821372990d949028eb9e3abb752896d27b41bc9eee70c9f3ca41c6d1c8f24,9cbc987b50ccf37854557d0c3152ae46d5a798c784bb3a7bb18b959e2cda20b1,3
checkpoints/beamspace/trial_0809_RTC_S04_B089.mat,fd8687f0a9291956b058f5bc5001cf71056cb7fb6f03548145099affae5b135f,a29a81541fa901e12c3445b011a2c75de7dafc97c7f9964315bbcb7643722ef0,3
checkpoints/beamspace/trial_0810_RTC_S04_B090.mat,94cc152c40f8e6cfa6fa6637078dadd91aab5539a9474f9dc582cdf4af90234e,28c7fce41c4655f468e64f79ff2beb91dbeebedab63135a97d07393cde863203,3
checkpoints/beamspace/trial_0811_RTC_S04_B091.mat,b97e46c0804b0853990d65f68c25ac1bb3f52f0d575047b5ca8d160e846ae2d3,1377b0738ea4eb87d11368eefd426755186b0aac3413b1d0f114d993ca535b13,3
checkpoints/beamspace/trial_0812_RTC_S04_B092.mat,5eb506ef352ca480331994e265f69214a64b11c9ff060493c67f14ce7e5b8e1c,6bc3287c259e7d8b6fdb813e88625a299ce8ea6af01bbb751afdc9a5d84b5112,3
checkpoints/beamspace/trial_0813_RTC_S04_B093.mat,b2eae6ca15bfa3ee01ef91af6d9fd7c0f7de87c68dba5c7425f645d0f5764d11,388da9b82cc49ae61e6d4f002ac3085014778ba53d52f658140de2710cd8fd70,3
checkpoints/beamspace/trial_0814_RTC_S04_B094.mat,9a97a9d8e9b0c325fa4b89e4118791081a16e24cf2bbaa7115c7bad992e9f6f6,18e3418527491fd264ac3699046ec1b8ece94c524d216806ab3ddb0c63357c0c,3
checkpoints/beamspace/trial_0815_RTC_S04_B095.mat,a74a4a3589f3eb6e3bf7be4624c64a4df3d277e815f61e542e4197e31a6672bf,c5df2b61dd2506484e9d9c7663703e678bf58c104ef79a9b42399112f88ad837,3
checkpoints/beamspace/trial_0816_RTC_S04_B096.mat,3b4d06472b3b07b62826d51303d226fdafe257c626773a8245229d3b9a7c6ba8,aaf48aff93631aaa1cb25ba7e63bee84cd565da575d49264b9a3ec19b5c95684,3
checkpoints/beamspace/trial_0817_RTC_S04_B097.mat,776b051328511c861d0590f3140d5531aa3b1ce7cfc499818009563919e4ab34,03ac7792ad778f3ef04db0b26ff3dbe0aa56b150a82f2b463e02db86270e447b,3
checkpoints/beamspace/trial_0818_RTC_S04_B098.mat,7e23883a44311d54bf129199e2d017b60b8a8cb33deddf48eb950445389a01f7,36a48fec3d0e81500122ade80d19802119d3bd8da7db1bddcb28d1b4064f4980,3
checkpoints/beamspace/trial_0819_RTC_S04_B099.mat,e1f408a6e4865b6da86179037ddb070475ee3f3ec3eb31c1878a038494d5ac94,4c8cd1b61c0adf7e02464bedcfb61328ff40395ecab1413be865bf8dcc3e8173,3
checkpoints/beamspace/trial_0820_RTC_S04_B100.mat,01b7d708eb6a09eb1776c8136d5dba3997306b57842b857972a7525208505066,82e2fdaffe51f3e7a7f556ce87d95758e1e2803788bf82f1db6901fdcf52c3b8,3
checkpoints/beamspace/trial_0821_RTC_S04_B101.mat,945744d9f5f9affdc6ec7bfcfb6049322ec5af65aa9567c7eead2ba54fbb6e0e,a871b504d9cadef928075c6d8556d302b81b1277af6ab57de62b4eb3ad87f44a,3
checkpoints/beamspace/trial_0822_RTC_S04_B102.mat,93c207160fbc3e820b1070c80c802055a25b5dd3742a8f3b993cdba28c6f099c,028ed1176276b0ff460a069d4ec2daae8ed4908c2e4f13f95cecd3b8775c09cc,3
checkpoints/beamspace/trial_0823_RTC_S04_B103.mat,0fb5f34b69dd2ae1ba859d290caf9156c2c191883423efef2bc420923ab109c0,ddfe30e1b2c579965126a34d6fdb171c9e3ab0f11c3d13507b33d98c07598c6c,3
checkpoints/beamspace/trial_0824_RTC_S04_B104.mat,e2dc274be7b0f42e0a2dbc88305b001c9827f93dcf6cfcd83e4133f92df24ccb,2f8df58cd779c6e806839dc2e0e108de21306938930e0b4af332b69452c3388a,3
checkpoints/beamspace/trial_0825_RTC_S04_B105.mat,58f237d55d093e21107c2fd33c33a15a1827ba2dcc6efddf71a9865a9b994fe2,3999ab88c5c931df87eff15f909ac6e9e98b89885a4128b0a242566265bb676f,3
checkpoints/beamspace/trial_0826_RTC_S04_B106.mat,8e478b9d47889e8283207858fcf0e577340b48c11538cc072d7c5ded8b2512d2,85b851f7333355240aeef71fb07296af7fad6e0e7aab1c31d1de185db7bef5ba,3
checkpoints/beamspace/trial_0827_RTC_S04_B107.mat,cd8d76437a08eca15a7ece12e31db620e14e3b8879dea92c55bca498ce2fc2b9,99027f26c33ffec7db25894b89da5783cff7983861d13df3e78b01c53dcd8667,3
checkpoints/beamspace/trial_0828_RTC_S04_B108.mat,d0fdd4f973317fe82dbadcb5a0ad1b511faff89d14f1c0167f869c69b43c8303,0c207e769eb1758813d3dfbaeee5f5c43564c1aaf44065d83615329a769e3a28,3
checkpoints/beamspace/trial_0829_RTC_S04_B109.mat,c480665bf176f8dab9b9c175d0eda122a52fde701c1f36822062ab0c71ca64ac,04fcbaa44df7179f405429f4c9d1ace6da2540abd72e46782674a97b351a1386,3
checkpoints/beamspace/trial_0830_RTC_S04_B110.mat,b3299a22f8790352b3471e817f9e25853395b4fa0626b8761137f9513757a13f,3eaaf405f319907811d3f5336fc9634609b1ee2c0162fae3f943e6bf5bb6e677,3
checkpoints/beamspace/trial_0831_RTC_S04_B111.mat,9c8fe19fbdb80f4d4e1b47f597d4f5e4e419c8ff46dabea8a824f7c1eb601a81,c626345c292b167d6e98dd13bfda43eceea6e9f060654eeac8d0549f5aca5ee7,3
checkpoints/beamspace/trial_0832_RTC_S04_B112.mat,562df33616c848d88a4c1e16ec38013bbd1e9c1079ebee6f8977b496586f05c0,ce3bd2469ebc7c997a17b81aeefc075b92ae495a1f5e833a12337b45c3c84f62,3
checkpoints/beamspace/trial_0833_RTC_S04_B113.mat,bfe93013a2e428da498e0ebc4a0096fe77adc5a116047e90b94e8b0d8617deb8,21580b84ca2eae8ed60f576f1ed8746552d70b22ebbf8f8e2e8ea888e2f2fc22,3
checkpoints/beamspace/trial_0834_RTC_S04_B114.mat,62e4f03031fa142901b7fd8427441411212a15c89b4689f2605be305388ab978,0fd0bd55a132f1fea9abdb7da30d11faff5b95cefd8ed08977bffa64988b0749,3
checkpoints/beamspace/trial_0835_RTC_S04_B115.mat,9efd34f36f78477ab38746c8a865186b15c680d39f10d7680e3395c5fdb355c5,ac3a1de818e98f6e96fab2f2f4bc04399b1364c0baddf695e8a245528b25fb24,3
checkpoints/beamspace/trial_0836_RTC_S04_B116.mat,ccaed667a799619fa8d8571ea5e436b28838c8a4e36929250882468a326a8239,dcc39adf8f6dda0ceffde4fa5c61e84eb545f5f1fa28ce829254a09fe2e01337,3
checkpoints/beamspace/trial_0837_RTC_S04_B117.mat,0eb5f4a20faf112b9bfd561dbfb0e8c9e9c7f2a798f170f56fa18ed4edc2f8d8,da4283e6f2c24c65d966be80c075392a747b8f9daaabc284a97824e646293ef4,3
checkpoints/beamspace/trial_0838_RTC_S04_B118.mat,09d9872f912dacce02105f51d5134ae270ea2276a55e63fc107cb214ec3a13dd,2e87b1ec2563faf4d95fcaf996b33fdd3fa99ff3a8049fa635f6a9533b33b060,3
checkpoints/beamspace/trial_0839_RTC_S04_B119.mat,82f39de19049e286e587179fd24624adf6f96fa0995a2eee56335c81b63fe532,9856119d0c34ece986a6c688dba83bce6e26cc7092224694fdf15efcb2732003,3
checkpoints/beamspace/trial_0840_RTC_S04_B120.mat,81ac15dccb7e3141ec83ed24010838b000ed38464a9818068928510ebe8bd292,6a8e7ac6aa9a39e45487b1ebedadc5e95e0aee95a52e4797b21708067d0a8b56,3
checkpoints/beamspace/trial_0841_RTC_S04_B121.mat,cc5e488906607a69bb2868818b58f2862656ea0356501afa0b75cf4940f88001,d1a64c0863a1e2d12c68be0a4f210f2acf0f9b7a4e7c354709267d888f8146d9,3
checkpoints/beamspace/trial_0842_RTC_S04_B122.mat,0c4a728148b6693d3321307d8b0314b7311fadb7d2b64af300bfd9ccbac57eaa,2f17cb26ff5400bd6966167644ec279b1640777f4d5ca47a2a020de202a68cc4,3
checkpoints/beamspace/trial_0843_RTC_S04_B123.mat,cd85118886ddb2d9a94fd149c2dd93981daeb24a427ba6ef8b435730c7db2024,f83277b9ff51381a5ffcaff99e1457d56539f2028069661706a7b4a954799929,3
checkpoints/beamspace/trial_0844_RTC_S04_B124.mat,0abe293c4bb2f24813223d6ceeccc632d16493f58d4fad2502cfde002d3f4b9e,e542df2889447b6f53c714f3734dde296ee683e750388c431a2d2276076f619f,3
checkpoints/beamspace/trial_0845_RTC_S04_B125.mat,0e26eddbefcc2210293079c59eb8b73c4c6914b09ce674d4da8e4a92c98816fd,c3aff2cf9bfa0812cf308fc448f806cfe6376ab888d318a1dfae7007c3198a7a,3
checkpoints/beamspace/trial_0846_RTC_S04_B126.mat,65bbde591f7f9884b63462ee0d9a10cea329b169bc1d5abde376eabef6cd2fdd,8c4b66d1ee186a3196a86655559d2b3d7d29f34c81d7abcade3a808bb5676338,3
checkpoints/beamspace/trial_0847_RTC_S04_B127.mat,371e191b2b19986d23cf8b62e775cfb2852c8e19b9b2b05cf9ff796a88332162,25929ba987bed17be6b93373f6855e6f254f75ffad1fd64ea17d76587f75416e,3
checkpoints/beamspace/trial_0848_RTC_S04_B128.mat,cc19fe4f4d05d23fd196940d51390f8c36b1639a41bb828acd87d065c6a78280,8f5acd05db4813afb268d5be9e2b552aa349823ecb51f9bcd75d1072560f2b92,3
checkpoints/beamspace/trial_0849_RTC_S04_B129.mat,01ee191e556de20148359cbbf35da747dbf292ad13fde7b98982c15e492c0411,c723ea2554b046301329f0ad28e8fb6e2dcbc4d5c8533b0fa28f351c646c835f,3
checkpoints/beamspace/trial_0850_RTC_S04_B130.mat,0d7e585fca29c97d9b27751f3185c913ddb401834ea83655fe23f46e0049c363,4c098b94930288bdcc669c0f4d57930bf10fc706f0d655ce653f546921ec1886,3
checkpoints/beamspace/trial_0851_RTC_S04_B131.mat,fd563f171b32d86d2a3802f6be037f1a6b49e506207deece3693ca52d326992c,285fc06c9d9b10fc8e4d0290bfae54700addc2a8a3bd4ea93d0a41fb4968c117,3
checkpoints/beamspace/trial_0852_RTC_S04_B132.mat,200d2cee762df8280b1f53676ba36108dcb22d17fe8761049ad6b65e2290a2c1,ce3175f1c2344e5e32e34f12110015f7ff05a465e1509f9e824ef1c093b8f9bf,3
checkpoints/beamspace/trial_0853_RTC_S04_B133.mat,6c04de1c384e6aea961c7cc5cbcbbbd8c20cfc7c2bd8be876a526d18cf1c1302,447d170cfea63b4a34360188f9aa5cfa6a42bb2afd856999930ba4af3a3ab057,3
checkpoints/beamspace/trial_0854_RTC_S04_B134.mat,3ebb2610cf1aa92981cd8f0430d47ff4585537921da2dd36fc5066765a72e300,51f90ae4b4f8c07f89d8b0c360377928b9a1ae904106bb46a33b43a1f6f3f10f,3
checkpoints/beamspace/trial_0855_RTC_S04_B135.mat,dbbed30f80e71e9732a06920adeef7d072170c3e8c22794447691073d68d33ba,f0b7fa98dcedb51b4ea6b767eca5944a6f22568ae65057243fc5586e14d854eb,3
checkpoints/beamspace/trial_0856_RTC_S04_B136.mat,ede20b557da5a56e1fc1326ee7214d5a4fa43aa1628bdda851a81d3971ba9ffd,b6c396013c0756d020a363b9d605ce2da80a69d2667e32ba37738c9c2411878c,3
checkpoints/beamspace/trial_0857_RTC_S04_B137.mat,29bf076d5d1992615795212337669f4bc4dd98e5655ea77192517963eb0eb187,3e288bae944308b6a47b3c17faa231c142ea7bfa97d34fbceb7f4a7056d1610d,3
checkpoints/beamspace/trial_0858_RTC_S04_B138.mat,cac969eaa04863f98c14d5719d37944252106aa7664d23e7ee945e5e668659a3,aa7e9e7f8a621faa5178d4c5d09f26786235a3a90f417452d4de3c5681a3755f,3
checkpoints/beamspace/trial_0859_RTC_S04_B139.mat,0c45973378726ca3e218d5c41a78fb5acc7b736815d739e1c278406cb8b37932,411900de0c8edc4d117316e08b917c1da45ae794bdb79a0d0d175bc1f29d3239,3
checkpoints/beamspace/trial_0860_RTC_S04_B140.mat,8774ca2275d9cd9031b88c2f765b4718f4d8fba26e5fd424a6219576b1e2af68,3140d9675e411738cd0fa647d7c30355574d5240f8021046ffae2c3f4ec05baf,3
checkpoints/beamspace/trial_0861_RTC_S04_B141.mat,cce1d065a1d7d18b7723aa16eb3e5bbcd86104342896bf134f630e4a5c26165e,a8f05ffef26978b136bece85d505c3aef16f56f41c5a93d8ee6f05e218335507,3
checkpoints/beamspace/trial_0862_RTC_S04_B142.mat,f1308341903470d38a030da20bd986424fba16dcc6bc05125f92d87349295379,04fab6beaa471300b329c4f31542fb81a06ebc28367feeb8e4fbde12d13cc887,3
checkpoints/beamspace/trial_0863_RTC_S04_B143.mat,9b70cb4d9e720deac8ec437df37efa8014d7da8266ea4b7ba5cd5964f5b6278b,f5ac7059377f317b0cca7d28dcc4e3a876565ebe02b103e15bd6358f03c069a5,3
checkpoints/beamspace/trial_0864_RTC_S04_B144.mat,c337bd27ac21207479c88523824f92f0aa184971defccc00f2b2a21f7a142818,a7804778a10db79fb249b0623c3f014be5b0daca1a55dcae3ba71ca64ac481c4,3
checkpoints/beamspace/trial_0865_RTC_S04_B145.mat,11c0db9dd1e100be6331243f09ddd10f2486dfd1938dcebc707ff8b8acde24b4,bb7466b2cc8d78cd114e6e81c4d47cc89d1d7877483c044bd6a1e2c03d9d4c33,3
checkpoints/beamspace/trial_0866_RTC_S04_B146.mat,b2b1c0d4401e58317a54c0b925c74fc9d8ac0ea5bab9c7e04290e1eb3913db8b,1aa1f4a245b56f33da291383478859f203669369e81a81cf2387422d4c2696ed,3
checkpoints/beamspace/trial_0867_RTC_S04_B147.mat,bc7e2546492c0d6dc9671acdf8056bc3352eca0843a51581cb8800fd7d0ac307,bef57fe31574a68956267751926ef6efbad430775189059f2013d6363ae241f0,3
checkpoints/beamspace/trial_0868_RTC_S04_B148.mat,b4b59ec3476377d10b2469ec4eed46f6a71f12583fe2ae5071aafb14a8cbc3a6,3840ae744c2adfc20ad0bfb86ba07eaf320567e500e5280a448e9b915b90d9d4,3
checkpoints/beamspace/trial_0869_RTC_S04_B149.mat,4e988c88ea556b1d1bc4b8196270f59697f41cf46a2aa4f34ea79e4f0d05418e,acdf10a4bd58db5b1379175316bfdde40c40e01edfed5fce274a5a618786d711,3
checkpoints/beamspace/trial_0870_RTC_S04_B150.mat,e2523ef03fc992c2ee27bbec812728d90d4ffd8de8894a64b942247cd142bbb6,5f895ab85a750153f1d7be75ef1b8a1b7a38a19c43c65b9d514f26761a0e0306,3
checkpoints/beamspace/trial_0871_RTC_S04_B151.mat,292c3d5bb78bd7ca9c3e51249a4ad637c81d710843391b3b5eee43dbb22fb6a7,1378d76c22094cb489ccde6551b9e3470e95f7f054ae7b04d06a91966aefcdcb,3
checkpoints/beamspace/trial_0872_RTC_S04_B152.mat,5763225b8a91111998d0a379370cd7f03845789f174db7ae3a112e9f73125c40,fd7589e856abb24d7308e49a392a37bb8046876d133c44aac45aea938571da20,3
checkpoints/beamspace/trial_0873_RTC_S04_B153.mat,154dd3a4a4b3833d655e71e6eafaab458b61e9e1fe89260368d1b6710363cf37,ee116e776af4b5f7ca3b352d4edaab926d3ed465863a98435a9a75d3c827ce6d,3
checkpoints/beamspace/trial_0874_RTC_S04_B154.mat,ba0a16a60507eaaf10a5efefab1ed9f228c350855cb5b9d48dfcef30655cbeba,4715f0b70172c348ae7b020a0a7da7f1be75daa62d7af79bf8a8e6fdbd36a244,3
checkpoints/beamspace/trial_0875_RTC_S04_B155.mat,2db503fac4d0ef71442749b337dda3f314e1cd86f0a68b634096a130f8b2b5ae,ec606699f8643f762c5d0ab27c29ac8aef8022dfe0ff10183571f146014c1bf7,3
checkpoints/beamspace/trial_0876_RTC_S04_B156.mat,9b744f10459ac46495330b9dca07520e6d417c61cb7cacb5525355533a14a336,dcb337a4693b0d9b78d2023e1094c0820ee8efcad276907b14930b644a0213a4,3
checkpoints/beamspace/trial_0877_RTC_S04_B157.mat,77fd5a780e3ae676f6ff48249e1f284011cf945775a4f70f888fe1e9b4d1d6e6,2d39a564813d208ffe51a6e9dcefce5f708706d75d1fc2f27ac502a1bea4b71e,3
checkpoints/beamspace/trial_0878_RTC_S04_B158.mat,bcebd1e83ebfb7bfe21b54b8760977ed084248eeff386eade5498495131ee86c,dc15468c78ef16e37a9fef644b8cfa1213fce36994f0934e6e4b58de31b7b5b6,3
checkpoints/beamspace/trial_0879_RTC_S04_B159.mat,71fb2b9380739d7a87fe7cb86e9fce9645133417495dab53a6e16da4e81b20fd,8948ed7ba5f3f467bc361f32dd9e58e81cfba6aaacbb47012b4dea47c7275268,3
checkpoints/beamspace/trial_0880_RTC_S04_B160.mat,c3e47514c3f32168174cf8a9ba56a96d94681f0654a1f6fab05611fd0a54f6ff,a0494fb046ac70f903d1a9cea1ffc31cd606481c12913906f43d5837cf598cce,3
checkpoints/beamspace/trial_0881_RTC_S04_B161.mat,cde698e7a9e54cdafe34072e5deb211418e8bb681882c9ca0ac929045b6dcb93,f1e632b937fac5513b3d63a6b46c23c28523e9a6d68880885d82db88d7986ff2,3
checkpoints/beamspace/trial_0882_RTC_S04_B162.mat,a8c342c727e9286d13a568bc86c1b745fe37d308a21271de9b926f49a2d503ee,0e31c7188c11c073f8bdfff8ec40714855eb9c1bbf298c825d6aa86d7655fbf6,3
checkpoints/beamspace/trial_0883_RTC_S04_B163.mat,406feb08b6810a310a70e721965c981cfdd5a5ce8d9a237a9d3d392d7367b5dd,ac4a73a3602f6c23756fa1a7774aa972fa8b4bb93679a238a7c4c6cbbc5e0709,3
checkpoints/beamspace/trial_0884_RTC_S04_B164.mat,15dc017ec4695864975dd32e0de7cbe7358b07ff39ae1cac8314cd9661a4ef87,ac11ce08898701663d14d66d81b5f93938d13921be0d4507a4b47cdfeb33359f,3
checkpoints/beamspace/trial_0885_RTC_S04_B165.mat,0b9688284f09251df6e74cd23dcf4a5af4f3de4805ac04dbac2c6b06f82be192,bfb52a9b9ac4441c8a1ff41bcc5eedd6f3f57037262daacdb036525391493350,3
checkpoints/beamspace/trial_0886_RTC_S04_B166.mat,f227f77d795a9d441ab3bdb92c1f23fff4ce7a67e00d8469f5c6720462337f5d,f179ddd5c1ff06591b9b024ad0e3ebfb2f5195e019005fc4443dd30c6d6400e8,3
checkpoints/beamspace/trial_0887_RTC_S04_B167.mat,88974b844914eba677b631d2718b2d34fb9fa9a0f075de15fee8db31e3275417,f1a9294edd49fb371533b3c8600d58f666379fa13ee30f8f773bde3140bcb913,3
checkpoints/beamspace/trial_0888_RTC_S04_B168.mat,c5049d9bad33d2537c03e91950a002199699d50fce6688f7947e15f6c1525775,18b659002a657cb5692eb8e6d0d772e58b1709923015108ccd2b87eca532594b,3
checkpoints/beamspace/trial_0889_RTC_S04_B169.mat,13b75e07ae7f6e18346e4147ffe38823089843adb78022031ad19c5cec3329e0,c52ea6085bb97b6f6874d588a73368a2b6c4fc030c357f6094cd4b1d60095bcf,3
checkpoints/beamspace/trial_0890_RTC_S04_B170.mat,fcc38b0adc2e2fec9578131b5d5335faab698409b31d60a5fde72039bd09de9f,f729df0a4e70092b4e1ea921cb2f9586a417c9590a78586ac4c28f230b6917de,3
checkpoints/beamspace/trial_0891_RTC_S04_B171.mat,105f6134d50b80f10c5868a6d906266b7e0e787d0d78bbf5df6c5d84a9daa152,2bbe66c37b30755b7fcaf5bee554fe5d8c6600392a81c22809e8393cb7bc33bd,3
checkpoints/beamspace/trial_0892_RTC_S04_B172.mat,ba3b8ec62cf3d1dd06d252d5af79f0da102f44ace4d793e9e99661e466f45fbb,ce5b95d93d1e52a52d49a1e68871203ad5a0f5a18565569da0a3a81b37c71879,3
checkpoints/beamspace/trial_0893_RTC_S04_B173.mat,77dd90effd3b30552c7a00af0a4dbf1e0a9e886ebbfd2d3868baa6db9049ea41,8d42ad17d9aed1dc16f698a33400b012f1a1091a8041bab77245f0e1f5e564d9,3
checkpoints/beamspace/trial_0894_RTC_S04_B174.mat,992511fac718c942a5d8459b38cdaf81cddb2d1e8962138d5bbe8fc5079f7f7a,407b471d46678bc48af5eaf33f078971982a327c61b27e5f79ed4c0454672009,3
checkpoints/beamspace/trial_0895_RTC_S04_B175.mat,6d2144006a5f27bebfe73e0686ea791e06e9a9e680a3fe290127cd5d8de56019,9241750b21a91a9481bca55ba3c42455eb8a29282186d65e3320f4bc5eea2965,3
checkpoints/beamspace/trial_0896_RTC_S04_B176.mat,87cc7f8507435453eb8ff4a510642465d529e9ebbb9b56ba1bbd28951af12281,1c1680ff769964dd9eaec44f1bace7b7a1ca483d481d4803576e178c0105cc86,3
checkpoints/beamspace/trial_0897_RTC_S04_B177.mat,0ae03171c737094417f0a87f2c71a178c36cfc5f5fc92b18addf1403f578ee4d,5b4280337eac8055b35ff93baaf3cef9dacdf74ce2b376a1b0625bd4fd66415c,3
checkpoints/beamspace/trial_0898_RTC_S04_B178.mat,17e9c6eb41eae1c34adb3934d1e8dcba9d67903841d36cd68fa24c80bd622985,570e072fc3c4e2385514e94e87ffebd248a406ea258c9ae479faad5c08575627,3
checkpoints/beamspace/trial_0899_RTC_S04_B179.mat,f8fbac7cd59fc81a257edcc188c74d9ce54232beaaf730ea6ee24c0f6e528edf,c637bbf6c579ec290bc6c5ebf83205c9282a8ece5e0718cf97cd2f659bc22a40,3
checkpoints/beamspace/trial_0900_RTC_S04_B180.mat,8245100dfe6b89d19069da1b4a1349ad63ece262c0451d37310fae7c5ef3a93c,7be33d1ae215140a2808e922e0de14bce21cb5953bac7cc0db50c2b11d2119e3,3
checkpoints/beamspace/trial_0901_RTC_S04_B181.mat,a65f9a89338f472193fcdbc6be335a63b5ee206644ca2a7d11d1fdc4faee5955,d2df7e09119ffb04fa17c8a33ab0ce89d33b2ac233a7bfee6fe46c4c60344db1,3
checkpoints/beamspace/trial_0902_RTC_S04_B182.mat,f0bbc69a68d704079291161d2b885ae64951c62c78563bad1170bc9416dfe3c1,2c3ce0a5553955b6af4f9832c64b1799bb7061e0153452db811c00ffd64f3c91,3
checkpoints/beamspace/trial_0903_RTC_S04_B183.mat,e17dc183ef0f1fbd3698b643e21f717d660ff2a6091260236671a5d12d882901,02406be0ef88a04491529cb019c6f8ca4fb3b419c1aeeff2a61ff79004ec96b1,3
checkpoints/beamspace/trial_0904_RTC_S04_B184.mat,a4b25410c64daf7a70833984351f571514fe89a311358bb4fa047626e06d033a,874e4f848483cf4a0983eceea247b983aca345d6f83194bb721a1ad0e703037f,3
checkpoints/beamspace/trial_0905_RTC_S04_B185.mat,218f89200dfe8f05f4d28e3711098cf8b7886ebd135c8f30cb9ef45c70ca9de6,47ab6c1d5ded2e62f03928d14185d61c7bd896639e484165554c1b9697a533c7,3
checkpoints/beamspace/trial_0906_RTC_S04_B186.mat,9a6d6135488c7b518f84eb197d8cfa8eab09f43534aede5178e5878c32b090a7,f951bf0c110fa15f62977d6b289046d378823bc27e6e6e2643acce1f354aad66,3
checkpoints/beamspace/trial_0907_RTC_S04_B187.mat,aced8eb21002e6d713564d03bdedaaea1813d7e6ce6a0cab9a99f1983a13f6fc,d73168cc355f4e82945cd8a6044165304a45ab8de590ea4fa254686a407914ce,3
checkpoints/beamspace/trial_0908_RTC_S04_B188.mat,b20e6676b81db202ad77e486bd68c42054d4d99ee9809bb349c250474dc798cb,885b6a48206c54422266773fd2fc5bd400ac6aa10aa9eb4150a03b391986b0d9,3
checkpoints/beamspace/trial_0909_RTC_S04_B189.mat,7fa3bc301a1b95e2b091637fe663746be876b0e5839897535a18184548d80f48,e47250dee0404d55e30f2c02b24d2676d56a9d0d8b87919efda9c06762dc07de,3
checkpoints/beamspace/trial_0910_RTC_S04_B190.mat,023980c4c7134317c369c1ac94443e6df9932e2ced7d394abdd71ed72231cc1a,b81a559b429bf5fa4d93c9d51c1f69b3104a45066e4359fad019587c741cfa6e,3
checkpoints/beamspace/trial_0911_RTC_S04_B191.mat,e6712be5ea977a7aabb305a3389faffcfc218a5ec6c999d6e67686dd1caa7662,62ca1922fd53c29a8357c978444dbf20ec07f7ca409a7a48124a6a615ae86b22,3
checkpoints/beamspace/trial_0912_RTC_S04_B192.mat,0bbb5600fb6e37358bebcf33f07d02d18386f2d3ce758a165fcf0a31652c3e0e,8d7736f065b486943e2bba0cc88b57b86ad9fe46bd32f08c542b5583fd34fda8,3
checkpoints/beamspace/trial_0913_RTC_S04_B193.mat,1e3bb333be7e1496701ee9c09a7a6f766f8428678fb33cd54e6e1cdf620c003b,6f9521a65ad2c1febb42069fe5e1a78470c6bb91afa1b0be7a06601b2862ef17,3
checkpoints/beamspace/trial_0914_RTC_S04_B194.mat,d3556347143b1a6f54cf966646a1f4602e96a593de17934fd5416cb1c9f5489a,126ac0f1423f827ba791d8fc24f629e7e37edc42793a3d77dd1f03fec000cd3f,3
checkpoints/beamspace/trial_0915_RTC_S04_B195.mat,a6f40c915bbf0125a21fa8967b03a6e21bd89cb4665fbc84bd3f4af16ebf6699,f1a9e98284dfe95758c69e16b6e8ea1d7a405c80ca37d04dbe798b619a96db53,3
checkpoints/beamspace/trial_0916_RTC_S04_B196.mat,9824297168bb8e161e8df48df01707752f15216433122a8bd9122aee90329910,bae443cce734d86e8a112fb47093e7c011191366d3c1e429395a588813fff861,3
checkpoints/beamspace/trial_0917_RTC_S04_B197.mat,8c14b5cf4c5bab65f98cbc5a5c55440d731f5b8143d5e0f0a5b4d77103085fe7,291a6e7b3d7dd0dfe9b6063317832b6979d1038d27bff2974267694b2ed43313,3
checkpoints/beamspace/trial_0918_RTC_S04_B198.mat,c4878cd68eba708a901e5b57d16e3870f7b5514ce933d104adbf2c7d0559de29,0d61c549c46613670b3b64bff86c9a943025351b42d284021710f3c7e1491c99,3
checkpoints/beamspace/trial_0919_RTC_S04_B199.mat,7a43645dd93fa7978766b7f0420fc350a113f26b6a5df55ddb0eb14b4359628e,b57c2c23c86bde323f791168196d0c31feb189b6f1114a37b4e3ffc55cea6154,3
checkpoints/beamspace/trial_0920_RTC_S04_B200.mat,4428350890ddb6b250a0a500f3c3c4110e96e5f17fb6e9e3dae1995b5de4c658,4f1bb46daba373e1333a727bcda72cfa3d475575ce5e6569649f44fa215d51cd,3
checkpoints/beamspace/trial_0921_RTC_S04_B201.mat,1d5d3a25f47126b4a490eac7d34ffa547918ab551459b60284cccebbed892056,629e0a251918d5391630f92cc98d91907ddc81093acba96c3c5ceede5806a728,3
checkpoints/beamspace/trial_0922_RTC_S04_B202.mat,0398ba4d04917dac6262ebf2c2d90808016a6fad64ddb32a9fa2b04bc38165a9,74911af0930ec74859ca2f341bfa14d6cec9fd1ae2e30201ab8f47e730ef361a,3
checkpoints/beamspace/trial_0923_RTC_S04_B203.mat,c52eb1bce1f5d87c125cf155b0607e161e82a9937b725b61e8cc459cb82ab459,ed439bbe18047c9d4afcdbf124e0ae46fcc11700660b77159bbb117ee503a0a2,3
checkpoints/beamspace/trial_0924_RTC_S04_B204.mat,9753370d3be805acf057b964a17dbb84cf68d911028eab1b4f2ecadeb6e93d8b,dfbb906926b78497d7030337e082f977bd87f1182a3a9d4222d4fd7df0ec4164,3
checkpoints/beamspace/trial_0925_RTC_S04_B205.mat,88b2a84ec06878215eef8cb0e1e85e561be1b9fc74e1e1f71b2e5c6d0765673d,833504b582ddcd0b55f0f555017d982c1d3a7652ab91885928681b7770c6a130,3
checkpoints/beamspace/trial_0926_RTC_S04_B206.mat,8dbea7b16caa047e2938c0d7c1edbfae2e5260e0aaafafe4822708e041b4f390,d2707114d07026f0c4e736dc317d19873c3d12bd1ea992027c2003400c527991,3
checkpoints/beamspace/trial_0927_RTC_S04_B207.mat,c31cc0e04df39c3c1a7c08eab0e2c7783117697cd8b7ac37601114785614bc31,bd530fee1da9c1859cc26d7ba683a2de58335859e5624b08d1eb2f36969d9623,3
checkpoints/beamspace/trial_0928_RTC_S04_B208.mat,f2283f8a04a2403781220ee132fe5e803708423bd714535b0860e849d4bec7b4,8b9dd8ac77595e407897abc8369c2465844c69ad0a6e8e54e365e6b3c8cff4b7,3
checkpoints/beamspace/trial_0929_RTC_S04_B209.mat,883314de99794f16ba878f30900d6f1dcc435941a45a1caa323fb12d7fccff11,7c0692db762aa85a3666e3cd3d50d13772d544c67b926dd2679cb49245c29338,3
checkpoints/beamspace/trial_0930_RTC_S04_B210.mat,d441f52e3b40c1bbc4e604bceed98333f9365e905f905c20fd4e921763f9cbe2,7f671a94abb170ad0c4ab16e2d695ae8759e2ca3918ea2ed7993b36fc2496fcd,3
checkpoints/beamspace/trial_0931_RTC_S04_B211.mat,a1e0f338eaf13fdd11a2257540fc9d31dba642bfc9bd6f9b46f1e8404e21619f,20855456baed523794cf06c365ef49be08a16c3f906c975448ac366251604bd9,3
checkpoints/beamspace/trial_0932_RTC_S04_B212.mat,4df9dfa9b042196e3edc1a59e8e8e7579f11a4a57679a164da0b6e3df481a2c4,f18cedcd3a087d92e8ba9a7072dbc2374fbdd026bf8de76404ca22ae1147c95f,3
checkpoints/beamspace/trial_0933_RTC_S04_B213.mat,7216e586d2afedceb81f351f5fc9ebf80b781be76597d2cf47596268c9a47a9e,a6c54d460506ea0745aff8dcc37d1cb40b4ecd668444aea2c999c01fcf31477f,3
checkpoints/beamspace/trial_0934_RTC_S04_B214.mat,9c86b08738b62d7eb220a1e29a13e7e5de77d463c34a919383e04e8ae46796be,5687a6a241b1e2188c44e757100c037aa4f748d0188601f877d19264c5dc8c88,3
checkpoints/beamspace/trial_0935_RTC_S04_B215.mat,6e54a82acb24e83a25d6077b9fc05a14fe75cbd586c63c7eafde51b0436e48b9,e6bc6dd5f07aa417acd6cdcb31a5daebadcfe8c4cf2ffc25a9bb094bfc25e8a6,3
checkpoints/beamspace/trial_0936_RTC_S04_B216.mat,2f7715b787380fab5d1c1cc94cac48a05945a405185a7ed4edc5ac58c03d78a3,2058566ead620dbdb0e72170f3c266b5ffc5200a80d7c4685ca2b1923e061cba,3
checkpoints/beamspace/trial_0937_RTC_S04_B217.mat,64b826bb20e230f4bad6213b765f35b5bf30fa29b04bf025dd1fc91b2e601e4c,ee25214367e68d444e55c8401482f2269654dc5e2efb0d4969da7864033e0740,3
checkpoints/beamspace/trial_0938_RTC_S04_B218.mat,1e3f5997525b23a8419aba9cd478bbe6020e71754363d8bb1722b6a096342269,11040232d7943b2cefded6352c433099a4fe977c2a7a442af0175b839428f96b,3
checkpoints/beamspace/trial_0939_RTC_S04_B219.mat,e2991ccf1d2134e0321bd27f282ec995d368594514c7267021bdd63fcf616e52,86ce00978a6b72a9836af3d3d0950c09ec1c7f69043a03b832cf77f36863400f,3
checkpoints/beamspace/trial_0940_RTC_S04_B220.mat,9c74dd204b454b74b07ed30f3e35770e2ea6e046529947a4e209ec0d63f9fff4,09ccd3ced37996b3458565344b12d64b3c519054aa3a44f6ac40f19880ca485f,3
checkpoints/beamspace/trial_0941_RTC_S04_B221.mat,755af7bd3b6a896a069cf4eedb9c78b56222706fb91679927d25ed6d5a0b680e,852bbfba1973d96f796a5af4763bd7a8a6e635a5c4f68dc09581c8a6672eaeaa,3
checkpoints/beamspace/trial_0942_RTC_S04_B222.mat,6dfa7ca46b8b8c5505d72c341cf8a4ccc7e1ed497975ff998ce8595885c8923d,f1a4ef55e77a6682c8f6ef145725ec2259d6d9649b36f82f25582d5d106ad1f7,3
checkpoints/beamspace/trial_0943_RTC_S04_B223.mat,0e1691c6ac9eeb15497ba640876658463c646e4b27c965c856ba868787e3e3c7,ce72b38e30437d3fbf54c5d243925be57cd7cacb9b4b756117258c8d21cd6c88,3
checkpoints/beamspace/trial_0944_RTC_S04_B224.mat,88bf9719a5870cd6efbc4b1d5c258e3cada68e5dd3166098e13914bbafa25a74,8ea03d1fdcdc51b213a487e963f4b1b6ece34506e643ff8bcbdc1ea2a3306f64,3
checkpoints/beamspace/trial_0945_RTC_S04_B225.mat,f0b2c1e9e7f4a29fdcd8d40cdd853cef4938559078178d410eec9524ef8d9b9d,b2629ca29c92636c3778bd1d7f5cca82a88d8e3f7f8726281e17a6197700c5f2,3
checkpoints/beamspace/trial_0946_RTC_S04_B226.mat,b2a0790d92c09ad502618efc0e2055db246c39f308383a645d5392e5fce21c22,955ceb4279bf23cff0ae2f2ecce96e0a269102795961347e5497562c47a70146,3
checkpoints/beamspace/trial_0947_RTC_S04_B227.mat,5d28b062b2bf567ecf922975042ec7dee744ca8539ca23d63efbb6176c6a86a0,ac4dc4e041ff2ee22bd450614fe01111091183c7ebd669f04fb443b51045ebc9,3
checkpoints/beamspace/trial_0948_RTC_S04_B228.mat,adaacee5fa38b9ff95a1072708f7066d3d0f74fd85b47fa6230f56ca6184053b,b96ccbedd1c62e9e42eeab799f7d98e70e758fb12a08d7dc1794d4317f0135e0,3
checkpoints/beamspace/trial_0949_RTC_S04_B229.mat,78d533650ac608502c98aa1ae67d2ec03b7432cdf12605b5aa02c2ec1206e0ce,3f5bdfa427e875f6636dadd0de2e14c066867a11e3a3050d3c85ec8370483ca9,3
checkpoints/beamspace/trial_0950_RTC_S04_B230.mat,bcc2b07a174fe9c2e76683da4733a412d82f7367795fe5b37df89a5cf92482f8,05a3146a85c69b4a9ad7a5d08c738ba487df8bdae992631148f9f20c206c39c3,3
checkpoints/beamspace/trial_0951_RTC_S04_B231.mat,e82383f9bb222e876c2a3b68486c2c35f6f05de4752424bb342a9d177b6609a6,986a48398431426bf1e58f70be2ee0a4a075a4c45690cc12aa94f241912774f8,3
checkpoints/beamspace/trial_0952_RTC_S04_B232.mat,2407642d469ce033e858074259004f4c221b36c5150d9f47a904e6ea4006d227,c305bc1aaa1b0d5535cb40a14f1c3217c48d9e156e503fbce3720ffc3e78e564,3
checkpoints/beamspace/trial_0953_RTC_S04_B233.mat,94b693c1fb8c3668cfa4e0f5df29335f31c09ccb50d2d2fe77cc7849f70301de,d1b77292f8699f70b8a7e9f14ab0b797b5d6e50bc7113ae1d634a320bbffaccb,3
checkpoints/beamspace/trial_0954_RTC_S04_B234.mat,d61f07eb3a8f88401bb00619ce394be47461529f94528077fcda7d275f09987a,99928d72ab9aa5a41217622f08b1e4314043e271ac899ee32eb76add8d950d99,3
checkpoints/beamspace/trial_0955_RTC_S04_B235.mat,66efea153d1e3db28b2134ceec2c3b46eb2bc939c59f9b66e9187471a38a6e2f,37e17b88139aa958c3826272ce947babbabccc6e90189469dfe95ee01af87c9e,3
checkpoints/beamspace/trial_0956_RTC_S04_B236.mat,f3f9e6479ac51387748b00654cb073935ad687cfb8faa4d9c23d536767640949,1fb7dcdb4bbb22e3be6020bf8ca765a2e3a347894bcedf2024cde5e49f697e1d,3
checkpoints/beamspace/trial_0957_RTC_S04_B237.mat,4ab4d1f3c7e4dd6fc2146f7d4f2179993b3add3e593d015f2257d14b81824021,921decb84204b01f2c134901cbcf69fe2007a121c3584a0e7eee3160a7616e13,3
checkpoints/beamspace/trial_0958_RTC_S04_B238.mat,1c545442e0b48b56493cd4d1bc6c5de4529ec40bbe59968d6922ce449dd0ea43,f6901fdb14da1a9c43bff75f79fc24d83f9d7e1cbc14a6e97665f678c3ea8700,3
checkpoints/beamspace/trial_0959_RTC_S04_B239.mat,8371999606e5cb2a2cfbd8f88668ad364b531bac842975113706b95c6110dfd5,11bd207f69f3e1cba341b501192168f916b08bab8ebee14e59816778dd781d66,3
checkpoints/beamspace/trial_0960_RTC_S04_B240.mat,620dabf6249f280e982ce5d666ef9c62c9df7f6d3714f5fd21d07d2e54a810e5,784ee6fc943404736bf81de7704bc6776e7943aca6264d23cc6c603d797d8d7d,3
checkpoints/beamspace/trial_0961_RTC_S05_B001.mat,39357469c26dea4501e24392454be05f75bb470f90766a7b7c826439c307ed6c,42d27dba3ed49fe033208f107b3a1cbbbd06f8e6f9dbe0d2d541dbc17569a9e4,3
checkpoints/beamspace/trial_0962_RTC_S05_B002.mat,79214a6fa2b8290f3dba8e17ee8ecdea61b23d9f6df602774a9ff5d9c4808682,9a70155f08a64747eadedf2fdfe83a5a4fd40c999b4330d67c4eb0c447da4d29,3
checkpoints/beamspace/trial_0963_RTC_S05_B003.mat,58e0920cbf6d3f4dd3839d7d2b041c6b8d55fbccbfddee5b4d7defa773ff01fd,0737a4454ecd8a2ee899604b67f35ddcf8e40d8fc8f4744d85400b3e8c20b192,3
checkpoints/beamspace/trial_0964_RTC_S05_B004.mat,04c56c518bbb7f96905d6d8ca40ed54e331463e2c392cda7202aa4a9ed7b9daa,d30e5a23da273070727c8bc6f460ffc73c2b02472f9a75529cf22aad52bc08cd,3
checkpoints/beamspace/trial_0965_RTC_S05_B005.mat,5275ae2bf1b67fee169aa29bb295a4dad224f6c97853f1945caf347f6192925e,5a405742fb282caa128ad5b8af8fa62052c0e98e09696a2297ee6e2c77e8d5f4,3
checkpoints/beamspace/trial_0966_RTC_S05_B006.mat,96581d94f7ad032909dc2c9e52d76f63fe36fe122d25398b139e0c8fbc0ac397,99b5de2884e4a8972034885a92c8a02cae0ab5cd95cf15bdf75b8bb0253d5562,3
checkpoints/beamspace/trial_0967_RTC_S05_B007.mat,69334c96e67e53ead05783a71f5c22ae6e9c631fb39f633a690039d833465cbe,835fc33a5db9024fb968c0b56adc82f5c3503a893d1a26cc4b79477a392e2d31,3
checkpoints/beamspace/trial_0968_RTC_S05_B008.mat,9d5f230343fc3c94ea4aa915587128db9fb42f9dd35c14622788f6312328081a,f3219d1911f5880ec2c08ea0b12ac219df7a2b1c9b0401b17f570dcbacc36809,3
checkpoints/beamspace/trial_0969_RTC_S05_B009.mat,383a02e63535909c468dd7cbaef4519d2cd23cfb5c3c518afb4e079a882aea00,976218ca3253c32d393d71feed0fffb933b9e2a91bacc09d43e5e70c7675a008,3
checkpoints/beamspace/trial_0970_RTC_S05_B010.mat,3a9104bc358b821f9016b4da5ac7515dd69023ac4d8844b5ee9574c3562d0d5e,cc7b6ac9795efa65f006eac8e920b5ec6e0d4130a1bcbc681a77e0de047a182a,3
checkpoints/beamspace/trial_0971_RTC_S05_B011.mat,80551fbfea71beb2a7cee3c63fce0058ff877590934c68b93e1154ac87abe2ad,6ba802f3d34a83239614bbc57c05964bf4d470d4bb14bd7fd02a7fb050f5aefd,3
checkpoints/beamspace/trial_0972_RTC_S05_B012.mat,79e5988896d22309925b6d2752aee17dc671626c058d853751fb44213526c5b8,bdb3104c5e222b5d89636b7a76ecb2fab43f5515b36f2157767b8f0d5f47722a,3
checkpoints/beamspace/trial_0973_RTC_S05_B013.mat,207811528baaa62753c3e8e51488411da41c8642320c33032ac9a9f0f995514c,b0e577f43c144c502a550fe9cad8ee9d1adc891dd2530860d4d2f48a9d010279,3
checkpoints/beamspace/trial_0974_RTC_S05_B014.mat,8273a43a825239d4d68acf3d2148eebd1fd04c7687637045cb23780c9c2d90a6,41648865fce849bd104697f6dabd507f38685719a8706ad1637527b2b1e992ec,3
checkpoints/beamspace/trial_0975_RTC_S05_B015.mat,daea143dc5d9468b4af187303d5ed1c5ec58150dca878edbd8a7c1cc105d1502,1619215dff50871311a00513f86a440ab043df04ffdf74314cd3077512b1af14,3
checkpoints/beamspace/trial_0976_RTC_S05_B016.mat,754fa7ebc8981d3c7558a38f6465acbb4c7a9f40e0efae2b2765f5b311d6c016,479f761f7ad3aa5829280b1b28b0393a9063604f1d189cc5d169b153d6652364,3
checkpoints/beamspace/trial_0977_RTC_S05_B017.mat,124405dcc6735326585ec21b3fc8b672db9e65356f501545518901d1474ca4e8,3505b3a3438e4705f1826199613b02c514d489d1e448d244d938b1bfd235aa1f,3
checkpoints/beamspace/trial_0978_RTC_S05_B018.mat,028de8b6e7cf06a4c88b43402293887c09e1d92e33a0c289fd9718830ced52f3,ee8050bcffa8d8bfaf6cfbaf0027e834c1f2ca68655c6601cb478ce302d23740,3
checkpoints/beamspace/trial_0979_RTC_S05_B019.mat,a8eb3155329380eb23688c43cb514fc1ea9754d6e00fe3fd4728016ec7f63598,d119833a2d6b86574d562573340feaea599e2297ec351c024124a9f5329e2237,3
checkpoints/beamspace/trial_0980_RTC_S05_B020.mat,ddedddc8b87d75935183035a330a203bf084c8f5a4ef22c89de298c76c9fe34a,53e4e01ba99cae37e7492d318c31a1d18e88675553ff7aa1473149344adb25b9,3
checkpoints/beamspace/trial_0981_RTC_S05_B021.mat,5393c10a0122d0fd88e159507eacedd316465e8dd784519ae8d95ad5438c798d,ed4f813c6a1f39c661e490c6ddb85a7f09b10409ab1e9120325aaf3445e0e2ca,3
checkpoints/beamspace/trial_0982_RTC_S05_B022.mat,e63b770594da32da0139d9320e55d663a36f8669c4dd754970a9f8b5ee88bb3b,e8fe4a9f14ebb835e589c1c56051b1569806ef33d8c8d69272e4e61850c10b81,3
checkpoints/beamspace/trial_0983_RTC_S05_B023.mat,27707162c549ad52f137a28b0e7d22db1620085848fd85053875fc83ce1a8f2c,3ced1cac4a9e03064e15f88cdbe2467fdc1593ed48aa6b36b5ff9f3656c6d0d5,3
checkpoints/beamspace/trial_0984_RTC_S05_B024.mat,7ef72af92545a921b17ad14591001949aea611fd3e9ef871a2cefae23a28903f,9570381e937af473ea3fefb9459391eae15eb4581c333fcc2ce763b586eeef74,3
checkpoints/beamspace/trial_0985_RTC_S05_B025.mat,e0633f6f769bc122de38a55bf43688df716304c3848f7512e25d8b0d9e7df829,9fa98174a7d23f787afc2233d867181d60e53c3601b9a2015f18ac5e2aecc3ac,3
checkpoints/beamspace/trial_0986_RTC_S05_B026.mat,a93b0b04de474d2524428841699a00f49b424a94a5aa6075405511996490a4fb,c34aa3e0571a8ff4c6d007903a507bda7f53a6ea8e15e927501ce9e12277ebac,3
checkpoints/beamspace/trial_0987_RTC_S05_B027.mat,d508e026efd25cebec9752590f184784f588e9dce745b78b4c1b8bd87c93e19a,5d61da6c3a9f80c152a75003f403abf177bb69577316623eee2817f0dea04106,3
checkpoints/beamspace/trial_0988_RTC_S05_B028.mat,d203fd299ac1d9a2591904d606413c371c26e48d6ac1da5748c84f6cf6f4a278,002f442e5a9bd044853a352991c0b8fc6915a055f22e7fb3846e73642d8aaccb,3
checkpoints/beamspace/trial_0989_RTC_S05_B029.mat,44ecbd8a76866cb301fe1a59a11304d060ce0dc3ca38eb9ef420547ff3ad6ac5,3757b6a27b8d832d8467020aac59262d277df51d43e434097a5f3ce77247e7af,3
checkpoints/beamspace/trial_0990_RTC_S05_B030.mat,799d4e88b21eddba19816e7e91c15f35a6378ae3b075ec1c667367477d8424dc,25f2c84092cef840e098b1298cc7670c3a3bfd3f16e34ce220de03d94b58965e,3
checkpoints/beamspace/trial_0991_RTC_S05_B031.mat,d4c21d5020e9fb2d2fceb0b8f82d15a88434c144dc828ef4ec1ac78fc16303ad,51243fa50f1fab9b5da29777820afec6f7a6d24732a374d4f48a050419a2a3b6,3
checkpoints/beamspace/trial_0992_RTC_S05_B032.mat,df1e496c914f0f99155ab954f8a871160895a82e86cd8f89e5f610531bfccc49,3614ec77a3765ad50851a57bfe1f8e3a3ec0a4fb24ca37087050fa1222bdd542,3
checkpoints/beamspace/trial_0993_RTC_S05_B033.mat,59df2fb6a31bc37365a8ca566ec298dd9db93239c10d70a8a019b569a3f51efa,6619b33bc9f8fc55e6964d93dbfc483f532d725f551922969d4fb6c89db53b43,3
checkpoints/beamspace/trial_0994_RTC_S05_B034.mat,ec46a4a8e1f13a630f80fc8bf3907d3ccb312e1189c1248214a28f8b406fa55e,f506c7e2366624732b165d4082575fc5c24094d8aa79a23ce7907c57329aa57a,3
checkpoints/beamspace/trial_0995_RTC_S05_B035.mat,894bc66777db09ce6cbb4e3a1e00c97fb1c88b298a30cab747f16388a562f39f,6da5180630c7d5395a257e0ba062355dd12071170afc38b211c368d6de65aedd,3
checkpoints/beamspace/trial_0996_RTC_S05_B036.mat,49f9e574810873694c5543f22b16782bb91b6a56646707e3853ba4b98b7bb794,c804fd1c184beee68f72f4984f6d11e353230c15cb96c7362e48599fca88161f,3
checkpoints/beamspace/trial_0997_RTC_S05_B037.mat,f88715a143345ae5de5a2181afae726b7916edc6a55c5a79a4cf2463046ca6cc,8017207ea0225d9f6e164de9494b173cdab818700a2d617c2440e4c62ffce8b4,3
checkpoints/beamspace/trial_0998_RTC_S05_B038.mat,026d5b8c6661a450dfca4cfb89320c1a77ba4a21c27def35fa71312d2a79139d,1119eadfaa63125ed42477eeb9545e209e93dc1a7a2da46221dfb77005d02e00,3
checkpoints/beamspace/trial_0999_RTC_S05_B039.mat,aaca6e493d1901a79a378242673d1d14a4ba968d904be8e9fb36770524b10d18,fcb1501259360d47d96e1ee3bd1ae5514aeebde0df7332e4c52d85ead62eb9ad,3
checkpoints/beamspace/trial_1000_RTC_S05_B040.mat,d6a8372704adcc6d24ff0ab878779959b44b67b8c37090b5c5adb69ca6acd4a6,7a63b3988fae1b26d69d719addb744305f5c1f14d092be82dcc6960e5e422d30,3
checkpoints/beamspace/trial_1001_RTC_S05_B041.mat,1c13e8b135a2a37fac6cf187d7d57a4d4198af705ff5b24bcc556abafd9700ad,d5b623271563b54881b48cf905f9971ea103837784aca8cbbc0bfb9b58e5e876,3
checkpoints/beamspace/trial_1002_RTC_S05_B042.mat,85e0e45d481ff47afa4a051a6126045d42839f2c252a153d656fe52a73535973,0ee44a60eeb60d04acdca9809a0084440e722d9a319f30d9af77fd18f294e16c,3
checkpoints/beamspace/trial_1003_RTC_S05_B043.mat,f10d0bf82f7b8d19c1589cfd08667d44622414d4ad406afecdd2a4d1466a9873,f853530302955228da0e4a887f192287833f7a2e2b8c937702df7462476b86c4,3
checkpoints/beamspace/trial_1004_RTC_S05_B044.mat,4070e7af82316c7477c2eafeb9c2da75183f445cfa77b7ceae29bbaf8fba92c1,73b63aced5c3745ec885d6d75b2476635f63d4828e3d3b489c3e7210862fe37b,3
checkpoints/beamspace/trial_1005_RTC_S05_B045.mat,ad52e2f31135495a1f9dfb0849b5254e5d9d2e339342ba1ac401292d60990521,b2cee79e5d3f9db7abe6dbb2ba190f3072f50bdc6b0f2c5cb6e04013c86c6bee,3
checkpoints/beamspace/trial_1006_RTC_S05_B046.mat,ec6967956465640b8d83f692fb650afdb765443ae80a6bad40f0f1bbc6010fa7,5317d45679e7907ba3e94a8be623e1c506d586e541dcb3dc2eb125e4f5d0a7c5,3
checkpoints/beamspace/trial_1007_RTC_S05_B047.mat,8e8c3fdbfb0910d245b231d0d795e3f6e88f10d47ba2bd0a2ee9f27ebec5e2e2,b13918dfb76d4607d1ac8571dbda4a26dff38bc6bb19aa37d4b1afdb19acefbf,3
checkpoints/beamspace/trial_1008_RTC_S05_B048.mat,4c2c2a0a06c2880d04aa657d913c9c2063b9577b0aed4b1b2690d160f4f312ac,6f916b9d52397ef72859cdaaadaa17e11d67a610c222cbbf64a9e5eae08edb2f,3
checkpoints/beamspace/trial_1009_RTC_S05_B049.mat,c87700730926291c7bc342620f675c5f0512619cb6f03bcc84046945b4d98fde,934e20e3ceeb422fa9f8a733b456ba6e066a6e3e98b19b959cfaa794e4ec69cb,3
checkpoints/beamspace/trial_1010_RTC_S05_B050.mat,384477741a1ccf39add8d113e3186f4ac75202a7227a2876d7a93813ab11559d,f231eb8e6eb287615f5ee5032ce39ca04ce9a7950b74b17718610a68d0655abc,3
checkpoints/beamspace/trial_1011_RTC_S05_B051.mat,02439f364bad04dfd4ca2fe51e649b43b11bfa0ac448e3907328a0d2831cae22,d4c3b7ecf67351275387256e93ad39d20a8eb07905177bafe5ef21fd45361ac3,3
checkpoints/beamspace/trial_1012_RTC_S05_B052.mat,9dabb9c6cac8a696866ef9780ac4ebf2672ee7782687942c73cccd816b1832aa,b3942959180b0df072cfe4ba77394c9f0a490f2105e89e5af0f7b05ba5c900d8,3
checkpoints/beamspace/trial_1013_RTC_S05_B053.mat,79bcd1f8debe8532c59e4e3fe67a6e92433a9fd468d2c86ab326a26409d3ed89,2009fea08db08254020c425db6432809b32caa5f962b70e7b19d4a4094c3aa37,3
checkpoints/beamspace/trial_1014_RTC_S05_B054.mat,0ead1ffccb6153cf930b0de7e7ccac69b0ac8fdcad09d2bacf36c6a20cc72dfb,da1cda753d87d082b7bfece07490fb7a4c5b0649c9023fcb8e9c2755c13f3453,3
checkpoints/beamspace/trial_1015_RTC_S05_B055.mat,e85141549342ef3067a71df3db771c7b785c908a1e01a4d018bdfe13b186aa7b,d539c72071a4f9c685c436afca439306ab6be79ef5b075e378924a17eb88d435,3
checkpoints/beamspace/trial_1016_RTC_S05_B056.mat,45b242a0d05bd72b60372dfba72ebf579306dbb86f8c16fa22bbb0adf383efa4,f3b5e38024195fda837604851884533f20e49f357ce0cb25e0368f44f0dd0e2a,3
checkpoints/beamspace/trial_1017_RTC_S05_B057.mat,411ccfcb70f7c1dc15e3169409164f87205fcf76e82fed4c20fafc29379a6fd2,9ace8c3cbb8762deafe92087e7451e5130e50b2a6b69c1dafa68ce33e2c903f1,3
checkpoints/beamspace/trial_1018_RTC_S05_B058.mat,ab506e007ab62bc2b3773a896d6e8bb309b5f8a36f3970b79e2949b62aaf6240,3c01c0661306dc85ecaa83466d6bd873d06308a9406ec9d28e0a0c0333df2d0c,3
checkpoints/beamspace/trial_1019_RTC_S05_B059.mat,cdd20e1239c26cb7b79f2f602fd0d77f6162e28e9d068e466c3f76cc6137bf25,e46c7b4701803e6adf869aa89d77870db543d820995a815c9ccd8f50f88014a9,3
checkpoints/beamspace/trial_1020_RTC_S05_B060.mat,ce0ad2688728aae6776916da8d3a03f7dc1a6aa55059dad2177e7b1fc9269eae,4fc44c3dd772a44bc9ec3c9674028ec062710f17910d9bcee0768516e48d6950,3
checkpoints/beamspace/trial_1021_RTC_S05_B061.mat,f246789861ebe56cd1942584947aa43fbe507339ba0b90026a98c1ef23563906,429e105c8f65adbd39bb75335a737af7b8a8065960f62163f044f4444a633f34,3
checkpoints/beamspace/trial_1022_RTC_S05_B062.mat,8c72bfae4acb04cffd7c41e36a83041d4efb3192d2a49329754e908cfeb3b462,5e5bc5d78f613b3f41cb30a49e8cf66e71b27080f18ad63cebdbbd14d714c7bd,3
checkpoints/beamspace/trial_1023_RTC_S05_B063.mat,1b81f43775ffc2fb075cbb690fe7f45eba61303f93d1c3b1ae94e0379e7a7ea6,2b1ddc44fed9bbb917c34218c5c6e963eb1200e36c557547e39747cff6e33603,3
checkpoints/beamspace/trial_1024_RTC_S05_B064.mat,85d1042d618ab512ef6ea08ee5a7e56f577a45e53d9e49b7b9f606c56d91c375,e79b73203077b7d02e8c34fc457a71890bb7013f5dda7806f7e47bae4c1e0fcc,3
checkpoints/beamspace/trial_1025_RTC_S05_B065.mat,c306f89847cd5c80b0844b63df4d5ee6a1f35dccd722775a6eeb6ab082e1f281,7f3a874141cdb089b76601e8370b6bf998fb501d561e560a8c1bef4a55a150b5,3
checkpoints/beamspace/trial_1026_RTC_S05_B066.mat,8ab3517826d6a57fe4367742ba2c1daa4e7e37781657d8c0212e09eda644306c,c15d3e63df60565a4c459be20bcc4e74fdcf55c126d5883de72dec6218650975,3
checkpoints/beamspace/trial_1027_RTC_S05_B067.mat,ee327b58b7f1f6ae2bc3a3e177aa62c2f026b39259128606361a3cccbc775741,b97e22c9c1600bac1051a3ae0206d25f332e3d6a52c0fd7a99fc1407d2f0a8ac,3
checkpoints/beamspace/trial_1028_RTC_S05_B068.mat,eb5112d5de4e2420bc70c12400f05038fb99ad34ca85510339fd792530edb868,c6f3afdd700afb80f98dee5428da8d71f0713dbd3c736fc683be81650b8e8ec3,3
checkpoints/beamspace/trial_1029_RTC_S05_B069.mat,887771c0683b49831d81b17a66e43ef072e53de2729d05564eaf2705e95085d3,f763cc14cd0d834da7ce47a1c399c001e2953d1cc86dee023fe61c93e7449404,3
checkpoints/beamspace/trial_1030_RTC_S05_B070.mat,25b836503f68c65d556546106adc62da98080cc050696a42e849773996d23f97,100603d4186e5bfba921f95bff7cbe070879efb756fe92f68169e4a7bffc1470,3
checkpoints/beamspace/trial_1031_RTC_S05_B071.mat,726b27b65ce44813fe448ec5b70523e386d07ea34cc206564560463d83a3a628,0573d871aa18e7f52a95d7951efb8c274b7c3a26c55d29a64a40e01d4d66bf9e,3
checkpoints/beamspace/trial_1032_RTC_S05_B072.mat,02c7d8b7c027fac7ed8954c06410a73203d818efd8cb54179faad801311aa838,ef32e53305476745459bdcc4977c51b0488dee663fb6f13c8ad5be04af27a0ef,3
checkpoints/beamspace/trial_1033_RTC_S05_B073.mat,cc090597bfe193764c99f2c38f841e26ae691d579449d8e2c7b4f69d9090bbe6,63cb8da0edcb85404b8becd0e2887029ec8f4d1b0ab59b2157831219bda739a2,3
checkpoints/beamspace/trial_1034_RTC_S05_B074.mat,1d2d9c8548b60974917adcc983edea4e80ce41aeeeaec34aeb7d5e440d029abf,eff93fc088af1b6a9514f50edfe9464524f3fb312e327f2295e89bdbc758be11,3
checkpoints/beamspace/trial_1035_RTC_S05_B075.mat,d29bf03755067ab9790e426072f1538829157e8e3456562b38e5422fd180ed72,9335aaebe6352ce1c661214bee6b59364e498e8081b2ad6ee04684428d0d12cd,3
checkpoints/beamspace/trial_1036_RTC_S05_B076.mat,35b58880b506ce26847f683bea508d8943c17e4f49073e7062a5cf11b2898bec,128fd1e11d88119d59e5cb0b5556ab28845058d4e0e124540a77a929b07f1910,3
checkpoints/beamspace/trial_1037_RTC_S05_B077.mat,14dd27ea575a59905efc79f78db89ec3bda66ecaac743cb9940a11febebf5e86,166e1ce1d71b3fa10aedb92cebaabb38c1d65dbf5d9cf94ceee1d48f8f25e2a7,3
checkpoints/beamspace/trial_1038_RTC_S05_B078.mat,c5915c72da5f917f18a1c4628bc8a366df722d3c4b1f37bb4348c98347810f01,4b8037120b328d1da177fbb17d2094f74f646eb26ea3f4d7ac6c929ce61f1477,3
checkpoints/beamspace/trial_1039_RTC_S05_B079.mat,d0e38eac0c331274bd73bd64a07f2b7c5bfde2db7f3c0cd69ed0f085dcd51fa3,fbe1c3cc3acec1fa21d9cc655cc89096c94f2ab08995b05fe33d956ca26bff51,3
checkpoints/beamspace/trial_1040_RTC_S05_B080.mat,5de330e076a93f8f9e5aacc6013487c320b02878f407c31da27ee20ba71112d8,9ceef89e71bc561b74e6e145675aae10402171ebb6feb616a7e8c2231fbf7760,3
checkpoints/beamspace/trial_1041_RTC_S05_B081.mat,94f133427cda59b4e1c00046b8fcd4aeffc725166d16d3c0191adde71e29b5c3,aaa1af4f0bc8f2ed770cb6d04f214a1e8d354fcf8821c05d1d7a9b8455388a93,3
checkpoints/beamspace/trial_1042_RTC_S05_B082.mat,352471461ac5b1451afa7a7e8963cb0d573adecb15722a10a0b504a22a041b34,63cbec114922c16eccd87639fe14063a4b81ea362377c33054d0c24e492eade1,3
checkpoints/beamspace/trial_1043_RTC_S05_B083.mat,4abdd7664ea1f45f7f0bfdf03a7122389251bff1fbae71a0b1805a6034115a2f,064406f2ddc33b644b2c19457258fc48f2bb4f64ed8a84504daba11df74f1098,3
checkpoints/beamspace/trial_1044_RTC_S05_B084.mat,12f627d54cdc2e8769dc97846385602c943a2b2bc5677fcefc27ddc21ebfdd57,15bba4530c3ad617668cc051c0b2e7565ac0a1cb9d2cf0af962868e93f138b6e,3
checkpoints/beamspace/trial_1045_RTC_S05_B085.mat,b71b7fd76fbebcbb91d2137bc7f2de6dff07b2b9b16575692b3a221963404d85,50a3276c522477c0917f72301ce5feb09b8e04d1a0ba12db2f20d061fa5496f2,3
checkpoints/beamspace/trial_1046_RTC_S05_B086.mat,fed385743ca27666188910462386cfe59dc7845ad4c35e4d90ac7a47db745bc7,683286873da288622053de519915c26a2d0eeb21b79484dab577bd13f35cdb68,3
checkpoints/beamspace/trial_1047_RTC_S05_B087.mat,038f7283927974e384401039b99ab4005be0d0055dfe4acedd909d281cb4498e,c0bdfdee9f6cffaf612fe7b9796ea9766e2fd614e0d05981354b95fe4faa2be1,3
checkpoints/beamspace/trial_1048_RTC_S05_B088.mat,d31eb5cbc585311b6f563272fc016dd6f2186c87a5ed1041dc6c3442794dda34,4f4e0ba0852a8c210828b4e417323ffc62839904b03abc75d3584088c293281f,3
checkpoints/beamspace/trial_1049_RTC_S05_B089.mat,526edf0c2adef0a10be8341f117b5427e59a904171ce8048b33a63cd48600433,70895de0d85748d33985846fca8678d15b959f2cd2ae36368bbb46a68f44dd6a,3
checkpoints/beamspace/trial_1050_RTC_S05_B090.mat,32ce89859825a62e14b7ecd094e4b9e045c13c6fa523726a60d4dc55d841afc9,d6a00eef316a856f3d47f85bd7ef5a962e1bbe8b49220606c0c43f8e5dd39205,3
checkpoints/beamspace/trial_1051_RTC_S05_B091.mat,309e27fff4c0f45e6f4de2b2b94532ee67a9f250ad4b27acedfda887e9a0eefc,0256db2df5d610428126599ba6b2e82283c33c9d6772103ea34f9ecf7c1d0a3b,3
checkpoints/beamspace/trial_1052_RTC_S05_B092.mat,1aab4a467244175f1fad6c0dd0412c9ffb2534d57edc10ffba241cd4d7952c15,d064cbadecaa2c307fac15033d96e0109f69d4eb0407b298d965dd7bcbee1f86,3
checkpoints/beamspace/trial_1053_RTC_S05_B093.mat,5d299a65e7039c2bf3e06d9ca490e2fcc4072ef4715325b1bb88665975207700,326ea6285583b3bb15f63c72242beec65c33bdba43d5e5b2ca27f4acac350214,3
checkpoints/beamspace/trial_1054_RTC_S05_B094.mat,1923ac3fe0852a3495312455688b5b421363938b8678a1deb39c64c2c0320096,21eace3d6053959b9613df66ac268dd0bb06853f7b2f0e6692eac86e9c1fc66b,3
checkpoints/beamspace/trial_1055_RTC_S05_B095.mat,af39ec326bb836972603bfcb3cc3b89b7615960d1252787ef25e3255281e6ae7,81487b8057c718a511ba4a145dfcfb138a96cdb15555565a266eb2a0963aecda,3
checkpoints/beamspace/trial_1056_RTC_S05_B096.mat,e33521e068d26f51f44a50ce609e05578f6d6176f534e41da6b88d177d664f5c,604e5a58ba3a0fbf50a0178dd02d8d34d9f77976b58f02db8c1e38007092e04d,3
checkpoints/beamspace/trial_1057_RTC_S05_B097.mat,1589dd8ca2ba6964876c41eb13317d617754f8523052db7f35a84731928f7989,53be8708de4c77157436254c7a5a4bf4813fa885ede5954b8a26ec5dc40b5695,3
checkpoints/beamspace/trial_1058_RTC_S05_B098.mat,41f54724a41980fd1cd15b64c72a559ab997dc8ea3ef01a3bd6e9bd0ca471b6f,c36e9d7d940545e5d518e0fc7e425fc0a3a424920be0f9e225cb72df146cc468,3
checkpoints/beamspace/trial_1059_RTC_S05_B099.mat,9964d301f8141f94b23123bec196d0112749620462c49d53f94650ccf78382cc,e37c3d64cfabdca8658de6b0ba4cf08213b78c21b0e1db3308a8b3c7cfa1603c,3
checkpoints/beamspace/trial_1060_RTC_S05_B100.mat,cc82fb6a3acbc7699db970fe152d432eaa8a1eb00d05beabbfed385bafed9105,717dacf9d21f1b070da455758c283252e69bb3384af54c7e37ec2c418e25acda,3
checkpoints/beamspace/trial_1061_RTC_S05_B101.mat,64e30461e908a62ebe11b0946dba680bd75e83ce888f6b18bb233edfa86fbde5,f65462410a005a6f94c1ee043ad6f02a58ce59f6d4611f21b1656282cf76f5e9,3
checkpoints/beamspace/trial_1062_RTC_S05_B102.mat,3a4e61aa4834873562c8d3f4b52fc161a42d9380137793cb36dc64ade08f927e,acdb26c1c683ebf87ff179715f2e8ea214962d0a7a9759fa16da25a3dc24a220,3
checkpoints/beamspace/trial_1063_RTC_S05_B103.mat,344b19b03fd7730e141b76d148da3b54d427c47840edb84c28c7cee1639fc6eb,96d28801da8d84247bc8a745a225667928c0e1357dc063d7e0005d3443eea20a,3
checkpoints/beamspace/trial_1064_RTC_S05_B104.mat,9e05b669fe230b8e02177e72a622733ed6d16a96d0fb174585b50322dcaa1763,1ca7789be90c70150c6d10946fa1469cb024d183c24cd0faad53327dba84cab7,3
checkpoints/beamspace/trial_1065_RTC_S05_B105.mat,3948171a92d346e931f7d3c93b3c81cd789fbc3dcda104adb492a248d983e1b6,7a199fb1cef31db12263795ca4d1361fa06fe8c805f71091d95e48388d0c43d5,3
checkpoints/beamspace/trial_1066_RTC_S05_B106.mat,c48a70d5c28cff9532f20d387880affa362a9b6682a1ef8cd7aa18dd9729523c,7bc6aea0b0c7f1bff9e85745f1cbcc889569ac254938231db82ca752d2ab2e6f,3
checkpoints/beamspace/trial_1067_RTC_S05_B107.mat,6596a0eacb10095bc04cb33aa32132bfa6a0e5a5342c25c3489b0f4d9a0bb38b,aa92f2aca1c9c0f90e70c56bedd40b945d4d4f4eabc4131d946515e87ecb9264,3
checkpoints/beamspace/trial_1068_RTC_S05_B108.mat,f0dc73734aa5747a2a005763e7a935010628df4ac1a72f3cff1dbc22bbbe7563,5694d94027394374cda5b9343b4b7e4a38a286ff44fbdbea3129e9bd3a0ba444,3
checkpoints/beamspace/trial_1069_RTC_S05_B109.mat,9385e33100e1111bd2f58cb738b0d3fd62a0cb8601d0a89f1045c00b55329415,eed60d763e1443a5a5e11a7cb9d2a0eb1cbdd4fcf4ac62fac9d1527ba272260d,3
checkpoints/beamspace/trial_1070_RTC_S05_B110.mat,2f964f7f7307512831a002d2c378f0feda14805fb07c905e4a97ce9de28ea060,1588685bfcd786596ebe3865323d1a6d93c964d3c4616bcd0340146b44e23e26,3
checkpoints/beamspace/trial_1071_RTC_S05_B111.mat,f5fe285658ea9d08eb4ba83498fffeeb3a94320fd0314c257b23a498e5b8f238,5322b4ce70712504b226635d740a2a2de1e157599ba77dba17694ced44c13422,3
checkpoints/beamspace/trial_1072_RTC_S05_B112.mat,cf08fc726b16e1368a3846fd83fcfd687bdded50311f2d7172128e49a42e808b,9a36ed7686b1c3e1bad3a7678825c869df370a6b53e1d413d9355f68b6b282a7,3
checkpoints/beamspace/trial_1073_RTC_S05_B113.mat,f8b192984412285114a3d77dd68fe5812f4777d48b44155845c754c8e04dce1c,1fa0f8547d02a0abc3176925cd0732f0f86c5cec63cac6a47b3e1db85f349c4a,3
checkpoints/beamspace/trial_1074_RTC_S05_B114.mat,4d8523775d073f79f5b72f1b2bfcb4b2e63248b3367acf825f7978be6630d1e9,8722713075cc7b0943ee92e829967e6959007b3cf23387ef85a02cfda4954703,3
checkpoints/beamspace/trial_1075_RTC_S05_B115.mat,424886d67507c461cc32d3ff65655f7437f71ba06cf3da2d3860a3a2bdad425a,202365ba9a2d69ecc27a8bdbb5feb4bb9034670498efed3c66230b3c46076789,3
checkpoints/beamspace/trial_1076_RTC_S05_B116.mat,1371474e061b0f91b9bca77b339f4e8e640421500a72362601079239e28b92fb,7b7d15fb1f57e2d3c62a7cd99e1bd9cf90294d50d9f3884df4f1a21004be6bdf,3
checkpoints/beamspace/trial_1077_RTC_S05_B117.mat,3d1812d825441e5a3253741b161b803149db8a5e0bdfd96e5c6d32ae3b45f35d,e7c3339d76291e0d485551891aeb89d1e18db314b9c3c658e508466ad05af8e0,3
checkpoints/beamspace/trial_1078_RTC_S05_B118.mat,3016528948222f36f7cde2c1aaf9665fa8475fe754c0ff08c3fd6b2469a424e6,f6c82b93fdb4cdc8f2bfd2ac1474bce78370482122ab52ffb18d57de73a435fd,3
checkpoints/beamspace/trial_1079_RTC_S05_B119.mat,e99e6c105411be0ad4fa8f34be51ad00df0c12c306add2a38e236098d94a8c46,c1e725644a0b4d1470892756d10adf56540c06d258c0136ce1a014a66471a600,3
checkpoints/beamspace/trial_1080_RTC_S05_B120.mat,d33cb22cebf2180111115e3fa447aab613edcb45e03cd682a73b5ecc99cfbf11,7b4d0d652521251944ed7b9ba4fe9e46dd1a197a4cd0832ed62091ac4c4f07c4,3
checkpoints/beamspace/trial_1081_RTC_S05_B121.mat,e913253ba3998ef4df687303161025984e011d7f7ccb116faba046e8a46287c5,5d621ba70d077312e974e1190df8e637f11e69475c6b504795a1d015110f1b2e,3
checkpoints/beamspace/trial_1082_RTC_S05_B122.mat,c8e85cf3d7a7e55986dd593d7adf0aa04bc426b620773a2c97d3b79c0f0d57f2,d78249be8e14e4dcb53c4be3318eab47715b46f486ddd8274dad5db36e7d020b,3
checkpoints/beamspace/trial_1083_RTC_S05_B123.mat,d3a884e69d6f1250c4cdd1aa0d2d6ae7196f833dd1d37d0217a019d0073d6ad4,fb87049ea9163d62059c2cc380892fc88b5ff0054dbfbf9edec3a42bc88c1446,3
checkpoints/beamspace/trial_1084_RTC_S05_B124.mat,db504a52874a95f2d5d9288a86514998a3bf0a6441ac12a3b70d5ad5438d46d8,3d90d118bf7717f568c456c5a177d69fcef4ede64bfe9b328ba5e739596a7a4a,3
checkpoints/beamspace/trial_1085_RTC_S05_B125.mat,df033da0432865bb4168d4d200f4cdaa2f37ff54e4ac44f638323e7f3acadc53,25ec8a0f6e39be652beffd074f73f49b9b30ddd44a658b51148b4cfd19bcd28e,3
checkpoints/beamspace/trial_1086_RTC_S05_B126.mat,678354c4c0ef8970ac12c711c9027cb2545c98aed44bc5642b75d859d445f501,0180cc2c4ccbe5e9bf3e51b13fb2c3e06f5586b240a33ee6783ff6e7e2482fd0,3
checkpoints/beamspace/trial_1087_RTC_S05_B127.mat,3f9282bb112e5f0e4c0be92b7a27fe998aeb5167cc5266e26ed55d6752637976,a9b504928ea6e98b6ec6456d58ce075e5c52f0c034dd42c0dd8230592a65254c,3
checkpoints/beamspace/trial_1088_RTC_S05_B128.mat,8003e4ff5a5ca868dd436aa8385cfe3e840475e4cc5b30d3520a9cfc2af8ba34,2703d90e86016acc69ea6aa411216553b633b1c36e05d9d83dd86f5916c62dd9,3
checkpoints/beamspace/trial_1089_RTC_S05_B129.mat,210a1aabe39d399e4cef8dce0ce90cade7a06a9d8740921d80d0eae559b600fc,95bab93fe01570b2376c3841a0712d68bdc9c8cb1eb1e58d75fb3ec7e8ebc88b,3
checkpoints/beamspace/trial_1090_RTC_S05_B130.mat,3f78fa1a003ffc0f916e8c6ef6b6928043c5acfb25cc1a2236a682ee8d5401e1,3b690a8a5509a7ef7fb1be94037d3526ccafc8b9cd3895ca2692e46d7091e539,3
checkpoints/beamspace/trial_1091_RTC_S05_B131.mat,f127a6ceb11fae8de71a21ebf56ddf89ad7d0b296088cd8b3fa9f6a3ced3e21d,2db165a7440a1566098dca60647098da971dd092f847d0323d9f388fd3b70bba,3
checkpoints/beamspace/trial_1092_RTC_S05_B132.mat,69c526ca65311555ee56d33b617abdb76e17b405b529bf2ca6292913cad2794d,45c00df9d491ab26a8855eb89803ce9a8683fc9bb58e78e6c17f4b55d6875acd,3
checkpoints/beamspace/trial_1093_RTC_S05_B133.mat,7fb9f008ed4b83293482e3388580c97d5b9ef742573f4321acdf3f078b63d955,4773ef4bf3705264e3c11c99012701286735a841455004ea2e864e39334d5aa7,3
checkpoints/beamspace/trial_1094_RTC_S05_B134.mat,255da203ae7591f26c2daa52315dc1a00f8ee84d16e42b94f3a01240dc042b1d,d0a455048e5a2d5cba4235623ad6a5073a559657eaa824d7949a593ccc476eba,3
checkpoints/beamspace/trial_1095_RTC_S05_B135.mat,23b30b61b36903d5f64418010cf9758e7c1a1efbea104f15b14a33310d648194,1b67a19c417b1cb65afc8b397476d8ccf1b3307b61fb70c9300a79a2b70675c2,3
checkpoints/beamspace/trial_1096_RTC_S05_B136.mat,77c3b3df259f1f3b16c1cb90ffbf12131fe40df6b35d51ca7fdfce47643f026e,439b8496cb5d569cfeb9c512a093d6191d8d8b05ab7b9b9be68a800ccc62030d,3
checkpoints/beamspace/trial_1097_RTC_S05_B137.mat,3fa0f7e44bd84d0c624b245a90cd62007680098fe5348f38f45f9de62de68779,064997bafdf996be2699eb8ef809224feafa03e94b934a350f1d1738e66016ab,3
checkpoints/beamspace/trial_1098_RTC_S05_B138.mat,90eaec840f75ceeb7f216bba788edb81ac6e20f8d6efadf37f35ce105faf752f,75ba9d1828bfbc6ce89749544b242c0c61dbfd01b99510216dd0570d31bfc772,3
checkpoints/beamspace/trial_1099_RTC_S05_B139.mat,27aa8b3314f98bcef4ad769d7b91e745a1c42970f606a286e72e05ef4de5b342,eb432d5e9da09293b68c12e4e52eec4c5865276eaa88c1b5ef4930a28218543e,3
checkpoints/beamspace/trial_1100_RTC_S05_B140.mat,1fc519f12b76d99190efddf670c25da6d90f0cdf66f3d033c9e156432fbfc76a,b9741cf24e0f023030313d0a21a5bec7f943c0f1e38f200441f223d5031971b8,3
checkpoints/beamspace/trial_1101_RTC_S05_B141.mat,02425ad1c3f0ce69ad73f9cbd1cab9a829ca1fc458920ecf60704ad1df32cbf8,88e2d3dd060333ec942936d9e42d6dd358848e9d618fc76b17c50e038e1f81a8,3
checkpoints/beamspace/trial_1102_RTC_S05_B142.mat,a7baa0e9d99184555644ca7f1ff9dffa8d59775b270298db684018a1628b2236,8f3087b9c8e1ddba5f960b48324c87ce573fc454b595d34415e7a57510080a9a,3
checkpoints/beamspace/trial_1103_RTC_S05_B143.mat,f03f7833d53948080db4074bd0d80ddf25cb3832c477f8e59e38b6bf0d6377a5,b139969e80dc2293412c748c876c2ffe9693a55d4783fc3d0fd8eb1bc9a06699,3
checkpoints/beamspace/trial_1104_RTC_S05_B144.mat,79fa94b6f66dc245659dc4e80d85515411ea2c8e7c065647a514c0287689bce8,d39035b8cae8d01ea6c8af306944adf24f15732ccd354aebea3226c40dccb85c,3
checkpoints/beamspace/trial_1105_RTC_S05_B145.mat,ae5cdb07cb9b3f4eb8f5837a23aa4af9a5419701089344d166de0b977100ecde,6c814be723771ed9e0dd2b7233eb60bc4c93d84bc4dfbf17ac86444304cee979,3
checkpoints/beamspace/trial_1106_RTC_S05_B146.mat,4fc61d9528694011c24277c920dab8635e8683c259078ab0b1c1d12735dba5ba,443a231ce486594af6b3f50485aac6c690c54475f1f5a95d8fdcbafbc942e790,3
checkpoints/beamspace/trial_1107_RTC_S05_B147.mat,8748f50fb798a235816efe6b2c02b3d71b0a7ec2d3cbaf64f73ea4ad2b624572,0c78f88edddc6be727483435974611c17904b1339ba32fedbacb8aa880e65154,3
checkpoints/beamspace/trial_1108_RTC_S05_B148.mat,8844b394537c9287dd57cac37dfef355c993868a821db82d2f77276f9b137218,60d874e9f4bb2c5ae70e49cdc7ce93e0bce5698a14355c0ddc6d0eaf1f747ded,3
checkpoints/beamspace/trial_1109_RTC_S05_B149.mat,87f69fc7ec423c572896d6cb637840eb008564a6f0950685b949f071ad98cd8d,a830008c07e093d43e1461ed05335400e158d9c5594810903f4e9bfcd408b2ac,3
checkpoints/beamspace/trial_1110_RTC_S05_B150.mat,20229cf485f862a62f5c65a7e69fa64278842aec369971a1f7fd964d89aa8803,2a089f0088cdb22e3d4ef83c8f179a9979747c856c2e6c708f434ce2ce286254,3
checkpoints/beamspace/trial_1111_RTC_S05_B151.mat,857fa0480a3a557645fbb72d8a121282d465cb4d61b3be575df0377b1940425f,66f689b5108e4dc0140bc41bd1d167c3a4d75872539d961547a0d8c6d40cdcfa,3
checkpoints/beamspace/trial_1112_RTC_S05_B152.mat,8f57a0f8f9656e683d70d2f327dced1f94bf29c5c5a8cc9e5f015f3000cccaf8,b4a77d7c64238587de5862ac25b98030906bcd3e879996f2a8757f1e5d4fd9b2,3
checkpoints/beamspace/trial_1113_RTC_S05_B153.mat,816d44c1e24b6a3958895c9c86713d38cc5d72a9f48dcf1ad7e9bc2bddbeff25,a860bb037110f46bcf53ee7f7bfb87ac0cdffb427f0a61a60d4dc2e6310925b2,3
checkpoints/beamspace/trial_1114_RTC_S05_B154.mat,6a9d3ab28e67735ff63db00311c689d7f63b0ff22ad082f7680487fe62213c28,de12a74b8e2766a40903fd02fae75920d332df3e09c66b6a1a05d2b92281053f,3
checkpoints/beamspace/trial_1115_RTC_S05_B155.mat,cc5060f04eebe64ea0f3fe6523d0841f2058ca15972b29ac9a5d91425eebf3e6,ad18928ed892c1e932825fa6304613c19d25bfd97f157d39e6d662351d65f5fb,3
checkpoints/beamspace/trial_1116_RTC_S05_B156.mat,be1cd805e02ec544a6afa1d7ee8423cec0b362e99bfbf05bcdd73701fa42de15,f15cbaadbaad64a0968de6c3065d449b6952148b00cb4bfa2a72ec03b02bd465,3
checkpoints/beamspace/trial_1117_RTC_S05_B157.mat,3bde0bd1cbd5da80a0af78e5f0f0a9509a847c0589c52fa13e1d41423eb20ee5,fb0dfce060c280e46627c9eb15cb55bd2a5cd0d42b8ee22053e843a02a080658,3
checkpoints/beamspace/trial_1118_RTC_S05_B158.mat,2b4398795505fdfa62b372f63fd23e688fefa55cf01fa39567ea7ba79e3bcc08,c6144e33e8ec8dd0bce9bc9237d2d18abba7fa6ca040edad65c07440cbfd193d,3
checkpoints/beamspace/trial_1119_RTC_S05_B159.mat,a28b16ac42e4d7e0d0ae3e5074aa26158f5fe6d80b094f682db7c887ed3c1a30,ebab3e497a85b2c2171886039aa828a21022052c7531aa068cfe9f9e9526d399,3
checkpoints/beamspace/trial_1120_RTC_S05_B160.mat,f15017b13d9bf584142bb14758fbe15386d468175743950de841da65a6f0377d,735ab8d7735376ac8a810a3b1963fb35acfc0787c58352139caa7a7e62d6d286,3
checkpoints/beamspace/trial_1121_RTC_S05_B161.mat,f19244cafc2e928d437f17de60d5fe3375316f945e766e1000b5e7fa2b9f7fa1,c8ff1f4ed2cec1bf2c89ce9f33d4160aeb81f01f789361498b35c29f5fd18066,3
checkpoints/beamspace/trial_1122_RTC_S05_B162.mat,758f6db2aa80b51ac278f41ace664051185ae5bcceded416a835ba1128be1c95,cdfd3dee1e5641603d14f8539b9218725b07fd76648734582a7e63cc9ec2ff28,3
checkpoints/beamspace/trial_1123_RTC_S05_B163.mat,fce2f701062672dc1b11810c3fad36a31d57ce82ce9465de70ca41007ffa9bb8,17561c65b837f8939ad1d9e722d0c1a77e365b930bf342720eaa462f525a6a38,3
checkpoints/beamspace/trial_1124_RTC_S05_B164.mat,d2d9163c157998275a67aea1b5bdf564dea1c75adff010300fa039ce06b04417,2c6fdd7630408dcb7e067bb1d0e80360bc67d70853b9dd9d3379ad55f9f3d773,3
checkpoints/beamspace/trial_1125_RTC_S05_B165.mat,9713d7393844fc712e66fdeb7344d3d64a3d7579b2520474faa4953475cf3c21,56d63d4180ddac910739382000bacae2901639166ac45ff70ba44b91899efdfd,3
checkpoints/beamspace/trial_1126_RTC_S05_B166.mat,ad9e532f4f737b653bc7c2ed57789c5996704b1b4ab83e069a834860ac3c0192,c1e11f5a98277017059ed99f42c5d3c5b0d748e6ea1dcb1b4b7b5eae1ac76d4f,3
checkpoints/beamspace/trial_1127_RTC_S05_B167.mat,153505b696270986f93e619524d9477cf28528fa1fc76be3c128008794ed1d56,729e50d178477a5e4d6d02286b0c056edfdb8d0e62541a0bdb092416dc0cf17f,3
checkpoints/beamspace/trial_1128_RTC_S05_B168.mat,3c1ba9482244c06a29101b63007f60f00f90476867a5296c2226a288c5237a06,5cb23e98009666f89809294329a9c95603fc77b53dfcce2402d3065d7cb67388,3
checkpoints/beamspace/trial_1129_RTC_S05_B169.mat,d0aa16c40c5d68021f97d4030c35364603fd00e555abc4ec1d10c02c57dc692b,c3e0a2fc7e46742e01694022a910a46b95c5d36009c81b9557ded244bfb3b1a5,3
checkpoints/beamspace/trial_1130_RTC_S05_B170.mat,cfaebf9a51153d035f3a9860496fb08a51642012131ce38e750f03df0fb512a2,d0c8c2bb6019d6b010194c4246bf4b3e13e656e63e1daf2f060e9c8d5ab16f8b,3
checkpoints/beamspace/trial_1131_RTC_S05_B171.mat,afede4356f711d9dd77d9a680d50f9d5880dfdc28bc41b474f3268e3641932b4,a9b24e50a429d0e7a087f250bf0ac1f15fad54eb92db695190abddfdf60c49bb,3
checkpoints/beamspace/trial_1132_RTC_S05_B172.mat,baa09c4a4ef668b0795d55c269cafe9f45d16f0be0e5bde35235706184c6ceae,7c99ce0fd9dcbae9057add5abd019c2c4c48ba1582001d358faeba493790a4dc,3
checkpoints/beamspace/trial_1133_RTC_S05_B173.mat,724b4d83f7c5c5585285bc7949e6da9c88ffdf7a4dee7a08894a6fa402240e37,36e19f8dd9755b8fb8156d20167c6a9a6dc18feefd3114bb00e3c7b72788a315,3
checkpoints/beamspace/trial_1134_RTC_S05_B174.mat,ad68a4cf88066aeba5b361e0033d7b88d73561a9770efc38e104bb4931f45765,2629158abc3b83eddb6a026e093dafc8583a95ad19dd117a3eba796c62a44b78,3
checkpoints/beamspace/trial_1135_RTC_S05_B175.mat,9847b211ed4464f748dc2e576a6a099b42ae6c04af6d11b9cfeeabc21c869bc5,b1d6befb40942f401391fb9f4de7351b924f5a266c6eaedbece1dbf337eab4ce,3
checkpoints/beamspace/trial_1136_RTC_S05_B176.mat,018fd3b60d9f417bc13cc3f5a93e2b18de4bdc2190d7ed2b297fac5632f0afb2,45ec0672601ed441b47917bf0375e3d69125183ec9c7b9e85dbf82ded175219a,3
checkpoints/beamspace/trial_1137_RTC_S05_B177.mat,2149caf47156e6e51673b94fa39547a129df9d2e140a57ee29e4a6190f6a5f10,4bc88f906f3fc767d18c216dbf7b353affd44e34b6693acb225e6aaa71fc9861,3
checkpoints/beamspace/trial_1138_RTC_S05_B178.mat,6dd0156fcadba2e134a08bf02ad72daebe581da4bac74069cf5cb339932dadce,82272a289da348bab8908c9f3af4c05c035209c25a8638cb74fb8ab43428e923,3
checkpoints/beamspace/trial_1139_RTC_S05_B179.mat,53e274d00f6ea29f0ec41b36cb5755d96552665c65828adf3c2bef323d026d55,00e3644b325014f8cbe804c6338fb24d0befc1be15681699e6136bc22ef30508,3
checkpoints/beamspace/trial_1140_RTC_S05_B180.mat,aad7f1c90e800498479d73acab55c0d24a2976c2e4d081c8a98a363585aada29,4c9fc2aa693be7a96465a329af89e559b6afc7f9aa89b866ac760d3b47527b56,3
checkpoints/beamspace/trial_1141_RTC_S05_B181.mat,14dd72a6ddfd461d784f40133532295c3fdcd55ce52946d604afaae95f6bcf14,41df086bc56ba966a0d80ea93a19373cb6e404955d40a6c1be7a8adc7ec927a6,3
checkpoints/beamspace/trial_1142_RTC_S05_B182.mat,f65f99e781c44e658806997664812ec9a7a6ea4a73d77e2d3921cff6732160b4,4730f597990bff9e0db88fc11e7df3b9e6c99aea8f38954ec5f0d0b143ac406c,3
checkpoints/beamspace/trial_1143_RTC_S05_B183.mat,2ec59aa001afea1a47ae5b8be76560f77c45bd52aef0085d477a2af4c22e96d0,cb4c42c0f4a3a31c5ce4d7bad36cd70f6eedec0c98f101c980ef6c59c169c7fa,3
checkpoints/beamspace/trial_1144_RTC_S05_B184.mat,7376fde3c2da8caf52f11aa022a0b73724a5dd7daa26300e71d83a5e36f8666f,b7956172c11c05e9a587aff5ac68ff8d3c76bf27989a5cc275a79d039e811130,3
checkpoints/beamspace/trial_1145_RTC_S05_B185.mat,be58621e44808b23691aeaad7ecef5d625fb9642db9b5a139de9973d15a7fb7f,0f7b48816797e83ba98ccf815237f01b8db14fa52f4a31f3342ba269d6b22fd3,3
checkpoints/beamspace/trial_1146_RTC_S05_B186.mat,76ad6329e1fe1717b1c631b4fd44eef9ed6daed654349949b049d346e1418f80,542142f766954f3bd78bc189b9b911d806dd9f275f448a09eb6cb50c7aa46feb,3
checkpoints/beamspace/trial_1147_RTC_S05_B187.mat,21d693c2bb86b8d61b8aafabdcbca81a321a26caeba0dbd5751d1b957eeb5029,8a4c2fc31a3f5ac9d5a5772a26a11934c2b4c06b6cfd3bae330908de3f3e5949,3
checkpoints/beamspace/trial_1148_RTC_S05_B188.mat,a5069728b20e52b558adc98b1f2f37d6534ffbce68b6580fc4211cfd88566a08,c0e736ce07f0e9beebd86f9d347f04c56636debff839a6c9f57ffe2082378f86,3
checkpoints/beamspace/trial_1149_RTC_S05_B189.mat,a94a9c1796ae8e3447b8bd9d1b6c93848c719845e484a1ef285320aee7b7daa4,ab8f2a0aa86e6854756a6f3dfc65006e6ebab07f13524aefc0239236dad82b94,3
checkpoints/beamspace/trial_1150_RTC_S05_B190.mat,9135a8ac4768db9f405370ea2ec9b9ee633fc285d673d53f87e7a8d7fd38828d,5fd706a8a72b4c75843ed82e1cff9a9304a701c9b803d672306c07166d4f72b6,3
checkpoints/beamspace/trial_1151_RTC_S05_B191.mat,4a1ae2777cb01c85dc61aebca6a158dd8d227d6091ec3a852df50d76507d603a,cb773063d9ab40f33b5e6e6589ea35aa54ae70ccc8d54b5ee2da058c66c86948,3
checkpoints/beamspace/trial_1152_RTC_S05_B192.mat,d76df2b6987d81c08552880bb5eeee51b1f95add1f2887691fe70ae0cebaefb2,5a4a550f1bd19061e04729657ff9ac15430aa787175a4d904fedacb132fdcf5b,3
checkpoints/beamspace/trial_1153_RTC_S05_B193.mat,d2c849cf331eaffdb8cd27ad89e3052f7e79f258953087af0d83a4aee2432167,526a8ee2e8e66e01c07d814ebca3dead9ac11a44c14a9f5fccc3900ce136b045,3
checkpoints/beamspace/trial_1154_RTC_S05_B194.mat,4847fd4c94a825b4c24abf8320025c2361ce385ad33867e09007f3e90a8f0d78,495b987d6f1af2029a30848663a4c11d3f945aab64335709ce7ad54d5a1b7dc4,3
checkpoints/beamspace/trial_1155_RTC_S05_B195.mat,b42e76362aeac48af53e016b2eeaba0bf6f2424636619a9499fba18e69d32b17,188c3defc80e70e12a6042e1356d525d6dc6d6ea55ae4d48fd60037c452a9967,3
checkpoints/beamspace/trial_1156_RTC_S05_B196.mat,16b80f8ae9618bb6846391c827806b21501ef7fa4dbf1af3adee3b76c2f94e85,d45a86a8263b0d357968afb026918a2d1333f59fdee3a51d6e0c175179f932de,3
checkpoints/beamspace/trial_1157_RTC_S05_B197.mat,d714d60e5bcb9818dc17dfe05348d2cd8f493afb9ee17c56bd49697362dcc6f8,ed079fe8504413b2f08129a0de2d7369137f2ac53b14e512980bae954a32a412,3
checkpoints/beamspace/trial_1158_RTC_S05_B198.mat,ace706f32ad6fb3582aa3da607f86d79075949a47eba35894459287e2fd4c6cd,7750e13c2f67f12ae544299e104369b47dfa9575d20603d638644eb3d59dc7f3,3
checkpoints/beamspace/trial_1159_RTC_S05_B199.mat,f36a7b83807c6699b6663f8e70ab9f20aa8b9a87319bd05b1e0b9f367e73ef40,f60f176d5c56e4fe5c0098743aeec34de684e9aa45ebe74179fcaf2c95c150db,3
checkpoints/beamspace/trial_1160_RTC_S05_B200.mat,bc9b6d9efe2ca2ad7b846339eaa4fff0ce50f34a3649f40f6cfb107dd29a401a,c3d23fc9dcba981caf934756556f5721a8efc941c4e850057aa1754401c878e9,3
checkpoints/beamspace/trial_1161_RTC_S05_B201.mat,1fd722c5d8fc386cc08012bc1ce53746d03ade17ac5500b5f408f5e4bd2ec84e,65ccb16081cacf5702a2aa0328c97cc8a0c0a63c935e34d95020f7fcde977a92,3
checkpoints/beamspace/trial_1162_RTC_S05_B202.mat,9ef589b01b3a9b01589e208d4d5530c30c2ac2a56ee6a0529fbcd79f8e0bbfc4,214d644ffda18fa08cb5fae582af7724a514a9da25a420ba4e74b1a0425441f6,3
checkpoints/beamspace/trial_1163_RTC_S05_B203.mat,c766889e74f52249d98635948c13015fd481cb47184d26454c5c89e21c80a96c,d673e45abd8e53f7d9f502ba703714c5a16b628fae7bb10b906b9932df715b10,3
checkpoints/beamspace/trial_1164_RTC_S05_B204.mat,75e7c3f2bfe3e957a5dae43311f3fee412ecfa7ea39c58b77a43fd5eee6cdf52,2dbe711b7c13310e797501aa28203c2ed8a1cddece48e4dde2b6e0a5a3185423,3
checkpoints/beamspace/trial_1165_RTC_S05_B205.mat,ff49c4aa8adbcc5d68d8a309a1321de72162d2ee31ee7d7e4bb48074fe06bd46,2c1f98b48262ff962392f50faeb42c6ccfcf3d22d2ae3ec818cdcb2595117d2a,3
checkpoints/beamspace/trial_1166_RTC_S05_B206.mat,aa3c29bdd5723879d2ae7675c56ce49a68de741cac64fa94d327f288b7e13318,d1f9ad1b94493814e72fb30e20d66d0e14f31e97576a9896efc6ca65eeb83cb7,3
checkpoints/beamspace/trial_1167_RTC_S05_B207.mat,7622bd3b98aaf909ac7f4097d68817807cea96339d5d3130c45e4050d5bade5d,3c5f35abbcb41c3bf9e50bf40c4774f87e7892cd148b97a59c5501a97be6a4aa,3
checkpoints/beamspace/trial_1168_RTC_S05_B208.mat,eff4f4b0e6df669c5b14a70a40cb7b42f05bbea0a98481b1a0c39d68d397b4b7,5b6a2646bd5a3087bcab39ee0bac9c507b1880b42858cff055bba75238583126,3
checkpoints/beamspace/trial_1169_RTC_S05_B209.mat,0d152a0df618f3263066b8426ebdf1d2394d0e4ca20c17b95b4765b1fb169aa6,3a1456ad386bb1adab208290e9dc6935fd71471053a2a0fc56083c05e09e3ac7,3
checkpoints/beamspace/trial_1170_RTC_S05_B210.mat,33f0d453541de989c72befb41e7447170cec4f1b928dc1aa116d059e77370d4e,0fbabe812d05416262cef90785ea8582465da19626dec80f642b9cf75cd717f6,3
checkpoints/beamspace/trial_1171_RTC_S05_B211.mat,f864fcf474c35ac9133e6aa6dc006e0dbed38097f03dbfa8d8ff4837f7a99bd1,0c9b60cca3a876367fe23c07f65812b6e79d7288ef60399d31ac539a5339fdfe,3
checkpoints/beamspace/trial_1172_RTC_S05_B212.mat,31469ffc978863c1dd344656e77af630171eb20332d78aa19c50e39259582d30,c63e3eac6b4bb609a157596b6ab8907574566c643706e291eb25a4dbfb3581aa,3
checkpoints/beamspace/trial_1173_RTC_S05_B213.mat,9f95183a368f60f30fb4a990ae3cf5a2458b8a941c3499a7fa6764231cc99d5f,43aa7d408106ebcb98512a08a28d5aa1170f14c221487cd6a4e18f362846fc19,3
checkpoints/beamspace/trial_1174_RTC_S05_B214.mat,e7dc5170b377d7498b36171013de8c0395b1918f0e052b20e9b3bb17f1c29283,1adcae3980dc8b185ad39f9285e16b9763abb46857b4a3d16e29aabc3aea3b5d,3
checkpoints/beamspace/trial_1175_RTC_S05_B215.mat,58b7d8183906e43167507cddc7fd6219f7f624b945af78e552afab3b18070d5e,72ba4bb639a77439da0e00cc7953000995f2708c75cb31191f10a4f8f77a1261,3
checkpoints/beamspace/trial_1176_RTC_S05_B216.mat,038a32d4b54efc18bf34959293802279c04d4092f38b87b494b849eef71ac135,8e59cbc5d425a71336f88202afb60c8f324103cf81f83f7f8bfbe8673f9b968e,3
checkpoints/beamspace/trial_1177_RTC_S05_B217.mat,02e91741cdd5a0870684e285446e625ef17a4f79bd3f7d6bcc758279ec0da4b7,eb2047ba181e5d3b6a465ef102bff8dd5fc65c6b2d3fd831597253519f0b1766,3
checkpoints/beamspace/trial_1178_RTC_S05_B218.mat,74054d834a7db3d17c23822898316bd59fccc3012b347bf1b1499dccdded8f9c,7536524b63814bb3265ceff279c9b0b44ab79cc3d24481f7e69d7bd94304144c,3
checkpoints/beamspace/trial_1179_RTC_S05_B219.mat,a4063ffef18103f4d83ea266d05cddc8bb8e7925ed26322b79fe7c65f8107bf4,031f35403c28bdf6fdcfb26cc87d17eecbf6b0c6f37383fb5a5fb50275f4deb8,3
checkpoints/beamspace/trial_1180_RTC_S05_B220.mat,62add1d1bf07f7d0f946717793ccc702b4f468fb6c7acdebf7de312fbccc4cd6,88ad748179ed14dbeb974b0dcd5e4773a4413a450fb22675a4d4004f9ded6e69,3
checkpoints/beamspace/trial_1181_RTC_S05_B221.mat,ee1f4365266514b30092b2a6a9f360eab55643b6177a78cda9aafba3989a10be,a8ad0810caeb1b4e68d804ec7253212ff00ce297f82b3606fa78176c57b0ff90,3
checkpoints/beamspace/trial_1182_RTC_S05_B222.mat,8f6101f4679f2b7ea9a790b7449d88ae540abb0dadfa2653c4f22c4b02b92ed1,56c08754e13957134be6a03efa6cbab48652fec055feed7fb9a3d4671cf9cb9d,3
checkpoints/beamspace/trial_1183_RTC_S05_B223.mat,24304c9d5b4321fcefb0d3c86508bf06d6bd6f31516b9823f7ab1e6968cbd942,f6b838d7ae92cf3231fae9d5cbc8a9b48a7d634077c3bd2e3a9cfb3d1e5d672f,3
checkpoints/beamspace/trial_1184_RTC_S05_B224.mat,216088d94edc0c2224e508713e68c07a475381210ee404d75f1cca8a29fe11c0,da8c9a8f9e382d638395d0f171e581cba5db3ad6ad76835f5fb8eb2277c7147e,3
checkpoints/beamspace/trial_1185_RTC_S05_B225.mat,b5428488a27d7ee9b9f7fb550f245f18659e67cba1338a426d03b370a713c7e7,86e856fef5c1825df6fc98bb1cfeba19d239a4c16488fc2a0a2d5c4bf581180a,3
checkpoints/beamspace/trial_1186_RTC_S05_B226.mat,439f1e62876cd368d6804db6c0c8394b161ba4a7bebd4fae3e95d0cecf793768,2e257ff08c4e49a063e997e4c4aafc9df029b67d7265ec13dcfd93476b5e47e8,3
checkpoints/beamspace/trial_1187_RTC_S05_B227.mat,8d0b4c5e38ca403cc446d5a8ce936851876a396992d01544fd7a47c9cd27e9cb,873ff1f41b6c69efbec344cd8fbe83a21c3d69aeb90556ba550a01c4b5dce257,3
checkpoints/beamspace/trial_1188_RTC_S05_B228.mat,14af6ccdabcd84ee69f5f2a275c631f8a075e3e277b82c1274615ad71b9fb449,9f07b6425c2e744da7bbab3ed69589fdbab5478636f98dcc2f27c2e9f25ff9a3,3
checkpoints/beamspace/trial_1189_RTC_S05_B229.mat,c818bbbe6f78366d11e56c4884e5fb509b555580f176b9c065defdf2e90eb05b,feb25bfb8a1eb1866eb35f4638dbef216c032c242c51f6d9dff815718d908194,3
checkpoints/beamspace/trial_1190_RTC_S05_B230.mat,7d6253e2feacd7b6bdd1b9f769ccdd22f3d3be6ffb11524153282971a29a70e4,65ca7429278988c7b916711f11279a500cf0bdd0b93dc442d34b1f5b7a68bbe1,3
checkpoints/beamspace/trial_1191_RTC_S05_B231.mat,0cd9217c3ee1f2644d1959dba6b252780f0b58acdec403481bab42c2f8ff608b,4c4465821846f25dd41cce216f9f2c87c902336fc87465799f7d5658cad9d005,3
checkpoints/beamspace/trial_1192_RTC_S05_B232.mat,f44ff04c9e56a19f02cba4820ba09a0000f5e7e14054cf4b6d7e88309096a416,c1ffcf1eb5691085a003c75a096a775dcb3a163694684805bc8896429090f03a,3
checkpoints/beamspace/trial_1193_RTC_S05_B233.mat,7915a6ca148de0348e74b99bc95e48edaa70c95432a7cdc6f9e06731e904e3e4,6f593a719a8733e98afe80154ca2e7eef5607c0f28dfe62cfa7b73a19718bede,3
checkpoints/beamspace/trial_1194_RTC_S05_B234.mat,27daaef9f853d2d781edde135e11a8fd0ce60fb8bb69e91c5ccc30ca12670986,7f14b87e326d220c248ad2d5d6718a7225760422def7396f1c45174d733ffce6,3
checkpoints/beamspace/trial_1195_RTC_S05_B235.mat,3a1942722de054077a5437f7540b78738167f304d62773b0ea9ba5688f3f3ae8,ed5af6b847a098baff2c8bbc7942df4668ec501cd6eb2828e85c03d7af56ccba,3
checkpoints/beamspace/trial_1196_RTC_S05_B236.mat,f02be29c1b1986f86adb4d4913395c210589e6ffb9ae1246e5525883dea1c688,e975c7b748aad9f33a69042b92aed9f288ce6dceb4a5c0a3052252642be10e5d,3
checkpoints/beamspace/trial_1197_RTC_S05_B237.mat,30e46d6f76198e252918d92e19219f6fe4482e38ebf0cef5886b877ec7e93483,fbd0cb728429152e85c768ada75333cfcda78fe61045fc38f41c5ed8c7249f76,3
checkpoints/beamspace/trial_1198_RTC_S05_B238.mat,46aa4c9129b0c76a2bf4567bf2967aa28d7f60e548b975b61c4308167b5f2288,6a24384715d4d207ad673c87256a65a76f376af6a1a1bb1e795943c6242fa693,3
checkpoints/beamspace/trial_1199_RTC_S05_B239.mat,c73bfcdc4aabf15c098a214cb357d0a14cda06e0f7543998ed76b7900aea94e5,e4ee7d6cea1aa9c6977b5bf46446d8753f4cca39883b82348890b40c903b266e,3
checkpoints/beamspace/trial_1200_RTC_S05_B240.mat,13dd40b4f3f9be2fafdc76afb83282e0015291cdd264a28586e952c828caa9c8,20701bd81087be730fe543203eab9abe85f3d5490b5f57949458bee323ec1dd0,3
checkpoints/beamspace/trial_1201_RTC_S06_B001.mat,3cdc0ddf06265bdae82b1aab11ebca22583253f11a65be36bdf9a674eaa50ccd,d54ece44645552968c53b8617c7a321de089d6b338acc2fc65a5dfe33194596f,3
checkpoints/beamspace/trial_1202_RTC_S06_B002.mat,eee59e78857c6dbe1a2a0a942cd6db4171515fcd52d069244bafb53c27874c72,dedf1a0da178c2618fa3312b8bde2edb72455aa37230f0bb6936c517ac4d3475,3
checkpoints/beamspace/trial_1203_RTC_S06_B003.mat,2f5a8f9501f4df688ac3b9785c6ecdba224599d276bb6ae6d41628f8e9a154d7,9bb6fd575a5805cdb320d9cbc0a94efa31519e4c416da787abd200a350fc6070,3
checkpoints/beamspace/trial_1204_RTC_S06_B004.mat,7c4354594d150b9a5ebe773e7502fa96e02e70e7eb528d2eb098640a0a6af30c,32327f461adcbaa138bbbaf01b759b7e24a2e5cba8a3ad0d20655bf7bf7295c4,3
checkpoints/beamspace/trial_1205_RTC_S06_B005.mat,cece5a47186cf0bba4aae994a48b6357a17d95699c6222cc70870e941a59411b,508f18b734819634bc6fb6a3ae8677c40e3849325e8a812778029e23865170ae,3
checkpoints/beamspace/trial_1206_RTC_S06_B006.mat,c705f6d3362a4acf9658470641e1757714e8007f9f4b0386b7571b975b6faec7,1120d004ab626eff3a8067c6eab3816423ac4257ec26f56c564decec71c8c4a5,3
checkpoints/beamspace/trial_1207_RTC_S06_B007.mat,a6c5a6274cfe2518be07d65ed303c6ec9a6022ecad4f636b326b94f64503cb48,4a19d56ed39171d629a6adb409d154f6df2e8b502a419e5cf14e16e4bd5d1924,3
checkpoints/beamspace/trial_1208_RTC_S06_B008.mat,d1de97af2aa42ade1485df817e726d4712433d98fdb9745b1ae69047a3d30fe9,c25bc5b8fb93c059c87ad5f8d64c0542c84c6ef519d316936c50938452d3c81d,3
checkpoints/beamspace/trial_1209_RTC_S06_B009.mat,deea77059cf2153382f88ebd2c6f991b1448ea35d5832285f82e06021598055d,8fdde86bd424af2e3ce79576b148c6dd58ae9f11fd5e32f56c3cf434c24260d6,3
checkpoints/beamspace/trial_1210_RTC_S06_B010.mat,3ecf80386aae079391c62e1bb652a3a9c921dc4456bdcd85e13346b799d7b87e,62ea5d4fcd59801f83b42045cdd0265eaf7974fca63e3db8ab8a72f5f81419c2,3
checkpoints/beamspace/trial_1211_RTC_S06_B011.mat,f294521af80c7dfa0c8a647823842cf2412384cbf95385c4729b6bc1cd2a052d,59f8ee556a9b4a7b8928bdf58a4363cd8ca4445434dbab26fe285a0392ebd3ad,3
checkpoints/beamspace/trial_1212_RTC_S06_B012.mat,206cea6070c14cfa9c4924405448f43908b72f347291ea3a143b4437fcd217bb,7ce3036fd60b41f5935c23b4659d8447f0cab3c4bd843cf33749d4394cdb3302,3
checkpoints/beamspace/trial_1213_RTC_S06_B013.mat,49d4e830296118dea91253f9c708424142bdd381f616f171504f3c2c98da510c,0b493001328636fef10a004fb3796988e5d8099261c34a7eff2c01c9b1aea440,3
checkpoints/beamspace/trial_1214_RTC_S06_B014.mat,83d0d351632b2cc7b08d25fa822b09e6d32582c5f1f907a6597725ea7fece941,75c163bfd35686d46a5a4a815d0a1c04b61690dd3e07b0a5d225f9516a0f8c02,3
checkpoints/beamspace/trial_1215_RTC_S06_B015.mat,b1cc033bc5dd71a6e5e94f03486d142eb7569aae4036910d8a5583c5efc3580f,560ba6b01460d62fa62daaf4f7c26cd0842dc3826fd34a954adecba792b4f072,3
checkpoints/beamspace/trial_1216_RTC_S06_B016.mat,fd8fff12e4608a2a92bdddd2f017ae83d0ee9e96c73c4512c438f15fdded3d82,2d3c84f7dc286bf80fba72b5f0b7b18eaffc9b5e8ca22214dc90d0cb266467b6,3
checkpoints/beamspace/trial_1217_RTC_S06_B017.mat,ad98a4b778193a551f998c2fed2a8a4e5b6950060505e158559bc7184bfa9d7f,f5cab4522908e22467a0e1ca281b67599f733cb19840a6425f0712ce8575f4e6,3
checkpoints/beamspace/trial_1218_RTC_S06_B018.mat,fac77abfa0b0019fe0d35c08740c5a2b86549faa914f8f791ec18775b37ff217,369badc74634ed3abfd2c2f6a6f34f7b4738f502f36c45bffcb80306de4e0a05,3
checkpoints/beamspace/trial_1219_RTC_S06_B019.mat,91b17f2ffce0019f325f6a916b13dd1101dfd252ccb5fa18b726add6795fd4c2,a7206bb9eeaf78f982e104df04867a4377cb2c2b7099d553991111acd542a7be,3
checkpoints/beamspace/trial_1220_RTC_S06_B020.mat,31f20bdba70918c473e502850eef3965885d46a92bb7b7faf7ebf1524309739b,3ea04cf19a74d654d98667515bd29934c55c42f41582e1df27a734f0f07fa5d5,3
checkpoints/beamspace/trial_1221_RTC_S06_B021.mat,5232dec51e2930d1baa707c423027463a6971ba815ae72d844b3a0e6851ae538,3ba1d6acbcae67ba546df008d743419ca24ab9bdc9093ceda956a63e5f81318e,3
checkpoints/beamspace/trial_1222_RTC_S06_B022.mat,474cae992ca62059954b7605b5f63c020a60611af8e721402b1b4b3358a2c029,732409b0cd61836fae5d4fda1232712c5f57f8ec6581319762c7249dedd59f8c,3
checkpoints/beamspace/trial_1223_RTC_S06_B023.mat,02c684eb8888c8cff9099a2fba3e7f2db0bb5cccfc5ed58312e471ee8a7859b1,798b919235f7a1548aad68b68cd9aa8e442cd47af81a629496c3b593fd869ef3,3
checkpoints/beamspace/trial_1224_RTC_S06_B024.mat,2840df07acb51524c3ca534a879d7d31580b45ae71257d4e2b1348d00466b473,fa1a4da3a5d3dc5b39032865b30fd276e1472631b939fc0ffc570ccd36b4fd04,3
checkpoints/beamspace/trial_1225_RTC_S06_B025.mat,66eff1bb232109a3d3eb3e36ed6f608ba8b30528e51cc0b5d43af6735ffe047e,0b5fcf95f439024a2c1d706ad1583105ce457d6396d779cf842d1169f31a0e7c,3
checkpoints/beamspace/trial_1226_RTC_S06_B026.mat,5ad042ef48fe8eca3323af55c9f5692d45f93722ff098ef08c5f85f44a6c15bc,64c3f8471ab598ac29af44b81cfbe86158d02e2c6b66839f0805a403a0827b38,3
checkpoints/beamspace/trial_1227_RTC_S06_B027.mat,a4b48637a5a0b657ec2902377ac361f63148081d05468aff25eb628c1f1df523,b49efc9180234edf216adc534f538ba6826e3fd30cfe01cfc58f89a28768d106,3
checkpoints/beamspace/trial_1228_RTC_S06_B028.mat,37ec94fa9c2fee12f6d59fcb34c43dbec637d1ca0f91e99f59bf62ca3307a911,f7df7bb7c332fc1f9e2d79ede6df242d187d1555daf70e7b82d35308175302d4,3
checkpoints/beamspace/trial_1229_RTC_S06_B029.mat,544b92bd704ebfd8a7e62a1abdbf9cb87b8cd88c3443d93962e80e1dfed93258,8a5c700015ac1b42a0bcf79d54b7e803d4ef677ae65bd6156e597d437d9ef0c0,3
checkpoints/beamspace/trial_1230_RTC_S06_B030.mat,c6a5ea719efa2874ed1208b35c47ad350b439cede371f6530a4cff3a142a6c4e,08387e872fb757b27a0ace17dac230c9e896320a8dcbf1f021af70563c003d3b,3
checkpoints/beamspace/trial_1231_RTC_S06_B031.mat,2365a272cf332a7692a999b2e358541b63fd855fbb72e7859901c59c7e4ec7ab,599590f11584be841fa3abe5c97190ddf3fd1c4330912f4d2a58d7f85d109c80,3
checkpoints/beamspace/trial_1232_RTC_S06_B032.mat,2122a5801a80180ba5b9af6489cd6f4ed4f90c488352eda08a8803c45efdd46b,46f28115b72e912e1da15c2cebca12956b64268ae4faba6bae720606af97c3c5,3
checkpoints/beamspace/trial_1233_RTC_S06_B033.mat,db644b6517bcbe8620dd08a4afec0de3d56f61a126c9d3532c60c182500425b0,a74fe49edfc943d7084d6248931fcf83775c26cf877a928015c8900527334909,3
checkpoints/beamspace/trial_1234_RTC_S06_B034.mat,36428eed6517185c3dfd04d689faa83d2d8655b5034361b9992d23259d35ab62,6a8c1c86a2aa394aace96ff863b3f44b41eeb9d321b2b1f6bb86ea6ef757cb2a,3
checkpoints/beamspace/trial_1235_RTC_S06_B035.mat,d53d643fb4ddb5602b934858a21f6893459f0b8dcf8a0fdc3c386cb18b1a3549,b1d6fcfbc02183a40b26d559804aeb5bc1894b2a7e3b76f70c2add59e8eb7e14,3
checkpoints/beamspace/trial_1236_RTC_S06_B036.mat,a057f5d9893da528aff204c3e07a4628c0086a5a033dedab6769c0e7ed0074b3,f436629f077adec9ea56cd8f20daa45049484ac7e9cb172ca1a925bcd48811f0,3
checkpoints/beamspace/trial_1237_RTC_S06_B037.mat,09da87973ed04ea70690585156fd4eacd341b6e1cbaa6bcda52ca9251e9621e2,c4bdcf6c06bd3fafd33f23f5b14dbffa27da8e1c4155f0e9227086cf06b6b9ca,3
checkpoints/beamspace/trial_1238_RTC_S06_B038.mat,aebe0f9fee11e55bdca0093b48252132a47c46b91871d414f2ca102255b03ace,c46c7c5638182b3c63ad464c43ea2bfb0b4eedae8acf80e25d7bfb7d61232da7,3
checkpoints/beamspace/trial_1239_RTC_S06_B039.mat,89cd6ee320435b62b50d78301ffbaa09d2e496193ec14fcfed117ee74e440679,da07d5365cda4ac6823235dbc0edce2387207fe30768f714f9d3d47390175898,3
checkpoints/beamspace/trial_1240_RTC_S06_B040.mat,b554d53204e1cdc613fc938c7a80a544820300bbf9c9109f67099b9488347d5c,f5eca26ccfd4bc0071135f9b267884b66e315017dc14ab088bc4627fbb7c3a8f,3
checkpoints/beamspace/trial_1241_RTC_S06_B041.mat,cf0e78bcbdf459b8e251ed0f491ff6ea58a3be7b21d26f731f8f10577ab04c95,d6e084341b9625373a02ceaa7dfbb8c1092c1769af14e03abfe932f8cd0aa656,3
checkpoints/beamspace/trial_1242_RTC_S06_B042.mat,3c154f7b717a7ee06fcb7839c73c5c7501841b13e9cdbabbf0faa9a954c5c973,5c856a421621f6965f06fd687ae07854864e2cc1c11ea94053895bfc01c1187a,3
checkpoints/beamspace/trial_1243_RTC_S06_B043.mat,987513fc5776bf5a5a8cc5592c5f87612fb4df6777362961a5eeee168b753a33,ff66ac03d2afa124f38d25c7fd34bb74101233f4ca02bc1976e0106973fbd4b2,3
checkpoints/beamspace/trial_1244_RTC_S06_B044.mat,4ff7af1499bca210fe718a15e7def33bf97f9035dff94411d531537ad4d579a6,5f3a4ed3893d700730290721b33be1096684d3d21e094d5c962c763c8db0a3b5,3
checkpoints/beamspace/trial_1245_RTC_S06_B045.mat,60b969116e79cbf06802c03c4a8e9ad28bf885e97ab54c17656d80e92e988094,c4f34523db5a29c7f1da68273a10818b101b24bf65b070a4132826e05ce4a6c2,3
checkpoints/beamspace/trial_1246_RTC_S06_B046.mat,62de9e97f81cb0088f9b8a9ffbe6c5084fb5da9fd3deef0773456321fb4bf344,4b04b7f6d26b4ba0ec957b2301cc9c07688018c33ff70be886f8488ad01b7cc2,3
checkpoints/beamspace/trial_1247_RTC_S06_B047.mat,6cb44cabd73aed906de4a8036767ffbdf9f1a5f855362752cced6e1256bf3b85,385c49e43a5e56c811472c5d0cbc25fc7717294e2507158e46b72d49008ce944,3
checkpoints/beamspace/trial_1248_RTC_S06_B048.mat,2d1159bd695d23ef56c70f14880b843825ecff37a7ba82317130fb9d226712ae,8e5ab483bb6094a2a7e662055064fe186658718a9e8ef0e88ed70ca6b520a339,3
checkpoints/beamspace/trial_1249_RTC_S06_B049.mat,25e8bce5429509b89e07f0cd94d7b72b84266150fb011ac90b5a056893775a2c,45c291a777ddc806a17392d27d41f25d53df7eb1d0b242b304d1f4e247b43de7,3
checkpoints/beamspace/trial_1250_RTC_S06_B050.mat,0dd1ed3fe1fcbe5d76e58118978c48315f89f1c0e8d58f2f12d5aeae766e8237,4dcac728f9db0ab2b161829c9811d9775445aa4f869fc12ece6f167ff85b77bd,3
checkpoints/beamspace/trial_1251_RTC_S06_B051.mat,af03b71ba15ac024fd57a33cd3af847823f923dced998b10f32ed575432f3772,4e44d346cc24ea58e4d56b5935e2d4f5757bd97f6dfc49e731a8caabf9a31a19,3
checkpoints/beamspace/trial_1252_RTC_S06_B052.mat,d9730fa0134760986bf9c57bff62767907437c297a3f0aee457417f8c2f0756e,4bb3c618384968769f2efbdfb4513854300447c2da51de2fc9a5fa8fa2e83b71,3
checkpoints/beamspace/trial_1253_RTC_S06_B053.mat,06cf6852198028def26203742f8c4265cebe4ea37bd3d67849dc04e0531e4c50,0fdd8cb9b68fe7a0ac840f54d8a77956ce7d98096565e844712bc2dd1a2e929c,3
checkpoints/beamspace/trial_1254_RTC_S06_B054.mat,a730f322e51f8f163ca08b0595f733888248303501d0d7ba992bfa25f9652937,dbcd15c6395bd8e8b01b8299aaeabf8be9e92adb4c4e200654946d02fa846d34,3
checkpoints/beamspace/trial_1255_RTC_S06_B055.mat,05a806e373a6a6ac1fa6c53653846eca8458835b4fcbe9f9a65b87f8f0a3b2da,e8836a199564a992cc949883f0acbc9df4b73fa558248d3439c84ab37e61df73,3
checkpoints/beamspace/trial_1256_RTC_S06_B056.mat,8fe4a4464e6f50a6094cfe5f8691f885f8e19775fd5b0c721c07182b0bb82046,d9dd64cb6c678c7bbbfcf7f8e160306f5974890afbd3907b6a6d474bd53ae046,3
checkpoints/beamspace/trial_1257_RTC_S06_B057.mat,fd9e91c4cac24da29f5dd38ad6299c08a014fe38ebcd55c8129318c5f05e9585,c81d652e621b6b7f36bd4226f7bf301a81678a73b40a4efc1338e49c4db4d943,3
checkpoints/beamspace/trial_1258_RTC_S06_B058.mat,e627460c33fd3a7409482e383af5770b8e37a5f02edd1ad66d95c02269516d45,6b8ae004ebfbef186bf8b1cdf286026bf627d1302fd472d0a91ab6ad17909526,3
checkpoints/beamspace/trial_1259_RTC_S06_B059.mat,b4acf8cad3acf552d5681cf7ba8b125c4ace6d0d343a0c09dbf79bb1b6560251,e30d62a02275769eb9e03d0e6cf4a1f5e49bd06bdb4411adb54f21764d250a4c,3
checkpoints/beamspace/trial_1260_RTC_S06_B060.mat,9723b709b94568afb97b5ca90df2724ede688ee13784a84160b867dbede960af,b651b14db4a50430818a8a14265c47d6734fa9a605ae983eee394f21343062bd,3
checkpoints/beamspace/trial_1261_RTC_S06_B061.mat,9d28bd72ff950e9d3e7103c8dd124851d6cee533d497dbd9212a5985e8fbaf5d,32dab31fb0d8e1d5ae7de5d6d250be4bf203191ac1903ba109b0805225cd03d8,3
checkpoints/beamspace/trial_1262_RTC_S06_B062.mat,ca990e3d01d7f07ab17c7b5744805b2274f0d83010b4aa669f2949303c56669e,66ed08b71fc5e68baf9bea3ded0fc989339e76b222d307f89ea9a28b1045be3d,3
checkpoints/beamspace/trial_1263_RTC_S06_B063.mat,4dc3f99f28b30541f7e82c77b0b15cbe50ddeaf55fecc88323e67c1cb54221e2,f8522c4f1d71537dd198b123885ebee3d0c14b8726e70e3043b2beca37ce6418,3
checkpoints/beamspace/trial_1264_RTC_S06_B064.mat,227f5cc87f6160915d1390ea1aff7748cac263aa1287fe903174dcdce8677444,bc7a7568df8d01d91d31b123dda344f6342889a1fcc5fd1b8134ccecaa96a9ad,3
checkpoints/beamspace/trial_1265_RTC_S06_B065.mat,a3a4417d697e05099bef63b94d37910556b673b0e5a43d5cf290cde796df111d,d5e7b680f491a847814441265c244090eea7889a09fc5dcc562ea2161863948c,3
checkpoints/beamspace/trial_1266_RTC_S06_B066.mat,fa0d0d06abd515072a793fbbabf2cf6889ac5558d5c09a45f338c56778080af2,31d8ab466ab2eb99118ad3a90fef241c47fa24b2d03b50bff2978422ac88d724,3
checkpoints/beamspace/trial_1267_RTC_S06_B067.mat,752fed0195d077a05e4e7514a97b08a8a485af51e926787e91e5362145c4c82d,1d8f10e01e9ed74195784d7bf4045540595e1776ee9cda94a58d6591a487c2ad,3
checkpoints/beamspace/trial_1268_RTC_S06_B068.mat,0b1d08157959c0a0eac4c277a314d02fa6124d08da8a42238513777edaecf11c,2bad5b1a20300b2cf7d0a1a7d0e9e7be40c5e46fdf4a7ff7b17a773ba6425e24,3
checkpoints/beamspace/trial_1269_RTC_S06_B069.mat,bf7157d3c8c029d6618d140057ed086ac74e074e1fbfac230f07ddfd108b3b73,a485a89bc3cb64a1b11befa9ce87b957e82a7524a7ade51df11e2157e01ee9bc,3
checkpoints/beamspace/trial_1270_RTC_S06_B070.mat,3e9d4c48871281bcf1bcb56ef22c994da62376ed7832b09d3bee3341aa081432,11896c04492c36abe04c2b767aa877c5a526126bec851668f333ae46889fed11,3
checkpoints/beamspace/trial_1271_RTC_S06_B071.mat,bb44127c8c05802cbe7d1ff89eb916a283b5f4ea319d3ef3590bda471e28dc51,7d297a32051d517f0becdc6d48eed56e0439d65a9b8ac543f576e519c85e8aef,3
checkpoints/beamspace/trial_1272_RTC_S06_B072.mat,f22bd16a7b25af58e4783dfe51f217a751b3d137103694a609f41b99a1202add,66f1f5c839414e9714448e9e4f809d9d772165957d8aa0408013f7296abc0c62,3
checkpoints/beamspace/trial_1273_RTC_S06_B073.mat,40e17a8d207850af9135f67fbb9359dd10e490aea11b73f0373f148f44ec9e58,3d1df3464e4a98ee33e4d05920f503782ae5cbdd3ad183da1f9e887d0582103d,3
checkpoints/beamspace/trial_1274_RTC_S06_B074.mat,f6eb970e85bb67519415eaaacf7df280649f130f2fad9eab226b2dbaa1711877,52a61a7f04fb24a34c06816a55ab201af00c5ae40a12580be85691c64671db5f,3
checkpoints/beamspace/trial_1275_RTC_S06_B075.mat,5db36e975de9c7c7adfa54da93334c487e0cd6a1bbc9e594a921914b0872fcb9,2755a0916ce80d71a40d12b7be92af2bf02ce7f3a169682b1db5d13a7b9a3c61,3
checkpoints/beamspace/trial_1276_RTC_S06_B076.mat,70c0c7b3b164c8d46b3a98fc598090ea7a92012d4a9ce0387853684829261a83,41907b3a86107ce72c491567a22849f0a6902d90780c1fb78ba9b17f2fec1882,3
checkpoints/beamspace/trial_1277_RTC_S06_B077.mat,726469887e55fd7005ef781db5a53bc4dddfb1bbc5c3ce77540af2910c5d2295,c5ed5212bf1b59968fba07275f5d00becd8cc7df2836f9cfc400f61c78b8a8c7,3
checkpoints/beamspace/trial_1278_RTC_S06_B078.mat,6766694d7ce5beca1176f4a27b0c2bb50575f74389c743433770a85b4e781942,f6f071a70cf81d7386b7fc1a35ac83000139ae34933936d01bd5ec27a9be0768,3
checkpoints/beamspace/trial_1279_RTC_S06_B079.mat,ec8cabeff888265401595b9e4bd5d500350cb86bd881cd740ccffdfbbf222f61,fc0780df699ce43d91a75fa15d28349d6ec6ba2d55bcee337663c28fc8b49f47,3
checkpoints/beamspace/trial_1280_RTC_S06_B080.mat,f48f1e1771f7bebc7bc74d11bc1eedff6de391ea2813061de045a144b5d696ce,91425262df28a4d161fde23022f4c76ac659a909f899170617d344e4604a41a0,3
checkpoints/beamspace/trial_1281_RTC_S06_B081.mat,c99087325f0654934b2a928f215813018dee56782cb773b1cae5775ec1fc00d0,e5c045ee0fcc9be216eb6d56f37bf9edb6f6a9e2f56ab9073bd271ab8cf0704f,3
checkpoints/beamspace/trial_1282_RTC_S06_B082.mat,2d88679682be67165d975edd84862f9b996e26caced1aefdf12d993d1501aade,6b377bfdecfeba86380566c784028e66674e7f5b409095441370432912cef935,3
checkpoints/beamspace/trial_1283_RTC_S06_B083.mat,30faaac81bebca583a136f832b4c80e31683249840a632e6aca18ed2c73bacbc,6574e388f2ce48f69fa8dc5caa6ac04114fca701221e712acbba97bf34155417,3
checkpoints/beamspace/trial_1284_RTC_S06_B084.mat,92138dd7d268d5405f5cb75604a3a3e52c69c9fe0bcc2df2e4bd7ea1cea47d8e,9079b763c926f7ba5eeea016d5805f0d931d9c939bcdfcdb94036225ca716d1d,3
checkpoints/beamspace/trial_1285_RTC_S06_B085.mat,86950b595c1af8f529c7b427eecb9b9b9796e233fbb6ec30a7867c8f4e46a536,ebe832d3e7ee273f919f1ef9f8b9ccf4cafdbc3f4361a81dacaa96e114ee1457,3
checkpoints/beamspace/trial_1286_RTC_S06_B086.mat,a246f8770e8d0360f69ddaba365d2f11c83c9341c7df2ac00e582144413b78ea,7ade67861ec058bcf30c4350fa2da2ec5adf0245254bb7de50b5f5543a530ca0,3
checkpoints/beamspace/trial_1287_RTC_S06_B087.mat,5e38dd8122b7a653247ae8708e8a2b94ad3a19cbb487030eda1ed3c21a59cc86,2ca3c911260e83c47b240aaec1a03b10a7eb878718312fc742ee67ce384960a1,3
checkpoints/beamspace/trial_1288_RTC_S06_B088.mat,89ae6ba2f9c107cf0e957c258f8a6f240a3409b0ce642eeb1fa5355f86aedeba,30a76ce7405ef73344ddb2a955d8f83aa9c59f1ddaf27269fdf6af18c7c7b1fe,3
checkpoints/beamspace/trial_1289_RTC_S06_B089.mat,60db4a3ba692ba099e8fea3db9b15eb757c117848941de2e59d35cf91734084a,7ccd77e701066d962a44717df4e8294dd545dfd08e0ac234002e5852d0162614,3
checkpoints/beamspace/trial_1290_RTC_S06_B090.mat,9520b6852eae9dde571cc9a921769af152f5cce90e1a032beb357a981c617d9b,6d4d39ef1c79b334f96f3514d6026f3e8f103c5b2b0ea33407cfda15ee36a334,3
checkpoints/beamspace/trial_1291_RTC_S06_B091.mat,d0e92081695f3086998f50712816b7520a789df2bbb6596964b4a006172bc7ee,dd34c74d65ce00d95489e975ba976eeb033caa016d4de64f497bd7a08d77f026,3
checkpoints/beamspace/trial_1292_RTC_S06_B092.mat,5207792d06f08f392fe0a208be14e6871ae9a6954609a4f7c3556c517de0f7ea,6a79774faccb65f148e8a8026968a31f893a7e9e677f314cf8f8229e1f562cec,3
checkpoints/beamspace/trial_1293_RTC_S06_B093.mat,6e04002951d829779d70851aa0dcb135905a68a4c837e32b4b7528569c96ab1f,26aa2deb812cb28b6dacfc22a5246ed4c8567e02a27af068f7394c8171db4ef1,3
checkpoints/beamspace/trial_1294_RTC_S06_B094.mat,f1cd31df3c09fc8f90b8aea835c497709f885f560e430d9c05238f26270f0ef7,8bbc8f3ed69deaa03dbe5bff3f0d8d12a87921917b46be57e62c5f3bd65f46bf,3
checkpoints/beamspace/trial_1295_RTC_S06_B095.mat,408c21a44fe455ac16ec5934854802dba32465ac3d0a700437fbc675e45659b3,37579b6bf12b6c98463f1a15195fa63e00f6a8727099c6a55c396a8916e80ee8,3
checkpoints/beamspace/trial_1296_RTC_S06_B096.mat,6c41512055df7121996fcc651ce1c9b9d52d71573293dd73eebad5bbd0ebc72c,14d4ffffaa2ad9264413ac424619d89c44e841d979ca5aceeb9c4d3fd7bf2bf7,3
checkpoints/beamspace/trial_1297_RTC_S06_B097.mat,6fadff294ec9f67c91c013a150bd0566f0c253d90a594c96be53233461f7e02c,c630d052e8080a4e4033df354f4cfe6259182b6ddbcc486b94fea4c42da56088,3
checkpoints/beamspace/trial_1298_RTC_S06_B098.mat,ac5a5acf6a1de42eb7bb9ded2ac34110ac5db27aa5b5bbf41b3342382a6855ab,3c07ebe11e7da25950809b83f0f0d11b9833536cb2f9bcaca5f26d5a837bb972,3
checkpoints/beamspace/trial_1299_RTC_S06_B099.mat,59586738a90a0ca8fb0a456292c9c3c9b991f761f38fb2693439767376a3544b,c2522426d8c9c48257d21673c0aec5502d5815e1328c00d605066cb849afe68a,3
checkpoints/beamspace/trial_1300_RTC_S06_B100.mat,dbee2ae76a084a78c98aaf1e167515f89e359695ae9846951ce561a7f491124d,b871dd0fd8b05a1895b2a6b89e432dbbb6d500b2b223c9be5b5c28ee6d3be91d,3
checkpoints/beamspace/trial_1301_RTC_S06_B101.mat,05a86f3b1ece76c6ac8ef17742e87cab5a5284ca90f31dc7a5d6cea10b96d467,37a6c47037d47d8831ba71fee696b2f7d18362ed3029df0da32d0dbc918b8545,3
checkpoints/beamspace/trial_1302_RTC_S06_B102.mat,a581539d2b6fb7f9a11287c251674733bc5ffa6d0f348e35a0706523f39c820a,85a48e95595e7d9c10abe89c3f5964d6fd6641ea405d545af39e1742bd496e47,3
checkpoints/beamspace/trial_1303_RTC_S06_B103.mat,bdd67f7548ea2a811e516153bbc2446dfe1cf9c0af08815fa6eddb0354c59eb2,3ed6eb8ab9074e2b6fb09bffc24ad072df74c69a638c1f8c3caad89fec3b0c1e,3
checkpoints/beamspace/trial_1304_RTC_S06_B104.mat,61101043ee37a345c8c18a9a5a27852bbdfc8d7fbd1b2338b4781d94ba2a40df,8ca29d420513794983dd2d291359105b74c49066dce2642b3c95a4f795ece30c,3
checkpoints/beamspace/trial_1305_RTC_S06_B105.mat,7fc3579de1928f8bafbcbbca8f39f55d44a2807bfcd40b348f3e739bac8547ed,c5b70cf7a9233eed1755a12a865e4067868adc85896a6ef2dd7aafdc7c10f453,3
checkpoints/beamspace/trial_1306_RTC_S06_B106.mat,c6c1416b9290904b935c1bec571cf2ca2fdbbe6b3dcbe6739096ec09f6903b71,c36ad9b2f1b71b951a5e5c7a15580825f5c79d85ca900d5362b6875ef0e2d86c,3
checkpoints/beamspace/trial_1307_RTC_S06_B107.mat,34a9f15729bc34e99826a6af0bec32bab05316b5484cf834f5e8c848bde8426e,f8db426f54f4779d1ec894d3f961c5d0280e16004276c623b5cf742588950eb8,3
checkpoints/beamspace/trial_1308_RTC_S06_B108.mat,c4cc7ca09280b223562bffcace5a60dcf5139466f2970c85d3ced82020667c64,3de45c3869e7bed878ed460e4f39362c56758fc1c50eac5916bb6adbf4a991a0,3
checkpoints/beamspace/trial_1309_RTC_S06_B109.mat,425d1b6c1e9bdcd40ac3c41a11752ca017bad6a806570833483ccdbf0cf2e661,df416e0b40837f539745a05fd467b294a70799e72c28af0f50d9405fba834841,3
checkpoints/beamspace/trial_1310_RTC_S06_B110.mat,8d67cad194ec15e5f8d8090c99f6088d4542603142842373694e159359b41f88,e468b9ae621b7048fc54b42598cbec128392005c232b11917660d84313a31945,3
checkpoints/beamspace/trial_1311_RTC_S06_B111.mat,fb541978638e41d0a22fc2f5992fea02ccb50495caf2074aed87e11a5edad3eb,708a4edef05c17f52d5621c2faab0b9af869b484dc040476ad90550b266d42a6,3
checkpoints/beamspace/trial_1312_RTC_S06_B112.mat,d1791c493b86729325778d7e5291ce3099895c33474d815240df507e09773dac,cd4573e46995f80a720d4f19a4109aeb13ecc680cf20722bf4789509581b26b0,3
checkpoints/beamspace/trial_1313_RTC_S06_B113.mat,d334eaa6e27f6fe4c406c5410c3899ca1c2976098ffb072d06544f23c363d6bc,75efc70bd24946af611e8ce90cac33f0c5e04e8133a024fd0f2158bbcc18a4b4,3
checkpoints/beamspace/trial_1314_RTC_S06_B114.mat,b759f5019517805c0f8320e56f732760c57c4d76d0213eafecced2e92228d5fb,a070258ea82c41827255e397970f2c52b73a904ed6c33ebaa72c1f4f52231599,3
checkpoints/beamspace/trial_1315_RTC_S06_B115.mat,9e0c35cb447efdfd832c7404a4d067b87d06e9d1ec8beef185a9e2f03049814a,74e348213fbfb52ac8716af0d49b789be9a230118feb2013f2a2ab0b68c099af,3
checkpoints/beamspace/trial_1316_RTC_S06_B116.mat,30c0b632cb52335b646ad8047485f0688b903c7f1a6e6d2c9443469839791251,a45e0a5ed90ff53b9a601f8471a84120811045c83507d84355a1ec6aced7a95b,3
checkpoints/beamspace/trial_1317_RTC_S06_B117.mat,95c69bd4929375ff7711a54c5df330a18a87e44ce51db9428a180a6da7994d25,570857c60e3bcaf12e8d1022600206a095703ae67bee23d7014ef6f26487f37f,3
checkpoints/beamspace/trial_1318_RTC_S06_B118.mat,428732c775d86875bc9d2b43c6135f483ee380b2c7a6861da328817404bd5344,53e1aa5aee01e2e5b1014d93b1f91ea29d6a757ab68ff720036cd8e80dc918e2,3
checkpoints/beamspace/trial_1319_RTC_S06_B119.mat,28e36acec6c2669f39e82068f7e65534f4608bba4d4b146dcfb10fa8f3294858,da1c67418118b4d926c30dded70fda404fa38cb6a1c2baa355b4ea3770c08840,3
checkpoints/beamspace/trial_1320_RTC_S06_B120.mat,6c4456f1520e855aa2267678cadc32bfb407e6ff7c2f6269b01d86a3cec9be4a,b421b694f0ad6da76f62ed43d9768b7eafea1c0b520967d34d8f45a49cd7d1ed,3
checkpoints/beamspace/trial_1321_RTC_S06_B121.mat,0d4ef953afc6ec6982b8ff6418485b5d2aae609339126b55086448e7319f2a6a,17314f69c3069d5ace0c7451bc3bc28f9eabbf78dbbb0eafc4703771e6df20d3,3
checkpoints/beamspace/trial_1322_RTC_S06_B122.mat,96888019dc87c0f01f573a6755b1acb620551b30f9fc1bf7fc85dc99e01e7692,69a9f6c78718662091bc188bfbb0477fd6a8106d22931e4f46819d637a2312f6,3
checkpoints/beamspace/trial_1323_RTC_S06_B123.mat,15e327cd01356165f3c7138ce477cdfd4323a1cf96fdb4d4e7cbf5d5b68eba0b,8501ecd2b5cd0b3b3023a28b16f42601b2e572f1e32a4b6df94d542e68285eaf,3
checkpoints/beamspace/trial_1324_RTC_S06_B124.mat,200be114d54d6e438932dc42285d2a8eaa2170a03566ce729dedf21f08d407be,0e6d5c69980d47bac97c439c58cb946d31e53bcbdf0b8ae100bbd84b56a4ce1b,3
checkpoints/beamspace/trial_1325_RTC_S06_B125.mat,58d23f5d755a7ff7309149533d0f450eb1009d83fe581bac5e728fd38adb95d9,75b5d5937511fda9afc8c47c55acf24f4301f4b828fda36d374b97eef0036cca,3
checkpoints/beamspace/trial_1326_RTC_S06_B126.mat,36737f8af8d93f5795136c3b3cd258b778e2c815cd58729de7c980b1d330873f,feba347f18c6ae60ca6d7529dab54a9ae7df19723ea486223647704162260def,3
checkpoints/beamspace/trial_1327_RTC_S06_B127.mat,b24b40aedff435f0279178d2643e1533a089ed350fe2145171b6a739851d885c,92ffd12bc3655c579b3e5c11712f34843744c140becfe121e3e9a2985a5ddcb4,3
checkpoints/beamspace/trial_1328_RTC_S06_B128.mat,a6179a3db633807a708c6b070d66909d9199510d5194a077db75f02243fad13c,15f187575944395e384daf194ba407d64e293c63b17ea66f493f101a88f4163d,3
checkpoints/beamspace/trial_1329_RTC_S06_B129.mat,fd40d72af104355614bb9ee3838bef1f0db9b32cf34c9f2af26ed4af69d6f96a,8604a0e105347cf176c303b7945ef38af02920875740929d32303bf1a7433629,3
checkpoints/beamspace/trial_1330_RTC_S06_B130.mat,8622755c7dd9df9b8da900bf585fa4f57c71ca99d3fc1cde03ea9c2d3773612a,80dbcd3ac465d91b00b31457aa98aab2aaf7a348dde11e7530e9a82da5e5d746,3
checkpoints/beamspace/trial_1331_RTC_S06_B131.mat,ddbc17be7e21154bae3d15ef3f9611a01176f53edb202e5e7a56416dbe8221c0,38c0995b3431208eb22a8e4aed2e58dbfb35d8c968a7b4204bcf3324abaa73d9,3
checkpoints/beamspace/trial_1332_RTC_S06_B132.mat,ab72d55bc60171cbb672e1c64ab81839aa82a5297d441a104e71a9fd9bf3cbf0,c721cff11ba14869a0ddcd62f66a6abab1adf873ca63a7ca627b6064a6d3ad74,3
checkpoints/beamspace/trial_1333_RTC_S06_B133.mat,a93a410a7cbfb93838c4d1a1602ad406d0504b505e83cd84165fa7c0e62688a5,1e7425d5d330aee6a29d83d19e916219fc19d2886d09b5e6ac991e2147d00e23,3
checkpoints/beamspace/trial_1334_RTC_S06_B134.mat,00756e4a3f71d26274b245e0171baa62e7fa1c2a87eda5a03a0872b76eb63a62,196edd3dc6f918b9739b05bbcc05d1f6040723733ebeffef474425b9d3a454c7,3
checkpoints/beamspace/trial_1335_RTC_S06_B135.mat,9cf4defc744c984e0451c537db26e12b5a8b231339effef8b29ac70a59a7d25a,41d4c22356b37c46f31f345363d81de62092ac08190a330052641cf5fa7f94aa,3
checkpoints/beamspace/trial_1336_RTC_S06_B136.mat,e0eda88786d32ac04e33ecd297a1fc96e7b2547fbeb1f8cb07a3b28401cc0c3b,b30ebd716c692a5f7aaf555e4b73ca398f9b790f305173991c0877f54dc5a17e,3
checkpoints/beamspace/trial_1337_RTC_S06_B137.mat,99cd0c186e5e42dc75dd2ac50273f90e7d5ed9d7a640ece09f3be2672c65a90f,952aa8967eb7ec4c3340e8b2e9093f38af967d65af8c1284fecb0ee9f019a8bd,3
checkpoints/beamspace/trial_1338_RTC_S06_B138.mat,db90aaffeb897f289ef014e27098366e215121aaca92a9b8a54526cbf29b1c15,b536204437169ea896ce6c2bae2e37ed0742ae9d239ebc090bc2ec4fa3d117e6,3
checkpoints/beamspace/trial_1339_RTC_S06_B139.mat,9b821765242be48cd7347d71f7447dc3fc4f11ea5b749a1923a0597f81158dac,a0dcf09d6ba34ebdde0736e2c99f11de38a9595e19e24a6bd6a3891f0f8732a8,3
checkpoints/beamspace/trial_1340_RTC_S06_B140.mat,92a03958f02ecd88184de10b31e69c8833b21fc854023cf5b86436bbc9cd6172,c84be905b9e95fde146d053ac0eb179218e9ed30996f96a90b4316bb2b2672a3,3
checkpoints/beamspace/trial_1341_RTC_S06_B141.mat,3b4e80dc1c55def1f16a31419d6c9ce82f72fcb5f23fac8b41c940e0db2160d1,3b5dda7589a9293c54be7b508ae1eabc07ab34221e8595c10e56c328dcd55631,3
checkpoints/beamspace/trial_1342_RTC_S06_B142.mat,9b2cfced32687a24355e56187407d81d4f776613a3a35913a20c5b3562670bf0,52f51294174f64b167bb8401ddea2ddd99bae5dffee2617481f685e38c4deb7e,3
checkpoints/beamspace/trial_1343_RTC_S06_B143.mat,6d105ab4520a5a609e42b481ceae3668899d860ceeb66bee30ca8a688329f2a0,f468e72ed3f94d6330e243c0c3e85c14d14d6ef0b93cb442d71c051be96078a6,3
checkpoints/beamspace/trial_1344_RTC_S06_B144.mat,f410b346fe737fa699ec60be9e240847e32c63d65a0e783b5c9f8e722a6282bf,2b7a8fdac354ae07e2441e2f8e343394558d6a15a8e82ca6b4c6763e4b0a8e38,3
checkpoints/beamspace/trial_1345_RTC_S06_B145.mat,09823e8acbbaaf82a19369b5c930eaf8cd80b3190663054ca1279b18a43049f6,315ffa57570c50a06d084ed52b1a0291b8cb9d250ddb1d2f1858e5b6fea8e99c,3
checkpoints/beamspace/trial_1346_RTC_S06_B146.mat,a5e26741105ab6cd5408cb13096e6f12b93cb754d38a670c6af7cee093dd31f4,8168df24431c9f502b4aee079d571e6b93428c6c4e153d7f6b7c0e7d30f183b5,3
checkpoints/beamspace/trial_1347_RTC_S06_B147.mat,11c708d1211ee99da336ed41c7cd950abfcdf765c45013deaf3a8a3f3ed344da,9d8e21b3032bd6bcb4dd722a6d91d62acb59cdbcce678ee5c4c17b7db39ccbda,3
checkpoints/beamspace/trial_1348_RTC_S06_B148.mat,85f3b52335d41532b506ae961cbfb2e4fbe5e95137a7d4a3a2f4c448f350b92f,8b7adc7b9b908342d29df4851aed8db33ba3fbe981b1112e82a9495daeedc56e,3
checkpoints/beamspace/trial_1349_RTC_S06_B149.mat,5f9304887e57e06bc00d8c28fc94ad31fe47ffa78b6bdaff292a6e2657956b9e,62205091566282964fbe64eb494d0102f6bd73a715fa1182b49c1ad7f994e488,3
checkpoints/beamspace/trial_1350_RTC_S06_B150.mat,9aefa4e6f96c8a964d7da980098f88eb878da9777591daa2c13b6d5c59191f4a,5d8bac3270a9e5229ab2c8686e096cfae3e93848c6da0356952617b24b081667,3
checkpoints/beamspace/trial_1351_RTC_S06_B151.mat,b7f7f8ef4f3641b4af5a658e1e6549fc51c174c288dd67efb516dc095db50583,98f8887b7426ae87dee0d1dc8501c8667d966cbefbbae0d64e82d3ee6cba0417,3
checkpoints/beamspace/trial_1352_RTC_S06_B152.mat,9623029b2c0c299702d9686bf4035864039169540d4d6f06f3f46c9f334aea23,cdd338ac1c00ab4c777a5aa836686a915b54fb5e7f0d70f996bc753f341904fc,3
checkpoints/beamspace/trial_1353_RTC_S06_B153.mat,10fc70388a852cde686da805c89904426694295f0ebe6d9101a21d4b382cec69,2a0da01a7c1a87cab14ecf9760b97add2812c92aff209a137de83e79a4bb957a,3
checkpoints/beamspace/trial_1354_RTC_S06_B154.mat,64bf667906da93818dd666bef98f6949f3459d6889f9b180cda4ad49b5592ec4,81f3db16e8d77677982cb2bd4895e758eb2f449f1c78307c21791bbc42460dfd,3
checkpoints/beamspace/trial_1355_RTC_S06_B155.mat,423a17e63a456be0b2254cf2d7a32fa5eade12222d381b0d89ff96a423a639cc,06dbbf3596c74ea129009c3f3f3b70438cbf3a4645c0a1853460e6dbb3263957,3
checkpoints/beamspace/trial_1356_RTC_S06_B156.mat,190e0db5dcb5aa0f67d10187ffe2f4fa08d951c474fd2cf1877cd277db7a4d86,59d5fa3ae6f6e45a33bb5397ab2816294b2e8416d9bc1fd433b4c2f64e9ae001,3
checkpoints/beamspace/trial_1357_RTC_S06_B157.mat,25946781f86314f52329f45b9bb3cab2c7ad4146c1f4cc09c6f346f68362574e,57dea2a2ac9d345d350575ab5c2fd7ce0b9aa5aba3cefa644a5ef93fbca60a52,3
checkpoints/beamspace/trial_1358_RTC_S06_B158.mat,344070fb582f20e8c8bd9e311148bb36b72e6d1f592a8cb709cd40fc346ea54e,941be33beb577c6c878a19c4b48a7e5f3279f14cc8d2f510e9269f7c3a1f5449,3
checkpoints/beamspace/trial_1359_RTC_S06_B159.mat,6216470076ccffab1b85143309f7d3848186f8b76cfa33b98154ea78f241e985,c49923f6c399cbf731c57d7bc1eec11d7539f8a6066598e743b5fe1b5b2eaa76,3
checkpoints/beamspace/trial_1360_RTC_S06_B160.mat,5f809837445c8089b2942f067d471e48fb39c1cdeb5548ef68a2a3433225731c,cb7d66b863bab767897626c03dcfcc3df05db3cce27702ffbd0f2a91217069eb,3
checkpoints/beamspace/trial_1361_RTC_S06_B161.mat,b4b0346a501a518c9cceadd9ee7104fef39624e0c954607fa590437058a13528,9ca5ef7618b95b1bc68a7d721571dbd9f8a72b7047a6961efe19c4968c9eb09b,3
checkpoints/beamspace/trial_1362_RTC_S06_B162.mat,dd01944f7e4dc73f722bdd4e2ebe970287735a8cf4e76ca8275db44218896de8,71128c88e1fc1db56f1dedbc547a90f66aa2996e1440b7555aa7cbd5f3f26e7e,3
checkpoints/beamspace/trial_1363_RTC_S06_B163.mat,d58bb09470e26c51e3425e5442da91bec27482252d24636b0f76a5c502572507,4062a59ab1149196c3cb17ac1326362aa3f53c4c1a5f179b5a3c0196cf45fdeb,3
checkpoints/beamspace/trial_1364_RTC_S06_B164.mat,31f62eb52b7edc1dbc587c17ab54e0410eaebf7104dce261c48404b1255de33d,1fc09e587ea9e6efc5b85d00abcebe2dffaf0673ae660206dfc075c41ffc2b15,3
checkpoints/beamspace/trial_1365_RTC_S06_B165.mat,1d10dbbd3096fe229c3a9ed443861d052203dc7f452eed40f5a0e5e817ef02f3,6454971ba366b6c129fd886fa97b6d142880dcd902dc77adf3c771b91306c31d,3
checkpoints/beamspace/trial_1366_RTC_S06_B166.mat,d33f9e6111c9fb3391cd646640d03ba4fca4f420b36a691930dd1de8ffdf2e86,e4d489d49887f3c25534eafdfe39408dee1dadc518644a63eaea98f6b399d104,3
checkpoints/beamspace/trial_1367_RTC_S06_B167.mat,6501f670d410eea5d14d627e1564e3ac988d118c1ffb589f3ab64f1d1ff34152,68e7df3dfbbc96e47a57d0b610b248e8abc5f2ce064da384291b70d7a6cc84a5,3
checkpoints/beamspace/trial_1368_RTC_S06_B168.mat,6747a1494b935a58a7701cc9023cf5d9b0088710a6980ec64be918670eca303e,67636d6db3dd45f31dd4d9491aaf6c168b9c081ddf6d90e2fa86e2c266cd20fb,3
checkpoints/beamspace/trial_1369_RTC_S06_B169.mat,48b3a7395c80ebe62d7ea58c6f122f8256074ea6b4627f62b3c7282de825e549,c4704d328ae3e9d06f64a6909abb70d83c489ce2b87faf6dfd1bae73cc2546eb,3
checkpoints/beamspace/trial_1370_RTC_S06_B170.mat,6e3fb63d2a48e46ebf40e987b27078f1da0d092d9caaf501f15195d08472b8a5,90e9ca9f3fbc11acf436943c04d1668ab1cc92ce533a8f9bc5ec0119853cdcf0,3
checkpoints/beamspace/trial_1371_RTC_S06_B171.mat,943b11d7f4fe642b53753de41645e1bbabc2e365767351d1a48306dc3953fd41,eb78c21b31e14089be33fe2bf823798172e3dd8f9bdcf10efaea3b0f2c6efccf,3
checkpoints/beamspace/trial_1372_RTC_S06_B172.mat,d52c5825942c88223053c7a758bf4f29fdecd26a91da9958ae5bc434c5a08944,6eab030841c18aecdb5cf6b23a6d056bebae50e281b5fab1feb04cbc8664c9bc,3
checkpoints/beamspace/trial_1373_RTC_S06_B173.mat,69fcbd160b172c0c50027039b769fd93a0e537f6df4a616dbf47f852711d304f,1befe4a6b8af5c7e0292429b16e0376d9bdf3f7355f4f8d73e2f0cec64ca4fba,3
checkpoints/beamspace/trial_1374_RTC_S06_B174.mat,6b91255dd46ec40c82f328cb28bc9c8ce228ff37f7c6cbe0316607e9ce7b7d7b,d85dcd964d14edf69bfdbe386f6ccfdb248480d79a0eca9598cd0a56381a51e6,3
checkpoints/beamspace/trial_1375_RTC_S06_B175.mat,b0b00740c5a35d6d02321514bbdff40af9913f5733947b9947c4ef94aa026d73,689bc17f6e3559ced9b7b3adf47fba5622f0a8b24c066dd9453e09019d74ce69,3
checkpoints/beamspace/trial_1376_RTC_S06_B176.mat,e43a05e0fcc6fc864cfbacae07feb3a7d696da0ac45e3c1831928e17b0394090,b5a90721008d2eb19f8f2cebb1aaa03b8a35a32bf363f749fc7758ca7f7f467d,3
checkpoints/beamspace/trial_1377_RTC_S06_B177.mat,c3e7de3ec1c625876bb2167f40951b0502acba5d506381204669291670065fc1,82b22db8230654361757d92120fb105286e25b57505e35fcab1188e363ade4fd,3
checkpoints/beamspace/trial_1378_RTC_S06_B178.mat,092857b3231c6ad296ce00715d495a29c0266a8b775558f69e7e8981628beddd,0f7676725c0a607ff06c81d687c8a6e309ab1956c9e0d8d57877c05566acc213,3
checkpoints/beamspace/trial_1379_RTC_S06_B179.mat,c48a01807931914318e108ce06f8093c5623346580ed7a21f2c3aff5127a51ac,ed51e9f968368668adc535dc4153adef603243eb36a28f2d4f743503e8260d1c,3
checkpoints/beamspace/trial_1380_RTC_S06_B180.mat,b19eeb1f11d7ef27989da92554a8d665ee732c7f289c60cec0d867c846ca7237,9c74725b1377fa1d5980dd5c0e67d20fea853ab556efe06a50b4be137f2c2801,3
checkpoints/beamspace/trial_1381_RTC_S06_B181.mat,36c544d1d0ddcaa690c859c3bd7df88858ba67b0bf0fd9601bc7990e8f80c989,1866774c6070adfaa7c13acf1b9bba594150c3ee46525fc49c51303ad219e89d,3
checkpoints/beamspace/trial_1382_RTC_S06_B182.mat,dbfd371945ce849ea045ddc1603cd6b2ab844651ec8b65f9ae0cd29a62672fd7,31d8e3384d27dab71f7b74e8f54eadbe5828b7c36aa756a43ea7851db90944e3,3
checkpoints/beamspace/trial_1383_RTC_S06_B183.mat,7f5b280c911b4bdc23c9d4d743287960a10c911b880b74e95e7b99b67b876590,2488c143ed4f97bd99a1318ba1d3c88b1fc1372a9604b43c03f610cc23f658c0,3
checkpoints/beamspace/trial_1384_RTC_S06_B184.mat,a3e709bcd352060f7ce6d3fb363067ecbffbe3271ad3ceebd4b5bcf2c6478c46,397cd64032dc13f388d5c11aa98813713ce3106aca59e1ea833c6a1bf7c8fdf0,3
checkpoints/beamspace/trial_1385_RTC_S06_B185.mat,dc455bcbad5f5904c8594588308ddcd437884d38cb3b322afe17b0f2ef1685d4,4cbdc8db301317847e20b5e2818b26a474b0f0e6df16560dd3e6144c43aa7f74,3
checkpoints/beamspace/trial_1386_RTC_S06_B186.mat,03cecdbc40203e793c5b51b3aaa5795c4107b619dcfb73c54598b0c5d1b92954,74eaac4922d4189d45b223d67050dfe97f4b9092814c9eac159501895ab6e0ab,3
checkpoints/beamspace/trial_1387_RTC_S06_B187.mat,72488ec665b1f21b7ed3e118001529c945fe8dccaa436de35d63b2ca176523a8,2ca6f95d4f09ba64c72fb45abd7672179300a3093c6c94deeaadef3aa0d68a50,3
checkpoints/beamspace/trial_1388_RTC_S06_B188.mat,411a87c417317e71d316600f25975392118e06b64beeae3821f5c8656558b1b4,b3eb899241e0b5c652942ff60d369cd4adbbf2a2fcb948026f3819f558ab92c2,3
checkpoints/beamspace/trial_1389_RTC_S06_B189.mat,474f95ad2d4db6c707e967488527f44b161e37d8d6d94dfb8950e16b2c12f089,7382c81ccf1b13be3b1cffdd264abbd1a80f682cf812c57271615e455401dcf4,3
checkpoints/beamspace/trial_1390_RTC_S06_B190.mat,40b9be2ef8a204c2ddf80dc214ae943389c9e29dbd5b119633885bb6983a5220,a59ec012dcdf5c81f0ae67ecacc999e9cce4313076e53e960e64d462ac75cd0a,3
checkpoints/beamspace/trial_1391_RTC_S06_B191.mat,b78cac8f8f57b06fdaf6976c4c3f6df3b4636b36c2b0400dec2982a066e0e7b5,9a840c4072d45bf683f172372aee37ababde259246868c0067b30c30a7981463,3
checkpoints/beamspace/trial_1392_RTC_S06_B192.mat,0055524a5b14859b13a05a6c55f87b394e8d5ed04a417ed809e83702bca84399,9b1cc5754f262ea0fb3c7a6275a8b6339c91bb4271d3f25453d7f0eea23a4a3b,3
checkpoints/beamspace/trial_1393_RTC_S06_B193.mat,973d8cdc2e2138e6b4bc4beddd1fab245e7242e2f5a8effcad5812aae161f635,11850c705e5037077b2c999f9b35a1f82647024ea1d36dcb82c513fe9c63f381,3
checkpoints/beamspace/trial_1394_RTC_S06_B194.mat,77cface216c93d49090947b6b6447a0b8bf70e4bb884a7e85437f2c09961e0b5,53d4f4e3baf059940c6c7c68ed7d4b83e7081640b2ca83ac68f4fad70056019d,3
checkpoints/beamspace/trial_1395_RTC_S06_B195.mat,0e307b3244909eeb8a068c07c73e55f59bd9d9805b759cd6128a8b5b8094cad7,2e425c28bd8bdb85fcf531371f777a7068fe23ed0fa12596d268e0cfb16c4ec8,3
checkpoints/beamspace/trial_1396_RTC_S06_B196.mat,630d59cd6794ebef53d41ef8d97f1518faba206c4eb3503e8b7255cbc93dc5e3,bdf7c43b610ef567f9de81bae5a47deac1136ce62597ffe93b74f2b4433415db,3
checkpoints/beamspace/trial_1397_RTC_S06_B197.mat,7c6bd0359620f90b613322f47e3fd1460c902064b4bad00b42c114d86a5da4d0,bd1a9dd1475650a22caed9fbcb41892e3910d60662075d90d574aa38dfdf6317,3
checkpoints/beamspace/trial_1398_RTC_S06_B198.mat,665d836088f087cae53532050ab35b2a9ff88f31423fb65838e600cbfb197ec8,7d30033f30925ddcb4bf8b325a6567030a884f3cd27771a0c998098527b37275,3
checkpoints/beamspace/trial_1399_RTC_S06_B199.mat,b144784c63966278b483f2c0c532484e117e03723996dabc02d3aab7078c60d1,f5c03c9682e730bab996a4d355024b2d685de67a0856767158a152356d1020c7,3
checkpoints/beamspace/trial_1400_RTC_S06_B200.mat,f5fc876773e6160655b7cfa91d6f322e73458b1e672ffaf329eff3b787d89549,ac8ee0d648b22ea9e4d383eadf5048d6860e10fb498176f337e45ee2522298d5,3
checkpoints/beamspace/trial_1401_RTC_S06_B201.mat,c313c6fba215d9c4673bf6b81ae35a999aa50889ddb01123bf7017ee8741d420,b604d204caf497c74be33cfbb4be67365f743858031c647132479bade088b61e,3
checkpoints/beamspace/trial_1402_RTC_S06_B202.mat,82fe0b8b1d8c19d503aa9558bde1edd164090d7ad3650e09b18bdb1d1ae08121,a3d105c0cb48e02a610209918bc8205ad3fbf321e8e19aa43c93e3529892e1a5,3
checkpoints/beamspace/trial_1403_RTC_S06_B203.mat,22da23f9aaa1fa54af87d5904c25a31792f18bdac9876af6a6d802c37abf4410,e3062832fa4bc30bfe7f0e6bf9dc3d6fbea85aadab2c26a49366fc6db5b87d9a,3
checkpoints/beamspace/trial_1404_RTC_S06_B204.mat,9fd257dfbe383ad45b1ec6b389320ab503707e8bbf9905d2119b95d4418be3a7,c87d8800764a62a884c3ad049f7cc5cf503a1b8d347a23f4fcf7e3f9504dedf7,3
checkpoints/beamspace/trial_1405_RTC_S06_B205.mat,76d9788172ca19760eda85a45f34acbab332902fd7b95b1a15f886cb2f6719fd,3cddaeb7c55677ced1268c0ab0421f5ab3e626898281bc18a4c64a979acd7414,3
checkpoints/beamspace/trial_1406_RTC_S06_B206.mat,0bcc0228ac22f1187ef9b5951dd2ea01c46e4e6960eaa3aabc138d55b17a4540,bfca0c8f9833dbdc63885d66ba08e7946be310cf0e9c3dba0e5592aa762a8cbe,3
checkpoints/beamspace/trial_1407_RTC_S06_B207.mat,4cd5488b4bce425b4b2e5150c0a29a21acbf09ae8fb076aab83a0475e5ce41f3,0cb1212279be536dc3acef58e2ba2df442a810e55cfdd17cd44922b1b16f9a36,3
checkpoints/beamspace/trial_1408_RTC_S06_B208.mat,93806d684bbcf1749dace5a9fe2662618cfbf0e113f99ca03263dd673cb48bab,cde280a0d3e12b511af0236baaa1124e3cf9db25d0c06a8199eeca2478cd6e28,3
checkpoints/beamspace/trial_1409_RTC_S06_B209.mat,85ee5e5053c5dd0e6e1323fa8be8a7026d5cc66b3d0fd2b10d1b47fd4ec4c556,0a4e1bd3897b6bc0695d8b02980b9b95067097d34b7f425e1f29e76397902422,3
checkpoints/beamspace/trial_1410_RTC_S06_B210.mat,15d4c89ea18cf4504a8a20fbd016d934446886b0b39eac6cf4549aede5a9215f,426c84a8b76c2f01e06df08d6299c907209b3b0ff94e3f2ed1794fc3f54964f7,3
checkpoints/beamspace/trial_1411_RTC_S06_B211.mat,1345c0c346abae30237044626d1fa1757f81d4236a7982143d7052bae27f72cf,35f7bff767f2e57dcd9597cfe164a535d5b80533c22d537c7f121899ac90e5f8,3
checkpoints/beamspace/trial_1412_RTC_S06_B212.mat,767ffe1d2b6bbdb60d65a277aa87f2ff77c790a2f80978aa79a2a01f927aaa3b,2541e487301d45679820fb08491d7f853d0239e874dd0b8a799547bd7cf9c478,3
checkpoints/beamspace/trial_1413_RTC_S06_B213.mat,837f3a738c6f5086315b6a03b6af81ea41fa937325b0473cccb2d2a22ef77ecc,6a6716f1affe3567e97130cfdc18517acb679749f670b35413d80ea0cbd1820c,3
checkpoints/beamspace/trial_1414_RTC_S06_B214.mat,5f269dae5eac29765b38069ebed1cec978c6bca1504cf03598ac0be6c2906f6b,340edb06a9c58c5a96b4eb0d9b90da68410a3647444058cbec0d1546341b61d6,3
checkpoints/beamspace/trial_1415_RTC_S06_B215.mat,22e8a55011e39bd9390f304894e70b470d9fa6d483ff992813f084761ac305c8,96063819da6ff18389065b41224e2e00b03e3546df904ebf9a00a51b5269d64b,3
checkpoints/beamspace/trial_1416_RTC_S06_B216.mat,d27699278494941d2f95c2a3e7ebdd4c602b8857d963d6de9c7147a22deb3278,4f10711463b3416c617af2c1dd3bc1e0c4238a56f6942b4038f7bef56389d09f,3
checkpoints/beamspace/trial_1417_RTC_S06_B217.mat,b3606a32797befdbc5668bc7dad56a7e1e26d14053c703dd66717eabb7c1e232,1f1f7fff67db4fb276b6ca47e631d4bf2979e9fd2fc073f4192e88a017644b77,3
checkpoints/beamspace/trial_1418_RTC_S06_B218.mat,6a5d6f72bbdce4aa3abddae59faa51a044f5ab156323e52f54df06b2482ea8aa,2da52182972354226e3aafc016a905d4d901eedd2cd027c14f7384856fe28d30,3
checkpoints/beamspace/trial_1419_RTC_S06_B219.mat,62d60470b3e2010c1f53c816ad0c9076aec5d39ddf36b62c3dabc20573461b62,bc7124e06fa4d3ed7920d863bbdb9e8ead978e1acb7078027f9be75f81a7f364,3
checkpoints/beamspace/trial_1420_RTC_S06_B220.mat,909279fbd6500c4d8888dcde0d54f04b09b9643f4c378746961b9c90a10b240f,3f6a85b97f0a5449d92215c9303fa5d252ea9b92fc97b485892ecb9524a61ddd,3
checkpoints/beamspace/trial_1421_RTC_S06_B221.mat,f9f9801d0403bd0211a0d33dcd83d5f5b07a2f85185e7f6391d9e6be859a6627,69754ec59cc58207ad070d1b053008f6f46f8e210ca7ea8ee155ed809d604611,3
checkpoints/beamspace/trial_1422_RTC_S06_B222.mat,c74f2039131bc1f67c6c1060c297e162968cba3f4546abb43ac37fb021d8f3be,07829a42938a3da52a3081665722c8282ed510d2d9cfee3ee11cbfe2ff7a9f55,3
checkpoints/beamspace/trial_1423_RTC_S06_B223.mat,06e198b5319f22cabbc565d285ea61d30cc97a2933cd50dd08cadbfb7422abcb,8470f948382ffc7a3f839875b431ae146460ac2c4d53a3045016abc7ba826be1,3
checkpoints/beamspace/trial_1424_RTC_S06_B224.mat,f7cba6e5c5a7626cc65672cc26fc206cd1d1772de0ad9fe794f37fbf2da19f96,b275910e14d2504b9c87f51d9e70ee8f2f6055b4db209e35045bdf23e038a98e,3
checkpoints/beamspace/trial_1425_RTC_S06_B225.mat,87c99a001f75ebf5277edb37d9b811b4bade70a679a4d270cc46b77a109f8301,2009683090ef792609a9522e007c687ebed764f5e4589e894f5990f787dbfe44,3
checkpoints/beamspace/trial_1426_RTC_S06_B226.mat,69d2e0a88432104b5ab75b88447751e109754a99b50e07f199e9af1bfae6d743,0bed177b58080ce15419a7f9b12d0da30606b6b8953b18fd1f6672e6e78a9713,3
checkpoints/beamspace/trial_1427_RTC_S06_B227.mat,a97a75a4ea636ed294461fa89853c01a031c432f6e02e09b60ea3807ef59e0f2,fe3d23e5d65cab99d967b83fd15952ab002d8f2305eb6ec30e6d3cc52cee8ece,3
checkpoints/beamspace/trial_1428_RTC_S06_B228.mat,68d3b7bb203b479348607a7a71ff5999b384fed031f0e04fa5cc9e12662f49e2,3a33e6f6487c22ff6e918f2ef2f5ac147fcaeeb43b55718b3d30d178c432656c,3
checkpoints/beamspace/trial_1429_RTC_S06_B229.mat,c9be6cc38e383752f3862a635099eff0de813064c7569bc98e52c5173ec0a55f,e2acc7632b10d1351a85ac3c13e97abdfea280f8e2d47f91d284919005247259,3
checkpoints/beamspace/trial_1430_RTC_S06_B230.mat,bf3e855aeb17c9e892fa074d1c6a5cece58874b544dfadb5a22b8721b127c81a,866895ae19c8b99aaba59b240bd9898b8d8fa5adc6f61fbfac5ec1da82d899a9,3
checkpoints/beamspace/trial_1431_RTC_S06_B231.mat,6e01abd7cfadbb1bbb0b48d6499a6bfe18e0d9586483c081e489cc309de3e1c4,f5d328aa8b3f46f5a712bc477130e1bbc1956ea8b5ea6c6b8b1d1386549adf81,3
checkpoints/beamspace/trial_1432_RTC_S06_B232.mat,a6fccd7ae7ac8e181347391084bdc80ec3a29131ffe732d9d5fda287b1db7357,3803fb5761453d27cbea682ba0e0009442843e15eec1e2b6c3328f53f4cd9061,3
checkpoints/beamspace/trial_1433_RTC_S06_B233.mat,f66edf469f4d48534115178202253a33427609320d2685c658ec5c43e84adf01,ba10f0c1bb96f5d45e9c456d404307ebd7c9bc3849293018a11e14f8f087e401,3
checkpoints/beamspace/trial_1434_RTC_S06_B234.mat,aaa0bee227b5c6cb47e382d9ce8309bd8cb5196624b5486156ac11dc916fe88b,544ffa3933dfb09fb92c2471fd30bdca41bbc92f49b0e2b170e4c2c6683a1074,3
checkpoints/beamspace/trial_1435_RTC_S06_B235.mat,a59a18a30f0f65bdcb052e37758175d57eb1524a22f139f626460b8d59dd3c5e,4ed45fa2e0bfaefa6e70ce1826385c5330610d5019cc9e30b8d9ffee4f4ad36d,3
checkpoints/beamspace/trial_1436_RTC_S06_B236.mat,e590ccd2deeea5b292da9a3bf39ff63faff3ea186f955897954deacebfcc0ba7,9c41ccb59257856a26c6dfd310314c299679b3077824aaadc29825b877d6b56c,3
checkpoints/beamspace/trial_1437_RTC_S06_B237.mat,177399f9f02c6e4508b031b84a6da538424e7d618616a796abf90fd74c124ff7,17a4a9a3e7051f50fe784c7886df3823c283b1507c057036b5c4340e84628055,3
checkpoints/beamspace/trial_1438_RTC_S06_B238.mat,8fbe9a677083dca0e14791c9f67a427aa8889a7795024f863286cb02d965e632,897f81268b2452fff698ceb09c921b2648ee9a77d47f487be2e77c4fd2de65da,3
checkpoints/beamspace/trial_1439_RTC_S06_B239.mat,eb11ac975061bd45c9dd819309b611e75b0c1599553574ad4d53e634e4371aa0,e2934a0cbdce30010a92400df13155f9ce558926c7bfdb11e218bbc84ae70dc5,3
checkpoints/beamspace/trial_1440_RTC_S06_B240.mat,1c051c4a7a491cc8e61b1169980f8c0eec94e322c910a7427368522f4a769dd5,af118495a35dd5e881c3f920a35f995de3461d11ac8e5e91d4eb4fa3fed99025,3
checkpoints/beamspace/trial_1441_RTC_S07_B001.mat,d80372feaeb091775f78d2ed422caad3057a72d01c5591446dd356691c28c9de,5810c80d2a6c1177b54dd9328785ff30b9d9e9a16c04df00c4c8d53006d4b813,3
checkpoints/beamspace/trial_1442_RTC_S07_B002.mat,899d965093a9f415cf1cda9d735b4ae3818b8103def1eb5d220166e8d609936a,2df66a30a7d2b8e7635f4e5d2e754fbb8b3326e8605be1fd2c5bf054a3ab61c1,3
checkpoints/beamspace/trial_1443_RTC_S07_B003.mat,3d96c7b668925568f9fe8edec28c18378aa1ad11e34f34a877ce63a079163be7,479a629eb63dd1f3cafb43d5ad4e951935cd59496a1d9c975ef70132490b341f,3
checkpoints/beamspace/trial_1444_RTC_S07_B004.mat,ec581d0313591e317602a0b80f7e95d9037d53265d08cd499107e443819ff686,19b86f3a723fc018caaf1bc10b98b045ee5af43f06c49305123294213f1059cf,3
checkpoints/beamspace/trial_1445_RTC_S07_B005.mat,924c3024c36f2f12e8c728487e567c83b8def04f6015b0fa1ae4b474f580997e,bb0c785d528afd55e0c092f99477111e47d0b5f46d3cc49b8b324bd3f4ecdcec,3
checkpoints/beamspace/trial_1446_RTC_S07_B006.mat,c3eda94070530826581a48b669f0f2a3f327cb12d35a7ab219280f8a966e19d7,aae3e2912c7f83076ddaa1bcb222dcd43d1fa92d7ee676835631fbf69c3e175b,3
checkpoints/beamspace/trial_1447_RTC_S07_B007.mat,36314f44605b168ce19409587c034d2ba6bda08fbc44a9754b524fc87b613c14,6b871c9f2ed7d767f2dc71d49ea8d34d2804b46169842ff07a4b58263e099418,3
checkpoints/beamspace/trial_1448_RTC_S07_B008.mat,bb2d56c68152c0e779f4fbf48b4485c6fd35259d7d94fee9056f2e4235bd1f3e,7b4984c3ea953a914c9dff7446b56570c4e04022319524f538c114fe46c3a24c,3
checkpoints/beamspace/trial_1449_RTC_S07_B009.mat,0a541a49cbb6eaaf98380b62962bdc4e1f72522a11bff9581fb2234f0c90ae2e,bd7be471e2920f76c2e751b4f2e1118d767c1a79dad60e5293cd9aadbf6dfed3,3
checkpoints/beamspace/trial_1450_RTC_S07_B010.mat,d99ac1ccd099656c1acf46b8370c43a95850e5fa59f58d590a0eadae1e100d3f,3204777d03bf7cb9b2689d7f511b78c34fc7c9ff849fb01fe66ef6833f941500,3
checkpoints/beamspace/trial_1451_RTC_S07_B011.mat,3dbdb731c4d3fe5dd9a7be341629c8b75f11896ee907f72727ce3ffb725e55b2,c3cc30b839680a4e4cd77747f09f4f5b67006ef922db2f4cf8cd13f8aa415147,3
checkpoints/beamspace/trial_1452_RTC_S07_B012.mat,2a7ce9cdbd9fb91e2a739684e249e0c525360cb286685dcab5eb340f8aa05170,79b852a493c6a944d276aef1aefd6da1eb42fb2000b887ab3eaaaf1eb6b3b583,3
checkpoints/beamspace/trial_1453_RTC_S07_B013.mat,75dca676808919cb57cacd85bebd92c7ab6b6fa2a2b6561d68015cdff37d5ae2,b6fb10983b87c49190b36a704e9c274143d412a98cee07d65f63807423718271,3
checkpoints/beamspace/trial_1454_RTC_S07_B014.mat,793eb69ba6ede4225c4dad7d00dccdd387652c5d621d9b3e73aba466eabf031a,d55e31ecf53b80a4e3219c16fcafb4d2d4028cb717f8bb905cfd1eed9b23c223,3
checkpoints/beamspace/trial_1455_RTC_S07_B015.mat,9ed96a7d8249b8437304000e355ae88f621040dfbf8c3579665d8b0b167b1beb,e79129eae88c37e7188c099bdd9a507f09d050da56d34d08b720311dd8446f31,3
checkpoints/beamspace/trial_1456_RTC_S07_B016.mat,81f2b5aba4c0be22736c9a7c33c289afaf3c901384fb182aa9a2914022de03f1,87865ece97223eaf9506db8b42ffb799e72cf48cf5c0f0dbc62fbfdab83626bd,3
checkpoints/beamspace/trial_1457_RTC_S07_B017.mat,db5fa9364656ea6f5c80900c5e4ae3b5127c7d6ae83827eb309fa3d5a4b90e69,34e1e0eb48fc35f777f825286d22c2afff91fa0637dcad505e24ef7ee85ef77a,3
checkpoints/beamspace/trial_1458_RTC_S07_B018.mat,399b7a0a9d8eb184160d69b8802c1173158d17c178a643de93aca4f08a841316,3ae9a487a5f96aa5e3233c80e71a68c590931a673a68075e416a9eeac8dfdcea,3
checkpoints/beamspace/trial_1459_RTC_S07_B019.mat,6740c650e57f42981734809c4c3b12a0c950a23b1f42f4e0de88605eb2820628,335a7c30208b09fb0190691ce81ee87c83eefcca3e4257738a351f4bc46acecd,3
checkpoints/beamspace/trial_1460_RTC_S07_B020.mat,87d237ab6b1912663bfe4393f69a278ecc30f43e43bee3ea7ac42aa88a26bd62,61645448a3c5e2001da11e9b00d2c69fa41656c06ecf668aee1f6f970140f858,3
checkpoints/beamspace/trial_1461_RTC_S07_B021.mat,48c79715343662ea2c0646a323e4c3b20dcba492cf213e5bc2cea809753374bc,d2d91a22cc2a061672c55b054240191bdef8c49cda91869c32c80a5d4f63d5ca,3
checkpoints/beamspace/trial_1462_RTC_S07_B022.mat,d514dbd02a7eb2a1d3af6663c5e8410b8551ab94c8e74ec0b4c987f697fcb7f0,7834467270369aa736f7c6c7f997da3933cb4ab3fd28385ca8e7892eb074373c,3
checkpoints/beamspace/trial_1463_RTC_S07_B023.mat,614d54ff2a47a9eb83979c099a5726f8a1c0e58710353a21b7e5a1441f4e4a7e,405b495414a6c799d1e3073a3e5dece380ad43951e75bebcb82c855451b13fd1,3
checkpoints/beamspace/trial_1464_RTC_S07_B024.mat,836c978724210d021277651ea49f288acfec27ab1702dec17d05675233e3df14,bf0e7023b6782adc38214eac2a54d40016eae5fa45307598ef7fa8d07ba1cf97,3
checkpoints/beamspace/trial_1465_RTC_S07_B025.mat,5522750d8f6158c7a70ebcf07bea61ae92f418c6118ad94cfce0a50c7923231b,4c161e5001adad5f196c7e6204bf757a6f25cc6941473a035a0516009ae32643,3
checkpoints/beamspace/trial_1466_RTC_S07_B026.mat,5163d00bb7db06e3fdf3b0fc3e161c6df87f8737d1839cab5716ce15bb1d0b53,5007325a78d4d2d8cda7c6a223ca46d5f31ba91f6a186ecba7dceb445dad4086,3
checkpoints/beamspace/trial_1467_RTC_S07_B027.mat,97b4124faff0fdc6d0c16b6b2f8521fdc8f904fffe94db143b4e57f1761b044f,3d51dd76d5a0bd5881ef763740eb881c3edaac0e1b0e17ef4fea87e78eb1496a,3
checkpoints/beamspace/trial_1468_RTC_S07_B028.mat,85a49c9ebb8114cb431b95f50c63b562a1daebdeb38319d500dd719fa03bab21,336868f9c53874029dd26e751ea37320adfa39ff7cdf8630b27eb6f02d56ed1b,3
checkpoints/beamspace/trial_1469_RTC_S07_B029.mat,f1c1df008f45b109dea0cdd6a2e52a4e735752fc44858ccc578f9a1283264489,f8453731566427259fc1707a6277cd38c469a84ef8508652e54c5cd83f4383c4,3
checkpoints/beamspace/trial_1470_RTC_S07_B030.mat,ff89105b1f01c1bd530f69beb0c3640778785c5736582001dd28059e75ed90a7,6c9bd44431fd97f72997d1e109bf9eb45876d193d6f9e0abb950f38339684826,3
checkpoints/beamspace/trial_1471_RTC_S07_B031.mat,9d34224f64071bb34b0a02d558f78532138f60af177d9711f3a60be57a745ef5,50a6c0200808c2e819bcd86b3352cb8456baee761c68af188b8118b6bcfaa0ce,3
checkpoints/beamspace/trial_1472_RTC_S07_B032.mat,08794d6f9b39c17ccf766175d0730378c66519f359ccb8a5b59c401a27861523,90c7aad092037878f91642a8b63b7cad86d741af36622400dc697e9173a4b0ea,3
checkpoints/beamspace/trial_1473_RTC_S07_B033.mat,905265726c595e80363ed0c9b6c32b95d1f6aa6c31de97c40bfc33b048ebfa9d,4b66db8313e363152b7993c20b8b05f1f58149c5a6f68fcf0efe845910b36e37,3
checkpoints/beamspace/trial_1474_RTC_S07_B034.mat,41e3d49dac0f149152fe33c7086ae8c7e746898d0ef414dd87b5279daafab23e,c9b14cc6bb75005bf306dba5888cc21e4db86d6ea9ea8dea43b680425362d10f,3
checkpoints/beamspace/trial_1475_RTC_S07_B035.mat,8eef86e46406e2ab01d89dfc278306b43becabc4c79623ed9646770f5b551df6,43081885edbc2fc54978d46f8134af23c7fbf29d62bdedde0881e88cef9d3934,3
checkpoints/beamspace/trial_1476_RTC_S07_B036.mat,ae3a69f02a1209831387b0a90170f8174d42bb1ded7bbe72cfea0ab4d62ac767,9e0dd253b4994460edfe3ed7226e5d57178718c014d182e3580b9e1d1af8eac6,3
checkpoints/beamspace/trial_1477_RTC_S07_B037.mat,ac41caf0bc2ab253e85db9589896a4d440cbf3069de7f53e3610947bc6da19a2,1d176c0038f8c8382fb5465221d4adc060da47346791b0fa9dc3fbf247ec05da,3
checkpoints/beamspace/trial_1478_RTC_S07_B038.mat,e04d2dad58e902f3f063e85c64dc00d541ed5988cbfb618fac7c7dce2850bac1,8a7b1819640588afca0bf98701e999b2e5d96cd8886490e3769429f0cb9a7c0b,3
checkpoints/beamspace/trial_1479_RTC_S07_B039.mat,f71cf10c1416c777599a64da92a548fe3ed214fc2511af3698c367b998799f29,44aab326c0277ddef440cf3f4c56a66fcaf605de3d92900bf62fd2e9e6eef871,3
checkpoints/beamspace/trial_1480_RTC_S07_B040.mat,68c48e07b96a270591859b20ee9262f8421bce8cde8eb609bb0780e6519ba33f,9ce4f84926e932a5c2829eccf7a8e9f22e9ad7191b86804b0c47a0b72589e08a,3
checkpoints/beamspace/trial_1481_RTC_S07_B041.mat,1665773b6fa2d1d73caf5ad05b897159d0c029fee02bb38ebd59001a556e1310,9c73ee697142952757575c5ba13f7ba17b7b7d34e5695571fe4a818777dfbbda,3
checkpoints/beamspace/trial_1482_RTC_S07_B042.mat,7e683c6a9e0be7a222bb823f1b11cb29a925f8293ff409da0a693110ea9e84c4,46443c31799cefa984e593e5c6e128be412727de41a84e581e5204b30ae73dc9,3
checkpoints/beamspace/trial_1483_RTC_S07_B043.mat,5bb38d79d72c31ad112f967aa44a2878814c9200c5a4247c078f65c4e07aee41,3eb74ba1b2930f2abf48691620c808e0da01f95a4ae05931ba06c802357d9538,3
checkpoints/beamspace/trial_1484_RTC_S07_B044.mat,a42eb2ad9f66fcfca192b86a2d4f25cae57ae94643648e949a5527120273466a,0ddb1c52be85b5e5c340a9ae780743c39df4f974c5fe07082dd0d2a349f17c02,3
checkpoints/beamspace/trial_1485_RTC_S07_B045.mat,c5a4b6bb3ab8c47c7b370d028f23762fcd7ab6af140319eba3694e464f95b3d1,9d3ea9036791c096cdb3e06063bc9c01bd4a8c4bf9527c5b500b7492af6c6a8d,3
checkpoints/beamspace/trial_1486_RTC_S07_B046.mat,0ae7601c108e90d848300ea4a10ea6a4fe37adecec54582366f823a4ebcc5241,599a4154c15fac27106f052073c19296a5b2513d83f0981647d153e930724f07,3
checkpoints/beamspace/trial_1487_RTC_S07_B047.mat,b200821fd8d883b73b30332cfbf65dcd9ae63b00c515690f10af57f9dd63bfc8,125e2bb99bab0b3dd0ee6559718b0861f33ccdc71ebb48e177ea2f68bef2d2a6,3
checkpoints/beamspace/trial_1488_RTC_S07_B048.mat,eef587367621add7b6be4e38b80cc47959188bcf44cb9e53cc14cf2e9b6298a6,069cc59e05bee5625e8c632ac68e0973fd710db09701d73a53466c8331f5388f,3
checkpoints/beamspace/trial_1489_RTC_S07_B049.mat,b8e058195d3b69feaa01aec2ea467f90f3b3498d2200b23d6cdcd898c3cec997,37b2444f81b5a698e162d31236c9f241ad0c407afd571020dc56d385c8bb6afc,3
checkpoints/beamspace/trial_1490_RTC_S07_B050.mat,097e17380db2ecfe3a36396ef6d2f44fe0c59a5d09088b9cba065aed5860e6b5,b494d7deb67c982a69c1e0c888ac493e68926210b05ca5ff486d3818d68afcc1,3
checkpoints/beamspace/trial_1491_RTC_S07_B051.mat,6f9e7dc7abd13c918c4d37eba4d5341ff359bc8b242ff4c06b865962de8d7884,857df0f6bc193f36bdff01423af0f9a595647676f0d0a4d83578b9aa78a622bf,3
checkpoints/beamspace/trial_1492_RTC_S07_B052.mat,a58628dd5fa116828a5fc8670c2245f703dd2ed25bd2e8f7cf24141441bbc6ab,49aaa85561477a97c6956de59746a70af53720da969e72e461063f87baacc18e,3
checkpoints/beamspace/trial_1493_RTC_S07_B053.mat,2ca32885e2c327999787608f0c68ecacf90b2d67fc14d74f21b1cbbeb24d7eb9,1f6382bb7f75a5f892a7c30c211af6f30bda32846a804200c0c463ac2afb57b6,3
checkpoints/beamspace/trial_1494_RTC_S07_B054.mat,1531159e01c177885d602f5da5d97c37a039c194f4f99f88cf1a3a7b2f8c7754,62f7658dd2622835f56c2824513f9e0666d6dfd293ebebf5921d97e7289f7c98,3
checkpoints/beamspace/trial_1495_RTC_S07_B055.mat,639841c1be4e09e6052260d24009eebbe278ab6a5c700ea6ca545f69a076b42e,10cdd895888aa460d1b95ee55e817d8aaf0aae8c44ed3595daee1c6040f1fb88,3
checkpoints/beamspace/trial_1496_RTC_S07_B056.mat,a7c2d4a14273d963b1a3d160afa7435a52bbaea61676c10122786c5aa572b039,396efe667e37ce9abc0f250b02564f90c16d54afc44e0dedad4044702f5ef91a,3
checkpoints/beamspace/trial_1497_RTC_S07_B057.mat,ac78417f161e667175fab6c265fa2c5eb0221d02cb3b50eca6bf8eac63b0cdf8,e5a304110acf14bdad2448421eab60bb4f2e1ba4d7d0c608f6a9f7c71521bae6,3
checkpoints/beamspace/trial_1498_RTC_S07_B058.mat,36443d54292b08d825aba6d7aebf666d0068bdd5c493cf3443343308e1bc246c,ac35386f2f77e0def14791409bb3d9a499b45b224b42bebd99896a4f4f3a6e91,3
checkpoints/beamspace/trial_1499_RTC_S07_B059.mat,db10e0556183db1b6de39e0ff93e73818d9b883ef63332e0eb11d32e573ed9d6,37078efb7942e4dc256357cc50ec961cbc58ba6786c5ae12924ecb6f27305896,3
checkpoints/beamspace/trial_1500_RTC_S07_B060.mat,f99ba60e69f851f8098c52627ba0843d6180d78b5287d2c9da909d49206ce4e3,4212afd0a8420c74dff1d4fb5676fd93601a7635a401f5d84134374a1f1db93a,3
checkpoints/beamspace/trial_1501_RTC_S07_B061.mat,56b7089c1e6513d977f4b4a4e8ed90497c3ff51716a4e83ddf38821328439ad9,29e57239a4022c3333f3cb1bb6679ff2bde2c8552e224899e316037bcf8907ed,3
checkpoints/beamspace/trial_1502_RTC_S07_B062.mat,c8225a99f1d123a7d1db4c2e98debd256bbca3319dd6d618e10fea81ce1f3fa2,d4ec301e649510760dc029c27121e2f4a24070536404d295ea1a8af8a4025262,3
checkpoints/beamspace/trial_1503_RTC_S07_B063.mat,ad05f1b7101b72f5fdb95f034e832333267264ff29037e1943bfc3b032773f88,15d58d0448b731bf1a5e344454dbe1d4f1b6018da37141b7286a4b0cf778ec78,3
checkpoints/beamspace/trial_1504_RTC_S07_B064.mat,7dfeed72dc50956901153c8a65093f68bf981c815a706081bd8ffc4022002a0a,bc31e69bda52f236a87828f7c25655732510dc31df3528e2d2b8a38d6a9a2f1e,3
checkpoints/beamspace/trial_1505_RTC_S07_B065.mat,45a06edf6fe56d09f8f0b0660ed533bdd027ae734e50566e3802a35e8caedc8f,2f03f643d4b138df06587aec7800e13e60ef0746f027d555af3c52b8c2f371a5,3
checkpoints/beamspace/trial_1506_RTC_S07_B066.mat,9877469921f0a9ca341b10083eae72685dc6484ab6ee0f5dc8755017b5cb4c47,5cedfc8a17e5ec6ffbc2293b6ffdf9d80d48496a924fa5ebda87b3e053bd4927,3
checkpoints/beamspace/trial_1507_RTC_S07_B067.mat,2dbe7f1cc647bbbd080914d4effaf29dfc72bf6c2a8b8d4a153f8b1e9d070765,a0e9d97f515f895eb5715c5e17ce38853fcd50c0d7450ccf3fd5509292c91af9,3
checkpoints/beamspace/trial_1508_RTC_S07_B068.mat,acf0187a15094f814124c11b4d7935a08bd172c09dc9ab191d5c457b59c9c934,c346fa59824b379b4d7150c0b8dae603a7415a7b2c14ee478d101ba0391e3f7a,3
checkpoints/beamspace/trial_1509_RTC_S07_B069.mat,25b32a6bacf84ca37f5ae9708ec0f6527a5d9af0ce0801da2989ddf4581bc1df,f437d6ca9ed7ca007152645e89cbd8606bbb0b3d5645ffcbc2220c8720b316f5,3
checkpoints/beamspace/trial_1510_RTC_S07_B070.mat,ad1473c59bd462d1e1a29b9fbe0ffac7be8ea053aad0fb857a6ffa2fd5d71ddb,38071551939b16ea3041f3bbbd100a69cf62b95108db04b3d4b67a85ab239b62,3
checkpoints/beamspace/trial_1511_RTC_S07_B071.mat,51c18eddd9728a4cf129a5c43004fac95113b8937fc3d5e9236d746ef921976d,a61ee42b170a20bbabe4dacbb4f11a98c1d2b5f030c5fbda9a2e14fe1a299889,3
checkpoints/beamspace/trial_1512_RTC_S07_B072.mat,44480fafd765c492617fdaf4d5571f4ec826f8111f447eb8fbb2f7b84bcbcf6d,3154f77be8b5e9733e880343ef1d8d0762c8307a4caa79c6ae606dbfdc97095a,3
checkpoints/beamspace/trial_1513_RTC_S07_B073.mat,89755ddd6f17aa0a8f179020826dd12b20369844834598c9779b43d8b1769808,d794d77322ad11f58fdcc5eb4c7ee813064e462fb831022acc4e5920a40f32b4,3
checkpoints/beamspace/trial_1514_RTC_S07_B074.mat,719cf7993a5ad0968124eae6b50893582d4c8c203df0fc4a53be785f4bdd0782,9974e04a4dc45e193e9ccfca0c806b0afd2bfc1efaa46aaea743f1cf1dce0604,3
checkpoints/beamspace/trial_1515_RTC_S07_B075.mat,40a19099601b3614686a02d4bd22619d6b667fb85fc7b8c41d9d0382884a64dd,1e28541eb19944e2ac34a9d36e14d473d5eec43d5806172e3886eafc61b9c775,3
checkpoints/beamspace/trial_1516_RTC_S07_B076.mat,036c77001f91970613329d7fb1d8cbf893450375d6f6ca25a6e7bad39ed4984e,bb7b1eea31a339e99ab47754464e094f93756a8802c9d136af77bac859c3e386,3
checkpoints/beamspace/trial_1517_RTC_S07_B077.mat,e92766b4446b12c7ea9308942110fa076b7c780ff403501bef3a08b24fc360d7,66e51268913fc91c90c5ed6aec623a03e4d5ff5d711b2a1270f9a6527f1d045a,3
checkpoints/beamspace/trial_1518_RTC_S07_B078.mat,b8789c029f30e52f95d285747c6cb9d214c7e6b50f9ea8836ca1106b5804b834,ee7279a8871903b9170585ce9b153d7964026cefd33effe00e1001681a299432,3
checkpoints/beamspace/trial_1519_RTC_S07_B079.mat,292e00657de432aef824912409f6fad39a7dacfa40bee2cd519132c3f5f4b123,e55a9e9f4ca0d4b4f24c789cddf7fb75f744af980c45c8915de42c88955efa5d,3
checkpoints/beamspace/trial_1520_RTC_S07_B080.mat,cadad32d71128de1d20ede22e084ea810a6b5e5ef08d603dc3a32a74a33a968a,c5e6928540ebb699e34029b5a15d68d38bc65c805e8db405b1a562ed90e14521,3
checkpoints/beamspace/trial_1521_RTC_S07_B081.mat,5876a9a6ecf504ab82347c0ad3f9b8e0f7022b725d87f1121f490baf401a9d2e,bfd524d9aa2078017e831a52f9d5973abd3d87d903dc93377ff390c96d574bee,3
checkpoints/beamspace/trial_1522_RTC_S07_B082.mat,4df82d057c2a9ab07deb19aa70670c6043c2d4175cdb7ab033932167d1ed677c,12965e1d0614119e14c16596069af22b19dfc628ce80fa78731bc4aeba46b083,3
checkpoints/beamspace/trial_1523_RTC_S07_B083.mat,90c173d023e77cfc9a209d7f3691ce350718ed49497d4e57c19b2bc8c141cafc,e24d6ba32e439c21820a72bd2109bb2341ce46ca14acf3d2d35b8d9468223436,3
checkpoints/beamspace/trial_1524_RTC_S07_B084.mat,e67575e10c6afa23a2441ad5f0b15215431fde8ab5a094e730a26d5472afc162,e52b0585fa092fb4334594282bfe8afbb4fc20f595d4294073fc9376eab0702c,3
checkpoints/beamspace/trial_1525_RTC_S07_B085.mat,81ee49225457e0dc9694017a2a4d113f3def99f38eef71d63cc5180ea3c56ceb,e3aef338fe632da77ada6b2034e015650b2a66c40c309d3587583ab7a1443399,3
checkpoints/beamspace/trial_1526_RTC_S07_B086.mat,2bf0c346391a1c56ac38ee969bfdf86457025eb5b61099c9bbc96f3af45e1284,43ec4d2734c36db820e3952d17ef901a142920f7a796f3fbff8c5c6afa1b9a17,3
checkpoints/beamspace/trial_1527_RTC_S07_B087.mat,8a1b800ee7865fa054d15b8c743e346394af945b75e0a3ff3e16b26dcd09d512,9d349ec790ff709221c410e9ebc3b339c4766c0ecaff0d94dfd8d2d225c6a485,3
checkpoints/beamspace/trial_1528_RTC_S07_B088.mat,147d84d86c94891efc744f1d69f915a1633f6dadc62969017fa96b1083823ff9,4bbdedd2f6ac655378915e1e5b8deba801947297c11a8050ea569f2a034e6300,3
checkpoints/beamspace/trial_1529_RTC_S07_B089.mat,06148123ecaff4ee91a37170737f7c81ca7b9ff308c43eaa6d0d18006f80b5ec,7cff8d193a37be87c5feb3e1e0395974e103cc77473dc495f1ed9f9d2ce1b42e,3
checkpoints/beamspace/trial_1530_RTC_S07_B090.mat,0e69a7782591ecfa4616ddbbcbcb77d7dd5ff890a72e2d2f0dda9e5d49ee84d8,191b08930e56bd1c24696e53f1b3d53b94ad4eb8051b8cc55b843f894968d91b,3
checkpoints/beamspace/trial_1531_RTC_S07_B091.mat,6105f11de0945e9cf2fa486c0a19540e323cc412d343672edd3dc111b0d39d14,28f14d06cbfccc3896056b760223e5f2eadde6f59085ef70d38f70af26111a91,3
checkpoints/beamspace/trial_1532_RTC_S07_B092.mat,5cb1be6cec070a777b47a8add090b0dbccbb894b04cf54b99976d2b2e33dbdb9,48eebd84e6162255d930d6f26d77d7d7b6a2a804922163230e48aca23348b30d,3
checkpoints/beamspace/trial_1533_RTC_S07_B093.mat,39302aad7d2500a71d77421ab70b0dccdcdcde4e0d8d9e6de34e930d8f22165c,8a8d6f0de52ebe2823c95dd35fbfb29bacbbd5c46c9bd6a2879bc78e7024b433,3
checkpoints/beamspace/trial_1534_RTC_S07_B094.mat,7b2204d3c6d697257f60ae0a5da8a8455af777284b8d0b050b5b857b99dc398e,cac08b690ad7c3db24886d239ee4c1cdbf9563747b0479aeaa7cd3be5ad9211d,3
checkpoints/beamspace/trial_1535_RTC_S07_B095.mat,e0305c7394f63186c7b08df77fb7cf139bffbae6ef74898fc0c51052985b9a8c,2ef595eb195a9c0fe39c8e40b34d82dd08210988e06de8553a4ff4d0ce038e8f,3
checkpoints/beamspace/trial_1536_RTC_S07_B096.mat,fdc8d284ec2b1b8987b3ad1fba6fb7418942d6629a95f330134f26c4758cd6b8,4b705e0e6425565c84dcbcc4f06d018d267adb3eafc0c31b99dfd48ab355919d,3
checkpoints/beamspace/trial_1537_RTC_S07_B097.mat,bc3ef45f9e346ff3b72a479d741f7d256738593654c5b6c1e59f58b3179cc29e,ee05a8d1f24cc89ed014af09d9d92c280682addb4d924d0f3089ada048e21a00,3
checkpoints/beamspace/trial_1538_RTC_S07_B098.mat,da6cc58f177d3474a3b609e4cc9667f436a8ad114ba2e5d6c9d81fa8d20f64e7,6171b4b379e13e6d1094d87cec83dbaa6aacd3d95d1ac9aa731d6892730ac1a1,3
checkpoints/beamspace/trial_1539_RTC_S07_B099.mat,a56abd66c7619ecf16a3492dfe325963247f26585c533606d3fa6a31aaa43e8a,c832e6d74a9e6f1eb92d590519108edf4599416ae30513dad23d137139b6cdcb,3
checkpoints/beamspace/trial_1540_RTC_S07_B100.mat,d694319b7f86cc11f0647c06f5e8e61a173c56058b86fdba8c18f25d1364740b,24fa6cf220a95393c049858c71fea9d1638c82a21824c8649c7b21a761b02132,3
checkpoints/beamspace/trial_1541_RTC_S07_B101.mat,bb2e9ba139f851865e3e09111619aba16e5d3228f3e7451efa3c200e9805e102,236d06a4f58c92e08fd521cc74c49b88072a0985c6b11902e4e7f61c1660c08f,3
checkpoints/beamspace/trial_1542_RTC_S07_B102.mat,d5e26120cd7893bef82df3eebe7720c26b2c3742a28f9fc9e5572c89a5dd9e19,86611a5a712451aed2b3afb390daa0676ebdb2a3d91add7385e1411ba943728a,3
checkpoints/beamspace/trial_1543_RTC_S07_B103.mat,7ec8846505817713febd13d66fa5f6cf0e78119e87f72348b8b2243d3b3d413a,6fe2ea20555a1226ecbd1fb2b4566b258401053e6aec87205f19fc2e00ba9ee4,3
checkpoints/beamspace/trial_1544_RTC_S07_B104.mat,68ca36f60a17bb38acd94dcbf708435183722a608c14149aadbf3454c927d5a0,7200c852f89bd4473a87f103ac6548e02df24769f5b269b2aa509bbb818782e3,3
checkpoints/beamspace/trial_1545_RTC_S07_B105.mat,1da71decb81b33f1a48d612929484d261fd8b003012580d42089a36d1a6e0196,8e987069cc6c2ab1f9cb3c69c554a0eafb71e4a56bf68b6a7cb828fb3b906a83,3
checkpoints/beamspace/trial_1546_RTC_S07_B106.mat,3fb67b72982ce3881ca20afb6d14c5bfcb569d11b6a40c7ab3d88c469171ca6d,047c05d4324c7a4e97ad915a6c6d36737660aff033b79fe594bfb7e46fc5b105,3
checkpoints/beamspace/trial_1547_RTC_S07_B107.mat,9e550124a66dc8f816f1aff66398bfa2bbc525ede306cdb9fb9b2f8b3359f0ab,56a49c0ed79313adbdaa2e8c83a404e2a7fc372f1dcd458c3f33baa5338790d4,3
checkpoints/beamspace/trial_1548_RTC_S07_B108.mat,ee26ae004d3f471d5d96bab311f5871695824cf37a4a8801092fae55c47b0a9f,0592e6165decd8a1c99da79eb320658953d813e27be1c17bbfacb6ccd68a76bb,3
checkpoints/beamspace/trial_1549_RTC_S07_B109.mat,7e2ca13ccf3232582a805d3e7b94d9ea5a1f582e27ded509eb2aa31be19068d2,65da190380425dd93d4123ff58fcfb7e1b8daa38c58f676d94b04572dbcd2870,3
checkpoints/beamspace/trial_1550_RTC_S07_B110.mat,d96e1b354889b5a518914d4a13b9d497301da8d625d2c4c2b6ec00f0ebaf2c87,52cc9e76c4ae8167b1be1590fbbccdd0e3be09444be0c2c45b34ecbd27d4ee6a,3
checkpoints/beamspace/trial_1551_RTC_S07_B111.mat,0d24aaef4ccf119e10e772f4d972f4386c5f0c45b65128fc6dfcd80a1a8f6b77,e729e8ccf45093ffd93f65d31501bae4b12289c6af8f7685c2e47a5f7d92ab70,3
checkpoints/beamspace/trial_1552_RTC_S07_B112.mat,af56179a3051bff6e018f9c8ee6867029ac3213d52f107cb80e59bde97f89f17,46116008d2dcf3b1292c8a18eb7ad0d58bd5690c64ed9822325671682c764c16,3
checkpoints/beamspace/trial_1553_RTC_S07_B113.mat,5bc5b59f1e88f40dad4a7e0913ed5befa0a2ca9d17449f0c15c093a6c1a785fb,00fb34c76f703f0f63f5294e38864c9ff1e9b89f8a5ff4a82a38798325447bce,3
checkpoints/beamspace/trial_1554_RTC_S07_B114.mat,7db643c7424a9c635b458577c5773688c6e1841dc5e8f8b805e9cd45f4e7a3b7,f58db1e8e5c7c4ecace5e1ad56cf924708da89f1201dc65b97e541b5cbddc8b3,3
checkpoints/beamspace/trial_1555_RTC_S07_B115.mat,3fa84bef718511ac2e253bf5a50b22e22ed2d92f1e2665838cc5e311a4d5687c,73aa22c306ed1000f23af3090dbce83efdbf4ac06dbd424fcd030bc801a8144e,3
checkpoints/beamspace/trial_1556_RTC_S07_B116.mat,6953a95ca74caff71722c0d403b20dd16b0e358407e2a5a2c726b9873877e6d1,4c94e014ceafd7b29f2d1cbb547c78352b2230991c94684d80cdf3c6972afa82,3
checkpoints/beamspace/trial_1557_RTC_S07_B117.mat,21178166bd56d2de33c8a5c129e9cdb6dbf10f4f0a5a0dba2d52d41b8f80e117,fb621e4160890b5d7eb86f2118a724b0741c9538a780f62f510242e8b90e6f6b,3
checkpoints/beamspace/trial_1558_RTC_S07_B118.mat,8566840d856be074afbf536e3c12dc975c3adda81b2f9e731e368271bb46c671,f1fd453160fa709d6f88a2783a9a6643ac099eb1f940dfa13d87f5c750e907d0,3
checkpoints/beamspace/trial_1559_RTC_S07_B119.mat,4113ee2d33a26ef1bf71a024cee8648b49e138914448f69ac405b7c575d27a8f,0809329be14593f4f5bab3d0f3b622a2f33af3e5600fcb6cff5492309c4d06f9,3
checkpoints/beamspace/trial_1560_RTC_S07_B120.mat,4335757bee9e0d64ca9f135410dcbad6b3e7fd9dc1b70f955970e6e169540297,046ab568ad040871d93ffc5065025c4f47fc7f486ba06591e8fb2c9d3e4d3caa,3
checkpoints/beamspace/trial_1561_RTC_S07_B121.mat,b7a24e9d0dfd5b32d0953f986584f5d32511a2bdca2e1cc6ca2afc12362bcbe7,65b8dc3de0663c4a76b7400b7b0ebd62e560d9347c3df9e22c60673203ce9541,3
checkpoints/beamspace/trial_1562_RTC_S07_B122.mat,6edb66913c98aac6c415fe9cd92a53ddf038301197a3288e22d1e86f70617257,fd14b6f8616ed1a549b8f92f274dc2493abf01eaa9d46dc1cfc871d1bd6c1941,3
checkpoints/beamspace/trial_1563_RTC_S07_B123.mat,51251e1aa12126864e73861171a401eef1a81a5f7d901d0f56674d2c0054c994,be8533e3c297b07456f871d9f91ba903db8c4e79ef7c34fc0409955f32e3a83a,3
checkpoints/beamspace/trial_1564_RTC_S07_B124.mat,83027eebd6d759296065bb16855e8604b1dd382a8209e3e0eb4d530641207057,59dd1274334dee77d4da0f1e634ef05b09420e23836604e4a5a1bffbbc726a94,3
checkpoints/beamspace/trial_1565_RTC_S07_B125.mat,1208f4ddfd9a452c6e157b2c2a8fa87b0f60f6a279a9411bc1c2c68c47601b1a,7649bcbcfd6bd8cd55a4719e92dc20dbb50101e72dff7ae1f7ca5ede167ca7d3,3
checkpoints/beamspace/trial_1566_RTC_S07_B126.mat,5605360f2d8a4acc3943399c2b38176b73751697d59e05da51ad1ab8d13ca8de,e0f2c137e07016b043aaabbae98ee4dec321233c8bb0406ac8a7e226ad7b7fe5,3
checkpoints/beamspace/trial_1567_RTC_S07_B127.mat,8dc45b7d0d654f571ba23da346d570acbac7fc8cf8a2d6233561e89e954f7682,f06fa5874e326caa62184a93a03f94920926ca3e0196843ff99f6aa1783362a5,3
checkpoints/beamspace/trial_1568_RTC_S07_B128.mat,fd8896f271eacf146dc47f219fd907995ce023860f79b41311fe911d255eb10e,c9adbdb98b5b32ffc78b676e167349601e5008f4bbe6161fb05085d3f39f9c39,3
checkpoints/beamspace/trial_1569_RTC_S07_B129.mat,ab4a7654114b990d7fd2665386b0240a70be87d1c4aa0b866da589814876351e,a4369fc1acb7b089540fef1bb13058b49b8e88482e6a8198aefcc04b7db60716,3
checkpoints/beamspace/trial_1570_RTC_S07_B130.mat,efe2032b0c1440257b9ea2cb58078f615d42e139f87b5df1e6ad0424c564c368,7be9efcc586b3bd4f8838150a279a686adf2893fc36b0142913a026a28b22a43,3
checkpoints/beamspace/trial_1571_RTC_S07_B131.mat,88a376563ead60fee2d3acb2b0acfbf2db50b830acc320e5ff72de635302e990,52acf5d9b45cfe26ad0c9effe3222b7a18ea8feceb978d55f4b1fc1291dd792f,3
checkpoints/beamspace/trial_1572_RTC_S07_B132.mat,347aebbd2b1822a4a65f8b04f4db6b44fbe505a769c97aa3dba77400d7308596,f84179f69e6f3fa0cdd2843c71727edcd1895dcb109ada15d8a21311fd98d89c,3
checkpoints/beamspace/trial_1573_RTC_S07_B133.mat,394fac644cfd26536089cd99bcffc1fe491878b74febc7cb023cd6c7394f1d70,8432b0971a2831d872acc6f16cdb077a23e57fa54643fb6000ce2d116bb04257,3
checkpoints/beamspace/trial_1574_RTC_S07_B134.mat,50501660828231b2c8bf3f2e786d54c68f59ff34043baf66ae8d0bec6ae2cc69,b221b637c5b9621995ddbb66cbb72e44d554e5c5aa578d451f551ed6ccb28af6,3
checkpoints/beamspace/trial_1575_RTC_S07_B135.mat,aa3329594710e213d8d4462a486e1bd08e919c4e4dcf23b96b4a556982b813e5,4ace845947611574312db6f13343a2ed3b131a0ceb813b027e8aa0a6463f4992,3
checkpoints/beamspace/trial_1576_RTC_S07_B136.mat,194b111178feb5082ce26242f4cee0bc4449ac4ef73d2d494459e5dd59d619f8,bcd5e7f90bfeac7957fd1d5d7fd315a246e79681178e37b0d9479de10b7d2488,3
checkpoints/beamspace/trial_1577_RTC_S07_B137.mat,babd56661a05da8a73bee0bfa630e07d6fb9cc122fbc18a3b5b95f98c64b0cda,93805bb6efdbd39ad33042902c8c47a815da5c7560f95f4c945481970adb0b6f,3
checkpoints/beamspace/trial_1578_RTC_S07_B138.mat,ee846b8bb8d31bc14fff441a304017be223669634bd64cccd54d98970849025a,b381fb1f1c3e505167803a792ff43254562f23113043afb6e83d973c35b0def2,3
checkpoints/beamspace/trial_1579_RTC_S07_B139.mat,b8b29bab2d492952c027c861242db66553e978f1c53064f177bdde3e62a19c2c,8da4f194968881bd599b931511581533b0402301d79936b39c6b0913b35378bc,3
checkpoints/beamspace/trial_1580_RTC_S07_B140.mat,4516f3968555585b5abe88554a7bd448145a0911b1c78961c6dff69fada0dd88,ae808e3cf28c3ccb78af3bcdb0578da2aace5daca765f82b68acfdfea375c1f5,3
checkpoints/beamspace/trial_1581_RTC_S07_B141.mat,aea26142ecf092daa88f77948ab058675cf5f1c8b82fd730ff6a92b9739c3a1e,fa14e58d55fb7639a309945ab4c1594049a12735803ea5b1c5c6acfb221f523e,3
checkpoints/beamspace/trial_1582_RTC_S07_B142.mat,585f7dcaebddfade86f5c52884108ecfa15c4d4ac7c8218b9d31df8dd014d80a,6d553452f53987f61cdd9e0f7cc4010576be160e8e60cc255be8ee8c2940a7b9,3
checkpoints/beamspace/trial_1583_RTC_S07_B143.mat,29044d6a3980d31405ee3d42f570f56cb39cc529d1c1c65bc8c074766c13c749,f3f887a0b897d1841cf2344a7225e0ac9c395c322de091c154c84f349c22a974,3
checkpoints/beamspace/trial_1584_RTC_S07_B144.mat,9abf25175169c07ede8f88c65489d318867dc454aae3a7de6bca9fc1440e7709,326caae5c2db24d7a5ff32bce100c3bd04df3c14c9c492b22a437509d4445aa9,3
checkpoints/beamspace/trial_1585_RTC_S07_B145.mat,a7dac4211720a30def7101d4ff20b0c4098685ef2576090a6556aeb599b79ad5,9b00d396cb9a2771240bae7604627f3cb7527d6b6f4bcd513e7f6bee9617e160,3
checkpoints/beamspace/trial_1586_RTC_S07_B146.mat,1b0f934a542423dd99acc99856ce841b918bbbae45292e0e520bee3579d86c46,b2e0c3714d899b3ec53f3106aa29d812ec3cb99f462da82b9b23d652ca5d1e0d,3
checkpoints/beamspace/trial_1587_RTC_S07_B147.mat,cf022927972579eb48437355232370ae329b0aff7711d3871af875f933fbc4b2,e1cdd521372f1668ac3c3404869c5ea969e1322283a373caf698b9da1f3b1f3b,3
checkpoints/beamspace/trial_1588_RTC_S07_B148.mat,ef0a41c1a78d76837c3f2b19e6ccf34f659105646112b6e6857e2ad10dc75b56,cde3d3da42d715eede6c8b7a97042f3e12c81fbe7d901308670aa0d574738c6a,3
checkpoints/beamspace/trial_1589_RTC_S07_B149.mat,11512ce0a16a07d840c685478a38be5a73138329869c64d5312be11302dcd746,2bea862b92a82e6f034be21e335fe185dfb37f3c164c961743651407e8fb6f18,3
checkpoints/beamspace/trial_1590_RTC_S07_B150.mat,6e38374ec18e19ae7c71bbbbf7250f7b51ce3e3fdb6de1d749c44097ccc2e91c,486f99f3de6575a157074a6b42ffe51b5e8a5ca3b42c35e2c5890638725a8eb5,3
checkpoints/beamspace/trial_1591_RTC_S07_B151.mat,00b5d69b3957c3f9e77ef34081a98e9f9ae4306e834b8956328d50ed868f87aa,8e5daae9e23c2bedc144007cdde912c7e01c4cf4f2c35efe4a99d68e07c10291,3
checkpoints/beamspace/trial_1592_RTC_S07_B152.mat,9dc6581c2b67acf26abfcd5fafb43d7e872136e0f36f36beba28864242b9e11e,4ad1cc528ee9df25dd4f39d71cba9727a05883039e934ef0005dd2d7ee39287f,3
checkpoints/beamspace/trial_1593_RTC_S07_B153.mat,9c12347f27d7092102535f1197568e13b68db27908fdcd5e8e709e2631f8f457,b8f01076ae41b0c977b60deee8a52e25f07e65e754d9b74263950ea5558275a2,3
checkpoints/beamspace/trial_1594_RTC_S07_B154.mat,e89bd64c121f2312890280ef9249b0e33ca09723b20cd23ac9ecb54caf71c9fa,4864d3762712f82ccd0d00831a2b3d70c6a8e039e4a394eda36b9a27a55f7ff3,3
checkpoints/beamspace/trial_1595_RTC_S07_B155.mat,cbf594d715283ac8be9112b05d384514d2c051d73ecaba2ceff263880cb9473c,f942121c7be73e848602769fb7ca3d5797f88bae36afba53d4e72e9424c7f57a,3
checkpoints/beamspace/trial_1596_RTC_S07_B156.mat,f7639cae8e86ba7a997a9ea41e4af7b634fe141f4a2770e8b9c2d23e4c534a54,dc1b5a2029aa7ccb6de1b62f8f188c126bc2dd3c6572256cd9605492c59653d2,3
checkpoints/beamspace/trial_1597_RTC_S07_B157.mat,911ac89afa07aba9fb51150bba1ffe08453ae7887942f5a8c1feece0ae18e6a5,dd55802aa1e3f6bd97954c25577b239c50c833b68f37b564c9179d94dd6f9d13,3
checkpoints/beamspace/trial_1598_RTC_S07_B158.mat,d4c113347782b82020105cb1cd3242b913aafc4ea0eb055395a37d1830ad76b5,118123293475941337129ed2da3b6d629bb62ae1cfb7e719589165d69417628a,3
checkpoints/beamspace/trial_1599_RTC_S07_B159.mat,3ba48cb91c45d0deab190bdad8812f7fb498c09f88ca1f46598099474bd166b4,b8894557438dcdf90b0c34a4eed21474f804cc4201326deb5584f230eadde09f,3
checkpoints/beamspace/trial_1600_RTC_S07_B160.mat,9f379dc84139149a59aab672e46ce4ba70105942c6aa4d08478b2312840b9e2b,91b66b3d64383806efcee9f4dae82b862cf09f80ad5af86605dcc66f51bd520b,3
checkpoints/beamspace/trial_1601_RTC_S07_B161.mat,2920f7785a8c4264d194105d3ab05f58c09162f7d549f808b64777cf189a70df,0db3794cf3a7a61eed4677be1a3ca06059e1536d8a7541cc511a30fe57c3f6aa,3
checkpoints/beamspace/trial_1602_RTC_S07_B162.mat,a7cd47f1b4e21e1b1db31ecb1df4b8dcaa1b2b1433a1e203b4b97d9b00801339,c321418906764ea5afbfaf93aee68bc42ccf0a1b29fbca01fa32f6a98b26178d,3
checkpoints/beamspace/trial_1603_RTC_S07_B163.mat,c3deea6724bef848b3249b58c4d50c9f188907d4061a9d02e0b8433f2f681dae,629fa717305d71b3bafce44153bab533c4fd119a43fa82eb10d771e1150a1afc,3
checkpoints/beamspace/trial_1604_RTC_S07_B164.mat,d0c5da72bb075a6dd0f566d70ac01962b10e1339e27ec1db5b1f2e11516c1b3c,821a1561d5231a3fba5e720eb6ded5c6f15437338109e5431dbb5f99d3e7a9b9,3
checkpoints/beamspace/trial_1605_RTC_S07_B165.mat,75ca7de8be11358419a1872ce7040f70a878a602303dfbced898affc30c39d7c,acbcba09dfff82d62fc78eb57f3ea7fe7bf0e3ce271fa92656239e8fdbbf115a,3
checkpoints/beamspace/trial_1606_RTC_S07_B166.mat,d19944dd11ff2adbe9bfda8c7fdab21c8c81d25bc8aeacaa81a860706af7415c,466832b139ed1fd3c69f7fccea3c82aae81389f408cd5a371c5ceae66c54a138,3
checkpoints/beamspace/trial_1607_RTC_S07_B167.mat,29de021e460b3f95ffe1c25b0944208a432f4863fa5d4ea05f3586f00e39d667,72d433dc661a6717f299ba37cd7534e4d111188af2c45c676a0848849297211d,3
checkpoints/beamspace/trial_1608_RTC_S07_B168.mat,2819c15dca0910bfd8328a60c390825caa0269644b408f0efda4cf49de7dcd3f,9c4fff1ab1aab930867d4909e2af7a81fc349a8250741a42912de0ad5254cb4b,3
checkpoints/beamspace/trial_1609_RTC_S07_B169.mat,50279dd545549339aba12079c2743fff97d3744cc38972bbe3e226c4efee8a33,4fd9a440205f547022995a6401193950537ec94add812e63d06845d6228115a2,3
checkpoints/beamspace/trial_1610_RTC_S07_B170.mat,2f5808ac7ea9aad8f82fa34a4c184b0b1aba2cb2df699cc1ac6aeed7234761fc,e3ec94d4c1598e4caad7ddfbb57ca38aec0ee84378984a91ab602dc2f59f6556,3
checkpoints/beamspace/trial_1611_RTC_S07_B171.mat,2039280afa0e0fb5a0ea7d122f9113b3354a4646e858a44a7ad6e1e0a2dae66b,e6f22c8e8d99c3f1d43f6739a8af6600400d93b8eded0d9d406272219d092d8e,3
checkpoints/beamspace/trial_1612_RTC_S07_B172.mat,052ad4e3a0dbbeaff2c05d20743b4d02603f3e6b624c64daff0afee5f7fbd97c,891d3415ec7259dbbbd817a89e7fc7b2c0fe191861c4745e59b381027d970028,3
checkpoints/beamspace/trial_1613_RTC_S07_B173.mat,cf205e32a921925b8eb00646d9a243652105b3997bf60d9cba32ad090cc2bf73,79cafa737a481b0e894f78017bd06482f69ef334b309610c58d7b7acbb22f5cd,3
checkpoints/beamspace/trial_1614_RTC_S07_B174.mat,dc2d8f8728f6ec395011322715b64d671674d21e4a0c9b4f20554bb55a73ec6b,f3fa79f05430df662445c9f3d4138f4835d58ffa5ce7bde8909fc4a9042dab6a,3
checkpoints/beamspace/trial_1615_RTC_S07_B175.mat,13980c77694c4c2ad4949ba3a681b23c8e0a75ac098021e0f11fd5c7ce63ba3d,5af3b2c0b72d082c5cc586258c7977bb1e78d1f7d9acff9fca9d289acda51cfd,3
checkpoints/beamspace/trial_1616_RTC_S07_B176.mat,aeed8e8c698ced7376d2d03718e19cf7f9b2a3dbfae9f98d633baa5e695f9618,46a5452f5e95a2bfdd26d7a22836a56c5e9d497c8c34bfdda73854709ebed321,3
checkpoints/beamspace/trial_1617_RTC_S07_B177.mat,b3cce3613efd21941c41d77424a4c59919f55fe893d189159fe2f62af10669e2,e4a6898393164767d3502ac2efa2d692ea5e92cfcd8e16ad76e6432c35922dca,3
checkpoints/beamspace/trial_1618_RTC_S07_B178.mat,31ea195052b481841db8671a73cf9871fd75a208b7592acddb7743e3259dcb97,d7eed35e5202497e448a0d9d80e844afe523ab9cb76d699bc6d0fe0d89c12bc3,3
checkpoints/beamspace/trial_1619_RTC_S07_B179.mat,1cdc421d1e781e11b1185c3d771c20712b07dbf0d61489bd6a910fbb208f49de,91680ab858dba3a3eaa7784a51a27a41a0c2a7e16481fb9a4822daf5a4097691,3
checkpoints/beamspace/trial_1620_RTC_S07_B180.mat,b12c4be82efc648cc574b542a901a5f5a9d68b0651414a03c99650b995c28e71,6569cb2ec94d53b777a57cf936132d275f2d209e9fd8b630c94525b6bbc95566,3
checkpoints/beamspace/trial_1621_RTC_S07_B181.mat,827d56df1a317fc0d1c164bd9aee8d53514f32c4d21555e8a141b316f1c19c18,2227a5501028db3ba7dd937ce5bc9f5ada213c692a66e771e7d531be1e607df9,3
checkpoints/beamspace/trial_1622_RTC_S07_B182.mat,b2a7f84f18e60780f3f4f75e58ef62c4e457d81842db033e23af4e7087939898,3e70f4841263cfd04f2d8800d8e928df0e33dbfb62c3b5d87d8969948406513d,3
checkpoints/beamspace/trial_1623_RTC_S07_B183.mat,aac68fd9156e8372d0a78c530ad0cf8debb72eeabdd719f23c205c275f896978,a63955ac8320f029781f7ac61f68baae764fae37ca05ea03d58cb34d19d9fc17,3
checkpoints/beamspace/trial_1624_RTC_S07_B184.mat,b31a4186553476c24b3e1ceeec21f4160a793dd7afa4b4a634919a13cc9e4910,2d3ecc3454bece736e81afdd278f2865dfd843133db60eb4358a82d35500209b,3
checkpoints/beamspace/trial_1625_RTC_S07_B185.mat,8aaea3569993c4bc998c589fb2d251ed724e0c31fd41ad1b458f399d06b1b220,af5356fa84c9bdf0ffce682b40d1c113309e688113d0fd4e46a0c22d6db5ab7c,3
checkpoints/beamspace/trial_1626_RTC_S07_B186.mat,21fbbb41cdf5538140519c413ec3062597836ae7aac4b08809a0b02b56282eb6,af220a667665a006f3814458618c0fa862e2b25c95eb332ccf92172cd64c1fe0,3
checkpoints/beamspace/trial_1627_RTC_S07_B187.mat,12fae22f3a00039535d116adc58045053b1d8ca1b8aa0365ade1e0fc53aeaf1e,4eec7239aece7b7ceb0b604c335539357e325f02307672b94f82ef2e18c47c91,3
checkpoints/beamspace/trial_1628_RTC_S07_B188.mat,95ba1d21aa50ee71c9278bcfee6e2b264db537cd2bea8e3b254d2e5bb943b3ef,5f72631f9bfaed74f08619183baa126a1ece0381b110dd7990f7cce204983bf9,3
checkpoints/beamspace/trial_1629_RTC_S07_B189.mat,78e9ba73f3659ad40577026d31d64fe6255f30ab1c822ff96c4c02e705a384c8,d8838d27be975553754b558083618d9314f66290d967e3f926c097209277a131,3
checkpoints/beamspace/trial_1630_RTC_S07_B190.mat,7a83b3bc213b3189579554b04a88faa2f9e6676a7ddd710affb0d5420a93e35d,e283ac0ea9fd53a489f5c4bebe2a01a678c48913c74a48950b574bbfa8c738b0,3
checkpoints/beamspace/trial_1631_RTC_S07_B191.mat,6193b52040d1e999103fb8c0cdfe0b0de73425624dd560ad83ceb22e07d9ae82,c815dc8bea11d5a545aef21d0ee781ac089400bbbe169ac5a7139243c543818f,3
checkpoints/beamspace/trial_1632_RTC_S07_B192.mat,2d7f6d0cd4e31f5bbe212964d4e2d14919076adb49122e5582c6b951dd78f180,8375ca037347c60bc622bbd8d618ae03f87f5dd9a5a92daf32a479a2bbd237f4,3
checkpoints/beamspace/trial_1633_RTC_S07_B193.mat,22a08dac46324efdba7b5d1db7acecf83a796a3408b0b847f024a1074bffec23,b22df186c9b165a9285c568942f267e4b7f035a5abc20cf0d1349e0d79dd54af,3
checkpoints/beamspace/trial_1634_RTC_S07_B194.mat,9e6ef3d58f31450b0340bf5c1f904773f319b29cc434d5a24e50bc57673698f2,6954d208e20c1e0e698a11c508a1066c29d3426f6c7c1038b3cfbb7d74182b55,3
checkpoints/beamspace/trial_1635_RTC_S07_B195.mat,cc51d073dac312f9a1acc67262c842c33781060ed7ca5d9c946b300ca036c350,d571b513ae98b457f1d3e3d707195a4210af991f02d0fca0099af1282e1ff9c8,3
checkpoints/beamspace/trial_1636_RTC_S07_B196.mat,6144ece89f53d27d46908b4b722a16188a8ae7b9fd062846f34acc0a6bf03c2c,b41ce2fee3fe5defadc4a13c99060d80e9428f483bdaa36f681404ac85707c80,3
checkpoints/beamspace/trial_1637_RTC_S07_B197.mat,0bae00b9c45acc684d2dc22e41681c1aa4c90f6cf66f8c39180d74c6dd151721,062793e45a833c0bcf5223f84ac42401d09940f87a8e09ba65601a9099eb0a5e,3
checkpoints/beamspace/trial_1638_RTC_S07_B198.mat,a81fab6070aeffa2a83769bfcfa91ccba2425c99a577cff11461a36b5c3ec580,384b9c7e6ffa85dc450b199935f613f13eb7669e51cedefdea723d0c2e35565b,3
checkpoints/beamspace/trial_1639_RTC_S07_B199.mat,7dc43430d86ac69da3cb8da423893c48841dd937b7db2de9e5df546062b51f81,af1989faf869a9ba2f49e2040c07d26a0ae3ec74432ef2f83f0b2094e4ca6ee3,3
checkpoints/beamspace/trial_1640_RTC_S07_B200.mat,92447f22cd2a87cba07f9cbdbd7b1b682121cb7739f363bb7f130b95ab49b6b1,75fd5cbdc7a8a74158061fee94573da9ec829a402d7d908264b9d5ef3ebe3c57,3
checkpoints/beamspace/trial_1641_RTC_S07_B201.mat,36682e9c42ebc829be04e7ebdecb9edd9f9ed66c59b462030ff744a4c43e133d,b66b53545eb4f78c6ffe91ce156377a9cdcd494f1a6c62f1ff29e04e96e14992,3
checkpoints/beamspace/trial_1642_RTC_S07_B202.mat,71dad7e4d674adcbb57fb61933372ce5cafe10bc9f468f067d632b9f5755390f,ba2ff0fe8066d8dfb5a05cb4919288aaa326209a87d9b457448492fc59dfca54,3
checkpoints/beamspace/trial_1643_RTC_S07_B203.mat,8600c671cedb15784eb7fc88869ad76f252ea6e8c7a4ffa1884557557ef15e74,d4ffb9601ac1124f42c34b999e39c182dbdd2ca5d1da2d7be1cd0030ad1a6cc3,3
checkpoints/beamspace/trial_1644_RTC_S07_B204.mat,45a44fd3cc22f65d6c1bd4a3c2843b6a153e7bf57d79e804810a3c75d4bff1d8,e67139c40f3e8d57223bb494a26c0fa321ff7d70172dd733d3da8176d86137fd,3
checkpoints/beamspace/trial_1645_RTC_S07_B205.mat,b938d17ed08cb4eb6e1757bb73bfa66d2e0cadeae49a419d647999430607ea99,aef221c75c7b82c3673dd7b417ba61a5023996012658270e9827da1319e53f3c,3
checkpoints/beamspace/trial_1646_RTC_S07_B206.mat,2e063b54073c6ed7bdd1a38d80bfd913f47eee0697862a544d1a96c18dc0cb42,ebb27a509a319f453dad88b0f10231ca8d7a71c75252a6331740b66a6896cda5,3
checkpoints/beamspace/trial_1647_RTC_S07_B207.mat,ad554dd4ff953536491dfd0390dc083a0e54c65904e17c63e4a5d21445e3616b,30fa639ed7c8fab3cfc4e9d79bbc538feea20f56d8a987e319d6f967561fe092,3
checkpoints/beamspace/trial_1648_RTC_S07_B208.mat,1149f9c6ece4745581107be24951e4df3fc178dc44fb8ef605e26e365ce35c6c,7a71e120d2a5d29430df11e687b8bff5f3ac33fbde004a395097a11355cbd051,3
checkpoints/beamspace/trial_1649_RTC_S07_B209.mat,5b79e44c87da8b8f8e51f3babe8b5d04b6574bdf9900cb08fe2a3f7758ddd5bd,bc9114bdcae3ce8e65512f0b0e24f4c023da585c1a692834c87e0de897c3417a,3
checkpoints/beamspace/trial_1650_RTC_S07_B210.mat,7e92b8ffdaa24f6a851b11605dccc12d88d015d196aa90454ba7fe39762ae974,323ba2fb5b4dfd757f53e95265d782a0fe4224c06a1da204e0782c593926dfe2,3
checkpoints/beamspace/trial_1651_RTC_S07_B211.mat,f33af1a8aa3ec6aa2df767c2f652a27ab92c09aa0ccea1208aecdcbb385a4d5d,9d0e46b5357c29d98671391605ae88a6575823e8eb98f8195e4e42b3dc7c7a01,3
checkpoints/beamspace/trial_1652_RTC_S07_B212.mat,bca283dd39cc8cf36e9c0b36acc73d545c210052581dcd794c6cf758c3a4cfb3,652d3afdddfc3d1d329613e8b1cebe6d7dff07ba6b2c57d8dd9e60b92bed19bb,3
checkpoints/beamspace/trial_1653_RTC_S07_B213.mat,9a6a2ee19e1918c02fda2f5fd291d903859b6b95a08e279c7eb8a83eddfcc080,bfcc594b6d7292bac20d9bc9c02f2f7f197835118f5d1d08e991fc3ff1103d4f,3
checkpoints/beamspace/trial_1654_RTC_S07_B214.mat,487514b34e346248b0a1160a4b4a51eeb5575aff288e43230aaa044ff403bd09,66da2fe23a018e61f25bcde6a762b6d3e24a1930efe7386d41c0fa74f803ec92,3
checkpoints/beamspace/trial_1655_RTC_S07_B215.mat,6bb058c0326d56d5f0a93bb3e8ab389dcea3658aa8c27ef0f5a5778cee528c06,90478bde598948fcb43b94da3d50367e5362b41f66feb6113c0717d942272d8e,3
checkpoints/beamspace/trial_1656_RTC_S07_B216.mat,bfa2d3f4397d1fca1515ef3d9e4879eb6893f3e625a1e8c787249a54503e3b3e,28539cd0c79f827f8ee523e1f3f044bd3d403014da748f8c6d1eff051ef0c43e,3
checkpoints/beamspace/trial_1657_RTC_S07_B217.mat,45479dcb05dccf730f537f7c4c2676bcd0dc02f1dff87eadd68c59d43bffae73,efc533bfebdbe37a85597e64dce2a2712fcf92e35f2cd8a7df03c9a38b5381cc,3
checkpoints/beamspace/trial_1658_RTC_S07_B218.mat,575a70f131781ed24d158e0491483b7d62a79e6d75e38f0c193e45457bc0e032,0f8aed8a1b5d1ad9544049777f94e1ed0e54d2c52f1b67feb03a238e7ededad1,3
checkpoints/beamspace/trial_1659_RTC_S07_B219.mat,8203781a38a42aa7175eb9109010422fa317dd0f4c362bcc9a834139d4d77b82,7fba4d6cb6fed262cdd9edfe30372e062074ed8e4a6ebf1ebfd0f3ab5092671a,3
checkpoints/beamspace/trial_1660_RTC_S07_B220.mat,744b8b9dd76eb81301975fab4c4d45c3288983d2729dbe9cb256ea53d9d0dd65,c32ce863858b1b98f9fa2b6daa36385fe6d5eba5a3707faaa8fed2d96c6e861c,3
checkpoints/beamspace/trial_1661_RTC_S07_B221.mat,c08dcc93bb5bc3c096d273b81ebf1883ff818ada327fb8cb34f3d675e1715edb,3645b5e8769363bc183cebdbc4dbad5e8f1d60075ae3c64fb20e0d17475030c2,3
checkpoints/beamspace/trial_1662_RTC_S07_B222.mat,7b32a35a2f2b764d75d6f1e5e039581e43b6ec18becd6a858ff1c2bd7b4004bb,022484be77ebd3513b1d17ea7eb345f8ad6ce59f677ff95612e73ee487b67a8a,3
checkpoints/beamspace/trial_1663_RTC_S07_B223.mat,9e6b259e4dbe8862dbc4c2d802b9fbe30b46e6cca94c53ed114e41ac459a6317,fedfb21ec77346daee959a1ec0428d1dac5f2f950521dbc006d065b48a122aa2,3
checkpoints/beamspace/trial_1664_RTC_S07_B224.mat,10a9e0cb54fdc4d67333f9f7ea65c51424c8be414215c04b46e6e60b37b1749c,06b962128d8fe3090ec508a5a44fd91c059bd09402911019c6fd750818885599,3
checkpoints/beamspace/trial_1665_RTC_S07_B225.mat,9c9f448b48b43d3a2cb21b24c22531f2e62ac45abff8ab440baa66fbcbca8699,b0509d44c433371e407c18df186965e1082b101037de4d7940e8dc4c0461c71d,3
checkpoints/beamspace/trial_1666_RTC_S07_B226.mat,4ce07ab49caae5d8d0ae4d10c821365788dc3468b275205af2b959781ed5dd1b,5686bb5ec9f11848f6d8a9e8fb5f7f64caa20d3edfab116f3654dc85ae3e6893,3
checkpoints/beamspace/trial_1667_RTC_S07_B227.mat,e62d73c071a757703aa225eb5992856d4ff32ffb9b38facb84c2fb2463b92f8e,83142f242986dcf8f3f309368d24c2fce2d9ec1f1665c1285219fe1f46cf54f6,3
checkpoints/beamspace/trial_1668_RTC_S07_B228.mat,37a02b080e60a21fff848eb43b6c6dd42aeca552e7cd8a27ba444d3037006756,f6a04234ebf290f65801ac79c365a9067d3e516c26df7e611f30c5f48ed5c9c0,3
checkpoints/beamspace/trial_1669_RTC_S07_B229.mat,f0eeeb3a773e709bc97ed9e6c9512e95e379e47f44ad62bf0383c2045058123f,87a8a2caf0e5deab7828d8c759c50b9416d419fab2047799feeb0b7b7f03f05e,3
checkpoints/beamspace/trial_1670_RTC_S07_B230.mat,a2458f106083696141adb9491b311ba6f48053d7572693e031784f400a76ec49,1493bd604113f38e0674ab1dc350f886412d3f234050b54d14f8e86948397e20,3
checkpoints/beamspace/trial_1671_RTC_S07_B231.mat,5f2785c2f70e2173ee0d51489d7271140829875312f113eb574fa84262b4dcfc,f7679f01b5ddf51b453d12ac3cfd9b7c97acf0136ff6bd2dac6c8cc4bb14d30c,3
checkpoints/beamspace/trial_1672_RTC_S07_B232.mat,0a5a2335310880f5dcaabead220ea293dbcbb704c76d643fc3d7e1eca6e39a04,45f2c18d973c3d41528483c92517735cdb4eaf44bf7cab757c73e6f307305150,3
checkpoints/beamspace/trial_1673_RTC_S07_B233.mat,0385c9f36a2f3a83d2746df3f43d34941d7334d59ec5fd148a17d30904d2e531,89b81a8c7c00338b225baa0bbfd701d53b718b11ed33f9138be9cba27f4eea12,3
checkpoints/beamspace/trial_1674_RTC_S07_B234.mat,ef99afa42ba41414d7b57b44d3357bfdbd21ee6eee94357be0b773d9302a43e8,45bfa0e87653ad5918638021329820b597a26d1ab4c5442ac2c0bb512dd722fd,3
checkpoints/beamspace/trial_1675_RTC_S07_B235.mat,e4f71ca4d2735b7b30e91d9629784398f1c142cba17ee036b6e78f2436750940,37f28a3498d38f61aeaf75ba03788c277e5eb51414e0a3351970ad430fbf265c,3
checkpoints/beamspace/trial_1676_RTC_S07_B236.mat,3581f21e345909df603dfa6f5f2a665666b8b927915866c4648da9cebad16e0f,4dd130e1addf440b41a90339dce8c02f2383590cffd82acc873bf3bb4355d87d,3
checkpoints/beamspace/trial_1677_RTC_S07_B237.mat,ed0c757479d61c024277e7990b69f67253dfc778e286f91f5e65f92f8f4b4927,9a869a95233caedd4bf1d242a7ebb6eeb4cf92f218af5885d1ead90805991a9c,3
checkpoints/beamspace/trial_1678_RTC_S07_B238.mat,6938fc42c40d5e83e960de6d3c6bc7f799a2fa750620b12fbefc42b54a02e7a8,38359725c7e34f51f01b00862129fd445bcae996191b3dbcac4a3daaa771b995,3
checkpoints/beamspace/trial_1679_RTC_S07_B239.mat,3403d566b55d383054798bc39abb01ef8e852dce45ed2ecedba28d35e806af05,1027fdb6427f18fea4a05dc10063f81a6c191b8ec9c57d77fe25dbdc2360845b,3
checkpoints/beamspace/trial_1680_RTC_S07_B240.mat,f15eff84fd9ad2df62e192b92ffbae3bc0fdcb3b6ff3e78312670fb5e94895e0,864f1a9c064d1922bed64a555f5a2980f8d5396d0fcee6ca35772de6d8ba9d3d,3
checkpoints/element/trial_0001_RTC_S01_B001.mat,e73a29613d645b7e22b46810a176c66a0290b609ea591da3584317b449890b76,080408b674bbc296d17e36c8dd2f0d147a1061a911ba950ebe9239c9f31620b9,5
checkpoints/element/trial_0002_RTC_S01_B002.mat,57e59fd1efe1779763b92d69df8d98bc2f975e895a03811a906a301f9727a235,3a0e037095acbabfbb0af5ee6ca5c3b987036d15f30ee18bf30573708e3e9055,5
checkpoints/element/trial_0003_RTC_S01_B003.mat,458677efaabcd5d1a22b50095b8d3e7be67b986f0c91af4c26035633f0ff25c9,b1aa34c06ce4f63fe1bb2cabba0724016ff49e5bf803180531797ceb65db4df8,5
checkpoints/element/trial_0004_RTC_S01_B004.mat,4be95207fcddf1b87d36fbaae4aef0a1607106cc274f22b7e9d2a29f02c7ce9a,d2458534a28353bcca6f164a51c35e3f972cc2048e469200201bbed3bac69031,5
checkpoints/element/trial_0005_RTC_S01_B005.mat,c49e55857bdd604eb289bfe48573d9acb0beba029191e863608d0646d6c9752e,853f90e5268e8366b8f91f90ce0cd01d57bacda4c9cf80d83d2ec00d18ba0c4a,5
checkpoints/element/trial_0006_RTC_S01_B006.mat,63643d7d720d23d2f7e8407f3f5792f919046bc09ff54d569f6217fb7517535b,14f84759dc1d7b654df5ef50246d96557ee9c306815a0f5d563edb9324cdcb33,5
checkpoints/element/trial_0007_RTC_S01_B007.mat,4d03a19129e477fb643837e6de06b48b7c1bf5d27636a825e6d9f1ca562bab2a,e3c190c9b557d80f4b307c97eeb6dd5eb797d7f9f01cde84d9922882bc52cf99,5
checkpoints/element/trial_0008_RTC_S01_B008.mat,619856ac9d9b61c8606c4db6b60003c01cc1fe4ab17ebd84899390a7ddebbe2a,2ccddbbdfb119a3136f0ce0871a11e1355e5230e9215a990a8e9adb5bf9b2862,5
checkpoints/element/trial_0009_RTC_S01_B009.mat,d9e0e800403588bb1cd9e1f3d734aa6b646087e81e35c6d8a209d01517de2776,e00752a1058fc73218921a96a3b74e8b93569d98bb47f2478fc82d60ec748b0c,5
checkpoints/element/trial_0010_RTC_S01_B010.mat,316baaa4b567b78d4ab7f12a8f0bb0a634eeb2a74d3b82f1518d4a0a2a092442,b3d5b99f77a9db1301bddc9d0ab513a9dbc8071c735cb06c6cd6fd7295ee385a,5
checkpoints/element/trial_0011_RTC_S01_B011.mat,d2d7f13cf878139ffaf535714e55dc39b13444d1a0c907855071833ed06ba3ab,c373c007984181bb13d8919884f793c2704ec66f6730024c81281b175aa22b6b,5
checkpoints/element/trial_0012_RTC_S01_B012.mat,4ed94ab2af93591d1c777694685c0a52e01b224240a134fe55fdd8c3122e4fea,594b6b8355b32ca953421891f7fe56f00e73c050a7f702180d60895f113fe70f,5
checkpoints/element/trial_0013_RTC_S01_B013.mat,823640da6a480baa96b84ab4c96c1a200716316feafeb314e384227012767783,47bd75db72c74647c242eba934518b8f51a9cf1a9f449134e655baa9713ebf97,5
checkpoints/element/trial_0014_RTC_S01_B014.mat,12d37ea08491e10e627ba3d0329241224b87ec979799757e0f206d8bdea0a7b1,085bdea4eba04a519841565b105924abd55a518259a6c241073aacf0532b753e,5
checkpoints/element/trial_0015_RTC_S01_B015.mat,7870a8d44b0ca28f24051b1a774fa89e5ca488b125476662e393b6c3aa531407,7225ff7711ccb46db9dbb01cabdf60f7505d91ab78122a8d4fd8c1a973154863,5
checkpoints/element/trial_0016_RTC_S01_B016.mat,cdeec4e321b15d0c06b01e95ee1b0fd9f100af906a230ee05972dd27fdd989e1,ae2cf3ba0fe5805b212932f7af973dde1ce5feae176f2d42d4bc05249051d597,5
checkpoints/element/trial_0017_RTC_S01_B017.mat,62e6ab0b8330244da916d947b05bcc0ee40ee722fc26f6dd654486fae991d000,4eecec6e2a8055bad1ecc2683f3edb484322df34308acf88e0798392ee204a35,5
checkpoints/element/trial_0018_RTC_S01_B018.mat,88ccd6ec9dd7d66c275214840fe8eef12f6f6659f367a5679c80f5d51952ce78,fd1486ff833c530ade04d4875a1814d7814a48eab2273adcfde9cfca0d141b20,5
checkpoints/element/trial_0019_RTC_S01_B019.mat,d276da2a786b8c57b02634b395d7d88516f61b9006714607553a8077b9de19b5,1a55e6af6b5eb00fbcced3f6f6d5105bbc3e93d880d3e1657275a829fafdc0bc,5
checkpoints/element/trial_0020_RTC_S01_B020.mat,a75b1fc2865563941b0f027a2b2cb8da56837903014a541615f5703b8519dcae,7de81efa7ca5b7cd67bb65206ab729a3bdfa388f2a3d7808c5a306cbb6fd0b4f,5
checkpoints/element/trial_0021_RTC_S01_B021.mat,0cd051f325748a5994f7a24779b11eb3da49375340d0c5549b985fec6a8f54ef,23318a42fc0105ddcd3117be1a829354fc41f16f9435081ad45e67b7f718f96b,5
checkpoints/element/trial_0022_RTC_S01_B022.mat,a8424c4cb0eabd13e47a42c178113bc25d6361686bcf339606601cc0cdd1520e,c896fcdd78fe61b4c141db816c634d396993eeabff854c69b3f6c1b5d67d965c,5
checkpoints/element/trial_0023_RTC_S01_B023.mat,8afa9347c7c3b2886b0dd8fdf118621e27f622820feaae5c1cdf8794663182cf,d5c37545d7f193b28382ecf2a37dd73f8fa52a9d976f5960e3ea87001bdafb78,5
checkpoints/element/trial_0024_RTC_S01_B024.mat,59b4f2f088532c3898dc5b2b4a33fe3e10ef64429bc8735870dc9ba4952961e1,5ab13da258f8722ec2970efa10bd4598a74bb19ea3b5527b1b866de9450a05d3,5
checkpoints/element/trial_0025_RTC_S01_B025.mat,dbf67db145a013ce4db44a47a5c94b78a290c6d5a6e2f79b0bbe7fa544477f11,7b74f6ccdeac735bee66d46e2a3d63c7a015de483ca829838c1f7abbd824d50a,5
checkpoints/element/trial_0026_RTC_S01_B026.mat,5711bb54bb5c0459f286832ee20d3b1f171fc3e57765dd875ad2a811b1603efa,3b6d809e9e589111c82308d23dbd89c6ec6f8b99d5c0e0d9065cc8d95f3a3f47,5
checkpoints/element/trial_0027_RTC_S01_B027.mat,33bf11910345d11a27e13448a7c88477d6733d704b790ebf2dc565a9e053a33a,a1eb5c570e2abe70fc3f508026ed1fcdc9fb930c8e008db404bf57ceb2ff3455,5
checkpoints/element/trial_0028_RTC_S01_B028.mat,c41a1cb686a6462c4ca29f0774f57112e5ed821ba19d9cc63a8ae803e403b3c4,922ef99998db53c5db8e7405c4ca1b324419dd31a7413819cb4affe3a98c460b,5
checkpoints/element/trial_0029_RTC_S01_B029.mat,f44e84fc98c84f82d8c2fc0f4954e3c8ab0be37c4a3e563d61f8cbf8d2689076,f8382e6f1663c73483c7a50e995abeae55437e8fae2f4293f472b9419377ec31,5
checkpoints/element/trial_0030_RTC_S01_B030.mat,d64563f6e1125439c8cfe8941d9a725e0b0a53766c43de60f0b4a0839a6b05b7,9aef6a588c459f65a65e21ebf24ec843f39692da6761100afb09e58bf5a0aaf7,5
checkpoints/element/trial_0031_RTC_S01_B031.mat,a817be1b53fb137765e55acea334796267bc91210fe8e121039252a852824826,97e44da1d7b648a312d06ca7990058e73511237182a02ef39f1b1d28da4bddf1,5
checkpoints/element/trial_0032_RTC_S01_B032.mat,12b0f7622d1c1fc34cd20f18901f7f08dbff1f934589dff2242e67644cd6c472,ebfdb3fc5784bca2b87f52af1b4f4b45c88a17c7786e136a8f8a5e90198f048d,5
checkpoints/element/trial_0033_RTC_S01_B033.mat,5d978d8c896943c5a7115b2072fa89457ab7dfcb04363ed5b96166fb4226a055,ff236fb6bad2b549e6bcd7483772cf1f3c05dc70e495c5ee197578460bb39714,5
checkpoints/element/trial_0034_RTC_S01_B034.mat,4b4ed2496166f91700ed9c725a0052ae044e5258b05e949bba522ad214838d9b,bf3e467a165cfb7b3ffca7db0d3e0212bb6442a57f2b0e72ad3db25b20863019,5
checkpoints/element/trial_0035_RTC_S01_B035.mat,ff0a76402a7072a0b4a55e24b266d4b7a653d2e1a8aaeae34be6ba16df5abccd,7d5a78f40f487a5f9a3ed0c0bd4429d933a28f19dd89e299111d71fac7193a31,5
checkpoints/element/trial_0036_RTC_S01_B036.mat,4b4bd83a730ebc1cb219674ae51bff736b1a25382c6b4e531d93d5864dde0dd8,5820fb9b99a21137c46722d9d97bc1eb79d6b2ad6a2cd6647f82d7115c1899e0,5
checkpoints/element/trial_0037_RTC_S01_B037.mat,112e442d9c740085f0ec7630372ceabd651a2fc03c9e3751eec4281d5e6b0602,51bb08e9a81618e61cb932e3c877a0d65a0ceb86555dd43505c7f13e424169d6,5
checkpoints/element/trial_0038_RTC_S01_B038.mat,530cb72e686b4d3cf22584a2bc8b26302581a249fc3c3fa5bd8f0f4aa4e10d1b,0047d9e04ab9df859dd893af2188e21061023d6ade8bd0a4d5a7971d12c517ef,5
checkpoints/element/trial_0039_RTC_S01_B039.mat,7904cd1c852a0409304ea9621e84fb417b1189e3358eb67e083e114e28591a89,5bab563adda655cdc1bac3504b0b3820047b6d8bc95b112dc930d37c510ecd89,5
checkpoints/element/trial_0040_RTC_S01_B040.mat,b8d705676a19e4e3f17095320aafab4687cd500e56757ef0ed446fee591d8ecf,267655729f08bea21fd2fa7cf1831014179d73b278df454fe5738214a78ebf34,5
checkpoints/element/trial_0041_RTC_S01_B041.mat,21c8a84aedd0795260c09ffecdac6ddc57aaf208cfafaf674bdb207db044192b,4c7cf7d12668453837c1cd12a11a4a96af74a4f7356698e783976692e7ef2de8,5
checkpoints/element/trial_0042_RTC_S01_B042.mat,d753cc42a9e599a408eba2af4788c0066874fced955ead7a1dcc1e42edc87fcf,535ca964e29d5db9e44cd3e0d49ee6da921ac763389a19b3abed6bef431fcfa0,5
checkpoints/element/trial_0043_RTC_S01_B043.mat,0da86676bc6cfd36db64f115d9f244aa3beeb02b98a54f326e0fde9c624afc4c,0ee3699d8582892b937fc8e6063a122bc144b4f06f18945b0bc977dacc0b0888,5
checkpoints/element/trial_0044_RTC_S01_B044.mat,dc8e0743236a490279cf712a480f9e3f20641287e9909b52b5cf43040976095d,ad75c898067a11564a12cc6aaf4abaa1e812cc6223e31f6a59d74b1f987d2b07,5
checkpoints/element/trial_0045_RTC_S01_B045.mat,ffe79839ae6a38f3a05425feace2f5f07432f3433552b8a6ed2e7dd0011a80de,8cc462883d9ab40c11b157e1ec9a46f4026684e1032c339d311f76dddf523efb,5
checkpoints/element/trial_0046_RTC_S01_B046.mat,d82b708df59c7462c6af961bde4f53a5abb9efdcd53c8d7d7f2d11c099ab360d,ef9ee3644dbee64d869cf743c72cdc8c1692de6589f31af6a7a311b7037dca52,5
checkpoints/element/trial_0047_RTC_S01_B047.mat,b322c157e4f0650520c8a0af2e35df891fa20362fbd0c36858d81f04c94c2dc7,405a8cf3fb7d5e5655cd52ec5ec1e18502f2ac000e454b2da62f800c1b33fbaa,5
checkpoints/element/trial_0048_RTC_S01_B048.mat,5fa10bfb33bb006788e8aa05bd450df5b9011c36d9061413e1ad8d7a946977fd,49e540e01bf1e2210201f4d4806273be68c044866171331fe78c25180d862510,5
checkpoints/element/trial_0049_RTC_S01_B049.mat,84a0f80940782693308c3abbb1434a5e959332d368f795ec857d0eb7a98d1c1f,7f5fd842337f95cc5b74217941bfa9dba8dff6bc42d18ed6ca1285e8e207d8f5,5
checkpoints/element/trial_0050_RTC_S01_B050.mat,3fe190b1102ccbfccdd095753310e666bff9f88b9cfa2cc1b540529fd647cef5,3298190765e9b159a531fa57c8aeb9d889698214e51f33d818f59f8fdedd596c,5
checkpoints/element/trial_0051_RTC_S01_B051.mat,9dc3ecbde998c65b1db1a14836682ad25febccc9d2b8ee63683b6ea3c8313e2f,e11f54bbca7fdf60cfa173ab75f42d1c4475d0e03e8ce72d6fddcb2477632bd7,5
checkpoints/element/trial_0052_RTC_S01_B052.mat,96979176915df022cf1baa4c9514160d421e65079c15ed97839c4693cdb6b03c,ec941aab050840f5a837770f93ac2b3e3a11d0ad02f8bcc2e7aa24e46b86f3d7,5
checkpoints/element/trial_0053_RTC_S01_B053.mat,7f49db7995a66e5a96413810be997758aeb6369eee85bc46303cb2a85490b950,0c775141cc0cec6d4e2aedf2f8df08c48f444deefcd5b0439d598361e073acd8,5
checkpoints/element/trial_0054_RTC_S01_B054.mat,035cc59dea5cbf812f4db17650cd5ff552e07922269a291a6005965923576695,b20e15a8b618e8c8b825b99998ff2e69a5209684777f853a2a149baa240bd9d1,5
checkpoints/element/trial_0055_RTC_S01_B055.mat,8c60a706769982ddbba9e4a4ec37d64d24c6a4c1b0885394154f574ff8eabf71,c7395a98292ab2d59464cf5a97a40f888d52c89d88df94ad0a8e9881fd1a516f,5
checkpoints/element/trial_0056_RTC_S01_B056.mat,97cabb4621a01c343db941a0c72e3d121dc44f7bf6d97807e3e61427908e4cc6,f8d61f97602eeb1e9c8a2566ea07afd369a77e6cea4b9439a93e8bfd5d3dfdc8,5
checkpoints/element/trial_0057_RTC_S01_B057.mat,2e83884e17724fbc3cf56b48cc5d93df4a7efa8ec5636001c93b6fb8ce48623a,0bafcb24a29a5ee8dcd0620537511e895f4d8dc6254cca77a596abfa841699fc,5
checkpoints/element/trial_0058_RTC_S01_B058.mat,77a339ce01247e342831f87d52a75790ab93c098e8207aaf3e38907cc08cbad0,dfd8735d5a883db5a8f9d8b9f8c9c8fc1fcc429ebf4f733592f70b1557073543,5
checkpoints/element/trial_0059_RTC_S01_B059.mat,5b4124e6ef2ebd323944984e6a6ae610bc89f8644584e8ca1854921017894f36,de589fe2be188db3d562d5551647494758e80e3c1a6d1d9109cc39796979c962,5
checkpoints/element/trial_0060_RTC_S01_B060.mat,0a9cf078493948d28e087bda75f0710f78c334690390b09a3c15eeecbff3477d,49044ef4b5de9220c85b9c3c05f320dd5a0cd7c9f92a28dce4b4552986e6c233,5
checkpoints/element/trial_0061_RTC_S01_B061.mat,fb23c90bcb6567f9a7a8f8801c565179204ca7e7d4062e3f555fa3219bebd273,333d0ecb2eb708bcd24ea25ba028bf95edca41697dbc33fba45598b389e95a32,5
checkpoints/element/trial_0062_RTC_S01_B062.mat,ceda00fe1496b534b5f186fece9c923aa91e7955812126f7a819d69a65a7c880,9106f484d5180325a7379604c016861c90283fc3eda700732f8ffdd2ccfb7050,5
checkpoints/element/trial_0063_RTC_S01_B063.mat,9506c6be5f579c7b237ef4a91ec5d49ee4b8df008a526875d4845e2b3ee86064,e65bc3c53a2de405c0029aa8642f906507bd648e5facf9086935b32bb6492c0b,5
checkpoints/element/trial_0064_RTC_S01_B064.mat,0e329ef29a06c1a521a22c23544bec70d112e438e1cf23dffbbaa25942d41c4c,59f68da29d6e8ba8e2a74d345eb65e20c28c93e267393fed9876a8e736d4af4c,5
checkpoints/element/trial_0065_RTC_S01_B065.mat,12aa8ff3ff306f5cc7f3a752ab4a4a534d9fd02134fb5ef2c0efe48d038947f0,5984c350edb71a6c78f09f54685430043703b6598165c29e04b64e3b9a175744,5
checkpoints/element/trial_0066_RTC_S01_B066.mat,5d3a704de3bb7aaaf05529b0698b44a22ab995d283323ab7d40050e0c4d2baef,ae1f460bb286186349105b1f80f2ec5ac22a1819d6a24f586664d74d77e9bcb6,5
checkpoints/element/trial_0067_RTC_S01_B067.mat,b1bb93915c077eea3f0509fdcb7d93f074c2687cf9282634c625f7a859505d4c,02112241fcc25f62a210d364d0ef8f25bb3b6e0943d78a8cd5958368a358f99e,5
checkpoints/element/trial_0068_RTC_S01_B068.mat,548d086596c40048f8575989b406cbb17f33f5ef1e7a24e9325c598a3293c94b,94f28a33e8fbc8c80d6c0d68013188e4d5a8b37aff06493d71d05370e2784ffb,5
checkpoints/element/trial_0069_RTC_S01_B069.mat,2060d4e354a0b50415ded2b7e85ba2486c21a112f26e2be08ec3be1cf8c3f018,8ecaf386274a9c9acb3e58ecf655c63500f767d0a4f8bf85bc734a8f11be5caf,5
checkpoints/element/trial_0070_RTC_S01_B070.mat,bc87804b10847f634daf5bbe76979eb228f80b293a392694fa167b2a52832380,6e1a8b311792a1f485aa11caf5a93d3509cc5099e20699d1fdc74ee5ec88292f,5
checkpoints/element/trial_0071_RTC_S01_B071.mat,b916e0b185f5a3cc54c580742f7c897ff85ae2555d2fdb5007c07bbd3368d294,c4bdc6619a308bb0b13750dae08a5dbfb7419aa5091deb59db916f424f04e926,5
checkpoints/element/trial_0072_RTC_S01_B072.mat,cdd2447fdda43c881afed271fd24d316e8aa416f6ddc0d989dfdafb94c7dfa52,3660c971a932faeb21509f8d9be06b39fa9158a96646b63fd69e7cef2ced89cc,5
checkpoints/element/trial_0073_RTC_S01_B073.mat,a758451d0dc76550ebcd4879f56b6ba276800f5a4600f7dc54366dd0f61b1741,8cb4854868a93d5e4550b36c80bbc5db0532cc67df35510451c65af56e7a3f11,5
checkpoints/element/trial_0074_RTC_S01_B074.mat,71f39b77693d3e30b70cabcc34b0535a014d13bb3fc06b58d2e1a356daab2d01,c15ceff0d5712f1b969f30db2a04878242a676c371e66b2052402a7ed78b2e97,5
checkpoints/element/trial_0075_RTC_S01_B075.mat,de23be00347af9a011434c36c669f83dafe1c1d48fa42329bacd5f6d851c9b85,5cfd4dbe4541214c54b8a31c2a36e0d88a957165d01c95dd26d3084362e5f868,5
checkpoints/element/trial_0076_RTC_S01_B076.mat,1909ec73fa2a8f113bda29027aa0ca1f344d81dee1a7c11cc9b8740c26de3386,a8a9d83f9f177cbb5f36ca78f5c461f9bbb926689a194d4525bdebef7ec5da9e,5
checkpoints/element/trial_0077_RTC_S01_B077.mat,56bd0cf5b9032c572c083c6d56d53e13986f9c81e1d5f6c6383537041b31286c,55402337fa9257bd8dca301b258bbbef81ec99eaf02e55559da46f019c4f0441,5
checkpoints/element/trial_0078_RTC_S01_B078.mat,c65bd8602bcc613d53e6017597c34a3eb26011e0381e4e021b13d17e1be5f443,9f0a9fd3a89e73733a21756266c43e15463a53d27eb8d37197d1c6a5cc7dac4e,5
checkpoints/element/trial_0079_RTC_S01_B079.mat,48bd96284ec7808210945199cdacc4f8cc8490a87b3018974a06da64c1ea7f27,5cb06cc24c9cd1375b72aa46d2f0a86448c4974a57850a50eaa2dae67f0f01e6,5
checkpoints/element/trial_0080_RTC_S01_B080.mat,388bc8afbc99ad0cbe966f02e3722d86c4bc640856b8cd4b92bc88c95c95a55d,4709912ee16b20aec33b283404723a072d5bfdc0055e8e06852114348e8e6df1,5
checkpoints/element/trial_0081_RTC_S01_B081.mat,d154915ebde8884ade3078bddaaa87846e3a091f35b3ead48e287a6ec48a47e5,aa663424a9dbee87493d95db409daaf9710e12abcc9adb0a9b14d2a482788d73,5
checkpoints/element/trial_0082_RTC_S01_B082.mat,f5d751e59578b41af9e035143774412b3481cf98f9b62d6139ad24d6ab4d3205,71f4e25193fc5483168e053a025f90130c8b45d508a242a5d77c1c582befbc9b,5
checkpoints/element/trial_0083_RTC_S01_B083.mat,7511895b577e0032a8d362a0e9f00f017b4c5ff6a1dc8684d0b37dfedcf8be92,d9c5fafaf87c906aa895984050aa4cd4705027e3cb47873f54b9d7aacf77d634,5
checkpoints/element/trial_0084_RTC_S01_B084.mat,46a274f27e2ffec97ff8ecf98c05cfcfa07c2ad57952e5823f23fc2c4bc312f0,40a660b4af52be84dab7a18ecec282e9ec3630cd231b53d20e397b707af15300,5
checkpoints/element/trial_0085_RTC_S01_B085.mat,340d05ea84d96c9ba55756cba2f29862423a4fc39afbe2b55708a17154bae1c2,b79749e4ac92efc5a99357b83c593ad7de5475fda80581abf9b310e070e9e7c1,5
checkpoints/element/trial_0086_RTC_S01_B086.mat,648dd3bbf3e08ecfbe3d06acf39d810e75673bdf4b024a85a322edf060d3e14e,865235f268e68096cbfd5a0901dd53d6b92bbc8c3a2fbbef4ad169145d40ced0,5
checkpoints/element/trial_0087_RTC_S01_B087.mat,724bacc72f7562cde9ff8616e220930ff97c41afc9baa3cc0786a240059680d4,5989ee416116eb4eeb87b5f198c6d2a23f687f3e8d480c40671b9cf748054cc5,5
checkpoints/element/trial_0088_RTC_S01_B088.mat,99ad294f3b78a4f3e02784841b13f89c6a271fca7ba81bc5012473561db3ab14,c0e293456c0ede973a24e8673014974f6ee36198291add74d3f209c0b3ca710e,5
checkpoints/element/trial_0089_RTC_S01_B089.mat,84fb66efa6bb4157a569ca0cf5f1dfe040e8873a53ec04fac3f2da5bc7c9ccb8,862f7d0b56a0249c36fa17df76bdd3022034a241c9d9a2fe60de4b52263d411e,5
checkpoints/element/trial_0090_RTC_S01_B090.mat,6e476de5c69281ed07aae86e873eeb81d5c2dcd0c60a8bccb1a9112f1821c34b,7ca05504eb64c19a361221143cc4006c624953eeb1dd083d0e2b46edd54782ad,5
checkpoints/element/trial_0091_RTC_S01_B091.mat,d51878202cbfb96f4d42a210ab186924d8b3525119a91b5101328bb1c181c65d,605df16385f843304a7b8732160a36a68600d5457946b65173ebc9304fe445e1,5
checkpoints/element/trial_0092_RTC_S01_B092.mat,6eea279213592ae16be4995d42d4f2ee1c46f5ccebe5b838e75cdbf5adbd9d92,d6f6808a025bc46538d61b24e1eb3b7a5d64b41190830a2a509b941373505093,5
checkpoints/element/trial_0093_RTC_S01_B093.mat,eddbf9e250fda3883a69998ee3a18b0d8a12423d6aaa2f7d14a1665cb2c21ad8,1458574c6c9b461e4378d58bfa444ae16f527537931abd7d66844f7a4b501759,5
checkpoints/element/trial_0094_RTC_S01_B094.mat,dd3a483a044ed58b73a767a7656145009cc8c93aaf2bec7ea95dcadb1fa577ed,31b566b4f59de0bba24ef51f2d89ed54cd76204ac0b2f499108adce3c5014f11,5
checkpoints/element/trial_0095_RTC_S01_B095.mat,ddccbd46b45392ca0205d11c125ca7cbfda7e82f919b61515ba12b11d2292e77,86512288a0e72bcd8ba90de1be673d3cae44707c2fb957227c22ee3ae91be0eb,5
checkpoints/element/trial_0096_RTC_S01_B096.mat,794825d716060f234ecaf92339d916b3980422b8bcdf40fbed7b6ba795751689,e1f4ef9ffbfc77bd31cb649fddf62f2b738d7864638c101cf4509eb023a08dcc,5
checkpoints/element/trial_0097_RTC_S01_B097.mat,1f66dc0b9f94ba5520aa6494d6d61b2626e954d61434d4bfbbed43a157260614,8ed7b73bf57becad48749d8b40681ca3198df06a0128ca9588a9702554824196,5
checkpoints/element/trial_0098_RTC_S01_B098.mat,8f6c30e7a8f06e5134384941eef5661548497b3c040d962967fcdde6cf6dc073,f2983ea9f6a166fbd06a5c01acc7e88f47c3a481be8cfa4837fb9774a64ccbfb,5
checkpoints/element/trial_0099_RTC_S01_B099.mat,547bc30b106f59c940f0ba9f69e53471ea850481e0e5d6886e42c9af22bc903c,7062d5f97d3dc2e7d28e98af3f0a79535d3d7e4b6f00f862973d05f2f0a2b0b2,5
checkpoints/element/trial_0100_RTC_S01_B100.mat,a8e50dd46c4488a4b0bcba09a0e827d92b814ed622b2c7fa0d6bcbc16efa23e9,769f296cfd6a9a54764efc9f5ec8a6f8fa60c353f7660ff10c64d4e7b93cd351,5
checkpoints/element/trial_0101_RTC_S01_B101.mat,ac40341d29afab0b4c604ad0bbd5edf98c74406634dc711a67da511e1223d01c,4b6925bf6392ecfd6b72adb4b8ace1f87699ca4fb3f32cdbbfa74567b47ebe31,5
checkpoints/element/trial_0102_RTC_S01_B102.mat,b56d5b963e5f396b24edace90d6bbf4226485d028331b7bd5eb481badaa9fd81,ee17f729cfa949a1e5e464c065154de7a44bc1b62993b4a6a027c68be9fc561b,5
checkpoints/element/trial_0103_RTC_S01_B103.mat,8ee42a6f47e9288e611e02b344b5614695c7579ffb2d1219c2fbe62ed721eb73,f6cb90fe94fdfbac7c675193eb72bae59b9175c962438ebb4dcc69327a081fef,5
checkpoints/element/trial_0104_RTC_S01_B104.mat,cebb378cd032a4af008f336ae5f28f14b1ffb2be2330e2c52908f83c20962153,741a18a6a5547605debf3898d9ef06027e3e3445f95b9c2ca7a1aa23f4e99dd8,5
checkpoints/element/trial_0105_RTC_S01_B105.mat,d2e69e431c058438c86d89bc2f04c85a83bdc931b45c632465727cecdbd288e8,3a9d10218756b3ef7620860d55e2339e724589e512f59c6614b664ef8c86aa3f,5
checkpoints/element/trial_0106_RTC_S01_B106.mat,62425408651ad89364aa056ffa24eedcafcea3a8e43c6051ff67554e7801cbea,617fd2f1bd126d1e48f451cf7c28aa6d06eae4eef9b6ae5c6e3bbffa23616688,5
checkpoints/element/trial_0107_RTC_S01_B107.mat,f66afcca0e6736912cbc9bc9eca24e4b10239853b6eb8b3fba6cd5d5eb9fe3d2,63472b243dff190b1b296b8f74fc71c6c73a1603501cbb7c69a5d093b96833a5,5
checkpoints/element/trial_0108_RTC_S01_B108.mat,66352b183fb7c85b44dfa6b188f52ab7503c0b3cb454d9c2b23e912cd7a1c337,3f8cdae1d33e4b2ba62f57cf1893c1470e3cc0024934222c9094b8b867a4bc18,5
checkpoints/element/trial_0109_RTC_S01_B109.mat,a382d8462b1482fea6a1ad5ba791839397d039da09ded9f4c363272e87d06a8f,7c65dabfaf8a87eb0dc2204b93a6784c8e0307e5ead4b66f7fb3db7682ea592b,5
checkpoints/element/trial_0110_RTC_S01_B110.mat,c647b1520484b5a2317f31dcf90ddf28dfbe01af6204156eac779836d5d9e718,7fbee3f364eb83c9561f6fda1795a14ef02e03b08f2434e2895230f291a2c053,5
checkpoints/element/trial_0111_RTC_S01_B111.mat,8939e8fc8435acbeb8ba7e5013530acc60ba54ab6f92194af684023d4b38e49a,c6aa1a71a6f0d61afbfce8141af6cadccc109b62a057428caf7e88db5d8b127e,5
checkpoints/element/trial_0112_RTC_S01_B112.mat,421ab66387e2a759e51ee7b632b5c54fd85cb7087d812ef3c27c1a9f8bc67466,35f3604d4fa07e4585ad09789d2c981053656c3851969a1e0f72471c25c16051,5
checkpoints/element/trial_0113_RTC_S01_B113.mat,4e86c0545045d1975f773a806c6723d91c625ad825887c76f46fa9f57a52465f,d8768d13b40543c8e3d2bbf2c2175dd4ce2caae6c2e2d39e451e06acf593f3fc,5
checkpoints/element/trial_0114_RTC_S01_B114.mat,b7a9af3049f44fc130d5c0176ac81d446582c2a40269ce1912d12439007e516b,090bd9fc09cc39761aa248a0090addb4744617e930a4326a22645e7a6430d5ec,5
checkpoints/element/trial_0115_RTC_S01_B115.mat,debb0a5f633a6ae3e5d151c172f212f520112d502827175ea8ffa8aecc26d335,d4f913ea2654d65f35f833141196db96e1870c45446fa98a7f254eab864ced7e,5
checkpoints/element/trial_0116_RTC_S01_B116.mat,7e02da1bc8b589f13e8514ea37645838b87409303448c4ed378188803a004ba3,652bae77e9225e8d08b7df02a50f3a37e8145be4a18e64c8253a6d7f6d8946b7,5
checkpoints/element/trial_0117_RTC_S01_B117.mat,1695bbd6eda8317f564827198edfd1757a3cc2cb83086659278766d8604c6e90,96d90e257b3938cea67fa15edc73bfe4b2121d22ae52cec1d4feb019ced5838f,5
checkpoints/element/trial_0118_RTC_S01_B118.mat,30eddb07d96cdc7348c0ca6447b7692b119d3578e68600de361744fa1b31e513,d562439cb424458c81b9e093cf4456aa09671a6dceba7e8d247f3cb2c2dcec4f,5
checkpoints/element/trial_0119_RTC_S01_B119.mat,00529763aacc511e8099fc6cbd71072863167415b980d8e80c4ea208d78b79de,2acc303340045142ba6a79cab70f266491c79843be5e317b2d4f774366fb45cc,5
checkpoints/element/trial_0120_RTC_S01_B120.mat,ccb710ac8ea0ced49d7a39c54a13300273e4bfbf3474b0a8ce763c7467a05f72,69f12e3e3c13a9e8c9d8551fc47594e4226f480e835c4c17d3db79d863c47013,5
checkpoints/element/trial_0121_RTC_S01_B121.mat,26c1a6dfb96255cbc6fb06442d603eea1e3cea5a3016817705b29fb1610adbb7,7eba2d6566995a15d386d36393e69c4519dd115397e185d2464a64a2c7800ead,5
checkpoints/element/trial_0122_RTC_S01_B122.mat,8b1e0d5c500fef2856c8892589baf9e47f140e27160486e66c46a5eaa0934ced,e198428d597362fc060a372538802bf4fe759bb91424a2b6f85bc012c3e86ea2,5
checkpoints/element/trial_0123_RTC_S01_B123.mat,9497093ff0b30f92a6d8ac0afed38aeca8e842862698e019a41e7c4cd46cffcf,86c3fbcb6726e497534bccb3a82e388417aa8eb6fb3a879d5adcd7fa5d8de654,5
checkpoints/element/trial_0124_RTC_S01_B124.mat,07d912314eeec2de666b5bb64a25a012f27cc0592814f1416e838a59b039d111,707d9ffd8f55b6501d9825d3acfcd06c16a51d63479e00fea2e57ad2ee477b3c,5
checkpoints/element/trial_0125_RTC_S01_B125.mat,2e23dbeaa6d1d7e6c20e1a3103203b613f2e45636b24da5628e8095c8be17d6c,aae2dee3d5bdaab63ebe835cd5ba828cff664001eb7229f48c76453f17ba7810,5
checkpoints/element/trial_0126_RTC_S01_B126.mat,3d8984c79bfc7d57171971e1d507ad92ecbae753e165d95475bfd19491b21009,28e8393652dda6054f20a3a5492a595df5f0a63421cc43c7103c5f92c64c6441,5
checkpoints/element/trial_0127_RTC_S01_B127.mat,834962894f642cb2cf33674bcb81bc76aff9073de2590e7543ae92bc1958cd47,31633015393a92288fcc4d894624c383bca79c67addb0bf10a284aa675ac2953,5
checkpoints/element/trial_0128_RTC_S01_B128.mat,b8da6018dff950b6e09cb80f7e7ec90fe90dff2cbbf8a42470d1e54f65ea7315,6152eb454e20a55b4e2037c2e1092ba4eeda532fd8c669028c246d1a45c631cb,5
checkpoints/element/trial_0129_RTC_S01_B129.mat,b73c59ad8fa1162e7640311d112512d23a3451187c2c282feac1aae2185e11dd,a404a2799c5122bedbf05c9cc94242ae70c31f92c241e453ec64cc37f77def31,5
checkpoints/element/trial_0130_RTC_S01_B130.mat,6e2379f22e9c7283b63b0ec52be74c9387aba0bf2793ab85b0f215161b5241a7,03d5eec1ce8d29a0bb9d7b1297388175760732ad66cdc10dca0c93fb32f178f4,5
checkpoints/element/trial_0131_RTC_S01_B131.mat,62d5ffd121df864ecf75c913d79818140c89d19d7f08cc2d657274bda60b56a0,249242830dbd363b39ca72e2dc6c5d88e4b2150984af312c55b1a4493b534885,5
checkpoints/element/trial_0132_RTC_S01_B132.mat,51895ac5108a445220460a197e4aabb34393c6ae02e6da556196a153a64be963,cca55610699c1bf7a5e9424f42f4521cd0307cf62ffe2ec51836e9f63d0266c6,5
checkpoints/element/trial_0133_RTC_S01_B133.mat,7756f48d937fb093b5f18c9f2030ab6da4c5c0074cc5274482d522c13dc94142,5295bb719602fee1a5f0c37a54bcf3712fec15719edda0c18e0f75c411e8bc62,5
checkpoints/element/trial_0134_RTC_S01_B134.mat,1be2e8c72fa617df00c6ff46691494e685a5d61a2718c2c3910a58fddd962950,eb8548a913dba4514908d4d58a355a3d93cba843a795800ec85c00794f3f86db,5
checkpoints/element/trial_0135_RTC_S01_B135.mat,b4a1f76b8b17ff324e918b487dd1b7d9c23caf039798ba78ced46540da0f8d50,f1c03be5752ab04894c762355f2447431fb2e237b0affb491ca1e6f0c75d8746,5
checkpoints/element/trial_0136_RTC_S01_B136.mat,2b008ecb2fc05692afc84366ab286627a09d681b90b1d6189c6bd5771432077c,cc5cb8bf1e2792658b3aec8c121659fa97372b570398f00093651915194697e1,5
checkpoints/element/trial_0137_RTC_S01_B137.mat,bb238ab87e6efa0313694dcb272f3a1d6eee13363b4ec48721787c7254c5df66,e519680303a288f24f416791ecdc240ab11fb711b4fd60a4e5163f5d2701cd0c,5
checkpoints/element/trial_0138_RTC_S01_B138.mat,a1a35951d66374d0243114ba9625e611245629c88dbda5383be25ac3a9f6af48,6ad7c782827e5fab1c2f2de431657a3d4b8efda6cd2ae915152fc1c2b9dd15ba,5
checkpoints/element/trial_0139_RTC_S01_B139.mat,d85c5b24235564e5752fe7b7715a74c9b5ae167298b7f671b85ff356ab33c2aa,719844bf7f92ae41f20e212bb2ab7b58c2ed94fe03042d2dccca0b5a6d3b1502,5
checkpoints/element/trial_0140_RTC_S01_B140.mat,0a2b7c790f1e77edc1282e1dc56f22ab9aaeea7548cf4f67894fe929ec664d23,a90b8cc05239ca6139f5ec0d3e12aecc773bd0226898c4172490106d43efeab8,5
checkpoints/element/trial_0141_RTC_S01_B141.mat,366fb991324fed58a21a2dcfa4fb2458e22231622f81d36d849b50d3a535ead0,2dafcf3dfe44c788227e61d11e9a3cf4f27ecc42ba082a60ad5324186a441e18,5
checkpoints/element/trial_0142_RTC_S01_B142.mat,df1113d25f44bfbd3885c941bc97f9978315b5e784601ad23a4a09d5a94545af,bd2cd9dcf6c80b7be19b74860a017375f3c0ec2bca88dc533c578dc215c29c38,5
checkpoints/element/trial_0143_RTC_S01_B143.mat,d6c82e6a3e476d2033378e55af35187477c88efc1ea1c75bdc56c338c493181d,f8dcbcff82e8fba24a0ada24d6a0231d647cdbe74122ea5ae5d42ccb1a34153d,5
checkpoints/element/trial_0144_RTC_S01_B144.mat,73e0e2f4b89787909d708614687e4db56059130aebc07d49ef5a2442771b4b0e,cc90dca9e4e8cd2b4ebecd8cd61d6c3cf233ad27ee4d38ad0c080000d0ec342f,5
checkpoints/element/trial_0145_RTC_S01_B145.mat,f4305c353725e57600ae28032ce422a9735e2afbd3fd416cd6aab2955576271d,9f071bb2d25bf19fa539d2a7d9929d5ed53b8c83bb0bf867a02b8a82093eb4b0,5
checkpoints/element/trial_0146_RTC_S01_B146.mat,745c333bc1b3cd5823446aab649c3c2a52bf1a3ddf86c7ff8f0382a24fb0497f,12254d244a5c888a38ec1332540d99b70159b6417cda3eaed6044a9bbad9c6e0,5
checkpoints/element/trial_0147_RTC_S01_B147.mat,7aa8aeec1a363db98e215e10480d0c1e088977a8eeef2bd74c913bee2e6a7fda,c06957f076c046f4ed01d7fd0d5d0d82ee89c8ad0aebd5580773e73eb12f921d,5
checkpoints/element/trial_0148_RTC_S01_B148.mat,aceeb613795d7997d9899a407338a27014a021c8a74c10fd1cb43a9e290a716f,a307f7b4477a56e1b1fb1e6ba9240d2e542575b96276ccaaf955908071dbd9bc,5
checkpoints/element/trial_0149_RTC_S01_B149.mat,108e99686b53c8f895269fea95c5777e43fa40691f5d1745617255124b062cbd,a50f14753a1dc644359b88243158bd541c5c691f0274e1d51a7f95e65c7c4b90,5
checkpoints/element/trial_0150_RTC_S01_B150.mat,133bb9385a8bf5e873eeeb4c2b322d53b08f4a451c6bc90ff6c7199e1ce04eee,cca085f7251ce36e4b6516340a3c29029ebf60f07deb21d14847a97c8631a352,5
checkpoints/element/trial_0151_RTC_S01_B151.mat,dec60a36d4fc99214a6e6f1510aba9b322d662a36d3e315192a0ad0c5638e279,7a0d050895ff3780a9a6c47af1f10ced52a17da847fa1a9913bb1eb9774df706,5
checkpoints/element/trial_0152_RTC_S01_B152.mat,0adb64960e8257f82f64c64ee108813c29cc7be041d30df85c88a99c44b2102e,1af6eaa3553241b3ae14bb9d4a43d918acd912af32c5bbec46c5d73f5ae42b98,5
checkpoints/element/trial_0153_RTC_S01_B153.mat,1be1acb5741821bb7fa6921b9886484404fa88f24b5c2464bf63e6913534d080,15baa550d12338a4da98a88678e84111340f17e0741e7237521c40da70aa3bfa,5
checkpoints/element/trial_0154_RTC_S01_B154.mat,4db74b409fee3526032abd2b08ea48c135bd81f5b88c0f1cc96955cdf01132b6,304fed9050a2055ba85e818ceef6c039e11b1268134af3193460d956f18e824c,5
checkpoints/element/trial_0155_RTC_S01_B155.mat,b8285d35d1b838d5b380650661268212b3003ee3ad2876fecc7ac02c9c653d4d,64f17c1a1c1f76deb355ebfa628374a64f4c280fcab7cb403ec7dce6555d6001,5
checkpoints/element/trial_0156_RTC_S01_B156.mat,5811e1ff639d108794dece584db820659c59a26e44125cb70803ad538fb8a59a,c18f9591fbd182d03030f7cb002e4adb6101ef164853ae576b41f0604eb37055,5
checkpoints/element/trial_0157_RTC_S01_B157.mat,67269b98c68074b629b803b26d57e14fec2e9e7dba1164bb0557513129203227,46710fc479beaef3bbd56c7478c7688fa828f06f0f44ed6a394234dba7c432ea,5
checkpoints/element/trial_0158_RTC_S01_B158.mat,7fa80cbbfac710a6d85d0eff4cd9ed45d5c249ea50c5cee52aa6a796c5cdecc2,d2ff31739475b20038031d120c08705f67bad328d1fd2dd9d66c7c20c085f702,5
checkpoints/element/trial_0159_RTC_S01_B159.mat,a04a9fd10913aa9cdc345d5c03c69a71e30943f52166aac3cff237aa02c9397e,090517460ec37cc24ad38ebfcde6bcc2fdd43ec911adf1fcb55e83f576f8d50a,5
checkpoints/element/trial_0160_RTC_S01_B160.mat,28e5c96499c267cd4ebd4fcebe6389b179145aa1a3670b9d64c1e99f3761ee99,0a9cdb166bd6dcf755320ac78decaedc51feab56aa2f01ac2b38601a9820a59a,5
checkpoints/element/trial_0161_RTC_S01_B161.mat,37edd74e8cccdaec3e55ab0551f46bd671278c3d2149f96ac6f80bf961932505,1647a9aca32f77f792fb8768b4cc4e2089816a8455d189e842ea1de97e48901f,5
checkpoints/element/trial_0162_RTC_S01_B162.mat,864df0d1d8ffa3f693a8613d60ca1dff72a9fac013b6d71662be4779acd96335,1056e9b807de4e61c4cd4eb43c8e9a4f8907477cc38fbfa1791b2de72b5339c4,5
checkpoints/element/trial_0163_RTC_S01_B163.mat,df187228e817359af92ebeb3163dfd3b5f0efd234ac06be531df6306617ce148,c9f9de5e85367d38c7692a02a4e20021ea89a328c4524db83b6e30139212f661,5
checkpoints/element/trial_0164_RTC_S01_B164.mat,ec8a50792d59d20df718dba06fe1ff6e9637863a680610ec1d0af58d75a20084,caf21bf3c7a9912fdfc41e8145e0e80a95f0243b7f5bfc86fe3229474f703dac,5
checkpoints/element/trial_0165_RTC_S01_B165.mat,e28aa8a4b294b7e8f2714cd803b07e6ea9ea67980577f89bc66f0ba1497564f9,86065b6cb1640d2b1a58dacc091d911f21b1b04c1abeb59e6cb6fe7bb53b5527,5
checkpoints/element/trial_0166_RTC_S01_B166.mat,ac46cc0761e9ec37aa17cbd80bd2ae9b2505c1663ef8df089341454a2c853ee0,1e44b526c5704f080d107e76a23ab2e5047ce1354d0e3e526d5f25e585d995f3,5
checkpoints/element/trial_0167_RTC_S01_B167.mat,845f768b5911862b41fb0b5b3df6565c61e3ea082ead64899769a10f46044ec7,cab5a888120e7fd9b567fedc3d7b05566c0c70866bb6c700e7c0a6887e01117a,5
checkpoints/element/trial_0168_RTC_S01_B168.mat,e79e0cb458220466bd0aeda82279521b9335261782056a9c1b27a4a2a6e92cbe,6a09b084e2ec3a8c115b0f217ceaacf576455cbc259116b6511daf3a6037ac11,5
checkpoints/element/trial_0169_RTC_S01_B169.mat,d63345ed22eff5ce36db2ed20d92aacd69239ecd558bf3e55ae784259586ebe8,fb5c3804d1e02b9124e469d94bd80967638dfce9383a2f28e565c2d670494c4b,5
checkpoints/element/trial_0170_RTC_S01_B170.mat,12859022c1088c9b34fca7480123e8a40f24119c31e854f49083d6ff1f698efe,6e178f5f72c701c8650996e3aaa168b0f02e4db2be7b0aa8ef01d77693cdee72,5
checkpoints/element/trial_0171_RTC_S01_B171.mat,3d468bdb85ce7227e48a8f2a2074c6b7872fc64f2cb2ca006a1c51f9eff9bb61,4025cf841a97b7fa6c8965c67419653afecfc7015f8a85e4eeb35d285566b03b,5
checkpoints/element/trial_0172_RTC_S01_B172.mat,3e51405c33ddccb4e461d5725f28241296677a5518ffe238c6ea8f99ab7dd0d9,fc16a6c3720019e67568a561743135e2181d5c76490a305822ab76d1f8f1b06e,5
checkpoints/element/trial_0173_RTC_S01_B173.mat,9d0a29e4b1239868803d87fae1f1255352cc1224fad554db022f10423450f46c,97bceacaed94562382b5d951779de0904216da82fecbfd3fab7f626e58ddd1d3,5
checkpoints/element/trial_0174_RTC_S01_B174.mat,3d4118277c0e5443ec66d3c098eae9540bb94b64ed013dba3c71eef9c3f28bb6,bd47083bf093996550e4b7e98a4e74acfbd8bba530a3f867e3ac10975ca9f76f,5
checkpoints/element/trial_0175_RTC_S01_B175.mat,2692f059047bb74edeb78be579606cc999f0d86c70eb9400f4753a11a99c4b59,d3fce07426e4bf9ddb7f516302ac74738f5f5614c312df7151ff8f5daa846987,5
checkpoints/element/trial_0176_RTC_S01_B176.mat,46daf4d40963e219424b5817df1e7b4b9771669c11e56b021f233206282fc164,9b3ea3729b59693515bb1c6486ce67c1dc0494b406dbbf863a18574abbb0f611,5
checkpoints/element/trial_0177_RTC_S01_B177.mat,8e37c964788ef12d583497e50c5f48731503f0362eac025ac69616bd5208a877,32f9bb370c333956ade51eba0cdaa1032f648b485366485008832dc60bc9f203,5
checkpoints/element/trial_0178_RTC_S01_B178.mat,c619f0279149cbafd9a78fea0447598fb259f1d980668f532cb127e9c7b78a21,5089a8f5d1f118cb5246bf50409dc991432970580350dbf3b261eb1abf372a9b,5
checkpoints/element/trial_0179_RTC_S01_B179.mat,211faaf2ae93fb19392a29472c815b16d1ccc8ec33f58c4ed2d0849f6a5213f0,c78093ff1665af201b86495f7bf4743e386d0365af1cbfbb67a5de96390931f6,5
checkpoints/element/trial_0180_RTC_S01_B180.mat,b234f391465ec4337139092d7470ec1694d672239e1499c3f075e45cf1b9b4fd,d47d2c33b867906dee8b37f30110639aa2db1a81348abeb34b3a25f0703c9fbb,5
checkpoints/element/trial_0181_RTC_S01_B181.mat,8881d3f9faa3a0651465ea4ea8f547a4203b978f13ce82a1773ce5a27effced1,717ed1278ed559b67e85ee2a178832b2cb3502fc42c9b71e0a128544edb8c323,5
checkpoints/element/trial_0182_RTC_S01_B182.mat,9fbe8ae5aa8dd982fd9cfdcd7f22d8e4236f39184f5613706876c6013365e180,ed2f96a2d931eae5e272c97f48d28e36b02df97066a2c2680f36d445e0e48142,5
checkpoints/element/trial_0183_RTC_S01_B183.mat,e6b194ce2a879affb0955a0779381d16ed286d94a6852e0e8f73255980c26b80,cbe71091204b77d002b1e469f9d7ec7aede0baf4c9821de683096c436f58f7a7,5
checkpoints/element/trial_0184_RTC_S01_B184.mat,9287cdbcd174cbf725b1a091a18711018f46b80720a366bc3dcd3a2d818316e5,ea086c8d7b50c08ef0a0dc4c7e7948622fedf18a39df52725da53082c5778e3c,5
checkpoints/element/trial_0185_RTC_S01_B185.mat,8814c83f24f4ee928929a3d6653843567643503a2962a25a8db6898aec24c30f,ce8c800af72c79e9a7ba499a07a2634b9b8d1d9bc2bf8f7c904d552167a7583e,5
checkpoints/element/trial_0186_RTC_S01_B186.mat,1db7c5a76bdf5b8a8671325150f8222032a89361a65ac764c27c729063aa1bda,21aaf0e4c6eaf0b9b405f53b721f44f09d82cb4747291e70353e6ca16a56e693,5
checkpoints/element/trial_0187_RTC_S01_B187.mat,145288435decb0c58ea1f6f693509eaa78adec10d51854ad0745a77a02e8f0a8,91f3f17d23d9745ad2fc66c34024bf4f6b477b9fea61231aaee9e13a2434bcee,5
checkpoints/element/trial_0188_RTC_S01_B188.mat,f9f6d7433bd9e1c7f6f22b503b8dd54a0cccfbc555127629b57dc77ce8ab6d4e,a667f4dec90b517be0c0d50ddbc92cd303895dc75d4b3de7f58378fc7e38b6a1,5
checkpoints/element/trial_0189_RTC_S01_B189.mat,d32b82162607296e6ea6e58955f584cdadb4af4e8ef235ae2a39dd7909815a3b,4922b083c71c2fd51258c925a76ae459f100a930d0943d6e2bec7d1a35c1a782,5
checkpoints/element/trial_0190_RTC_S01_B190.mat,6b0a69e44b7b6928254adadd381124b7814a726655a4631a70412acd5d877877,7904f5f48dbeaed4c07bb326974b7c29e2521f58c006e6bdd828b79577a916fe,5
checkpoints/element/trial_0191_RTC_S01_B191.mat,4acd04129daceb92aee9f118dfc035fa48cd5b08812c0cc01edd870536c06563,abdcca745c7095b3c11528077f5d152634297473be532ea5bdb43b386d0ca70b,5
checkpoints/element/trial_0192_RTC_S01_B192.mat,742176cb840eff968889634777e253be515d064afccb040b201a5b6339882a5c,53ed0f813eeb4eabba53dfae90f71a9a6d96bc2c12d1a0d7c886cfa1ea0b1167,5
checkpoints/element/trial_0193_RTC_S01_B193.mat,256b84a6bb2176ea926a4d381469e37f611c480d2f3a30343c72bf2bfcf061f6,9a7f8c49fe804101aba86587cb9616e08b1f7913977c45b7762754efac1883f3,5
checkpoints/element/trial_0194_RTC_S01_B194.mat,bbeace7ee74dd27c5562ca63a393d8a2cd7604f51158cdfcb6d7bd565d266a06,cdf1ae5115b5ba0c65e4f4aa33a8056f123739327089d615b3b36b4665705b99,5
checkpoints/element/trial_0195_RTC_S01_B195.mat,5db76f2a3d0d51f915adb63db76628e76f6bf5efa4eee7a28da6df431579be5f,19c9574c96211b0f0e742c59e424dac2b9a20e3dd54dc682a01e209007263b26,5
checkpoints/element/trial_0196_RTC_S01_B196.mat,a3526aa7f9e27eec371f198c0f0aa13a9547002942c6575224deecacdceb847f,308e991c8885f837d209b657eb3bdf6e783e505a418903f1983e51f8d975da21,5
checkpoints/element/trial_0197_RTC_S01_B197.mat,aecea6411d62627586ea4430fcc0ea810821acec5a80bc04a396c4c7dcc9556e,8bdc8843c2ba75d804b64a68704fbc3263d7e0cea5f3add18b81b7f362766704,5
checkpoints/element/trial_0198_RTC_S01_B198.mat,f4725ced36571e151e3013f30b73a12cb2428611e522ac482f1062f24017d169,1a1e1c4ceb29f525013adad7b38e608a5c2cf5700c5f9a597599609c16619970,5
checkpoints/element/trial_0199_RTC_S01_B199.mat,c213e52848db444e74485834d0d3d905eceb289925b9e3ba7785df05add35265,7b21b9de2470c94a861586813f279554b61350733e9d174f7542211ce2fcdc23,5
checkpoints/element/trial_0200_RTC_S01_B200.mat,5b93859f9515a2bc8f1e18795d745b236e10c787d6f3f6e2ad0250d1e4a462e5,f6243d3899646a8a2a3122082941cb90cd2e9c70629fb78dd6478ee531ccafee,5
checkpoints/element/trial_0201_RTC_S01_B201.mat,03114e38baba2e17aefd563c488e7ab12c45d6306f7b46e3db812b40be38d3cd,18dba461e22ea9eb9696b77dd1effcec4f3723789824eb91e4c44da31d4e44b2,5
checkpoints/element/trial_0202_RTC_S01_B202.mat,3d557949130163a97751827a6339bbbef388c8ed4952c99a4f09965abfac926f,4d5e0a199496e12167fce2701801508a5568838852dd7a5a00ecf767092e2600,5
checkpoints/element/trial_0203_RTC_S01_B203.mat,52aafe7c6977e1bfa1d821bb9957be08816727c57a3a105aba6f36cc1ce6b155,7d93e73fab4a4afd818959c7cb6840ea518eb5ef449c36e327c309fe4185cfb1,5
checkpoints/element/trial_0204_RTC_S01_B204.mat,ab7c7ebf0252f449071a36d19f69cec77481c677a88ffa3ad99ff31149f8a8d5,c0bd072d0179f000f68902e25d5f10cccc7baf72556bb93b8e312b328371a3d3,5
checkpoints/element/trial_0205_RTC_S01_B205.mat,19cf1adedb99481af0f970e36e66443d9e8528cabf2cbdce8e097588f9df98e3,e874b4d34df745074bbfd91a07bc43a79af1c95476bae33d769164e57028dc0d,5
checkpoints/element/trial_0206_RTC_S01_B206.mat,1e81800c347483385d72876592c113c6af6126aede7f5ae4612aadcaf0cd1681,4552a659d2e65c6393470c891c6173f4cda78282a7ec70e97bb4ee59c819a28c,5
checkpoints/element/trial_0207_RTC_S01_B207.mat,99588c71ef8dedc59eb6ef7064fea343e4f66edabd17810b8bf4d24b3107cda0,b72554b73a35bcc3767068cc8df5c1b3757748a2ab21307f9d161a0815608fc4,5
checkpoints/element/trial_0208_RTC_S01_B208.mat,3cd8bd6f4efe55cb720078c182a751b60822140c2ddeee5c19e5b2095d60c8fc,b4be1157233ca3162852194132b0991285963663d000763259c3acc65230d1c6,5
checkpoints/element/trial_0209_RTC_S01_B209.mat,0f4fda1764bc70096534246e315dc93a4bae32666421d002aa784538b769435a,e452049453e48fe06ee7874e36935cd4d06b042035205691fa24921cb702d0c5,5
checkpoints/element/trial_0210_RTC_S01_B210.mat,8649905bae92df5640be1fb5ceaefb39d36d66c09149f05287caad9c5fbf2335,45dd739659d098f504f952face469589e98f6b35fbb3cd52ec4d779cce7b83eb,5
checkpoints/element/trial_0211_RTC_S01_B211.mat,81c2741769644f0560b02d5551cf56695f176f024689f7d14feffa2c5991bd18,690b85b67af351bb6e849b37f245d480217fdbe6e98ce2311e8214211e122f6f,5
checkpoints/element/trial_0212_RTC_S01_B212.mat,aac1dc35d78bd0d72fb7743cc373dc965931f1e8a0762f28e87687409c388b54,a6b6b6fda5687786dd609def8680352e24aa08908460c25a508baec96dff347e,5
checkpoints/element/trial_0213_RTC_S01_B213.mat,bd3cccc11394532bac0ca9db1ac310765ef2ccfecf60666e75a6818b9a72af69,442d80fa74db559c80df451cd8ff72f27adcf7d2bfbda7d7532bca6109728423,5
checkpoints/element/trial_0214_RTC_S01_B214.mat,5d62528d11d98f5c2cf1023b04acaede2a8295c3d0ee4618fdb04a79a18c9c19,455968e7b8bb995052c0fe3acb97a3b3e068d50d8784f2b92697815bbc01747c,5
checkpoints/element/trial_0215_RTC_S01_B215.mat,7e42cb0b4f807b099ec8eb64a73da1f91218f10d0d422ce36755bf29492eebc0,7e150f4ca09d6d814ec65d4f860ea460320b50344c6228c92b429c155c5154d2,5
checkpoints/element/trial_0216_RTC_S01_B216.mat,1f26dd46cd4f0255980578375e4b3fdc95c3bec181a6d678eb3a8ce243561a08,b2cec4d737ad321931b3c3fe309b23511901f847aec1c14c0325a12a8e50c740,5
checkpoints/element/trial_0217_RTC_S01_B217.mat,0ddedd959e09122aa23ddd6f3258bfd4bcf2eac537ee55dedac90efbeb2dcb2a,96c9836737d800e0b5bab7cefbba3a51381628696d5c02db5783b7f437429e1a,5
checkpoints/element/trial_0218_RTC_S01_B218.mat,1446d015a08d133b42e39a2a2e23a255b7203efbf8114f6072cea3206516b873,1e04713e31b4a87ba2ca59083ad29c478cd6a5f2fc1cda0353daa02e94d58fa7,5
checkpoints/element/trial_0219_RTC_S01_B219.mat,eeda61fb535c5a2822b7e819e8a214938c8e7d70079c0e4b867f04c807697e74,a6df9df33caa7e9ab63477d5c48f886eb240947c21011dd100e46d40ff321f24,5
checkpoints/element/trial_0220_RTC_S01_B220.mat,398d72de2c240dda22994be074ff41eaa1989b07b8b4c3749f78ea0e5d92f90c,a8e6a9380bc7d94f087f21cf5a23b250534810d179eb878b8a3752c4237a9b78,5
checkpoints/element/trial_0221_RTC_S01_B221.mat,4a7b946b57036efb6a72ec0625bdd18b96ecac5a576448ef8fc4951cff19181d,eb9309ef93af4e5c00110a73515754c2ff1cd456215406caf0f933ece2bc7d3a,5
checkpoints/element/trial_0222_RTC_S01_B222.mat,252dac41a9af8f90d24890adafcdc7010c9ebec863633624261334ef5cbb198b,09223e39871d277a4157a62db5d0aeb7dadc98ac5254502be750933d1e12f241,5
checkpoints/element/trial_0223_RTC_S01_B223.mat,e3c71d9af2305538e38f5c399b7427fd47776dbd69958de05fda1e420e4f080e,53bf6280377dcf488866253bac7f7c52fd30afc3b3b7b46e70d27c2a106a2533,5
checkpoints/element/trial_0224_RTC_S01_B224.mat,60ccf8cc2c87d4ec18bae2f6905f9323b0b3044a837cba9ccdcf48a949f95b93,4b8abd14ddcbaa5f146c1bc974e731ab59ac19e82cbcb6af6c58e1c3e4c2a408,5
checkpoints/element/trial_0225_RTC_S01_B225.mat,1c2a16b82c08cf3e751278ac940f00c651ea319a765d0084e906a0f9d6d40bbc,a438d3ebfad8adc4cc7d5309d872227963bd431cf2e69fd362da7fdb7fcf3c01,5
checkpoints/element/trial_0226_RTC_S01_B226.mat,be93cc777d9fffdd09e3704f281e59d25cadf96c2890fafff7e130c815c413d6,699aa4a5e4094a0806f27810ac632435c96a61dec56eb6562ceabd59af16aa46,5
checkpoints/element/trial_0227_RTC_S01_B227.mat,054ae2daceb3f0b952f880a8894df4b020bd42777d47df6949f2ee68e036057a,986a7d7f0d148d287da8a15bdee8e494a88450b1c0052d8c9c6f1bc70cf3778f,5
checkpoints/element/trial_0228_RTC_S01_B228.mat,8aabfed03f5a8bbb9af6387d25ca408d3a126bcd3dd6beed8dc0cfd164dbcb24,c3b27ccadd7bf7194b41098ef299638d68033d6ff749a452f47448f325fad281,5
checkpoints/element/trial_0229_RTC_S01_B229.mat,c9091c90eba91b1fce33b28bc80d90d292c289e8d1b7c4bc5a944a5e3e721428,d6979536c86ec68a822f1b555df7aae330518781e82ed7c84c3a1da6736b5727,5
checkpoints/element/trial_0230_RTC_S01_B230.mat,fe23ef8f161281b2bfdb88bf5c931654937728f1d41c21b0b57a85ed1bed1fbe,d5e5693580f87555638454cdddbf3826206382dec0e7920aa3ec35a311d33209,5
checkpoints/element/trial_0231_RTC_S01_B231.mat,06c82944a410ed3f0b19c9a01ba95e7a920720d0adbdbfa9b5a706501606d6aa,3c170c4b3192a217ce13f25f5778bffabec47d647c96f2e004d75990495b0a14,5
checkpoints/element/trial_0232_RTC_S01_B232.mat,7b48a36fcfe79599b548f4cabd75334afe65493db32aebbbf5f4b97e7694fb45,68dceaaa959ab8521a288f9c24e5db0ff34daa4afc1a003d130e2dfc6090ce64,5
checkpoints/element/trial_0233_RTC_S01_B233.mat,c3576c8246793c5d02d905b879fdec471a3dc082d8966162c49eaef1d83a2f60,40af3a6cafbc0cc59e508fbde0267b6819b5390159a3d333bb8587ec43ea5ec8,5
checkpoints/element/trial_0234_RTC_S01_B234.mat,0646e2c44a8060e49d59c76bc7c470207bb6d97c891f7ed639566120d87fdb56,eae1399b18265b6b57dd0037401e275d7006745ab36702fbb0dcef6c820f080c,5
checkpoints/element/trial_0235_RTC_S01_B235.mat,2912dc34355fa96b184f5c4dbb40f8ff04ce6ad9cf8ce9f390ad6682493496b7,bd5f1764d0d137717f1cc738e3186459d331de965c28679f825b2c6e9c62faf6,5
checkpoints/element/trial_0236_RTC_S01_B236.mat,fbb59dd7f03b08904de1f4f3b4d1d512d2e3dda0230560d5eac00d48d8a571ce,517f496716f07ea2ecbe09016c41f3ef4f6b9bfea978bad8716a8241a5db6f9e,5
checkpoints/element/trial_0237_RTC_S01_B237.mat,48a991a3cf300cc768b1d3a4774b1f56d1843e29dccc1db01429745ae40ce70f,2512bd8d747660231a9968a93932a6ff096a5b465c3696902def02408b6d5ad2,5
checkpoints/element/trial_0238_RTC_S01_B238.mat,70bc7d703314ee0c8e2aa0ca10283aef0af81cb0eb5716aa90bc29c5afabb9c6,16cc8729a973c14c332f3c46da856d6f9e21e7ee427a24130edc540d9f0ab2aa,5
checkpoints/element/trial_0239_RTC_S01_B239.mat,baddb8108f4a30c0658b4317e92919902119de8fa0a9f1a6ba662bcaf21b3201,194447938c812b22a6f8f2019668e0488985fe8228dee89b09717cdda14b0c7a,5
checkpoints/element/trial_0240_RTC_S01_B240.mat,29fdb0cdbbea3302496ae9c79ff3f76db2d9fe46d0b7ea0232f1b5a6ec1584bd,941ad05689d493867c7be6a974d11e6df3331a72a141dbd34604644c7dff5903,5
checkpoints/element/trial_0241_RTC_S02_B001.mat,2c56c933ae2e66154c91fb33a434808dfbb472f14f60dc1fc0e71ccc75002b3a,2c44b520ab3bc9553f190344a5a6c0512bd042c916906d0db61352cdfaff22e7,5
checkpoints/element/trial_0242_RTC_S02_B002.mat,e81c48ba6e4408bb5ded72851abfce8a63ff6512f5018640b248ce9279295375,e8bb4d29668db676082d26c1d4602c42597f804d54e755b580ebf8dc1afdc208,5
checkpoints/element/trial_0243_RTC_S02_B003.mat,ad2748abc01ff78b2f5a592d3f16790ddcdde74426dcc43680ffc7a35e7944d6,2ba9970ae5a2b9986818f3fa3870bdf8601393c7f93b511c7ee40b21c2b386f3,5
checkpoints/element/trial_0244_RTC_S02_B004.mat,d9185520e25bbc85c3b5dd896d35377cbcdcc607ad066790a829f25ad79f1549,813ff479b883c2f2cec2a1a0a1df0a1a3e540909556f94d15d0f3b2630bf77b0,5
checkpoints/element/trial_0245_RTC_S02_B005.mat,6f40dfb73db652e7e71cb0174602b5841a1ba069f1e70655908e7815aef2e28e,7bbc896962da3d29c56f95996019338d6c27c05c46998763b84bea4c5c6b544e,5
checkpoints/element/trial_0246_RTC_S02_B006.mat,3bddf8dc7542dcbc8b7b1a355718036fbc1e1489e1a32c93f8cdc1cdd6c69fb5,6f574cc2f692f2ff08bfa75e7aa0601809a507211cce5dbd9cf79b5278e718f2,5
checkpoints/element/trial_0247_RTC_S02_B007.mat,8fd06359467a8e357966edd8de425536d381cec894b829543c43cf4372737733,0ae0f3827d4c4bb6ad7410776698942f76a26c7267a5143356c172eed8f3e315,5
checkpoints/element/trial_0248_RTC_S02_B008.mat,6c7c04ddf6f613df03be1ea9d9f509d27823f4551606ccc982b9a9b11f8d07ce,20a4588a6456bb11a96e574f30bb344120bd061f4170490e9fa8d631f5ec6f76,5
checkpoints/element/trial_0249_RTC_S02_B009.mat,95f7dc8e63578a15ebc7cba5794ec654aea911d5b7086f0fd5a4c3b92df0a5bc,a1352791cd22e4b7d130ba86a46cbd000fc25114602978c34b2c3d57d554fb77,5
checkpoints/element/trial_0250_RTC_S02_B010.mat,bef930dbea9d47402d3e9fb9d6fcc866a542507af3f3c8b7f1210d3c39014fbd,f336c7b2f6860c0a28bff1251450e42eacd77d109eaa3c07d9101d624f9552c5,5
checkpoints/element/trial_0251_RTC_S02_B011.mat,21be4f63bc2c22ec24dc6a5b9ae75924728c08c6e233153db1c0e4760df3086d,89aee0e0f3fa762df4cd0964ad042961196cfe9d302f55842e0f4ed88475b33f,5
checkpoints/element/trial_0252_RTC_S02_B012.mat,f4d55ed5d68408237327b3d59b26bc3548ec4fb77aa934fa0761181c13916e8a,26ea8e51b1c53471058f20fe95806e447f098d4c9bbd9b42d1ce087b8e81cd48,5
checkpoints/element/trial_0253_RTC_S02_B013.mat,7631c966d52a88bee0cb39ec68855542f2b1c8765ffb619fa15c190c869cf790,b8626767e0c4c273123a8136ec7ccc1b2626f8c501e2709512b458d278bbc952,5
checkpoints/element/trial_0254_RTC_S02_B014.mat,d1ba118c8318f7e83741ca1d9f359bae795c5645aa9ce99c3c1b1b7845456757,44562b4d790dc4018919707622df68462c64461b8ab3c46933db37063409208f,5
checkpoints/element/trial_0255_RTC_S02_B015.mat,000a868694fd5179bfe2a278191a5079d8c36c5b071ed108262386890e9b959e,9a52b238163244d91a9b115cdddfd25cfffe77077057aa297351c682cc2b1842,5
checkpoints/element/trial_0256_RTC_S02_B016.mat,9a9140007775a80af38c21b1b3f0e22dbc0ed4f5ec26ef4bcdbb972507921318,5479c02f75d1667a81ca16081f0071a898f73a829bbdb1d18584b7cb954df92d,5
checkpoints/element/trial_0257_RTC_S02_B017.mat,1cb36419ad365471dc86d8537fafacd21967f63e1f7fad53383b3072ce630c4f,1465c6b9dfbb0f2cc3c327384f091ef392406687079a1ca7ec0057cbf69ad863,5
checkpoints/element/trial_0258_RTC_S02_B018.mat,2db50360da901e076a6f8c52a86895b50be96a5733df4e5de55677bd18969bf9,43216bb05b598bae527ac46dfcfe818738a77a509a9c3d40a97f6bdcecb48496,5
checkpoints/element/trial_0259_RTC_S02_B019.mat,b97887dc88472a4a50577e3766ce0aa871ce9e4260047a8dea8db9792788873b,f6015ddd4123dcb2b1bc29a1a36b46a2e42ae846725f734cd16c0b20cf69271b,5
checkpoints/element/trial_0260_RTC_S02_B020.mat,8bd69d5f5c7c53aff0cafe0635ec0fad7ff417cc80870358c244763afcfff14a,21ed03f8381a4237f098529948f0cd93fdb9337700c0bded610d7ec910721de7,5
checkpoints/element/trial_0261_RTC_S02_B021.mat,61728f4e4948993bc4ec874580d5a277d21cff7dcb35262d9ece16af79555127,d087cb190c71d02677104a4a985313bb863c18855b8fda96f8b22dfa41d86fcc,5
checkpoints/element/trial_0262_RTC_S02_B022.mat,7fd7d6fff51a51d8c8fd6360058d11a19c9ef12ba344b96c87d5783afa16f8df,53e0b9e694a483e7bb01f766852eb12756fe65d20c2cde939375c7d7103a845a,5
checkpoints/element/trial_0263_RTC_S02_B023.mat,239f46ad5c3814edae8b80a50da16dbbeabcac601be4a605772c1d70888168be,83a6eb35b64de08ecddba6361f00f3687c2e58c8031148015b9201e935db2490,5
checkpoints/element/trial_0264_RTC_S02_B024.mat,63ba7fe9ca7791181263c733aa6053999e0801d7273e221de2a136d61ff253c2,a975161f48b2d95977c3705742d8d5a9ee8a7e4aea4283f6e45b3ff8a424e1f5,5
checkpoints/element/trial_0265_RTC_S02_B025.mat,e0a61491169d77a4cd68391f76218ad2febf35145d7940cf8bd5aede2c33bd75,97fec3dcb6702cfd7804a7c36f1b57b6516f3a99d15d255b1b2c04bd0090fb46,5
checkpoints/element/trial_0266_RTC_S02_B026.mat,9f1451fab5179db42aa3075e482840de95769bc7c27cdec2572853408c070c3d,b927e09c231bc74a27d783eb319122a3f63ec92f6f5539375cb54d638d252716,5
checkpoints/element/trial_0267_RTC_S02_B027.mat,06cf58872121c888e54ba01a09ed4263e77d6cbe581f2e678f2b342769f0977d,2c0fa3a13578cbe1a6340d0dbfa13b7ece5379383c1d395b9fae3034c16912f9,5
checkpoints/element/trial_0268_RTC_S02_B028.mat,f47c16c11e88c48d37fc408c063d5c428eb4095dfef77fb766a7f707969b527b,1fcdb90e3b86a7cdab2b129853bf21c16bd4341c7a40a659ac5ac613458c274f,5
checkpoints/element/trial_0269_RTC_S02_B029.mat,9c33e097c3023e8898ec4ca88a7ffee5b4ebbb66e9841ad249b2966d09ed3deb,e7df2c882923448ab1bf1c94e82a9253fba0b9425a4f7ce153c320a5eb8457e9,5
checkpoints/element/trial_0270_RTC_S02_B030.mat,7e04153821d7797bfbec0562a90b688e42aac8fd19eccf0665d171f6c3fe9b96,88bc7e58413f3589c76a3d8e713d1f76b31da97fa5cc96d87b113503ba90aebc,5
checkpoints/element/trial_0271_RTC_S02_B031.mat,fdd50b594044194aa52e57a90398d9b8017dd0699d80b58790b8ee4027e7a707,ccffa51d34190322d3207b672f01aa5e05a19e0f1e4926f9157e6f48255bfd19,5
checkpoints/element/trial_0272_RTC_S02_B032.mat,7d70f28a7af142a10f0af29dd0bc82da1df8d7e9e390905a684819b0fbb45dd9,6292e3b07e171c13b967f4b0bc33165774bb106179702083620710c46b810d81,5
checkpoints/element/trial_0273_RTC_S02_B033.mat,d22723d4711727cd3780701d653d4cf2bb9909cbbe0329e90c29d8e1db487abd,5e3b98869740b0b2244b890e61a6a4414b1e6a115d0731e3ca4cd0b1370cb3d5,5
checkpoints/element/trial_0274_RTC_S02_B034.mat,f5dedf970d4eeb4ce8b8eea2a0b306e8b65f6013be402161a2f9ae4b0d20b10d,9589172bed4e0ddbb5130a8eace64fa712a1290ea0618e7a2dba5e13afe21c39,5
checkpoints/element/trial_0275_RTC_S02_B035.mat,0eb93c37a6271cee05ef28c2886ba276c6df2fccf5a45eda5142ffb5b1ab7ce4,fc095f22ec631826e9f7c3aee3726dfb43bae36542cf39e2f7a78e472444d99e,5
checkpoints/element/trial_0276_RTC_S02_B036.mat,b3396fa775b885e2c932abc1f8ea493bdbc40122fd9a5d9131e9aef8043d9a2d,abfb2eeca6112463d32f1614e419655566da03aca3a442472fd38ec1a19f2324,5
checkpoints/element/trial_0277_RTC_S02_B037.mat,7c8c859079df4bd1d3bc6aba8569885e1da233d2740c37a9bf293abb9fd32b82,b457dcc9ab3043e76f3903e109879aba29ce515e412ff07facf79ec79e40dd4d,5
checkpoints/element/trial_0278_RTC_S02_B038.mat,8f38a1c6109527b2a79bd53e7fb5f476f2193c4a12358f714192aaeed528b2be,074566b5bab2c55bb2a86de8da452bb9f28977c963e8a6cd57d0d1b750c09ffd,5
checkpoints/element/trial_0279_RTC_S02_B039.mat,84347f3964da0274e6f307f0fe3f2134faa5751bb78e4573b98c6e986562b720,1b972f88e1dcae56bb8b0c0d2dd63fda5fed56af58063259a3bd32d54146c37e,5
checkpoints/element/trial_0280_RTC_S02_B040.mat,f2dadf0a5e94291317ec825df721b9114a0415c11a7519eec54a856ab63c4dd6,85fdd56808b58c3554886c6f982d3b6ee048247de0892952102b268972329de1,5
checkpoints/element/trial_0281_RTC_S02_B041.mat,d6173eedb0b1b1066c5b6fde662ed543fdeeed9598c840e540e3257fcdc3db0c,091b8dd847bb550f1d69fb068ca47f23c2d503d23193118410317f1f483271d9,5
checkpoints/element/trial_0282_RTC_S02_B042.mat,96f6a3163a5881fc210c8076a0ade2968bac3a0b889c9e9ac5d1b3eed6ce9253,4c584e710e1d05a650b63d60f3559e7d13a057c4710908bae4c95a3937a8552a,5
checkpoints/element/trial_0283_RTC_S02_B043.mat,1e6bb66fd8dd5d6280409c4ee69acf94d12b0d10da7507499ea1a5d4a99b1527,c97695dca3f60dde00df8b1a7577a77fbe21da8032bc6395a9636522811391a7,5
checkpoints/element/trial_0284_RTC_S02_B044.mat,9e8fc22481d056660db2a4b34563e98803a4e63a9634cb03fb8e9ffd88d85729,116cce78b9b1ca22486cac38b3d36e1228b15f533df09f0b52e07c79520bdc5f,5
checkpoints/element/trial_0285_RTC_S02_B045.mat,557ad337b10229bb409d0623a27e1838cb692fe12019c13d4b7f21ba24ae451b,b9922705d4f56aa520e9894b2b21457c50f3b0c95d61bb998239aff7eb81966c,5
checkpoints/element/trial_0286_RTC_S02_B046.mat,04cd7708cdd688ef87f9b00b3f356a393565885b39bc830a77d34dd4794eef3f,b152627919449946407d57bb0ab38df534359ed946b5f1f78d99ad2382fb2dab,5
checkpoints/element/trial_0287_RTC_S02_B047.mat,e4c78e69ec171a3ed9e66dfefb9728c6494f5f0d1b6cc7c5486ad1a59c77e432,b606694b7ab01f5dc7866deb9c663558c248a70cd84c4e62d213531b6129f950,5
checkpoints/element/trial_0288_RTC_S02_B048.mat,4b873d05d8ae8d0b4dbc48f0fda34e7e83207557d11274e6f4165a24c935df24,3fdebb3869ad9b08906f9b4294294aadddf45b24d9e94320fcd6a297b70f1ef4,5
checkpoints/element/trial_0289_RTC_S02_B049.mat,08b0297bab6a1ae644284dc2e0feb86a96821b4c906c2eacc148197f7c447471,64eb99d889f57171a3da7ba95607f6695acc9db60f7654bf86d21d8606234c02,5
checkpoints/element/trial_0290_RTC_S02_B050.mat,cf541257248bf0d7d699911b4f940dcc6036b11132edf56e47c0325063d7f425,fc684757f2ac93b4f07c7a5479a839b0ab2d3c0387c19a8dd5976c61b5d50bed,5
checkpoints/element/trial_0291_RTC_S02_B051.mat,8f43c08db6083fac121c2f19af80f1524947288daf6a1cbb54a9709e18fedeff,9f86d87dc7ee4e56df781364106e1397558c9276b931dde90ae6341074c3f849,5
checkpoints/element/trial_0292_RTC_S02_B052.mat,af59dbeb6c45e7ff47e9b048f158def380110045bc26a32c61d216cdcf3b3819,ca33f4e5dbd372b55e1e3ed181a7ecdf77a58e215d71c1874604cf978f9185e5,5
checkpoints/element/trial_0293_RTC_S02_B053.mat,e703a5246511384eebe09bb083b44d5ca17c1a59c7c9795c7f6f0c6b43ce42af,53ed8de08e3f11581f4e0a722f55488054f975bbb94ffba10211a38d34024d98,5
checkpoints/element/trial_0294_RTC_S02_B054.mat,6d70737747c255f0b543d6930dde2f5a4974cdb51b0285a9d8cc16ace2144640,cd8166bb9deacc278bde56c8ba90bec8294d3026466d17126a893859fedbad26,5
checkpoints/element/trial_0295_RTC_S02_B055.mat,f54d99411d402639f69c46b4f001e5a2fef79ddd23d0f6939b88e099bdbb94e7,a564d3e50a3dd476dbaf87e2a1065bf44b775bf0d4a41080415cedc50583944b,5
checkpoints/element/trial_0296_RTC_S02_B056.mat,709e3ffbdb879db209875ec96e13c804f8ead25a0260fa8704ebf15672028496,74fbe7bbd27c04a41c84deb3a7c965f499d88c7ab4e0e25905b615571c699462,5
checkpoints/element/trial_0297_RTC_S02_B057.mat,2a97a909257ea3059e654b69b6ee91768ee5400098b264859a97548f789f3a01,a05a62c75d78f83b4bd2900ecbe9cc48dbc77394469a020588e2b86730a2d17b,5
checkpoints/element/trial_0298_RTC_S02_B058.mat,3749c6323517d05baeb35ff3a73267ff3f3ec05f1f18bfe8c79859d48c745089,84d22833ec1cb4587f338a381f553202ffa9ba41f6586b1151fb5034a97e19dd,5
checkpoints/element/trial_0299_RTC_S02_B059.mat,3a4c3e20c5832a383cd2bcdb867e8f5bd7dcf292f46ee103ba5ff9bd5afd004c,9308c9b45d3d19d20df68d918204e0af40cbecf8cc743e2c84533dad7de9c430,5
checkpoints/element/trial_0300_RTC_S02_B060.mat,670610ed9b55608b0a44d1fba94c3aeed5e6a291ac9e4504cf6d3011d37fbd31,d0a7ba4e89525797fa370fd833db225427564f439934c03ea29ea230f44e3f87,5
checkpoints/element/trial_0301_RTC_S02_B061.mat,cf6b7ac18405a4e1ab955a47629fd10a2a98a81618bad8d94e3033b857bce9a1,d9dd624af100b8550804fb65c15b187ebbfa613d43c870ee35d4beb66c8976b9,5
checkpoints/element/trial_0302_RTC_S02_B062.mat,d4494f10d6c56acd8aaba75297d70768cd1a99d18464936c98610bd5f5f53e65,ce441d88eef7267caf7cf1f7a0fb220019991cc8039a0f7a8494d44d614fb00b,5
checkpoints/element/trial_0303_RTC_S02_B063.mat,745755fa02602c5f26fa270972728e617a37cc0150f42f86993273d858c657f4,8ca508b92dd758bd7e9b4065c1f23c87d7f61a631f005dd36c53121b11601e80,5
checkpoints/element/trial_0304_RTC_S02_B064.mat,fb4547d71aedb51d3a0ee938d111b072ab3f934b3d95f875fec7ab9437463cdc,e483d26c90de251cac939476be179530c22859825cadeecc151f066abe5431de,5
checkpoints/element/trial_0305_RTC_S02_B065.mat,c5aa99549cf11cb4eb9ef188fa40167ded26a57304be0f039a7564a958870b9e,6e5a98d87c56633e4ca81012f9eaca19761198c05d2b6ebe503e9cfaf47889ad,5
checkpoints/element/trial_0306_RTC_S02_B066.mat,633d4cbf04685f480d631c80bd9c161e0c6cb193202ea71fcca109a7681bae36,c895d99aca678476ddf10e8ce34963803b769419c876763304a74ab2ada0ec6e,5
checkpoints/element/trial_0307_RTC_S02_B067.mat,67484f9a86df50f2257bd28ece5e7c8ac6e59d3b7fa6498413e95818ab6374fc,5f11998718eab614d71e980d381cb032d1de3600656c9115b92c8f6bc07d1a00,5
checkpoints/element/trial_0308_RTC_S02_B068.mat,dc8a97b725344a20cde467d1034c633612014a07582c59317f49784bce41536c,4d935732c0f18e20097f9cc36bda686e7dd89afe94e5b6abce5d9d156de2df1a,5
checkpoints/element/trial_0309_RTC_S02_B069.mat,7431e4adf1f4c65edd3ed896bc86fa857b85e84aab4ffea3e8ecf605ae3eaa90,72be29b3a722a6e900c1659b21da56a8b74981d2ce02189fc86495cfe197c2a2,5
checkpoints/element/trial_0310_RTC_S02_B070.mat,df6656508fbf04492b40ca6ad0353f6b51e47ff1e4e3ad0ddfd0d899ebf6ecb7,86e16557f676782ec89eb4e43b854bc322a06399d59922276777eeabbfec6ffa,5
checkpoints/element/trial_0311_RTC_S02_B071.mat,7d53960e94055b87db0c31010c213f9a3d052841c8d6d7dc3dcf085f491b1a80,3b1f99daa097fd3c73a685ad773ec8117c95b748d087cc19d3f6b74ec36be667,5
checkpoints/element/trial_0312_RTC_S02_B072.mat,b0092bfd75981d4bc912e4748dabd0047d5abb62ee2686173cc94352aa8263bb,e012a82ff11e681486098377bd509bdcc43184a2f9b02956e7554383185276bb,5
checkpoints/element/trial_0313_RTC_S02_B073.mat,b4a631f4a18d3db2f042237f5960dbe80f4fbe9dda5e97e1185aa9c9b611c9ff,c85c6065f77c84c444afd10bcd55352b6574771b5e8dd1984e19f770bf043bfa,5
checkpoints/element/trial_0314_RTC_S02_B074.mat,7dd3f1e4058370692c17b5e165646f23b3d59296ea0242aa97af2e6cef1d57ee,d30f35d2b392e42eb576bd6733c88329268e10eb317df4375255ab29303c21c1,5
checkpoints/element/trial_0315_RTC_S02_B075.mat,7b98fd5cd0ca8a65749e9e250336ca3f89770721f5f2416bc497c918f6c4a7b8,5db1ddf60ffbeddae781dde6539e06aec6c8f1624914a1ab7537ba1001ef2fc7,5
checkpoints/element/trial_0316_RTC_S02_B076.mat,a801cdad18b6970697af53890ca0a44edcca13621da5e54cc17eb04206059e38,a5c3acaa50a72bcdae61876736ff850ea0b503a0b8a3e40a24b8454bc2c32283,5
checkpoints/element/trial_0317_RTC_S02_B077.mat,9dba886b46c2415bb97e867ce42dc0f1fbcb098e0111c8495e39a2d2b04d7043,5826392e382d318a0f17528752a0622033e78defde8a10e6f87560a3a31c26a1,5
checkpoints/element/trial_0318_RTC_S02_B078.mat,8781aab902b7fb549dbc024b6728c6a458247acdc0a42c868c76954da5c93434,f44e396ccfc7a4f720d9c53669ad570e524f8e014f862295425784be5025ef57,5
checkpoints/element/trial_0319_RTC_S02_B079.mat,c3385a2417a7a0a3689d5d5cd4b28eead0216b2ff728b8fc4bf6327c0c4ec9e4,2ab5851845749dbca0419844c1ac708d897611e861a447cca61e8238932b7058,5
checkpoints/element/trial_0320_RTC_S02_B080.mat,dc21a8b438ba55f1bdc713ea5e5d89969c828b175ac08e475b0ad1c8addb512b,cd4500617c017f45a0ff85764d460d318792b4cb975106bd89c89c57239bd463,5
checkpoints/element/trial_0321_RTC_S02_B081.mat,13b4bdca7f8a96560ab02e3d56c9ffcd5e639fac7c9a15ac68057b0d27ff67cf,afbf6472555f6674aba33c1f5c182c492fa2eb98f6acaf1ed9ec59d3f20387c5,5
checkpoints/element/trial_0322_RTC_S02_B082.mat,fa5fc8c06697326257698caf5d9a165583c8c80af34fe48eaa801c472d27115e,bd12c8b27b0a35618972410517c96a079224557b8f81024659917d1cb63d70ca,5
checkpoints/element/trial_0323_RTC_S02_B083.mat,3882c45ffbc49d827b2320f54be61e8956f764ffd7850cf355616f34542d014a,74994ffd94fad5a9596c35dd699edcce217e4b5f3644e14dd090805311295b2f,5
checkpoints/element/trial_0324_RTC_S02_B084.mat,7166ee9ebbcaf6369f69149e2a9e328847bf5c9f1f0e382903e72d70187a7377,b9f7d2803c10cd38a37a9207ef39f9b19752f03a22f0bb1125c5c38b67ecfaae,5
checkpoints/element/trial_0325_RTC_S02_B085.mat,d8b06f00c2e8f7aaa76e82daf07b4a1da861521faf42483ec0cce37fdbafaded,b6e34c48c202553be0ea95889fbdeca5ff2289a02ea4192ff1bd7b7a53af98b3,5
checkpoints/element/trial_0326_RTC_S02_B086.mat,800f02564e6159fd4bb262ca583b18e2856a542c64130e822be1fc2312a13889,416c29abeb19b91f41b143d7ab960d1656c278e86e3792d3c9e2ca20b013b00d,5
checkpoints/element/trial_0327_RTC_S02_B087.mat,3f4a12871a1744ab97b8197e001db33beadca83939a18efe2ac1a7ada9c698aa,7607463280368c5c2564b87aae0a5566af126ab011814a0f41ea38708f685eb4,5
checkpoints/element/trial_0328_RTC_S02_B088.mat,8c6284a029c4b6fc538870e90f3015e4c263e5f0da0d3328dec32c8649fd1458,1044f7a47f4a600294d0adae419d211e2325284f2369432f39dd9220dde52672,5
checkpoints/element/trial_0329_RTC_S02_B089.mat,006d8b4fb53fbd10a88933516cc8ce9f0c89c977f053886b835c1c47dac81ae9,77858d3f7af189bf0bb69a757a4622002b9f1a6a2acdd4ddc4c6a5ecf1112f54,5
checkpoints/element/trial_0330_RTC_S02_B090.mat,c4ccf10bc1b044ee5400ba23cc21aea29c58179c5d5de91ee5e58a91f42532d3,4c9dd41e99f47335d066a03067d8364ab4b9e192b38218f58f0faa6e6d7b8810,5
checkpoints/element/trial_0331_RTC_S02_B091.mat,b08aa0dec21dfd1e36b708d970d17b3f984c040157499ea0f78c0672d02d2856,d45badf05b938c6d4c01ab21bd0713c2563779881a12cbea2c394169ee99028d,5
checkpoints/element/trial_0332_RTC_S02_B092.mat,2c301d344a980bddc0f03073c234edd4d3a904384b047ebe8f340ad16de998df,920bf9d00a2d7b2ca076c554e6bbd06c74582b98cb17b8be8cc53e5b7db25827,5
checkpoints/element/trial_0333_RTC_S02_B093.mat,500201f532e430bacd3d625f73492ac03b4224e91a697dcae342ab0e0fdf77d1,45b0f57e4f3da2ecfe4dc26b0b64757a45f0ba00708fe817b146c4f33791b2ea,5
checkpoints/element/trial_0334_RTC_S02_B094.mat,9c81d80923c9a08f97c50f33d179802c9bb0076149e0352395cb03a123228a96,df0c985124ecbb61eeacc72694b4f64253145a1d43c25fd73e37973926132912,5
checkpoints/element/trial_0335_RTC_S02_B095.mat,dd8f6e6abe452f8b6844420b0a90ac9efe1ccb9f363119b9180e2c943660c8a5,bc47e08c48b58482096f48ddea5bee46cc79adf7863315164c1c0665ea886d49,5
checkpoints/element/trial_0336_RTC_S02_B096.mat,6e6bf9f25c9e32eaa8c9de34a200c1c21e76b7d54b614e2dddf97ebb8fe213a4,fed159a1f4d170837cb2cfedbd599e1d36c792f2777400b7a3155e1d54e788f3,5
checkpoints/element/trial_0337_RTC_S02_B097.mat,2d9ff2f8ea0a952666f0d8eb6355414ba8856929067ae988d0b4dd883ed14350,318f59e8689f40f79b179cf22ebafcd339be79ec0085b460e5262f4149694ad8,5
checkpoints/element/trial_0338_RTC_S02_B098.mat,e6a531b0827cd2533e5a97c668404c7e454dc56abdf1b776b9a0b373efdbcd13,a9f647da500354a0bd1870aea2ce4bc80cd3ffc4c5df398ba4173a752ac24e54,5
checkpoints/element/trial_0339_RTC_S02_B099.mat,91d719a807f2d9efaf6684c9be6d228d90b9163a1ed7434a8e18b7c03344a2cd,f763caac8e7af939581205c4998d9a4073dae04427140587c30c9c9bfcc8b5fe,5
checkpoints/element/trial_0340_RTC_S02_B100.mat,4ba10d22f95e6396b608f2ac816ca60f26a0b11247eb44850aaf640a7625fad9,905324d509ace7048443a8209fd431539f01ef9466a599b7998146b5f652716e,5
checkpoints/element/trial_0341_RTC_S02_B101.mat,c8edc83b3599e2a0679fe9ecdac2135c0f90fcfd2396d72d75969a087f448741,32f6dc6442d4f25e9fbda6707ea1807e9a60fb7fde628df19df1ed16d3dc3e8a,5
checkpoints/element/trial_0342_RTC_S02_B102.mat,acd20bcd53c93b2fd6b0e852607fd6cc82a45b9366f33a30d314259d5a1304ce,34aa02af3ba78a7966bcd61d67f4cd6d382c0a00040e36780460424bc070eb6c,5
checkpoints/element/trial_0343_RTC_S02_B103.mat,fdf24f0c885222d764cee5e76edad4aae6f303076595df53666df117c14a31a2,38c83174899ed3e172f5cd2b43fb7264bfe4f926cb84f117588a3d9c49fbef59,5
checkpoints/element/trial_0344_RTC_S02_B104.mat,d1d6680e31efaebd481b630fbc933091ca8ff5a7d24bb51ed091ab9c9a03b93e,2bf4351d696d17d3ceb99ff1cbe7cdbfeab45a5ff1bcbc0f784da54f3e680ae4,5
checkpoints/element/trial_0345_RTC_S02_B105.mat,1d634d8b72612f2b3cd3a2875c5d12546bc0dd01be614413f9a1433f7ab1a700,4ca686aa294095ef4cc37f92515b60cb855baf256dd244a280d1b721193e7b93,5
checkpoints/element/trial_0346_RTC_S02_B106.mat,205cab47db306b2bb5dc451e868fe55bc8b0dd059726d71d8dab4962ca6f9cc2,2a5f69b2266e8bc3e4d478c2fb8175c8b65cbcb7311ba9ebb7e979e24b656360,5
checkpoints/element/trial_0347_RTC_S02_B107.mat,054e3fc025ad6f0cacf993263744a6de08b7b2f3c61137c9ab588e1d314fa18f,f53ede57d6e8453bb585c290e14111c468283d5c2e64e6df315293d9c184fc8a,5
checkpoints/element/trial_0348_RTC_S02_B108.mat,3b3968ad12f1f3cec22d1b07a4afccd7d5450968061d4d72e10d0ea2b7c47e6b,18ab340b2aa1cd56333111c711e36fb6f2b3a2dfac490619cf3e1de696682268,5
checkpoints/element/trial_0349_RTC_S02_B109.mat,672c53784a655115f235c8f8be94b1edf72c16c750c9d1b0bf204966105f4c73,5ff13db7721ed67220b5130d5507cccb3422c6f6e452f1a6987e786669405e5b,5
checkpoints/element/trial_0350_RTC_S02_B110.mat,46f8aef9e68a79d6522be862689df62a0f0a2a5a71069ee996577cd95fcfe0ee,dc8537cf2ab770a0d24b60dce665e98a404eb3d1af6c97a416583872388f201d,5
checkpoints/element/trial_0351_RTC_S02_B111.mat,aeada6e2976d7c5c2f95f9b0e28d54aa70c4640992535134c2193502257281ef,99e45b99ced94e18f9375903af9607c95735609a4491c87e0316eebdc471c40f,5
checkpoints/element/trial_0352_RTC_S02_B112.mat,86a809c706b32f8d380e4e315bddd518ccb18b024d5cdf5c331d90600f6269a6,b6d82792cbf239aced55b58edfb05f41380c2b67c6e77cabdff5a306a0b0f751,5
checkpoints/element/trial_0353_RTC_S02_B113.mat,1eeaf7b999d661929de41471cd83ed7f0e36a3c9cd0059cde8a9668a21b0ba7d,b41ffd0b0bebbe2be89eaa1c3e72384061d449d9e863d96366867e17151947c2,5
checkpoints/element/trial_0354_RTC_S02_B114.mat,d0f5ee902d05db811e0312d698ee053ea0b7dd0d102b8d2c4e22f14650ed192c,d44610f5c27a82039c24a57c754676f76e8a78c85da2fcb5219c2e52f03c4511,5
checkpoints/element/trial_0355_RTC_S02_B115.mat,21a0800a6811e5f647c5d73089d402873042d2285bc3d60f11ccb636f3d9688c,56fd04f2112c758ae5b7ee02c9f46f72ebded3c23a13d5879726bd78390f4474,5
checkpoints/element/trial_0356_RTC_S02_B116.mat,c228dcf93552e9ba6dfc24805779df637069137f740a39763a66104d11a999b1,988ed8b7b626a6965c9d385fe0f0334688b27cc377fb46e33479a331c79e793d,5
checkpoints/element/trial_0357_RTC_S02_B117.mat,b0cd2ece4dc65744bd8bdae8679d36519b2fdd71e566b1ae2679ee53c239968d,3d8414d0e98cf8e662cc795235dfe88e0177cf5f98b2000f35ac71e40a101568,5
checkpoints/element/trial_0358_RTC_S02_B118.mat,ca1315b2a56819f63093ad10bfae65f9619c681c02b90968ec7f819c8d22de66,2ec954e0bc2af343ef2de2ce9e6dd93b689174091ba84f4860a901b1d6add8aa,5
checkpoints/element/trial_0359_RTC_S02_B119.mat,0865b6ebf9865e1db8fb3d325121f6c6963cc7a34ba1bc83897328999256e39b,c0439bc641446425bf4dda844da2153fc597992c6819a17ab19d21eae32f8d95,5
checkpoints/element/trial_0360_RTC_S02_B120.mat,adce75a3b7332ba4e855265a53afe5f028e0a48931dff6f043c3a7e52611a9dd,bb2d847ab46cee1b7be5814ed5458e660ddf9edb31c875809b7f0c4cf8024a73,5
checkpoints/element/trial_0361_RTC_S02_B121.mat,8b59b5e5b97c31a962acf96f310b1359cae8e75b5be6491c89bf9d677d175880,458ac2e67dc52a2f736f3288cabb798a4730e729bc1c764af416d2282a5ffb88,5
checkpoints/element/trial_0362_RTC_S02_B122.mat,9170ba883a9b4e1eb51cffafc68ea921bea8741764c2dc054b46d6c989755904,defef16263afe03ce21b0e55dac6cc0df81a9ed99add8ceafb9d3522044c27a4,5
checkpoints/element/trial_0363_RTC_S02_B123.mat,cbf17553cc28a49d14ce1db3aa4d2c9f64be55886575bd94c7fbf3456fa9f39a,bd072d2a1c88ab4d899fe1f1dd4e9a671d25efa5dc7b94c86a463865a4d57dc6,5
checkpoints/element/trial_0364_RTC_S02_B124.mat,64e39fda4ed476d39aae821e74838055958eacccdba6da956ab001db34578cd1,d04253da377ec58a1e29533f9f807b97bbf1cc0ef1098ffa2ad8372d0c25bead,5
checkpoints/element/trial_0365_RTC_S02_B125.mat,14b80205d58a5a0b6e59622a8f12ef2e4f72a4b0a30cde17b6983e3f0c564678,e3e6c02891a56cf0d15e68992362e9fb5fdfc98cc5f902e26d581eba34788129,5
checkpoints/element/trial_0366_RTC_S02_B126.mat,3012e819f9a7ed7b33fb848a01243a29968e8f5b5e561770f6ed38058e15cd76,c7b23e17bcf42b60ecb174dbbe9c04ecd35dd95c0017efc2d1523a62f6db1688,5
checkpoints/element/trial_0367_RTC_S02_B127.mat,5a1f32c7492929bc226dcadfad99ac9de5bc3fc570c5236aed9273ea291d15f4,fea314bc27d10b8d0a18eff5b3620d9e79c291e8669e22a4ee852bd1ab9129c3,5
checkpoints/element/trial_0368_RTC_S02_B128.mat,0959cf6fe4af2e1706cbe11def7a41d0e85b43bc12baa5f29611ba09e48890f5,cd37d2bb593a0f6ff21a3819ff78ee32f558aa9a0f65b5005c72c07d52240dd6,5
checkpoints/element/trial_0369_RTC_S02_B129.mat,8bfcfb582feb4caf095d2d0e333036068f5da2364a57499ba3ba5d77756ce9fe,a73e8bfb0031e63d9afb226b26053774e167ae73385fcc09d0052487c3523533,5
checkpoints/element/trial_0370_RTC_S02_B130.mat,65ed0366549f61dd6f91ce48ceb6572c1071d12abc394a5b9a43840c58bd9b93,ba547afea914f78bc05cd4387d6927690ed2eee7e2b995a6b47d77ed76de8eaa,5
checkpoints/element/trial_0371_RTC_S02_B131.mat,c915435618121248241a6aefa12c8bec2cdc9e019c104e53017139eff0fed6c1,5c750e87ae2bb02c86bb9d0ca9b4e99bf92b806c1a844cab267454fa271a24f3,5
checkpoints/element/trial_0372_RTC_S02_B132.mat,a1ccf0888a210a6d38520c19c31fe6447ec888bdd343dcce2df40efa07696a4f,2ab268b5a13c569a2b576e86c959a803e8b1fc371ea267a48a375c6752f82a41,5
checkpoints/element/trial_0373_RTC_S02_B133.mat,4d27401713712f83e06045503f7fe65112ae2aadfbcd5ed686098f6250558cba,2a52727fce09f3709653c450e17383b531b71a8b231d9e89b323cc4c28ed8cb7,5
checkpoints/element/trial_0374_RTC_S02_B134.mat,cae7e5edf13c24a2479c4612dbbdb640e387e099c7ff051eab1c916e622ffeee,7e85488a5e25590ff3fac1d02f22682c2edb68412ffd98a2e62a6f62fa5d5391,5
checkpoints/element/trial_0375_RTC_S02_B135.mat,857950913973618d2c42e02b35fe773a425b32410338ab09cf498a92443483a1,772967aea4e56a799a9d7d3349b9f7285804545790e6ca341df13071f6c88ea8,5
checkpoints/element/trial_0376_RTC_S02_B136.mat,9ca2c00b0ded6249e8d0e868ec23b54dae07942adcce848f35c0f2df7b915267,eaf8b0b6348dc9a43f2a4871df22dee34117460faaef1eb992590bb25e36662b,5
checkpoints/element/trial_0377_RTC_S02_B137.mat,2dda3c8bfe0445e05e11160ee6d8a8036d85b552ec5d343c2a91394d2ca0f833,9e7d172edf4cb2fccd48064b9a74a506cc1e1232eaaedf8552ea9338e2c8e87c,5
checkpoints/element/trial_0378_RTC_S02_B138.mat,c90d0246eb04ca5e75ebc2f8a7ee10b297d786af974c3578452fe9d55e875bb3,1e0f25f689757ce51c6f55f9bd1a1d7a82300582b8266e6e18ffa8af6599a073,5
checkpoints/element/trial_0379_RTC_S02_B139.mat,c43fb23fd708d0f016253bfa4249c4eff9f329502bffb48724a99361622ef12f,785e6bbed9e2df844a56cb6c5070cf9e23533e32ea588ffce74f8d774abe9d55,5
checkpoints/element/trial_0380_RTC_S02_B140.mat,acf549d67bf1c3d661e367ac1912319b9f766ed5fa5d528c646b6f5b1b35a9d7,b45146d769c457bfad2ea6e31683f6440a2d5db1e97a1966e23dce195a3b0e32,5
checkpoints/element/trial_0381_RTC_S02_B141.mat,de781e63910a556b6ba8166331faf88be85819315f04a25b3242c5392820225d,a6c304acc2efa8f340d1f93561b4fb1842f3faafc64d907b01005debc971b50d,5
checkpoints/element/trial_0382_RTC_S02_B142.mat,a44c647892dfed496d7601e63de2dc301117d348f66a41eb72482513f1a2b2b9,6b3d4e61e46ef8daff61711d87038926ab4c52fe39fc010fb496cfe290b6e0c0,5
checkpoints/element/trial_0383_RTC_S02_B143.mat,48f4b56c013383800e989bf133fad484ef070815516084a5a2d5ce2ff388306b,6b9373c60f4a04f20dc25981ca566360a14e885034661fb6e1939af50536ade5,5
checkpoints/element/trial_0384_RTC_S02_B144.mat,5c702689bfa193a977f3c941eda46f2780ded3550e03d128ac8337a4c29572c7,f2e5ffc7c57887cba83468f94d80e35eba49691c3ada97bd779d0bbd55239acc,5
checkpoints/element/trial_0385_RTC_S02_B145.mat,fc10edfaaf72202efc94a094691c4bb6f7a8439ea98cf10c923c01ba2c04144c,b6a8919d72c7c782b502e7eff0030e462eb853d0e51bef7abf2299feb9dad14d,5
checkpoints/element/trial_0386_RTC_S02_B146.mat,d5951e122b71e800e7c266b2e66b7b8654f8a6735791002631c3d06ffaa2dbc1,c4b76d16bf456e48c50ba58fba47f604f3788864f840a0f140394df94ec0abd3,5
checkpoints/element/trial_0387_RTC_S02_B147.mat,5f25586ec31023e8eb01e432fdc483251659990da5ba6e6a9ad0518dc628fa40,b16d4dfa8fee0fb110d6b7d3adaacb84f39e16c5af44ba533cd699e9651d6b0e,5
checkpoints/element/trial_0388_RTC_S02_B148.mat,d1b8562ea514bf383f53e6aba8d754ba7f8a5ea9520a757032781b58cca01e60,475a4b4bdf25a39bd09512358089943c94a641451ab28131e85a086c1cfde6fd,5
checkpoints/element/trial_0389_RTC_S02_B149.mat,45c75d57333bed32d16e3f5a6a4f35a04d24953ac0ce97fdd5552e65a30b22f2,38c742b8269689fe1a5d855165d1e08ce90d0c3512a7b2c33b07661a8ae62910,5
checkpoints/element/trial_0390_RTC_S02_B150.mat,af737c381a640240bdabaefc50fadde893c0a39ea042b9f88036cb5ef3f3b9ce,a06f77b3feae1fdf95829c359516d32ba8762931694eb579b3ebad92d223609d,5
checkpoints/element/trial_0391_RTC_S02_B151.mat,355420863844d5f977e2a4f935e4cb1013ea2b2b41e514d6744fc042e91c0916,d71960e34b5b1bad03c1b4a3631d5887d6edcc660290722ae130dc6fcd893c01,5
checkpoints/element/trial_0392_RTC_S02_B152.mat,bd7a17abaaec8b7dff01f31ff8bd5b5e67fb25a1feccf01f34eacc033c732b70,dc011a568b15a4ac7dd296298b4cf533973ac3497628e183abc9d5c35483854f,5
checkpoints/element/trial_0393_RTC_S02_B153.mat,a4ddcd6d8a298b9ec8864dd493bb1985c9ea12e9666ec6cd449d8136538dc986,a74f6b9615517ed1d0049f91535389c2ec6a881082aee83fc12a08d6f1c18f62,5
checkpoints/element/trial_0394_RTC_S02_B154.mat,51afe772956e5274e67135365fe2e39dc468667a005e63a4adcd817aa02d85d1,162d06115637ebe1056b7dc2b3b69366ed4f4c63e5211f0b888884e3ba0a3e71,5
checkpoints/element/trial_0395_RTC_S02_B155.mat,6c2b6f8a925c3be748334cddb77ac3dd156fb5449fd94402c4024aff195e9e05,55cdcfcfc126c126b332b431a1bf8714d61c9f1117e4af3ba8ec11b045da3b75,5
checkpoints/element/trial_0396_RTC_S02_B156.mat,65417a1f071cf150d2c149682e932c28213a80b0fb62d7a500fcdc8951699650,7cbc0334a433c7fabd89ed6d9e22632e98160e5b79ca221c790913fa8618e677,5
checkpoints/element/trial_0397_RTC_S02_B157.mat,1f21e5e35057119db47c0727a9ee29f841e6d637d8cf1b748de7f4c9d2715739,20400ba4b3b28765a85567db8bafc9a23b4ea41a1b9cae6a525e7fa3a673f714,5
checkpoints/element/trial_0398_RTC_S02_B158.mat,5f8d5b5fae2438e85e6ee6ddce0b742e50bd5f1166866388d1f01203b1fc88a4,ec7246929ecc4f281b662b7995a4b4ccd9789148d1e590872e4a7e7f4c090615,5
checkpoints/element/trial_0399_RTC_S02_B159.mat,70fbaf23c83b67feb45b8b72a64c6d03b2f02002fbb1e70ef14fff0985db100e,54df94ecb9512ccc2d763e16da77e5df8a9d903ba86ead22aa30c38dfcc93685,5
checkpoints/element/trial_0400_RTC_S02_B160.mat,1a4bdda89b11e1e959c9fb4faf7d076a2d082a02bc85d6ce2821e41d66e15a7b,3a2ec7b27c0a6cff8a43fa00276879874489a85c23e6971a5605ab296a28b01b,5
checkpoints/element/trial_0401_RTC_S02_B161.mat,dd468966751d42746e1793a7a889f1f23701189935d0940c7a29b769ea79b536,9c5db5b224361b86efbed77afa2ff741b85bbdad9115a3f44faa8411c5982cf3,5
checkpoints/element/trial_0402_RTC_S02_B162.mat,382528512dce303c37e8ff02d9b87c08d55c5a3eb1fdfd58eae13bdfdb5b38ba,530dc03cc92503f302d8f8e312050be2bdc72c828b617e7cb3b435ce2166d33b,5
checkpoints/element/trial_0403_RTC_S02_B163.mat,e109b53971ce81b9c5f978c2534bcb4236ef468dbe6b625948454e0cfe9f22a2,ce8f174c5e37255993aff56c01f2a10e56c84d735c2b7815fae1d5b1c9d9e2bc,5
checkpoints/element/trial_0404_RTC_S02_B164.mat,23497c1c4b08fee9c2f54f33366a8bbd3658e4572af01f958bd7adf622070e12,d63e73403e27fb9885f56549ee4c0b9aa29612ad2d91764c42efb029d68d9e60,5
checkpoints/element/trial_0405_RTC_S02_B165.mat,fb5ba982c8489265ea2eb345bd8efa3a903e8163242dbfdb5a2f7b3837343b9c,fa2a342d5bbc5026081ddf227f2e197c55f4e5821daf145a495dc10ac76746e0,5
checkpoints/element/trial_0406_RTC_S02_B166.mat,3fe9f62b94714179e7d4a3228bb7113c095b1136b1a12d3d58cd682d8c845bb1,d9009190525ff1d0aa4019809d8aaa2ef7990e0975444423866e300084b82818,5
checkpoints/element/trial_0407_RTC_S02_B167.mat,c75fc4e36b5cc89bbc83f29e40950dda4fd05ef5c028cd6e9f0944a0f5a42134,b6d285bc004bcee2a319139e23b6d8428c8858384986ff02f9355d8ca78c23e2,5
checkpoints/element/trial_0408_RTC_S02_B168.mat,39dd3f5ec17182ac7a2082f59a60510c169342a1281b434dba1529e28681f736,85d24efa889a405061b61851b1cc5b8f33ae19de68bf75fb2f616ea46ba7162c,5
checkpoints/element/trial_0409_RTC_S02_B169.mat,22baa350e372f0e194ecfd9b5df65828ff2024f63bacece6a61d9341394abd9b,e1e67f4c84f0c697ba40417ac166fe1540a984d7b3a96beea1d31db60bdf179d,5
checkpoints/element/trial_0410_RTC_S02_B170.mat,9edec83d71e504328eddacae08a16de6582db9c87be9597b4bbfc0a8231c2869,29ba40692f3448f11a8359ff6cb18c3a84ced8539b2a881035f15e6f1fd1d63c,5
checkpoints/element/trial_0411_RTC_S02_B171.mat,fa9a34169915f452cd27a87f5bd314244dd56d846980e3f70a53fb90378c67d7,dfbaf53dda849d6c84d938260ca95be0612948940f185fe39b592f7753a56058,5
checkpoints/element/trial_0412_RTC_S02_B172.mat,0c2fddaabadf24eb766ce45afa7636697a55dbbab5575e95c1fe96a48869839d,49c66254d923700e09256d423d84a3510b944dacde2fbf4556db5e135730a315,5
checkpoints/element/trial_0413_RTC_S02_B173.mat,2af5d96101e32a5fd77ff2aa4db341f6c34a6bf11e6967ae8769ea7a7aed7b07,b9457a30e04691562f643c41df185bb80c2de87020225198f6441069ee5f60e2,5
checkpoints/element/trial_0414_RTC_S02_B174.mat,d6ad6ac508fc9d7af0f214b4b01b26e768ec122f9ce36ba43d2a19d550c5ee57,3d2c2ced98abbab870d7d2f2f9dbcbd114152188f1d1439c0542b574ea3eeaed,5
checkpoints/element/trial_0415_RTC_S02_B175.mat,1d0f443397bfd3a948f0c28263cbe6d13fe14b2995a6c73f765557d057759dda,0b10e3c6c4bfa457abab9bb41626f3d3e6bc273dbeff927a88f524154f2c686e,5
checkpoints/element/trial_0416_RTC_S02_B176.mat,9dde764c4595faa1145b86eb3140f995867d7a77015b32cfa61ecd657c526ce5,63b49c56a7fdd9efafc0278731892a5bca1c51298e3b63747a6bef601c382324,5
checkpoints/element/trial_0417_RTC_S02_B177.mat,dd0830f2f6d8b9b916f4cbb595b1e9d9b70cd85e6c39c7a116ef7e5c7a446ca6,022df58767fd8afdba589b453cc1d490b65397b8ac8d7e883dfbf5aed19bcd43,5
checkpoints/element/trial_0418_RTC_S02_B178.mat,50da49cffc04ff5d869ffc08c0393faca54c432ebfa4d9be0b619bece1b5e391,ac94864b5d86020ae95fc331dee6a352368080a5ac38fb2815c38b12f670374a,5
checkpoints/element/trial_0419_RTC_S02_B179.mat,c7c8378a57dcfd0bfab4b885093952edbd977220d6d464f86e61356461fda2f0,7d3e537d87de4e918d563b93ce637ea1f917398729abb04fb26702b8d9fabbe7,5
checkpoints/element/trial_0420_RTC_S02_B180.mat,842d2785744ddfdbd11199001226a0ab876e805251e26703d2799e120c84a29a,9e2997a58cf212df59106c349da91af070dc90a82753e50da91f49e3a81a817b,5
checkpoints/element/trial_0421_RTC_S02_B181.mat,87bd524fa0b2e13840ab43799a59e84cb164e0cd7c4d9e246ca8e86a8f95b8d3,7b7905deedaa1b3132e1d640ebff581df093472a1cf2d2725560fc228ece8be8,5
checkpoints/element/trial_0422_RTC_S02_B182.mat,12696f8edd481e9c6297a07ef8f396f967a24a361d439c3b461882b57d370bf7,c44d74d2683d1d68e704005db19c9e4c3b0a62c25627dc10da3d91b64ffaa5f3,5
checkpoints/element/trial_0423_RTC_S02_B183.mat,99ff9fb0d6edc3207447aaeee59eb1651c21f8b1f74dde85c26d2b18a16e8fcf,cf91a856b805d3765c8a41bf1bf843cd54929c5059fa79e0477cd77fe2079cab,5
checkpoints/element/trial_0424_RTC_S02_B184.mat,0e4e012c6e7ce8697a85107970d98166abf2bd8bfa2fb54794b1bed956ea76c5,432e3134c9104ab5aa5e36af669d44f459579565e3a0a1c00afa99361803e7eb,5
checkpoints/element/trial_0425_RTC_S02_B185.mat,3ea87e5ed1986888926294654c4f949d33669277df8803d1140cbe0984a59963,8afcdb4cb48265e45233c6e223d4c22720b3ac93b99915aa221e1274e530a590,5
checkpoints/element/trial_0426_RTC_S02_B186.mat,c2067028b53eb0a6350bdd75d6264f00c61dff12c12637380cc5024adb8d1821,51582750c4213f21e5164f7a18af1312ae8630a10a2892a8acabc9ec147c13e6,5
checkpoints/element/trial_0427_RTC_S02_B187.mat,06874709c7cf9e4ebde20116549af3abb1c55889305aa3a33048a43983af4d05,cdf0b1c1c81bd3aa5daf90aec9791594889325ec53a29f6f92d4aeed44bd7f88,5
checkpoints/element/trial_0428_RTC_S02_B188.mat,b16d4fa4b04041cd43713a80dcfeac7d85db264b6eed0ae3a1eee090df272d54,7c54c07fa58de5e81d75d485df8a723cbd70472b4eee80ef80e0114cb12947ca,5
checkpoints/element/trial_0429_RTC_S02_B189.mat,694d6a5593c22e91875d6cab02a93dc4cee87614e505f76874a50dabbfc85245,57e2e46a3a03323f71c3db22c19e8c701aa0ae063357afd1ce36b348926bea9c,5
checkpoints/element/trial_0430_RTC_S02_B190.mat,e4ba03f979a05fa4b491ccebe26d19ac371121282d9875e7e6f77290be37faca,6cd92feaa5e33aa6e12e0cf911e69208fb9776b2db0843f30df9fadf928b4896,5
checkpoints/element/trial_0431_RTC_S02_B191.mat,f6cc9b39ce886bbb1694c2122e78aa71cdd541d1e59c47088bb3b41f033bee04,f4c39492baecf8f67fab562c1eacdcad3e635df79fc3e991f3295ec7be33259b,5
checkpoints/element/trial_0432_RTC_S02_B192.mat,d19beff118e37e45012a93ae676efb5b27fffe87abeebed7e780ec75d8e7fd6d,0146b4407708ccea8c3241239955935dad644a05a475861b736717e000bc7eaf,5
checkpoints/element/trial_0433_RTC_S02_B193.mat,1e1bc58afc0cb3517553b56fa1b52353d7829e19406b244a731e9ecfc7e344a1,9f3b20635ee9935546df6c8d09bf920e025b0802e690195c4dacc41978b03af4,5
checkpoints/element/trial_0434_RTC_S02_B194.mat,e0f173c0e1d4c256fee86a11d2e7b24d950e5f24e0a34263ff0223bebd51d50f,9876970def7696e6966fca996c5fdc4886de92fa41c7bb585db6dddc4564378b,5
checkpoints/element/trial_0435_RTC_S02_B195.mat,c7c6a9f048abbe1d06ffe9081a9ca7f38568a813577c410dbf6044f26c3705ad,5c1f0dfa5b6c8b2d2ac72b8fa776bb12f285d911a9ac99f05f888683dd6eef9f,5
checkpoints/element/trial_0436_RTC_S02_B196.mat,391636b4866ac67367b86c874cdb60db2ef586833c6f1434735e2c35c6fff198,c475dfa81921c991ce6c4a98cf23fcff372308f1ad2f16787ec1df7471bdbe82,5
checkpoints/element/trial_0437_RTC_S02_B197.mat,d12d464759dfe6dba1bfd72584b93f32a8a007b891918d9478d46fdbaf1bf863,dec5f013de1469c8ccc4d7072633e666c49829e48c09b9bdccef123889ab9ab3,5
checkpoints/element/trial_0438_RTC_S02_B198.mat,9bd4e8aebf2abbada14f612b30ea6131ba8e250e2ff0540a5320522868aa0ab4,6f2d7f05115ce0dd751dbddb8769399845487d429c87d9aa1a94d858a191c9f9,5
checkpoints/element/trial_0439_RTC_S02_B199.mat,be75332dfe7cc76641fd3d26da71c26b04b8ac6984e3a92ee99ad8be34a505d4,c6fc7ce4e8be8b66df9cc74c54e72ce5ca1edd2da46341c0963ee14c364491bd,5
checkpoints/element/trial_0440_RTC_S02_B200.mat,789fe3162850c58643ebb5725de8a1cacadc1b04850107a9df2e009d810ee601,7167a407c439313b426edf11ff01c2d7a06840fc4aff60eb719311d64185fcd1,5
checkpoints/element/trial_0441_RTC_S02_B201.mat,fc1bf36e524feb55df00fb902237c199aea7af8ea7981844c858ba17b3965623,5dde4c740f67833d1b1f6d837450c084df6171ca44097b6524427e37cfb2e105,5
checkpoints/element/trial_0442_RTC_S02_B202.mat,d9902cea193c7a8ce082a8cf7ea5bf7fa0a954584974d04acd730f4b897a8415,8b8dff667351b769765c235fab2f2b4c5f90b2974e156250da645f9c4e27fe77,5
checkpoints/element/trial_0443_RTC_S02_B203.mat,4504e633b536be282aed874efebc21401fe19da7a0b4239442cdc2d320b6fd4e,ed47b2ecdbcb9f97c92ed80b05ee1dca071f5cb56da6f5fa8dba9b3356f17874,5
checkpoints/element/trial_0444_RTC_S02_B204.mat,5cd599979cf6ff9a68a82df5f22250fe0e583197537c2027d9fb3d40b6edd870,7a883d4a6268cc487928f3e84553ff3eddf3348be9a991849719fbd73692bba9,5
checkpoints/element/trial_0445_RTC_S02_B205.mat,a9cc969221a6a8edfc3d54338f30ad51329a5cb9ba3fe4e9db975fe7a107676b,e68e8aa9e7b6224ab7a750b9650bd7374d81f4e67dd79592c0a0207442baf910,5
checkpoints/element/trial_0446_RTC_S02_B206.mat,88b2afdf4e00d4a3c64387f6eb452ff805e1ab9bba00b74f3927e19aa71bdde1,ba3841f69962e393bacfe7adc20a5de10d161d0fd05e151f14cd9b69dc752c72,5
checkpoints/element/trial_0447_RTC_S02_B207.mat,baa9d03fc1a54b1eac490c62b30fae871c3e024b42e4717024899a49d1cde8ca,6d14333cd8be6c94cedcfd2a2d4635f6c2718d990e40a6de2a1856c469ccbb31,5
checkpoints/element/trial_0448_RTC_S02_B208.mat,e7df40fb840b7bc21c27fb3d66b7d51fc84c7b17ef2401d2a20b20dd355578f1,866f733669d0740bafd6405df2b81c8c49b596fb5bfb917c5c91deb4bd81f529,5
checkpoints/element/trial_0449_RTC_S02_B209.mat,7e7b0f5eef717e60bc7356e07478152e9541a8ee03b231d9be1a8353daffe572,c1690725102e8129c7af6ac2b85cc4fcc25b5ba9a7ada3223b6138afbd73078c,5
checkpoints/element/trial_0450_RTC_S02_B210.mat,ce7521bd16bd0e3ba9c284944bbd20775c6d53a6557031e081e2e07f94ac5eda,fe82703bb7c49de445cfe9a6634154af8c13bf7e64f46296430731202c337d35,5
checkpoints/element/trial_0451_RTC_S02_B211.mat,784253e143c15f90a481a3bf0146d1763912d2a58f661128426b5eb5cecc6e86,7e1a1558c545db37d4a8395d93635cc6ad581dac3271e0016ec07da8c6149c18,5
checkpoints/element/trial_0452_RTC_S02_B212.mat,1d7a526b1da84133838b2d8ba7a237c8981eeab945caefbea1fd13d4dede5bf5,36d9f7f949949f39a1ad9e0094fbb7f391a2ab2578051e605876d75e4b5ea379,5
checkpoints/element/trial_0453_RTC_S02_B213.mat,7b3ffd2457361a78deb506d16e0acbd8489728b265d54de83f361e3c4b45693a,72c02b5c73e5363625bb59f9c3ba235f197f1f98bcdf7b69cebf394189a5cb39,5
checkpoints/element/trial_0454_RTC_S02_B214.mat,093aec2b3f31290c16df54b054510b640e271f5e5892d1c718651c0b9497bf8a,4e9856592e1756e91ac318c67666bd6362b3db3f4913140664d752a7bc56f689,5
checkpoints/element/trial_0455_RTC_S02_B215.mat,af2fe5a093be136fb727106b72cdca2114ac4b915c4434aee011fa90bc8d608b,e6f6c27e001002871c485e30342b913fd017a54c6f8fcdc8e73d60ba15591093,5
checkpoints/element/trial_0456_RTC_S02_B216.mat,ccec1baf484ab62a03262e5bfaa3d7d2caf6fd491e94af4a0ae73c911cf75bbe,095ffa637fe4e235ae31e2ab88afb0ef85af4e9f8b966f57f15c835bb34cb409,5
checkpoints/element/trial_0457_RTC_S02_B217.mat,b5b358ec1ecd008720ebcb7be35a6a67672a0b6318113d39d65b0ec02faf4c55,91e2a90c9f99dc667dac9a499c604032bccb0b1ac640243ff9da1efeb1e1b382,5
checkpoints/element/trial_0458_RTC_S02_B218.mat,da1b35fd4c3302ccb2558201618a56ad0b5d27b2cb397693a47ce42e49366b56,aa6607ef5cc462171881094577b7e8abe5065c4565a6a07f7b33b8e48a3a1006,5
checkpoints/element/trial_0459_RTC_S02_B219.mat,7f852b531f1ad0af438eb20695a1f3f06b9a763cf2fe6ae1a0b7ad7132d7d038,cce8ccea9cb6ce22c59e5edd9196d36ae031b3c73d5ded4d37d4e0b30b5e4021,5
checkpoints/element/trial_0460_RTC_S02_B220.mat,a16df415262639fc683a575f0af40cd374ca5f18a5588b171449b8a637e5b0b7,511ab21913b9b79f4dcd3936b2bce2b4e3713d2f6910781b5a7cc579ce67a6a5,5
checkpoints/element/trial_0461_RTC_S02_B221.mat,792388c067190c0bd23310437acb6aaaef9dcb6ad9ff44983994926c0153a96d,3106bceeb4822e6370865c26ab0ddce7999cbb49c75dcb078324d79925e8357d,5
checkpoints/element/trial_0462_RTC_S02_B222.mat,bccec21343b7ed0574eacd7188c592f381b7159898109dc40df90c72a685cd49,3ffe984e747da0f705024be44e7e6d15ab0666c7e414f57fab88b5b321a0fd93,5
checkpoints/element/trial_0463_RTC_S02_B223.mat,1d7a9332e4ff14b8e0ffdaaebce6d0d840b849ae3798ada90844b3d738bf5a9b,65b2fd2fe3d1be9932ea97bcc04bd60a2f82c69a771a1b1d5904f503a3f9a284,5
checkpoints/element/trial_0464_RTC_S02_B224.mat,eb6536aa3260bceb152f127752225462eeca3cf1395c435937dba2c5697aa493,d76749863ef9bf2087c0a095c63195dc27b34bc63b1cf75d04668a3f50bd2cc9,5
checkpoints/element/trial_0465_RTC_S02_B225.mat,644c7ed3307eb318f09c037b7fe03c16b8699b5b473b4ddca45f07dd6aedaa01,83de7cff83cd4c35d122e78c3f037e9ebb583e423147fdbc0985fc1e20ec3929,5
checkpoints/element/trial_0466_RTC_S02_B226.mat,3af6e5f4e384dc2c5fdaaa04fe1418bb350951503ed451a2096a689dd183a67d,e58caa08323ce85d7cc64d43df3dc5f2aef056b98861d2fea934528bb38a2ed6,5
checkpoints/element/trial_0467_RTC_S02_B227.mat,02a951fc625f0b1f2c15341bab5989741a0bf67b4fe6817fc4a3a42ec4538ae6,b87e8369b270c78a4bc3bd4c83fee72da0ba38c5f1853729f2e0269fdb1edaf0,5
checkpoints/element/trial_0468_RTC_S02_B228.mat,aeff555566216e7fb4a187b8654194ffb17b57ae8e567ca150d6a72a3b6fcf02,5534fbcacbe50d74cd1087f10f5324a1bd961634d891a8862ebb13ae77dc9a39,5
checkpoints/element/trial_0469_RTC_S02_B229.mat,15861de99f24b0e87888d75e3f66d8da32523620e208535074348b2941b1413c,0c8119bcb9a35ac647014ee37cfc38e0c87944f9070fb97cd2f1e2f7f0bda00e,5
checkpoints/element/trial_0470_RTC_S02_B230.mat,085f97d6aaa7b4825652bdd02f28bf9f75a810def5a545fcdeb3e30354fb5302,a7c73b2a0b7d02a38de6b00206fc3ca450da83be6d30157bebd70cbf1719ed93,5
checkpoints/element/trial_0471_RTC_S02_B231.mat,01f616a70c676093bf54bf4b4354622052dd1468b9b5dc44d26fac98136893e8,6a3c7d782f3b69ffa1458428c936225f7bfa35a875fef4f8ed07af82159f1859,5
checkpoints/element/trial_0472_RTC_S02_B232.mat,62472cedb573373469cb22df6a0fd37527ca688b09d837142198ae16aae47492,14d28a131cc23f41d7883ce3e1e0eb3593e98010f2a5d541aabca296e8de1d03,5
checkpoints/element/trial_0473_RTC_S02_B233.mat,668b1cd2a4e6494300d3546368eb8aab88cb4d3e2fb01fb749b933726662961f,9f24ea378212b17432e496f3a44c83969c0b17e57181f7db3e16a3dd5b581ed5,5
checkpoints/element/trial_0474_RTC_S02_B234.mat,51995e7f57dbeacbc93c5ce8c404d06b2d5397c9d5232180d283f9a23ce0e936,802c4dfc8e7131ba9f2f5a02ab98f94c82e1d8d343276bae2ec2efd758d75f61,5
checkpoints/element/trial_0475_RTC_S02_B235.mat,d679be872bfe6e5efc3ded414147357b633ed184dec4a678918fdc657858337a,8843da5a068d3300398174d84fa05b10bd115b6235b10a89e2b6fbca5aa39cfe,5
checkpoints/element/trial_0476_RTC_S02_B236.mat,801291cdd2635b250c8b87dc75cb7e7d77196be8e0bc1599aee5dd99f9f7fe54,c0cc99b2db99c1297567ac19d10bfab2e3046d004c06e6e87ba2f2648b65da61,5
checkpoints/element/trial_0477_RTC_S02_B237.mat,34191e156cf12a76231243cdc1a4ba106d5cb3a11ae97dc799762456a1f38f93,9b310018dddcb1acdb9ab227bfcc601973747630ee2bf8a790801b6d01ffb2f6,5
checkpoints/element/trial_0478_RTC_S02_B238.mat,0c0e711cb773a401d13ce8deee4da236ef2d804728964544722660ef2b76007b,ae942b9008abd9b09f0d24df89956294ea253a42647eccd64ea97eb18bc53457,5
checkpoints/element/trial_0479_RTC_S02_B239.mat,73f9be977f8e08b1f756cb6970a4e08eca364034b3bc293731b13b23ee4ea3b4,4554eb1b1a0ff3dea4dc425e6097d79e320945b9eb22548a1fd917b815026e5c,5
checkpoints/element/trial_0480_RTC_S02_B240.mat,b84bb2b676c0d5932b270aad74e3bbdb293c2671c00d7deb034ba1b205de6ad7,c8f03350cda628c6b26e114702c8c45a80f9e8fb877a8ba6347e7b3f65ca24e9,5
checkpoints/element/trial_0481_RTC_S03_B001.mat,d7f356b936a7beca3d2b8f46204dc6404e687a1ecb41dd26b0b8e7a681916d9c,f78795d6de6c706169b5994113239c3104b34e0b5782eb3a0ff5f79538845654,5
checkpoints/element/trial_0482_RTC_S03_B002.mat,f26b33d85a20cfce6f4866ccd73aff497ebca602b48813eac46150371d61f479,96b8a14d86f81e68fef5fd639c2f2bb814f6453733d5d699988514625ea00e81,5
checkpoints/element/trial_0483_RTC_S03_B003.mat,4a98bf7020d373e95a274bcc708ad445e3382f9ae9fdf5d4ca33a52fecf2df76,17a538cae50c13877f2ee85671b59120edc19339ea3510dbc6826bfdab25ff4d,5
checkpoints/element/trial_0484_RTC_S03_B004.mat,1e4e7b8a0cd692e4b9da4168461a1dd3f463713d925ebe25c2b1fbb1fdd620e0,b3cea282b418c0389a19d3f854d29cb92e4b62adb9ee031c44508c6b44287c55,5
checkpoints/element/trial_0485_RTC_S03_B005.mat,c073308d15e83f7bef61ee4bbc356e3addcc10fad01bb11a2f0860eab9fa9140,729733983156fef0fe147cc4e6233c6a9c6672621949e1384d8d4dad04fa1519,5
checkpoints/element/trial_0486_RTC_S03_B006.mat,2ee550ac4bd982ada9153bd80695238d166448df2776a6819de9119629dbca59,1c4c9897e05dbe1ffee2a3fc41809eb7ebf580f0a2b06eba221179b0f887ea60,5
checkpoints/element/trial_0487_RTC_S03_B007.mat,3a83005de0477b8d926fd20241481e5acbe1f3b31cfc9aa273706822af9fd7de,8873d9ee739c705e187996dd4555e308670c835b3716233423b7534db53ee4d0,5
checkpoints/element/trial_0488_RTC_S03_B008.mat,140d54f609c05dd6bd9faf7e0e300dfb5fb4c07ea55d57a005c9790a96a20862,c087c0daede559b659ea2c6b458a011dea9c39433a0851251a175807758bb8a1,5
checkpoints/element/trial_0489_RTC_S03_B009.mat,b14b935ebdf639a7c199aa1b84268f46a0f9dff09a8cc113e7a7c0198bb4f314,ceb6854da379902b7f71e4e124fda065d0e65d7089039b0bc8f1af4c036685a9,5
checkpoints/element/trial_0490_RTC_S03_B010.mat,13b0e5a7be84eef21bb436f5f91e31afc6c54d2765c4aa2e588f86850cdaf9bd,678c8c8ac86e731a524673681230d809246c351f1a47fb2c55d771ba8a43a19a,5
checkpoints/element/trial_0491_RTC_S03_B011.mat,f44e3c82419fbbd6c425d971531ffcb9cc21b27dd269ca673773587f6d8dbf13,2900dba8e174f778d249f337a0736e31775cfcf4efc5b663d7db48c31fb1dada,5
checkpoints/element/trial_0492_RTC_S03_B012.mat,03c39bde2c373cee11f4202836ae83c29bf91dfd50da15b248009f440a418efd,59c0d8e4c74ab02e7c881809ca334ad4217c25902e8b3465eaa114bf863e9c42,5
checkpoints/element/trial_0493_RTC_S03_B013.mat,9e333c8a380b528c21b22344eaa0374e8f03f35b4b61fd0ca31a231664d88672,1d6e18d4ae84fe03145de91700a10ff2d45b66a8e99a265854def321f5a33659,5
checkpoints/element/trial_0494_RTC_S03_B014.mat,7ae1365ae4ed2d1fc896b2aa5483b737ef0cf03666b87ed4ca9f77cace392b08,1ebe1a437da5bffe771340402cd151dd32271815315d9c0e7ef1f870b4eb9d5d,5
checkpoints/element/trial_0495_RTC_S03_B015.mat,44437e596eda2380dd36c330230d666c7b8c2e3069bcee17399f9806f4c813a0,964e81a15ccd641d924e5adb0416e9d9296526f799ea694df66af145a736ff01,5
checkpoints/element/trial_0496_RTC_S03_B016.mat,55ca7947ab66c8acefdc5473fc70b0443f547faaecc75851a0f06d9755d85bdb,246636e29b8818145656942252890c3314a0f1316bf27fec13e8f9a633da027d,5
checkpoints/element/trial_0497_RTC_S03_B017.mat,116f9761ef4aaef7906eb7d262a9a02256cbbde6bea95910e0bc050428e41be9,077c62e8580d7a7f0b1ac26c7471b728f85f6d500ed8abbdc09c0c087ec89be4,5
checkpoints/element/trial_0498_RTC_S03_B018.mat,7cd8017e3996ac4c983d574803647285e0666a6b1358f46331ae65d33a231a2d,a186b4f4f8b76151bc78b2dd7cde931a85161c8dee7e1d36364a612eafc62c48,5
checkpoints/element/trial_0499_RTC_S03_B019.mat,f2270436d10f438de48d4e9264ea96cabe1202fa674439b508ca24ed53511f0a,3cfbc02ca5d1dbd83090356ebc04a7d00ab95af2592e0e8a207077566eba3fd2,5
checkpoints/element/trial_0500_RTC_S03_B020.mat,c72b443c643f1decab2d166ace91e4ef7c84e7d7a95d5de1b985599b0ab668ba,386e0997beab52a4eb75ab512a79e191bf07a9c7c2533400ac46014fe0bd7cdc,5
checkpoints/element/trial_0501_RTC_S03_B021.mat,bd3cfa67f457b6e51f17172e69a482948b26a522f6be545e8dd8b9ba26e08ffd,2f0faa4d8cb1c3c6e2461f3c934921cefba1749fcce39186266b762b314f21c0,5
checkpoints/element/trial_0502_RTC_S03_B022.mat,896ebfc3d6c6074aee4f9049bba20b1da9cbf5474bbb323dc18674ca492f9168,588b1e6eff53e8d3b74f5a0bccf5ee35afc13b11ead182c202996cd99a9992d0,5
checkpoints/element/trial_0503_RTC_S03_B023.mat,cf5d1aa2021ef6ff07c1ac39835c346b778b101a011568fe36a6d5899d6f46ac,0c5976c455edf54a4a859872873bc7204a191d9af8ea22c8fb5738ec4e0f2384,5
checkpoints/element/trial_0504_RTC_S03_B024.mat,a43c4af7552863c7b2cc0aa0a63a2054fba3ff316866dd351f3d6b468272964a,b1a5d6e0f1c5548d0dc8f144c81a46a828ac574bafbbb1b7e30300dada5e4bed,5
checkpoints/element/trial_0505_RTC_S03_B025.mat,8a47ec904ec38a2aeaa170389c06ab585c2c28c1bd59a117afa92f4981808d09,d0aae5390c07d791ccc4a71f36ba16c35fb1b696f24fb0beaa6ea69e48fac16a,5
checkpoints/element/trial_0506_RTC_S03_B026.mat,e19bbcf34be3c3a16d9d9a803928612c076bcc15f8ea364b81f4ee6b0270e26c,23534289812a9d56361aa5a11c6d20b572a0755abcd4a60e618ba29be87b1be7,5
checkpoints/element/trial_0507_RTC_S03_B027.mat,746083959f82dae2c4887398e7f606377c905d5460fd539cf2cb5c3f95fe239b,641fd06e747b0e60eae5ab4fc6a4b611d128b145880bce4c12bead632e1b3170,5
checkpoints/element/trial_0508_RTC_S03_B028.mat,0a3e9123f7b0b440f31c305639f8833219f138ab22d331dde81f0547f6f4a63a,d0212a01cea9a9d0227b32ff57adfbbd891085c7c90c6014615acfa52fe7a076,5
checkpoints/element/trial_0509_RTC_S03_B029.mat,f92802493e33e192590e52cecff5cd4fac0667838e7b073ec083522be2177a22,e045e88bcde9489569f96d0da15ff9baf4accfaa98770073d780390f305d073d,5
checkpoints/element/trial_0510_RTC_S03_B030.mat,dd3d1141508a3eeac2af7da07bc8219311cc159f6a1b59dcffa67cabff0f5c87,90476a601cc97375eeea1f5b0bf05d3be6b30f5fb38aba08193c2a376fe4ed9c,5
checkpoints/element/trial_0511_RTC_S03_B031.mat,81491d3c9c30486c510a8162a31d58dcc76b794f84d90e87f0eae22ce9751094,2151401f0eb14f62541c59f3eaf153a4816908b18cd253dac3dabb6e9841b752,5
checkpoints/element/trial_0512_RTC_S03_B032.mat,d105cd17903ee413af0bb92460ef40b7f3412748de83123324a3681c049c6af3,71567e6f4b257d5648355db8c9606dda5f336e966d8c1f83b615c3c5ba8222b4,5
checkpoints/element/trial_0513_RTC_S03_B033.mat,9b4cbec6960dd4eabf661c7e33b953454ac805576cbce196b42da09bfb75a306,b8328b051b37f922d1ad6f9005070eedb69560c5dd67e018a16fcf25eeb26b0b,5
checkpoints/element/trial_0514_RTC_S03_B034.mat,2e80d424e86b11ef5217c1ae5fa1bcc7170f47477a4bcac297f3362b9a59046d,47b10ea4a90e2cbe5b2232c53c86b49463d89b2f9c66400cf877cefef071cc6a,5
checkpoints/element/trial_0515_RTC_S03_B035.mat,0aa970dd765abef676da341d2714e09834cba8ea163bca2003dd7882ce010232,bec9f0867be0f15c13040c5e73eca419927852a57ac2cc40c4e232ae2de412e0,5
checkpoints/element/trial_0516_RTC_S03_B036.mat,99b44ca291f590d47e2ca3e3e607400245db83092e910e0a8170588f627640b6,c522a21113e34312175a4d6e2d813a88e0f497a64887a4bd90fd3ded38f7d883,5
checkpoints/element/trial_0517_RTC_S03_B037.mat,91f9cc3e5f0dee3bfdb95de191dc47c6a24680bf575a3ad25456d96ba8b9fcd3,00ec91e40616ba0d34a5df458cde2e615d394222019b0a29712486104132a0ca,5
checkpoints/element/trial_0518_RTC_S03_B038.mat,c213f0dddb9fbe4dfdf913f3efa39ad0e1ab84e8e0af4265ce41858b62c3953e,5f3dc390f24e548f98e7adf1e169e5530f51981729429577d80e952ec287bacb,5
checkpoints/element/trial_0519_RTC_S03_B039.mat,14ae081d09293c50216dffc4a890179bd8b258a5dff2a78ec3cdcdd3f9659aef,6130210603f44849911cb3fab934852ddb79a95804d546c4d16d51de99e85e22,5
checkpoints/element/trial_0520_RTC_S03_B040.mat,9771ebb84693f5a28f3da4b2af0bc0864002d81f06b26ed59738e62ef56caad6,36eb8665ccb582d7b1bc8b3f02425f58354371bd4d6f099e9ae4cc7ba116b46a,5
checkpoints/element/trial_0521_RTC_S03_B041.mat,16c34b6b0c8ad54885d86a24716773b61163d66b1ba2297d158d4142c6a71954,3d4ab8af95ad8a95f0d949dea745bc2b9aca99966f8a28590c45575add22f50f,5
checkpoints/element/trial_0522_RTC_S03_B042.mat,938d69f6309c1be970a35b4a695fea718315ba24caa08d78f81dcde92264ba78,7e5c9ffe6d955d9c7e719c995c22619fc539d99f9407c75ce75a811a16a1846b,5
checkpoints/element/trial_0523_RTC_S03_B043.mat,4d5a6a2b3c6a36205d2a6920e3536add7d2c9c65c799164fb48453e8eccbbc35,f0160d9d68b05a02a093beb94cb5194870118b5e9d23dfc88d9c85aeeb0f61a4,5
checkpoints/element/trial_0524_RTC_S03_B044.mat,3193f9858478f992b2d7a283410faa7568ba57b2048807a032fbec4c15fa4abd,c8ad6c652830ccbe02d51b55902b1abe98882b4172bf4b8154c7758b0497918a,5
checkpoints/element/trial_0525_RTC_S03_B045.mat,20f40b9b1338f2d3f96648dc758b4af6b9ab82d31de1b9dfb95f837aa7d98f37,5070fe20c649c86c5b64fe890dd18e08d2d4682a8e9bc7bb71b5b270e25e88a7,5
checkpoints/element/trial_0526_RTC_S03_B046.mat,a6e23136236a9d495579a7be0ca907b9e8afb6ade04304dadac9f0a9f1b135e2,e770f027b1b2502ebc494d7c3dec0ba92a59b80b24e07da72c0abe2dd513b3f1,5
checkpoints/element/trial_0527_RTC_S03_B047.mat,21e5fe15298cf57d1eea9156477c5c93fc9fe075029da8da0f7ad3089c1d65fd,6a52653a080ac3463e0442476b73c7b7ef5837dd707327a2c71cd5873754af35,5
checkpoints/element/trial_0528_RTC_S03_B048.mat,642cea2869d2309dbadf88a6d76038e477e2e916f34c42740d908977fa72b942,0291983560bf2e26bf88a33b233a371dd828703f085b051b464374706490d37b,5
checkpoints/element/trial_0529_RTC_S03_B049.mat,46338ac4d7d32c55c825632b68863a42e35f0acd40d33a0be99875193daaf095,c786192121c1dc76fc9c7acc910a0b1bb6d3d227f6682c7b98283de428421677,5
checkpoints/element/trial_0530_RTC_S03_B050.mat,3097e0d6e994f042788302b307341464e845a4c7b1e6b352dfe2d48e96178820,f3ac4a033ae50fa1f2a3ed76ea0c91f36ab20797054859d921fefba5b5611b19,5
checkpoints/element/trial_0531_RTC_S03_B051.mat,bdfc538f551bd98f21f7e3c5464e2dd1f63957eed36237ba1ca51e5c493b010a,667332e3df7b0c7a3344dc6c211f5eebafb3228275b241cf4969028ae16d73b6,5
checkpoints/element/trial_0532_RTC_S03_B052.mat,b84f81b9682b45694f16e56fb53e98bb486e03c606816c98ec3cbcef88e8bdbc,29c263ef7464e3dcdc7b3781d560b52da80d207e52d3f66d5eba7bf716611e3c,5
checkpoints/element/trial_0533_RTC_S03_B053.mat,8fb8b1c50dbf1515a5b5e5fcd12a898569d13f8a654d28305c4301a7f99dd35a,99d95809e8cc43d1d3a8c342489822dec4b509f8de9899d09bbfe332ae8fbfb0,5
checkpoints/element/trial_0534_RTC_S03_B054.mat,2c24683aedfdb1af8afdb1aa893ad4fbffc23f7a47964107c956b267da9c3824,fcb3390bc55e79e2589b7c016012f1544a31b72574cca1feea32ee0671b1af49,5
checkpoints/element/trial_0535_RTC_S03_B055.mat,1cbdbf85804090447dc406b46b7a03c2623d6da9f06c3192b9ab9493b07bcc48,b54e2068ef3d907dca2bf62e27f4b75c720e534eeff09d2c7e957a378f0bba26,5
checkpoints/element/trial_0536_RTC_S03_B056.mat,18857f4c90b0af5d3a7dce9c3aca2310aa96018bb057e18e0ba60f1bb57f91cc,14ae161901adc1b02884a376f3ffa56d9bbadd556ec473e3646bec244a5f2d05,5
checkpoints/element/trial_0537_RTC_S03_B057.mat,57c930d8db3f878e59a905b47e5686a03fa3ef2b7594bd87bd415f4c80dd8f57,cd96f5dbd3ad98242b40738e6284c350fe14a17c044eec5a20d630dff78c0dc0,5
checkpoints/element/trial_0538_RTC_S03_B058.mat,d4459bf7a30bfcf6b1f962ca40c1f6e28243caa93ec8decfa62105e648768e77,ac4104b8b0ef2d97efae0c647c08bfd3a7512f83810f3ded96a6e4a1b316e4ab,5
checkpoints/element/trial_0539_RTC_S03_B059.mat,780af79b506b950e8c92d7f82be5b96224ff091872bd12436b95df06a50bca43,047cf82f9080c38881c218804117fe2540dd2c7f4faf6d6e4843e8a661952b6b,5
checkpoints/element/trial_0540_RTC_S03_B060.mat,9a79ec72f9fe8195bdb7b30d3c0f277244f2f6c8c99db14d35860d5378658e20,99a5d76ca63c6bc8ae37098c61c9b445112753f99dd9be6066250d16da87428f,5
checkpoints/element/trial_0541_RTC_S03_B061.mat,dc328f3c7fa8cbec1560d9fcda18127098fbf690c8bcc9841c582f6d8efcc45c,d89d66c30a7352db59ff21f99bbfd0ad0931901c1d7867f5b3acb4ec4ffb69e9,5
checkpoints/element/trial_0542_RTC_S03_B062.mat,da332e1f735ec8245b7dccf9e8048ed7f0b736daa60eb686c13729a4dde10402,e36292642a401104d10315fa757a9d205c2484332a7a377cd3380791750a850c,5
checkpoints/element/trial_0543_RTC_S03_B063.mat,a59c339b505422dddd53ca10abe406ec5e56e487b9cfb572ddc84784ca46f630,7e350c0143dc14f20adc94caca4ec5e4c2fa08f291983f75038811c2f1a3cdce,5
checkpoints/element/trial_0544_RTC_S03_B064.mat,c4bc57376dca438129ec2c327ec8a578b661260d598d814a88a1aabe39ef61ee,bed51c2297039a0cbc5804d11c5920461980283a18a26d8d8a9c30114b11fa80,5
checkpoints/element/trial_0545_RTC_S03_B065.mat,dfe8b826b7dc821825555dd8a4c9bad504ee40c1fd055f88afc21c32a6cbd400,9bd9631a4f659595864e16c863901ea11ac016863b664fdddf67115bdab32af7,5
checkpoints/element/trial_0546_RTC_S03_B066.mat,c4c3f977937b2d780a5d2f59838a1e7d553cf8c9fedfb3b71166a384c18bd66c,9fb234fd6c5b4d9d1b42a9b43dfb9488ce6662c8b7513d663e453fe24d027785,5
checkpoints/element/trial_0547_RTC_S03_B067.mat,8fb38f9772f2ba2be471357fa75e345c512afd1b86120afe1188467c5a19608f,42468a0f53187aad274de953d58e777cfb9e3cacb6fb5fe68461f5b24b9a8fa6,5
checkpoints/element/trial_0548_RTC_S03_B068.mat,19fdc44df5592605258f29ad949e104148d1eee8d49c505b9aaae4da16123c80,a60f3b5e8af4f2b6ec23b551f2e28a2706b9ce855105cdf33472eddb6196deb9,5
checkpoints/element/trial_0549_RTC_S03_B069.mat,1cdcae211303f7ec6d1e94c22373efa7af3af540c259624b5f9feae6d7486eb5,fa04d426cfd9ae9e92772dfda9e7728dd425c5273bf4cbbaaa19703d0c77f77d,5
checkpoints/element/trial_0550_RTC_S03_B070.mat,4563e4a5d2826844c8edc4db48e5697394bd690e97ae4880d29963e46fa865be,dc183285fd083700e35377e1de2247682a97000c0b3777da2006dcc2d53df1ac,5
checkpoints/element/trial_0551_RTC_S03_B071.mat,9f30505c3c2f815731b361068c0eed9f0a170f06277a8744eafa32d236667814,0277fe3198e13bd52bffe0c464fad2754dc6ec8365ce1857041a8141faf0c6de,5
checkpoints/element/trial_0552_RTC_S03_B072.mat,6a4d65cfe549690fcdef0bac3f50679762167250267ee8c65fc8cb0626b20dd3,639367982aaa44d7ab420defaf1dbca136c307ca12ee319eb17949f5ee556354,5
checkpoints/element/trial_0553_RTC_S03_B073.mat,2e0da234186a88b3c503392b4b9ce08a6dbabe57ae0cfcc502fad03d77278da3,db1eb83ec79b46c5e77450c1cd065e3321a81bf656a3c91f2bd2393409ae940d,5
checkpoints/element/trial_0554_RTC_S03_B074.mat,a1aa5036a793af6b32908bf2f3e9d01e563fc0915b27ce6f6f0b13e709315998,5c064cc84d4c1b4598eea320fe5763d79d024bab9a575abe987220232e0c6e22,5
checkpoints/element/trial_0555_RTC_S03_B075.mat,09517455608d15e6d37ec23c1e5bb9ffb2bce681a49d78441dccaf5cb083d8ed,20a02a30ce50c864982fbb9df732313d8f1dac95d5c7b443e1a0d571017b6295,5
checkpoints/element/trial_0556_RTC_S03_B076.mat,48143d37dcfdc8c8042ba17e268b6f2237e4a16f2f39d96260c9088b25687ba0,1a5824495b3ce0dd045b58887d950422fd98cd5d22226b3ae4ae1c30742db94d,5
checkpoints/element/trial_0557_RTC_S03_B077.mat,691af0e3658ffba778390a741f97b99092f6737a1b831501fe226b8e1b8c9d75,891b09cdd27aca8e08ef27be576cf6ff0bb6292afa947eb458677f44832ff64d,5
checkpoints/element/trial_0558_RTC_S03_B078.mat,e98089b64c552cda856d2ef66d3e1e7a1661535e6e3acf418e0959f253f8949e,b8c907a23fcf2556a7f4ad3e1b1b27a1b1ed1a576e1b4d33206dac475489f7e7,5
checkpoints/element/trial_0559_RTC_S03_B079.mat,3f3c24d74a57e3808c2730154b8b16b18fb1a366e28cf7ec3f7aff7dd712b3ec,456b83a0df022ea79a1ef11d11eec48a292deee9632d85724d75ae7c162c1bf9,5
checkpoints/element/trial_0560_RTC_S03_B080.mat,d96dca2c0522ab08e74d0a7e0fa6d14bd53d5e75a1b682caec400e6ed39ddb84,d66c72017e08172a58bd5178acb14de50dbc3e861d73cd62e27f4d25d56d7f60,5
checkpoints/element/trial_0561_RTC_S03_B081.mat,543e80dd9d5509ef585d752da397552098ea91cd77f532896fb6b443e5e7bbe1,269219742a35a0d7d830e6c322aaa1192dbf34d40c8a9d44a0f3e9f7b38fbbaa,5
checkpoints/element/trial_0562_RTC_S03_B082.mat,fda09b446c40dcec278a2fbcdfc05fc49b39d3540676a437c80922de8eb39c92,fe3821c07ca8d59ff6ed219922676e2f877868994230ff1d4da1b6297be9d749,5
checkpoints/element/trial_0563_RTC_S03_B083.mat,369be49a4f82ab7235b3a598d3f0da8e5ce7d93e97f5b8ec3226f49dee594fe1,c1fe02d4b56bc79a839886c86e2f68bb69d54c5c8608b4bd87ce52002ddafd3f,5
checkpoints/element/trial_0564_RTC_S03_B084.mat,f43b870d2540a7499a17846a5263ce235b21581d06f010cd72b6e691b94ec04b,a32fa836bf074b022bade6d959c28c3b6935d04bb6d057dfc2b47f209b0f3ab3,5
checkpoints/element/trial_0565_RTC_S03_B085.mat,3232902e2842d8d2ebcd8bf6142fab6d966155a054424a58bbc621a688cdae5e,c8fe90e9a765e10eb8fc17aec94de0b8c95b8b3a5505c15a2b4c74cbfb70b1df,5
checkpoints/element/trial_0566_RTC_S03_B086.mat,5f243b951a4e1da493e3b49dac322f403a50ee78703fa5e338672f95797b5a17,2cc6846d1f8c79e7ddbfc4d0aafdc1d1265feba39d78abda9cd63164fced292e,5
checkpoints/element/trial_0567_RTC_S03_B087.mat,9cf09924c547ec23d5b2f28845d14d805338340edf4d8e07ffe92ca88175d07b,6ef670bb9e174961089a702c853206662b06daf95f5a38b5f9e879e10916da55,5
checkpoints/element/trial_0568_RTC_S03_B088.mat,706e11cd23313e4396dc285dba786136a5e0beec9d72a9a00aec6a9b7c158ece,0a4b06bffae9bf76be838164dc2fa49542314a870fbfa0c177f48c12cb6b35be,5
checkpoints/element/trial_0569_RTC_S03_B089.mat,c602d908d9d2f60b83a2e7ce31f5dece67ea14949f86372bae8eeded14797d36,fc29515d460fff24624b700bb0168d50a03cc35d4a3a793fc6d387e06f71aac0,5
checkpoints/element/trial_0570_RTC_S03_B090.mat,b28c5e4bcb18c8dae412fde10c5183bcf6cdc6f62f94d8157df7b606257403f6,c6f0320e50584f8adcda76fed8aee6cefdd8bd9d4571ea8a3ee45b6334bf1c58,5
checkpoints/element/trial_0571_RTC_S03_B091.mat,0e82c944e28de4094c20d9e26ec09277819fb8131e9f20caebd042fa9ff2af18,c9228ee23a05c442f7b8b6ef5dcd0a8850ea3ae78c6d21b86355a25ce203a08b,5
checkpoints/element/trial_0572_RTC_S03_B092.mat,fd68f8fe6d34aa15c29766282d45a3254ed0bb2e336a6b50dad1cd51137c8f59,abf3c592d0a1b8d3e204ad8f77a4153209ccfdabfb60b80a54bae37f41dfd85b,5
checkpoints/element/trial_0573_RTC_S03_B093.mat,8e5330bcb389ce61ec2c574f33898a047837dd1ceca48aa3d2a4b1c9e4886a7b,3ab92eabc04fdedd98d24fb4e0f1dc20831ec0324044000f10617fd79bceae04,5
checkpoints/element/trial_0574_RTC_S03_B094.mat,045c5f6ffbb37458732e4a247719e2cb5fcd933333ebe524e985a288e1f1ef88,4dd48272b92d3ea5a6ff29f0116d88eb0af3aa1e56dd7a7948dcecd10a5cd786,5
checkpoints/element/trial_0575_RTC_S03_B095.mat,5702f55c2855626fbbf5c21714f72a08eb1a228d7446c22db406c2b3496fbc31,52e63eb05ecb01bfb0cdc24a381b5704cb9437578a6bd1242a455a1c5eca2fcd,5
checkpoints/element/trial_0576_RTC_S03_B096.mat,118b41aab24569dd4979548bceca7ad1f21669b065b340271172b9ab2d7a7e8c,08b026fb7709e3b217b70f4acea807d19327bae3150d632a09c5ce578299c540,5
checkpoints/element/trial_0577_RTC_S03_B097.mat,0204652502a0e9ffa5b40b985f8f64262f5a56573701026585e60ad6b023bd1f,d676c1f19a7a6f02d3af90e4d3c82512d60ead8619da248a68eb652f0a948f97,5
checkpoints/element/trial_0578_RTC_S03_B098.mat,3397a58f29901af4479c32141c1ff37f018d1d14281f724001066633c83f8174,7467d34bcb599bd2872f0bda238338751079f21f071144754eb32148cdb3213d,5
checkpoints/element/trial_0579_RTC_S03_B099.mat,c990f220344ca677af521752ff374fa8adcc1c32033975d37384170296559404,83fe7fffc3e636330000e001292768404542a327a3d0a42d0e4bd5184fa85bc0,5
checkpoints/element/trial_0580_RTC_S03_B100.mat,f525964d0334c4314ea2b11c537862fbdb66a0c13a671a9d8e94015f4e394a39,b5613448443077bc51b945aaf3c3d8366b3acfb9fef9c694e89ccb89be0e46d7,5
checkpoints/element/trial_0581_RTC_S03_B101.mat,d16969652738d4aa775f27726e7f250f438e1b62610e755a88be0f0812f65a5a,8db9bf7052d4b24760034af43cbaaabf411a91a35e429fd8ba8b4d760274c5fa,5
checkpoints/element/trial_0582_RTC_S03_B102.mat,f4e22603a8ae84fe29a0769e7404f5f8c2a596ef5d9aff079f0c274ea3c181bb,418f6c5b364a3361a7cb61ba4dec7243af5d368519831732166859068ede88f1,5
checkpoints/element/trial_0583_RTC_S03_B103.mat,a0629585c51284b3c2f59a758ab5862b9a9f22d1367a3e005a0aa551a5f5d041,ce1664b4a352f76520e0abb10f5c4b804627a5997549769ffba35d87f18bb58e,5
checkpoints/element/trial_0584_RTC_S03_B104.mat,02b3b87b7e0c923350f1c5a1890cce18316b302b69ee718478a6036c4e7b9eaf,981ebfc019d4170eb64d9882b2b79ac9d636b2226eee66f3242bb1ed225c519d,5
checkpoints/element/trial_0585_RTC_S03_B105.mat,4af9f33eb3b6d020d41e3949c23e9e3d5c00b21525309211d58734282b2acc1b,126a47b6209723a349874bb3f0414c8f260f22b93b3548730023002726ed3255,5
checkpoints/element/trial_0586_RTC_S03_B106.mat,707e522ca6042deaadc46f2cb5433848c570adc9d7e574ebffe305eb268b1523,a6cc8837a863a06cf9077f5851adb54585791977d6012e60c45d706229a9cfda,5
checkpoints/element/trial_0587_RTC_S03_B107.mat,baa13f832c575c644e73f85b6d9db46700f8ffa81feac3452cbfaf622f9d72e7,a93b372de9682411c888af15999d7aca8c157219ca7f289f62f5cad2c24a2291,5
checkpoints/element/trial_0588_RTC_S03_B108.mat,fcf6a55d0366886884a78644f6b62489766275c525fb949a2e16732b14323c60,be521746eaba2e9c8d5ab1550e1421913f0843a3b9c26e53a153656b737d9bf5,5
checkpoints/element/trial_0589_RTC_S03_B109.mat,702c163a50281c3bd73142ba840ec975397ea30422c5d6c172d4cd70449ba128,46d847edd4bf04a86814287a2f94b28969fcb8e19d03af8263063252f8c40cb4,5
checkpoints/element/trial_0590_RTC_S03_B110.mat,e22c192973ef2778aa21e84d6c801395bf1e196c3cb221497da77ec0fa4b115c,dc8eb1062303dc3464833ee10bb1cd0feadde8f0fdfa7283853c22caac7919a3,5
checkpoints/element/trial_0591_RTC_S03_B111.mat,850c2192e9870f354065f92c11cece8c63748b04950e5cc0f7b63d4152a7f705,42400f5146f9657b2222ec6767b4f367a8158359c681a7d1ac299f135b4c830e,5
checkpoints/element/trial_0592_RTC_S03_B112.mat,6b9d2dc5c719e08ba439a51474be3d92709341958d39e5b87ae49c7dbd92052a,0333bc89df25d9ffa01868fab8eb6ad517951b2a851e1a3138efe5f33bfe19d9,5
checkpoints/element/trial_0593_RTC_S03_B113.mat,f9f7b2cb82317d0c4d77c32dbd8310df2501443b266245c139db20e503fe19de,492dac4c767ef2b88a9f611ca40c2a5a49f6b3ed150bfb1f9d036d037ee2438d,5
checkpoints/element/trial_0594_RTC_S03_B114.mat,d4a13ff0cc4ad350cc1284477e3263cacde4ddb375b6e8c2780080eb5f833f2f,acace33922e39cb7d65ae23b19213cb4ea4fb41aaf82e214a0abd85c454344e9,5
checkpoints/element/trial_0595_RTC_S03_B115.mat,96a8c16c2c403e05665d6fb7450f7fb4127759b0b887ea4b602392ec45d37f7e,b670e47407e72005c4f7921f9fbcc622ca492ae2ac0a9f52e0508503ede4e528,5
checkpoints/element/trial_0596_RTC_S03_B116.mat,0b01f283e7d3dd20ad5ffa093020ecab2bcaf4f7b94e7f84dbd7206fa1b3d5d9,363cb79cb2399b4c2c3fe67e55150ecc647b229ed432c3695dcc002b70629ffc,5
checkpoints/element/trial_0597_RTC_S03_B117.mat,60247d04867013ca127af1a9bcc43a5bb578f60bffacf04bf9131fc314b59aff,166e0de2151e05a3743c34dabff34f109077db6dce1ed7760eb96869c9d774b5,5
checkpoints/element/trial_0598_RTC_S03_B118.mat,6c576cff0ba08eb1110c3c4f5729f73dbe1eb3ba3097c16bb8f5bf612e0242e3,5bbd288c1fa79af8bc4df20f901bad82d47d3aa6b6f27a701aad1500ca103115,5
checkpoints/element/trial_0599_RTC_S03_B119.mat,389033653b1de7d84128cad98459119808c54e8d3f901422d92a5a4bc3da2fe0,4caef8d077a61cadca7d92bde5d0dcbe68d96e3c728dcc636eaaf21210c7b96f,5
checkpoints/element/trial_0600_RTC_S03_B120.mat,fa0378749c119e82680fc6ff03bf7d68aaf85b17af728a21da02c9eef53abd2b,cce06ac8f2757e3e6e488eac939e511b38ee885c023d6dff18a2026bcf04d8b2,5
checkpoints/element/trial_0601_RTC_S03_B121.mat,554ad9fadc34f8750cbd60f1eac26d4c1f722eed5a4a4f09961b238e721cefa9,f08c77b0b09e0d5fa5906b9bfef98bb0f547ee8f33509196585f84f5f1c16511,5
checkpoints/element/trial_0602_RTC_S03_B122.mat,598df532eb7f70fb57c665dcd09d2b9957a9c117e649de600d852741a79f972a,bb34f92f2253a2de07220ab4c73c66119b821e2a2ffcc723c0d8f82615621260,5
checkpoints/element/trial_0603_RTC_S03_B123.mat,c70df69ab970c4e3fd43e9062dacefc222f33502824a656cad467cdb184b3025,2de1539c0245a6e54286733fa0cd01e44c8937f7b7981b1ae8fa00e4e35d1fbf,5
checkpoints/element/trial_0604_RTC_S03_B124.mat,95700641cbe9b36607e7413d75289f0e9d322cc8f61fb21093894e1536fa2f19,b6d58714c5363d2c3983aa55bc507b4c4dbd81650727f88d6aaf2ff67bde0ed6,5
checkpoints/element/trial_0605_RTC_S03_B125.mat,679705df5e7b0d3a08806b15f3631322f14d36fa4c841c2cf514b75bd079f686,2d8c89f831b95f8579faeab381c2b3bb452e1c1a3a84efb05ae9795604822d80,5
checkpoints/element/trial_0606_RTC_S03_B126.mat,13128f372b4fff74704a00f1ce45a7eb494eab8bb8f2af9bb79e03e88395384e,a3786801f2d991abeca8e4ff13e1a62b88a77de7fbbbcfd88bf2af4e947d7b3d,5
checkpoints/element/trial_0607_RTC_S03_B127.mat,18d1dc5080b2aea1aa27fc23854680c298651e74d96b8b0441530bdc92bfb92e,54225f062956873e3dd2ee6ad4080e40478c6e4080e002c6664d9fb779804474,5
checkpoints/element/trial_0608_RTC_S03_B128.mat,bdadb2256c94a0dc10a71004b3accc87c5cc961fc76e9c8877f9621039f86feb,e6d087946e3261a1909148a0123bcdd9718e4e10012c8a94883425d61c4e619d,5
checkpoints/element/trial_0609_RTC_S03_B129.mat,2b2378859a9fb76e9a916d9e54eb5e89ab5dfa813c072618170531abc4e92f36,3d5b2cdadf5005a1d7015e757c1efc5c842deaf821644e24b2e47bd82dd109e6,5
checkpoints/element/trial_0610_RTC_S03_B130.mat,6afb39dd64dc8b0e01c46e2d43d75e479c43d9a50d63c6347fb9107cc1ff9a7a,7f9922f602b0089b45f4c6ded1d48020c1a6e984e358b48bf486950577e7b351,5
checkpoints/element/trial_0611_RTC_S03_B131.mat,bb0f8fb831a49a4c9c75cf7a14ef41c21c7c4c6b6a9286c415c2026d8852bf34,31e3030aedc9b48f5f615ac37cf146755840b685fe9f9cc5dec5368445aa592f,5
checkpoints/element/trial_0612_RTC_S03_B132.mat,2701b52272fa35bf62a92b9b12bf41a5f432344d76453ac87156f70388ff72d1,4eb5ae2ed6a31929e08cbedc408cbb5f173ee89259664f6ef98023d0fe2871d3,5
checkpoints/element/trial_0613_RTC_S03_B133.mat,1270375c07a7e85ea865f8864a1390b6ab88a4b012744b9a1f6949a22923cb64,35d5663f3a035b0946f2360d722375e5bf1f698464c606e94a4c2f5b9cc9a7be,5
checkpoints/element/trial_0614_RTC_S03_B134.mat,1a9cb314d47639334ed3c385c91e680dded71f4f94981507ea8d1082a94d172d,17f3850fc882ffd0c98e814a50b5f8ab624efa21c0359951efb4de60d0f07166,5
checkpoints/element/trial_0615_RTC_S03_B135.mat,585f07a5a0ee46a11422877a7c2f0111b09356c61d1e9e04336913e7c57dbebd,5b5185d3645755da1c8eac5a8165db09af9de79553db7d6dae9ca3709c09fa77,5
checkpoints/element/trial_0616_RTC_S03_B136.mat,347cd7c3030da38f68c58abaa067e652c1b0b546bc2d9e84b571b5aaa3ccc6f5,216385aba1f6a8ab45dd02eeb123557b394c1e0ffbc319dc58027eabd507803a,5
checkpoints/element/trial_0617_RTC_S03_B137.mat,ccf12c527baf28cbda4d5f670b94f35165496d37665bbcd12e8ec6b3b144ca06,b79d02f9cc79318cc2d834c3f3b030137c0d1aa59eef96dd7c18d04b41402f00,5
checkpoints/element/trial_0618_RTC_S03_B138.mat,9160751899dfc4e8949d96651347a2890bff29c4da6cdce92b31e1e1f0f8e6e3,76ffdaddab7dc376b975351486b15ce408a156a3acf423112f6db938e17d087f,5
checkpoints/element/trial_0619_RTC_S03_B139.mat,7b80bc9e9febca3bbd268e5ad12dc9b66ebbf54a5b6d2d0ed78778320c5f8418,209a3df15d53aaf0f706938ea0ebd4903fba014573490a0e6e3f03e0d703719e,5
checkpoints/element/trial_0620_RTC_S03_B140.mat,541e39087e0c71606c4297af6b16168ecabcb8ed823ac49ff5a93a41358ed64b,893afc986f95c83e9eb6b8c6b992b1385262c942330328c23e74de8240e26bf8,5
checkpoints/element/trial_0621_RTC_S03_B141.mat,e6eeb908b9f4579775aaf73af1db759ec8fc87f816e7996c0fbd46f80ee149e8,53cd82986393e7e46914a38ada0fd02c8a1cab9723f10f35fc120e23c8ae768d,5
checkpoints/element/trial_0622_RTC_S03_B142.mat,ae73e4dedeb40c0627692faaecf8c91b607883f2a12dd79409329c18531df918,2e0cd9a198813582db703b3ff8247cb5f535e15a0a098e1bb5ac6a6bfa41b0d7,5
checkpoints/element/trial_0623_RTC_S03_B143.mat,dad9bcb476dd89ecf79b09596762884c29c22444a44fd191aaab5b6f16553b0a,fc486aa5148c1b09cd20dcba583353212568d516cf928eaec7f5d06c732e7ca2,5
checkpoints/element/trial_0624_RTC_S03_B144.mat,a72af4a2d3520fb24b160205abca95b763c31cfc13fbced038f144ce9965dce9,ab7714006865b0e91a6e4575eb6acd74af9038196d3fedf9f321b75ece36b876,5
checkpoints/element/trial_0625_RTC_S03_B145.mat,c363332e89a360de896c157dbb205d2d44485e489921c9a4773c9c6e4f370a7e,724a6af66a027ddd01962b9f3373a1d0fd0f791d44f6decce66f3791b599c1ba,5
checkpoints/element/trial_0626_RTC_S03_B146.mat,952f80ec2d54e58d735ba4cdc9eb65d2aadc84d8af154324aebc856aad106d2c,6abb29a058d4209921fb161d231a782302b3b8af6e0f4474eb0c876d59264ad0,5
checkpoints/element/trial_0627_RTC_S03_B147.mat,25294f3cbe03ce4a1c4423b7668aee3a734cc9b94cb7e9a2aefebc397c703ff8,01bac154ca942835d1692a76a3df308176c46b981ed920789b771e0f69f3fbcc,5
checkpoints/element/trial_0628_RTC_S03_B148.mat,05719892c3fe72b8de3775e00f7094f970d0dfa17c7a59f303485ab0ee5b773d,97ac17071791ee3619c087934c9207a763309f142ef6b78ad8680e3dc79baf30,5
checkpoints/element/trial_0629_RTC_S03_B149.mat,9fa9fd8fbd279decfb8801f66fc953c006c59d20f7a28639ef1b2717b791d66f,5bf1d4c7341b6f5513d12fd3aa450facc31022ed81db80044cba5369880dc915,5
checkpoints/element/trial_0630_RTC_S03_B150.mat,1008b1f6b674e637187ef740a6429a2de3030da8efe86fcc5a43f95fcde786f5,1113bb4d74689a13efcb2266bf8cc2035d917d2c47b1fc07b577edc3788d0e28,5
checkpoints/element/trial_0631_RTC_S03_B151.mat,7acda7e928b59d68328a73f0d32dc7346aedaf01666e75ceff449383ea12a8a0,ddf3a4b0bfc1dbeba68d853356fce3845fb3c97fe3b337978e3d297635ab62ed,5
checkpoints/element/trial_0632_RTC_S03_B152.mat,4c78a535b9ecfc8f4ea50a782ee915c6a5768637656d73b8dcb0ec98574d819f,a662d2236f0a324f5e5426f1539d0519d8fc456a1ec357d6f5015bce1f633393,5
checkpoints/element/trial_0633_RTC_S03_B153.mat,6756c41276a22432e89e3103789177a01d8b3f16ce9abf8bbe448333f3e80e37,de4c38d2c8fb0f7ec4f7f0c0749a79ebea9613a76d21b39ba080a4399c645206,5
checkpoints/element/trial_0634_RTC_S03_B154.mat,c9298937bafc8af6fcc105611dcaca0a3f0dd23299ea489f4e3438fadc6382f9,160e8bc4ed4e564e52d0fc450f6e7739fa235e3360a3c9e10725e739c44a242e,5
checkpoints/element/trial_0635_RTC_S03_B155.mat,7568363fc73a313a1d1f6affbcefd6c3daa6227277450318f3f02aa48d40c0c3,a41f6f87bc948a831d1392adff6b64e222bb97d1ab623d2b92dffa61b57f85ac,5
checkpoints/element/trial_0636_RTC_S03_B156.mat,5bdbe3648af06eec454d9fbe93f2fb15e30d3bca0e1dd3d3e260be5791e0115f,7137688b314c8406a02f529ceae6402c1acd02784efb5467a78a2212cdb9bb86,5
checkpoints/element/trial_0637_RTC_S03_B157.mat,b79726338fd5273453dbdc7d4724c8dfb4b4f304f26701413d421ac6c6021806,05e1551d492c696caab9454a7c0faf621e50f4427d1c77a2292a95fc37f612a9,5
checkpoints/element/trial_0638_RTC_S03_B158.mat,d1699a9e41d6943ee33315a261543db39e669bd08e40de6293c4371f344758a1,bea81f5d240c6d973e63e8d3e011cd9b5bb57dd33c6bf58b24b83cf37f8a4ef7,5
checkpoints/element/trial_0639_RTC_S03_B159.mat,479351541619b4cb1477db1c9e80c8db6ff4ce778e4a81deed8f2efddfbcdb56,b9558df449f8740a05562c94b58ae253f1d5aafbdbbbc6cd8d70284b042e1436,5
checkpoints/element/trial_0640_RTC_S03_B160.mat,494aea24f0ec607694260487e4d9f971e2dad9b61cfea8d38ca0feeb44933c56,7b9c063bfcdffe3c225b8f0ad5e1e1a0bcc2e5504dcdff33f20f6655c563e89a,5
checkpoints/element/trial_0641_RTC_S03_B161.mat,2f6a3404ffbb9490d6fccb10422259b1f64760a876d1d6edccf36ce7efcbd20c,95ffc7f367877e9bf2f6f5f05e09a624149e8c8ca4d23ac1cbeca32a86eaafd3,5
checkpoints/element/trial_0642_RTC_S03_B162.mat,ff0e7ec307b97e75bc330c31f659627174a00315ca0232bc5efd34460469359b,44efdc0acf20e5df930bb5c7c7fd434a35f10f8ebb859d3127e6e02db1c6721b,5
checkpoints/element/trial_0643_RTC_S03_B163.mat,b2dc931787d833d48d660d7228c2c59f55329367559b96e7ee90b9c37bcd4f95,045ee3eb848de9f6874251d5c84d237dfab8ad80d3d97f7d5fee88be86f7b834,5
checkpoints/element/trial_0644_RTC_S03_B164.mat,8d8468095a6671d479a2f6ed8401968584cbdaaf349eebf19cb2f4eb9f00af2e,ae93ef1189f5f88e337268a266beace03abd732ecc3b8faa6b6c5a25b265f951,5
checkpoints/element/trial_0645_RTC_S03_B165.mat,b59b72f08c8430881769b291c5af2c1dcc8c9c570b3296c82c9f43e082c9a4a6,5b9beff7480646254f6fa992ed1ea736c19b61f169316b088694c08885561909,5
checkpoints/element/trial_0646_RTC_S03_B166.mat,cad1459ac03d3a2fc1f8e21b9f3ffa80210907341d220240216b9199721de7b1,5834ec8dda0b63fa44c0c7f90f80bad36b4889e6d57e9fe3ffb00ad8ee36a2fe,5
checkpoints/element/trial_0647_RTC_S03_B167.mat,e76c9410ce25ed653bb2a8271dd05998652dae3564424901f431ef81c8d10268,2de5f35014eb4a884022f8372e6d5888bf57a874e28c5146b120b2c565edcff2,5
checkpoints/element/trial_0648_RTC_S03_B168.mat,574faff7103af574d09cfe251e8752181704590d66baac5020a5032ca9bef9c1,11115a09b9d85a40b88a3abcd265d34a9c7e1b55dfd66b613e371c6c500fce22,5
checkpoints/element/trial_0649_RTC_S03_B169.mat,432a917b21c5902498d7a6e360912b473a3c2b2ef7364c7879987b50fc999fba,5910708b8f78aae25387a62c581fd0320d6e0cbd922ae2247d09d41efd07da88,5
checkpoints/element/trial_0650_RTC_S03_B170.mat,b33e5bf5c8858e8344bc0d171d78452faefe9a4bab0801e327faa146c283647a,3e717e57b5479239f5ca8df186d9f482bd6ba6f4b3dd4d8298f02e1b6386cc18,5
checkpoints/element/trial_0651_RTC_S03_B171.mat,91878b2e9e72b73209245c9b6b420cd24a64358134569b68c72b53ff24ed4e9d,5d1833b88138abbca6d790f208e8eae1c003c61c9edfdb0debd9f37a30dcc130,5
checkpoints/element/trial_0652_RTC_S03_B172.mat,d2bf3c85e7c13dc791a95171df7c460938f602b7826e983cc030a6e0a845d25b,c383dff19d13e6cf9315fc0b5a9b4a37cee884acd2dbed9a2d7d70b786bcbac4,5
checkpoints/element/trial_0653_RTC_S03_B173.mat,b40a91d24345d9a3b7076badedc4a254a1cb33d96a377532d48c2fb7e0f64830,306390ec9db50cdd82e92a39a97613749cfe54e5e25f5b373a74bfabdd286e9a,5
checkpoints/element/trial_0654_RTC_S03_B174.mat,c4644b41cf4f14e63829ab88a6de3d68c0a6b50f785809d4ada216b6854b0db8,6ce29e719fc5cb436c77df8b6b52ab75b293ae59b2a4b257ced9b82772a73917,5
checkpoints/element/trial_0655_RTC_S03_B175.mat,6f24b9cfd052dcb4ce054ed49923aec8ddbc2c0c7d61a8b72e2cfc7b315fac6a,3affc613d8def9bcbc68b7fe6fed0b9b07e96755eb78d706607d8faa559f4670,5
checkpoints/element/trial_0656_RTC_S03_B176.mat,cadbe9bcb15cf8bae32cad07a44889f6360469f6fdf13ac2915050d1727b0967,c5bc8c2103e6a2854f77d3a088c8ff2108d593f37ef26b5594483fb7d0e78ccf,5
checkpoints/element/trial_0657_RTC_S03_B177.mat,f11df60380d04d589e692b1d7405343df4e2341a6cb01050f8e6ace2a86b9ba0,869af8d4f0cd03f73f8b8bed757fbf2cc0181d2913c6f81c5b4f5be70a6bf31a,5
checkpoints/element/trial_0658_RTC_S03_B178.mat,4c31074895942061851caa159d9da9f82de41645074664ee61727abc4b52d102,f6ea7f4225282c8b06d94c5d881bd794504c0216aec9c56484bddef7e01fb000,5
checkpoints/element/trial_0659_RTC_S03_B179.mat,8a9c7c7382d5b7ea9f9c7d2ec831659b6198822aba47e3a4e9d69d9cd6742c94,d03498cf9115c44c86a766c5871f3120e2acaba60de2b443883104969cf09b62,5
checkpoints/element/trial_0660_RTC_S03_B180.mat,e59a9d6039448707eb391c170c19755bb7434118c3770a52b1f2d53123afb64c,3f4c940fcfa1de8e198bc5efba2125b30e8f7a59355923cf476890aad9383c56,5
checkpoints/element/trial_0661_RTC_S03_B181.mat,e960859473a1e64ef6422d8905b998bac65b298cbd145ff5154584052a92fd06,b03ed8408edaf355d318e54e42c733a206954fe7cb68ba39030ae47028c31b7b,5
checkpoints/element/trial_0662_RTC_S03_B182.mat,b197a0598f56630e5be9e77f76965b11497425bf33dd4c07dc10173876b7ea23,c255eb62f498539dea8b2f0d0f8804702e59613bce94cb5d3b674c5d4ead2ab9,5
checkpoints/element/trial_0663_RTC_S03_B183.mat,ada07d482965b4b772d91529d9e11b543384a0340dc2b4af4c59deebfe6bb559,9bec56586fe4dc901fb48acabaff7aaee580aee9a83f846828302e078627f947,5
checkpoints/element/trial_0664_RTC_S03_B184.mat,87b5dc82dc57b50348ce6a6a3190526c566285308db5628dffbc86b2bb417a5d,1ebf4cbebd2e6e4a789b02e3e54cf77698c4352ded852d67b0ea0fadfb137b8c,5
checkpoints/element/trial_0665_RTC_S03_B185.mat,ff8f769b2833048629b7d30571254032367d0a0d60f66bbd01dcf8cbd25ed689,328fddf01666a8f5b21b7045aa36a6b4e64a6f61f63eab802a453ee85d43c212,5
checkpoints/element/trial_0666_RTC_S03_B186.mat,a4a9f9d06c980c42315f5338b51f61476135273616b3548a9b6b9fa90abc41bf,24c9f84d77087d1b9aeb82fdc0f992028f6cdfe4bb419e56eac98ecf760ddf54,5
checkpoints/element/trial_0667_RTC_S03_B187.mat,e9e68f2248f4337ee86aa81d902dbd771cb0a3c16f437b9b099472aa2460174d,1bc38c8ae3ca124e8f1a61b5e804ef053150687b77aff8a69edf7ea026472e69,5
checkpoints/element/trial_0668_RTC_S03_B188.mat,487256f38a1375c6c95a503280cf83143cabcbb732218625afa69fa194833e74,f9f3f96b17a2068f207ed33f720dec004aaa249aa60e572868e78bfc2e66fb04,5
checkpoints/element/trial_0669_RTC_S03_B189.mat,5ba88adfe2df75de8e0cf709a74efaac2a825a155d4a30bad4b78fe3be760138,d9ca7472577cf77707375c8bcca8d075d4ec357fd1876bd96a5b22b32b7ca203,5
checkpoints/element/trial_0670_RTC_S03_B190.mat,f4c078a3b24bceec4f0dbee16ab57912deef0e0aaa974a46e16fdefe62bf99fe,21839386e10e043e14fd7677abbb15344aa1964c1aa1ffa2bef3c78b62820726,5
checkpoints/element/trial_0671_RTC_S03_B191.mat,9761eb118d0eff7c3d3a00446e1a625bf4e9984d7cf13764bc0fab00df28433d,9a9b2179d49382c6a3ce541d1e6d0de445bc6cb82c549f6cfccc4fbd58902f05,5
checkpoints/element/trial_0672_RTC_S03_B192.mat,544cfec35d312c6e8d4e026133aefcf8a4a3abe00521c365c699b17546d9f212,e95d4988dcabf5606cc8844237d91eca9b2daeb5b841fe04a35413807c507477,5
checkpoints/element/trial_0673_RTC_S03_B193.mat,5fc072f4afdf8838012cbfb01200603e692a65da6c0d9d13da77cade408a0267,43567ef3b0567f0ab52d0d5264df642ac853a289baf96090a485af8413da4580,5
checkpoints/element/trial_0674_RTC_S03_B194.mat,c3089167e7a0177eec0ae13d81bc0d2533406e2b8f01d3a338860db35a8b612d,296c0441f3041eb6c9e3a16cdc5c775dd9a41abe6ca6dc96e7574a21b1cbcd6e,5
checkpoints/element/trial_0675_RTC_S03_B195.mat,2756c1e02ac5fedafb9a30e7264059ffc6df367c8393728f68908684ceb95ad8,ce9fd114c6b9045b40b7446a3e4730ccf348e9e5e9308a59d4fa19b22bd981ef,5
checkpoints/element/trial_0676_RTC_S03_B196.mat,b7da8c8734a47a739e534cc183ea54c347ee17419696177d3fb99eb6017bbed1,f7c217eca154ba057612b6f7eb83c3f45cc480cd91825f4d064dca5c8193be63,5
checkpoints/element/trial_0677_RTC_S03_B197.mat,6d620c54068726ea731dde39bf2fc8b3527457e54caa000b3a4693561fdf5122,5be0dfb43e555105e5a5c757da7d2ff8b965b7584309cb724fcf6968ed77289e,5
checkpoints/element/trial_0678_RTC_S03_B198.mat,e1313012f5ba089c7882cc0a1ee95dd215db56c86efb37a1c8bc408a518a56e0,40443e88aae0dd0d1ad8838865a43ed2e3d0d3ea2423aec111583f384dd1a9ed,5
checkpoints/element/trial_0679_RTC_S03_B199.mat,349a4ed2a09d657396e34ffddc6e9f246b76d935bb6da8317470bbccfeb113fa,281a5a312f5570fd39aee5dfcd10267b917cb631a969c9e8497e3e6bb4f88848,5
checkpoints/element/trial_0680_RTC_S03_B200.mat,fed5250037b994dc0d2d051761f4f92001dc785ccc59128bfee6b20aec197c5f,164c7e9dd98016941492b21d519022cefdb421e8a35f96bbfde25494f70ff75b,5
checkpoints/element/trial_0681_RTC_S03_B201.mat,592f3b02d701fa4386edc36b8b0cf81a7405798a7c4f49ebc4d668429daa9188,780da6ce12fb5de8e00aacc83e1a8ffe1d255b6818d006b7de6873357d1ca0d4,5
checkpoints/element/trial_0682_RTC_S03_B202.mat,527e7716e040e4be18b40030f8a578eb30301067ab9f32f7a959808d2b5cc93a,aca55ce52a42785c970fba43a0b557ad41a3055a0ae64df3bdf2daa7e4b3c78b,5
checkpoints/element/trial_0683_RTC_S03_B203.mat,99ae058ef39089724cd976427300876f71ca6227f8b2574212e1a8c5c377fc37,53860b13a7efc70c1cf1be0870f5e48b944d5c0dd5b131067fcf2e94c2d906af,5
checkpoints/element/trial_0684_RTC_S03_B204.mat,dbcdb36ac31107f5641c0c6bef5093b37d71d1dbc7a3fb2b4a5bb2933913c91f,6d6b198a1fd4e4b11d5358908edcec41dcdeda6e893e1b85d4d64cfd393569d7,5
checkpoints/element/trial_0685_RTC_S03_B205.mat,62fc9463ccc17b3726dc734b6568377117b8a0c350bec3ba6ee59df5409bf215,59bbbe186ddbcffcb23839d31a6d0636d59b50f41f44df5d1ee478039e6847ed,5
checkpoints/element/trial_0686_RTC_S03_B206.mat,d9295949e2542bd17ac5590759fa5b4680322e07b00e2d32175082345ffc0a72,853d26bf7d0757bb1461fdbc737d1111ddb4b1641eb4917373c8b04be209d60e,5
checkpoints/element/trial_0687_RTC_S03_B207.mat,a7e1f7ab1784b72e8979a5df8a2d58def5cb9669069afb22de559d516a979407,98ee81ffc6dea0defc09b96c53b9a8c804e34c3b9117765fa304b0901a0e2931,5
checkpoints/element/trial_0688_RTC_S03_B208.mat,9bc5a5f70c8577ce9d48bf054d72250a7ed049cfada69b002c69762ffcb3bf79,ee24916421c5e63d1a5f88b78d5f2efc8b2cce28a34719c141ec59abcd8f20d7,5
checkpoints/element/trial_0689_RTC_S03_B209.mat,ccde05e4c18db6f7b35ab161a6b9df33a587c976eabf8ea3a56afc34fc4f4786,43edf51ef5843a62aab8f4d4f3a81206dd877a10f6535e094f9046e1a77928db,5
checkpoints/element/trial_0690_RTC_S03_B210.mat,399b258c29b99297818fb869e47ff5469ce02cf5b5c34abb8c477f1f3148e9f5,7d246894d18551fc7f01d0de832f2097789e60eb12300f587c18ea21b245c40d,5
checkpoints/element/trial_0691_RTC_S03_B211.mat,d0e7ef19623c56cd14671da19f4a3f9618ffeb5e8315dd429187d32315d3a135,3472dbbad944f9584ce068c6071d6f35c58af5d977c89febf5a18d2aa681d712,5
checkpoints/element/trial_0692_RTC_S03_B212.mat,15872112d27634ac1850df498d7efb6481db0190b54c56188eb953f0712db44a,0367f921185cd9faa86013e7fc0abbed4f98608a6eca57eeecc5c761d41e21ea,5
checkpoints/element/trial_0693_RTC_S03_B213.mat,fb13c5ebd2f820c7708d436912cfa90851977bbc3af11898eba3faf6719a5457,dabc73492a7af105c6f3717b7e97da79d91cc6f7b83ae3a3374170cbb667ab22,5
checkpoints/element/trial_0694_RTC_S03_B214.mat,ac5d0d026499b64de7ae3991294aefe7c27aa6139e5dacfdb43ab18735882ac9,7dfdaf5040df3a45fba0baa1e0f47b8277e6ee673439c339aceee1c3a70ee91c,5
checkpoints/element/trial_0695_RTC_S03_B215.mat,06b52675ececd5bb2e066823b6d9a2b2feb874ed4dd137f631c75ba26f5514d0,1427ac641c9112866cc3827a098cbcd2105045eb3413e404379b5b6aa1fbeffe,5
checkpoints/element/trial_0696_RTC_S03_B216.mat,02b53a7bf4398bbe818d4bd6abfda7d29da47466f8b5d955537eb247ab9a6b1b,74bfef9753b994f51c4361b1bab192c6d7d5e63bdbdd361a7034a224a5ae32c7,5
checkpoints/element/trial_0697_RTC_S03_B217.mat,8b92b5723011a84a5a95dfc6307fdab961c07b281a2d092f5ef83347059684ee,c7f764505f3c7e38c05bb74a9b8729e48de92a346753a585460714fc5ea38089,5
checkpoints/element/trial_0698_RTC_S03_B218.mat,02cb518b97bdd2761456e1a51b8e5bd6824d34d2d3c85754397210b4ea172e44,4238ff48bc55fba24cc7ec7c4fb6fd33a77b32c8134fde6ad9f81beb8a8d9083,5
checkpoints/element/trial_0699_RTC_S03_B219.mat,fd579e0d8b1bbe9574a3d2d2a062eb564edb9520d5d18f2d491aa784ab151d20,dc7672f4e2e853a70605ae4606584a606301781b683e1f9529d6a66167b797a2,5
checkpoints/element/trial_0700_RTC_S03_B220.mat,e0a134b877899a303e783e7e7db0940588e637557192cb93522dd711333a2cb6,1108a11e8c2b61878fe9900224b174c4bc53382b788906111c75b864726a9724,5
checkpoints/element/trial_0701_RTC_S03_B221.mat,e3887fd0bb2e4887b9415d7c40b2b7403fcb368b151b7fc53c9d9c97cca4848f,ed1821829159d2b9b3b644faa845d97b916aea87003225250687c2445deb9e8c,5
checkpoints/element/trial_0702_RTC_S03_B222.mat,3f482fdf08437b4f5f313953d31388b1045062fe6f2cfbe0075b91a0244ebcec,e642c5bb821edfce48a89205f3f593aea8ab66a45edda563c11fe2c46336cd1f,5
checkpoints/element/trial_0703_RTC_S03_B223.mat,0306dec0aca5f0d059645c63d88d5fe5c1cd215ce35c43f1b5b91ab11f0b557b,7588aea52d1aefaff4d5c618c087f42c42350988dd81474f860b51953e9e5588,5
checkpoints/element/trial_0704_RTC_S03_B224.mat,6b266c4d87f61133676ef04e4ae96c63beabb9850cd3ee182a7f533db558e945,e63f59911ecf40f476cf5e033f9f8084f4925915041a4b3f0bc06c45d007d864,5
checkpoints/element/trial_0705_RTC_S03_B225.mat,836bc0b3c6149a561819764ae626a699de991a3a222345844d07c9dfd1edf097,3085b321a20c1647e2dfd9b81a88ed40020c4a66eeb87b0d05093ab831b880a6,5
checkpoints/element/trial_0706_RTC_S03_B226.mat,abd7c48afa9990e10f5842a445eafdaa5ac42bae9a603c70442dde4d5ae4c782,ed159d58a184bb5438d1d73d0f04ac10901a26e685f09fac08ce9ad0fad78d2e,5
checkpoints/element/trial_0707_RTC_S03_B227.mat,7fca688d4fe2ad7e408a5e9b3825707b34d0aa8e59afc88963da8d6390cc3814,b1775c213448ccbc7d784378b8d214bfa4e3dec432aaf5cd4cffb24e0dc1ab47,5
checkpoints/element/trial_0708_RTC_S03_B228.mat,1d565200272eaa6f5130aeb399c85f2252437d92a608bbe467b15a2253d25db0,4a9f846448f1a6f778cfd8f2a9573b836899d153d65db5e76cf6cf5f31e7c602,5
checkpoints/element/trial_0709_RTC_S03_B229.mat,84267aeb669db610e76f18db0e07889d264fc05c38104ba370e9d741b37c99de,b91a2ca9f3c6b55bde746801fab63a6d5c1ab4ed18f888ed9b75a5e7827f6e2b,5
checkpoints/element/trial_0710_RTC_S03_B230.mat,7743fb47c46f72ce6132187129e5edfc1324e361709084b351985382d3a5ff0c,a5f9cbd0ab1ca0745515ddffa618c86c22d996f179385af90c75b9ebe019f197,5
checkpoints/element/trial_0711_RTC_S03_B231.mat,f1ac4e32ae95a8463d13c66a18a06b662f3e0e01f4e09d9f07059fd157b08f1b,5fa32cb239d405fb3bb98c3b637dec36f8a27ed8c0aee124b2d269b6276a8b55,5
checkpoints/element/trial_0712_RTC_S03_B232.mat,02900cc776e08188ddda7d39db046b5e7f6eaa30ccd176a4150e46b4640ef9ff,523a16f7628b03a56b8d866496cdd104b754d80f9e66285ee1d98156d71fe687,5
checkpoints/element/trial_0713_RTC_S03_B233.mat,e98e067e16e651edea694305a3d3486585b40be6a98633691586a0d36c6485a5,867b25af412c8bd4dcdba527beee7d3e1b0b3068908d13f783492c291b882f93,5
checkpoints/element/trial_0714_RTC_S03_B234.mat,68f034d84f451e999c9b69e1054cba07d99cd060d1d0b64b9849a7c1cad9c767,a2b9eb9cbf7924194e062f1aabdaf22bf61fbd66d706a198d6cb4746c11e42dc,5
checkpoints/element/trial_0715_RTC_S03_B235.mat,8aa367b2d9a4af8952c84511c9032230053089ef5d25a5ce94b4b2ca6cdb8ffb,fe2151f6dffd19225646ca1ccde0bde1d24893c85d4016d97bb8e9b4b706c41d,5
checkpoints/element/trial_0716_RTC_S03_B236.mat,8e3acc3fdf839eef2a8110cdcf5ac7ca6a3a8ff66f75716af8794622d4d33282,ab1b8108406a6387436645f4e8241dedafb109118d7d7822d8213c5b5cce7e98,5
checkpoints/element/trial_0717_RTC_S03_B237.mat,eba53e8bb2eee82bc2d4f018a2573e82d11a284f877ea4dceb76917b2fdb9413,a75d30c095e9de2fd29a68a4b302d89c8e54eda3ae1a543ba908c1710136f60e,5
checkpoints/element/trial_0718_RTC_S03_B238.mat,81d25e0912b903e0fcf458f809b7afc76a81dabd9037ebf513203878fe08976b,f6ecfb0ef02ab7422aa0cc6f54b0b0c366227bf153f99251ddbdefdb12454515,5
checkpoints/element/trial_0719_RTC_S03_B239.mat,df8c7c23e3248580498197cff5b1f07a01ffd327bfd6390feb1e0895b5357881,21c02887474cf7afcb71b171f22eabba093098902d5801120c5c6459306e33c6,5
checkpoints/element/trial_0720_RTC_S03_B240.mat,b422765510d2082f0968635821e8d728412b9cdc3e511d2d025e7afe9c93ec8f,a7cffef1d40ca671ce572e99a56b49b7985730b6819d364ba5a4a8479a07797d,5
checkpoints/element/trial_0721_RTC_S04_B001.mat,c362b0adf066428696934283e160b9fd8f3b28abc4addd5754aee6f82b0c8476,14275eeee6bd88ee981782f81ba44d2686b852b5a9ed6f81222e34aa11cf31d2,5
checkpoints/element/trial_0722_RTC_S04_B002.mat,79b48c42d71607a8ed133b919f3044a567fb238afd8c2c95b7417a61d191e21f,0e623a4b2b4fee89de85c87b7f44fdbee70c0b6c7deb3f1181d7dc00db1c8cb8,5
checkpoints/element/trial_0723_RTC_S04_B003.mat,d8e588d46aab645401f02f061b0b6f6bd4dd36b7c25b89a591c83030d093cf2f,e9ba276125f0b610ff4c10556cb129b57a630916878edd0abd37ad3ec21fdf36,5
checkpoints/element/trial_0724_RTC_S04_B004.mat,205dda25ffb7313a0021bdb21063b9c33d1dfdeaac1bc41e293992ee7dafda5a,d5ccd12e785ebe7fe43b956717c861ef5a706f5b363abdefafef06ba8d27aa5e,5
checkpoints/element/trial_0725_RTC_S04_B005.mat,17a7bc735e4564c9ad13215056b98956f984123721fbb054e9d39e37a706881f,f95883cbee3fdbbbca8b9a2c9ee1ea1941e0c192b094a01cc622eeac8a640ca0,5
checkpoints/element/trial_0726_RTC_S04_B006.mat,282f50cfee10e0f192e961401c04f8f851e7998f84c1b7061f13b0468596d2b6,ea81f0f572e3b7f100113701ba18705160aa7c111bc2034369864a28adb1126d,5
checkpoints/element/trial_0727_RTC_S04_B007.mat,fe0c1f713355aaa0533ef1754a546ca3759ef93177b5c855f9b98679adc1258a,6e6900cc80c7254afe00fe29eb0292fbe7b342b13b33828947e93fe5fd273261,5
checkpoints/element/trial_0728_RTC_S04_B008.mat,3b3288435313cfe6c844199af7bb6838017d5ae121a9c9f8a8236ff4ec5d9017,8185b48dc896686108f6e24c9cd94cd7d202b935a1c548f262aa5c3bc653e404,5
checkpoints/element/trial_0729_RTC_S04_B009.mat,9e9568a64eb5050042e58ecdd55c3f57f34cb1d5c6ebd0ae1da767cd62f42898,ffc4c98034b35a9ac748ef22b602c488e000b5b305cb166cf4404147b26445cf,5
checkpoints/element/trial_0730_RTC_S04_B010.mat,ac9ef83bda800c8a0dd0d7c0ea2172f32bab827b294aef02bf4b8380b8918eb8,921d169cd0603b726350abaafa662ee1193e98ecd5b98b5bd7bf41c14e4f7454,5
checkpoints/element/trial_0731_RTC_S04_B011.mat,55504659ccbfaf193b15dfb63b87313134d761555c58abad46601d7799238c83,44534e11d9df8441aa2e2e775c6265b8ceacffea4e04efa86d87fdd462c4add2,5
checkpoints/element/trial_0732_RTC_S04_B012.mat,6ce5c98988e449038dc3734b55a515f47748af8c6f32f640e38c91e328a59fc1,35421c97b2963056a5103ebc97357cd6cf3f490ece21d4b34f9369a44b46ca0a,5
checkpoints/element/trial_0733_RTC_S04_B013.mat,3a2f13ea38e7b972fcc70c7a75f75bb3826188c1b26280a3266fbc4d3355dd20,3081e3efcee4bd4142d2b12a064e215bd9ab526f91aa812bf5bd15c9e0fed368,5
checkpoints/element/trial_0734_RTC_S04_B014.mat,3a817cfcb81d0abf2e400bd00f8b3d36214866a1164b1224bf9a6075dc28eb7d,4b9219e82aa7e2b39b6cd2d7c94095b73a6b895c4828303c61a41121e64b5533,5
checkpoints/element/trial_0735_RTC_S04_B015.mat,6ca252c14988d345b3bd9d250ca77177826cbef30cf69065a317ea39bf1c7c4d,0aed262623e3d2ef9130e553cd29d467d9bf882c4e8f8b2facdedd8d4b4005ae,5
checkpoints/element/trial_0736_RTC_S04_B016.mat,6cdbd48df0fac1d182cad92a56bbab823a2dca7c0206b112d938b56f1f8ee875,47207f4c00836400dcc4ef692d8f25c01cb9d4f464460f2f434f2b4c87efcd65,5
checkpoints/element/trial_0737_RTC_S04_B017.mat,e6d666e366f292a2ca74e1e5a16b6e9acd9d61cf7600ff151bc2284fabf95ef1,effa7cd93269ce4df1f8d200f7d3fb1708ec36f7faac8205ed1042b6514ad7c1,5
checkpoints/element/trial_0738_RTC_S04_B018.mat,00284f649deec2007ece4240b4a2a0d21259b2da4f7d335d83c36635915def64,26553417760107a7a68b97146356c6811da3d1123036f447832d27743d877e03,5
checkpoints/element/trial_0739_RTC_S04_B019.mat,8cbab1fd4de83e1016cbc0bb4ae563823451ffacb6abc20cb12b986c6403d88f,be17f01371687cada5b94b04d5ac5b3c2f83d0cfa46dd0116fcad7db1f4a44f6,5
checkpoints/element/trial_0740_RTC_S04_B020.mat,d0af83215401aa7d154ea3c07367c7febd5941a5d46e3522995a5203e959e8d7,40951bbe6713d977394588a622ecdedb1ca554b5fe7a216db7ab937308330bae,5
checkpoints/element/trial_0741_RTC_S04_B021.mat,6034a4fb28f773f3730189b89cb8946f1daf5bb8327dee4341807be8ed3c4c8e,14b3d88486ac8e1f37dc4da964f8c03f600d3fa26e2860cf49ba954726876718,5
checkpoints/element/trial_0742_RTC_S04_B022.mat,b2571de9b97fc72107b887ebef78471c4b53358da94626437b227d183f0d3612,f0ba587c685b882cbaa05b1b4496a29154eb71383741085e1f98a718637d83f0,5
checkpoints/element/trial_0743_RTC_S04_B023.mat,e80b3a5688ebf77c0bb4de73b1a148aa909af32070b38da00c26b22ae7e78813,29296c48ba96fb7640edb0090bb316fda2e919ba8f5d5527d18be2f80593b641,5
checkpoints/element/trial_0744_RTC_S04_B024.mat,9e1fe14a8ff0627a676351e8bf0001223e9738dff9f7a8ba4b3e407cea011904,d10b23578d201f412f5bb51cb00e19df9887675a3af364b499cfd02420d0f4d3,5
checkpoints/element/trial_0745_RTC_S04_B025.mat,b08c2b5225a615f2190ad442999a5ab4953b8df95f92c2d0e67d351c5eb9a18e,575aecc6e529ef8e6c143a0237e10d998cf3d94edf52f14e52775ef91d2b4cfb,5
checkpoints/element/trial_0746_RTC_S04_B026.mat,b4d09e1e347403c1933f77293623f6c51d10a98d9ffa6b6bf91dd4b30a3abe8d,82b266a27e28acb7a6c53d683ff9ea1a4249ba5193dff307d1e08f72a1648cac,5
checkpoints/element/trial_0747_RTC_S04_B027.mat,c1b46a7dfb3be62c9c50e1eff2cbf5d605f44dfdb2920907708a03c55f2b125b,de893a4ec8b115ff602336475f976d74fdff6bd42934e3f95018fd7ce66f5d60,5
checkpoints/element/trial_0748_RTC_S04_B028.mat,a9a6f5f23fa16f2fe7c504252ece293ef39f84ef54690248858270d6de5a3191,50b1c471bcec0308b1487e3c16a4a354eec239446abe9a97a53bf26cd8cbb01d,5
checkpoints/element/trial_0749_RTC_S04_B029.mat,35d1ff53e39ec034ca5669326135d28e08e5663b4d7b05303930894af7cf681c,a0a330aa39890105b8dd69495835010319947485afaa53626eeac3ae6655e480,5
checkpoints/element/trial_0750_RTC_S04_B030.mat,5273aca6515670651b7da047db4c4eddf6276664b3f5a96056d693201b93b5bb,620793d95906c00f831efbe487509a3e213e2d70d17688ad4a3216304eaac6e3,5
checkpoints/element/trial_0751_RTC_S04_B031.mat,eac4e3d175c217de2d2678c77fea930e0a0bf413309f53b312106a5141af1d50,f65032776b4afb8e4649057637476b850a159493954ab160a0aad47caa75c077,5
checkpoints/element/trial_0752_RTC_S04_B032.mat,f83fcb035d03254c3ffe0ffc86bfb59a38cfc8dc7aa204234d948816e9bf64b7,6231463ecbb2d633331ffb08258505ffd3bcd955652d0ea07aa088a46399adac,5
checkpoints/element/trial_0753_RTC_S04_B033.mat,6ac025959ceda116dfa05fcce53b2f7021339ed8534056f9fc0a417bb675acb4,956500bfb58e8c01219d0052473717d079ed2af5afa1d9503410d18c45bc6200,5
checkpoints/element/trial_0754_RTC_S04_B034.mat,ad3f2aa003af46d53ff597be95251442c1b98ad47c1c701b7f8b708433658b95,6644dd2d6e3633d40902e5e07c0fcbf16b140ba8813e773408cdb5d382da5c3c,5
checkpoints/element/trial_0755_RTC_S04_B035.mat,c2517e63b83ab5f80a80e514a0dc69f7163b2eb4919ebbc270e987c0e1975451,fb31fd08307bcd750fa7d41b8722aad50d64ac197f60a122734200215d0c4179,5
checkpoints/element/trial_0756_RTC_S04_B036.mat,c3069c81f991b2d4047411f41b6f939db6cc8395650393030df6e792b5defd80,3300ff5ca36c00638f4511417f8b1e14e4973c959611e7467cdee057e7419df6,5
checkpoints/element/trial_0757_RTC_S04_B037.mat,f8b4a8850cf7fc4151ce6d82dea2604231a3da26232aeff62174a7f63222cc13,964bdfc846fdaac1ba16c25100a5de35f430aa18924e266ae7e32a72dd11390f,5
checkpoints/element/trial_0758_RTC_S04_B038.mat,e7e863fab741ddde95d9ebc2f4e01d05bf1351110341e3b067f1d8fa2d5e8aeb,2278809d504b2e7c294f3f2f88bb342d2e692f1cdca46bb657964635f79a874a,5
checkpoints/element/trial_0759_RTC_S04_B039.mat,4b358d2fcc1f8a82b5be2106f3062a74a4ba5b02fef8680b5ad34c9a067a3594,a6c256caa05caeb120d49481f4563f7072cd24070bcc62d2050509fe44cc9c02,5
checkpoints/element/trial_0760_RTC_S04_B040.mat,dc29159a0af8dc38d8f538831ceb7f35a712e5ccb83c9c1d9ed70ecac332df60,be7fbff1ad07d3a41d42e7883aba36c355c5d8dcc62f7f53659a058f8a9b4133,5
checkpoints/element/trial_0761_RTC_S04_B041.mat,f2803720e28e29eedae073e0edd314a7922d195a9c9c162f98dc47a12bbc6bda,2ad5da411406c544bdf59c945f7c7f6c933a17a4fd9653e3654f9e07a0d37cc8,5
checkpoints/element/trial_0762_RTC_S04_B042.mat,6036b0ccdf4ed95829ec51e1db55d0d9f89a1e75b2a527f4984f91106cc88e65,12b2a7275bc8201bead97fc0ef2c85d7d2dd89e9ef67f2d6bd8f65bb30c8ba18,5
checkpoints/element/trial_0763_RTC_S04_B043.mat,a71236bdee5b4b360aab6e13aa69dbd6207a5b9bad72e7df6b6b07db2e2480de,8ad982ea45782c0afee77a33ba19a3729c260fabde2550f50fb88b819df8f1fe,5
checkpoints/element/trial_0764_RTC_S04_B044.mat,1f609ada33d4e040248f947f2b8559c92fdcec49acc163f6a6cb943215141be8,a68d22235f6bb9a48dfe9834b115ce68a31c47887c1f6c75de2065a7b423dd2d,5
checkpoints/element/trial_0765_RTC_S04_B045.mat,7babc84b375af53d87db68e7274b7c42366765453351dbbb4e9ce0607cbe5815,ebf6a895e19e44c4bd4b55ab0b639a7cb6218393152d384f3f31e44a4dac0632,5
checkpoints/element/trial_0766_RTC_S04_B046.mat,7e6f884ac8c52b9e1a5ac261537c134793dff7427d253ea4320c6fab567066ff,8ada78e2523370b9fc678c3d9ea5fc6ec230cb7bd5ee0f9d387c5af2554a073b,5
checkpoints/element/trial_0767_RTC_S04_B047.mat,f5d39ad323f01d38d69dedca8e39d134bedde5d8c905405ba1c986779c2cd04a,7f5cd550f6165ca155a74c4163eac20db74444d447d962cc3ae2ebdf8e1ac162,5
checkpoints/element/trial_0768_RTC_S04_B048.mat,2b012e470210688dc2860467619340e92d753f81307e6b29e97da3d402ea1226,0c110834bf8857ee6a64a62224b871a9e410696a88f68e801ccc3117c5c8915b,5
checkpoints/element/trial_0769_RTC_S04_B049.mat,58aeef9d884fb7452a0f84f5e6c69268717c8fe9c1f54cec8c333763496831f5,000a7b241a705a334f53df9625162625c2070a133560f4ce7637e36988cfb2ed,5
checkpoints/element/trial_0770_RTC_S04_B050.mat,8c5ea86c9504ef1da71edcee86d9f62f935ee1aeb1936afcf4092f9350d3767f,2af3b0597320c6f74f4b41e17bf1a5dcf26b9dc51f0a3b5178804a50b90cd168,5
checkpoints/element/trial_0771_RTC_S04_B051.mat,da7ec4adffdd1c5a3a837ba7eab7a467db27d22ab85ff420b2d981ce1585aafd,c855718e8bbcf12f1e411906094c61012d066e9f95599846b5b475cffce33562,5
checkpoints/element/trial_0772_RTC_S04_B052.mat,13cf432d84efb507d0378e66325780c720d37e02570712f79a9cf3127ad22585,823683ca15b3d9de3399e493ae39b51ed4e8bd7eb08f6c843171668d7470ea20,5
checkpoints/element/trial_0773_RTC_S04_B053.mat,0d99bf183dcbababe2e756579f08f08eaf90c92b7623af33bbeadf7f704a7202,433fd338815c4dd621d1c2ff49c89878df2a4ba0c2f0a5f69aacc774e8a07131,5
checkpoints/element/trial_0774_RTC_S04_B054.mat,0862feff53c205340c71e4b6f8d9c033877b09775cb86b19c96dac9bdadfa6d3,2e9f404854cc90f8519d6b1197137e24dd1100a60dbf61909c33c445974246dd,5
checkpoints/element/trial_0775_RTC_S04_B055.mat,a42014c9bba970c5e685cdf240cff428df7eb5213def0eae74c1a8c60ed0ded2,230623d6cf9b8c9086e1e48d09998e8fdc3c1f8ecf3f1a5a1e041ce118f5426f,5
checkpoints/element/trial_0776_RTC_S04_B056.mat,97451bcfef5db8db2756c43d8bf59f95e6ae6df7476a3630d6c1852bd70c6de0,d35f6afe9dedff8061e60ed3d2b77534e04a6d1cf12e33db8cc62d64e339dae5,5
checkpoints/element/trial_0777_RTC_S04_B057.mat,0d9d1eda8b0ff34e46d12603a457d1d12674f7bc7622c89491c2a54cf2168770,45c78194c4ed290700b3e80f8f51bb1ade754a941b8e57f4b7d6caf28bd23650,5
checkpoints/element/trial_0778_RTC_S04_B058.mat,fbb983e573ab4bb6a0bc9d7d3a78d0992fb93f71274899da5dd076540d1d0b5d,1bcea670d391a82cd960469f7c4cb323e9667a7273a1f5ad520ba1def6284737,5
checkpoints/element/trial_0779_RTC_S04_B059.mat,46b44f87d739e5a97f0757a581e50a9fe1468f09e5534f038a18454a27591e89,67e722cc82d0bcafbf0f925bb3e6251569fb24a0a1c83672ff6fe206b3381e45,5
checkpoints/element/trial_0780_RTC_S04_B060.mat,292e3decf831c4cb0a80320514a037431cec1337b08915a8ba1d96d34de04857,e50cb5a55e11cf01c0a1910b4c41d061b0d8bf20852ca23b6c6f296925eefbd9,5
checkpoints/element/trial_0781_RTC_S04_B061.mat,8a105e9a64dfe85dfb6217cad21f6d2f734e3dd3a8f287cee4d49f3e310155ab,e73fdb876344154677af5a7148aa052385afe75a81e4168ebafe96644176e266,5
checkpoints/element/trial_0782_RTC_S04_B062.mat,bcc4c8b74d7a314c61a8add2f3b110a09be5690f0b371253334d94e8ace4452b,aa2ba45f06577d3ec6d767148079f49865d8c4d8bb72a8e5a2db8b828f776a5e,5
checkpoints/element/trial_0783_RTC_S04_B063.mat,e82ef489da0ffda49b634e9ce23398420bcfe5e588eea0587df94e6e7843c957,5404ef6b21e0946ebe7377e6adde3672845542012c75ea1d9101e65abf68470b,5
checkpoints/element/trial_0784_RTC_S04_B064.mat,ddf1863cb5dd3fbc7c9dd2ff8d40b49f0428aab82ab9a79df5f110da8b951ffd,41e7dc53b34aca43a4a7feb39d125cc954b22eeebceee8a88993738ebc76e780,5
checkpoints/element/trial_0785_RTC_S04_B065.mat,bfcbf63e18bdd19104713b1d9baf9176bec337417aecfa9a0f51394d71848686,86f6b998f266875538ea95f404f4ebd88c2a98f5ab413ea2908b614c269a2083,5
checkpoints/element/trial_0786_RTC_S04_B066.mat,f46e454d4b0a44d97f4279fbb210f9c2ba1a90cdca26b6358113466f8e1165f5,705eded99008ec15645c1c75ee0731486c95b9932f31240de98daf9d06614e1c,5
checkpoints/element/trial_0787_RTC_S04_B067.mat,dd47b7d43bf8efc9cf7d3f670b0d6d033e991dce5c982554841b39c4cfcdbeda,9f37fb9fbced6c39a8db71aee95c416012a7e617807d6e51475772480e8c2528,5
checkpoints/element/trial_0788_RTC_S04_B068.mat,a374bfe88c9b84bd087e50473135498268ab44901259726262eb1023f579a2ab,06b01d843e3e45cd9454916a2cca3e56a2bab2d5ba30323d60e7a7a149a9ebb4,5
checkpoints/element/trial_0789_RTC_S04_B069.mat,a11a90ac610b923df5e4877a4cb77d40ce17a0622a8beaadf1528e3f66df60d8,53a365c64d5dd68767c914553052df83bfbec16b438ffec5a8c913827c801948,5
checkpoints/element/trial_0790_RTC_S04_B070.mat,1f1037ad0d235e86f44a45f89cc93a4609064faef31600a470b8e6dcb1d0b8a0,f4b79df4a0d9e03a616a6084de795124948b019628e80264a4253080f530f7f9,5
checkpoints/element/trial_0791_RTC_S04_B071.mat,40b693c56cc7850a2a4ed2a7d6ebf30959ac39e9b741bff344a912c10afb71a2,642f7ec8b9e8eb9ba856d98a1098ad84419a88d68d3674fbfcee37c007035600,5
checkpoints/element/trial_0792_RTC_S04_B072.mat,2501f28e305b53bf46c2cd6bbe5cf0ff792cc19ad8b3b29560ce8209f43099eb,47c50dd9f242513c8b5b527356770e972e4ef474ed579a7318832dca06db832d,5
checkpoints/element/trial_0793_RTC_S04_B073.mat,319e080db160c804d0333600e6272014c8e10b2ad2b428bb99f54c77ef8e85fc,b87d2cae65704cad3108379e961af2585e7417e7581dc0a8963cf7964c6d111f,5
checkpoints/element/trial_0794_RTC_S04_B074.mat,ee14db36243fb737add3c706036d5d52939b1b608b515e64625c13f35672c539,2abbe9fd3994b5921cdda8732dcfbf9fc58a9d7aa58bbfe2305aa6b31482c3ac,5
checkpoints/element/trial_0795_RTC_S04_B075.mat,7998cf88047bb16af9d318ce3a74c6b575ecc46df341c57b99f5911121febdf8,275c86e9e1d67b708f8723915cab3e971da6dfa5df1c967e521c1b2918c93ccd,5
checkpoints/element/trial_0796_RTC_S04_B076.mat,c354a5618172fc011df694851d0c5a84e99f641c82d4701c66c2e15f145aac95,cdf05586ebb6d7d70d547227562b915c6e54d65b033bcfd7a63d150b15cf5e73,5
checkpoints/element/trial_0797_RTC_S04_B077.mat,bc922a5cfb69d06d11aa38262a2625bac99a4fd40ec89a39c755a4384fb7cdc1,391faa984396a14c9184176d00f85029d6257363f96d120f835d1397aeba0a58,5
checkpoints/element/trial_0798_RTC_S04_B078.mat,a1c4d3f40c2d5c8e55c120c7deb08c7db073c98b6388a0a9b83fa3c36a3ce088,5697007fc2bf3a886867643d02e32d7a4d98151241edadd803ed141742269f48,5
checkpoints/element/trial_0799_RTC_S04_B079.mat,50f0c17da06647cb2a6de0a67835df59f70b51fcae56c9007a6cbf9e3ca82f3a,260d007db2124006562322e91e11444a05945b9a5b5ae1cd51e134a2b398dff9,5
checkpoints/element/trial_0800_RTC_S04_B080.mat,c39dfaa4cc1b5402149be2d9bdfecddc9461a35c10697ce1d16e0506925709b6,ee4fd6aedb2be70e9cb6602cdad9b6e7990b314289d017cf8bcd6b332c54475f,5
checkpoints/element/trial_0801_RTC_S04_B081.mat,9bc414ef0a39e93a14b8e9a0e9788ce546054c422755511b6261be31130ce8a3,b09904791ee4c49e31af9bfa4cacb374433a5b08d8a3f898587ed6827665f1d3,5
checkpoints/element/trial_0802_RTC_S04_B082.mat,7a15a764abeff6031849887d8ab41d3d727926fc19572e60ee73be9510fd4166,a349b5955a1dd2c94bc23fa28db3f34388bb0334cc310e010b0cf111627e0be0,5
checkpoints/element/trial_0803_RTC_S04_B083.mat,73b44b912c3bdb91cc082e4f4da892fc8756fe5bcc0ab3b4496ad83e6da00009,656aa2bf845dc357078726336572feae5ba34eed26184df81bba642f432884f8,5
checkpoints/element/trial_0804_RTC_S04_B084.mat,77907e6ae247ce7f5fef09666f617aea6c5b6dc9e7bf8234d5e5752a2b2929f9,bf2e69409a2d9d85b1f936d6fa914a1625ae2bdc37415616bb19b0b74de0f723,5
checkpoints/element/trial_0805_RTC_S04_B085.mat,46c70985f676189baebe010c00359c051d1fee7fc2b453868ef51be31fa0a43e,a66e43a41e0e3c4213dc66659910fd37f7f54d565c856d75b1227889adb1ec05,5
checkpoints/element/trial_0806_RTC_S04_B086.mat,250ba560c693e971de7591b0aa84ec445268a23007a868df778b5712a90f6ff8,57a396696066e05d348ed84dd39112401f357f42b6e4d96257f1688d7cc7a666,5
checkpoints/element/trial_0807_RTC_S04_B087.mat,e7582594119b704135a164c0caa3c60702be6d5c5377ffa28338fe61e986095d,15399974affae0ce5d5ddabf570bc7731ca7c457f361d64c48aec262f81987fa,5
checkpoints/element/trial_0808_RTC_S04_B088.mat,ec17d8a815656ffc1d46f4e19f792b39c255c5f95976a015e064bcb8a0ce74b2,f232f58477edfa2f16034a6a6ef80b8a53b1e03652d5cd4a72e69ac8753f187f,5
checkpoints/element/trial_0809_RTC_S04_B089.mat,f5f014ee8977eddbdff7f8c91f255b4d4ac21240176fc3e16fa8e3feee56166a,35777420b046217e45086cacb7da597f7bdab238bb82101ccd8e07c2832986c8,5
checkpoints/element/trial_0810_RTC_S04_B090.mat,ae243c4dc201816a22195168dc34656f40795fa746ac3f1a40b7c3155c0cb423,104fffb42c8572221d47c39184fac8ba85d77ff4274e8e9a71d6e853f840a1f2,5
checkpoints/element/trial_0811_RTC_S04_B091.mat,5fc39c3bdf8ece47e25009c8ac4d0c84a9393628f36b685d45a62a22604d145f,82368095b4bca5feed2d82b751ba4db9b3f7ab125f5f9278a0f86e799f3be067,5
checkpoints/element/trial_0812_RTC_S04_B092.mat,9fa17efc73f49217bf89f7dfcdd1c969f09c64efabe652bd8b22cdd443921c4b,2768c39387eab2fab087b0e3a7b0c433b6ca93298c06fc84541ab9c6f89f1d8f,5
checkpoints/element/trial_0813_RTC_S04_B093.mat,5c489ad9b22def804f95674776c361eb78164be3708f6d70b61525d108583100,30255b33072db914d1fd082167e4e5f603f4704c087848481426ef8b1797d7be,5
checkpoints/element/trial_0814_RTC_S04_B094.mat,6dc412bb18f49e0fd6366418d26973dd955eb7bc97f6057129f476af688be6f6,1e98875572a1ef8213b3753ef99381b23ea03701f970012b35aa5878a311fec9,5
checkpoints/element/trial_0815_RTC_S04_B095.mat,1b5aa6e9f03adffff65739be8fb18d265f72a45e183ecc82ddd36b1996c9801b,4f782e8244cced712adb80d0d28b9dd265c059230fd281aa23682f05d800dddb,5
checkpoints/element/trial_0816_RTC_S04_B096.mat,08e881e4787d4bb51a59813138cb403da4e23265ea46923bccde4893a9b8684c,311ada81ef1b3aa8b10e58626a19c11d206c6cfe20169984f44287c1e6f2792c,5
checkpoints/element/trial_0817_RTC_S04_B097.mat,a161e27554f819905ad1c2245c93fa76037f42826e539b75389e6ed082ff8604,ede74e9497d6e50dc94f811236b40476ef15e6e85e628986c826f39238bb5ed7,5
checkpoints/element/trial_0818_RTC_S04_B098.mat,7a5beaafed9d653d160cf2226e58475f231ef61f7cb933b3581929b795f3fb04,e8c5440e484fd3dda8ce0d427ab950abd05f04b9b8203789c02839052e605be4,5
checkpoints/element/trial_0819_RTC_S04_B099.mat,2124e54526753b9bfe6375cb98f955b038aab908428447e42e902dea378b5cbb,2c4f3b29b0a5c62121669a119b3297164326b799319dbd05ccea155324e82dd3,5
checkpoints/element/trial_0820_RTC_S04_B100.mat,53e7bc35d230b19aab84fee018f475900377ea9e83da64f46e08e85f5a34e7cc,bef280eff470092d984b657d5cecc2f25c5d33e967f743be89a9932e52251517,5
checkpoints/element/trial_0821_RTC_S04_B101.mat,9a34a59cceedbf0039c50cfb31662e59306a332f8be8bbb23d1f30f3f3a6b182,196ae061e128dc274fcbf1fbb0df9463cc7a278f7955d55bdb75f5a8f6e18389,5
checkpoints/element/trial_0822_RTC_S04_B102.mat,8b1a54ee80cf5c4e25a77e117cb5bd7805df5225b23ac07cdfaafbdf268ae509,d99dde404c7cd57cd8b11c03a388abefbe1ed83d8f83229e062ef4da81381035,5
checkpoints/element/trial_0823_RTC_S04_B103.mat,03aed9baa1d20be6d5a2c3bf236702299307f971c491ca5ec89356950fa4e94b,b41f69767e6e887ae8e60636e6cbce1527b5f1d5c912b47e989515dc069bc1be,5
checkpoints/element/trial_0824_RTC_S04_B104.mat,a251cc0e8515d269fd85b10e843d30abd48527abcdb352b861bc0579d03d01f6,7ade3f1a3755b7cacbdce074590e9fa269359248834b2f53c4fcabfbd17e109b,5
checkpoints/element/trial_0825_RTC_S04_B105.mat,76682dc1c9bd78b47b8e9f87014b8c4f068adb290ef07b913209eeafe89485c6,0672f00bf9220200f2429e8d5e09fca51d2ea716072bee0525629e5708f18f20,5
checkpoints/element/trial_0826_RTC_S04_B106.mat,4970ce5e13c4aa56d45ea36cde4064306fd4555d33ef5f6133e655d15ef44f0e,6704c47d37ca9cee75d599235a7619ebf251552054889ff4a73b28ca3d355383,5
checkpoints/element/trial_0827_RTC_S04_B107.mat,9f929246296af5699d1908636dc2984d7af64c542acc9a3f02268081a1d76636,2cc521f2cd74ede2e34c3306c431149b68852006ea432636e032975cbfc560e1,5
checkpoints/element/trial_0828_RTC_S04_B108.mat,8ccdc456aac4a3a1ac81c23191544c21ba518628ac755e9b2a305377622b8a20,5e9f63bb0a66994a8c68c37665e3c1ba1acfe8458b2e16013e77455f90ade3a3,5
checkpoints/element/trial_0829_RTC_S04_B109.mat,c98876be738d6186264c8b52c46a63da7cb143160edd260bab0b8af0283a4731,d65eebfefec3717ea49c46db273a10bd6821180663f23a1cb3236f1b3e38ba65,5
checkpoints/element/trial_0830_RTC_S04_B110.mat,3e35a1711adc7a8e35929401138ea4c034f013411d654becf8ecbc0342b42ad6,ac568a2a7ec71224554aebf13df6c1cfb91e2ea4308f87e4c171c9ccab02b08a,5
checkpoints/element/trial_0831_RTC_S04_B111.mat,0f614995441fd0a1fa07a545ad66b84221075b9d0c61e2f4ec4d1d5804c7e50e,1d2ce2fda8037cce40ffc6056546360b3c3e10e8d8cdab9b46eea7d826feaa23,5
checkpoints/element/trial_0832_RTC_S04_B112.mat,aabb3d1025eb8dc0a692c9469ac9f826001b5632d837b6f34fba431185539387,c094f9855665d51106bd91558b33857932f3cb0ccd28c17dec632fbfc65abe19,5
checkpoints/element/trial_0833_RTC_S04_B113.mat,3f8c6f54e56b8954c9c7172943be7e9b363b911985e5676dd9bd7d0e522decab,dca06fb14c65bfc6db0199e17e70cb03d98e4ff6820e1de4cc0b04f695ee5ee0,5
checkpoints/element/trial_0834_RTC_S04_B114.mat,27d77b1b42ac9b69e1bf7fc4fb3d771072303cdc2f018f5e1f159e136b851e59,99868bfb604c4d1fe937b278096fe963dba9ca48201a615361d5bd1337d20592,5
checkpoints/element/trial_0835_RTC_S04_B115.mat,46a7ead36dde4a0453910007bcdf3e340617380476c867cb60b8def37a4ce98f,7d0f72ea8fd1fc1dce44a417c82a0e3ac15a27d0d4193b9a34a0508a9413c50f,5
checkpoints/element/trial_0836_RTC_S04_B116.mat,c1196113254fe255a3f352670e64c2c2192db8c859fd4fe09694f75b1e6f9379,da843f91f5df9b36385dfc2433b766cc871dc12a2758557ecb7ee5b5e9c79f11,5
checkpoints/element/trial_0837_RTC_S04_B117.mat,f800afde1001bf908e8eb351dd1df06761e694d8bc535d25ce956cb1c17dc044,dc7be05128384763ab5a435febd2daa5bdd873b84065391ffb2dbfad4e5fde5b,5
checkpoints/element/trial_0838_RTC_S04_B118.mat,de8d8fba1a9d81b7ed93e5fd6effdf0a3994d6804b9361d66116cec0a5c24c78,85fa2796f405329165ecf30202e52ea43991caf262b35f16c59398d939ba0f4f,5
checkpoints/element/trial_0839_RTC_S04_B119.mat,c81dd9e5e449773da841e4040eea63a0b71edc089dd26e590dd74b0a660949cd,4d5fe6aaf6871da806fec7f40bf3446a0027709f70983fc3886d80f6457bca0b,5
checkpoints/element/trial_0840_RTC_S04_B120.mat,cfcb978a855e28947fb3ad8986818029f7251edeb90b1eefd145bb6b8c19ec60,a5af2b42467ef1e8e8bd9115444d57675d629418617dda320f6ce2d280a35d68,5
checkpoints/element/trial_0841_RTC_S04_B121.mat,f2b413906804e5c2620c12c2f9d1f161d25607a7518ae8f0bdd8cb3e30c5442e,66fb12f48aea19822714fd0f7515e3aebe249d8d611c345075be0597ae701399,5
checkpoints/element/trial_0842_RTC_S04_B122.mat,12f5f24ebff1c48e9e2669b2b51113aeb41a3c34447c7c650bb42d1cecd9e35d,d111878c672c130eb052986d69520f5b7d4c7092f88d2cc4a4c338bae69af4de,5
checkpoints/element/trial_0843_RTC_S04_B123.mat,b4f2ef4d6d3f99d60e0e4debbee5e9d714b525134e1ad62b91f8e7b124f92b55,2410a9d920f1e05f5a9de171158749463c6834ddb308bbbaeff85ca6cd611a02,5
checkpoints/element/trial_0844_RTC_S04_B124.mat,7f1f57388f336a7bd7878d5c2b6535256797985094904a937531c486d3905446,c5ac62bee4e79324843c4dcfdf8254fd7af0b278c5d5b024cd147636f21800bf,5
checkpoints/element/trial_0845_RTC_S04_B125.mat,d1e43f66c308c4e74cafeb98128ba6173315486bc6c6c839b8effdc413222a0a,78ef11c1ee322d92c915b14552e7074324c62d6de9a7b2feca7ab884766df289,5
checkpoints/element/trial_0846_RTC_S04_B126.mat,aaec57e6384327664f5f0505777299c23ad54ae7f6c2a96a04ea97899a5a3f76,93a2a146c490daedf4f3016441c9037745c9d7cc3124721c4946f272a42d467b,5
checkpoints/element/trial_0847_RTC_S04_B127.mat,c8ccab4529f6cb990b409c0c85a9d3efd780fa910ad3e0b4bb7644da63d2a834,4ab939b3c2e56042b322f220adb7b5f46fc4b877701ed4b6febbc99ff596893b,5
checkpoints/element/trial_0848_RTC_S04_B128.mat,84c818a77bf46d0e047e1e13fcb0614fc2f0b4cf1362a7daf37f67ea5dc66799,9d16d3295f87082ca1e6edc4c2061ed5bc23b0ac740f5a928dff4a55ef86401a,5
checkpoints/element/trial_0849_RTC_S04_B129.mat,21cba5b4b01e5e7625f2371712e98b98d416fb21da45334259911f50ce82db2e,463bf163f89dbbac13a7bd03b73662a2125986262df90ce7cd7145b50dca1363,5
checkpoints/element/trial_0850_RTC_S04_B130.mat,61df49a0fbe7d572de2b3c148bfa47d1f885379eab48c354379a77183a208a1d,f4b133a72a353f7b55addd1935a1e08eeabf08cdaec7821de9f80ea2c078247c,5
checkpoints/element/trial_0851_RTC_S04_B131.mat,970abf6b5fc719bab493e58745158805bf04417ce85d5e184d34c3dcbf20e00e,caa81171f2a43ffeaaa579d581ebedd350cf2d1ef34710e4c6e0d209c66e6f7e,5
checkpoints/element/trial_0852_RTC_S04_B132.mat,1121fcc95280f6e8b6065d9b05dd3c3bf42ee600cd823384f6b32e9e2728060f,aebb9a3e08d99ef77484a5fe344309f66a97d70e7720ac05544af94b4c097267,5
checkpoints/element/trial_0853_RTC_S04_B133.mat,3ec79f13139380dd559b4b592155dc9dc4bc65dadba396b62abfc2b441c9e759,99c1f8ac4519d7310c40bbca48dd8caf37ffd0434b5da9d030a236acffc1a343,5
checkpoints/element/trial_0854_RTC_S04_B134.mat,c314c9e4cd399d3a545118cc3a309fdb51b8b5ef934d5d6b2d63de644cd72ac5,a16344ace90a4a0a535bdec9f21eb73da159ff09c3a183a0b7077a84b1f5cbf8,5
checkpoints/element/trial_0855_RTC_S04_B135.mat,069ff878808563475091af369acdb819b9583e03d327a94a2a97d47c278666e9,fcc650985a7396d16d72d6faef9f8334c4bee02588f3d3d73e878c654037b283,5
checkpoints/element/trial_0856_RTC_S04_B136.mat,d1c4dc01c07a1b74591dc6913fff858e31e1a3088df031bf2ce6c1ef4e074745,ee1caffe78f60b56869a276a45cfc3b4f07da1eab0eec0f9f76a9b4838e959e0,5
checkpoints/element/trial_0857_RTC_S04_B137.mat,e8254acbd74ad58a09d2599bb0b4d66d38ad59609d6c3ebbe6252ec874c0acf0,b2d49415437e215aae24cf92f86a32274f10a5ba4ba747126703553a6fd84846,5
checkpoints/element/trial_0858_RTC_S04_B138.mat,b7a2c7f3178eb61995fd22c07f6b944dfa42d6d40a9bd4ffc8cb034d9ec023ad,ab712a4ec42666191c6d15441fc1843741e442f0a7cd377d807e4ba925b806ac,5
checkpoints/element/trial_0859_RTC_S04_B139.mat,a15584bd6d9fc2021ac4452f624b2097ab91ed168d67113f98b5712954b55439,54ff98f4ee3df93a5c1c7d7d0f533e85068795ea9b85ec042c1d7323ab9a43d4,5
checkpoints/element/trial_0860_RTC_S04_B140.mat,4a2b45809b587d9ad310c77d6e8aaefbd56738fc3c309a3a013236d56b4bcb9e,3cb4703766271256282747b463c6013b1936d7583074cbc845b3da4361a8a28e,5
checkpoints/element/trial_0861_RTC_S04_B141.mat,804d71b64ebf956eb3aaefb464acf754b870488a761cbdd4975992f58a2346b1,56cf81e1e64f74bdcb14baa542180b5a4b8655e7313f984341a12b63922ea00d,5
checkpoints/element/trial_0862_RTC_S04_B142.mat,37b4b4a32429ea48c1b6470c61a1db1d4ee34140da9cc34c1cd13fd4342820fd,d16c99da8b69217155e86033b8e1228ff24330ae546e22e7ecbc8622dbdb169f,5
checkpoints/element/trial_0863_RTC_S04_B143.mat,042e1d37a4d6b0a17f77efcba3d2b33656691e68aa95384c0359cbb591a7f7bc,29c112c4558d6a25bcca4a6174aab14de920632c827fc1a61dec1599af8824b6,5
checkpoints/element/trial_0864_RTC_S04_B144.mat,3c7aba68f9fab4335a38cfd207622a028f6b0b108be80b3f983b17b1e7f3ad53,00d3b56ca25ab29cabed261dd8f2d6035aebcd3427bec554f237ba6ae875f0a1,5
checkpoints/element/trial_0865_RTC_S04_B145.mat,8f46b6bbb64a156ba6e738317b810445a289643665e0770638b11df1284778a0,a6350f813af663970bf0ef018dc5a61b9538cc490b496af49acc9ebde0ddb47f,5
checkpoints/element/trial_0866_RTC_S04_B146.mat,8deea0537621be0f5f99bf0e156dc3269674a5147e69b82bf282ae1841e066e2,18572a1461e4e60c8bafa9200f0b4fed9a31e1b55cd25bb7db4b5b464e89e697,5
checkpoints/element/trial_0867_RTC_S04_B147.mat,7cff824d19c715eff44b1c74dc0ecb81ccf923a175d3b5b55c0b97b1652dc85b,31e96e8fbaca41cb8a4bd4808e2e00a9579dd9d273ccdccbb9182b716b799eb8,5
checkpoints/element/trial_0868_RTC_S04_B148.mat,fa488cf6c3d7742c9b70e0f927b809745d0581126401523afbb4d05e15a085f0,ca284518e186aa9500865b78710e36ccffc84c80fdd9544283e539e8bb61e3bb,5
checkpoints/element/trial_0869_RTC_S04_B149.mat,4ff2f249b5d6cbc57c54520ebccbe853190007051d70b9256adabf7a0a336bf1,fc2ec66ee281f255bb14826d5f59c8c92c152c407a531a2fed17b18784e983a6,5
checkpoints/element/trial_0870_RTC_S04_B150.mat,d7d438dfba78693f780cd07b76266ca767272790033863d3245f79cdef14df10,37671ec25e6145fceb7471224a39cb94619ba66e9090a2d37415facefd49b3db,5
checkpoints/element/trial_0871_RTC_S04_B151.mat,37866321e5788ebfa90bb92bfb80ee51c5c907d5dcfd9d8ae411f0643b93d3fb,2bcb5fefd40f6df1ba21bf61e00a1934b3766333f8fb4e3f67380533f54114b1,5
checkpoints/element/trial_0872_RTC_S04_B152.mat,114c5c2f20e3dc8159bbba1b4badf8002e66f898a525e7d28f61efb9437967d1,683f45cce766ce7c94686a8a99296dc8e874caa8c1f75aee3472b25ca70e357e,5
checkpoints/element/trial_0873_RTC_S04_B153.mat,db78c3c5d72463236e4fc7f429058c8f3dbf265d54d2e89dc02681c511cfeb9a,1aeebdc0eea14f57ac47340c369ad213777f630abc2e5b48744e4ef3cf03be0f,5
checkpoints/element/trial_0874_RTC_S04_B154.mat,e917d554237cab47a7efd1749b7ef32e84f2a8bfe2c431ed3cdc35fb4fbbb018,572467a90191cf8503de9aaf56b751f9d4c51ef0994f3f128c8e85b8ef1b185d,5
checkpoints/element/trial_0875_RTC_S04_B155.mat,c67e509ac313d0c90b064f39c58d6566aa03307d873d7570491304873835faad,3b6175376bd4aa926d2d26979e8e1fff2bf75571a00583f8547af496a9ab944a,5
checkpoints/element/trial_0876_RTC_S04_B156.mat,203242475751dc9603a24dfd9fdcf2e21e012730fd1f7eb784d0588fd9add77f,3afc7a81b52a2ffcf81760fe7b156fa69e1fff68aae3ad0fd9f20bbdf95d3fee,5
checkpoints/element/trial_0877_RTC_S04_B157.mat,7777293a9c960d05d2fc3b674bfa0a7443bad52fc0fc3edd88284eb4516a823e,0864e9655ff9cfbff77d97ffab90219a28bdea4bea138741de73a28289f415bd,5
checkpoints/element/trial_0878_RTC_S04_B158.mat,8d3fb8a7ed1165b36f603ec2167350dd3ed50f810da4315d1ac74b46158dcf4b,580ac7142ab3676976ec6e7c90f58a6789b2b2b87505b493d6ea3429bbebcc6f,5
checkpoints/element/trial_0879_RTC_S04_B159.mat,0186a7547beed340b71794c677c092c8c9eb88573cd4183a04f17b162384fab9,49ec56e047b34f4ec71215310d90747017e4b2a3e7a015a9a66793b61727b31e,5
checkpoints/element/trial_0880_RTC_S04_B160.mat,178e2c9729bf46753bacd0a88190e3810f51322003794ddcaa1b2ec9f3bc23e9,6ea8da26e9280b092fab719653e478f0f0895f4587adf6e9209070a552135541,5
checkpoints/element/trial_0881_RTC_S04_B161.mat,09df1dbd7ec19eb283f021b70f39e9b1343b76f5896310ed4f4fcd5c39bfb481,5deb5471220da2e664660b9abaa22574227a2bf531dbcc1c1bdea52a8e07fd29,5
checkpoints/element/trial_0882_RTC_S04_B162.mat,91f88bb10cafb79982917e5d31f0da5d48993f9a00b3f31183a16306ed1f383b,9cfcf2c27fc60b08065cb9c9d1b3be65c64fa01c5912476a849549921d480c75,5
checkpoints/element/trial_0883_RTC_S04_B163.mat,1879ae7f5b016e744596dfa32dbc19801824fc05eaf7c110d10742c9d6fee850,029c6a8b32f80b0a10541ff7f3ac11d275de070d58640939daeb61d48e90a66f,5
checkpoints/element/trial_0884_RTC_S04_B164.mat,d9b32c10f928ffc9faba76df1aadd705a0bee6f898a58dd950137c37dfbf9090,c737121b8971100d22d54ad0b03e95d5eb690ef6ca6bf4048a9241a5b47e80bf,5
checkpoints/element/trial_0885_RTC_S04_B165.mat,c8d83a9366b32504f991cef10311a06fdcc8103790cac94358052f32204c9be2,2828e77339ff5650c51a1b439a822fd94d85e8f6ffd4256bddf10b0e4262e5f4,5
checkpoints/element/trial_0886_RTC_S04_B166.mat,d54864fecbf4af61d0b7176f18377dec29f0956a4dc3614c56cc626f84d962ae,41c5e6788cd0b6723ed76c293147d81df60dc0312ef3a42acba123040f7e9ce6,5
checkpoints/element/trial_0887_RTC_S04_B167.mat,8d05bf01a6a0a56764edfb191ae8cb4e4529cdc29812698a9f0f3c320c69a51c,7809877e6c8591e88df65986d44306eb81b216981e07d79f11414b4a8c1e8436,5
checkpoints/element/trial_0888_RTC_S04_B168.mat,55c68bf53b1c7355e6a74c0f237859a397512495b6ae24db409a0c0a9995c6ca,56f3ff9f7ffed8c776fea2ecf8bac571f8fabc96dc19f28564ae78e500b75af7,5
checkpoints/element/trial_0889_RTC_S04_B169.mat,49a68f291d18d67d229991ac5312f52880c852569c6d9a9c2b43b035a63aaacd,cf6acd065653a3863aad13b8796247929ea7b126e29ab56746ea83c50846a8a3,5
checkpoints/element/trial_0890_RTC_S04_B170.mat,d34d7509adace56735f1fa40e15458cdab4d2741d60faf3b0f3dabae56f1e08a,6d9e0532c810a6e66eed78f2a06159c9f4418981018a4a550534d716cfa954a2,5
checkpoints/element/trial_0891_RTC_S04_B171.mat,8c1b8366091a5b00b4c9979a3aa61fe561d475e7679ad0af46c352a73282ef6d,24e9e78298a259a6966cfda3fdf831344303253a685fa51e235c29a3948ab388,5
checkpoints/element/trial_0892_RTC_S04_B172.mat,fcd2cc6336966c41722bf0ad32454aeaabb863dbfccf870ee2749a66d2126de2,668c89851f960dd8a572fd101152c6de256986f5d3585c13ee952fb7b972c241,5
checkpoints/element/trial_0893_RTC_S04_B173.mat,e8245caed6cff7e743c9c349fb2ac10895129b18dfe6c9987368e2f9fb611cec,efa0da3767dfb5eb5660c954e245daf0c26adb4190764c3458ad1dd708a35d98,5
checkpoints/element/trial_0894_RTC_S04_B174.mat,8331ac00bf5e2cff0eaa539eba1718e2e51cca108246a17fef629cbe104060e4,16d614dc9f0768569b70379ccf2b311398a8eb7a588ac5549553a829f1ebca5b,5
checkpoints/element/trial_0895_RTC_S04_B175.mat,8c51779773f668ac91476da1f0211bf92a57adaeb688e63c2cebad340546983e,2fdfafd3b1d1018553bfe2d9084cc4f8649fff15abd3bb2b33081c8860b2c38f,5
checkpoints/element/trial_0896_RTC_S04_B176.mat,7071d3dfa15432d1680582526cba0dd6d59fd399c12bd8596b7031a4972eb8b0,58e7d2018849f4a329c919853dbce20f65939148bd9385eefef98309048ca3ca,5
checkpoints/element/trial_0897_RTC_S04_B177.mat,52483905b6e2051df08e60592154c06a926e664b03fbc30c48f16e849d0513f7,f7609870e8a1a99429305a38c90587a30c321e4a3b6ff45789622078a329cb20,5
checkpoints/element/trial_0898_RTC_S04_B178.mat,b70bfb04339202fd10a4405ba9ee5a0d1ff7715585953fca6539ed68cbea8fd3,85917c14051de777505d6877f1b5387a8c67a2fe4b4a2d88246e26448b77c280,5
checkpoints/element/trial_0899_RTC_S04_B179.mat,18a25221af43b98c501f403d4d463f0805292ed2e53cd61551ba6614a3b19604,7c31a7175dae1ec8c31b438ab516d9d06ee5659ac228f7c2c9b46470cda1a618,5
checkpoints/element/trial_0900_RTC_S04_B180.mat,58eba3dc52456ca1373b3e0007f298e4195a030aaf9d89577219b34b5c6dfec1,e2b09d64741b8762e2c4e13f699371831e21b0fd8f17cbe2eed65a73f12f984d,5
checkpoints/element/trial_0901_RTC_S04_B181.mat,e38c86c00c1184f65eb7610503eb3fe5bdf95786706c8d2d82024eededcd9565,7209a86f06800fc62cbd7c9a8b2e12ebbe95bfff868242689e91d2e7a31e1074,5
checkpoints/element/trial_0902_RTC_S04_B182.mat,d8097e3e4945ba0d9b1816f0d07b60d91a709a48b362ff89712d4b042d348f53,37f6cda1690fbe21638cb454d396db427238e62c4315731dfbe52e2b6d5b5473,5
checkpoints/element/trial_0903_RTC_S04_B183.mat,8c92fe409488eff22f34096be84c8a11b0d1184b7f83db512f9f1735329c74b9,9e1d580c41eea5a71398808474fbc8d4a6894df175b279268809c1cdc8059d03,5
checkpoints/element/trial_0904_RTC_S04_B184.mat,d72db1fbc88bdadbcd6bde0587264950fa5e5054d7c99e3f285e1a54316f9b88,9e586eada5d1681db70769f644a81f7729510d30ca13da021a25c02215a48b7d,5
checkpoints/element/trial_0905_RTC_S04_B185.mat,0d16395e90799000bbf8c144df6d5460384e4b75a373630de018b24ff55e7623,ab4e35dfc259c4ba3dfca5e3271ecfca56734309bf0d29eea29fa2d550ad1ace,5
checkpoints/element/trial_0906_RTC_S04_B186.mat,e0af96a56dbbdde372cc759eec92f93603d06eeed2d369853357a0d16d245393,69f91fb26843a6ea5c7372dda415837c5be429c039329984e24b5b5c4630c941,5
checkpoints/element/trial_0907_RTC_S04_B187.mat,1963750f425f7c77c2985946ae031be0109b8f795219177d4213d6ac2c145653,0a4e613b8f5378cc8b32cc5ddeb6993c002d4395a0ad424afac1b501dcdf7567,5
checkpoints/element/trial_0908_RTC_S04_B188.mat,ab369e2b2524fe1d947c06ee79e3d2f4f8444419c9a4a869291421d5e37feea4,07ed667f024203ce36961fb9e53b86fe3a13497f862c5affd34dd0ffe35562a2,5
checkpoints/element/trial_0909_RTC_S04_B189.mat,8526cb0c2316eaa0a8e02f60616e88f99052c9a51f39398f70d3ca3e0a71e408,98b8caa9c7523150d86f92083aeb0968d866f1bf4c8ebe28266b31ea5a2572d3,5
checkpoints/element/trial_0910_RTC_S04_B190.mat,a070e6495ee32cf7b385a9d77a6ea35ebcd2eb73ca39f329f41e61ad17b536d7,a3364f02bf519cfd93cc6edbdd54f15d36c41059277b9f68993a30c129a4d9a9,5
checkpoints/element/trial_0911_RTC_S04_B191.mat,61ce74d1c5dec960476e3e64ef8f55d03d3286e67171327ec22ea198fee3cc3a,e745a98930e3908a063ac30e26ae6d1ba590f7f4b98344060ac3b3e025f405cd,5
checkpoints/element/trial_0912_RTC_S04_B192.mat,14d7e3709db678373e2656fd9265504bb7b28df9f2a3c2a2ec191b902e59bbe2,e4e8d12a84496e7726ddf3e717d18dc2fd84372e9cf1118113129ce1b3a10344,5
checkpoints/element/trial_0913_RTC_S04_B193.mat,bbf2e8144b1a68444214db65be9257d5202288984691c4ced84b009790c86bbd,5634978db096ca32ce665818af5be47cc274012c93d72caa649ef1c1149d2a42,5
checkpoints/element/trial_0914_RTC_S04_B194.mat,6b0ecbeb60483ff4928b2f14ebb738a70f774eefbd090e520feb451e8d875b73,df6a39fa55eabfe88351403946da4e41b01dac947c507cccdb8d66a43f55a480,5
checkpoints/element/trial_0915_RTC_S04_B195.mat,f79eebd1471bfa1bf4120803422af2aff81c04169bb5ba7425b3d5ee7d34e2e1,c8bc937d000f26d632fd21b30e98a305249eca2af31ddd7539bc24df5dfb8c7e,5
checkpoints/element/trial_0916_RTC_S04_B196.mat,e470a75049b48aeccf1243b0f89516573c0331939cd790f98ff51c478713a5c2,7de8ab5f18d146ad5888708dc1ed9ca7b841448c8dfe366b8f003fd08c6608ab,5
checkpoints/element/trial_0917_RTC_S04_B197.mat,b66f59594cb9d4897fc3f462dad49db916d2b773b5ac9823506a6d76acffd60e,b8fada3bfdc1d598cc6384e1a87fe8288f613a2f68fdc75a5066659fcffb71b0,5
checkpoints/element/trial_0918_RTC_S04_B198.mat,f42dda5a2c897edb11876248780a76c2899dd91a716b24ea8d3b035ec72dc7c8,9d15014ca152d284b695dbfca75cf7767a1542fc30dfae96f9cbf94d65d108ce,5
checkpoints/element/trial_0919_RTC_S04_B199.mat,a2da419c4280eea57f4352097aa8ee6177856f74d951a85e2e7e4b09eab1516a,9c4234dbaab1df691f205fd7f52144685aec50c141cb44ba951b389c121313c4,5
checkpoints/element/trial_0920_RTC_S04_B200.mat,d42836b64330b1ce74b65b828489f1ecc898bcf75f4bcffd3a7978b194a1c688,ae98a3ccdb8f9584b974d68d3c10f482b2eda0f748064f2e08353818ce210acd,5
checkpoints/element/trial_0921_RTC_S04_B201.mat,25db069678555a42996577823176e04fd2b2617bfa686f2cb5451d1991c18380,1f57a32117e26dba9bc2ead756a121ccc1feea7ba35158f36ee0c0a867a83812,5
checkpoints/element/trial_0922_RTC_S04_B202.mat,3eaf0acc194e259f22bc8db7618ac53955c10bfb5da750002341c09e784a0f74,53dbfc7b62d63354411d4f0e374d324d5e4aab01b8c8c78c31eccdda276c4740,5
checkpoints/element/trial_0923_RTC_S04_B203.mat,e5bf449498dc8653c2b1d855ba171956b5508891a8de9762e8c2fa214bac34f7,6d17a4c2657a70ad7e8293ab051a9cf386483c1bae3948437637c0a39341d96c,5
checkpoints/element/trial_0924_RTC_S04_B204.mat,a90397b12b493335ef983d1ffba9d0fc844132f3d6983726a2ddd48efa6d427e,72e6f49955b55b82ce635a3117ed4bb7dca89272c9d967928ccfb1377721d1d5,5
checkpoints/element/trial_0925_RTC_S04_B205.mat,a8b5bf184a9a39da9c7732d07f8f9b1a16dc4cab259484149af89ce54047f477,8ea92ec59b4c285fe266e6517394c1e6c0cda437c218059004da30fcabcfcf9f,5
checkpoints/element/trial_0926_RTC_S04_B206.mat,4f40d2676aa02c493c895a969c56ae60abefc06b282fde009b4ce2ea5130e420,ccfda9b34bf98f6acb903af47b59d9bebfc8952c72f917b66af4b346721b4269,5
checkpoints/element/trial_0927_RTC_S04_B207.mat,e66ad252a3c490c93c0d81f3bfe4ba7a61b12c0fc2b667a8743180d895bc3d27,be8ca3cc016c8be0bd4988c16e7fb6c861eca374454bd08d65e2c4a02c827028,5
checkpoints/element/trial_0928_RTC_S04_B208.mat,f73036e031eb15ec7bacc32b7bcc2af18b8ab7aed862e97d5b5b10d1483954ac,f7ff54c8f412641127e68a092be4a7c46cf40327774bace7c27dcd10463f33f5,5
checkpoints/element/trial_0929_RTC_S04_B209.mat,42b259cf08baa5f4e1aca1354bdaa1369cc3298d27a7ac35768ec97445c8f38e,2e7c51ab0139e32d6836bea344e94c6656268766bc07a5068a8279f8dd773e9b,5
checkpoints/element/trial_0930_RTC_S04_B210.mat,3cb3373ecfa1a25c9162f042bfbfacf1f7f40eaade240bf6b1c843c71de33287,eb84613f84ffd65f2d83c5e1c36e0413fb7e4d14a393c63fcf0ef02e76c22a66,5
checkpoints/element/trial_0931_RTC_S04_B211.mat,149ffbbafe985e7787e62d958273824eebe7e928f037dd6a18d73166e39c5290,03338587633e695a948c45b2a62ee311bf2562f12e66b4d5233737912a609cd7,5
checkpoints/element/trial_0932_RTC_S04_B212.mat,52fc99bda3bbe4546e0f38485b6d7e67581a801e81b19bbb18a17f1f094eef33,5bb2b62694bcf9f11dddae43a9862c3002d2829f73e634c54ba15f6e3dce1526,5
checkpoints/element/trial_0933_RTC_S04_B213.mat,df81024e439a884311bae11438fad23e3c1c7f9bebae795c262504d9c74ac4f0,25a17de872984b3cff40331c8d6892019e3327282807d8397f294de5476e3906,5
checkpoints/element/trial_0934_RTC_S04_B214.mat,0e4496c90f4d3da2a237d4f674d3343866ffb3a8f129648857f8199511bea33b,f84ffddff2ddff7547c82880b1057d5de76a1dadd8eddc6898e9b9372cb88900,5
checkpoints/element/trial_0935_RTC_S04_B215.mat,681641a688108850b5ec791cb2192d529818a66945528ade8ddfb6184b259d57,52b633256a175f3e009f8b6f6937be5f06c6aa5d5b71aecb1b8c3eebc7a0ae6f,5
checkpoints/element/trial_0936_RTC_S04_B216.mat,85dafd23a4ee8ca254aa1005c1d2572b79dbf9c2eff3ef379c2ef422d42c584c,8f4d0a4d2caab114805c85fcae0d6f6c3725c6a2c6b5a876b89a4ec1e64dbe4c,5
checkpoints/element/trial_0937_RTC_S04_B217.mat,68c4e247c0fa058da5f0354b9bf7185354f4e5bc3bca278c6cc70a4b98205ca5,c2ce9d0545a5936e84397e126b90d2c80b8a058b1e1a8d5468a2d5a7513aee59,5
checkpoints/element/trial_0938_RTC_S04_B218.mat,3a481c4c733a092c2247ac77eebf32a2bfe82a18fdaedd54123e01f7abd55cdb,0195b847fcb9f5f63799c4a9f712cc2984d2be2de5cba2ec367ec536cdb181ef,5
checkpoints/element/trial_0939_RTC_S04_B219.mat,5605502606a2100cbf8d5eed89edaecfa616ae57211cdbf0423808bbee39c3b3,b730939d794606a59e84b29c2d6ca4e01365c62bb8e45be42c676fcdfdff9417,5
checkpoints/element/trial_0940_RTC_S04_B220.mat,f0c3e6fb33b32a5bb6a52f5496d878b2218be8c5f3df1d2685a47719bdf19939,a1ff1399393d77afde5bb74e74b06b7b6a3fdeea1925245e6e3f565b76c24b52,5
checkpoints/element/trial_0941_RTC_S04_B221.mat,ddad1d03e3c5fdd1aeb504d83b505641c66364c541d2344b86cceda95ed6d7bd,1cba8982cfd47664fcd79314b1e6ca5fcf86b8ceddabe291f5a260398d7b3007,5
checkpoints/element/trial_0942_RTC_S04_B222.mat,92907c57a483afaf71dbd4b6a1cf92ebae1e65955b7bcb5b81a2224b4fa4c23d,974818a64e2da4fcac9c64baa0f68cfb1c45dcb74ae28c7c1f18decce4cf03fd,5
checkpoints/element/trial_0943_RTC_S04_B223.mat,1eab8f66041ed2fd9856407d05c80c71e86433627f8ba17ed22d8d1bc535e32c,29f5479451df83fcb85431083c8c81f44c06f47e49bb8a93304557c14153ae98,5
checkpoints/element/trial_0944_RTC_S04_B224.mat,ef9062030947b7bffafaff0170b5274c43d3fd8026ae20d714d5e7e3f2b60e0e,c36489766fb963681e51ed53c085bb441c0a0158e128afcc1a9a0e6a60437f11,5
checkpoints/element/trial_0945_RTC_S04_B225.mat,7ac65e129243a8d93f4d76aec0e5a1fcd92165fb8890c1962be81ab5b6678c8f,ba51d3c050a04cda431b1560d0b73b42bb1d34b649f2e1951a305d3524129093,5
checkpoints/element/trial_0946_RTC_S04_B226.mat,65cd3d50739eeb6ea29cd718d218b171136f960e68f14ab6502b22301c218ea2,f897fdc4efd0587a6d9f97736fde6ac179e091627ecc6e99c96bc30287be6f2e,5
checkpoints/element/trial_0947_RTC_S04_B227.mat,ea8ac0c64bcf56eeabb0fcb59c96edf9fd9a7cae6079351e40816a6789562008,089ed8c7b1996d3a318844e185ed944c10f4a725e09eee99fe297bbb52c0efd2,5
checkpoints/element/trial_0948_RTC_S04_B228.mat,28da8d89b01a7da77ecd0e7140ff6af3ef59944f35a81ca4745d82ca602d97a6,1a32e8b05c69755b4b04fe2a23cdd5bc26fd842205095ce0033d8014c9c75b6c,5
checkpoints/element/trial_0949_RTC_S04_B229.mat,7c17489b270fe0c394b2c87ca9ce914fb9fa1a59158986b62d19b13401bca57f,1b9e20e82f1004c91ff787239b44b8245ae96481296a07ef0205f84d4d655426,5
checkpoints/element/trial_0950_RTC_S04_B230.mat,2cd86ded7b9c185284a15fed0e27cbe7a1aefefaaaafb79119102e282a7cb551,10e706463771b3b4f574d754de2e5102d06a8f46f804b22e7808f1014b9e46b3,5
checkpoints/element/trial_0951_RTC_S04_B231.mat,3bc5e4cff5c97cd7ee889dc325eca1f2900b7ea829a680600c88c3790115191a,5671bfcf1f60f83d92d60aea53a7dd1730ebbc5932e9ed007e31194ccfa2f364,5
checkpoints/element/trial_0952_RTC_S04_B232.mat,b51f525bff53eeba52fa78d2bb749a291425d0e7aca42e9b1aa41fa227caca1c,0dc5950bfbb41ce4683af2e862ff61a514b3bd9d8d43e79e55006560c9b50ceb,5
checkpoints/element/trial_0953_RTC_S04_B233.mat,c578126b4f31e6d3371b6006bb035f5f73ceeb6a9c92698c773f3ba1aa3fe6c6,7095ef36750966198cd0559263fdc11b69d6712ea1c60f401ed864ade0b38a56,5
checkpoints/element/trial_0954_RTC_S04_B234.mat,4caebf7243096a8c2a61db7bdafc374a6cc1bdd712a2e7c6f4972521aa3bcc41,99ef5bda846928ce8070766b653bca34eab30613fe08c559362a4d126d5ffb69,5
checkpoints/element/trial_0955_RTC_S04_B235.mat,35d359be565435ae46292aefa749b3b98300716411f4f2e1138a8cef334b4dd4,f977e831ef2c0023f642bb8e226f4a053609f2f0838ca3df3e315627a2ea0ff1,5
checkpoints/element/trial_0956_RTC_S04_B236.mat,d7e7b3511b3cd176242f2df52d26c48202e11278f6afe0da3659334385dc5e40,e5ae45a6d26edb353e94a2190b0973fc719bfbb172b29a195429149576d6cc5d,5
checkpoints/element/trial_0957_RTC_S04_B237.mat,c84e57c0f4ff07f267f4135ea8d7f9ab28f3d65ec6d3c273fe7a7746b031a341,036bf7bd629ed2f280aba42c265606ab07cad8890a88e3458e7e888fad5df196,5
checkpoints/element/trial_0958_RTC_S04_B238.mat,821a54bf2520236f662cba40a67688b0bb820bad493f5a228c75d06fedebbf97,65a503005df0ff4bde8f729dac2054eeb12e64e775805bdc234276079f355435,5
checkpoints/element/trial_0959_RTC_S04_B239.mat,7ad8ad1beb4fcf211890b3c753c9847aaf4486088a55d07bc1faf2dea07f2655,ca3966125780d81307d8ac07d2dcea844aa83cf74b4d3ed11e2590a5d0570046,5
checkpoints/element/trial_0960_RTC_S04_B240.mat,8b681ca26e3e65bce30d142d7fc9b68f1abc5b81f75db3000edf45d6d6787f69,1ac102fa7d4fdab46fb38642eea14031bc591c6f7b6b0bd9715164291bb222cf,5
checkpoints/element/trial_0961_RTC_S05_B001.mat,872bc51fae9af5c423fbd6ea53705a9d2da594f9ac43e109654d6d53f36adc63,979e54464d157db30a4c7b2e95246605617501ad78c19241ddf7dbe627028601,5
checkpoints/element/trial_0962_RTC_S05_B002.mat,51600f7a5d442e60e62617d2418d72f558e8789bb6a4d98a4378ad7e7d6890c0,676e2c3dcf2134ef3f86fca15a83e9c2d5b23c89e9e298b8c9b32e51cd2f51a4,5
checkpoints/element/trial_0963_RTC_S05_B003.mat,f2a379167f048000b31132c95a1419a7daa78f0e3ccbabd0bc07094a589c2224,24636003f7f3247a67bc2a12069f97365953e227d9f45eacc4d66968466e4537,5
checkpoints/element/trial_0964_RTC_S05_B004.mat,19989a5bfb60541d2c3c038ee32b570404488529c3482fb42ed1e7c861b1d834,896f8addc748d0d51a3816762dabda3e15af7f5343dd648ba404326935609cec,5
checkpoints/element/trial_0965_RTC_S05_B005.mat,e192e0883694c26178c380273d59c182bdac9b5804e625768d6222d74ed0a67d,4ef04bb1c7f6c708f92c9fddce2bda5d7346b519eb0bd5b84c5166399b78ae6a,5
checkpoints/element/trial_0966_RTC_S05_B006.mat,2799df1a862a07c24887423baa5eed9da6b3fe986a23a4272d7df8787fc439dc,81c5f9d1ff684fae0c3c90fb0cfd62b533af2f71feb763351fcc11391dbc256f,5
checkpoints/element/trial_0967_RTC_S05_B007.mat,c9f4de428c8d6e4c76bb13e0650661d03f609ab0b6dc06f6430db16f5cc6047f,1879bfdaf39b216fe39400207d0d9c5432ad21e5a54591c5c0480a4b76aad060,5
checkpoints/element/trial_0968_RTC_S05_B008.mat,18377392bae293ed6c10170de774e42e26380c153cbf51fd0b93bd472411586b,753c41ce7fb6ee0c74d3823282c6b6e7e5995dda9e7408eb446b953ac94b1fc0,5
checkpoints/element/trial_0969_RTC_S05_B009.mat,bb28d3d95f14314897ebeb3b6ae85025a4c7715a12f1d75a56a00dbd736c542d,d541e28ac4fe8461cde761b86f8685e38190ca26f46165ad709b367b3366b500,5
checkpoints/element/trial_0970_RTC_S05_B010.mat,1ac6417658aa44a9b5c94daff927e8fe45b89b6cf06deb9d1182d7bc1ff9c56a,edfc17088cf10466d403452d32b21576062be17b90d045481f0b974e230b74cd,5
checkpoints/element/trial_0971_RTC_S05_B011.mat,33e487f72280d93c4cb1b5ea9788e1543107eff26f268d801a2829790b4bd853,cb988af61857e58aec957b71059d6d491622204f4c115cade5e491ee34f4cf1e,5
checkpoints/element/trial_0972_RTC_S05_B012.mat,e1175d32227b712d373cf0982ce94548ab4cc3056f6594d16efd977547319cdb,80e4d79551b787540049fece255c86dc1f4a35e6e291cf93699964ed730a6e21,5
checkpoints/element/trial_0973_RTC_S05_B013.mat,c716f6b073946619cff9935353eca40a9e86ece0d3ed75d93924e4e059bf5a7b,b13cffc37ec2f53665f9eee39b8e1b59bdfc1ab62b9dcc15c244baa4e6da8498,5
checkpoints/element/trial_0974_RTC_S05_B014.mat,17bbf69a4ddfedd78d050a309224d89b985d9ad4deef9e861b3395282fb723a5,87674cacdb29386f0f92fc905ebe39c94cc009a4ba2e74721f4c71b29f35cd1a,5
checkpoints/element/trial_0975_RTC_S05_B015.mat,de8154d4dad1c21042d15a8d5d1ff08cb0e412d116abe45670e6ad7af27e52fa,2f2237816c1d111d07b1c557ea1a275c0c5b5e8a40274755164083cca76856af,5
checkpoints/element/trial_0976_RTC_S05_B016.mat,244bbe45ecc0cae7af41784023e79581db192deb6e35fff10cafb777547940a3,b38f6baade5c6a437b8158ab7e547ad8655a0914a183a30756c0c67baddf073a,5
checkpoints/element/trial_0977_RTC_S05_B017.mat,58c8807d65ee1a82b02b4be2dbf212f173518321bab1813441c24cc1fa791be4,d31d2776ba66238faeaf2f6797523948c4e8bc2a83fb12da143d70635c550da0,5
checkpoints/element/trial_0978_RTC_S05_B018.mat,0739f447e38df013257e030726c2195d2d6db7b992f55d51d79f28b560d52c30,51545c4e98913288088a815e0d0b94a4ae15a98edfc464f041a3e531e3a027f6,5
checkpoints/element/trial_0979_RTC_S05_B019.mat,767549d131fbd04b56c83d3e496d22af89c373bf70700c5b6b489cd9105e0538,e8bc3212777d90d90af6a14e5943a6d0fa0d1fb9d407c5170d46fc27c072b963,5
checkpoints/element/trial_0980_RTC_S05_B020.mat,1d22ad858d7a0646db731cf60c0dd879943713390d5f73ba5ba431c89c6a098c,c232b790bd9c58bd0908b4825ac08d8c858fb7f406e23d31ca85e524ed1d4611,5
checkpoints/element/trial_0981_RTC_S05_B021.mat,824d6f12dfdb6197658fd4390be4243aca9e5d5eec15bdaa5968ab2bc9655057,a1f0b7728d1c1ded654eb1424e68e33a191fe57372a3b5d490963fd4366f26ec,5
checkpoints/element/trial_0982_RTC_S05_B022.mat,f66240b4cec94b0e09e67884916df71bea55878bf3bc77b3a62a9432b67d0437,caf4822d50c47356f793ba201919a757e8b07c47f63032461d3d8b801683e9a9,5
checkpoints/element/trial_0983_RTC_S05_B023.mat,d5977d87d1265074626b74141a6c8885948cf58397ade8917f0383df469f7b8f,c5b19079e0cd76d7cdade68c7363e519e5a77ffaac54690339dc8de83b57f376,5
checkpoints/element/trial_0984_RTC_S05_B024.mat,ac570d60254deb0895d8fcb78e074b68eb6d1a7fb7c9519d0892103f24d8738b,160d0913475de53d99f6b6b4ab9c3a5cd9a8a678dd979f5ddb051874afe4f055,5
checkpoints/element/trial_0985_RTC_S05_B025.mat,2404649674f8180208b9ad219c61e0993e33abedcae0452ea5d7c916af449927,19e1fd6b5f11276f2d32dfef65fe88965187e288ec91634b0c28b5d2c425b63b,5
checkpoints/element/trial_0986_RTC_S05_B026.mat,b501f4b46b49e172f7f5b8fd7859e98af9e53148f61981b5fc0575a86a0e215b,dbbb2b5eabf11348a9afb3a03fcc1211420a5905a00a7258d67aa52d03f5fe1d,5
checkpoints/element/trial_0987_RTC_S05_B027.mat,a00074bbab54266aa623f25466404bdeaa3a219df74da8572601d7bd3d4c448d,63157d6c450b43a904d83287f19651ecfba5f7b0c8e44fa1c26759caad26d6f8,5
checkpoints/element/trial_0988_RTC_S05_B028.mat,b63c42e17f403e189d3971e63b459e11ededd78056c42281b5386ddead81668e,cbf751b15af60da65f089419dd04b9c669cadfd2dd42f579290c7c9c12f4cf7a,5
checkpoints/element/trial_0989_RTC_S05_B029.mat,877aa285796a3883dd4af7e6faab435fa43e61c905438a05486583304a8fc638,534bccafcb65376ed44552d44a353a1f96db3db1911986ca92018c9404d12135,5
checkpoints/element/trial_0990_RTC_S05_B030.mat,12ee3a771f6ae87b3767a4514732361588b2fe0f42e52a1a8d694f838b9565d6,1f8a8543811d0f5ddf25aece91537c3ee9453ac788652bfd285831d03c2f8d4f,5
checkpoints/element/trial_0991_RTC_S05_B031.mat,b69c6611e87f64492fc847ea0ea0cc7351295b67bee56fd7772c137d7139f221,c5d3dfc63ca92132b58eb7343630ee274053f489c507909673cfc7ccfd8326cd,5
checkpoints/element/trial_0992_RTC_S05_B032.mat,af172578424b7e6d69117fe2183c7da5a838aadbe1ef9a62dd006a4720f965f3,6cf71ef80b922e88e1c98def6eb7c401295af90fbdd8a13e8acc514a0c94f956,5
checkpoints/element/trial_0993_RTC_S05_B033.mat,d3646dbbd5081b5fc9a4e284e61083e6d8bd12495afbe48716f0d392fc2fec4b,dde5f79cc7c818dbc26735995b9d6b6a78523d3912be802b7e8572f19c29658d,5
checkpoints/element/trial_0994_RTC_S05_B034.mat,fca3be4ea514364b86a0f1afd15a479830f115cec074e4d07532d974eed5d228,ccb8177671499cade0bdfaa74b0ed7f930033bb9e351985bb6beebfa4f1c81b2,5
checkpoints/element/trial_0995_RTC_S05_B035.mat,a4a5aa3096b4bdfab41fdab8506024ca8618385909c93121ce4cf191cba86845,25ede5a63a8f693c16115e4a1d8325df83b9b473abea4cc07e1dea0880f29cfe,5
checkpoints/element/trial_0996_RTC_S05_B036.mat,36014f9f2767faeb46c9d6f336efedb8ed000e336e4220765905d9af345a5b37,81caeff72d7564f039c3c6339ae6e908eb96d6b7161f0b63183940568e385eba,5
checkpoints/element/trial_0997_RTC_S05_B037.mat,c513f1fec570755790f3262e29b83f813d628d0a4b6a1c0ac1e5c1a9d88ea93d,d879d32038a3378ca28e060dcd1ad55ed514e0f356d3d44ab107662aff668669,5
checkpoints/element/trial_0998_RTC_S05_B038.mat,a70836131aa61d72dfb1bd5889220c94bbdd607f1e7a9c93d33b7b76494e964b,60ff16e0fc05d7aa1b79b4ccc708961e48b6982c3298afcf8bc3ba3c6912594a,5
checkpoints/element/trial_0999_RTC_S05_B039.mat,a6f2bb4157a523c461dd5bca73072f071dcd560325ccc847d004fd30505aa221,396dadb5b4c8366541ee47dffcfd45c8f714bb3754e8bd164b8354610a9305df,5
checkpoints/element/trial_1000_RTC_S05_B040.mat,747a8f629205f93ced490bd576a2d0047676f22b60ba4277c5538c9309da7c16,c3a979bcb0a84d0dda07ecca6ed82461ef9769ef35477352b8d538bd2a319421,5
checkpoints/element/trial_1001_RTC_S05_B041.mat,28578085155e9ba36f1c06ccb813ebdd5679442ecd33c59584b627241b4cc17c,b026b52cec31e5d223a4cc8f6b1c3bf0565cff1f3e92422d3af42b6d5bb087af,5
checkpoints/element/trial_1002_RTC_S05_B042.mat,d6375caf8059c82800a3338d4806bcdaeef5850d2d5be5063a2929610184c118,3ad0e664596abedc0f51e376b0a2fa42abae99fb45fa9ebedd9580c078113062,5
checkpoints/element/trial_1003_RTC_S05_B043.mat,8fdd5c964bfac30abdda66e30e68ec1204b2497272fe0099214055623a059ddb,596b5c6aa796aabea70dfb40884a2d2be29ee6106b4672ec1836eebd66fde183,5
checkpoints/element/trial_1004_RTC_S05_B044.mat,72ba98f2e0249f4c58722f76f0c17e0d420949cd5c5340a9147d80c7bb4f5583,f9c337fe839078853f75da367c4f68baeef32bbd4bbf34f9c1622b0308b6368e,5
checkpoints/element/trial_1005_RTC_S05_B045.mat,fa7cfd9d98c11d1deb18574eaf5acd3604c581fe909d3181acf5ba5044bfea9f,ceed5d8178ec07221203f2e2387a93a4350c8dd8172a4d8b6a4b0ea3a9d54496,5
checkpoints/element/trial_1006_RTC_S05_B046.mat,2c123d99552b7efefafaef493218ca52d991e9c040f767141b0bb78a48e2b484,66cf82d44f3329f612da660b4b07ea6762aefee05f2bdb9ca271032b62328b9f,5
checkpoints/element/trial_1007_RTC_S05_B047.mat,ac4132d8fb5ac8ceeff17727b64c8569de8130f69039a040e9f898eaf5db41b4,d3cc30632570b6662171f331cec97a44b0e2b3c501b39427499513370364da3e,5
checkpoints/element/trial_1008_RTC_S05_B048.mat,11ac0856f4c216bba887ca2d1accfbef68650a867c1ba80a59a3c48640cca683,01739f54439c454fb167e812bd60c56d7639bebe49447ce821d0400cbe5d3f5c,5
checkpoints/element/trial_1009_RTC_S05_B049.mat,ea11ae100166739edd512763dc3b1573d9acb106644dfc54b3cb08eb0a41970e,94a0ade88138085229bedf859aa70de5ce1d4c0b031a83fd91b5ee18058ecf43,5
checkpoints/element/trial_1010_RTC_S05_B050.mat,3d09a6b1939e50ab1f17cc57eda689a4a597e38acc2fb30c97f412dab3167c60,1578b5cddf75a25348d6d3759066f4555d43c3087957f61bda63e23d10c1777d,5
checkpoints/element/trial_1011_RTC_S05_B051.mat,8dd24eda8c95384fbc5b65be699df7ad1aaa88d18a36d2e8822ce4565f8ad6e8,4a00f40522c541be610ee6cf6927e8d0fd37245f282eab21d4645ccd42d025bd,5
checkpoints/element/trial_1012_RTC_S05_B052.mat,237f61b5ff81befdb4d6cc8ff841a3d9c39d9f86dc9e792bf21fe7cb5d1ec5f1,d5f78d10e6c9e1d3a712106122c49e77d83417bbbf30e5fcb8def02d20f7b9a2,5
checkpoints/element/trial_1013_RTC_S05_B053.mat,7d703ddd6474ee25a67498118da036653da1b2df74cafd186b8e22c9da9b0800,cc6c41b73d37c2ea8a634f69fe29690da4a5db3d2f36b2c3593e1852a706f909,5
checkpoints/element/trial_1014_RTC_S05_B054.mat,f96292b3a68afa7b2aa678710a185e9846d44b80784779e720b054917b396e5d,7b02ebfa8df52e515ff507ec843ceb0beb3378585111792517311808729a5998,5
checkpoints/element/trial_1015_RTC_S05_B055.mat,b3ef27a19789e4205da6f165097cf05da1b5cb488268de04c5148a49d558f9f1,622ee2173594e0cff348c6d3194f591cbca476fe1b733714a91e847bf249238a,5
checkpoints/element/trial_1016_RTC_S05_B056.mat,11a08cb28802c05c76adbd4941fead506f6660dec24f69689c053430db7a4fe7,a9802020384bab1c800e463a83a7f0de9ede7bc452240f96fba6ba7a7537b2d6,5
checkpoints/element/trial_1017_RTC_S05_B057.mat,bb06a00a0e3254da3656d497ea7d43012748bf0c3f0ff704c55738dcec29a35f,869544ae91c18d4397fef231048282a5c29418330367baf24ec21f2b2cdbd48d,5
checkpoints/element/trial_1018_RTC_S05_B058.mat,b9fa833496fd49eb3c2c03b6f41681039fc417c89f7850df7059e707f750d6aa,bbd9754e80e6e41118ee2c43001c9ea210de1000393ea577fefa41cca107eb4e,5
checkpoints/element/trial_1019_RTC_S05_B059.mat,5938c3fe817f799aa22492405e2ef9169a4faed2215361f9985a551facea584c,0fb39e1ace092d4409a0bfce3a23915b5ed1c57764a4a8d555b7b2a864bf3353,5
checkpoints/element/trial_1020_RTC_S05_B060.mat,c163933113668a40e6313c52b27c5466a56462bc95a74ef5567f8d25409e6462,da6e2b3a8615a58c307ac3288a3282ef882e71ce1a9d50f101b061f6b5c2edbc,5
checkpoints/element/trial_1021_RTC_S05_B061.mat,4880c01115239bd270e23c1a05838bbfb67da16e8a14dab8b740ff76d8caa9c9,078a990838a409db7780f8e8cdcf3aaa936c4128e011e3715de7dd5e1b3a3dd5,5
checkpoints/element/trial_1022_RTC_S05_B062.mat,f402b88b9d707a67bde1ca4bfc91150720fdd4e939ac6193593f80a487ca7075,8a1c15bec52c7e870bcbf9baf4dd2eacc181f0662da9c034b44d46332d6b36cc,5
checkpoints/element/trial_1023_RTC_S05_B063.mat,84ca599d65f75b449cfb10c42d3b7b341f7cfa3855db1f69687995e6a2e8bfc7,fe2da7346c872305617d0eca0d013ef804bfbc4acbd1ef9a8d46a29300abc5a0,5
checkpoints/element/trial_1024_RTC_S05_B064.mat,c944b0d8f3b955712fe125f2ffa9d7f339b43ed7900445dfa4f602916c9530a7,041a62e4751347ed19ae7a2630acf001f2f66db61f9df70769a7d7f72cbd1389,5
checkpoints/element/trial_1025_RTC_S05_B065.mat,60316830a0517cac86483d221b629aca535aaac62af6d87f7730409e4e866561,a665a1f2906305a2d5628ccf78661f541dd666ef074e546fd0145178bdb2e5cf,5
checkpoints/element/trial_1026_RTC_S05_B066.mat,e6266de1e2720f1a9ac610b9b5b6696049f46d704fa93e18ecbb343c80ecd48a,449b91e1a5a141a03d4073a91d0a437e66e30c988a25483ec3f1d964779ce494,5
checkpoints/element/trial_1027_RTC_S05_B067.mat,bf2b99009632d110b703aef9461b0f3b16a94df67db1f15da556a3337c8e049a,884d02208ff861acad3a8c78603750b9dfac9f35f6563d346050f194e2dd3561,5
checkpoints/element/trial_1028_RTC_S05_B068.mat,9fb1536ad39a0c020c84a1c0099de1eacba14ce2fc0f4f2e5ca303e8ec87daa4,9927ba5b59175a4c5442085be8dc22d5a11cd7e002d1e46bde29114bfae5d63b,5
checkpoints/element/trial_1029_RTC_S05_B069.mat,f4f1b082e78ff86720b418f3d473bb2ff47f05bd56ab995e677cc06cf7c072b6,1af5f793501fdc0dea35e5b53471ed25b06a49492701a2caa7c21fa38786fc23,5
checkpoints/element/trial_1030_RTC_S05_B070.mat,e079f5309c5e3fcf3cc810593cc2bc40393608ca675dfdd7539d35418b7715a9,ab44eee4657b587f72f1853c6a615e34e890d8f125cafcf57cdacbe4566ea45e,5
checkpoints/element/trial_1031_RTC_S05_B071.mat,bfa0a875bd253632d289af45601783fd577616a6a391056b74a13b1383296abd,fd41900a43100e83d949b4bd3ee7fdfbbd8397a53be586e999d347c94b8c7c90,5
checkpoints/element/trial_1032_RTC_S05_B072.mat,771e2f1b92b3a9cf5774a49d3775eaf732acd6eb14ba3f63eb688841f029079f,cfd4f3920b1db7e78cade00526a17ae2d89074e47606c04237662f65691e3842,5
checkpoints/element/trial_1033_RTC_S05_B073.mat,4b4f8c6bf0c6582ddb22fe447161d3fd5d1533176a15f33576f59d5655f7a2a8,9b0301621a753aa33ad8bc7d2fba8e6a7a7eaea467a5fbad1b172707b68cb448,5
checkpoints/element/trial_1034_RTC_S05_B074.mat,a7bd186a11639f3b01bb29b5cd4e46b4e109c6f46e1a5d4221dfd9e7850d7da9,6d61267f661a8c99dd18a2a63ebe9f0a0fbdb3367e37c1e349ae81e15002ac83,5
checkpoints/element/trial_1035_RTC_S05_B075.mat,10ffabd5ee9662fac8db2162c734b613fe9af99f3cb992341136a1b9cb8feeab,e186ac0cdce847b3d304191b657ad8e3c730366e34fd19b7f7449be23c3d19fc,5
checkpoints/element/trial_1036_RTC_S05_B076.mat,55f61d7e5ab5e87b5aff4c0f3eb144cb942c062347c0667a5e1cb28431ebcdc0,31adfec8f61afef8440714d24cb3f52450dd70737e26b5cb2b259c9abdbf8b6e,5
checkpoints/element/trial_1037_RTC_S05_B077.mat,e8ed7a0349f7d5e467fca065e9e9a15aaa294fa09adaf05e6977bea0bc314767,fdd8bd3e4b2afcde4ae3b8447961761a5564179d0329a149a80dc9a6117ad12f,5
checkpoints/element/trial_1038_RTC_S05_B078.mat,830d2dadc896a83fe4bd786e1141f49f7f05c79e1439b7a108abb19c8c035192,b0abd987675b19a7eb10c399950787d295274ec33b796fe261354f6118b11672,5
checkpoints/element/trial_1039_RTC_S05_B079.mat,766e54a9c99b8db3d0edaae4b2fac7d1f3f756db3a02b17ca354f00e7b02b031,58e098aefc1fd631409cb6a39d7003f642ba032eea0c7e6b59bc750daa487154,5
checkpoints/element/trial_1040_RTC_S05_B080.mat,6f4feb69f23772a41ea01af34f9b4e8e1aad1a90280408e8a14f982b929637d4,4044d616361286a77d051764510312dc1492c48104e656a6ae9285c96738d14d,5
checkpoints/element/trial_1041_RTC_S05_B081.mat,562b958b1748c31962da65e71366b7fc49368ed2703c53d095b10036469fe24d,d10a060528074caaf247259a9f5e81f3f7ba696d49b3e7b1b2352326914b9c1d,5
checkpoints/element/trial_1042_RTC_S05_B082.mat,77e0f698482d27e3f8b1433ab7a15dffce5e9df2fd7ac6df6386a6d9b582e728,6f3b828ef288183292dd3578a496e8e6655ab76095f378569ccb07e73b6bb819,5
checkpoints/element/trial_1043_RTC_S05_B083.mat,6c157af43042f5b3b7a5f19ef9aa3da2b4792cd6530a4a4331f8e33e5247050e,e3e5f4ea3f2635794cee61ffacf6467cbf5ad8cb347cb49fe7d309acd9272c88,5
checkpoints/element/trial_1044_RTC_S05_B084.mat,c12c130b7595c0efaa2d04378c951b1e89e8df82677a6e5f2c017cd5e25d6ef2,ec18bc884e4e9f8d09bf99a83b54662bba3c99f4d388c0d7c29ff53f3eceaf02,5
checkpoints/element/trial_1045_RTC_S05_B085.mat,740a77de99302cea1681d014ac064f6ab7a7d2f17375ab0e680826ffda8109b3,796e0f70ffd98a5819d343accaa511870c5dddc85a2a9aef517c124dba33b228,5
checkpoints/element/trial_1046_RTC_S05_B086.mat,9fba6b465d5a1ee48244f211e7f4ad09ebbf99c1550a6827d46a88a701ce1c97,307ae03b037d4db2191c8cffa6ccc2dc1aa546806560d10b1e924ef000248eff,5
checkpoints/element/trial_1047_RTC_S05_B087.mat,24703e1364147c5ca211bafe1bd7c74521b9d903889e1e8c67b820269f2d4739,3df24f0c73f85286bf0c674ddc91a1d8f8fe1f2ffd7f470b9065d05777b82bd9,5
checkpoints/element/trial_1048_RTC_S05_B088.mat,8bb3542dfc5eabb21cb5a302bdb1967a155d6d58a56df7b799f85e87a73fd1f2,17f41f9c064fa31fd9aae872882777d5c82439f24b6316dc7febbef8851a15e7,5
checkpoints/element/trial_1049_RTC_S05_B089.mat,c5ba5aae0bcaa40c9ee116f4877df84780440f7ada715fcc8eebfa78a99a5237,dcae00592bdbc8f6c07e9c9ada5d072b10866cd46c461515f395b55b72be8ca8,5
checkpoints/element/trial_1050_RTC_S05_B090.mat,81d8aa57309b0e1c5ec17fa0c726e7da1907bfeeecbd0a261ac14952c7e2c732,6d2b21d63a4b940d6b3b92d4bd6f38f6d6520ba2e50a3a7c9353a80ea3411aeb,5
checkpoints/element/trial_1051_RTC_S05_B091.mat,28c7acd6121231fc0db0f7dd0d437aa2c71076b345a7d6151b416552d7430e1a,53b0065d898b61e7abf8d23e88ef4b92c3119266bef773a50ac89df2657ce3f5,5
checkpoints/element/trial_1052_RTC_S05_B092.mat,263e7272376fc2e221bcf2ad23e1ae392be9e8b641f91e7fdd21231e3ed4df0a,a0833f6cb4d301950be422cc36a1ee1436b416fd4042f948c09b48de956913a2,5
checkpoints/element/trial_1053_RTC_S05_B093.mat,87685dac023ff717a8eee726738249917502bd1aba5249a22de4d9536884c0dc,c6cdba0a17d306fef07635f23e26010aff597b4b547066029cde5e41d382d919,5
checkpoints/element/trial_1054_RTC_S05_B094.mat,d2d2dc70a02a4f3264d1a323dddd04a27f444fe51bf1bc74ea9be91132375f99,6ddb43afe1575b7d9eb14510ee7c8ca760abe16a067f98018aa5ce348d986b31,5
checkpoints/element/trial_1055_RTC_S05_B095.mat,08334e6b0c384858a8f6b933c37fbe133dda79d598aed6a15bbd7020cd391d50,b2d1c9970928bc2789ad0d021740cdcbd1c985758f0ed3e31b2d0b609cc4a0fe,5
checkpoints/element/trial_1056_RTC_S05_B096.mat,d60a061f02037ce14718b6d4fbeb49eeeb24861f106560048d11443e3dae0254,ac2e3f6d943f5e45983ee1182ad05a80d0d7ec70b803cedf74d7593142edce51,5
checkpoints/element/trial_1057_RTC_S05_B097.mat,37dade5e411c1ce68902be9e143b8c84e6ced154b536be86505c338cf7b200f0,20f1cf8a2081190c68d10dc4e6fb6060bf0eeca0ef25f9ba7c5ebc554cf071a5,5
checkpoints/element/trial_1058_RTC_S05_B098.mat,6ccb15a24474b6b2c1489c3a39192c6b7ef9899f3853057f734fa9bfd563106b,a503617ae18ddfeffcdb7b982c74d7501e6872669556d816c2e1c8b293a1f818,5
checkpoints/element/trial_1059_RTC_S05_B099.mat,7411aea7ef81aa6ec713f718b02a6e806e31f3f054e457f4422b3cc6e08c2c91,8911891b19314bce18c9a811a89d5c1925990d046da6379a9cb1922204b5f4f6,5
checkpoints/element/trial_1060_RTC_S05_B100.mat,93771da9c6127f09547045722b047a6ca04b8337c91479e938c4ca860e65457b,d2d5ecd5a36d85f26fa9cd7a4e59208dd729b006a6bd008da160acc3f8228be6,5
checkpoints/element/trial_1061_RTC_S05_B101.mat,78f541caa7825577d3e1db8777e694cf4c78bf1e667003b3c5c7decd76ef050f,64eb0e96743051fb61e98eb85a9cd0dc927ebd6af8cb4d5591ed4d0088aca741,5
checkpoints/element/trial_1062_RTC_S05_B102.mat,e5bfa373bef24fd92028301438ee389e6c9ce185239ed1d6c2a6b33523b9f248,82a59b6977a11b6e722895797efbca56982b8e3e1f8925bb66c8c5042d3f5233,5
checkpoints/element/trial_1063_RTC_S05_B103.mat,832df259a43b5da634f1b22960174d8d72fafd8ed81339177caa22aed062678a,da4aac4deeec8bef7d732db43497270fa37ec83db591c83ad1d1fd8ab5a6097a,5
checkpoints/element/trial_1064_RTC_S05_B104.mat,c3000d6e4b9b8156e05536842afeb886aab92465411d4baec10e6feac481371b,f64b6f083b7d9bb8282d9df691ff939b672cac631ebcfd1365417d7e9fdb4119,5
checkpoints/element/trial_1065_RTC_S05_B105.mat,5fcf6eebd7c66d9e7e5801ebe07f1b3c3a12cf5494855e25827a9c7ce13fea6e,6a3804606f86d843ff3db7425e8f9905905b12096860eaece5d99585b2691807,5
checkpoints/element/trial_1066_RTC_S05_B106.mat,14415f41f1d00a6831a2dbadcc60a988aefb43d7a2a92fe3c5c134f729013b5f,609bf0ad22d9805c036a96de27fe0db2d5c7bd461c8072bae79553782a1415c9,5
checkpoints/element/trial_1067_RTC_S05_B107.mat,07e6b6ca03adac9beecb41a6499871eff6ca549b413e66a3fb571e716bc62134,8f2759d6fea2010678fc4dd8b6d5ef57c9cc958b9a288d3f893a8ecd6b9263af,5
checkpoints/element/trial_1068_RTC_S05_B108.mat,50e9ced7be642f631f326a1bd95ee95e9e74266e90d67a2dd6054d47b0f9e307,eb6982b5e07957842f5c3fef186849c9351c0d358b754e89365704a1996ec910,5
checkpoints/element/trial_1069_RTC_S05_B109.mat,f958bcc1be77787284dbb2802e5d5f9a2a1bb390cd8f888688f902b549f5389d,8c76964d20f7c3f33a6877945731de5eaa60f9d4348d187cf019ed415fb57346,5
checkpoints/element/trial_1070_RTC_S05_B110.mat,c6cdcf22aa0eb8267339f323b1399974a72448777ddb5ea2fff364461c5d599d,3d029c9676ed1ca1a91d5b4958fcc81259c7853380a02a890f3c5c9cc0671203,5
checkpoints/element/trial_1071_RTC_S05_B111.mat,bed5a9db52337feca61a09239dc2715bad84162d58380de4cd2eb5154ce5756c,25c4d01170b28f4825ec0848f2c7ce474dc44a38227d9a025239d439d8ec00f0,5
checkpoints/element/trial_1072_RTC_S05_B112.mat,38da274dafde719fe36eddffdcd514a1ef0984e2abe4f5d6eb406d205b2304d3,778da4b9c9278497ac51cdd84c455c88ea043872e1a1c71b06da3c63fefbd949,5
checkpoints/element/trial_1073_RTC_S05_B113.mat,6dc7e10ab223487a495400cbdc03a0ef3d2adaa99433bb5dcdcd7665fa02dd8e,c5f7b50127070bab3b3497e2e9a7a468e86d3d58a35e50eac5a006f715a33d1f,5
checkpoints/element/trial_1074_RTC_S05_B114.mat,db93fe9b292f93a470d86c9373fe7b35be4e9cf3c5ce4d3c498deb768decccef,2e0adca4dd3c32cb464fc7c893bc32d8ea92f9e6dc2838af32523c9edfc95deb,5
checkpoints/element/trial_1075_RTC_S05_B115.mat,bfa6c74c3f29d98766ad18b023d1529119f2af53282ca36ea8a89e6f7e0bf0be,2d3517eefba8018b2b4b9e02d5a3f58d88ea92ae4d356198fb4ff8d13d699b5f,5
checkpoints/element/trial_1076_RTC_S05_B116.mat,e169f047e8e5b90d4c0c9b1aa992c57707fec24f133ba25fd9cc3eadb4dcb202,3c1b77bf8cce82cafc6fa5e43d70ae78e51e08230e0f6331f6ca2c7cf5d8a821,5
checkpoints/element/trial_1077_RTC_S05_B117.mat,9193e70017ec4bc1c495c4e920c4bc44f4c1d07966897b427a887b92617ca55b,9a28acbf1565ff56cea8c3a90ed4efbc4c94af1d0f384db0bdedba2ec542b420,5
checkpoints/element/trial_1078_RTC_S05_B118.mat,cdf38faf50a552197dd19b1d618fab1525e0796dfc7a3bcd1b5bb654b5ab4356,0de1f1ef477f4369d4a9142a6c99dffe87a06d719652358ea085b474993325e8,5
checkpoints/element/trial_1079_RTC_S05_B119.mat,6d51693ffe61396222878602c2ec98774eee173f917e3373d6870bede4ffa0a3,b2ac10d3c68d9de293d75b72873cee0e0e5d9edbff30aa115a07bf5925f5e3b7,5
checkpoints/element/trial_1080_RTC_S05_B120.mat,0d61e769cf0c431dc4135a28bf17040e68273a9c40ed0b3a322699cc67b28439,bd2c34e442453db3e356c57054a7f4cc1ff9042446c25332d900130f8eabb9b9,5
checkpoints/element/trial_1081_RTC_S05_B121.mat,cd6fa5cb3d7b1169af837b5ac3997e07f73e461ec17267e2a36cbe7b4a483348,3064645157d3691ef47845e013234831b0778f2541dd617ffaaae6a1263d799f,5
checkpoints/element/trial_1082_RTC_S05_B122.mat,e0612410f3e97303a4788c49c6c011d8876b9ebeec8a2f2c6571ccf5b5ab31c4,f2b73c8b8a943a1075327bd544695920fcc37bd724a430c23f51510bdf35b166,5
checkpoints/element/trial_1083_RTC_S05_B123.mat,f87b83ea049d98ad7f5fc3b227cf6a13619a59b49441a9bcf136542b1c94cf08,858075c15bd1790f284b72d37f0b01acf62b7d3ab1f74c3ac1fa474363d77ed4,5
checkpoints/element/trial_1084_RTC_S05_B124.mat,3b88ab31d78d5c3c0bdb2e19d14e522881838dbd7c9759dac49f2704b38b2c30,8bf7edc55ac2f437f6398226e5106414806bfd1a2fe466632552395f5e9f15c3,5
checkpoints/element/trial_1085_RTC_S05_B125.mat,076c7a3297d132aef10afc5a71e8367d9d7eedf388e79ae232b6ba86d3f1ed5c,b45797bacbf341599ccf03d3eb28ce1246a7bc565b146bee439905082e98a2d3,5
checkpoints/element/trial_1086_RTC_S05_B126.mat,680468429d1ee9b786ea3700516e5c6840e106e451a90f579b22f21f241a04c9,deff3bd48c86289a5706183d115937f73e725e00229441611ad0fa46c95d01b3,5
checkpoints/element/trial_1087_RTC_S05_B127.mat,d23673ac8dc56efb00984493ab9b353aae19a046a4ef0be8ce4abac2ef4fefff,89c83df42272d27342d1310503a9e567928cdb7ecb935b9782a68c6da982580f,5
checkpoints/element/trial_1088_RTC_S05_B128.mat,4f8d74dd8151ba887f6dac150a1351125680dbc0f627aba983f33ce198469099,1c34ce09bd30f196a038898be8b55838e926c1d2327b29edb1dce7f117158244,5
checkpoints/element/trial_1089_RTC_S05_B129.mat,f59e9b8f3c1b751045342b3b6b3d8b32ef02b2aab24ce5e7397a3e06462fe55c,8d04a564a625fd03700be84cce2f3ba3e1b20e828c8fed70c9d243f8e672086d,5
checkpoints/element/trial_1090_RTC_S05_B130.mat,9c927c002613155e912856ef743db85f53a985c860a0c5bcc2fcddd610dc5415,ba94d04ebc1e351106893a28b4b570a6ca9fb09d3e586149522eec75b80779ef,5
checkpoints/element/trial_1091_RTC_S05_B131.mat,580aa9efda0ee032f5c528cca6ebc9e2bb294634a2274a8e1113833f2f54d0b2,b5acf05c2a36cf9bfc49abed8d41202276d2fb7a335fcf98ad50e80fab8ef7b7,5
checkpoints/element/trial_1092_RTC_S05_B132.mat,5ae940f7003bae165ac777302d3778449497743d2689754af14d60091e2d9fe7,5b02ab191079a99f8cf2830e6d08dcd8017740353bbefae293275b6f0c5ae2d4,5
checkpoints/element/trial_1093_RTC_S05_B133.mat,f9689c12a036bd3b007d9b0ab5a2a03635b319d294244827da34223e7c68ebe6,70ab77c556c308d0c1f2153a1e7393c8f83c829af46baeb2d54408d751cce090,5
checkpoints/element/trial_1094_RTC_S05_B134.mat,0300b94482723613c95ae425da6fc5194286a1282de106e520127e84a69eac9e,18dfacc46cda2b34ffd8698a6d809ef689626d83a8953bce679e82d85e2c1f83,5
checkpoints/element/trial_1095_RTC_S05_B135.mat,badff256e19cd175876f28c7c4d7d38057022cce968919e3723b82b237a29b40,60c06d10fa85c6fe7f868de1ffbc8cd3320f906bbdf72731f42ec594b0cb727d,5
checkpoints/element/trial_1096_RTC_S05_B136.mat,fef5de4106dc954d727c9830e55ea92df4c854727a8cc6cb635161ee43eeef75,1e688fd627357d04d07df466ecaf57eb1074fa3d0cb31092e08e12baea6b3072,5
checkpoints/element/trial_1097_RTC_S05_B137.mat,635acd17e8173b943a3bdf5c2756200f5fe0b86405702d2caf9a65caa4a353c2,8ebd82b7dc41092ef4a491076e6e082af3c06ff552dc4925d1c5eab808c57930,5
checkpoints/element/trial_1098_RTC_S05_B138.mat,6324467c81169e5174123271b09bcb22ec10ac988eb056cde79bebde5c9ff4f9,32acb4fb287886ad7bb4ace937ed9bb97cff743b846b3bdba0d97fcf7afefce4,5
checkpoints/element/trial_1099_RTC_S05_B139.mat,661839cf6269cdad84810f06234b5b1aefc441d54349e59e40ce012c7677ab65,33cf2d3f4056b4182d373acfd0916b9623299ef514695c57205803b6e331f3ff,5
checkpoints/element/trial_1100_RTC_S05_B140.mat,3efb1a7986aa617cae89810fc0b5673c28e2d831e6a4ecbc8aef3d35aee3f211,66d5f820d85d8f05f307e78020e6712b2f7c6dec696c15ef55e0cd4184d23b63,5
checkpoints/element/trial_1101_RTC_S05_B141.mat,1e7c2522d699bf6816dc19192495066e1b8b5541f41944c9caeb887956f0820f,e0b191ead99e79b060221d09f56e556595d6755279d9d329d21a6d0b3e567c75,5
checkpoints/element/trial_1102_RTC_S05_B142.mat,52066d0a694f82844277b33686bfe76ce20236a14bbaf24b018f6f08775cf230,7ee2a5cca183c6ffb11d4cc9ee2c8971f135cb681976085faf2c2ab33b17360a,5
checkpoints/element/trial_1103_RTC_S05_B143.mat,6dbaa970c79c9284567cd123d4f025dbcaa5fb80d5aa7be34b64562ed978f460,7b500bfd692ae98864c1ce6692645b9324f38708882550d0366ccc37fe2d6287,5
checkpoints/element/trial_1104_RTC_S05_B144.mat,1da3ee98f6550b1b4d20c45d671599e78fe19a3624fbc96ff0d52deffa80a030,0b207523ae97b7ee86d45fa3b432cb780f21591db44cfcbafbf14c15b0566b72,5
checkpoints/element/trial_1105_RTC_S05_B145.mat,858b19b968257115ead6012a0bc0e39341a6045972d4db2ce7b1734aa527e685,55e1b78818dd975ceb756dafaeeb119e20ccaf6c41a38c04a9768f7e73af7e6f,5
checkpoints/element/trial_1106_RTC_S05_B146.mat,f628f0b652bf2377fd049782ef5af8325004727d9def9e43f85a7e8dc8b9e476,f2c849a7aa677946b7ade6a26eda1451fd04760c638fad3e051497688f056c1b,5
checkpoints/element/trial_1107_RTC_S05_B147.mat,5b223969620a53888a2009601f87541d98309e83d5cd106903a5c7f20998755f,bd20e65dbb80bbc5eb88f4f5669ff159baeb3c49909e690714bc93844e902f37,5
checkpoints/element/trial_1108_RTC_S05_B148.mat,35cb6e12fd99b60966c87d81d049c64607ecf7bb20558c792eb2167681fac2df,4329d4525af77fc5eed5bce8421f9a744a02cc1ca5d978415655ad627097afe1,5
checkpoints/element/trial_1109_RTC_S05_B149.mat,39a9158af0db4689a6980e050ba0eaa7e6eb83098edef072d9722c859e535103,9b37483d32df9c8eda6f1aaad534a335f289afb02f5438402a61a81f7df13c08,5
checkpoints/element/trial_1110_RTC_S05_B150.mat,e14299b05007d3e654298ddadb76c898db883a417b1bac1a61933377010bb502,3ca8fc73cb461adfd288016992f3ef4e2e83890301723e7c651edc3eccfa27fc,5
checkpoints/element/trial_1111_RTC_S05_B151.mat,4f5c9f3466b8518459f409f096d76bdfde0f78f37c6584ce84108eff3c604eb2,c14d0b74985193f42a4433dec6fcfbac374134d26c09c34772c4792f8c2257eb,5
checkpoints/element/trial_1112_RTC_S05_B152.mat,a2fefce76b698d9a357a3983857d94b6a807189517948c530f14743740ee87e2,20bb05d097df859bed3497697e41dc37a9a82372f591eb342afa215d82cb1d52,5
checkpoints/element/trial_1113_RTC_S05_B153.mat,90cc872c91e35441500af255611a85ced2b865a5d99e1226578b47157a826207,c2d7dd74e99bd89776cddadac128fb7b98aa7ce507e5efda693a1314b0821ef9,5
checkpoints/element/trial_1114_RTC_S05_B154.mat,275ab40121bd9756b92eef70a2d2add86a0f0fbfe8039f16b94179c4d30d7f1f,e323a1cb63962bc8e3b6c8fc03390af982a264f9bd8b8dc917ac33c41b4aa26f,5
checkpoints/element/trial_1115_RTC_S05_B155.mat,b7580e75c486c41c539923627e5fdd80a7106abf927a0bc2a7e7b3b12bfd3c05,c64858974b84cbff85203664c7fe1bf24cc91595e76d66b7e6155353f6973bc7,5
checkpoints/element/trial_1116_RTC_S05_B156.mat,e9f31ba77fa62e5284126a715fffa7016fa3ac0f77f0611fbac7f658a1718395,21d062c8d59b19d700653d3c4a013e6deb86438464d659700d735d721ae61035,5
checkpoints/element/trial_1117_RTC_S05_B157.mat,907adf6ca7de97e3a93d9a47c8cb183ccb19c87428cc1f88c228d37e4a78f8a8,7ab086803f21e1c0b6083f1910a05afab856743dfbea47e8b13896f90b54ee01,5
checkpoints/element/trial_1118_RTC_S05_B158.mat,e3b63d460d2b07de236f09f7e5b3b3045317f659a56a6ef4de1846ed23e28143,39150002091e92402d5602ce1eb64e156ab9f567f9240928e30494f9f9bb4bbc,5
checkpoints/element/trial_1119_RTC_S05_B159.mat,2c002d4e4fb4df620dfe7a017f46317b3c9b6cde81ce9e4e1d7f327ef2eec32c,7e709b6226f00a0c5609f254c96dfa10e8d1951d672d07ad68d0b585e415f73e,5
checkpoints/element/trial_1120_RTC_S05_B160.mat,a404dfc398a6585f9fff6586007c954ed69f87fe5db6ade32cb1dd6417c77c44,3fd6a457ab084fae51b5b5b7f482167b3744770f2ddca999e651fe474c072cdd,5
checkpoints/element/trial_1121_RTC_S05_B161.mat,853e0ebc8a5cb1a1d191df4cc4072c65f81e8b1fc43a855b1d7f1d26d1194982,1b77fa514571057e1a0a6afbb8ed77fb0769d4f3af85e3d0e3e8b18befd5b05f,5
checkpoints/element/trial_1122_RTC_S05_B162.mat,92dc872b039017679485a2120d5ee3e19eb40f179e2c9e43f2dde1d4fc62134e,81c988f1e70ffe9999bc60ed5a7eb72fa88d1e8f1da896316bdf02825be822b9,5
checkpoints/element/trial_1123_RTC_S05_B163.mat,89dfebbc884b89d3b25dd65c184895f8a64cbb64fac48ba431c41bd0b08dc620,722dac03fb3d0ae45715505187e818eb660cf29cdaf4e9f2a4c78986ddafc7de,5
checkpoints/element/trial_1124_RTC_S05_B164.mat,819f4123a46250e93925a248b50ed16e1db11b67b3ead929c47fc87e6296360d,98d4fc26edabb90a3ca87cf0a2a6082bf26912c3e18b8dfd3d815f4599673287,5
checkpoints/element/trial_1125_RTC_S05_B165.mat,32f41a0233ec21500005e568f217e3c2f22a30def7d8bdfd8a5fa2ebc9cfe9be,9845e19364a0719b86d79435d011c7ede7723bb7c9657ade815dfb9c06c60af7,5
checkpoints/element/trial_1126_RTC_S05_B166.mat,ceb547628df2c376a44cc65e98931de41ac4bdb02f991836be9f96f661c58205,87a696b0aa50360914667ac9f431a16fe9256a3747ca7a19db305681793a8680,5
checkpoints/element/trial_1127_RTC_S05_B167.mat,3e4eb10258ff0f61bc80512f60ccf9a48e324c9def652fece5e8cd1d582d56f6,1b6d69eff8a52359c03b41ff8231a9dc24b1a5a922b77090791c9f81319c596d,5
checkpoints/element/trial_1128_RTC_S05_B168.mat,cff305c543b8e8961610c28bd9278ca5e51377c984bb17987a34df434b39d403,036a9d27ce2d5cb8e1873f7b49cdf85dc575d18e1891da3f6885b547026eae8b,5
checkpoints/element/trial_1129_RTC_S05_B169.mat,ffb999d22d4ea95910e79c23c0e6f75e1f5464c85b869bd28ebad61aa03c4530,6fdb841bee9e180c3f39fa3844a13abb761d37e3ee62728a16a2b0ce52e56d85,5
checkpoints/element/trial_1130_RTC_S05_B170.mat,be187991dc664a37567a31bdcec87b1b1d5df356dee59d865422b1e97b9eb08f,6b55bb8aeb29481820792b25cda0b2876feaf3e547b4be296d416d0ca9c19e25,5
checkpoints/element/trial_1131_RTC_S05_B171.mat,081afb66ce228b4277407171d31aee44705cd983ea6e0b4ea4052d9293f9ee6e,e36cf244c7b7d2472fde8443d98693debcca2dcb478c1fbfdb973afdc6688110,5
checkpoints/element/trial_1132_RTC_S05_B172.mat,f149645deb60865338e4fceb444ff1ac45ae13818d1aa1743bbc0d04f528edf1,d7200107cbd2c9feecffff8a1f39187cd01784ea1ea942a2100312664d4275b6,5
checkpoints/element/trial_1133_RTC_S05_B173.mat,ec5d49f1a030f2b2a3adc8f9da95f810f39ce92952ca81045a2dd74632fbc8c6,91cddc3fb1a1b86689582c7842a2eee529f3d78cf4d431c97397cd6ea31aa213,5
checkpoints/element/trial_1134_RTC_S05_B174.mat,94c5e8faa7341044bc928877cb2da3711aec188f96f1f1121605fd0910e491ae,65dd646d95ce0a21463df87fcf43a532d68606b719e7db1f551c2cf283cdb5b8,5
checkpoints/element/trial_1135_RTC_S05_B175.mat,6404d92a89ecbd4bc5057930efce691ba209d147120bb6ba11f2e761a93f5e1f,8b3a009091ba60529df26557fecf75a7d128b97585b747957da328fe43eed235,5
checkpoints/element/trial_1136_RTC_S05_B176.mat,ca61a4aa948587db070ef08915cf3ad0d8349b028b6811853e86e7759e53a870,4f17c93151052cfee832b0b8635d77d38006b438ac9c15b4c44e40fce1de6ff3,5
checkpoints/element/trial_1137_RTC_S05_B177.mat,6329f4667df09fac0d227be689a273fe14f32de4a9ff3017036a9207c738d77d,91b82843a235a97923ea05bb4b87fad2d93e7a5c040e46057e3dfb86229dff23,5
checkpoints/element/trial_1138_RTC_S05_B178.mat,178c6fa5d70c815812267e2934f54d75ecbb13f0e608f0eb09c0ee87801df41d,1e3212f5cc94e181e565d674bcedb63d2570fedab254ab9bae2b40196d207b46,5
checkpoints/element/trial_1139_RTC_S05_B179.mat,c91562d12d483dee6a7ad84368171166743d00df83eb8ddc719e64b3a425bc99,c5c06241030f31a486ff4cc873c0c103ef16eee5b4347deef56c109c852b2bea,5
checkpoints/element/trial_1140_RTC_S05_B180.mat,df8dcd8a1a97ce4b50f9134a7f127b92901ad17ca34b7df7d31f43d4a9010f51,d01592ef2d86509ea70ba21a342ea2699066446e84689f733ac6ff8e9c064602,5
checkpoints/element/trial_1141_RTC_S05_B181.mat,33bf4c9c704f086ccc431bded5a142b2321c61c41dea3b76dcdaa895edeef382,79060a231460c3a48b33d468d341b725e11d92c37744bf1cff4746f478f075b1,5
checkpoints/element/trial_1142_RTC_S05_B182.mat,4af7e80e8690d7b391c117fb29e4f774aa003133e6193345fb59f6ad4045d635,d1b5876399c6bd13a28c7125db75b0db0ba100b8708f62bcf7210d12b6cdce4d,5
checkpoints/element/trial_1143_RTC_S05_B183.mat,b8a68940269c0ec855ea503f980a0a2486cac780aad8a7f9e774f1831a2e273c,2ec0f344d52da7a78cc8d54ca28b8d179fc3e83da93493521d2f4a7958981adb,5
checkpoints/element/trial_1144_RTC_S05_B184.mat,9530ffe858d5c60b09800132e525d03243db63c57011141240e9d80923c302ad,0844eb1bc80df9bc81b664dcd0d213f9ed0efa4459dce8c522128574aea4baaa,5
checkpoints/element/trial_1145_RTC_S05_B185.mat,873010ea484e03ea6911aadf9161ccf493f4b6c4851b5c15684d3ab17ad35a00,76514067aa5218db28605ce5aa694e8f139faa0461371720cf285225b290e174,5
checkpoints/element/trial_1146_RTC_S05_B186.mat,926f759b1f32e74e147b0b56eb7d9d864d0ef365ff96e27fe95b41841706e82c,a6a6296c842dfd10ac6ea52262bf3dfa3e386c92553359b2a0807ccac8d7eb35,5
checkpoints/element/trial_1147_RTC_S05_B187.mat,2be054de65dc4f1243bfbd1fb4325afeff0da3552260e2ae3eb6a8a2ea242c03,26b8e2bd6170d49ddfbdac2304da079bb04f7b419538ebe3af2e8876097af35a,5
checkpoints/element/trial_1148_RTC_S05_B188.mat,733a91e6bd4bd34aeae980fee5eb247338fd693788e1c0af9e896238c0ed1da0,db5ab8c0b14d5e2f4e280f37983d9b44aa4888929bd935a2e1d49971221a8a73,5
checkpoints/element/trial_1149_RTC_S05_B189.mat,d4ba77a6a246c55073b602083512efc98d01228a56f3332e6b2496701ee87b96,0c0c7e3302c238e14a27942b3ffe00b601d89a6c57497df4b7dc37a1ee06378c,5
checkpoints/element/trial_1150_RTC_S05_B190.mat,6fc455517b5582fbdf7374c69f1ff7e197c4e9a35c78dd75b5e1313f7c938a0d,ca43df963e8acc076be3c76f0493a33f9974dba90dd765a76570e64aa117d789,5
checkpoints/element/trial_1151_RTC_S05_B191.mat,56f7161783b2a922597146591a6f8659bbc3037b995f683ea4e604cca520c669,7f966ac870d827a32bde154d50d806ddc47d35fa945af15bd4f794cdfc1210d9,5
checkpoints/element/trial_1152_RTC_S05_B192.mat,118937b640635fe86f52258faeea605abc97d7b09eab54f83491e6aaa062fb35,18aa42511e0445fd2388ef12a1ec47e516a56b6097a910a15dfc94891d75fd1f,5
checkpoints/element/trial_1153_RTC_S05_B193.mat,06c8000bb3779e3f1c7e05a5458a7ef851f14c67d08dd83efdeebe7098b9e8df,68da7ba71539e89dbcb05ac78d81b46cd6ee1cf5379829106436325f680d3262,5
checkpoints/element/trial_1154_RTC_S05_B194.mat,651c3d854d91ea22964033021ecddf898a1b67a190791e388f015d72cfc324e1,830c3f2c42c83b7063c937723f6b82a325e360b961a6ce3f7df6e1b43aca5ab7,5
checkpoints/element/trial_1155_RTC_S05_B195.mat,fc383744fbd301a6352faeaf698c116258c05fdeba1ee4967f85c50b28a247f0,d540431e0fb07726a8079a3c05b3d5425ec88d2dc61d8e8909d3bbba0301ccc0,5
checkpoints/element/trial_1156_RTC_S05_B196.mat,969fda3a709a080f7a69236f1f0c3451af715267d137aa85fb030153f45ac421,37810f63857cb1ac937fa03ff11b66af8cee85cbcc6e92b8d496a4854bf1ee35,5
checkpoints/element/trial_1157_RTC_S05_B197.mat,7bf7b9e1b46ee3b8c8b39d9b23d39d4064a442069f027cfa37f3b07c773eec84,51b87b0d30f74ffd9fa156627cf3da09a3a73f90a21a6c414fc190a4295e82ee,5
checkpoints/element/trial_1158_RTC_S05_B198.mat,0b294a0fc0090cc6ca3eeefd5e3927e3e80da8cf2fcc11a8bf90245e4ba49988,7a2ba6c43a67641638160f8aeee0f498f079f095877624f100ceee5fa4981d23,5
checkpoints/element/trial_1159_RTC_S05_B199.mat,c837911253fdbe8f7bec3ef3790365d4a316ef21205f977eb687bd4b6111fa78,7cf38699743b47123620ed969dd141d3d305fefb483d8ff1e6bbc8c6becc27a7,5
checkpoints/element/trial_1160_RTC_S05_B200.mat,d70491d1c39361089a0fae20060fc8dbdadfea98148820e7ed17ed783df4d80a,acc53b8d3242fb432e27076034f1b72441ba9a43bc81cc0b86ec2f571795d66d,5
checkpoints/element/trial_1161_RTC_S05_B201.mat,b69b34a6131d603cd2811e69855cd8f7ac6a2ca46ea06766d2c891aa15576851,cfc0669f8609bb634077aee12c7b78c5089fa78baff83e4c298b0c05e57e9191,5
checkpoints/element/trial_1162_RTC_S05_B202.mat,959ce255acf59622a36a30ebb98d9c182ca2141105eb811f12c10bfecb797c7b,35978bdfa69d752f0f9b5844b31de7eaf260f2d9f40de92441d599f75fbc3669,5
checkpoints/element/trial_1163_RTC_S05_B203.mat,9836e47e13dc465dc92701257b85b90e04d0a829e8c57372b26d9a2ac4600bd0,0e8afe51ff2ceaad7cbd01ea1191ff59645dfae6b0c2af56d2e68f04fe9c70bb,5
checkpoints/element/trial_1164_RTC_S05_B204.mat,390026bf3328f363cf7111ecc11dade4b67640bb3f3ea29c5ec08e015049581d,ecab78bda6c959104cbbd511c76fe556f8cd7a93aba517b06ddc41dd0807395f,5
checkpoints/element/trial_1165_RTC_S05_B205.mat,d8794a070b9b1d92a6648b7982793c22d90a630868fda21bcf22e8e47503528d,2fead38a7506bfde5527ab1a650be9685f54d957e4bf25c7896e77e4cd7fa9eb,5
checkpoints/element/trial_1166_RTC_S05_B206.mat,778d253bb92375ab32318c36513bed9d804d608877c9e223560e44d053b57dfb,01d8c6aafb6bd45f35378b285c9359b4a83d93a4dc1113b07a5ad99112b46c77,5
checkpoints/element/trial_1167_RTC_S05_B207.mat,7a3329b91f4d65a601776aa08eacac8dab1c7b3fe6cfe37f1ca8d2345faf3c1f,47789b9eb06646f32d9669b7c50e16384d2e692a2b0e4af17ecefea42de3b8a3,5
checkpoints/element/trial_1168_RTC_S05_B208.mat,604ff2bca38dcb00a18c23b05e828bece10e03b57f7486bef25b700350af34d2,675c13d1663ec6352eee3f71be52915a7f09855193dbb10c74f0595ec7110e7e,5
checkpoints/element/trial_1169_RTC_S05_B209.mat,0064e24760489cbdd79839ee3918ef0864daa098f6d9c7ec5ab1aeee181449bc,8602c6f8e6e9aa01b1cd9e8d1b253b640d69a3ca6df891b0dcbcd3e839f107bf,5
checkpoints/element/trial_1170_RTC_S05_B210.mat,52b22aec46f7e58a68cfe5efce376ff920a6851a7406fd3cbc91c9ea00185f3c,4c9450c5db055b4271c62743738447dc489376a57e4a80835304da2a8f958b5e,5
checkpoints/element/trial_1171_RTC_S05_B211.mat,6973b4f25b24bdcdd918fef8d116149da2103e5f305e7168e902c6214f253218,72fd33c38456e1fa2a7b4f9946ee416254938495531763e7bb2aae96f03b89de,5
checkpoints/element/trial_1172_RTC_S05_B212.mat,5d831338987edab2b7f31ae65734d2deadc89ad8b7ca7ef833c05b354e31fa4d,b22a8bf20a0252636dd4e280768ee07e364a5dbd43e888b8847986495deab347,5
checkpoints/element/trial_1173_RTC_S05_B213.mat,252efa420cc639cba0ce6310343c432e765f248e3e7dc58d8d6ea4ce111294d5,2cbec85b1fd2c03f5015e2af8d87de8cad2b42e2a988e39f4dc864cd18416d6f,5
checkpoints/element/trial_1174_RTC_S05_B214.mat,88e4efa4e17149243471c690dbfed19578fab2fc47f87b9452470751b7f8ab0a,f09090c2d47dcd4086ff22cb51274fe188d41ae2431ac21c9dd650748f9e70aa,5
checkpoints/element/trial_1175_RTC_S05_B215.mat,73d36250dcb395c3ba2aa4b141d4d3907dff0bbf2f37556e0c8262ec2505f815,9493d8f4da193c508500ebea6a10fc6d5fea1bb9e9e3351c6c94c22de0b94ed1,5
checkpoints/element/trial_1176_RTC_S05_B216.mat,bf9633549a7dfbcf8d4c2f3cbad8220f3d7c4f04df58ef119764979f23d64d28,06143a8325df75add9fb76368dd4ca99fb5559ff1b835ee486f2570495f1f06f,5
checkpoints/element/trial_1177_RTC_S05_B217.mat,e92081cb19f020cb78d87a79ffb3c17ec7478a2a86568bb7a07100fe375d5f9f,360051c08e38079adecf1a59df41ed7451380f086edb86d6f28ba44332c0e93a,5
checkpoints/element/trial_1178_RTC_S05_B218.mat,5ed72f315ddbffc91beeacde158f0a518f6a6343c93c09a8390b84c9ce1e2c24,156384e73855e9d690f6d5918b056969afed91c1c5bef10378f676ba6ccd15dc,5
checkpoints/element/trial_1179_RTC_S05_B219.mat,cef2db00718f0017e636b8a315a569d690fbf2cbd6e64d13c523f09d0311376b,e1911b88441f51b4bc5c3a4c5e0cdd579ca223c31003047d0ea80b9edb191dfd,5
checkpoints/element/trial_1180_RTC_S05_B220.mat,7805cfd2f77ccba9f20bc967a2ee4747cd5f4efb100748f38cdb98cda45f9e0c,c9a932436207131186e6c36fa69d5bdd376c4078a60dd87ef7ff84575d05c669,5
checkpoints/element/trial_1181_RTC_S05_B221.mat,848890955540904fbb5c46b40f9b87e65ea8d318f96561278d8c4e1c52c4cd94,97b374dd752eb52f0cf536ab6f77a46ac2d8a16f00e704c5f7825f53c0997d9f,5
checkpoints/element/trial_1182_RTC_S05_B222.mat,9ccd8249842c33a42e10933d90a969be25b19db57df85fda16cb071341963af8,0b9f8e0e5ceb94792a0f0e0a021b8ad7f471ce157ac420040fe0f5ab988d898d,5
checkpoints/element/trial_1183_RTC_S05_B223.mat,beca629f866b69599e5d28fb041026232e5c5248b5f0aeeaf23fe3a27aee62b4,97ea2c4eca495da6b7cfc5465c0409987f97113f81405129b6930c17a11a1d0f,5
checkpoints/element/trial_1184_RTC_S05_B224.mat,23a28f5a4b915c2f11e9d908561e75d441a5826e05b9388dc412a957c665d7a7,a5f4c128dddb0668a2b4f9fef65c23438285c943ef079bf341d9c1e1b58f033f,5
checkpoints/element/trial_1185_RTC_S05_B225.mat,867634fbcf1870a65982926f5955a1f484888a470f396d478f3879415a92cd65,3efbbd1d8dfcdad7b64cff89c1bac3c0cfda733e9a3fcbb266e0dbf4dfa9f979,5
checkpoints/element/trial_1186_RTC_S05_B226.mat,2547b7ad9072759a22f73acd87b29dd0aec53b3b3ba62c22cda410611c649c50,675ae30e6da9ebb41e2fc4add13023f46d5125e93b9f75608516d06a8a6f7e13,5
checkpoints/element/trial_1187_RTC_S05_B227.mat,67aa23b756ea4e1a978c0cb93f46bc65627fcffd4ddec020245d3c342e1fe019,6c8bf1d01c1e11f02ad742d060f44ece3afc002deba8dc3aa1e9dcfca8fe6ef9,5
checkpoints/element/trial_1188_RTC_S05_B228.mat,33dc38a05c821945e07f9608384f7b81b3d97d48a5b214be47dec18b10185a0c,69c9248726825d82aa155bbc507cb448f14bc41f0c09bbe24f2bcf300cf48dd6,5
checkpoints/element/trial_1189_RTC_S05_B229.mat,57199f165fa01dda5a153fefe9514e3cc68d86d46dafd70340cbcd2265b16b8b,a0f70a011ae2f98bd3d72fbff465234cdd56f85a5e543754096cfb496b5fb330,5
checkpoints/element/trial_1190_RTC_S05_B230.mat,f23a27f85509a8af1a5cbf20f408f99bb4db5f3d60b37cb93499dc4893a70b85,7a75237bb955f233b910c5abb2b53a82462da5ef2f619c1e79a4640e8a9b1cfd,5
checkpoints/element/trial_1191_RTC_S05_B231.mat,70d0891092f198771ab4da8accb3042ed3a7bfd9f664464c7ed9dd35b0f53b3c,b5a7940fa99ba79f299abfcc71af8e696d81d98e40ef0a69fa8ecee1adf89df3,5
checkpoints/element/trial_1192_RTC_S05_B232.mat,616b258d29374edd5a54cc79e51bb826f080e758b96318b3ea2a4d504404d5bb,0fa7b6b6404669024f30e199667552c6f1e921b15e8b5ddc0a90279843dd78df,5
checkpoints/element/trial_1193_RTC_S05_B233.mat,20ff1fcd69282a98de42fe3adebc62667b7b210a34448db480757fe2d6f10486,e5a1425cc570a6e6890787c4f080485dc7d43c10d59d77180b354c311968281c,5
checkpoints/element/trial_1194_RTC_S05_B234.mat,eb2dfa34c606a9b83f808b6944a086e5582efc46b9211d9215c3c0fb0d96f77b,ee8262c54f246726e530a6760c9ecaa7bee606af7b7e82ec69c14110f443c885,5
checkpoints/element/trial_1195_RTC_S05_B235.mat,c20bfc53f0068153b1ee80619ebe3583541bb2ae33248d9bfe964573ea94ae38,ff2b24c8c0de3177c9ad6beeae76d1b1cda19e8d64ac752b40093473ce07ff09,5
checkpoints/element/trial_1196_RTC_S05_B236.mat,e281e7e9afd41fe27ff6d92aae59eba7865e2a4cda412c41f05edfd480f5dcbd,46618f2d70eb9ec034bf7ccd99c1fcd3e58ec0d723ad312dddebc38284edc2ef,5
checkpoints/element/trial_1197_RTC_S05_B237.mat,76e222df860f6db08ec62b7ea5affe4bfa55553a527f4f09e1dc74b0ef553024,cdb17f646e10e145d2a40c12b911af5af1e5f15991857d9ce493f7a65d72d086,5
checkpoints/element/trial_1198_RTC_S05_B238.mat,a91d87a5faba77fe98364c11d93a81297eb7a4edd9b8b08ee5770e7b86ff18f5,a7dd85e9983077fac5ab89baf982fb8bdcffb63f7ba94a1237e4330cfa94bf04,5
checkpoints/element/trial_1199_RTC_S05_B239.mat,83c41d8467757cde6b394eab48806abe15227fc7c7a1fb3a4e829c0ac513ead0,5a2228635238808268feff5931d051319e32f0f9eae42e1f3ae116565d68aa35,5
checkpoints/element/trial_1200_RTC_S05_B240.mat,9dd10db24a7945935c05ea3f98d1f12e417dcb9dc7426cd1cd1b04c18e583087,48c08821e1553944297c56e9b3c9553255b3f79c093c00abf3dc9fd23e039943,5
checkpoints/element/trial_1201_RTC_S06_B001.mat,76b091540f8def484943a84357c566e4f79e71f6738746421e3a1b89be527d3c,ca0b9d8fc5652563bbb5a01dea9119b982718b23dedb7ea5db34d78c0c3b27db,5
checkpoints/element/trial_1202_RTC_S06_B002.mat,16166956c4bdfdcbeefe31b9242535fa6c553befce8a0f60fc435a42734dbecb,526b58a94c08c81f458ff8e4bc799e1efd2057e30e42f44b227684047e499f3f,5
checkpoints/element/trial_1203_RTC_S06_B003.mat,4843f8cdbacba8f7bf05f43caec6706bbcde8f81eab2c2b0ddac0e956fae5952,b94ea73bcf924e9a78d9d2f9c819f5a8de6f929396992b05cf2767e04695afc8,5
checkpoints/element/trial_1204_RTC_S06_B004.mat,221e514c117a84a43c8413ed22a7928452b8f7d9ec99c84a57f411f115054bcb,3cbf694fdae59604ce3caed988a57ae685b4fdabf9a659db42ad49cc80586874,5
checkpoints/element/trial_1205_RTC_S06_B005.mat,c481678fc93288bfd028d9c7d5fa9b6276c464d92b931217deac4836e2326498,88de0b940eb1e8da434c4df9f750c5b99ecdcad55ad02e55e92d46e3758dec94,5
checkpoints/element/trial_1206_RTC_S06_B006.mat,4f428f1a549aff35617d13e3ed8a259ab929cbad64f42bd750af660fc4be6c8d,7cf105fc0b1dea725ca3c0cf70139b84412a275c498d33a16e3c56d9c9249ece,5
checkpoints/element/trial_1207_RTC_S06_B007.mat,5d319be2bbe924dec67b8fc7e068332ec02aa0b930dd434d74438b0f414d5ec3,31da086ce1bccf802f3b144e4c7db62f18bc7d18fc987a7b1a2ee139e4e69c79,5
checkpoints/element/trial_1208_RTC_S06_B008.mat,f84a3a1ee52a06a6440b67c6ec60c96c8cbb1046628849cf220ee38151a78584,6aca9ff92b4b68b399c25c11814b365b687eee26c3de85252f88fa35af0c9e33,5
checkpoints/element/trial_1209_RTC_S06_B009.mat,0c2ad78f89a8e064559cc39e7c749e20eb44d4a4ff63a3613cb3a11282d46fdb,cd5d37bbf8e6a45c761bf3c59a542f57585f375e3831d7ed99d3cabb128368c7,5
checkpoints/element/trial_1210_RTC_S06_B010.mat,293902aca9041ae1cd2dacd678e03f06ad0be03639fcbec05fcc9e6b272b8ff4,a7d46ce01649412f13ad9d1a1fc2de5a5b5118845c37f7cb05a93877eff2e210,5
checkpoints/element/trial_1211_RTC_S06_B011.mat,3ba64c1048b7664531f7ce10d90a58cdb6a4d6a1185bf1a6e5d757e73620bc74,09e72d18f58e0408d7cc0deac7937f9c6004eb891c7a91c668a1153e503218c5,5
checkpoints/element/trial_1212_RTC_S06_B012.mat,26ffefc232628dc01d4eccce11c985bcfa6a822762f08891688423ede9bd2f30,850b78cd1ca15265c938c5dbcbe1fcc5966ebdeb9bc1659787f811f7186cbf75,5
checkpoints/element/trial_1213_RTC_S06_B013.mat,c7365806b8683fe4bda589c92ad85465f185b72452ceabbe4d93fd3c15ea7993,95d4009ada9a7ff2d5f6ba427d6f5ddb2dd4b1d19751779621e96088e54fe9a1,5
checkpoints/element/trial_1214_RTC_S06_B014.mat,e8bc0726deb7700a4868e94a0dbaab5fd5df0be8b6dda9bc37e7e1592ec2fa27,0d6ae14e1b55d96bcbd7d6f5d9be9d10c019e58dd1bf3b34335e02aafc00d12d,5
checkpoints/element/trial_1215_RTC_S06_B015.mat,808f8fa5252a4c88aec96a5c1053bf62c3f9d815a334b42d64ddfafd86a8ac43,a3308e672e94a02f2e28204fd12e15445506cfd96da71645e1c6dce1b56a43a2,5
checkpoints/element/trial_1216_RTC_S06_B016.mat,894ac455b79ad03d6bef5312b1071202fb512c5a4c8417dc5dbf073e82c73081,2b31cd6b4f6b64927d8f3d08bd5d911f641b6430ea6a0986ba546c92493c8741,5
checkpoints/element/trial_1217_RTC_S06_B017.mat,038cade12ea39376ab13b4779690c93623f850d423fafce075a06c72eccf1cf2,28d95128af7da6d0e0f127346483930702d344b37a9836d3813e1307b83e5940,5
checkpoints/element/trial_1218_RTC_S06_B018.mat,38e8cd6e53d46e62efed49a5b3b33abbcd93a2ba268e7cacb270dd73f2bc742a,8c8ef8d6ea27d32d21554b8457aca192aa473234265a101fd6422e5d3ed85ca2,5
checkpoints/element/trial_1219_RTC_S06_B019.mat,1944cc4f55c84bfca65dccd31df8d6065a0411c34bb2744a4498bd2523b2f459,7090cb9567512df4111d6a81d51a501ab2ee40205074a94db381f8997703d151,5
checkpoints/element/trial_1220_RTC_S06_B020.mat,51e8769495a03859ce195da426b0a14fd808c5534289320a9546d607cf504d44,944c6e7a29ca7a15b232ddcfcaca1a4459fd25e52743651c204ff3480434c098,5
checkpoints/element/trial_1221_RTC_S06_B021.mat,7e4450a38a38fd7c08a78e589be0bf473487fa4f071236ed07522dd30687a9ee,7a324a9d0c50e4c8382196013ddbe463c5af03af778a3d7f7513b9ef87492d84,5
checkpoints/element/trial_1222_RTC_S06_B022.mat,71e75eefce8bbb9666f37b831e983f02b8e3d4657cd9fc851a291d50f2764eff,e9665d78004ef60c9713c319256a20034f957a21d22e6514129398ea6d04ca02,5
checkpoints/element/trial_1223_RTC_S06_B023.mat,39847994ce4e7e3c01a8af06247397387f4c497b8741a793ee0ba0db5ddb0717,ea24957fa65c35b6b18278746f52c2adfd475301c255393a5ea86e486ede356b,5
checkpoints/element/trial_1224_RTC_S06_B024.mat,08edd5b8d9ed469a4f608c22cbc5e05a1e80a389d13ca99347816431e1dfa7e4,a9a381918bf42a17eb5e57cab0eb17733aa47b7e3885ef26b9fbce720ac86e06,5
checkpoints/element/trial_1225_RTC_S06_B025.mat,98293514283c05941e0589931c76299045eb580d085d2f70f9a28ef90dff8daa,4fa9e575b8d4e4bb5570f33ee31ca78364f2a816362723b6837f9905260e6a01,5
checkpoints/element/trial_1226_RTC_S06_B026.mat,970deb1404ba3485f646b4f419f543b57ecec56ad99ffd0a730e855cfca8da81,e68272efcd11e061d4064d3affd54a1148ee27c788e8780c84772ebe34a751a3,5
checkpoints/element/trial_1227_RTC_S06_B027.mat,9fc64969e4972e038a2225df2de8f87a4cec2b39f6230b945639f915d0f94986,d1776d0008f57ceab0a1e05497d2c7a583ddd91097a752681fa14677472c19bd,5
checkpoints/element/trial_1228_RTC_S06_B028.mat,b713e8797e0c48dacf7712cf596599be9e1ad448b7a76b951be57a6ad5683302,4b295967a63eace2e8c696cda0727376d5ef612f7f14fe7bad4955fa81432a70,5
checkpoints/element/trial_1229_RTC_S06_B029.mat,1e44e195f3a3a01a23f87b96c3b9b5568a1bbd91c6da9eb483b2e03fad66c354,e8132af9bd98a99eca9931ebbcc9342049c6b24a3406c3b227b2cc72a4884baa,5
checkpoints/element/trial_1230_RTC_S06_B030.mat,79e6825e8431099b81aa6444ad5efa45e6b894cb6f6e134108b0d330a460686e,fb283db523629c7d0678d8f12c443c73ed206ac92f030f7cde5c5c44856f59c3,5
checkpoints/element/trial_1231_RTC_S06_B031.mat,5c603bf95560435ac1de90c995130d7a2f9d48d6238540d771965b2e0dfb9ccd,54476070d37d60edae46d33e6ebe58ae7b81ec7aea1afe2f38b897a639e425a9,5
checkpoints/element/trial_1232_RTC_S06_B032.mat,b64314acd10cce6c12bfb7a14aeeba10d6492202d5f9938f4607270ca766c504,a93f7ef249d0551c29a44138fbe37879899cb84b6c85b4ee49cd7bdc436ea553,5
checkpoints/element/trial_1233_RTC_S06_B033.mat,291c2d1c02e6d0423a37b9ed94c59227b4c29191727dd78c83576dfd0e847996,8704622bb8d3d5afb17b314f6e0aa53f04b21197cf8d5a061317bd733d0c564a,5
checkpoints/element/trial_1234_RTC_S06_B034.mat,006625047c0ce9670c52debac69d41e3fcb082f5a4d6b7cd0972dfb606c3d71d,c54066b433b9627d9105cb3db35d019baf0c4cfefa0c96ed1917f43921e68d84,5
checkpoints/element/trial_1235_RTC_S06_B035.mat,1fdd7380e5c134a2e420e0e61125e1a179ec1d5f61b2e2034254c9b1a5956f31,f6a97dcf1b0ae2960bc5926265af919179907cb71a7cd143666b28a6ae2231f1,5
checkpoints/element/trial_1236_RTC_S06_B036.mat,8b06f463799d0b8272f8a68dda5381b76f3e5f1d8b87e3e2997f59caa25e8218,0e03e6b830f3513f180517c2c221ea0f6045e351fa3734c051bd618d8207423d,5
checkpoints/element/trial_1237_RTC_S06_B037.mat,0472828f7016644238f043c4e011435396b7655ab090aee365cfaa340466d5d5,72dc9b4d30acb772e7a0d9e0eed3c986b65cdc6928db4516e7d59f94583ab4bb,5
checkpoints/element/trial_1238_RTC_S06_B038.mat,a8dd4deea4274c55f83d285bed46988c6554ead736d1e2147598b40377ee945a,534a6d35961b5c217f7f7a0410239773460dbbc64a307353f030654e3a739b1d,5
checkpoints/element/trial_1239_RTC_S06_B039.mat,0a93abffd86f0802f19bc8e048f7929732719f4f32982da461b1e402d1287634,7e3b81e749b70f4635d58f7cc1c96feb5dc2262e9d1166e536d3fcb0e137f943,5
checkpoints/element/trial_1240_RTC_S06_B040.mat,293fb5c1c77ceeacc6b5d1342d579a1b439efb19ba15964f996bf48a9bb5a8d9,f4beb90b38aac60362dd8d9d4033bda583bd86526137426847bb51b5da3837ed,5
checkpoints/element/trial_1241_RTC_S06_B041.mat,4fb32b2f75b07114595104a0e19e399ca071f79ad3e54ef95f0b867ff3253d2d,33b1832d0b2ab04bc91f9ae1141473cd4d4a25beb27476d4505da0bcdba413c6,5
checkpoints/element/trial_1242_RTC_S06_B042.mat,bc5ad44132b413b8a03275a250a283ee211e5b9f17b8b6545605e03e77e27d87,70b012126922dd4153207aa8d5098f342b7e3d13ea6a7f2d966cc593fe3fe594,5
checkpoints/element/trial_1243_RTC_S06_B043.mat,2ec4acddd9caaddeeed89024c806dcb06a07faa3e28c3911aa75fb283a6850d7,35e3da78ebf18c11c5c65b4f0dcc4def155711caf82c9938b1fa339a7b0b94e3,5
checkpoints/element/trial_1244_RTC_S06_B044.mat,3439e3e2c25d462cce1710b282c8be6f0d2e406dd37c986f333ae4f5959fb65e,1ff03070d133735e214b4ee1dca1c3f2032c72dd51458ad274d5cc64282ab629,5
checkpoints/element/trial_1245_RTC_S06_B045.mat,f1a0a50194b3ed325a652ae4df36a27c6007d0570cdd31d85ec922252ef81ed8,33dd17274e2f4dc266aa638625cf419f9f17255bed5e54e46ef71e498f0af5ae,5
checkpoints/element/trial_1246_RTC_S06_B046.mat,1a1c85be524c1f6baab48551937a0c42dc8e61d22186b403f21bfeb85d1c8f48,be7ec5ec397f0e43f8e5be488ba4064accd2fad742a74a9043b7d4bc97be5e68,5
checkpoints/element/trial_1247_RTC_S06_B047.mat,ff5314420fe6387733b9a37c73f3f0be3cd113cee5f59ac809fb0e0680060100,098aa9463f5f4bd353720a949c4ceca732601b7545315a990a70bd7cef87c665,5
checkpoints/element/trial_1248_RTC_S06_B048.mat,7a9e84e095020bbb04116f4fd8a29b8cdbfbca2005f139b00edb05ed5be3d217,22e8f9c25256d143db254a28d12b5f99df7d6cea69af0b81ac23ad504aef3390,5
checkpoints/element/trial_1249_RTC_S06_B049.mat,f6388aaf08b3054267d83d2c76ca95346c083caafdec58d46b6e9ac5be06f2f0,63bb74cb94520093bbf1f951c23a2712c332371eb2e6aa0f2bede8a3d5d284ca,5
checkpoints/element/trial_1250_RTC_S06_B050.mat,83559310aff84b0db5ca8c95faf968fe41916141b3c8b18bd03722afa3f8d1e4,8b2e621850f19d733795e417f6601f46580c50f3b1ba0d9d1c0d36a37c8ce6ee,5
checkpoints/element/trial_1251_RTC_S06_B051.mat,970356639c29d61a4b0ed3236fd7c26086ed52a435368f4b868e7bab08c131fb,d0d86a8e7e6934c7ccd17c0e2f46da3ccf1ede1c2ed37d319598ddaf508e6805,5
checkpoints/element/trial_1252_RTC_S06_B052.mat,57d1eab09777d55b4fb9adc8f2eb997248702fa2dc959f7b568d85d12f00810b,2d859e7f0ce411ca8f8ec526291a828ebf424ad5e43c8f8ff66b74abfbb97ee1,5
checkpoints/element/trial_1253_RTC_S06_B053.mat,5862560f5a2256ea23464178630be9ca6ca7fab175e1d41e892b3ded127a7e18,59b5b23c22abe1a8745090ed1afe12855d3c97ee49d0bb92da08ba46bf7d048e,5
checkpoints/element/trial_1254_RTC_S06_B054.mat,4f9f3a7e21f998e17f0b9a7359b29d10eb670e915207540e5301b4a6b63253b4,346aadee7c9f1aa9e8133f66e2098493b362b8062dc512af9a8da9a1988e041c,5
checkpoints/element/trial_1255_RTC_S06_B055.mat,bcbecd9edd1106500416f0aabf70715f42d4bd44e3d0af8a742e1034cac77c19,ab4e1f297bb12e1a0f3760443b22551eb360cbd902ac7a70de0f14f11a6f041b,5
checkpoints/element/trial_1256_RTC_S06_B056.mat,591f6142ddae39edc0910f86f982d78d631fcf8ccd82bb3e21122b47ab1cf554,5294130217347eccb0e2f3cd2d6425179e3407ee1d0e4f61f7ef1d0e3545e0f4,5
checkpoints/element/trial_1257_RTC_S06_B057.mat,d2015782eeb54c1b110a63a6f48d64b4a18bad4ca9dce28b674b519c7975be5b,51d3e56f4820d5a952539ce6a697f07f13769bbc3a63abe3c8644f6128af2c56,5
checkpoints/element/trial_1258_RTC_S06_B058.mat,28836def282bfb6610751ae446f64132ac3ff861de1ac568334cc29675ce9018,3a105d290c45b056389b0673e4fbf3a4225c7785a9778f0973612975da829a12,5
checkpoints/element/trial_1259_RTC_S06_B059.mat,d47795f4e48f1fade1685290f62b0ee0092bb089666bb66d8af1ae7f079f10cf,eb287553b8bcbfdc5c3e43be6b34ec4af34e79e28ebc8e85ef0718bc4e7be68b,5
checkpoints/element/trial_1260_RTC_S06_B060.mat,ac12779b616f50ccaa4a065506dd0369ba6e1e7eca5d982c5147137e869cbce1,2ba7804957968eec31b4923e5fd1cd79068f2d43710f4bc02ffd6b57ca7de2c2,5
checkpoints/element/trial_1261_RTC_S06_B061.mat,f2095420ce9062320c2199b846dc1abc5960f141e33530ae8743979f26435d76,86f89384b56b2dac52126c1879ba4c208059b09b55dfbbb5bcaa9e1c7c1f65ab,5
checkpoints/element/trial_1262_RTC_S06_B062.mat,09b9919894e812502abf0bfc3c0d40b6f362c277d05a57efc95f263bba6b7d85,8c9c0693f81b0344d33d83d46b74d44bd41f7ca74ab57606c12c8d5bf260e2e7,5
checkpoints/element/trial_1263_RTC_S06_B063.mat,7ea073cfeb640c6e15d3bed027d880e14b1599ce4b157e3a2be94a80b374a66d,63afcd8cb946bfe2637196037275b5760d8817329ac66bfef29b78088eae4e33,5
checkpoints/element/trial_1264_RTC_S06_B064.mat,7346c269695bbe8a2eeada4b4299838aa05802c39c49465b97793435b0a83561,0b1e90439f46d4374d5723a72b57c9ae2f233985d573d3178426803319542922,5
checkpoints/element/trial_1265_RTC_S06_B065.mat,0b1295c39bd21826d17518f0bc5b26118684117b2d967a303a2399ab6f27201b,a54a95cb97ddcfb87e3bf7c3542676cd4ecf2476a7198771267b129683def163,5
checkpoints/element/trial_1266_RTC_S06_B066.mat,ca722226b30f242562fc39b999a6c3a6811e8ac999b4c567fa959f1ede49af31,427cd8da7285cd78e9a8fa485c9f6c58ec86c501ea0e05f1a5f27ee261cd6e87,5
checkpoints/element/trial_1267_RTC_S06_B067.mat,f393488cdb2dca06110dd9506641f2df434b29a645dc2ce35894d90e60e246bf,b60db35a925ca3afb56d1226e3309260cbe01cdf82ccad0e8b41109da470743d,5
checkpoints/element/trial_1268_RTC_S06_B068.mat,9326e034b3376f0428132728086af8808afae4cc7043457f04c446403ea330ff,ccbf36be2e7a2c7ef634cfe588c9cb238a8e56ec635ecd296d15baad73deaef7,5
checkpoints/element/trial_1269_RTC_S06_B069.mat,13080695f5c13b5750a3d02cf822ebb985fc36e9cd4f28a2c7f7a50b6364984b,31f4463ea9698095a3b8ad7cbce7da467095c0d58439cca48ee9acde03134ced,5
checkpoints/element/trial_1270_RTC_S06_B070.mat,d9305a7b97f5e9d3b57979ce08cfbc92cd25da11510a916e3fd59bb598c60d30,2142688169861a0d01d49ec4c8520ca06b64a0609d7520e8ffb501ea3222b8f5,5
checkpoints/element/trial_1271_RTC_S06_B071.mat,729131c2edc60d3a8b3760e20e31652f38718aaa77cc22a8decd0ec834601966,a21f676861db4a940811a68dc5956d802ec7e1af21db6dff62cbf3984cd602a4,5
checkpoints/element/trial_1272_RTC_S06_B072.mat,d13221e7f7d6e876364321ce4e76005ec6f1cd3cf8f16569afb13416faf6ae0f,5ec5fdd99df41f7430d981a175fcd67b04e93277bd1917aecea77375a2147c10,5
checkpoints/element/trial_1273_RTC_S06_B073.mat,9deac8b05092d34ebf9b6f478f7e7e8636095d46c8c38ec6acc665ca64df09f0,17befe88469a5b06dbf6553eff7714d3da11557c9c8bc128f8d80aae185f80b7,5
checkpoints/element/trial_1274_RTC_S06_B074.mat,98eb82513d96c5aded771bffe178f4c55a9f683f30de520d7bb35abca78c4bcf,cf872e9c243664f5230fd10b29e31ee88a17289ca9e0ebbadeb3d5d26b5b86ee,5
checkpoints/element/trial_1275_RTC_S06_B075.mat,67d93efc9873bf7d787b99e8e5373517949b859a72d1075fac02845ecf94eaae,7bbcce76fac269aa3b957d2977f46974996ccc9f3b759d5b755bcf088f40d4bb,5
checkpoints/element/trial_1276_RTC_S06_B076.mat,43d6af695b3b8c9d463053492b392a29a6b8f41d10e0c5e58ea61729c562558e,450ddc306d7cf33dd8468f6b37d7a51c267b766f7cca32d18d4253d6d35d30b3,5
checkpoints/element/trial_1277_RTC_S06_B077.mat,37719d4db7dcbf677a1eade9e0c356f0787665148de41be9276aa3cecf5747d9,134df6d9c9fa3d78d1db7ae7495c15d5fd33ded41770062d5b66b03101f52c3a,5
checkpoints/element/trial_1278_RTC_S06_B078.mat,52a030a11a4203abc53e9882941fa22ca23580097d3646c5f8bd16354c8e8c1c,b67990a5fda1caad6f15b2446c796d77ac466dad5d7a20a7813230c0b0f83668,5
checkpoints/element/trial_1279_RTC_S06_B079.mat,c7176b70a8a62fa7874211f5ea2277712fa8d951452582c13d1b7007276be41a,7e96cf9f05b9e6a78801fae172efa8833a49e3f56d6f6aec2e224848383b13db,5
checkpoints/element/trial_1280_RTC_S06_B080.mat,77f406f53fa107fed8d56eb85eb4cfd1f213c5d2bc1c07e928cf48ad63a1c00b,631649e8ab65b918955e61604baff653051258ab1d071ccc4560a85fd78aeab3,5
checkpoints/element/trial_1281_RTC_S06_B081.mat,f607223e78a797daf8d5fe0037fb162ccb92d965b095cac5d0874ec1e16f88c9,231d7dc2984a7dc2a78cb6c44414bb20e56a8e8bffdbba5712a143dca8c1270e,5
checkpoints/element/trial_1282_RTC_S06_B082.mat,780d687b36f7c7d3f17a61ff40450be6d2abb390297c8846f35ed2758f70ef5e,55f395e47d2a8512bc19c4e104c06e4c9c3aa796942e3270cae0ba6c8846cfd6,5
checkpoints/element/trial_1283_RTC_S06_B083.mat,2c5ec35c9c5d2d765e12414cd5891d800043a1dc55d605ad379561365b9609e9,c5f9c7eaaa258f7ccf62b0fda91ee33878b176ef66c0bc44266ae625f86ef73e,5
checkpoints/element/trial_1284_RTC_S06_B084.mat,da08f07daaba76828e204267c7b12b6802d9bc691cdda17a4da98ca74d76d688,bfdb7111ee6685a8e71c1cba3490ec9b41dfefdb64048689e5857c0731edaf5d,5
checkpoints/element/trial_1285_RTC_S06_B085.mat,f89d574d3344ef71ca43cda43f39619ae087a0a21f05a898ff97ee672014eb36,c7b8d264bc02843dee558bd98d44de03f200ee12214cea603ef3e85d16ecc5db,5
checkpoints/element/trial_1286_RTC_S06_B086.mat,6a9be3474f62d3ac7d76f544e7d87ea8964282e94c32aabce8937bb11775ab8d,5de143d1a89d2915011fcbcc68d279fd610c88478654c2365924cd8c0705948d,5
checkpoints/element/trial_1287_RTC_S06_B087.mat,460bcd13be30d8c9d9f1aee08d755103a77d63930f9f351743d73d719ab102bd,3c4da05eec4c6468dac005e66abd3a0ec9610223baaa95fc7ab6ec9bc69543e4,5
checkpoints/element/trial_1288_RTC_S06_B088.mat,3a3cdadc1535ee5ba5fc251bb77f90c769783a94ba0a48730bd75f4992fc607a,5c171819f5b7e3f1a6d8a282731d820ae6947e6b22aa397d328c03f6718327c8,5
checkpoints/element/trial_1289_RTC_S06_B089.mat,1a40599cc790aecc7ba0f41357ad7b92648350d72cd6b3de6bb281a98a329b20,18ebf12eeb6e6ada970e0ce1e5fc02779ecc7bfcb4487b7358e928f9d8ca9491,5
checkpoints/element/trial_1290_RTC_S06_B090.mat,fe6a764e85506085cc67a3367ded94e492e57d61e0046a30f25d1a591b81b87c,faed0b1591a3baacf0a1ff286d3af088989d218214ddf337d75a19c4564b2f6a,5
checkpoints/element/trial_1291_RTC_S06_B091.mat,9d6efcb6ddd5cbf11f27b44a0a95c3bb4e1f2ebb38a0f41cfe1646fc83d61741,37caf9a0cc1b9fcd197ff8c82485108b29a3e522b1e63a98ba573feda2d06a25,5
checkpoints/element/trial_1292_RTC_S06_B092.mat,aa27f2e65ac4640e352eccd9c1ced5f4f3edfaa89e32a3a319bbb378a60aa5f4,a59e47df0278d1f3475b51618ef926ece5b9cfc404b66e391a5acc85f1b070d0,5
checkpoints/element/trial_1293_RTC_S06_B093.mat,d9cd4272aa47a270a03fb492e289d37e38c6a22f963c8a746a1cfa19bbfb6752,4106b922dabd7909fbbcdaa3c05d90e22418fcac81a84f54566a1fe61a4fa151,5
checkpoints/element/trial_1294_RTC_S06_B094.mat,3b812de1e6f7548229f1a13f078d8032d3b133569fefb517d2168f7944406018,0e3bd6ae7e34db4ad69150acf22cb13416a730c3a4d062e2665ab0ad2bf369a1,5
checkpoints/element/trial_1295_RTC_S06_B095.mat,ad51b746a7f01b15182b5ddcbbd185a176037f87c9ec929f11bd150f39ba785b,3802fc8d7fe3c82af2df98a17b4620df082873bb35afdefccecf77962e7474c5,5
checkpoints/element/trial_1296_RTC_S06_B096.mat,d3dac1090dde409b0f54021020f8abad0dcc7eb1527b44f2815c073bc0c03e21,837cce369e881cc7025d4234368c82ca2a5350dd952761288ce27396fc8dcbbd,5
checkpoints/element/trial_1297_RTC_S06_B097.mat,be5def92ec54dd4ae94b09d22e53cbcada36f75f86ee75d196da74cf09e554fa,b35a48d7d98f8e1076ad96c19218f92d502448a1ac53ad0bd4e14f27dec48ac5,5
checkpoints/element/trial_1298_RTC_S06_B098.mat,b2197d9d834cd2b1a40e1af08c73dc533fd7602c40a67ba0921d4ff7efd1811f,c0a28b5e565380b2aed0b6022233b2c9e6d91bedc2568a731c1e35ad6c2f502b,5
checkpoints/element/trial_1299_RTC_S06_B099.mat,34a718077b64f230644b4d5853c03f9100d57950a04c6c494db7df3569cb7397,935775082be09bc487e3b05e3ffd7b31941b370827c3a29316d6b9d58e83ed2f,5
checkpoints/element/trial_1300_RTC_S06_B100.mat,103d4d6dcfd4512a0ae5acc6ddd7fd8c44b4b2fcf4a1a0777cda5b669d50a421,21bfae2539068015ab274b2a9f924ecddc992d99a69f6f691d88a24d4275cff2,5
checkpoints/element/trial_1301_RTC_S06_B101.mat,32ef7f7e375cfce6326d47ac1e14d0fb7e2bd478f8edee7dc9231cf925140577,1e2ab9bf6a03e4a275586ec085dbb3a8f030f2c7afa2429333eb292c9a3cf208,5
checkpoints/element/trial_1302_RTC_S06_B102.mat,a1f2b52e4cfb5fe86f86590e6fafca408f54d36faa9d0d48c098f6e5751a3aed,139dd7b7b51007790b3ce99ff0ac5dba7050a7d240f09143453957c7fd7c53d6,5
checkpoints/element/trial_1303_RTC_S06_B103.mat,452d2ae1b515e4e5d5e2fa77de48ed038d1aafde68f275be5cac4bdda728ec08,69cbe2c262fdb72a2b3712c894c15f3099206134d46bb62adfd070175b065172,5
checkpoints/element/trial_1304_RTC_S06_B104.mat,deef2d81e57a475dd9636e404f857df62e74d496cc8edbd8eea9e7bc965d773c,069cbe69d87dbc059a5fb97473753d24a0eff2b9678d954338acc279ccbec73b,5
checkpoints/element/trial_1305_RTC_S06_B105.mat,b875b98a936d50e0dd996b67ce6c169377dc24519dfc898e023f2d32def136b0,168044fc5ab4d2d58931f17e67955f3a3af6d00919fe368433368adb14ddaaa1,5
checkpoints/element/trial_1306_RTC_S06_B106.mat,1337193dc76e14e4e5d0acb31245a2b410f4f2324e6f2311a2508555b7af6ffe,163e0f755d58bff1a92b15548d8ae9f710b264fc7c99c729ec0f24cb2c892957,5
checkpoints/element/trial_1307_RTC_S06_B107.mat,f9275795a143242099315bacf9dad8db0d99bd5bd426fcf96e8ee3cf8e9c2782,e0627e02933367d92983cec806966c68fc0d15843675f8ea4680da9f82b198ab,5
checkpoints/element/trial_1308_RTC_S06_B108.mat,85a2d45b9e1ea611b668907a9aba166765b80b6d52f52de2e5afad1b1771c303,c169bea3bc70b204c836ec97592429b3d12ba5a0d4e4dfdf7eccf84b27010529,5
checkpoints/element/trial_1309_RTC_S06_B109.mat,a719a1421a60f66041463c3ad7a5b41557b7d042ff15b4c571457701a0bfec73,f35a7e58e83e5d86380f9d5952984f069d089a0a32ed593ca319d78b98d0c7c6,5
checkpoints/element/trial_1310_RTC_S06_B110.mat,c2c8f26efea5f0c11b151a9302955e7513b3ebfc34acef848740053b06477121,e8ff09d42a04d09f18998f5eceac6c5f1d2f06da6a125e7ce4fc5f09f97af4ba,5
checkpoints/element/trial_1311_RTC_S06_B111.mat,9d4ba1e9b6ea58035fcbaa86ce215bb97921936a3392b4414fa905a5db24887e,a64f9138c7f24060c3822577015d9124fd7e95880934fe7213f1b37071c36f54,5
checkpoints/element/trial_1312_RTC_S06_B112.mat,5b4d4d48430c9b21db681481e229897a5db4160b90ad19f25c598d365ee1d635,2245774c70a071b243d0b4ed3e27a477d974c97f4951841d1c9f6a07350dd06e,5
checkpoints/element/trial_1313_RTC_S06_B113.mat,37ed8aad184060475e342288e1595073f7f262ae689bf99969c3d85346796884,600ef77de3a86cf07471b75126cdf7f2166c70bd48e6a8d629f1f27d2a65a970,5
checkpoints/element/trial_1314_RTC_S06_B114.mat,c744aa6f7e481beaee9ee38c3c205209a839df53b84518eeb8c0d67d0f9cfac7,caac855acd915cac1a25804b0b7e7f5081b3a87ec5b52a590d5ced51e508717d,5
checkpoints/element/trial_1315_RTC_S06_B115.mat,ed962b3d6b6af7d7236d13acfb97ead08f4a731080b1da8b15934b54757b1f41,797eb66b5cd05ba0063b0dd474855af91fd25a2e0184001335fe277c7ab9236f,5
checkpoints/element/trial_1316_RTC_S06_B116.mat,5056b77c20b37187aea9a0e85e01396065e46ea49fee4ca6342e49f6c0e8d707,954c718e3655fd0cd6cfefcffd4f9c68e7d7c6286f8ff0caaebbfc5697eb184e,5
checkpoints/element/trial_1317_RTC_S06_B117.mat,86eae40f1fe74393deda0264d0b564baad271ac80825f00a9afd001c619e67ab,5c9b70705e98dc8de483d10326c80a072028c33cd775876c9363cf3ed3a68d5d,5
checkpoints/element/trial_1318_RTC_S06_B118.mat,4e72b375bb50efbb2c681af2c4fc4d3d6b85e68c2056da0a8baf67fb3e725874,ea9cf6f05c310314d1c27edc64986d354639f126a46a815a91d5d75105d5671e,5
checkpoints/element/trial_1319_RTC_S06_B119.mat,dcb85bd884fd8e5cf6d060726e75f1956981729961938ea584cd5f7d4a70472f,5212d5acfdae9e8a42f7f2633e2db73f72a253bc37e0eafd4399431cd45c6978,5
checkpoints/element/trial_1320_RTC_S06_B120.mat,83dbb7b495670709107eeecebeb6b05a2f49b16cf2f5ba8f43879ee91ab67165,bb0b47fb244e01692230f220f15afbdfcf2640b20431c3d6ee6f8211109ea342,5
checkpoints/element/trial_1321_RTC_S06_B121.mat,16b7493d9588201bd33112ab8b83de8b54e6d72aee236027ced3d1733cfbd0c2,1c29d687653bb37878a7f9968bd8e1eeae2e7045015e1a54b8de600fe721847c,5
checkpoints/element/trial_1322_RTC_S06_B122.mat,3fc657c0450ab4822cf8a11bf97584f6452447af42279539a7bcdb3271ac7ada,fdd21a913e356b5caf4a3b78fa98265626df08d50d14429fb790e626820a641f,5
checkpoints/element/trial_1323_RTC_S06_B123.mat,a6c09b7d26b47163903c9f16390c5df81d1da019399f640c9baf273dbab2b3ee,6d4cb9408fd17f0f5cac4db3c83a363236363beccf075a4a9cb83511459ce3c7,5
checkpoints/element/trial_1324_RTC_S06_B124.mat,5ba3018c02c9bed52f0ef4946550ccad9e306ab48b121008c7f418aa97e49067,293d57b3d3ee2b5fa9fa2c2080c5528343e1c9dd73ddd04d861f5b82a0bddeeb,5
checkpoints/element/trial_1325_RTC_S06_B125.mat,128b87a513436025ac3733ae669270d6f94d8e054401f70ea43dd7574de1d855,4982f46e5ceb100b71136a17eda6ce92f8e6278254916fbb77acfc321e899889,5
checkpoints/element/trial_1326_RTC_S06_B126.mat,7b73a72f9c01c7d2da27323cc628a627aa80be9cd27994c7e544a380b0f1529f,00c3714c19e7c0c214b7a842d746c9527389ac713d8a3ec3ef64b568cf6c6896,5
checkpoints/element/trial_1327_RTC_S06_B127.mat,db2cd0f975c125a10a5dcc139f47d4ea9ec120f5370e9a8f7a4b7b7502114471,cdca371a0d4f877921160d79b9c39f6a9e2151f8d8d64fd45a0b55a3337637eb,5
checkpoints/element/trial_1328_RTC_S06_B128.mat,829f0e2d43fe3efc5e92040392ac1dcfb031d4c818e275a87ed8ebbf45cdcf85,8255364e3370177a0ee241ce25a1309badff5ed34cbd8994832a5b9299175b03,5
checkpoints/element/trial_1329_RTC_S06_B129.mat,9e9048e9f35acc32cbe3827028a5aedb00beac93d69967c7e9e29f6bbe35be04,870d010b216f0c5db7026b54e0de2213aed37c2ae5920fa63a02b2256356d1a6,5
checkpoints/element/trial_1330_RTC_S06_B130.mat,b70eab037d472b7d086363de5d964d902df906b07f7030aefd0ebc71ea9bca25,7d180dda0ada8e4c8f65c7789a10db4a6169f95082a394fe3364ae431aaad921,5
checkpoints/element/trial_1331_RTC_S06_B131.mat,6932ff5c9cde3e98cfbaef79e0ae64ebd0b953928a2df2ddc86556348fb32e91,0f6032b1cb5d75aeac009d1d1d6c2e567cee61d083448e881dde843cc033d813,5
checkpoints/element/trial_1332_RTC_S06_B132.mat,c9f47c99f1bac9bc84851d944faefef0e5cd952cb2ed526aa7b296534c4d42ad,7015b4e8c0a82994d37f9491600e733b3cfc75f734adec287e9656b066d587fd,5
checkpoints/element/trial_1333_RTC_S06_B133.mat,b16c2da6cd210005ae4c7bb2cf81572c824309a1a3864418b4b52ff5ebfd7895,edc5828e83bdd3ecdeb59745896b9d157eeb394a1528bd9d61533c291449ba6b,5
checkpoints/element/trial_1334_RTC_S06_B134.mat,551fd6cb58b3a140d9e240764d500a1e8f07789cb6bd73c65f3a2ef2405f0fc1,039c00e3f63a92eea3defd9c2216d4b53af4dbf0b95a0cc5095a87dcfd85feb8,5
checkpoints/element/trial_1335_RTC_S06_B135.mat,696a88c86586db15b95a851b1cf5e323f836dc765cd1a9c40c395948465ddf85,923be51a495b0c9f2542d4262ac61d936a71c302bdce45ce2ecac98901dcead1,5
checkpoints/element/trial_1336_RTC_S06_B136.mat,c38d3058a256182cd0eee0eb03aab2a9b6c3c787003fb597d415c64bb5acc471,b012ab431bfd04c4f82ab398ece03a26d5d4621fcbc968af303db403dfb57fb0,5
checkpoints/element/trial_1337_RTC_S06_B137.mat,a7f92b2024b74ea9af65392de4cb9bcbb0cb66a1604b380ddfe158b969f54ac6,7023807ea8318aac3ca2500dbab2331b97af14cc65381872c639bc47560ffdcd,5
checkpoints/element/trial_1338_RTC_S06_B138.mat,a87c6875dac306323cf7053414b996495bfbb47a38d9c26bd122072d142698c1,d084cba0afe49ede359f2e02ddfb619896305bfec8b5a3a31c586f216a10f137,5
checkpoints/element/trial_1339_RTC_S06_B139.mat,b19838329cb88d5cd0da99e347ece5d99fc1028be72a7884ea46ffb75c17b97a,108b069368756f5765d15cceaca60c8f05d3aa06c92b1073d8da7f128c8c9c93,5
checkpoints/element/trial_1340_RTC_S06_B140.mat,da538f9ac30ab94fa75cb24e5d77e95a23e588a8d1b07e9436b7d06bd96ad3cc,0058fca5a653bf00b986f4edd4f69bb8edca748ad16d0ed08f86754ce9e0dfce,5
checkpoints/element/trial_1341_RTC_S06_B141.mat,5c42ba97dcc2e9510dfe903296702a3492db9b8bd885bd4d1a501755acf3e29c,5c4a1f44aa9b771df2b53eaf1c6c7cdb7c4b0f50e54b6a05a5f88ab6218fc5b8,5
checkpoints/element/trial_1342_RTC_S06_B142.mat,47d7a9a43739e0213a1d8504b50550ca3b160b6467a5f0da588f8b7170fcd86c,e83957de4e778f2a79aedaeb608bd4d8d8f64c51e7ae689ca0cf677ea8cae752,5
checkpoints/element/trial_1343_RTC_S06_B143.mat,e9e8fe46324706b61fc0198f219a20d1e405da153687f97b9f9579d00c43fa53,49217e56ca2c06ad47974915d24007fe003ff68183c3351894cd557cae91ae2b,5
checkpoints/element/trial_1344_RTC_S06_B144.mat,d42b111164f5a15d656055eae922de8d9a4c5db9d5362fb734fee96ab2598fa5,8a48c82e251c4d46a8f2b01872d4f4f8989eb429cab00a1e9e71b62543a2169b,5
checkpoints/element/trial_1345_RTC_S06_B145.mat,722710303cbd5f22b531a351754213b4811ecaebd89d5303a5209403d71d9be8,9d2595a2315f43620b8f31af8f1e493c35789cf7d44a9709349ebad17d21c1ed,5
checkpoints/element/trial_1346_RTC_S06_B146.mat,f53c8ba5d17446c7f22dd4db244d24be2f7562ad1ee5f58fedbd6f08e99888a6,2e1748b5f651b284a085aa434c570b572cbf2e6b8d12c91fed21aee0532cd92f,5
checkpoints/element/trial_1347_RTC_S06_B147.mat,f510e615edf2e0b09ae21aa3ea46e3caa967c9cba5afacc495a277173633d67b,2f7ed48855b38a05009e8e5265af42fc9d4f84e5a127fb2e12c134fdb07f75b1,5
checkpoints/element/trial_1348_RTC_S06_B148.mat,356fd2e177ff15f7799448760aedaab43e17d62eab55dbd9ecc8767d64122a0b,972215f88a2a8e0f14741ee97c5552c8fd2bf37f2cb5f81ef82a9b9aee55a1f2,5
checkpoints/element/trial_1349_RTC_S06_B149.mat,417ce67078c397eb1715bd3f234fbbfccc0519ff0971e856175dfd6576de81a0,0caa4ed832e8c0c2620e65d0bcd441a0f53f00c299960ef1160d7b34a2fc5696,5
checkpoints/element/trial_1350_RTC_S06_B150.mat,eaea241a7f65430066f2a7ca92ef0de4b6febbcdc2d92d7273164978849540b5,2fca06ea1aec1f6f540365ac20c187f6f76d1ae2d5de2f457ab39ebb06cbd5cf,5
checkpoints/element/trial_1351_RTC_S06_B151.mat,da9e4ef3a067030e300c1b5d6179bc8d7923bfe2590804ab09eccc4d5aface3b,3cd77d4225738a5ef4b36603d215a5234fc8c2b58d78c935398adfe814a19047,5
checkpoints/element/trial_1352_RTC_S06_B152.mat,4bb4047b2194d327a2381f10339d32162df14440b555e55c60e87f29a9db2ed6,8dfe63c3faf98d6ffd6331de9e1911a22baa5b7882e1c88c4f47c0d44d366bbf,5
checkpoints/element/trial_1353_RTC_S06_B153.mat,e92e96ef3d38141c53d62b9e7013075d7014bfb25165f4dd8dd1391a2684fb9f,edab1630dc19fc89edb7b5f96a33930c679d1ac0588bc09f1fdcf85151f47e7a,5
checkpoints/element/trial_1354_RTC_S06_B154.mat,f4892df203b253e79de3ad3a9636ca197371977f51d5067287225c30d2e3fb98,0bce6bc895aa98b4350dabd87d36ef85e643bd30396b8847af58baa39406a2cf,5
checkpoints/element/trial_1355_RTC_S06_B155.mat,2c48b0518fe6b9ced7622f8049415133f459b90ffeb4db673f1d2bc4c10044dc,03fe937b3db271ba1314a31c4b4f8be8e644fb06b631aca1e82bf021da1ee257,5
checkpoints/element/trial_1356_RTC_S06_B156.mat,8c3e9c6259fa1b708c70e44acb9382c536fe269b510252f5c56c252f60f00436,378b2c93ac5fc34031cdfc927e657c84aca8d0deed51493b6d42ff979b87cae6,5
checkpoints/element/trial_1357_RTC_S06_B157.mat,3d6f91a833e202a106d39bf5aaec74dd92a3d1b719b7317c939009cdd3344dc6,5a2ff72d7ee343a045cf417d55a172d9aa2715a246ba762a8b3f2c9ba378f9cf,5
checkpoints/element/trial_1358_RTC_S06_B158.mat,71cad7c7380556dcde3372a3cdaf3b4272acef49ac82997c26de0f22a2196c39,55c787204d2946f30d9101476e28af53b05f34af61c7a3ab4dfe535dfbff9c88,5
checkpoints/element/trial_1359_RTC_S06_B159.mat,d2d1c76ea5d58c18a54fc77fa856dfc574fa936c8edfad1ce887fda7ee37b6ca,ba081babd6f8a6cf7c26155f42a8b3a6308e3e4b10fdfb7e9617ce0667378409,5
checkpoints/element/trial_1360_RTC_S06_B160.mat,a21c09e7064170202d9e041eda41467c56f9e5baf27d4d23fefba750b324736c,476ae5d7de9bddf572a9ac1249fb4228924e70c5976e7f5f60917a1bc6558628,5
checkpoints/element/trial_1361_RTC_S06_B161.mat,0cd0600906bf1ed588079e57e6d1d486fe55fca4c5063999f3ded147483dea54,d272467d5be04b18aa8b34dae44b9294d7925822c11e909cf8301cb00bedf25c,5
checkpoints/element/trial_1362_RTC_S06_B162.mat,af56c40bf5b9ee3c41b075ff6564719f9c1362660ea94cd7492ac54d8eec3e9f,67e83f2ff74198682de833d204782918000b5dd53ca321e3d6fde8beed056d93,5
checkpoints/element/trial_1363_RTC_S06_B163.mat,7071ae43b8ef3664ade7677e76aabf69f57c9d3af54afcc873c5d58ef9fd09a4,ec304ee69496794f207e3e88e83d3d423d1fb7d14cc251a1d192baa13df9855d,5
checkpoints/element/trial_1364_RTC_S06_B164.mat,c206bfcc19e0c9b93e544d29e67d89bf3df054c46b5e96fa3c78d5b5eef7d2f2,f6708581972e815adddb10c2df1a20bbcf25ad2ca125f6903eef8641f026f978,5
checkpoints/element/trial_1365_RTC_S06_B165.mat,9fef4ff2a7a81b3a997a35ac20f26a2442e25d5596ac94920d756e495ab74ced,8fd12965666de96d55236167a55a2de9736d1078cef445d4ce53fa7e63874bf1,5
checkpoints/element/trial_1366_RTC_S06_B166.mat,e63bba5d665cc2727aab1dc3945447962a764ed1abfe1022994fdb15f816d6c8,a8e56a633d35efd3af324272cd4dc06a5570ee7a883db8e31e1f08c9d51c3ae7,5
checkpoints/element/trial_1367_RTC_S06_B167.mat,eb1b1b3399a570735f5de9ba1007488c44c3cf5e29f7c2cc2c5d97cf80ab40fc,f95e3932068b7bf2a4d8897152452b34eec78d4177d6a56982f0913d6dc030d2,5
checkpoints/element/trial_1368_RTC_S06_B168.mat,2f774f5e60e38004e75e246da35fdde79eb972d415ee8bcedc7cb29cf313bb65,fb04f41d11d8cca497fc758c49b66adb116a52b66a1e5acb3a1c8a583ac2bcd5,5
checkpoints/element/trial_1369_RTC_S06_B169.mat,17a14237fd7bf1981a5c4d883f21fc552f5be1bc66dd85c1ff364b6a3d0ef470,7954261156116cd2bae42cbf328e257f358e6f07a88c5077f360661fcfb234db,5
checkpoints/element/trial_1370_RTC_S06_B170.mat,c7d093002946aba56e63899f44fb61c668774f83d73024f21555169e1d0ad695,70bcbf7166896f41a305e4bf1b1012ee9274079a64cd34a98f5442dfd1d0b52f,5
checkpoints/element/trial_1371_RTC_S06_B171.mat,a58ce19a87ef4e22992348e1026331088c6a3313013606cd12455d2ab3f6313f,b3a072ee3d117bce400742ba456ea0aa7228f870b09b3b668f1e0ca5d756d1be,5
checkpoints/element/trial_1372_RTC_S06_B172.mat,5005249b0b3eac0b8085621ba9b290688cb59f05849335205b7a8b01f1152d5d,15f39848775c9c74ddfbcdb2addfb0a1aa4488627cbab5b971658fa5110a82e9,5
checkpoints/element/trial_1373_RTC_S06_B173.mat,92f0c162a511a487e9db90944b4cae6f4e6cf8bd9579217d7a82464b6aff1223,26f6b19eb5d5512a403f80ccc704e1c37ea0826d042568ae00a457b2c4c33c17,5
checkpoints/element/trial_1374_RTC_S06_B174.mat,74077522160c3d6c1f94e2f6f74f4c5360674a7f4d3f0c2b82596055640209a3,35b68bf3e722008f844fb66c91174f45730938cb58af2ec36ebb5315a86f0776,5
checkpoints/element/trial_1375_RTC_S06_B175.mat,f754555d169a8afb541474acf09bc4e7b2382eaf6dc2867ad565b06e5da49466,c40bb7102007873c95cad92f08f05df49549224d47ce095998a3ee0ee7c95528,5
checkpoints/element/trial_1376_RTC_S06_B176.mat,025584dd4510188165b88ac728a371b52fb0467fb1795bb813626263c7f94f1b,1bedd49d870108fe191d1c0c1723a443d12ae7ebc92b7969e33c9e93e5a4b383,5
checkpoints/element/trial_1377_RTC_S06_B177.mat,a4a562f71846fad3805582319b39f3b3ce977a1aeb5032e50bf18033d0c8af41,b0763378414302df0f510b9df6298d9a4bdc6d3c6d6d7306be86b4d57e295cf0,5
checkpoints/element/trial_1378_RTC_S06_B178.mat,0b4b6d7e2961d93cc85fef47fe7b9bf7f59f476b01d9ff8ee413002694edc055,024d841f4af1fdd0be6a5506ef41b4b2de562c1e82f35f07de57d94b33602d3f,5
checkpoints/element/trial_1379_RTC_S06_B179.mat,f59c66f09dd24aeb32e357b2408512fe58107c71d72608b1f4a6081bf80eba54,47cf38ba2ed9bbe3258387cdc557e881eb6333a3b4f6a15051e4c95218af8250,5
checkpoints/element/trial_1380_RTC_S06_B180.mat,17e8145249bac607f67b398f72def25630648d514eef92234c4bb1115c0717bc,fa7484288d622b7ca5b0ab5815d221d058ef9154dc857476392e6fc1049547ad,5
checkpoints/element/trial_1381_RTC_S06_B181.mat,da1a0a240d4d4d052ee2a2f65a3659d775f515ffbe73351b116a12d7cca681be,786f2446f61e07a3c149d2570796a0a433c7c1242f63f7355d46d85d4197b325,5
checkpoints/element/trial_1382_RTC_S06_B182.mat,e4d16186be87d359d0168ab533993af4ca40813c2f61bd2600640fc0f7244797,c7dcc00c2cd2e65a3bfe9fb5d0ac6a223f4e9b1c642e4e3ffb94c6b808802fb7,5
checkpoints/element/trial_1383_RTC_S06_B183.mat,1b756dc0038239bd33f9ce3e8e3156bc895db05c1e60bd1315217c6dce4b0ced,7a90d39186d7f7a6fdc95825135077c335390486b716b151d8694497c3732630,5
checkpoints/element/trial_1384_RTC_S06_B184.mat,bed5cc325effa4657ac4cc772723cc0a3d6a3c68638ccee79e2ebd36d313b61e,1824eeb3c3803099986e45afa7ade5c53ff736677487826832049d5399c63377,5
checkpoints/element/trial_1385_RTC_S06_B185.mat,c21b95b6a9a0295aaa874d4d1676a1c74c8380830816b7ec486287c976e6ac02,39490ddaf73b8d315fc27813ecfcd4c2ed313c3c20d98b5840c575bbaf8677f9,5
checkpoints/element/trial_1386_RTC_S06_B186.mat,96019548006440ccf35a0c57cfe08bd036d375a76702dc8e62885f090d5c42fe,2879323a156d5892370ecf5353e1e81453e2e62851c83b7ba776e323d429c6fa,5
checkpoints/element/trial_1387_RTC_S06_B187.mat,7c4b302c2c60cb844077f50e883343a352035084d8767206e9cd5c06b97740c5,9a18d027bf4452438111f6836381185950dc23f20a16876a6c1c10687cc8f7ab,5
checkpoints/element/trial_1388_RTC_S06_B188.mat,f7692c5e25da358efa435bae7fd25c2ffcd035e1da3d6818c473596792d7e181,e9bc883d40f911aae80217cf74d46ab015e7a79a34b4ea7b38d4b42204f0c85e,5
checkpoints/element/trial_1389_RTC_S06_B189.mat,58dcf627638325da5d02ed133b4dbfde75ddaf3abbeed68dec2fc79c42af9022,af927bfddbfa426a9ac376f0199759f145d909e37e1eaaa8d136efd59ca2455c,5
checkpoints/element/trial_1390_RTC_S06_B190.mat,4f59e431b1fcdb9c972b60cdbf11688bec6ffb3631a68e0a20ffda6feb9b2765,565be6d83cad6c75be443e7757c7d8fb6cb20e2d2f1052284d3ea350df7af21c,5
checkpoints/element/trial_1391_RTC_S06_B191.mat,628faaf88cdbdf523cfd413fe9379e4e78b5a4e6c3af0c3347e3d72b94817be4,f13a852fb9bf152b05a01e1f71b8f0221f4d491a83ad90280d151d7972f49a09,5
checkpoints/element/trial_1392_RTC_S06_B192.mat,9e9a343a32fbe3f215e413d9973e85130e58b6c0e9224e72da610facf42ba597,b4dda31f48ec093372a90d1a68b840222fc832d167067c756fd526f1a9e8ad8d,5
checkpoints/element/trial_1393_RTC_S06_B193.mat,13ab85c05f30793b545dc5537ed202f636e713162d1c950a45e57c50477f8267,c595be8f7c2347c67b0e3553fc9b7fd5058f7ca5c0ff102839654c8d4ac9bf37,5
checkpoints/element/trial_1394_RTC_S06_B194.mat,0bab80b8737dc31722288990bfecc727a836444c85cba94b2f1e7fa23e9656ed,d313b0e3a832a39dde23244c7125e8430fb06f48a664ccf545b723bb7052213e,5
checkpoints/element/trial_1395_RTC_S06_B195.mat,71c27101a86686fc78e4885ee5278f6c425068377e11d264e17b19cb42d84fd4,e228d5a77153e672c22400037de8d0846fe19566a78fc98aaed0ab4f3c88a0bd,5
checkpoints/element/trial_1396_RTC_S06_B196.mat,348109754d02e15bcc2d6643f54a4ecd955c1f620492d8aa73446a123e95b0b8,3482acb53f23b8ae56c90ece46387383e0fc1c68a33de4f8a53d67791d066f22,5
checkpoints/element/trial_1397_RTC_S06_B197.mat,d89991835720c2e7ac2d20a476943df5d83017fac0dcbfa4db424af50b285772,07d4944121b5f26983b7f5e405c6e281303646a3c6718bee0ec0aae7cef58a0d,5
checkpoints/element/trial_1398_RTC_S06_B198.mat,8ec32f7210f719f9b67ba2280caa90f93afd0242acd7f5b52e051324a0d4b077,b563a6b5faf9258e2a700729a10f476370b3cd0d6ee13bb6f43957b2feb56981,5
checkpoints/element/trial_1399_RTC_S06_B199.mat,7020389f1b179781b6901a60aa453a451d2e76e9c4670a695e7f59b1e22b62bf,37fb6f34e6b69f4da595135e24871c3a58cf09c518b68aa56f8aba73f1871dd1,5
checkpoints/element/trial_1400_RTC_S06_B200.mat,48d5dadeb19faae5432a5feebc9223517dcdedb80cfa6bb6b190f3bdb4e60248,35e6ded0ad789bb5a41cc12c340d920fbc03e22112feb3a8e8cb4d19f1ae75b5,5
checkpoints/element/trial_1401_RTC_S06_B201.mat,896b182fc7ff1c3aa79e9f0aaac7a529cdfae63a77dd0286c259852b4d8f8456,bd2ffaf8a1d3c2efa4f1970c78392fa0c2942aded0f06fc5b671856d9b6902ff,5
checkpoints/element/trial_1402_RTC_S06_B202.mat,ec3f92c3894536c27fda78ffd6b07ddf6b1397c50d158680e6012528cb4a2455,48f9ed2861567a7a8de1d1df1312fa458b7fe1406a3841365875c39af782072e,5
checkpoints/element/trial_1403_RTC_S06_B203.mat,73d2ea73ed7285136b9b53ff7a13d05b4f6e67fb7109326b0d1ba9cc5fb06bdd,5893e9c583117fef230bbdc54f968bc7896e41e01bf497585404c672815bc3f4,5
checkpoints/element/trial_1404_RTC_S06_B204.mat,6f2de0c2e3ac685e1d0ba945e85fe4e01424d865bfc06ff5229ded6daad3b28f,0a1dcb8625c31835d31df57889de7b7d39d7b97743710d34e92900bd77037663,5
checkpoints/element/trial_1405_RTC_S06_B205.mat,82d4fb152db548ed72a05265ac3a3c0d1f12400b5ee9f45e219afe1ae83f1667,11e448e1453d0b016376f88bc3d8ad1bbd9bbe6307b61560ce504c3b5564a494,5
checkpoints/element/trial_1406_RTC_S06_B206.mat,b4019e51a67f44ebeffe561dab203474fd1251657478e6f9f9a612e00816e60c,24544f2a1a07c41d72a003eecfcc23698c089f24c8fadf97ca7192600b9198e3,5
checkpoints/element/trial_1407_RTC_S06_B207.mat,3e0445b21ab6e72aa01112e062b7ac1ece2a30ea00d0c3663070dc674eef7d02,e58ad7214ae950df5395989837adc7bf4ce10052f5419e49fc0fd757bc70b1f8,5
checkpoints/element/trial_1408_RTC_S06_B208.mat,f34dde5579f6d73f2ee8005275aa242e37c58423a652f0659836a8cf8a7ba0a5,12052dc1cd9e119f200ba6e6855394eee12992ae7154050c228f11600f214c24,5
checkpoints/element/trial_1409_RTC_S06_B209.mat,f2b1fcedb1917e401841481101653238a4a6bfd6d5c02ae09b17ecded30b3e71,89b8ca4f5c5ec8f2a2bc79a85f329ebd2b0e8b4d16039541efac26b6b72dfbcb,5
checkpoints/element/trial_1410_RTC_S06_B210.mat,bb59f77b675677fb93ed755fca7b997ef045dc9653bc345c978ae396e62d5dfe,8e12aeb0019d2a32079cfbf7d58e9ccd911769fd6b2a4824eb654f0ed6c0400f,5
checkpoints/element/trial_1411_RTC_S06_B211.mat,4f805b213b82fca0b477be5d2923a7fc18f8b5787c928db7c2a11a0797a0029a,b5adf05ca87822056c09b884b5be8dc593ae432972da81193d936cde719706df,5
checkpoints/element/trial_1412_RTC_S06_B212.mat,08025878f8422163d3edca80de58fc29131338e8b323bab9c70afd6f3d0ca8b5,94f273d51163819afff51fcc3b5b6c80326fb5ea55800c8566b2cfcc78199064,5
checkpoints/element/trial_1413_RTC_S06_B213.mat,8b121df258cf72df493db568cbeb9da2b9269504533f20720e612e034016a494,9387360c122dbf6a559308310e68687fd7e5f263fd9f65fa578a50022e813145,5
checkpoints/element/trial_1414_RTC_S06_B214.mat,a0bad801761c9c81b86aa973c10a1e1db88c4ff08f68f5595b0f0b90d98e4aeb,e150a336611aee31437de12d569e0f3e39b93392830c71efba84a8f059b36868,5
checkpoints/element/trial_1415_RTC_S06_B215.mat,1625c08d15e2789fa99c807584634f101f2aab8136e5c0e56c60377b1bc2c9fc,9c73eb5b8c17f1c38579ecbfbf15f78e6c253f98ca7d9d7819e625915153b9eb,5
checkpoints/element/trial_1416_RTC_S06_B216.mat,aac57b61fc1b0680a9199500e31538fb1d892aa6adb28a415aab749cb7a2edbb,d1086a7b94c9226d0febef41112e9d5c9398a754287e8317c62f6f35d091f409,5
checkpoints/element/trial_1417_RTC_S06_B217.mat,811788817d93f01b584dedeb50020406124e0297d3e3a8e0482f7240ef7f62aa,efc8ad518846edfcf9c7476487b01272b4d51bc7b8fafbd4cde6518be3bf378a,5
checkpoints/element/trial_1418_RTC_S06_B218.mat,a0e3ed9bc678a94507931ecb483b95293a2eff958bb2cf831c61e2e41f4eb5d0,7bc56fbbfe046a9878862664b0489dda600be14a6fc4be9b62101f167f0b0476,5
checkpoints/element/trial_1419_RTC_S06_B219.mat,71fcfe0ef0f2ace77a055ee1665f0617c9d639b09e4568ba97ee7643ec5b421e,13829500490a6e596ccb6f4b54eadb33eeb9b40a5c735f8b6b04108b6e857e07,5
checkpoints/element/trial_1420_RTC_S06_B220.mat,379affae45261626d6f061c7384a24c570cf9a877db3b965fe549e907cd90056,96b2d8d081691db5b9dc2d539495af0633d8374968196792ecdc78b137d36dc2,5
checkpoints/element/trial_1421_RTC_S06_B221.mat,6b5b2fcf58863dcf552a268ef6160a6c56dc015ff1f1b36eb12d935c31fcf612,5861f6ad94e5ddbb30efa2856518be7b4de894cd2d34df133b970f2e03bd9879,5
checkpoints/element/trial_1422_RTC_S06_B222.mat,3043a86e9973ad9f009116a2f28e6d9847058c8aa6b3f028542f515bc89fcc88,f9bc7b84db18e77ed5f2d4a064b2b445e7da2c8968f515990cd5d3747ec42e34,5
checkpoints/element/trial_1423_RTC_S06_B223.mat,5d96b6c72f9b73dd6382e6eeb42a4868d4d63c280781e094c696c20cf0576f2c,c6f6194fcf11bfd491495d552f5566b5be7e3810cc10f2fecf8eb260c9428a10,5
checkpoints/element/trial_1424_RTC_S06_B224.mat,1c368f175df561a1119b7409ff1c2382f8de93a78ab9e3d9c0f495df33f9b5c1,3f249ca527887cc950421ce5ddccdd2c5392a99f1939c4e94eae5d5135daf74e,5
checkpoints/element/trial_1425_RTC_S06_B225.mat,a0ee2f1c7a4a35d15922e9b3e5edc02d9447da538e3ae7dec908c75c88905ef3,9afa7f40471e74e278b4c10fb868b762e4db95993f5d29a2df4ce9210fe6f36e,5
checkpoints/element/trial_1426_RTC_S06_B226.mat,1b5b71196e7e513ad2dcb1841a686771dda66ab08c0234c8ec31d9174add6c6f,ad30e94d2f4e4e84189c297c9f65f1259b4bfcdf7d24f55131ee0c431011925f,5
checkpoints/element/trial_1427_RTC_S06_B227.mat,95d2f20b6e92bcf81f8e7ab3b8042f1614af3436e2713a1560e439867a2decbc,e4a3c0e055887cbc29546d677ba2f95525122513164ab555201e8c06f9ff70d0,5
checkpoints/element/trial_1428_RTC_S06_B228.mat,4ef9e1477f21c716a1dbc5abcb322363161587a72522a91fbce24a82c676cea7,5b3e1f6a22c69e14861af463ce04f9b55806fea3f4d780299b3629d837cfa568,5
checkpoints/element/trial_1429_RTC_S06_B229.mat,0625ce093a7581ed3176ae336923da1ed9a6557fb59a754f0ce69bc34e3f4d4b,25af2f560030d476dff101f18be446fbde6d4028f7c81fba9edf455b0e65ec59,5
checkpoints/element/trial_1430_RTC_S06_B230.mat,add8929688f29a424ef565aae076b678bee2d9d5a0115239f379611fa39d34f3,1cb9746c21239d526d9b1d78c9139cae188df9c9c58e6c35a36932bc443e56ee,5
checkpoints/element/trial_1431_RTC_S06_B231.mat,72a9a270147f2c8996b605bae61021756c40598fe258269b2095d4a8d2bba07f,3d80097d22957d710ed3df8f7bafd9d9847a77cd331a5fc7d28c46c45ac42963,5
checkpoints/element/trial_1432_RTC_S06_B232.mat,8576f9f49885a4e7243c490f65788971c5c6829d2649127abe7a920091e3ffaa,4c5333758e613e916edb33a3b73a8bbd0c4ba4ca9068d55fc29f8d97224cc9ac,5
checkpoints/element/trial_1433_RTC_S06_B233.mat,1a4849b681cd182e1f8dbb06db15803510d70129052051ccc4ea67c11de269fd,e19b7c37253eae9b900aeb3ab53af802fbee3be132961d9b7294da8a10828ee3,5
checkpoints/element/trial_1434_RTC_S06_B234.mat,1815d34e0e1d7b797e3d6a3b1ade0e9ffe6bde215648b8bbb3d9637c52520ad7,9656b8b2e46d1110e587238f7ece50f8324656d8205a31f623b9e86cdf2bbeb9,5
checkpoints/element/trial_1435_RTC_S06_B235.mat,20d88831755481f1a5ecbdc561f685bb5389115ea7127f99282f8a19b8d222dc,a636b318513f138cca64ff95f83509db905023fd80f9d4c347f4168195daa43b,5
checkpoints/element/trial_1436_RTC_S06_B236.mat,d00c5ab652cb85d6a479d391e881b537de800debcb349f9ea29b8ede12941b14,6e8452194ff51d8cb77e12fe034fa9e52078ef0e07364b1a1e4099e15cc70cab,5
checkpoints/element/trial_1437_RTC_S06_B237.mat,8c486dea3ddeedd08f3ad92e0056b83398d4eb99cac8376dcb7d8ef409d9ea40,49bbe8737806e3a37e4562d9eea1762102825f6bc673049aa05c15e37278df91,5
checkpoints/element/trial_1438_RTC_S06_B238.mat,aa8a709d472cb27e5f5264db58bbf7ce9a756585d3045765bee30eff05131b7f,ed4a88d47998eb88a601c8361129cd9c480a45a2fb79b1cf3551aad5ecb7d5aa,5
checkpoints/element/trial_1439_RTC_S06_B239.mat,1202558075b5e7c01caa1fce2262010012109c6115060b1c1f7d9d6cb2decc03,2ff9cc051b94c2c2ab39e4fc03a2f3451792ac6034dfa270b34fa7c8de3b4a81,5
checkpoints/element/trial_1440_RTC_S06_B240.mat,24feaa9c4b460052b1a6c610f70cd742f1c1596ce84fef10257bfd12ed92ecf6,5f2dc742eaa968469577e578f12c7106285dd28e67a513d28c8fda1271a10071,5
checkpoints/element/trial_1441_RTC_S07_B001.mat,8521a93e1c76fc01d56c290b74ee035626bbc0c06cda55c8e195a26247e4579d,f3bfe9cbfe0746d5be6fa7f157186d80b137a07031f94f3110eb2a1deaebd567,5
checkpoints/element/trial_1442_RTC_S07_B002.mat,4cb4b793e9740c7a5d869032a4e1dce4e0df670fdbf59d52037442316615cab1,dda5f83ba6fd2961b70e003f27636a5f578997dd1c09ff083e89d73874ac46cb,5
checkpoints/element/trial_1443_RTC_S07_B003.mat,9ac7fcf56ffc5c6484e067ecac12fbcaf636018870d52a4ca25c83dec96ae6fe,f61cb45aac2c8e44a939ca9cd21776f64beb148cc0e53fe280c717466d4f921a,5
checkpoints/element/trial_1444_RTC_S07_B004.mat,c9aeaa5658963075d227165fa449203a70f2fe92f032314dc4f8637842577e84,94e24d42f031afb10ce8e02b28d0586073838e2fde0ec4de452ed4278591e238,5
checkpoints/element/trial_1445_RTC_S07_B005.mat,d3164f1d65976dc88c65396528dcb83fcf67bf9a2c49011311aa63d629983e63,c7c2e6e217f6ccd459b45a3399ae2cf419beb87b17e75393068b7a5d37b23b8f,5
checkpoints/element/trial_1446_RTC_S07_B006.mat,70e24d334d5346467903aa447b451411407520205ce049aff2e696141ee6d981,f88c0033ca8f35d0a77512735215b482a63f676e6535dc39fda81e64409bae85,5
checkpoints/element/trial_1447_RTC_S07_B007.mat,ca762af5e77c0c5d5b75dd1c73ebd999979190a3cf2d03ab347b8a20f798a6a9,c351697c6eaa9b54fff5e7e526f23d5b57426e0aeb0c68fe4fdf81253ca2abe6,5
checkpoints/element/trial_1448_RTC_S07_B008.mat,27e764929bf441dae76ba7ac4308884d64bf4b64ebe88a8f03eace384f3872a1,c1723310fca25c3ee35928d8f7c37ee3acb7cf4c0a4acd33b6c5d850216f94a6,5
checkpoints/element/trial_1449_RTC_S07_B009.mat,f76f34e953b4c5987ccb949fc7d81ea1a16ea112b99b80c4868ea5f8eadadb4c,2c5df3e5052e819a252dbc153b28d8fc004e945dd508a624a43ee9e055a6e7f1,5
checkpoints/element/trial_1450_RTC_S07_B010.mat,09a475b0541e7a980f574707a027064a96430ae63c5a493566a3cf0ab5a81a84,2137f82d16019b6c7ca58791301c16ed7c6f02c61cf09804437072c5b34554a0,5
checkpoints/element/trial_1451_RTC_S07_B011.mat,c2c789422a51b7f8a9b3563d2366935d4589af92776d8fb3282d6200e6c3a93a,e706273cc66e63f0bf25fbafda958506b14ade68e03b6c390a2998954ec3ddb4,5
checkpoints/element/trial_1452_RTC_S07_B012.mat,83d855a60f4c67892e420e09e349cc7d0234cd2806c4c41dd68de0bc8730c691,9427e57969aa13851cb1b328e68b9a4915afeb829b3c5155055394e84cc06779,5
checkpoints/element/trial_1453_RTC_S07_B013.mat,a84aa07cbb7de97d9158a6c8ba5bdb1aeeba07905ef7ec2b13a5a20c7be10e8f,2d298d0c1707495bb691517377013623f9592b3e1d3cb5f1b811f84b19170bbe,5
checkpoints/element/trial_1454_RTC_S07_B014.mat,29acda6fba5ef098d565393f30f0bfdd7989d104d6fd250517ff15a0a32bbe19,f6f96588b093087d864e20909de1bcf17419a583f5d78c8cb021dec508b1cb9b,5
checkpoints/element/trial_1455_RTC_S07_B015.mat,f9b96e320b8395b2c26f9ff6faa31cb18b20396688a89ddacf21c15aaa4a49df,c6cdf44a2ac8bfefdc3161cf5ebc90803b063d53ac20f582c450df8c3b5af68d,5
checkpoints/element/trial_1456_RTC_S07_B016.mat,9e467a3d779f95ebb35ee07bc1b6dc3b23354aebe1188f878b8a6ec1a5bd697f,8fdf84ba2d30afb5cd19ce219712a2367e0abab0b221091d5e1ceb9059866cbb,5
checkpoints/element/trial_1457_RTC_S07_B017.mat,6700385132799ddb3c809745f3c5760065489245dd4f092ed6790a1ec4606f4b,a959792087c1705719ed9e28ece12a37e46e445f129625fb66263f11606bc731,5
checkpoints/element/trial_1458_RTC_S07_B018.mat,87a065b16ea8b49ce9f6b76a0328e5cec17962f960273b92b56f9f0d04b0272a,a16eb843866e52a75395383ec3cc26a240c7c756130023ad4df2bf758384488f,5
checkpoints/element/trial_1459_RTC_S07_B019.mat,c415f685b3fb833eaa82024a46ce9448b1f362cd1486b6a15a7862d50e2ad38f,46e1159c67b203ca0599ce0af6e9af5685864a67cbc11de243d1f82401d1f673,5
checkpoints/element/trial_1460_RTC_S07_B020.mat,52daf43b49d10f3b6d93e3fa36bbf9c90bf610021704180d1d21acba78c876ab,c96e9d513382d21b22cbf9b57aaf5a9351000ac2c0327c698486fdfe294070b8,5
checkpoints/element/trial_1461_RTC_S07_B021.mat,299a3bcbc90eebec998f91589402a1c9c9657653165c32a8d41ab26ded857700,c3c2e4fe47f1361eccb37be2cbde7971770dd6532edd8b11f7044408c825136b,5
checkpoints/element/trial_1462_RTC_S07_B022.mat,00a12a0d87bb20c9f237ef1efd2f1da4acaff7242aa1b5547113560b23eefa3d,fd035a42cc7a1ad08cf1ca963c57d358b7d9b340a9e97aeb7cf583225dd1d90d,5
checkpoints/element/trial_1463_RTC_S07_B023.mat,2b4f9c0cca15558eed155f09d097e855a0cfc70cfc450f8f8520a489b52710c0,fdd38a572e165b8a77c2ce9784277aa9eb5bdac0b74f05a72f0dd4e3e0fd10af,5
checkpoints/element/trial_1464_RTC_S07_B024.mat,a6a344299bfc5f2f2557df94070f78ba0ed5278d72aea3aabb7b19d0dfc4c2db,ab39ebdbc06f5f8b0bbecb9ca41aeb72eddd5f0a6165a743b7b9caaa5884db9e,5
checkpoints/element/trial_1465_RTC_S07_B025.mat,eead6ea8e4691d57c63fdfd4ccd379bdfd42e4ba033a55921d3d4705edbab16b,72e292e116f8d2115b6587cc3168cc9c41d84c8c059f2ffcd24f5d2c28b2d901,5
checkpoints/element/trial_1466_RTC_S07_B026.mat,eb10ab6d91b5984b13cfc810af58024e0c59d09bb523f7ee14bc4281aaeee27f,007260d6b412eff0916da0b26c16f0d4bd35043db66a50c34b5b321be26cc54d,5
checkpoints/element/trial_1467_RTC_S07_B027.mat,7cc78e1df4dcc4dcf29950f73ea0d9e0911cb1ce7f9fb9df81530485da58dc1e,bc96c34500cdaa455ff1ef94f0a98d5f827013b5eb25bc551c21c3be5a27d6c1,5
checkpoints/element/trial_1468_RTC_S07_B028.mat,09245b55e817d6a3688224b7d139426f85e7669bb6c3ab5ba9ec909e73e898c5,4f5faf772722c4576622b3b5524c4560eaefd4ec2ce6621eb6aaf976ee72e906,5
checkpoints/element/trial_1469_RTC_S07_B029.mat,a20d12b1c19059d69b36831c2175ed41c153accb07b791358a3324e42921faab,56afcb4d924acea597fdac5aa55a63f2eac96a49f88d7b400ad05da65b420343,5
checkpoints/element/trial_1470_RTC_S07_B030.mat,c1cd8dfddecc30d89818e039533a5ee0adc9d5610fef51fb034ee83cd0674cd1,7fbbf3836e0dcf7e0e9ced918a1ddedb43000d2567abf6b0c6fcb5d99ab8d097,5
checkpoints/element/trial_1471_RTC_S07_B031.mat,82509123b262f8044783a501739caf52929466e5751976437c6e09b41626e934,f1f60a8114c3beada9cf1c88e415e999e18c05e27b2376ee174f44a2f0c1fdf0,5
checkpoints/element/trial_1472_RTC_S07_B032.mat,392e4ebdfb45f8e52c07aeea6b5c48c0f9291acae372169e2e12462f09ed841c,43107179c59744f2788153d6546630b8d56ee96ca794f20837107e67d9239f7b,5
checkpoints/element/trial_1473_RTC_S07_B033.mat,befb1bec55eadfeafdf092314a5a0faffed4e4da0ca4c45c09a55583f38d1c82,9e10fbae441816c4deb0d0898af8bc8f62e240c8eee2fd8bc10eb949050c0de5,5
checkpoints/element/trial_1474_RTC_S07_B034.mat,8e5d13709240e9537595a6ed7f4b4d712b8b5bcf6d136a50adfe2bce956578af,76ea767eacef58494306d3f1ba8008ac334b48f2d72ae45073604e2a7f8cfd37,5
checkpoints/element/trial_1475_RTC_S07_B035.mat,b0c7566d85c71b667453238768f7bee28da72bb714b776a9f228889492515adf,f1a25430642c04648c568e6d2baf04b992a178d48d1d7c803e055fd73789655b,5
checkpoints/element/trial_1476_RTC_S07_B036.mat,9f8030d28070836fca84a9571ef0cb801f6b643dca1ace32888d084b5ffc3272,422f325e3f902ec9e8813c12b9b188fb9c335fd71d39859664feaaf1bdca5ba8,5
checkpoints/element/trial_1477_RTC_S07_B037.mat,1d4cbec528c8b9eb4b754ba60f7a80d7c2c8e35a40392e777636b1c7196e043d,aa0876b20db7f0eae37ca48961a937a52d53eb32cd5572d6c8d56de96e2a3865,5
checkpoints/element/trial_1478_RTC_S07_B038.mat,c6d50ec8975b1d5cf97248e87ca2dfb6f039868930f8df5e4c405f16e55ccf2c,0d099a0df57893b9515378c1732e4696e0d7cb5d7a95d1426ebf64d03915c93f,5
checkpoints/element/trial_1479_RTC_S07_B039.mat,0e962fb982ba8c6d4044d0914175ea29425bfb89b511a42b9e9b5b90e544bc1b,3b2b581a73c8dbc2372bbb45a42d92939a155d1b14ccd489e1cc38aea3584234,5
checkpoints/element/trial_1480_RTC_S07_B040.mat,9b7ed45d910575e2336d9a8bda02f886152ef650943ab67b8eb3d9e1eec9f80f,c2dee77f122c732f532838ccbcbe8d119f894eed92fdbd2165c10112ee337fe4,5
checkpoints/element/trial_1481_RTC_S07_B041.mat,87d88ecd414c3317d118221764ca3df5273d959090452038342c9f71bf5a523b,902b80c7e3bfc9dda830fde831a3dbb90459b397fc3b3692ba7bbfc0037370ac,5
checkpoints/element/trial_1482_RTC_S07_B042.mat,f650db8f32d75af0f8949a3df0815e18060586435b6a15ff85b5a9b8302720ec,1e97b026788173c90c2dcbe712cec9e9fb3a1cdd3018de3d953c0d7d65524117,5
checkpoints/element/trial_1483_RTC_S07_B043.mat,ea5eff657fc5256a6b342f2b4752ff2cb143c4e44cb85f0dba11a91f7f9e003b,d07289b3ab111ae4b5748618fd629c6e5598afd03eb1ce41492150fc6af542eb,5
checkpoints/element/trial_1484_RTC_S07_B044.mat,ed8f97fdde9e01b9cc3fd606e68df56082044137c0eca039ff9029ecfa999736,ac000b6041dee09320d02f244d7fdf02b6920b02b2d45711913eabb743b39ff5,5
checkpoints/element/trial_1485_RTC_S07_B045.mat,b86dcbfb92b6c160800378e428d6b6f31f5dacd061a1fdb8ca91941dde0e8756,45b45efcfac5faf9e9b63c1fda3d8bf21c1b86a9c0bcf1557934d0a777ea1cb9,5
checkpoints/element/trial_1486_RTC_S07_B046.mat,7145c0f42591537c0c1d48170bc1a4ae5a6c4e5fe89303316cc69e54f93cde55,5dca20057151d78a0c4140714762d90afdca8f2841e42f6fe1adb2c5ebe4b48a,5
checkpoints/element/trial_1487_RTC_S07_B047.mat,baf0b9dc57f694f21ad49983a954692e470768ea597fe5a8582fb99b15ca9659,236498000b3b57a918f93793aed37ade78d30ed2bb97e2f673594455c1c4b2c4,5
checkpoints/element/trial_1488_RTC_S07_B048.mat,c329ec1c0002b18319ca0d0fcd1fbec99465de1b999471264dd6ef3a02ff059f,a52e48f0afbfe4feec8b9d6224a15ea9522702bfb541e3a497a41c623c358ffc,5
checkpoints/element/trial_1489_RTC_S07_B049.mat,05726b0c67b5f68da61466e6e4f1ced7804e7a4a8332a4ee6e44f7167f3eb1ce,811c27ae297fbabec85d011abe3a193913fb21b30af1dbb1747c6565c8d0b8af,5
checkpoints/element/trial_1490_RTC_S07_B050.mat,743db579a72336e6b2ca0c8b76488ae81ffea473f6074aa1a76b05e5a0e3ed79,f85211031b6f1a8263d79ecd7cffeb4a1a3e1f73454b5b920ab33370622e3a41,5
checkpoints/element/trial_1491_RTC_S07_B051.mat,bdbf2d10242e1d1b1b390358319c3a146c360a843ed917351aa1037f1ea25d13,40aaded8d78246d49b5fbaa73db0138b605b4ffd62b48cfad5342cca0bbe5bcd,5
checkpoints/element/trial_1492_RTC_S07_B052.mat,7508c7067186173e4cd5f53f1e1da17ee789cf096b4ad477c3f1f14ed2ede1e5,b765c72e1461a95500c111949479aef8c55dc27aa81da777efe012de87e2a400,5
checkpoints/element/trial_1493_RTC_S07_B053.mat,492bcc0aefa5fb18292af6664f06084a5d2068b6182bcd3a6998e43ef416ef46,b2d595b6eee138c17eefc075c478ff3ab42e42c550729c4315a4d71ffbf44884,5
checkpoints/element/trial_1494_RTC_S07_B054.mat,976962e24ece44e78f42cc99356be9b4fd19f5f9152984581d2227b2774bb994,9d6f36d115be9274aaf076eeb0e2511b1dd3fa03e9a007a6c3e2a27c63737f4d,5
checkpoints/element/trial_1495_RTC_S07_B055.mat,e5e1ad89bde7d6076d3978735bbd81e42471306d75649f985b361d2fa336af6c,347747c9757fed0f13d6599138457f815b7510f84bc5e80684f3167c77d06532,5
checkpoints/element/trial_1496_RTC_S07_B056.mat,45c343e131ec48c9dea62f934b6d576e0027987a32a1099cfa751acce8fce167,11dfba790e30ae9ac18cc9c1b5abfba29ee420c5bd56045509e068925cf4c1b7,5
checkpoints/element/trial_1497_RTC_S07_B057.mat,69351d8f943f4afa9189f5e173914f79a98884b6393e2edc2b5c029c18879a90,72e96356029ca1300288f46779bf2341043c36bbc5b6a8c71bc02869bccee025,5
checkpoints/element/trial_1498_RTC_S07_B058.mat,cb1483aa224c19c7d9dcc1ad885136449a0b4ef36c26a2ab51a9872a431142b0,2613586fd53cd4bb9398ff6b9220c0ee8cea354c4f44dcf2492c6342bdf32f3c,5
checkpoints/element/trial_1499_RTC_S07_B059.mat,1e109dba6e25feefe79df3a6a87faf158fd1f76e43e25a2f6fb1d128263ea28d,9688ce279f20cf4d2f01bee763195bf1e37750bf71ae915ce5e85b5954566fc5,5
checkpoints/element/trial_1500_RTC_S07_B060.mat,4a45deb69f17b4ae3dd6dd019115e779b9d4a3cee82cd937b94e62a3df329a41,f84154751cc464a0b3dac598f0bc16946ce71792c48ccda50fe4805a29d449a2,5
checkpoints/element/trial_1501_RTC_S07_B061.mat,2caf475031728c248c3dac259cafcc9fae22bb72a2591ac05a4a268ae141562c,8230cd9b24211cd4a3e4c9e534b3b2bf14e67ad42335fb08fb79a05a9a7c43cf,5
checkpoints/element/trial_1502_RTC_S07_B062.mat,42788cc997d352110db917047f50fe48f781de5655a8b144bcb8cbcf2292e6f3,7417b3c48748b676711a298905a4d36bedac80f90f5c4fb4d51b4a4e78a5e601,5
checkpoints/element/trial_1503_RTC_S07_B063.mat,6dd50a0aadab8c7275beafcee4bd06e97fe5d1d8316fb528c68d2b53442035b6,2d15a828d482d8d4b230859314ae96a2c12d24acf36d9fbc14f5fb204b591c3a,5
checkpoints/element/trial_1504_RTC_S07_B064.mat,ff1cb115f47e6ccb2b1157b8ae9de3f461c2ae42100d6ce44fb48bb933d5c59c,813f6a503d9c648b613a471a34c81c29abe4cf8bfde4cc3b76658093e3bbbbf3,5
checkpoints/element/trial_1505_RTC_S07_B065.mat,f767279ffd3267d25c651decbbd429de14dd64d54d2c220576d8eb15fd141ed2,28e9e928a8bcbed09efc42222d4c9a8d956b8504de02bbf05a7097fd498b355e,5
checkpoints/element/trial_1506_RTC_S07_B066.mat,a0fa72626ebafdae9a3ed82778a34185422b54a106401826439561c78b89d4a1,173be1b30aa86d8e4a954201027c4851bd07ac37c3a42d1aab6972b9264ea20c,5
checkpoints/element/trial_1507_RTC_S07_B067.mat,b16f3f65283a83105b4df1ce1bfdee77a5656db184d2e951d0dc00afb12f0422,945fa9265495026fe2df99d5d6798340f58a7730f7959a7b1e6b9dbf9fd0f9df,5
checkpoints/element/trial_1508_RTC_S07_B068.mat,5415d3d9d4ca0dfec7eccb53952c4164f5e2aa047e56463381f895b4539005aa,5dc49f09bc92d0270e6ffe03a113a4f0e54368abc48b1b4da744c646416aaf2d,5
checkpoints/element/trial_1509_RTC_S07_B069.mat,fd4cf6811e7d13a6ac61675a7a374c01fc4a4d89d3898a5854a971d9cf7bd513,05637b4f69870ff09374fc3599a015d64491268e13dd6756e4afd8e2b349e7ff,5
checkpoints/element/trial_1510_RTC_S07_B070.mat,2d105deda5838ece15c115e0f9b30691058c2f40feec744b033556d943ab3eb1,7fd93f182a99ba95d1d8973d716ee6977e6ec502bf0909561473a65a0b92e95c,5
checkpoints/element/trial_1511_RTC_S07_B071.mat,4c226cd6c3ccef4cb229995a744748f647d2ce0856a91664fbf032aedb7b8b1f,a1487c0cbebb8b24c9c78e9e6bb05c8558b194af5ff0c96ca52fe50ad7b6e940,5
checkpoints/element/trial_1512_RTC_S07_B072.mat,d29328bfa62284653f4c0038905be2301d5b720533d34cd6a0d14e377f1b929e,d9eec51164cbdec41f747029f5f329619c5c330324b00fc71b3156b60c1e9aba,5
checkpoints/element/trial_1513_RTC_S07_B073.mat,5042faf8d6a069fa04eb595f5143441b87c5cb55efccc814e41710245c6e2112,7303facdc5f1de0b02bf91c0bc741ecee35f0aefc9d80d161aff0a17522e5840,5
checkpoints/element/trial_1514_RTC_S07_B074.mat,99ce05fc06cb66d49bdab372a15141897d196be3f086a64ef38a26dd6529ced3,49aedfd14051490869b57524912a06a21d4659c66804c524fe7e5e1cb2b0814f,5
checkpoints/element/trial_1515_RTC_S07_B075.mat,01003f4e13c429f009fe2b6e291ed5492ac23fdeeb1ace162ac92228deb087f7,f0bb5ba86c7400feaae7f085e86b60be43a265deddd857460e0ed358778beae4,5
checkpoints/element/trial_1516_RTC_S07_B076.mat,ca4769f738ad7ecfe60f4181b2932c296cbf51043399c07887ceb4cf0fe753c1,82228c483b1f2ca4f9d36a2309422d72ffd4340c59a1d930434d1e337790da72,5
checkpoints/element/trial_1517_RTC_S07_B077.mat,c21d191e29b95d224bef3fd0ed23dec7d5e935dd5c6a689898de901e33027a60,d91eb3d7d1c1b55b2692488b1e6c586b680af6bbb257de85ab93e2340fad63f3,5
checkpoints/element/trial_1518_RTC_S07_B078.mat,eae5b2deac21350cecbe88eb905fd98778ed8592cebf77b5b2e3b833599bd13e,ff0dcf3a2a742dd61acf63a50b186d8fc8b5c0f130dc067f804ae1a96289e627,5
checkpoints/element/trial_1519_RTC_S07_B079.mat,f83417a9592a57a77096a5c4c5d1a49fa2403e8fed79b0587ed3de195c4cb46e,af39d48367e4913523670ff91987024e032919e29c94e6d2f234f15afb22ae1c,5
checkpoints/element/trial_1520_RTC_S07_B080.mat,a8a49eb7342084d5529d5f3f9d6654f79484d64f1dfa8d8a913d14827b6bd600,aa25f7ee0a0aeb1f96ee256bde6359a52205eaddfb3205a044117676a9ffca03,5
checkpoints/element/trial_1521_RTC_S07_B081.mat,49e57fb21f5bf84dfcc4c8843484b179beefad3a890ba32ab9400d6d8dc0b731,cf171194b2603b0182d8ce7b2ef1962a4f537376ffef8db5293c841138577327,5
checkpoints/element/trial_1522_RTC_S07_B082.mat,320cfa32fdc6282f4daa1e22bce362f2134e9052c7c9810464fced3ef342b85a,091bc5a5fe24100e6257861893797d52ea11a607d6f70e71d7e30eaf572da302,5
checkpoints/element/trial_1523_RTC_S07_B083.mat,cc144ff647d21fba36e7a1ac50ea237c7937b32e6a345e809ccda70cdf79b363,2a45c0e7f36a3f597c1040dff8dfbd6feae8003619f55228d5566c10dd3e6603,5
checkpoints/element/trial_1524_RTC_S07_B084.mat,8e88941b4f4e57c503aa7142c7571cc84661e3252be2143298710b8e40306fa4,fac2506c404f58ffccb1a951fcc30449e83d2d846a7eefe0b9a33ee70b5a7fe6,5
checkpoints/element/trial_1525_RTC_S07_B085.mat,56379445f3d63e85c16cc95eb7f25d287a9593f701b225f2a4d5c2ab3ff07f23,029b08342dd2f1b3fb812d04baf3a308b0717a8a391a55f6122d033927b78ce6,5
checkpoints/element/trial_1526_RTC_S07_B086.mat,ade9e264faa6c445c62ef495e331c8a6ade9a110806b6a9630a66709053d3f79,09824fd90e142a471c1e40a58fa496c11fdff16027baaa2e670462e1f0ef4653,5
checkpoints/element/trial_1527_RTC_S07_B087.mat,82e1bce9194c21df56a4b96e93a74f56ae8269b92083611463bcc4ee617bbe30,5dab1a497c2208ca20f855e4005f730ba1e2c3974b9b74367b48bf0aa3867663,5
checkpoints/element/trial_1528_RTC_S07_B088.mat,eed7784f6e4435075f8e5a8a87d57b6ba8ca25c6ca08342d0e8ab0279e3b4a79,dcfa947b1e85ecb4e93dd911482f8d0b3d6a4344f6240187f35c6a154cbd809d,5
checkpoints/element/trial_1529_RTC_S07_B089.mat,440987f8221a7bbca9aa5fb175e3470f9501af0a72271fd24d71a8e4b6c7c0c9,570dd9680e8844706b882d5952dae3ebf4291a35f63c072dab491a41d501396b,5
checkpoints/element/trial_1530_RTC_S07_B090.mat,97bbf62ad80ae3208439346fa07e07bd696d1a2ee37eccf08073b2967c53bc4d,a37898d657df4d1d2465c694a97171a307303c03e8109d5b3e96526ab2a66e30,5
checkpoints/element/trial_1531_RTC_S07_B091.mat,5e826dfcb8e6ff13a6f07321459528026fe1bb82a744e5fc26f41d993f5ab34e,c598da2de61299a663db6290a6d7e51a93ec42781e889355ae53b68b422d42e5,5
checkpoints/element/trial_1532_RTC_S07_B092.mat,ca4fcda08a7cc9da8e0f413b21d14740d64fa85b86b219fa43a8680911bdba8b,0b263924f6e102b3e420be6fde2028b56eda674ef1a13048581bff9b5f9b1c1e,5
checkpoints/element/trial_1533_RTC_S07_B093.mat,6c69a65939dd475e3406281aafba0e7707461d455f287c891c756bc21bc2a007,7209db239aebf44b362f782c98325aac1f54bd50ef9d410e502b7386f32b8a10,5
checkpoints/element/trial_1534_RTC_S07_B094.mat,611276d05a9b9dfb21b4d992aa763e96bd2c34e505e838a9485f3058a38b41df,e5ac83a148048ec92afd270b4a8bb4257332c74cb5a8c244d898bdf6d61f8894,5
checkpoints/element/trial_1535_RTC_S07_B095.mat,f663bcc35f993cadd5b2637e081186c4ec217c5cd171623c94dcd2a58ef77871,5f1a11937c0deba580b0cc6107ce5cf579c81669884891c1421278fc80af1c43,5
checkpoints/element/trial_1536_RTC_S07_B096.mat,433830feb28f716e33db2a4c4f1adccb246ed1ab7c0cafbd40096a7021119a10,dbedd5c3fdeff75c5ea536dd66ca69db3ef6b6a08c171cfb6dd6af2a4bb79074,5
checkpoints/element/trial_1537_RTC_S07_B097.mat,9b06ab3b94c52edc8295332ff7695f550982e2b7033d2fa574c4a4afdfc5b0e2,0f63bb9a36536a97f4a1499eddcdecda7c86daea14496dc3b60aeeaa4bb596bb,5
checkpoints/element/trial_1538_RTC_S07_B098.mat,e3048be4c447eec9cab38a206dea07f86732ddba4774f4ac84366e8110cdf084,7fe60a7b37f8c4fb5998e3e4fe7234b9d6c45f16396cc5e752c8d9e47601c6cd,5
checkpoints/element/trial_1539_RTC_S07_B099.mat,d0abbc9a46c4d4a9b8032b1cf90580b979c3834623777818601eb13e68d10feb,03a9dda6a1f66192c45d317fa6a55e77a7cf75ff49e36834afe0e249b6b77340,5
checkpoints/element/trial_1540_RTC_S07_B100.mat,5f87a3c6664e029db1800f30ee9754b1d956d14915412b8440a31ae94adffbbb,e320149e30194bf8b82300f8612a3905cff90df3125e74dbf22d5d853859ad6d,5
checkpoints/element/trial_1541_RTC_S07_B101.mat,55cdca4e4307c2e26c30a117f484a867af2ebc796964acacc938daa61bc2c32c,e8360ca2c6deaca97d7d995298896274f6ad38797896b38c9afca62f0199d47c,5
checkpoints/element/trial_1542_RTC_S07_B102.mat,42895345cbe353a95561d0431a5eaf3d57b8740fa1973d32584ef366375b63c6,3492c088427e10d455a01a202f095d8d370cbe005f203cb4ee86590f4df7ba1a,5
checkpoints/element/trial_1543_RTC_S07_B103.mat,9962af326b7e1f02353934efaff3a8351dca2b77f670ec8dfe517505a9af7456,303b58578b5b24c39de1686dd7333afd502fce802f61e865233b47260a3bc244,5
checkpoints/element/trial_1544_RTC_S07_B104.mat,4895098a63e0c1f2f35586ba13d1a3aab04e81e6d40d316731a50819ca81ed82,7092fada5f7cb138d5b1515ed15256eb8c2e61ad307a3ca98caf871a1045cc66,5
checkpoints/element/trial_1545_RTC_S07_B105.mat,da6cecf2c0da19960bdee720162c45933ae4e265c4666d972e57122641a04a61,ed22c49450cfbd31419fb34fac105babb1209515803d029abe5937256ca03f6c,5
checkpoints/element/trial_1546_RTC_S07_B106.mat,3875417d69e910b30e59f3c82b4b8abc4e483b5baae4f6df0764b9f19a06a296,743638713e52c67eaef668f622264ff62afb9f2d1328aa468e890cef1c2c69a5,5
checkpoints/element/trial_1547_RTC_S07_B107.mat,155ce174ea007e9c0787299375b74bc6977c29dbc03a97ea943247dc467c38e5,004ec091bb5e7ed2811ce7c4d8a127a43e2378b1be798caca2853e338766e072,5
checkpoints/element/trial_1548_RTC_S07_B108.mat,48cb1c9a3e6764f8cb9159837943fa5c9dab574b2df317ae90403d5f4def077b,b49831d79727a59aa0680e98786ec979756470114e6e836b91aa1156d668d44b,5
checkpoints/element/trial_1549_RTC_S07_B109.mat,369aff64944bd2219093b2b8af959ed43192c1d7903e41f893059a5d7e9edf1e,9873d47de70a11d82145243b0fe4cd023da77080e5f36d3f3ad6062c33648ca4,5
checkpoints/element/trial_1550_RTC_S07_B110.mat,13c87d9d4313a149b03ced64098a4d81163829d49fdea3881a1b684a88980b46,51fe1503a2f50faee6765ae3d0447aa6d91c6d15c498af3250c5326ada500c61,5
checkpoints/element/trial_1551_RTC_S07_B111.mat,99d51d04f07709220c3989afeb61b0d84fd1cdb997cfc52cf87c9c29c9b59ad8,f20e351edb79a2b1ef96764de664967a6cb49d9a9ddbce02538192a88ac225a4,5
checkpoints/element/trial_1552_RTC_S07_B112.mat,67cca1d5e1feded6f59d8a12b2d33d51292d9008ec534f3c2f0c485550b91b0f,ad98514987fafce855590f266f253dba08b95cf0c9787d8ea073a62b63f6e281,5
checkpoints/element/trial_1553_RTC_S07_B113.mat,59e0c0c9615a21cbd083d745e0c7985a0a636274de14842789e24495e86bef4d,e3be74345548335880c644f830802046f39c774f396e10e362a56d894a130ee4,5
checkpoints/element/trial_1554_RTC_S07_B114.mat,014e4edb13afe2a42c6be65323103baca23a4ae7128ad3198d5648922de8f7c8,9029b397585ad20342d71e43c1cb79281e3ee5bd9cbefe6d47a4994d3312559f,5
checkpoints/element/trial_1555_RTC_S07_B115.mat,e58cc1b66e9c2c1c349994f8193ea0f616772c94a27f8e818163f880f4063715,d66bcec950d2a8d3fa5775c740b9ee87953b21b22843ca0ca9e065647e65af30,5
checkpoints/element/trial_1556_RTC_S07_B116.mat,d7bac2349247a6b695e362e3bfc8eabd95526fe163b3933fc671e3c65816c7b5,a6cebbb040b8b38c52e4ae7d77f3a021f743577b523de09ae231db8930dddaa0,5
checkpoints/element/trial_1557_RTC_S07_B117.mat,5f871ec2de2922c8d31be24706d544bc91412237fcc5af5646d4af2dcc0c9128,ae31e00cf9d3a4ce006c68221cd75fb44190b2cedd110c7ce3256da8fb2dd1d2,5
checkpoints/element/trial_1558_RTC_S07_B118.mat,2f8df46a6fc77a833917dac32a19b5267baa7ce5a2fe9e9835d512425500a739,66abdaed631615effb6a70c86b76680aafdffc66eba54244d81b8c88f1de7b4b,5
checkpoints/element/trial_1559_RTC_S07_B119.mat,529f19df9c996202532fdd9eff3500c35e0363e2505028ff1d4d30eab4f07f69,0386b35e0c83bb3710ea10b8cda5bf300860cc92a41eb438c94a29a260a5490e,5
checkpoints/element/trial_1560_RTC_S07_B120.mat,8ef246fd9a77981797b0eaf864b626c182da49b3b8b051d0264de66329dc81a9,9e6afc2b79eb4a7ea88bb549f09c598bf7a0fff80c402ba7d2aa075a70155636,5
checkpoints/element/trial_1561_RTC_S07_B121.mat,5e4fca4d40ec84caf52d3cb34574ef812ea52b0c36cc674b6cbf31947ae30193,d1f4584a9c95d5e4154ca6939c05ca09cae3ff82a51c5c33ee683642c7598241,5
checkpoints/element/trial_1562_RTC_S07_B122.mat,28c179769b98caa1a3c0178d26fdac65695c1bc030e95bba2b648a339f2c5d65,da8425ae644843e283040a3caae0abff66c5681b97c8cc52da764054bd6c07b6,5
checkpoints/element/trial_1563_RTC_S07_B123.mat,4e37b52f66f52d4c1bf6b63f7fcd69f200774eef839c575491b956fc53b409f6,e81436bc837beca23fd532d71b1ede7d77411067a716bd722b520a5686aeec73,5
checkpoints/element/trial_1564_RTC_S07_B124.mat,0558ca987a80898dde98cf0375acc6907b3a038ed09a586c97296fd0c295d52b,a1f2ed2a0eab5f19aa4533af23447146285153b9f4bab4722f6b9ce4a0cc3fff,5
checkpoints/element/trial_1565_RTC_S07_B125.mat,793dd95c32ad2ca9021f705ee2ad451c4b21239c01c9c08e6aaefeb630dd4c66,d2104ba7a8f7106db5b2d6bf580924242deb61422d9b0c61de77de38f4ecd54d,5
checkpoints/element/trial_1566_RTC_S07_B126.mat,704785d868aa14d12d059142df1b92986db467af3c4b8501b986e2b35181d16b,492169eb12d5be8e02a3dabb35265120da718fd0d6a509c587c10a4a404e301d,5
checkpoints/element/trial_1567_RTC_S07_B127.mat,05a2201ff6a3cb959f9a814f70d9a5703b3d3cfe891e944a603861fa7b8a8c10,ebdb84e66769e0a45df629045d8e9ef0f4b6671500442623717edc8dcc081089,5
checkpoints/element/trial_1568_RTC_S07_B128.mat,cd79cb835d255cfdeef898fbc7c2075f92d4d2a7b553e5ec27a75975bf539b4b,80277e86521e080762a6494fa8a7ce81973e9742ce6e36ce076a473885937ac1,5
checkpoints/element/trial_1569_RTC_S07_B129.mat,76197164f1f0d22e3f281a659e37386a6c4d17137fcf211f51d70f1cff95eeda,21de5da25cffbb5b753b29ed9a382edba570ec51ad764c52f043f27cb87d600a,5
checkpoints/element/trial_1570_RTC_S07_B130.mat,9e4354c00053c21e914251dbae6685754cd6f470023d337b5021d52b311d7595,067219f04e4aba1e27dafc0c708d84f529d585c0c2353b90a49bcc4260106133,5
checkpoints/element/trial_1571_RTC_S07_B131.mat,915f108af1d5c6a56c40c010c50958bbcf8e18ddb2871af73c078745931141f5,ed4b0b0e4dbb554f000e032a453f9d15c885d6c773935227897343f23ab7331a,5
checkpoints/element/trial_1572_RTC_S07_B132.mat,805b7a3470004a3c33f6b8964de1254c1ddea3c40367f82dc4202b5632499508,2e2297ad1b32b54d9c2b48ef73417e63421802acae8adb58c34c8f9f6baf6a77,5
checkpoints/element/trial_1573_RTC_S07_B133.mat,4eb226616777259071a1c2d00bc931a77d417419293606905381a1f48cad77f1,578131de3f951642a72974da37c2294be8d5bfc93d24ec2a83aa050e367055dc,5
checkpoints/element/trial_1574_RTC_S07_B134.mat,df3cfa05d32eea625e986685aa57858731caa4e87bd4c9813e9aa4633d0ff83c,777108b6fb9ef24f7be4a2dd7f52c10af76869ea507b333da3107603e74f0c85,5
checkpoints/element/trial_1575_RTC_S07_B135.mat,dc44ebdd3181f9c88391e63b24df0c7edf17a2c8dcdf61267a343a23370bea34,20e48283efbdb869018fa52eeef85f9a83186c9be53041e4c3b00974276a0f90,5
checkpoints/element/trial_1576_RTC_S07_B136.mat,b9f5aef6027cd7cc1007593bcb46dea10a7ae184b7d021468f164af5c1734774,987d21e4c5048cc759f632bc0a9532c82b278501f521b9671f73ffe145be970a,5
checkpoints/element/trial_1577_RTC_S07_B137.mat,4063bccdfa05134a2d66c6454e86aa0cbbeeaadc53b529311026dc605ff52971,4b2663e6470ec7a49100093d6b337c6c2524785eb0de2e1352091fe61fa891bc,5
checkpoints/element/trial_1578_RTC_S07_B138.mat,6eac5df86e7b6ef90d89074997a82ec5ba6bce17f23682991e6879a42015c8e3,cc87ae5d82e87625d046c24bb7ef9dec8f3e1e9967f3a3aea0dc98cc15ae3014,5
checkpoints/element/trial_1579_RTC_S07_B139.mat,faef301eb8905399700116fe2d8439bf32675446d83d245dbf2c22b4858a35f1,052f7f2b7a215f25c732c9f0c23359b97ee216e568707d74bc67b44f1cd7149e,5
checkpoints/element/trial_1580_RTC_S07_B140.mat,1b2944fb048dedaa2694f8f167d6857c820ae0569ccecdf5102c55c85ab2d515,597960e27941c0130d759bc1e493d64bf46787bec4db73c37d387366cd010f2d,5
checkpoints/element/trial_1581_RTC_S07_B141.mat,815b038729259f193cfb898758e1ad08d2e5f09dd7f06f1833e9c6b607201eb0,b984b116263b6ba95efee1602082b8134bd94a802eb29d5cb78a7895ee03832b,5
checkpoints/element/trial_1582_RTC_S07_B142.mat,d5ff70723fcc963c66afcf40a4da44c1434c70c2e01bc87399cb8d5a75eb5c4d,d6ee8d2f3fa81253c9ab48fa6dc047ca664908c8cad0f1a2dbc131aaa2197148,5
checkpoints/element/trial_1583_RTC_S07_B143.mat,fd91181e8a511555982ac00b5cb9a9385d120583c236bc2885f7dc2c101eef1a,37f0dcd7f338a0d6147702d0394cf540478f4b44797c985bc914a41f67d16eae,5
checkpoints/element/trial_1584_RTC_S07_B144.mat,fe8a4770d94baa6307f3e9e8668875549246a398f857f2887e911c612edc3b4a,a7e09e041889b8cdae32175c2f5d588ce63b8a6eacc6f38d664c4ebeccfdab2c,5
checkpoints/element/trial_1585_RTC_S07_B145.mat,6204b89466aeef5358d4e813623c48b89b96d08d218c79451ad66f9836299a3c,ab6e7ad12ad9a4ae69064aa44feb6b1555cbeb6c52585d5c11f2a66330ab0452,5
checkpoints/element/trial_1586_RTC_S07_B146.mat,fe759e941304dc5e1679f02a2cdb7e3cdee28f0ed9862e605a4c37eb10251a81,b8705883bd2d735e73170ebfef112a33c6706b3292439b4911185620cd0c9b8f,5
checkpoints/element/trial_1587_RTC_S07_B147.mat,334c21d1ce9225ef05c9331dffc5ee677815e94aab10575cc51820dd6e95cf03,94c35c1f51a19218315983d90a230feb2c25cdc8117912b77713913a4a5a4b69,5
checkpoints/element/trial_1588_RTC_S07_B148.mat,e6ee58b9dd85ab8ce746efa8cbe7fd6957a63ab09bab43e8a53c8a2a949cdc74,14c6f9f4a7e34d0bd1443f2770a3b58e804e67e87bfc71d44e20978e93e110ce,5
checkpoints/element/trial_1589_RTC_S07_B149.mat,8ae177d67288aa92d5302c535c86c99f35f989fa873e2b40ba2b30d66592e40a,f184a55dcd2bf5881c97e8d899b845ef1d0dda19ae596f903816ae64b908c456,5
checkpoints/element/trial_1590_RTC_S07_B150.mat,c58c6145806d0ad68ba9a12ab65e3dbe58036c8adb0477dd9c16f79c55288ca8,dd31e1d2583382449576e845d70a6f5fb2846349b2e02a5bf1983ea023508d6d,5
checkpoints/element/trial_1591_RTC_S07_B151.mat,26e7b7168f1e762cdb5d141d100f8d0727c15bbcf5dd6d61b37126cd2eeb68ab,35fa1e1f5c8981f18e62775009c511dcfef6979b945a73ac39b0d4adc3efa249,5
checkpoints/element/trial_1592_RTC_S07_B152.mat,d664b1999915dcc4af480c823e4103268fe3a6bc252e114081873c9f018da674,6ddbe44b452daac6cf016ad9f7539eda03cedd8ed3bb703985de1c70b2c9f181,5
checkpoints/element/trial_1593_RTC_S07_B153.mat,1e288af57de76a178a7bf85fcb2867278976dd0d710ee54b029b0c9d9c2ffafb,e1a6fcfe6991d67cfb3e064906889f0437e0279fbf7b2900fa0a3b007137de98,5
checkpoints/element/trial_1594_RTC_S07_B154.mat,496d4ef17569237d77740dec981c05a6163d9abcd31b8f143c6f12e62ae48cb3,cf20d70c1753eb801e329109102a8141db8b27a8734be38fb43b201930bedfa0,5
checkpoints/element/trial_1595_RTC_S07_B155.mat,1033b35adb678db76f9de960573e25cf86c14e535af36e5bbdae8c3fcb4593a9,df30c216d1e0a36998884295586176b9e96b4e8bca6be3ed2a009615ac9a3638,5
checkpoints/element/trial_1596_RTC_S07_B156.mat,adc140de0a7aeb6b33284cd281c64d088dca069915b7531af691e17ed666e32f,af15f8a73c3bc5efbd9df1a84c95d028b339b555346e64d204192ace97fd8ec9,5
checkpoints/element/trial_1597_RTC_S07_B157.mat,9b92c867b1b3df2ef0bcd073fc2e35cf4eef29a564b93c54a452cb1e7b9d8b6a,d2fc26920a2c8d96295328f9f8a6b32974e853a26ee1c031034f5775eb470df4,5
checkpoints/element/trial_1598_RTC_S07_B158.mat,1610810becc7af290e2e19595f88be33f8dc07fc9e903701cae9faeab87a6f42,e0ecd0e2ca435b603d0011ea85b36dcd630a8d70cfa35310360123a34c0d4731,5
checkpoints/element/trial_1599_RTC_S07_B159.mat,46a4687707bef87515e620903ffd2d119423edc8bd1b71c6070baeb47bf250ef,d74df35606ee220454ee0006b32cc333f61e23c4de6553a246c6975ae548c282,5
checkpoints/element/trial_1600_RTC_S07_B160.mat,07ac4c1d0626eb6ce846afec3428d5d634b243241f20d3af039fdd652483c4b7,af4e9a3d612e7cfc6080661d5cdb4fd09e9d13bcc72e59a6c316cec6c865a18d,5
checkpoints/element/trial_1601_RTC_S07_B161.mat,9b5f018c565ca4ee8f7acdfa1bcb169896fccb75c7086b3a7e17b586f34abf08,06bd9f527545ced613e87c4b7fa257f34fdd8a9e02d0cce592d0d14f2cd80922,5
checkpoints/element/trial_1602_RTC_S07_B162.mat,be279c7b897e4ce53252756a05f7e754089edb69dbb9a62ba3a7be11b35d9f78,cd127678b1ef47dd75fa4bcc202c2e21e13ba024b130326e06192558bb475021,5
checkpoints/element/trial_1603_RTC_S07_B163.mat,7a67bf17bc1fe8d418b11197088a8b9256811d38d563d10df44679e6e09b9b21,718d6cc24ff714a5007d11ad595ed6efd793d892f642d9afee88c3a2519f240c,5
checkpoints/element/trial_1604_RTC_S07_B164.mat,259d67c47185288489ed7e049b7b84850781af64ed96500268442ded6e21e357,ac211a5a0e792af79a443e70f73fa4b2727e3ec5549f150a9a17cba338caead0,5
checkpoints/element/trial_1605_RTC_S07_B165.mat,d2a5ba8ff89777dd98ee9b5b5e906c980f1740d0877957b6fafff1a08903b7ef,11b9d790e64130c3c9354ed1a917d5a43f2bd38c25a5fd50f08edd692fd29c50,5
checkpoints/element/trial_1606_RTC_S07_B166.mat,e11b843f1d975c4797f7a1e386ee090646766bf06376226df6ec91def95ce07b,3b740a721fd767c83f743671d53c3909b1c6b0ebea5c8eb9a768540b7b771556,5
checkpoints/element/trial_1607_RTC_S07_B167.mat,850fb5c8117b053b482cffd30e269f610806a6d99714b4988fe326007a1b32a5,ea43ad88c7c32267fd47a0eb110227b94afcfa10f3d3031390fba15f06879067,5
checkpoints/element/trial_1608_RTC_S07_B168.mat,06e914f2ed6c97d9ee425f765d0861c074fc83f4aa626e484112985f0f96d0fa,0458e17075006fcbe48312f2769ecc9515321e5d8bb59dc8ff95c7f00684dd82,5
checkpoints/element/trial_1609_RTC_S07_B169.mat,e0b118371b17685111af79c0cdd5afd83ef996fe6ce62352c38b7df1a0cba904,a7af33ccd37d17bac3e7d4d6aeb0df08a8e7d7dfb1a91a4dd42fa4d07eb5e689,5
checkpoints/element/trial_1610_RTC_S07_B170.mat,107421e16f42b13267bac22aa76118c6f5a25ad5a0c7c35ffd7a839617ff3d45,8fd2254439b38386c1a0e900765a2dc42fc0c070ce2a3f8dae58d908f27a1463,5
checkpoints/element/trial_1611_RTC_S07_B171.mat,0b494fa7cbab093586f2a85c0405a95e13d3a0a49b6e95ee9e6bc7d6c80f935a,7ce329d2ec86e23c62421d5b894ae80b15c75b62c4e5d01e477a081eb56d03c9,5
checkpoints/element/trial_1612_RTC_S07_B172.mat,c3f5f5d562b931ea42bbd5acf65225fac60df4791b2a855dab2facdc9486b0c1,6fc690ccddbd3c829b100e89aa24d409d83c63311a5292b297a46d5f757c8ac6,5
checkpoints/element/trial_1613_RTC_S07_B173.mat,c8c46e1123bf3c4ba47e5f68fcb89879022c51257fea38d900aaf89706ac602b,682b614429dc980ef7d35c33aa5c7cf67fb5ac277ba218e42ddbf9edb75bb2d4,5
checkpoints/element/trial_1614_RTC_S07_B174.mat,22ed50555045825d4336b74d811532b67a29b2374feb918429e24e601f60c079,f7a734701faafff8c28893b89c6e409083283c7ea63257d85e0270720fec8759,5
checkpoints/element/trial_1615_RTC_S07_B175.mat,99c877c61930738791a24e0f4b9ce8d4e6be9420372e2fe8a38c736e729b86e6,95c55f13cf98a2810de84fcb9f2e6da7529c256bfa7b469080a724c2b0a6cc8a,5
checkpoints/element/trial_1616_RTC_S07_B176.mat,6b2f34599c1c5e0f0cfeb0e39899f9483a3cc334fdbb868455fe4d85bdd1b420,4715cdcdddf87facd9a13fc3a92b06a0d1a6bb207e43061122809d828fd3538c,5
checkpoints/element/trial_1617_RTC_S07_B177.mat,496188b7ab930c977cccd1fd9af7f36f0f58a02d23c813a7fb5939181551c268,f6fa98d44c7775957fb11df6fc7ff85e2a34b720d77102697222c79e4bff346d,5
checkpoints/element/trial_1618_RTC_S07_B178.mat,601631a4dee265de1a870f0d1cccf3cce580813027583f52c24fe03a9a4fbb67,bbf919bda8f37837ab5bf92e0c173eedc0bc258d772146b18cdeb7d4e58875f4,5
checkpoints/element/trial_1619_RTC_S07_B179.mat,e015529ce6f71a1363e31b6a8ccbf72e2f5843387047ef232db10c40a6786492,571b4979802c948b1991fafe0e4036be1830cd8377a2c3ad1109ca1e2199255f,5
checkpoints/element/trial_1620_RTC_S07_B180.mat,78dd8406de13e2a69b676f917a8512cf078d383d7d521bfba170f0afdfdffb17,48546b86005451423b4debf867b0561ed6f57268d151255291d8aa73c8c161f9,5
checkpoints/element/trial_1621_RTC_S07_B181.mat,c45caf30ff89ca4bf565902ee3dc44490131e6381161c1e084253ce34be1ec67,f9a1365ae29c242dec46ae30b5fc5f661965732f25e3e9521810ccf15be0c9d4,5
checkpoints/element/trial_1622_RTC_S07_B182.mat,885bb2d4f15f8d1d9d274ea547ef231d549ab736481b66ec2f2d9bc6231f0e0e,3b4a03dc814ef60c48294ad80529651fdc0f074e45422ea2e2b52172f77aaee2,5
checkpoints/element/trial_1623_RTC_S07_B183.mat,696b947815a1970161701fa3b716aa1cf02bfea98a9536aed18c9c6eac288e4e,cdd3e34c05ff113febcd220e593ab767d1909f85dfa202f49817a73b4bde837c,5
checkpoints/element/trial_1624_RTC_S07_B184.mat,6059e6f0ba5066cda49578c5b8b69ad94f49a5ff4d4501f6410455f4a4aed41a,3dbd863bef276a02af7dde6c07a26b32b2c00b1e17f6d8264402ed44cd68e559,5
checkpoints/element/trial_1625_RTC_S07_B185.mat,519195d47e65d74d7f8246da8ad936969ec28451c9e4dbbc26a7809812b9c802,b30d8d994247f63e49de67d1a8f235f7095189dd0c768c10d722d5f629b94a8a,5
checkpoints/element/trial_1626_RTC_S07_B186.mat,94f8c17c75c54e1b27290215c0e56134d588aa88b65e52ca1f73ff9228069468,4c4b590c1bfe58219d7df8d5ed42d09770a128e4b5cdea66d75826f734a6a891,5
checkpoints/element/trial_1627_RTC_S07_B187.mat,d7d81db70bf6bb5cf031a35c6a9ef4cb825899d3aed7b19d20b11a2636e925c9,1d916de1ea3641b9c182271dc461747468da43394ba28a900d94aabea3b69a4f,5
checkpoints/element/trial_1628_RTC_S07_B188.mat,12f9908bb6efdd823b5635677d7d7cb85127740b4dde64162ad47585d103a07e,93bd0b499bf7d6289be17a2294431bc627c921893b27401620e765eef5cd266f,5
checkpoints/element/trial_1629_RTC_S07_B189.mat,44f2911dffac1914688141e9c7fc89cfcf95b8245c9831d38f820ef1b58be403,1a42d68a9cb96dc42eb3aaa11880133cf365d78963a8e98a3dccc37102179f24,5
checkpoints/element/trial_1630_RTC_S07_B190.mat,3ecd820ba3e6aa56c8f9127513d2c40f45e4d85e781ffabaa6774297f883e737,a9871dd6454f806da783653bc03b1c6d765a3035dd2406d9d5e0e29b8def7653,5
checkpoints/element/trial_1631_RTC_S07_B191.mat,88e4961a3e41d123d2c1d5b122a97cb83d56d446cf10bbd1eba7e07f9426dc3c,7455a403648688b447bbef21e545017a6d474dccf8f1aca78ef02b21e76b0912,5
checkpoints/element/trial_1632_RTC_S07_B192.mat,e1fa959a8816f5c5c23ce25903d0c5bf5e858b6c1b834846874b32bd3b7d9336,08c52d7767350c329a840a0a29159c887986873fb261d1e2e5039df099e1e5a3,5
checkpoints/element/trial_1633_RTC_S07_B193.mat,0226bfa0ce871e8500f18c1b37af3823d143acd97d68ae15d9a4334aec651671,48fbdb430f07e76e164dcf8721df9ec3cdbed84d207c0be9f4b09fe3c7c3853c,5
checkpoints/element/trial_1634_RTC_S07_B194.mat,7f36d5cedb7b3a38d6672c0d0a808b60dccea278f589392f4746dcb0f8c5d102,7f6dbf0d351a7478042b443ac946704e8fcb63c09fce6edbcc01210e66e5cf10,5
checkpoints/element/trial_1635_RTC_S07_B195.mat,df4f9315476d3d28396a1470eed900664fd7e83c80478782832f5b0c0dd8a31e,b35fbf4895bb071cb4cd8650b5bad16d00c73729d2bf24c116e4914e89b90dca,5
checkpoints/element/trial_1636_RTC_S07_B196.mat,59858dd270003ee3397848565cf374f4eea1b20f1c524db794146f6ac5af2f3e,0207989dc55dc21bef489b8a360b52bcb159b9dbbb0448a4052b1118a202cd91,5
checkpoints/element/trial_1637_RTC_S07_B197.mat,3e7df98fe75aa33f18362384e09875e7078bed8885364415633078eed28dfabf,9f8111fc4e393823bf6e4015f12dd077a31a1daff4d06622481564602b2cbb2d,5
checkpoints/element/trial_1638_RTC_S07_B198.mat,40b9cae4cc88d9aaffc517b41c2abc2f24ef43b48ff4beb524de2378222819ba,ef45a315cdd68f6a34d692de07f4bfbd1e92907813ba0c7fc22eae2c2326ade4,5
checkpoints/element/trial_1639_RTC_S07_B199.mat,bdbf98dae8acb102df451efdda0d397d1309dbb81dcc0991fdbd45842a01adb1,dfda753d080db0ff7f44d27f039682986100548e56663c987c98ebbb7189d7ae,5
checkpoints/element/trial_1640_RTC_S07_B200.mat,0dd22f7547dc18ad0cac03ca5dc6b4f17e9f946695e5521ca520effd836eb0ee,ba1229ac5c7edaee8f78c5f0c92d8fff5fb6419cab430708b09138be83e21c58,5
checkpoints/element/trial_1641_RTC_S07_B201.mat,4c533364338f473c59aeabbf026497362fb4bf63cac85b089f08a0b006014fa6,85af92587836a745672fd8fc9f757a5986da3e562313a08c86576cbdde2abc73,5
checkpoints/element/trial_1642_RTC_S07_B202.mat,8ce02f8868ac5d9078cea74e77e71f5366e248b869fe09057a7fa901364459e8,56e72962bf0c905f99b1a614e78f0c8a6d1fca57188f7f5ad82d0d3f2e4837dc,5
checkpoints/element/trial_1643_RTC_S07_B203.mat,963a21c9e600e85da94de41c2c59ade374b86ed8f84a1c43190030a6c9932743,68f8478a8ba34dbd5b6c2a9272f5030175d7a4c73b032304aeeae9a992ef5ff0,5
checkpoints/element/trial_1644_RTC_S07_B204.mat,df29637c5696b4a6a9ae9a56a824c870542f1c5f5d72cbbc531605da29dc3de8,afd920e182621b1113e9433b449b357c46c24bcb37753db2249ab00875c7fa9d,5
checkpoints/element/trial_1645_RTC_S07_B205.mat,a2399fd9e9da1f7b199e3a591ca7bc901c746f76665387dd50c8994235f62e01,b15e6fb065618a641006549d9197f7bf6678791b47dbaa222fdbae694ca1d712,5
checkpoints/element/trial_1646_RTC_S07_B206.mat,2c69c49e41837eee80c92f0b9928df80765d46c1bc02b1eb747d57e05ed1a10c,f6652892cfa4d46d83b6db45dd3ddb423b2e282dd05b271ef23a685dea1214d9,5
checkpoints/element/trial_1647_RTC_S07_B207.mat,e7c0f201232946f7606a7a1bc6753506677cfae343eac0b2403dc27f3f7ab031,540e07718b010e87582daae6716a05cd825d03958bcbad84622c691cdb99ea9e,5
checkpoints/element/trial_1648_RTC_S07_B208.mat,08e78dae76f4c8255afcda93e473d191429b59e51c270f1413b94a74c195bf30,e92b5c6308909637d7407c67bacf64254fa217270ce985b92492899f39966585,5
checkpoints/element/trial_1649_RTC_S07_B209.mat,226c53e3be0f8528aa30cfd2fdf601382466b156a1300b55e02dab93a66e8148,a2dff9849ae721197713adfd1885228a780212467407134832d3f6b9cb8ca819,5
checkpoints/element/trial_1650_RTC_S07_B210.mat,26f123dd0f8c06a78cdea12890a5a1bdae5975b53d55b7570ed38828b65c9054,1c8cbaf725390814e21e727e2348cc5c508f1ebe88778edc0cb45d620b1716e4,5
checkpoints/element/trial_1651_RTC_S07_B211.mat,cacf29887bcc959ab9299f08b555392e281c43c34a3b7fd9c21ccd69508db540,23414c605cea95e7691a9ac7d4af4ca0b6ae1d4570940e676344f068a5c21b0c,5
checkpoints/element/trial_1652_RTC_S07_B212.mat,49b1e2cbe1d4bdcb3d5275010d2de7e9e60f77c7ea49af85e23dff488583cfc8,273a19b17df56e917631a8e971c49bbac2e847ea706d7defe643e9c658fb25d7,5
checkpoints/element/trial_1653_RTC_S07_B213.mat,4e8ef4f3eb35be0bebcc5da7d44986684e478a090806ef9bb89e9e2fad9dbe79,1c95c3d26fd17958775dd5cc88423d2072555ce27c8ba8cccaf8eb4ee1c80c2d,5
checkpoints/element/trial_1654_RTC_S07_B214.mat,9cf1a556ba82c80255c2e302f15e489d4faffe65381144cd5126c9e6dfb7bda7,922e51ce434767350ff156121b1e00b82869656ee7d9cd3a70cd371eb0d326f1,5
checkpoints/element/trial_1655_RTC_S07_B215.mat,8b25810953982718f1789fa30e5f910dccff1ae4e68658ebfa68cc54194efceb,fafd500e4a1bc0acf888fa1d6dc1cc5332ef8793cad75e31b09c32a0a09aaf15,5
checkpoints/element/trial_1656_RTC_S07_B216.mat,e6b5fa6c5ab99a35892691907a073bb68c360a5d9819373c569ead0078852f4d,57f83dc66bbe4458830f47db5e642182a6fe67b4d8cb02fa6fb54367f75a16c8,5
checkpoints/element/trial_1657_RTC_S07_B217.mat,c55ed93ef5aa8da27f2bc1ddeed3bab70eeab843f8b1a1a364450e38301973bd,e593df14124932de9735953f12fe9d028d6b7983debeb5b91ef033a02e4573ff,5
checkpoints/element/trial_1658_RTC_S07_B218.mat,f291c02b30a6f7280953b1bab41233409a93add8ac53ee039811e9305c26ba13,7f8d62a6d387d93902c210ffd1aa8e0199ef8a4010d57632b15c0cd8aeee515d,5
checkpoints/element/trial_1659_RTC_S07_B219.mat,97b98351dbfc2790d0c88bf2bc5b4652ce5c55b578daa5c0f82c5ac15014135c,63251c125ebc4b12807a810073e8444da532bde04a37c422d42b622dbee6905e,5
checkpoints/element/trial_1660_RTC_S07_B220.mat,f35ed558535c6f5504962e21ea957a987b1cd41d313c5b7b91c3638f50e6642c,88d085ca9813efb39c03399fab9b8395137bb83dcca381dcf8a3c162e1cd6f1d,5
checkpoints/element/trial_1661_RTC_S07_B221.mat,8cdf7f0dc040b53ba77c409264a69d18493ac1dee99b436fa9fe91c84f3d7bdf,0db0013ff9a4ed37f306777ea42d9b3e641dcf19695c787e0d6e6c53b030bf86,5
checkpoints/element/trial_1662_RTC_S07_B222.mat,d5b2e27ff651fe61a9f5cd519c7ef8ef7717f65b0fc9d7581b91fa0441f92b23,0d8ea7da1a7464dbad7fd8048268efad24953f7549f9490314b84f8189c39155,5
checkpoints/element/trial_1663_RTC_S07_B223.mat,7bd1092ac47d9521535ede77b38f094c23f0cc1ab073d8de1f2fbf4610b2c817,82e959d87a548b6dd4f2bba5a1f937bbb447ffed18277aebd1956264e4af8bcb,5
checkpoints/element/trial_1664_RTC_S07_B224.mat,ad02732f4ed2a561c5cfdb3fad18395f5ffcf9001ac85d822776ba430c1dfe75,2aa523e34050465013ec8194b8665be393c2463903693e3072a8b455ebc31af3,5
checkpoints/element/trial_1665_RTC_S07_B225.mat,6a9a9deddc08a064d67e77e70801b633caaa545870ecaa3ae030d291d4796ed4,9e854cf77a040c97a887c847578733fe6ee10f17e078a968390965298dd704c7,5
checkpoints/element/trial_1666_RTC_S07_B226.mat,9c6901614ce7e47c9089e42fce86fb1d2895f68177e721db48e69dd6069947ad,89ebc57b42c21979b98877113e04d67ae063cbf4926b3d4b74552d9ac0532d26,5
checkpoints/element/trial_1667_RTC_S07_B227.mat,10790ff70dc15a00b35ee27ac25c7fec5bea43d317565b3ff8d09e53558d3356,be8442e4ef7531444b0f1d3b252979ef199c37c346e392594aa07fcd4f0a0dd8,5
checkpoints/element/trial_1668_RTC_S07_B228.mat,7588559235cd3d05210a7ec4e7d5916790bd76ce3618a605ba3946c4f7539489,513611200c8e36312e6fa758ee5b77bf0a3d9b421d2f6257e57d6c1c4833c501,5
checkpoints/element/trial_1669_RTC_S07_B229.mat,18514300efc91ee180ebca0c43d8150047abd3c9f237daa6008974564d97b4d0,2bcefb846ee97c6087379b4269fc2f14433f8199804b95b3d6bbeab392b0c278,5
checkpoints/element/trial_1670_RTC_S07_B230.mat,cfaa480b3c315f549f009aa027b75ad5e560017ba37732ca6153c5319401b2f2,f17630aec46b082834a7859e67ee3d7dbc199bfb13d64db4b62e2ead3ccd6e71,5
checkpoints/element/trial_1671_RTC_S07_B231.mat,54cb10de56841b8eb7983a6524d656931e3f87811258b6df2c82941ff7aed3b8,ba21cb5e2f315087bd9472cc2befc0d074a083fa2e6937e2dc9e17b63b182f1d,5
checkpoints/element/trial_1672_RTC_S07_B232.mat,3ab108599f7e9f3851d97d63aa6fe682ba7c6c17038fdf2b0ec80a39f518b207,60bd6dbf88a698d08016cc054bea4103ab39025fcc2d3e639197625c4a63129b,5
checkpoints/element/trial_1673_RTC_S07_B233.mat,b580e9c1912777d75915ce9016927acc2bf6c2f4c3352d92fad1b435786ec23c,b79d9c3790f6f506bc7adbd3ba3c132685ddd56fa20a15f3c68f2459ecc3f6ff,5
checkpoints/element/trial_1674_RTC_S07_B234.mat,fbde0907fd2399ab6a2c13f832b4e05749f3ad8b154ba9184c767d440e73d00f,c941cb27373edbde85f6fa2986ea23f51b27600b96773641f89bb220fd012be3,5
checkpoints/element/trial_1675_RTC_S07_B235.mat,fe597c28703a4b87ce8cc0d4cdf8183c37c46f4d280bc30ebe5e4017bbb1626b,f36e04e178c80292e366e651c55a85c26f1868c9da09417f5c3d31c6a4fbaf6d,5
checkpoints/element/trial_1676_RTC_S07_B236.mat,7f8a757200e78a44cd9f3884ba942819b8b6a63705772d673c1f96b5563ff2b4,3a8c2e0244cb9b5db6c5352654ef929fd8959f261400ffbfe75584a31a4370ee,5
checkpoints/element/trial_1677_RTC_S07_B237.mat,da754a1ef31600795bf331614acfe53737f5ab77366007b979da29ae5d63c4f7,bcfcc093b34bf76b6b21962ee726f60b033a306683cc1f1e0e83dd73846b0470,5
checkpoints/element/trial_1678_RTC_S07_B238.mat,86deb82a47682aa207106584a1e4fbcef447b35cfc045edbf530017c6b9ceba9,b056524ef6987bee387ee588276f3bf0311be175b4e1094e73a5f17ebb8faadd,5
checkpoints/element/trial_1679_RTC_S07_B239.mat,b500c3eedea04ef4fa7a050ac670097523255327e704f07a920911b2f9501de2,55926b38dddc4e615d701edb05a304ed5d9d344faacfae631ce5356195a9d179,5
checkpoints/element/trial_1680_RTC_S07_B240.mat,e71ca8fff9d5d9a3de2995731140b12542f796fe2f2a0214c9a0def30256135d,e7e42a5e93ac447c2ba0771d4cfbfbd8816d82147d9b048df533d5c75d0f5bb8,5
