scenario,data_split,trial_id,group_index,oracle_Kq,condition_source,eta_condition_deg,upstream_group_support_status,conditional_estimate_status,az_hat_deg,score,rss,rank_Gphi,group_noise_scale,group_recovery_relative_error,num_score_eval,num_svd,runtime_sec,fixed_measurement_hash,domain_hash,statistical_calibration_status,pass_flag,phase_factor
design_grid_q1_k2_l4,DESIGN,1,1,2,ESTIMATED_ELEVATION,10,GROUP_REGISTERED_MODEL_CERTIFIED,CONDITIONAL_AZIMUTH_RETURNED,7.6 8.4,18776.3500851287,0,2,0.03125,3.71783756213035e-15,21,42,0.0108878,ccf433c83d073aaf2f715b179ced026783548b153385064557ffd1b8d59daa8b,e70016c924fdb6837e7a741304fbd992c4d8f05413ba03743350eec5c03963bd,NOT_CALIBRATED_STAGE5,1,1
design_grid_q2_k1_k1_l4,DESIGN,1,1,1,ESTIMATED_ELEVATION,9.8,GROUP_REGISTERED_MODEL_CERTIFIED,CONDITIONAL_AZIMUTH_RETURNED,7.6,418.496997476244,0,1,0.624365542183477,6.52767055852913e-15,7,14,0.0048964,55ad7cb6ac6643f0d41d2a2f5a9ae20ef0790410ee991f768f91eb267743705a,e70016c924fdb6837e7a741304fbd992c4d8f05413ba03743350eec5c03963bd,NOT_CALIBRATED_STAGE5,1,1
design_grid_q2_k1_k1_l4,DESIGN,1,2,1,ESTIMATED_ELEVATION,10.2,GROUP_REGISTERED_MODEL_CERTIFIED,CONDITIONAL_AZIMUTH_RETURNED,8.4,220.200243601704,0,1,0.624365541441531,9.02208046507487e-15,7,14,0.0038587,7eb90d5914e428a8e09e2b3db03d1f9067be8b39a3919ecfd5bdd2de1abf9126,e70016c924fdb6837e7a741304fbd992c4d8f05413ba03743350eec5c03963bd,NOT_CALIBRATED_STAGE5,1,1
validation_azimuth_half_grid,VALIDATION,1,1,2,ESTIMATED_ELEVATION,10,GROUP_REGISTERED_MODEL_SUPPORTED_UNCALIBRATED,CONDITIONAL_AZIMUTH_RETURNED,7.6 8.2,19366.414240702,1.04922992110369,2,0.03125,0.000324469255918709,21,42,0.0138279,ccf433c83d073aaf2f715b179ced026783548b153385064557ffd1b8d59daa8b,e70016c924fdb6837e7a741304fbd992c4d8f05413ba03743350eec5c03963bd,NOT_CALIBRATED_STAGE5,1,1
validation_elevation_half_grid,VALIDATION,1,1,1,ESTIMATED_ELEVATION,9.8,GROUP_REGISTERED_MODEL_SUPPORTED_UNCALIBRATED,CONDITIONAL_AZIMUTH_RETURNED,7.6,17.0220589327429,4.76426483453259,1,2.45802806745904,0.743889697328763,7,14,0.002015,fb600ca91e0dcf9ab232ac8cc6f38cede67f8928d87f8e7eeac2754a6567ed63,e70016c924fdb6837e7a741304fbd992c4d8f05413ba03743350eec5c03963bd,NOT_CALIBRATED_STAGE5,1,1
validation_elevation_half_grid,VALIDATION,1,2,1,ESTIMATED_ELEVATION,10,GROUP_REGISTERED_MODEL_SUPPORTED_UNCALIBRATED,CONDITIONAL_AZIMUTH_RETURNED,8.2,204.086289165302,3.80352636349539,1,2.45802727666652,1.02898993405255,7,14,0.0029872,cd9166b793ac54772d520ee6b0d2fc47876ae7b152756df3b8ffe748f8850db7,e70016c924fdb6837e7a741304fbd992c4d8f05413ba03743350eec5c03963bd,NOT_CALIBRATED_STAGE5,1,1
validation_both_half_grid,VALIDATION,1,1,1,ESTIMATED_ELEVATION,9.8,GROUP_REGISTERED_MODEL_SUPPORTED_UNCALIBRATED,CONDITIONAL_AZIMUTH_RETURNED,7.8,17.0590926647923,2.90296381457481,1,2.45802806745904,0.754934502893923,7,14,0.0016876,fb600ca91e0dcf9ab232ac8cc6f38cede67f8928d87f8e7eeac2754a6567ed63,e70016c924fdb6837e7a741304fbd992c4d8f05413ba03743350eec5c03963bd,NOT_CALIBRATED_STAGE5,1,1
validation_both_half_grid,VALIDATION,1,2,1,ESTIMATED_ELEVATION,10,GROUP_REGISTERED_MODEL_SUPPORTED_UNCALIBRATED,CONDITIONAL_AZIMUTH_RETURNED,8.2,210.798419744416,2.64454666201442,1,2.45802727666652,1.04428505196074,7,14,0.002281,cd9166b793ac54772d520ee6b0d2fc47876ae7b152756df3b8ffe748f8850db7,e70016c924fdb6837e7a741304fbd992c4d8f05413ba03743350eec5c03963bd,NOT_CALIBRATED_STAGE5,1,1
validation_fixed_center_bias,VALIDATION,1,1,2,ESTIMATED_ELEVATION,10,GROUP_REGISTERED_MODEL_SUPPORTED_UNCALIBRATED,CONDITIONAL_AZIMUTH_RETURNED,7.4 8,19366.0267408676,1.02889568777391,2,0.03125,0.000335308223680395,21,42,0.0068132,ccf433c83d073aaf2f715b179ced026783548b153385064557ffd1b8d59daa8b,e70016c924fdb6837e7a741304fbd992c4d8f05413ba03743350eec5c03963bd,NOT_CALIBRATED_STAGE5,1,1
normal_core_offgrid_white_l4,NORMAL_HOLDOUT,1,1,2,ESTIMATED_ELEVATION,10,GROUP_REGISTERED_MODEL_SUPPORTED_UNCALIBRATED,CONDITIONAL_AZIMUTH_RETURNED,7.6 8.2,19306.3547759803,1.29533364957024,2,0.03125,0.094743977625509,21,42,0.0056288,ccf433c83d073aaf2f715b179ced026783548b153385064557ffd1b8d59daa8b,e70016c924fdb6837e7a741304fbd992c4d8f05413ba03743350eec5c03963bd,NOT_CALIBRATED_STAGE5,1,1
normal_core_offgrid_white_l4,NORMAL_HOLDOUT,2,1,2,ESTIMATED_ELEVATION,10,GROUP_REGISTERED_MODEL_SUPPORTED_UNCALIBRATED,CONDITIONAL_AZIMUTH_RETURNED,7.6 8.2,19304.8533192919,1.29198690234625,2,0.03125,0.0947356503738094,21,42,0.0060352,ccf433c83d073aaf2f715b179ced026783548b153385064557ffd1b8d59daa8b,e70016c924fdb6837e7a741304fbd992c4d8f05413ba03743350eec5c03963bd,NOT_CALIBRATED_STAGE5,1,1
normal_core_offgrid_white_l4,NORMAL_HOLDOUT,3,1,2,ESTIMATED_ELEVATION,10,GROUP_REGISTERED_MODEL_SUPPORTED_UNCALIBRATED,CONDITIONAL_AZIMUTH_RETURNED,7.6 8.2,19305.845134097,1.28855896767345,2,0.03125,0.094751305790536,21,42,0.0046899,ccf433c83d073aaf2f715b179ced026783548b153385064557ffd1b8d59daa8b,e70016c924fdb6837e7a741304fbd992c4d8f05413ba03743350eec5c03963bd,NOT_CALIBRATED_STAGE5,1,1
normal_core_offgrid_white_l4,NORMAL_HOLDOUT,4,1,2,ESTIMATED_ELEVATION,10.2,GROUP_REGISTERED_MODEL_SUPPORTED_UNCALIBRATED,CONDITIONAL_AZIMUTH_RETURNED,7.6 8.2,19306.4200420385,1.38769527550903,2,0.0312500100165639,0.0947172265030856,21,42,0.0045713,36eab15ac254bfe18015ddb533b51d6529910ab8c3f8bf9b62434edd8e561919,e70016c924fdb6837e7a741304fbd992c4d8f05413ba03743350eec5c03963bd,NOT_CALIBRATED_STAGE5,1,1
normal_core_offgrid_white_l4,NORMAL_HOLDOUT,5,1,2,ESTIMATED_ELEVATION,10.2,GROUP_REGISTERED_MODEL_SUPPORTED_UNCALIBRATED,CONDITIONAL_AZIMUTH_RETURNED,7.6 8.2,19306.4595442394,1.39593910392068,2,0.0312500100165639,0.0946746771912505,21,42,0.0061072,36eab15ac254bfe18015ddb533b51d6529910ab8c3f8bf9b62434edd8e561919,e70016c924fdb6837e7a741304fbd992c4d8f05413ba03743350eec5c03963bd,NOT_CALIBRATED_STAGE5,1,1
normal_core_offgrid_white_l4,NORMAL_HOLDOUT,6,1,2,ESTIMATED_ELEVATION,10,GROUP_REGISTERED_MODEL_SUPPORTED_UNCALIBRATED,CONDITIONAL_AZIMUTH_RETURNED,7.6 8.2,19306.2687804793,1.30096083520402,2,0.03125,0.0947370671785834,21,42,0.0060105,ccf433c83d073aaf2f715b179ced026783548b153385064557ffd1b8d59daa8b,e70016c924fdb6837e7a741304fbd992c4d8f05413ba03743350eec5c03963bd,NOT_CALIBRATED_STAGE5,1,1
normal_core_offgrid_white_l4,NORMAL_HOLDOUT,7,1,2,ESTIMATED_ELEVATION,10.2,GROUP_REGISTERED_MODEL_SUPPORTED_UNCALIBRATED,CONDITIONAL_AZIMUTH_RETURNED,7.6 8.2,19305.8231233434,1.38259188376833,2,0.0312500100165639,0.0946976004497832,21,42,0.0076201,36eab15ac254bfe18015ddb533b51d6529910ab8c3f8bf9b62434edd8e561919,e70016c924fdb6837e7a741304fbd992c4d8f05413ba03743350eec5c03963bd,NOT_CALIBRATED_STAGE5,1,1
normal_core_offgrid_white_l4,NORMAL_HOLDOUT,8,1,2,ESTIMATED_ELEVATION,10.2,GROUP_REGISTERED_MODEL_SUPPORTED_UNCALIBRATED,CONDITIONAL_AZIMUTH_RETURNED,7.6 8.2,19306.0759592902,1.39129604248592,2,0.0312500100165639,0.0947120515627558,21,42,0.0071447,36eab15ac254bfe18015ddb533b51d6529910ab8c3f8bf9b62434edd8e561919,e70016c924fdb6837e7a741304fbd992c4d8f05413ba03743350eec5c03963bd,NOT_CALIBRATED_STAGE5,1,1
normal_core_offgrid_white_l4,NORMAL_HOLDOUT,9,1,2,ESTIMATED_ELEVATION,10.2,GROUP_REGISTERED_MODEL_SUPPORTED_UNCALIBRATED,CONDITIONAL_AZIMUTH_RETURNED,7.6 8.2,19306.0003450476,1.38677926882156,2,0.0312500100165639,0.0947267799768571,21,42,0.0090581,36eab15ac254bfe18015ddb533b51d6529910ab8c3f8bf9b62434edd8e561919,e70016c924fdb6837e7a741304fbd992c4d8f05413ba03743350eec5c03963bd,NOT_CALIBRATED_STAGE5,1,1
normal_core_offgrid_white_l4,NORMAL_HOLDOUT,10,1,2,ESTIMATED_ELEVATION,10.2,GROUP_REGISTERED_MODEL_SUPPORTED_UNCALIBRATED,CONDITIONAL_AZIMUTH_RETURNED,7.6 8.2,19306.2781549945,1.37632204025795,2,0.0312500100165639,0.094702912035728,21,42,0.0053353,36eab15ac254bfe18015ddb533b51d6529910ab8c3f8bf9b62434edd8e561919,e70016c924fdb6837e7a741304fbd992c4d8f05413ba03743350eec5c03963bd,NOT_CALIBRATED_STAGE5,1,1
normal_core_offgrid_white_l4,NORMAL_HOLDOUT,11,1,2,ESTIMATED_ELEVATION,10.2,GROUP_REGISTERED_MODEL_SUPPORTED_UNCALIBRATED,CONDITIONAL_AZIMUTH_RETURNED,7.6 8.2,19305.8619881524,1.38896093122821,2,0.0312500100165639,0.0946777655014745,21,42,0.0073084,36eab15ac254bfe18015ddb533b51d6529910ab8c3f8bf9b62434edd8e561919,e70016c924fdb6837e7a741304fbd992c4d8f05413ba03743350eec5c03963bd,NOT_CALIBRATED_STAGE5,1,1
normal_core_offgrid_white_l4,NORMAL_HOLDOUT,12,1,2,ESTIMATED_ELEVATION,10.2,GROUP_REGISTERED_MODEL_SUPPORTED_UNCALIBRATED,CONDITIONAL_AZIMUTH_RETURNED,7.6 8.2,19305.1346927056,1.37204289739748,2,0.0312500100165639,0.0947221407144488,21,42,0.0068967,36eab15ac254bfe18015ddb533b51d6529910ab8c3f8bf9b62434edd8e561919,e70016c924fdb6837e7a741304fbd992c4d8f05413ba03743350eec5c03963bd,NOT_CALIBRATED_STAGE5,1,1
normal_core_offgrid_white_l4,NORMAL_HOLDOUT,13,1,2,ESTIMATED_ELEVATION,10.2,GROUP_REGISTERED_MODEL_SUPPORTED_UNCALIBRATED,CONDITIONAL_AZIMUTH_RETURNED,7.6 8.2,19305.2293640741,1.38668948075792,2,0.0312500100165639,0.0947162305186478,21,42,0.0069759,36eab15ac254bfe18015ddb533b51d6529910ab8c3f8bf9b62434edd8e561919,e70016c924fdb6837e7a741304fbd992c4d8f05413ba03743350eec5c03963bd,NOT_CALIBRATED_STAGE5,1,1
normal_core_offgrid_white_l4,NORMAL_HOLDOUT,14,1,2,ESTIMATED_ELEVATION,10.2,GROUP_REGISTERED_MODEL_SUPPORTED_UNCALIBRATED,CONDITIONAL_AZIMUTH_RETURNED,7.6 8.2,19305.8368996587,1.39179602758304,2,0.0312500100165639,0.0947380942643302,21,42,0.0052807,36eab15ac254bfe18015ddb533b51d6529910ab8c3f8bf9b62434edd8e561919,e70016c924fdb6837e7a741304fbd992c4d8f05413ba03743350eec5c03963bd,NOT_CALIBRATED_STAGE5,1,1
normal_core_offgrid_white_l4,NORMAL_HOLDOUT,15,1,2,ESTIMATED_ELEVATION,10.2,GROUP_REGISTERED_MODEL_SUPPORTED_UNCALIBRATED,CONDITIONAL_AZIMUTH_RETURNED,7.6 8.2,19305.4399943057,1.38565953727448,2,0.0312500100165639,0.0947044649719608,21,42,0.0059022,36eab15ac254bfe18015ddb533b51d6529910ab8c3f8bf9b62434edd8e561919,e70016c924fdb6837e7a741304fbd992c4d8f05413ba03743350eec5c03963bd,NOT_CALIBRATED_STAGE5,1,1
normal_core_offgrid_white_l4,NORMAL_HOLDOUT,16,1,2,ESTIMATED_ELEVATION,10,GROUP_REGISTERED_MODEL_SUPPORTED_UNCALIBRATED,CONDITIONAL_AZIMUTH_RETURNED,7.6 8.2,19305.4292514637,1.29988133347069,2,0.03125,0.0947467381282142,21,42,0.0067425,ccf433c83d073aaf2f715b179ced026783548b153385064557ffd1b8d59daa8b,e70016c924fdb6837e7a741304fbd992c4d8f05413ba03743350eec5c03963bd,NOT_CALIBRATED_STAGE5,1,1
normal_core_offgrid_white_l4,NORMAL_HOLDOUT,17,1,2,ESTIMATED_ELEVATION,10.2,GROUP_REGISTERED_MODEL_SUPPORTED_UNCALIBRATED,CONDITIONAL_AZIMUTH_RETURNED,7.6 8.2,19305.2964512934,1.38370239328651,2,0.0312500100165639,0.0947139426831253,21,42,0.0061929,36eab15ac254bfe18015ddb533b51d6529910ab8c3f8bf9b62434edd8e561919,e70016c924fdb6837e7a741304fbd992c4d8f05413ba03743350eec5c03963bd,NOT_CALIBRATED_STAGE5,1,1
normal_core_offgrid_white_l4,NORMAL_HOLDOUT,18,1,2,ESTIMATED_ELEVATION,10,GROUP_REGISTERED_MODEL_SUPPORTED_UNCALIBRATED,CONDITIONAL_AZIMUTH_RETURNED,7.6 8.2,19306.0357870218,1.29426362541926,2,0.03125,0.0947443277745296,21,42,0.0055718,ccf433c83d073aaf2f715b179ced026783548b153385064557ffd1b8d59daa8b,e70016c924fdb6837e7a741304fbd992c4d8f05413ba03743350eec5c03963bd,NOT_CALIBRATED_STAGE5,1,1
normal_core_offgrid_white_l4,NORMAL_HOLDOUT,19,1,2,ESTIMATED_ELEVATION,10,GROUP_REGISTERED_MODEL_SUPPORTED_UNCALIBRATED,CONDITIONAL_AZIMUTH_RETURNED,7.6 8.2,19305.2204390792,1.29243990440227,2,0.03125,0.0947719601921597,21,42,0.0058443,ccf433c83d073aaf2f715b179ced026783548b153385064557ffd1b8d59daa8b,e70016c924fdb6837e7a741304fbd992c4d8f05413ba03743350eec5c03963bd,NOT_CALIBRATED_STAGE5,1,1
normal_core_offgrid_white_l4,NORMAL_HOLDOUT,20,1,2,ESTIMATED_ELEVATION,10,GROUP_REGISTERED_MODEL_SUPPORTED_UNCALIBRATED,CONDITIONAL_AZIMUTH_RETURNED,7.6 8.2,19306.9265807939,1.29875184421689,2,0.03125,0.0947308229558998,21,42,0.0068636,ccf433c83d073aaf2f715b179ced026783548b153385064557ffd1b8d59daa8b,e70016c924fdb6837e7a741304fbd992c4d8f05413ba03743350eec5c03963bd,NOT_CALIBRATED_STAGE5,1,1
normal_core_offgrid_white_l4,NORMAL_HOLDOUT,21,1,2,ESTIMATED_ELEVATION,10.2,GROUP_REGISTERED_MODEL_SUPPORTED_UNCALIBRATED,CONDITIONAL_AZIMUTH_RETURNED,7.6 8.2,19306.1787610662,1.38239109754068,2,0.0312500100165639,0.094719280393878,21,42,0.0063748,36eab15ac254bfe18015ddb533b51d6529910ab8c3f8bf9b62434edd8e561919,e70016c924fdb6837e7a741304fbd992c4d8f05413ba03743350eec5c03963bd,NOT_CALIBRATED_STAGE5,1,1
normal_core_offgrid_white_l4,NORMAL_HOLDOUT,22,1,2,ESTIMATED_ELEVATION,10.2,GROUP_REGISTERED_MODEL_SUPPORTED_UNCALIBRATED,CONDITIONAL_AZIMUTH_RETURNED,7.6 8.2,19304.5545934585,1.38242684283614,2,0.0312500100165639,0.0946843507921945,21,42,0.0073968,36eab15ac254bfe18015ddb533b51d6529910ab8c3f8bf9b62434edd8e561919,e70016c924fdb6837e7a741304fbd992c4d8f05413ba03743350eec5c03963bd,NOT_CALIBRATED_STAGE5,1,1
normal_core_offgrid_white_l4,NORMAL_HOLDOUT,23,1,2,ESTIMATED_ELEVATION,10.2,GROUP_REGISTERED_MODEL_SUPPORTED_UNCALIBRATED,CONDITIONAL_AZIMUTH_RETURNED,7.6 8.2,19305.9898649184,1.39101428710637,2,0.0312500100165639,0.0947011743572056,21,42,0.0067459,36eab15ac254bfe18015ddb533b51d6529910ab8c3f8bf9b62434edd8e561919,e70016c924fdb6837e7a741304fbd992c4d8f05413ba03743350eec5c03963bd,NOT_CALIBRATED_STAGE5,1,1
normal_core_offgrid_white_l4,NORMAL_HOLDOUT,24,1,2,ESTIMATED_ELEVATION,10.2,GROUP_REGISTERED_MODEL_SUPPORTED_UNCALIBRATED,CONDITIONAL_AZIMUTH_RETURNED,7.6 8.2,19305.3900196687,1.38255770965043,2,0.0312500100165639,0.0947107109218261,21,42,0.0065032,36eab15ac254bfe18015ddb533b51d6529910ab8c3f8bf9b62434edd8e561919,e70016c924fdb6837e7a741304fbd992c4d8f05413ba03743350eec5c03963bd,NOT_CALIBRATED_STAGE5,1,1
normal_core_offgrid_white_l4,NORMAL_HOLDOUT,25,1,2,ESTIMATED_ELEVATION,10.2,GROUP_REGISTERED_MODEL_SUPPORTED_UNCALIBRATED,CONDITIONAL_AZIMUTH_RETURNED,7.6 8.2,19304.9191955338,1.38276831328039,2,0.0312500100165639,0.0947205759966361,21,42,0.0059054,36eab15ac254bfe18015ddb533b51d6529910ab8c3f8bf9b62434edd8e561919,e70016c924fdb6837e7a741304fbd992c4d8f05413ba03743350eec5c03963bd,NOT_CALIBRATED_STAGE5,1,1
normal_core_offgrid_white_l4,NORMAL_HOLDOUT,26,1,2,ESTIMATED_ELEVATION,10.2,GROUP_REGISTERED_MODEL_SUPPORTED_UNCALIBRATED,CONDITIONAL_AZIMUTH_RETURNED,7.6 8.2,19305.3480023322,1.3843346837748,2,0.0312500100165639,0.0947328693358141,21,42,0.0070622,36eab15ac254bfe18015ddb533b51d6529910ab8c3f8bf9b62434edd8e561919,e70016c924fdb6837e7a741304fbd992c4d8f05413ba03743350eec5c03963bd,NOT_CALIBRATED_STAGE5,1,1
normal_core_offgrid_white_l4,NORMAL_HOLDOUT,27,1,2,ESTIMATED_ELEVATION,10.2,GROUP_REGISTERED_MODEL_SUPPORTED_UNCALIBRATED,CONDITIONAL_AZIMUTH_RETURNED,7.6 8.2,19305.1579165917,1.39371024895809,2,0.0312500100165639,0.094707579604787,21,42,0.0065177,36eab15ac254bfe18015ddb533b51d6529910ab8c3f8bf9b62434edd8e561919,e70016c924fdb6837e7a741304fbd992c4d8f05413ba03743350eec5c03963bd,NOT_CALIBRATED_STAGE5,1,1
normal_core_offgrid_white_l4,NORMAL_HOLDOUT,28,1,2,ESTIMATED_ELEVATION,10.2,GROUP_REGISTERED_MODEL_SUPPORTED_UNCALIBRATED,CONDITIONAL_AZIMUTH_RETURNED,7.6 8.2,19306.0975434221,1.37639642660361,2,0.0312500100165639,0.0947152033273471,21,42,0.0070735,36eab15ac254bfe18015ddb533b51d6529910ab8c3f8bf9b62434edd8e561919,e70016c924fdb6837e7a741304fbd992c4d8f05413ba03743350eec5c03963bd,NOT_CALIBRATED_STAGE5,1,1
normal_core_offgrid_white_l4,NORMAL_HOLDOUT,29,1,2,ESTIMATED_ELEVATION,10.2,GROUP_REGISTERED_MODEL_SUPPORTED_UNCALIBRATED,CONDITIONAL_AZIMUTH_RETURNED,7.6 8.2,19304.9035703975,1.39332385306989,2,0.0312500100165639,0.0946822990150379,21,42,0.0060677,36eab15ac254bfe18015ddb533b51d6529910ab8c3f8bf9b62434edd8e561919,e70016c924fdb6837e7a741304fbd992c4d8f05413ba03743350eec5c03963bd,NOT_CALIBRATED_STAGE5,1,1
normal_core_offgrid_white_l4,NORMAL_HOLDOUT,30,1,2,ESTIMATED_ELEVATION,10.2,GROUP_REGISTERED_MODEL_SUPPORTED_UNCALIBRATED,CONDITIONAL_AZIMUTH_RETURNED,7.6 8.2,19305.6440472484,1.39056477625127,2,0.0312500100165639,0.0946890643655397,21,42,0.0058067,36eab15ac254bfe18015ddb533b51d6529910ab8c3f8bf9b62434edd8e561919,e70016c924fdb6837e7a741304fbd992c4d8f05413ba03743350eec5c03963bd,NOT_CALIBRATED_STAGE5,1,1
normal_core_offgrid_white_l4,NORMAL_HOLDOUT,31,1,2,ESTIMATED_ELEVATION,10,GROUP_REGISTERED_MODEL_SUPPORTED_UNCALIBRATED,CONDITIONAL_AZIMUTH_RETURNED,7.6 8.2,19307.0026652182,1.28692011916792,2,0.03125,0.0947266012576651,21,42,0.0057397,ccf433c83d073aaf2f715b179ced026783548b153385064557ffd1b8d59daa8b,e70016c924fdb6837e7a741304fbd992c4d8f05413ba03743350eec5c03963bd,NOT_CALIBRATED_STAGE5,1,1
normal_core_offgrid_white_l4,NORMAL_HOLDOUT,32,1,2,ESTIMATED_ELEVATION,10.2,GROUP_REGISTERED_MODEL_SUPPORTED_UNCALIBRATED,CONDITIONAL_AZIMUTH_RETURNED,7.6 8.2,19304.2636536478,1.37609697782682,2,0.0312500100165639,0.0947086762228594,21,42,0.0088637,36eab15ac254bfe18015ddb533b51d6529910ab8c3f8bf9b62434edd8e561919,e70016c924fdb6837e7a741304fbd992c4d8f05413ba03743350eec5c03963bd,NOT_CALIBRATED_STAGE5,1,1
normal_core_offgrid_white_l4,NORMAL_HOLDOUT,33,1,2,ESTIMATED_ELEVATION,10,GROUP_REGISTERED_MODEL_SUPPORTED_UNCALIBRATED,CONDITIONAL_AZIMUTH_RETURNED,7.6 8.2,19306.0252583357,1.30111745048998,2,0.03125,0.0947045380043502,21,42,0.0063141,ccf433c83d073aaf2f715b179ced026783548b153385064557ffd1b8d59daa8b,e70016c924fdb6837e7a741304fbd992c4d8f05413ba03743350eec5c03963bd,NOT_CALIBRATED_STAGE5,1,1
normal_core_offgrid_white_l4,NORMAL_HOLDOUT,34,1,2,ESTIMATED_ELEVATION,10,GROUP_REGISTERED_MODEL_SUPPORTED_UNCALIBRATED,CONDITIONAL_AZIMUTH_RETURNED,7.6 8.2,19305.7027156875,1.29645682309274,2,0.03125,0.0947203229243668,21,42,0.0051727,ccf433c83d073aaf2f715b179ced026783548b153385064557ffd1b8d59daa8b,e70016c924fdb6837e7a741304fbd992c4d8f05413ba03743350eec5c03963bd,NOT_CALIBRATED_STAGE5,1,1
normal_core_offgrid_white_l4,NORMAL_HOLDOUT,35,1,2,ESTIMATED_ELEVATION,10.2,GROUP_REGISTERED_MODEL_SUPPORTED_UNCALIBRATED,CONDITIONAL_AZIMUTH_RETURNED,7.6 8.2,19305.5994998747,1.38953132496317,2,0.0312500100165639,0.094691439440395,21,42,0.004819,36eab15ac254bfe18015ddb533b51d6529910ab8c3f8bf9b62434edd8e561919,e70016c924fdb6837e7a741304fbd992c4d8f05413ba03743350eec5c03963bd,NOT_CALIBRATED_STAGE5,1,1
normal_core_offgrid_white_l4,NORMAL_HOLDOUT,36,1,2,ESTIMATED_ELEVATION,10.2,GROUP_REGISTERED_MODEL_SUPPORTED_UNCALIBRATED,CONDITIONAL_AZIMUTH_RETURNED,7.6 8.2,19306.2882186083,1.37973911394874,2,0.0312500100165639,0.0946931721980725,21,42,0.0051772,36eab15ac254bfe18015ddb533b51d6529910ab8c3f8bf9b62434edd8e561919,e70016c924fdb6837e7a741304fbd992c4d8f05413ba03743350eec5c03963bd,NOT_CALIBRATED_STAGE5,1,1
normal_core_offgrid_white_l4,NORMAL_HOLDOUT,37,1,2,ESTIMATED_ELEVATION,10.2,GROUP_REGISTERED_MODEL_SUPPORTED_UNCALIBRATED,CONDITIONAL_AZIMUTH_RETURNED,7.6 8.2,19305.4659147938,1.39056864562372,2,0.0312500100165639,0.0947238735465294,21,42,0.006786,36eab15ac254bfe18015ddb533b51d6529910ab8c3f8bf9b62434edd8e561919,e70016c924fdb6837e7a741304fbd992c4d8f05413ba03743350eec5c03963bd,NOT_CALIBRATED_STAGE5,1,1
normal_core_offgrid_white_l4,NORMAL_HOLDOUT,38,1,2,ESTIMATED_ELEVATION,10.2,GROUP_REGISTERED_MODEL_SUPPORTED_UNCALIBRATED,CONDITIONAL_AZIMUTH_RETURNED,7.6 8.2,19305.9617489872,1.37487801644966,2,0.0312500100165639,0.0947319982469804,21,42,0.0048819,36eab15ac254bfe18015ddb533b51d6529910ab8c3f8bf9b62434edd8e561919,e70016c924fdb6837e7a741304fbd992c4d8f05413ba03743350eec5c03963bd,NOT_CALIBRATED_STAGE5,1,1
normal_core_offgrid_white_l4,NORMAL_HOLDOUT,39,1,2,ESTIMATED_ELEVATION,10.2,GROUP_REGISTERED_MODEL_SUPPORTED_UNCALIBRATED,CONDITIONAL_AZIMUTH_RETURNED,7.6 8.2,19306.3598056804,1.38929593703142,2,0.0312500100165639,0.0947616605434506,21,42,0.0048456,36eab15ac254bfe18015ddb533b51d6529910ab8c3f8bf9b62434edd8e561919,e70016c924fdb6837e7a741304fbd992c4d8f05413ba03743350eec5c03963bd,NOT_CALIBRATED_STAGE5,1,1
normal_core_offgrid_white_l4,NORMAL_HOLDOUT,40,1,2,ESTIMATED_ELEVATION,10,GROUP_REGISTERED_MODEL_SUPPORTED_UNCALIBRATED,CONDITIONAL_AZIMUTH_RETURNED,7.6 8.2,19305.9275570833,1.30132506244991,2,0.03125,0.0947124353961468,21,42,0.0067466,ccf433c83d073aaf2f715b179ced026783548b153385064557ffd1b8d59daa8b,e70016c924fdb6837e7a741304fbd992c4d8f05413ba03743350eec5c03963bd,NOT_CALIBRATED_STAGE5,1,1
normal_core_offgrid_white_l4,NORMAL_HOLDOUT,41,1,2,ESTIMATED_ELEVATION,10,GROUP_REGISTERED_MODEL_SUPPORTED_UNCALIBRATED,CONDITIONAL_AZIMUTH_RETURNED,7.6 8.2,19305.9013544057,1.29929049295242,2,0.03125,0.0947549853718847,21,42,0.0049817,ccf433c83d073aaf2f715b179ced026783548b153385064557ffd1b8d59daa8b,e70016c924fdb6837e7a741304fbd992c4d8f05413ba03743350eec5c03963bd,NOT_CALIBRATED_STAGE5,1,1
normal_core_offgrid_white_l4,NORMAL_HOLDOUT,42,1,2,ESTIMATED_ELEVATION,10.2,GROUP_REGISTERED_MODEL_SUPPORTED_UNCALIBRATED,CONDITIONAL_AZIMUTH_RETURNED,7.6 8.2,19307.475675483,1.37770906724108,2,0.0312500100165639,0.0947055766036402,21,42,0.0055985,36eab15ac254bfe18015ddb533b51d6529910ab8c3f8bf9b62434edd8e561919,e70016c924fdb6837e7a741304fbd992c4d8f05413ba03743350eec5c03963bd,NOT_CALIBRATED_STAGE5,1,1
normal_core_offgrid_white_l4,NORMAL_HOLDOUT,43,1,2,ESTIMATED_ELEVATION,10,GROUP_REGISTERED_MODEL_SUPPORTED_UNCALIBRATED,CONDITIONAL_AZIMUTH_RETURNED,7.6 8.2,19305.8929037203,1.30221347533006,2,0.03125,0.0947266697964344,21,42,0.0046036,ccf433c83d073aaf2f715b179ced026783548b153385064557ffd1b8d59daa8b,e70016c924fdb6837e7a741304fbd992c4d8f05413ba03743350eec5c03963bd,NOT_CALIBRATED_STAGE5,1,1
normal_core_offgrid_white_l4,NORMAL_HOLDOUT,44,1,2,ESTIMATED_ELEVATION,10.2,GROUP_REGISTERED_MODEL_SUPPORTED_UNCALIBRATED,CONDITIONAL_AZIMUTH_RETURNED,7.6 8.2,19304.7939924613,1.3754214762339,2,0.0312500100165639,0.0947132069719511,21,42,0.005376,36eab15ac254bfe18015ddb533b51d6529910ab8c3f8bf9b62434edd8e561919,e70016c924fdb6837e7a741304fbd992c4d8f05413ba03743350eec5c03963bd,NOT_CALIBRATED_STAGE5,1,1
normal_core_offgrid_white_l4,NORMAL_HOLDOUT,45,1,2,ESTIMATED_ELEVATION,10,GROUP_REGISTERED_MODEL_SUPPORTED_UNCALIBRATED,CONDITIONAL_AZIMUTH_RETURNED,7.6 8.2,19306.2449795636,1.30380434004473,2,0.03125,0.0947340484645262,21,42,0.004784,ccf433c83d073aaf2f715b179ced026783548b153385064557ffd1b8d59daa8b,e70016c924fdb6837e7a741304fbd992c4d8f05413ba03743350eec5c03963bd,NOT_CALIBRATED_STAGE5,1,1
normal_core_offgrid_white_l4,NORMAL_HOLDOUT,46,1,2,ESTIMATED_ELEVATION,10,GROUP_REGISTERED_MODEL_SUPPORTED_UNCALIBRATED,CONDITIONAL_AZIMUTH_RETURNED,7.6 8.2,19306.2541453066,1.29703047771181,2,0.03125,0.0947663757740896,21,42,0.0049834,ccf433c83d073aaf2f715b179ced026783548b153385064557ffd1b8d59daa8b,e70016c924fdb6837e7a741304fbd992c4d8f05413ba03743350eec5c03963bd,NOT_CALIBRATED_STAGE5,1,1
normal_core_offgrid_white_l4,NORMAL_HOLDOUT,47,1,2,ESTIMATED_ELEVATION,10.2,GROUP_REGISTERED_MODEL_SUPPORTED_UNCALIBRATED,CONDITIONAL_AZIMUTH_RETURNED,7.6 8.2,19305.960517044,1.39158770151698,2,0.0312500100165639,0.0947146299571264,21,42,0.0049755,36eab15ac254bfe18015ddb533b51d6529910ab8c3f8bf9b62434edd8e561919,e70016c924fdb6837e7a741304fbd992c4d8f05413ba03743350eec5c03963bd,NOT_CALIBRATED_STAGE5,1,1
normal_core_offgrid_white_l4,NORMAL_HOLDOUT,48,1,2,ESTIMATED_ELEVATION,10,GROUP_REGISTERED_MODEL_SUPPORTED_UNCALIBRATED,CONDITIONAL_AZIMUTH_RETURNED,7.6 8.2,19306.6204324585,1.28813905452262,2,0.03125,0.0947411194201869,21,42,0.0045809,ccf433c83d073aaf2f715b179ced026783548b153385064557ffd1b8d59daa8b,e70016c924fdb6837e7a741304fbd992c4d8f05413ba03743350eec5c03963bd,NOT_CALIBRATED_STAGE5,1,1
normal_core_offgrid_white_l4,NORMAL_HOLDOUT,49,1,2,ESTIMATED_ELEVATION,10,GROUP_REGISTERED_MODEL_SUPPORTED_UNCALIBRATED,CONDITIONAL_AZIMUTH_RETURNED,7.6 8.2,19306.5696089037,1.29629588465832,2,0.03125,0.0947357923100448,21,42,0.0059684,ccf433c83d073aaf2f715b179ced026783548b153385064557ffd1b8d59daa8b,e70016c924fdb6837e7a741304fbd992c4d8f05413ba03743350eec5c03963bd,NOT_CALIBRATED_STAGE5,1,1
normal_core_offgrid_white_l4,NORMAL_HOLDOUT,50,1,2,ESTIMATED_ELEVATION,10.2,GROUP_REGISTERED_MODEL_SUPPORTED_UNCALIBRATED,CONDITIONAL_AZIMUTH_RETURNED,7.6 8.2,19305.436433204,1.37687553264914,2,0.0312500100165639,0.0947275975355031,21,42,0.00436,36eab15ac254bfe18015ddb533b51d6529910ab8c3f8bf9b62434edd8e561919,e70016c924fdb6837e7a741304fbd992c4d8f05413ba03743350eec5c03963bd,NOT_CALIBRATED_STAGE5,1,1
normal_core_offgrid_white_l4,NORMAL_HOLDOUT,51,1,2,ESTIMATED_ELEVATION,10,GROUP_REGISTERED_MODEL_SUPPORTED_UNCALIBRATED,CONDITIONAL_AZIMUTH_RETURNED,7.6 8.2,19304.6093953912,1.2970237640111,2,0.03125,0.0947418581370527,21,42,0.0060018,ccf433c83d073aaf2f715b179ced026783548b153385064557ffd1b8d59daa8b,e70016c924fdb6837e7a741304fbd992c4d8f05413ba03743350eec5c03963bd,NOT_CALIBRATED_STAGE5,1,1
normal_core_offgrid_white_l4,NORMAL_HOLDOUT,52,1,2,ESTIMATED_ELEVATION,10.2,GROUP_REGISTERED_MODEL_SUPPORTED_UNCALIBRATED,CONDITIONAL_AZIMUTH_RETURNED,7.6 8.2,19306.3383501314,1.37924463387026,2,0.0312500100165639,0.0947370799335613,21,42,0.0060702,36eab15ac254bfe18015ddb533b51d6529910ab8c3f8bf9b62434edd8e561919,e70016c924fdb6837e7a741304fbd992c4d8f05413ba03743350eec5c03963bd,NOT_CALIBRATED_STAGE5,1,1
normal_core_offgrid_white_l4,NORMAL_HOLDOUT,53,1,2,ESTIMATED_ELEVATION,10.2,GROUP_REGISTERED_MODEL_SUPPORTED_UNCALIBRATED,CONDITIONAL_AZIMUTH_RETURNED,7.6 8.2,19305.9211595147,1.38043515155005,2,0.0312500100165639,0.0947205188426747,21,42,0.0054735,36eab15ac254bfe18015ddb533b51d6529910ab8c3f8bf9b62434edd8e561919,e70016c924fdb6837e7a741304fbd992c4d8f05413ba03743350eec5c03963bd,NOT_CALIBRATED_STAGE5,1,1
normal_core_offgrid_white_l4,NORMAL_HOLDOUT,54,1,2,ESTIMATED_ELEVATION,10,GROUP_REGISTERED_MODEL_SUPPORTED_UNCALIBRATED,CONDITIONAL_AZIMUTH_RETURNED,7.6 8.2,19307.2275338817,1.29452775893878,2,0.03125,0.0947534226736655,21,42,0.0050569,ccf433c83d073aaf2f715b179ced026783548b153385064557ffd1b8d59daa8b,e70016c924fdb6837e7a741304fbd992c4d8f05413ba03743350eec5c03963bd,NOT_CALIBRATED_STAGE5,1,1
normal_core_offgrid_white_l4,NORMAL_HOLDOUT,55,1,2,ESTIMATED_ELEVATION,10,GROUP_REGISTERED_MODEL_SUPPORTED_UNCALIBRATED,CONDITIONAL_AZIMUTH_RETURNED,7.6 8.2,19305.9333417585,1.29865003580926,2,0.03125,0.0947804576695734,21,42,0.0056689,ccf433c83d073aaf2f715b179ced026783548b153385064557ffd1b8d59daa8b,e70016c924fdb6837e7a741304fbd992c4d8f05413ba03743350eec5c03963bd,NOT_CALIBRATED_STAGE5,1,1
normal_core_offgrid_white_l4,NORMAL_HOLDOUT,56,1,2,ESTIMATED_ELEVATION,10,GROUP_REGISTERED_MODEL_SUPPORTED_UNCALIBRATED,CONDITIONAL_AZIMUTH_RETURNED,7.6 8.2,19305.6490826279,1.29513781373316,2,0.03125,0.0947385644317169,21,42,0.0049295,ccf433c83d073aaf2f715b179ced026783548b153385064557ffd1b8d59daa8b,e70016c924fdb6837e7a741304fbd992c4d8f05413ba03743350eec5c03963bd,NOT_CALIBRATED_STAGE5,1,1
normal_core_offgrid_white_l4,NORMAL_HOLDOUT,57,1,2,ESTIMATED_ELEVATION,10,GROUP_REGISTERED_MODEL_SUPPORTED_UNCALIBRATED,CONDITIONAL_AZIMUTH_RETURNED,7.6 8.2,19305.0808645787,1.29177221008649,2,0.03125,0.0947565301945066,21,42,0.0061324,ccf433c83d073aaf2f715b179ced026783548b153385064557ffd1b8d59daa8b,e70016c924fdb6837e7a741304fbd992c4d8f05413ba03743350eec5c03963bd,NOT_CALIBRATED_STAGE5,1,1
normal_core_offgrid_white_l4,NORMAL_HOLDOUT,58,1,2,ESTIMATED_ELEVATION,10.2,GROUP_REGISTERED_MODEL_SUPPORTED_UNCALIBRATED,CONDITIONAL_AZIMUTH_RETURNED,7.6 8.2,19306.008548096,1.3932752906876,2,0.0312500100165639,0.0947008513161607,21,42,0.006189,36eab15ac254bfe18015ddb533b51d6529910ab8c3f8bf9b62434edd8e561919,e70016c924fdb6837e7a741304fbd992c4d8f05413ba03743350eec5c03963bd,NOT_CALIBRATED_STAGE5,1,1
normal_core_offgrid_white_l4,NORMAL_HOLDOUT,59,1,2,ESTIMATED_ELEVATION,10.2,GROUP_REGISTERED_MODEL_SUPPORTED_UNCALIBRATED,CONDITIONAL_AZIMUTH_RETURNED,7.6 8.2,19306.5803847409,1.37735999166034,2,0.0312500100165639,0.0947077688856952,21,42,0.0047822,36eab15ac254bfe18015ddb533b51d6529910ab8c3f8bf9b62434edd8e561919,e70016c924fdb6837e7a741304fbd992c4d8f05413ba03743350eec5c03963bd,NOT_CALIBRATED_STAGE5,1,1
normal_core_offgrid_white_l4,NORMAL_HOLDOUT,60,1,2,ESTIMATED_ELEVATION,10,GROUP_REGISTERED_MODEL_SUPPORTED_UNCALIBRATED,CONDITIONAL_AZIMUTH_RETURNED,7.6 8.2,19305.9257124,1.28767189770952,2,0.03125,0.0947484199090923,21,42,0.0053271,ccf433c83d073aaf2f715b179ced026783548b153385064557ffd1b8d59daa8b,e70016c924fdb6837e7a741304fbd992c4d8f05413ba03743350eec5c03963bd,NOT_CALIBRATED_STAGE5,1,1
normal_core_offgrid_white_l4,NORMAL_HOLDOUT,61,1,2,ESTIMATED_ELEVATION,10.2,GROUP_REGISTERED_MODEL_SUPPORTED_UNCALIBRATED,CONDITIONAL_AZIMUTH_RETURNED,7.6 8.2,19306.0213557389,1.38475662174824,2,0.0312500100165639,0.0946922776321732,21,42,0.0065127,36eab15ac254bfe18015ddb533b51d6529910ab8c3f8bf9b62434edd8e561919,e70016c924fdb6837e7a741304fbd992c4d8f05413ba03743350eec5c03963bd,NOT_CALIBRATED_STAGE5,1,1
normal_core_offgrid_white_l4,NORMAL_HOLDOUT,62,1,2,ESTIMATED_ELEVATION,10,GROUP_REGISTERED_MODEL_SUPPORTED_UNCALIBRATED,CONDITIONAL_AZIMUTH_RETURNED,7.6 8.2,19305.4546481151,1.29848334679627,2,0.03125,0.0947417389117031,21,42,0.004711,ccf433c83d073aaf2f715b179ced026783548b153385064557ffd1b8d59daa8b,e70016c924fdb6837e7a741304fbd992c4d8f05413ba03743350eec5c03963bd,NOT_CALIBRATED_STAGE5,1,1
normal_core_offgrid_white_l4,NORMAL_HOLDOUT,63,1,2,ESTIMATED_ELEVATION,10,GROUP_REGISTERED_MODEL_SUPPORTED_UNCALIBRATED,CONDITIONAL_AZIMUTH_RETURNED,7.6 8.2,19305.4913981971,1.29084320083712,2,0.03125,0.0947494502114197,21,42,0.0063251,ccf433c83d073aaf2f715b179ced026783548b153385064557ffd1b8d59daa8b,e70016c924fdb6837e7a741304fbd992c4d8f05413ba03743350eec5c03963bd,NOT_CALIBRATED_STAGE5,1,1
normal_core_offgrid_white_l4,NORMAL_HOLDOUT,64,1,2,ESTIMATED_ELEVATION,10,GROUP_REGISTERED_MODEL_SUPPORTED_UNCALIBRATED,CONDITIONAL_AZIMUTH_RETURNED,7.6 8.2,19306.3239170486,1.30422410356914,2,0.03125,0.0947467025429532,21,42,0.0052807,ccf433c83d073aaf2f715b179ced026783548b153385064557ffd1b8d59daa8b,e70016c924fdb6837e7a741304fbd992c4d8f05413ba03743350eec5c03963bd,NOT_CALIBRATED_STAGE5,1,1
normal_core_offgrid_white_l4,NORMAL_HOLDOUT,65,1,2,ESTIMATED_ELEVATION,10.2,GROUP_REGISTERED_MODEL_SUPPORTED_UNCALIBRATED,CONDITIONAL_AZIMUTH_RETURNED,7.6 8.2,19305.8634142395,1.38413841432703,2,0.0312500100165639,0.0947212382123142,21,42,0.0075052,36eab15ac254bfe18015ddb533b51d6529910ab8c3f8bf9b62434edd8e561919,e70016c924fdb6837e7a741304fbd992c4d8f05413ba03743350eec5c03963bd,NOT_CALIBRATED_STAGE5,1,1
normal_core_offgrid_white_l4,NORMAL_HOLDOUT,66,1,2,ESTIMATED_ELEVATION,10.2,GROUP_REGISTERED_MODEL_SUPPORTED_UNCALIBRATED,CONDITIONAL_AZIMUTH_RETURNED,7.6 8.2,19304.7649808124,1.38358731677727,2,0.0312500100165639,0.0947054152893395,21,42,0.0074619,36eab15ac254bfe18015ddb533b51d6529910ab8c3f8bf9b62434edd8e561919,e70016c924fdb6837e7a741304fbd992c4d8f05413ba03743350eec5c03963bd,NOT_CALIBRATED_STAGE5,1,1
normal_core_offgrid_white_l4,NORMAL_HOLDOUT,67,1,2,ESTIMATED_ELEVATION,10.2,GROUP_REGISTERED_MODEL_SUPPORTED_UNCALIBRATED,CONDITIONAL_AZIMUTH_RETURNED,7.6 8.2,19304.9190353175,1.38382837224344,2,0.0312500100165639,0.0947280406748253,21,42,0.0052903,36eab15ac254bfe18015ddb533b51d6529910ab8c3f8bf9b62434edd8e561919,e70016c924fdb6837e7a741304fbd992c4d8f05413ba03743350eec5c03963bd,NOT_CALIBRATED_STAGE5,1,1
normal_core_offgrid_white_l4,NORMAL_HOLDOUT,68,1,2,ESTIMATED_ELEVATION,10.2,GROUP_REGISTERED_MODEL_SUPPORTED_UNCALIBRATED,CONDITIONAL_AZIMUTH_RETURNED,7.6 8.2,19305.9460781306,1.3728868959297,2,0.0312500100165639,0.0946964921649462,21,42,0.0057797,36eab15ac254bfe18015ddb533b51d6529910ab8c3f8bf9b62434edd8e561919,e70016c924fdb6837e7a741304fbd992c4d8f05413ba03743350eec5c03963bd,NOT_CALIBRATED_STAGE5,1,1
normal_core_offgrid_white_l4,NORMAL_HOLDOUT,69,1,2,ESTIMATED_ELEVATION,10.2,GROUP_REGISTERED_MODEL_SUPPORTED_UNCALIBRATED,CONDITIONAL_AZIMUTH_RETURNED,7.6 8.2,19307.0854625304,1.37664332612258,2,0.0312500100165639,0.0947017384671528,21,42,0.0064591,36eab15ac254bfe18015ddb533b51d6529910ab8c3f8bf9b62434edd8e561919,e70016c924fdb6837e7a741304fbd992c4d8f05413ba03743350eec5c03963bd,NOT_CALIBRATED_STAGE5,1,1
normal_core_offgrid_white_l4,NORMAL_HOLDOUT,70,1,2,ESTIMATED_ELEVATION,10.2,GROUP_REGISTERED_MODEL_SUPPORTED_UNCALIBRATED,CONDITIONAL_AZIMUTH_RETURNED,7.6 8.2,19306.0289377695,1.36505734673483,2,0.0312500100165639,0.0946918467228377,21,42,0.0046738,36eab15ac254bfe18015ddb533b51d6529910ab8c3f8bf9b62434edd8e561919,e70016c924fdb6837e7a741304fbd992c4d8f05413ba03743350eec5c03963bd,NOT_CALIBRATED_STAGE5,1,1
normal_core_offgrid_white_l4,NORMAL_HOLDOUT,71,1,2,ESTIMATED_ELEVATION,10,GROUP_REGISTERED_MODEL_SUPPORTED_UNCALIBRATED,CONDITIONAL_AZIMUTH_RETURNED,7.6 8.2,19305.4833088112,1.29954428354904,2,0.03125,0.0947321209945995,21,42,0.0055806,ccf433c83d073aaf2f715b179ced026783548b153385064557ffd1b8d59daa8b,e70016c924fdb6837e7a741304fbd992c4d8f05413ba03743350eec5c03963bd,NOT_CALIBRATED_STAGE5,1,1
normal_core_offgrid_white_l4,NORMAL_HOLDOUT,72,1,2,ESTIMATED_ELEVATION,10.2,GROUP_REGISTERED_MODEL_SUPPORTED_UNCALIBRATED,CONDITIONAL_AZIMUTH_RETURNED,7.6 8.2,19305.2457433096,1.38063091384174,2,0.0312500100165639,0.0947358945476453,21,42,0.0060931,36eab15ac254bfe18015ddb533b51d6529910ab8c3f8bf9b62434edd8e561919,e70016c924fdb6837e7a741304fbd992c4d8f05413ba03743350eec5c03963bd,NOT_CALIBRATED_STAGE5,1,1
normal_core_offgrid_white_l4,NORMAL_HOLDOUT,73,1,2,ESTIMATED_ELEVATION,10.2,GROUP_REGISTERED_MODEL_SUPPORTED_UNCALIBRATED,CONDITIONAL_AZIMUTH_RETURNED,7.6 8.2,19306.1330288795,1.38195943980099,2,0.0312500100165639,0.0947240557103746,21,42,0.0051816,36eab15ac254bfe18015ddb533b51d6529910ab8c3f8bf9b62434edd8e561919,e70016c924fdb6837e7a741304fbd992c4d8f05413ba03743350eec5c03963bd,NOT_CALIBRATED_STAGE5,1,1
normal_core_offgrid_white_l4,NORMAL_HOLDOUT,74,1,2,ESTIMATED_ELEVATION,10.2,GROUP_REGISTERED_MODEL_SUPPORTED_UNCALIBRATED,CONDITIONAL_AZIMUTH_RETURNED,7.6 8.2,19305.7865312973,1.39594726565338,2,0.0312500100165639,0.0947303350074367,21,42,0.0055201,36eab15ac254bfe18015ddb533b51d6529910ab8c3f8bf9b62434edd8e561919,e70016c924fdb6837e7a741304fbd992c4d8f05413ba03743350eec5c03963bd,NOT_CALIBRATED_STAGE5,1,1
normal_core_offgrid_white_l4,NORMAL_HOLDOUT,75,1,2,ESTIMATED_ELEVATION,10.2,GROUP_REGISTERED_MODEL_SUPPORTED_UNCALIBRATED,CONDITIONAL_AZIMUTH_RETURNED,7.6 8.2,19305.5306793317,1.38743571550367,2,0.0312500100165639,0.0947369040882934,21,42,0.0048683,36eab15ac254bfe18015ddb533b51d6529910ab8c3f8bf9b62434edd8e561919,e70016c924fdb6837e7a741304fbd992c4d8f05413ba03743350eec5c03963bd,NOT_CALIBRATED_STAGE5,1,1
normal_core_offgrid_white_l4,NORMAL_HOLDOUT,76,1,2,ESTIMATED_ELEVATION,10.2,GROUP_REGISTERED_MODEL_SUPPORTED_UNCALIBRATED,CONDITIONAL_AZIMUTH_RETURNED,7.6 8.2,19305.0905475237,1.38509681308642,2,0.0312500100165639,0.0947190158254721,21,42,0.0110758,36eab15ac254bfe18015ddb533b51d6529910ab8c3f8bf9b62434edd8e561919,e70016c924fdb6837e7a741304fbd992c4d8f05413ba03743350eec5c03963bd,NOT_CALIBRATED_STAGE5,1,1
normal_core_offgrid_white_l4,NORMAL_HOLDOUT,77,1,2,ESTIMATED_ELEVATION,10,GROUP_REGISTERED_MODEL_SUPPORTED_UNCALIBRATED,CONDITIONAL_AZIMUTH_RETURNED,7.6 8.2,19305.3001247046,1.29221285021777,2,0.03125,0.0947525326628106,21,42,0.0050026,ccf433c83d073aaf2f715b179ced026783548b153385064557ffd1b8d59daa8b,e70016c924fdb6837e7a741304fbd992c4d8f05413ba03743350eec5c03963bd,NOT_CALIBRATED_STAGE5,1,1
normal_core_offgrid_white_l4,NORMAL_HOLDOUT,78,1,2,ESTIMATED_ELEVATION,10,GROUP_REGISTERED_MODEL_SUPPORTED_UNCALIBRATED,CONDITIONAL_AZIMUTH_RETURNED,7.6 8.2,19306.6351235871,1.29113556897937,2,0.03125,0.0947462215339117,21,42,0.0046408,ccf433c83d073aaf2f715b179ced026783548b153385064557ffd1b8d59daa8b,e70016c924fdb6837e7a741304fbd992c4d8f05413ba03743350eec5c03963bd,NOT_CALIBRATED_STAGE5,1,1
normal_core_offgrid_white_l4,NORMAL_HOLDOUT,79,1,2,ESTIMATED_ELEVATION,10.2,GROUP_REGISTERED_MODEL_SUPPORTED_UNCALIBRATED,CONDITIONAL_AZIMUTH_RETURNED,7.6 8.2,19305.8601670257,1.39136191001307,2,0.0312500100165639,0.094705923057464,21,42,0.006302,36eab15ac254bfe18015ddb533b51d6529910ab8c3f8bf9b62434edd8e561919,e70016c924fdb6837e7a741304fbd992c4d8f05413ba03743350eec5c03963bd,NOT_CALIBRATED_STAGE5,1,1
normal_core_offgrid_white_l4,NORMAL_HOLDOUT,80,1,2,ESTIMATED_ELEVATION,10,GROUP_REGISTERED_MODEL_SUPPORTED_UNCALIBRATED,CONDITIONAL_AZIMUTH_RETURNED,7.6 8.2,19306.2485889327,1.29523863577924,2,0.03125,0.094734302880882,21,42,0.0054306,ccf433c83d073aaf2f715b179ced026783548b153385064557ffd1b8d59daa8b,e70016c924fdb6837e7a741304fbd992c4d8f05413ba03743350eec5c03963bd,NOT_CALIBRATED_STAGE5,1,1
normal_core_offgrid_white_l4,NORMAL_HOLDOUT,81,1,2,ESTIMATED_ELEVATION,10,GROUP_REGISTERED_MODEL_SUPPORTED_UNCALIBRATED,CONDITIONAL_AZIMUTH_RETURNED,7.6 8.2,19305.7978149395,1.30215217603472,2,0.03125,0.0947515254666655,21,42,0.0064148,ccf433c83d073aaf2f715b179ced026783548b153385064557ffd1b8d59daa8b,e70016c924fdb6837e7a741304fbd992c4d8f05413ba03743350eec5c03963bd,NOT_CALIBRATED_STAGE5,1,1
normal_core_offgrid_white_l4,NORMAL_HOLDOUT,82,1,2,ESTIMATED_ELEVATION,10,GROUP_REGISTERED_MODEL_SUPPORTED_UNCALIBRATED,CONDITIONAL_AZIMUTH_RETURNED,7.6 8.2,19304.4732753944,1.31010092024007,2,0.03125,0.0947367028106624,21,42,0.0057569,ccf433c83d073aaf2f715b179ced026783548b153385064557ffd1b8d59daa8b,e70016c924fdb6837e7a741304fbd992c4d8f05413ba03743350eec5c03963bd,NOT_CALIBRATED_STAGE5,1,1
normal_core_offgrid_white_l4,NORMAL_HOLDOUT,83,1,2,ESTIMATED_ELEVATION,10,GROUP_REGISTERED_MODEL_SUPPORTED_UNCALIBRATED,CONDITIONAL_AZIMUTH_RETURNED,7.6 8.2,19306.2084161276,1.29723681989708,2,0.03125,0.0947560616717384,21,42,0.0066346,ccf433c83d073aaf2f715b179ced026783548b153385064557ffd1b8d59daa8b,e70016c924fdb6837e7a741304fbd992c4d8f05413ba03743350eec5c03963bd,NOT_CALIBRATED_STAGE5,1,1
normal_core_offgrid_white_l4,NORMAL_HOLDOUT,84,1,2,ESTIMATED_ELEVATION,10,GROUP_REGISTERED_MODEL_SUPPORTED_UNCALIBRATED,CONDITIONAL_AZIMUTH_RETURNED,7.6 8.2,19305.4434425177,1.30093248292178,2,0.03125,0.0947218670932088,21,42,0.0044271,ccf433c83d073aaf2f715b179ced026783548b153385064557ffd1b8d59daa8b,e70016c924fdb6837e7a741304fbd992c4d8f05413ba03743350eec5c03963bd,NOT_CALIBRATED_STAGE5,1,1
normal_core_offgrid_white_l4,NORMAL_HOLDOUT,85,1,2,ESTIMATED_ELEVATION,10.2,GROUP_REGISTERED_MODEL_SUPPORTED_UNCALIBRATED,CONDITIONAL_AZIMUTH_RETURNED,7.6 8.2,19307.2166709914,1.39482934598709,2,0.0312500100165639,0.0947672317892552,21,42,0.0043318,36eab15ac254bfe18015ddb533b51d6529910ab8c3f8bf9b62434edd8e561919,e70016c924fdb6837e7a741304fbd992c4d8f05413ba03743350eec5c03963bd,NOT_CALIBRATED_STAGE5,1,1
normal_core_offgrid_white_l4,NORMAL_HOLDOUT,86,1,2,ESTIMATED_ELEVATION,10.2,GROUP_REGISTERED_MODEL_SUPPORTED_UNCALIBRATED,CONDITIONAL_AZIMUTH_RETURNED,7.6 8.2,19306.2145770181,1.39030226840987,2,0.0312500100165639,0.0946898479888668,21,42,0.0055862,36eab15ac254bfe18015ddb533b51d6529910ab8c3f8bf9b62434edd8e561919,e70016c924fdb6837e7a741304fbd992c4d8f05413ba03743350eec5c03963bd,NOT_CALIBRATED_STAGE5,1,1
normal_core_offgrid_white_l4,NORMAL_HOLDOUT,87,1,2,ESTIMATED_ELEVATION,10.2,GROUP_REGISTERED_MODEL_SUPPORTED_UNCALIBRATED,CONDITIONAL_AZIMUTH_RETURNED,7.6 8.2,19305.6684337058,1.37328404849904,2,0.0312500100165639,0.0947209390847124,21,42,0.0060868,36eab15ac254bfe18015ddb533b51d6529910ab8c3f8bf9b62434edd8e561919,e70016c924fdb6837e7a741304fbd992c4d8f05413ba03743350eec5c03963bd,NOT_CALIBRATED_STAGE5,1,1
normal_core_offgrid_white_l4,NORMAL_HOLDOUT,88,1,2,ESTIMATED_ELEVATION,10,GROUP_REGISTERED_MODEL_SUPPORTED_UNCALIBRATED,CONDITIONAL_AZIMUTH_RETURNED,7.6 8.2,19305.7164088666,1.29429912050546,2,0.03125,0.0947369731814684,21,42,0.0066165,ccf433c83d073aaf2f715b179ced026783548b153385064557ffd1b8d59daa8b,e70016c924fdb6837e7a741304fbd992c4d8f05413ba03743350eec5c03963bd,NOT_CALIBRATED_STAGE5,1,1
normal_core_offgrid_white_l4,NORMAL_HOLDOUT,89,1,2,ESTIMATED_ELEVATION,10.2,GROUP_REGISTERED_MODEL_SUPPORTED_UNCALIBRATED,CONDITIONAL_AZIMUTH_RETURNED,7.6 8.2,19305.4061210684,1.38147245377695,2,0.0312500100165639,0.0947406798723653,21,42,0.0059205,36eab15ac254bfe18015ddb533b51d6529910ab8c3f8bf9b62434edd8e561919,e70016c924fdb6837e7a741304fbd992c4d8f05413ba03743350eec5c03963bd,NOT_CALIBRATED_STAGE5,1,1
normal_core_offgrid_white_l4,NORMAL_HOLDOUT,90,1,2,ESTIMATED_ELEVATION,10,GROUP_REGISTERED_MODEL_SUPPORTED_UNCALIBRATED,CONDITIONAL_AZIMUTH_RETURNED,7.6 8.2,19304.7346240793,1.29893172280572,2,0.03125,0.0947425190962731,21,42,0.0055989,ccf433c83d073aaf2f715b179ced026783548b153385064557ffd1b8d59daa8b,e70016c924fdb6837e7a741304fbd992c4d8f05413ba03743350eec5c03963bd,NOT_CALIBRATED_STAGE5,1,1
normal_core_offgrid_white_l4,NORMAL_HOLDOUT,91,1,2,ESTIMATED_ELEVATION,10,GROUP_REGISTERED_MODEL_SUPPORTED_UNCALIBRATED,CONDITIONAL_AZIMUTH_RETURNED,7.6 8.2,19305.0437851936,1.29827932178523,2,0.03125,0.0947456091043436,21,42,0.0069616,ccf433c83d073aaf2f715b179ced026783548b153385064557ffd1b8d59daa8b,e70016c924fdb6837e7a741304fbd992c4d8f05413ba03743350eec5c03963bd,NOT_CALIBRATED_STAGE5,1,1
normal_core_offgrid_white_l4,NORMAL_HOLDOUT,92,1,2,ESTIMATED_ELEVATION,10.2,GROUP_REGISTERED_MODEL_SUPPORTED_UNCALIBRATED,CONDITIONAL_AZIMUTH_RETURNED,7.6 8.2,19305.4143332262,1.38670134977656,2,0.0312500100165639,0.0946952033343884,21,42,0.0052489,36eab15ac254bfe18015ddb533b51d6529910ab8c3f8bf9b62434edd8e561919,e70016c924fdb6837e7a741304fbd992c4d8f05413ba03743350eec5c03963bd,NOT_CALIBRATED_STAGE5,1,1
normal_core_offgrid_white_l4,NORMAL_HOLDOUT,93,1,2,ESTIMATED_ELEVATION,10.2,GROUP_REGISTERED_MODEL_SUPPORTED_UNCALIBRATED,CONDITIONAL_AZIMUTH_RETURNED,7.6 8.2,19305.4262768829,1.37948467846581,2,0.0312500100165639,0.0947308804482427,21,42,0.005932,36eab15ac254bfe18015ddb533b51d6529910ab8c3f8bf9b62434edd8e561919,e70016c924fdb6837e7a741304fbd992c4d8f05413ba03743350eec5c03963bd,NOT_CALIBRATED_STAGE5,1,1
normal_core_offgrid_white_l4,NORMAL_HOLDOUT,94,1,2,ESTIMATED_ELEVATION,10.2,GROUP_REGISTERED_MODEL_SUPPORTED_UNCALIBRATED,CONDITIONAL_AZIMUTH_RETURNED,7.6 8.2,19308.0980979705,1.38176342528459,2,0.0312500100165639,0.0947169617881311,21,42,0.0043614,36eab15ac254bfe18015ddb533b51d6529910ab8c3f8bf9b62434edd8e561919,e70016c924fdb6837e7a741304fbd992c4d8f05413ba03743350eec5c03963bd,NOT_CALIBRATED_STAGE5,1,1
normal_core_offgrid_white_l4,NORMAL_HOLDOUT,95,1,2,ESTIMATED_ELEVATION,10.2,GROUP_REGISTERED_MODEL_SUPPORTED_UNCALIBRATED,CONDITIONAL_AZIMUTH_RETURNED,7.6 8.2,19304.1021913585,1.38138161169263,2,0.0312500100165639,0.0946974452317206,21,42,0.0065845,36eab15ac254bfe18015ddb533b51d6529910ab8c3f8bf9b62434edd8e561919,e70016c924fdb6837e7a741304fbd992c4d8f05413ba03743350eec5c03963bd,NOT_CALIBRATED_STAGE5,1,1
normal_core_offgrid_white_l4,NORMAL_HOLDOUT,96,1,2,ESTIMATED_ELEVATION,10,GROUP_REGISTERED_MODEL_SUPPORTED_UNCALIBRATED,CONDITIONAL_AZIMUTH_RETURNED,7.6 8.2,19306.3124778653,1.2968788204962,2,0.03125,0.0947362831989773,21,42,0.0076276,ccf433c83d073aaf2f715b179ced026783548b153385064557ffd1b8d59daa8b,e70016c924fdb6837e7a741304fbd992c4d8f05413ba03743350eec5c03963bd,NOT_CALIBRATED_STAGE5,1,1
normal_core_offgrid_white_l4,NORMAL_HOLDOUT,97,1,2,ESTIMATED_ELEVATION,10.2,GROUP_REGISTERED_MODEL_SUPPORTED_UNCALIBRATED,CONDITIONAL_AZIMUTH_RETURNED,7.6 8.2,19304.7957810979,1.39413248193887,2,0.0312500100165639,0.0947207431393491,21,42,0.0056647,36eab15ac254bfe18015ddb533b51d6529910ab8c3f8bf9b62434edd8e561919,e70016c924fdb6837e7a741304fbd992c4d8f05413ba03743350eec5c03963bd,NOT_CALIBRATED_STAGE5,1,1
normal_core_offgrid_white_l4,NORMAL_HOLDOUT,98,1,2,ESTIMATED_ELEVATION,10.2,GROUP_REGISTERED_MODEL_SUPPORTED_UNCALIBRATED,CONDITIONAL_AZIMUTH_RETURNED,7.6 8.2,19305.2557211391,1.3718248089499,2,0.0312500100165639,0.0946795728763809,21,42,0.0079541,36eab15ac254bfe18015ddb533b51d6529910ab8c3f8bf9b62434edd8e561919,e70016c924fdb6837e7a741304fbd992c4d8f05413ba03743350eec5c03963bd,NOT_CALIBRATED_STAGE5,1,1
normal_core_offgrid_white_l4,NORMAL_HOLDOUT,99,1,2,ESTIMATED_ELEVATION,10,GROUP_REGISTERED_MODEL_SUPPORTED_UNCALIBRATED,CONDITIONAL_AZIMUTH_RETURNED,7.6 8.2,19305.4780911391,1.29634216745399,2,0.03125,0.0947630215344236,21,42,0.0058408,ccf433c83d073aaf2f715b179ced026783548b153385064557ffd1b8d59daa8b,e70016c924fdb6837e7a741304fbd992c4d8f05413ba03743350eec5c03963bd,NOT_CALIBRATED_STAGE5,1,1
normal_core_offgrid_white_l4,NORMAL_HOLDOUT,100,1,2,ESTIMATED_ELEVATION,10.2,GROUP_REGISTERED_MODEL_SUPPORTED_UNCALIBRATED,CONDITIONAL_AZIMUTH_RETURNED,7.6 8.2,19306.2808083683,1.38780784128539,2,0.0312500100165639,0.0947262069996907,21,42,0.0058315,36eab15ac254bfe18015ddb533b51d6529910ab8c3f8bf9b62434edd8e561919,e70016c924fdb6837e7a741304fbd992c4d8f05413ba03743350eec5c03963bd,NOT_CALIBRATED_STAGE5,1,1
normal_core_offgrid_white_l4,NORMAL_HOLDOUT,101,1,2,ESTIMATED_ELEVATION,10.2,GROUP_REGISTERED_MODEL_SUPPORTED_UNCALIBRATED,CONDITIONAL_AZIMUTH_RETURNED,7.6 8.2,19305.6462648268,1.39105550977911,2,0.0312500100165639,0.0947445430348513,21,42,0.006426,36eab15ac254bfe18015ddb533b51d6529910ab8c3f8bf9b62434edd8e561919,e70016c924fdb6837e7a741304fbd992c4d8f05413ba03743350eec5c03963bd,NOT_CALIBRATED_STAGE5,1,1
normal_core_offgrid_white_l4,NORMAL_HOLDOUT,102,1,2,ESTIMATED_ELEVATION,10,GROUP_REGISTERED_MODEL_SUPPORTED_UNCALIBRATED,CONDITIONAL_AZIMUTH_RETURNED,7.6 8.2,19306.0523967556,1.30511672090506,2,0.03125,0.094745777404722,21,42,0.0041487,ccf433c83d073aaf2f715b179ced026783548b153385064557ffd1b8d59daa8b,e70016c924fdb6837e7a741304fbd992c4d8f05413ba03743350eec5c03963bd,NOT_CALIBRATED_STAGE5,1,1
normal_core_offgrid_white_l4,NORMAL_HOLDOUT,103,1,2,ESTIMATED_ELEVATION,10,GROUP_REGISTERED_MODEL_SUPPORTED_UNCALIBRATED,CONDITIONAL_AZIMUTH_RETURNED,7.6 8.2,19305.7162108343,1.29104963997088,2,0.03125,0.0947361747356582,21,42,0.0047119,ccf433c83d073aaf2f715b179ced026783548b153385064557ffd1b8d59daa8b,e70016c924fdb6837e7a741304fbd992c4d8f05413ba03743350eec5c03963bd,NOT_CALIBRATED_STAGE5,1,1
normal_core_offgrid_white_l4,NORMAL_HOLDOUT,104,1,2,ESTIMATED_ELEVATION,10,GROUP_REGISTERED_MODEL_SUPPORTED_UNCALIBRATED,CONDITIONAL_AZIMUTH_RETURNED,7.6 8.2,19306.4707705413,1.29711897990273,2,0.03125,0.094724481556261,21,42,0.0059828,ccf433c83d073aaf2f715b179ced026783548b153385064557ffd1b8d59daa8b,e70016c924fdb6837e7a741304fbd992c4d8f05413ba03743350eec5c03963bd,NOT_CALIBRATED_STAGE5,1,1
normal_core_offgrid_white_l4,NORMAL_HOLDOUT,105,1,2,ESTIMATED_ELEVATION,10,GROUP_REGISTERED_MODEL_SUPPORTED_UNCALIBRATED,CONDITIONAL_AZIMUTH_RETURNED,7.6 8.2,19306.4925091883,1.2908051629056,2,0.03125,0.0947468969288043,21,42,0.006137,ccf433c83d073aaf2f715b179ced026783548b153385064557ffd1b8d59daa8b,e70016c924fdb6837e7a741304fbd992c4d8f05413ba03743350eec5c03963bd,NOT_CALIBRATED_STAGE5,1,1
normal_core_offgrid_white_l4,NORMAL_HOLDOUT,106,1,2,ESTIMATED_ELEVATION,10.2,GROUP_REGISTERED_MODEL_SUPPORTED_UNCALIBRATED,CONDITIONAL_AZIMUTH_RETURNED,7.6 8.2,19305.5039050221,1.39040136998665,2,0.0312500100165639,0.0947102458308115,21,42,0.0058444,36eab15ac254bfe18015ddb533b51d6529910ab8c3f8bf9b62434edd8e561919,e70016c924fdb6837e7a741304fbd992c4d8f05413ba03743350eec5c03963bd,NOT_CALIBRATED_STAGE5,1,1
normal_core_offgrid_white_l4,NORMAL_HOLDOUT,107,1,2,ESTIMATED_ELEVATION,10.2,GROUP_REGISTERED_MODEL_SUPPORTED_UNCALIBRATED,CONDITIONAL_AZIMUTH_RETURNED,7.6 8.2,19305.386116261,1.38259845046196,2,0.0312500100165639,0.0947548668137959,21,42,0.0062221,36eab15ac254bfe18015ddb533b51d6529910ab8c3f8bf9b62434edd8e561919,e70016c924fdb6837e7a741304fbd992c4d8f05413ba03743350eec5c03963bd,NOT_CALIBRATED_STAGE5,1,1
normal_core_offgrid_white_l4,NORMAL_HOLDOUT,108,1,2,ESTIMATED_ELEVATION,10,GROUP_REGISTERED_MODEL_SUPPORTED_UNCALIBRATED,CONDITIONAL_AZIMUTH_RETURNED,7.6 8.2,19304.786877372,1.29339454494766,2,0.03125,0.0947687984004994,21,42,0.0047338,ccf433c83d073aaf2f715b179ced026783548b153385064557ffd1b8d59daa8b,e70016c924fdb6837e7a741304fbd992c4d8f05413ba03743350eec5c03963bd,NOT_CALIBRATED_STAGE5,1,1
normal_core_offgrid_white_l4,NORMAL_HOLDOUT,109,1,2,ESTIMATED_ELEVATION,10.2,GROUP_REGISTERED_MODEL_SUPPORTED_UNCALIBRATED,CONDITIONAL_AZIMUTH_RETURNED,7.6 8.2,19304.9655073409,1.37643920655682,2,0.0312500100165639,0.0947248236001019,21,42,0.0050547,36eab15ac254bfe18015ddb533b51d6529910ab8c3f8bf9b62434edd8e561919,e70016c924fdb6837e7a741304fbd992c4d8f05413ba03743350eec5c03963bd,NOT_CALIBRATED_STAGE5,1,1
normal_core_offgrid_white_l4,NORMAL_HOLDOUT,110,1,2,ESTIMATED_ELEVATION,10.2,GROUP_REGISTERED_MODEL_SUPPORTED_UNCALIBRATED,CONDITIONAL_AZIMUTH_RETURNED,7.6 8.2,19306.8671193813,1.37788229731086,2,0.0312500100165639,0.0947386733437906,21,42,0.0062279,36eab15ac254bfe18015ddb533b51d6529910ab8c3f8bf9b62434edd8e561919,e70016c924fdb6837e7a741304fbd992c4d8f05413ba03743350eec5c03963bd,NOT_CALIBRATED_STAGE5,1,1
normal_core_offgrid_white_l4,NORMAL_HOLDOUT,111,1,2,ESTIMATED_ELEVATION,10.2,GROUP_REGISTERED_MODEL_SUPPORTED_UNCALIBRATED,CONDITIONAL_AZIMUTH_RETURNED,7.6 8.2,19305.6309465182,1.3861891633569,2,0.0312500100165639,0.0946765193946107,21,42,0.0058603,36eab15ac254bfe18015ddb533b51d6529910ab8c3f8bf9b62434edd8e561919,e70016c924fdb6837e7a741304fbd992c4d8f05413ba03743350eec5c03963bd,NOT_CALIBRATED_STAGE5,1,1
normal_core_offgrid_white_l4,NORMAL_HOLDOUT,112,1,2,ESTIMATED_ELEVATION,10.2,GROUP_REGISTERED_MODEL_SUPPORTED_UNCALIBRATED,CONDITIONAL_AZIMUTH_RETURNED,7.6 8.2,19304.4899548701,1.38178104005419,2,0.0312500100165639,0.0947498392142569,21,42,0.0047113,36eab15ac254bfe18015ddb533b51d6529910ab8c3f8bf9b62434edd8e561919,e70016c924fdb6837e7a741304fbd992c4d8f05413ba03743350eec5c03963bd,NOT_CALIBRATED_STAGE5,1,1
normal_core_offgrid_white_l4,NORMAL_HOLDOUT,113,1,2,ESTIMATED_ELEVATION,10,GROUP_REGISTERED_MODEL_SUPPORTED_UNCALIBRATED,CONDITIONAL_AZIMUTH_RETURNED,7.6 8.2,19305.993985099,1.29768514799434,2,0.03125,0.0947093414786863,21,42,0.0058469,ccf433c83d073aaf2f715b179ced026783548b153385064557ffd1b8d59daa8b,e70016c924fdb6837e7a741304fbd992c4d8f05413ba03743350eec5c03963bd,NOT_CALIBRATED_STAGE5,1,1
normal_core_offgrid_white_l4,NORMAL_HOLDOUT,114,1,2,ESTIMATED_ELEVATION,10.2,GROUP_REGISTERED_MODEL_SUPPORTED_UNCALIBRATED,CONDITIONAL_AZIMUTH_RETURNED,7.6 8.2,19307.3159720123,1.39154706633417,2,0.0312500100165639,0.0947228010387409,21,42,0.0056946,36eab15ac254bfe18015ddb533b51d6529910ab8c3f8bf9b62434edd8e561919,e70016c924fdb6837e7a741304fbd992c4d8f05413ba03743350eec5c03963bd,NOT_CALIBRATED_STAGE5,1,1
normal_core_offgrid_white_l4,NORMAL_HOLDOUT,115,1,2,ESTIMATED_ELEVATION,10,GROUP_REGISTERED_MODEL_SUPPORTED_UNCALIBRATED,CONDITIONAL_AZIMUTH_RETURNED,7.6 8.2,19306.0042146492,1.29720371786607,2,0.03125,0.0947562903931331,21,42,0.0051529,ccf433c83d073aaf2f715b179ced026783548b153385064557ffd1b8d59daa8b,e70016c924fdb6837e7a741304fbd992c4d8f05413ba03743350eec5c03963bd,NOT_CALIBRATED_STAGE5,1,1
normal_core_offgrid_white_l4,NORMAL_HOLDOUT,116,1,2,ESTIMATED_ELEVATION,10.2,GROUP_REGISTERED_MODEL_SUPPORTED_UNCALIBRATED,CONDITIONAL_AZIMUTH_RETURNED,7.6 8.2,19304.6607968256,1.37288589663149,2,0.0312500100165639,0.0947137934234804,21,42,0.0052781,36eab15ac254bfe18015ddb533b51d6529910ab8c3f8bf9b62434edd8e561919,e70016c924fdb6837e7a741304fbd992c4d8f05413ba03743350eec5c03963bd,NOT_CALIBRATED_STAGE5,1,1
normal_core_offgrid_white_l4,NORMAL_HOLDOUT,117,1,2,ESTIMATED_ELEVATION,10.2,GROUP_REGISTERED_MODEL_SUPPORTED_UNCALIBRATED,CONDITIONAL_AZIMUTH_RETURNED,7.6 8.2,19306.0859977483,1.38198993476544,2,0.0312500100165639,0.0946876658327487,21,42,0.0050769,36eab15ac254bfe18015ddb533b51d6529910ab8c3f8bf9b62434edd8e561919,e70016c924fdb6837e7a741304fbd992c4d8f05413ba03743350eec5c03963bd,NOT_CALIBRATED_STAGE5,1,1
normal_core_offgrid_white_l4,NORMAL_HOLDOUT,118,1,2,ESTIMATED_ELEVATION,10.2,GROUP_REGISTERED_MODEL_SUPPORTED_UNCALIBRATED,CONDITIONAL_AZIMUTH_RETURNED,7.6 8.2,19304.6781669324,1.37520061057512,2,0.0312500100165639,0.094726162373294,21,42,0.0058528,36eab15ac254bfe18015ddb533b51d6529910ab8c3f8bf9b62434edd8e561919,e70016c924fdb6837e7a741304fbd992c4d8f05413ba03743350eec5c03963bd,NOT_CALIBRATED_STAGE5,1,1
normal_core_offgrid_white_l4,NORMAL_HOLDOUT,119,1,2,ESTIMATED_ELEVATION,10,GROUP_REGISTERED_MODEL_SUPPORTED_UNCALIBRATED,CONDITIONAL_AZIMUTH_RETURNED,7.6 8.2,19306.086333845,1.29629328807277,2,0.03125,0.09475971966683,21,42,0.0057002,ccf433c83d073aaf2f715b179ced026783548b153385064557ffd1b8d59daa8b,e70016c924fdb6837e7a741304fbd992c4d8f05413ba03743350eec5c03963bd,NOT_CALIBRATED_STAGE5,1,1
normal_core_offgrid_white_l4,NORMAL_HOLDOUT,120,1,2,ESTIMATED_ELEVATION,10,GROUP_REGISTERED_MODEL_SUPPORTED_UNCALIBRATED,CONDITIONAL_AZIMUTH_RETURNED,7.6 8.2,19307.0469344324,1.3014011549094,2,0.03125,0.094754538358594,21,42,0.0069436,ccf433c83d073aaf2f715b179ced026783548b153385064557ffd1b8d59daa8b,e70016c924fdb6837e7a741304fbd992c4d8f05413ba03743350eec5c03963bd,NOT_CALIBRATED_STAGE5,1,1
normal_core_offgrid_white_l4,NORMAL_HOLDOUT,121,1,2,ESTIMATED_ELEVATION,10,GROUP_REGISTERED_MODEL_SUPPORTED_UNCALIBRATED,CONDITIONAL_AZIMUTH_RETURNED,7.6 8.2,19307.0594403552,1.29939508987445,2,0.03125,0.0947467050113963,21,42,0.008337,ccf433c83d073aaf2f715b179ced026783548b153385064557ffd1b8d59daa8b,e70016c924fdb6837e7a741304fbd992c4d8f05413ba03743350eec5c03963bd,NOT_CALIBRATED_STAGE5,1,1
normal_core_offgrid_white_l4,NORMAL_HOLDOUT,122,1,2,ESTIMATED_ELEVATION,10.2,GROUP_REGISTERED_MODEL_SUPPORTED_UNCALIBRATED,CONDITIONAL_AZIMUTH_RETURNED,7.6 8.2,19306.2446856098,1.38445809786572,2,0.0312500100165639,0.0947167671931406,21,42,0.0047999,36eab15ac254bfe18015ddb533b51d6529910ab8c3f8bf9b62434edd8e561919,e70016c924fdb6837e7a741304fbd992c4d8f05413ba03743350eec5c03963bd,NOT_CALIBRATED_STAGE5,1,1
normal_core_offgrid_white_l4,NORMAL_HOLDOUT,123,1,2,ESTIMATED_ELEVATION,10,GROUP_REGISTERED_MODEL_SUPPORTED_UNCALIBRATED,CONDITIONAL_AZIMUTH_RETURNED,7.6 8.2,19304.8387171593,1.30440518842079,2,0.03125,0.0947331085109687,21,42,0.0057148,ccf433c83d073aaf2f715b179ced026783548b153385064557ffd1b8d59daa8b,e70016c924fdb6837e7a741304fbd992c4d8f05413ba03743350eec5c03963bd,NOT_CALIBRATED_STAGE5,1,1
normal_core_offgrid_white_l4,NORMAL_HOLDOUT,124,1,2,ESTIMATED_ELEVATION,10,GROUP_REGISTERED_MODEL_SUPPORTED_UNCALIBRATED,CONDITIONAL_AZIMUTH_RETURNED,7.6 8.2,19304.7992988479,1.29927551224682,2,0.03125,0.0947051062330915,21,42,0.0049849,ccf433c83d073aaf2f715b179ced026783548b153385064557ffd1b8d59daa8b,e70016c924fdb6837e7a741304fbd992c4d8f05413ba03743350eec5c03963bd,NOT_CALIBRATED_STAGE5,1,1
normal_core_offgrid_white_l4,NORMAL_HOLDOUT,125,1,2,ESTIMATED_ELEVATION,10.2,GROUP_REGISTERED_MODEL_SUPPORTED_UNCALIBRATED,CONDITIONAL_AZIMUTH_RETURNED,7.6 8.2,19306.013137485,1.37369832814147,2,0.0312500100165639,0.094703221621744,21,42,0.0051412,36eab15ac254bfe18015ddb533b51d6529910ab8c3f8bf9b62434edd8e561919,e70016c924fdb6837e7a741304fbd992c4d8f05413ba03743350eec5c03963bd,NOT_CALIBRATED_STAGE5,1,1
normal_core_offgrid_white_l4,NORMAL_HOLDOUT,126,1,2,ESTIMATED_ELEVATION,10.2,GROUP_REGISTERED_MODEL_SUPPORTED_UNCALIBRATED,CONDITIONAL_AZIMUTH_RETURNED,7.6 8.2,19305.2632056813,1.39549608788366,2,0.0312500100165639,0.0946816131647887,21,42,0.0080864,36eab15ac254bfe18015ddb533b51d6529910ab8c3f8bf9b62434edd8e561919,e70016c924fdb6837e7a741304fbd992c4d8f05413ba03743350eec5c03963bd,NOT_CALIBRATED_STAGE5,1,1
normal_core_offgrid_white_l4,NORMAL_HOLDOUT,127,1,2,ESTIMATED_ELEVATION,10.2,GROUP_REGISTERED_MODEL_SUPPORTED_UNCALIBRATED,CONDITIONAL_AZIMUTH_RETURNED,7.6 8.2,19305.1704188545,1.39004775731519,2,0.0312500100165639,0.0947312559796905,21,42,0.0060019,36eab15ac254bfe18015ddb533b51d6529910ab8c3f8bf9b62434edd8e561919,e70016c924fdb6837e7a741304fbd992c4d8f05413ba03743350eec5c03963bd,NOT_CALIBRATED_STAGE5,1,1
normal_core_offgrid_white_l4,NORMAL_HOLDOUT,128,1,2,ESTIMATED_ELEVATION,10,GROUP_REGISTERED_MODEL_SUPPORTED_UNCALIBRATED,CONDITIONAL_AZIMUTH_RETURNED,7.6 8.2,19305.4917717947,1.29805531671809,2,0.03125,0.0947395493836611,21,42,0.0050085,ccf433c83d073aaf2f715b179ced026783548b153385064557ffd1b8d59daa8b,e70016c924fdb6837e7a741304fbd992c4d8f05413ba03743350eec5c03963bd,NOT_CALIBRATED_STAGE5,1,1
normal_core_offgrid_white_l4,NORMAL_HOLDOUT,129,1,2,ESTIMATED_ELEVATION,10.2,GROUP_REGISTERED_MODEL_SUPPORTED_UNCALIBRATED,CONDITIONAL_AZIMUTH_RETURNED,7.6 8.2,19306.6260100148,1.37836062566203,2,0.0312500100165639,0.0947094778095303,21,42,0.0063245,36eab15ac254bfe18015ddb533b51d6529910ab8c3f8bf9b62434edd8e561919,e70016c924fdb6837e7a741304fbd992c4d8f05413ba03743350eec5c03963bd,NOT_CALIBRATED_STAGE5,1,1
normal_core_offgrid_white_l4,NORMAL_HOLDOUT,130,1,2,ESTIMATED_ELEVATION,10.2,GROUP_REGISTERED_MODEL_SUPPORTED_UNCALIBRATED,CONDITIONAL_AZIMUTH_RETURNED,7.6 8.2,19305.6633132944,1.39562936426955,2,0.0312500100165639,0.0947232084390417,21,42,0.0052905,36eab15ac254bfe18015ddb533b51d6529910ab8c3f8bf9b62434edd8e561919,e70016c924fdb6837e7a741304fbd992c4d8f05413ba03743350eec5c03963bd,NOT_CALIBRATED_STAGE5,1,1
normal_core_offgrid_white_l4,NORMAL_HOLDOUT,131,1,2,ESTIMATED_ELEVATION,10.2,GROUP_REGISTERED_MODEL_SUPPORTED_UNCALIBRATED,CONDITIONAL_AZIMUTH_RETURNED,7.6 8.2,19304.8228531774,1.38675501638136,2,0.0312500100165639,0.0947128454470643,21,42,0.0060162,36eab15ac254bfe18015ddb533b51d6529910ab8c3f8bf9b62434edd8e561919,e70016c924fdb6837e7a741304fbd992c4d8f05413ba03743350eec5c03963bd,NOT_CALIBRATED_STAGE5,1,1
normal_core_offgrid_white_l4,NORMAL_HOLDOUT,132,1,2,ESTIMATED_ELEVATION,10.2,GROUP_REGISTERED_MODEL_SUPPORTED_UNCALIBRATED,CONDITIONAL_AZIMUTH_RETURNED,7.6 8.2,19306.6266309506,1.40164855993862,2,0.0312500100165639,0.0947334095825489,21,42,0.0064741,36eab15ac254bfe18015ddb533b51d6529910ab8c3f8bf9b62434edd8e561919,e70016c924fdb6837e7a741304fbd992c4d8f05413ba03743350eec5c03963bd,NOT_CALIBRATED_STAGE5,1,1
normal_core_offgrid_white_l4,NORMAL_HOLDOUT,133,1,2,ESTIMATED_ELEVATION,10.2,GROUP_REGISTERED_MODEL_SUPPORTED_UNCALIBRATED,CONDITIONAL_AZIMUTH_RETURNED,7.6 8.2,19305.7045602465,1.38739655318932,2,0.0312500100165639,0.0947283438951796,21,42,0.0049902,36eab15ac254bfe18015ddb533b51d6529910ab8c3f8bf9b62434edd8e561919,e70016c924fdb6837e7a741304fbd992c4d8f05413ba03743350eec5c03963bd,NOT_CALIBRATED_STAGE5,1,1
normal_core_offgrid_white_l4,NORMAL_HOLDOUT,134,1,2,ESTIMATED_ELEVATION,10,GROUP_REGISTERED_MODEL_SUPPORTED_UNCALIBRATED,CONDITIONAL_AZIMUTH_RETURNED,7.6 8.2,19305.4677816893,1.29531741322717,2,0.03125,0.0947468411675597,21,42,0.0046005,ccf433c83d073aaf2f715b179ced026783548b153385064557ffd1b8d59daa8b,e70016c924fdb6837e7a741304fbd992c4d8f05413ba03743350eec5c03963bd,NOT_CALIBRATED_STAGE5,1,1
normal_core_offgrid_white_l4,NORMAL_HOLDOUT,135,1,2,ESTIMATED_ELEVATION,10,GROUP_REGISTERED_MODEL_SUPPORTED_UNCALIBRATED,CONDITIONAL_AZIMUTH_RETURNED,7.6 8.2,19305.8904010177,1.29856196655601,2,0.03125,0.0947540307204845,21,42,0.0044158,ccf433c83d073aaf2f715b179ced026783548b153385064557ffd1b8d59daa8b,e70016c924fdb6837e7a741304fbd992c4d8f05413ba03743350eec5c03963bd,NOT_CALIBRATED_STAGE5,1,1
normal_core_offgrid_white_l4,NORMAL_HOLDOUT,136,1,2,ESTIMATED_ELEVATION,10.2,GROUP_REGISTERED_MODEL_SUPPORTED_UNCALIBRATED,CONDITIONAL_AZIMUTH_RETURNED,7.6 8.2,19306.2534197545,1.3847834054759,2,0.0312500100165639,0.0947029206525115,21,42,0.0059503,36eab15ac254bfe18015ddb533b51d6529910ab8c3f8bf9b62434edd8e561919,e70016c924fdb6837e7a741304fbd992c4d8f05413ba03743350eec5c03963bd,NOT_CALIBRATED_STAGE5,1,1
normal_core_offgrid_white_l4,NORMAL_HOLDOUT,137,1,2,ESTIMATED_ELEVATION,10.2,GROUP_REGISTERED_MODEL_SUPPORTED_UNCALIBRATED,CONDITIONAL_AZIMUTH_RETURNED,7.6 8.2,19307.3303179121,1.37411739827439,2,0.0312500100165639,0.0947027345045152,21,42,0.0060755,36eab15ac254bfe18015ddb533b51d6529910ab8c3f8bf9b62434edd8e561919,e70016c924fdb6837e7a741304fbd992c4d8f05413ba03743350eec5c03963bd,NOT_CALIBRATED_STAGE5,1,1
normal_core_offgrid_white_l4,NORMAL_HOLDOUT,138,1,2,ESTIMATED_ELEVATION,10,GROUP_REGISTERED_MODEL_SUPPORTED_UNCALIBRATED,CONDITIONAL_AZIMUTH_RETURNED,7.6 8.2,19305.3479462394,1.29903824272697,2,0.03125,0.0947425506534161,21,42,0.0058755,ccf433c83d073aaf2f715b179ced026783548b153385064557ffd1b8d59daa8b,e70016c924fdb6837e7a741304fbd992c4d8f05413ba03743350eec5c03963bd,NOT_CALIBRATED_STAGE5,1,1
normal_core_offgrid_white_l4,NORMAL_HOLDOUT,139,1,2,ESTIMATED_ELEVATION,10.2,GROUP_REGISTERED_MODEL_SUPPORTED_UNCALIBRATED,CONDITIONAL_AZIMUTH_RETURNED,7.6 8.2,19305.8792805291,1.3894378530531,2,0.0312500100165639,0.0946890663789351,21,42,0.0045182,36eab15ac254bfe18015ddb533b51d6529910ab8c3f8bf9b62434edd8e561919,e70016c924fdb6837e7a741304fbd992c4d8f05413ba03743350eec5c03963bd,NOT_CALIBRATED_STAGE5,1,1
normal_core_offgrid_white_l4,NORMAL_HOLDOUT,140,1,2,ESTIMATED_ELEVATION,10.2,GROUP_REGISTERED_MODEL_SUPPORTED_UNCALIBRATED,CONDITIONAL_AZIMUTH_RETURNED,7.6 8.2,19305.3965244506,1.39483135468618,2,0.0312500100165639,0.0947409822858589,21,42,0.005345,36eab15ac254bfe18015ddb533b51d6529910ab8c3f8bf9b62434edd8e561919,e70016c924fdb6837e7a741304fbd992c4d8f05413ba03743350eec5c03963bd,NOT_CALIBRATED_STAGE5,1,1
normal_core_offgrid_white_l4,NORMAL_HOLDOUT,141,1,2,ESTIMATED_ELEVATION,10.2,GROUP_REGISTERED_MODEL_SUPPORTED_UNCALIBRATED,CONDITIONAL_AZIMUTH_RETURNED,7.6 8.2,19306.587565105,1.37961111268305,2,0.0312500100165639,0.0947039076377965,21,42,0.0054498,36eab15ac254bfe18015ddb533b51d6529910ab8c3f8bf9b62434edd8e561919,e70016c924fdb6837e7a741304fbd992c4d8f05413ba03743350eec5c03963bd,NOT_CALIBRATED_STAGE5,1,1
normal_core_offgrid_white_l4,NORMAL_HOLDOUT,142,1,2,ESTIMATED_ELEVATION,10.2,GROUP_REGISTERED_MODEL_SUPPORTED_UNCALIBRATED,CONDITIONAL_AZIMUTH_RETURNED,7.6 8.2,19305.8147121475,1.36991551540996,2,0.0312500100165639,0.0946835285345203,21,42,0.0062412,36eab15ac254bfe18015ddb533b51d6529910ab8c3f8bf9b62434edd8e561919,e70016c924fdb6837e7a741304fbd992c4d8f05413ba03743350eec5c03963bd,NOT_CALIBRATED_STAGE5,1,1
normal_core_offgrid_white_l4,NORMAL_HOLDOUT,143,1,2,ESTIMATED_ELEVATION,10.2,GROUP_REGISTERED_MODEL_SUPPORTED_UNCALIBRATED,CONDITIONAL_AZIMUTH_RETURNED,7.6 8.2,19305.8529639242,1.38203923219407,2,0.0312500100165639,0.0947233158315326,21,42,0.0042597,36eab15ac254bfe18015ddb533b51d6529910ab8c3f8bf9b62434edd8e561919,e70016c924fdb6837e7a741304fbd992c4d8f05413ba03743350eec5c03963bd,NOT_CALIBRATED_STAGE5,1,1
normal_core_offgrid_white_l4,NORMAL_HOLDOUT,144,1,2,ESTIMATED_ELEVATION,10.2,GROUP_REGISTERED_MODEL_SUPPORTED_UNCALIBRATED,CONDITIONAL_AZIMUTH_RETURNED,7.6 8.2,19305.64431228,1.37455607113225,2,0.0312500100165639,0.0947055081653358,21,42,0.005477,36eab15ac254bfe18015ddb533b51d6529910ab8c3f8bf9b62434edd8e561919,e70016c924fdb6837e7a741304fbd992c4d8f05413ba03743350eec5c03963bd,NOT_CALIBRATED_STAGE5,1,1
normal_core_offgrid_white_l4,NORMAL_HOLDOUT,145,1,2,ESTIMATED_ELEVATION,10,GROUP_REGISTERED_MODEL_SUPPORTED_UNCALIBRATED,CONDITIONAL_AZIMUTH_RETURNED,7.6 8.2,19305.14395883,1.30029500159435,2,0.03125,0.0947583811173872,21,42,0.0057902,ccf433c83d073aaf2f715b179ced026783548b153385064557ffd1b8d59daa8b,e70016c924fdb6837e7a741304fbd992c4d8f05413ba03743350eec5c03963bd,NOT_CALIBRATED_STAGE5,1,1
normal_core_offgrid_white_l4,NORMAL_HOLDOUT,146,1,2,ESTIMATED_ELEVATION,10,GROUP_REGISTERED_MODEL_SUPPORTED_UNCALIBRATED,CONDITIONAL_AZIMUTH_RETURNED,7.6 8.2,19305.4395081869,1.29143477412435,2,0.03125,0.094767371652759,21,42,0.0064813,ccf433c83d073aaf2f715b179ced026783548b153385064557ffd1b8d59daa8b,e70016c924fdb6837e7a741304fbd992c4d8f05413ba03743350eec5c03963bd,NOT_CALIBRATED_STAGE5,1,1
normal_core_offgrid_white_l4,NORMAL_HOLDOUT,147,1,2,ESTIMATED_ELEVATION,10.2,GROUP_REGISTERED_MODEL_SUPPORTED_UNCALIBRATED,CONDITIONAL_AZIMUTH_RETURNED,7.6 8.2,19306.3450342724,1.37834320397815,2,0.0312500100165639,0.094717738437683,21,42,0.0057358,36eab15ac254bfe18015ddb533b51d6529910ab8c3f8bf9b62434edd8e561919,e70016c924fdb6837e7a741304fbd992c4d8f05413ba03743350eec5c03963bd,NOT_CALIBRATED_STAGE5,1,1
normal_core_offgrid_white_l4,NORMAL_HOLDOUT,148,1,2,ESTIMATED_ELEVATION,10.2,GROUP_REGISTERED_MODEL_SUPPORTED_UNCALIBRATED,CONDITIONAL_AZIMUTH_RETURNED,7.6 8.2,19307.2567743593,1.37820285395719,2,0.0312500100165639,0.0947118432228503,21,42,0.0053107,36eab15ac254bfe18015ddb533b51d6529910ab8c3f8bf9b62434edd8e561919,e70016c924fdb6837e7a741304fbd992c4d8f05413ba03743350eec5c03963bd,NOT_CALIBRATED_STAGE5,1,1
normal_core_offgrid_white_l4,NORMAL_HOLDOUT,149,1,2,ESTIMATED_ELEVATION,10,GROUP_REGISTERED_MODEL_SUPPORTED_UNCALIBRATED,CONDITIONAL_AZIMUTH_RETURNED,7.6 8.2,19306.4313080729,1.30807306432325,2,0.03125,0.0947195990734846,21,42,0.0051455,ccf433c83d073aaf2f715b179ced026783548b153385064557ffd1b8d59daa8b,e70016c924fdb6837e7a741304fbd992c4d8f05413ba03743350eec5c03963bd,NOT_CALIBRATED_STAGE5,1,1
normal_core_offgrid_white_l4,NORMAL_HOLDOUT,150,1,2,ESTIMATED_ELEVATION,10.2,GROUP_REGISTERED_MODEL_SUPPORTED_UNCALIBRATED,CONDITIONAL_AZIMUTH_RETURNED,7.6 8.2,19306.6376478245,1.38559485519727,2,0.0312500100165639,0.0947179701824102,21,42,0.0065051,36eab15ac254bfe18015ddb533b51d6529910ab8c3f8bf9b62434edd8e561919,e70016c924fdb6837e7a741304fbd992c4d8f05413ba03743350eec5c03963bd,NOT_CALIBRATED_STAGE5,1,1
normal_core_offgrid_white_l4,NORMAL_HOLDOUT,151,1,2,ESTIMATED_ELEVATION,10.2,GROUP_REGISTERED_MODEL_SUPPORTED_UNCALIBRATED,CONDITIONAL_AZIMUTH_RETURNED,7.6 8.2,19305.5903467918,1.38977059629906,2,0.0312500100165639,0.0947546430030387,21,42,0.0069033,36eab15ac254bfe18015ddb533b51d6529910ab8c3f8bf9b62434edd8e561919,e70016c924fdb6837e7a741304fbd992c4d8f05413ba03743350eec5c03963bd,NOT_CALIBRATED_STAGE5,1,1
normal_core_offgrid_white_l4,NORMAL_HOLDOUT,152,1,2,ESTIMATED_ELEVATION,10.2,GROUP_REGISTERED_MODEL_SUPPORTED_UNCALIBRATED,CONDITIONAL_AZIMUTH_RETURNED,7.6 8.2,19306.6095722634,1.38441481927657,2,0.0312500100165639,0.0947261606014833,21,42,0.0060881,36eab15ac254bfe18015ddb533b51d6529910ab8c3f8bf9b62434edd8e561919,e70016c924fdb6837e7a741304fbd992c4d8f05413ba03743350eec5c03963bd,NOT_CALIBRATED_STAGE5,1,1
normal_core_offgrid_white_l4,NORMAL_HOLDOUT,153,1,2,ESTIMATED_ELEVATION,10,GROUP_REGISTERED_MODEL_SUPPORTED_UNCALIBRATED,CONDITIONAL_AZIMUTH_RETURNED,7.6 8.2,19305.5555507062,1.29049478329034,2,0.03125,0.0947180943593696,21,42,0.0078221,ccf433c83d073aaf2f715b179ced026783548b153385064557ffd1b8d59daa8b,e70016c924fdb6837e7a741304fbd992c4d8f05413ba03743350eec5c03963bd,NOT_CALIBRATED_STAGE5,1,1
normal_core_offgrid_white_l4,NORMAL_HOLDOUT,154,1,2,ESTIMATED_ELEVATION,10.2,GROUP_REGISTERED_MODEL_SUPPORTED_UNCALIBRATED,CONDITIONAL_AZIMUTH_RETURNED,7.6 8.2,19306.2014012591,1.38416055242851,2,0.0312500100165639,0.0947057609122591,21,42,0.0063623,36eab15ac254bfe18015ddb533b51d6529910ab8c3f8bf9b62434edd8e561919,e70016c924fdb6837e7a741304fbd992c4d8f05413ba03743350eec5c03963bd,NOT_CALIBRATED_STAGE5,1,1
normal_core_offgrid_white_l4,NORMAL_HOLDOUT,155,1,2,ESTIMATED_ELEVATION,10.2,GROUP_REGISTERED_MODEL_SUPPORTED_UNCALIBRATED,CONDITIONAL_AZIMUTH_RETURNED,7.6 8.2,19306.1352605311,1.37612717022057,2,0.0312500100165639,0.0947118240751156,21,42,0.0054653,36eab15ac254bfe18015ddb533b51d6529910ab8c3f8bf9b62434edd8e561919,e70016c924fdb6837e7a741304fbd992c4d8f05413ba03743350eec5c03963bd,NOT_CALIBRATED_STAGE5,1,1
normal_core_offgrid_white_l4,NORMAL_HOLDOUT,156,1,2,ESTIMATED_ELEVATION,10.2,GROUP_REGISTERED_MODEL_SUPPORTED_UNCALIBRATED,CONDITIONAL_AZIMUTH_RETURNED,7.6 8.2,19304.6468841258,1.37870254214067,2,0.0312500100165639,0.0947107762992762,21,42,0.0047403,36eab15ac254bfe18015ddb533b51d6529910ab8c3f8bf9b62434edd8e561919,e70016c924fdb6837e7a741304fbd992c4d8f05413ba03743350eec5c03963bd,NOT_CALIBRATED_STAGE5,1,1
normal_core_offgrid_white_l4,NORMAL_HOLDOUT,157,1,2,ESTIMATED_ELEVATION,10.2,GROUP_REGISTERED_MODEL_SUPPORTED_UNCALIBRATED,CONDITIONAL_AZIMUTH_RETURNED,7.6 8.2,19305.587690222,1.3895575556744,2,0.0312500100165639,0.0947474347099296,21,42,0.0064196,36eab15ac254bfe18015ddb533b51d6529910ab8c3f8bf9b62434edd8e561919,e70016c924fdb6837e7a741304fbd992c4d8f05413ba03743350eec5c03963bd,NOT_CALIBRATED_STAGE5,1,1
normal_core_offgrid_white_l4,NORMAL_HOLDOUT,158,1,2,ESTIMATED_ELEVATION,10.2,GROUP_REGISTERED_MODEL_SUPPORTED_UNCALIBRATED,CONDITIONAL_AZIMUTH_RETURNED,7.6 8.2,19306.9455983596,1.38053551024495,2,0.0312500100165639,0.0947207709644018,21,42,0.0061046,36eab15ac254bfe18015ddb533b51d6529910ab8c3f8bf9b62434edd8e561919,e70016c924fdb6837e7a741304fbd992c4d8f05413ba03743350eec5c03963bd,NOT_CALIBRATED_STAGE5,1,1
normal_core_offgrid_white_l4,NORMAL_HOLDOUT,159,1,2,ESTIMATED_ELEVATION,10,GROUP_REGISTERED_MODEL_SUPPORTED_UNCALIBRATED,CONDITIONAL_AZIMUTH_RETURNED,7.6 8.2,19305.4388477912,1.29561041569468,2,0.03125,0.0947188734374241,21,42,0.0065055,ccf433c83d073aaf2f715b179ced026783548b153385064557ffd1b8d59daa8b,e70016c924fdb6837e7a741304fbd992c4d8f05413ba03743350eec5c03963bd,NOT_CALIBRATED_STAGE5,1,1
normal_core_offgrid_white_l4,NORMAL_HOLDOUT,160,1,2,ESTIMATED_ELEVATION,10,GROUP_REGISTERED_MODEL_SUPPORTED_UNCALIBRATED,CONDITIONAL_AZIMUTH_RETURNED,7.6 8.2,19305.6712571964,1.30618184609557,2,0.03125,0.0947343911517929,21,42,0.0058848,ccf433c83d073aaf2f715b179ced026783548b153385064557ffd1b8d59daa8b,e70016c924fdb6837e7a741304fbd992c4d8f05413ba03743350eec5c03963bd,NOT_CALIBRATED_STAGE5,1,1
normal_core_offgrid_white_l4,NORMAL_HOLDOUT,161,1,2,ESTIMATED_ELEVATION,10,GROUP_REGISTERED_MODEL_SUPPORTED_UNCALIBRATED,CONDITIONAL_AZIMUTH_RETURNED,7.6 8.2,19305.3697342573,1.28667165343722,2,0.03125,0.0947348866875284,21,42,0.0057722,ccf433c83d073aaf2f715b179ced026783548b153385064557ffd1b8d59daa8b,e70016c924fdb6837e7a741304fbd992c4d8f05413ba03743350eec5c03963bd,NOT_CALIBRATED_STAGE5,1,1
normal_core_offgrid_white_l4,NORMAL_HOLDOUT,162,1,2,ESTIMATED_ELEVATION,10,GROUP_REGISTERED_MODEL_SUPPORTED_UNCALIBRATED,CONDITIONAL_AZIMUTH_RETURNED,7.6 8.2,19304.7415097989,1.30395009843414,2,0.03125,0.0947275311721483,21,42,0.0073316,ccf433c83d073aaf2f715b179ced026783548b153385064557ffd1b8d59daa8b,e70016c924fdb6837e7a741304fbd992c4d8f05413ba03743350eec5c03963bd,NOT_CALIBRATED_STAGE5,1,1
normal_core_offgrid_white_l4,NORMAL_HOLDOUT,163,1,2,ESTIMATED_ELEVATION,10.2,GROUP_REGISTERED_MODEL_SUPPORTED_UNCALIBRATED,CONDITIONAL_AZIMUTH_RETURNED,7.6 8.2,19304.5543961553,1.38192848892868,2,0.0312500100165639,0.0946900785435285,21,42,0.0056272,36eab15ac254bfe18015ddb533b51d6529910ab8c3f8bf9b62434edd8e561919,e70016c924fdb6837e7a741304fbd992c4d8f05413ba03743350eec5c03963bd,NOT_CALIBRATED_STAGE5,1,1
normal_core_offgrid_white_l4,NORMAL_HOLDOUT,164,1,2,ESTIMATED_ELEVATION,10,GROUP_REGISTERED_MODEL_SUPPORTED_UNCALIBRATED,CONDITIONAL_AZIMUTH_RETURNED,7.6 8.2,19304.4943967958,1.30185660477582,2,0.03125,0.0947542660733117,21,42,0.0061287,ccf433c83d073aaf2f715b179ced026783548b153385064557ffd1b8d59daa8b,e70016c924fdb6837e7a741304fbd992c4d8f05413ba03743350eec5c03963bd,NOT_CALIBRATED_STAGE5,1,1
normal_core_offgrid_white_l4,NORMAL_HOLDOUT,165,1,2,ESTIMATED_ELEVATION,10,GROUP_REGISTERED_MODEL_SUPPORTED_UNCALIBRATED,CONDITIONAL_AZIMUTH_RETURNED,7.6 8.2,19305.525163227,1.28877530124373,2,0.03125,0.0947509831404321,21,42,0.0051846,ccf433c83d073aaf2f715b179ced026783548b153385064557ffd1b8d59daa8b,e70016c924fdb6837e7a741304fbd992c4d8f05413ba03743350eec5c03963bd,NOT_CALIBRATED_STAGE5,1,1
normal_core_offgrid_white_l4,NORMAL_HOLDOUT,166,1,2,ESTIMATED_ELEVATION,10.2,GROUP_REGISTERED_MODEL_SUPPORTED_UNCALIBRATED,CONDITIONAL_AZIMUTH_RETURNED,7.6 8.2,19306.887518663,1.39175711274584,2,0.0312500100165639,0.0947279739662069,21,42,0.0048763,36eab15ac254bfe18015ddb533b51d6529910ab8c3f8bf9b62434edd8e561919,e70016c924fdb6837e7a741304fbd992c4d8f05413ba03743350eec5c03963bd,NOT_CALIBRATED_STAGE5,1,1
normal_core_offgrid_white_l4,NORMAL_HOLDOUT,167,1,2,ESTIMATED_ELEVATION,10,GROUP_REGISTERED_MODEL_SUPPORTED_UNCALIBRATED,CONDITIONAL_AZIMUTH_RETURNED,7.6 8.2,19306.6998647899,1.30064294911426,2,0.03125,0.0947419216935111,21,42,0.0055731,ccf433c83d073aaf2f715b179ced026783548b153385064557ffd1b8d59daa8b,e70016c924fdb6837e7a741304fbd992c4d8f05413ba03743350eec5c03963bd,NOT_CALIBRATED_STAGE5,1,1
normal_core_offgrid_white_l4,NORMAL_HOLDOUT,168,1,2,ESTIMATED_ELEVATION,10,GROUP_REGISTERED_MODEL_SUPPORTED_UNCALIBRATED,CONDITIONAL_AZIMUTH_RETURNED,7.6 8.2,19306.1239029436,1.29998807957963,2,0.03125,0.0947518223874073,21,42,0.0048252,ccf433c83d073aaf2f715b179ced026783548b153385064557ffd1b8d59daa8b,e70016c924fdb6837e7a741304fbd992c4d8f05413ba03743350eec5c03963bd,NOT_CALIBRATED_STAGE5,1,1
normal_core_offgrid_white_l4,NORMAL_HOLDOUT,169,1,2,ESTIMATED_ELEVATION,10.2,GROUP_REGISTERED_MODEL_SUPPORTED_UNCALIBRATED,CONDITIONAL_AZIMUTH_RETURNED,7.6 8.2,19305.6632727832,1.39077966500554,2,0.0312500100165639,0.0947138644424537,21,42,0.0055303,36eab15ac254bfe18015ddb533b51d6529910ab8c3f8bf9b62434edd8e561919,e70016c924fdb6837e7a741304fbd992c4d8f05413ba03743350eec5c03963bd,NOT_CALIBRATED_STAGE5,1,1
normal_core_offgrid_white_l4,NORMAL_HOLDOUT,170,1,2,ESTIMATED_ELEVATION,10.2,GROUP_REGISTERED_MODEL_SUPPORTED_UNCALIBRATED,CONDITIONAL_AZIMUTH_RETURNED,7.6 8.2,19305.8553613907,1.39284943760504,2,0.0312500100165639,0.094706729744786,21,42,0.0051168,36eab15ac254bfe18015ddb533b51d6529910ab8c3f8bf9b62434edd8e561919,e70016c924fdb6837e7a741304fbd992c4d8f05413ba03743350eec5c03963bd,NOT_CALIBRATED_STAGE5,1,1
normal_core_offgrid_white_l4,NORMAL_HOLDOUT,171,1,2,ESTIMATED_ELEVATION,10,GROUP_REGISTERED_MODEL_SUPPORTED_UNCALIBRATED,CONDITIONAL_AZIMUTH_RETURNED,7.6 8.2,19306.2107969244,1.30222619981942,2,0.03125,0.0947495789791541,21,42,0.0047449,ccf433c83d073aaf2f715b179ced026783548b153385064557ffd1b8d59daa8b,e70016c924fdb6837e7a741304fbd992c4d8f05413ba03743350eec5c03963bd,NOT_CALIBRATED_STAGE5,1,1
normal_core_offgrid_white_l4,NORMAL_HOLDOUT,172,1,2,ESTIMATED_ELEVATION,10,GROUP_REGISTERED_MODEL_SUPPORTED_UNCALIBRATED,CONDITIONAL_AZIMUTH_RETURNED,7.6 8.2,19305.9954879313,1.30043303074126,2,0.03125,0.094756775489156,21,42,0.0055512,ccf433c83d073aaf2f715b179ced026783548b153385064557ffd1b8d59daa8b,e70016c924fdb6837e7a741304fbd992c4d8f05413ba03743350eec5c03963bd,NOT_CALIBRATED_STAGE5,1,1
normal_core_offgrid_white_l4,NORMAL_HOLDOUT,173,1,2,ESTIMATED_ELEVATION,10.2,GROUP_REGISTERED_MODEL_SUPPORTED_UNCALIBRATED,CONDITIONAL_AZIMUTH_RETURNED,7.6 8.2,19305.7921467305,1.39906033813895,2,0.0312500100165639,0.0946998004051691,21,42,0.0055763,36eab15ac254bfe18015ddb533b51d6529910ab8c3f8bf9b62434edd8e561919,e70016c924fdb6837e7a741304fbd992c4d8f05413ba03743350eec5c03963bd,NOT_CALIBRATED_STAGE5,1,1
normal_core_offgrid_white_l4,NORMAL_HOLDOUT,174,1,2,ESTIMATED_ELEVATION,10.2,GROUP_REGISTERED_MODEL_SUPPORTED_UNCALIBRATED,CONDITIONAL_AZIMUTH_RETURNED,7.6 8.2,19306.0961481875,1.38768718682331,2,0.0312500100165639,0.0947254213119443,21,42,0.0056831,36eab15ac254bfe18015ddb533b51d6529910ab8c3f8bf9b62434edd8e561919,e70016c924fdb6837e7a741304fbd992c4d8f05413ba03743350eec5c03963bd,NOT_CALIBRATED_STAGE5,1,1
normal_core_offgrid_white_l4,NORMAL_HOLDOUT,175,1,2,ESTIMATED_ELEVATION,10.2,GROUP_REGISTERED_MODEL_SUPPORTED_UNCALIBRATED,CONDITIONAL_AZIMUTH_RETURNED,7.6 8.2,19305.061707767,1.38714555921251,2,0.0312500100165639,0.0946994151461629,21,42,0.0056914,36eab15ac254bfe18015ddb533b51d6529910ab8c3f8bf9b62434edd8e561919,e70016c924fdb6837e7a741304fbd992c4d8f05413ba03743350eec5c03963bd,NOT_CALIBRATED_STAGE5,1,1
normal_core_offgrid_white_l4,NORMAL_HOLDOUT,176,1,2,ESTIMATED_ELEVATION,10,GROUP_REGISTERED_MODEL_SUPPORTED_UNCALIBRATED,CONDITIONAL_AZIMUTH_RETURNED,7.6 8.2,19306.3803673892,1.29964833422855,2,0.03125,0.0947300924119194,21,42,0.0055706,ccf433c83d073aaf2f715b179ced026783548b153385064557ffd1b8d59daa8b,e70016c924fdb6837e7a741304fbd992c4d8f05413ba03743350eec5c03963bd,NOT_CALIBRATED_STAGE5,1,1
normal_core_offgrid_white_l4,NORMAL_HOLDOUT,177,1,2,ESTIMATED_ELEVATION,10.2,GROUP_REGISTERED_MODEL_SUPPORTED_UNCALIBRATED,CONDITIONAL_AZIMUTH_RETURNED,7.6 8.2,19305.0379442932,1.37446186358648,2,0.0312500100165639,0.0946908715857536,21,42,0.0072717,36eab15ac254bfe18015ddb533b51d6529910ab8c3f8bf9b62434edd8e561919,e70016c924fdb6837e7a741304fbd992c4d8f05413ba03743350eec5c03963bd,NOT_CALIBRATED_STAGE5,1,1
normal_core_offgrid_white_l4,NORMAL_HOLDOUT,178,1,2,ESTIMATED_ELEVATION,10.2,GROUP_REGISTERED_MODEL_SUPPORTED_UNCALIBRATED,CONDITIONAL_AZIMUTH_RETURNED,7.6 8.2,19306.8538601165,1.38148709205416,2,0.0312500100165639,0.0946950833377988,21,42,0.0067892,36eab15ac254bfe18015ddb533b51d6529910ab8c3f8bf9b62434edd8e561919,e70016c924fdb6837e7a741304fbd992c4d8f05413ba03743350eec5c03963bd,NOT_CALIBRATED_STAGE5,1,1
normal_core_offgrid_white_l4,NORMAL_HOLDOUT,179,1,2,ESTIMATED_ELEVATION,10.2,GROUP_REGISTERED_MODEL_SUPPORTED_UNCALIBRATED,CONDITIONAL_AZIMUTH_RETURNED,7.6 8.2,19306.1907325946,1.38794851944476,2,0.0312500100165639,0.0947086840766702,21,42,0.0070815,36eab15ac254bfe18015ddb533b51d6529910ab8c3f8bf9b62434edd8e561919,e70016c924fdb6837e7a741304fbd992c4d8f05413ba03743350eec5c03963bd,NOT_CALIBRATED_STAGE5,1,1
normal_core_offgrid_white_l4,NORMAL_HOLDOUT,180,1,2,ESTIMATED_ELEVATION,10,GROUP_REGISTERED_MODEL_SUPPORTED_UNCALIBRATED,CONDITIONAL_AZIMUTH_RETURNED,7.6 8.2,19306.1003768507,1.30146592042365,2,0.03125,0.0947165324421786,21,42,0.0057893,ccf433c83d073aaf2f715b179ced026783548b153385064557ffd1b8d59daa8b,e70016c924fdb6837e7a741304fbd992c4d8f05413ba03743350eec5c03963bd,NOT_CALIBRATED_STAGE5,1,1
normal_core_offgrid_white_l4,NORMAL_HOLDOUT,181,1,2,ESTIMATED_ELEVATION,10,GROUP_REGISTERED_MODEL_SUPPORTED_UNCALIBRATED,CONDITIONAL_AZIMUTH_RETURNED,7.6 8.2,19305.9452939354,1.29902841228613,2,0.03125,0.094728078750828,21,42,0.0064839,ccf433c83d073aaf2f715b179ced026783548b153385064557ffd1b8d59daa8b,e70016c924fdb6837e7a741304fbd992c4d8f05413ba03743350eec5c03963bd,NOT_CALIBRATED_STAGE5,1,1
normal_core_offgrid_white_l4,NORMAL_HOLDOUT,182,1,2,ESTIMATED_ELEVATION,10,GROUP_REGISTERED_MODEL_SUPPORTED_UNCALIBRATED,CONDITIONAL_AZIMUTH_RETURNED,7.6 8.2,19305.7600477192,1.30040681832543,2,0.03125,0.0947452681397889,21,42,0.0053358,ccf433c83d073aaf2f715b179ced026783548b153385064557ffd1b8d59daa8b,e70016c924fdb6837e7a741304fbd992c4d8f05413ba03743350eec5c03963bd,NOT_CALIBRATED_STAGE5,1,1
normal_core_offgrid_white_l4,NORMAL_HOLDOUT,183,1,2,ESTIMATED_ELEVATION,10.2,GROUP_REGISTERED_MODEL_SUPPORTED_UNCALIBRATED,CONDITIONAL_AZIMUTH_RETURNED,7.6 8.2,19306.025128185,1.38679332205356,2,0.0312500100165639,0.0947109453233742,21,42,0.0057153,36eab15ac254bfe18015ddb533b51d6529910ab8c3f8bf9b62434edd8e561919,e70016c924fdb6837e7a741304fbd992c4d8f05413ba03743350eec5c03963bd,NOT_CALIBRATED_STAGE5,1,1
normal_core_offgrid_white_l4,NORMAL_HOLDOUT,184,1,2,ESTIMATED_ELEVATION,10.2,GROUP_REGISTERED_MODEL_SUPPORTED_UNCALIBRATED,CONDITIONAL_AZIMUTH_RETURNED,7.6 8.2,19304.1511967011,1.38455238443566,2,0.0312500100165639,0.0946936570301123,21,42,0.006677,36eab15ac254bfe18015ddb533b51d6529910ab8c3f8bf9b62434edd8e561919,e70016c924fdb6837e7a741304fbd992c4d8f05413ba03743350eec5c03963bd,NOT_CALIBRATED_STAGE5,1,1
normal_core_offgrid_white_l4,NORMAL_HOLDOUT,185,1,2,ESTIMATED_ELEVATION,10.2,GROUP_REGISTERED_MODEL_SUPPORTED_UNCALIBRATED,CONDITIONAL_AZIMUTH_RETURNED,7.6 8.2,19306.3432471759,1.37881933800963,2,0.0312500100165639,0.09472537628888,21,42,0.0071579,36eab15ac254bfe18015ddb533b51d6529910ab8c3f8bf9b62434edd8e561919,e70016c924fdb6837e7a741304fbd992c4d8f05413ba03743350eec5c03963bd,NOT_CALIBRATED_STAGE5,1,1
normal_core_offgrid_white_l4,NORMAL_HOLDOUT,186,1,2,ESTIMATED_ELEVATION,10.2,GROUP_REGISTERED_MODEL_SUPPORTED_UNCALIBRATED,CONDITIONAL_AZIMUTH_RETURNED,7.6 8.2,19305.5100556091,1.39066650560198,2,0.0312500100165639,0.0947373344039362,21,42,0.0064447,36eab15ac254bfe18015ddb533b51d6529910ab8c3f8bf9b62434edd8e561919,e70016c924fdb6837e7a741304fbd992c4d8f05413ba03743350eec5c03963bd,NOT_CALIBRATED_STAGE5,1,1
normal_core_offgrid_white_l4,NORMAL_HOLDOUT,187,1,2,ESTIMATED_ELEVATION,10.2,GROUP_REGISTERED_MODEL_SUPPORTED_UNCALIBRATED,CONDITIONAL_AZIMUTH_RETURNED,7.6 8.2,19305.8606499068,1.38125292579571,2,0.0312500100165639,0.0947432749171277,21,42,0.0060466,36eab15ac254bfe18015ddb533b51d6529910ab8c3f8bf9b62434edd8e561919,e70016c924fdb6837e7a741304fbd992c4d8f05413ba03743350eec5c03963bd,NOT_CALIBRATED_STAGE5,1,1
normal_core_offgrid_white_l4,NORMAL_HOLDOUT,188,1,2,ESTIMATED_ELEVATION,10.2,GROUP_REGISTERED_MODEL_SUPPORTED_UNCALIBRATED,CONDITIONAL_AZIMUTH_RETURNED,7.6 8.2,19304.8199168813,1.38129958790523,2,0.0312500100165639,0.0947546930674576,21,42,0.0053769,36eab15ac254bfe18015ddb533b51d6529910ab8c3f8bf9b62434edd8e561919,e70016c924fdb6837e7a741304fbd992c4d8f05413ba03743350eec5c03963bd,NOT_CALIBRATED_STAGE5,1,1
normal_core_offgrid_white_l4,NORMAL_HOLDOUT,189,1,2,ESTIMATED_ELEVATION,10.2,GROUP_REGISTERED_MODEL_SUPPORTED_UNCALIBRATED,CONDITIONAL_AZIMUTH_RETURNED,7.6 8.2,19305.5211656874,1.39007367490194,2,0.0312500100165639,0.094721119608864,21,42,0.0057905,36eab15ac254bfe18015ddb533b51d6529910ab8c3f8bf9b62434edd8e561919,e70016c924fdb6837e7a741304fbd992c4d8f05413ba03743350eec5c03963bd,NOT_CALIBRATED_STAGE5,1,1
normal_core_offgrid_white_l4,NORMAL_HOLDOUT,190,1,2,ESTIMATED_ELEVATION,10.2,GROUP_REGISTERED_MODEL_SUPPORTED_UNCALIBRATED,CONDITIONAL_AZIMUTH_RETURNED,7.6 8.2,19304.3626052507,1.38124701225024,2,0.0312500100165639,0.0947047350056273,21,42,0.0060524,36eab15ac254bfe18015ddb533b51d6529910ab8c3f8bf9b62434edd8e561919,e70016c924fdb6837e7a741304fbd992c4d8f05413ba03743350eec5c03963bd,NOT_CALIBRATED_STAGE5,1,1
normal_core_offgrid_white_l4,NORMAL_HOLDOUT,191,1,2,ESTIMATED_ELEVATION,10.2,GROUP_REGISTERED_MODEL_SUPPORTED_UNCALIBRATED,CONDITIONAL_AZIMUTH_RETURNED,7.6 8.2,19305.1182479679,1.38843777277725,2,0.0312500100165639,0.094731358200582,21,42,0.006581,36eab15ac254bfe18015ddb533b51d6529910ab8c3f8bf9b62434edd8e561919,e70016c924fdb6837e7a741304fbd992c4d8f05413ba03743350eec5c03963bd,NOT_CALIBRATED_STAGE5,1,1
normal_core_offgrid_white_l4,NORMAL_HOLDOUT,192,1,2,ESTIMATED_ELEVATION,10.2,GROUP_REGISTERED_MODEL_SUPPORTED_UNCALIBRATED,CONDITIONAL_AZIMUTH_RETURNED,7.6 8.2,19304.3848669845,1.3837497596287,2,0.0312500100165639,0.0946812182846587,21,42,0.0076693,36eab15ac254bfe18015ddb533b51d6529910ab8c3f8bf9b62434edd8e561919,e70016c924fdb6837e7a741304fbd992c4d8f05413ba03743350eec5c03963bd,NOT_CALIBRATED_STAGE5,1,1
normal_core_offgrid_white_l4,NORMAL_HOLDOUT,193,1,2,ESTIMATED_ELEVATION,10,GROUP_REGISTERED_MODEL_SUPPORTED_UNCALIBRATED,CONDITIONAL_AZIMUTH_RETURNED,7.6 8.2,19306.3284922278,1.30137184184423,2,0.03125,0.0946911752895247,21,42,0.007354,ccf433c83d073aaf2f715b179ced026783548b153385064557ffd1b8d59daa8b,e70016c924fdb6837e7a741304fbd992c4d8f05413ba03743350eec5c03963bd,NOT_CALIBRATED_STAGE5,1,1
normal_core_offgrid_white_l4,NORMAL_HOLDOUT,194,1,2,ESTIMATED_ELEVATION,10,GROUP_REGISTERED_MODEL_SUPPORTED_UNCALIBRATED,CONDITIONAL_AZIMUTH_RETURNED,7.6 8.2,19305.7333186523,1.28460629601977,2,0.03125,0.0947113969703356,21,42,0.0061238,ccf433c83d073aaf2f715b179ced026783548b153385064557ffd1b8d59daa8b,e70016c924fdb6837e7a741304fbd992c4d8f05413ba03743350eec5c03963bd,NOT_CALIBRATED_STAGE5,1,1
normal_core_offgrid_white_l4,NORMAL_HOLDOUT,195,1,2,ESTIMATED_ELEVATION,10.2,GROUP_REGISTERED_MODEL_SUPPORTED_UNCALIBRATED,CONDITIONAL_AZIMUTH_RETURNED,7.6 8.2,19305.7670125537,1.38947149748492,2,0.0312500100165639,0.0947010957647198,21,42,0.0082101,36eab15ac254bfe18015ddb533b51d6529910ab8c3f8bf9b62434edd8e561919,e70016c924fdb6837e7a741304fbd992c4d8f05413ba03743350eec5c03963bd,NOT_CALIBRATED_STAGE5,1,1
normal_core_offgrid_white_l4,NORMAL_HOLDOUT,196,1,2,ESTIMATED_ELEVATION,10.2,GROUP_REGISTERED_MODEL_SUPPORTED_UNCALIBRATED,CONDITIONAL_AZIMUTH_RETURNED,7.6 8.2,19306.0354882106,1.37842454804195,2,0.0312500100165639,0.094712080263683,21,42,0.0068159,36eab15ac254bfe18015ddb533b51d6529910ab8c3f8bf9b62434edd8e561919,e70016c924fdb6837e7a741304fbd992c4d8f05413ba03743350eec5c03963bd,NOT_CALIBRATED_STAGE5,1,1
normal_core_offgrid_white_l4,NORMAL_HOLDOUT,197,1,2,ESTIMATED_ELEVATION,10.2,GROUP_REGISTERED_MODEL_SUPPORTED_UNCALIBRATED,CONDITIONAL_AZIMUTH_RETURNED,7.6 8.2,19305.4734531264,1.38103616968147,2,0.0312500100165639,0.0947425771548635,21,42,0.0056195,36eab15ac254bfe18015ddb533b51d6529910ab8c3f8bf9b62434edd8e561919,e70016c924fdb6837e7a741304fbd992c4d8f05413ba03743350eec5c03963bd,NOT_CALIBRATED_STAGE5,1,1
normal_core_offgrid_white_l4,NORMAL_HOLDOUT,198,1,2,ESTIMATED_ELEVATION,10,GROUP_REGISTERED_MODEL_SUPPORTED_UNCALIBRATED,CONDITIONAL_AZIMUTH_RETURNED,7.6 8.2,19305.8788980925,1.31053217542649,2,0.03125,0.0947555954268928,21,42,0.0064992,ccf433c83d073aaf2f715b179ced026783548b153385064557ffd1b8d59daa8b,e70016c924fdb6837e7a741304fbd992c4d8f05413ba03743350eec5c03963bd,NOT_CALIBRATED_STAGE5,1,1
normal_core_offgrid_white_l4,NORMAL_HOLDOUT,199,1,2,ESTIMATED_ELEVATION,10,GROUP_REGISTERED_MODEL_SUPPORTED_UNCALIBRATED,CONDITIONAL_AZIMUTH_RETURNED,7.6 8.2,19305.8239086694,1.30540944434324,2,0.03125,0.0947247429817026,21,42,0.0047781,ccf433c83d073aaf2f715b179ced026783548b153385064557ffd1b8d59daa8b,e70016c924fdb6837e7a741304fbd992c4d8f05413ba03743350eec5c03963bd,NOT_CALIBRATED_STAGE5,1,1
normal_core_offgrid_white_l4,NORMAL_HOLDOUT,200,1,2,ESTIMATED_ELEVATION,10.2,GROUP_REGISTERED_MODEL_SUPPORTED_UNCALIBRATED,CONDITIONAL_AZIMUTH_RETURNED,7.6 8.2,19304.4252523905,1.38183857759941,2,0.0312500100165639,0.09473555062807,21,42,0.0047566,36eab15ac254bfe18015ddb533b51d6529910ab8c3f8bf9b62434edd8e561919,e70016c924fdb6837e7a741304fbd992c4d8f05413ba03743350eec5c03963bd,NOT_CALIBRATED_STAGE5,1,1
normal_q2_white_l4,NORMAL_HOLDOUT,1,1,1,ESTIMATED_ELEVATION,9.8,GROUP_REGISTERED_MODEL_SUPPORTED_UNCALIBRATED,CONDITIONAL_AZIMUTH_RETURNED,7.6,418.518316430907,5.33356874825586e-05,1,0.624365542183477,0.00322420294489476,7,14,0.0018912,55ad7cb6ac6643f0d41d2a2f5a9ae20ef0790410ee991f768f91eb267743705a,e70016c924fdb6837e7a741304fbd992c4d8f05413ba03743350eec5c03963bd,NOT_CALIBRATED_STAGE5,1,1
normal_q2_white_l4,NORMAL_HOLDOUT,1,2,1,ESTIMATED_ELEVATION,10.2,GROUP_REGISTERED_MODEL_SUPPORTED_UNCALIBRATED,CONDITIONAL_AZIMUTH_RETURNED,8.4,220.271295147896,7.23000252662587e-05,1,0.624365541441531,0.00450088524607713,7,14,0.0015111,7eb90d5914e428a8e09e2b3db03d1f9067be8b39a3919ecfd5bdd2de1abf9126,e70016c924fdb6837e7a741304fbd992c4d8f05413ba03743350eec5c03963bd,NOT_CALIBRATED_STAGE5,1,1
normal_q2_white_l4,NORMAL_HOLDOUT,2,1,1,ESTIMATED_ELEVATION,9.8,GROUP_REGISTERED_MODEL_SUPPORTED_UNCALIBRATED,CONDITIONAL_AZIMUTH_RETURNED,7.6,418.260798812965,7.86569052024788e-05,1,0.624365542183477,0.00331473310468695,7,14,0.0017905,55ad7cb6ac6643f0d41d2a2f5a9ae20ef0790410ee991f768f91eb267743705a,e70016c924fdb6837e7a741304fbd992c4d8f05413ba03743350eec5c03963bd,NOT_CALIBRATED_STAGE5,1,1
normal_q2_white_l4,NORMAL_HOLDOUT,2,2,1,ESTIMATED_ELEVATION,10.2,GROUP_REGISTERED_MODEL_SUPPORTED_UNCALIBRATED,CONDITIONAL_AZIMUTH_RETURNED,8.4,220.314824185827,7.20669124518736e-05,1,0.624365541441531,0.00454170567806883,7,14,0.0015777,7eb90d5914e428a8e09e2b3db03d1f9067be8b39a3919ecfd5bdd2de1abf9126,e70016c924fdb6837e7a741304fbd992c4d8f05413ba03743350eec5c03963bd,NOT_CALIBRATED_STAGE5,1,1
normal_q2_white_l4,NORMAL_HOLDOUT,3,1,1,ESTIMATED_ELEVATION,9.8,GROUP_REGISTERED_MODEL_SUPPORTED_UNCALIBRATED,CONDITIONAL_AZIMUTH_RETURNED,7.6,418.534037794716,0.0002299245632571,1,0.624365542183477,0.00330350177694429,7,14,0.0015853,55ad7cb6ac6643f0d41d2a2f5a9ae20ef0790410ee991f768f91eb267743705a,e70016c924fdb6837e7a741304fbd992c4d8f05413ba03743350eec5c03963bd,NOT_CALIBRATED_STAGE5,1,1
normal_q2_white_l4,NORMAL_HOLDOUT,3,2,1,ESTIMATED_ELEVATION,10.2,GROUP_REGISTERED_MODEL_SUPPORTED_UNCALIBRATED,CONDITIONAL_AZIMUTH_RETURNED,8.4,220.128770906506,0.000195491142818582,1,0.624365541441531,0.00456382930830618,7,14,0.0018077,7eb90d5914e428a8e09e2b3db03d1f9067be8b39a3919ecfd5bdd2de1abf9126,e70016c924fdb6837e7a741304fbd992c4d8f05413ba03743350eec5c03963bd,NOT_CALIBRATED_STAGE5,1,1
normal_q2_white_l4,NORMAL_HOLDOUT,4,1,1,ESTIMATED_ELEVATION,9.8,GROUP_REGISTERED_MODEL_SUPPORTED_UNCALIBRATED,CONDITIONAL_AZIMUTH_RETURNED,7.6,418.521760253438,0.000184285765215009,1,0.624365542183477,0.00306957009449937,7,14,0.0022987,55ad7cb6ac6643f0d41d2a2f5a9ae20ef0790410ee991f768f91eb267743705a,e70016c924fdb6837e7a741304fbd992c4d8f05413ba03743350eec5c03963bd,NOT_CALIBRATED_STAGE5,1,1
normal_q2_white_l4,NORMAL_HOLDOUT,4,2,1,ESTIMATED_ELEVATION,10.2,GROUP_REGISTERED_MODEL_SUPPORTED_UNCALIBRATED,CONDITIONAL_AZIMUTH_RETURNED,8.4,220.115159611994,0.000152502915369723,1,0.624365541441531,0.00428529872396054,7,14,0.0020963,7eb90d5914e428a8e09e2b3db03d1f9067be8b39a3919ecfd5bdd2de1abf9126,e70016c924fdb6837e7a741304fbd992c4d8f05413ba03743350eec5c03963bd,NOT_CALIBRATED_STAGE5,1,1
normal_q2_white_l4,NORMAL_HOLDOUT,5,1,1,ESTIMATED_ELEVATION,9.8,GROUP_REGISTERED_MODEL_SUPPORTED_UNCALIBRATED,CONDITIONAL_AZIMUTH_RETURNED,7.6,418.555418472886,9.18109779490806e-05,1,0.624365542183477,0.00319629556507227,7,14,0.0019822,55ad7cb6ac6643f0d41d2a2f5a9ae20ef0790410ee991f768f91eb267743705a,e70016c924fdb6837e7a741304fbd992c4d8f05413ba03743350eec5c03963bd,NOT_CALIBRATED_STAGE5,1,1
normal_q2_white_l4,NORMAL_HOLDOUT,5,2,1,ESTIMATED_ELEVATION,10.2,GROUP_REGISTERED_MODEL_SUPPORTED_UNCALIBRATED,CONDITIONAL_AZIMUTH_RETURNED,8.4,220.185317384636,8.40941244746318e-05,1,0.624365541441531,0.00440095378271403,7,14,0.0016762,7eb90d5914e428a8e09e2b3db03d1f9067be8b39a3919ecfd5bdd2de1abf9126,e70016c924fdb6837e7a741304fbd992c4d8f05413ba03743350eec5c03963bd,NOT_CALIBRATED_STAGE5,1,1
stress_domain_boundary,STRESS_HOLDOUT,1,1,2,ESTIMATED_ELEVATION,10,GROUP_REGISTERED_MODEL_SUPPORTED_UNCALIBRATED,CONDITIONAL_AZIMUTH_RETURNED,7.4 8.6,17238.024623987,5.26967851328664e-05,2,0.03125,0.000491299130034052,21,42,0.0051169,ccf433c83d073aaf2f715b179ced026783548b153385064557ffd1b8d59daa8b,e70016c924fdb6837e7a741304fbd992c4d8f05413ba03743350eec5c03963bd,NOT_CALIBRATED_STAGE5,1,1
stress_domain_boundary,STRESS_HOLDOUT,2,1,2,ESTIMATED_ELEVATION,10,GROUP_REGISTERED_MODEL_SUPPORTED_UNCALIBRATED,CONDITIONAL_AZIMUTH_RETURNED,7.4 8.6,17239.8651592062,2.89425406663213e-05,2,0.03125,0.000476494247277651,21,42,0.0045802,ccf433c83d073aaf2f715b179ced026783548b153385064557ffd1b8d59daa8b,e70016c924fdb6837e7a741304fbd992c4d8f05413ba03743350eec5c03963bd,NOT_CALIBRATED_STAGE5,1,1
stress_domain_boundary,STRESS_HOLDOUT,3,1,2,ESTIMATED_ELEVATION,10,GROUP_REGISTERED_MODEL_SUPPORTED_UNCALIBRATED,CONDITIONAL_AZIMUTH_RETURNED,7.4 8.6,17237.8553524893,0.000104185477539431,2,0.03125,0.000481327630975052,21,42,0.0048332,ccf433c83d073aaf2f715b179ced026783548b153385064557ffd1b8d59daa8b,e70016c924fdb6837e7a741304fbd992c4d8f05413ba03743350eec5c03963bd,NOT_CALIBRATED_STAGE5,1,1
stress_domain_boundary,STRESS_HOLDOUT,4,1,2,ESTIMATED_ELEVATION,10,GROUP_REGISTERED_MODEL_SUPPORTED_UNCALIBRATED,CONDITIONAL_AZIMUTH_RETURNED,7.4 8.6,17239.5702495938,7.20280622772407e-05,2,0.03125,0.000466794775768655,21,42,0.0071802,ccf433c83d073aaf2f715b179ced026783548b153385064557ffd1b8d59daa8b,e70016c924fdb6837e7a741304fbd992c4d8f05413ba03743350eec5c03963bd,NOT_CALIBRATED_STAGE5,1,1
stress_domain_boundary,STRESS_HOLDOUT,5,1,2,ESTIMATED_ELEVATION,10,GROUP_REGISTERED_MODEL_SUPPORTED_UNCALIBRATED,CONDITIONAL_AZIMUTH_RETURNED,7.4 8.6,17238.9951420414,4.51680934929755e-05,2,0.03125,0.000513477650586672,21,42,0.0054913,ccf433c83d073aaf2f715b179ced026783548b153385064557ffd1b8d59daa8b,e70016c924fdb6837e7a741304fbd992c4d8f05413ba03743350eec5c03963bd,NOT_CALIBRATED_STAGE5,1,1
stress_partial_out_of_domain,STRESS_HOLDOUT,1,1,2,ESTIMATED_ELEVATION,10,GROUP_REGISTERED_MODEL_SUPPORTED_UNCALIBRATED,CONDITIONAL_AZIMUTH_RETURNED,7.4 8.6,17213.015768927,25.6565730645816,2,0.03125,0.000485751115584741,21,42,0.005205,ccf433c83d073aaf2f715b179ced026783548b153385064557ffd1b8d59daa8b,e70016c924fdb6837e7a741304fbd992c4d8f05413ba03743350eec5c03963bd,NOT_CALIBRATED_STAGE5,1,1
stress_partial_out_of_domain,STRESS_HOLDOUT,2,1,2,ESTIMATED_ELEVATION,10,GROUP_REGISTERED_MODEL_SUPPORTED_UNCALIBRATED,CONDITIONAL_AZIMUTH_RETURNED,7.4 8.6,17212.4670741416,25.6208569051014,2,0.03125,0.00049478456829251,21,42,0.0043252,ccf433c83d073aaf2f715b179ced026783548b153385064557ffd1b8d59daa8b,e70016c924fdb6837e7a741304fbd992c4d8f05413ba03743350eec5c03963bd,NOT_CALIBRATED_STAGE5,1,1
stress_partial_out_of_domain,STRESS_HOLDOUT,3,1,2,ESTIMATED_ELEVATION,10,GROUP_REGISTERED_MODEL_SUPPORTED_UNCALIBRATED,CONDITIONAL_AZIMUTH_RETURNED,7.4 8.6,17210.0786599407,25.6489435199692,2,0.03125,0.000499498055543494,21,42,0.0051774,ccf433c83d073aaf2f715b179ced026783548b153385064557ffd1b8d59daa8b,e70016c924fdb6837e7a741304fbd992c4d8f05413ba03743350eec5c03963bd,NOT_CALIBRATED_STAGE5,1,1
stress_partial_out_of_domain,STRESS_HOLDOUT,4,1,2,ESTIMATED_ELEVATION,10,GROUP_REGISTERED_MODEL_SUPPORTED_UNCALIBRATED,CONDITIONAL_AZIMUTH_RETURNED,7.4 8.6,17210.9531999604,25.6531110603137,2,0.03125,0.000506877707720827,21,42,0.0049965,ccf433c83d073aaf2f715b179ced026783548b153385064557ffd1b8d59daa8b,e70016c924fdb6837e7a741304fbd992c4d8f05413ba03743350eec5c03963bd,NOT_CALIBRATED_STAGE5,1,1
stress_partial_out_of_domain,STRESS_HOLDOUT,5,1,2,ESTIMATED_ELEVATION,10,GROUP_REGISTERED_MODEL_SUPPORTED_UNCALIBRATED,CONDITIONAL_AZIMUTH_RETURNED,7.4 8.6,17211.2744339522,25.6563974839119,2,0.03125,0.000488613387384532,21,42,0.0061578,ccf433c83d073aaf2f715b179ced026783548b153385064557ffd1b8d59daa8b,e70016c924fdb6837e7a741304fbd992c4d8f05413ba03743350eec5c03963bd,NOT_CALIBRATED_STAGE5,1,1
stress_extremely_close_elevation_white,STRESS_HOLDOUT,1,1,1,ESTIMATED_ELEVATION,9.8,GROUP_REGISTERED_MODEL_SUPPORTED_UNCALIBRATED,CONDITIONAL_AZIMUTH_RETURNED,7.6,4.22480199897043,1.18354503788304,1,2.45802806745904,0.853770912160415,7,14,0.0016861,fb600ca91e0dcf9ab232ac8cc6f38cede67f8928d87f8e7eeac2754a6567ed63,e70016c924fdb6837e7a741304fbd992c4d8f05413ba03743350eec5c03963bd,NOT_CALIBRATED_STAGE5,1,1
stress_extremely_close_elevation_white,STRESS_HOLDOUT,1,2,1,ESTIMATED_ELEVATION,10,GROUP_REGISTERED_MODEL_SUPPORTED_UNCALIBRATED,CONDITIONAL_AZIMUTH_RETURNED,8,212.288326842272,5.95149126017299,1,2.45802727666652,1.17631509735466,7,14,0.0015643,cd9166b793ac54772d520ee6b0d2fc47876ae7b152756df3b8ffe748f8850db7,e70016c924fdb6837e7a741304fbd992c4d8f05413ba03743350eec5c03963bd,NOT_CALIBRATED_STAGE5,1,1
stress_extremely_close_elevation_white,STRESS_HOLDOUT,2,1,1,ESTIMATED_ELEVATION,9.8,GROUP_REGISTERED_MODEL_SUPPORTED_UNCALIBRATED,CONDITIONAL_AZIMUTH_RETURNED,7.6,4.19572235497567,1.19800012317636,1,2.45802806745904,0.853862539562808,7,14,0.0016175,fb600ca91e0dcf9ab232ac8cc6f38cede67f8928d87f8e7eeac2754a6567ed63,e70016c924fdb6837e7a741304fbd992c4d8f05413ba03743350eec5c03963bd,NOT_CALIBRATED_STAGE5,1,1
stress_extremely_close_elevation_white,STRESS_HOLDOUT,2,2,1,ESTIMATED_ELEVATION,10,GROUP_REGISTERED_MODEL_SUPPORTED_UNCALIBRATED,CONDITIONAL_AZIMUTH_RETURNED,8,212.30721161189,5.95262861251652,1,2.45802727666652,1.17655762611339,7,14,0.0015831,cd9166b793ac54772d520ee6b0d2fc47876ae7b152756df3b8ffe748f8850db7,e70016c924fdb6837e7a741304fbd992c4d8f05413ba03743350eec5c03963bd,NOT_CALIBRATED_STAGE5,1,1
stress_extremely_close_elevation_white,STRESS_HOLDOUT,3,1,1,ESTIMATED_ELEVATION,9.8,GROUP_REGISTERED_MODEL_SUPPORTED_UNCALIBRATED,CONDITIONAL_AZIMUTH_RETURNED,7.6,4.19134845638528,1.19509007995581,1,2.45802806745904,0.854498772505333,7,14,0.0017049,fb600ca91e0dcf9ab232ac8cc6f38cede67f8928d87f8e7eeac2754a6567ed63,e70016c924fdb6837e7a741304fbd992c4d8f05413ba03743350eec5c03963bd,NOT_CALIBRATED_STAGE5,1,1
stress_extremely_close_elevation_white,STRESS_HOLDOUT,3,2,1,ESTIMATED_ELEVATION,10,GROUP_REGISTERED_MODEL_SUPPORTED_UNCALIBRATED,CONDITIONAL_AZIMUTH_RETURNED,8,212.527890102944,5.9336896239524,1,2.45802727666652,1.17743268975297,7,14,0.0015581,cd9166b793ac54772d520ee6b0d2fc47876ae7b152756df3b8ffe748f8850db7,e70016c924fdb6837e7a741304fbd992c4d8f05413ba03743350eec5c03963bd,NOT_CALIBRATED_STAGE5,1,1
stress_extremely_close_elevation_white,STRESS_HOLDOUT,4,1,1,ESTIMATED_ELEVATION,9.8,GROUP_REGISTERED_MODEL_SUPPORTED_UNCALIBRATED,CONDITIONAL_AZIMUTH_RETURNED,7.6,4.19451554482636,1.19452205797625,1,2.45802806745904,0.854226898706203,7,14,0.0014732,fb600ca91e0dcf9ab232ac8cc6f38cede67f8928d87f8e7eeac2754a6567ed63,e70016c924fdb6837e7a741304fbd992c4d8f05413ba03743350eec5c03963bd,NOT_CALIBRATED_STAGE5,1,1
stress_extremely_close_elevation_white,STRESS_HOLDOUT,4,2,1,ESTIMATED_ELEVATION,10,GROUP_REGISTERED_MODEL_SUPPORTED_UNCALIBRATED,CONDITIONAL_AZIMUTH_RETURNED,8,212.411307318607,5.95363761791057,1,2.45802727666652,1.17704676898093,7,14,0.0016504,cd9166b793ac54772d520ee6b0d2fc47876ae7b152756df3b8ffe748f8850db7,e70016c924fdb6837e7a741304fbd992c4d8f05413ba03743350eec5c03963bd,NOT_CALIBRATED_STAGE5,1,1
stress_extremely_close_elevation_white,STRESS_HOLDOUT,5,1,1,ESTIMATED_ELEVATION,9.8,GROUP_REGISTERED_MODEL_SUPPORTED_UNCALIBRATED,CONDITIONAL_AZIMUTH_RETURNED,7.6,4.19312729718128,1.19679722930316,1,2.45802806745904,0.854188848842627,7,14,0.0018662,fb600ca91e0dcf9ab232ac8cc6f38cede67f8928d87f8e7eeac2754a6567ed63,e70016c924fdb6837e7a741304fbd992c4d8f05413ba03743350eec5c03963bd,NOT_CALIBRATED_STAGE5,1,1
stress_extremely_close_elevation_white,STRESS_HOLDOUT,5,2,1,ESTIMATED_ELEVATION,10,GROUP_REGISTERED_MODEL_SUPPORTED_UNCALIBRATED,CONDITIONAL_AZIMUTH_RETURNED,8,212.359465319627,5.97753136205085,1,2.45802727666652,1.1769196398818,7,14,0.0015387,cd9166b793ac54772d520ee6b0d2fc47876ae7b152756df3b8ffe748f8850db7,e70016c924fdb6837e7a741304fbd992c4d8f05413ba03743350eec5c03963bd,NOT_CALIBRATED_STAGE5,1,1
stress_two_dimensional_close,STRESS_HOLDOUT,1,1,1,ESTIMATED_ELEVATION,9.8,GROUP_REGISTERED_MODEL_SUPPORTED_UNCALIBRATED,CONDITIONAL_AZIMUTH_RETURNED,8,17.3311651023544,0.40324976552624,1,2.45802806745904,0.767911499390221,7,14,0.0014703,fb600ca91e0dcf9ab232ac8cc6f38cede67f8928d87f8e7eeac2754a6567ed63,e70016c924fdb6837e7a741304fbd992c4d8f05413ba03743350eec5c03963bd,NOT_CALIBRATED_STAGE5,1,1
stress_two_dimensional_close,STRESS_HOLDOUT,1,2,1,ESTIMATED_ELEVATION,10,GROUP_REGISTERED_MODEL_SUPPORTED_UNCALIBRATED,CONDITIONAL_AZIMUTH_RETURNED,8,219.565260421442,0.514985905945366,1,2.45802727666652,1.06236471536148,7,14,0.0017626,cd9166b793ac54772d520ee6b0d2fc47876ae7b152756df3b8ffe748f8850db7,e70016c924fdb6837e7a741304fbd992c4d8f05413ba03743350eec5c03963bd,NOT_CALIBRATED_STAGE5,1,1
stress_two_dimensional_close,STRESS_HOLDOUT,2,1,1,ESTIMATED_ELEVATION,9.8,GROUP_REGISTERED_MODEL_SUPPORTED_UNCALIBRATED,CONDITIONAL_AZIMUTH_RETURNED,8,17.3489170727528,0.3982837616213,1,2.45802806745904,0.767923550869414,7,14,0.0021226,fb600ca91e0dcf9ab232ac8cc6f38cede67f8928d87f8e7eeac2754a6567ed63,e70016c924fdb6837e7a741304fbd992c4d8f05413ba03743350eec5c03963bd,NOT_CALIBRATED_STAGE5,1,1
stress_two_dimensional_close,STRESS_HOLDOUT,2,2,1,ESTIMATED_ELEVATION,10,GROUP_REGISTERED_MODEL_SUPPORTED_UNCALIBRATED,CONDITIONAL_AZIMUTH_RETURNED,8,219.558274916226,0.516913027629386,1,2.45802727666652,1.06224725657551,7,14,0.001688,cd9166b793ac54772d520ee6b0d2fc47876ae7b152756df3b8ffe748f8850db7,e70016c924fdb6837e7a741304fbd992c4d8f05413ba03743350eec5c03963bd,NOT_CALIBRATED_STAGE5,1,1
stress_two_dimensional_close,STRESS_HOLDOUT,3,1,1,ESTIMATED_ELEVATION,9.8,GROUP_REGISTERED_MODEL_SUPPORTED_UNCALIBRATED,CONDITIONAL_AZIMUTH_RETURNED,8,17.3354413467965,0.399607036220438,1,2.45802806745904,0.767818014056781,7,14,0.0015935,fb600ca91e0dcf9ab232ac8cc6f38cede67f8928d87f8e7eeac2754a6567ed63,e70016c924fdb6837e7a741304fbd992c4d8f05413ba03743350eec5c03963bd,NOT_CALIBRATED_STAGE5,1,1
stress_two_dimensional_close,STRESS_HOLDOUT,3,2,1,ESTIMATED_ELEVATION,10,GROUP_REGISTERED_MODEL_SUPPORTED_UNCALIBRATED,CONDITIONAL_AZIMUTH_RETURNED,8,219.502923648105,0.520420207203813,1,2.45802727666652,1.06209176349026,7,14,0.0015162,cd9166b793ac54772d520ee6b0d2fc47876ae7b152756df3b8ffe748f8850db7,e70016c924fdb6837e7a741304fbd992c4d8f05413ba03743350eec5c03963bd,NOT_CALIBRATED_STAGE5,1,1
stress_two_dimensional_close,STRESS_HOLDOUT,4,1,1,ESTIMATED_ELEVATION,9.8,GROUP_REGISTERED_MODEL_SUPPORTED_UNCALIBRATED,CONDITIONAL_AZIMUTH_RETURNED,8,17.3521465314868,0.393887468874855,1,2.45802806745904,0.767732341691672,7,14,0.0016315,fb600ca91e0dcf9ab232ac8cc6f38cede67f8928d87f8e7eeac2754a6567ed63,e70016c924fdb6837e7a741304fbd992c4d8f05413ba03743350eec5c03963bd,NOT_CALIBRATED_STAGE5,1,1
stress_two_dimensional_close,STRESS_HOLDOUT,4,2,1,ESTIMATED_ELEVATION,10,GROUP_REGISTERED_MODEL_SUPPORTED_UNCALIBRATED,CONDITIONAL_AZIMUTH_RETURNED,8,219.495029121781,0.505958256818928,1,2.45802727666652,1.06195694886926,7,14,0.0015042,cd9166b793ac54772d520ee6b0d2fc47876ae7b152756df3b8ffe748f8850db7,e70016c924fdb6837e7a741304fbd992c4d8f05413ba03743350eec5c03963bd,NOT_CALIBRATED_STAGE5,1,1
stress_two_dimensional_close,STRESS_HOLDOUT,5,1,1,ESTIMATED_ELEVATION,9.8,GROUP_REGISTERED_MODEL_SUPPORTED_UNCALIBRATED,CONDITIONAL_AZIMUTH_RETURNED,8,17.3788610218912,0.392551841823508,1,2.45802806745904,0.767438586659335,7,14,0.0017551,fb600ca91e0dcf9ab232ac8cc6f38cede67f8928d87f8e7eeac2754a6567ed63,e70016c924fdb6837e7a741304fbd992c4d8f05413ba03743350eec5c03963bd,NOT_CALIBRATED_STAGE5,1,1
stress_two_dimensional_close,STRESS_HOLDOUT,5,2,1,ESTIMATED_ELEVATION,10,GROUP_REGISTERED_MODEL_SUPPORTED_UNCALIBRATED,CONDITIONAL_AZIMUTH_RETURNED,8,219.448226863777,0.515120841378632,1,2.45802727666652,1.06177468664856,7,14,0.0016603,cd9166b793ac54772d520ee6b0d2fc47876ae7b152756df3b8ffe748f8850db7,e70016c924fdb6837e7a741304fbd992c4d8f05413ba03743350eec5c03963bd,NOT_CALIBRATED_STAGE5,1,1
stress_weak_secondary_same_elevation,STRESS_HOLDOUT,1,1,2,ESTIMATED_ELEVATION,10,GROUP_REGISTERED_MODEL_SUPPORTED_UNCALIBRATED,CONDITIONAL_AZIMUTH_RETURNED,7.6 8.4,8754.24288042367,3.35667227773229e-05,2,0.03125,0.000727681438450485,21,42,0.009041,ccf433c83d073aaf2f715b179ced026783548b153385064557ffd1b8d59daa8b,e70016c924fdb6837e7a741304fbd992c4d8f05413ba03743350eec5c03963bd,NOT_CALIBRATED_STAGE5,1,1
stress_weak_secondary_same_elevation,STRESS_HOLDOUT,2,1,2,ESTIMATED_ELEVATION,10,GROUP_REGISTERED_MODEL_SUPPORTED_UNCALIBRATED,CONDITIONAL_AZIMUTH_RETURNED,7.6 8.4,8754.59995603595,1.69618942891248e-05,2,0.03125,0.000674929075146123,21,42,0.0063094,ccf433c83d073aaf2f715b179ced026783548b153385064557ffd1b8d59daa8b,e70016c924fdb6837e7a741304fbd992c4d8f05413ba03743350eec5c03963bd,NOT_CALIBRATED_STAGE5,1,1
stress_weak_secondary_same_elevation,STRESS_HOLDOUT,3,1,2,ESTIMATED_ELEVATION,10,GROUP_REGISTERED_MODEL_SUPPORTED_UNCALIBRATED,CONDITIONAL_AZIMUTH_RETURNED,7.6 8.4,8754.4962419623,6.84570422890829e-05,2,0.03125,0.000681243949251313,21,42,0.0065741,ccf433c83d073aaf2f715b179ced026783548b153385064557ffd1b8d59daa8b,e70016c924fdb6837e7a741304fbd992c4d8f05413ba03743350eec5c03963bd,NOT_CALIBRATED_STAGE5,1,1
stress_weak_secondary_same_elevation,STRESS_HOLDOUT,4,1,2,ESTIMATED_ELEVATION,10,GROUP_REGISTERED_MODEL_SUPPORTED_UNCALIBRATED,CONDITIONAL_AZIMUTH_RETURNED,7.6 8.4,8754.70926876578,7.81689504947281e-05,2,0.03125,0.000695889676262248,21,42,0.0081343,ccf433c83d073aaf2f715b179ced026783548b153385064557ffd1b8d59daa8b,e70016c924fdb6837e7a741304fbd992c4d8f05413ba03743350eec5c03963bd,NOT_CALIBRATED_STAGE5,1,1
stress_weak_secondary_same_elevation,STRESS_HOLDOUT,5,1,2,ESTIMATED_ELEVATION,10,GROUP_REGISTERED_MODEL_SUPPORTED_UNCALIBRATED,CONDITIONAL_AZIMUTH_RETURNED,7.6 8.4,8754.83858349893,3.46899978467263e-05,2,0.03125,0.000692258170594294,21,42,0.0056525,ccf433c83d073aaf2f715b179ced026783548b153385064557ffd1b8d59daa8b,e70016c924fdb6837e7a741304fbd992c4d8f05413ba03743350eec5c03963bd,NOT_CALIBRATED_STAGE5,1,1
stress_coherent_same_elevation,STRESS_HOLDOUT,1,1,2,ESTIMATED_ELEVATION,10,GROUP_REGISTERED_MODEL_SUPPORTED_UNCALIBRATED,CONDITIONAL_AZIMUTH_RETURNED,7.6 8.4,23747.2327987205,4.85088239656761e-05,2,0.03125,0.00043159840921755,21,42,0.006066,ccf433c83d073aaf2f715b179ced026783548b153385064557ffd1b8d59daa8b,e70016c924fdb6837e7a741304fbd992c4d8f05413ba03743350eec5c03963bd,NOT_CALIBRATED_STAGE5,1,1
stress_coherent_same_elevation,STRESS_HOLDOUT,2,1,2,ESTIMATED_ELEVATION,10,GROUP_REGISTERED_MODEL_SUPPORTED_UNCALIBRATED,CONDITIONAL_AZIMUTH_RETURNED,7.6 8.4,23747.0273004123,5.38587555638514e-05,2,0.03125,0.000420580787301908,21,42,0.0061691,ccf433c83d073aaf2f715b179ced026783548b153385064557ffd1b8d59daa8b,e70016c924fdb6837e7a741304fbd992c4d8f05413ba03743350eec5c03963bd,NOT_CALIBRATED_STAGE5,1,1
stress_coherent_same_elevation,STRESS_HOLDOUT,3,1,2,ESTIMATED_ELEVATION,10,GROUP_REGISTERED_MODEL_SUPPORTED_UNCALIBRATED,CONDITIONAL_AZIMUTH_RETURNED,7.6 8.4,23746.7898712807,0.000111967310658656,2,0.03125,0.00042894089606268,21,42,0.0062288,ccf433c83d073aaf2f715b179ced026783548b153385064557ffd1b8d59daa8b,e70016c924fdb6837e7a741304fbd992c4d8f05413ba03743350eec5c03963bd,NOT_CALIBRATED_STAGE5,1,1
stress_coherent_same_elevation,STRESS_HOLDOUT,4,1,2,ESTIMATED_ELEVATION,10,GROUP_REGISTERED_MODEL_SUPPORTED_UNCALIBRATED,CONDITIONAL_AZIMUTH_RETURNED,7.6 8.4,23747.5252986594,3.47537898051087e-05,2,0.03125,0.000396455696361175,21,42,0.0063195,ccf433c83d073aaf2f715b179ced026783548b153385064557ffd1b8d59daa8b,e70016c924fdb6837e7a741304fbd992c4d8f05413ba03743350eec5c03963bd,NOT_CALIBRATED_STAGE5,1,1
stress_coherent_same_elevation,STRESS_HOLDOUT,5,1,2,ESTIMATED_ELEVATION,10,GROUP_REGISTERED_MODEL_SUPPORTED_UNCALIBRATED,CONDITIONAL_AZIMUTH_RETURNED,7.6 8.4,23746.9834900914,3.56759774149396e-05,2,0.03125,0.000393370453151113,21,42,0.0048094,ccf433c83d073aaf2f715b179ced026783548b153385064557ffd1b8d59daa8b,e70016c924fdb6837e7a741304fbd992c4d8f05413ba03743350eec5c03963bd,NOT_CALIBRATED_STAGE5,1,1
stress_proportional_group_coefficients,STRESS_HOLDOUT,1,1,1,ESTIMATED_ELEVATION,9.8,GROUP_REGISTERED_MODEL_SUPPORTED_UNCALIBRATED,CONDITIONAL_AZIMUTH_RETURNED,7.6,418.607265245727,0.000117280955294063,1,0.624365542183477,0.00308288946877364,7,14,0.0020161,55ad7cb6ac6643f0d41d2a2f5a9ae20ef0790410ee991f768f91eb267743705a,e70016c924fdb6837e7a741304fbd992c4d8f05413ba03743350eec5c03963bd,NOT_CALIBRATED_STAGE5,1,1
stress_proportional_group_coefficients,STRESS_HOLDOUT,1,2,1,ESTIMATED_ELEVATION,10.2,GROUP_REGISTERED_MODEL_SUPPORTED_UNCALIBRATED,CONDITIONAL_AZIMUTH_RETURNED,8.4,267.720911522161,0.000107857939042333,1,0.624365541441531,0.00381229619352057,7,14,0.0019707,7eb90d5914e428a8e09e2b3db03d1f9067be8b39a3919ecfd5bdd2de1abf9126,e70016c924fdb6837e7a741304fbd992c4d8f05413ba03743350eec5c03963bd,NOT_CALIBRATED_STAGE5,1,1
stress_proportional_group_coefficients,STRESS_HOLDOUT,2,1,1,ESTIMATED_ELEVATION,9.8,GROUP_REGISTERED_MODEL_SUPPORTED_UNCALIBRATED,CONDITIONAL_AZIMUTH_RETURNED,7.6,418.465663019879,0.000112443700686526,1,0.624365542183477,0.00308454722547975,7,14,0.0022281,55ad7cb6ac6643f0d41d2a2f5a9ae20ef0790410ee991f768f91eb267743705a,e70016c924fdb6837e7a741304fbd992c4d8f05413ba03743350eec5c03963bd,NOT_CALIBRATED_STAGE5,1,1
stress_proportional_group_coefficients,STRESS_HOLDOUT,2,2,1,ESTIMATED_ELEVATION,10.2,GROUP_REGISTERED_MODEL_SUPPORTED_UNCALIBRATED,CONDITIONAL_AZIMUTH_RETURNED,8.4,267.929255529368,0.000107631904540995,1,0.624365541441531,0.00385367999553882,7,14,0.0025452,7eb90d5914e428a8e09e2b3db03d1f9067be8b39a3919ecfd5bdd2de1abf9126,e70016c924fdb6837e7a741304fbd992c4d8f05413ba03743350eec5c03963bd,NOT_CALIBRATED_STAGE5,1,1
stress_proportional_group_coefficients,STRESS_HOLDOUT,3,1,1,ESTIMATED_ELEVATION,9.8,GROUP_REGISTERED_MODEL_SUPPORTED_UNCALIBRATED,CONDITIONAL_AZIMUTH_RETURNED,7.6,418.693719096634,0.000125457373997051,1,0.624365542183477,0.00329884442547942,7,14,0.0016061,55ad7cb6ac6643f0d41d2a2f5a9ae20ef0790410ee991f768f91eb267743705a,e70016c924fdb6837e7a741304fbd992c4d8f05413ba03743350eec5c03963bd,NOT_CALIBRATED_STAGE5,1,1
stress_proportional_group_coefficients,STRESS_HOLDOUT,3,2,1,ESTIMATED_ELEVATION,10.2,GROUP_REGISTERED_MODEL_SUPPORTED_UNCALIBRATED,CONDITIONAL_AZIMUTH_RETURNED,8.4,267.839173836708,0.000136642826475963,1,0.624365541441531,0.00404551261170648,7,14,0.0015918,7eb90d5914e428a8e09e2b3db03d1f9067be8b39a3919ecfd5bdd2de1abf9126,e70016c924fdb6837e7a741304fbd992c4d8f05413ba03743350eec5c03963bd,NOT_CALIBRATED_STAGE5,1,1
stress_proportional_group_coefficients,STRESS_HOLDOUT,4,1,1,ESTIMATED_ELEVATION,9.8,GROUP_REGISTERED_MODEL_SUPPORTED_UNCALIBRATED,CONDITIONAL_AZIMUTH_RETURNED,7.6,418.54360684632,9.63143552326073e-05,1,0.624365542183477,0.00299692167701231,7,14,0.0022266,55ad7cb6ac6643f0d41d2a2f5a9ae20ef0790410ee991f768f91eb267743705a,e70016c924fdb6837e7a741304fbd992c4d8f05413ba03743350eec5c03963bd,NOT_CALIBRATED_STAGE5,1,1
stress_proportional_group_coefficients,STRESS_HOLDOUT,4,2,1,ESTIMATED_ELEVATION,10.2,GROUP_REGISTERED_MODEL_SUPPORTED_UNCALIBRATED,CONDITIONAL_AZIMUTH_RETURNED,8.4,267.818154414687,0.000122954170763023,1,0.624365541441531,0.00376255265621374,7,14,0.0020934,7eb90d5914e428a8e09e2b3db03d1f9067be8b39a3919ecfd5bdd2de1abf9126,e70016c924fdb6837e7a741304fbd992c4d8f05413ba03743350eec5c03963bd,NOT_CALIBRATED_STAGE5,1,1
stress_proportional_group_coefficients,STRESS_HOLDOUT,5,1,1,ESTIMATED_ELEVATION,9.8,GROUP_REGISTERED_MODEL_SUPPORTED_UNCALIBRATED,CONDITIONAL_AZIMUTH_RETURNED,7.6,418.531414884919,6.70425073963088e-05,1,0.624365542183477,0.00322862730414082,7,14,0.0017502,55ad7cb6ac6643f0d41d2a2f5a9ae20ef0790410ee991f768f91eb267743705a,e70016c924fdb6837e7a741304fbd992c4d8f05413ba03743350eec5c03963bd,NOT_CALIBRATED_STAGE5,1,1
stress_proportional_group_coefficients,STRESS_HOLDOUT,5,2,1,ESTIMATED_ELEVATION,10.2,GROUP_REGISTERED_MODEL_SUPPORTED_UNCALIBRATED,CONDITIONAL_AZIMUTH_RETURNED,8.4,267.768310874875,6.83399119338901e-05,1,0.624365541441531,0.00405189477642317,7,14,0.0015048,7eb90d5914e428a8e09e2b3db03d1f9067be8b39a3919ecfd5bdd2de1abf9126,e70016c924fdb6837e7a741304fbd992c4d8f05413ba03743350eec5c03963bd,NOT_CALIBRATED_STAGE5,1,1
stress_core_coherent_weak_l4,STRESS_HOLDOUT,1,1,2,ESTIMATED_ELEVATION,10,GROUP_REGISTERED_MODEL_SUPPORTED_UNCALIBRATED,CONDITIONAL_AZIMUTH_RETURNED,7.6 8,10133.3084626455,0.0743369041429105,2,0.03125,0.000619371952500131,21,42,0.0068346,ccf433c83d073aaf2f715b179ced026783548b153385064557ffd1b8d59daa8b,e70016c924fdb6837e7a741304fbd992c4d8f05413ba03743350eec5c03963bd,NOT_CALIBRATED_STAGE5,1,1
stress_core_coherent_weak_l4,STRESS_HOLDOUT,2,1,2,ESTIMATED_ELEVATION,10,GROUP_REGISTERED_MODEL_SUPPORTED_UNCALIBRATED,CONDITIONAL_AZIMUTH_RETURNED,7.6 8,10133.2124339673,0.0732729051487695,2,0.03125,0.000649186712842205,21,42,0.0050678,ccf433c83d073aaf2f715b179ced026783548b153385064557ffd1b8d59daa8b,e70016c924fdb6837e7a741304fbd992c4d8f05413ba03743350eec5c03963bd,NOT_CALIBRATED_STAGE5,1,1
stress_core_coherent_weak_l4,STRESS_HOLDOUT,3,1,2,ESTIMATED_ELEVATION,10,GROUP_REGISTERED_MODEL_SUPPORTED_UNCALIBRATED,CONDITIONAL_AZIMUTH_RETURNED,7.6 8,10132.99845515,0.0716489145888772,2,0.03125,0.000618389336413247,21,42,0.0046473,ccf433c83d073aaf2f715b179ced026783548b153385064557ffd1b8d59daa8b,e70016c924fdb6837e7a741304fbd992c4d8f05413ba03743350eec5c03963bd,NOT_CALIBRATED_STAGE5,1,1
stress_core_coherent_weak_l4,STRESS_HOLDOUT,4,1,2,ESTIMATED_ELEVATION,10,GROUP_REGISTERED_MODEL_SUPPORTED_UNCALIBRATED,CONDITIONAL_AZIMUTH_RETURNED,7.6 8,10133.6470095903,0.0739273897415842,2,0.03125,0.000660584444198474,21,42,0.0042698,ccf433c83d073aaf2f715b179ced026783548b153385064557ffd1b8d59daa8b,e70016c924fdb6837e7a741304fbd992c4d8f05413ba03743350eec5c03963bd,NOT_CALIBRATED_STAGE5,1,1
stress_core_coherent_weak_l4,STRESS_HOLDOUT,5,1,2,ESTIMATED_ELEVATION,10,GROUP_REGISTERED_MODEL_SUPPORTED_UNCALIBRATED,CONDITIONAL_AZIMUTH_RETURNED,7.6 8,10133.198870269,0.0746239759919263,2,0.03125,0.00062157697277677,21,42,0.0070512,ccf433c83d073aaf2f715b179ced026783548b153385064557ffd1b8d59daa8b,e70016c924fdb6837e7a741304fbd992c4d8f05413ba03743350eec5c03963bd,NOT_CALIBRATED_STAGE5,1,1
stress_core_coherent_weak_l4,STRESS_HOLDOUT,6,1,2,ESTIMATED_ELEVATION,10,GROUP_REGISTERED_MODEL_SUPPORTED_UNCALIBRATED,CONDITIONAL_AZIMUTH_RETURNED,7.6 8,10132.8442545688,0.0743955825873854,2,0.03125,0.000667762614566917,21,42,0.006704,ccf433c83d073aaf2f715b179ced026783548b153385064557ffd1b8d59daa8b,e70016c924fdb6837e7a741304fbd992c4d8f05413ba03743350eec5c03963bd,NOT_CALIBRATED_STAGE5,1,1
stress_core_coherent_weak_l4,STRESS_HOLDOUT,7,1,2,ESTIMATED_ELEVATION,10,GROUP_REGISTERED_MODEL_SUPPORTED_UNCALIBRATED,CONDITIONAL_AZIMUTH_RETURNED,7.6 8,10133.5147019199,0.0738646080044418,2,0.03125,0.000654343076243708,21,42,0.0057105,ccf433c83d073aaf2f715b179ced026783548b153385064557ffd1b8d59daa8b,e70016c924fdb6837e7a741304fbd992c4d8f05413ba03743350eec5c03963bd,NOT_CALIBRATED_STAGE5,1,1
stress_core_coherent_weak_l4,STRESS_HOLDOUT,8,1,2,ESTIMATED_ELEVATION,10,GROUP_REGISTERED_MODEL_SUPPORTED_UNCALIBRATED,CONDITIONAL_AZIMUTH_RETURNED,7.6 8,10133.6656029608,0.0740076686561224,2,0.03125,0.000659365208699499,21,42,0.0049026,ccf433c83d073aaf2f715b179ced026783548b153385064557ffd1b8d59daa8b,e70016c924fdb6837e7a741304fbd992c4d8f05413ba03743350eec5c03963bd,NOT_CALIBRATED_STAGE5,1,1
stress_core_coherent_weak_l4,STRESS_HOLDOUT,9,1,2,ESTIMATED_ELEVATION,10,GROUP_REGISTERED_MODEL_SUPPORTED_UNCALIBRATED,CONDITIONAL_AZIMUTH_RETURNED,7.6 8,10133.5991852164,0.0767176418921736,2,0.03125,0.000671443770897035,21,42,0.0055293,ccf433c83d073aaf2f715b179ced026783548b153385064557ffd1b8d59daa8b,e70016c924fdb6837e7a741304fbd992c4d8f05413ba03743350eec5c03963bd,NOT_CALIBRATED_STAGE5,1,1
stress_core_coherent_weak_l4,STRESS_HOLDOUT,10,1,2,ESTIMATED_ELEVATION,10,GROUP_REGISTERED_MODEL_SUPPORTED_UNCALIBRATED,CONDITIONAL_AZIMUTH_RETURNED,7.6 8,10133.8746917997,0.0738904774516413,2,0.03125,0.000649339787781554,21,42,0.0043546,ccf433c83d073aaf2f715b179ced026783548b153385064557ffd1b8d59daa8b,e70016c924fdb6837e7a741304fbd992c4d8f05413ba03743350eec5c03963bd,NOT_CALIBRATED_STAGE5,1,1
stress_core_coherent_weak_l4,STRESS_HOLDOUT,11,1,2,ESTIMATED_ELEVATION,10,GROUP_REGISTERED_MODEL_SUPPORTED_UNCALIBRATED,CONDITIONAL_AZIMUTH_RETURNED,7.6 8,10134.2373013253,0.0734906545021659,2,0.03125,0.000611735976597306,21,42,0.0044858,ccf433c83d073aaf2f715b179ced026783548b153385064557ffd1b8d59daa8b,e70016c924fdb6837e7a741304fbd992c4d8f05413ba03743350eec5c03963bd,NOT_CALIBRATED_STAGE5,1,1
stress_core_coherent_weak_l4,STRESS_HOLDOUT,12,1,2,ESTIMATED_ELEVATION,10,GROUP_REGISTERED_MODEL_SUPPORTED_UNCALIBRATED,CONDITIONAL_AZIMUTH_RETURNED,7.6 8,10133.5826986021,0.0755031670905737,2,0.03125,0.000638978339935678,21,42,0.0056174,ccf433c83d073aaf2f715b179ced026783548b153385064557ffd1b8d59daa8b,e70016c924fdb6837e7a741304fbd992c4d8f05413ba03743350eec5c03963bd,NOT_CALIBRATED_STAGE5,1,1
stress_core_coherent_weak_l4,STRESS_HOLDOUT,13,1,2,ESTIMATED_ELEVATION,10,GROUP_REGISTERED_MODEL_SUPPORTED_UNCALIBRATED,CONDITIONAL_AZIMUTH_RETURNED,7.6 8,10134.4869264077,0.0750333720061462,2,0.03125,0.000649959994209076,21,42,0.0060283,ccf433c83d073aaf2f715b179ced026783548b153385064557ffd1b8d59daa8b,e70016c924fdb6837e7a741304fbd992c4d8f05413ba03743350eec5c03963bd,NOT_CALIBRATED_STAGE5,1,1
stress_core_coherent_weak_l4,STRESS_HOLDOUT,14,1,2,ESTIMATED_ELEVATION,10,GROUP_REGISTERED_MODEL_SUPPORTED_UNCALIBRATED,CONDITIONAL_AZIMUTH_RETURNED,7.6 8,10132.8336765612,0.0750440752963186,2,0.03125,0.000630215711957454,21,42,0.0046071,ccf433c83d073aaf2f715b179ced026783548b153385064557ffd1b8d59daa8b,e70016c924fdb6837e7a741304fbd992c4d8f05413ba03743350eec5c03963bd,NOT_CALIBRATED_STAGE5,1,1
stress_core_coherent_weak_l4,STRESS_HOLDOUT,15,1,2,ESTIMATED_ELEVATION,10,GROUP_REGISTERED_MODEL_SUPPORTED_UNCALIBRATED,CONDITIONAL_AZIMUTH_RETURNED,7.6 8,10133.7738210523,0.0731956068084401,2,0.03125,0.00059812164725629,21,42,0.0055479,ccf433c83d073aaf2f715b179ced026783548b153385064557ffd1b8d59daa8b,e70016c924fdb6837e7a741304fbd992c4d8f05413ba03743350eec5c03963bd,NOT_CALIBRATED_STAGE5,1,1
stress_core_coherent_weak_l4,STRESS_HOLDOUT,16,1,2,ESTIMATED_ELEVATION,10,GROUP_REGISTERED_MODEL_SUPPORTED_UNCALIBRATED,CONDITIONAL_AZIMUTH_RETURNED,7.6 8,10134.5044974697,0.0728162992272701,2,0.03125,0.000659253054065456,21,42,0.0055935,ccf433c83d073aaf2f715b179ced026783548b153385064557ffd1b8d59daa8b,e70016c924fdb6837e7a741304fbd992c4d8f05413ba03743350eec5c03963bd,NOT_CALIBRATED_STAGE5,1,1
stress_core_coherent_weak_l4,STRESS_HOLDOUT,17,1,2,ESTIMATED_ELEVATION,10,GROUP_REGISTERED_MODEL_SUPPORTED_UNCALIBRATED,CONDITIONAL_AZIMUTH_RETURNED,7.6 8,10132.8537905005,0.0747743699976127,2,0.03125,0.000616059072046147,21,42,0.0055339,ccf433c83d073aaf2f715b179ced026783548b153385064557ffd1b8d59daa8b,e70016c924fdb6837e7a741304fbd992c4d8f05413ba03743350eec5c03963bd,NOT_CALIBRATED_STAGE5,1,1
stress_core_coherent_weak_l4,STRESS_HOLDOUT,18,1,2,ESTIMATED_ELEVATION,10,GROUP_REGISTERED_MODEL_SUPPORTED_UNCALIBRATED,CONDITIONAL_AZIMUTH_RETURNED,7.6 8,10133.4192519539,0.0734163595316204,2,0.03125,0.000624892469877133,21,42,0.0046492,ccf433c83d073aaf2f715b179ced026783548b153385064557ffd1b8d59daa8b,e70016c924fdb6837e7a741304fbd992c4d8f05413ba03743350eec5c03963bd,NOT_CALIBRATED_STAGE5,1,1
stress_core_coherent_weak_l4,STRESS_HOLDOUT,19,1,2,ESTIMATED_ELEVATION,10,GROUP_REGISTERED_MODEL_SUPPORTED_UNCALIBRATED,CONDITIONAL_AZIMUTH_RETURNED,7.6 8,10132.2418783937,0.0748647564851126,2,0.03125,0.000649061911145553,21,42,0.0058319,ccf433c83d073aaf2f715b179ced026783548b153385064557ffd1b8d59daa8b,e70016c924fdb6837e7a741304fbd992c4d8f05413ba03743350eec5c03963bd,NOT_CALIBRATED_STAGE5,1,1
stress_core_coherent_weak_l4,STRESS_HOLDOUT,20,1,2,ESTIMATED_ELEVATION,10,GROUP_REGISTERED_MODEL_SUPPORTED_UNCALIBRATED,CONDITIONAL_AZIMUTH_RETURNED,7.6 8,10133.6021230913,0.0736244868348876,2,0.03125,0.000618687831112458,21,42,0.005779,ccf433c83d073aaf2f715b179ced026783548b153385064557ffd1b8d59daa8b,e70016c924fdb6837e7a741304fbd992c4d8f05413ba03743350eec5c03963bd,NOT_CALIBRATED_STAGE5,1,1
stress_core_coherent_weak_l4,STRESS_HOLDOUT,21,1,2,ESTIMATED_ELEVATION,10,GROUP_REGISTERED_MODEL_SUPPORTED_UNCALIBRATED,CONDITIONAL_AZIMUTH_RETURNED,7.6 8,10134.2430422486,0.0731928805435018,2,0.03125,0.00066377167716942,21,42,0.0046711,ccf433c83d073aaf2f715b179ced026783548b153385064557ffd1b8d59daa8b,e70016c924fdb6837e7a741304fbd992c4d8f05413ba03743350eec5c03963bd,NOT_CALIBRATED_STAGE5,1,1
stress_core_coherent_weak_l4,STRESS_HOLDOUT,22,1,2,ESTIMATED_ELEVATION,10,GROUP_REGISTERED_MODEL_SUPPORTED_UNCALIBRATED,CONDITIONAL_AZIMUTH_RETURNED,7.6 8,10133.6554261986,0.0737128781056526,2,0.03125,0.000650672432574278,21,42,0.0045133,ccf433c83d073aaf2f715b179ced026783548b153385064557ffd1b8d59daa8b,e70016c924fdb6837e7a741304fbd992c4d8f05413ba03743350eec5c03963bd,NOT_CALIBRATED_STAGE5,1,1
stress_core_coherent_weak_l4,STRESS_HOLDOUT,23,1,2,ESTIMATED_ELEVATION,10,GROUP_REGISTERED_MODEL_SUPPORTED_UNCALIBRATED,CONDITIONAL_AZIMUTH_RETURNED,7.6 8,10133.8520942057,0.0744641532419337,2,0.03125,0.000590823866808447,21,42,0.0062863,ccf433c83d073aaf2f715b179ced026783548b153385064557ffd1b8d59daa8b,e70016c924fdb6837e7a741304fbd992c4d8f05413ba03743350eec5c03963bd,NOT_CALIBRATED_STAGE5,1,1
stress_core_coherent_weak_l4,STRESS_HOLDOUT,24,1,2,ESTIMATED_ELEVATION,10,GROUP_REGISTERED_MODEL_SUPPORTED_UNCALIBRATED,CONDITIONAL_AZIMUTH_RETURNED,7.6 8,10133.0533198498,0.0736631420386402,2,0.03125,0.000627573592620446,21,42,0.0046429,ccf433c83d073aaf2f715b179ced026783548b153385064557ffd1b8d59daa8b,e70016c924fdb6837e7a741304fbd992c4d8f05413ba03743350eec5c03963bd,NOT_CALIBRATED_STAGE5,1,1
stress_core_coherent_weak_l4,STRESS_HOLDOUT,25,1,2,ESTIMATED_ELEVATION,10,GROUP_REGISTERED_MODEL_SUPPORTED_UNCALIBRATED,CONDITIONAL_AZIMUTH_RETURNED,7.6 8,10133.3587222067,0.0750221642774704,2,0.03125,0.000632042848720645,21,42,0.0051583,ccf433c83d073aaf2f715b179ced026783548b153385064557ffd1b8d59daa8b,e70016c924fdb6837e7a741304fbd992c4d8f05413ba03743350eec5c03963bd,NOT_CALIBRATED_STAGE5,1,1
stress_core_coherent_weak_l4,STRESS_HOLDOUT,26,1,2,ESTIMATED_ELEVATION,10,GROUP_REGISTERED_MODEL_SUPPORTED_UNCALIBRATED,CONDITIONAL_AZIMUTH_RETURNED,7.6 8,10133.6016497727,0.0714440710562485,2,0.03125,0.000622241295902671,21,42,0.0060874,ccf433c83d073aaf2f715b179ced026783548b153385064557ffd1b8d59daa8b,e70016c924fdb6837e7a741304fbd992c4d8f05413ba03743350eec5c03963bd,NOT_CALIBRATED_STAGE5,1,1
stress_core_coherent_weak_l4,STRESS_HOLDOUT,27,1,2,ESTIMATED_ELEVATION,10,GROUP_REGISTERED_MODEL_SUPPORTED_UNCALIBRATED,CONDITIONAL_AZIMUTH_RETURNED,7.6 8,10132.7791240363,0.0748569799561665,2,0.03125,0.000654311347899284,21,42,0.018309,ccf433c83d073aaf2f715b179ced026783548b153385064557ffd1b8d59daa8b,e70016c924fdb6837e7a741304fbd992c4d8f05413ba03743350eec5c03963bd,NOT_CALIBRATED_STAGE5,1,1
stress_core_coherent_weak_l4,STRESS_HOLDOUT,28,1,2,ESTIMATED_ELEVATION,10,GROUP_REGISTERED_MODEL_SUPPORTED_UNCALIBRATED,CONDITIONAL_AZIMUTH_RETURNED,7.6 8,10132.7502931919,0.0760320264907932,2,0.03125,0.000643375955073943,21,42,0.0051388,ccf433c83d073aaf2f715b179ced026783548b153385064557ffd1b8d59daa8b,e70016c924fdb6837e7a741304fbd992c4d8f05413ba03743350eec5c03963bd,NOT_CALIBRATED_STAGE5,1,1
stress_core_coherent_weak_l4,STRESS_HOLDOUT,29,1,2,ESTIMATED_ELEVATION,10,GROUP_REGISTERED_MODEL_SUPPORTED_UNCALIBRATED,CONDITIONAL_AZIMUTH_RETURNED,7.6 8,10132.5872847331,0.0758032443209231,2,0.03125,0.000650587484350487,21,42,0.0060009,ccf433c83d073aaf2f715b179ced026783548b153385064557ffd1b8d59daa8b,e70016c924fdb6837e7a741304fbd992c4d8f05413ba03743350eec5c03963bd,NOT_CALIBRATED_STAGE5,1,1
stress_core_coherent_weak_l4,STRESS_HOLDOUT,30,1,2,ESTIMATED_ELEVATION,10,GROUP_REGISTERED_MODEL_SUPPORTED_UNCALIBRATED,CONDITIONAL_AZIMUTH_RETURNED,7.6 8,10133.3842929063,0.0747652527097671,2,0.03125,0.000649322044149854,21,42,0.0051447,ccf433c83d073aaf2f715b179ced026783548b153385064557ffd1b8d59daa8b,e70016c924fdb6837e7a741304fbd992c4d8f05413ba03743350eec5c03963bd,NOT_CALIBRATED_STAGE5,1,1
stress_core_coherent_weak_l4,STRESS_HOLDOUT,31,1,2,ESTIMATED_ELEVATION,10,GROUP_REGISTERED_MODEL_SUPPORTED_UNCALIBRATED,CONDITIONAL_AZIMUTH_RETURNED,7.6 8,10133.6068012409,0.074461561462158,2,0.03125,0.000654553339547055,21,42,0.0055675,ccf433c83d073aaf2f715b179ced026783548b153385064557ffd1b8d59daa8b,e70016c924fdb6837e7a741304fbd992c4d8f05413ba03743350eec5c03963bd,NOT_CALIBRATED_STAGE5,1,1
stress_core_coherent_weak_l4,STRESS_HOLDOUT,32,1,2,ESTIMATED_ELEVATION,10,GROUP_REGISTERED_MODEL_SUPPORTED_UNCALIBRATED,CONDITIONAL_AZIMUTH_RETURNED,7.6 8,10133.348503544,0.0744294811556756,2,0.03125,0.0006240751071786,21,42,0.005674,ccf433c83d073aaf2f715b179ced026783548b153385064557ffd1b8d59daa8b,e70016c924fdb6837e7a741304fbd992c4d8f05413ba03743350eec5c03963bd,NOT_CALIBRATED_STAGE5,1,1
stress_core_coherent_weak_l4,STRESS_HOLDOUT,33,1,2,ESTIMATED_ELEVATION,10,GROUP_REGISTERED_MODEL_SUPPORTED_UNCALIBRATED,CONDITIONAL_AZIMUTH_RETURNED,7.6 8,10134.4655528155,0.0729613252988202,2,0.03125,0.000650390275542975,21,42,0.0060789,ccf433c83d073aaf2f715b179ced026783548b153385064557ffd1b8d59daa8b,e70016c924fdb6837e7a741304fbd992c4d8f05413ba03743350eec5c03963bd,NOT_CALIBRATED_STAGE5,1,1
stress_core_coherent_weak_l4,STRESS_HOLDOUT,34,1,2,ESTIMATED_ELEVATION,10,GROUP_REGISTERED_MODEL_SUPPORTED_UNCALIBRATED,CONDITIONAL_AZIMUTH_RETURNED,7.6 8,10133.8152719327,0.0758142695940478,2,0.03125,0.000639985515648056,21,42,0.0045651,ccf433c83d073aaf2f715b179ced026783548b153385064557ffd1b8d59daa8b,e70016c924fdb6837e7a741304fbd992c4d8f05413ba03743350eec5c03963bd,NOT_CALIBRATED_STAGE5,1,1
stress_core_coherent_weak_l4,STRESS_HOLDOUT,35,1,2,ESTIMATED_ELEVATION,10,GROUP_REGISTERED_MODEL_SUPPORTED_UNCALIBRATED,CONDITIONAL_AZIMUTH_RETURNED,7.6 8,10134.3896213757,0.0717698517019016,2,0.03125,0.000655275303441398,21,42,0.005739,ccf433c83d073aaf2f715b179ced026783548b153385064557ffd1b8d59daa8b,e70016c924fdb6837e7a741304fbd992c4d8f05413ba03743350eec5c03963bd,NOT_CALIBRATED_STAGE5,1,1
stress_core_coherent_weak_l4,STRESS_HOLDOUT,36,1,2,ESTIMATED_ELEVATION,10,GROUP_REGISTERED_MODEL_SUPPORTED_UNCALIBRATED,CONDITIONAL_AZIMUTH_RETURNED,7.6 8,10133.8872949534,0.0723995665484836,2,0.03125,0.000645056204336503,21,42,0.0044385,ccf433c83d073aaf2f715b179ced026783548b153385064557ffd1b8d59daa8b,e70016c924fdb6837e7a741304fbd992c4d8f05413ba03743350eec5c03963bd,NOT_CALIBRATED_STAGE5,1,1
stress_core_coherent_weak_l4,STRESS_HOLDOUT,37,1,2,ESTIMATED_ELEVATION,10,GROUP_REGISTERED_MODEL_SUPPORTED_UNCALIBRATED,CONDITIONAL_AZIMUTH_RETURNED,7.6 8,10133.6495269432,0.0743625161558157,2,0.03125,0.000655985796467945,21,42,0.0050359,ccf433c83d073aaf2f715b179ced026783548b153385064557ffd1b8d59daa8b,e70016c924fdb6837e7a741304fbd992c4d8f05413ba03743350eec5c03963bd,NOT_CALIBRATED_STAGE5,1,1
stress_core_coherent_weak_l4,STRESS_HOLDOUT,38,1,2,ESTIMATED_ELEVATION,10,GROUP_REGISTERED_MODEL_SUPPORTED_UNCALIBRATED,CONDITIONAL_AZIMUTH_RETURNED,7.6 8,10133.1074052193,0.076291062445307,2,0.03125,0.000635630686977737,21,42,0.0063477,ccf433c83d073aaf2f715b179ced026783548b153385064557ffd1b8d59daa8b,e70016c924fdb6837e7a741304fbd992c4d8f05413ba03743350eec5c03963bd,NOT_CALIBRATED_STAGE5,1,1
stress_core_coherent_weak_l4,STRESS_HOLDOUT,39,1,2,ESTIMATED_ELEVATION,10,GROUP_REGISTERED_MODEL_SUPPORTED_UNCALIBRATED,CONDITIONAL_AZIMUTH_RETURNED,7.6 8,10133.3866671317,0.0729659533335507,2,0.03125,0.000649171792396104,21,42,0.0077665,ccf433c83d073aaf2f715b179ced026783548b153385064557ffd1b8d59daa8b,e70016c924fdb6837e7a741304fbd992c4d8f05413ba03743350eec5c03963bd,NOT_CALIBRATED_STAGE5,1,1
stress_core_coherent_weak_l4,STRESS_HOLDOUT,40,1,2,ESTIMATED_ELEVATION,10,GROUP_REGISTERED_MODEL_SUPPORTED_UNCALIBRATED,CONDITIONAL_AZIMUTH_RETURNED,7.6 8,10133.3633659631,0.0754592368284648,2,0.03125,0.000641320556289665,21,42,0.0073124,ccf433c83d073aaf2f715b179ced026783548b153385064557ffd1b8d59daa8b,e70016c924fdb6837e7a741304fbd992c4d8f05413ba03743350eec5c03963bd,NOT_CALIBRATED_STAGE5,1,1
stress_core_coherent_weak_l4,STRESS_HOLDOUT,41,1,2,ESTIMATED_ELEVATION,10,GROUP_REGISTERED_MODEL_SUPPORTED_UNCALIBRATED,CONDITIONAL_AZIMUTH_RETURNED,7.6 8,10133.5714719324,0.0751952728714969,2,0.03125,0.000637032399909086,21,42,0.0051875,ccf433c83d073aaf2f715b179ced026783548b153385064557ffd1b8d59daa8b,e70016c924fdb6837e7a741304fbd992c4d8f05413ba03743350eec5c03963bd,NOT_CALIBRATED_STAGE5,1,1
stress_core_coherent_weak_l4,STRESS_HOLDOUT,42,1,2,ESTIMATED_ELEVATION,10,GROUP_REGISTERED_MODEL_SUPPORTED_UNCALIBRATED,CONDITIONAL_AZIMUTH_RETURNED,7.6 8,10132.9091292437,0.0745008969952323,2,0.03125,0.000654867105185,21,42,0.005071,ccf433c83d073aaf2f715b179ced026783548b153385064557ffd1b8d59daa8b,e70016c924fdb6837e7a741304fbd992c4d8f05413ba03743350eec5c03963bd,NOT_CALIBRATED_STAGE5,1,1
stress_core_coherent_weak_l4,STRESS_HOLDOUT,43,1,2,ESTIMATED_ELEVATION,10,GROUP_REGISTERED_MODEL_SUPPORTED_UNCALIBRATED,CONDITIONAL_AZIMUTH_RETURNED,7.6 8,10133.736697847,0.0730230758654216,2,0.03125,0.000678054460506719,21,42,0.0056663,ccf433c83d073aaf2f715b179ced026783548b153385064557ffd1b8d59daa8b,e70016c924fdb6837e7a741304fbd992c4d8f05413ba03743350eec5c03963bd,NOT_CALIBRATED_STAGE5,1,1
stress_core_coherent_weak_l4,STRESS_HOLDOUT,44,1,2,ESTIMATED_ELEVATION,10,GROUP_REGISTERED_MODEL_SUPPORTED_UNCALIBRATED,CONDITIONAL_AZIMUTH_RETURNED,7.6 8,10133.3704976632,0.0704224282417272,2,0.03125,0.000623559165829174,21,42,0.0057223,ccf433c83d073aaf2f715b179ced026783548b153385064557ffd1b8d59daa8b,e70016c924fdb6837e7a741304fbd992c4d8f05413ba03743350eec5c03963bd,NOT_CALIBRATED_STAGE5,1,1
stress_core_coherent_weak_l4,STRESS_HOLDOUT,45,1,2,ESTIMATED_ELEVATION,10,GROUP_REGISTERED_MODEL_SUPPORTED_UNCALIBRATED,CONDITIONAL_AZIMUTH_RETURNED,7.6 8,10133.0509870333,0.0768061003873299,2,0.03125,0.000622633705200052,21,42,0.0050239,ccf433c83d073aaf2f715b179ced026783548b153385064557ffd1b8d59daa8b,e70016c924fdb6837e7a741304fbd992c4d8f05413ba03743350eec5c03963bd,NOT_CALIBRATED_STAGE5,1,1
stress_core_coherent_weak_l4,STRESS_HOLDOUT,46,1,2,ESTIMATED_ELEVATION,10,GROUP_REGISTERED_MODEL_SUPPORTED_UNCALIBRATED,CONDITIONAL_AZIMUTH_RETURNED,7.6 8,10133.8203438571,0.0747061149832007,2,0.03125,0.000630181937944322,21,42,0.0056219,ccf433c83d073aaf2f715b179ced026783548b153385064557ffd1b8d59daa8b,e70016c924fdb6837e7a741304fbd992c4d8f05413ba03743350eec5c03963bd,NOT_CALIBRATED_STAGE5,1,1
stress_core_coherent_weak_l4,STRESS_HOLDOUT,47,1,2,ESTIMATED_ELEVATION,10,GROUP_REGISTERED_MODEL_SUPPORTED_UNCALIBRATED,CONDITIONAL_AZIMUTH_RETURNED,7.6 8,10133.4026229336,0.0736737541410548,2,0.03125,0.000665348890798655,21,42,0.0058608,ccf433c83d073aaf2f715b179ced026783548b153385064557ffd1b8d59daa8b,e70016c924fdb6837e7a741304fbd992c4d8f05413ba03743350eec5c03963bd,NOT_CALIBRATED_STAGE5,1,1
stress_core_coherent_weak_l4,STRESS_HOLDOUT,48,1,2,ESTIMATED_ELEVATION,10,GROUP_REGISTERED_MODEL_SUPPORTED_UNCALIBRATED,CONDITIONAL_AZIMUTH_RETURNED,7.6 8,10134.6809287021,0.0739544746065803,2,0.03125,0.000612968435556047,21,42,0.0049138,ccf433c83d073aaf2f715b179ced026783548b153385064557ffd1b8d59daa8b,e70016c924fdb6837e7a741304fbd992c4d8f05413ba03743350eec5c03963bd,NOT_CALIBRATED_STAGE5,1,1
stress_core_coherent_weak_l4,STRESS_HOLDOUT,49,1,2,ESTIMATED_ELEVATION,10,GROUP_REGISTERED_MODEL_SUPPORTED_UNCALIBRATED,CONDITIONAL_AZIMUTH_RETURNED,7.6 8,10133.7546551051,0.0756966861954425,2,0.03125,0.000672559081564209,21,42,0.0061162,ccf433c83d073aaf2f715b179ced026783548b153385064557ffd1b8d59daa8b,e70016c924fdb6837e7a741304fbd992c4d8f05413ba03743350eec5c03963bd,NOT_CALIBRATED_STAGE5,1,1
stress_core_coherent_weak_l4,STRESS_HOLDOUT,50,1,2,ESTIMATED_ELEVATION,10,GROUP_REGISTERED_MODEL_SUPPORTED_UNCALIBRATED,CONDITIONAL_AZIMUTH_RETURNED,7.6 8,10133.4685958754,0.0729518631433166,2,0.03125,0.00064934997138149,21,42,0.0052781,ccf433c83d073aaf2f715b179ced026783548b153385064557ffd1b8d59daa8b,e70016c924fdb6837e7a741304fbd992c4d8f05413ba03743350eec5c03963bd,NOT_CALIBRATED_STAGE5,1,1
stress_core_coherent_weak_l4,STRESS_HOLDOUT,51,1,2,ESTIMATED_ELEVATION,10,GROUP_REGISTERED_MODEL_SUPPORTED_UNCALIBRATED,CONDITIONAL_AZIMUTH_RETURNED,7.6 8,10133.6818173705,0.0732743322078022,2,0.03125,0.000666312470485869,21,42,0.0063343,ccf433c83d073aaf2f715b179ced026783548b153385064557ffd1b8d59daa8b,e70016c924fdb6837e7a741304fbd992c4d8f05413ba03743350eec5c03963bd,NOT_CALIBRATED_STAGE5,1,1
stress_core_coherent_weak_l4,STRESS_HOLDOUT,52,1,2,ESTIMATED_ELEVATION,10,GROUP_REGISTERED_MODEL_SUPPORTED_UNCALIBRATED,CONDITIONAL_AZIMUTH_RETURNED,7.6 8,10133.9971448422,0.0727452934461326,2,0.03125,0.000647479928957193,21,42,0.0047856,ccf433c83d073aaf2f715b179ced026783548b153385064557ffd1b8d59daa8b,e70016c924fdb6837e7a741304fbd992c4d8f05413ba03743350eec5c03963bd,NOT_CALIBRATED_STAGE5,1,1
stress_core_coherent_weak_l4,STRESS_HOLDOUT,53,1,2,ESTIMATED_ELEVATION,10,GROUP_REGISTERED_MODEL_SUPPORTED_UNCALIBRATED,CONDITIONAL_AZIMUTH_RETURNED,7.6 8,10133.5342969345,0.0745443233208789,2,0.03125,0.000675230547663285,21,42,0.0048135,ccf433c83d073aaf2f715b179ced026783548b153385064557ffd1b8d59daa8b,e70016c924fdb6837e7a741304fbd992c4d8f05413ba03743350eec5c03963bd,NOT_CALIBRATED_STAGE5,1,1
stress_core_coherent_weak_l4,STRESS_HOLDOUT,54,1,2,ESTIMATED_ELEVATION,10,GROUP_REGISTERED_MODEL_SUPPORTED_UNCALIBRATED,CONDITIONAL_AZIMUTH_RETURNED,7.6 8,10133.7592312475,0.0738725583760242,2,0.03125,0.000639683807529416,21,42,0.005351,ccf433c83d073aaf2f715b179ced026783548b153385064557ffd1b8d59daa8b,e70016c924fdb6837e7a741304fbd992c4d8f05413ba03743350eec5c03963bd,NOT_CALIBRATED_STAGE5,1,1
stress_core_coherent_weak_l4,STRESS_HOLDOUT,55,1,2,ESTIMATED_ELEVATION,10,GROUP_REGISTERED_MODEL_SUPPORTED_UNCALIBRATED,CONDITIONAL_AZIMUTH_RETURNED,7.6 8,10132.7451272283,0.0758406493678194,2,0.03125,0.000644887022588041,21,42,0.0056432,ccf433c83d073aaf2f715b179ced026783548b153385064557ffd1b8d59daa8b,e70016c924fdb6837e7a741304fbd992c4d8f05413ba03743350eec5c03963bd,NOT_CALIBRATED_STAGE5,1,1
stress_core_coherent_weak_l4,STRESS_HOLDOUT,56,1,2,ESTIMATED_ELEVATION,10,GROUP_REGISTERED_MODEL_SUPPORTED_UNCALIBRATED,CONDITIONAL_AZIMUTH_RETURNED,7.6 8,10133.4394907935,0.0737998542244895,2,0.03125,0.000616959860671045,21,42,0.0063167,ccf433c83d073aaf2f715b179ced026783548b153385064557ffd1b8d59daa8b,e70016c924fdb6837e7a741304fbd992c4d8f05413ba03743350eec5c03963bd,NOT_CALIBRATED_STAGE5,1,1
stress_core_coherent_weak_l4,STRESS_HOLDOUT,57,1,2,ESTIMATED_ELEVATION,10,GROUP_REGISTERED_MODEL_SUPPORTED_UNCALIBRATED,CONDITIONAL_AZIMUTH_RETURNED,7.6 8,10134.0840182819,0.0726728544959769,2,0.03125,0.000658779199939103,21,42,0.0047149,ccf433c83d073aaf2f715b179ced026783548b153385064557ffd1b8d59daa8b,e70016c924fdb6837e7a741304fbd992c4d8f05413ba03743350eec5c03963bd,NOT_CALIBRATED_STAGE5,1,1
stress_core_coherent_weak_l4,STRESS_HOLDOUT,58,1,2,ESTIMATED_ELEVATION,10,GROUP_REGISTERED_MODEL_SUPPORTED_UNCALIBRATED,CONDITIONAL_AZIMUTH_RETURNED,7.6 8,10133.9098017438,0.073111430670906,2,0.03125,0.000638415347552957,21,42,0.0061913,ccf433c83d073aaf2f715b179ced026783548b153385064557ffd1b8d59daa8b,e70016c924fdb6837e7a741304fbd992c4d8f05413ba03743350eec5c03963bd,NOT_CALIBRATED_STAGE5,1,1
stress_core_coherent_weak_l4,STRESS_HOLDOUT,59,1,2,ESTIMATED_ELEVATION,10,GROUP_REGISTERED_MODEL_SUPPORTED_UNCALIBRATED,CONDITIONAL_AZIMUTH_RETURNED,7.6 8,10133.3866556439,0.0769208392212022,2,0.03125,0.000626739968864926,21,42,0.0064263,ccf433c83d073aaf2f715b179ced026783548b153385064557ffd1b8d59daa8b,e70016c924fdb6837e7a741304fbd992c4d8f05413ba03743350eec5c03963bd,NOT_CALIBRATED_STAGE5,1,1
stress_core_coherent_weak_l4,STRESS_HOLDOUT,60,1,2,ESTIMATED_ELEVATION,10,GROUP_REGISTERED_MODEL_SUPPORTED_UNCALIBRATED,CONDITIONAL_AZIMUTH_RETURNED,7.6 8,10133.4484913637,0.0738899228017544,2,0.03125,0.000617573299913515,21,42,0.0061817,ccf433c83d073aaf2f715b179ced026783548b153385064557ffd1b8d59daa8b,e70016c924fdb6837e7a741304fbd992c4d8f05413ba03743350eec5c03963bd,NOT_CALIBRATED_STAGE5,1,1
stress_core_coherent_weak_l4,STRESS_HOLDOUT,61,1,2,ESTIMATED_ELEVATION,10,GROUP_REGISTERED_MODEL_SUPPORTED_UNCALIBRATED,CONDITIONAL_AZIMUTH_RETURNED,7.6 8,10133.3698008744,0.0743901816495054,2,0.03125,0.000683912084493138,21,42,0.0049909,ccf433c83d073aaf2f715b179ced026783548b153385064557ffd1b8d59daa8b,e70016c924fdb6837e7a741304fbd992c4d8f05413ba03743350eec5c03963bd,NOT_CALIBRATED_STAGE5,1,1
stress_core_coherent_weak_l4,STRESS_HOLDOUT,62,1,2,ESTIMATED_ELEVATION,10,GROUP_REGISTERED_MODEL_SUPPORTED_UNCALIBRATED,CONDITIONAL_AZIMUTH_RETURNED,7.6 8,10134.0169761409,0.0727978686463757,2,0.03125,0.000662504415494816,21,42,0.0052378,ccf433c83d073aaf2f715b179ced026783548b153385064557ffd1b8d59daa8b,e70016c924fdb6837e7a741304fbd992c4d8f05413ba03743350eec5c03963bd,NOT_CALIBRATED_STAGE5,1,1
stress_core_coherent_weak_l4,STRESS_HOLDOUT,63,1,2,ESTIMATED_ELEVATION,10,GROUP_REGISTERED_MODEL_SUPPORTED_UNCALIBRATED,CONDITIONAL_AZIMUTH_RETURNED,7.6 8,10134.8936832084,0.0754662368290155,2,0.03125,0.000656159121752956,21,42,0.0045835,ccf433c83d073aaf2f715b179ced026783548b153385064557ffd1b8d59daa8b,e70016c924fdb6837e7a741304fbd992c4d8f05413ba03743350eec5c03963bd,NOT_CALIBRATED_STAGE5,1,1
stress_core_coherent_weak_l4,STRESS_HOLDOUT,64,1,2,ESTIMATED_ELEVATION,10,GROUP_REGISTERED_MODEL_SUPPORTED_UNCALIBRATED,CONDITIONAL_AZIMUTH_RETURNED,7.6 8,10134.8525810357,0.0735208181158669,2,0.03125,0.000624490914729835,21,42,0.0051041,ccf433c83d073aaf2f715b179ced026783548b153385064557ffd1b8d59daa8b,e70016c924fdb6837e7a741304fbd992c4d8f05413ba03743350eec5c03963bd,NOT_CALIBRATED_STAGE5,1,1
stress_core_coherent_weak_l4,STRESS_HOLDOUT,65,1,2,ESTIMATED_ELEVATION,10,GROUP_REGISTERED_MODEL_SUPPORTED_UNCALIBRATED,CONDITIONAL_AZIMUTH_RETURNED,7.6 8,10133.4355302247,0.0747001274303329,2,0.03125,0.000579317599420727,21,42,0.0047232,ccf433c83d073aaf2f715b179ced026783548b153385064557ffd1b8d59daa8b,e70016c924fdb6837e7a741304fbd992c4d8f05413ba03743350eec5c03963bd,NOT_CALIBRATED_STAGE5,1,1
stress_core_coherent_weak_l4,STRESS_HOLDOUT,66,1,2,ESTIMATED_ELEVATION,10,GROUP_REGISTERED_MODEL_SUPPORTED_UNCALIBRATED,CONDITIONAL_AZIMUTH_RETURNED,7.6 8,10133.4982186496,0.0726136985504127,2,0.03125,0.000647657723169973,21,42,0.0049079,ccf433c83d073aaf2f715b179ced026783548b153385064557ffd1b8d59daa8b,e70016c924fdb6837e7a741304fbd992c4d8f05413ba03743350eec5c03963bd,NOT_CALIBRATED_STAGE5,1,1
stress_core_coherent_weak_l4,STRESS_HOLDOUT,67,1,2,ESTIMATED_ELEVATION,10,GROUP_REGISTERED_MODEL_SUPPORTED_UNCALIBRATED,CONDITIONAL_AZIMUTH_RETURNED,7.6 8,10133.6479020165,0.0777272378145426,2,0.03125,0.00066927507286863,21,42,0.0048954,ccf433c83d073aaf2f715b179ced026783548b153385064557ffd1b8d59daa8b,e70016c924fdb6837e7a741304fbd992c4d8f05413ba03743350eec5c03963bd,NOT_CALIBRATED_STAGE5,1,1
stress_core_coherent_weak_l4,STRESS_HOLDOUT,68,1,2,ESTIMATED_ELEVATION,10,GROUP_REGISTERED_MODEL_SUPPORTED_UNCALIBRATED,CONDITIONAL_AZIMUTH_RETURNED,7.6 8,10134.4689419389,0.0746492699036025,2,0.03125,0.000649272755127448,21,42,0.0046868,ccf433c83d073aaf2f715b179ced026783548b153385064557ffd1b8d59daa8b,e70016c924fdb6837e7a741304fbd992c4d8f05413ba03743350eec5c03963bd,NOT_CALIBRATED_STAGE5,1,1
stress_core_coherent_weak_l4,STRESS_HOLDOUT,69,1,2,ESTIMATED_ELEVATION,10,GROUP_REGISTERED_MODEL_SUPPORTED_UNCALIBRATED,CONDITIONAL_AZIMUTH_RETURNED,7.6 8,10134.1979435222,0.0744872227496671,2,0.03125,0.000645946666288855,21,42,0.0056411,ccf433c83d073aaf2f715b179ced026783548b153385064557ffd1b8d59daa8b,e70016c924fdb6837e7a741304fbd992c4d8f05413ba03743350eec5c03963bd,NOT_CALIBRATED_STAGE5,1,1
stress_core_coherent_weak_l4,STRESS_HOLDOUT,70,1,2,ESTIMATED_ELEVATION,10,GROUP_REGISTERED_MODEL_SUPPORTED_UNCALIBRATED,CONDITIONAL_AZIMUTH_RETURNED,7.6 8,10133.2168768063,0.072693139578405,2,0.03125,0.0006522498970035,21,42,0.0058184,ccf433c83d073aaf2f715b179ced026783548b153385064557ffd1b8d59daa8b,e70016c924fdb6837e7a741304fbd992c4d8f05413ba03743350eec5c03963bd,NOT_CALIBRATED_STAGE5,1,1
stress_core_coherent_weak_l4,STRESS_HOLDOUT,71,1,2,ESTIMATED_ELEVATION,10,GROUP_REGISTERED_MODEL_SUPPORTED_UNCALIBRATED,CONDITIONAL_AZIMUTH_RETURNED,7.6 8,10133.1419601188,0.0734418475476559,2,0.03125,0.000680740107760748,21,42,0.0046745,ccf433c83d073aaf2f715b179ced026783548b153385064557ffd1b8d59daa8b,e70016c924fdb6837e7a741304fbd992c4d8f05413ba03743350eec5c03963bd,NOT_CALIBRATED_STAGE5,1,1
stress_core_coherent_weak_l4,STRESS_HOLDOUT,72,1,2,ESTIMATED_ELEVATION,10,GROUP_REGISTERED_MODEL_SUPPORTED_UNCALIBRATED,CONDITIONAL_AZIMUTH_RETURNED,7.6 8,10134.0869436919,0.0731224852497689,2,0.03125,0.000606271082908083,21,42,0.0047891,ccf433c83d073aaf2f715b179ced026783548b153385064557ffd1b8d59daa8b,e70016c924fdb6837e7a741304fbd992c4d8f05413ba03743350eec5c03963bd,NOT_CALIBRATED_STAGE5,1,1
stress_core_coherent_weak_l4,STRESS_HOLDOUT,73,1,2,ESTIMATED_ELEVATION,10,GROUP_REGISTERED_MODEL_SUPPORTED_UNCALIBRATED,CONDITIONAL_AZIMUTH_RETURNED,7.6 8,10133.3455074071,0.07487748501444,2,0.03125,0.000650689896086318,21,42,0.0061436,ccf433c83d073aaf2f715b179ced026783548b153385064557ffd1b8d59daa8b,e70016c924fdb6837e7a741304fbd992c4d8f05413ba03743350eec5c03963bd,NOT_CALIBRATED_STAGE5,1,1
stress_core_coherent_weak_l4,STRESS_HOLDOUT,74,1,2,ESTIMATED_ELEVATION,10,GROUP_REGISTERED_MODEL_SUPPORTED_UNCALIBRATED,CONDITIONAL_AZIMUTH_RETURNED,7.6 8,10134.6165727513,0.0726575040480384,2,0.03125,0.000616352826300433,21,42,0.0049263,ccf433c83d073aaf2f715b179ced026783548b153385064557ffd1b8d59daa8b,e70016c924fdb6837e7a741304fbd992c4d8f05413ba03743350eec5c03963bd,NOT_CALIBRATED_STAGE5,1,1
stress_core_coherent_weak_l4,STRESS_HOLDOUT,75,1,2,ESTIMATED_ELEVATION,10,GROUP_REGISTERED_MODEL_SUPPORTED_UNCALIBRATED,CONDITIONAL_AZIMUTH_RETURNED,7.6 8,10134.5387387613,0.0731464283253445,2,0.03125,0.000634668659415713,21,42,0.0061094,ccf433c83d073aaf2f715b179ced026783548b153385064557ffd1b8d59daa8b,e70016c924fdb6837e7a741304fbd992c4d8f05413ba03743350eec5c03963bd,NOT_CALIBRATED_STAGE5,1,1
stress_core_coherent_weak_l4,STRESS_HOLDOUT,76,1,2,ESTIMATED_ELEVATION,10,GROUP_REGISTERED_MODEL_SUPPORTED_UNCALIBRATED,CONDITIONAL_AZIMUTH_RETURNED,7.6 8,10133.2715011533,0.0718167379491206,2,0.03125,0.000638539783641697,21,42,0.0076652,ccf433c83d073aaf2f715b179ced026783548b153385064557ffd1b8d59daa8b,e70016c924fdb6837e7a741304fbd992c4d8f05413ba03743350eec5c03963bd,NOT_CALIBRATED_STAGE5,1,1
stress_core_coherent_weak_l4,STRESS_HOLDOUT,77,1,2,ESTIMATED_ELEVATION,10,GROUP_REGISTERED_MODEL_SUPPORTED_UNCALIBRATED,CONDITIONAL_AZIMUTH_RETURNED,7.6 8,10133.5080738632,0.0742014920906513,2,0.03125,0.000603269968659845,21,42,0.0080472,ccf433c83d073aaf2f715b179ced026783548b153385064557ffd1b8d59daa8b,e70016c924fdb6837e7a741304fbd992c4d8f05413ba03743350eec5c03963bd,NOT_CALIBRATED_STAGE5,1,1
stress_core_coherent_weak_l4,STRESS_HOLDOUT,78,1,2,ESTIMATED_ELEVATION,10,GROUP_REGISTERED_MODEL_SUPPORTED_UNCALIBRATED,CONDITIONAL_AZIMUTH_RETURNED,7.6 8,10133.9488903486,0.0744816292899486,2,0.03125,0.00062422778250277,21,42,0.0089012,ccf433c83d073aaf2f715b179ced026783548b153385064557ffd1b8d59daa8b,e70016c924fdb6837e7a741304fbd992c4d8f05413ba03743350eec5c03963bd,NOT_CALIBRATED_STAGE5,1,1
stress_core_coherent_weak_l4,STRESS_HOLDOUT,79,1,2,ESTIMATED_ELEVATION,10,GROUP_REGISTERED_MODEL_SUPPORTED_UNCALIBRATED,CONDITIONAL_AZIMUTH_RETURNED,7.6 8,10133.4784901227,0.072560127800898,2,0.03125,0.000637196347755539,21,42,0.0058129,ccf433c83d073aaf2f715b179ced026783548b153385064557ffd1b8d59daa8b,e70016c924fdb6837e7a741304fbd992c4d8f05413ba03743350eec5c03963bd,NOT_CALIBRATED_STAGE5,1,1
stress_core_coherent_weak_l4,STRESS_HOLDOUT,80,1,2,ESTIMATED_ELEVATION,10,GROUP_REGISTERED_MODEL_SUPPORTED_UNCALIBRATED,CONDITIONAL_AZIMUTH_RETURNED,7.6 8,10133.100695343,0.0744435916130897,2,0.03125,0.000667735644660759,21,42,0.0061147,ccf433c83d073aaf2f715b179ced026783548b153385064557ffd1b8d59daa8b,e70016c924fdb6837e7a741304fbd992c4d8f05413ba03743350eec5c03963bd,NOT_CALIBRATED_STAGE5,1,1
stress_core_coherent_weak_l4,STRESS_HOLDOUT,81,1,2,ESTIMATED_ELEVATION,10,GROUP_REGISTERED_MODEL_SUPPORTED_UNCALIBRATED,CONDITIONAL_AZIMUTH_RETURNED,7.6 8,10133.6152018353,0.074106951315116,2,0.03125,0.000631444831770877,21,42,0.0059159,ccf433c83d073aaf2f715b179ced026783548b153385064557ffd1b8d59daa8b,e70016c924fdb6837e7a741304fbd992c4d8f05413ba03743350eec5c03963bd,NOT_CALIBRATED_STAGE5,1,1
stress_core_coherent_weak_l4,STRESS_HOLDOUT,82,1,2,ESTIMATED_ELEVATION,10,GROUP_REGISTERED_MODEL_SUPPORTED_UNCALIBRATED,CONDITIONAL_AZIMUTH_RETURNED,7.6 8,10133.6264587003,0.0751590318304807,2,0.03125,0.000639301934278859,21,42,0.0055454,ccf433c83d073aaf2f715b179ced026783548b153385064557ffd1b8d59daa8b,e70016c924fdb6837e7a741304fbd992c4d8f05413ba03743350eec5c03963bd,NOT_CALIBRATED_STAGE5,1,1
stress_core_coherent_weak_l4,STRESS_HOLDOUT,83,1,2,ESTIMATED_ELEVATION,10,GROUP_REGISTERED_MODEL_SUPPORTED_UNCALIBRATED,CONDITIONAL_AZIMUTH_RETURNED,7.6 8,10133.6331701271,0.0731570815714804,2,0.03125,0.000617188990152824,21,42,0.0064509,ccf433c83d073aaf2f715b179ced026783548b153385064557ffd1b8d59daa8b,e70016c924fdb6837e7a741304fbd992c4d8f05413ba03743350eec5c03963bd,NOT_CALIBRATED_STAGE5,1,1
stress_core_coherent_weak_l4,STRESS_HOLDOUT,84,1,2,ESTIMATED_ELEVATION,10,GROUP_REGISTERED_MODEL_SUPPORTED_UNCALIBRATED,CONDITIONAL_AZIMUTH_RETURNED,7.6 8,10134.1677492434,0.0748307772428234,2,0.03125,0.000659098812703469,21,42,0.0055694,ccf433c83d073aaf2f715b179ced026783548b153385064557ffd1b8d59daa8b,e70016c924fdb6837e7a741304fbd992c4d8f05413ba03743350eec5c03963bd,NOT_CALIBRATED_STAGE5,1,1
stress_core_coherent_weak_l4,STRESS_HOLDOUT,85,1,2,ESTIMATED_ELEVATION,10,GROUP_REGISTERED_MODEL_SUPPORTED_UNCALIBRATED,CONDITIONAL_AZIMUTH_RETURNED,7.6 8,10133.9274969786,0.0741306777672435,2,0.03125,0.000601542321534251,21,42,0.0044458,ccf433c83d073aaf2f715b179ced026783548b153385064557ffd1b8d59daa8b,e70016c924fdb6837e7a741304fbd992c4d8f05413ba03743350eec5c03963bd,NOT_CALIBRATED_STAGE5,1,1
stress_core_coherent_weak_l4,STRESS_HOLDOUT,86,1,2,ESTIMATED_ELEVATION,10,GROUP_REGISTERED_MODEL_SUPPORTED_UNCALIBRATED,CONDITIONAL_AZIMUTH_RETURNED,7.6 8,10133.3225835192,0.0718759788978787,2,0.03125,0.000624383887409232,21,42,0.0044882,ccf433c83d073aaf2f715b179ced026783548b153385064557ffd1b8d59daa8b,e70016c924fdb6837e7a741304fbd992c4d8f05413ba03743350eec5c03963bd,NOT_CALIBRATED_STAGE5,1,1
stress_core_coherent_weak_l4,STRESS_HOLDOUT,87,1,2,ESTIMATED_ELEVATION,10,GROUP_REGISTERED_MODEL_SUPPORTED_UNCALIBRATED,CONDITIONAL_AZIMUTH_RETURNED,7.6 8,10134.3589495945,0.0753561351193639,2,0.03125,0.000628269805421686,21,42,0.0061631,ccf433c83d073aaf2f715b179ced026783548b153385064557ffd1b8d59daa8b,e70016c924fdb6837e7a741304fbd992c4d8f05413ba03743350eec5c03963bd,NOT_CALIBRATED_STAGE5,1,1
stress_core_coherent_weak_l4,STRESS_HOLDOUT,88,1,2,ESTIMATED_ELEVATION,10,GROUP_REGISTERED_MODEL_SUPPORTED_UNCALIBRATED,CONDITIONAL_AZIMUTH_RETURNED,7.6 8,10133.7680360333,0.0727356235202024,2,0.03125,0.000657330475523996,21,42,0.0063327,ccf433c83d073aaf2f715b179ced026783548b153385064557ffd1b8d59daa8b,e70016c924fdb6837e7a741304fbd992c4d8f05413ba03743350eec5c03963bd,NOT_CALIBRATED_STAGE5,1,1
stress_core_coherent_weak_l4,STRESS_HOLDOUT,89,1,2,ESTIMATED_ELEVATION,10,GROUP_REGISTERED_MODEL_SUPPORTED_UNCALIBRATED,CONDITIONAL_AZIMUTH_RETURNED,7.6 8,10134.4935250058,0.0731849091116601,2,0.03125,0.000627097144091263,21,42,0.0066484,ccf433c83d073aaf2f715b179ced026783548b153385064557ffd1b8d59daa8b,e70016c924fdb6837e7a741304fbd992c4d8f05413ba03743350eec5c03963bd,NOT_CALIBRATED_STAGE5,1,1
stress_core_coherent_weak_l4,STRESS_HOLDOUT,90,1,2,ESTIMATED_ELEVATION,10,GROUP_REGISTERED_MODEL_SUPPORTED_UNCALIBRATED,CONDITIONAL_AZIMUTH_RETURNED,7.6 8,10133.8095365296,0.0774267144988698,2,0.03125,0.000631354183029918,21,42,0.0064318,ccf433c83d073aaf2f715b179ced026783548b153385064557ffd1b8d59daa8b,e70016c924fdb6837e7a741304fbd992c4d8f05413ba03743350eec5c03963bd,NOT_CALIBRATED_STAGE5,1,1
stress_core_coherent_weak_l4,STRESS_HOLDOUT,91,1,2,ESTIMATED_ELEVATION,10,GROUP_REGISTERED_MODEL_SUPPORTED_UNCALIBRATED,CONDITIONAL_AZIMUTH_RETURNED,7.6 8,10134.6467214118,0.0729521780067444,2,0.03125,0.000614313314801635,21,42,0.0064624,ccf433c83d073aaf2f715b179ced026783548b153385064557ffd1b8d59daa8b,e70016c924fdb6837e7a741304fbd992c4d8f05413ba03743350eec5c03963bd,NOT_CALIBRATED_STAGE5,1,1
stress_core_coherent_weak_l4,STRESS_HOLDOUT,92,1,2,ESTIMATED_ELEVATION,10,GROUP_REGISTERED_MODEL_SUPPORTED_UNCALIBRATED,CONDITIONAL_AZIMUTH_RETURNED,7.6 8,10133.5461667437,0.0768458959046256,2,0.03125,0.000615606704491225,21,42,0.0055825,ccf433c83d073aaf2f715b179ced026783548b153385064557ffd1b8d59daa8b,e70016c924fdb6837e7a741304fbd992c4d8f05413ba03743350eec5c03963bd,NOT_CALIBRATED_STAGE5,1,1
stress_core_coherent_weak_l4,STRESS_HOLDOUT,93,1,2,ESTIMATED_ELEVATION,10,GROUP_REGISTERED_MODEL_SUPPORTED_UNCALIBRATED,CONDITIONAL_AZIMUTH_RETURNED,7.6 8,10133.0898872976,0.073386065694649,2,0.03125,0.00064979380512229,21,42,0.006221,ccf433c83d073aaf2f715b179ced026783548b153385064557ffd1b8d59daa8b,e70016c924fdb6837e7a741304fbd992c4d8f05413ba03743350eec5c03963bd,NOT_CALIBRATED_STAGE5,1,1
stress_core_coherent_weak_l4,STRESS_HOLDOUT,94,1,2,ESTIMATED_ELEVATION,10,GROUP_REGISTERED_MODEL_SUPPORTED_UNCALIBRATED,CONDITIONAL_AZIMUTH_RETURNED,7.6 8,10132.6029842025,0.0750548849464394,2,0.03125,0.000632091491349079,21,42,0.0066505,ccf433c83d073aaf2f715b179ced026783548b153385064557ffd1b8d59daa8b,e70016c924fdb6837e7a741304fbd992c4d8f05413ba03743350eec5c03963bd,NOT_CALIBRATED_STAGE5,1,1
stress_core_coherent_weak_l4,STRESS_HOLDOUT,95,1,2,ESTIMATED_ELEVATION,10,GROUP_REGISTERED_MODEL_SUPPORTED_UNCALIBRATED,CONDITIONAL_AZIMUTH_RETURNED,7.6 8,10133.2889175623,0.073425915574262,2,0.03125,0.000605725656308271,21,42,0.0054212,ccf433c83d073aaf2f715b179ced026783548b153385064557ffd1b8d59daa8b,e70016c924fdb6837e7a741304fbd992c4d8f05413ba03743350eec5c03963bd,NOT_CALIBRATED_STAGE5,1,1
stress_core_coherent_weak_l4,STRESS_HOLDOUT,96,1,2,ESTIMATED_ELEVATION,10,GROUP_REGISTERED_MODEL_SUPPORTED_UNCALIBRATED,CONDITIONAL_AZIMUTH_RETURNED,7.6 8,10132.5385308931,0.0729985637826758,2,0.03125,0.000635076056939753,21,42,0.004818,ccf433c83d073aaf2f715b179ced026783548b153385064557ffd1b8d59daa8b,e70016c924fdb6837e7a741304fbd992c4d8f05413ba03743350eec5c03963bd,NOT_CALIBRATED_STAGE5,1,1
stress_core_coherent_weak_l4,STRESS_HOLDOUT,97,1,2,ESTIMATED_ELEVATION,10,GROUP_REGISTERED_MODEL_SUPPORTED_UNCALIBRATED,CONDITIONAL_AZIMUTH_RETURNED,7.6 8,10133.4478824491,0.0731536479615897,2,0.03125,0.000655888641336159,21,42,0.0055056,ccf433c83d073aaf2f715b179ced026783548b153385064557ffd1b8d59daa8b,e70016c924fdb6837e7a741304fbd992c4d8f05413ba03743350eec5c03963bd,NOT_CALIBRATED_STAGE5,1,1
stress_core_coherent_weak_l4,STRESS_HOLDOUT,98,1,2,ESTIMATED_ELEVATION,10,GROUP_REGISTERED_MODEL_SUPPORTED_UNCALIBRATED,CONDITIONAL_AZIMUTH_RETURNED,7.6 8,10133.8495585174,0.0725352766676224,2,0.03125,0.000613679119170683,21,42,0.0041085,ccf433c83d073aaf2f715b179ced026783548b153385064557ffd1b8d59daa8b,e70016c924fdb6837e7a741304fbd992c4d8f05413ba03743350eec5c03963bd,NOT_CALIBRATED_STAGE5,1,1
stress_core_coherent_weak_l4,STRESS_HOLDOUT,99,1,2,ESTIMATED_ELEVATION,10,GROUP_REGISTERED_MODEL_SUPPORTED_UNCALIBRATED,CONDITIONAL_AZIMUTH_RETURNED,7.6 8,10133.8177502868,0.0743816176327528,2,0.03125,0.000616724961526374,21,42,0.0051309,ccf433c83d073aaf2f715b179ced026783548b153385064557ffd1b8d59daa8b,e70016c924fdb6837e7a741304fbd992c4d8f05413ba03743350eec5c03963bd,NOT_CALIBRATED_STAGE5,1,1
stress_core_coherent_weak_l4,STRESS_HOLDOUT,100,1,2,ESTIMATED_ELEVATION,10,GROUP_REGISTERED_MODEL_SUPPORTED_UNCALIBRATED,CONDITIONAL_AZIMUTH_RETURNED,7.6 8,10135.1412748181,0.0739623295830825,2,0.03125,0.000643500528792593,21,42,0.0055651,ccf433c83d073aaf2f715b179ced026783548b153385064557ffd1b8d59daa8b,e70016c924fdb6837e7a741304fbd992c4d8f05413ba03743350eec5c03963bd,NOT_CALIBRATED_STAGE5,1,1
stress_core_coherent_weak_l4,STRESS_HOLDOUT,101,1,2,ESTIMATED_ELEVATION,10,GROUP_REGISTERED_MODEL_SUPPORTED_UNCALIBRATED,CONDITIONAL_AZIMUTH_RETURNED,7.6 8,10133.3366556478,0.0739820250328194,2,0.03125,0.000634224471939499,21,42,0.0056462,ccf433c83d073aaf2f715b179ced026783548b153385064557ffd1b8d59daa8b,e70016c924fdb6837e7a741304fbd992c4d8f05413ba03743350eec5c03963bd,NOT_CALIBRATED_STAGE5,1,1
stress_core_coherent_weak_l4,STRESS_HOLDOUT,102,1,2,ESTIMATED_ELEVATION,10,GROUP_REGISTERED_MODEL_SUPPORTED_UNCALIBRATED,CONDITIONAL_AZIMUTH_RETURNED,7.6 8,10133.6656442483,0.0742627086674474,2,0.03125,0.000615895283220051,21,42,0.0155493,ccf433c83d073aaf2f715b179ced026783548b153385064557ffd1b8d59daa8b,e70016c924fdb6837e7a741304fbd992c4d8f05413ba03743350eec5c03963bd,NOT_CALIBRATED_STAGE5,1,1
stress_core_coherent_weak_l4,STRESS_HOLDOUT,103,1,2,ESTIMATED_ELEVATION,10,GROUP_REGISTERED_MODEL_SUPPORTED_UNCALIBRATED,CONDITIONAL_AZIMUTH_RETURNED,7.6 8,10132.1703828841,0.0746843270771933,2,0.03125,0.000659413458617822,21,42,0.0053359,ccf433c83d073aaf2f715b179ced026783548b153385064557ffd1b8d59daa8b,e70016c924fdb6837e7a741304fbd992c4d8f05413ba03743350eec5c03963bd,NOT_CALIBRATED_STAGE5,1,1
stress_core_coherent_weak_l4,STRESS_HOLDOUT,104,1,2,ESTIMATED_ELEVATION,10,GROUP_REGISTERED_MODEL_SUPPORTED_UNCALIBRATED,CONDITIONAL_AZIMUTH_RETURNED,7.6 8,10133.3343559842,0.0740222905933479,2,0.03125,0.000635963232025319,21,42,0.0042804,ccf433c83d073aaf2f715b179ced026783548b153385064557ffd1b8d59daa8b,e70016c924fdb6837e7a741304fbd992c4d8f05413ba03743350eec5c03963bd,NOT_CALIBRATED_STAGE5,1,1
stress_core_coherent_weak_l4,STRESS_HOLDOUT,105,1,2,ESTIMATED_ELEVATION,10,GROUP_REGISTERED_MODEL_SUPPORTED_UNCALIBRATED,CONDITIONAL_AZIMUTH_RETURNED,7.6 8,10132.8040768789,0.0737306679693575,2,0.03125,0.000639673283887034,21,42,0.0052337,ccf433c83d073aaf2f715b179ced026783548b153385064557ffd1b8d59daa8b,e70016c924fdb6837e7a741304fbd992c4d8f05413ba03743350eec5c03963bd,NOT_CALIBRATED_STAGE5,1,1
stress_core_coherent_weak_l4,STRESS_HOLDOUT,106,1,2,ESTIMATED_ELEVATION,10,GROUP_REGISTERED_MODEL_SUPPORTED_UNCALIBRATED,CONDITIONAL_AZIMUTH_RETURNED,7.6 8,10133.3431370321,0.0724015080140816,2,0.03125,0.000645433083150976,21,42,0.0048672,ccf433c83d073aaf2f715b179ced026783548b153385064557ffd1b8d59daa8b,e70016c924fdb6837e7a741304fbd992c4d8f05413ba03743350eec5c03963bd,NOT_CALIBRATED_STAGE5,1,1
stress_core_coherent_weak_l4,STRESS_HOLDOUT,107,1,2,ESTIMATED_ELEVATION,10,GROUP_REGISTERED_MODEL_SUPPORTED_UNCALIBRATED,CONDITIONAL_AZIMUTH_RETURNED,7.6 8,10133.4830177743,0.0738702245562308,2,0.03125,0.000622359783436847,21,42,0.0057042,ccf433c83d073aaf2f715b179ced026783548b153385064557ffd1b8d59daa8b,e70016c924fdb6837e7a741304fbd992c4d8f05413ba03743350eec5c03963bd,NOT_CALIBRATED_STAGE5,1,1
stress_core_coherent_weak_l4,STRESS_HOLDOUT,108,1,2,ESTIMATED_ELEVATION,10,GROUP_REGISTERED_MODEL_SUPPORTED_UNCALIBRATED,CONDITIONAL_AZIMUTH_RETURNED,7.6 8,10134.4872239557,0.07274631474138,2,0.03125,0.000666315171009649,21,42,0.0045172,ccf433c83d073aaf2f715b179ced026783548b153385064557ffd1b8d59daa8b,e70016c924fdb6837e7a741304fbd992c4d8f05413ba03743350eec5c03963bd,NOT_CALIBRATED_STAGE5,1,1
stress_core_coherent_weak_l4,STRESS_HOLDOUT,109,1,2,ESTIMATED_ELEVATION,10,GROUP_REGISTERED_MODEL_SUPPORTED_UNCALIBRATED,CONDITIONAL_AZIMUTH_RETURNED,7.6 8,10132.9099307434,0.0757128348104743,2,0.03125,0.000599332702136253,21,42,0.0042482,ccf433c83d073aaf2f715b179ced026783548b153385064557ffd1b8d59daa8b,e70016c924fdb6837e7a741304fbd992c4d8f05413ba03743350eec5c03963bd,NOT_CALIBRATED_STAGE5,1,1
stress_core_coherent_weak_l4,STRESS_HOLDOUT,110,1,2,ESTIMATED_ELEVATION,10,GROUP_REGISTERED_MODEL_SUPPORTED_UNCALIBRATED,CONDITIONAL_AZIMUTH_RETURNED,7.6 8,10133.590612893,0.0746541569096735,2,0.03125,0.000613137754449976,21,42,0.0056194,ccf433c83d073aaf2f715b179ced026783548b153385064557ffd1b8d59daa8b,e70016c924fdb6837e7a741304fbd992c4d8f05413ba03743350eec5c03963bd,NOT_CALIBRATED_STAGE5,1,1
stress_core_coherent_weak_l4,STRESS_HOLDOUT,111,1,2,ESTIMATED_ELEVATION,10,GROUP_REGISTERED_MODEL_SUPPORTED_UNCALIBRATED,CONDITIONAL_AZIMUTH_RETURNED,7.6 8,10133.6708549302,0.0720286270152428,2,0.03125,0.000676576866826524,21,42,0.0061095,ccf433c83d073aaf2f715b179ced026783548b153385064557ffd1b8d59daa8b,e70016c924fdb6837e7a741304fbd992c4d8f05413ba03743350eec5c03963bd,NOT_CALIBRATED_STAGE5,1,1
stress_core_coherent_weak_l4,STRESS_HOLDOUT,112,1,2,ESTIMATED_ELEVATION,10,GROUP_REGISTERED_MODEL_SUPPORTED_UNCALIBRATED,CONDITIONAL_AZIMUTH_RETURNED,7.6 8,10133.4655480497,0.0723754325044865,2,0.03125,0.000636942648645623,21,42,0.0056354,ccf433c83d073aaf2f715b179ced026783548b153385064557ffd1b8d59daa8b,e70016c924fdb6837e7a741304fbd992c4d8f05413ba03743350eec5c03963bd,NOT_CALIBRATED_STAGE5,1,1
stress_core_coherent_weak_l4,STRESS_HOLDOUT,113,1,2,ESTIMATED_ELEVATION,10,GROUP_REGISTERED_MODEL_SUPPORTED_UNCALIBRATED,CONDITIONAL_AZIMUTH_RETURNED,7.6 8,10133.8027465166,0.0748392948135006,2,0.03125,0.000620871427471971,21,42,0.0049589,ccf433c83d073aaf2f715b179ced026783548b153385064557ffd1b8d59daa8b,e70016c924fdb6837e7a741304fbd992c4d8f05413ba03743350eec5c03963bd,NOT_CALIBRATED_STAGE5,1,1
stress_core_coherent_weak_l4,STRESS_HOLDOUT,114,1,2,ESTIMATED_ELEVATION,10,GROUP_REGISTERED_MODEL_SUPPORTED_UNCALIBRATED,CONDITIONAL_AZIMUTH_RETURNED,7.6 8,10134.4611060171,0.0710657377530879,2,0.03125,0.000652810694719538,21,42,0.0051125,ccf433c83d073aaf2f715b179ced026783548b153385064557ffd1b8d59daa8b,e70016c924fdb6837e7a741304fbd992c4d8f05413ba03743350eec5c03963bd,NOT_CALIBRATED_STAGE5,1,1
stress_core_coherent_weak_l4,STRESS_HOLDOUT,115,1,2,ESTIMATED_ELEVATION,10,GROUP_REGISTERED_MODEL_SUPPORTED_UNCALIBRATED,CONDITIONAL_AZIMUTH_RETURNED,7.6 8,10133.5245037607,0.0763730713115365,2,0.03125,0.000673406816530075,21,42,0.0042721,ccf433c83d073aaf2f715b179ced026783548b153385064557ffd1b8d59daa8b,e70016c924fdb6837e7a741304fbd992c4d8f05413ba03743350eec5c03963bd,NOT_CALIBRATED_STAGE5,1,1
stress_core_coherent_weak_l4,STRESS_HOLDOUT,116,1,2,ESTIMATED_ELEVATION,10,GROUP_REGISTERED_MODEL_SUPPORTED_UNCALIBRATED,CONDITIONAL_AZIMUTH_RETURNED,7.6 8,10132.2753025345,0.0735018710511213,2,0.03125,0.000609017105305179,21,42,0.0060418,ccf433c83d073aaf2f715b179ced026783548b153385064557ffd1b8d59daa8b,e70016c924fdb6837e7a741304fbd992c4d8f05413ba03743350eec5c03963bd,NOT_CALIBRATED_STAGE5,1,1
stress_core_coherent_weak_l4,STRESS_HOLDOUT,117,1,2,ESTIMATED_ELEVATION,10,GROUP_REGISTERED_MODEL_SUPPORTED_UNCALIBRATED,CONDITIONAL_AZIMUTH_RETURNED,7.6 8,10133.312987547,0.0750243944639806,2,0.03125,0.000660992245575001,21,42,0.0054343,ccf433c83d073aaf2f715b179ced026783548b153385064557ffd1b8d59daa8b,e70016c924fdb6837e7a741304fbd992c4d8f05413ba03743350eec5c03963bd,NOT_CALIBRATED_STAGE5,1,1
stress_core_coherent_weak_l4,STRESS_HOLDOUT,118,1,2,ESTIMATED_ELEVATION,10,GROUP_REGISTERED_MODEL_SUPPORTED_UNCALIBRATED,CONDITIONAL_AZIMUTH_RETURNED,7.6 8,10133.0206740824,0.0767860764844954,2,0.03125,0.000650708631482761,21,42,0.006338,ccf433c83d073aaf2f715b179ced026783548b153385064557ffd1b8d59daa8b,e70016c924fdb6837e7a741304fbd992c4d8f05413ba03743350eec5c03963bd,NOT_CALIBRATED_STAGE5,1,1
stress_core_coherent_weak_l4,STRESS_HOLDOUT,119,1,2,ESTIMATED_ELEVATION,10,GROUP_REGISTERED_MODEL_SUPPORTED_UNCALIBRATED,CONDITIONAL_AZIMUTH_RETURNED,7.6 8,10132.8108802577,0.0760746554751677,2,0.03125,0.00065067695371203,21,42,0.0059996,ccf433c83d073aaf2f715b179ced026783548b153385064557ffd1b8d59daa8b,e70016c924fdb6837e7a741304fbd992c4d8f05413ba03743350eec5c03963bd,NOT_CALIBRATED_STAGE5,1,1
stress_core_coherent_weak_l4,STRESS_HOLDOUT,120,1,2,ESTIMATED_ELEVATION,10,GROUP_REGISTERED_MODEL_SUPPORTED_UNCALIBRATED,CONDITIONAL_AZIMUTH_RETURNED,7.6 8,10134.4599008337,0.0728710762050468,2,0.03125,0.000649701825097038,21,42,0.0058571,ccf433c83d073aaf2f715b179ced026783548b153385064557ffd1b8d59daa8b,e70016c924fdb6837e7a741304fbd992c4d8f05413ba03743350eec5c03963bd,NOT_CALIBRATED_STAGE5,1,1
stress_core_coherent_weak_l4,STRESS_HOLDOUT,121,1,2,ESTIMATED_ELEVATION,10,GROUP_REGISTERED_MODEL_SUPPORTED_UNCALIBRATED,CONDITIONAL_AZIMUTH_RETURNED,7.6 8,10134.0153049731,0.0738788094658958,2,0.03125,0.000648780099073665,21,42,0.0059845,ccf433c83d073aaf2f715b179ced026783548b153385064557ffd1b8d59daa8b,e70016c924fdb6837e7a741304fbd992c4d8f05413ba03743350eec5c03963bd,NOT_CALIBRATED_STAGE5,1,1
stress_core_coherent_weak_l4,STRESS_HOLDOUT,122,1,2,ESTIMATED_ELEVATION,10,GROUP_REGISTERED_MODEL_SUPPORTED_UNCALIBRATED,CONDITIONAL_AZIMUTH_RETURNED,7.6 8,10134.06084249,0.0706944439152721,2,0.03125,0.000654180286239911,21,42,0.0052885,ccf433c83d073aaf2f715b179ced026783548b153385064557ffd1b8d59daa8b,e70016c924fdb6837e7a741304fbd992c4d8f05413ba03743350eec5c03963bd,NOT_CALIBRATED_STAGE5,1,1
stress_core_coherent_weak_l4,STRESS_HOLDOUT,123,1,2,ESTIMATED_ELEVATION,10,GROUP_REGISTERED_MODEL_SUPPORTED_UNCALIBRATED,CONDITIONAL_AZIMUTH_RETURNED,7.6 8,10133.605493384,0.0804012174121453,2,0.03125,0.000671333555008636,21,42,0.0053813,ccf433c83d073aaf2f715b179ced026783548b153385064557ffd1b8d59daa8b,e70016c924fdb6837e7a741304fbd992c4d8f05413ba03743350eec5c03963bd,NOT_CALIBRATED_STAGE5,1,1
stress_core_coherent_weak_l4,STRESS_HOLDOUT,124,1,2,ESTIMATED_ELEVATION,10,GROUP_REGISTERED_MODEL_SUPPORTED_UNCALIBRATED,CONDITIONAL_AZIMUTH_RETURNED,7.6 8,10133.3479045293,0.0725513379602489,2,0.03125,0.000624090953997741,21,42,0.0048113,ccf433c83d073aaf2f715b179ced026783548b153385064557ffd1b8d59daa8b,e70016c924fdb6837e7a741304fbd992c4d8f05413ba03743350eec5c03963bd,NOT_CALIBRATED_STAGE5,1,1
stress_core_coherent_weak_l4,STRESS_HOLDOUT,125,1,2,ESTIMATED_ELEVATION,10,GROUP_REGISTERED_MODEL_SUPPORTED_UNCALIBRATED,CONDITIONAL_AZIMUTH_RETURNED,7.6 8,10132.527056589,0.07248455509216,2,0.03125,0.000631470747507925,21,42,0.0054608,ccf433c83d073aaf2f715b179ced026783548b153385064557ffd1b8d59daa8b,e70016c924fdb6837e7a741304fbd992c4d8f05413ba03743350eec5c03963bd,NOT_CALIBRATED_STAGE5,1,1
stress_core_coherent_weak_l4,STRESS_HOLDOUT,126,1,2,ESTIMATED_ELEVATION,10,GROUP_REGISTERED_MODEL_SUPPORTED_UNCALIBRATED,CONDITIONAL_AZIMUTH_RETURNED,7.6 8,10134.7386759701,0.0759004367591842,2,0.03125,0.000673886916303289,21,42,0.0056724,ccf433c83d073aaf2f715b179ced026783548b153385064557ffd1b8d59daa8b,e70016c924fdb6837e7a741304fbd992c4d8f05413ba03743350eec5c03963bd,NOT_CALIBRATED_STAGE5,1,1
stress_core_coherent_weak_l4,STRESS_HOLDOUT,127,1,2,ESTIMATED_ELEVATION,10,GROUP_REGISTERED_MODEL_SUPPORTED_UNCALIBRATED,CONDITIONAL_AZIMUTH_RETURNED,7.6 8,10133.9118639697,0.073655585421875,2,0.03125,0.000661996453675265,21,42,0.0077722,ccf433c83d073aaf2f715b179ced026783548b153385064557ffd1b8d59daa8b,e70016c924fdb6837e7a741304fbd992c4d8f05413ba03743350eec5c03963bd,NOT_CALIBRATED_STAGE5,1,1
stress_core_coherent_weak_l4,STRESS_HOLDOUT,128,1,2,ESTIMATED_ELEVATION,10,GROUP_REGISTERED_MODEL_SUPPORTED_UNCALIBRATED,CONDITIONAL_AZIMUTH_RETURNED,7.6 8,10134.5577290051,0.0731216151289118,2,0.03125,0.000643709476162227,21,42,0.0055764,ccf433c83d073aaf2f715b179ced026783548b153385064557ffd1b8d59daa8b,e70016c924fdb6837e7a741304fbd992c4d8f05413ba03743350eec5c03963bd,NOT_CALIBRATED_STAGE5,1,1
stress_core_coherent_weak_l4,STRESS_HOLDOUT,129,1,2,ESTIMATED_ELEVATION,10,GROUP_REGISTERED_MODEL_SUPPORTED_UNCALIBRATED,CONDITIONAL_AZIMUTH_RETURNED,7.6 8,10133.9438067517,0.0741695960859943,2,0.03125,0.000593301025090999,21,42,0.0058923,ccf433c83d073aaf2f715b179ced026783548b153385064557ffd1b8d59daa8b,e70016c924fdb6837e7a741304fbd992c4d8f05413ba03743350eec5c03963bd,NOT_CALIBRATED_STAGE5,1,1
stress_core_coherent_weak_l4,STRESS_HOLDOUT,130,1,2,ESTIMATED_ELEVATION,10,GROUP_REGISTERED_MODEL_SUPPORTED_UNCALIBRATED,CONDITIONAL_AZIMUTH_RETURNED,7.6 8,10134.0643137977,0.0735170533735072,2,0.03125,0.000633562525959152,21,42,0.0060731,ccf433c83d073aaf2f715b179ced026783548b153385064557ffd1b8d59daa8b,e70016c924fdb6837e7a741304fbd992c4d8f05413ba03743350eec5c03963bd,NOT_CALIBRATED_STAGE5,1,1
stress_core_coherent_weak_l4,STRESS_HOLDOUT,131,1,2,ESTIMATED_ELEVATION,10,GROUP_REGISTERED_MODEL_SUPPORTED_UNCALIBRATED,CONDITIONAL_AZIMUTH_RETURNED,7.6 8,10133.4739783945,0.0749747924546682,2,0.03125,0.000635266698356165,21,42,0.0065331,ccf433c83d073aaf2f715b179ced026783548b153385064557ffd1b8d59daa8b,e70016c924fdb6837e7a741304fbd992c4d8f05413ba03743350eec5c03963bd,NOT_CALIBRATED_STAGE5,1,1
stress_core_coherent_weak_l4,STRESS_HOLDOUT,132,1,2,ESTIMATED_ELEVATION,10,GROUP_REGISTERED_MODEL_SUPPORTED_UNCALIBRATED,CONDITIONAL_AZIMUTH_RETURNED,7.6 8,10134.7524010072,0.073358813951927,2,0.03125,0.000649681285077393,21,42,0.0057852,ccf433c83d073aaf2f715b179ced026783548b153385064557ffd1b8d59daa8b,e70016c924fdb6837e7a741304fbd992c4d8f05413ba03743350eec5c03963bd,NOT_CALIBRATED_STAGE5,1,1
stress_core_coherent_weak_l4,STRESS_HOLDOUT,133,1,2,ESTIMATED_ELEVATION,10,GROUP_REGISTERED_MODEL_SUPPORTED_UNCALIBRATED,CONDITIONAL_AZIMUTH_RETURNED,7.6 8,10133.6958031726,0.0735525556174252,2,0.03125,0.000612128369082298,21,42,0.0053431,ccf433c83d073aaf2f715b179ced026783548b153385064557ffd1b8d59daa8b,e70016c924fdb6837e7a741304fbd992c4d8f05413ba03743350eec5c03963bd,NOT_CALIBRATED_STAGE5,1,1
stress_core_coherent_weak_l4,STRESS_HOLDOUT,134,1,2,ESTIMATED_ELEVATION,10,GROUP_REGISTERED_MODEL_SUPPORTED_UNCALIBRATED,CONDITIONAL_AZIMUTH_RETURNED,7.6 8,10132.4993309459,0.0760176574312936,2,0.03125,0.000623989315372768,21,42,0.0061161,ccf433c83d073aaf2f715b179ced026783548b153385064557ffd1b8d59daa8b,e70016c924fdb6837e7a741304fbd992c4d8f05413ba03743350eec5c03963bd,NOT_CALIBRATED_STAGE5,1,1
stress_core_coherent_weak_l4,STRESS_HOLDOUT,135,1,2,ESTIMATED_ELEVATION,10,GROUP_REGISTERED_MODEL_SUPPORTED_UNCALIBRATED,CONDITIONAL_AZIMUTH_RETURNED,7.6 8,10134.0741993898,0.0712161536957865,2,0.03125,0.000662440103628438,21,42,0.0057867,ccf433c83d073aaf2f715b179ced026783548b153385064557ffd1b8d59daa8b,e70016c924fdb6837e7a741304fbd992c4d8f05413ba03743350eec5c03963bd,NOT_CALIBRATED_STAGE5,1,1
stress_core_coherent_weak_l4,STRESS_HOLDOUT,136,1,2,ESTIMATED_ELEVATION,10,GROUP_REGISTERED_MODEL_SUPPORTED_UNCALIBRATED,CONDITIONAL_AZIMUTH_RETURNED,7.6 8,10133.4198850391,0.0741124766736903,2,0.03125,0.000619477710270535,21,42,0.0044442,ccf433c83d073aaf2f715b179ced026783548b153385064557ffd1b8d59daa8b,e70016c924fdb6837e7a741304fbd992c4d8f05413ba03743350eec5c03963bd,NOT_CALIBRATED_STAGE5,1,1
stress_core_coherent_weak_l4,STRESS_HOLDOUT,137,1,2,ESTIMATED_ELEVATION,10,GROUP_REGISTERED_MODEL_SUPPORTED_UNCALIBRATED,CONDITIONAL_AZIMUTH_RETURNED,7.6 8,10133.2112935612,0.076479907209432,2,0.03125,0.000629963390238094,21,42,0.0054734,ccf433c83d073aaf2f715b179ced026783548b153385064557ffd1b8d59daa8b,e70016c924fdb6837e7a741304fbd992c4d8f05413ba03743350eec5c03963bd,NOT_CALIBRATED_STAGE5,1,1
stress_core_coherent_weak_l4,STRESS_HOLDOUT,138,1,2,ESTIMATED_ELEVATION,10,GROUP_REGISTERED_MODEL_SUPPORTED_UNCALIBRATED,CONDITIONAL_AZIMUTH_RETURNED,7.6 8,10134.0608092614,0.0731682303885464,2,0.03125,0.00063496186826162,21,42,0.0052318,ccf433c83d073aaf2f715b179ced026783548b153385064557ffd1b8d59daa8b,e70016c924fdb6837e7a741304fbd992c4d8f05413ba03743350eec5c03963bd,NOT_CALIBRATED_STAGE5,1,1
stress_core_coherent_weak_l4,STRESS_HOLDOUT,139,1,2,ESTIMATED_ELEVATION,10,GROUP_REGISTERED_MODEL_SUPPORTED_UNCALIBRATED,CONDITIONAL_AZIMUTH_RETURNED,7.6 8,10133.7190738049,0.0749256219587551,2,0.03125,0.000613586214866156,21,42,0.0051899,ccf433c83d073aaf2f715b179ced026783548b153385064557ffd1b8d59daa8b,e70016c924fdb6837e7a741304fbd992c4d8f05413ba03743350eec5c03963bd,NOT_CALIBRATED_STAGE5,1,1
stress_core_coherent_weak_l4,STRESS_HOLDOUT,140,1,2,ESTIMATED_ELEVATION,10,GROUP_REGISTERED_MODEL_SUPPORTED_UNCALIBRATED,CONDITIONAL_AZIMUTH_RETURNED,7.6 8,10133.9516308737,0.0752778886344458,2,0.03125,0.000656186211847494,21,42,0.0050438,ccf433c83d073aaf2f715b179ced026783548b153385064557ffd1b8d59daa8b,e70016c924fdb6837e7a741304fbd992c4d8f05413ba03743350eec5c03963bd,NOT_CALIBRATED_STAGE5,1,1
stress_core_coherent_weak_l4,STRESS_HOLDOUT,141,1,2,ESTIMATED_ELEVATION,10,GROUP_REGISTERED_MODEL_SUPPORTED_UNCALIBRATED,CONDITIONAL_AZIMUTH_RETURNED,7.6 8,10133.7800828897,0.0714669388689799,2,0.03125,0.000626802567541177,21,42,0.0057902,ccf433c83d073aaf2f715b179ced026783548b153385064557ffd1b8d59daa8b,e70016c924fdb6837e7a741304fbd992c4d8f05413ba03743350eec5c03963bd,NOT_CALIBRATED_STAGE5,1,1
stress_core_coherent_weak_l4,STRESS_HOLDOUT,142,1,2,ESTIMATED_ELEVATION,10,GROUP_REGISTERED_MODEL_SUPPORTED_UNCALIBRATED,CONDITIONAL_AZIMUTH_RETURNED,7.6 8,10133.7211781516,0.0737218644808308,2,0.03125,0.000638200771724068,21,42,0.0057964,ccf433c83d073aaf2f715b179ced026783548b153385064557ffd1b8d59daa8b,e70016c924fdb6837e7a741304fbd992c4d8f05413ba03743350eec5c03963bd,NOT_CALIBRATED_STAGE5,1,1
stress_core_coherent_weak_l4,STRESS_HOLDOUT,143,1,2,ESTIMATED_ELEVATION,10,GROUP_REGISTERED_MODEL_SUPPORTED_UNCALIBRATED,CONDITIONAL_AZIMUTH_RETURNED,7.6 8,10133.8086714877,0.0723493387886265,2,0.03125,0.000649243925797117,21,42,0.0046562,ccf433c83d073aaf2f715b179ced026783548b153385064557ffd1b8d59daa8b,e70016c924fdb6837e7a741304fbd992c4d8f05413ba03743350eec5c03963bd,NOT_CALIBRATED_STAGE5,1,1
stress_core_coherent_weak_l4,STRESS_HOLDOUT,144,1,2,ESTIMATED_ELEVATION,10,GROUP_REGISTERED_MODEL_SUPPORTED_UNCALIBRATED,CONDITIONAL_AZIMUTH_RETURNED,7.6 8,10133.4567957038,0.0748530053024297,2,0.03125,0.000624848920957102,21,42,0.0072383,ccf433c83d073aaf2f715b179ced026783548b153385064557ffd1b8d59daa8b,e70016c924fdb6837e7a741304fbd992c4d8f05413ba03743350eec5c03963bd,NOT_CALIBRATED_STAGE5,1,1
stress_core_coherent_weak_l4,STRESS_HOLDOUT,145,1,2,ESTIMATED_ELEVATION,10,GROUP_REGISTERED_MODEL_SUPPORTED_UNCALIBRATED,CONDITIONAL_AZIMUTH_RETURNED,7.6 8,10133.5734794607,0.0720887485458661,2,0.03125,0.000607141784976665,21,42,0.0043996,ccf433c83d073aaf2f715b179ced026783548b153385064557ffd1b8d59daa8b,e70016c924fdb6837e7a741304fbd992c4d8f05413ba03743350eec5c03963bd,NOT_CALIBRATED_STAGE5,1,1
stress_core_coherent_weak_l4,STRESS_HOLDOUT,146,1,2,ESTIMATED_ELEVATION,10,GROUP_REGISTERED_MODEL_SUPPORTED_UNCALIBRATED,CONDITIONAL_AZIMUTH_RETURNED,7.6 8,10133.9970035192,0.0738857820397243,2,0.03125,0.000633476720725364,21,42,0.0051141,ccf433c83d073aaf2f715b179ced026783548b153385064557ffd1b8d59daa8b,e70016c924fdb6837e7a741304fbd992c4d8f05413ba03743350eec5c03963bd,NOT_CALIBRATED_STAGE5,1,1
stress_core_coherent_weak_l4,STRESS_HOLDOUT,147,1,2,ESTIMATED_ELEVATION,10,GROUP_REGISTERED_MODEL_SUPPORTED_UNCALIBRATED,CONDITIONAL_AZIMUTH_RETURNED,7.6 8,10133.2133961732,0.0762367714050924,2,0.03125,0.000626692488154001,21,42,0.0057575,ccf433c83d073aaf2f715b179ced026783548b153385064557ffd1b8d59daa8b,e70016c924fdb6837e7a741304fbd992c4d8f05413ba03743350eec5c03963bd,NOT_CALIBRATED_STAGE5,1,1
stress_core_coherent_weak_l4,STRESS_HOLDOUT,148,1,2,ESTIMATED_ELEVATION,10,GROUP_REGISTERED_MODEL_SUPPORTED_UNCALIBRATED,CONDITIONAL_AZIMUTH_RETURNED,7.6 8,10133.3981749141,0.0747804534148599,2,0.03125,0.00066195411488698,21,42,0.0042513,ccf433c83d073aaf2f715b179ced026783548b153385064557ffd1b8d59daa8b,e70016c924fdb6837e7a741304fbd992c4d8f05413ba03743350eec5c03963bd,NOT_CALIBRATED_STAGE5,1,1
stress_core_coherent_weak_l4,STRESS_HOLDOUT,149,1,2,ESTIMATED_ELEVATION,10,GROUP_REGISTERED_MODEL_SUPPORTED_UNCALIBRATED,CONDITIONAL_AZIMUTH_RETURNED,7.6 8,10133.6539885942,0.0734228335077205,2,0.03125,0.000660474940530879,21,42,0.004329,ccf433c83d073aaf2f715b179ced026783548b153385064557ffd1b8d59daa8b,e70016c924fdb6837e7a741304fbd992c4d8f05413ba03743350eec5c03963bd,NOT_CALIBRATED_STAGE5,1,1
stress_core_coherent_weak_l4,STRESS_HOLDOUT,150,1,2,ESTIMATED_ELEVATION,10,GROUP_REGISTERED_MODEL_SUPPORTED_UNCALIBRATED,CONDITIONAL_AZIMUTH_RETURNED,7.6 8,10134.1236314859,0.0733341686627682,2,0.03125,0.000657354550633821,21,42,0.0058354,ccf433c83d073aaf2f715b179ced026783548b153385064557ffd1b8d59daa8b,e70016c924fdb6837e7a741304fbd992c4d8f05413ba03743350eec5c03963bd,NOT_CALIBRATED_STAGE5,1,1
stress_core_coherent_weak_l4,STRESS_HOLDOUT,151,1,2,ESTIMATED_ELEVATION,10,GROUP_REGISTERED_MODEL_SUPPORTED_UNCALIBRATED,CONDITIONAL_AZIMUTH_RETURNED,7.6 8,10134.8038555007,0.073830079898471,2,0.03125,0.000670125038813844,21,42,0.0066732,ccf433c83d073aaf2f715b179ced026783548b153385064557ffd1b8d59daa8b,e70016c924fdb6837e7a741304fbd992c4d8f05413ba03743350eec5c03963bd,NOT_CALIBRATED_STAGE5,1,1
stress_core_coherent_weak_l4,STRESS_HOLDOUT,152,1,2,ESTIMATED_ELEVATION,10,GROUP_REGISTERED_MODEL_SUPPORTED_UNCALIBRATED,CONDITIONAL_AZIMUTH_RETURNED,7.6 8,10133.1629190859,0.0735111257108656,2,0.03125,0.000636735371458935,21,42,0.0052684,ccf433c83d073aaf2f715b179ced026783548b153385064557ffd1b8d59daa8b,e70016c924fdb6837e7a741304fbd992c4d8f05413ba03743350eec5c03963bd,NOT_CALIBRATED_STAGE5,1,1
stress_core_coherent_weak_l4,STRESS_HOLDOUT,153,1,2,ESTIMATED_ELEVATION,10,GROUP_REGISTERED_MODEL_SUPPORTED_UNCALIBRATED,CONDITIONAL_AZIMUTH_RETURNED,7.6 8,10133.3917726756,0.0727572553842037,2,0.03125,0.000662547517183505,21,42,0.0051993,ccf433c83d073aaf2f715b179ced026783548b153385064557ffd1b8d59daa8b,e70016c924fdb6837e7a741304fbd992c4d8f05413ba03743350eec5c03963bd,NOT_CALIBRATED_STAGE5,1,1
stress_core_coherent_weak_l4,STRESS_HOLDOUT,154,1,2,ESTIMATED_ELEVATION,10,GROUP_REGISTERED_MODEL_SUPPORTED_UNCALIBRATED,CONDITIONAL_AZIMUTH_RETURNED,7.6 8,10133.8844017072,0.0745485610113974,2,0.03125,0.000604133197926585,21,42,0.0058897,ccf433c83d073aaf2f715b179ced026783548b153385064557ffd1b8d59daa8b,e70016c924fdb6837e7a741304fbd992c4d8f05413ba03743350eec5c03963bd,NOT_CALIBRATED_STAGE5,1,1
stress_core_coherent_weak_l4,STRESS_HOLDOUT,155,1,2,ESTIMATED_ELEVATION,10,GROUP_REGISTERED_MODEL_SUPPORTED_UNCALIBRATED,CONDITIONAL_AZIMUTH_RETURNED,7.6 8,10132.8832219525,0.0738839027253562,2,0.03125,0.000639489238344119,21,42,0.0046756,ccf433c83d073aaf2f715b179ced026783548b153385064557ffd1b8d59daa8b,e70016c924fdb6837e7a741304fbd992c4d8f05413ba03743350eec5c03963bd,NOT_CALIBRATED_STAGE5,1,1
stress_core_coherent_weak_l4,STRESS_HOLDOUT,156,1,2,ESTIMATED_ELEVATION,10,GROUP_REGISTERED_MODEL_SUPPORTED_UNCALIBRATED,CONDITIONAL_AZIMUTH_RETURNED,7.6 8,10133.3695777729,0.0734090761015977,2,0.03125,0.00064646014585324,21,42,0.0059808,ccf433c83d073aaf2f715b179ced026783548b153385064557ffd1b8d59daa8b,e70016c924fdb6837e7a741304fbd992c4d8f05413ba03743350eec5c03963bd,NOT_CALIBRATED_STAGE5,1,1
stress_core_coherent_weak_l4,STRESS_HOLDOUT,157,1,2,ESTIMATED_ELEVATION,10,GROUP_REGISTERED_MODEL_SUPPORTED_UNCALIBRATED,CONDITIONAL_AZIMUTH_RETURNED,7.6 8,10133.8360777884,0.0740903266359965,2,0.03125,0.000619423514242804,21,42,0.0058078,ccf433c83d073aaf2f715b179ced026783548b153385064557ffd1b8d59daa8b,e70016c924fdb6837e7a741304fbd992c4d8f05413ba03743350eec5c03963bd,NOT_CALIBRATED_STAGE5,1,1
stress_core_coherent_weak_l4,STRESS_HOLDOUT,158,1,2,ESTIMATED_ELEVATION,10,GROUP_REGISTERED_MODEL_SUPPORTED_UNCALIBRATED,CONDITIONAL_AZIMUTH_RETURNED,7.6 8,10134.5992055941,0.0699061905270355,2,0.03125,0.00068127870622399,21,42,0.0055665,ccf433c83d073aaf2f715b179ced026783548b153385064557ffd1b8d59daa8b,e70016c924fdb6837e7a741304fbd992c4d8f05413ba03743350eec5c03963bd,NOT_CALIBRATED_STAGE5,1,1
stress_core_coherent_weak_l4,STRESS_HOLDOUT,159,1,2,ESTIMATED_ELEVATION,10,GROUP_REGISTERED_MODEL_SUPPORTED_UNCALIBRATED,CONDITIONAL_AZIMUTH_RETURNED,7.6 8,10135.002111113,0.0736146348081093,2,0.03125,0.000633283364270484,21,42,0.008296,ccf433c83d073aaf2f715b179ced026783548b153385064557ffd1b8d59daa8b,e70016c924fdb6837e7a741304fbd992c4d8f05413ba03743350eec5c03963bd,NOT_CALIBRATED_STAGE5,1,1
stress_core_coherent_weak_l4,STRESS_HOLDOUT,160,1,2,ESTIMATED_ELEVATION,10,GROUP_REGISTERED_MODEL_SUPPORTED_UNCALIBRATED,CONDITIONAL_AZIMUTH_RETURNED,7.6 8,10133.2511287872,0.0742989222708275,2,0.03125,0.000594381572636192,21,42,0.0060277,ccf433c83d073aaf2f715b179ced026783548b153385064557ffd1b8d59daa8b,e70016c924fdb6837e7a741304fbd992c4d8f05413ba03743350eec5c03963bd,NOT_CALIBRATED_STAGE5,1,1
stress_core_coherent_weak_l4,STRESS_HOLDOUT,161,1,2,ESTIMATED_ELEVATION,10,GROUP_REGISTERED_MODEL_SUPPORTED_UNCALIBRATED,CONDITIONAL_AZIMUTH_RETURNED,7.6 8,10132.9603207735,0.0724224917685206,2,0.03125,0.000623874846973817,21,42,0.0073684,ccf433c83d073aaf2f715b179ced026783548b153385064557ffd1b8d59daa8b,e70016c924fdb6837e7a741304fbd992c4d8f05413ba03743350eec5c03963bd,NOT_CALIBRATED_STAGE5,1,1
stress_core_coherent_weak_l4,STRESS_HOLDOUT,162,1,2,ESTIMATED_ELEVATION,10,GROUP_REGISTERED_MODEL_SUPPORTED_UNCALIBRATED,CONDITIONAL_AZIMUTH_RETURNED,7.6 8,10133.2338718113,0.075728432429969,2,0.03125,0.000644525095094692,21,42,0.0047472,ccf433c83d073aaf2f715b179ced026783548b153385064557ffd1b8d59daa8b,e70016c924fdb6837e7a741304fbd992c4d8f05413ba03743350eec5c03963bd,NOT_CALIBRATED_STAGE5,1,1
stress_core_coherent_weak_l4,STRESS_HOLDOUT,163,1,2,ESTIMATED_ELEVATION,10,GROUP_REGISTERED_MODEL_SUPPORTED_UNCALIBRATED,CONDITIONAL_AZIMUTH_RETURNED,7.6 8,10133.4201397912,0.0701805247135781,2,0.03125,0.000646759652994828,21,42,0.0046761,ccf433c83d073aaf2f715b179ced026783548b153385064557ffd1b8d59daa8b,e70016c924fdb6837e7a741304fbd992c4d8f05413ba03743350eec5c03963bd,NOT_CALIBRATED_STAGE5,1,1
stress_core_coherent_weak_l4,STRESS_HOLDOUT,164,1,2,ESTIMATED_ELEVATION,10,GROUP_REGISTERED_MODEL_SUPPORTED_UNCALIBRATED,CONDITIONAL_AZIMUTH_RETURNED,7.6 8,10134.7776636151,0.0742988323036116,2,0.03125,0.000668804784939045,21,42,0.0050089,ccf433c83d073aaf2f715b179ced026783548b153385064557ffd1b8d59daa8b,e70016c924fdb6837e7a741304fbd992c4d8f05413ba03743350eec5c03963bd,NOT_CALIBRATED_STAGE5,1,1
stress_core_coherent_weak_l4,STRESS_HOLDOUT,165,1,2,ESTIMATED_ELEVATION,10,GROUP_REGISTERED_MODEL_SUPPORTED_UNCALIBRATED,CONDITIONAL_AZIMUTH_RETURNED,7.6 8,10133.7830180136,0.0744239697742159,2,0.03125,0.00063361988695204,21,42,0.0053253,ccf433c83d073aaf2f715b179ced026783548b153385064557ffd1b8d59daa8b,e70016c924fdb6837e7a741304fbd992c4d8f05413ba03743350eec5c03963bd,NOT_CALIBRATED_STAGE5,1,1
stress_core_coherent_weak_l4,STRESS_HOLDOUT,166,1,2,ESTIMATED_ELEVATION,10,GROUP_REGISTERED_MODEL_SUPPORTED_UNCALIBRATED,CONDITIONAL_AZIMUTH_RETURNED,7.6 8,10134.0566388675,0.0744630667813908,2,0.03125,0.000673080046729787,21,42,0.0047856,ccf433c83d073aaf2f715b179ced026783548b153385064557ffd1b8d59daa8b,e70016c924fdb6837e7a741304fbd992c4d8f05413ba03743350eec5c03963bd,NOT_CALIBRATED_STAGE5,1,1
stress_core_coherent_weak_l4,STRESS_HOLDOUT,167,1,2,ESTIMATED_ELEVATION,10,GROUP_REGISTERED_MODEL_SUPPORTED_UNCALIBRATED,CONDITIONAL_AZIMUTH_RETURNED,7.6 8,10133.846139277,0.0740921226097271,2,0.03125,0.000653773555029117,21,42,0.0059845,ccf433c83d073aaf2f715b179ced026783548b153385064557ffd1b8d59daa8b,e70016c924fdb6837e7a741304fbd992c4d8f05413ba03743350eec5c03963bd,NOT_CALIBRATED_STAGE5,1,1
stress_core_coherent_weak_l4,STRESS_HOLDOUT,168,1,2,ESTIMATED_ELEVATION,10,GROUP_REGISTERED_MODEL_SUPPORTED_UNCALIBRATED,CONDITIONAL_AZIMUTH_RETURNED,7.6 8,10133.4100236796,0.0745536388349137,2,0.03125,0.000640079030367313,21,42,0.0060773,ccf433c83d073aaf2f715b179ced026783548b153385064557ffd1b8d59daa8b,e70016c924fdb6837e7a741304fbd992c4d8f05413ba03743350eec5c03963bd,NOT_CALIBRATED_STAGE5,1,1
stress_core_coherent_weak_l4,STRESS_HOLDOUT,169,1,2,ESTIMATED_ELEVATION,10,GROUP_REGISTERED_MODEL_SUPPORTED_UNCALIBRATED,CONDITIONAL_AZIMUTH_RETURNED,7.6 8,10133.6442771282,0.0764593784679164,2,0.03125,0.00062024400591304,21,42,0.0052916,ccf433c83d073aaf2f715b179ced026783548b153385064557ffd1b8d59daa8b,e70016c924fdb6837e7a741304fbd992c4d8f05413ba03743350eec5c03963bd,NOT_CALIBRATED_STAGE5,1,1
stress_core_coherent_weak_l4,STRESS_HOLDOUT,170,1,2,ESTIMATED_ELEVATION,10,GROUP_REGISTERED_MODEL_SUPPORTED_UNCALIBRATED,CONDITIONAL_AZIMUTH_RETURNED,7.6 8,10133.9852003359,0.0708640582051885,2,0.03125,0.000663073497926087,21,42,0.0052943,ccf433c83d073aaf2f715b179ced026783548b153385064557ffd1b8d59daa8b,e70016c924fdb6837e7a741304fbd992c4d8f05413ba03743350eec5c03963bd,NOT_CALIBRATED_STAGE5,1,1
stress_core_coherent_weak_l4,STRESS_HOLDOUT,171,1,2,ESTIMATED_ELEVATION,10,GROUP_REGISTERED_MODEL_SUPPORTED_UNCALIBRATED,CONDITIONAL_AZIMUTH_RETURNED,7.6 8,10133.9302777693,0.0720035006179387,2,0.03125,0.000624211918694803,21,42,0.0057121,ccf433c83d073aaf2f715b179ced026783548b153385064557ffd1b8d59daa8b,e70016c924fdb6837e7a741304fbd992c4d8f05413ba03743350eec5c03963bd,NOT_CALIBRATED_STAGE5,1,1
stress_core_coherent_weak_l4,STRESS_HOLDOUT,172,1,2,ESTIMATED_ELEVATION,10,GROUP_REGISTERED_MODEL_SUPPORTED_UNCALIBRATED,CONDITIONAL_AZIMUTH_RETURNED,7.6 8,10133.868601579,0.0738395516691526,2,0.03125,0.000643928342151213,21,42,0.0064092,ccf433c83d073aaf2f715b179ced026783548b153385064557ffd1b8d59daa8b,e70016c924fdb6837e7a741304fbd992c4d8f05413ba03743350eec5c03963bd,NOT_CALIBRATED_STAGE5,1,1
stress_core_coherent_weak_l4,STRESS_HOLDOUT,173,1,2,ESTIMATED_ELEVATION,10,GROUP_REGISTERED_MODEL_SUPPORTED_UNCALIBRATED,CONDITIONAL_AZIMUTH_RETURNED,7.6 8,10134.0111439803,0.0729859394341474,2,0.03125,0.000664014001062857,21,42,0.0054318,ccf433c83d073aaf2f715b179ced026783548b153385064557ffd1b8d59daa8b,e70016c924fdb6837e7a741304fbd992c4d8f05413ba03743350eec5c03963bd,NOT_CALIBRATED_STAGE5,1,1
stress_core_coherent_weak_l4,STRESS_HOLDOUT,174,1,2,ESTIMATED_ELEVATION,10,GROUP_REGISTERED_MODEL_SUPPORTED_UNCALIBRATED,CONDITIONAL_AZIMUTH_RETURNED,7.6 8,10133.1305750018,0.0724707152439805,2,0.03125,0.000619643322827981,21,42,0.0054491,ccf433c83d073aaf2f715b179ced026783548b153385064557ffd1b8d59daa8b,e70016c924fdb6837e7a741304fbd992c4d8f05413ba03743350eec5c03963bd,NOT_CALIBRATED_STAGE5,1,1
stress_core_coherent_weak_l4,STRESS_HOLDOUT,175,1,2,ESTIMATED_ELEVATION,10,GROUP_REGISTERED_MODEL_SUPPORTED_UNCALIBRATED,CONDITIONAL_AZIMUTH_RETURNED,7.6 8,10133.4821311643,0.0742386672809516,2,0.03125,0.000621484827415607,21,42,0.0054841,ccf433c83d073aaf2f715b179ced026783548b153385064557ffd1b8d59daa8b,e70016c924fdb6837e7a741304fbd992c4d8f05413ba03743350eec5c03963bd,NOT_CALIBRATED_STAGE5,1,1
stress_core_coherent_weak_l4,STRESS_HOLDOUT,176,1,2,ESTIMATED_ELEVATION,10,GROUP_REGISTERED_MODEL_SUPPORTED_UNCALIBRATED,CONDITIONAL_AZIMUTH_RETURNED,7.6 8,10133.3439609531,0.0735063712891133,2,0.03125,0.00065361000744389,21,42,0.005746,ccf433c83d073aaf2f715b179ced026783548b153385064557ffd1b8d59daa8b,e70016c924fdb6837e7a741304fbd992c4d8f05413ba03743350eec5c03963bd,NOT_CALIBRATED_STAGE5,1,1
stress_core_coherent_weak_l4,STRESS_HOLDOUT,177,1,2,ESTIMATED_ELEVATION,10,GROUP_REGISTERED_MODEL_SUPPORTED_UNCALIBRATED,CONDITIONAL_AZIMUTH_RETURNED,7.6 8,10133.2902874586,0.0741148355882615,2,0.03125,0.000625773671026804,21,42,0.0046598,ccf433c83d073aaf2f715b179ced026783548b153385064557ffd1b8d59daa8b,e70016c924fdb6837e7a741304fbd992c4d8f05413ba03743350eec5c03963bd,NOT_CALIBRATED_STAGE5,1,1
stress_core_coherent_weak_l4,STRESS_HOLDOUT,178,1,2,ESTIMATED_ELEVATION,10,GROUP_REGISTERED_MODEL_SUPPORTED_UNCALIBRATED,CONDITIONAL_AZIMUTH_RETURNED,7.6 8,10133.1917582152,0.0739946635494562,2,0.03125,0.000634598503244381,21,42,0.0052185,ccf433c83d073aaf2f715b179ced026783548b153385064557ffd1b8d59daa8b,e70016c924fdb6837e7a741304fbd992c4d8f05413ba03743350eec5c03963bd,NOT_CALIBRATED_STAGE5,1,1
stress_core_coherent_weak_l4,STRESS_HOLDOUT,179,1,2,ESTIMATED_ELEVATION,10,GROUP_REGISTERED_MODEL_SUPPORTED_UNCALIBRATED,CONDITIONAL_AZIMUTH_RETURNED,7.6 8,10133.9675928907,0.0756901326440129,2,0.03125,0.000654968667377595,21,42,0.0043841,ccf433c83d073aaf2f715b179ced026783548b153385064557ffd1b8d59daa8b,e70016c924fdb6837e7a741304fbd992c4d8f05413ba03743350eec5c03963bd,NOT_CALIBRATED_STAGE5,1,1
stress_core_coherent_weak_l4,STRESS_HOLDOUT,180,1,2,ESTIMATED_ELEVATION,10,GROUP_REGISTERED_MODEL_SUPPORTED_UNCALIBRATED,CONDITIONAL_AZIMUTH_RETURNED,7.6 8,10132.5345477958,0.0749210703634162,2,0.03125,0.00064544296822881,21,42,0.0054229,ccf433c83d073aaf2f715b179ced026783548b153385064557ffd1b8d59daa8b,e70016c924fdb6837e7a741304fbd992c4d8f05413ba03743350eec5c03963bd,NOT_CALIBRATED_STAGE5,1,1
stress_core_coherent_weak_l4,STRESS_HOLDOUT,181,1,2,ESTIMATED_ELEVATION,10,GROUP_REGISTERED_MODEL_SUPPORTED_UNCALIBRATED,CONDITIONAL_AZIMUTH_RETURNED,7.6 8,10134.4558800405,0.0739678156860464,2,0.03125,0.000616472907296558,21,42,0.00585,ccf433c83d073aaf2f715b179ced026783548b153385064557ffd1b8d59daa8b,e70016c924fdb6837e7a741304fbd992c4d8f05413ba03743350eec5c03963bd,NOT_CALIBRATED_STAGE5,1,1
stress_core_coherent_weak_l4,STRESS_HOLDOUT,182,1,2,ESTIMATED_ELEVATION,10,GROUP_REGISTERED_MODEL_SUPPORTED_UNCALIBRATED,CONDITIONAL_AZIMUTH_RETURNED,7.6 8,10134.0280613447,0.0762321456113568,2,0.03125,0.000652930079632107,21,42,0.0071637,ccf433c83d073aaf2f715b179ced026783548b153385064557ffd1b8d59daa8b,e70016c924fdb6837e7a741304fbd992c4d8f05413ba03743350eec5c03963bd,NOT_CALIBRATED_STAGE5,1,1
stress_core_coherent_weak_l4,STRESS_HOLDOUT,183,1,2,ESTIMATED_ELEVATION,10,GROUP_REGISTERED_MODEL_SUPPORTED_UNCALIBRATED,CONDITIONAL_AZIMUTH_RETURNED,7.6 8,10134.3727237371,0.0770997229610657,2,0.03125,0.000618997704246722,21,42,0.0050072,ccf433c83d073aaf2f715b179ced026783548b153385064557ffd1b8d59daa8b,e70016c924fdb6837e7a741304fbd992c4d8f05413ba03743350eec5c03963bd,NOT_CALIBRATED_STAGE5,1,1
stress_core_coherent_weak_l4,STRESS_HOLDOUT,184,1,2,ESTIMATED_ELEVATION,10,GROUP_REGISTERED_MODEL_SUPPORTED_UNCALIBRATED,CONDITIONAL_AZIMUTH_RETURNED,7.6 8,10134.0877716235,0.0733753058302682,2,0.03125,0.000670919729020315,21,42,0.0047985,ccf433c83d073aaf2f715b179ced026783548b153385064557ffd1b8d59daa8b,e70016c924fdb6837e7a741304fbd992c4d8f05413ba03743350eec5c03963bd,NOT_CALIBRATED_STAGE5,1,1
stress_core_coherent_weak_l4,STRESS_HOLDOUT,185,1,2,ESTIMATED_ELEVATION,10,GROUP_REGISTERED_MODEL_SUPPORTED_UNCALIBRATED,CONDITIONAL_AZIMUTH_RETURNED,7.6 8,10134.0231224109,0.0737672097293398,2,0.03125,0.0006351006134463,21,42,0.0050181,ccf433c83d073aaf2f715b179ced026783548b153385064557ffd1b8d59daa8b,e70016c924fdb6837e7a741304fbd992c4d8f05413ba03743350eec5c03963bd,NOT_CALIBRATED_STAGE5,1,1
stress_core_coherent_weak_l4,STRESS_HOLDOUT,186,1,2,ESTIMATED_ELEVATION,10,GROUP_REGISTERED_MODEL_SUPPORTED_UNCALIBRATED,CONDITIONAL_AZIMUTH_RETURNED,7.6 8,10133.1784535764,0.0764224965914764,2,0.03125,0.000674088561634165,21,42,0.0051465,ccf433c83d073aaf2f715b179ced026783548b153385064557ffd1b8d59daa8b,e70016c924fdb6837e7a741304fbd992c4d8f05413ba03743350eec5c03963bd,NOT_CALIBRATED_STAGE5,1,1
stress_core_coherent_weak_l4,STRESS_HOLDOUT,187,1,2,ESTIMATED_ELEVATION,10,GROUP_REGISTERED_MODEL_SUPPORTED_UNCALIBRATED,CONDITIONAL_AZIMUTH_RETURNED,7.6 8,10134.4163755586,0.0746813879122783,2,0.03125,0.000650436839132183,21,42,0.0055133,ccf433c83d073aaf2f715b179ced026783548b153385064557ffd1b8d59daa8b,e70016c924fdb6837e7a741304fbd992c4d8f05413ba03743350eec5c03963bd,NOT_CALIBRATED_STAGE5,1,1
stress_core_coherent_weak_l4,STRESS_HOLDOUT,188,1,2,ESTIMATED_ELEVATION,10,GROUP_REGISTERED_MODEL_SUPPORTED_UNCALIBRATED,CONDITIONAL_AZIMUTH_RETURNED,7.6 8,10132.9587430084,0.075613651837557,2,0.03125,0.000634171678115343,21,42,0.0053712,ccf433c83d073aaf2f715b179ced026783548b153385064557ffd1b8d59daa8b,e70016c924fdb6837e7a741304fbd992c4d8f05413ba03743350eec5c03963bd,NOT_CALIBRATED_STAGE5,1,1
stress_core_coherent_weak_l4,STRESS_HOLDOUT,189,1,2,ESTIMATED_ELEVATION,10,GROUP_REGISTERED_MODEL_SUPPORTED_UNCALIBRATED,CONDITIONAL_AZIMUTH_RETURNED,7.6 8,10133.0917897954,0.0756550182941282,2,0.03125,0.000630752967373584,21,42,0.0053736,ccf433c83d073aaf2f715b179ced026783548b153385064557ffd1b8d59daa8b,e70016c924fdb6837e7a741304fbd992c4d8f05413ba03743350eec5c03963bd,NOT_CALIBRATED_STAGE5,1,1
stress_core_coherent_weak_l4,STRESS_HOLDOUT,190,1,2,ESTIMATED_ELEVATION,10,GROUP_REGISTERED_MODEL_SUPPORTED_UNCALIBRATED,CONDITIONAL_AZIMUTH_RETURNED,7.6 8,10133.7070464356,0.0729900396345329,2,0.03125,0.000623203948677234,21,42,0.0049556,ccf433c83d073aaf2f715b179ced026783548b153385064557ffd1b8d59daa8b,e70016c924fdb6837e7a741304fbd992c4d8f05413ba03743350eec5c03963bd,NOT_CALIBRATED_STAGE5,1,1
stress_core_coherent_weak_l4,STRESS_HOLDOUT,191,1,2,ESTIMATED_ELEVATION,10,GROUP_REGISTERED_MODEL_SUPPORTED_UNCALIBRATED,CONDITIONAL_AZIMUTH_RETURNED,7.6 8,10134.1945748186,0.0710225443326635,2,0.03125,0.000626174692114284,21,42,0.0065304,ccf433c83d073aaf2f715b179ced026783548b153385064557ffd1b8d59daa8b,e70016c924fdb6837e7a741304fbd992c4d8f05413ba03743350eec5c03963bd,NOT_CALIBRATED_STAGE5,1,1
stress_core_coherent_weak_l4,STRESS_HOLDOUT,192,1,2,ESTIMATED_ELEVATION,10,GROUP_REGISTERED_MODEL_SUPPORTED_UNCALIBRATED,CONDITIONAL_AZIMUTH_RETURNED,7.6 8,10133.3376623288,0.0725964386401756,2,0.03125,0.000644313983024569,21,42,0.0045172,ccf433c83d073aaf2f715b179ced026783548b153385064557ffd1b8d59daa8b,e70016c924fdb6837e7a741304fbd992c4d8f05413ba03743350eec5c03963bd,NOT_CALIBRATED_STAGE5,1,1
stress_core_coherent_weak_l4,STRESS_HOLDOUT,193,1,2,ESTIMATED_ELEVATION,10,GROUP_REGISTERED_MODEL_SUPPORTED_UNCALIBRATED,CONDITIONAL_AZIMUTH_RETURNED,7.6 8,10134.493058021,0.0741554696778621,2,0.03125,0.000651470226123965,21,42,0.0055947,ccf433c83d073aaf2f715b179ced026783548b153385064557ffd1b8d59daa8b,e70016c924fdb6837e7a741304fbd992c4d8f05413ba03743350eec5c03963bd,NOT_CALIBRATED_STAGE5,1,1
stress_core_coherent_weak_l4,STRESS_HOLDOUT,194,1,2,ESTIMATED_ELEVATION,10,GROUP_REGISTERED_MODEL_SUPPORTED_UNCALIBRATED,CONDITIONAL_AZIMUTH_RETURNED,7.6 8,10133.6532124721,0.0785935244693974,2,0.03125,0.000662867387789862,21,42,0.005149,ccf433c83d073aaf2f715b179ced026783548b153385064557ffd1b8d59daa8b,e70016c924fdb6837e7a741304fbd992c4d8f05413ba03743350eec5c03963bd,NOT_CALIBRATED_STAGE5,1,1
stress_core_coherent_weak_l4,STRESS_HOLDOUT,195,1,2,ESTIMATED_ELEVATION,10,GROUP_REGISTERED_MODEL_SUPPORTED_UNCALIBRATED,CONDITIONAL_AZIMUTH_RETURNED,7.6 8,10132.1583639506,0.0740881239980808,2,0.03125,0.000630536097099377,21,42,0.0045986,ccf433c83d073aaf2f715b179ced026783548b153385064557ffd1b8d59daa8b,e70016c924fdb6837e7a741304fbd992c4d8f05413ba03743350eec5c03963bd,NOT_CALIBRATED_STAGE5,1,1
stress_core_coherent_weak_l4,STRESS_HOLDOUT,196,1,2,ESTIMATED_ELEVATION,10,GROUP_REGISTERED_MODEL_SUPPORTED_UNCALIBRATED,CONDITIONAL_AZIMUTH_RETURNED,7.6 8,10133.4805295302,0.0750556966358999,2,0.03125,0.000628599244532548,21,42,0.0063671,ccf433c83d073aaf2f715b179ced026783548b153385064557ffd1b8d59daa8b,e70016c924fdb6837e7a741304fbd992c4d8f05413ba03743350eec5c03963bd,NOT_CALIBRATED_STAGE5,1,1
stress_core_coherent_weak_l4,STRESS_HOLDOUT,197,1,2,ESTIMATED_ELEVATION,10,GROUP_REGISTERED_MODEL_SUPPORTED_UNCALIBRATED,CONDITIONAL_AZIMUTH_RETURNED,7.6 8,10134.2059394903,0.0751102294489101,2,0.03125,0.000622972373667189,21,42,0.006139,ccf433c83d073aaf2f715b179ced026783548b153385064557ffd1b8d59daa8b,e70016c924fdb6837e7a741304fbd992c4d8f05413ba03743350eec5c03963bd,NOT_CALIBRATED_STAGE5,1,1
stress_core_coherent_weak_l4,STRESS_HOLDOUT,198,1,2,ESTIMATED_ELEVATION,10,GROUP_REGISTERED_MODEL_SUPPORTED_UNCALIBRATED,CONDITIONAL_AZIMUTH_RETURNED,7.6 8,10133.5459529817,0.0738284914004907,2,0.03125,0.00064253800309813,21,42,0.006922,ccf433c83d073aaf2f715b179ced026783548b153385064557ffd1b8d59daa8b,e70016c924fdb6837e7a741304fbd992c4d8f05413ba03743350eec5c03963bd,NOT_CALIBRATED_STAGE5,1,1
stress_core_coherent_weak_l4,STRESS_HOLDOUT,199,1,2,ESTIMATED_ELEVATION,10,GROUP_REGISTERED_MODEL_SUPPORTED_UNCALIBRATED,CONDITIONAL_AZIMUTH_RETURNED,7.6 8,10133.4812745879,0.076631129541056,2,0.03125,0.000646108777298075,21,42,0.0047581,ccf433c83d073aaf2f715b179ced026783548b153385064557ffd1b8d59daa8b,e70016c924fdb6837e7a741304fbd992c4d8f05413ba03743350eec5c03963bd,NOT_CALIBRATED_STAGE5,1,1
stress_core_coherent_weak_l4,STRESS_HOLDOUT,200,1,2,ESTIMATED_ELEVATION,10,GROUP_REGISTERED_MODEL_SUPPORTED_UNCALIBRATED,CONDITIONAL_AZIMUTH_RETURNED,7.6 8,10133.6613155256,0.0758950080689829,2,0.03125,0.000615133136185487,21,42,0.0058244,ccf433c83d073aaf2f715b179ced026783548b153385064557ffd1b8d59daa8b,e70016c924fdb6837e7a741304fbd992c4d8f05413ba03743350eec5c03963bd,NOT_CALIBRATED_STAGE5,1,1
stress_correlated_rz_rphi,STRESS_HOLDOUT,1,1,2,ESTIMATED_ELEVATION,10,GROUP_REGISTERED_MODEL_SUPPORTED_UNCALIBRATED,CONDITIONAL_AZIMUTH_RETURNED,7.6 8.4,22718.398489171,4.75111955893226e-05,2,0.0526286118850843,0.00048419973426718,21,42,0.0046181,5647262263c73482225e0749fa5938992a544ecf10f64f67166baf26cc2fb20d,e70016c924fdb6837e7a741304fbd992c4d8f05413ba03743350eec5c03963bd,NOT_CALIBRATED_STAGE5,1,1
stress_correlated_rz_rphi,STRESS_HOLDOUT,2,1,2,ESTIMATED_ELEVATION,10,GROUP_REGISTERED_MODEL_SUPPORTED_UNCALIBRATED,CONDITIONAL_AZIMUTH_RETURNED,7.6 8.4,22721.077045931,2.26930387725588e-05,2,0.0526286118850843,0.000462161545545832,21,42,0.0056989,5647262263c73482225e0749fa5938992a544ecf10f64f67166baf26cc2fb20d,e70016c924fdb6837e7a741304fbd992c4d8f05413ba03743350eec5c03963bd,NOT_CALIBRATED_STAGE5,1,1
stress_correlated_rz_rphi,STRESS_HOLDOUT,3,1,2,ESTIMATED_ELEVATION,10,GROUP_REGISTERED_MODEL_SUPPORTED_UNCALIBRATED,CONDITIONAL_AZIMUTH_RETURNED,7.6 8.4,22720.1186411717,5.0919406930916e-05,2,0.0526286118850843,0.000487318874580553,21,42,0.0051108,5647262263c73482225e0749fa5938992a544ecf10f64f67166baf26cc2fb20d,e70016c924fdb6837e7a741304fbd992c4d8f05413ba03743350eec5c03963bd,NOT_CALIBRATED_STAGE5,1,1
stress_correlated_rz_rphi,STRESS_HOLDOUT,4,1,2,ESTIMATED_ELEVATION,10,GROUP_REGISTERED_MODEL_SUPPORTED_UNCALIBRATED,CONDITIONAL_AZIMUTH_RETURNED,7.6 8.4,22718.9870457131,3.61662459908985e-05,2,0.0526286118850843,0.000447027615313077,21,42,0.0054635,5647262263c73482225e0749fa5938992a544ecf10f64f67166baf26cc2fb20d,e70016c924fdb6837e7a741304fbd992c4d8f05413ba03743350eec5c03963bd,NOT_CALIBRATED_STAGE5,1,1
stress_correlated_rz_rphi,STRESS_HOLDOUT,5,1,2,ESTIMATED_ELEVATION,10,GROUP_REGISTERED_MODEL_SUPPORTED_UNCALIBRATED,CONDITIONAL_AZIMUTH_RETURNED,7.6 8.4,22719.2776922034,1.15119437396061e-05,2,0.0526286118850843,0.000430502288593934,21,42,0.0042684,5647262263c73482225e0749fa5938992a544ecf10f64f67166baf26cc2fb20d,e70016c924fdb6837e7a741304fbd992c4d8f05413ba03743350eec5c03963bd,NOT_CALIBRATED_STAGE5,1,1
stress_reduced_circumferential_aperture,STRESS_HOLDOUT,1,1,2,ESTIMATED_ELEVATION,10,GROUP_REGISTERED_MODEL_SUPPORTED_UNCALIBRATED,CONDITIONAL_AZIMUTH_RETURNED,7.6 8.4,5244.33720350435,0.000130727359646698,2,0.03125,0.000430806765059306,21,42,0.0065301,d66be7a4e7a6e3ee1826aa14f9ca87240263cd69bca613d3e99b70a91b05ae45,e70016c924fdb6837e7a741304fbd992c4d8f05413ba03743350eec5c03963bd,NOT_CALIBRATED_STAGE5,1,1
stress_reduced_circumferential_aperture,STRESS_HOLDOUT,2,1,2,ESTIMATED_ELEVATION,10,GROUP_REGISTERED_MODEL_SUPPORTED_UNCALIBRATED,CONDITIONAL_AZIMUTH_RETURNED,7.6 8.4,5243.85646117185,6.85120685375296e-05,2,0.03125,0.00043064315719135,21,42,0.0066026,d66be7a4e7a6e3ee1826aa14f9ca87240263cd69bca613d3e99b70a91b05ae45,e70016c924fdb6837e7a741304fbd992c4d8f05413ba03743350eec5c03963bd,NOT_CALIBRATED_STAGE5,1,1
stress_reduced_circumferential_aperture,STRESS_HOLDOUT,3,1,2,ESTIMATED_ELEVATION,10,GROUP_REGISTERED_MODEL_SUPPORTED_UNCALIBRATED,CONDITIONAL_AZIMUTH_RETURNED,7.6 8.4,5244.40691360554,6.2632861045131e-05,2,0.03125,0.000397584707236848,21,42,0.0056573,d66be7a4e7a6e3ee1826aa14f9ca87240263cd69bca613d3e99b70a91b05ae45,e70016c924fdb6837e7a741304fbd992c4d8f05413ba03743350eec5c03963bd,NOT_CALIBRATED_STAGE5,1,1
stress_reduced_circumferential_aperture,STRESS_HOLDOUT,4,1,2,ESTIMATED_ELEVATION,10,GROUP_REGISTERED_MODEL_SUPPORTED_UNCALIBRATED,CONDITIONAL_AZIMUTH_RETURNED,7.6 8.4,5244.74879404675,2.50720031544915e-05,2,0.03125,0.000469815187998451,21,42,0.005166,d66be7a4e7a6e3ee1826aa14f9ca87240263cd69bca613d3e99b70a91b05ae45,e70016c924fdb6837e7a741304fbd992c4d8f05413ba03743350eec5c03963bd,NOT_CALIBRATED_STAGE5,1,1
stress_reduced_circumferential_aperture,STRESS_HOLDOUT,5,1,2,ESTIMATED_ELEVATION,10,GROUP_REGISTERED_MODEL_SUPPORTED_UNCALIBRATED,CONDITIONAL_AZIMUTH_RETURNED,7.6 8.4,5244.26796280652,9.91898295978899e-05,2,0.03125,0.000402047770588539,21,42,0.0067214,d66be7a4e7a6e3ee1826aa14f9ca87240263cd69bca613d3e99b70a91b05ae45,e70016c924fdb6837e7a741304fbd992c4d8f05413ba03743350eec5c03963bd,NOT_CALIBRATED_STAGE5,1,1
stress_single_snapshot_l1,STRESS_HOLDOUT,1,1,2,ESTIMATED_ELEVATION,10,GROUP_REGISTERED_MODEL_SUPPORTED_UNCALIBRATED,CONDITIONAL_AZIMUTH_RETURNED,7.6 8.4,5907.10094451379,2.11647729884135e-05,2,0.03125,0.000416942635990005,21,42,0.0073704,ccf433c83d073aaf2f715b179ced026783548b153385064557ffd1b8d59daa8b,e70016c924fdb6837e7a741304fbd992c4d8f05413ba03743350eec5c03963bd,NOT_CALIBRATED_STAGE5,1,1
stress_single_snapshot_l1,STRESS_HOLDOUT,2,1,2,ESTIMATED_ELEVATION,10,GROUP_REGISTERED_MODEL_SUPPORTED_UNCALIBRATED,CONDITIONAL_AZIMUTH_RETURNED,7.6 8.4,5907.078163069,7.10662507117377e-05,2,0.03125,0.00039217244592159,21,42,0.0058615,ccf433c83d073aaf2f715b179ced026783548b153385064557ffd1b8d59daa8b,e70016c924fdb6837e7a741304fbd992c4d8f05413ba03743350eec5c03963bd,NOT_CALIBRATED_STAGE5,1,1
stress_single_snapshot_l1,STRESS_HOLDOUT,3,1,2,ESTIMATED_ELEVATION,10,GROUP_REGISTERED_MODEL_SUPPORTED_UNCALIBRATED,CONDITIONAL_AZIMUTH_RETURNED,7.6 8.4,5907.07328774506,1.70910725501017e-05,2,0.03125,0.000457574432615317,21,42,0.0063878,ccf433c83d073aaf2f715b179ced026783548b153385064557ffd1b8d59daa8b,e70016c924fdb6837e7a741304fbd992c4d8f05413ba03743350eec5c03963bd,NOT_CALIBRATED_STAGE5,1,1
stress_single_snapshot_l1,STRESS_HOLDOUT,4,1,2,ESTIMATED_ELEVATION,10,GROUP_REGISTERED_MODEL_SUPPORTED_UNCALIBRATED,CONDITIONAL_AZIMUTH_RETURNED,7.6 8.4,5907.5327928838,6.82372865412617e-06,2,0.03125,0.000394326357311925,21,42,0.0144477,ccf433c83d073aaf2f715b179ced026783548b153385064557ffd1b8d59daa8b,e70016c924fdb6837e7a741304fbd992c4d8f05413ba03743350eec5c03963bd,NOT_CALIBRATED_STAGE5,1,1
stress_single_snapshot_l1,STRESS_HOLDOUT,5,1,2,ESTIMATED_ELEVATION,10,GROUP_REGISTERED_MODEL_SUPPORTED_UNCALIBRATED,CONDITIONAL_AZIMUTH_RETURNED,7.6 8.4,5907.182316072,3.34012656821869e-06,2,0.03125,0.000423304521642668,21,42,0.0086468,ccf433c83d073aaf2f715b179ced026783548b153385064557ffd1b8d59daa8b,e70016c924fdb6837e7a741304fbd992c4d8f05413ba03743350eec5c03963bd,NOT_CALIBRATED_STAGE5,1,1
