subset_id,elevation_mask_integer,azimuth_mask_integer,I_e_global,I_a_global,sequential_channel_ids,B_e,B_a,B_out,MAC_el,MAC_az,MAC_total,output_channel_count,output_bytes_complex_double,weight_memory_bytes,estimated_data_movement_bytes,incremental_cost_over_conventional,eta_design,eta_validation,eta_holdout,eta_parent_relative,worst_design_scenario_id,worst_validation_scenario_id,worst_holdout_scenario_id,minimum_whitening_rank,minimum_manifold_rank,minimum_fim_rank,data_processing_violation_count,runtime,offline_subset_design_runtime,status,covariance_decomposition_count,whitener_eigendecomposition_count,fim_evaluation_count,generalized_eigenvalue_evaluation_count,measured_online_dbf_runtime
RECT_E01_A01,1,1,1,1,1,1,1,1,2080,65,2145,1,16,33280,33296,0,0,0,0,0,D0001,V0001,H0001,1,1,0,0,0.6307828,0.6307828,SUBSET_WHITENING_RANK_INSUFFICIENT,2,2,1184,2368,4.0345703125e-06
RECT_E01_A02,1,2,1,2,6,1,1,1,2080,65,2145,1,16,33280,33296,0,0,0,0,0,D0001,V0001,H0001,1,1,0,0,0.5672963,0.5672963,SUBSET_WHITENING_RANK_INSUFFICIENT,2,2,1184,2368,4.0345703125e-06
RECT_E01_A03,1,3,1,1;2,1;6,1,2,2,2080,130,2210,2,32,66560,33312,65,0,0,0,0,D0001,V0001,H0001,2,2,3,0,0.9031588,0.9031588,SUBSET_FIM_RANK_LOSS,2,2,1184,2368,4.0193359375e-06
RECT_E01_A04,1,4,1,3,11,1,1,1,2080,65,2145,1,16,33280,33296,0,0,0,0,0,D0001,V0001,H0001,1,1,0,0,0.6222537,0.6222537,SUBSET_WHITENING_RANK_INSUFFICIENT,2,2,1184,2368,4.0345703125e-06
RECT_E01_A05,1,5,1,1;3,1;11,1,2,2,2080,130,2210,2,32,66560,33312,65,0,0,0,0,D0001,V0001,H0001,2,2,3,0,0.768864,0.768864,SUBSET_FIM_RANK_LOSS,2,2,1184,2368,4.0193359375e-06
RECT_E01_A06,1,6,1,2;3,6;11,1,2,2,2080,130,2210,2,32,66560,33312,65,0,0,0,0,D0001,V0001,H0001,2,2,3,0,0.8198279,0.8198279,SUBSET_FIM_RANK_LOSS,2,2,1184,2368,4.0193359375e-06
RECT_E01_A07,1,7,1,1;2;3,1;6;11,1,3,3,2080,195,2275,3,48,99840,33328,130,1.82706238114528e-10,1.24153284615735e-05,6.16247808299028e-10,1.83127910779696e-10,D0320,V0234,H0085,3,2,4,0,0.8247151,0.8247151,FIM_SCENARIO_VALID,2,2,1184,2368,3.7171875e-06
RECT_E01_A08,1,8,1,4,16,1,1,1,2080,65,2145,1,16,33280,33296,0,0,0,0,0,D0001,V0001,H0001,1,1,0,0,0.4725472,0.4725472,SUBSET_WHITENING_RANK_INSUFFICIENT,2,2,1184,2368,4.0345703125e-06
RECT_E01_A09,1,9,1,1;4,1;16,1,2,2,2080,130,2210,2,32,66560,33312,65,0,0,0,0,D0001,V0001,H0001,2,2,3,0,0.7423205,0.7423205,SUBSET_FIM_RANK_LOSS,2,2,1184,2368,4.0193359375e-06
RECT_E01_A10,1,10,1,2;4,6;16,1,2,2,2080,130,2210,2,32,66560,33312,65,0,0,0,0,D0001,V0001,H0001,2,2,3,0,0.8354106,0.8354106,SUBSET_FIM_RANK_LOSS,2,2,1184,2368,4.0193359375e-06
RECT_E01_A11,1,11,1,1;2;4,1;6;16,1,3,3,2080,195,2275,3,48,99840,33328,130,1.60031153540287e-10,1.45249659073141e-05,4.67429443035383e-10,1.67290995380988e-10,D0320,V0234,H0028,3,2,4,0,0.8224131,0.8224131,FIM_SCENARIO_VALID,2,2,1184,2368,3.7171875e-06
RECT_E01_A12,1,12,1,3;4,11;16,1,2,2,2080,130,2210,2,32,66560,33312,65,0,0,0,0,D0001,V0001,H0001,2,2,3,0,0.8198536,0.8198536,SUBSET_FIM_RANK_LOSS,2,2,1184,2368,4.0193359375e-06
RECT_E01_A13,1,13,1,1;3;4,1;11;16,1,3,3,2080,195,2275,3,48,99840,33328,130,1.66834456594194e-10,1.66130062551667e-05,2.88966512003463e-11,1.72901837087273e-10,D0320,V0234,H0129,3,2,4,0,0.8635765,0.8635765,FIM_SCENARIO_VALID,2,2,1184,2368,3.7171875e-06
RECT_E01_A14,1,14,1,2;3;4,6;11;16,1,3,3,2080,195,2275,3,48,99840,33328,130,2.00373691526727e-10,1.95703936304331e-05,4.67605512043328e-10,2.00373803970718e-10,D0319,V0234,H0129,3,2,4,0,0.7848565,0.7848565,FIM_SCENARIO_VALID,2,2,1184,2368,3.7171875e-06
RECT_E01_A15,1,15,1,1;2;3;4,1;6;11;16,1,4,4,2080,260,2340,4,64,133120,33344,195,3.04166534381974e-08,2.21675918080384e-05,4.72299145189188e-08,3.3249149334697e-08,D0318,V0156,H0085,4,2,4,0,0.7416306,0.7416306,FIM_SCENARIO_VALID,2,2,1184,2368,3.7525390625e-06
RECT_E01_A16,1,16,1,5,21,1,1,1,2080,65,2145,1,16,33280,33296,0,0,0,0,0,D0001,V0001,H0001,1,1,0,0,0.4865065,0.4865065,SUBSET_WHITENING_RANK_INSUFFICIENT,2,2,1184,2368,4.0345703125e-06
RECT_E01_A17,1,17,1,1;5,1;21,1,2,2,2080,130,2210,2,32,66560,33312,65,0,0,0,0,D0001,V0001,H0001,2,2,3,0,0.746699,0.746699,SUBSET_FIM_RANK_LOSS,2,2,1184,2368,4.0193359375e-06
RECT_E01_A18,1,18,1,2;5,6;21,1,2,2,2080,130,2210,2,32,66560,33312,65,0,0,0,0,D0001,V0001,H0001,2,2,3,0,0.851077,0.851077,SUBSET_FIM_RANK_LOSS,2,2,1184,2368,4.0193359375e-06
RECT_E01_A19,1,19,1,1;2;5,1;6;21,1,3,3,2080,195,2275,3,48,99840,33328,130,1.56170902239086e-10,1.65145365491274e-05,3.85320222380579e-10,1.7053078860306e-10,D0320,V0234,H0085,3,2,4,0,0.8346273,0.8346273,FIM_SCENARIO_VALID,2,2,1184,2368,3.7171875e-06
RECT_E01_A20,1,20,1,3;5,11;21,1,2,2,2080,130,2210,2,32,66560,33312,65,0,0,0,0,D0001,V0001,H0001,2,2,3,0,0.8663427,0.8663427,SUBSET_FIM_RANK_LOSS,2,2,1184,2368,4.0193359375e-06
RECT_E01_A21,1,21,1,1;3;5,1;11;21,1,3,3,2080,195,2275,3,48,99840,33328,130,1.7646834276125e-10,1.82607461042243e-05,2.04663194483833e-11,1.86880437494606e-10,D0320,V0234,H0053,3,2,4,0,0.4929867,0.4929867,FIM_SCENARIO_VALID,2,2,1184,2368,3.7171875e-06
RECT_E01_A22,1,22,1,2;3;5,6;11;21,1,3,3,2080,195,2275,3,48,99840,33328,130,2.16418243289595e-10,1.66883634525604e-05,5.8775606308334e-10,2.16418365330154e-10,D0319,V0054,H0085,3,2,4,0,0.6509951,0.6509951,FIM_SCENARIO_VALID,2,2,1184,2368,3.7171875e-06
RECT_E01_A23,1,23,1,1;2;3;5,1;6;11;21,1,4,4,2080,260,2340,4,64,133120,33344,195,1.04867987136786e-07,2.03346729601239e-05,5.51670575482812e-08,1.13999963234512e-07,D0064,V0186,H0085,4,2,4,0,0.5616545,0.5616545,FIM_SCENARIO_VALID,2,2,1184,2368,3.7525390625e-06
RECT_E01_A24,1,24,1,4;5,16;21,1,2,2,2080,130,2210,2,32,66560,33312,65,0,0,0,0,D0001,V0001,H0001,2,2,3,0,0.582564,0.582564,SUBSET_FIM_RANK_LOSS,2,2,1184,2368,4.0193359375e-06
RECT_E01_A25,1,25,1,1;4;5,1;16;21,1,3,3,2080,195,2275,3,48,99840,33328,130,1.92600211259422e-10,1.65943044063622e-05,4.85704541024287e-10,1.95589662821089e-10,D0320,V0054,H0085,3,2,4,0,0.8422897,0.8422897,FIM_SCENARIO_VALID,2,2,1184,2368,3.7171875e-06
RECT_E01_A26,1,26,1,2;4;5,6;16;21,1,3,3,2080,195,2275,3,48,99840,33328,130,2.15788447276347e-10,1.45829882231427e-05,7.12260312253259e-10,2.15788592417606e-10,D0311,V0054,H0085,3,2,4,0,0.862851,0.862851,FIM_SCENARIO_VALID,2,2,1184,2368,3.7171875e-06
RECT_E01_A27,1,27,1,1;2;4;5,1;6;16;21,1,4,4,2080,260,2340,4,64,133120,33344,195,3.73465893266142e-08,1.99082815716566e-05,2.12978061839994e-07,4.05941171963213e-08,D0064,V0186,H0085,4,2,4,0,0.8577008,0.8577008,FIM_SCENARIO_VALID,2,2,1184,2368,3.7525390625e-06
RECT_E01_A28,1,28,1,3;4;5,11;16;21,1,3,3,2080,195,2275,3,48,99840,33328,130,1.82531533617226e-10,1.24578849736089e-05,1.08647032841709e-11,1.82531915729155e-10,D0183,V0054,H0028,3,2,4,0,0.8931199,0.8931199,FIM_SCENARIO_VALID,2,2,1184,2368,3.7171875e-06
RECT_E01_A29,1,29,1,1;3;4;5,1;11;16;21,1,4,4,2080,260,2340,4,64,133120,33344,195,1.02727333183793e-07,2.03579330831766e-05,4.73264388085844e-07,1.11674043219817e-07,D0064,V0156,H0085,4,2,4,0,0.818684,0.818684,FIM_SCENARIO_VALID,2,2,1184,2368,3.7525390625e-06
RECT_E01_A30,1,30,1,2;3;4;5,6;11;16;21,1,4,4,2080,260,2340,4,64,133120,33344,195,1.42532838021123e-07,2.19737167630856e-05,8.28198333282115e-07,1.55637375686285e-07,D0576,V0156,H0085,4,2,4,0,0.8148427,0.8148427,FIM_SCENARIO_VALID,2,2,1184,2368,3.7525390625e-06
RECT_E01_A31,1,31,1,1;2;3;4;5,1;6;11;16;21,1,5,5,2080,325,2405,5,80,166400,33360,260,3.01658111537745e-06,5.62598110026724e-05,4.30841563344709e-06,3.29743914743189e-06,D0318,V0156,H0085,5,2,4,0,0.7566713,0.7566713,FIM_SCENARIO_VALID,2,2,1184,2368,4.1833984375e-06
RECT_E02_A01,2,1,2,1,2,1,1,1,2080,65,2145,1,16,33280,33296,0,0,0,0,0,D0001,V0001,H0001,1,1,0,0,0.4795713,0.4795713,SUBSET_WHITENING_RANK_INSUFFICIENT,2,2,1184,2368,4.0345703125e-06
RECT_E02_A02,2,2,2,2,7,1,1,1,2080,65,2145,1,16,33280,33296,0,0,0,0,0,D0001,V0001,H0001,1,1,0,0,0.4444238,0.4444238,SUBSET_WHITENING_RANK_INSUFFICIENT,2,2,1184,2368,4.0345703125e-06
RECT_E02_A03,2,3,2,1;2,2;7,1,2,2,2080,130,2210,2,32,66560,33312,65,0,0,0,0,D0001,V0001,H0001,2,2,3,0,0.8642297,0.8642297,SUBSET_FIM_RANK_LOSS,2,2,1184,2368,4.0193359375e-06
RECT_E02_A04,2,4,2,3,12,1,1,1,2080,65,2145,1,16,33280,33296,0,0,0,0,0,D0001,V0001,H0001,1,1,0,0,0.4072222,0.4072222,SUBSET_WHITENING_RANK_INSUFFICIENT,2,2,1184,2368,4.0345703125e-06
RECT_E02_A05,2,5,2,1;3,2;12,1,2,2,2080,130,2210,2,32,66560,33312,65,0,0,0,0,D0001,V0001,H0001,2,2,3,0,0.8543764,0.8543764,SUBSET_FIM_RANK_LOSS,2,2,1184,2368,4.0193359375e-06
RECT_E02_A06,2,6,2,2;3,7;12,1,2,2,2080,130,2210,2,32,66560,33312,65,0,0,0,0,D0001,V0001,H0001,2,2,3,0,0.7484344,0.7484344,SUBSET_FIM_RANK_LOSS,2,2,1184,2368,4.0193359375e-06
RECT_E02_A07,2,7,2,1;2;3,2;7;12,1,3,3,2080,195,2275,3,48,99840,33328,130,2.23687879049051e-10,1.51220203895165e-05,7.15950645061683e-10,2.23688174221095e-10,D0167,V0234,H0085,3,2,4,0,0.7249614,0.7249614,FIM_SCENARIO_VALID,2,2,1184,2368,3.7171875e-06
RECT_E02_A08,2,8,2,4,17,1,1,1,2080,65,2145,1,16,33280,33296,0,0,0,0,0,D0001,V0001,H0001,1,1,0,0,0.4473648,0.4473648,SUBSET_WHITENING_RANK_INSUFFICIENT,2,2,1184,2368,4.0345703125e-06
RECT_E02_A09,2,9,2,1;4,2;17,1,2,2,2080,130,2210,2,32,66560,33312,65,0,0,0,0,D0001,V0001,H0001,2,2,3,0,0.8518678,0.8518678,SUBSET_FIM_RANK_LOSS,2,2,1184,2368,4.0193359375e-06
RECT_E02_A10,2,10,2,2;4,7;17,1,2,2,2080,130,2210,2,32,66560,33312,65,0,0,0,0,D0001,V0001,H0001,2,2,3,0,0.8064651,0.8064651,SUBSET_FIM_RANK_LOSS,2,2,1184,2368,4.0193359375e-06
RECT_E02_A11,2,11,2,1;2;4,2;7;17,1,3,3,2080,195,2275,3,48,99840,33328,130,2.06410931237075e-10,1.76869938423321e-05,5.61394572729823e-10,2.06410909641408e-10,D0167,V0234,H0085,3,2,4,0,0.7897524,0.7897524,FIM_SCENARIO_VALID,2,2,1184,2368,3.7171875e-06
RECT_E02_A12,2,12,2,3;4,12;17,1,2,2,2080,130,2210,2,32,66560,33312,65,0,0,0,0,D0001,V0001,H0001,2,2,3,0,0.8898819,0.8898819,SUBSET_FIM_RANK_LOSS,2,2,1184,2368,4.0193359375e-06
RECT_E02_A13,2,13,2,1;3;4,2;12;17,1,3,3,2080,195,2275,3,48,99840,33328,130,2.12865094601247e-10,2.02235176801582e-05,3.30654390471579e-11,2.12864965975575e-10,D0167,V0234,H0129,3,2,4,0,0.8810709,0.8810709,FIM_SCENARIO_VALID,2,2,1184,2368,3.7171875e-06
RECT_E02_A14,2,14,2,2;3;4,7;12;17,1,3,3,2080,195,2275,3,48,99840,33328,130,2.43221586017163e-10,2.38049256711689e-05,5.82509454737405e-10,2.43221562946447e-10,D0167,V0234,H0129,3,2,4,0,0.6994141,0.6994141,FIM_SCENARIO_VALID,2,2,1184,2368,3.7171875e-06
RECT_E02_A15,2,15,2,1;2;3;4,2;7;12;17,1,4,4,2080,260,2340,4,64,133120,33344,195,4.29595507008961e-08,2.77592812332958e-05,5.49902507884401e-08,4.6966239517779e-08,D0318,V0042,H0085,4,2,4,0,0.8228767,0.8228767,FIM_SCENARIO_VALID,2,2,1184,2368,3.7525390625e-06
RECT_E02_A16,2,16,2,5,22,1,1,1,2080,65,2145,1,16,33280,33296,0,0,0,0,0,D0001,V0001,H0001,1,1,0,0,0.4664898,0.4664898,SUBSET_WHITENING_RANK_INSUFFICIENT,2,2,1184,2368,4.0345703125e-06
RECT_E02_A17,2,17,2,1;5,2;22,1,2,2,2080,130,2210,2,32,66560,33312,65,0,0,0,0,D0001,V0001,H0001,2,2,3,0,0.8764243,0.8764243,SUBSET_FIM_RANK_LOSS,2,2,1184,2368,4.0193359375e-06
RECT_E02_A18,2,18,2,2;5,7;22,1,2,2,2080,130,2210,2,32,66560,33312,65,0,0,0,0,D0001,V0001,H0001,2,2,3,0,0.8245573,0.8245573,SUBSET_FIM_RANK_LOSS,2,2,1184,2368,4.0193359375e-06
RECT_E02_A19,2,19,2,1;2;5,2;7;22,1,3,3,2080,195,2275,3,48,99840,33328,130,2.10034234830605e-10,2.01021854535234e-05,4.48845778879429e-10,2.19899146701069e-10,D0168,V0234,H0085,3,2,4,0,0.6932351,0.6932351,FIM_SCENARIO_VALID,2,2,1184,2368,3.7171875e-06
RECT_E02_A20,2,20,2,3;5,12;22,1,2,2,2080,130,2210,2,32,66560,33312,65,0,0,0,0,D0001,V0001,H0001,2,2,3,0,0.4918663,0.4918663,SUBSET_FIM_RANK_LOSS,2,2,1184,2368,4.0193359375e-06
RECT_E02_A21,2,21,2,1;3;5,2;12;22,1,3,3,2080,195,2275,3,48,99840,33328,130,2.33400665885486e-10,2.22166611308964e-05,0,2.3463748358383e-10,D0168,V0234,H0053,3,2,4,0,0.6236227,0.6236227,FIM_SCENARIO_VALID,2,2,1184,2368,3.7171875e-06
RECT_E02_A22,2,22,2,2;3;5,7;12;22,1,3,3,2080,195,2275,3,48,99840,33328,130,2.59127597148411e-10,2.03329146386563e-05,6.82549385781214e-10,2.59127692584725e-10,D0175,V0054,H0085,3,2,4,0,0.6730075,0.6730075,FIM_SCENARIO_VALID,2,2,1184,2368,3.7171875e-06
RECT_E02_A23,2,23,2,1;2;3;5,2;7;12;22,1,4,4,2080,260,2340,4,64,133120,33344,195,1.34354539974243e-07,2.5836049767972e-05,6.34442453090507e-08,1.46053464584119e-07,D0064,V0186,H0085,4,2,4,0,0.914603,0.914603,FIM_SCENARIO_VALID,2,2,1184,2368,3.7525390625e-06
RECT_E02_A24,2,24,2,4;5,17;22,1,2,2,2080,130,2210,2,32,66560,33312,65,0,0,0,0,D0001,V0001,H0001,2,2,3,0,0.866426,0.866426,SUBSET_FIM_RANK_LOSS,2,2,1184,2368,4.0193359375e-06
RECT_E02_A25,2,25,2,1;4;5,2;17;22,1,3,3,2080,195,2275,3,48,99840,33328,130,2.35539657025727e-10,2.02160772695448e-05,5.64252762132519e-10,2.35539945171821e-10,D0175,V0054,H0085,3,2,4,0,0.7954966,0.7954966,FIM_SCENARIO_VALID,2,2,1184,2368,3.7171875e-06
RECT_E02_A26,2,26,2,2;4;5,7;17;22,1,3,3,2080,195,2275,3,48,99840,33328,130,2.33400950282371e-10,1.7772370837229e-05,8.22775503266387e-10,2.334009135878e-10,D0183,V0054,H0085,3,2,4,0,0.7279559,0.7279559,FIM_SCENARIO_VALID,2,2,1184,2368,3.7171875e-06
RECT_E02_A27,2,27,2,1;2;4;5,2;7;17;22,1,4,4,2080,260,2340,4,64,133120,33344,195,4.73873927369748e-08,2.52727378451413e-05,2.4530590661196e-07,5.14933555638965e-08,D0064,V0186,H0085,4,2,4,0,0.8635206,0.8635206,FIM_SCENARIO_VALID,2,2,1184,2368,3.7525390625e-06
RECT_E02_A28,2,28,2,3;4;5,12;17;22,1,3,3,2080,195,2275,3,48,99840,33328,130,1.70767007208692e-10,1.51869167035618e-05,1.55528143807869e-11,1.70767006667944e-10,D0191,V0054,H0028,3,2,4,0,0.8393108,0.8393108,FIM_SCENARIO_VALID,2,2,1184,2368,3.7171875e-06
RECT_E02_A29,2,29,2,1;3;4;5,2;12;17;22,1,4,4,2080,260,2340,4,64,133120,33344,195,1.29245781764808e-07,2.58853416972684e-05,5.46030209726267e-07,1.40509283967771e-07,D0064,V0156,H0085,4,2,4,0,0.7932696,0.7932696,FIM_SCENARIO_VALID,2,2,1184,2368,3.7525390625e-06
RECT_E02_A30,2,30,2,2;3;4;5,7;12;17;22,1,4,4,2080,260,2340,4,64,133120,33344,195,1.93788977352724e-07,2.74463369407411e-05,9.56693661604727e-07,2.11592304018373e-07,D0576,V0258,H0085,4,2,4,0,0.9067003,0.9067003,FIM_SCENARIO_VALID,2,2,1184,2368,3.7525390625e-06
RECT_E02_A31,2,31,2,1;2;3;4;5,2;7;12;17;22,1,5,5,2080,325,2405,5,80,166400,33360,260,4.29447013950105e-06,7.13071994473385e-05,4.99596935164636e-06,4.69482076899078e-06,D0318,V0228,H0085,5,2,4,0,0.9049117,0.9049117,FIM_SCENARIO_VALID,2,2,1184,2368,4.1833984375e-06
RECT_E03_A01,3,1,1;2,1,1;2,2,1,2,4160,130,4290,2,32,66560,33312,2145,0,0,0,0,D0001,V0001,H0001,2,2,3,0,0.9265648,0.9265648,SUBSET_FIM_RANK_LOSS,2,2,1184,2368,7.51171875e-06
RECT_E03_A02,3,2,1;2,2,6;7,2,1,2,4160,130,4290,2,32,66560,33312,2145,0,0,0,0,D0001,V0001,H0001,2,2,3,0,0.8477202,0.8477202,SUBSET_FIM_RANK_LOSS,2,2,1184,2368,7.51171875e-06
RECT_E03_A03,3,3,1;2,1;2,1;2;6;7,2,2,4,4160,260,4420,4,64,133120,33344,2275,0.000309458721128909,0.0668046319359813,0.000672188959628317,0.000364864445564857,D0280,V0270,H0041,4,2,4,0,1.0260174,1.0260174,FIM_SCENARIO_VALID,2,2,1184,2368,7.7720703125e-06
RECT_E03_A04,3,4,1;2,3,11;12,2,1,2,4160,130,4290,2,32,66560,33312,2145,0,0,0,0,D0001,V0001,H0001,2,2,3,0,0.9048967,0.9048967,SUBSET_FIM_RANK_LOSS,2,2,1184,2368,7.51171875e-06
RECT_E03_A05,3,5,1;2,1;3,1;2;11;12,2,2,4,4160,260,4420,4,64,133120,33344,2275,0.000209434465744682,0.0754615600950755,0.000723799320494795,0.000247387116698687,D0272,V0270,H0041,4,2,4,0,0.8596864,0.8596864,FIM_SCENARIO_VALID,2,2,1184,2368,7.7720703125e-06
RECT_E03_A06,3,6,1;2,2;3,6;7;11;12,2,2,4,4160,260,4420,4,64,133120,33344,2275,8.65774808251289e-05,0.126483986836017,6.30117669313273e-05,8.7894643251142e-05,D0318,V0266,H0085,4,2,4,0,0.902584,0.902584,FIM_SCENARIO_VALID,2,2,1184,2368,7.7720703125e-06
RECT_E03_A07,3,7,1;2,1;2;3,1;2;6;7;11;12,2,3,6,4160,390,4550,6,96,199680,33376,2405,0.00352623944363292,0.387250518024723,0.00589868394326763,0.00385501724220181,D0574,V0176,H0085,6,2,4,0,1.0133153,1.0133153,FIM_SCENARIO_VALID,2,2,1184,2368,7.419140625e-06
RECT_E03_A08,3,8,1;2,4,16;17,2,1,2,4160,130,4290,2,32,66560,33312,2145,0,0,0,0,D0001,V0001,H0001,2,2,3,0,0.845952,0.845952,SUBSET_FIM_RANK_LOSS,2,2,1184,2368,7.51171875e-06
RECT_E03_A09,3,9,1;2,1;4,1;2;16;17,2,2,4,4160,260,4420,4,64,133120,33344,2275,0.000117996850132905,0.0819297266085238,8.12258036945476e-05,0.000128068407667869,D0318,V0270,H0085,4,2,4,0,0.8448121,0.8448121,FIM_SCENARIO_VALID,2,2,1184,2368,7.7720703125e-06
RECT_E03_A10,3,10,1;2,2;4,6;7;16;17,2,2,4,4160,260,4420,4,64,133120,33344,2275,1.3946622694835e-05,0.158737088059212,0.000470649297075908,1.43828203497615e-05,D0062,V0014,H0041,4,2,4,0,0.8161896,0.8161896,FIM_SCENARIO_VALID,2,2,1184,2368,7.7720703125e-06
RECT_E03_A11,3,11,1;2,1;2;4,1;2;6;7;16;17,2,3,6,4160,390,4550,6,96,199680,33376,2405,0.00398492270970491,0.36466633504837,0.00606707863110738,0.00435640357989631,D0574,V0176,H0085,6,2,4,0,0.7811879,0.7811879,FIM_SCENARIO_VALID,2,2,1184,2368,7.419140625e-06
RECT_E03_A12,3,12,1;2,3;4,11;12;16;17,2,2,4,4160,260,4420,4,64,133120,33344,2275,0.000111145609920584,0.125375011033052,0.000420398401605035,0.000116901331993928,D0574,V0014,H0041,4,2,4,0,0.8410244,0.8410244,FIM_SCENARIO_VALID,2,2,1184,2368,7.7720703125e-06
RECT_E03_A13,3,13,1;2,1;3;4,1;2;11;12;16;17,2,3,6,4160,390,4550,6,96,199680,33376,2405,0.004473776338371,0.359418268629137,0.0061407500386707,0.00489081771037444,D0574,V0176,H0085,6,2,4,0,0.8769627,0.8769627,FIM_SCENARIO_VALID,2,2,1184,2368,7.419140625e-06
RECT_E03_A14,3,14,1;2,2;3;4,6;7;11;12;16;17,2,3,6,4160,390,4550,6,96,199680,33376,2405,0.00506924469410559,0.37406829112699,0.00614726910828144,0.00554167324087262,D0318,V0176,H0085,6,2,4,0,0.8525617,0.8525617,FIM_SCENARIO_VALID,2,2,1184,2368,7.419140625e-06
RECT_E03_A15,3,15,1;2,1;2;3;4,1;2;6;7;11;12;16;17,2,4,8,4160,520,4680,8,128,266240,33408,2535,0.00536994230562215,0.429553368830729,0.00616080021700372,0.00587038166856585,D0318,V0176,H0085,8,2,4,0,0.4810042,0.4810042,FIM_SCENARIO_VALID,2,2,1184,2368,7.384765625e-06
RECT_E03_A16,3,16,1;2,5,21;22,2,1,2,4160,130,4290,2,32,66560,33312,2145,0,0,0,0,D0001,V0001,H0001,2,2,3,0,0.5153606,0.5153606,SUBSET_FIM_RANK_LOSS,2,2,1184,2368,7.51171875e-06
RECT_E03_A17,3,17,1;2,1;5,1;2;21;22,2,2,4,4160,260,4420,4,64,133120,33344,2275,1.38183758177161e-05,0.08219528913253,0.000229676247216586,1.50304142466676e-05,D0062,V0014,H0041,4,2,4,0,0.7642548,0.7642548,FIM_SCENARIO_VALID,2,2,1184,2368,7.7720703125e-06
RECT_E03_A18,3,18,1;2,2;5,6;7;21;22,2,2,4,4160,260,4420,4,64,133120,33344,2275,0.000126015370523573,0.0809936843109613,0.000232532859240583,0.000149170359290881,D0528,V0014,H0041,4,2,4,0,0.8168394,0.8168394,FIM_SCENARIO_VALID,2,2,1184,2368,7.7720703125e-06
RECT_E03_A19,3,19,1;2,1;2;5,1;2;6;7;21;22,2,3,6,4160,390,4550,6,96,199680,33376,2405,0.00442707424318619,0.335178833145201,0.0058825174343179,0.00483976214805358,D0574,V0176,H0085,6,2,4,0,0.8372198,0.8372198,FIM_SCENARIO_VALID,2,2,1184,2368,7.419140625e-06
RECT_E03_A20,3,20,1;2,3;5,11;12;21;22,2,2,4,4160,260,4420,4,64,133120,33344,2275,0.000210560687983077,0.0750108071056116,0.00032166897273468,0.000248731037443004,D0536,V0018,H0041,4,2,4,0,0.7972237,0.7972237,FIM_SCENARIO_VALID,2,2,1184,2368,7.7720703125e-06
RECT_E03_A21,3,21,1;2,1;3;5,1;2;11;12;21;22,2,3,6,4160,390,4550,6,96,199680,33376,2405,0.00476299566792776,0.341491804408532,0.0057897286726255,0.0052069031166671,D0318,V0176,H0085,6,2,4,0,0.8617044,0.8617044,FIM_SCENARIO_VALID,2,2,1184,2368,7.419140625e-06
RECT_E03_A22,3,22,1;2,2;3;5,6;7;11;12;21;22,2,3,6,4160,390,4550,6,96,199680,33376,2405,0.00443163102426473,0.360504160123065,0.00558959986467504,0.00484465535984445,D0318,V0212,H0085,6,2,4,0,0.7967161,0.7967161,FIM_SCENARIO_VALID,2,2,1184,2368,7.419140625e-06
RECT_E03_A23,3,23,1;2,1;2;3;5,1;2;6;7;11;12;21;22,2,4,8,4160,520,4680,8,128,266240,33408,2535,0.00544217174171926,0.430959773343184,0.00594743363102059,0.00594933124932443,D0318,V0176,H0085,8,2,4,0,0.8327131,0.8327131,FIM_SCENARIO_VALID,2,2,1184,2368,7.384765625e-06
RECT_E03_A24,3,24,1;2,4;5,16;17;21;22,2,2,4,4160,260,4420,4,64,133120,33344,2275,0.000314972162750802,0.0665283363744721,0.000452557848194832,0.000371128527820048,D0536,V0018,H0041,4,2,4,0,0.7956142,0.7956142,FIM_SCENARIO_VALID,2,2,1184,2368,7.7720703125e-06
RECT_E03_A25,3,25,1;2,1;4;5,1;2;16;17;21;22,2,3,6,4160,390,4550,6,96,199680,33376,2405,0.00438937402654666,0.335953053150848,0.00549133402467187,0.00479845961642626,D0318,V0212,H0085,6,2,4,0,0.7661059,0.7661059,FIM_SCENARIO_VALID,2,2,1184,2368,7.419140625e-06
RECT_E03_A26,3,26,1;2,2;4;5,6;7;16;17;21;22,2,3,6,4160,390,4550,6,96,199680,33376,2405,0.00394297090596018,0.365932118884453,0.0051099364638966,0.00431044986349225,D0318,V0212,H0085,6,2,4,0,0.9673767,0.9673767,FIM_SCENARIO_VALID,2,2,1184,2368,7.419140625e-06
RECT_E03_A27,3,27,1;2,1;2;4;5,1;2;6;7;16;17;21;22,2,4,8,4160,520,4680,8,128,266240,33408,2535,0.00537964709734466,0.431947365496809,0.00615279668462422,0.00585592719939345,D0062,V0176,H0085,8,2,4,0,0.8529293,0.8529293,FIM_SCENARIO_VALID,2,2,1184,2368,7.384765625e-06
RECT_E03_A28,3,28,1;2,3;4;5,11;12;16;17;21;22,2,3,6,4160,390,4550,6,96,199680,33376,2405,0.00348932928541036,0.388916109669387,0.00457525527631564,0.00381454095457848,D0318,V0216,H0085,6,2,4,0,0.8049218,0.8049218,FIM_SCENARIO_VALID,2,2,1184,2368,7.419140625e-06
RECT_E03_A29,3,29,1;2,1;3;4;5,1;2;11;12;16;17;21;22,2,4,8,4160,520,4680,8,128,266240,33408,2535,0.005478920332729,0.431492847015733,0.00664509937502689,0.00598968699728281,D0574,V0176,H0085,8,2,4,0,0.7968461,0.7968461,FIM_SCENARIO_VALID,2,2,1184,2368,7.384765625e-06
RECT_E03_A30,3,30,1;2,2;3;4;5,6;7;11;12;16;17;21;22,2,4,8,4160,520,4680,8,128,266240,33408,2535,0.00541824229550872,0.431022478874562,0.0075207576724946,0.00592333462367761,D0574,V0176,H0085,8,2,4,0,0.7903042,0.7903042,FIM_SCENARIO_VALID,2,2,1184,2368,7.384765625e-06
RECT_E03_A31,3,31,1;2,1;2;3;4;5,1;2;6;7;11;12;16;17;21;22,2,5,10,4160,650,4810,10,160,332800,33440,2665,0.0120626102272913,0.440930456893757,0.0141123760742854,0.0131861813022284,D0318,V0176,H0085,10,2,4,0,0.8605173,0.8605173,FIM_SCENARIO_VALID,2,2,1184,2368,7.5923828125e-06
RECT_E04_A01,4,1,3,1,3,1,1,1,2080,65,2145,1,16,33280,33296,0,0,0,0,0,D0001,V0001,H0001,1,1,0,0,0.5176152,0.5176152,SUBSET_WHITENING_RANK_INSUFFICIENT,2,2,1184,2368,4.0345703125e-06
RECT_E04_A02,4,2,3,2,8,1,1,1,2080,65,2145,1,16,33280,33296,0,0,0,0,0,D0001,V0001,H0001,1,1,0,0,0.4843218,0.4843218,SUBSET_WHITENING_RANK_INSUFFICIENT,2,2,1184,2368,4.0345703125e-06
RECT_E04_A03,4,3,3,1;2,3;8,1,2,2,2080,130,2210,2,32,66560,33312,65,0,0,0,0,D0001,V0001,H0001,2,2,3,0,0.9167151,0.9167151,SUBSET_FIM_RANK_LOSS,2,2,1184,2368,4.0193359375e-06
RECT_E04_A04,4,4,3,3,13,1,1,1,2080,65,2145,1,16,33280,33296,0,0,0,0,0,D0001,V0001,H0001,1,1,0,0,0.4915051,0.4915051,SUBSET_WHITENING_RANK_INSUFFICIENT,2,2,1184,2368,4.0345703125e-06
RECT_E04_A05,4,5,3,1;3,3;13,1,2,2,2080,130,2210,2,32,66560,33312,65,0,0,0,0,D0001,V0001,H0001,2,2,3,0,0.948743,0.948743,SUBSET_FIM_RANK_LOSS,2,2,1184,2368,4.0193359375e-06
RECT_E04_A06,4,6,3,2;3,8;13,1,2,2,2080,130,2210,2,32,66560,33312,65,0,0,0,0,D0001,V0001,H0001,2,2,3,0,0.9255794,0.9255794,SUBSET_FIM_RANK_LOSS,2,2,1184,2368,4.0193359375e-06
RECT_E04_A07,4,7,3,1;2;3,3;8;13,1,3,3,2080,195,2275,3,48,99840,33328,130,2.19393041940885e-10,1.6416500030374e-05,7.34886233342901e-10,2.19392842948274e-10,D0183,V0270,H0085,3,2,4,0,0.7932882,0.7932882,FIM_SCENARIO_VALID,2,2,1184,2368,3.7171875e-06
RECT_E04_A08,4,8,3,4,18,1,1,1,2080,65,2145,1,16,33280,33296,0,0,0,0,0,D0001,V0001,H0001,1,1,0,0,0.5943655,0.5943655,SUBSET_WHITENING_RANK_INSUFFICIENT,2,2,1184,2368,4.0345703125e-06
RECT_E04_A09,4,9,3,1;4,3;18,1,2,2,2080,130,2210,2,32,66560,33312,65,0,0,0,0,D0001,V0001,H0001,2,2,3,0,0.9201807,0.9201807,SUBSET_FIM_RANK_LOSS,2,2,1184,2368,4.0193359375e-06
RECT_E04_A10,4,10,3,2;4,8;18,1,2,2,2080,130,2210,2,32,66560,33312,65,0,0,0,0,D0001,V0001,H0001,2,2,3,0,0.9559445,0.9559445,SUBSET_FIM_RANK_LOSS,2,2,1184,2368,4.0193359375e-06
RECT_E04_A11,4,11,3,1;2;4,3;8;18,1,3,3,2080,195,2275,3,48,99840,33328,130,2.03363682041021e-10,1.92102627308499e-05,5.75850214008049e-10,2.03363782598704e-10,D0183,V0270,H0085,3,2,4,0,0.9197087,0.9197087,FIM_SCENARIO_VALID,2,2,1184,2368,3.7171875e-06
RECT_E04_A12,4,12,3,3;4,13;18,1,2,2,2080,130,2210,2,32,66560,33312,65,0,0,0,0,D0001,V0001,H0001,2,2,3,0,0.9123798,0.9123798,SUBSET_FIM_RANK_LOSS,2,2,1184,2368,4.0193359375e-06
RECT_E04_A13,4,13,3,1;3;4,3;13;18,1,3,3,2080,195,2275,3,48,99840,33328,130,2.0951054474148e-10,2.19812056059394e-05,3.29909007653587e-11,2.09510642996922e-10,D0183,V0270,H0129,3,2,4,0,0.8685009,0.8685009,FIM_SCENARIO_VALID,2,2,1184,2368,3.7171875e-06
RECT_E04_A14,4,14,3,2;3;4,8;13;18,1,3,3,2080,195,2275,3,48,99840,33328,130,2.37863514137949e-10,2.57204734237336e-05,6.46049202868701e-10,2.37863714907128e-10,D0183,V0018,H0129,3,2,4,0,0.5656623,0.5656623,FIM_SCENARIO_VALID,2,2,1184,2368,3.7171875e-06
RECT_E04_A15,4,15,3,1;2;3;4,3;8;13;18,1,4,4,2080,260,2340,4,64,133120,33344,195,4.07670428104875e-08,2.99193061085979e-05,5.675859383353e-08,4.43969337721943e-08,D0190,V0042,H0085,4,2,4,0,0.5059104,0.5059104,FIM_SCENARIO_VALID,2,2,1184,2368,3.7525390625e-06
RECT_E04_A16,4,16,3,5,23,1,1,1,2080,65,2145,1,16,33280,33296,0,0,0,0,0,D0001,V0001,H0001,1,1,0,0,0.3617466,0.3617466,SUBSET_WHITENING_RANK_INSUFFICIENT,2,2,1184,2368,4.0345703125e-06
RECT_E04_A17,4,17,3,1;5,3;23,1,2,2,2080,130,2210,2,32,66560,33312,65,0,0,0,0,D0001,V0001,H0001,2,2,3,0,0.7590847,0.7590847,SUBSET_FIM_RANK_LOSS,2,2,1184,2368,4.0193359375e-06
RECT_E04_A18,4,18,3,2;5,8;23,1,2,2,2080,130,2210,2,32,66560,33312,65,0,0,0,0,D0001,V0001,H0001,2,2,3,0,0.7500538,0.7500538,SUBSET_FIM_RANK_LOSS,2,2,1184,2368,4.0193359375e-06
RECT_E04_A19,4,19,3,1;2;5,3;8;23,1,3,3,2080,195,2275,3,48,99840,33328,130,2.16555056815946e-10,2.18556744631529e-05,4.61835135230694e-10,2.1998821588776e-10,D0184,V0270,H0085,3,2,4,0,0.7851125,0.7851125,FIM_SCENARIO_VALID,2,2,1184,2368,3.7171875e-06
RECT_E04_A20,4,20,3,3;5,13;23,1,2,2,2080,130,2210,2,32,66560,33312,65,0,0,0,0,D0001,V0001,H0001,2,2,3,0,0.8239279,0.8239279,SUBSET_FIM_RANK_LOSS,2,2,1184,2368,4.0193359375e-06
RECT_E04_A21,4,21,3,1;3;5,3;13;23,1,3,3,2080,195,2275,3,48,99840,33328,130,2.3291048138582e-10,2.40081692693636e-05,0,2.32910550165928e-10,D0183,V0018,H0053,3,2,4,0,0.8285912,0.8285912,FIM_SCENARIO_VALID,2,2,1184,2368,3.7171875e-06
RECT_E04_A22,4,22,3,2;3;5,8;13;23,1,3,3,2080,195,2275,3,48,99840,33328,130,2.51977859836314e-10,2.18351067048138e-05,7.00212952741106e-10,2.51977765928749e-10,D0183,V0018,H0085,3,2,4,0,0.826549,0.826549,FIM_SCENARIO_VALID,2,2,1184,2368,3.7171875e-06
RECT_E04_A23,4,23,3,1;2;3;5,3;8;13;23,1,4,4,2080,260,2340,4,64,133120,33344,195,1.4762664715851e-07,2.75690808117203e-05,6.46179369413177e-08,1.60359898989423e-07,D0064,V0114,H0085,4,2,4,0,0.7510714,0.7510714,FIM_SCENARIO_VALID,2,2,1184,2368,3.7525390625e-06
RECT_E04_A24,4,24,3,4;5,18;23,1,2,2,2080,130,2210,2,32,66560,33312,65,0,0,0,0,D0001,V0001,H0001,2,2,3,0,0.8504371,0.8504371,SUBSET_FIM_RANK_LOSS,2,2,1184,2368,4.0193359375e-06
RECT_E04_A25,4,25,3,1;4;5,3;18;23,1,3,3,2080,195,2275,3,48,99840,33328,130,2.29594030411293e-10,2.17079659369871e-05,5.7889883842471e-10,2.29593981559402e-10,D0183,V0018,H0085,3,2,4,0,0.786648,0.786648,FIM_SCENARIO_VALID,2,2,1184,2368,3.7171875e-06
RECT_E04_A26,4,26,3,2;4;5,8;18;23,1,3,3,2080,195,2275,3,48,99840,33328,130,2.15254453390773e-10,1.90891403457049e-05,8.39815338524736e-10,2.15254696508664e-10,D0191,V0018,H0085,3,2,4,0,0.8261253,0.8261253,FIM_SCENARIO_VALID,2,2,1184,2368,3.7171875e-06
RECT_E04_A27,4,27,3,1;2;4;5,3;8;18;23,1,4,4,2080,260,2340,4,64,133120,33344,195,5.06858913306396e-08,2.69255732009451e-05,2.50050711150693e-07,5.50450076517634e-08,D0064,V0114,H0085,4,2,4,0,0.8348393,0.8348393,FIM_SCENARIO_VALID,2,2,1184,2368,3.7525390625e-06
RECT_E04_A28,4,28,3,3;4;5,13;18;23,1,3,3,2080,195,2275,3,48,99840,33328,130,1.41455232586393e-10,1.63166806863366e-05,1.90843189679947e-11,1.41455113854502e-10,D0191,V0018,H0028,3,2,4,0,0.7265827,0.7265827,FIM_SCENARIO_VALID,2,2,1184,2368,3.7171875e-06
RECT_E04_A29,4,29,3,1;3;4;5,3;13;18;23,1,4,4,2080,260,2340,4,64,133120,33344,195,1.34166697749073e-07,2.75679350337713e-05,5.57434940152359e-07,1.45742867083261e-07,D0064,V0114,H0085,4,2,4,0,0.8089985,0.8089985,FIM_SCENARIO_VALID,2,2,1184,2368,3.7525390625e-06
RECT_E04_A30,4,30,3,2;3;4;5,8;13;18;23,1,4,4,2080,260,2340,4,64,133120,33344,195,1.95078337674729e-07,2.96158012468513e-05,9.77546967488685e-07,2.12288728275863e-07,D0448,V0258,H0085,4,2,4,0,0.8387271,0.8387271,FIM_SCENARIO_VALID,2,2,1184,2368,3.7525390625e-06
RECT_E04_A31,4,31,3,1;2;3;4;5,3;8;13;18;23,1,5,5,2080,325,2405,5,80,166400,33360,260,4.16801075827426e-06,7.64567869431359e-05,5.12006278986352e-06,4.539039351109e-06,D0190,V0114,H0085,5,2,4,0,0.8165108,0.8165108,FIM_SCENARIO_VALID,2,2,1184,2368,4.1833984375e-06
RECT_E05_A01,5,1,1;3,1,1;3,2,1,2,4160,130,4290,2,32,66560,33312,2145,0,0,0,0,D0001,V0001,H0001,2,2,3,0,0.7870815,0.7870815,SUBSET_FIM_RANK_LOSS,2,2,1184,2368,7.51171875e-06
RECT_E05_A02,5,2,1;3,2,6;8,2,1,2,4160,130,4290,2,32,66560,33312,2145,0,0,0,0,D0001,V0001,H0001,2,2,3,0,0.8001812,0.8001812,SUBSET_FIM_RANK_LOSS,2,2,1184,2368,7.51171875e-06
RECT_E05_A03,5,3,1;3,1;2,1;3;6;8,2,2,4,4160,260,4420,4,64,133120,33344,2275,0.000385464285668703,0.0716754445079814,0.00073513863025757,0.00045445501672558,D0280,V0270,H0041,4,2,4,0,0.769006,0.769006,FIM_SCENARIO_VALID,2,2,1184,2368,7.7720703125e-06
RECT_E05_A04,5,4,1;3,3,11;13,2,1,2,4160,130,4290,2,32,66560,33312,2145,0,0,0,0,D0001,V0001,H0001,2,2,3,0,0.6994327,0.6994327,SUBSET_FIM_RANK_LOSS,2,2,1184,2368,7.51171875e-06
RECT_E05_A05,5,5,1;3,1;3,1;3;11;13,2,2,4,4160,260,4420,4,64,133120,33344,2275,0.000261202197540006,0.0810119046196948,0.00078097701947389,0.000308521273424837,D0272,V0270,H0041,4,2,4,0,0.7514696,0.7514696,FIM_SCENARIO_VALID,2,2,1184,2368,7.7720703125e-06
RECT_E05_A06,5,6,1;3,2;3,6;8;11;13,2,2,4,4160,260,4420,4,64,133120,33344,2275,8.94828336002128e-05,0.135713662847998,6.71046424393586e-05,8.94829057474743e-05,D0189,V0266,H0085,4,2,4,0,0.7839504,0.7839504,FIM_SCENARIO_VALID,2,2,1184,2368,7.7720703125e-06
RECT_E05_A07,5,7,1;3,1;2;3,1;3;6;8;11;13,2,3,6,4160,390,4550,6,96,199680,33376,2405,0.00386346782887643,0.423351635979866,0.00614049191290148,0.00422390648520331,D0574,V0176,H0085,6,2,4,0,0.8170808,0.8170808,FIM_SCENARIO_VALID,2,2,1184,2368,7.419140625e-06
RECT_E05_A08,5,8,1;3,4,16;18,2,1,2,4160,130,4290,2,32,66560,33312,2145,0,0,0,0,D0001,V0001,H0001,2,2,3,0,0.8281082,0.8281082,SUBSET_FIM_RANK_LOSS,2,2,1184,2368,7.51171875e-06
RECT_E05_A09,5,9,1;3,1;4,1;3;16;18,2,2,4,4160,260,4420,4,64,133120,33344,2275,0.000127831840886662,0.087982176532218,8.62534244946317e-05,0.000129500942190152,D0318,V0270,H0085,4,2,4,0,0.7991685,0.7991685,FIM_SCENARIO_VALID,2,2,1184,2368,7.7720703125e-06
RECT_E05_A10,5,10,1;3,2;4,6;8;16;18,2,2,4,4160,260,4420,4,64,133120,33344,2275,1.51631537137793e-05,0.170362109241512,0.000514713640556101,1.53359926341377e-05,D0062,V0014,H0041,4,2,4,0,0.8381715,0.8381715,FIM_SCENARIO_VALID,2,2,1184,2368,7.7720703125e-06
RECT_E05_A11,5,11,1;3,1;2;4,1;3;6;8;16;18,2,3,6,4160,390,4550,6,96,199680,33376,2405,0.00436573253076371,0.39863511684266,0.00631603733938603,0.00477294693784811,D0574,V0176,H0085,6,2,4,0,0.8417178,0.8417178,FIM_SCENARIO_VALID,2,2,1184,2368,7.419140625e-06
RECT_E05_A12,5,12,1;3,3;4,11;13;16;18,2,2,4,4160,260,4420,4,64,133120,33344,2275,0.000123905987844974,0.134549035237737,0.000473756685199417,0.00012818095148574,D0574,V0014,H0041,4,2,4,0,0.9219313,0.9219313,FIM_SCENARIO_VALID,2,2,1184,2368,7.7720703125e-06
RECT_E05_A13,5,13,1;3,1;3;4,1;3;11;13;16;18,2,3,6,4160,390,4550,6,96,199680,33376,2405,0.00490130098673245,0.392943764995705,0.00639304569361637,0.00535845607091549,D0574,V0176,H0085,6,2,4,0,0.6281727,0.6281727,FIM_SCENARIO_VALID,2,2,1184,2368,7.419140625e-06
RECT_E05_A14,5,14,1;3,2;3;4,6;8;11;13;16;18,2,3,6,4160,390,4550,6,96,199680,33376,2405,0.00555616284692971,0.408970957472545,0.00640074995368172,0.00607427508802606,D0318,V0176,H0085,6,2,4,0,0.488843,0.488843,FIM_SCENARIO_VALID,2,2,1184,2368,7.419140625e-06
RECT_E05_A15,5,15,1;3,1;2;3;4,1;3;6;8;11;13;16;18,2,4,8,4160,520,4680,8,128,266240,33408,2535,0.00588511705111487,0.469602893101409,0.00641442802546301,0.00643388346151982,D0318,V0176,H0085,8,2,4,0,0.6961288,0.6961288,FIM_SCENARIO_VALID,2,2,1184,2368,7.384765625e-06
RECT_E05_A16,5,16,1;3,5,21;23,2,1,2,4160,130,4290,2,32,66560,33312,2145,0,0,0,0,D0001,V0001,H0001,2,2,3,0,0.7414391,0.7414391,SUBSET_FIM_RANK_LOSS,2,2,1184,2368,7.51171875e-06
RECT_E05_A17,5,17,1;3,1;5,1;3;21;23,2,2,4,4160,260,4420,4,64,133120,33344,2275,1.49967103300902e-05,0.0882818391633305,0.000245407213500204,1.63104079550773e-05,D0062,V0014,H0041,4,2,4,0,0.8168887,0.8168887,FIM_SCENARIO_VALID,2,2,1184,2368,7.7720703125e-06
RECT_E05_A18,5,18,1;3,2;5,6;8;21;23,2,2,4,4160,260,4420,4,64,133120,33344,2275,0.000153472658518502,0.0870062907375476,0.000260044349571271,0.000167760290091901,D0574,V0014,H0041,4,2,4,0,0.7838847,0.7838847,FIM_SCENARIO_VALID,2,2,1184,2368,7.7720703125e-06
RECT_E05_A19,5,19,1;3,1;2;5,1;3;6;8;21;23,2,3,6,4160,390,4550,6,96,199680,33376,2405,0.00485034785390847,0.366420322077722,0.00612503899060272,0.00530275187470185,D0574,V0176,H0085,6,2,4,0,0.809623,0.809623,FIM_SCENARIO_VALID,2,2,1184,2368,7.419140625e-06
RECT_E05_A20,5,20,1;3,3;5,11;13;21;23,2,2,4,4160,260,4420,4,64,133120,33344,2275,0.000262645033540891,0.0805473285573849,0.000374362184917783,0.000310238622437228,D0536,V0018,H0041,4,2,4,0,0.8073919,0.8073919,FIM_SCENARIO_VALID,2,2,1184,2368,7.7720703125e-06
RECT_E05_A21,5,21,1;3,1;3;5,1;3;11;13;21;23,2,3,6,4160,390,4550,6,96,199680,33376,2405,0.00522083250640868,0.373394219059112,0.00602908346245286,0.00570770568762356,D0318,V0176,H0085,6,2,4,0,0.8175748,0.8175748,FIM_SCENARIO_VALID,2,2,1184,2368,7.419140625e-06
RECT_E05_A22,5,22,1;3,2;3;5,6;8;11;13;21;23,2,3,6,4160,390,4550,6,96,199680,33376,2405,0.00485823585320668,0.394052239214921,0.00582205559277571,0.00531129504963485,D0318,V0212,H0085,6,2,4,0,0.8920241,0.8920241,FIM_SCENARIO_VALID,2,2,1184,2368,7.419140625e-06
RECT_E05_A23,5,23,1;3,1;2;3;5,1;3;6;8;11;13;21;23,2,4,8,4160,520,4680,8,128,266240,33408,2535,0.00594897765497797,0.471255225215914,0.0061918031326758,0.00647613531935082,D0062,V0176,H0085,8,2,4,0,0.8945129,0.8945129,FIM_SCENARIO_VALID,2,2,1184,2368,7.384765625e-06
RECT_E05_A24,5,24,1;3,4;5,16;18;21;23,2,2,4,4160,260,4420,4,64,133120,33344,2275,0.000391796885614324,0.0713871026453284,0.000537742837488602,0.000462041540562566,D0536,V0018,H0041,4,2,4,0,0.6799153,0.6799153,FIM_SCENARIO_VALID,2,2,1184,2368,7.7720703125e-06
RECT_E05_A25,5,25,1;3,1;4;5,1;3;16;18;21;23,2,3,6,4160,390,4550,6,96,199680,33376,2405,0.00481154956480395,0.367197216288944,0.00571915279094388,0.00526025585021805,D0318,V0212,H0085,6,2,4,0,0.7594733,0.7594733,FIM_SCENARIO_VALID,2,2,1184,2368,7.419140625e-06
RECT_E05_A26,5,26,1;3,2;4;5,6;8;16;18;21;23,2,3,6,4160,390,4550,6,96,199680,33376,2405,0.00432302987627583,0.399930165557084,0.00532342782347662,0.00472617399717911,D0318,V0212,H0085,6,2,4,0,0.7974731,0.7974731,FIM_SCENARIO_VALID,2,2,1184,2368,7.419140625e-06
RECT_E05_A27,5,27,1;3,1;2;4;5,1;3;6;8;16;18;21;23,2,4,8,4160,520,4680,8,128,266240,33408,2535,0.00579701680558449,0.472407558599241,0.00640528945087052,0.00631069357742292,D0062,V0176,H0085,8,2,4,0,0.7440402,0.7440402,FIM_SCENARIO_VALID,2,2,1184,2368,7.384765625e-06
RECT_E05_A28,5,28,1;3,3;4;5,11;13;16;18;21;23,2,3,6,4160,390,4550,6,96,199680,33376,2405,0.00382601142600726,0.425086641181569,0.00476755145859949,0.00418282034181871,D0318,V0212,H0085,6,2,4,0,0.8084544,0.8084544,FIM_SCENARIO_VALID,2,2,1184,2368,7.419140625e-06
RECT_E05_A29,5,29,1;3,1;3;4;5,1;3;11;13;16;18;21;23,2,4,8,4160,520,4680,8,128,266240,33408,2535,0.00595939083619622,0.471958410808327,0.00691796918391593,0.00648742922489332,D0062,V0176,H0085,8,2,4,0,0.8410231,0.8410231,FIM_SCENARIO_VALID,2,2,1184,2368,7.384765625e-06
RECT_E05_A30,5,30,1;3,2;3;4;5,6;8;11;13;16;18;21;23,2,4,8,4160,520,4680,8,128,266240,33408,2535,0.00593956043133867,0.471458270335379,0.00782921243555268,0.00649354943036957,D0574,V0176,H0085,8,2,4,0,0.8273398,0.8273398,FIM_SCENARIO_VALID,2,2,1184,2368,7.384765625e-06
RECT_E05_A31,5,31,1;3,1;2;3;4;5,1;3;6;8;11;13;16;18;21;23,2,5,10,4160,650,4810,10,160,332800,33440,2665,0.0132378898340431,0.481611333957068,0.0147105885505557,0.0144714207683473,D0318,V0176,H0085,10,2,4,0,0.8253739,0.8253739,FIM_SCENARIO_VALID,2,2,1184,2368,7.5923828125e-06
RECT_E06_A01,6,1,2;3,1,2;3,2,1,2,4160,130,4290,2,32,66560,33312,2145,0,0,0,0,D0001,V0001,H0001,2,2,3,0,0.8399099,0.8399099,SUBSET_FIM_RANK_LOSS,2,2,1184,2368,7.51171875e-06
RECT_E06_A02,6,2,2;3,2,7;8,2,1,2,4160,130,4290,2,32,66560,33312,2145,0,0,0,0,D0001,V0001,H0001,2,2,3,0,0.8189673,0.8189673,SUBSET_FIM_RANK_LOSS,2,2,1184,2368,7.51171875e-06
RECT_E06_A03,6,3,2;3,1;2,2;3;7;8,2,2,4,4160,260,4420,4,64,133120,33344,2275,0.000478939332253332,0.0761106219414726,0.000799293434604338,0.000564628612203217,D0280,V0270,H0041,4,2,4,0,0.8820348,0.8820348,FIM_SCENARIO_VALID,2,2,1184,2368,7.7720703125e-06
RECT_E06_A04,6,4,2;3,3,12;13,2,1,2,4160,130,4290,2,32,66560,33312,2145,0,0,0,0,D0001,V0001,H0001,2,2,3,0,0.7763421,0.7763421,SUBSET_FIM_RANK_LOSS,2,2,1184,2368,7.51171875e-06
RECT_E06_A05,6,5,2;3,1;3,2;3;12;13,2,2,4,4160,260,4420,4,64,133120,33344,2275,0.000324991297170897,0.0861503175651378,0.000836268496862948,0.000383846239894263,D0272,V0270,H0041,4,2,4,0,0.7578411,0.7578411,FIM_SCENARIO_VALID,2,2,1184,2368,7.7720703125e-06
RECT_E06_A06,6,6,2;3,2;3,7;8;12;13,2,2,4,4160,260,4420,4,64,133120,33344,2275,8.7746899719449e-05,0.144248148918751,7.03210274259922e-05,8.77469716949554e-05,D0189,V0266,H0085,4,2,4,0,0.7613503,0.7613503,FIM_SCENARIO_VALID,2,2,1184,2368,7.7720703125e-06
RECT_E06_A07,6,7,2;3,1;2;3,2;3;7;8;12;13,2,3,6,4160,390,4550,6,96,199680,33376,2405,0.00416972409848633,0.466469621780439,0.00627506670697495,0.0045551310671355,D0574,V0176,H0085,6,2,4,0,0.8252779,0.8252779,FIM_SCENARIO_VALID,2,2,1184,2368,7.419140625e-06
RECT_E06_A08,6,8,2;3,4,17;18,2,1,2,4160,130,4290,2,32,66560,33312,2145,0,0,0,0,D0001,V0001,H0001,2,2,3,0,0.7393798,0.7393798,SUBSET_FIM_RANK_LOSS,2,2,1184,2368,7.51171875e-06
RECT_E06_A09,6,9,2;3,1;4,2;3;17;18,2,2,4,4160,260,4420,4,64,133120,33344,2275,0.000126995384518211,0.0936457241595552,9.01222450613937e-05,0.000126995488269709,D0189,V0270,H0085,4,2,4,0,0.6665537,0.6665537,FIM_SCENARIO_VALID,2,2,1184,2368,7.7720703125e-06
RECT_E06_A10,6,10,2;3,2;4,7;8;17;18,2,2,4,4160,260,4420,4,64,133120,33344,2275,1.60750826003066e-05,0.181196897558452,0.000559585232876354,1.60750832092257e-05,D0061,V0014,H0041,4,2,4,0,0.8227027,0.8227027,FIM_SCENARIO_VALID,2,2,1184,2368,7.7720703125e-06
RECT_E06_A11,6,11,2;3,1;2;4,2;3;7;8;17;18,2,3,6,4160,390,4550,6,96,199680,33376,2405,0.00471164329937901,0.439080232255267,0.00645486164558747,0.00513937229766098,D0574,V0176,H0085,6,2,4,0,0.7872401,0.7872401,FIM_SCENARIO_VALID,2,2,1184,2368,7.419140625e-06
RECT_E06_A12,6,12,2;3,3;4,12;13;17;18,2,2,4,4160,260,4420,4,64,133120,33344,2275,0.000137155065748347,0.143051080303918,0.000532098440867225,0.000139346055199254,D0574,V0014,H0041,4,2,4,0,0.7952492,0.7952492,FIM_SCENARIO_VALID,2,2,1184,2368,7.7720703125e-06
RECT_E06_A13,6,13,2;3,1;3;4,2;3;12;13;17;18,2,3,6,4160,390,4550,6,96,199680,33376,2405,0.00528934350681441,0.432434468401698,0.00653398953683306,0.00576597234077479,D0446,V0176,H0085,6,2,4,0,0.7467534,0.7467534,FIM_SCENARIO_VALID,2,2,1184,2368,7.419140625e-06
RECT_E06_A14,6,14,2;3,2;3;4,7;8;12;13;17;18,2,3,6,4160,390,4550,6,96,199680,33376,2405,0.00599809640247076,0.44959077469336,0.00654287783854587,0.00655761688948546,D0318,V0176,H0085,6,2,4,0,0.5449863,0.5449863,FIM_SCENARIO_VALID,2,2,1184,2368,7.419140625e-06
RECT_E06_A15,6,15,2;3,1;2;3;4,2;3;7;8;12;13;17;18,2,4,8,4160,520,4680,8,128,266240,33408,2535,0.00635243549035139,0.516583082721328,0.00655644692881757,0.00694297573859222,D0318,V0176,H0085,8,2,4,0,0.6019682,0.6019682,FIM_SCENARIO_VALID,2,2,1184,2368,7.384765625e-06
RECT_E06_A16,6,16,2;3,5,22;23,2,1,2,4160,130,4290,2,32,66560,33312,2145,0,0,0,0,D0001,V0001,H0001,2,2,3,0,0.3415499,0.3415499,SUBSET_FIM_RANK_LOSS,2,2,1184,2368,7.51171875e-06
RECT_E06_A17,6,17,2;3,1;5,2;3;22;23,2,2,4,4160,260,4420,4,64,133120,33344,2275,1.61497834764951e-05,0.0939965433732377,0.000260043703123322,1.72218038757406e-05,D0062,V0014,H0041,4,2,4,0,0.3091336,0.3091336,FIM_SCENARIO_VALID,2,2,1184,2368,7.7720703125e-06
RECT_E06_A18,6,18,2;3,2;5,7;8;22;23,2,2,4,4160,260,4420,4,64,133120,33344,2275,0.000169151172885457,0.0926355735526536,0.000289864216435431,0.000181642652080053,D0574,V0014,H0041,4,2,4,0,0.3504335,0.3504335,FIM_SCENARIO_VALID,2,2,1184,2368,7.7720703125e-06
RECT_E06_A19,6,19,2;3,1;2;5,2;3;7;8;22;23,2,3,6,4160,390,4550,6,96,199680,33376,2405,0.0052348052084546,0.403317447052324,0.00626084203614151,0.005706476997952,D0446,V0176,H0085,6,2,4,0,0.3074494,0.3074494,FIM_SCENARIO_VALID,2,2,1184,2368,7.419140625e-06
RECT_E06_A20,6,20,2;3,3;5,12;13;22;23,2,2,4,4160,260,4420,4,64,133120,33344,2275,0.000326823047075479,0.085666234518851,0.000434652810099633,0.000386020670284419,D0536,V0014,H0041,4,2,4,0,0.3698102,0.3698102,FIM_SCENARIO_VALID,2,2,1184,2368,7.7720703125e-06
RECT_E06_A21,6,21,2;3,1;3;5,2;3;12;13;22;23,2,3,6,4160,390,4550,6,96,199680,33376,2405,0.00563641035319278,0.41042687520585,0.00616341102515786,0.00616056425486274,D0318,V0176,H0085,6,2,4,0,0.3291327,0.3291327,FIM_SCENARIO_VALID,2,2,1184,2368,7.419140625e-06
RECT_E06_A22,6,22,2;3,2;3;5,7;8;12;13;22;23,2,3,6,4160,390,4550,6,96,199680,33376,2405,0.00524575787090294,0.43347314073921,0.00595322687511214,0.00573542211805207,D0318,V0212,H0085,6,2,4,0,0.3596469,0.3596469,FIM_SCENARIO_VALID,2,2,1184,2368,7.419140625e-06
RECT_E06_A23,6,23,2;3,1;2;3;5,2;3;7;8;12;13;22;23,2,4,8,4160,520,4680,8,128,266240,33408,2535,0.00630421541411895,0.518481032260268,0.00632830439463441,0.00686388882421416,D0062,V0176,H0085,8,2,4,0,0.3110273,0.3110273,FIM_SCENARIO_VALID,2,2,1184,2368,7.384765625e-06
RECT_E06_A24,6,24,2;3,4;5,17;18;22;23,2,2,4,4160,260,4420,4,64,133120,33344,2275,0.000486155913115301,0.0758155505144607,0.000637034398370102,0.000573277926458993,D0536,V0018,H0041,4,2,4,0,0.3942766,0.3942766,FIM_SCENARIO_VALID,2,2,1184,2368,7.7720703125e-06
RECT_E06_A25,6,25,2;3,1;4;5,2;3;17;18;22;23,2,3,6,4160,390,4550,6,96,199680,33376,2405,0.00519511608305293,0.403995767258508,0.00584742858948168,0.00567909933163103,D0318,V0212,H0085,6,2,4,0,0.3336162,0.3336162,FIM_SCENARIO_VALID,2,2,1184,2368,7.419140625e-06
RECT_E06_A26,6,26,2;3,2;4;5,7;8;17;18;22;23,2,3,6,4160,390,4550,6,96,199680,33376,2405,0.00466864554096295,0.440323900992893,0.0054445970581683,0.0051044309915133,D0318,V0212,H0085,6,2,4,0,0.3462354,0.3462354,FIM_SCENARIO_VALID,2,2,1184,2368,7.419140625e-06
RECT_E06_A27,6,27,2;3,1;2;4;5,2;3;7;8;17;18;22;23,2,4,8,4160,520,4680,8,128,266240,33408,2535,0.00614241384781589,0.519823879691465,0.00654612714217584,0.0066877198740184,D0062,V0176,H0085,8,2,4,0,0.3227362,0.3227362,FIM_SCENARIO_VALID,2,2,1184,2368,7.384765625e-06
RECT_E06_A28,6,28,2;3,3;4;5,12;13;17;18;22;23,2,3,6,4160,390,4550,6,96,199680,33376,2405,0.00413218842553611,0.468207644394604,0.00487750837865714,0.00451600198985602,D0318,V0212,H0085,6,2,4,0,0.3345386,0.3345386,FIM_SCENARIO_VALID,2,2,1184,2368,7.419140625e-06
RECT_E06_A29,6,29,2;3,1;3;4;5,2;3;12;13;17;18;22;23,2,4,8,4160,520,4680,8,128,266240,33408,2535,0.0063135528792336,0.519393021571784,0.0070701856587492,0.00687403909107237,D0062,V0176,H0085,8,2,4,0,0.3329577,0.3329577,FIM_SCENARIO_VALID,2,2,1184,2368,7.384765625e-06
RECT_E06_A30,6,30,2;3,2;3;4;5,7;8;12;13;17;18;22;23,2,4,8,4160,520,4680,8,128,266240,33408,2535,0.0064143430775916,0.518860761721991,0.00800146039266863,0.00701310604559665,D0574,V0176,H0085,8,2,4,0,0.3334779,0.3334779,FIM_SCENARIO_VALID,2,2,1184,2368,7.384765625e-06
RECT_E06_A31,6,31,2;3,1;2;3;4;5,2;3;7;8;12;13;17;18;22;23,2,5,10,4160,650,4810,10,160,332800,33440,2665,0.0143070705030707,0.529242896218008,0.0150623037554831,0.0156409935863758,D0318,V0176,H0085,10,2,4,0,0.3320063,0.3320063,FIM_SCENARIO_VALID,2,2,1184,2368,7.5923828125e-06
RECT_E07_A01,7,1,1;2;3,1,1;2;3,3,1,3,6240,195,6435,3,48,99840,33328,4290,0,1.97441184545252e-09,4.83906136716213e-12,0,D0513,V0150,H0161,3,2,3,0,0.3116102,0.3116102,SUBSET_FIM_RANK_LOSS,2,2,1184,2368,1.05943359375e-05
RECT_E07_A02,7,2,1;2;3,2,6;7;8,3,1,3,6240,195,6435,3,48,99840,33328,4290,0,2.59054110210003e-08,3.20933625552151e-11,0,D0405,V0036,H0187,3,2,4,0,0.3369036,0.3369036,FIM_SCENARIO_VALID,2,2,1184,2368,1.05943359375e-05
RECT_E07_A03,7,3,1;2;3,1;2,1;2;3;6;7;8,3,2,6,6240,390,6630,6,96,199680,33376,4485,0.000962527859241708,0.0851566687561947,0.00184831060625781,0.00113487286836194,D0152,V0270,H0041,6,2,4,0,0.3184017,0.3184017,FIM_SCENARIO_VALID,2,2,1184,2368,1.1816015625e-05
RECT_E07_A04,7,4,1;2;3,3,11;12;13,3,1,3,6240,195,6435,3,48,99840,33328,4290,1.25884001559555e-09,0,7.50030288050127e-10,1.34797089483325e-09,D0070,V0132,H0215,3,2,4,0,0.3340191,0.3340191,FIM_SCENARIO_VALID,2,2,1184,2368,1.05943359375e-05
RECT_E07_A05,7,5,1;2;3,1;3,1;2;3;11;12;13,3,2,6,6240,390,6630,6,96,199680,33376,4485,0.00066021821143263,0.0950795733139634,0.0015302272930896,0.000779843450170427,D0144,V0270,H0041,6,2,4,0,0.3241774,0.3241774,FIM_SCENARIO_VALID,2,2,1184,2368,1.1816015625e-05
RECT_E07_A06,7,6,1;2;3,2;3,6;7;8;11;12;13,3,2,6,6240,390,6630,6,96,199680,33376,4485,0.000774427716158187,0.156302911027597,0.00155151637581951,0.000917340308902857,D0136,V0270,H0041,6,2,4,0,0.3587932,0.3587932,FIM_SCENARIO_VALID,2,2,1184,2368,1.1816015625e-05
RECT_E07_A07,7,7,1;2;3,1;2;3,1;2;3;6;7;8;11;12;13,3,3,9,6240,585,6825,9,144,299520,33424,4680,0.244860019668593,0.579349538758546,0.290514518703297,0.2972484966783,D0414,V0234,H0230,9,2,4,0,0.3565719,0.3565719,FIM_SCENARIO_VALID,2,2,1184,2368,1.254296875e-05
RECT_E07_A08,7,8,1;2;3,4,16;17;18,3,1,3,6240,195,6435,3,48,99840,33328,4290,5.05853663697628e-09,1.97453367198472e-09,1.99081176388558e-11,5.46044799672795e-09,D0510,V0270,H0244,3,2,4,0,0.3216099,0.3216099,FIM_SCENARIO_VALID,2,2,1184,2368,1.05943359375e-05
RECT_E07_A09,7,9,1;2;3,1;4,1;2;3;16;17;18,3,2,6,6240,390,6630,6,96,199680,33376,4485,0.000404431116619496,0.101866337746569,0.00109394408433439,0.00047884942389747,D0136,V0270,H0041,6,2,4,0,0.312318,0.312318,FIM_SCENARIO_VALID,2,2,1184,2368,1.1816015625e-05
RECT_E07_A10,7,10,1;2;3,2;4,6;7;8;16;17;18,3,2,6,6240,390,6630,6,96,199680,33376,4485,0.000757293136138916,0.194680595775247,0.00129020118729493,0.000899902990537813,D0152,V0014,H0041,6,2,4,0,0.3548264,0.3548264,FIM_SCENARIO_VALID,2,2,1184,2368,1.1816015625e-05
RECT_E07_A11,7,11,1;2;3,1;2;4,1;2;3;6;7;8;16;17;18,3,3,9,6240,585,6825,9,144,299520,33424,4680,0.282397559961215,0.569447389441307,0.325222363376417,0.342854989658954,D0414,V0234,H0230,9,2,4,0,0.3315906,0.3315906,FIM_SCENARIO_VALID,2,2,1184,2368,1.254296875e-05
RECT_E07_A12,7,12,1;2;3,3;4,11;12;13;16;17;18,3,2,6,6240,390,6630,6,96,199680,33376,4485,0.000777210968078204,0.154990342971919,0.00163531684378816,0.000920496523481107,D0400,V0014,H0041,6,2,4,0,0.3153696,0.3153696,FIM_SCENARIO_VALID,2,2,1184,2368,1.1816015625e-05
RECT_E07_A13,7,13,1;2;3,1;3;4,1;2;3;11;12;13;16;17;18,3,3,9,6240,585,6825,9,144,299520,33424,4680,0.319404226244105,0.569033474950018,0.358370636090696,0.387799441769701,D0414,V0234,H0230,9,2,4,0,0.324895,0.324895,FIM_SCENARIO_VALID,2,2,1184,2368,1.254296875e-05
RECT_E07_A14,7,14,1;2;3,2;3;4,6;7;8;11;12;13;16;17;18,3,3,9,6240,585,6825,9,144,299520,33424,4680,0.371161758870736,0.593769831190177,0.3897232439724,0.450433176158907,D0414,V0234,H0041,9,2,4,0,0.3184789,0.3184789,FIM_SCENARIO_VALID,2,2,1184,2368,1.254296875e-05
RECT_E07_A15,7,15,1;2;3,1;2;3;4,1;2;3;6;7;8;11;12;13;16;17;18,3,4,12,6240,780,7020,12,192,399360,33472,4875,0.418937086176043,0.663858425640559,0.421783587528708,0.490364802773743,D0152,V0054,H0041,12,2,4,0,0.4215925,0.4215925,FIM_SCENARIO_VALID,2,2,1184,2368,1.1918359375e-05
RECT_E07_A16,7,16,1;2;3,5,21;22;23,3,1,3,6240,195,6435,3,48,99840,33328,4290,3.22026859763216e-11,1.25208410803928e-09,6.55082131998661e-10,3.81882609188838e-11,D0142,V0192,H0197,3,2,4,0,0.3453348,0.3453348,FIM_SCENARIO_VALID,2,2,1184,2368,1.05943359375e-05
RECT_E07_A17,7,17,1;2;3,1;5,1;2;3;21;22;23,3,2,6,6240,390,6630,6,96,199680,33376,4485,0.000167820983735143,0.100893072479017,0.00053424237786532,0.000194587802061033,D0016,V0014,H0041,6,2,4,0,0.3884701,0.3884701,FIM_SCENARIO_VALID,2,2,1184,2368,1.1816015625e-05
RECT_E07_A18,7,18,1;2;3,2;5,6;7;8;21;22;23,3,2,6,6240,390,6630,6,96,199680,33376,4485,0.00040764825054439,0.100796928517381,0.00108933062746421,0.000482547118336903,D0400,V0014,H0041,6,2,4,0,0.3139062,0.3139062,FIM_SCENARIO_VALID,2,2,1184,2368,1.1816015625e-05
RECT_E07_A19,7,19,1;2;3,1;2;5,1;2;3;6;7;8;21;22;23,3,3,9,6240,585,6825,9,144,299520,33424,4680,0.318041007915987,0.542006323437898,0.355064462314049,0.386137988268014,D0414,V0234,H0230,9,2,4,0,0.393178,0.393178,FIM_SCENARIO_VALID,2,2,1184,2368,1.254296875e-05
RECT_E07_A20,7,20,1;2;3,3;5,11;12;13;21;22;23,3,2,6,6240,390,6630,6,96,199680,33376,4485,0.000662875915521716,0.0944159381673003,0.00182048934852118,0.000783119013716468,D0408,V0014,H0041,6,2,4,0,0.3031521,0.3031521,FIM_SCENARIO_VALID,2,2,1184,2368,1.1816015625e-05
RECT_E07_A21,7,21,1;2;3,1;3;5,1;2;3;11;12;13;21;22;23,3,3,9,6240,585,6825,9,144,299520,33424,4680,0.349015577220283,0.548308521866516,0.366603228131844,0.423599185257671,D0414,V0234,H0041,9,2,4,0,0.3195329,0.3195329,FIM_SCENARIO_VALID,2,2,1184,2368,1.254296875e-05
RECT_E07_A22,7,22,1;2;3,2;3;5,6;7;8;11;12;13;21;22;23,3,3,9,6240,585,6825,9,144,299520,33424,4680,0.319456557015402,0.56960585690185,0.340330812798641,0.388047935323919,D0158,V0054,H0041,9,2,4,0,0.3775936,0.3775936,FIM_SCENARIO_VALID,2,2,1184,2368,1.254296875e-05
RECT_E07_A23,7,23,1;2;3,1;2;3;5,1;2;3;6;7;8;11;12;13;21;22;23,3,4,12,6240,780,7020,12,192,399360,33472,4875,0.406928759289139,0.656971924490537,0.419882062648342,0.472908484391332,D0030,V0198,H0165,12,2,4,0,0.3499184,0.3499184,FIM_SCENARIO_VALID,2,2,1184,2368,1.1918359375e-05
RECT_E07_A24,7,24,1;2;3,4;5,16;17;18;21;22;23,3,2,6,6240,390,6630,6,96,199680,33376,4485,0.000970284606468496,0.08462051338436,0.00256647625241109,0.00114257491947599,D0416,V0018,H0041,6,2,4,0,0.3483702,0.3483702,FIM_SCENARIO_VALID,2,2,1184,2368,1.1816015625e-05
RECT_E07_A25,7,25,1;2;3,1;4;5,1;2;3;16;17;18;21;22;23,3,3,9,6240,585,6825,9,144,299520,33424,4680,0.318091187144597,0.542569683463267,0.337880285080653,0.386382305195487,D0158,V0054,H0041,9,2,4,0,0.3264409,0.3264409,FIM_SCENARIO_VALID,2,2,1184,2368,1.254296875e-05
RECT_E07_A26,7,26,1;2;3,2;4;5,6;7;8;16;17;18;21;22;23,3,3,9,6240,585,6825,9,144,299520,33424,4680,0.282455441250834,0.569893859351989,0.304829021398075,0.343089925672883,D0158,V0054,H0041,9,2,4,0,0.3268419,0.3268419,FIM_SCENARIO_VALID,2,2,1184,2368,1.254296875e-05
RECT_E07_A27,7,27,1;2;3,1;2;4;5,1;2;3;6;7;8;16;17;18;21;22;23,3,4,12,6240,780,7020,12,192,399360,33472,4875,0.401138986030551,0.653955704063256,0.417403958475277,0.465013154934148,D0008,V0198,H0144,12,2,4,0,0.324381,0.324381,FIM_SCENARIO_VALID,2,2,1184,2368,1.1918359375e-05
RECT_E07_A28,7,28,1;2;3,3;4;5,11;12;13;16;17;18;21;22;23,3,3,9,6240,585,6825,9,144,299520,33424,4680,0.244915435080819,0.579348031903764,0.268150194193471,0.297459076567708,D0158,V0054,H0041,9,2,4,0,0.3285968,0.3285968,FIM_SCENARIO_VALID,2,2,1184,2368,1.254296875e-05
RECT_E07_A29,7,29,1;2;3,1;3;4;5,1;2;3;11;12;13;16;17;18;21;22;23,3,4,12,6240,780,7020,12,192,399360,33472,4875,0.407156850385797,0.656742141137746,0.409222220176161,0.473088544338701,D0030,V0198,H0144,12,2,4,0,0.3243324,0.3243324,FIM_SCENARIO_VALID,2,2,1184,2368,1.1918359375e-05
RECT_E07_A30,7,30,1;2;3,2;3;4;5,6;7;8;11;12;13;16;17;18;21;22;23,3,4,12,6240,780,7020,12,192,399360,33472,4875,0.419244704729289,0.663798246642327,0.421868005125083,0.490602711118082,D0408,V0270,H0144,12,2,4,0,0.3165809,0.3165809,FIM_SCENARIO_VALID,2,2,1184,2368,1.1918359375e-05
RECT_E07_A31,7,31,1;2;3,1;2;3;4;5,1;2;3;6;7;8;11;12;13;16;17;18;21;22;23,3,5,15,6240,975,7215,15,240,499200,33520,5070,0.688866748355037,0.824725292588072,0.695692697655573,0.753096964262269,D0318,V0176,H0121,15,2,4,0,0.3437328,0.3437328,FIM_SCENARIO_VALID,2,2,1184,2368,1.2115625e-05
RECT_E08_A01,8,1,4,1,4,1,1,1,2080,65,2145,1,16,33280,33296,0,0,0,0,0,D0001,V0001,H0001,1,1,0,0,0.201975,0.201975,SUBSET_WHITENING_RANK_INSUFFICIENT,2,2,1184,2368,4.0345703125e-06
RECT_E08_A02,8,2,4,2,9,1,1,1,2080,65,2145,1,16,33280,33296,0,0,0,0,0,D0001,V0001,H0001,1,1,0,0,0.1803686,0.1803686,SUBSET_WHITENING_RANK_INSUFFICIENT,2,2,1184,2368,4.0345703125e-06
RECT_E08_A03,8,3,4,1;2,4;9,1,2,2,2080,130,2210,2,32,66560,33312,65,0,0,0,0,D0001,V0001,H0001,2,2,2,0,0.3061699,0.3061699,SUBSET_FIM_RANK_LOSS,2,2,1184,2368,4.0193359375e-06
RECT_E08_A04,8,4,4,3,14,1,1,1,2080,65,2145,1,16,33280,33296,0,0,0,0,0,D0001,V0001,H0001,1,1,0,0,0.1884019,0.1884019,SUBSET_WHITENING_RANK_INSUFFICIENT,2,2,1184,2368,4.0345703125e-06
RECT_E08_A05,8,5,4,1;3,4;14,1,2,2,2080,130,2210,2,32,66560,33312,65,0,0,0,0,D0001,V0001,H0001,2,2,3,0,0.3114413,0.3114413,SUBSET_FIM_RANK_LOSS,2,2,1184,2368,4.0193359375e-06
RECT_E08_A06,8,6,4,2;3,9;14,1,2,2,2080,130,2210,2,32,66560,33312,65,0,0,0,0,D0001,V0001,H0001,2,2,3,0,0.319295,0.319295,SUBSET_FIM_RANK_LOSS,2,2,1184,2368,4.0193359375e-06
RECT_E08_A07,8,7,4,1;2;3,4;9;14,1,3,3,2080,195,2275,3,48,99840,33328,130,1.88347915532246e-10,1.57479238306009e-05,6.79591976425223e-10,1.88347870222111e-10,D0191,V0270,H0085,3,2,4,0,0.2844334,0.2844334,FIM_SCENARIO_VALID,2,2,1184,2368,3.7171875e-06
RECT_E08_A08,8,8,4,4,19,1,1,1,2080,65,2145,1,16,33280,33296,0,0,0,0,0,D0001,V0001,H0001,1,1,0,0,0.1941036,0.1941036,SUBSET_WHITENING_RANK_INSUFFICIENT,2,2,1184,2368,4.0345703125e-06
RECT_E08_A09,8,9,4,1;4,4;19,1,2,2,2080,130,2210,2,32,66560,33312,65,0,0,0,0,D0001,V0001,H0001,2,2,3,0,0.3529094,0.3529094,SUBSET_FIM_RANK_LOSS,2,2,1184,2368,4.0193359375e-06
RECT_E08_A10,8,10,4,2;4,9;19,1,2,2,2080,130,2210,2,32,66560,33312,65,0,0,0,0,D0001,V0001,H0001,2,2,3,0,0.4133391,0.4133391,SUBSET_FIM_RANK_LOSS,2,2,1184,2368,4.0193359375e-06
RECT_E08_A11,8,11,4,1;2;4,4;9;19,1,3,3,2080,195,2275,3,48,99840,33328,130,1.75438523976082e-10,1.84250226456226e-05,5.32275605309877e-10,1.7543839885637e-10,D0191,V0270,H0085,3,2,4,0,0.3395053,0.3395053,FIM_SCENARIO_VALID,2,2,1184,2368,3.7171875e-06
RECT_E08_A12,8,12,4,3;4,14;19,1,2,2,2080,130,2210,2,32,66560,33312,65,0,0,0,0,D0001,V0001,H0001,2,2,3,0,0.3389212,0.3389212,SUBSET_FIM_RANK_LOSS,2,2,1184,2368,4.0193359375e-06
RECT_E08_A13,8,13,4,1;3;4,4;14;19,1,3,3,2080,195,2275,3,48,99840,33328,130,1.8054581563913e-10,2.10812986933623e-05,2.86854733136644e-11,1.80545840275039e-10,D0191,V0270,H0129,3,2,4,0,0.3154098,0.3154098,FIM_SCENARIO_VALID,2,2,1184,2368,3.7171875e-06
RECT_E08_A14,8,14,4,2;3;4,9;14;19,1,3,3,2080,195,2275,3,48,99840,33328,130,2.03568643973682e-10,2.468647222393e-05,6.16358465941115e-10,2.03568869994658e-10,D0191,V0018,H0085,3,2,4,0,0.404575,0.404575,FIM_SCENARIO_VALID,2,2,1184,2368,3.7171875e-06
RECT_E08_A15,8,15,4,1;2;3;4,4;9;14;19,1,4,4,2080,260,2340,4,64,133120,33344,195,3.3659027413681e-08,2.75826947650812e-05,5.25939229689637e-08,3.66522097947608e-08,D0190,V0084,H0085,4,2,4,0,0.3312329,0.3312329,FIM_SCENARIO_VALID,2,2,1184,2368,3.7525390625e-06
RECT_E08_A16,8,16,4,5,24,1,1,1,2080,65,2145,1,16,33280,33296,0,0,0,0,0,D0001,V0001,H0001,1,1,0,0,0.1784647,0.1784647,SUBSET_WHITENING_RANK_INSUFFICIENT,2,2,1184,2368,4.0345703125e-06
RECT_E08_A17,8,17,4,1;5,4;24,1,2,2,2080,130,2210,2,32,66560,33312,65,0,0,0,0,D0001,V0001,H0001,2,2,3,0,0.3201931,0.3201931,SUBSET_FIM_RANK_LOSS,2,2,1184,2368,4.0193359375e-06
RECT_E08_A18,8,18,4,2;5,9;24,1,2,2,2080,130,2210,2,32,66560,33312,65,0,0,0,0,D0001,V0001,H0001,2,2,3,0,0.3368096,0.3368096,SUBSET_FIM_RANK_LOSS,2,2,1184,2368,4.0193359375e-06
RECT_E08_A19,8,19,4,1;2;5,4;9;24,1,3,3,2080,195,2275,3,48,99840,33328,130,1.92938155590281e-10,2.09604522689118e-05,4.28046094049287e-10,1.92938185576982e-10,D0191,V0270,H0085,3,2,4,0,0.3041047,0.3041047,FIM_SCENARIO_VALID,2,2,1184,2368,3.7171875e-06
RECT_E08_A20,8,20,4,3;5,14;24,1,2,2,2080,130,2210,2,32,66560,33312,65,0,0,0,0,D0001,V0001,H0001,2,2,3,0,0.3009283,0.3009283,SUBSET_FIM_RANK_LOSS,2,2,1184,2368,4.0193359375e-06
RECT_E08_A21,8,21,4,1;3;5,4;14;24,1,3,3,2080,195,2275,3,48,99840,33328,130,2.02589090832029e-10,2.30459972623128e-05,0,2.02588969239768e-10,D0191,V0018,H0053,3,2,3,0,0.3183887,0.3183887,SUBSET_FIM_RANK_LOSS,2,2,1184,2368,3.7171875e-06
RECT_E08_A22,8,22,4,2;3;5,9;14;24,1,3,3,2080,195,2275,3,48,99840,33328,130,2.14197367262059e-10,2.0958243457423e-05,6.47125400724305e-10,2.14197392591836e-10,D0191,V0018,H0085,3,2,4,0,0.3492941,0.3492941,FIM_SCENARIO_VALID,2,2,1184,2368,3.7171875e-06
RECT_E08_A23,8,23,4,1;2;3;5,4;9;14;24,1,4,4,2080,260,2340,4,64,133120,33344,195,1.37129634320483e-07,2.5484491000988e-05,5.93258781658474e-08,1.48958193770554e-07,D0064,V0114,H0085,4,2,4,0,0.332258,0.332258,FIM_SCENARIO_VALID,2,2,1184,2368,3.7525390625e-06
RECT_E08_A24,8,24,4,4;5,19;24,1,2,2,2080,130,2210,2,32,66560,33312,65,0,0,0,0,D0001,V0001,H0001,2,2,3,0,0.3247421,0.3247421,SUBSET_FIM_RANK_LOSS,2,2,1184,2368,4.0193359375e-06
RECT_E08_A25,8,25,4,1;4;5,4;19;24,1,3,3,2080,195,2275,3,48,99840,33328,130,1.9570490652902e-10,2.08346517643525e-05,5.35137155468847e-10,1.95705114886982e-10,D0191,V0018,H0085,3,2,4,0,0.3156842,0.3156842,FIM_SCENARIO_VALID,2,2,1184,2368,3.7171875e-06
RECT_E08_A26,8,26,4,2;4;5,9;19;24,1,3,3,2080,195,2275,3,48,99840,33328,130,1.75241372215149e-10,1.83236782054766e-05,7.72487419084802e-10,1.75241111777207e-10,D0191,V0018,H0085,3,2,4,0,0.317007,0.317007,FIM_SCENARIO_VALID,2,2,1184,2368,3.7171875e-06
RECT_E08_A27,8,27,4,1;2;4;5,4;9;19;24,1,4,4,2080,260,2340,4,64,133120,33344,195,4.67775965276762e-08,2.48695063352516e-05,2.29659418678021e-07,5.08076584271943e-08,D0064,V0114,H0085,4,2,4,0,0.3150439,0.3150439,FIM_SCENARIO_VALID,2,2,1184,2368,3.7525390625e-06
RECT_E08_A28,8,28,4,3;4;5,14;19;24,1,3,3,2080,195,2275,3,48,99840,33328,130,1.0382030087987e-10,1.56657726997759e-05,2.0195914415712e-11,1.03820292707358e-10,D0191,V0018,H0028,3,2,4,0,0.3157373,0.3157373,FIM_SCENARIO_VALID,2,2,1184,2368,3.7171875e-06
RECT_E08_A29,8,29,4,1;3;4;5,4;14;19;24,1,4,4,2080,260,2340,4,64,133120,33344,195,1.22217246706859e-07,2.54413547240317e-05,5.12592539612985e-07,1.32761269877401e-07,D0064,V0114,H0085,4,2,4,0,0.3136769,0.3136769,FIM_SCENARIO_VALID,2,2,1184,2368,3.7525390625e-06
RECT_E08_A30,8,30,4,2;3;4;5,9;14;19;24,1,4,4,2080,260,2340,4,64,133120,33344,195,1.71555421344961e-07,2.7794282798136e-05,8.99660845197599e-07,1.8670224544693e-07,D0448,V0114,H0085,4,2,4,0,0.3139442,0.3139442,FIM_SCENARIO_VALID,2,2,1184,2368,3.7525390625e-06
RECT_E08_A31,8,31,4,1;2;3;4;5,4;9;14;19;24,1,5,5,2080,325,2405,5,80,166400,33360,260,3.46886975281747e-06,7.06455577016292e-05,4.727202689656e-06,3.77730656068191e-06,D0190,V0114,H0085,5,2,4,0,0.3025569,0.3025569,FIM_SCENARIO_VALID,2,2,1184,2368,4.1833984375e-06
RECT_E09_A01,9,1,1;4,1,1;4,2,1,2,4160,130,4290,2,32,66560,33312,2145,0,0,0,0,D0001,V0001,H0001,2,2,3,0,0.3445426,0.3445426,SUBSET_FIM_RANK_LOSS,2,2,1184,2368,7.51171875e-06
RECT_E09_A02,9,2,1;4,2,6;9,2,1,2,4160,130,4290,2,32,66560,33312,2145,0,0,0,0,D0001,V0001,H0001,2,2,4,0,0.3334233,0.3334233,FIM_SCENARIO_VALID,2,2,1184,2368,7.51171875e-06
RECT_E09_A03,9,3,1;4,1;2,1;4;6;9,2,2,4,4160,260,4420,4,64,133120,33344,2275,0.000453576415323685,0.0757659189770142,0.000787955388518626,0.000534734501139766,D0280,V0270,H0041,4,2,4,0,0.3272481,0.3272481,FIM_SCENARIO_VALID,2,2,1184,2368,7.7720703125e-06
RECT_E09_A04,9,4,1;4,3,11;14,2,1,2,4160,130,4290,2,32,66560,33312,2145,0,0,0,0,D0001,V0001,H0001,2,2,3,0,0.3299135,0.3299135,SUBSET_FIM_RANK_LOSS,2,2,1184,2368,7.51171875e-06
RECT_E09_A05,9,5,1;4,1;3,1;4;11;14,2,2,4,4160,260,4420,4,64,133120,33344,2275,0.000307731621029785,0.0857172226787271,0.000830520185213164,0.00036346482265151,D0272,V0270,H0041,4,2,4,0,0.3326215,0.3326215,FIM_SCENARIO_VALID,2,2,1184,2368,7.7720703125e-06
RECT_E09_A06,9,6,1;4,2;3,6;9;11;14,2,2,4,4160,260,4420,4,64,133120,33344,2275,8.76751498711189e-05,0.143493870977832,7.02367435280596e-05,8.76752217967817e-05,D0189,V0266,H0085,4,2,4,0,0.3459791,0.3459791,FIM_SCENARIO_VALID,2,2,1184,2368,7.7720703125e-06
RECT_E09_A07,9,7,1;4,1;2;3,1;4;6;9;11;14,2,3,6,4160,390,4550,6,96,199680,33376,2405,0.00416434492874992,0.458631667581913,0.00627577378362256,0.00454279455327457,D0574,V0176,H0085,6,2,4,0,0.3169205,0.3169205,FIM_SCENARIO_VALID,2,2,1184,2368,7.419140625e-06
RECT_E09_A08,9,8,1;4,4,16;19,2,1,2,4160,130,4290,2,32,66560,33312,2145,0,0,0,0,D0001,V0001,H0001,2,2,3,0,0.2903655,0.2903655,SUBSET_FIM_RANK_LOSS,2,2,1184,2368,7.51171875e-06
RECT_E09_A09,9,9,1;4,1;4,1;4;16;19,2,2,4,4160,260,4420,4,64,133120,33344,2275,0.000126944269706183,0.0931454089137012,9.00096298658549e-05,0.000126944373469029,D0189,V0270,H0085,4,2,4,0,0.3020197,0.3020197,FIM_SCENARIO_VALID,2,2,1184,2368,7.7720703125e-06
RECT_E09_A10,9,10,1;4,2;4,6;9;16;19,2,2,4,4160,260,4420,4,64,133120,33344,2275,1.60526877738444e-05,0.180224534590895,0.000556177541362018,1.60526884962286e-05,D0061,V0014,H0041,4,2,4,0,0.3172378,0.3172378,FIM_SCENARIO_VALID,2,2,1184,2368,7.7720703125e-06
RECT_E09_A11,9,11,1;4,1;2;4,1;4;6;9;16;19,2,3,6,4160,390,4550,6,96,199680,33376,2405,0.00470123585540681,0.431783930839611,0.00645563733698581,0.00512506651349862,D0446,V0176,H0085,6,2,4,0,0.328338,0.328338,FIM_SCENARIO_VALID,2,2,1184,2368,7.419140625e-06
RECT_E09_A12,9,12,1;4,3;4,11;14;16;19,2,2,4,4160,260,4420,4,64,133120,33344,2275,0.000136533895213338,0.142307328498338,0.000523056501600298,0.000138783331945088,D0574,V0014,H0041,4,2,4,0,0.3338937,0.3338937,FIM_SCENARIO_VALID,2,2,1184,2368,7.7720703125e-06
RECT_E09_A13,9,13,1;4,1;3;4,1;4;11;14;16;19,2,3,6,4160,390,4550,6,96,199680,33376,2405,0.00527498027992454,0.425534145403736,0.00653481650637249,0.0057502872061405,D0446,V0176,H0085,6,2,4,0,0.3241902,0.3241902,FIM_SCENARIO_VALID,2,2,1184,2368,7.419140625e-06
RECT_E09_A14,9,14,1;4,2;3;4,6;9;11;14;16;19,2,3,6,4160,390,4550,6,96,199680,33376,2405,0.00599083244586103,0.442753905805275,0.00654370613611768,0.00654039875621019,D0318,V0176,H0085,6,2,4,0,0.3233897,0.3233897,FIM_SCENARIO_VALID,2,2,1184,2368,7.419140625e-06
RECT_E09_A15,9,15,1;4,1;2;3;4,1;4;6;9;11;14;16;19,2,4,8,4160,520,4680,8,128,266240,33408,2535,0.00634484556671348,0.508551638265491,0.00655725522581042,0.00692480891570144,D0318,V0176,H0085,8,2,4,0,0.3306096,0.3306096,FIM_SCENARIO_VALID,2,2,1184,2368,7.384765625e-06
RECT_E09_A16,9,16,1;4,5,21;24,2,1,2,4160,130,4290,2,32,66560,33312,2145,0,0,0,0,D0001,V0001,H0001,2,2,3,0,0.3096086,0.3096086,SUBSET_FIM_RANK_LOSS,2,2,1184,2368,7.51171875e-06
RECT_E09_A17,9,17,1;4,1;5,1;4;21;24,2,2,4,4160,260,4420,4,64,133120,33344,2275,1.60559363121146e-05,0.0935036250252172,0.000261224417466702,1.7197597327961e-05,D0062,V0014,H0041,4,2,4,0,0.3192676,0.3192676,FIM_SCENARIO_VALID,2,2,1184,2368,7.7720703125e-06
RECT_E09_A18,9,18,1;4,2;5,6;9;21;24,2,2,4,4160,260,4420,4,64,133120,33344,2275,0.000168646576991043,0.0921433014335865,0.00028656473367316,0.000181095908147379,D0574,V0014,H0041,4,2,4,0,0.3371361,0.3371361,FIM_SCENARIO_VALID,2,2,1184,2368,7.7720703125e-06
RECT_E09_A19,9,19,1;4,1;2;5,1;4;6;9;21;24,2,3,6,4160,390,4550,6,96,199680,33376,2405,0.00522030638763661,0.396809977039645,0.00626168708055614,0.00569066013951006,D0446,V0176,H0085,6,2,4,0,0.328733,0.328733,FIM_SCENARIO_VALID,2,2,1184,2368,7.419140625e-06
RECT_E09_A20,9,20,1;4,3;5,11;14;21;24,2,2,4,4160,260,4420,4,64,133120,33344,2275,0.000309480740877522,0.0852388890582826,0.000422444000971242,0.000365540831328414,D0536,V0014,H0041,4,2,4,0,0.322722,0.322722,FIM_SCENARIO_VALID,2,2,1184,2368,7.7720703125e-06
RECT_E09_A21,9,21,1;4,1;3;5,1;4;11;14;21;24,2,3,6,4160,390,4550,6,96,199680,33376,2405,0.00562953841970701,0.404237133974565,0.00616419567846072,0.00614429550864904,D0318,V0176,H0085,6,2,4,0,0.3196945,0.3196945,FIM_SCENARIO_VALID,2,2,1184,2368,7.419140625e-06
RECT_E09_A22,9,22,1;4,2;3;5,6;9;11;14;21;24,2,3,6,4160,390,4550,6,96,199680,33376,2405,0.00523930099843683,0.426658234825785,0.00595399377139587,0.00572038978094962,D0318,V0212,H0085,6,2,4,0,0.3247037,0.3247037,FIM_SCENARIO_VALID,2,2,1184,2368,7.419140625e-06
RECT_E09_A23,9,23,1;4,1;2;3;5,1;4;6;9;11;14;21;24,2,4,8,4160,520,4680,8,128,266240,33408,2535,0.00629887210778162,0.510437356165773,0.00632910384869856,0.0068581848790187,D0062,V0176,H0085,8,2,4,0,0.338154,0.338154,FIM_SCENARIO_VALID,2,2,1184,2368,7.384765625e-06
RECT_E09_A24,9,24,1;4,4;5,16;19;21;24,2,2,4,4160,260,4420,4,64,133120,33344,2275,0.000460386320103066,0.0754768471399384,0.000613398244882359,0.00054289630821706,D0536,V0018,H0041,4,2,4,0,0.3349765,0.3349765,FIM_SCENARIO_VALID,2,2,1184,2368,7.7720703125e-06
RECT_E09_A25,9,25,1;4,1;4;5,1;4;16;19;21;24,2,3,6,4160,390,4550,6,96,199680,33376,2405,0.00518844701475224,0.397588789546013,0.00584804639655034,0.00566366716535359,D0318,V0212,H0085,6,2,4,0,0.3269517,0.3269517,FIM_SCENARIO_VALID,2,2,1184,2368,7.419140625e-06
RECT_E09_A26,9,26,1;4,2;4;5,6;9;16;19;21;24,2,3,6,4160,390,4550,6,96,199680,33376,2405,0.0046627219437766,0.433099389383168,0.00544528223863359,0.00509210756842364,D0318,V0212,H0085,6,2,4,0,0.3450464,0.3450464,FIM_SCENARIO_VALID,2,2,1184,2368,7.419140625e-06
RECT_E09_A27,9,27,1;4,1;2;4;5,1;4;6;9;16;19;21;24,2,4,8,4160,520,4680,8,128,266240,33408,2535,0.00613725725265626,0.511751870028575,0.0065468248486252,0.0066822178408094,D0062,V0176,H0085,8,2,4,0,0.3514487,0.3514487,FIM_SCENARIO_VALID,2,2,1184,2368,7.384765625e-06
RECT_E09_A28,9,28,1;4,3;4;5,11;14;16;19;21;24,2,3,6,4160,390,4550,6,96,199680,33376,2405,0.00412714732557996,0.46040945823372,0.00487827718459175,0.00450434591054007,D0318,V0212,H0085,6,2,4,0,0.3323326,0.3323326,FIM_SCENARIO_VALID,2,2,1184,2368,7.419140625e-06
RECT_E09_A29,9,29,1;4,1;3;4;5,1;4;11;14;16;19;21;24,2,4,8,4160,520,4680,8,128,266240,33408,2535,0.00630840238094957,0.51131172567664,0.00707078843902935,0.0068685493049973,D0062,V0176,H0085,8,2,4,0,0.3247496,0.3247496,FIM_SCENARIO_VALID,2,2,1184,2368,7.384765625e-06
RECT_E09_A30,9,30,1;4,2;3;4;5,6;9;11;14;16;19;21;24,2,4,8,4160,520,4680,8,128,266240,33408,2535,0.00640582166488359,0.510779971028778,0.00800201419742629,0.00700388299845581,D0574,V0176,H0085,8,2,4,0,0.3275431,0.3275431,FIM_SCENARIO_VALID,2,2,1184,2368,7.384765625e-06
RECT_E09_A31,9,31,1;4,1;2;3;4;5,1;4;6;9;11;14;16;19;21;24,2,5,10,4160,650,4810,10,160,332800,33440,2665,0.0142947283722197,0.521134537838405,0.015064588448432,0.0156276391052783,D0318,V0176,H0085,10,2,4,0,0.356056,0.356056,FIM_SCENARIO_VALID,2,2,1184,2368,7.5923828125e-06
RECT_E10_A01,10,1,2;4,1,2;4,2,1,2,4160,130,4290,2,32,66560,33312,2145,0,0,0,0,D0001,V0001,H0001,2,2,3,0,0.3251589,0.3251589,SUBSET_FIM_RANK_LOSS,2,2,1184,2368,7.51171875e-06
RECT_E10_A02,10,2,2;4,2,7;9,2,1,2,4160,130,4290,2,32,66560,33312,2145,0,0,0,0,D0001,V0001,H0001,2,2,3,0,0.3264065,0.3264065,SUBSET_FIM_RANK_LOSS,2,2,1184,2368,7.51171875e-06
RECT_E10_A03,10,3,2;4,1;2,2;4;7;9,2,2,4,4160,260,4420,4,64,133120,33344,2275,0.00054204591291336,0.0789913262743076,0.00083958244138213,0.000639000506329809,D0280,V0270,H0041,4,2,4,0,0.2897227,0.2897227,FIM_SCENARIO_VALID,2,2,1184,2368,7.7720703125e-06
RECT_E10_A04,10,4,2;4,3,12;14,2,1,2,4160,130,4290,2,32,66560,33312,2145,0,0,0,0,D0001,V0001,H0001,2,2,3,0,0.3120402,0.3120402,SUBSET_FIM_RANK_LOSS,2,2,1184,2368,7.51171875e-06
RECT_E10_A05,10,5,2;4,1;3,2;4;12;14,2,2,4,4160,260,4420,4,64,133120,33344,2275,0.00036826991779875,0.089541017776491,0.00087397877627622,0.000384879738096837,D0272,V0270,H0041,4,2,4,0,0.3165698,0.3165698,FIM_SCENARIO_VALID,2,2,1184,2368,7.7720703125e-06
RECT_E10_A06,10,6,2;4,2;3,7;9;12;14,2,2,4,4160,260,4420,4,64,133120,33344,2275,8.4499869132729e-05,0.149807522822171,7.20963720878043e-05,8.44999387807674e-05,D0189,V0266,H0085,4,2,4,0,0.3505784,0.3505784,FIM_SCENARIO_VALID,2,2,1184,2368,7.7720703125e-06
RECT_E10_A07,10,7,2;4,1;2;3,2;4;7;9;12;14,2,3,6,4160,390,4550,6,96,199680,33376,2405,0.00409010876522693,0.501015701254047,0.00628489328872479,0.00445546022966623,D0446,V0176,H0085,6,2,4,0,0.3136826,0.3136826,FIM_SCENARIO_VALID,2,2,1184,2368,7.419140625e-06
RECT_E10_A08,10,8,2;4,4,17;19,2,1,2,4160,130,4290,2,32,66560,33312,2145,0,0,0,0,D0001,V0001,H0001,2,2,3,0,0.3154869,0.3154869,SUBSET_FIM_RANK_LOSS,2,2,1184,2368,7.51171875e-06
RECT_E10_A09,10,9,2;4,1;4,2;4;17;19,2,2,4,4160,260,4420,4,64,133120,33344,2275,0.000122279296690147,0.0974124128571826,9.21268477605975e-05,0.000122279397357756,D0189,V0266,H0085,4,2,4,0,0.3227984,0.3227984,FIM_SCENARIO_VALID,2,2,1184,2368,7.7720703125e-06
RECT_E10_A10,10,10,2;4,2;4,7;9;17;19,2,2,4,4160,260,4420,4,64,133120,33344,2275,1.6349583250527e-05,0.188345875538167,0.000566427228491846,1.63495833483104e-05,D0061,V0014,H0085,4,2,4,0,0.3106706,0.3106706,FIM_SCENARIO_VALID,2,2,1184,2368,7.7720703125e-06
RECT_E10_A11,10,11,2;4,1;2;4,2;4;7;9;17;19,2,3,6,4160,390,4550,6,96,199680,33376,2405,0.00460984559979215,0.471415516777761,0.0064654250089037,0.00502144008615191,D0446,V0176,H0085,6,2,4,0,0.3544127,0.3544127,FIM_SCENARIO_VALID,2,2,1184,2368,7.419140625e-06
RECT_E10_A12,10,12,2;4,3;4,12;14;17;19,2,2,4,4160,260,4420,4,64,133120,33344,2275,0.000148494227635641,0.148627716963136,0.000575502412650685,0.000148494256955904,D0445,V0014,H0041,4,2,4,0,0.3263882,0.3263882,FIM_SCENARIO_VALID,2,2,1184,2368,7.7720703125e-06
RECT_E10_A13,10,13,2;4,1;3;4,2;4;12;14;17;19,2,3,6,4160,390,4550,6,96,199680,33376,2405,0.00517115014968739,0.463810326478589,0.00654523113339993,0.00563283538106989,D0446,V0176,H0085,6,2,4,0,0.3412423,0.3412423,FIM_SCENARIO_VALID,2,2,1184,2368,7.419140625e-06
RECT_E10_A14,10,14,2;4,2;3;4,7;9;12;14;17;19,2,3,6,4160,390,4550,6,96,199680,33376,2405,0.00588868833856523,0.481620555512148,0.00655526514685954,0.00641445622704996,D0190,V0176,H0085,6,2,4,0,0.3600129,0.3600129,FIM_SCENARIO_VALID,2,2,1184,2368,7.419140625e-06
RECT_E10_A15,10,15,2;4,1;2;3;4,2;4;7;9;12;14;17;19,2,4,8,4160,520,4680,8,128,266240,33408,2535,0.00623258446437611,0.553943017933051,0.00656832991342668,0.00678899408230021,D0190,V0176,H0085,8,2,4,0,0.3421023,0.3421023,FIM_SCENARIO_VALID,2,2,1184,2368,7.384765625e-06
RECT_E10_A16,10,16,2;4,5,22;24,2,1,2,4160,130,4290,2,32,66560,33312,2145,0,0,0,0,D0001,V0001,H0001,2,2,3,0,0.3423057,0.3423057,SUBSET_FIM_RANK_LOSS,2,2,1184,2368,7.51171875e-06
RECT_E10_A17,10,17,2;4,1;5,2;4;22;24,2,2,4,4160,260,4420,4,64,133120,33344,2275,1.69308142192163e-05,0.0978614834731874,0.00027363862132907,1.75075524029454e-05,D0062,V0014,H0041,4,2,4,0,0.3496657,0.3496657,FIM_SCENARIO_VALID,2,2,1184,2368,7.7720703125e-06
RECT_E10_A18,10,18,2;4,2;5,7;9;22;24,2,2,4,4160,260,4420,4,64,133120,33344,2275,0.000183091961212468,0.0964051888478091,0.000313883383749331,0.00019195260070383,D0574,V0014,H0041,4,2,4,0,0.3237516,0.3237516,FIM_SCENARIO_VALID,2,2,1184,2368,7.7720703125e-06
RECT_E10_A19,10,19,2;4,1;2;5,2;4;7;9;22;24,2,3,6,4160,390,4550,6,96,199680,33376,2405,0.00511798260014759,0.432670973979432,0.0062728423264784,0.00557492053509221,D0446,V0176,H0085,6,2,4,0,0.3599739,0.3599739,FIM_SCENARIO_VALID,2,2,1184,2368,7.419140625e-06
RECT_E10_A20,10,20,2;4,3;5,12;14;22;24,2,2,4,4160,260,4420,4,64,133120,33344,2275,0.000370403177091706,0.0890048719869734,0.00047776523066286,0.000411462148054898,D0536,V0014,H0041,4,2,4,0,0.3196463,0.3196463,FIM_SCENARIO_VALID,2,2,1184,2368,7.7720703125e-06
RECT_E10_A21,10,21,2;4,1;3;5,2;4;12;14;22;24,2,3,6,4160,390,4550,6,96,199680,33376,2405,0.00553391642572549,0.439588257014722,0.00617600420310473,0.00602809487176129,D0190,V0176,H0085,6,2,4,0,0.3411877,0.3411877,FIM_SCENARIO_VALID,2,2,1184,2368,7.419140625e-06
RECT_E10_A22,10,22,2;4,2;3;5,7;9;12;14;22;24,2,3,6,4160,390,4550,6,96,199680,33376,2405,0.00515332268362711,0.464780826145474,0.00596704333490663,0.00561351874249949,D0190,V0212,H0085,6,2,4,0,0.3726213,0.3726213,FIM_SCENARIO_VALID,2,2,1184,2368,7.419140625e-06
RECT_E10_A23,10,23,2;4,1;2;3;5,2;4;7;9;12;14;22;24,2,4,8,4160,520,4680,8,128,266240,33408,2535,0.00631562130950638,0.556019741065967,0.00633914330901982,0.00687941324711527,D0190,V0176,H0085,8,2,4,0,0.3713365,0.3713365,FIM_SCENARIO_VALID,2,2,1184,2368,7.384765625e-06
RECT_E10_A24,10,24,2;4,4;5,17;19;22;24,2,2,4,4160,260,4420,4,64,133120,33344,2275,0.000549448820185985,0.0787073823344774,0.000704137622959929,0.000647876850120316,D0536,V0018,H0041,4,2,4,0,0.3548302,0.3548302,FIM_SCENARIO_VALID,2,2,1184,2368,7.7720703125e-06
RECT_E10_A25,10,25,2;4,1;4;5,2;4;17;19;22;24,2,3,6,4160,390,4550,6,96,199680,33376,2405,0.0051019980118475,0.433269963506226,0.0058602998338449,0.00555761255892461,D0190,V0212,H0085,6,2,4,0,0.3478651,0.3478651,FIM_SCENARIO_VALID,2,2,1184,2368,7.419140625e-06
RECT_E10_A26,10,26,2;4,2;4;5,7;9;17;19;22;24,2,3,6,4160,390,4550,6,96,199680,33376,2405,0.00458794666687045,0.472601556718991,0.00545858432085133,0.00499764156563728,D0190,V0212,H0085,6,2,4,0,0.3672167,0.3672167,FIM_SCENARIO_VALID,2,2,1184,2368,7.419140625e-06
RECT_E10_A27,10,27,2;4,1;2;4;5,2;4;7;9;17;19;22;24,2,4,8,4160,520,4680,8,128,266240,33408,2535,0.00630921506606936,0.557514151459255,0.00655617023066284,0.00686478646465931,D0062,V0176,H0085,8,2,4,0,0.3389705,0.3389705,FIM_SCENARIO_VALID,2,2,1184,2368,7.384765625e-06
RECT_E10_A28,10,28,2;4,3;4;5,12;14;17;19;22;24,2,3,6,4160,390,4550,6,96,199680,33376,2405,0.00405863691296274,0.502726871566601,0.00489156036599577,0.00442108215766345,D0190,V0212,H0085,6,2,4,0,0.3459862,0.3459862,FIM_SCENARIO_VALID,2,2,1184,2368,7.419140625e-06
RECT_E10_A29,10,29,2;4,1;3;4;5,2;4;12;14;17;19;22;24,2,4,8,4160,520,4680,8,128,266240,33408,2535,0.00639721230080304,0.557102827705951,0.00708014997136792,0.00696839413598355,D0446,V0176,H0085,8,2,4,0,0.3327383,0.3327383,FIM_SCENARIO_VALID,2,2,1184,2368,7.384765625e-06
RECT_E10_A30,10,30,2;4,2;3;4;5,7;9;12;14;17;19;22;24,2,4,8,4160,520,4680,8,128,266240,33408,2535,0.00631080931803951,0.556540605371523,0.00801133233342709,0.00687422686705861,D0446,V0176,H0085,8,2,4,0,0.3774839,0.3774839,FIM_SCENARIO_VALID,2,2,1184,2368,7.384765625e-06
RECT_E10_A31,10,31,2;4,1;2;3;4;5,2;4;7;9;12;14;17;19;22;24,2,5,10,4160,650,4810,10,160,332800,33440,2665,0.0141233874525545,0.567150177273343,0.0150955616114752,0.0153822643563963,D0190,V0176,H0085,10,2,4,0,0.3483751,0.3483751,FIM_SCENARIO_VALID,2,2,1184,2368,7.5923828125e-06
RECT_E11_A01,11,1,1;2;4,1,1;2;4,3,1,3,6240,195,6435,3,48,99840,33328,4290,1.70340240075605e-11,1.98104005890495e-10,1.80202349552018e-10,2.00838387745062e-11,D0534,V0150,H0002,3,2,4,0,0.3480812,0.3480812,FIM_SCENARIO_VALID,2,2,1184,2368,1.05943359375e-05
RECT_E11_A02,11,2,1;2;4,2,6;7;9,3,1,3,6240,195,6435,3,48,99840,33328,4290,0,1.24707098505433e-08,0,0,D0520,V0036,H0081,3,2,4,0,0.3258574,0.3258574,FIM_SCENARIO_VALID,2,2,1184,2368,1.05943359375e-05
RECT_E11_A03,11,3,1;2;4,1;2,1;2;4;6;7;9,3,2,6,6240,390,6630,6,96,199680,33376,4485,0.00076278698923578,0.085685374469047,0.00161997379831086,0.000899337333132907,D0152,V0270,H0041,6,2,4,0,0.3135356,0.3135356,FIM_SCENARIO_VALID,2,2,1184,2368,1.1816015625e-05
RECT_E11_A04,11,4,1;2;4,3,11;12;14,3,1,3,6240,195,6435,3,48,99840,33328,4290,1.13352204854034e-10,1.23873371804724e-11,1.65970477972641e-10,1.21378682383045e-10,D0070,V0102,H0215,3,2,4,0,0.4250066,0.4250066,FIM_SCENARIO_VALID,2,2,1184,2368,1.05943359375e-05
RECT_E11_A05,11,5,1;2;4,1;3,1;2;4;11;12;14,3,2,6,6240,390,6630,6,96,199680,33376,4485,0.000523600412509309,0.0955248075240639,0.00138370596251983,0.00061846236970003,D0144,V0270,H0041,6,2,4,0,0.4346416,0.4346416,FIM_SCENARIO_VALID,2,2,1184,2368,1.1816015625e-05
RECT_E11_A06,11,6,1;2;4,2;3,6;7;9;11;12;14,3,2,6,6240,390,6630,6,96,199680,33376,4485,0.000613865724287217,0.156850906282571,0.0013855554530428,0.000727189500669956,D0136,V0270,H0041,6,2,4,0,0.417588,0.417588,FIM_SCENARIO_VALID,2,2,1184,2368,1.1816015625e-05
RECT_E11_A07,11,7,1;2;4,1;2;3,1;2;4;6;7;9;11;12;14,3,3,9,6240,585,6825,9,144,299520,33424,4680,0.244504717806203,0.57997511468132,0.28998315826301,0.29681720701455,D0414,V0234,H0230,9,2,4,0,0.4131847,0.4131847,FIM_SCENARIO_VALID,2,2,1184,2368,1.254296875e-05
RECT_E11_A08,11,8,1;2;4,4,16;17;19,3,1,3,6240,195,6435,3,48,99840,33328,4290,8.18021113352609e-09,2.79255572168217e-09,2.95986391399548e-10,8.82838415176223e-09,D0640,V0270,H0173,3,2,4,0,0.3750108,0.3750108,FIM_SCENARIO_VALID,2,2,1184,2368,1.05943359375e-05
RECT_E11_A09,11,9,1;2;4,1;4,1;2;4;16;17;19,3,2,6,6240,390,6630,6,96,199680,33376,4485,0.000320970988050987,0.102218468546488,0.00101321787836379,0.000380061327442952,D0136,V0270,H0041,6,2,4,0,0.3531546,0.3531546,FIM_SCENARIO_VALID,2,2,1184,2368,1.1816015625e-05
RECT_E11_A10,11,10,1;2;4,2;4,6;7;9;16;17;19,3,2,6,6240,390,6630,6,96,199680,33376,4485,0.000600242621776389,0.195190897542325,0.00112535298982722,0.000713391569979172,D0152,V0014,H0041,6,2,4,0,0.3158223,0.3158223,FIM_SCENARIO_VALID,2,2,1184,2368,1.1816015625e-05
RECT_E11_A11,11,11,1;2;4,1;2;4,1;2;4;6;7;9;16;17;19,3,3,9,6240,585,6825,9,144,299520,33424,4680,0.282069227589783,0.570179509413018,0.324685443956535,0.342456410726433,D0414,V0234,H0230,9,2,4,0,0.3194103,0.3194103,FIM_SCENARIO_VALID,2,2,1184,2368,1.254296875e-05
RECT_E11_A12,11,12,1;2;4,3;4,11;12;14;16;17;19,3,2,6,6240,390,6630,6,96,199680,33376,4485,0.000615750222353223,0.155478020290184,0.00137329094181428,0.00072928325825787,D0400,V0014,H0041,6,2,4,0,0.3353955,0.3353955,FIM_SCENARIO_VALID,2,2,1184,2368,1.1816015625e-05
RECT_E11_A13,11,13,1;2;4,1;3;4,1;2;4;11;12;14;16;17;19,3,3,9,6240,585,6825,9,144,299520,33424,4680,0.319096353750933,0.56974379295091,0.357840073456953,0.387425652030404,D0414,V0234,H0230,9,2,4,0,0.3042276,0.3042276,FIM_SCENARIO_VALID,2,2,1184,2368,1.254296875e-05
RECT_E11_A14,11,14,1;2;4,2;3;4,6;7;9;11;12;14;16;17;19,3,3,9,6240,585,6825,9,144,299520,33424,4680,0.370882021315004,0.594412502073154,0.389284870481539,0.450093756177409,D0414,V0234,H0041,9,2,4,0,0.3150707,0.3150707,FIM_SCENARIO_VALID,2,2,1184,2368,1.254296875e-05
RECT_E11_A15,11,15,1;2;4,1;2;3;4,1;2;4;6;7;9;11;12;14;16;17;19,3,4,12,6240,780,7020,12,192,399360,33472,4875,0.418782675150105,0.664275906220869,0.421336224325266,0.490066402015722,D0152,V0054,H0041,12,2,4,0,0.3156347,0.3156347,FIM_SCENARIO_VALID,2,2,1184,2368,1.1918359375e-05
RECT_E11_A16,11,16,1;2;4,5,21;22;24,3,1,3,6240,195,6435,3,48,99840,33328,4290,4.59484256591607e-12,4.05276772055025e-10,4.74066074117011e-10,5.41784083517258e-12,D0150,V0060,H0138,3,2,4,0,0.3614098,0.3614098,FIM_SCENARIO_VALID,2,2,1184,2368,1.05943359375e-05
RECT_E11_A17,11,17,1;2;4,1;5,1;2;4;21;22;24,3,2,6,6240,390,6630,6,96,199680,33376,4485,0.000137178499317826,0.101165636702806,0.000478486281385173,0.000159059132742246,D0016,V0014,H0041,6,2,4,0,0.3403376,0.3403376,FIM_SCENARIO_VALID,2,2,1184,2368,1.1816015625e-05
RECT_E11_A18,11,18,1;2;4,2;5,6;7;9;21;22;24,3,2,6,6240,390,6630,6,96,199680,33376,4485,0.000323168037007535,0.101110002272829,0.000901059208884984,0.000382555726679874,D0400,V0014,H0041,6,2,4,0,0.3169938,0.3169938,FIM_SCENARIO_VALID,2,2,1184,2368,1.1816015625e-05
RECT_E11_A19,11,19,1;2;4,1;2;5,1;2;4;6;7;9;21;22;24,3,3,9,6240,585,6825,9,144,299520,33424,4680,0.317736564758332,0.542753332254969,0.35452850634731,0.385768371198728,D0414,V0234,H0230,9,2,4,0,0.3371302,0.3371302,FIM_SCENARIO_VALID,2,2,1184,2368,1.254296875e-05
RECT_E11_A20,11,20,1;2;4,3;5,11;12;14;21;22;24,3,2,6,6240,390,6630,6,96,199680,33376,4485,0.000525514383291047,0.0947668453400334,0.00148393096173805,0.000620779969564361,D0408,V0014,H0041,6,2,4,0,0.3479533,0.3479533,FIM_SCENARIO_VALID,2,2,1184,2368,1.1816015625e-05
RECT_E11_A21,11,21,1;2;4,1;3;5,1;2;4;11;12;14;21;22;24,3,3,9,6240,585,6825,9,144,299520,33424,4680,0.348723559208402,0.548982315325849,0.366165964307702,0.423244735495727,D0414,V0234,H0041,9,2,4,0,0.3569771,0.3569771,FIM_SCENARIO_VALID,2,2,1184,2368,1.254296875e-05
RECT_E11_A22,11,22,1;2;4,2;3;5,6;7;9;11;12;14;21;22;24,3,3,9,6240,585,6825,9,144,299520,33424,4680,0.319146073576364,0.570299619896831,0.33990185347708,0.387670791284407,D0158,V0054,H0041,9,2,4,0,0.3376761,0.3376761,FIM_SCENARIO_VALID,2,2,1184,2368,1.254296875e-05
RECT_E11_A23,11,23,1;2;4,1;2;3;5,1;2;4;6;7;9;11;12;14;21;22;24,3,4,12,6240,780,7020,12,192,399360,33472,4875,0.406471303732251,0.658757905285351,0.419375551289327,0.472527524225779,D0030,V0198,H0165,12,2,4,0,0.3492008,0.3492008,FIM_SCENARIO_VALID,2,2,1184,2368,1.1918359375e-05
RECT_E11_A24,11,24,1;2;4,4;5,16;17;19;21;22;24,3,2,6,6240,390,6630,6,96,199680,33376,4485,0.000770668438874461,0.0851111206671397,0.00209206946803805,0.000907467601454718,D0408,V0018,H0041,6,2,4,0,0.3161415,0.3161415,FIM_SCENARIO_VALID,2,2,1184,2368,1.1816015625e-05
RECT_E11_A25,11,25,1;2;4,1;4;5,1;2;4;16;17;19;21;22;24,3,3,9,6240,585,6825,9,144,299520,33424,4680,0.317784312117154,0.543310214525969,0.337450197414556,0.386009578401376,D0158,V0054,H0041,9,2,4,0,0.3370693,0.3370693,FIM_SCENARIO_VALID,2,2,1184,2368,1.254296875e-05
RECT_E11_A26,11,26,1;2;4,2;4;5,6;7;9;16;17;19;21;22;24,3,3,9,6240,585,6825,9,144,299520,33424,4680,0.282124038901857,0.570590019206388,0.304414328257356,0.342687417325958,D0158,V0054,H0041,9,2,4,0,0.3145646,0.3145646,FIM_SCENARIO_VALID,2,2,1184,2368,1.254296875e-05
RECT_E11_A27,11,27,1;2;4,1;2;4;5,1;2;4;6;7;9;16;17;19;21;22;24,3,4,12,6240,780,7020,12,192,399360,33472,4875,0.400807885829531,0.655754684239044,0.416924188351918,0.464637592238184,D0008,V0198,H0144,12,2,4,0,0.3349541,0.3349541,FIM_SCENARIO_VALID,2,2,1184,2368,1.1918359375e-05
RECT_E11_A28,11,28,1;2;4,3;4;5,11;12;14;16;17;19;21;22;24,3,3,9,6240,585,6825,9,144,299520,33424,4680,0.244556672860531,0.5798956860731,0.267755806717087,0.297023370859129,D0158,V0054,H0041,9,2,4,0,0.3184849,0.3184849,FIM_SCENARIO_VALID,2,2,1184,2368,1.254296875e-05
RECT_E11_A29,11,29,1;2;4,1;3;4;5,1;2;4;11;12;14;16;17;19;21;22;24,3,4,12,6240,780,7020,12,192,399360,33472,4875,0.406699485340518,0.658529680449505,0.408761161970964,0.472708548195242,D0030,V0198,H0144,12,2,4,0,0.3463549,0.3463549,FIM_SCENARIO_VALID,2,2,1184,2368,1.1918359375e-05
RECT_E11_A30,11,30,1;2;4,2;3;4;5,6;7;9;11;12;14;16;17;19;21;22;24,3,4,12,6240,780,7020,12,192,399360,33472,4875,0.419090125514521,0.664175272283667,0.421414296253203,0.490304770085115,D0408,V0270,H0144,12,2,4,0,0.3204676,0.3204676,FIM_SCENARIO_VALID,2,2,1184,2368,1.1918359375e-05
RECT_E11_A31,11,31,1;2;4,1;2;3;4;5,1;2;4;6;7;9;11;12;14;16;17;19;21;22;24,3,5,15,6240,975,7215,15,240,499200,33520,5070,0.732072077319988,0.841464399821202,0.737676253782364,0.800348420241723,D0318,V0176,H0121,15,2,4,0,0.3380119,0.3380119,FIM_SCENARIO_VALID,2,2,1184,2368,1.2115625e-05
RECT_E12_A01,12,1,3;4,1,3;4,2,1,2,4160,130,4290,2,32,66560,33312,2145,0,0,0,0,D0001,V0001,H0001,2,2,3,0,0.2978526,0.2978526,SUBSET_FIM_RANK_LOSS,2,2,1184,2368,7.51171875e-06
RECT_E12_A02,12,2,3;4,2,8;9,2,1,2,4160,130,4290,2,32,66560,33312,2145,0,0,0,0,D0001,V0001,H0001,2,2,3,0,0.3122302,0.3122302,SUBSET_FIM_RANK_LOSS,2,2,1184,2368,7.51171875e-06
RECT_E12_A03,12,3,3;4,1;2,3;4;8;9,2,2,4,4160,260,4420,4,64,133120,33344,2275,0.000570070541008928,0.0804010810550296,0.000866407647842743,0.000672053767782881,D0152,V0270,H0041,4,2,4,0,0.3104143,0.3104143,FIM_SCENARIO_VALID,2,2,1184,2368,7.7720703125e-06
RECT_E12_A04,12,4,3;4,3,13;14,2,1,2,4160,130,4290,2,32,66560,33312,2145,0,0,0,0,D0001,V0001,H0001,2,2,3,0,0.2911678,0.2911678,SUBSET_FIM_RANK_LOSS,2,2,1184,2368,7.51171875e-06
RECT_E12_A05,12,5,3;4,1;3,3;4;13;14,2,2,4,4160,260,4420,4,64,133120,33344,2275,0.000367096287197603,0.0913164902948402,0.000897024604479576,0.000367096589676417,D0189,V0270,H0041,4,2,4,0,0.3217616,0.3217616,FIM_SCENARIO_VALID,2,2,1184,2368,7.7720703125e-06
RECT_E12_A06,12,6,3;4,2;3,8;9;13;14,2,2,4,4160,260,4420,4,64,133120,33344,2275,8.01575866919194e-05,0.152659195066316,7.23704464177801e-05,8.01576528112352e-05,D0189,V0266,H0085,4,2,4,0,0.3217616,0.3217616,FIM_SCENARIO_VALID,2,2,1184,2368,7.7720703125e-06
RECT_E12_A07,12,7,3;4,1;2;3,3;4;8;9;13;14,2,3,6,4160,390,4550,6,96,199680,33376,2405,0.00394210070103522,0.526974607951047,0.00619576621079398,0.00429349083821431,D0446,V0032,H0085,6,2,4,0,0.3259269,0.3259269,FIM_SCENARIO_VALID,2,2,1184,2368,7.419140625e-06
RECT_E12_A08,12,8,3;4,4,18;19,2,1,2,4160,130,4290,2,32,66560,33312,2145,0,0,0,0,D0001,V0001,H0001,2,2,3,0,0.3307073,0.3307073,SUBSET_FIM_RANK_LOSS,2,2,1184,2368,7.51171875e-06
RECT_E12_A09,12,9,3;4,1;4,3;4;18;19,2,2,4,4160,260,4420,4,64,133120,33344,2275,0.000115910678167316,0.0994335372958134,9.2231802399736e-05,0.00011591077377515,D0189,V0266,H0085,4,2,4,0,0.3189055,0.3189055,FIM_SCENARIO_VALID,2,2,1184,2368,7.7720703125e-06
RECT_E12_A10,12,10,3;4,2;4,8;9;18;19,2,2,4,4160,260,4420,4,64,133120,33344,2275,1.60996246673632e-05,0.192162443621788,0.000561199895240557,1.60996252046639e-05,D0061,V0014,H0085,4,2,4,0,0.3298107,0.3298107,FIM_SCENARIO_VALID,2,2,1184,2368,7.7720703125e-06
RECT_E12_A11,12,11,3;4,1;2;4,3;4;8;9;18;19,2,3,6,4160,390,4550,6,96,199680,33376,2405,0.00444152249760751,0.501014427705107,0.00637401644685506,0.00483736214045925,D0446,V0176,H0085,6,2,4,0,0.2893032,0.2893032,FIM_SCENARIO_VALID,2,2,1184,2368,7.419140625e-06
RECT_E12_A12,12,12,3;4,3;4,13;14;18;19,2,2,4,4160,260,4420,4,64,133120,33344,2275,0.000144462967865089,0.15153358434243,0.00061151597454331,0.000144463067005726,D0445,V0014,H0041,4,2,4,0,0.3054134,0.3054134,FIM_SCENARIO_VALID,2,2,1184,2368,7.7720703125e-06
RECT_E12_A13,12,13,3;4,1;3;4,3;4;13;14;18;19,2,3,6,4160,390,4550,6,96,199680,33376,2405,0.00498209054687407,0.491832503954634,0.00645306957292279,0.00542610730679805,D0446,V0176,H0085,6,2,4,0,0.3491033,0.3491033,FIM_SCENARIO_VALID,2,2,1184,2368,7.419140625e-06
RECT_E12_A14,12,14,3;4,2;3;4,8;9;13;14;18;19,2,3,6,4160,390,4550,6,96,199680,33376,2405,0.00567710609400446,0.509362549824266,0.00646391619005523,0.00618297334983157,D0190,V0176,H0085,6,2,4,0,0.3050316,0.3050316,FIM_SCENARIO_VALID,2,2,1184,2368,7.419140625e-06
RECT_E12_A15,12,15,3;4,1;2;3;4,3;4;8;9;13;14;18;19,2,4,8,4160,520,4680,8,128,266240,33408,2535,0.00600720174883515,0.586907962380189,0.00647633515246282,0.00654245515200978,D0190,V0176,H0085,8,2,4,0,0.3289924,0.3289924,FIM_SCENARIO_VALID,2,2,1184,2368,7.384765625e-06
RECT_E12_A16,12,16,3;4,5,23;24,2,1,2,4160,130,4290,2,32,66560,33312,2145,0,0,0,0,D0001,V0001,H0001,2,2,3,0,0.3486993,0.3486993,SUBSET_FIM_RANK_LOSS,2,2,1184,2368,7.51171875e-06
RECT_E12_A17,12,17,3;4,1;5,3;4;23;24,2,2,4,4160,260,4420,4,64,133120,33344,2275,1.72510556192073e-05,0.100038322272329,0.00028286800901989,1.7251056119211e-05,D0061,V0014,H0041,4,2,4,0,0.329659,0.329659,FIM_SCENARIO_VALID,2,2,1184,2368,7.7720703125e-06
RECT_E12_A18,12,18,3;4,2;5,8;9;23;24,2,2,4,4160,260,4420,4,64,133120,33344,2275,0.000186461102007181,0.0984808943588997,0.000333970022653865,0.00018646125085947,D0445,V0014,H0041,4,2,4,0,0.3444466,0.3444466,FIM_SCENARIO_VALID,2,2,1184,2368,7.7720703125e-06
RECT_E12_A19,12,19,3;4,1;2;5,3;4;8;9;23;24,2,3,6,4160,390,4550,6,96,199680,33376,2405,0.00493126077211722,0.459085874498581,0.00618554959225455,0.0053707475252993,D0446,V0176,H0085,6,2,4,0,0.3637289,0.3637289,FIM_SCENARIO_VALID,2,2,1184,2368,7.419140625e-06
RECT_E12_A20,12,20,3;4,3;5,13;14;23;24,2,2,4,4160,260,4420,4,64,133120,33344,2275,0.000386008162578961,0.090727724289601,0.000515763785836682,0.00038600847832399,D0445,V0014,H0041,4,2,4,0,0.3682181,0.3682181,FIM_SCENARIO_VALID,2,2,1184,2368,7.7720703125e-06
RECT_E12_A21,12,21,3;4,1;3;5,3;4;13;14;23;24,2,3,6,4160,390,4550,6,96,199680,33376,2405,0.00533623395837774,0.464772553720756,0.00609074344272894,0.00581177341134595,D0190,V0176,H0085,6,2,4,0,0.3278588,0.3278588,FIM_SCENARIO_VALID,2,2,1184,2368,7.419140625e-06
RECT_E12_A22,12,22,3;4,2;3;5,8;9;13;14;23;24,2,3,6,4160,390,4550,6,96,199680,33376,2405,0.00497022516214809,0.492570960207682,0.0058861513646417,0.00541314527363222,D0190,V0212,H0085,6,2,4,0,0.3558949,0.3558949,FIM_SCENARIO_VALID,2,2,1184,2368,7.419140625e-06
RECT_E12_A23,12,23,3;4,1;2;3;5,3;4;8;9;13;14;23;24,2,4,8,4160,520,4680,8,128,266240,33408,2535,0.00608740949224413,0.589066071197519,0.00624985756915696,0.0066297942762033,D0190,V0176,H0085,8,2,4,0,0.3047646,0.3047646,FIM_SCENARIO_VALID,2,2,1184,2368,7.384765625e-06
RECT_E12_A24,12,24,3;4,4;5,18;19;23;24,2,2,4,4160,260,4420,4,64,133120,33344,2275,0.000575564321559687,0.0801228064867449,0.000764132403068135,0.000678642285852477,D0408,V0014,H0041,4,2,4,0,0.3417546,0.3417546,FIM_SCENARIO_VALID,2,2,1184,2368,7.7720703125e-06
RECT_E12_A25,12,25,3;4,1;4;5,3;4;18;19;23;24,2,3,6,4160,390,4550,6,96,199680,33376,2405,0.0049204208034846,0.459441604096414,0.00578027805407586,0.00535890341196163,D0190,V0212,H0085,6,2,4,0,0.30974,0.30974,FIM_SCENARIO_VALID,2,2,1184,2368,7.419140625e-06
RECT_E12_A26,12,26,3;4,2;4;5,8;9;18;19;23;24,2,3,6,4160,390,4550,6,96,199680,33376,2405,0.00442559552759641,0.501990695413326,0.00538584974209512,0.00481997228823659,D0190,V0212,H0085,6,2,4,0,0.365652,0.365652,FIM_SCENARIO_VALID,2,2,1184,2368,7.419140625e-06
RECT_E12_A27,12,27,3;4,1;2;4;5,3;4;8;9;18;19;23;24,2,4,8,4160,520,4680,8,128,266240,33408,2535,0.00619593894670363,0.590686955174442,0.00646309827140899,0.00673623530383277,D0062,V0176,H0085,8,2,4,0,0.326049,0.326049,FIM_SCENARIO_VALID,2,2,1184,2368,7.384765625e-06
RECT_E12_A28,12,28,3;4,3;4;5,13;14;18;19;23;24,2,3,6,4160,390,4550,6,96,199680,33376,2405,0.00391572359674062,0.52704522224294,0.00482783197615924,0.00426468425039868,D0190,V0252,H0085,6,2,4,0,0.3419237,0.3419237,FIM_SCENARIO_VALID,2,2,1184,2368,7.419140625e-06
RECT_E12_A29,12,29,3;4,1;3;4;5,3;4;13;14;18;19;23;24,2,4,8,4160,520,4680,8,128,266240,33408,2535,0.00616853412867113,0.59030746158421,0.0069792606068255,0.00671823093668231,D0446,V0176,H0085,8,2,4,0,0.3340877,0.3340877,FIM_SCENARIO_VALID,2,2,1184,2368,7.384765625e-06
RECT_E12_A30,12,30,3;4,2;3;4;5,8;9;13;14;18;19;23;24,2,4,8,4160,520,4680,8,128,266240,33408,2535,0.00608297527361124,0.589507981855202,0.00789626405793751,0.00662504480460339,D0446,V0216,H0085,8,2,4,0,0.3318523,0.3318523,FIM_SCENARIO_VALID,2,2,1184,2368,7.384765625e-06
RECT_E12_A31,12,31,3;4,1;2;3;4;5,3;4;8;9;13;14;18;19;23;24,2,5,10,4160,650,4810,10,160,332800,33440,2665,0.0136167554749986,0.592333911451564,0.0148950377007772,0.0148290193536022,D0190,V0103,H0085,10,2,4,0,0.3507795,0.3507795,FIM_SCENARIO_VALID,2,2,1184,2368,7.5923828125e-06
RECT_E13_A01,13,1,1;3;4,1,1;3;4,3,1,3,6240,195,6435,3,48,99840,33328,4290,1.82260057089301e-11,6.56854321963818e-11,5.83219594326388e-10,2.11742170857531e-11,D0032,V0102,H0197,3,2,4,0,0.303735,0.303735,FIM_SCENARIO_VALID,2,2,1184,2368,1.05943359375e-05
RECT_E13_A02,13,2,1;3;4,2,6;8;9,3,1,3,6240,195,6435,3,48,99840,33328,4290,0,3.75264447981368e-09,4.13635814572149e-12,0,D0513,V0036,H0063,3,2,3,0,0.3490513,0.3490513,SUBSET_FIM_RANK_LOSS,2,2,1184,2368,1.05943359375e-05
RECT_E13_A03,13,3,1;3;4,1;2,1;3;4;6;8;9,3,2,6,6240,390,6630,6,96,199680,33376,4485,0.00063936181724811,0.0861907388568678,0.00141489075779701,0.000753788328682081,D0152,V0270,H0041,6,2,4,0,0.3386637,0.3386637,FIM_SCENARIO_VALID,2,2,1184,2368,1.1816015625e-05
RECT_E13_A04,13,4,1;3;4,3,11;13;14,3,1,3,6240,195,6435,3,48,99840,33328,4290,5.18933595473307e-11,0,0,5.55713560956589e-11,D0104,V0168,H0215,3,2,4,0,0.3576572,0.3576572,FIM_SCENARIO_VALID,2,2,1184,2368,1.05943359375e-05
RECT_E13_A05,13,5,1;3;4,1;3,1;3;4;11;13;14,3,2,6,6240,390,6630,6,96,199680,33376,4485,0.000439053248291531,0.095898498489915,0.00125020972975906,0.000518586157720168,D0144,V0270,H0041,6,2,4,0,0.3455803,0.3455803,FIM_SCENARIO_VALID,2,2,1184,2368,1.1816015625e-05
RECT_E13_A06,13,6,1;3;4,2;3,6;8;9;11;13;14,3,2,6,6240,390,6630,6,96,199680,33376,4485,0.000514595180361073,0.157259278071028,0.00123460051187061,0.000609615373849925,D0136,V0270,H0041,6,2,4,0,0.3509132,0.3509132,FIM_SCENARIO_VALID,2,2,1184,2368,1.1816015625e-05
RECT_E13_A07,13,7,1;3;4,1;2;3,1;3;4;6;8;9;11;13;14,3,3,9,6240,585,6825,9,144,299520,33424,4680,0.244476222041736,0.580149787852535,0.289749066546353,0.296782648099224,D0414,V0234,H0230,9,2,4,0,0.3408528,0.3408528,FIM_SCENARIO_VALID,2,2,1184,2368,1.254296875e-05
RECT_E13_A08,13,8,1;3;4,4,16;18;19,3,1,3,6240,195,6435,3,48,99840,33328,4290,2.082190884514e-11,2.51306280353842e-10,4.65735124183432e-12,2.24706201660416e-11,D0640,V0288,H0255,3,2,4,0,0.3213241,0.3213241,FIM_SCENARIO_VALID,2,2,1184,2368,1.05943359375e-05
RECT_E13_A09,13,9,1;3;4,1;4,1;3;4;16;18;19,3,2,6,6240,390,6630,6,96,199680,33376,4485,0.000269051144095106,0.102456868238532,0.000937852731317792,0.000318601221961504,D0136,V0270,H0041,6,2,4,0,0.3429856,0.3429856,FIM_SCENARIO_VALID,2,2,1184,2368,1.1816015625e-05
RECT_E13_A10,13,10,1;3;4,2;4,6;8;9;16;18;19,3,2,6,6240,390,6630,6,96,199680,33376,4485,0.000503207986882433,0.195505594333153,0.0009770173621795,0.000598138727138178,D0152,V0014,H0041,6,2,4,0,0.3121453,0.3121453,FIM_SCENARIO_VALID,2,2,1184,2368,1.1816015625e-05
RECT_E13_A11,13,11,1;3;4,1;2;4,1;3;4;6;8;9;16;18;19,3,3,9,6240,585,6825,9,144,299520,33424,4680,0.282077784069159,0.570474716487749,0.324471632746392,0.342466847981603,D0414,V0234,H0230,9,2,4,0,0.3342227,0.3342227,FIM_SCENARIO_VALID,2,2,1184,2368,1.254296875e-05
RECT_E13_A12,13,12,1;3;4,3;4,11;13;14;16;18;19,3,2,6,6240,390,6630,6,96,199680,33376,4485,0.000515784062805162,0.155841385521044,0.0011417492235045,0.000610882407977787,D0400,V0014,H0041,6,2,4,0,0.3331354,0.3331354,FIM_SCENARIO_VALID,2,2,1184,2368,1.1816015625e-05
RECT_E13_A13,13,13,1;3;4,1;3;4,1;3;4;11;13;14;16;18;19,3,3,9,6240,585,6825,9,144,299520,33424,4680,0.319136607951669,0.570061656259358,0.357655396387531,0.387474543870507,D0414,V0234,H0230,9,2,4,0,0.3187431,0.3187431,FIM_SCENARIO_VALID,2,2,1184,2368,1.254296875e-05
RECT_E13_A14,13,14,1;3;4,2;3;4,6;8;9;11;13;14;16;18;19,3,3,9,6240,585,6825,9,144,299520,33424,4680,0.370965199709898,0.59469622134292,0.389261623167729,0.450194757342418,D0414,V0234,H0041,9,2,4,0,0.3371649,0.3371649,FIM_SCENARIO_VALID,2,2,1184,2368,1.254296875e-05
RECT_E13_A15,13,15,1;3;4,1;2;3;4,1;3;4;6;8;9;11;13;14;16;18;19,3,4,12,6240,780,7020,12,192,399360,33472,4875,0.41895202798711,0.66440887304649,0.421334350615147,0.490215028380262,D0152,V0054,H0041,12,2,4,0,0.3728071,0.3728071,FIM_SCENARIO_VALID,2,2,1184,2368,1.1918359375e-05
RECT_E13_A16,13,16,1;3;4,5,21;23;24,3,1,3,6240,195,6435,3,48,99840,33328,4290,1.90414952884443e-10,1.08003449215957e-10,4.64916044672615e-11,2.26401921910978e-10,D0280,V0060,H0163,3,2,4,0,0.3243198,0.3243198,FIM_SCENARIO_VALID,2,2,1184,2368,1.05943359375e-05
RECT_E13_A17,13,17,1;3;4,1;5,1;3;4;21;23;24,3,2,6,6240,390,6630,6,96,199680,33376,4485,0.000112811681722306,0.101283055427111,0.000426116782844087,0.000130806231637988,D0016,V0014,H0041,6,2,4,0,0.3298122,0.3298122,FIM_SCENARIO_VALID,2,2,1184,2368,1.1816015625e-05
RECT_E13_A18,13,18,1;3;4,2;5,6;8;9;21;23;24,3,2,6,6240,390,6630,6,96,199680,33376,4485,0.000270464365341225,0.101314526088044,0.000733041059477714,0.000320169852525029,D0400,V0014,H0041,6,2,4,0,0.3424261,0.3424261,FIM_SCENARIO_VALID,2,2,1184,2368,1.1816015625e-05
RECT_E13_A19,13,19,1;3;4,1;2;5,1;3;4;6;8;9;21;23;24,3,3,9,6240,585,6825,9,144,299520,33424,4680,0.317779468333586,0.543125057350793,0.354344331637462,0.38582049397929,D0414,V0234,H0230,9,2,4,0,0.3349394,0.3349394,FIM_SCENARIO_VALID,2,2,1184,2368,1.254296875e-05
RECT_E13_A20,13,20,1;3;4,3;5,11;13;14;21;23;24,3,2,6,6240,390,6630,6,96,199680,33376,4485,0.000440766766577281,0.0950697347563766,0.00118809171717016,0.000520615622159106,D0408,V0014,H0041,6,2,4,0,0.3336055,0.3336055,FIM_SCENARIO_VALID,2,2,1184,2368,1.1816015625e-05
RECT_E13_A21,13,21,1;3;4,1;3;5,1;3;4;11;13;14;21;23;24,3,3,9,6240,585,6825,9,144,299520,33424,4680,0.348789799268712,0.549328707409091,0.366125698693051,0.42332513073867,D0414,V0234,H0041,9,2,4,0,0.2988065,0.2988065,FIM_SCENARIO_VALID,2,2,1184,2368,1.254296875e-05
RECT_E13_A22,13,22,1;3;4,2;3;5,6;8;9;11;13;14;21;23;24,3,3,9,6240,585,6825,9,144,299520,33424,4680,0.31918914007562,0.570623526552409,0.339844588102012,0.387723123383048,D0158,V0054,H0041,9,2,4,0,0.3282058,0.3282058,FIM_SCENARIO_VALID,2,2,1184,2368,1.254296875e-05
RECT_E13_A23,13,23,1;3;4,1;2;3;5,1;3;4;6;8;9;11;13;14;21;23;24,3,4,12,6240,780,7020,12,192,399360,33472,4875,0.406467179031351,0.659601110755858,0.419298767200488,0.472612225009435,D0030,V0198,H0165,12,2,4,0,0.3189043,0.3189043,FIM_SCENARIO_VALID,2,2,1184,2368,1.1918359375e-05
RECT_E13_A24,13,24,1;3;4,4;5,16;18;19;21;23;24,3,2,6,6240,390,6630,6,96,199680,33376,4485,0.000645792629351798,0.0855306432026191,0.00167917410990782,0.000761558389236285,D0408,V0014,H0041,6,2,4,0,0.3246334,0.3246334,FIM_SCENARIO_VALID,2,2,1184,2368,1.1816015625e-05
RECT_E13_A25,13,25,1;3;4,1;4;5,1;3;4;16;18;19;21;23;24,3,3,9,6240,585,6825,9,144,299520,33424,4680,0.31782944473893,0.543695527839519,0.337391414767285,0.386064449022956,D0158,V0054,H0041,9,2,4,0,0.3394739,0.3394739,FIM_SCENARIO_VALID,2,2,1184,2368,1.254296875e-05
RECT_E13_A26,13,26,1;3;4,2;4;5,6;8;9;16;18;19;21;23;24,3,3,9,6240,585,6825,9,144,299520,33424,4680,0.28213494560127,0.57087814433965,0.304336660807044,0.342700716336062,D0158,V0054,H0041,9,2,4,0,0.3275262,0.3275262,FIM_SCENARIO_VALID,2,2,1184,2368,1.254296875e-05
RECT_E13_A27,13,27,1;3;4,1;2;4;5,1;3;4;6;8;9;16;18;19;21;23;24,3,4,12,6240,780,7020,12,192,399360,33472,4875,0.4008737264731,0.656604606491442,0.41687805330176,0.464718402089792,D0008,V0198,H0144,12,2,4,0,0.3091033,0.3091033,FIM_SCENARIO_VALID,2,2,1184,2368,1.1918359375e-05
RECT_E13_A28,13,28,1;3;4,3;4;5,11;13;14;16;18;19;21;23;24,3,3,9,6240,585,6825,9,144,299520,33424,4680,0.244530195260109,0.580036267946766,0.267659289758176,0.296991246896656,D0158,V0054,H0041,9,2,4,0,0.3379715,0.3379715,FIM_SCENARIO_VALID,2,2,1184,2368,1.254296875e-05
RECT_E13_A29,13,29,1;3;4,1;3;4;5,1;3;4;11;13;14;16;18;19;21;23;24,3,4,12,6240,780,7020,12,192,399360,33472,4875,0.406695238773787,0.659377892283318,0.408720450270488,0.472792897228811,D0030,V0198,H0144,12,2,4,0,0.4171912,0.4171912,FIM_SCENARIO_VALID,2,2,1184,2368,1.1918359375e-05
RECT_E13_A30,13,30,1;3;4,2;3;4;5,6;8;9;11;13;14;16;18;19;21;23;24,3,4,12,6240,780,7020,12,192,399360,33472,4875,0.419260160925451,0.66428809875703,0.421389814674819,0.490453699954247,D0408,V0270,H0144,12,2,4,0,0.393175,0.393175,FIM_SCENARIO_VALID,2,2,1184,2368,1.1918359375e-05
RECT_E13_A31,13,31,1;3;4,1;2;3;4;5,1;3;4;6;8;9;11;13;14;16;18;19;21;23;24,3,5,15,6240,975,7215,15,240,499200,33520,5070,0.772823894137731,0.854658681017652,0.777731424743675,0.844924897964148,D0318,V0014,H0121,15,2,4,0,0.3423679,0.3423679,FIM_SCENARIO_VALID,2,2,1184,2368,1.2115625e-05
RECT_E14_A01,14,1,2;3;4,1,2;3;4,3,1,3,6240,195,6435,3,48,99840,33328,4290,0,3.40428174364014e-10,1.57689931495855e-09,0,D0001,V0036,H0209,3,2,4,0,0.3163551,0.3163551,FIM_SCENARIO_VALID,2,2,1184,2368,1.05943359375e-05
RECT_E14_A02,14,2,2;3;4,2,7;8;9,3,1,3,6240,195,6435,3,48,99840,33328,4290,0,8.19066375985254e-12,0,0,D0094,V0252,H0086,3,2,4,0,0.3458604,0.3458604,FIM_SCENARIO_VALID,2,2,1184,2368,1.05943359375e-05
RECT_E14_A03,14,3,2;3;4,1;2,2;3;4;7;8;9,3,2,6,6240,390,6630,6,96,199680,33376,4485,0.000592444782539027,0.0868227507316387,0.0012310037111736,0.000698444403134868,D0152,V0270,H0041,6,2,4,0,0.365417,0.365417,FIM_SCENARIO_VALID,2,2,1184,2368,1.1816015625e-05
RECT_E14_A04,14,4,2;3;4,3,12;13;14,3,1,3,6240,195,6435,3,48,99840,33328,4290,9.82271253634494e-12,0,2.69364956511596e-11,1.09396329513413e-11,D0430,V0068,H0141,3,2,4,0,0.3279469,0.3279469,FIM_SCENARIO_VALID,2,2,1184,2368,1.05943359375e-05
RECT_E14_A05,14,5,2;3;4,1;3,2;3;4;12;13;14,3,2,6,6240,390,6630,6,96,199680,33376,4485,0.000406763755829007,0.0963536617343106,0.00112848451223675,0.000480433260323697,D0144,V0270,H0041,6,2,4,0,0.3102527,0.3102527,FIM_SCENARIO_VALID,2,2,1184,2368,1.1816015625e-05
RECT_E14_A06,14,6,2;3;4,2;3,7;8;9;12;13;14,3,2,6,6240,390,6630,6,96,199680,33376,4485,0.000476771736280636,0.15776746096094,0.00109725282852056,0.000564817870148292,D0136,V0270,H0041,6,2,4,0,0.3171358,0.3171358,FIM_SCENARIO_VALID,2,2,1184,2368,1.1816015625e-05
RECT_E14_A07,14,7,2;3;4,1;2;3,2;3;4;7;8;9;12;13;14,3,3,9,6240,585,6825,9,144,299520,33424,4680,0.244496782534026,0.58021501629713,0.289581949819361,0.296807640921291,D0414,V0234,H0230,9,2,4,0,0.3313296,0.3313296,FIM_SCENARIO_VALID,2,2,1184,2368,1.254296875e-05
RECT_E14_A08,14,8,2;3;4,4,17;18;19,3,1,3,6240,195,6435,3,48,99840,33328,4290,1.56033495957569e-11,1.78249818275881e-10,3.00475861457387e-10,1.67833709110687e-11,D0454,V0114,H0140,3,2,4,0,0.3619783,0.3619783,FIM_SCENARIO_VALID,2,2,1184,2368,1.05943359375e-05
RECT_E14_A09,14,9,2;3;4,1;4,2;3;4;17;18;19,3,2,6,6240,390,6630,6,96,199680,33376,4485,0.000248825021072413,0.102729956070497,0.000867117517630063,0.000294660196826154,D0136,V0270,H0041,6,2,4,0,0.314524,0.314524,FIM_SCENARIO_VALID,2,2,1184,2368,1.1816015625e-05
RECT_E14_A10,14,10,2;3;4,2;4,7;8;9;17;18;19,3,2,6,6240,390,6630,6,96,199680,33376,4485,0.000466455157510412,0.195904042382831,0.0008439799421564,0.000554501566152257,D0152,V0014,H0041,6,2,4,0,0.3287117,0.3287117,FIM_SCENARIO_VALID,2,2,1184,2368,1.1816015625e-05
RECT_E14_A11,14,11,2;3;4,1;2;4,2;3;4;7;8;9;17;18;19,3,3,9,6240,585,6825,9,144,299520,33424,4680,0.282103456878396,0.570663214278546,0.324308430271354,0.342498067157025,D0414,V0234,H0230,9,2,4,0,0.358714,0.358714,FIM_SCENARIO_VALID,2,2,1184,2368,1.254296875e-05
RECT_E14_A12,14,12,2;3;4,3;4,12;13;14;17;18;19,3,2,6,6240,390,6630,6,96,199680,33376,4485,0.000477454370709893,0.1563158453081,0.000939434550228014,0.000565466842874595,D0400,V0014,H0041,6,2,4,0,0.3373348,0.3373348,FIM_SCENARIO_VALID,2,2,1184,2368,1.1816015625e-05
RECT_E14_A13,14,13,2;3;4,1;3;4,2;3;4;12;13;14;17;18;19,3,3,9,6240,585,6825,9,144,299520,33424,4680,0.319165471103745,0.570281889177428,0.357506821799379,0.387509611077584,D0414,V0234,H0230,9,2,4,0,0.4138081,0.4138081,FIM_SCENARIO_VALID,2,2,1184,2368,1.254296875e-05
RECT_E14_A14,14,14,2;3;4,2;3;4,7;8;9;12;13;14;17;18;19,3,3,9,6240,585,6825,9,144,299520,33424,4680,0.37099845358891,0.594880263954348,0.389199983243962,0.450235093559663,D0414,V0234,H0041,9,2,4,0,0.3441077,0.3441077,FIM_SCENARIO_VALID,2,2,1184,2368,1.254296875e-05
RECT_E14_A15,14,15,2;3;4,1;2;3;4,2;3;4;7;8;9;12;13;14;17;18;19,3,4,12,6240,780,7020,12,192,399360,33472,4875,0.418969230458628,0.664540118942032,0.421290938785835,0.490260375692936,D0152,V0054,H0041,12,2,4,0,0.3521327,0.3521327,FIM_SCENARIO_VALID,2,2,1184,2368,1.1918359375e-05
RECT_E14_A16,14,16,2;3;4,5,22;23;24,3,1,3,6240,195,6435,3,48,99840,33328,4290,0,8.06772367480195e-11,0,0,D0398,V0252,H0207,3,2,4,0,0.3192702,0.3192702,FIM_SCENARIO_VALID,2,2,1184,2368,1.05943359375e-05
RECT_E14_A17,14,17,2;3;4,1;5,2;3;4;22;23;24,3,2,6,6240,390,6630,6,96,199680,33376,4485,9.47895035625937e-05,0.101371726680003,0.000376071266278694,0.000109909441030549,D0016,V0014,H0041,6,2,4,0,0.3383427,0.3383427,FIM_SCENARIO_VALID,2,2,1184,2368,1.1816015625e-05
RECT_E14_A18,14,18,2;3;4,2;5,7;8;9;22;23;24,3,2,6,6240,390,6630,6,96,199680,33376,4485,0.000249684879146134,0.101555216081165,0.000583446593436373,0.000295567124235154,D0400,V0014,H0041,6,2,4,0,0.3287676,0.3287676,FIM_SCENARIO_VALID,2,2,1184,2368,1.1816015625e-05
RECT_E14_A19,14,19,2;3;4,1;2;5,2;3;4;7;8;9;22;23;24,3,3,9,6240,585,6825,9,144,299520,33424,4680,0.317810094111638,0.543410228623737,0.354198690299061,0.385857724964493,D0414,V0234,H0230,9,2,4,0,0.3650749,0.3650749,FIM_SCENARIO_VALID,2,2,1184,2368,1.254296875e-05
RECT_E14_A20,14,20,2;3;4,3;5,12;13;14;22;23;24,3,2,6,6240,390,6630,6,96,199680,33376,4485,0.000408874463200416,0.0954757277224295,0.000931322589941695,0.000482894162021748,D0408,V0014,H0041,6,2,4,0,0.3066795,0.3066795,FIM_SCENARIO_VALID,2,2,1184,2368,1.1816015625e-05
RECT_E14_A21,14,21,2;3;4,1;3;5,2;3;4;12;13;14;22;23;24,3,3,9,6240,585,6825,9,144,299520,33424,4680,0.348822092361247,0.549596371662244,0.366051431961343,0.423364305487922,D0414,V0234,H0041,9,2,4,0,0.3270258,0.3270258,FIM_SCENARIO_VALID,2,2,1184,2368,1.254296875e-05
RECT_E14_A22,14,22,2;3;4,2;3;5,7;8;9;12;13;14;22;23;24,3,3,9,6240,585,6825,9,144,299520,33424,4680,0.319217579801931,0.57086890590726,0.339757554433525,0.387757700860368,D0158,V0054,H0041,9,2,4,0,0.3729397,0.3729397,FIM_SCENARIO_VALID,2,2,1184,2368,1.254296875e-05
RECT_E14_A23,14,23,2;3;4,1;2;3;5,2;3;4;7;8;9;12;13;14;22;23;24,3,4,12,6240,780,7020,12,192,399360,33472,4875,0.40644074899668,0.65993496383253,0.419223702210906,0.472595369654704,D0030,V0198,H0165,12,2,4,0,0.3548123,0.3548123,FIM_SCENARIO_VALID,2,2,1184,2368,1.1918359375e-05
RECT_E14_A24,14,24,2;3;4,4;5,17;18;19;22;23;24,3,2,6,6240,390,6630,6,96,199680,33376,4485,0.000598700230099601,0.0861021176716639,0.00132710333321146,0.00070594908259063,D0408,V0014,H0041,6,2,4,0,0.3579176,0.3579176,FIM_SCENARIO_VALID,2,2,1184,2368,1.1816015625e-05
RECT_E14_A25,14,25,2;3;4,1;4;5,2;3;4;17;18;19;22;23;24,3,3,9,6240,585,6825,9,144,299520,33424,4680,0.317859427018442,0.544011843366186,0.337303989411308,0.3861009403397,D0158,V0054,H0041,9,2,4,0,0.330655,0.330655,FIM_SCENARIO_VALID,2,2,1184,2368,1.254296875e-05
RECT_E14_A26,14,26,2;3;4,2;4;5,7;8;9;17;18;19;22;23;24,3,3,9,6240,585,6825,9,144,299520,33424,4680,0.282159935697132,0.571073560044587,0.304234114456594,0.342731120682765,D0158,V0014,H0041,9,2,4,0,0.3150964,0.3150964,FIM_SCENARIO_VALID,2,2,1184,2368,1.254296875e-05
RECT_E14_A27,14,27,2;3;4,1;2;4;5,2;3;4;7;8;9;17;18;19;22;23;24,3,4,12,6240,780,7020,12,192,399360,33472,4875,0.400855541951485,0.656934350460069,0.416810204602732,0.46469797573717,D0008,V0198,H0144,12,2,4,0,0.3338756,0.3338756,FIM_SCENARIO_VALID,2,2,1184,2368,1.1918359375e-05
RECT_E14_A28,14,28,2;3;4,3;4;5,12;13;14;17;18;19;22;23;24,3,3,9,6240,585,6825,9,144,299520,33424,4680,0.244549920489854,0.580109301993193,0.267541240607291,0.297015229340354,D0158,V0054,H0041,9,2,4,0,0.3473364,0.3473364,FIM_SCENARIO_VALID,2,2,1184,2368,1.254296875e-05
RECT_E14_A29,14,29,2;3;4,1;3;4;5,2;3;4;12;13;14;17;18;19;22;23;24,3,4,12,6240,780,7020,12,192,399360,33472,4875,0.406668783765309,0.65970097400659,0.408652886874738,0.47277595368931,D0030,V0126,H0144,12,2,4,0,0.3410784,0.3410784,FIM_SCENARIO_VALID,2,2,1184,2368,1.1918359375e-05
RECT_E14_A30,14,30,2;3;4,2;3;4;5,7;8;9;12;13;14;17;18;19;22;23;24,3,4,12,6240,780,7020,12,192,399360,33472,4875,0.419277503645075,0.664425799619513,0.421332693508743,0.490499062794235,D0408,V0270,H0144,12,2,4,0,0.3833932,0.3833932,FIM_SCENARIO_VALID,2,2,1184,2368,1.1918359375e-05
RECT_E14_A31,14,31,2;3;4,1;2;3;4;5,2;3;4;7;8;9;12;13;14;17;18;19;22;23;24,3,5,15,6240,975,7215,15,240,499200,33520,5070,0.812182048193117,0.854926015011046,0.816394839929115,0.887992133030572,D0318,V0014,H0057,15,2,4,0,0.3474311,0.3474311,FIM_SCENARIO_VALID,2,2,1184,2368,1.2115625e-05
RECT_E15_A01,15,1,1;2;3;4,1,1;2;3;4,4,1,4,8320,260,8580,4,64,133120,33344,6435,2.4351479818856e-07,0.000704904438457632,4.10811222814198e-06,2.90188954646643e-07,D0160,V0072,H0041,4,2,4,0,0.3677527,0.3677527,FIM_SCENARIO_VALID,2,2,1184,2368,1.16482421875e-05
RECT_E15_A02,15,2,1;2;3;4,2,6;7;8;9,4,1,4,8320,260,8580,4,64,133120,33344,6435,1.80338116903933e-08,2.04530140159089e-05,8.83962221334033e-08,2.10033184968602e-08,D0030,V0050,H0187,4,2,4,0,0.322802,0.322802,FIM_SCENARIO_VALID,2,2,1184,2368,1.16482421875e-05
RECT_E15_A03,15,3,1;2;3;4,1;2,1;2;3;4;6;7;8;9,4,2,8,8320,520,8840,8,128,266240,33408,6695,0.00552360591505958,0.0927305140529545,0.00568831435094938,0.00651117378508217,D0280,V0234,H0041,8,2,4,0,0.3332908,0.3332908,FIM_SCENARIO_VALID,2,2,1184,2368,1.14265625e-05
RECT_E15_A04,15,4,1;2;3;4,3,11;12;13;14,4,1,4,8320,260,8580,4,64,133120,33344,6435,2.86755272380315e-07,5.95211717385106e-08,2.30656161134979e-07,3.39096367759594e-07,D0160,V0180,H0041,4,2,4,0,0.3188574,0.3188574,FIM_SCENARIO_VALID,2,2,1184,2368,1.16482421875e-05
RECT_E15_A05,15,5,1;2;3;4,1;3,1;2;3;4;11;12;13;14,4,2,8,8320,520,8840,8,128,266240,33408,6695,0.00381290639399862,0.1008181212764,0.00430246914934211,0.004507223517717,D0264,V0234,H0041,8,2,4,0,0.3299384,0.3299384,FIM_SCENARIO_VALID,2,2,1184,2368,1.14265625e-05
RECT_E15_A06,15,6,1;2;3;4,2;3,6;7;8;9;11;12;13;14,4,2,8,8320,520,8840,8,128,266240,33408,6695,0.00446940598820839,0.160777619323324,0.00504289540531497,0.00529343645169701,D0264,V0234,H0041,8,2,4,0,0.3366024,0.3366024,FIM_SCENARIO_VALID,2,2,1184,2368,1.14265625e-05
RECT_E15_A07,15,7,1;2;3;4,1;2;3,1;2;3;4;6;7;8;9;11;12;13;14,4,3,12,8320,780,9100,12,192,399360,33472,6955,0.250491509062059,0.583365201419624,0.294639040413623,0.304003039121935,D0542,V0234,H0230,12,2,4,0,0.3772032,0.3772032,FIM_SCENARIO_VALID,2,2,1184,2368,1.2159375e-05
RECT_E15_A08,15,8,1;2;3;4,4,16;17;18;19,4,1,4,8320,260,8580,4,64,133120,33344,6435,5.23141009681605e-07,3.75236981847032e-05,1.2950107640531e-06,6.16809969147915e-07,D0160,V0234,H0109,4,2,4,0,0.3010859,0.3010859,FIM_SCENARIO_VALID,2,2,1184,2368,1.16482421875e-05
RECT_E15_A09,15,9,1;2;3;4,1;4,1;2;3;4;16;17;18;19,4,2,8,8320,520,8840,8,128,266240,33408,6695,0.00233713377262332,0.105760633208907,0.0029596173300897,0.0027645653187167,D0264,V0234,H0041,8,2,4,0,0.3525049,0.3525049,FIM_SCENARIO_VALID,2,2,1184,2368,1.14265625e-05
RECT_E15_A10,15,10,1;2;3;4,2;4,6;7;8;9;16;17;18;19,4,2,8,8320,520,8840,8,128,266240,33408,6695,0.00429295543067324,0.198873328508767,0.00487882459278005,0.00497654951034921,D0016,V0230,H0041,8,2,4,0,0.3028441,0.3028441,FIM_SCENARIO_VALID,2,2,1184,2368,1.14265625e-05
RECT_E15_A11,15,11,1;2;3;4,1;2;4,1;2;3;4;6;7;8;9;16;17;18;19,4,3,12,8320,780,9100,12,192,399360,33472,6955,0.287816406961467,0.574518206901539,0.328830804634837,0.349339952479508,D0542,V0234,H0230,12,2,4,0,0.3588831,0.3588831,FIM_SCENARIO_VALID,2,2,1184,2368,1.2159375e-05
RECT_E15_A12,15,12,1;2;3;4,3;4,11;12;13;14;16;17;18;19,4,2,8,8320,520,8840,8,128,266240,33408,6695,0.00447993071586025,0.16160722508837,0.0070220946952018,0.00530083661225927,D0528,V0054,H0041,8,2,4,0,0.3077796,0.3077796,FIM_SCENARIO_VALID,2,2,1184,2368,1.14265625e-05
RECT_E15_A13,15,13,1;2;3;4,1;3;4,1;2;3;4;11;12;13;14;16;17;18;19,4,3,12,8320,780,9100,12,192,399360,33472,6955,0.324635614881472,0.573956103057635,0.361721168586628,0.394045163710447,D0542,V0270,H0230,12,2,4,0,0.3941561,0.3941561,FIM_SCENARIO_VALID,2,2,1184,2368,1.2159375e-05
RECT_E15_A14,15,14,1;2;3;4,2;3;4,6;7;8;9;11;12;13;14;16;17;18;19,4,3,12,8320,780,9100,12,192,399360,33472,6955,0.376063363309906,0.59765701065036,0.393722197900858,0.45625996127033,D0542,V0018,H0041,12,2,4,0,0.3409675,0.3409675,FIM_SCENARIO_VALID,2,2,1184,2368,1.2159375e-05
RECT_E15_A15,15,15,1;2;3;4,1;2;3;4,1;2;3;4;6;7;8;9;11;12;13;14;16;17;18;19,4,4,16,8320,1040,9360,16,256,532480,33536,7215,0.423569245475916,0.666777836150318,0.425777699988468,0.495786165222371,D0280,V0054,H0041,16,2,4,0,0.3866199,0.3866199,FIM_SCENARIO_VALID,2,2,1184,2368,1.22173828125e-05
RECT_E15_A16,15,16,1;2;3;4,5,21;22;23;24,4,1,4,8320,260,8580,4,64,133120,33344,6435,1.18225498775025e-06,0.00071396037176893,6.11962755427893e-06,1.40668817595347e-06,D0416,V0234,H0109,4,2,4,0,0.3328177,0.3328177,FIM_SCENARIO_VALID,2,2,1184,2368,1.16482421875e-05
RECT_E15_A17,15,17,1;2;3;4,1;5,1;2;3;4;21;22;23;24,4,2,8,8320,520,8840,8,128,266240,33408,6695,0.000808515969221895,0.102618417623483,0.00174501939383929,0.000937911697795879,D0024,V0014,H0041,8,2,4,0,0.3388341,0.3388341,FIM_SCENARIO_VALID,2,2,1184,2368,1.14265625e-05
RECT_E15_A18,15,18,1;2;3;4,2;5,6;7;8;9;21;22;23;24,4,2,8,8320,520,8840,8,128,266240,33408,6695,0.00234932221033028,0.106113898822573,0.00495955879248323,0.00277812149602706,D0536,V0014,H0041,8,2,4,0,0.3057629,0.3057629,FIM_SCENARIO_VALID,2,2,1184,2368,1.14265625e-05
RECT_E15_A19,15,19,1;2;3;4,1;2;5,1;2;3;4;6;7;8;9;21;22;23;24,4,3,12,8320,780,9100,12,192,399360,33472,6955,0.323267625653358,0.547448695052405,0.358409210782162,0.392378656574416,D0542,V0270,H0230,12,2,4,0,0.3652197,0.3652197,FIM_SCENARIO_VALID,2,2,1184,2368,1.2159375e-05
RECT_E15_A20,15,20,1;2;3;4,3;5,11;12;13;14;21;22;23;24,4,2,8,8320,520,8840,8,128,266240,33408,6695,0.003867383891924,0.101691703228729,0.00767263970723843,0.00456952429334968,D0536,V0054,H0144,8,2,4,0,0.3539664,0.3539664,FIM_SCENARIO_VALID,2,2,1184,2368,1.14265625e-05
RECT_E15_A21,15,21,1;2;3;4,1;3;5,1;2;3;4;11;12;13;14;21;22;23;24,4,3,12,8320,780,9100,12,192,399360,33472,6955,0.354114395597587,0.552988655135994,0.370706322422271,0.429673188281659,D0542,V0018,H0041,12,2,4,0,0.3506541,0.3506541,FIM_SCENARIO_VALID,2,2,1184,2368,1.2159375e-05
RECT_E15_A22,15,22,1;2;3;4,2;3;5,6;7;8;9;11;12;13;14;21;22;23;24,4,3,12,8320,780,9100,12,192,399360,33472,6955,0.324703543813289,0.573117560188682,0.344511082686556,0.39430864493755,D0286,V0014,H0041,12,2,4,0,0.3621339,0.3621339,FIM_SCENARIO_VALID,2,2,1184,2368,1.2159375e-05
RECT_E15_A23,15,23,1;2;3;4,1;2;3;5,1;2;3;4;6;7;8;9;11;12;13;14;21;22;23;24,4,4,16,8320,1040,9360,16,256,532480,33536,7215,0.411589450747376,0.662430668738679,0.423742656795074,0.478487930084388,D0030,V0162,H0165,16,2,4,0,0.3545276,0.3545276,FIM_SCENARIO_VALID,2,2,1184,2368,1.22173828125e-05
RECT_E15_A24,15,24,1;2;3;4,4;5,16;17;18;19;21;22;23;24,4,2,8,8320,520,8840,8,128,266240,33408,6695,0.00562054958857405,0.0935710220154914,0.00838840770585525,0.00662487325622559,D0536,V0054,H0144,8,2,4,0,0.3189305,0.3189305,FIM_SCENARIO_VALID,2,2,1184,2368,1.14265625e-05
RECT_E15_A25,15,25,1;2;3;4,1;4;5,1;2;3;4;16;17;18;19;21;22;23;24,4,3,12,8320,780,9100,12,192,399360,33472,6955,0.323325397390299,0.546419933785353,0.342054891768535,0.39262839477338,D0286,V0014,H0041,12,2,4,0,0.347548,0.347548,FIM_SCENARIO_VALID,2,2,1184,2368,1.2159375e-05
RECT_E15_A26,15,26,1;2;3;4,2;4;5,6;7;8;9;16;17;18;19;21;22;23;24,4,3,12,8320,780,9100,12,192,399360,33472,6955,0.28789072719209,0.573357662235659,0.309186848646787,0.349591787236901,D0286,V0014,H0041,12,2,4,0,0.3240691,0.3240691,FIM_SCENARIO_VALID,2,2,1184,2368,1.2159375e-05
RECT_E15_A27,15,27,1;2;3;4,1;2;4;5,1;2;3;4;6;7;8;9;16;17;18;19;21;22;23;24,4,4,16,8320,1040,9360,16,256,532480,33536,7215,0.405995701777186,0.659348446119998,0.421235767611272,0.470652384967507,D0008,V0198,H0144,16,2,4,0,0.3325466,0.3325466,FIM_SCENARIO_VALID,2,2,1184,2368,1.22173828125e-05
RECT_E15_A28,15,28,1;2;3;4,3;4;5,11;12;13;14;16;17;18;19;21;22;23;24,4,3,12,8320,780,9100,12,192,399360,33472,6955,0.25056743364352,0.583332844608702,0.272783791578881,0.304236375827159,D0286,V0054,H0041,12,2,4,0,0.3137807,0.3137807,FIM_SCENARIO_VALID,2,2,1184,2368,1.2159375e-05
RECT_E15_A29,15,29,1;2;3;4,1;3;4;5,1;2;3;4;11;12;13;14;16;17;18;19;21;22;23;24,4,4,16,8320,1040,9360,16,256,532480,33536,7215,0.411814600072255,0.661933210550279,0.413025594765762,0.478657258592867,D0030,V0198,H0144,16,2,4,0,0.3491055,0.3491055,FIM_SCENARIO_VALID,2,2,1184,2368,1.22173828125e-05
RECT_E15_A30,15,30,1;2;3;4,2;3;4;5,6;7;8;9;11;12;13;14;16;17;18;19;21;22;23;24,4,4,16,8320,1040,9360,16,256,532480,33536,7215,0.423882581712447,0.666857112180958,0.425505568109514,0.496026991365321,D0536,V0270,H0216,16,2,4,0,0.3541442,0.3541442,FIM_SCENARIO_VALID,2,2,1184,2368,1.22173828125e-05
RECT_E15_A31,15,31,1;2;3;4,1;2;3;4;5,1;2;3;4;6;7;8;9;11;12;13;14;16;17;18;19;21;22;23;24,4,5,20,8320,1300,9620,20,320,665600,33600,7475,0.822349598510135,0.857573350532284,0.835665877715377,0.984053138318707,D0158,V0050,H0230,20,2,4,0,0.3557735,0.3557735,FIM_SCENARIO_VALID,2,2,1184,2368,1.331484375e-05
RECT_E16_A01,16,1,5,1,5,1,1,1,2080,65,2145,1,16,33280,33296,0,0,0,0,0,D0001,V0001,H0001,1,1,0,0,0.1722231,0.1722231,SUBSET_WHITENING_RANK_INSUFFICIENT,2,2,1184,2368,4.0345703125e-06
RECT_E16_A02,16,2,5,2,10,1,1,1,2080,65,2145,1,16,33280,33296,0,0,0,0,0,D0001,V0001,H0001,1,1,0,0,0.2039137,0.2039137,SUBSET_WHITENING_RANK_INSUFFICIENT,2,2,1184,2368,4.0345703125e-06
RECT_E16_A03,16,3,5,1;2,5;10,1,2,2,2080,130,2210,2,32,66560,33312,65,0,0,0,0,D0001,V0001,H0001,2,2,3,0,0.3246281,0.3246281,SUBSET_FIM_RANK_LOSS,2,2,1184,2368,4.0193359375e-06
RECT_E16_A04,16,4,5,3,15,1,1,1,2080,65,2145,1,16,33280,33296,0,0,0,0,0,D0001,V0001,H0001,1,1,0,0,0.1919487,0.1919487,SUBSET_WHITENING_RANK_INSUFFICIENT,2,2,1184,2368,4.0345703125e-06
RECT_E16_A05,16,5,5,1;3,5;15,1,2,2,2080,130,2210,2,32,66560,33312,65,0,0,0,0,D0001,V0001,H0001,2,2,3,0,0.3199962,0.3199962,SUBSET_FIM_RANK_LOSS,2,2,1184,2368,4.0193359375e-06
RECT_E16_A06,16,6,5,2;3,10;15,1,2,2,2080,130,2210,2,32,66560,33312,65,0,0,0,0,D0001,V0001,H0001,2,2,3,0,0.3261067,0.3261067,SUBSET_FIM_RANK_LOSS,2,2,1184,2368,4.0193359375e-06
RECT_E16_A07,16,7,5,1;2;3,5;10;15,1,3,3,2080,195,2275,3,48,99840,33328,130,1.42728287663117e-10,1.35794175700635e-05,5.63006998619637e-10,1.42728367431918e-10,D0191,V0270,H0085,3,2,4,0,0.3270472,0.3270472,FIM_SCENARIO_VALID,2,2,1184,2368,3.7171875e-06
RECT_E16_A08,16,8,5,4,20,1,1,1,2080,65,2145,1,16,33280,33296,0,0,0,0,0,D0001,V0001,H0001,1,1,0,0,0.1915958,0.1915958,SUBSET_WHITENING_RANK_INSUFFICIENT,2,2,1184,2368,4.0345703125e-06
RECT_E16_A09,16,9,5,1;4,5;20,1,2,2,2080,130,2210,2,32,66560,33312,65,0,0,0,0,D0001,V0001,H0001,2,2,3,0,0.315696,0.315696,SUBSET_FIM_RANK_LOSS,2,2,1184,2368,4.0193359375e-06
RECT_E16_A10,16,10,5,2;4,10;20,1,2,2,2080,130,2210,2,32,66560,33312,65,0,0,0,0,D0001,V0001,H0001,2,2,3,0,0.312806,0.312806,SUBSET_FIM_RANK_LOSS,2,2,1184,2368,4.0193359375e-06
RECT_E16_A11,16,11,5,1;2;4,5;10;20,1,3,3,2080,195,2275,3,48,99840,33328,130,1.3343944158362e-10,1.58847048508823e-05,4.4073819795023e-10,1.33439285817483e-10,D0191,V0270,H0085,3,2,4,0,0.3302016,0.3302016,FIM_SCENARIO_VALID,2,2,1184,2368,3.7171875e-06
RECT_E16_A12,16,12,5,3;4,15;20,1,2,2,2080,130,2210,2,32,66560,33312,65,0,0,0,0,D0001,V0001,H0001,2,2,3,0,0.299042,0.299042,SUBSET_FIM_RANK_LOSS,2,2,1184,2368,4.0193359375e-06
RECT_E16_A13,16,13,5,1;3;4,5;15;20,1,3,3,2080,195,2275,3,48,99840,33328,130,1.37207020473238e-10,1.81730491890146e-05,2.15090500660774e-11,1.37207003281419e-10,D0191,V0270,H0129,3,2,4,0,0.351801,0.351801,FIM_SCENARIO_VALID,2,2,1184,2368,3.7171875e-06
RECT_E16_A14,16,14,5,2;3;4,10;15;20,1,3,3,2080,195,2275,3,48,99840,33328,130,1.53884996816818e-10,2.05065715979685e-05,5.10206052322306e-10,1.53885439544258e-10,D0191,V0090,H0085,3,2,4,0,0.3083349,0.3083349,FIM_SCENARIO_VALID,2,2,1184,2368,3.7171875e-06
RECT_E16_A15,16,15,5,1;2;3;4,5;10;15;20,1,4,4,2080,260,2340,4,64,133120,33344,195,2.4608300682722e-08,2.27504534938517e-05,4.36627299875932e-08,2.67948980104099e-08,D0190,V0084,H0085,4,2,4,0,0.3516935,0.3516935,FIM_SCENARIO_VALID,2,2,1184,2368,3.7525390625e-06
RECT_E16_A16,16,16,5,5,25,1,1,1,2080,65,2145,1,16,33280,33296,0,0,0,0,0,D0001,V0001,H0001,1,1,0,0,0.1810188,0.1810188,SUBSET_WHITENING_RANK_INSUFFICIENT,2,2,1184,2368,4.0345703125e-06
RECT_E16_A17,16,17,5,1;5,5;25,1,2,2,2080,130,2210,2,32,66560,33312,65,0,0,0,0,D0001,V0001,H0001,2,2,3,0,0.3102179,0.3102179,SUBSET_FIM_RANK_LOSS,2,2,1184,2368,4.0193359375e-06
RECT_E16_A18,16,18,5,2;5,10;25,1,2,2,2080,130,2210,2,32,66560,33312,65,0,0,0,0,D0001,V0001,H0001,2,2,2,0,0.3375722,0.3375722,SUBSET_FIM_RANK_LOSS,2,2,1184,2368,4.0193359375e-06
RECT_E16_A19,16,19,5,1;2;5,5;10;25,1,3,3,2080,195,2275,3,48,99840,33328,130,1.48465889805197e-10,1.80681038142355e-05,3.55410514268003e-10,1.48466042066211e-10,D0191,V0270,H0085,3,2,4,0,0.340798,0.340798,FIM_SCENARIO_VALID,2,2,1184,2368,3.7171875e-06
RECT_E16_A20,16,20,5,3;5,15;25,1,2,2,2080,130,2210,2,32,66560,33312,65,0,0,0,0,D0001,V0001,H0001,2,2,3,0,0.3077809,0.3077809,SUBSET_FIM_RANK_LOSS,2,2,1184,2368,4.0193359375e-06
RECT_E16_A21,16,21,5,1;3;5,5;15;25,1,3,3,2080,195,2275,3,48,99840,33328,130,1.54966846559502e-10,1.93443334729337e-05,8.39565377566958e-12,1.54967010498203e-10,D0191,V0090,H0053,3,2,4,0,0.3324097,0.3324097,FIM_SCENARIO_VALID,2,2,1184,2368,3.7171875e-06
RECT_E16_A22,16,22,5,2;3;5,10;15;25,1,3,3,2080,195,2275,3,48,99840,33328,130,1.6113049227345e-10,1.80814194969577e-05,5.35756388672937e-10,1.61130807609343e-10,D0191,V0018,H0085,3,2,4,0,0.3210691,0.3210691,FIM_SCENARIO_VALID,2,2,1184,2368,3.7171875e-06
RECT_E16_A23,16,23,5,1;2;3;5,5;10;15;25,1,4,4,2080,260,2340,4,64,133120,33344,195,1.14126223825981e-07,2.1105621244438e-05,4.87824254830652e-08,1.23971220750232e-07,D0064,V0114,H0085,4,2,4,0,0.3080146,0.3080146,FIM_SCENARIO_VALID,2,2,1184,2368,3.7525390625e-06
RECT_E16_A24,16,24,5,4;5,20;25,1,2,2,2080,130,2210,2,32,66560,33312,65,0,0,0,0,D0001,V0001,H0001,2,2,3,0,0.2935225,0.2935225,SUBSET_FIM_RANK_LOSS,2,2,1184,2368,4.0193359375e-06
RECT_E16_A25,16,25,5,1;4;5,5;20;25,1,3,3,2080,195,2275,3,48,99840,33328,130,1.47547941940642e-10,1.79729137244509e-05,4.43137708878563e-10,1.47547818230451e-10,D0191,V0018,H0085,3,2,4,0,0.2601146,0.2601146,FIM_SCENARIO_VALID,2,2,1184,2368,3.7171875e-06
RECT_E16_A26,16,26,5,2;4;5,10;20;25,1,3,3,2080,195,2275,3,48,99840,33328,130,1.26584978115511e-10,1.58102212084988e-05,6.3643928333549e-10,1.26584730616805e-10,D0191,V0018,H0085,3,2,4,0,0.3056841,0.3056841,FIM_SCENARIO_VALID,2,2,1184,2368,3.7171875e-06
RECT_E16_A27,16,27,5,1;2;4;5,5;10;20;25,1,4,4,2080,260,2340,4,64,133120,33344,195,3.86344107401416e-08,2.05779972997588e-05,1.88910318790795e-07,4.19647266418241e-08,D0064,V0114,H0085,4,2,4,0,0.3138364,0.3138364,FIM_SCENARIO_VALID,2,2,1184,2368,3.7525390625e-06
RECT_E16_A28,16,28,5,3;4;5,15;20;25,1,3,3,2080,195,2275,3,48,99840,33328,130,6.66175364893384e-11,1.3520575867289e-05,1.83624483525174e-11,6.66175316406292e-11,D0191,V0018,H0028,3,2,4,0,0.3150117,0.3150117,FIM_SCENARIO_VALID,2,2,1184,2368,3.7171875e-06
RECT_E16_A29,16,29,5,1;3;4;5,5;15;20;25,1,4,4,2080,260,2340,4,64,133120,33344,195,9.9671351060767e-08,2.10317676910017e-05,4.22167972631515e-07,1.08270448350355e-07,D0064,V0114,H0085,4,2,4,0,0.3306201,0.3306201,FIM_SCENARIO_VALID,2,2,1184,2368,3.7525390625e-06
RECT_E16_A30,16,30,5,2;3;4;5,10;15;20;25,1,4,4,2080,260,2340,4,64,133120,33344,195,1.34258673748175e-07,2.2952414498161e-05,7.41615978851849e-07,1.46116445180391e-07,D0448,V0114,H0085,4,2,4,0,0.3216269,0.3216269,FIM_SCENARIO_VALID,2,2,1184,2368,3.7525390625e-06
RECT_E16_A31,16,31,5,1;2;3;4;5,5;10;15;20;25,1,5,5,2080,325,2405,5,80,166400,33360,260,2.55728170132767e-06,5.84646793568534e-05,3.91022757742933e-06,2.78449538043592e-06,D0190,V0114,H0085,5,2,4,0,0.3129608,0.3129608,FIM_SCENARIO_VALID,2,2,1184,2368,4.1833984375e-06
RECT_E17_A01,17,1,1;5,1,1;5,2,1,2,4160,130,4290,2,32,66560,33312,2145,0,0,0,0,D0001,V0001,H0001,2,2,3,0,0.3335521,0.3335521,SUBSET_FIM_RANK_LOSS,2,2,1184,2368,7.51171875e-06
RECT_E17_A02,17,2,1;5,2,6;10,2,1,2,4160,130,4290,2,32,66560,33312,2145,0,0,0,0,D0001,V0001,H0001,2,2,3,0,0.3255206,0.3255206,SUBSET_FIM_RANK_LOSS,2,2,1184,2368,7.51171875e-06
RECT_E17_A03,17,3,1;5,1;2,1;5;6;10,2,2,4,4160,260,4420,4,64,133120,33344,2275,0.000504484063529894,0.0787527965693001,0.000825990056761442,0.000594731579777136,D0280,V0270,H0041,4,2,4,0,0.3236809,0.3236809,FIM_SCENARIO_VALID,2,2,1184,2368,7.7720703125e-06
RECT_E17_A04,17,4,1;5,3,11;15,2,1,2,4160,130,4290,2,32,66560,33312,2145,0,0,0,0,D0001,V0001,H0001,2,2,3,0,0.3569485,0.3569485,SUBSET_FIM_RANK_LOSS,2,2,1184,2368,7.51171875e-06
RECT_E17_A05,17,5,1;5,1;3,1;5;11;15,2,2,4,4160,260,4420,4,64,133120,33344,2275,0.000342670633482617,0.0892286168301101,0.000869115044993129,0.000383590935180896,D0272,V0270,H0041,4,2,4,0,0.421144,0.421144,FIM_SCENARIO_VALID,2,2,1184,2368,7.7720703125e-06
RECT_E17_A06,17,6,1;5,2;3,6;10;11;15,2,2,4,4160,260,4420,4,64,133120,33344,2275,8.41440604601979e-05,0.149250479419551,7.20427925582611e-05,8.41441298143041e-05,D0189,V0266,H0085,4,2,4,0,0.354605,0.354605,FIM_SCENARIO_VALID,2,2,1184,2368,7.7720703125e-06
RECT_E17_A07,17,7,1;5,1;2;3,1;5;6;10;11;15,2,3,6,4160,390,4550,6,96,199680,33376,2405,0.00405678875951211,0.49276001758753,0.00626828477648899,0.0044192102646118,D0446,V0176,H0085,6,2,4,0,0.3857548,0.3857548,FIM_SCENARIO_VALID,2,2,1184,2368,7.419140625e-06
RECT_E17_A08,17,8,1;5,4,16;20,2,1,2,4160,130,4290,2,32,66560,33312,2145,0,0,0,0,D0001,V0001,H0001,2,2,3,0,0.3016446,0.3016446,SUBSET_FIM_RANK_LOSS,2,2,1184,2368,7.51171875e-06
RECT_E17_A09,17,9,1;5,1;4,1;5;16;20,2,2,4,4160,260,4420,4,64,133120,33344,2275,0.000121839850410783,0.0970391051459674,9.20404240459118e-05,0.000121839950737403,D0189,V0266,H0085,4,2,4,0,0.4115279,0.4115279,FIM_SCENARIO_VALID,2,2,1184,2368,7.7720703125e-06
RECT_E17_A10,17,10,1;5,2;4,6;10;16;20,2,2,4,4160,260,4420,4,64,133120,33344,2275,1.63612221504716e-05,0.18762438373643,0.000565653066368925,1.6361222248514e-05,D0061,V0014,H0085,4,2,4,0,0.3145539,0.3145539,FIM_SCENARIO_VALID,2,2,1184,2368,7.7720703125e-06
RECT_E17_A11,17,11,1;5,1;2;4,1;5;6;10;16;20,2,3,6,4160,390,4550,6,96,199680,33376,2405,0.00457187497340017,0.463759082246427,0.00644838534473981,0.00498016085282741,D0446,V0176,H0085,6,2,4,0,0.3148031,0.3148031,FIM_SCENARIO_VALID,2,2,1184,2368,7.419140625e-06
RECT_E17_A12,17,12,1;5,3;4,11;15;16;20,2,2,4,4160,260,4420,4,64,133120,33344,2275,0.000148356071640948,0.148085238298014,0.000563586355138524,0.000148356192107356,D0573,V0014,H0041,4,2,4,0,0.3184657,0.3184657,FIM_SCENARIO_VALID,2,2,1184,2368,7.7720703125e-06
RECT_E17_A13,17,13,1;5,1;3;4,1;5;11;15;16;20,2,3,6,4160,390,4550,6,96,199680,33376,2405,0.00512903039128228,0.456707773265918,0.0065280337707064,0.00558704621522429,D0446,V0176,H0085,6,2,4,0,0.3396815,0.3396815,FIM_SCENARIO_VALID,2,2,1184,2368,7.419140625e-06
RECT_E17_A14,17,14,1;5,2;3;4,6;10;11;15;16;20,2,3,6,4160,390,4550,6,96,199680,33376,2405,0.00584163408639564,0.474760728061976,0.006538125299547,0.00636328399937952,D0190,V0176,H0085,6,2,4,0,0.3049345,0.3049345,FIM_SCENARIO_VALID,2,2,1184,2368,7.419140625e-06
RECT_E17_A15,17,15,1;5,1;2;3;4,1;5;6;10;11;15;16;20,2,4,8,4160,520,4680,8,128,266240,33408,2535,0.00618277582292515,0.545771901566649,0.00655110193019276,0.00673482572466476,D0190,V0176,H0085,8,2,4,0,0.3216671,0.3216671,FIM_SCENARIO_VALID,2,2,1184,2368,7.384765625e-06
RECT_E17_A16,17,16,1;5,5,21;25,2,1,2,4160,130,4290,2,32,66560,33312,2145,0,0,0,0,D0001,V0001,H0001,2,2,3,0,0.3221018,0.3221018,SUBSET_FIM_RANK_LOSS,2,2,1184,2368,7.51171875e-06
RECT_E17_A17,17,17,1;5,1;5,1;5;21;25,2,2,4,4160,260,4420,4,64,133120,33344,2275,1.68984451230743e-05,0.0975076530890431,0.000276580697420705,1.75205005420837e-05,D0062,V0014,H0041,4,2,4,0,0.3150159,0.3150159,FIM_SCENARIO_VALID,2,2,1184,2368,7.7720703125e-06
RECT_E17_A18,17,18,1;5,2;5,6;10;21;25,2,2,4,4160,260,4420,4,64,133120,33344,2275,0.000183088985818609,0.0960454075405278,0.000309846198869029,0.000192423386000657,D0574,V0014,H0041,4,2,4,0,0.3504288,0.3504288,FIM_SCENARIO_VALID,2,2,1184,2368,7.7720703125e-06
RECT_E17_A19,17,19,1;5,1;2;5,1;5;6;10;21;25,2,3,6,4160,390,4550,6,96,199680,33376,2405,0.00507601252442975,0.425925865409801,0.0062564828668066,0.00552929935302905,D0446,V0176,H0085,6,2,4,0,0.3397854,0.3397854,FIM_SCENARIO_VALID,2,2,1184,2368,7.419140625e-06
RECT_E17_A20,17,20,1;5,3;5,11;15;21;25,2,2,4,4160,260,4420,4,64,133120,33344,2275,0.000344676035335487,0.0886973630076359,0.000460426108406573,0.000407091540072427,D0536,V0014,H0041,4,2,4,0,0.3207799,0.3207799,FIM_SCENARIO_VALID,2,2,1184,2368,7.7720703125e-06
RECT_E17_A21,17,21,1;5,1;3;5,1;5;11;15;21;25,2,3,6,4160,390,4550,6,96,199680,33376,2405,0.00548960803487041,0.433387935914167,0.00615991323112541,0.00597990400223439,D0190,V0176,H0085,6,2,4,0,0.3223849,0.3223849,FIM_SCENARIO_VALID,2,2,1184,2368,7.419140625e-06
RECT_E17_A22,17,22,1;5,2;3;5,6;10;11;15;21;25,2,3,6,4160,390,4550,6,96,199680,33376,2405,0.00511205109383283,0.457827372954135,0.0059516358289568,0.00556863497175269,D0190,V0212,H0085,6,2,4,0,0.3197603,0.3197603,FIM_SCENARIO_VALID,2,2,1184,2368,7.419140625e-06
RECT_E17_A23,17,23,1;5,1;2;3;5,1;5;6;10;11;15;21;25,2,4,8,4160,520,4680,8,128,266240,33408,2535,0.00626507457808433,0.547856917547224,0.00632248055976848,0.0068244467431976,D0190,V0176,H0085,8,2,4,0,0.3433311,0.3433311,FIM_SCENARIO_VALID,2,2,1184,2368,7.384765625e-06
RECT_E17_A24,17,24,1;5,4;5,16;20;21;25,2,2,4,4160,260,4420,4,64,133120,33344,2275,0.000511328422459194,0.0784777344153951,0.000669841589095674,0.000602938068523876,D0536,V0018,H0041,4,2,4,0,0.3513908,0.3513908,FIM_SCENARIO_VALID,2,2,1184,2368,7.7720703125e-06
RECT_E17_A25,17,25,1;5,1;4;5,1;5;16;20;21;25,2,3,6,4160,390,4550,6,96,199680,33376,2405,0.00506068219670749,0.426694853566637,0.00584495136507607,0.00551268465176102,D0190,V0212,H0085,6,2,4,0,0.3188725,0.3188725,FIM_SCENARIO_VALID,2,2,1184,2368,7.419140625e-06
RECT_E17_A26,17,26,1;5,2;4;5,6;10;16;20;21;25,2,3,6,4160,390,4550,6,96,199680,33376,2405,0.00455102104484274,0.465075301567125,0.00544450259930495,0.00495748997534828,D0190,V0212,H0085,6,2,4,0,0.3186849,0.3186849,FIM_SCENARIO_VALID,2,2,1184,2368,7.419140625e-06
RECT_E17_A27,17,27,1;5,1;2;4;5,1;5;6;10;16;20;21;25,2,4,8,4160,520,4680,8,128,266240,33408,2535,0.00628354981733122,0.549324434506548,0.00653882157527658,0.00683656526181565,D0062,V0176,H0085,8,2,4,0,0.3353254,0.3353254,FIM_SCENARIO_VALID,2,2,1184,2368,7.384765625e-06
RECT_E17_A28,17,28,1;5,3;4;5,11;15;16;20;21;25,2,3,6,4160,390,4550,6,96,199680,33376,2405,0.00402656837591262,0.49455469148908,0.00487916986976618,0.00438620320507304,D0190,V0212,H0085,6,2,4,0,0.3430126,0.3430126,FIM_SCENARIO_VALID,2,2,1184,2368,7.419140625e-06
RECT_E17_A29,17,29,1;5,1;3;4;5,1;5;11;15;16;20;21;25,2,4,8,4160,520,4680,8,128,266240,33408,2535,0.00634683193548565,0.548897829881831,0.0070613587656486,0.0069136174390324,D0446,V0176,H0085,8,2,4,0,0.3540833,0.3540833,FIM_SCENARIO_VALID,2,2,1184,2368,7.384765625e-06
RECT_E17_A30,17,30,1;5,2;3;4;5,6;10;11;15;16;20;21;25,2,4,8,4160,520,4680,8,128,266240,33408,2535,0.00626078849021724,0.548331230866236,0.00798990273037574,0.00681984041975828,D0446,V0176,H0085,8,2,4,0,0.3297707,0.3297707,FIM_SCENARIO_VALID,2,2,1184,2368,7.384765625e-06
RECT_E17_A31,17,31,1;5,1;2;3;4;5,1;5;6;10;11;15;16;20;21;25,2,5,10,4160,650,4810,10,160,332800,33440,2665,0.014018734530574,0.558863814258665,0.015054805888103,0.0152684120161506,D0190,V0176,H0085,10,2,4,0,0.3624643,0.3624643,FIM_SCENARIO_VALID,2,2,1184,2368,7.5923828125e-06
RECT_E18_A01,18,1,2;5,1,2;5,2,1,2,4160,130,4290,2,32,66560,33312,2145,0,0,0,0,D0001,V0001,H0001,2,2,3,0,0.3072015,0.3072015,SUBSET_FIM_RANK_LOSS,2,2,1184,2368,7.51171875e-06
RECT_E18_A02,18,2,2;5,2,7;10,2,1,2,4160,130,4290,2,32,66560,33312,2145,0,0,0,0,D0001,V0001,H0001,2,2,3,0,0.3183947,0.3183947,SUBSET_FIM_RANK_LOSS,2,2,1184,2368,7.51171875e-06
RECT_E18_A03,18,3,2;5,1;2,2;5;7;10,2,2,4,4160,260,4420,4,64,133120,33344,2275,0.000542511828443671,0.0803375085928182,0.000858805609518305,0.000639575268736424,D0152,V0270,H0041,4,2,4,0,0.3203096,0.3203096,FIM_SCENARIO_VALID,2,2,1184,2368,7.7720703125e-06
RECT_E18_A04,18,4,2;5,3,12;15,2,1,2,4160,130,4290,2,32,66560,33312,2145,0,0,0,0,D0001,V0001,H0001,2,2,3,0,0.3140981,0.3140981,SUBSET_FIM_RANK_LOSS,2,2,1184,2368,7.51171875e-06
RECT_E18_A05,18,5,2;5,1;3,2;5;12;15,2,2,4,4160,260,4420,4,64,133120,33344,2275,0.000365468032582522,0.0912384316025396,0.000895457655628938,0.000365468333808603,D0189,V0270,H0041,4,2,4,0,0.3231747,0.3231747,FIM_SCENARIO_VALID,2,2,1184,2368,7.7720703125e-06
RECT_E18_A06,18,6,2;5,2;3,7;10;12;15,2,2,4,4160,260,4420,4,64,133120,33344,2275,7.9746264654806e-05,0.152516799628294,7.22763909205975e-05,7.97463304347587e-05,D0189,V0266,H0085,4,2,4,0,0.3194532,0.3194532,FIM_SCENARIO_VALID,2,2,1184,2368,7.7720703125e-06
RECT_E18_A07,18,7,2;5,1;2;3,2;5;7;10;12;15,2,3,6,4160,390,4550,6,96,199680,33376,2405,0.00390962974382537,0.526382534912839,0.00617328168012882,0.00425815500501226,D0446,V0032,H0085,6,2,4,0,0.3167606,0.3167606,FIM_SCENARIO_VALID,2,2,1184,2368,7.419140625e-06
RECT_E18_A08,18,8,2;5,4,17;20,2,1,2,4160,130,4290,2,32,66560,33312,2145,0,0,0,0,D0001,V0001,H0001,2,2,3,0,0.2957031,0.2957031,SUBSET_FIM_RANK_LOSS,2,2,1184,2368,7.51171875e-06
RECT_E18_A09,18,9,2;5,1;4,2;5;17;20,2,2,4,4160,260,4420,4,64,133120,33344,2275,0.000115358588706103,0.0993409554426434,9.20964265736582e-05,0.000115358683860557,D0189,V0266,H0085,4,2,4,0,0.3413998,0.3413998,FIM_SCENARIO_VALID,2,2,1184,2368,7.7720703125e-06
RECT_E18_A10,18,10,2;5,2;4,7;10;17;20,2,2,4,4160,260,4420,4,64,133120,33344,2275,1.60827855671891e-05,0.191989491661346,0.000560112828145948,1.60827862066553e-05,D0061,V0014,H0085,4,2,4,0,0.3077574,0.3077574,FIM_SCENARIO_VALID,2,2,1184,2368,7.7720703125e-06
RECT_E18_A11,18,11,2;5,1;2;4,2;5;7;10;17;20,2,3,6,4160,390,4550,6,96,199680,33376,2405,0.00440464422363751,0.498905628494328,0.00635091613472179,0.00479724078635323,D0446,V0176,H0085,6,2,4,0,0.3511818,0.3511818,FIM_SCENARIO_VALID,2,2,1184,2368,7.419140625e-06
RECT_E18_A12,18,12,2;5,3;4,12;15;17;20,2,2,4,4160,260,4420,4,64,133120,33344,2275,0.00014350377194922,0.151402763470197,0.000604119961171886,0.000143503871513322,D0445,V0014,H0041,4,2,4,0,0.3266044,0.3266044,FIM_SCENARIO_VALID,2,2,1184,2368,7.7720703125e-06
RECT_E18_A13,18,13,2;5,1;3;4,2;5;12;15;17;20,2,3,6,4160,390,4550,6,96,199680,33376,2405,0.00494106870103099,0.489944360076647,0.00642972420976917,0.00538147799916838,D0446,V0176,H0085,6,2,4,0,0.3678,0.3678,FIM_SCENARIO_VALID,2,2,1184,2368,7.419140625e-06
RECT_E18_A14,18,14,2;5,2;3;4,7;10;12;15;17;20,2,3,6,4160,390,4550,6,96,199680,33376,2405,0.00563105958038967,0.507639272570356,0.0064406227201583,0.00613287149186002,D0190,V0176,H0085,6,2,4,0,0.3217765,0.3217765,FIM_SCENARIO_VALID,2,2,1184,2368,7.419140625e-06
RECT_E18_A15,18,15,2;5,1;2;3;4,2;5;7;10;12;15;17;20,2,4,8,4160,520,4680,8,128,266240,33408,2535,0.00595844136096444,0.584813773110643,0.00645294853969082,0.00648939996380988,D0190,V0176,H0085,8,2,4,0,0.3678115,0.3678115,FIM_SCENARIO_VALID,2,2,1184,2368,7.384765625e-06
RECT_E18_A16,18,16,2;5,5,22;25,2,1,2,4160,130,4290,2,32,66560,33312,2145,0,0,0,0,D0001,V0001,H0001,2,2,3,0,0.334069,0.334069,SUBSET_FIM_RANK_LOSS,2,2,1184,2368,7.51171875e-06
RECT_E18_A17,18,17,2;5,1;5,2;5;22;25,2,2,4,4160,260,4420,4,64,133120,33344,2275,1.72326183259533e-05,0.0999662941862939,0.000285355094517589,1.72326189295609e-05,D0061,V0014,H0041,4,2,4,0,0.3253096,0.3253096,FIM_SCENARIO_VALID,2,2,1184,2368,7.7720703125e-06
RECT_E18_A18,18,18,2;5,2;5,7;10;22;25,2,2,4,4160,260,4420,4,64,133120,33344,2275,0.000185296250866496,0.0983992255920259,0.000331583331698548,0.000185296396743737,D0445,V0014,H0041,4,2,4,0,0.3524259,0.3524259,FIM_SCENARIO_VALID,2,2,1184,2368,7.7720703125e-06
RECT_E18_A19,18,19,2;5,1;2;5,2;5;7;10;22;25,2,3,6,4160,390,4550,6,96,199680,33376,2405,0.00489047568351808,0.45725398604626,0.0061632564477889,0.00532637787028022,D0446,V0176,H0085,6,2,4,0,0.3659621,0.3659621,FIM_SCENARIO_VALID,2,2,1184,2368,7.419140625e-06
RECT_E18_A20,18,20,2;5,3;5,12;15;22;25,2,2,4,4160,260,4420,4,64,133120,33344,2275,0.000371767198071211,0.0906515984227508,0.000504368784545972,0.000383557202707739,D0408,V0014,H0041,4,2,4,0,0.3175441,0.3175441,FIM_SCENARIO_VALID,2,2,1184,2368,7.7720703125e-06
RECT_E18_A21,18,21,2;5,1;3;5,2;5;12;15;22;25,2,3,6,4160,390,4550,6,96,199680,33376,2405,0.00529290648810913,0.463197458969506,0.00606882244091248,0.00576462864090346,D0190,V0176,H0085,6,2,4,0,0.3192863,0.3192863,FIM_SCENARIO_VALID,2,2,1184,2368,7.419140625e-06
RECT_E18_A22,18,22,2;5,2;3;5,7;10;12;15;22;25,2,3,6,4160,390,4550,6,96,199680,33376,2405,0.00492987728478828,0.490787161857074,0.00586510303681679,0.00536924432607996,D0190,V0212,H0085,6,2,4,0,0.331647,0.331647,FIM_SCENARIO_VALID,2,2,1184,2368,7.419140625e-06
RECT_E18_A23,18,23,2;5,1;2;3;5,2;5;7;10;12;15;22;25,2,4,8,4160,520,4680,8,128,266240,33408,2535,0.00603800569368433,0.586502909379667,0.00622722321870568,0.00657604038913732,D0190,V0103,H0085,8,2,4,0,0.3084284,0.3084284,FIM_SCENARIO_VALID,2,2,1184,2368,7.384765625e-06
RECT_E18_A24,18,24,2;5,4;5,17;20;22;25,2,2,4,4160,260,4420,4,64,133120,33344,2275,0.000547688826451338,0.0800609070289499,0.000741296457510758,0.00064578406382021,D0408,V0014,H0041,4,2,4,0,0.3184138,0.3184138,FIM_SCENARIO_VALID,2,2,1184,2368,7.7720703125e-06
RECT_E18_A25,18,25,2;5,1;4;5,2;5;17;20;22;25,2,3,6,4160,390,4550,6,96,199680,33376,2405,0.00488016413754866,0.457728278962284,0.00575943055492731,0.00531510328054507,D0190,V0212,H0085,6,2,4,0,0.3279284,0.3279284,FIM_SCENARIO_VALID,2,2,1184,2368,7.419140625e-06
RECT_E18_A26,18,26,2;5,2;4;5,7;10;17;20;22;25,2,3,6,4160,390,4550,6,96,199680,33376,2405,0.00438952951020454,0.499975969872294,0.00536659837513644,0.00478073277835063,D0190,V0212,H0085,6,2,4,0,0.3219089,0.3219089,FIM_SCENARIO_VALID,2,2,1184,2368,7.419140625e-06
RECT_E18_A27,18,27,2;5,1;2;4;5,2;5;7;10;17;20;22;25,2,4,8,4160,520,4680,8,128,266240,33408,2535,0.00616560831040089,0.586557684402681,0.0064396427936633,0.00670332743709351,D0062,V0103,H0085,8,2,4,0,0.3404071,0.3404071,FIM_SCENARIO_VALID,2,2,1184,2368,7.384765625e-06
RECT_E18_A28,18,28,2;5,3;4;5,12;15;17;20;22;25,2,3,6,4160,390,4550,6,96,199680,33376,2405,0.00388421271327494,0.526072171590291,0.00481073612633011,0.00423039783920669,D0190,V0252,H0085,6,2,4,0,0.3381915,0.3381915,FIM_SCENARIO_VALID,2,2,1184,2368,7.419140625e-06
RECT_E18_A29,18,29,2;5,1;3;4;5,2;5;12;15;17;20;22;25,2,4,8,4160,520,4680,8,128,266240,33408,2535,0.00611900468289016,0.586580719523405,0.00695397394922565,0.00666434123811962,D0446,V0103,H0085,8,2,4,0,0.3066005,0.3066005,FIM_SCENARIO_VALID,2,2,1184,2368,7.384765625e-06
RECT_E18_A30,18,30,2;5,2;3;4;5,7;10;12;15;17;20;22;25,2,4,8,4160,520,4680,8,128,266240,33408,2535,0.00603381292503014,0.586748305318598,0.00786761480621737,0.0065715550025146,D0446,V0103,H0085,8,2,4,0,0.3434456,0.3434456,FIM_SCENARIO_VALID,2,2,1184,2368,7.384765625e-06
RECT_E18_A31,18,31,2;5,1;2;3;4;5,2;5;7;10;12;15;17;20;22;25,2,5,10,4160,650,4810,10,160,332800,33440,2665,0.0135121022853604,0.58679314866749,0.0148407313165476,0.0147151113868131,D0190,V0103,H0085,10,2,4,0,0.3414663,0.3414663,FIM_SCENARIO_VALID,2,2,1184,2368,7.5923828125e-06
RECT_E19_A01,19,1,1;2;5,1,1;2;5,3,1,3,6240,195,6435,3,48,99840,33328,4290,1.23086577173454e-11,7.79213654947304e-10,4.08254551106348e-12,1.42996829884822e-11,D0032,V0102,H0194,3,2,4,0,0.3289713,0.3289713,FIM_SCENARIO_VALID,2,2,1184,2368,1.05943359375e-05
RECT_E19_A02,19,2,1;2;5,2,6;7;10,3,1,3,6240,195,6435,3,48,99840,33328,4290,0,3.19816757960372e-09,2.49821623814465e-11,0,D0513,V0036,H0072,3,2,3,0,0.3614537,0.3614537,SUBSET_FIM_RANK_LOSS,2,2,1184,2368,1.05943359375e-05
RECT_E19_A03,19,3,1;2;5,1;2,1;2;5;6;7;10,3,2,6,6240,390,6630,6,96,199680,33376,4485,0.00060228425683417,0.0860437919395802,0.00138124764962682,0.000710083662342751,D0152,V0270,H0041,6,2,4,0,0.3457982,0.3457982,FIM_SCENARIO_VALID,2,2,1184,2368,1.1816015625e-05
RECT_E19_A04,19,4,1;2;5,3,11;12;15,3,1,3,6240,195,6435,3,48,99840,33328,4290,5.23611807446784e-11,0,0,5.60723656319551e-11,D0104,V0168,H0215,3,2,4,0,0.3136403,0.3136403,FIM_SCENARIO_VALID,2,2,1184,2368,1.05943359375e-05
RECT_E19_A05,19,5,1;2;5,1;3,1;2;5;11;12;15,3,2,6,6240,390,6630,6,96,199680,33376,4485,0.000413433830258352,0.0957462510138457,0.00123177828514904,0.000488331771766782,D0144,V0270,H0041,6,2,4,0,0.3092787,0.3092787,FIM_SCENARIO_VALID,2,2,1184,2368,1.1816015625e-05
RECT_E19_A06,19,6,1;2;5,2;3,6;7;10;11;12;15,3,2,6,6240,390,6630,6,96,199680,33376,4485,0.000484614058845072,0.157014883070277,0.00121662316236073,0.000574109680526087,D0136,V0266,H0041,6,2,4,0,0.333049,0.333049,FIM_SCENARIO_VALID,2,2,1184,2368,1.1816015625e-05
RECT_E19_A07,19,7,1;2;5,1;2;3,1;2;5;6;7;10;11;12;15,3,3,9,6240,585,6825,9,144,299520,33424,4680,0.244180954590325,0.579738921144634,0.289295237644258,0.296424207350227,D0414,V0234,H0230,9,2,4,0,0.3287054,0.3287054,FIM_SCENARIO_VALID,2,2,1184,2368,1.254296875e-05
RECT_E19_A08,19,8,1;2;5,4,16;17;20,3,1,3,6240,195,6435,3,48,99840,33328,4290,1.63845050975348e-11,1.58823604101425e-10,9.02966037780032e-12,1.76817692565533e-11,D0640,V0288,H0119,3,2,4,0,0.3275647,0.3275647,FIM_SCENARIO_VALID,2,2,1184,2368,1.05943359375e-05
RECT_E19_A09,19,9,1;2;5,1;4,1;2;5;16;17;20,3,2,6,6240,390,6630,6,96,199680,33376,4485,0.000253244889691795,0.102311451805893,0.000930495477937753,0.000299888419927139,D0136,V0270,H0041,6,2,4,0,0.3014827,0.3014827,FIM_SCENARIO_VALID,2,2,1184,2368,1.1816015625e-05
RECT_E19_A10,19,10,1;2;5,2;4,6;7;10;16;17;20,3,2,6,6240,390,6630,6,96,199680,33376,4485,0.00047395563100743,0.195212358682237,0.000958534812382448,0.000563383465137128,D0152,V0014,H0041,6,2,4,0,0.3664472,0.3664472,FIM_SCENARIO_VALID,2,2,1184,2368,1.1816015625e-05
RECT_E19_A11,19,11,1;2;5,1;2;4,1;2;5;6;7;10;16;17;20,3,3,9,6240,585,6825,9,144,299520,33424,4680,0.28177166870514,0.570027065378471,0.323985924088508,0.342095200080949,D0414,V0234,H0230,9,2,4,0,0.303573,0.303573,FIM_SCENARIO_VALID,2,2,1184,2368,1.254296875e-05
RECT_E19_A12,19,12,1;2;5,3;4,11;12;15;16;17;20,3,2,6,6240,390,6630,6,96,199680,33376,4485,0.000485703933225548,0.15558719929835,0.00110814834781521,0.000575263319647088,D0400,V0014,H0041,6,2,4,0,0.3574507,0.3574507,FIM_SCENARIO_VALID,2,2,1184,2368,1.1816015625e-05
RECT_E19_A13,19,13,1;2;5,1;3;4,1;2;5;11;12;15;16;17;20,3,3,9,6240,585,6825,9,144,299520,33424,4680,0.31881863058462,0.569585931934686,0.357144443558795,0.387088472820398,D0414,V0234,H0230,9,2,4,0,0.3132922,0.3132922,FIM_SCENARIO_VALID,2,2,1184,2368,1.254296875e-05
RECT_E19_A14,19,14,1;2;5,2;3;4,6;7;10;11;12;15;16;17;20,3,3,9,6240,585,6825,9,144,299520,33424,4680,0.370631483909268,0.594193482171511,0.38881638367912,0.449789761396184,D0414,V0234,H0041,9,2,4,0,0.3351884,0.3351884,FIM_SCENARIO_VALID,2,2,1184,2368,1.254296875e-05
RECT_E19_A15,19,15,1;2;5,1;2;3;4,1;2;5;6;7;10;11;12;15;16;17;20,3,4,12,6240,780,7020,12,192,399360,33472,4875,0.418665687444143,0.663680147081621,0.420857393000893,0.489801416674547,D0152,V0054,H0041,12,2,4,0,0.3404764,0.3404764,FIM_SCENARIO_VALID,2,2,1184,2368,1.1918359375e-05
RECT_E19_A16,19,16,1;2;5,5,21;22;25,3,1,3,6240,195,6435,3,48,99840,33328,4290,2.24437245574265e-10,9.06176963299864e-10,1.97517387049765e-10,2.66853849387708e-10,D0280,V0060,H0163,3,2,4,0,0.304298,0.304298,FIM_SCENARIO_VALID,2,2,1184,2368,1.05943359375e-05
RECT_E19_A17,19,17,1;2;5,1;5,1;2;5;21;22;25,3,2,6,6240,390,6630,6,96,199680,33376,4485,0.000106877201273385,0.101182019150932,0.000421609772061762,0.000123925652817838,D0016,V0014,H0041,6,2,4,0,0.286924,0.286924,FIM_SCENARIO_VALID,2,2,1184,2368,1.1816015625e-05
RECT_E19_A18,19,18,1;2;5,2;5,6;7;10;21;22;25,3,2,6,6240,390,6630,6,96,199680,33376,4485,0.000254544069857547,0.101164801431783,0.000710767019323561,0.000301326067017357,D0400,V0014,H0041,6,2,4,0,0.3131503,0.3131503,FIM_SCENARIO_VALID,2,2,1184,2368,1.1816015625e-05
RECT_E19_A19,19,19,1;2;5,1;2;5,1;2;5;6;7;10;21;22;25,3,3,9,6240,585,6825,9,144,299520,33424,4680,0.317462306730605,0.542653723838491,0.353829994211842,0.385435413057523,D0414,V0234,H0230,9,2,4,0,0.3538376,0.3538376,FIM_SCENARIO_VALID,2,2,1184,2368,1.254296875e-05
RECT_E19_A20,19,20,1;2;5,3;5,11;12;15;21;22;25,3,2,6,6240,390,6630,6,96,199680,33376,4485,0.000415081025307291,0.0948975065164284,0.00114327263750037,0.000490279259975614,D0408,V0014,H0041,6,2,4,0,0.3664865,0.3664865,FIM_SCENARIO_VALID,2,2,1184,2368,1.1816015625e-05
RECT_E19_A21,19,21,1;2;5,1;3;5,1;2;5;11;12;15;21;22;25,3,3,9,6240,585,6825,9,144,299520,33424,4680,0.348461377770822,0.548835664603675,0.365699319794994,0.422926497131726,D0414,V0234,H0041,9,2,4,0,0.3441774,0.3441774,FIM_SCENARIO_VALID,2,2,1184,2368,1.254296875e-05
RECT_E19_A22,19,22,1;2;5,2;3;5,6;7;10;11;12;15;21;22;25,3,3,9,6240,585,6825,9,144,299520,33424,4680,0.318865650506623,0.569991596950567,0.339444111945955,0.387330170554503,D0158,V0014,H0041,9,2,4,0,0.3266749,0.3266749,FIM_SCENARIO_VALID,2,2,1184,2368,1.254296875e-05
RECT_E19_A23,19,23,1;2;5,1;2;3;5,1;2;5;6;7;10;11;12;15;21;22;25,3,4,12,6240,780,7020,12,192,399360,33472,4875,0.406004271040568,0.658628463304351,0.418768336496274,0.47215867292244,D0030,V0122,H0165,12,2,4,0,0.3299721,0.3299721,FIM_SCENARIO_VALID,2,2,1184,2368,1.1918359375e-05
RECT_E19_A24,19,24,1;2;5,4;5,16;17;20;21;22;25,3,2,6,6240,390,6630,6,96,199680,33376,4485,0.000608322165375034,0.0853567183101406,0.00161090540492668,0.000717375593070128,D0408,V0014,H0041,6,2,4,0,0.3083129,0.3083129,FIM_SCENARIO_VALID,2,2,1184,2368,1.1816015625e-05
RECT_E19_A25,19,25,1;2;5,1;4;5,1;2;5;16;17;20;21;22;25,3,3,9,6240,585,6825,9,144,299520,33424,4680,0.317507424127566,0.543081273383629,0.336991852011982,0.385673293656134,D0158,V0014,H0041,9,2,4,0,0.3249432,0.3249432,FIM_SCENARIO_VALID,2,2,1184,2368,1.254296875e-05
RECT_E19_A26,19,26,1;2;5,2;4;5,6;7;10;16;17;20;21;22;25,3,3,9,6240,585,6825,9,144,299520,33424,4680,0.281823282264822,0.570214580611115,0.3039735995908,0.34232214336089,D0158,V0014,H0041,9,2,4,0,0.3291714,0.3291714,FIM_SCENARIO_VALID,2,2,1184,2368,1.254296875e-05
RECT_E19_A27,19,27,1;2;5,1;2;4;5,1;2;5;6;7;10;16;17;20;21;22;25,3,4,12,6240,780,7020,12,192,399360,33472,4875,0.400487766937942,0.655727327736953,0.416375155116265,0.464275326846697,D0008,V0126,H0144,12,2,4,0,0.3480097,0.3480097,FIM_SCENARIO_VALID,2,2,1184,2368,1.1918359375e-05
RECT_E19_A28,19,28,1;2;5,3;4;5,11;12;15;16;17;20;21;22;25,3,3,9,6240,585,6825,9,144,299520,33424,4680,0.244229349424842,0.579580983568411,0.267339335012782,0.296625855440486,D0158,V0054,H0041,9,2,4,0,0.3422709,0.3422709,FIM_SCENARIO_VALID,2,2,1184,2368,1.254296875e-05
RECT_E19_A29,19,29,1;2;5,1;3;4;5,1;2;5;11;12;15;16;17;20;21;22;25,3,4,12,6240,780,7020,12,192,399360,33472,4875,0.406232573734989,0.658487385549762,0.408234597387705,0.472340813254027,D0030,V0126,H0144,12,2,4,0,0.4069636,0.4069636,FIM_SCENARIO_VALID,2,2,1184,2368,1.1918359375e-05
RECT_E19_A30,19,30,1;2;5,2;3;4;5,6;7;10;11;12;15;16;17;20;21;22;25,3,4,12,6240,780,7020,12,192,399360,33472,4875,0.418972963059261,0.663526187224712,0.420899059884958,0.490040225193557,D0408,V0270,H0144,12,2,4,0,0.3351378,0.3351378,FIM_SCENARIO_VALID,2,2,1184,2368,1.1918359375e-05
RECT_E19_A31,19,31,1;2;5,1;2;3;4;5,1;2;5;6;7;10;11;12;15;16;17;20;21;22;25,3,5,15,6240,975,7215,15,240,499200,33520,5070,0.773286293270224,0.853663478775603,0.777866691124057,0.845431605556679,D0318,V0014,H0121,15,2,4,0,0.3659763,0.3659763,FIM_SCENARIO_VALID,2,2,1184,2368,1.2115625e-05
RECT_E20_A01,20,1,3;5,1,3;5,2,1,2,4160,130,4290,2,32,66560,33312,2145,0,0,0,0,D0001,V0001,H0001,2,2,3,0,0.312021,0.312021,SUBSET_FIM_RANK_LOSS,2,2,1184,2368,7.51171875e-06
RECT_E20_A02,20,2,3;5,2,8;10,2,1,2,4160,130,4290,2,32,66560,33312,2145,0,0,0,0,D0001,V0001,H0001,2,2,3,0,0.3106572,0.3106572,SUBSET_FIM_RANK_LOSS,2,2,1184,2368,7.51171875e-06
RECT_E20_A03,20,3,3;5,1;2,3;5;8;10,2,2,4,4160,260,4420,4,64,133120,33344,2275,0.000520485712199696,0.0797849623273429,0.000864214779145193,0.000613606178514951,D0152,V0234,H0041,4,2,4,0,0.3368893,0.3368893,FIM_SCENARIO_VALID,2,2,1184,2368,7.7720703125e-06
RECT_E20_A04,20,4,3;5,3,13;15,2,1,2,4160,130,4290,2,32,66560,33312,2145,0,0,0,0,D0001,V0001,H0001,2,2,3,0,0.3369596,0.3369596,SUBSET_FIM_RANK_LOSS,2,2,1184,2368,7.51171875e-06
RECT_E20_A05,20,5,3;5,1;3,3;5;13;15,2,2,4,4160,260,4420,4,64,133120,33344,2275,0.000342862249037978,0.0907476552168119,0.000899360634061013,0.000342862531807282,D0189,V0234,H0041,4,2,4,0,0.3340218,0.3340218,FIM_SCENARIO_VALID,2,2,1184,2368,7.7720703125e-06
RECT_E20_A06,20,6,3;5,2;3,8;10;13;15,2,2,4,4160,260,4420,4,64,133120,33344,2275,7.44895759718702e-05,0.150623864110619,7.10106477537019e-05,7.44896373512983e-05,D0189,V0234,H0085,4,2,4,0,0.3334083,0.3334083,FIM_SCENARIO_VALID,2,2,1184,2368,7.7720703125e-06
RECT_E20_A07,20,7,3;5,1;2;3,3;5;8;10;13;15,2,3,6,4160,390,4550,6,96,199680,33376,2405,0.00371580975007482,0.507753381809805,0.00599358244421643,0.0040467519611178,D0446,V0140,H0085,6,2,4,0,0.3194521,0.3194521,FIM_SCENARIO_VALID,2,2,1184,2368,7.419140625e-06
RECT_E20_A08,20,8,3;5,4,18;20,2,1,2,4160,130,4290,2,32,66560,33312,2145,0,0,0,0,D0001,V0001,H0001,2,2,3,0,0.3363655,0.3363655,SUBSET_FIM_RANK_LOSS,2,2,1184,2368,7.51171875e-06
RECT_E20_A09,20,9,3;5,1;4,3;5;18;20,2,2,4,4160,260,4420,4,64,133120,33344,2275,0.000107641860796172,0.0991972257814983,9.02737563622836e-05,0.000107641949544879,D0189,V0230,H0085,4,2,4,0,0.2981583,0.2981583,FIM_SCENARIO_VALID,2,2,1184,2368,7.7720703125e-06
RECT_E20_A10,20,10,3;5,2;4,8;10;18;20,2,2,4,4160,260,4420,4,64,133120,33344,2275,1.53817836666093e-05,0.190309982113299,0.000543686168276694,1.53817852181551e-05,D0061,V0230,H0085,4,2,4,0,0.3322363,0.3322363,FIM_SCENARIO_VALID,2,2,1184,2368,7.7720703125e-06
RECT_E20_A11,20,11,3;5,1;2;4,3;5;8;10;18;20,2,3,6,4160,390,4550,6,96,199680,33376,2405,0.00418535673598193,0.477850145580529,0.00616631081849298,0.00455809114267133,D0446,V0140,H0085,6,2,4,0,0.3180701,0.3180701,FIM_SCENARIO_VALID,2,2,1184,2368,7.419140625e-06
RECT_E20_A12,20,12,3;5,3;4,13;15;18;20,2,2,4,4160,260,4420,4,64,133120,33344,2275,0.000135768034997249,0.151061398635613,0.000624511580212882,0.000135768134795189,D0445,V0014,H0041,4,2,4,0,0.3713242,0.3713242,FIM_SCENARIO_VALID,2,2,1184,2368,7.7720703125e-06
RECT_E20_A13,20,13,3;5,1;3;4,3;5;13;15;18;20,2,3,6,4160,390,4550,6,96,199680,33376,2405,0.00469477037646578,0.470014032022769,0.00624318244067635,0.00511287759327582,D0446,V0140,H0085,6,2,4,0,0.3603123,0.3603123,FIM_SCENARIO_VALID,2,2,1184,2368,7.419140625e-06
RECT_E20_A14,20,14,3;5,2;3;4,8;10;13;15;18;20,2,3,6,4160,390,4550,6,96,199680,33376,2405,0.00535314275819478,0.48715172177442,0.00625459845654325,0.00582976145684718,D0190,V0104,H0085,6,2,4,0,0.3814638,0.3814638,FIM_SCENARIO_VALID,2,2,1184,2368,7.419140625e-06
RECT_E20_A15,20,15,3;5,1;2;3;4,3;5;8;10;13;15;18;20,2,4,8,4160,520,4680,8,128,266240,33408,2535,0.00566310896975476,0.551880692453138,0.00626614857830383,0.00616731139991133,D0190,V0103,H0085,8,2,4,0,0.3403757,0.3403757,FIM_SCENARIO_VALID,2,2,1184,2368,7.384765625e-06
RECT_E20_A16,20,16,3;5,5,23;25,2,1,2,4160,130,4290,2,32,66560,33312,2145,0,0,0,0,D0001,V0001,H0001,2,2,2,0,0.2877794,0.2877794,SUBSET_FIM_RANK_LOSS,2,2,1184,2368,7.51171875e-06
RECT_E20_A17,20,17,3;5,1;5,3;5;23;25,2,2,4,4160,260,4420,4,64,133120,33344,2275,1.65030551273085e-05,0.100055757784592,0.000290185657979711,1.65030566097173e-05,D0061,V0014,H0041,4,2,4,0,0.3211971,0.3211971,FIM_SCENARIO_VALID,2,2,1184,2368,7.7720703125e-06
RECT_E20_A18,20,18,3;5,2;5,8;10;23;25,2,2,4,4160,260,4420,4,64,133120,33344,2275,0.000175002535186168,0.0983864946690592,0.000344083672397882,0.00017500267177686,D0445,V0014,H0041,4,2,4,0,0.3225745,0.3225745,FIM_SCENARIO_VALID,2,2,1184,2368,7.7720703125e-06
RECT_E20_A19,20,19,3;5,1;2;5,3;5;8;10;23;25,2,3,6,4160,390,4550,6,96,199680,33376,2405,0.00464706387429217,0.438745768070135,0.00598540272062331,0.00506092313092696,D0446,V0140,H0085,6,2,4,0,0.3279527,0.3279527,FIM_SCENARIO_VALID,2,2,1184,2368,7.419140625e-06
RECT_E20_A20,20,20,3;5,3;5,13;15;23;25,2,2,4,4160,260,4420,4,64,133120,33344,2275,0.000354600946601444,0.0904265696952787,0.000526862054199746,0.000354601236744481,D0445,V0014,H0041,4,2,4,0,0.3113437,0.3113437,FIM_SCENARIO_VALID,2,2,1184,2368,7.7720703125e-06
RECT_E20_A21,20,21,3;5,1;3;5,3;5;13;15;23;25,2,3,6,4160,390,4550,6,96,199680,33376,2405,0.00503262958607289,0.444951331130813,0.00589426512320023,0.00548073979974649,D0190,V0104,H0085,6,2,4,0,0.3199999,0.3199999,FIM_SCENARIO_VALID,2,2,1184,2368,7.419140625e-06
RECT_E20_A22,20,22,3;5,2;3;5,8;10;13;15;23;25,2,3,6,4160,390,4550,6,96,199680,33376,2405,0.00468842968814103,0.469147668659963,0.00569774370574849,0.00510588873511299,D0190,V0104,H0085,6,2,4,0,0.3328886,0.3328886,FIM_SCENARIO_VALID,2,2,1184,2368,7.419140625e-06
RECT_E20_A23,20,23,3;5,1;2;3;5,3;5;8;10;13;15;23;25,2,4,8,4160,520,4680,8,128,266240,33408,2535,0.00573893542306062,0.551795038601417,0.00604653133545423,0.00624987949924008,D0190,V0103,H0085,8,2,4,0,0.3258977,0.3258977,FIM_SCENARIO_VALID,2,2,1184,2368,7.384765625e-06
RECT_E20_A24,20,24,3;5,4;5,18;20;23;25,2,2,4,4160,260,4420,4,64,133120,33344,2275,0.000524807709497765,0.0796211767680094,0.000775231312043992,0.000618788604850048,D0408,V0014,H0041,4,2,4,0,0.3392893,0.3392893,FIM_SCENARIO_VALID,2,2,1184,2368,7.7720703125e-06
RECT_E20_A25,20,25,3;5,1;4;5,3;5;18;20;23;25,2,3,6,4160,390,4550,6,96,199680,33376,2405,0.00464090331033504,0.438223893951585,0.00559454661434321,0.00505413149257164,D0190,V0104,H0085,6,2,4,0,0.3367318,0.3367318,FIM_SCENARIO_VALID,2,2,1184,2368,7.419140625e-06
RECT_E20_A26,20,26,3;5,2;4;5,8;10;18;20;23;25,2,3,6,4160,390,4550,6,96,199680,33376,2405,0.00417530209322282,0.476709919297835,0.00521474309022531,0.00454706679664657,D0190,V0104,H0085,6,2,4,0,0.3504516,0.3504516,FIM_SCENARIO_VALID,2,2,1184,2368,7.419140625e-06
RECT_E20_A27,20,27,3;5,1;2;4;5,3;5;8;10;18;20;23;25,2,4,8,4160,520,4680,8,128,266240,33408,2535,0.00594569074064327,0.551849141894811,0.00625199888340861,0.00646327977116459,D0062,V0103,H0085,8,2,4,0,0.3184547,0.3184547,FIM_SCENARIO_VALID,2,2,1184,2368,7.384765625e-06
RECT_E20_A28,20,28,3;5,3;4;5,13;15;18;20;23;25,2,3,6,4160,390,4550,6,96,199680,33376,2405,0.00369526489417959,0.50603511503425,0.00467613298633325,0.00402430433384085,D0190,V0104,H0085,6,2,4,0,0.3491029,0.3491029,FIM_SCENARIO_VALID,2,2,1184,2368,7.419140625e-06
RECT_E20_A29,20,29,3;5,1;3;4;5,3;5;13;15;18;20;23;25,2,4,8,4160,520,4680,8,128,266240,33408,2535,0.00581790875380146,0.551865254248278,0.00675079042771216,0.00633597126195976,D0446,V0103,H0085,8,2,4,0,0.2909644,0.2909644,FIM_SCENARIO_VALID,2,2,1184,2368,7.384765625e-06
RECT_E20_A30,20,30,3;5,2;3;4;5,8;10;13;15;18;20;23;25,2,4,8,4160,520,4680,8,128,266240,33408,2535,0.00573510963149039,0.552013544392747,0.00763678945434858,0.00624580834617616,D0446,V0103,H0085,8,2,4,0,0.3626591,0.3626591,FIM_SCENARIO_VALID,2,2,1184,2368,7.384765625e-06
RECT_E20_A31,20,31,3;5,1;2;3;4;5,3;5;8;10;13;15;18;20;23;25,2,5,10,4160,650,4810,10,160,332800,33440,2665,0.0128466491845369,0.552054555056675,0.0144211557727072,0.0139897697325093,D0190,V0103,H0085,10,2,4,0,0.3292765,0.3292765,FIM_SCENARIO_VALID,2,2,1184,2368,7.5923828125e-06
RECT_E21_A01,21,1,1;3;5,1,1;3;5,3,1,3,6240,195,6435,3,48,99840,33328,4290,0,4.66831660735776e-10,0,0,D0001,V0246,H0205,3,2,3,0,0.3095596,0.3095596,SUBSET_FIM_RANK_LOSS,2,2,1184,2368,1.05943359375e-05
RECT_E21_A02,21,2,1;3;5,2,6;8;10,3,1,3,6240,195,6435,3,48,99840,33328,4290,5.44986979696537e-12,1.69475530920128e-11,7.93453100235077e-12,6.42286781193277e-12,D0536,V0036,H0209,3,2,4,0,0.32705,0.32705,FIM_SCENARIO_VALID,2,2,1184,2368,1.05943359375e-05
RECT_E21_A03,21,3,1;3;5,1;2,1;3;5;6;8;10,3,2,6,6240,390,6630,6,96,199680,33376,4485,0.000550487503428766,0.0865430386994247,0.00119963947417705,0.000648993635111515,D0152,V0270,H0041,6,2,4,0,0.3349346,0.3349346,FIM_SCENARIO_VALID,2,2,1184,2368,1.1816015625e-05
RECT_E21_A04,21,4,1;3;5,3,11;13;15,3,1,3,6240,195,6435,3,48,99840,33328,4290,1.17445410024245e-10,0,0,1.25777184421324e-10,D0080,V0200,H0085,3,2,4,0,0.3019093,0.3019093,FIM_SCENARIO_VALID,2,2,1184,2368,1.05943359375e-05
RECT_E21_A05,21,5,1;3;5,1;3,1;3;5;11;13;15,3,2,6,6240,390,6630,6,96,199680,33376,4485,0.000377710718261564,0.096078682005983,0.00111353955090119,0.00044612693495663,D0144,V0270,H0041,6,2,4,0,0.3264142,0.3264142,FIM_SCENARIO_VALID,2,2,1184,2368,1.1816015625e-05
RECT_E21_A06,21,6,1;3;5,2;3,6;8;10;11;13;15,3,2,6,6240,390,6630,6,96,199680,33376,4485,0.00044279374560566,0.157342178163796,0.00108503680922777,0.000524579079096215,D0136,V0266,H0041,6,2,4,0,0.3393586,0.3393586,FIM_SCENARIO_VALID,2,2,1184,2368,1.1816015625e-05
RECT_E21_A07,21,7,1;3;5,1;2;3,1;3;5;6;8;10;11;13;15,3,3,9,6240,585,6825,9,144,299520,33424,4680,0.24434835223064,0.579732719951411,0.28924008466739,0.296627455049834,D0414,V0234,H0230,9,2,4,0,0.3275871,0.3275871,FIM_SCENARIO_VALID,2,2,1184,2368,1.254296875e-05
RECT_E21_A08,21,8,1;3;5,4,16;18;20,3,1,3,6240,195,6435,3,48,99840,33328,4290,1.0469961496044e-10,2.67029938875679e-10,3.19678164908761e-11,1.12547125504237e-10,D0488,V0114,H0085,3,2,4,0,0.3436531,0.3436531,FIM_SCENARIO_VALID,2,2,1184,2368,1.05943359375e-05
RECT_E21_A09,21,9,1;3;5,1;4,1;3;5;16;18;20,3,2,6,6240,390,6630,6,96,199680,33376,4485,0.000230904855193508,0.10248012779182,0.000863761816055891,0.000273443919116347,D0136,V0270,H0041,6,2,4,0,0.347114,0.347114,FIM_SCENARIO_VALID,2,2,1184,2368,1.1816015625e-05
RECT_E21_A10,21,10,1;3;5,2;4,6;8;10;16;18;20,3,2,6,6240,390,6630,6,96,199680,33376,4485,0.000433323423210995,0.195409127492564,0.000830856589671403,0.000515132853865682,D0152,V0014,H0041,6,2,4,0,0.3760787,0.3760787,FIM_SCENARIO_VALID,2,2,1184,2368,1.1816015625e-05
RECT_E21_A11,21,11,1;3;5,1;2;4,1;3;5;6;8;10;16;18;20,3,3,9,6240,585,6825,9,144,299520,33424,4680,0.281977028452681,0.570117021068236,0.323962239603705,0.342344574207636,D0414,V0234,H0230,9,2,4,0,0.3534385,0.3534385,FIM_SCENARIO_VALID,2,2,1184,2368,1.254296875e-05
RECT_E21_A12,21,12,1;3;5,3;4,11;13;15;16;18;20,3,2,6,6240,390,6630,6,96,199680,33376,4485,0.000443407659236845,0.155875545192533,0.000911129149375523,0.000525153912174398,D0400,V0014,H0041,6,2,4,0,0.3415037,0.3415037,FIM_SCENARIO_VALID,2,2,1184,2368,1.1816015625e-05
RECT_E21_A13,21,13,1;3;5,1;3;4,1;3;5;11;13;15;16;18;20,3,3,9,6240,585,6825,9,144,299520,33424,4680,0.319058603786519,0.569714000198752,0.357161413065902,0.387379855308834,D0414,V0234,H0230,9,2,4,0,0.3540392,0.3540392,FIM_SCENARIO_VALID,2,2,1184,2368,1.254296875e-05
RECT_E21_A14,21,14,1;3;5,2;3;4,6;8;10;11;13;15;16;18;20,3,3,9,6240,585,6825,9,144,299520,33424,4680,0.370917924247135,0.594310844546927,0.389045831530626,0.450137425200391,D0414,V0234,H0041,9,2,4,0,0.3443643,0.3443643,FIM_SCENARIO_VALID,2,2,1184,2368,1.254296875e-05
RECT_E21_A15,21,15,1;3;5,1;2;3;4,1;3;5;6;8;10;11;13;15;16;18;20,3,4,12,6240,780,7020,12,192,399360,33472,4875,0.4190121617781,0.663694866344101,0.421126069245704,0.49019511018584,D0152,V0054,H0041,12,2,4,0,0.3957281,0.3957281,FIM_SCENARIO_VALID,2,2,1184,2368,1.1918359375e-05
RECT_E21_A16,21,16,1;3;5,5,21;23;25,3,1,3,6240,195,6435,3,48,99840,33328,4290,3.82958839487236e-12,2.03334202956703e-11,1.32804458424623e-10,4.53698606823707e-12,D0264,V0132,H0017,3,2,4,0,0.3114096,0.3114096,FIM_SCENARIO_VALID,2,2,1184,2368,1.05943359375e-05
RECT_E21_A17,21,17,1;3;5,1;5,1;3;5;21;23;25,3,2,6,6240,390,6630,6,96,199680,33376,4485,8.82885887347664e-05,0.101208286238652,0.00037487150433328,0.000102372153323683,D0016,V0014,H0041,6,2,4,0,0.317529,0.317529,FIM_SCENARIO_VALID,2,2,1184,2368,1.1816015625e-05
RECT_E21_A18,21,18,1;3;5,2;5,6;8;10;21;23;25,3,2,6,6240,390,6630,6,96,199680,33376,4485,0.000231683039557456,0.101302398005765,0.000566488539526364,0.000274260265525388,D0400,V0014,H0041,6,2,4,0,0.2716105,0.2716105,FIM_SCENARIO_VALID,2,2,1184,2368,1.1816015625e-05
RECT_E21_A19,21,19,1;3;5,1;2;5,1;3;5;6;8;10;21;23;25,3,3,9,6240,585,6825,9,144,299520,33424,4680,0.317703387061398,0.542830203165965,0.353849190879101,0.385728157636515,D0414,V0234,H0230,9,2,4,0,0.3007887,0.3007887,FIM_SCENARIO_VALID,2,2,1184,2368,1.254296875e-05
RECT_E21_A20,21,20,1;3;5,3;5,11;13;15;21;23;25,3,2,6,6240,390,6630,6,96,199680,33376,4485,0.000379730652381808,0.0951731696281158,0.000891995391972657,0.000448481169755005,D0408,V0014,H0041,6,2,4,0,0.3185069,0.3185069,FIM_SCENARIO_VALID,2,2,1184,2368,1.1816015625e-05
RECT_E21_A21,21,21,1;3;5,1;3;5,1;3;5;11;13;15;21;23;25,3,3,9,6240,585,6825,9,144,299520,33424,4680,0.348729934019712,0.549015454078726,0.365901219448994,0.423252459086005,D0414,V0234,H0041,9,2,4,0,0.3179387,0.3179387,FIM_SCENARIO_VALID,2,2,1184,2368,1.254296875e-05
RECT_E21_A22,21,22,1;3;5,2;3;5,6;8;10;11;13;15;21;23;25,3,3,9,6240,585,6825,9,144,299520,33424,4680,0.319111667577848,0.569935528200086,0.33961495141224,0.38762903694078,D0158,V0014,H0041,9,2,4,0,0.3269581,0.3269581,FIM_SCENARIO_VALID,2,2,1184,2368,1.254296875e-05
RECT_E21_A23,21,23,1;3;5,1;2;3;5,1;3;5;6;8;10;11;13;15;21;23;25,3,4,12,6240,780,7020,12,192,399360,33472,4875,0.406260525691033,0.658823229522295,0.418944696185463,0.472514185322583,D0030,V0122,H0165,12,2,4,0,0.3410798,0.3410798,FIM_SCENARIO_VALID,2,2,1184,2368,1.1918359375e-05
RECT_E21_A24,21,24,1;3;5,4;5,16;18;20;21;23;25,3,2,6,6240,390,6630,6,96,199680,33376,4485,0.000556289108768325,0.0857832258264279,0.00126265885462128,0.000655951053054955,D0408,V0014,H0041,6,2,4,0,0.2773748,0.2773748,FIM_SCENARIO_VALID,2,2,1184,2368,1.1816015625e-05
RECT_E21_A25,21,25,1;3;5,1;4;5,1;3;5;16;18;20;21;23;25,3,3,9,6240,585,6825,9,144,299520,33424,4680,0.317753506233395,0.543053394256549,0.337160251173391,0.385972266008433,D0158,V0014,H0041,9,2,4,0,0.3288928,0.3288928,FIM_SCENARIO_VALID,2,2,1184,2368,1.254296875e-05
RECT_E21_A26,21,26,1;3;5,2;4;5,6;8;10;16;18;20;21;23;25,3,3,9,6240,585,6825,9,144,299520,33424,4680,0.282034251652115,0.570099276876155,0.304104815269534,0.342578459054931,D0158,V0014,H0041,9,2,4,0,0.3405529,0.3405529,FIM_SCENARIO_VALID,2,2,1184,2368,1.254296875e-05
RECT_E21_A27,21,27,1;3;5,1;2;4;5,1;3;5;6;8;10;16;18;20;21;23;25,3,4,12,6240,780,7020,12,192,399360,33472,4875,0.400784824197572,0.655902430812219,0.416597875150984,0.464622281557223,D0008,V0126,H0144,12,2,4,0,0.3263939,0.3263939,FIM_SCENARIO_VALID,2,2,1184,2368,1.1918359375e-05
RECT_E21_A28,21,28,1;3;5,3;4;5,11;13;15;16;18;20;21;23;25,3,3,9,6240,585,6825,9,144,299520,33424,4680,0.244402096649994,0.579566794168152,0.267431015674099,0.296835702071621,D0158,V0054,H0041,9,2,4,0,0.3382694,0.3382694,FIM_SCENARIO_VALID,2,2,1184,2368,1.254296875e-05
RECT_E21_A29,21,29,1;3;5,1;3;4;5,1;3;5;11;13;15;16;18;20;21;23;25,3,4,12,6240,780,7020,12,192,399360,33472,4875,0.406488547381984,0.658647639317114,0.408455060527926,0.472695120896406,D0030,V0126,H0144,12,2,4,0,0.3489728,0.3489728,FIM_SCENARIO_VALID,2,2,1184,2368,1.1918359375e-05
RECT_E21_A30,21,30,1;3;5,2;3;4;5,6;8;10;11;13;15;16;18;20;21;23;25,3,4,12,6240,780,7020,12,192,399360,33472,4875,0.419320627189687,0.663538823075504,0.421140341590193,0.490434129836911,D0408,V0270,H0144,12,2,4,0,0.3617705,0.3617705,FIM_SCENARIO_VALID,2,2,1184,2368,1.1918359375e-05
RECT_E21_A31,21,31,1;3;5,1;2;3;4;5,1;3;5;6;8;10;11;13;15;16;18;20;21;23;25,3,5,15,6240,975,7215,15,240,499200,33520,5070,0.810132712720102,0.8539273069872,0.813953943227407,0.885750628441708,D0318,V0014,H0057,15,2,4,0,0.3258938,0.3258938,FIM_SCENARIO_VALID,2,2,1184,2368,1.2115625e-05
RECT_E22_A01,22,1,2;3;5,1,2;3;5,3,1,3,6240,195,6435,3,48,99840,33328,4290,2.06209433858241e-09,0,6.49761926472602e-12,2.39587711960624e-09,D0032,V0132,H0062,3,2,4,0,0.3367637,0.3367637,FIM_SCENARIO_VALID,2,2,1184,2368,1.05943359375e-05
RECT_E22_A02,22,2,2;3;5,2,7;8;10,3,1,3,6240,195,6435,3,48,99840,33328,4290,0,0,1.27711545361278e-10,0,D0001,V0065,H0085,3,2,4,0,0.3106345,0.3106345,FIM_SCENARIO_VALID,2,2,1184,2368,1.05943359375e-05
RECT_E22_A03,22,3,2;3;5,1;2,2;3;5;7;8;10,3,2,6,6240,390,6630,6,96,199680,33376,4485,0.000583430616345923,0.0872589671996276,0.00105096933277105,0.000687805267903443,D0152,V0270,H0041,6,2,4,0,0.3240875,0.3240875,FIM_SCENARIO_VALID,2,2,1184,2368,1.1816015625e-05
RECT_E22_A04,22,4,2;3;5,3,12;13;15,3,1,3,6240,195,6435,3,48,99840,33328,4290,5.15635820023746e-10,4.20287630633795e-12,9.72300131321088e-12,5.52265238713553e-10,D0112,V0150,H0227,3,2,4,0,0.3448721,0.3448721,FIM_SCENARIO_VALID,2,2,1184,2368,1.05943359375e-05
RECT_E22_A05,22,5,2;3;5,1;3,2;3;5;12;13;15,3,2,6,6240,390,6630,6,96,199680,33376,4485,0.000399969790444386,0.0965951272117495,0.00101521131011839,0.000472403458988409,D0144,V0270,H0041,6,2,4,0,0.3159714,0.3159714,FIM_SCENARIO_VALID,2,2,1184,2368,1.1816015625e-05
RECT_E22_A06,22,6,2;3;5,2;3,7;8;10;12;13;15,3,2,6,6240,390,6630,6,96,199680,33376,4485,0.000469047048199844,0.157934361126467,0.000976896189486512,0.000555684308098074,D0136,V0270,H0041,6,2,4,0,0.3118187,0.3118187,FIM_SCENARIO_VALID,2,2,1184,2368,1.1816015625e-05
RECT_E22_A07,22,7,2;3;5,1;2;3,2;3;5;7;8;10;12;13;15,3,3,9,6240,585,6825,9,144,299520,33424,4680,0.244485154323841,0.579934508999333,0.28920163811183,0.296793555831036,D0414,V0234,H0230,9,2,4,0,0.3239912,0.3239912,FIM_SCENARIO_VALID,2,2,1184,2368,1.254296875e-05
RECT_E22_A08,22,8,2;3;5,4,17;18;20,3,1,3,6240,195,6435,3,48,99840,33328,4290,6.49522560611622e-12,6.38279691341504e-12,0,6.95669681698162e-12,D0112,V0060,H0029,3,2,4,0,0.3202862,0.3202862,FIM_SCENARIO_VALID,2,2,1184,2368,1.05943359375e-05
RECT_E22_A09,22,9,2;3;5,1;4,2;3;5;17;18;20,3,2,6,6240,390,6630,6,96,199680,33376,4485,0.000243865702606487,0.102792402140546,0.000806867442550032,0.000288795852279089,D0136,V0270,H0041,6,2,4,0,0.3309154,0.3309154,FIM_SCENARIO_VALID,2,2,1184,2368,1.1816015625e-05
RECT_E22_A10,22,10,2;3;5,2;4,7;8;10;17;18;20,3,2,6,6240,390,6630,6,96,199680,33376,4485,0.000403983212213607,0.195894231823034,0.00072849908006499,0.000468281429399961,D0008,V0014,H0041,6,2,4,0,0.2963379,0.2963379,FIM_SCENARIO_VALID,2,2,1184,2368,1.1816015625e-05
RECT_E22_A11,22,11,2;3;5,1;2;4,2;3;5;7;8;10;17;18;20,3,3,9,6240,585,6825,9,144,299520,33424,4680,0.282105751327193,0.570424348132287,0.323921246089754,0.342500900646892,D0414,V0234,H0230,9,2,4,0,0.3614546,0.3614546,FIM_SCENARIO_VALID,2,2,1184,2368,1.254296875e-05
RECT_E22_A12,22,12,2;3;5,3;4,12;13;15;17;18;20,3,2,6,6240,390,6630,6,96,199680,33376,4485,0.000469409824958926,0.156439001684969,0.000758847692134284,0.000555917511822095,D0400,V0014,H0041,6,2,4,0,0.3093178,0.3093178,FIM_SCENARIO_VALID,2,2,1184,2368,1.1816015625e-05
RECT_E22_A13,22,13,2;3;5,1;3;4,2;3;5;12;13;15;17;18;20,3,3,9,6240,585,6825,9,144,299520,33424,4680,0.319179653455952,0.57004719055076,0.357130348726448,0.387526850427676,D0414,V0234,H0230,9,2,4,0,0.3644019,0.3644019,FIM_SCENARIO_VALID,2,2,1184,2368,1.254296875e-05
RECT_E22_A14,22,14,2;3;5,2;3;4,7;8;10;12;13;15;17;18;20,3,3,9,6240,585,6825,9,144,299520,33424,4680,0.371028589248646,0.594611765013409,0.389069464710382,0.450271664014038,D0414,V0234,H0041,9,2,4,0,0.3336975,0.3336975,FIM_SCENARIO_VALID,2,2,1184,2368,1.254296875e-05
RECT_E22_A15,22,15,2;3;5,1;2;3;4,2;3;5;7;8;10;12;13;15;17;18;20,3,4,12,6240,780,7020,12,192,399360,33472,4875,0.419058156444628,0.664018330120851,0.421172216908311,0.490315228951866,D0152,V0054,H0041,12,2,4,0,0.3546699,0.3546699,FIM_SCENARIO_VALID,2,2,1184,2368,1.1918359375e-05
RECT_E22_A16,22,16,2;3;5,5,22;23;25,3,1,3,6240,195,6435,3,48,99840,33328,4290,3.30981736768251e-11,2.53374735340128e-10,2.29337204054134e-10,3.83877746549474e-11,D0022,V0276,H0037,3,2,4,0,0.2998321,0.2998321,FIM_SCENARIO_VALID,2,2,1184,2368,1.05943359375e-05
RECT_E22_A17,22,17,2;3;5,1;5,2;3;5;22;23;25,3,2,6,6240,390,6630,6,96,199680,33376,4485,7.77300132644717e-05,0.101308413436257,0.000333730807251111,9.01292344704363e-05,D0016,V0014,H0041,6,2,4,0,0.33849,0.33849,FIM_SCENARIO_VALID,2,2,1184,2368,1.1816015625e-05
RECT_E22_A18,22,18,2;3;5,2;5,7;8;10;22;23;25,3,2,6,6240,390,6630,6,96,199680,33376,4485,0.000244406084729154,0.101583966592845,0.000451367454561788,0.000289309885771978,D0400,V0014,H0041,6,2,4,0,0.3129829,0.3129829,FIM_SCENARIO_VALID,2,2,1184,2368,1.1816015625e-05
RECT_E22_A19,22,19,2;3;5,1;2;5,2;3;5;7;8;10;22;23;25,3,3,9,6240,585,6825,9,144,299520,33424,4680,0.317825244448208,0.543213374399156,0.353821005567326,0.385876159732442,D0414,V0234,H0230,9,2,4,0,0.3440015,0.3440015,FIM_SCENARIO_VALID,2,2,1184,2368,1.254296875e-05
RECT_E22_A20,22,20,2;3;5,3;5,12;13;15;22;23;25,3,2,6,6240,390,6630,6,96,199680,33376,4485,0.000403025042199097,0.0956533542461454,0.000699179978956191,0.000475947370733843,D0408,V0014,H0041,6,2,4,0,0.355463,0.355463,FIM_SCENARIO_VALID,2,2,1184,2368,1.1816015625e-05
RECT_E22_A21,22,21,2;3;5,1;3;5,2;3;5;12;13;15;22;23;25,3,3,9,6240,585,6825,9,144,299520,33424,4680,0.348846056973798,0.549383136049348,0.365911180010368,0.423393371902883,D0414,V0234,H0041,9,2,4,0,0.3150347,0.3150347,FIM_SCENARIO_VALID,2,2,1184,2368,1.254296875e-05
RECT_E22_A22,22,22,2;3;5,2;3;5,7;8;10;12;13;15;22;23;25,3,3,9,6240,585,6825,9,144,299520,33424,4680,0.319232243667669,0.570284663907361,0.339610130694771,0.387775537655845,D0158,V0014,H0041,9,2,4,0,0.3515457,0.3515457,FIM_SCENARIO_VALID,2,2,1184,2368,1.254296875e-05
RECT_E22_A23,22,23,2;3;5,1;2;3;5,2;3;5;7;8;10;12;13;15;22;23;25,3,4,12,6240,780,7020,12,192,399360,33472,4875,0.406332824210126,0.659597173691018,0.41898209314018,0.472571949995406,D0030,V0122,H0165,12,2,4,0,0.3519627,0.3519627,FIM_SCENARIO_VALID,2,2,1184,2368,1.1918359375e-05
RECT_E22_A24,22,24,2;3;5,4;5,17;18;20;22;23;25,3,2,6,6240,390,6630,6,96,199680,33376,4485,0.000590299506676908,0.0864591053115109,0.00100294586421025,0.000695984082903361,D0408,V0014,H0041,6,2,4,0,0.3248238,0.3248238,FIM_SCENARIO_VALID,2,2,1184,2368,1.1816015625e-05
RECT_E22_A25,22,25,2;3;5,1;4;5,2;3;5;17;18;20;22;23;25,3,3,9,6240,585,6825,9,144,299520,33424,4680,0.317874661451194,0.543434814891519,0.337155054205437,0.386119511981111,D0158,V0014,H0041,9,2,4,0,0.3242558,0.3242558,FIM_SCENARIO_VALID,2,2,1184,2368,1.254296875e-05
RECT_E22_A26,22,26,2;3;5,2;4;5,7;8;10;17;18;20;22;23;25,3,3,9,6240,585,6825,9,144,299520,33424,4680,0.282162373616833,0.570432367853976,0.304081513148338,0.342734130213683,D0158,V0014,H0041,9,2,4,0,0.3550639,0.3550639,FIM_SCENARIO_VALID,2,2,1184,2368,1.254296875e-05
RECT_E22_A27,22,27,2;3;5,1;2;4;5,2;3;5;7;8;10;17;18;20;22;23;25,3,4,12,6240,780,7020,12,192,399360,33472,4875,0.400831762275661,0.65657992025746,0.416629596635028,0.464675373183863,D0008,V0126,H0144,12,2,4,0,0.3239906,0.3239906,FIM_SCENARIO_VALID,2,2,1184,2368,1.1918359375e-05
RECT_E22_A28,22,28,2;3;5,3;4;5,12;13;15;17;18;20;22;23;25,3,3,9,6240,585,6825,9,144,299520,33424,4680,0.2445382745654,0.579800912453968,0.267388643563419,0.297001113667538,D0158,V0054,H0041,9,2,4,0,0.3597093,0.3597093,FIM_SCENARIO_VALID,2,2,1184,2368,1.254296875e-05
RECT_E22_A29,22,29,2;3;5,1;3;4;5,2;3;5;12;13;15;17;18;20;22;23;25,3,4,12,6240,780,7020,12,192,399360,33472,4875,0.406560789433258,0.659300980411923,0.408482121375579,0.472752560259324,D0030,V0126,H0144,12,2,4,0,0.3453087,0.3453087,FIM_SCENARIO_VALID,2,2,1184,2368,1.1918359375e-05
RECT_E22_A30,22,30,2;3;5,2;3;4;5,7;8;10;12;13;15;17;18;20;22;23;25,3,4,12,6240,780,7020,12,192,399360,33472,4875,0.419366755734256,0.663887551037759,0.421176035920326,0.490554132896947,D0408,V0270,H0144,12,2,4,0,0.3331227,0.3331227,FIM_SCENARIO_VALID,2,2,1184,2368,1.1918359375e-05
RECT_E22_A31,22,31,2;3;5,1;2;3;4;5,2;3;5;7;8;10;12;13;15;17;18;20;22;23;25,3,5,15,6240,975,7215,15,240,499200,33520,5070,0.817873539723057,0.85444852131631,0.831296379837738,0.923428552539056,D0286,V0014,H0230,15,2,4,0,0.3606894,0.3606894,FIM_SCENARIO_VALID,2,2,1184,2368,1.2115625e-05
RECT_E23_A01,23,1,1;2;3;5,1,1;2;3;5,4,1,4,8320,260,8580,4,64,133120,33344,6435,2.15580941962609e-07,0.000784819444652901,3.75021311803398e-06,2.56882016390001e-07,D0160,V0072,H0041,4,2,4,0,0.3375209,0.3375209,FIM_SCENARIO_VALID,2,2,1184,2368,1.16482421875e-05
RECT_E23_A02,23,2,1;2;3;5,2,6;7;8;10,4,1,4,8320,260,8580,4,64,133120,33344,6435,1.49229116793511e-08,2.16069885759609e-05,9.68248767706143e-08,1.73797960442918e-08,D0030,V0050,H0187,4,2,4,0,0.3014671,0.3014671,FIM_SCENARIO_VALID,2,2,1184,2368,1.16482421875e-05
RECT_E23_A03,23,3,1;2;3;5,1;2,1;2;3;5;6;7;8;10,4,2,8,8320,520,8840,8,128,266240,33408,6695,0.0060831843476516,0.0930872100792179,0.00622896013074936,0.00717073835837504,D0280,V0234,H0041,8,2,4,0,0.3671373,0.3671373,FIM_SCENARIO_VALID,2,2,1184,2368,1.14265625e-05
RECT_E23_A04,23,4,1;2;3;5,3,11;12;13;15,4,1,4,8320,260,8580,4,64,133120,33344,6435,2.5267062622532e-07,6.49345819700273e-08,2.36033779109289e-07,2.98771713635143e-07,D0416,V0180,H0041,4,2,4,0,0.3065836,0.3065836,FIM_SCENARIO_VALID,2,2,1184,2368,1.16482421875e-05
RECT_E23_A05,23,5,1;2;3;5,1;3,1;2;3;5;11;12;13;15,4,2,8,8320,520,8840,8,128,266240,33408,6695,0.00420075504816799,0.10107955496623,0.00468342586826204,0.00496568856995629,D0264,V0234,H0041,8,2,4,0,0.3521241,0.3521241,FIM_SCENARIO_VALID,2,2,1184,2368,1.14265625e-05
RECT_E23_A06,23,6,1;2;3;5,2;3,6;7;8;10;11;12;13;15,4,2,8,8320,520,8840,8,128,266240,33408,6695,0.004922089003998,0.1609281181966,0.00549734847927792,0.00582881661758855,D0264,V0234,H0041,8,2,4,0,0.3236203,0.3236203,FIM_SCENARIO_VALID,2,2,1184,2368,1.14265625e-05
RECT_E23_A07,23,7,1;2;3;5,1;2;3,1;2;3;5;6;7;8;10;11;12;13;15,4,3,12,8320,780,9100,12,192,399360,33472,6955,0.250979817287223,0.583367474130794,0.295091195935859,0.304595643911153,D0542,V0234,H0230,12,2,4,0,0.3403429,0.3403429,FIM_SCENARIO_VALID,2,2,1184,2368,1.2159375e-05
RECT_E23_A08,23,8,1;2;3;5,4,16;17;18;20,4,1,4,8320,260,8580,4,64,133120,33344,6435,4.64958086834916e-07,3.8962846079657e-05,1.22809036901499e-06,5.48269330576757e-07,D0160,V0234,H0109,4,2,4,0,0.3059838,0.3059838,FIM_SCENARIO_VALID,2,2,1184,2368,1.16482421875e-05
RECT_E23_A09,23,9,1;2;3;5,1;4,1;2;3;5;16;17;18;20,4,2,8,8320,520,8840,8,128,266240,33408,6695,0.00257797544755119,0.105883254646909,0.0032044534739765,0.00304920783634377,D0264,V0234,H0041,8,2,4,0,0.2959227,0.2959227,FIM_SCENARIO_VALID,2,2,1184,2368,1.14265625e-05
RECT_E23_A10,23,10,1;2;3;5,2;4,6;7;8;10;16;17;18;20,4,2,8,8320,520,8840,8,128,266240,33408,6695,0.0046476393558728,0.198910724820227,0.0053334152747211,0.00538768709311671,D0016,V0230,H0041,8,2,4,0,0.3402244,0.3402244,FIM_SCENARIO_VALID,2,2,1184,2368,1.14265625e-05
RECT_E23_A11,23,11,1;2;3;5,1;2;4,1;2;3;5;6;7;8;10;16;17;18;20,4,3,12,8320,780,9100,12,192,399360,33472,6955,0.288254905921805,0.574370082005084,0.329230361572106,0.349872165276482,D0542,V0234,H0230,12,2,4,0,0.360457,0.360457,FIM_SCENARIO_VALID,2,2,1184,2368,1.2159375e-05
RECT_E23_A12,23,12,1;2;3;5,3;4,11;12;13;15;16;17;18;20,4,2,8,8320,520,8840,8,128,266240,33408,6695,0.00493445653763956,0.161745597378057,0.00770063597184078,0.00583826211115302,D0528,V0054,H0041,8,2,4,0,0.363181,0.363181,FIM_SCENARIO_VALID,2,2,1184,2368,1.14265625e-05
RECT_E23_A13,23,13,1;2;3;5,1;3;4,1;2;3;5;11;12;13;15;16;17;18;20,4,3,12,8320,780,9100,12,192,399360,33472,6955,0.325036704374239,0.573862752879753,0.362076160043445,0.394532011870622,D0542,V0234,H0230,12,2,4,0,0.3784689,0.3784689,FIM_SCENARIO_VALID,2,2,1184,2368,1.2159375e-05
RECT_E23_A14,23,14,1;2;3;5,2;3;4,6;7;8;10;11;12;13;15;16;17;18;20,4,3,12,8320,780,9100,12,192,399360,33472,6955,0.376412296787444,0.59762816625949,0.394040798042456,0.456683163948157,D0542,V0018,H0041,12,2,4,0,0.3460412,0.3460412,FIM_SCENARIO_VALID,2,2,1184,2368,1.2159375e-05
RECT_E23_A15,23,15,1;2;3;5,1;2;3;4,1;2;3;5;6;7;8;10;11;12;13;15;16;17;18;20,4,4,16,8320,1040,9360,16,256,532480,33536,7215,0.423868599486767,0.66670722887084,0.426065363262659,0.496141182975152,D0280,V0054,H0041,16,2,4,0,0.3667466,0.3667466,FIM_SCENARIO_VALID,2,2,1184,2368,1.22173828125e-05
RECT_E23_A16,23,16,1;2;3;5,5,21;22;23;25,4,1,4,8320,260,8580,4,64,133120,33344,6435,1.0502073129663e-06,0.000725538384667709,5.85279912341018e-06,1.24941609119763e-06,D0416,V0234,H0109,4,2,4,0,0.3114988,0.3114988,FIM_SCENARIO_VALID,2,2,1184,2368,1.16482421875e-05
RECT_E23_A17,23,17,1;2;3;5,1;5,1;2;3;5;21;22;23;25,4,2,8,8320,520,8840,8,128,266240,33408,6695,0.000883019724067106,0.102510030633729,0.00190681070415809,0.00102433792354933,D0024,V0014,H0041,8,2,4,0,0.3484947,0.3484947,FIM_SCENARIO_VALID,2,2,1184,2368,1.14265625e-05
RECT_E23_A18,23,18,1;2;3;5,2;5,6;7;8;10;21;22;23;25,4,2,8,8320,520,8840,8,128,266240,33408,6695,0.00259155178150997,0.106004843838603,0.00545441132272364,0.00306419780265313,D0536,V0014,H0041,8,2,4,0,0.3525566,0.3525566,FIM_SCENARIO_VALID,2,2,1184,2368,1.14265625e-05
RECT_E23_A19,23,19,1;2;3;5,1;2;5,1;2;3;5;6;7;8;10;21;22;23;25,4,3,12,8320,780,9100,12,192,399360,33472,6955,0.323661539572226,0.547356772437416,0.358755520808638,0.392856811356966,D0542,V0234,H0230,12,2,4,0,0.429507,0.429507,FIM_SCENARIO_VALID,2,2,1184,2368,1.2159375e-05
RECT_E23_A20,23,20,1;2;3;5,3;5,11;12;13;15;21;22;23;25,4,2,8,8320,520,8840,8,128,266240,33408,6695,0.0042580766177319,0.101939968705089,0.00809222400890433,0.00503189782064633,D0536,V0054,H0144,8,2,4,0,0.3930201,0.3930201,FIM_SCENARIO_VALID,2,2,1184,2368,1.14265625e-05
RECT_E23_A21,23,21,1;2;3;5,1;3;5,1;2;3;5;11;12;13;15;21;22;23;25,4,3,12,8320,780,9100,12,192,399360,33472,6955,0.354485812521611,0.552927035784996,0.371051164243545,0.430123853408301,D0542,V0018,H0041,12,2,4,0,0.3905054,0.3905054,FIM_SCENARIO_VALID,2,2,1184,2368,1.2159375e-05
RECT_E23_A22,23,22,1;2;3;5,2;3;5,6;7;8;10;11;12;13;15;21;22;23;25,4,3,12,8320,780,9100,12,192,399360,33472,6955,0.325106656022858,0.573157592677248,0.344884159734603,0.394798181202028,D0286,V0014,H0041,12,2,4,0,0.3532207,0.3532207,FIM_SCENARIO_VALID,2,2,1184,2368,1.2159375e-05
RECT_E23_A23,23,23,1;2;3;5,1;2;3;5,1;2;3;5;6;7;8;10;11;12;13;15;21;22;23;25,4,4,16,8320,1040,9360,16,256,532480,33536,7215,0.411881138702769,0.662132165178013,0.424036734472123,0.478795019207489,D0030,V0162,H0165,16,2,4,0,0.3678936,0.3678936,FIM_SCENARIO_VALID,2,2,1184,2368,1.22173828125e-05
RECT_E23_A24,23,24,1;2;3;5,4;5,16;17;18;20;21;22;23;25,4,2,8,8320,520,8840,8,128,266240,33408,6695,0.0061854232710891,0.0939127753979975,0.00901186610331762,0.00728885034388651,D0536,V0054,H0144,8,2,4,0,0.3323569,0.3323569,FIM_SCENARIO_VALID,2,2,1184,2368,1.14265625e-05
RECT_E23_A25,23,25,1;2;3;5,1;4;5,1;2;3;5;16;17;18;20;21;22;23;25,4,3,12,8320,780,9100,12,192,399360,33472,6955,0.323721236492923,0.546421059879694,0.342424627633431,0.393109116233808,D0286,V0014,H0041,12,2,4,0,0.3382298,0.3382298,FIM_SCENARIO_VALID,2,2,1184,2368,1.2159375e-05
RECT_E23_A26,23,26,1;2;3;5,2;4;5,6;7;8;10;16;17;18;20;21;22;23;25,4,3,12,8320,780,9100,12,192,399360,33472,6955,0.288331934332627,0.57345841466535,0.309599507760255,0.350127545313606,D0286,V0014,H0041,12,2,4,0,0.3521972,0.3521972,FIM_SCENARIO_VALID,2,2,1184,2368,1.2159375e-05
RECT_E23_A27,23,27,1;2;3;5,1;2;4;5,1;2;3;5;6;7;8;10;16;17;18;20;21;22;23;25,4,4,16,8320,1040,9360,16,256,532480,33536,7215,0.406269414646682,0.659063726828978,0.421547596072711,0.470968074787808,D0008,V0198,H0144,16,2,4,0,0.3454502,0.3454502,FIM_SCENARIO_VALID,2,2,1184,2368,1.22173828125e-05
RECT_E23_A28,23,28,1;2;3;5,3;4;5,11;12;13;15;16;17;18;20;21;22;23;25,4,3,12,8320,780,9100,12,192,399360,33472,6955,0.251059117747369,0.58334674833603,0.273247728088545,0.30483336296439,D0286,V0054,H0041,12,2,4,0,0.3148306,0.3148306,FIM_SCENARIO_VALID,2,2,1184,2368,1.2159375e-05
RECT_E23_A29,23,29,1;2;3;5,1;3;4;5,1;2;3;5;11;12;13;15;16;17;18;20;21;22;23;25,4,4,16,8320,1040,9360,16,256,532480,33536,7215,0.412106159261872,0.661635515734436,0.413338611621635,0.478963949036786,D0030,V0198,H0144,16,2,4,0,0.338265,0.338265,FIM_SCENARIO_VALID,2,2,1184,2368,1.22173828125e-05
RECT_E23_A30,23,30,1;2;3;5,2;3;4;5,6;7;8;10;11;12;13;15;16;17;18;20;21;22;23;25,4,4,16,8320,1040,9360,16,256,532480,33536,7215,0.424182026279183,0.666795216488738,0.425801290585223,0.496381771027145,D0536,V0270,H0216,16,2,4,0,0.3414535,0.3414535,FIM_SCENARIO_VALID,2,2,1184,2368,1.22173828125e-05
RECT_E23_A31,23,31,1;2;3;5,1;2;3;4;5,1;2;3;5;6;7;8;10;11;12;13;15;16;17;18;20;21;22;23;25,4,5,20,8320,1300,9620,20,320,665600,33600,7475,0.822277422640143,0.857437615877736,0.835674229762331,0.983170632408503,D0158,V0050,H0230,20,2,4,0,0.4061746,0.4061746,FIM_SCENARIO_VALID,2,2,1184,2368,1.331484375e-05
RECT_E24_A01,24,1,4;5,1,4;5,2,1,2,4160,130,4290,2,32,66560,33312,2145,0,0,0,0,D0001,V0001,H0001,2,2,3,0,0.3012202,0.3012202,SUBSET_FIM_RANK_LOSS,2,2,1184,2368,7.51171875e-06
RECT_E24_A02,24,2,4;5,2,9;10,2,1,2,4160,130,4290,2,32,66560,33312,2145,0,0,0,0,D0001,V0001,H0001,2,2,2,0,0.3322153,0.3322153,SUBSET_FIM_RANK_LOSS,2,2,1184,2368,7.51171875e-06
RECT_E24_A03,24,3,4;5,1;2,4;5;9;10,2,2,4,4160,260,4420,4,64,133120,33344,2275,0.000470293773281918,0.077304747335778,0.000845051714274409,0.000554441198963718,D0152,V0234,H0041,4,2,4,0,0.3301935,0.3301935,FIM_SCENARIO_VALID,2,2,1184,2368,7.7720703125e-06
RECT_E24_A04,24,4,4;5,3,14;15,2,1,2,4160,130,4290,2,32,66560,33312,2145,0,0,0,0,D0001,V0001,H0001,2,2,3,0,0.3515484,0.3515484,SUBSET_FIM_RANK_LOSS,2,2,1184,2368,7.51171875e-06
RECT_E24_A05,24,5,4;5,1;3,4;5;14;15,2,2,4,4160,260,4420,4,64,133120,33344,2275,0.000316911551848731,0.0878846571653517,0.000883807745632436,0.000316911812717804,D0189,V0234,H0041,4,2,4,0,0.3461409,0.3461409,FIM_SCENARIO_VALID,2,2,1184,2368,7.7720703125e-06
RECT_E24_A06,24,6,4;5,2;3,9;10;14;15,2,2,4,4160,260,4420,4,64,133120,33344,2275,6.85917865060649e-05,0.145788564060678,6.85153081562904e-05,6.85918429102653e-05,D0189,V0234,H0085,4,2,4,0,0.3338789,0.3338789,FIM_SCENARIO_VALID,2,2,1184,2368,7.7720703125e-06
RECT_E24_A07,24,7,4;5,1;2;3,4;5;9;10;14;15,2,3,6,4160,390,4550,6,96,199680,33376,2405,0.00348165133884908,0.476959687939835,0.00573499201976211,0.00379157114984612,D0446,V0140,H0085,6,2,4,0,0.36735,0.36735,FIM_SCENARIO_VALID,2,2,1184,2368,7.419140625e-06
RECT_E24_A08,24,8,4;5,4,19;20,2,1,2,4160,130,4290,2,32,66560,33312,2145,0,0,0,0,D0001,V0001,H0001,2,2,3,0,0.3192123,0.3192123,SUBSET_FIM_RANK_LOSS,2,2,1184,2368,7.51171875e-06
RECT_E24_A09,24,9,4;5,1;4,4;5;19;20,2,2,4,4160,260,4420,4,64,133120,33344,2275,9.90133638192714e-05,0.096134759961456,8.69053489239391e-05,9.90134453212837e-05,D0189,V0234,H0085,4,2,4,0,0.3404827,0.3404827,FIM_SCENARIO_VALID,2,2,1184,2368,7.7720703125e-06
RECT_E24_A10,24,10,4;5,2;4,9;10;19;20,2,2,4,4160,260,4420,4,64,133120,33344,2275,1.4437559034891e-05,0.184271879881184,0.000518588425885865,1.44375612734965e-05,D0061,V0230,H0085,4,2,4,0,0.3523826,0.3523826,FIM_SCENARIO_VALID,2,2,1184,2368,7.7720703125e-06
RECT_E24_A11,24,11,4;5,1;2;4,4;5;9;10;19;20,2,3,6,4160,390,4550,6,96,199680,33376,2405,0.0039207952203859,0.449064135369974,0.00590051722653881,0.00426979060470879,D0446,V0140,H0085,6,2,4,0,0.3623215,0.3623215,FIM_SCENARIO_VALID,2,2,1184,2368,7.419140625e-06
RECT_E24_A12,24,12,4;5,3;4,14;15;19;20,2,2,4,4160,260,4420,4,64,133120,33344,2275,0.000126731287844264,0.146495002671163,0.000624704851765964,0.00012673138304538,D0445,V0054,H0041,4,2,4,0,0.3361521,0.3361521,FIM_SCENARIO_VALID,2,2,1184,2368,7.7720703125e-06
RECT_E24_A13,24,13,4;5,1;3;4,4;5;14;15;19;20,2,3,6,4160,390,4550,6,96,199680,33376,2405,0.00439770076362957,0.4421111274375,0.0059744197088016,0.00478915356795295,D0446,V0140,H0085,6,2,4,0,0.3495142,0.3495142,FIM_SCENARIO_VALID,2,2,1184,2368,7.419140625e-06
RECT_E24_A14,24,14,4;5,2;3;4,9;10;14;15;19;20,2,3,6,4160,390,4550,6,96,199680,33376,2405,0.00501678219535274,0.458604282384739,0.00598609650181312,0.00546321583543223,D0190,V0104,H0085,6,2,4,0,0.3236609,0.3236609,FIM_SCENARIO_VALID,2,2,1184,2368,7.419140625e-06
RECT_E24_A15,24,15,4;5,1;2;3;4,4;5;9;10;14;15;19;20,2,4,8,4160,520,4680,8,128,266240,33408,2535,0.00530612364219302,0.51366043808678,0.00599675981305657,0.00577829797636343,D0190,V0103,H0085,8,2,4,0,0.3486699,0.3486699,FIM_SCENARIO_VALID,2,2,1184,2368,7.384765625e-06
RECT_E24_A16,24,16,4;5,5,24;25,2,1,2,4160,130,4290,2,32,66560,33312,2145,0,0,0,0,D0001,V0001,H0001,2,2,3,0,0.2986955,0.2986955,SUBSET_FIM_RANK_LOSS,2,2,1184,2368,7.51171875e-06
RECT_E24_A17,24,17,4;5,1;5,4;5;24;25,2,2,4,4160,260,4420,4,64,133120,33344,2275,1.55132380346253e-05,0.0980996677311302,0.00029155727647303,1.55132402077052e-05,D0061,V0014,H0041,4,2,4,0,0.3765403,0.3765403,FIM_SCENARIO_VALID,2,2,1184,2368,7.7720703125e-06
RECT_E24_A18,24,18,4;5,2;5,9;10;24;25,2,2,4,4160,260,4420,4,64,133120,33344,2275,0.000163053069303768,0.0963360090801745,0.000347142861164828,0.000163053196663721,D0445,V0014,H0041,4,2,4,0,0.3086135,0.3086135,FIM_SCENARIO_VALID,2,2,1184,2368,7.7720703125e-06
RECT_E24_A19,24,19,4;5,1;2;5,4;5;9;10;24;25,2,3,6,4160,390,4550,6,96,199680,33376,2405,0.00435327440417764,0.412738308004821,0.00572866303976104,0.00474077245142857,D0446,V0140,H0085,6,2,4,0,0.3801939,0.3801939,FIM_SCENARIO_VALID,2,2,1184,2368,7.419140625e-06
RECT_E24_A20,24,20,4;5,3;5,14;15;24;25,2,2,4,4160,260,4420,4,64,133120,33344,2275,0.000323089586165583,0.0883409785110782,0.000527216434541113,0.000323485777087768,D0408,V0014,H0041,4,2,4,0,0.3632184,0.3632184,FIM_SCENARIO_VALID,2,2,1184,2368,7.7720703125e-06
RECT_E24_A21,24,21,4;5,1;3;5,4;5;14;15;24;25,2,3,6,4160,390,4550,6,96,199680,33376,2405,0.00471723136940604,0.419080203490933,0.00564193244522764,0.00513702804395806,D0190,V0104,H0085,6,2,4,0,0.3447652,0.3447652,FIM_SCENARIO_VALID,2,2,1184,2368,7.419140625e-06
RECT_E24_A22,24,22,4;5,2;3;5,9;10;14;15;24;25,2,3,6,4160,390,4550,6,96,199680,33376,2405,0.0043955600379833,0.441197605583618,0.00545507102363894,0.00478672641994169,D0190,V0104,H0085,6,2,4,0,0.3642018,0.3642018,FIM_SCENARIO_VALID,2,2,1184,2368,7.419140625e-06
RECT_E24_A23,24,23,4;5,1;2;3;5,4;5;9;10;14;15;24;25,2,4,8,4160,520,4680,8,128,266240,33408,2535,0.00537733059110458,0.513595684599532,0.00578622397550499,0.00585583442018734,D0190,V0103,H0085,8,2,4,0,0.3360427,0.3360427,FIM_SCENARIO_VALID,2,2,1184,2368,7.384765625e-06
RECT_E24_A24,24,24,4;5,4;5,19;20;24;25,2,2,4,4160,260,4420,4,64,133120,33344,2275,0.000473625364207446,0.0775706748240036,0.000770545831872267,0.000558433358135568,D0408,V0054,H0041,4,2,4,0,0.2980179,0.2980179,FIM_SCENARIO_VALID,2,2,1184,2368,7.7720703125e-06
RECT_E24_A25,24,25,4;5,1;4;5,4;5;19;20;24;25,2,3,6,4160,390,4550,6,96,199680,33376,2405,0.00435070197536585,0.412165460309987,0.00535572452659635,0.00473787637444357,D0190,V0104,H0085,6,2,4,0,0.3193957,0.3193957,FIM_SCENARIO_VALID,2,2,1184,2368,7.419140625e-06
RECT_E24_A26,24,26,4;5,2;4;5,9;10;19;20;24;25,2,3,6,4160,390,4550,6,96,199680,33376,2405,0.00391526189006613,0.447885428207875,0.00499391070874409,0.00426368138860626,D0190,V0104,H0085,6,2,4,0,0.3347373,0.3347373,FIM_SCENARIO_VALID,2,2,1184,2368,7.419140625e-06
RECT_E24_A27,24,27,4;5,1;2;4;5,4;5;9;10;19;20;24;25,2,4,8,4160,520,4680,8,128,266240,33408,2535,0.00564877533261476,0.513644663535606,0.00598199201933678,0.00614013457865158,D0062,V0103,H0085,8,2,4,0,0.3555618,0.3555618,FIM_SCENARIO_VALID,2,2,1184,2368,7.384765625e-06
RECT_E24_A28,24,28,4;5,3;4;5,14;15;19;20;24;25,2,3,6,4160,390,4550,6,96,199680,33376,2405,0.00346579766338578,0.475224855409284,0.00447969795365827,0.00377423447782445,D0190,V0104,H0085,6,2,4,0,0.3024431,0.3024431,FIM_SCENARIO_VALID,2,2,1184,2368,7.419140625e-06
RECT_E24_A29,24,29,4;5,1;3;4;5,4;5;14;15;19;20;24;25,2,4,8,4160,520,4680,8,128,266240,33408,2535,0.00545328011905872,0.513651041626295,0.00645854270435573,0.00593863288975318,D0446,V0103,H0085,8,2,4,0,0.3450254,0.3450254,FIM_SCENARIO_VALID,2,2,1184,2368,7.384765625e-06
RECT_E24_A30,24,30,4;5,2;3;4;5,9;10;14;15;19;20;24;25,2,4,8,4160,520,4680,8,128,266240,33408,2535,0.00537408917209579,0.513777427836206,0.00730514251523755,0.00585240567516104,D0446,V0103,H0085,8,2,4,0,0.3376503,0.3376503,FIM_SCENARIO_VALID,2,2,1184,2368,7.384765625e-06
RECT_E24_A31,24,31,4;5,1;2;3;4;5,4;5;9;10;14;15;19;20;24;25,2,5,10,4160,650,4810,10,160,332800,33440,2665,0.012041308687397,0.513829163049457,0.0138094045199882,0.0131123872275963,D0190,V0103,H0085,10,2,4,0,0.327981,0.327981,FIM_SCENARIO_VALID,2,2,1184,2368,7.5923828125e-06
RECT_E25_A01,25,1,1;4;5,1,1;4;5,3,1,3,6240,195,6435,3,48,99840,33328,4290,1.57005065162358e-09,2.91946094171456e-11,5.31632557922955e-11,1.82418431762071e-09,D0032,V0252,H0043,3,2,4,0,0.2919347,0.2919347,FIM_SCENARIO_VALID,2,2,1184,2368,1.05943359375e-05
RECT_E25_A02,25,2,1;4;5,2,6;9;10,3,1,3,6240,195,6435,3,48,99840,33328,4290,0,0,6.32623244171288e-11,0,D0005,V0065,H0003,3,2,4,0,0.283704,0.283704,FIM_SCENARIO_VALID,2,2,1184,2368,1.05943359375e-05
RECT_E25_A03,25,3,1;4;5,1;2,1;4;5;6;9;10,3,2,6,6240,390,6630,6,96,199680,33376,4485,0.000558606265183318,0.087018107557661,0.00104032281086327,0.000658549373038004,D0152,V0270,H0041,6,2,4,0,0.3186551,0.3186551,FIM_SCENARIO_VALID,2,2,1184,2368,1.1816015625e-05
RECT_E25_A04,25,4,1;4;5,3,11;14;15,3,1,3,6240,195,6435,3,48,99840,33328,4290,3.94828692021844e-10,7.88688200415649e-12,4.76378222712567e-12,4.22876465100947e-10,D0112,V0144,H0227,3,2,4,0,0.3292703,0.3292703,FIM_SCENARIO_VALID,2,2,1184,2368,1.05943359375e-05
RECT_E25_A05,25,5,1;4;5,1;3,1;4;5;11;14;15,3,2,6,6240,390,6630,6,96,199680,33376,4485,0.000382802252599068,0.0963648200774559,0.00101180693766423,0.000452132727750902,D0144,V0270,H0041,6,2,4,0,0.3443206,0.3443206,FIM_SCENARIO_VALID,2,2,1184,2368,1.1816015625e-05
RECT_E25_A06,25,6,1;4;5,2;3,6;9;10;11;14;15,3,2,6,6240,390,6630,6,96,199680,33376,4485,0.000448961386909145,0.157584130883825,0.000976004965155695,0.000531896891617801,D0136,V0270,H0041,6,2,4,0,0.3160333,0.3160333,FIM_SCENARIO_VALID,2,2,1184,2368,1.1816015625e-05
RECT_E25_A07,25,7,1;4;5,1;2;3,1;4;5;6;9;10;11;14;15,3,3,9,6240,585,6825,9,144,299520,33424,4680,0.244543982771618,0.579600662912701,0.289169104242379,0.296864974337231,D0414,V0234,H0230,9,2,4,0,0.3665803,0.3665803,FIM_SCENARIO_VALID,2,2,1184,2368,1.254296875e-05
RECT_E25_A08,25,8,1;4;5,4,16;19;20,3,1,3,6240,195,6435,3,48,99840,33328,4290,4.4457052087353e-12,6.1574857754775e-12,0,4.95219680404196e-12,D0440,V0102,H0220,3,2,4,0,0.3126479,0.3126479,FIM_SCENARIO_VALID,2,2,1184,2368,1.05943359375e-05
RECT_E25_A09,25,9,1;4;5,1;4,1;4;5;16;19;20,3,2,6,6240,390,6630,6,96,199680,33376,4485,0.000233326274354236,0.102588019476387,0.000808394073305927,0.0002763172965073,D0136,V0270,H0041,6,2,4,0,0.3213259,0.3213259,FIM_SCENARIO_VALID,2,2,1184,2368,1.1816015625e-05
RECT_E25_A10,25,10,1;4;5,2;4,6;9;10;16;19;20,3,2,6,6240,390,6630,6,96,199680,33376,4485,0.000387106809800989,0.195496143821564,0.000726822289382613,0.000448725086351201,D0008,V0014,H0041,6,2,4,0,0.3283407,0.3283407,FIM_SCENARIO_VALID,2,2,1184,2368,1.1816015625e-05
RECT_E25_A11,25,11,1;4;5,1;2;4,1;4;5;6;9;10;16;19;20,3,3,9,6240,585,6825,9,144,299520,33424,4680,0.282199305933219,0.570042277666806,0.323911854161623,0.342614484777113,D0414,V0234,H0230,9,2,4,0,0.3408875,0.3408875,FIM_SCENARIO_VALID,2,2,1184,2368,1.254296875e-05
RECT_E25_A12,25,12,1;4;5,3;4,11;14;15;16;19;20,3,2,6,6240,390,6630,6,96,199680,33376,4485,0.000449310541549982,0.156081618334995,0.000750678991447113,0.000532121302815572,D0400,V0014,H0041,6,2,4,0,0.3042033,0.3042033,FIM_SCENARIO_VALID,2,2,1184,2368,1.1816015625e-05
RECT_E25_A13,25,13,1;4;5,1;3;4,1;4;5;11;14;15;16;19;20,3,3,9,6240,585,6825,9,144,299520,33424,4680,0.319306825807554,0.569667785989101,0.357145105271203,0.387681252303186,D0414,V0234,H0230,9,2,4,0,0.3725447,0.3725447,FIM_SCENARIO_VALID,2,2,1184,2368,1.254296875e-05
RECT_E25_A14,25,14,1;4;5,2;3;4,6;9;10;11;14;15;16;19;20,3,3,9,6240,585,6825,9,144,299520,33424,4680,0.371200387257054,0.59425638534857,0.389272178971804,0.45048024186505,D0414,V0234,H0041,9,2,4,0,0.335268,0.335268,FIM_SCENARIO_VALID,2,2,1184,2368,1.254296875e-05
RECT_E25_A15,25,15,1;4;5,1;2;3;4,1;4;5;6;9;10;11;14;15;16;19;20,3,4,12,6240,780,7020,12,192,399360,33472,4875,0.419278387940441,0.663506793376381,0.421389267705414,0.490570958285118,D0280,V0050,H0041,12,2,4,0,0.3783217,0.3783217,FIM_SCENARIO_VALID,2,2,1184,2368,1.1918359375e-05
RECT_E25_A16,25,16,1;4;5,5,21;24;25,3,1,3,6240,195,6435,3,48,99840,33328,4290,9.11184962264092e-11,2.62912841369071e-11,0,1.07415322881866e-10,D0280,V0258,H0037,3,2,4,0,0.3261297,0.3261297,FIM_SCENARIO_VALID,2,2,1184,2368,1.05943359375e-05
RECT_E25_A17,25,17,1;4;5,1;5,1;4;5;21;24;25,3,2,6,6240,390,6630,6,96,199680,33376,4485,7.45249430838591e-05,0.101174816981432,0.000335800319122288,8.641320598596e-05,D0016,V0014,H0041,6,2,4,0,0.3534679,0.3534679,FIM_SCENARIO_VALID,2,2,1184,2368,1.1816015625e-05
RECT_E25_A18,25,18,1;4;5,2;5,6;9;10;21;24;25,3,2,6,6240,390,6630,6,96,199680,33376,4485,0.000233846098578568,0.101380769238016,0.000448207199129127,0.000276811951625931,D0400,V0014,H0041,6,2,4,0,0.2946747,0.2946747,FIM_SCENARIO_VALID,2,2,1184,2368,1.1816015625e-05
RECT_E25_A19,25,19,1;4;5,1;2;5,1;4;5;6;9;10;21;24;25,3,3,9,6240,585,6825,9,144,299520,33424,4680,0.317950752416759,0.542820072016994,0.353833163641531,0.386028535481885,D0414,V0234,H0230,9,2,4,0,0.3068109,0.3068109,FIM_SCENARIO_VALID,2,2,1184,2368,1.254296875e-05
RECT_E25_A20,25,20,1;4;5,3;5,11;14;15;21;24;25,3,2,6,6240,390,6630,6,96,199680,33376,4485,0.000385744786173972,0.0954075399377623,0.000686601227500332,0.00045554697410034,D0408,V0014,H0041,6,2,4,0,0.3278143,0.3278143,FIM_SCENARIO_VALID,2,2,1184,2368,1.1816015625e-05
RECT_E25_A21,25,21,1;4;5,1;3;5,1;4;5;11;14;15;21;24;25,3,3,9,6240,585,6825,9,144,299520,33424,4680,0.348999217498916,0.549012879179103,0.366102241754336,0.423579303824463,D0414,V0234,H0041,9,2,4,0,0.393324,0.393324,FIM_SCENARIO_VALID,2,2,1184,2368,1.254296875e-05
RECT_E25_A22,25,22,1;4;5,2;3;5,6;9;10;11;14;15;21;24;25,3,3,9,6240,585,6825,9,144,299520,33424,4680,0.31936652154636,0.569753466323445,0.339788073634805,0.387938637523985,D0158,V0014,H0041,9,2,4,0,0.3156772,0.3156772,FIM_SCENARIO_VALID,2,2,1184,2368,1.254296875e-05
RECT_E25_A23,25,23,1;4;5,1;2;3;5,1;4;5;6;9;10;11;14;15;21;24;25,3,4,12,6240,780,7020,12,192,399360,33472,4875,0.406506518888601,0.658974395758829,0.419098489268519,0.472857666189229,D0030,V0122,H0165,12,2,4,0,0.3750582,0.3750582,FIM_SCENARIO_VALID,2,2,1184,2368,1.1918359375e-05
RECT_E25_A24,25,24,1;4;5,4;5,16;19;20;21;24;25,3,2,6,6240,390,6630,6,96,199680,33376,4485,0.00056516073841082,0.0861943857925895,0.000978417754926129,0.00066635393531763,D0408,V0014,H0041,6,2,4,0,0.3213465,0.3213465,FIM_SCENARIO_VALID,2,2,1184,2368,1.1816015625e-05
RECT_E25_A25,25,25,1;4;5,1;4;5,1;4;5;16;19;20;21;24;25,3,3,9,6240,585,6825,9,144,299520,33424,4680,0.318006367950818,0.542893511637204,0.337329927035331,0.38627947725819,D0158,V0014,H0041,9,2,4,0,0.3519672,0.3519672,FIM_SCENARIO_VALID,2,2,1184,2368,1.254296875e-05
RECT_E25_A26,25,26,1;4;5,2;4;5,6;9;10;16;19;20;21;24;25,3,3,9,6240,585,6825,9,144,299520,33424,4680,0.2822627792169,0.569870605006918,0.304242665705259,0.342856099785176,D0158,V0014,H0041,9,2,4,0,0.3179991,0.3179991,FIM_SCENARIO_VALID,2,2,1184,2368,1.254296875e-05
RECT_E25_A27,25,27,1;4;5,1;2;4;5,1;4;5;6;9;10;16;19;20;21;24;25,3,4,12,6240,780,7020,12,192,399360,33472,4875,0.401072755195999,0.656023203357752,0.416815380279515,0.46495862824178,D0008,V0126,H0144,12,2,4,0,0.349726,0.349726,FIM_SCENARIO_VALID,2,2,1184,2368,1.1918359375e-05
RECT_E25_A28,25,28,1;4;5,3;4;5,11;14;15;16;19;20;21;24;25,3,3,9,6240,585,6825,9,144,299520,33424,4680,0.244603790860407,0.579431594688865,0.267535729802787,0.297080704359166,D0158,V0054,H0041,9,2,4,0,0.317463,0.317463,FIM_SCENARIO_VALID,2,2,1184,2368,1.254296875e-05
RECT_E25_A29,25,29,1;4;5,1;3;4;5,1;4;5;11;14;15;16;19;20;21;24;25,3,4,12,6240,780,7020,12,192,399360,33472,4875,0.406734154528674,0.658748551202672,0.408670790358648,0.473037111519322,D0030,V0126,H0144,12,2,4,0,0.3443334,0.3443334,FIM_SCENARIO_VALID,2,2,1184,2368,1.1918359375e-05
RECT_E25_A30,25,30,1;4;5,2;3;4;5,6;9;10;11;14;15;16;19;20;21;24;25,3,4,12,6240,780,7020,12,192,399360,33472,4875,0.419586209633188,0.663371632229076,0.421375182893609,0.490810137928507,D0536,V0270,H0144,12,2,4,0,0.3191636,0.3191636,FIM_SCENARIO_VALID,2,2,1184,2368,1.1918359375e-05
RECT_E25_A31,25,31,1;4;5,1;2;3;4;5,1;4;5;6;9;10;11;14;15;16;19;20;21;24;25,3,5,15,6240,975,7215,15,240,499200,33520,5070,0.818267657981775,0.853990820305248,0.83167236983694,0.920459654355016,D0286,V0014,H0230,15,2,4,0,0.2804663,0.2804663,FIM_SCENARIO_VALID,2,2,1184,2368,1.2115625e-05
RECT_E26_A01,26,1,2;4;5,1,2;4;5,3,1,3,6240,195,6435,3,48,99840,33328,4290,0,1.54377957301953e-10,3.77890081711618e-11,0,D0033,V0048,H0016,3,2,4,0,0.2954991,0.2954991,FIM_SCENARIO_VALID,2,2,1184,2368,1.05943359375e-05
RECT_E26_A02,26,2,2;4;5,2,7;9;10,3,1,3,6240,195,6435,3,48,99840,33328,4290,1.52183625702914e-11,5.54393251935646e-11,0,1.64429006906962e-11,D0256,V0108,H0080,3,2,4,0,0.3115302,0.3115302,FIM_SCENARIO_VALID,2,2,1184,2368,1.05943359375e-05
RECT_E26_A03,26,3,2;4;5,1;2,2;4;5;7;9;10,3,2,6,6240,390,6630,6,96,199680,33376,4485,0.000672197781642327,0.0878580343160728,0.000936400343020261,0.000792436868325521,D0152,V0270,H0041,6,2,4,0,0.3197608,0.3197608,FIM_SCENARIO_VALID,2,2,1184,2368,1.1816015625e-05
RECT_E26_A04,26,4,2;4;5,3,12;14;15,3,1,3,6240,195,6435,3,48,99840,33328,4290,4.26549651690407e-11,5.57192858455338e-12,6.85127905659814e-12,4.56929147103242e-11,D0118,V0210,H0130,3,2,4,0,0.3450587,0.3450587,FIM_SCENARIO_VALID,2,2,1184,2368,1.05943359375e-05
RECT_E26_A05,26,5,2;4;5,1;3,2;4;5;12;14;15,3,2,6,6240,390,6630,6,96,199680,33376,4485,0.000460284283361944,0.0969926972668125,0.000943426107092376,0.000543630317789985,D0144,V0270,H0041,6,2,4,0,0.3250861,0.3250861,FIM_SCENARIO_VALID,2,2,1184,2368,1.1816015625e-05
RECT_E26_A06,26,6,2;4;5,2;3,7;9;10;12;14;15,3,2,6,6240,390,6630,6,96,199680,33376,4485,0.000517490311302296,0.158131469244856,0.000904996155762369,0.000599882849108833,D0016,V0234,H0041,6,2,4,0,0.3503115,0.3503115,FIM_SCENARIO_VALID,2,2,1184,2368,1.1816015625e-05
RECT_E26_A07,26,7,2;4;5,1;2;3,2;4;5;7;9;10;12;14;15,3,3,9,6240,585,6825,9,144,299520,33424,4680,0.244721400614672,0.580010128668978,0.289189698698868,0.297080371554131,D0414,V0234,H0230,9,2,4,0,0.3590446,0.3590446,FIM_SCENARIO_VALID,2,2,1184,2368,1.254296875e-05
RECT_E26_A08,26,8,2;4;5,4,17;19;20,3,1,3,6240,195,6435,3,48,99840,33328,4290,3.86767648367078e-10,0,5.36929149493179e-11,4.15733739137341e-10,D0624,V0242,H0079,3,2,4,0,0.3345719,0.3345719,FIM_SCENARIO_VALID,2,2,1184,2368,1.05943359375e-05
RECT_E26_A09,26,9,2;4;5,1;4,2;4;5;17;19;20,3,2,6,6240,390,6630,6,96,199680,33376,4485,0.000280042052556085,0.102994772124416,0.000769602881278754,0.000331637052942585,D0136,V0270,H0041,6,2,4,0,0.3038337,0.3038337,FIM_SCENARIO_VALID,2,2,1184,2368,1.1816015625e-05
RECT_E26_A10,26,10,2;4;5,2;4,7;9;10;17;19;20,3,2,6,6240,390,6630,6,96,199680,33376,4485,0.00038666930246812,0.196168295194071,0.000663284980209068,0.000448212306534707,D0008,V0014,H0041,6,2,4,0,0.3391225,0.3391225,FIM_SCENARIO_VALID,2,2,1184,2368,1.1816015625e-05
RECT_E26_A11,26,11,2;4;5,1;2;4,2;4;5;7;9;10;17;19;20,3,3,9,6240,585,6825,9,144,299520,33424,4680,0.282344465260418,0.570563554411336,0.323907727942597,0.342790756764389,D0414,V0234,H0230,9,2,4,0,0.3255413,0.3255413,FIM_SCENARIO_VALID,2,2,1184,2368,1.254296875e-05
RECT_E26_A12,26,12,2;4;5,3;4,12;14;15;17;19;20,3,2,6,6240,390,6630,6,96,199680,33376,4485,0.000516977873670502,0.156814334946336,0.000660889833028872,0.000599569016186965,D0024,V0014,H0041,6,2,4,0,0.3472978,0.3472978,FIM_SCENARIO_VALID,2,2,1184,2368,1.1816015625e-05
RECT_E26_A13,26,13,2;4;5,1;3;4,2;4;5;12;14;15;17;19;20,3,3,9,6240,585,6825,9,144,299520,33424,4680,0.319422562704684,0.570198204679293,0.357132260358752,0.387821793275355,D0414,V0234,H0230,9,2,4,0,0.3349167,0.3349167,FIM_SCENARIO_VALID,2,2,1184,2368,1.254296875e-05
RECT_E26_A14,26,14,2;4;5,2;3;4,7;9;10;12;14;15;17;19;20,3,3,9,6240,585,6825,9,144,299520,33424,4680,0.371276654763712,0.594737371581955,0.389222315384092,0.450572666468471,D0414,V0234,H0041,9,2,4,0,0.3575229,0.3575229,FIM_SCENARIO_VALID,2,2,1184,2368,1.254296875e-05
RECT_E26_A15,26,15,2;4;5,1;2;3;4,2;4;5;7;9;10;12;14;15;17;19;20,3,4,12,6240,780,7020,12,192,399360,33472,4875,0.419243280482222,0.664099819878816,0.421353461298094,0.490616324650072,D0280,V0054,H0041,12,2,4,0,0.3183854,0.3183854,FIM_SCENARIO_VALID,2,2,1184,2368,1.1918359375e-05
RECT_E26_A16,26,16,2;4;5,5,22;24;25,3,1,3,6240,195,6435,3,48,99840,33328,4290,9.76257855830368e-10,2.6868896708493e-11,2.75434945166926e-11,1.08763450781633e-09,D0302,V0108,H0124,3,2,4,0,0.3336545,0.3336545,FIM_SCENARIO_VALID,2,2,1184,2368,1.05943359375e-05
RECT_E26_A17,26,17,2;4;5,1;5,2;4;5;22;24;25,3,2,6,6240,390,6630,6,96,199680,33376,4485,7.25663304772357e-05,0.101338725448111,0.000306387444120108,8.4141944668749e-05,D0016,V0014,H0041,6,2,4,0,0.3128233,0.3128233,FIM_SCENARIO_VALID,2,2,1184,2368,1.1816015625e-05
RECT_E26_A18,26,18,2;4;5,2;5,7;9;10;22;24;25,3,2,6,6240,390,6630,6,96,199680,33376,4485,0.000280661368613299,0.10175919146073,0.000376332112872352,0.000332207472953321,D0400,V0014,H0041,6,2,4,0,0.3539576,0.3539576,FIM_SCENARIO_VALID,2,2,1184,2368,1.1816015625e-05
RECT_E26_A19,26,19,2;4;5,1;2;5,2;4;5;7;9;10;22;24;25,3,3,9,6240,585,6825,9,144,299520,33424,4680,0.318066934204266,0.543391470645323,0.353821691959299,0.386169644345372,D0414,V0234,H0230,9,2,4,0,0.3203285,0.3203285,FIM_SCENARIO_VALID,2,2,1184,2368,1.254296875e-05
RECT_E26_A20,26,20,2;4;5,3;5,12;14;15;22;24;25,3,2,6,6240,390,6630,6,96,199680,33376,4485,0.000464903076185374,0.0960124362333448,0.00057333029202041,0.000548982683092664,D0408,V0014,H0041,6,2,4,0,0.271549,0.271549,FIM_SCENARIO_VALID,2,2,1184,2368,1.1816015625e-05
RECT_E26_A21,26,21,2;4;5,1;3;5,2;4;5;12;14;15;22;24;25,3,3,9,6240,585,6825,9,144,299520,33424,4680,0.349093003129101,0.549548464563772,0.366046283812786,0.423693077439469,D0414,V0234,H0041,9,2,4,0,0.2867291,0.2867291,FIM_SCENARIO_VALID,2,2,1184,2368,1.254296875e-05
RECT_E26_A22,26,22,2;4;5,2;3;5,7;9;10;12;14;15;22;24;25,3,3,9,6240,585,6825,9,144,299520,33424,4680,0.319478506606947,0.570358228243693,0.339726384082798,0.388074702134248,D0158,V0014,H0041,9,2,4,0,0.3063053,0.3063053,FIM_SCENARIO_VALID,2,2,1184,2368,1.254296875e-05
RECT_E26_A23,26,23,2;4;5,1;2;3;5,2;4;5;7;9;10;12;14;15;22;24;25,3,4,12,6240,780,7020,12,192,399360,33472,4875,0.406529772227104,0.659620457250076,0.419106793740446,0.472811929107473,D0030,V0198,H0165,12,2,4,0,0.3468082,0.3468082,FIM_SCENARIO_VALID,2,2,1184,2368,1.1918359375e-05
RECT_E26_A24,26,24,2;4;5,4;5,17;19;20;22;24;25,3,2,6,6240,390,6630,6,96,199680,33376,4485,0.000680973151339858,0.0870144488520465,0.000833244730523776,0.00080282520136799,D0408,V0014,H0041,6,2,4,0,0.3190695,0.3190695,FIM_SCENARIO_VALID,2,2,1184,2368,1.1816015625e-05
RECT_E26_A25,26,25,2;4;5,1;4;5,2;4;5;17;19;20;22;24;25,3,3,9,6240,585,6825,9,144,299520,33424,4680,0.318119007192232,0.543519392790858,0.337268688672294,0.386416383415157,D0158,V0014,H0041,9,2,4,0,0.3482277,0.3482277,FIM_SCENARIO_VALID,2,2,1184,2368,1.254296875e-05
RECT_E26_A26,26,26,2;4;5,2;4;5,7;9;10;17;19;20;22;24;25,3,3,9,6240,585,6825,9,144,299520,33424,4680,0.282404282628435,0.570487458051637,0.304174516232225,0.343028009649574,D0158,V0014,H0041,9,2,4,0,0.375603,0.375603,FIM_SCENARIO_VALID,2,2,1184,2368,1.254296875e-05
RECT_E26_A27,26,27,2;4;5,1;2;4;5,2;4;5;7;9;10;17;19;20;22;24;25,3,4,12,6240,780,7020,12,192,399360,33472,4875,0.401034046850041,0.656621485343416,0.416780500432774,0.46491030271123,D0008,V0198,H0144,12,2,4,0,0.3813556,0.3813556,FIM_SCENARIO_VALID,2,2,1184,2368,1.1918359375e-05
RECT_E26_A28,26,28,2;4;5,3;4;5,12;14;15;17;19;20;22;24;25,3,3,9,6240,585,6825,9,144,299520,33424,4680,0.244777702402357,0.579893842283129,0.267460886081055,0.297291926255543,D0158,V0054,H0041,9,2,4,0,0.365344,0.365344,FIM_SCENARIO_VALID,2,2,1184,2368,1.254296875e-05
RECT_E26_A29,26,29,2;4;5,1;3;4;5,2;4;5;12;14;15;17;19;20;22;24;25,3,4,12,6240,780,7020,12,192,399360,33472,4875,0.406757466956346,0.65937997509681,0.408629287815018,0.47299146494536,D0030,V0198,H0144,12,2,4,0,0.3475886,0.3475886,FIM_SCENARIO_VALID,2,2,1184,2368,1.1918359375e-05
RECT_E26_A30,26,30,2;4;5,2;3;4;5,7;9;10;12;14;15;17;19;20;22;24;25,3,4,12,6240,780,7020,12,192,399360,33472,4875,0.419551143683631,0.663990727682745,0.421335171598985,0.490855240479013,D0536,V0270,H0144,12,2,4,0,0.3583982,0.3583982,FIM_SCENARIO_VALID,2,2,1184,2368,1.1918359375e-05
RECT_E26_A31,26,31,2;4;5,1;2;3;4;5,2;4;5;7;9;10;12;14;15;17;19;20;22;24;25,3,5,15,6240,975,7215,15,240,499200,33520,5070,0.818296653981442,0.854740367122642,0.831715064339761,0.914770324105075,D0286,V0050,H0230,15,2,4,0,0.3586354,0.3586354,FIM_SCENARIO_VALID,2,2,1184,2368,1.2115625e-05
RECT_E27_A01,27,1,1;2;4;5,1,1;2;4;5,4,1,4,8320,260,8580,4,64,133120,33344,6435,2.05375580404377e-07,0.000825633528942862,3.53358526950617e-06,2.44702794809288e-07,D0160,V0050,H0041,4,2,4,0,0.3853114,0.3853114,FIM_SCENARIO_VALID,2,2,1184,2368,1.16482421875e-05
RECT_E27_A02,27,2,1;2;4;5,2,6;7;9;10,4,1,4,8320,260,8580,4,64,133120,33344,6435,1.31099586780958e-08,2.26508976561333e-05,1.05528770424775e-07,1.52680345192106e-08,D0030,V0050,H0187,4,2,4,0,0.3330055,0.3330055,FIM_SCENARIO_VALID,2,2,1184,2368,1.16482421875e-05
RECT_E27_A03,27,3,1;2;4;5,1;2,1;2;4;5;6;7;9;10,4,2,8,8320,520,8840,8,128,266240,33408,6695,0.0066736856134694,0.0936792971624503,0.00678989945886656,0.00786662723859639,D0280,V0234,H0041,8,2,4,0,0.3449834,0.3449834,FIM_SCENARIO_VALID,2,2,1184,2368,1.14265625e-05
RECT_E27_A04,27,4,1;2;4;5,3,11;12;14;15,4,1,4,8320,260,8580,4,64,133120,33344,6435,2.38301885390397e-07,7.09991289943826e-08,2.40224424605876e-07,2.81765687933439e-07,D0416,V0180,H0041,4,2,4,0,0.3541799,0.3541799,FIM_SCENARIO_VALID,2,2,1184,2368,1.16482421875e-05
RECT_E27_A05,27,5,1;2;4;5,1;3,1;2;4;5;11;12;14;15,4,2,8,8320,520,8840,8,128,266240,33408,6695,0.00461198272295935,0.10152782359254,0.0050780546904023,0.00545174477756431,D0264,V0234,H0041,8,2,4,0,0.3483687,0.3483687,FIM_SCENARIO_VALID,2,2,1184,2368,1.14265625e-05
RECT_E27_A06,27,6,1;2;4;5,2;3,6;7;9;10;11;12;14;15,4,2,8,8320,520,8840,8,128,266240,33408,6695,0.00540114454377222,0.161307829636993,0.00596509966478231,0.00639509762968365,D0264,V0234,H0041,8,2,4,0,0.311827,0.311827,FIM_SCENARIO_VALID,2,2,1184,2368,1.14265625e-05
RECT_E27_A07,27,7,1;2;4;5,1;2;3,1;2;4;5;6;7;9;10;11;12;14;15,4,3,12,8320,780,9100,12,192,399360,33472,6955,0.251515695091079,0.583559138993983,0.295597430270946,0.305245978871797,D0542,V0234,H0230,12,2,4,0,0.3401212,0.3401212,FIM_SCENARIO_VALID,2,2,1184,2368,1.2159375e-05
RECT_E27_A08,27,8,1;2;4;5,4,16;17;19;20,4,1,4,8320,260,8580,4,64,133120,33344,6435,4.41157603907922e-07,4.00436524230246e-05,1.18564837839294e-06,5.15089678985296e-07,D0158,V0234,H0109,4,2,4,0,0.3472167,0.3472167,FIM_SCENARIO_VALID,2,2,1184,2368,1.16482421875e-05
RECT_E27_A09,27,9,1;2;4;5,1;4,1;2;4;5;16;17;19;20,4,2,8,8320,520,8840,8,128,266240,33408,6695,0.00283454853423107,0.10614696596685,0.00345781023873045,0.00335248433563919,D0264,V0234,H0041,8,2,4,0,0.3357625,0.3357625,FIM_SCENARIO_VALID,2,2,1184,2368,1.14265625e-05
RECT_E27_A10,27,10,1;2;4;5,2;4,6;7;9;10;16;17;19;20,4,2,8,8320,520,8840,8,128,266240,33408,6695,0.00500485052342407,0.199191099530687,0.00580090509206251,0.00580172829150141,D0016,V0230,H0041,8,2,4,0,0.3051359,0.3051359,FIM_SCENARIO_VALID,2,2,1184,2368,1.14265625e-05
RECT_E27_A11,27,11,1;2;4;5,1;2;4,1;2;4;5;6;7;9;10;16;17;19;20,4,3,12,8320,780,9100,12,192,399360,33472,6955,0.288734901903033,0.574454550270981,0.329686911313396,0.350454741044238,D0542,V0234,H0230,12,2,4,0,0.3257377,0.3257377,FIM_SCENARIO_VALID,2,2,1184,2368,1.2159375e-05
RECT_E27_A12,27,12,1;2;4;5,3;4,11;12;14;15;16;17;19;20,4,2,8,8320,520,8840,8,128,266240,33408,6695,0.0054156105519084,0.162122667920981,0.00839628097193048,0.00640717395783885,D0528,V0054,H0041,8,2,4,0,0.3394881,0.3394881,FIM_SCENARIO_VALID,2,2,1184,2368,1.14265625e-05
RECT_E27_A13,27,13,1;2;4;5,1;3;4,1;2;4;5;11;12;14;15;16;17;19;20,4,3,12,8320,780,9100,12,192,399360,33472,6955,0.325474665447375,0.573915529768935,0.362489466557898,0.395063613016049,D0542,V0234,H0230,12,2,4,0,0.3538322,0.3538322,FIM_SCENARIO_VALID,2,2,1184,2368,1.2159375e-05
RECT_E27_A14,27,14,1;2;4;5,2;3;4,6;7;9;10;11;12;14;15;16;17;19;20,4,3,12,8320,780,9100,12,192,399360,33472,6955,0.376791571190424,0.597845690463263,0.394356696432906,0.457143170665172,D0542,V0018,H0041,12,2,4,0,0.37472,0.37472,FIM_SCENARIO_VALID,2,2,1184,2368,1.2159375e-05
RECT_E27_A15,27,15,1;2;4;5,1;2;3;4,1;2;4;5;6;7;9;10;11;12;14;15;16;17;19;20,4,4,16,8320,1040,9360,16,256,532480,33536,7215,0.424170382145964,0.666954240614637,0.426348648222781,0.496525219914007,D0280,V0054,H0041,16,2,4,0,0.3204672,0.3204672,FIM_SCENARIO_VALID,2,2,1184,2368,1.22173828125e-05
RECT_E27_A16,27,16,1;2;4;5,5,21;22;24;25,4,1,4,8320,260,8580,4,64,133120,33344,6435,1.00401286986971e-06,0.00074126402889266,5.71823174505995e-06,1.19429461314092e-06,D0416,V0234,H0109,4,2,4,0,0.356476,0.356476,FIM_SCENARIO_VALID,2,2,1184,2368,1.16482421875e-05
RECT_E27_A17,27,17,1;2;4;5,1;5,1;2;4;5;21;22;24;25,4,2,8,8320,520,8840,8,128,266240,33408,6695,0.00095943994640234,0.102512843328207,0.00207296883428106,0.00111298598248185,D0024,V0014,H0041,8,2,4,0,0.3558261,0.3558261,FIM_SCENARIO_VALID,2,2,1184,2368,1.14265625e-05
RECT_E27_A18,27,18,1;2;4;5,2;5,6;7;9;10;21;22;24;25,4,2,8,8320,520,8840,8,128,266240,33408,6695,0.00284993711634254,0.106021913492821,0.00596208469376174,0.00336937477457525,D0536,V0014,H0041,8,2,4,0,0.3671343,0.3671343,FIM_SCENARIO_VALID,2,2,1184,2368,1.14265625e-05
RECT_E27_A19,27,19,1;2;4;5,1;2;5,1;2;4;5;6;7;9;10;21;22;24;25,4,3,12,8320,780,9100,12,192,399360,33472,6955,0.324091484524443,0.547354842923358,0.359160502844246,0.393378700007129,D0542,V0234,H0230,12,2,4,0,0.3342137,0.3342137,FIM_SCENARIO_VALID,2,2,1184,2368,1.2159375e-05
RECT_E27_A20,27,20,1;2;4;5,3;5,11;12;14;15;21;22;24;25,4,2,8,8320,520,8840,8,128,266240,33408,6695,0.00467172331121459,0.102385322838442,0.00853993528678458,0.00552138616476178,D0536,V0054,H0144,8,2,4,0,0.3161184,0.3161184,FIM_SCENARIO_VALID,2,2,1184,2368,1.14265625e-05
RECT_E27_A21,27,21,1;2;4;5,1;3;5,1;2;4;5;11;12;14;15;21;22;24;25,4,3,12,8320,780,9100,12,192,399360,33472,6955,0.354890371770049,0.553129032323188,0.371394843169206,0.430614738816979,D0542,V0018,H0041,12,2,4,0,0.3800285,0.3800285,FIM_SCENARIO_VALID,2,2,1184,2368,1.2159375e-05
RECT_E27_A22,27,22,1;2;4;5,2;3;5,6;7;9;10;11;12;14;15;21;22;24;25,4,3,12,8320,780,9100,12,192,399360,33472,6955,0.325547538786504,0.573459772602991,0.345257270307363,0.395333580339507,D0286,V0014,H0041,12,2,4,0,0.3446553,0.3446553,FIM_SCENARIO_VALID,2,2,1184,2368,1.2159375e-05
RECT_E27_A23,27,23,1;2;4;5,1;2;3;5,1;2;4;5;6;7;9;10;11;12;14;15;21;22;24;25,4,4,16,8320,1040,9360,16,256,532480,33536,7215,0.412173625315198,0.662216378083331,0.424364051159867,0.479084531822429,D0030,V0162,H0165,16,2,4,0,0.3568804,0.3568804,FIM_SCENARIO_VALID,2,2,1184,2368,1.22173828125e-05
RECT_E27_A24,27,24,1;2;4;5,4;5,16;17;19;20;21;22;24;25,4,2,8,8320,520,8840,8,128,266240,33408,6695,0.0067801631254293,0.0944999983403554,0.00967677358576445,0.00798707123080813,D0536,V0054,H0144,8,2,4,0,0.3420593,0.3420593,FIM_SCENARIO_VALID,2,2,1184,2368,1.14265625e-05
RECT_E27_A25,27,25,1;2;4;5,1;4;5,1;2;4;5;16;17;19;20;21;22;24;25,4,3,12,8320,780,9100,12,192,399360,33472,6955,0.324154083659877,0.546696346708281,0.342794340857268,0.393634769624812,D0286,V0014,H0041,12,2,4,0,0.3452044,0.3452044,FIM_SCENARIO_VALID,2,2,1184,2368,1.2159375e-05
RECT_E27_A26,27,26,1;2;4;5,2;4;5,6;7;9;10;16;17;19;20;21;22;24;25,4,3,12,8320,780,9100,12,192,399360,33472,6955,0.288815687040833,0.573817823303952,0.310012810168339,0.350714961183686,D0286,V0014,H0041,12,2,4,0,0.3343307,0.3343307,FIM_SCENARIO_VALID,2,2,1184,2368,1.2159375e-05
RECT_E27_A27,27,27,1;2;4;5,1;2;4;5,1;2;4;5;6;7;9;10;16;17;19;20;21;22;24;25,4,4,16,8320,1040,9360,16,256,532480,33536,7215,0.406528126287153,0.659161964761951,0.421867215054634,0.47126551468615,D0008,V0198,H0144,16,2,4,0,0.340521,0.340521,FIM_SCENARIO_VALID,2,2,1184,2368,1.22173828125e-05
RECT_E27_A28,27,28,1;2;4;5,3;4;5,11;12;14;15;16;17;19;20;21;22;24;25,4,3,12,8320,780,9100,12,192,399360,33472,6955,0.251599478882684,0.583550428822592,0.2737123327422,0.305489449491355,D0286,V0054,H0041,12,2,4,0,0.330283,0.330283,FIM_SCENARIO_VALID,2,2,1184,2368,1.2159375e-05
RECT_E27_A29,27,29,1;2;4;5,1;3;4;5,1;2;4;5;11;12;14;15;16;17;19;20;21;22;24;25,4,4,16,8320,1040,9360,16,256,532480,33536,7215,0.412398513482377,0.661721994066021,0.413658301768938,0.479253010052171,D0030,V0198,H0144,16,2,4,0,0.360776,0.360776,FIM_SCENARIO_VALID,2,2,1184,2368,1.22173828125e-05
RECT_E27_A30,27,30,1;2;4;5,2;3;4;5,6;7;9;10;11;12;14;15;16;17;19;20;21;22;24;25,4,4,16,8320,1040,9360,16,256,532480,33536,7215,0.424483989368713,0.667050359695824,0.426143714152379,0.496765535750896,D0536,V0270,H0216,16,2,4,0,0.3354499,0.3354499,FIM_SCENARIO_VALID,2,2,1184,2368,1.22173828125e-05
RECT_E27_A31,27,31,1;2;4;5,1;2;3;4;5,1;2;4;5;6;7;9;10;11;12;14;15;16;17;19;20;21;22;24;25,4,5,20,8320,1300,9620,20,320,665600,33600,7475,0.822189377771634,0.857643757265324,0.835702305364777,0.983168978549522,D0158,V0050,H0230,20,2,4,0,0.3577868,0.3577868,FIM_SCENARIO_VALID,2,2,1184,2368,1.331484375e-05
RECT_E28_A01,28,1,3;4;5,1,3;4;5,3,1,3,6240,195,6435,3,48,99840,33328,4290,1.07673279979665e-10,8.44003283367672e-09,4.05964084209884e-10,1.285065597532e-10,D0286,V0204,H0061,3,2,4,0,0.2956243,0.2956243,FIM_SCENARIO_VALID,2,2,1184,2368,1.05943359375e-05
RECT_E28_A02,28,2,3;4;5,2,8;9;10,3,1,3,6240,195,6435,3,48,99840,33328,4290,1.25289040271484e-11,1.02685654168624e-11,7.10423586871724e-12,1.39594164869082e-11,D0296,V0204,H0239,3,2,4,0,0.3543796,0.3543796,FIM_SCENARIO_VALID,2,2,1184,2368,1.05943359375e-05
RECT_E28_A03,28,3,3;4;5,1;2,3;4;5;8;9;10,3,2,6,6240,390,6630,6,96,199680,33376,4485,0.000639359926683269,0.0884403697391981,0.000886035306813346,0.000753681776719423,D0280,V0234,H0041,6,2,4,0,0.3155926,0.3155926,FIM_SCENARIO_VALID,2,2,1184,2368,1.1816015625e-05
RECT_E28_A04,28,4,3;4;5,3,13;14;15,3,1,3,6240,195,6435,3,48,99840,33328,4290,3.25188934027067e-11,0,0,3.48270770601271e-11,D0112,V0102,H0148,3,2,4,0,0.3678901,0.3678901,FIM_SCENARIO_VALID,2,2,1184,2368,1.05943359375e-05
RECT_E28_A05,28,5,3;4;5,1;3,3;4;5;13;14;15,3,2,6,6240,390,6630,6,96,199680,33376,4485,0.00043977194642509,0.0975729183731694,0.000912876268357351,0.000519365376660805,D0272,V0234,H0041,6,2,4,0,0.343835,0.343835,FIM_SCENARIO_VALID,2,2,1184,2368,1.1816015625e-05
RECT_E28_A06,28,6,3;4;5,2;3,8;9;10;13;14;15,3,2,6,6240,390,6630,6,96,199680,33376,4485,0.000515083898927807,0.158195271175002,0.000882190111331245,0.000610133747677712,D0264,V0234,H0041,6,2,4,0,0.356041,0.356041,FIM_SCENARIO_VALID,2,2,1184,2368,1.1816015625e-05
RECT_E28_A07,28,7,3;4;5,1;2;3,3;4;5;8;9;10;13;14;15,3,3,9,6240,585,6825,9,144,299520,33424,4680,0.244976932154365,0.580351450182641,0.289274215352849,0.297390583066934,D0414,V0234,H0230,9,2,4,0,0.3420773,0.3420773,FIM_SCENARIO_VALID,2,2,1184,2368,1.254296875e-05
RECT_E28_A08,28,8,3;4;5,4,18;19;20,3,1,3,6240,195,6435,3,48,99840,33328,4290,0,7.01256362523884e-11,8.64562159756218e-11,0,D0605,V0288,H0232,3,2,4,0,0.3313645,0.3313645,FIM_SCENARIO_VALID,2,2,1184,2368,1.05943359375e-05
RECT_E28_A09,28,9,3;4;5,1;4,3;4;5;18;19;20,3,2,6,6240,390,6630,6,96,199680,33376,4485,0.000269734285519675,0.103383657707693,0.000755851318859462,0.000319387054592261,D0264,V0270,H0041,6,2,4,0,0.3375556,0.3375556,FIM_SCENARIO_VALID,2,2,1184,2368,1.1816015625e-05
RECT_E28_A10,28,10,3;4;5,2;4,8;9;10;18;19;20,3,2,6,6240,390,6630,6,96,199680,33376,4485,0.000430922497602461,0.196803992104664,0.000649471210298078,0.000499501983293973,D0008,V0014,H0041,6,2,4,0,0.3323697,0.3323697,FIM_SCENARIO_VALID,2,2,1184,2368,1.1816015625e-05
RECT_E28_A11,28,11,3;4;5,1;2;4,3;4;5;8;9;10;18;19;20,3,3,9,6240,585,6825,9,144,299520,33424,4680,0.282562464396993,0.571021496931088,0.323957295286225,0.343055448070189,D0414,V0234,H0230,9,2,4,0,0.3653911,0.3653911,FIM_SCENARIO_VALID,2,2,1184,2368,1.254296875e-05
RECT_E28_A12,28,12,3;4;5,3;4,13;14;15;18;19;20,3,2,6,6240,390,6630,6,96,199680,33376,4485,0.000515793972471698,0.157512437245573,0.000647243255456002,0.000610806175661882,D0528,V0014,H0041,6,2,4,0,0.3203093,0.3203093,FIM_SCENARIO_VALID,2,2,1184,2368,1.1816015625e-05
RECT_E28_A13,28,13,3;4;5,1;3;4,3;4;5;13;14;15;18;19;20,3,3,9,6240,585,6825,9,144,299520,33424,4680,0.319606844315695,0.570654337496558,0.357166843311726,0.3880455480761,D0414,V0234,H0230,9,2,4,0,0.3763863,0.3763863,FIM_SCENARIO_VALID,2,2,1184,2368,1.254296875e-05
RECT_E28_A14,28,14,3;4;5,2;3;4,8;9;10;13;14;15;18;19;20,3,3,9,6240,585,6825,9,144,299520,33424,4680,0.371415617383042,0.595132108067569,0.389219288621733,0.450722069361589,D0414,V0234,H0041,9,2,4,0,0.30963,0.30963,FIM_SCENARIO_VALID,2,2,1184,2368,1.254296875e-05
RECT_E28_A15,28,15,3;4;5,1;2;3;4,3;4;5;8;9;10;13;14;15;18;19;20,3,4,12,6240,780,7020,12,192,399360,33472,4875,0.419252373082161,0.664602322365562,0.4213635469035,0.490697124746114,D0280,V0054,H0041,12,2,4,0,0.332813,0.332813,FIM_SCENARIO_VALID,2,2,1184,2368,1.1918359375e-05
RECT_E28_A16,28,16,3;4;5,5,23;24;25,3,1,3,6240,195,6435,3,48,99840,33328,4290,1.04888744395655e-11,1.08135155033598e-09,1.10754018543295e-10,1.25333347768297e-11,D0544,V0204,H0121,3,2,4,0,0.3162842,0.3162842,FIM_SCENARIO_VALID,2,2,1184,2368,1.05943359375e-05
RECT_E28_A17,28,17,3;4;5,1;5,3;4;5;23;24;25,3,2,6,6240,390,6630,6,96,199680,33376,4485,7.91525772152553e-05,0.10149706133667,0.000294122931750598,9.17785635459248e-05,D0016,V0014,H0041,6,2,4,0,0.3227898,0.3227898,FIM_SCENARIO_VALID,2,2,1184,2368,1.1816015625e-05
RECT_E28_A18,28,18,3;4;5,2;5,8;9;10;23;24;25,3,2,6,6240,390,6630,6,96,199680,33376,4485,0.000270639592757141,0.102125889014238,0.0003590797682511,0.000320339697998922,D0528,V0014,H0041,6,2,4,0,0.393132,0.393132,FIM_SCENARIO_VALID,2,2,1184,2368,1.1816015625e-05
RECT_E28_A19,28,19,3;4;5,1;2;5,3;4;5;8;9;10;23;24;25,3,3,9,6240,585,6825,9,144,299520,33424,4680,0.318251454566926,0.543882815696955,0.353854896488662,0.386393712248495,D0414,V0234,H0230,9,2,4,0,0.3697727,0.3697727,FIM_SCENARIO_VALID,2,2,1184,2368,1.254296875e-05
RECT_E28_A20,28,20,3;4;5,3;5,13;14;15;23;24;25,3,2,6,6240,390,6630,6,96,199680,33376,4485,0.000442089714219372,0.0966026319726432,0.000555595303008343,0.000522065977095506,D0536,V0014,H0041,6,2,4,0,0.334803,0.334803,FIM_SCENARIO_VALID,2,2,1184,2368,1.1816015625e-05
RECT_E28_A21,28,21,3;4;5,1;3;5,3;4;5;13;14;15;23;24;25,3,3,9,6240,585,6825,9,144,299520,33424,4680,0.349252325532076,0.549990402993677,0.366039083560253,0.423886380781152,D0414,V0234,H0041,9,2,4,0,0.331843,0.331843,FIM_SCENARIO_VALID,2,2,1184,2368,1.254296875e-05
RECT_E28_A22,28,22,3;4;5,2;3;5,8;9;10;13;14;15;23;24;25,3,3,9,6240,585,6825,9,144,299520,33424,4680,0.319659539878744,0.570829415865144,0.339715728745479,0.388294630258158,D0158,V0014,H0041,9,2,4,0,0.3521894,0.3521894,FIM_SCENARIO_VALID,2,2,1184,2368,1.254296875e-05
RECT_E28_A23,28,23,3;4;5,1;2;3;5,3;4;5;8;9;10;13;14;15;23;24;25,3,4,12,6240,780,7020,12,192,399360,33472,4875,0.406612994594422,0.659889861042001,0.419168254618608,0.47282881716374,D0030,V0198,H0165,12,2,4,0,0.3176341,0.3176341,FIM_SCENARIO_VALID,2,2,1184,2368,1.1918359375e-05
RECT_E28_A24,28,24,3;4;5,4;5,18;19;20;23;24;25,3,2,6,6240,390,6630,6,96,199680,33376,4485,0.000646103586803493,0.0878179243051881,0.000821300317715014,0.000761772458673453,D0536,V0014,H0041,6,2,4,0,0.3682934,0.3682934,FIM_SCENARIO_VALID,2,2,1184,2368,1.1816015625e-05
RECT_E28_A25,28,25,3;4;5,1;4;5,3;4;5;18;19;20;23;24;25,3,3,9,6240,585,6825,9,144,299520,33424,4680,0.318300483358059,0.544000466762632,0.337258165594345,0.386636892131249,D0158,V0014,H0041,9,2,4,0,0.3047967,0.3047967,FIM_SCENARIO_VALID,2,2,1184,2368,1.254296875e-05
RECT_E28_A26,28,26,3;4;5,2;4;5,8;9;10;18;19;20;23;24;25,3,3,9,6240,585,6825,9,144,299520,33424,4680,0.282619250311845,0.570974192163757,0.304160982271324,0.343289137269569,D0158,V0014,H0041,9,2,4,0,0.3321803,0.3321803,FIM_SCENARIO_VALID,2,2,1184,2368,1.254296875e-05
RECT_E28_A27,28,27,3;4;5,1;2;4;5,3;4;5;8;9;10;18;19;20;23;24;25,3,4,12,6240,780,7020,12,192,399360,33472,4875,0.401050253248549,0.656863804673001,0.416791500403205,0.464925248659718,D0008,V0198,H0144,12,2,4,0,0.3311948,0.3311948,FIM_SCENARIO_VALID,2,2,1184,2368,1.1918359375e-05
RECT_E28_A28,28,28,3;4;5,3;4;5,13;14;15;18;19;20;23;24;25,3,3,9,6240,585,6825,9,144,299520,33424,4680,0.245030448242935,0.580287479276306,0.267445633788641,0.297598879797672,D0158,V0054,H0041,9,2,4,0,0.3387466,0.3387466,FIM_SCENARIO_VALID,2,2,1184,2368,1.254296875e-05
RECT_E28_A29,28,29,3;4;5,1;3;4;5,3;4;5;13;14;15;18;19;20;23;24;25,3,4,12,6240,780,7020,12,192,399360,33472,4875,0.406840708172566,0.659604328643703,0.408632621101709,0.47300829177001,D0030,V0198,H0144,12,2,4,0,0.3202846,0.3202846,FIM_SCENARIO_VALID,2,2,1184,2368,1.1918359375e-05
RECT_E28_A30,28,30,3;4;5,2;3;4;5,8;9;10;13;14;15;18;19;20;23;24;25,3,4,12,6240,780,7020,12,192,399360,33472,4875,0.41956035807245,0.664538996454455,0.42133759476826,0.490938503985922,D0536,V0270,H0144,12,2,4,0,0.3304622,0.3304622,FIM_SCENARIO_VALID,2,2,1184,2368,1.1918359375e-05
RECT_E28_A31,28,31,3;4;5,1;2;3;4;5,3;4;5;8;9;10;13;14;15;18;19;20;23;24;25,3,5,15,6240,975,7215,15,240,499200,33520,5070,0.818362440953709,0.855324196074235,0.831796740997647,0.878170684985505,D0286,V0050,H0230,15,2,4,0,0.3382071,0.3382071,FIM_SCENARIO_VALID,2,2,1184,2368,1.2115625e-05
RECT_E29_A01,29,1,1;3;4;5,1,1;3;4;5,4,1,4,8320,260,8580,4,64,133120,33344,6435,2.06080195314024e-07,0.000848036805175229,3.42805370303845e-06,2.49380819518432e-07,D0158,V0050,H0041,4,2,4,0,0.2972714,0.2972714,FIM_SCENARIO_VALID,2,2,1184,2368,1.16482421875e-05
RECT_E29_A02,29,2,1;3;4;5,2,6;8;9;10,4,1,4,8320,260,8580,4,64,133120,33344,6435,1.22463123151357e-08,2.36024657638391e-05,1.14641658814008e-07,1.42619260327048e-08,D0030,V0050,H0187,4,2,4,0,0.3287912,0.3287912,FIM_SCENARIO_VALID,2,2,1184,2368,1.16482421875e-05
RECT_E29_A03,29,3,1;3;4;5,1;2,1;3;4;5;6;8;9;10,4,2,8,8320,520,8840,8,128,266240,33408,6695,0.00729442139123442,0.094464509828894,0.0073742801629896,0.0085980548887649,D0280,V0234,H0041,8,2,4,0,0.3607205,0.3607205,FIM_SCENARIO_VALID,2,2,1184,2368,1.14265625e-05
RECT_E29_A04,29,4,1;3;4;5,3,11;13;14;15,4,1,4,8320,260,8580,4,64,133120,33344,6435,2.40588064819196e-07,7.76725959681652e-08,2.42892800905257e-07,2.84454617507106e-07,D0416,V0180,H0041,4,2,4,0,0.3291758,0.3291758,FIM_SCENARIO_VALID,2,2,1184,2368,1.16482421875e-05
RECT_E29_A05,29,5,1;3;4;5,1;3,1;3;4;5;11;13;14;15,4,2,8,8320,520,8840,8,128,266240,33408,6695,0.00504636721001135,0.102117952818383,0.005489202693589,0.00596513476531822,D0264,V0234,H0041,8,2,4,0,0.3653986,0.3653986,FIM_SCENARIO_VALID,2,2,1184,2368,1.14265625e-05
RECT_E29_A06,29,6,1;3;4;5,2;3,6;8;9;10;11;13;14;15,4,2,8,8320,520,8840,8,128,266240,33408,6695,0.00590623950382371,0.161846748237644,0.00644920604318404,0.00699205255941161,D0264,V0234,H0041,8,2,4,0,0.3114444,0.3114444,FIM_SCENARIO_VALID,2,2,1184,2368,1.14265625e-05
RECT_E29_A07,29,7,1;3;4;5,1;2;3,1;3;4;5;6;8;9;10;11;13;14;15,4,3,12,8320,780,9100,12,192,399360,33472,6955,0.252084288003622,0.583806584570901,0.296133507315112,0.305936014600754,D0542,V0234,H0230,12,2,4,0,0.344705,0.344705,FIM_SCENARIO_VALID,2,2,1184,2368,1.2159375e-05
RECT_E29_A08,29,8,1;3;4;5,4,16;18;19;20,4,1,4,8320,260,8580,4,64,133120,33344,6435,4.39357635084829e-07,4.08087096594727e-05,1.15695544685439e-06,5.12986627220286e-07,D0158,V0234,H0109,4,2,4,0,0.3131799,0.3131799,FIM_SCENARIO_VALID,2,2,1184,2368,1.16482421875e-05
RECT_E29_A09,29,9,1;3;4;5,1;4,1;3;4;5;16;18;19;20,4,2,8,8320,520,8840,8,128,266240,33408,6695,0.00310680501407856,0.106501105966116,0.00372161289992569,0.00367432529654707,D0264,V0234,H0041,8,2,4,0,0.3501571,0.3501571,FIM_SCENARIO_VALID,2,2,1184,2368,1.14265625e-05
RECT_E29_A10,29,10,1;3;4;5,2;4,6;8;9;10;16;18;19;20,4,2,8,8320,520,8840,8,128,266240,33408,6695,0.00536562496239508,0.19961788166443,0.00628381096248202,0.00621988202933455,D0016,V0230,H0041,8,2,4,0,0.4109436,0.4109436,FIM_SCENARIO_VALID,2,2,1184,2368,1.14265625e-05
RECT_E29_A11,29,11,1;3;4;5,1;2;4,1;3;4;5;6;8;9;10;16;18;19;20,4,3,12,8320,780,9100,12,192,399360,33472,6955,0.28924463398142,0.574623393820506,0.330179086237241,0.351073405168348,D0542,V0234,H0230,12,2,4,0,0.4803134,0.4803134,FIM_SCENARIO_VALID,2,2,1184,2368,1.2159375e-05
RECT_E29_A12,29,12,1;3;4;5,3;4,11;13;14;15;16;18;19;20,4,2,8,8320,520,8840,8,128,266240,33408,6695,0.00592258430173319,0.162663987102396,0.00911174497042239,0.00700719817870192,D0536,V0054,H0041,8,2,4,0,0.3455691,0.3455691,FIM_SCENARIO_VALID,2,2,1184,2368,1.14265625e-05
RECT_E29_A13,29,13,1;3;4;5,1;3;4,1;3;4;5;11;13;14;15;16;18;19;20,4,3,12,8320,780,9100,12,192,399360,33472,6955,0.325939127156259,0.574061410825539,0.362940436965951,0.395627379905674,D0542,V0234,H0230,12,2,4,0,0.3810048,0.3810048,FIM_SCENARIO_VALID,2,2,1184,2368,1.2159375e-05
RECT_E29_A14,29,14,1;3;4;5,2;3;4,6;8;9;10;11;13;14;15;16;18;19;20,4,3,12,8320,780,9100,12,192,399360,33472,6955,0.377193041616822,0.598025837343902,0.394679638515407,0.457630101905011,D0542,V0234,H0041,12,2,4,0,0.3658977,0.3658977,FIM_SCENARIO_VALID,2,2,1184,2368,1.2159375e-05
RECT_E29_A15,29,15,1;3;4;5,1;2;3;4,1;3;4;5;6;8;9;10;11;13;14;15;16;18;19;20,4,4,16,8320,1040,9360,16,256,532480,33536,7215,0.424480441819667,0.66731724053204,0.426637466402529,0.496930724755901,D0280,V0054,H0041,16,2,4,0,0.3479949,0.3479949,FIM_SCENARIO_VALID,2,2,1184,2368,1.22173828125e-05
RECT_E29_A16,29,16,1;3;4;5,5,21;23;24;25,4,1,4,8320,260,8580,4,64,133120,33344,6435,1.02718054203662e-06,0.000761142569754066,5.68929193538756e-06,1.22166643590672e-06,D0416,V0234,H0109,4,2,4,0,0.3672151,0.3672151,FIM_SCENARIO_VALID,2,2,1184,2368,1.16482421875e-05
RECT_E29_A17,29,17,1;3;4;5,1;5,1;3;4;5;21;23;24;25,4,2,8,8320,520,8840,8,128,266240,33408,6695,0.00103795829616602,0.102565920910821,0.00224481402058693,0.00120406688453607,D0024,V0014,H0041,8,2,4,0,0.3471026,0.3471026,FIM_SCENARIO_VALID,2,2,1184,2368,1.14265625e-05
RECT_E29_A18,29,18,1;3;4;5,2;5,6;8;9;10;21;23;24;25,4,2,8,8320,520,8840,8,128,266240,33408,6695,0.00312439293411053,0.106095082322567,0.0063969045149591,0.0036935446448633,D0536,V0014,H0216,8,2,4,0,0.3099359,0.3099359,FIM_SCENARIO_VALID,2,2,1184,2368,1.14265625e-05
RECT_E29_A19,29,19,1;3;4;5,1;2;5,1;3;4;5;6;8;9;10;21;23;24;25,4,3,12,8320,780,9100,12,192,399360,33472,6955,0.324548798309991,0.547462137008314,0.359605730556712,0.39393380730218,D0542,V0234,H0230,12,2,4,0,0.3760751,0.3760751,FIM_SCENARIO_VALID,2,2,1184,2368,1.2159375e-05
RECT_E29_A20,29,20,1;3;4;5,3;5,11;13;14;15;21;23;24;25,4,2,8,8320,520,8840,8,128,266240,33408,6695,0.00510805624148822,0.102979587500683,0.00901759471598219,0.00603769902015703,D0536,V0054,H0144,8,2,4,0,0.3368308,0.3368308,FIM_SCENARIO_VALID,2,2,1184,2368,1.14265625e-05
RECT_E29_A21,29,21,1;3;4;5,1;3;5,1;3;4;5;11;13;14;15;21;23;24;25,4,3,12,8320,780,9100,12,192,399360,33472,6955,0.355319498666293,0.553257321179795,0.37174704084836,0.431135434980592,D0542,V0234,H0041,12,2,4,0,0.4543697,0.4543697,FIM_SCENARIO_VALID,2,2,1184,2368,1.2159375e-05
RECT_E29_A22,29,22,1;3;4;5,2;3;5,6;8;9;10;11;13;14;15;21;23;24;25,4,3,12,8320,780,9100,12,192,399360,33472,6955,0.326014627586474,0.573861379654665,0.345639054348308,0.395900799900692,D0286,V0014,H0041,12,2,4,0,0.3655243,0.3655243,FIM_SCENARIO_VALID,2,2,1184,2368,1.2159375e-05
RECT_E29_A23,29,23,1;3;4;5,1;2;3;5,1;3;4;5;6;8;9;10;11;13;14;15;21;23;24;25,4,4,16,8320,1040,9360,16,256,532480,33536,7215,0.412473055625195,0.662493236801614,0.424713631699603,0.479376880192996,D0030,V0162,H0165,16,2,4,0,0.3218552,0.3218552,FIM_SCENARIO_VALID,2,2,1184,2368,1.22173828125e-05
RECT_E29_A24,29,24,1;3;4;5,4;5,16;18;19;20;21;23;24;25,4,2,8,8320,520,8840,8,128,266240,33408,6695,0.00739987165036364,0.095288378293311,0.0103852828878406,0.00871845874103826,D0544,V0054,H0144,8,2,4,0,0.3018373,0.3018373,FIM_SCENARIO_VALID,2,2,1184,2368,1.14265625e-05
RECT_E29_A25,29,25,1;3;4;5,1;4;5,1;3;4;5;16;18;19;20;21;23;24;25,4,3,12,8320,780,9100,12,192,399360,33472,6955,0.32461420716174,0.547086440676676,0.343174000311595,0.394193537738943,D0286,V0014,H0041,12,2,4,0,0.4156974,0.4156974,FIM_SCENARIO_VALID,2,2,1184,2368,1.2159375e-05
RECT_E29_A26,29,26,1;3;4;5,2;4;5,6;8;9;10;16;18;19;20;21;23;24;25,4,3,12,8320,780,9100,12,192,399360,33472,6955,0.289329030115361,0.574270527840138,0.310435246483299,0.351338302308608,D0286,V0014,H0041,12,2,4,0,0.4466836,0.4466836,FIM_SCENARIO_VALID,2,2,1184,2368,1.2159375e-05
RECT_E29_A27,29,27,1;3;4;5,1;2;4;5,1;3;4;5;6;8;9;10;16;18;19;20;21;23;24;25,4,4,16,8320,1040,9360,16,256,532480,33536,7215,0.40678931284974,0.659449192054443,0.422196970507138,0.47156556247355,D0008,V0198,H0144,16,2,4,0,0.5432659,0.5432659,FIM_SCENARIO_VALID,2,2,1184,2368,1.22173828125e-05
RECT_E29_A28,29,28,1;3;4;5,3;4;5,11;13;14;15;16;18;19;20;21;23;24;25,4,3,12,8320,780,9100,12,192,399360,33472,6955,0.252172476711093,0.583807852626251,0.274185061402263,0.306185157593314,D0286,V0054,H0041,12,2,4,0,0.4830815,0.4830815,FIM_SCENARIO_VALID,2,2,1184,2368,1.2159375e-05
RECT_E29_A29,29,29,1;3;4;5,1;3;4;5,1;3;4;5;11;13;14;15;16;18;19;20;21;23;24;25,4,4,16,8320,1040,9360,16,256,532480,33536,7215,0.412697879402568,0.662001244835195,0.41398814035498,0.479545096629041,D0030,V0198,H0144,16,2,4,0,0.4152049,0.4152049,FIM_SCENARIO_VALID,2,2,1184,2368,1.22173828125e-05
RECT_E29_A30,29,30,1;3;4;5,2;3;4;5,6;8;9;10;11;13;14;15;16;18;19;20;21;23;24;25,4,4,16,8320,1040,9360,16,256,532480,33536,7215,0.424794129047285,0.667416053525778,0.426463556431616,0.497170743960759,D0536,V0270,H0144,16,2,4,0,0.3641149,0.3641149,FIM_SCENARIO_VALID,2,2,1184,2368,1.22173828125e-05
RECT_E29_A31,29,31,1;3;4;5,1;2;3;4;5,1;3;4;5;6;8;9;10;11;13;14;15;16;18;19;20;21;23;24;25,4,5,20,8320,1300,9620,20,320,665600,33600,7475,0.82212067707817,0.85795922890502,0.835737924077511,0.983594493592968,D0158,V0018,H0230,20,2,4,0,0.3499733,0.3499733,FIM_SCENARIO_VALID,2,2,1184,2368,1.331484375e-05
RECT_E30_A01,30,1,2;3;4;5,1,2;3;4;5,4,1,4,8320,260,8580,4,64,133120,33344,6435,2.23484121981536e-07,0.000877452349057553,3.42706330413255e-06,2.70575615145628e-07,D0158,V0050,H0041,4,2,4,0,0.4552343,0.4552343,FIM_SCENARIO_VALID,2,2,1184,2368,1.16482421875e-05
RECT_E30_A02,30,2,2;3;4;5,2,7;8;9;10,4,1,4,8320,260,8580,4,64,133120,33344,6435,1.2252348174097e-08,2.44727309048844e-05,1.24347275295851e-07,1.42686816005826e-08,D0030,V0050,H0187,4,2,4,0,0.4920496,0.4920496,FIM_SCENARIO_VALID,2,2,1184,2368,1.16482421875e-05
RECT_E30_A03,30,3,2;3;4;5,1;2,2;3;4;5;7;8;9;10,4,2,8,8320,520,8840,8,128,266240,33408,6695,0.00794984843859173,0.0954393478762017,0.00798990529595793,0.00937037339736499,D0280,V0234,H0041,8,2,4,0,0.4933226,0.4933226,FIM_SCENARIO_VALID,2,2,1184,2368,1.14265625e-05
RECT_E30_A04,30,4,2;3;4;5,3,12;13;14;15,4,1,4,8320,260,8580,4,64,133120,33344,6435,2.59826319511636e-07,8.50390794093027e-08,2.43746543306954e-07,3.07186475242265e-07,D0416,V0180,H0041,4,2,4,0,0.4491551,0.4491551,FIM_SCENARIO_VALID,2,2,1184,2368,1.16482421875e-05
RECT_E30_A05,30,5,2;3;4;5,1;3,2;3;4;5;12;13;14;15,4,2,8,8320,520,8840,8,128,266240,33408,6695,0.00550758935764357,0.102837633993004,0.00592284841904706,0.00651023727054423,D0264,V0234,H0041,8,2,4,0,0.506787,0.506787,FIM_SCENARIO_VALID,2,2,1184,2368,1.14265625e-05
RECT_E30_A06,30,6,2;3;4;5,2;3,7;8;9;10;12;13;14;15,4,2,8,8320,520,8840,8,128,266240,33408,6695,0.00644152904377427,0.162516389267104,0.00695579554248764,0.00762466624784526,D0264,V0234,H0041,8,2,4,0,0.4050798,0.4050798,FIM_SCENARIO_VALID,2,2,1184,2368,1.14265625e-05
RECT_E30_A07,30,7,2;3;4;5,1;2;3,2;3;4;5;7;8;9;10;12;13;14;15,4,3,12,8320,780,9100,12,192,399360,33472,6955,0.252673397494619,0.583966839711196,0.296675983914925,0.306650946569793,D0542,V0234,H0230,12,2,4,0,0.3855704,0.3855704,FIM_SCENARIO_VALID,2,2,1184,2368,1.2159375e-05
RECT_E30_A08,30,8,2;3;4;5,4,17;18;19;20,4,1,4,8320,260,8580,4,64,133120,33344,6435,4.76530767414848e-07,4.12484994994651e-05,1.13625514141336e-06,5.56389164287527e-07,D0158,V0234,H0109,4,2,4,0,0.3682981,0.3682981,FIM_SCENARIO_VALID,2,2,1184,2368,1.16482421875e-05
RECT_E30_A09,30,9,2;3;4;5,1;4,2;3;4;5;17;18;19;20,4,2,8,8320,520,8840,8,128,266240,33408,6695,0.00339723460666881,0.10691995213391,0.00399954193522759,0.00401758398478024,D0264,V0234,H0041,8,2,4,0,0.4190603,0.4190603,FIM_SCENARIO_VALID,2,2,1184,2368,1.14265625e-05
RECT_E30_A10,30,10,2;3;4;5,2;4,7;8;9;10;17;18;19;20,4,2,8,8320,520,8840,8,128,266240,33408,6695,0.00573288742096631,0.200138311456738,0.00678748908752068,0.00664554604746653,D0016,V0230,H0041,8,2,4,0,0.3942384,0.3942384,FIM_SCENARIO_VALID,2,2,1184,2368,1.14265625e-05
RECT_E30_A11,30,11,2;3;4;5,1;2;4,2;3;4;5;7;8;9;10;17;18;19;20,4,3,12,8320,780,9100,12,192,399360,33472,6955,0.289772390610963,0.574716599194208,0.330684266123815,0.351713941664868,D0542,V0234,H0230,12,2,4,0,0.4280849,0.4280849,FIM_SCENARIO_VALID,2,2,1184,2368,1.2159375e-05
RECT_E30_A12,30,12,2;3;4;5,3;4,12;13;14;15;17;18;19;20,4,2,8,8320,520,8840,8,128,266240,33408,6695,0.00645985549027754,0.16333789624902,0.00985375229258637,0.00764332370252595,D0536,V0054,H0041,8,2,4,0,0.3404237,0.3404237,FIM_SCENARIO_VALID,2,2,1184,2368,1.14265625e-05
RECT_E30_A13,30,13,2;3;4;5,1;3;4,2;3;4;5;12;13;14;15;17;18;19;20,4,3,12,8320,780,9100,12,192,399360,33472,6955,0.326419347683471,0.574142580610007,0.363406709178267,0.39621027398308,D0542,V0234,H0230,12,2,4,0,0.3848953,0.3848953,FIM_SCENARIO_VALID,2,2,1184,2368,1.2159375e-05
RECT_E30_A14,30,14,2;3;4;5,2;3;4,7;8;9;10;12;13;14;15;17;18;19;20,4,3,12,8320,780,9100,12,192,399360,33472,6955,0.377607015058368,0.598119622858032,0.395009905650263,0.458132207610645,D0542,V0234,H0041,12,2,4,0,0.3936391,0.3936391,FIM_SCENARIO_VALID,2,2,1184,2368,1.2159375e-05
RECT_E30_A15,30,15,2;3;4;5,1;2;3;4,2;3;4;5;7;8;9;10;12;13;14;15;17;18;19;20,4,4,16,8320,1040,9360,16,256,532480,33536,7215,0.424796937010334,0.667597860094606,0.426930480604637,0.497347647642603,D0152,V0054,H0041,16,2,4,0,0.5749207,0.5749207,FIM_SCENARIO_VALID,2,2,1184,2368,1.22173828125e-05
RECT_E30_A16,30,16,2;3;4;5,5,22;23;24;25,4,1,4,8320,260,8580,4,64,133120,33344,6435,1.10289795788652e-06,0.000785984390849178,5.76605066482363e-06,1.28152091179747e-06,D0032,V0234,H0109,4,2,4,0,0.4139387,0.4139387,FIM_SCENARIO_VALID,2,2,1184,2368,1.16482421875e-05
RECT_E30_A17,30,17,2;3;4;5,1;5,2;3;4;5;22;23;24;25,4,2,8,8320,520,8840,8,128,266240,33408,6695,0.00111923991847976,0.102611068866122,0.00242465417709297,0.00129835248282361,D0024,V0014,H0041,8,2,4,0,0.5321648,0.5321648,FIM_SCENARIO_VALID,2,2,1184,2368,1.14265625e-05
RECT_E30_A18,30,18,2;3;4;5,2;5,7;8;9;10;22;23;24;25,4,2,8,8320,520,8840,8,128,266240,33408,6695,0.00341743821723946,0.106160667038289,0.00673031501973141,0.0040396770560369,D0536,V0014,H0216,8,2,4,0,0.5865828,0.5865828,FIM_SCENARIO_VALID,2,2,1184,2368,1.14265625e-05
RECT_E30_A19,30,19,2;3;4;5,1;2;5,2;3;4;5;7;8;9;10;22;23;24;25,4,3,12,8320,780,9100,12,192,399360,33472,6955,0.325022046778805,0.54752274004687,0.360069043574067,0.394508254519308,D0542,V0234,H0230,12,2,4,0,0.3716773,0.3716773,FIM_SCENARIO_VALID,2,2,1184,2368,1.2159375e-05
RECT_E30_A20,30,20,2;3;4;5,3;5,12;13;14;15;22;23;24;25,4,2,8,8320,520,8840,8,128,266240,33408,6695,0.0055706360061259,0.103708717682916,0.00953233546847459,0.00658510345658043,D0536,V0054,H0144,8,2,4,0,0.3919421,0.3919421,FIM_SCENARIO_VALID,2,2,1184,2368,1.14265625e-05
RECT_E30_A21,30,21,2;3;4;5,1;3;5,2;3;4;5;12;13;14;15;22;23;24;25,4,3,12,8320,780,9100,12,192,399360,33472,6955,0.35576283882257,0.553330015519169,0.372108476937166,0.431673386045383,D0542,V0234,H0041,12,2,4,0,0.3719543,0.3719543,FIM_SCENARIO_VALID,2,2,1184,2368,1.2159375e-05
RECT_E30_A22,30,22,2;3;4;5,2;3;5,7;8;9;10;12;13;14;15;22;23;24;25,4,3,12,8320,780,9100,12,192,399360,33472,6955,0.326497719329632,0.574231244985971,0.346031020050683,0.396487449496603,D0286,V0014,H0041,12,2,4,0,0.3629929,0.3629929,FIM_SCENARIO_VALID,2,2,1184,2368,1.2159375e-05
RECT_E30_A23,30,23,2;3;4;5,1;2;3;5,2;3;4;5;7;8;9;10;12;13;14;15;22;23;24;25,4,4,16,8320,1040,9360,16,256,532480,33536,7215,0.412762484442196,0.662761244990491,0.425064571965687,0.479660300571431,D0030,V0162,H0165,16,2,4,0,0.4103257,0.4103257,FIM_SCENARIO_VALID,2,2,1184,2368,1.22173828125e-05
RECT_E30_A24,30,24,2;3;4;5,4;5,17;18;19;20;22;23;24;25,4,2,8,8320,520,8840,8,128,266240,33408,6695,0.00804950329171971,0.0962738130467895,0.0111473577952937,0.00948772171222544,D0544,V0054,H0144,8,2,4,0,0.3469116,0.3469116,FIM_SCENARIO_VALID,2,2,1184,2368,1.14265625e-05
RECT_E30_A25,30,25,2;3;4;5,1;4;5,2;3;4;5;17;18;19;20;22;23;24;25,4,3,12,8320,780,9100,12,192,399360,33472,6955,0.325090631870305,0.547466779277806,0.343564323213053,0.394772091797345,D0286,V0014,H0041,12,2,4,0,0.3317739,0.3317739,FIM_SCENARIO_VALID,2,2,1184,2368,1.2159375e-05
RECT_E30_A26,30,26,2;3;4;5,2;4;5,7;8;9;10;17;18;19;20;22;23;24;25,4,3,12,8320,780,9100,12,192,399360,33472,6955,0.289860764241554,0.574683538055956,0.31086903216822,0.351983970152371,D0286,V0014,H0041,12,2,4,0,0.3525131,0.3525131,FIM_SCENARIO_VALID,2,2,1184,2368,1.2159375e-05
RECT_E30_A27,30,27,2;3;4;5,1;2;4;5,2;3;4;5;7;8;9;10;17;18;19;20;22;23;24;25,4,4,16,8320,1040,9360,16,256,532480,33536,7215,0.407042960753092,0.659723593228659,0.422535511954075,0.471856957267567,D0008,V0198,H0144,16,2,4,0,0.3670822,0.3670822,FIM_SCENARIO_VALID,2,2,1184,2368,1.22173828125e-05
RECT_E30_A28,30,28,2;3;4;5,3;4;5,12;13;14;15;17;18;19;20;22;23;24;25,4,3,12,8320,780,9100,12,192,399360,33472,6955,0.252766417077694,0.583975613264239,0.274669758659005,0.306906291433015,D0286,V0054,H0041,12,2,4,0,0.3672105,0.3672105,FIM_SCENARIO_VALID,2,2,1184,2368,1.2159375e-05
RECT_E30_A29,30,29,2;3;4;5,1;3;4;5,2;3;4;5;12;13;14;15;17;18;19;20;22;23;24;25,4,4,16,8320,1040,9360,16,256,532480,33536,7215,0.412987269993793,0.662272282809242,0.414327897335881,0.479828340885276,D0030,V0198,H0144,16,2,4,0,0.3425089,0.3425089,FIM_SCENARIO_VALID,2,2,1184,2368,1.22173828125e-05
RECT_E30_A30,30,30,2;3;4;5,2;3;4;5,7;8;9;10;12;13;14;15;17;18;19;20;22;23;24;25,4,4,16,8320,1040,9360,16,256,532480,33536,7215,0.425110373674486,0.667694828838432,0.426778679111809,0.497587345284526,D0408,V0270,H0144,16,2,4,0,0.3942805,0.3942805,FIM_SCENARIO_VALID,2,2,1184,2368,1.22173828125e-05
RECT_E30_A31,30,31,2;3;4;5,1;2;3;4;5,2;3;4;5;7;8;9;10;12;13;14;15;17;18;19;20;22;23;24;25,4,5,20,8320,1300,9620,20,320,665600,33600,7475,0.82202450348899,0.858133438300536,0.835753420839321,0.983984779465682,D0158,V0018,H0230,20,2,4,0,0.326266,0.326266,FIM_SCENARIO_VALID,2,2,1184,2368,1.331484375e-05
RECT_E31_A01,31,1,1;2;3;4;5,1,1;2;3;4;5,5,1,5,10400,325,10725,5,80,166400,33360,8580,2.60344678265287e-06,0.00135823911588696,1.22441799590076e-05,3.15125583754506e-06,D0286,V0036,H0041,5,2,4,0,0.3572232,0.3572232,FIM_SCENARIO_VALID,2,2,1184,2368,1.591953125e-05
RECT_E31_A02,31,2,1;2;3;4;5,2,6;7;8;9;10,5,1,5,10400,325,10725,5,80,166400,33360,8580,1.6560025987689e-07,2.90740488990377e-05,2.32861641800757e-07,1.92848634357393e-07,D0030,V0018,H0187,5,2,4,0,0.3255297,0.3255297,FIM_SCENARIO_VALID,2,2,1184,2368,1.591953125e-05
RECT_E31_A03,31,3,1;2;3;4;5,1;2,1;2;3;4;5;6;7;8;9;10,5,2,10,10400,650,11050,10,160,332800,33440,8905,0.0112749135825156,0.103724838670418,0.0136072694946279,0.0132634506053604,D0160,V0270,H0041,10,2,4,0,0.3510694,0.3510694,FIM_SCENARIO_VALID,2,2,1184,2368,1.59833984375e-05
RECT_E31_A04,31,4,1;2;3;4;5,3,11;12;13;14;15,5,1,5,10400,325,10725,5,80,166400,33360,8580,2.84859834614631e-06,5.79694523669061e-07,7.57985258305862e-07,3.36814665361857e-06,D0544,V0138,H0130,5,2,4,0,0.4000518,0.4000518,FIM_SCENARIO_VALID,2,2,1184,2368,1.591953125e-05
RECT_E31_A05,31,5,1;2;3;4;5,1;3,1;2;3;4;5;11;12;13;14;15,5,2,10,10400,650,11050,10,160,332800,33440,8905,0.00813853734502309,0.110051715873572,0.0100180774580189,0.00961169288856918,D0144,V0270,H0041,10,2,4,0,0.3530516,0.3530516,FIM_SCENARIO_VALID,2,2,1184,2368,1.59833984375e-05
RECT_E31_A06,31,6,1;2;3;4;5,2;3,6;7;8;9;10;11;12;13;14;15,5,2,10,10400,650,11050,10,160,332800,33440,8905,0.00938900497021638,0.171981933523788,0.0115206042304485,0.0111145851969499,D0136,V0270,H0041,10,2,4,0,0.3398016,0.3398016,FIM_SCENARIO_VALID,2,2,1184,2368,1.59833984375e-05
RECT_E31_A07,31,7,1;2;3;4;5,1;2;3,1;2;3;4;5;6;7;8;9;10;11;12;13;14;15,5,3,15,10400,975,11375,15,240,499200,33520,9230,0.254933637926733,0.587168431701692,0.301338240539219,0.309476706118366,D0414,V0234,H0230,15,2,4,0,0.3489879,0.3489879,FIM_SCENARIO_VALID,2,2,1184,2368,1.6284375e-05
RECT_E31_A08,31,8,1;2;3;4;5,4,16;17;18;19;20,5,1,5,10400,325,10725,5,80,166400,33360,8580,5.56390872737083e-06,5.30338433935975e-05,6.01029066250682e-06,6.49592042577274e-06,D0286,V0288,H0041,5,2,4,0,0.3546512,0.3546512,FIM_SCENARIO_VALID,2,2,1184,2368,1.591953125e-05
RECT_E31_A09,31,9,1;2;3;4;5,1;4,1;2;3;4;5;16;17;18;19;20,5,2,10,10400,650,11050,10,160,332800,33440,8905,0.00520133455415804,0.112129782546723,0.00672502839908591,0.00615282127675075,D0136,V0270,H0041,10,2,4,0,0.3278519,0.3278519,FIM_SCENARIO_VALID,2,2,1184,2368,1.59833984375e-05
RECT_E31_A10,31,10,1;2;3;4;5,2;4,6;7;8;9;10;16;17;18;19;20,5,2,10,10400,650,11050,10,160,332800,33440,8905,0.00875669532358537,0.208634147786179,0.0113224303548541,0.0101486435320781,D0016,V0014,H0041,10,2,4,0,0.3536889,0.3536889,FIM_SCENARIO_VALID,2,2,1184,2368,1.59833984375e-05
RECT_E31_A11,31,11,1;2;3;4;5,1;2;4,1;2;3;4;5;6;7;8;9;10;16;17;18;19;20,5,3,15,10400,975,11375,15,240,499200,33520,9230,0.29191612562234,0.579186781348982,0.335480782064065,0.354410685083984,D0414,V0234,H0230,15,2,4,0,0.3483107,0.3483107,FIM_SCENARIO_VALID,2,2,1184,2368,1.6284375e-05
RECT_E31_A12,31,12,1;2;3;4;5,3;4,11;12;13;14;15;16;17;18;19;20,5,2,10,10400,650,11050,10,160,332800,33440,8905,0.00943217053567444,0.170739211099905,0.0158627293913173,0.0111619736816647,D0400,V0014,H0144,10,2,4,0,0.3712404,0.3712404,FIM_SCENARIO_VALID,2,2,1184,2368,1.59833984375e-05
RECT_E31_A13,31,13,1;2;3;4;5,1;3;4,1;2;3;4;5;11;12;13;14;15;16;17;18;19;20,5,3,15,10400,975,11375,15,240,499200,33520,9230,0.32842308443656,0.579369203587362,0.368163231137181,0.39874947117144,D0414,V0234,H0230,15,2,4,0,0.3276189,0.3276189,FIM_SCENARIO_VALID,2,2,1184,2368,1.6284375e-05
RECT_E31_A14,31,14,1;2;3;4;5,2;3;4,6;7;8;9;10;11;12;13;14;15;16;17;18;19;20,5,3,15,10400,975,11375,15,240,499200,33520,9230,0.379473202409332,0.603308602030474,0.398103759951492,0.460518176551929,D0414,V0234,H0041,15,2,4,0,0.3353348,0.3353348,FIM_SCENARIO_VALID,2,2,1184,2368,1.6284375e-05
RECT_E31_A15,31,15,1;2;3;4;5,1;2;3;4,1;2;3;4;5;6;7;8;9;10;11;12;13;14;15;16;17;18;19;20,5,4,20,10400,1300,11700,20,320,665600,33600,9555,0.426344407828462,0.675142653918635,0.429776294798825,0.49947806224823,D0152,V0054,H0041,20,2,4,0,0.3650093,0.3650093,FIM_SCENARIO_VALID,2,2,1184,2368,1.55734375e-05
RECT_E31_A16,31,16,1;2;3;4;5,5,21;22;23;24;25,5,1,5,10400,325,10725,5,80,166400,33360,8580,1.30635537571896e-05,0.00134765364418924,2.53941400689341e-05,1.55316128643459e-05,D0544,V0288,H0109,5,2,4,0,0.3412192,0.3412192,FIM_SCENARIO_VALID,2,2,1184,2368,1.591953125e-05
RECT_E31_A17,31,17,1;2;3;4;5,1;5,1;2;3;4;5;21;22;23;24;25,5,2,10,10400,650,11050,10,160,332800,33440,8905,0.00189582412028097,0.105908348947217,0.004071849913711,0.0021990825479883,D0024,V0014,H0041,10,2,4,0,0.3427226,0.3427226,FIM_SCENARIO_VALID,2,2,1184,2368,1.59833984375e-05
RECT_E31_A18,31,18,1;2;3;4;5,2;5,6;7;8;9;10;21;22;23;24;25,5,2,10,10400,650,11050,10,160,332800,33440,8905,0.00525716458543755,0.11100384051785,0.010967125413377,0.00621656960096465,D0408,V0014,H0144,10,2,4,0,0.3073116,0.3073116,FIM_SCENARIO_VALID,2,2,1184,2368,1.59833984375e-05
RECT_E31_A19,31,19,1;2;3;4;5,1;2;5,1;2;3;4;5;6;7;8;9;10;21;22;23;24;25,5,3,15,10400,975,11375,15,240,499200,33520,9230,0.327112542247132,0.553910353807981,0.365003401582513,0.397151855242399,D0414,V0234,H0230,15,2,4,0,0.3541019,0.3541019,FIM_SCENARIO_VALID,2,2,1184,2368,1.6284375e-05
RECT_E31_A20,31,20,1;2;3;4;5,3;5,11;12;13;14;15;21;22;23;24;25,5,2,10,10400,650,11050,10,160,332800,33440,8905,0.00817866920038908,0.109158332238226,0.014847286307802,0.00966227327526844,D0408,V0014,H0144,10,2,4,0,0.3685636,0.3685636,FIM_SCENARIO_VALID,2,2,1184,2368,1.59833984375e-05
RECT_E31_A21,31,21,1;2;3;4;5,1;3;5,1;2;3;4;5;11;12;13;14;15;21;22;23;24;25,5,3,15,10400,975,11375,15,240,499200,33520,9230,0.35772661296289,0.559994407060239,0.375457956890146,0.434171538301802,D0414,V0234,H0041,15,2,4,0,0.4293365,0.4293365,FIM_SCENARIO_VALID,2,2,1184,2368,1.6284375e-05
RECT_E31_A22,31,22,1;2;3;4;5,2;3;5,6;7;8;9;10;11;12;13;14;15;21;22;23;24;25,5,3,15,10400,975,11375,15,240,499200,33520,9230,0.32853088865754,0.579929181268797,0.34951804014779,0.399070457478826,D0158,V0054,H0041,15,2,4,0,0.3757415,0.3757415,FIM_SCENARIO_VALID,2,2,1184,2368,1.6284375e-05
RECT_E31_A23,31,23,1;2;3;4;5,1;2;3;5,1;2;3;4;5;6;7;8;9;10;11;12;13;14;15;21;22;23;24;25,5,4,20,10400,1300,11700,20,320,665600,33600,9555,0.415453533685389,0.670215344299948,0.428752165074007,0.482292366729042,D0030,V0126,H0165,20,2,4,0,0.3505636,0.3505636,FIM_SCENARIO_VALID,2,2,1184,2368,1.55734375e-05
RECT_E31_A24,31,24,1;2;3;4;5,4;5,16;17;18;19;20;21;22;23;24;25,5,2,10,10400,650,11050,10,160,332800,33440,8905,0.0112941281612866,0.102878427588529,0.0187779148599417,0.0133093569630736,D0416,V0014,H0144,10,2,4,0,0.3469926,0.3469926,FIM_SCENARIO_VALID,2,2,1184,2368,1.59833984375e-05
RECT_E31_A25,31,25,1;2;3;4;5,1;4;5,1;2;3;4;5;16;17;18;19;20;21;22;23;24;25,5,3,15,10400,975,11375,15,240,499200,33520,9230,0.327220360549599,0.55449889384838,0.347107232218754,0.397471135773304,D0158,V0054,H0041,15,2,4,0,0.3555245,0.3555245,FIM_SCENARIO_VALID,2,2,1184,2368,1.6284375e-05
RECT_E31_A26,31,26,1;2;3;4;5,2;4;5,6;7;8;9;10;16;17;18;19;20;21;22;23;24;25,5,3,15,10400,975,11375,15,240,499200,33520,9230,0.292045809369587,0.579536461027332,0.314576364818322,0.354738312044148,D0158,V0054,H0041,15,2,4,0,0.3309961,0.3309961,FIM_SCENARIO_VALID,2,2,1184,2368,1.6284375e-05
RECT_E31_A27,31,27,1;2;3;4;5,1;2;4;5,1;2;3;4;5;6;7;8;9;10;16;17;18;19;20;21;22;23;24;25,5,4,20,10400,1300,11700,20,320,665600,33600,9555,0.40936022445526,0.667238841171487,0.425885439012633,0.47451915503393,D0008,V0126,H0144,20,2,4,0,0.3548522,0.3548522,FIM_SCENARIO_VALID,2,2,1184,2368,1.55734375e-05
RECT_E31_A28,31,28,1;2;3;4;5,3;4;5,11;12;13;14;15;16;17;18;19;20;21;22;23;24;25,5,3,15,10400,975,11375,15,240,499200,33520,9230,0.255074750050516,0.587155352310555,0.27859150684469,0.309797155333439,D0158,V0054,H0041,15,2,4,0,0.3922385,0.3922385,FIM_SCENARIO_VALID,2,2,1184,2368,1.6284375e-05
RECT_E31_A29,31,29,1;2;3;4;5,1;3;4;5,1;2;3;4;5;11;12;13;14;15;16;17;18;19;20;21;22;23;24;25,5,4,20,10400,1300,11700,20,320,665600,33600,9555,0.415679433814557,0.66997418176786,0.417702860106522,0.48246093454759,D0030,V0126,H0144,20,2,4,0,0.3529527,0.3529527,FIM_SCENARIO_VALID,2,2,1184,2368,1.55734375e-05
RECT_E31_A30,31,30,1;2;3;4;5,2;3;4;5,6;7;8;9;10;11;12;13;14;15;16;17;18;19;20;21;22;23;24;25,5,4,20,10400,1300,11700,20,320,665600,33600,9555,0.426659231038077,0.675067715984236,0.429973739205856,0.499715491454162,D0408,V0270,H0144,20,2,4,0,0.3409981,0.3409981,FIM_SCENARIO_VALID,2,2,1184,2368,1.55734375e-05
RECT_E31_A31,31,31,1;2;3;4;5,1;2;3;4;5,1;2;3;4;5;6;7;8;9;10;11;12;13;14;15;16;17;18;19;20;21;22;23;24;25,5,5,25,10400,1625,12025,25,400,832000,33680,9880,0.823236874435238,0.865788692440534,0.837108372852045,0.999999999995173,D0158,V0014,H0230,25,2,4,0,0.3670844,0.3670844,FIM_SCENARIO_VALID,2,2,1184,2368,1.7183203125e-05
